# 3ds Max Wavefront OBJ Exporter v0.99 - (c)2007 guruware
# File Created: 23.04.2025 14:06:03

mtllib AlaD.mtl

#
# object AlaD
#

v  0.0485 0.3788 -1.4660
v  0.0079 0.4486 -1.3970
v  -0.0222 0.6089 -1.5838
v  0.0296 0.5480 -1.6502
v  -0.0688 0.6553 -1.5269
v  -0.0427 0.4900 -1.3469
v  -0.0946 0.8122 -1.7088
v  -0.0413 0.7632 -1.7649
v  0.0190 0.6998 -1.8309
v  -0.1081 0.9510 -1.8780
v  -0.1150 1.0614 -2.0192
v  -0.0442 0.9799 -2.0730
v  -0.0460 0.8870 -1.9328
v  0.0194 0.8071 -1.9935
v  0.0260 0.8822 -2.1282
v  0.3490 0.6446 -1.8877
v  0.1261 0.6260 -1.9062
v  0.1336 0.7346 -2.0521
v  0.3605 0.7458 -2.0409
v  0.1443 0.8036 -2.1735
v  0.3557 0.7622 -2.1819
v  0.1634 0.3449 -1.5203
v  0.1411 0.4950 -1.7182
v  0.3493 0.5051 -1.7058
v  0.3622 0.3800 -1.4933
v  1.2045 0.0464 -1.4325
v  1.1613 -0.0721 -1.2303
v  1.0546 0.0035 -1.2227
v  1.0941 0.1272 -1.4205
v  1.0239 -0.1017 -1.0478
v  1.1313 -0.1682 -1.0472
v  0.8638 -0.0222 -1.0630
v  0.8889 0.0950 -1.2287
v  0.9181 0.2260 -1.4219
v  1.3085 0.2920 -1.7786
v  1.2544 0.1754 -1.6180
v  1.1322 0.2564 -1.6109
v  1.1709 0.3722 -1.7879
v  0.9389 0.3518 -1.6211
v  0.9606 0.4702 -1.8118
v  0.6520 0.4793 -1.6436
v  0.6463 0.3441 -1.4415
v  0.6644 0.6146 -1.8328
v  2.2013 -0.5553 -0.8728
v  2.2534 -0.4765 -1.0520
v  2.2656 -0.4319 -1.0149
v  2.2135 -0.5053 -0.8405
v  2.3378 -0.3386 -1.2132
v  2.3267 -0.3766 -1.2557
v  2.3027 -0.2928 -1.1812
v  2.2099 -0.4047 -1.0051
v  2.1535 -0.4737 -0.8344
v  0.5885 0.7292 -1.0037
v  0.6162 0.8503 -1.2013
v  0.5055 0.9526 -1.1511
v  0.4857 0.8363 -0.9509
v  0.5218 1.0647 -1.3510
v  0.6476 0.9689 -1.3955
v  0.4233 1.1696 -1.2673
v  0.3909 1.0402 -1.0860
v  0.3556 0.9022 -0.9098
v  1.0421 0.9956 -1.7233
v  0.8883 1.0804 -1.7114
v  0.8453 0.9796 -1.5915
v  0.9998 0.8976 -1.5993
v  0.7135 1.1644 -1.7015
v  0.6810 1.0728 -1.5694
v  0.8038 0.8720 -1.4199
v  0.9566 0.7914 -1.4245
v  0.4877 1.3965 -1.5311
v  0.4516 1.2843 -1.4297
v  0.5400 1.1687 -1.5280
v  0.5825 1.2776 -1.6422
v  0.0761 1.1051 -1.2645
v  0.0543 0.9425 -1.1139
v  0.2133 1.0323 -1.0667
v  0.2480 1.1753 -1.2356
v  0.1791 0.8860 -0.9086
v  0.0373 0.7815 -0.9796
v  -0.4171 2.1138 -2.8238
v  -0.4690 2.3313 -2.9419
v  -0.3986 2.3168 -2.9902
v  -0.3326 2.0811 -2.8774
v  -0.4855 2.5343 -3.1274
v  -0.5385 2.5420 -3.0721
v  -0.4092 2.5312 -3.1677
v  -0.3165 2.3097 -3.0263
v  -0.2366 2.0618 -2.9176
v  0.1566 0.8532 -2.2624
v  0.3599 0.7898 -2.2710
v  0.0363 0.9386 -2.2244
v  0.0473 0.9838 -2.3021
v  0.1746 0.8998 -2.3280
v  0.3726 0.8288 -2.3283
v  0.4092 0.9493 -2.4020
v  0.3906 0.8798 -2.3769
v  0.1977 0.9531 -2.3918
v  0.2202 1.0182 -2.4342
v  0.0628 1.0338 -2.3794
v  0.0787 1.0882 -2.4372
v  -0.0428 1.0419 -2.1707
v  -0.0449 1.0863 -2.2494
v  -0.1208 1.1323 -2.1161
v  -0.1252 1.1840 -2.1899
v  -0.0484 1.1300 -2.3304
v  -0.0525 1.1780 -2.3982
v  -0.1325 1.2339 -2.2641
v  -0.1444 1.2891 -2.3303
v  0.6783 0.6891 -2.0194
v  0.6633 0.6590 -2.1887
v  0.9845 0.5487 -2.1680
v  0.9915 0.5714 -1.9918
v  0.6565 0.6691 -2.2936
v  0.6627 0.7173 -2.3491
v  0.9659 0.5981 -2.3595
v  0.9681 0.5472 -2.2890
v  0.6764 0.7836 -2.3726
v  0.6886 0.8544 -2.3750
v  0.9885 0.7516 -2.3816
v  0.9761 0.6750 -2.3858
v  1.2147 0.4635 -1.9478
v  1.2233 0.4657 -2.1078
v  1.3827 0.3799 -2.0586
v  1.3639 0.3739 -1.9136
v  3.0422 -0.0235 -1.8747
v  2.9869 -0.1103 -1.9740
v  3.0506 -0.0803 -2.0272
v  3.1057 0.0232 -1.9278
v  2.9105 -0.1167 -2.0413
v  2.9208 -0.0984 -2.1026
v  2.9431 -0.0681 -2.1447
v  3.0772 -0.0441 -2.0732
v  3.1328 0.0596 -1.9762
v  2.9675 -0.0274 -2.1737
v  2.9886 0.0191 -2.1898
v  3.0546 0.0562 -2.1516
v  3.0966 0.1344 -2.0905
v  3.1344 0.0950 -2.0273
v  3.0885 -0.0021 -2.1131
v  2.8812 0.0439 -1.8096
v  2.7488 -0.0011 -1.7626
v  2.7439 -0.0419 -1.8216
v  3.0124 0.0768 -1.8177
v  2.9005 -0.0358 -1.8536
v  2.9306 0.1608 -1.8098
v  2.8302 0.1159 -1.7916
v  2.7169 0.0646 -1.7386
v  0.6106 1.3524 -1.7016
v  0.5124 1.4694 -1.5839
v  0.7315 1.2354 -1.7793
v  0.7696 1.3129 -1.7846
v  0.6342 1.4152 -1.7278
v  0.5204 1.5231 -1.6264
v  2.0893 -0.1346 -1.7896
v  1.9787 -0.0806 -1.7954
v  2.0434 0.0499 -1.9455
v  2.1721 -0.0082 -1.9359
v  1.8702 -0.0245 -1.7977
v  1.9251 0.1070 -1.9505
v  2.0782 0.0911 -2.1212
v  1.9454 0.1545 -2.1270
v  2.2340 0.0443 -2.0964
v  2.1053 0.1100 -2.2411
v  2.2706 0.0622 -2.2092
v  1.9631 0.1616 -2.2573
v  1.9938 0.2141 -2.3276
v  2.1387 0.1606 -2.3078
v  2.3046 0.0987 -2.2768
v  1.9361 0.8395 -1.8737
v  1.7779 0.9753 -1.8447
v  1.7245 0.8812 -1.8059
v  1.8818 0.7677 -1.8308
v  1.5926 0.9795 -1.7981
v  1.6290 1.0743 -1.8492
v  1.5514 0.8828 -1.7969
v  1.6656 0.7880 -1.8175
v  1.8150 0.6842 -1.8352
v  1.9406 0.8505 -2.0337
v  1.7782 0.9910 -2.0518
v  1.7979 1.0166 -1.9472
v  1.9516 0.8633 -1.9531
v  1.6487 1.1237 -1.9538
v  1.6366 1.1056 -2.0677
v  1.7118 0.8882 -2.1955
v  1.5768 1.0032 -2.2181
v  1.6098 1.0579 -2.1487
v  1.7501 0.9459 -2.1279
v  1.9141 0.8112 -2.1021
v  1.8815 0.7607 -2.1727
v  0.6382 1.4701 -1.7720
v  0.5143 1.5828 -1.6845
v  0.7865 1.3714 -1.8183
v  0.7894 1.4128 -1.8689
v  0.6298 1.5141 -1.8273
v  0.4980 1.6360 -1.7586
v  0.7686 1.4394 -1.9915
v  0.6072 1.5658 -1.9598
v  0.6159 1.5472 -1.8890
v  0.7812 1.4357 -1.9274
v  0.4810 1.6796 -1.8359
v  0.4752 1.7141 -1.9224
v  -0.3030 1.7051 -2.5989
v  -0.3706 1.8926 -2.7124
v  -0.2778 1.8389 -2.7779
v  -0.2014 1.6358 -2.6570
v  -0.1638 1.8080 -2.8171
v  -0.0747 1.5917 -2.6835
v  -0.0532 1.7952 -2.8329
v  0.0487 1.5678 -2.6849
v  -0.1413 2.0550 -2.9500
v  0.0362 2.0020 -3.0177
v  0.1324 1.7497 -2.8635
v  0.2349 1.5146 -2.7014
v  0.4794 1.6286 -2.9426
v  0.5573 1.3990 -2.7520
v  0.3973 1.8691 -3.1362
v  0.7819 1.6597 -3.3186
v  0.8407 1.4300 -3.0879
v  0.8898 1.2162 -2.8595
v  1.1651 1.2779 -3.2018
v  1.1926 1.0910 -2.9373
v  1.1240 1.4879 -3.4664
v  1.3974 1.3711 -3.5676
v  1.4217 1.1734 -3.2822
v  1.4243 0.9911 -3.0022
v  3.3504 0.6520 -3.5979
v  3.4337 0.5858 -3.5838
v  3.5440 0.7653 -4.0053
v  3.5338 0.8369 -3.9968
v  3.5028 0.8931 -3.9970
v  3.3036 0.6795 -3.6057
v  3.2192 0.5249 -3.1644
v  3.1667 0.5557 -3.1580
v  3.2628 0.4678 -3.1701
v  2.1059 1.0201 -2.9473
v  2.2152 1.1351 -3.2767
v  1.9558 1.2950 -3.2054
v  1.8672 1.1533 -2.9237
v  2.0223 1.4572 -3.4984
v  2.3152 1.3060 -3.5957
v  1.7478 1.5687 -3.4423
v  1.7079 1.4058 -3.1704
v  1.6519 1.2562 -2.9145
v  0.3873 1.9916 -2.4818
v  0.5616 1.8543 -2.5716
v  0.5496 2.0135 -2.7425
v  0.3535 2.1404 -2.6342
v  0.7629 1.9097 -2.8208
v  0.7523 1.7430 -2.6368
v  0.7497 2.0895 -3.0065
v  0.5205 2.2003 -2.9064
v  0.3039 2.3221 -2.7825
v  2.1830 1.0896 -3.7925
v  2.4367 1.0063 -3.8528
v  2.3733 0.7929 -3.5077
v  2.1492 0.8806 -3.4592
v  2.6297 0.6864 -3.5648
v  2.7170 0.8860 -3.9401
v  2.5713 0.5833 -3.1444
v  2.3393 0.6790 -3.1107
v  2.1253 0.7275 -3.0970
v  -0.0100 2.3011 -2.2344
v  0.2508 2.2178 -2.3075
v  0.2056 2.3534 -2.4287
v  -0.0476 2.4437 -2.3155
v  0.1443 2.5218 -2.5598
v  -0.0968 2.6167 -2.4158
v  3.0108 0.2796 -2.0298
v  3.0722 0.2089 -2.0507
v  3.0018 0.2342 -2.1412
v  2.9633 0.2971 -2.1191
v  3.0110 0.1791 -2.1686
v  2.9551 0.2712 -2.2390
v  2.9653 0.2245 -2.2669
v  2.9254 0.3235 -2.2097
v  2.1718 0.2238 -2.3446
v  2.3419 0.1544 -2.3219
v  2.0234 0.2839 -2.3556
v  2.1995 0.2881 -2.3570
v  2.0484 0.3547 -2.3583
v  2.3770 0.2240 -2.3315
v  0.4777 1.7021 -2.1116
v  0.4867 1.7261 -2.0246
v  0.6008 1.5497 -2.0456
v  0.6052 1.5421 -2.1280
v  0.7511 1.4128 -2.0576
v  0.7564 1.4171 -2.1279
v  0.4476 1.7511 -2.2177
v  0.5929 1.6009 -2.2573
v  0.5719 1.7032 -2.4021
v  0.4188 1.8531 -2.3352
v  0.7390 1.5811 -2.4495
v  0.7417 1.4705 -2.2840
v  0.0577 1.2237 -2.5017
v  0.0803 1.1381 -2.4667
v  -0.0623 1.2315 -2.4392
v  -0.0848 1.3181 -2.4797
v  -0.1644 1.3551 -2.3804
v  -0.1953 1.4416 -2.4322
v  0.0054 1.3904 -2.5686
v  -0.1318 1.4594 -2.5520
v  -0.2401 1.5584 -2.5034
v  0.4026 1.1533 -2.4498
v  0.4193 1.0330 -2.4150
v  0.2278 1.0842 -2.4583
v  0.2062 1.1875 -2.4896
v  0.3335 1.3153 -2.5567
v  0.1415 1.3612 -2.5607
v  0.6997 0.9361 -2.3765
v  0.6888 1.0440 -2.4365
v  0.9807 0.8861 -2.4756
v  0.9951 0.8122 -2.3961
v  0.9389 1.0235 -2.6449
v  0.6319 1.1965 -2.5779
v  1.4486 0.7255 -2.5517
v  1.4398 0.6463 -2.4950
v  1.2482 0.7250 -2.4363
v  1.2453 0.7981 -2.5093
v  1.2382 0.6673 -2.4129
v  1.4233 0.5863 -2.4799
v  1.4317 0.8274 -2.7500
v  1.2192 0.9180 -2.6965
v  2.9654 0.3809 -2.4393
v  2.9236 0.3434 -2.2890
v  2.9580 0.2972 -2.3169
v  3.0037 0.3352 -2.4608
v  2.9738 0.2487 -2.3376
v  3.0201 0.2843 -2.4725
v  3.0585 0.4644 -2.7445
v  3.1058 0.4200 -2.7604
v  3.1151 0.3627 -2.7768
v  1.7087 0.8879 -2.2917
v  1.5608 0.9842 -2.3152
v  1.8846 0.7695 -2.2663
v  1.9176 0.8128 -2.4068
v  1.7314 0.9309 -2.4322
v  1.5821 1.0406 -2.4502
v  1.7849 1.0198 -2.6573
v  1.9980 0.9036 -2.6462
v  1.6035 1.1200 -2.6679
v  0.6091 1.5598 -2.1806
v  0.4651 1.7051 -2.1595
v  0.7536 1.4301 -2.1877
v  0.2915 2.0912 -2.1911
v  0.0302 2.1824 -2.1402
v  0.0670 2.0869 -2.0576
v  0.3250 1.9917 -2.0968
v  -1.6779 3.9724 -3.2831
v  -1.6487 3.9983 -3.2775
v  -1.6667 3.9742 -3.2353
v  -1.7019 3.9471 -3.2527
v  -1.6299 4.0226 -3.2269
v  -1.6068 4.0464 -3.2736
v  -1.6613 4.0215 -3.1826
v  -1.7007 3.9712 -3.1960
v  -1.7226 3.9505 -3.2157
v  -1.7940 4.0849 -3.2517
v  -1.8154 4.0421 -3.2364
v  -1.7987 4.0896 -3.1892
v  -1.7765 4.1262 -3.2304
v  -1.7914 4.0360 -3.1565
v  -1.8104 3.9906 -3.2162
v  -1.7383 4.0991 -3.1222
v  -1.7473 4.1566 -3.1546
v  -1.7328 4.2000 -3.2013
v  -1.7485 4.1022 -3.3189
v  -1.7792 4.0885 -3.2892
v  -1.7522 4.1500 -3.2737
v  -1.7184 4.1488 -3.3117
v  -1.7040 4.2217 -3.2514
v  -1.6704 4.2211 -3.2997
v  -1.6408 4.0265 -3.3210
v  -1.5916 4.0839 -3.3193
v  -1.6907 3.9817 -3.3116
v  -1.7111 4.0154 -3.3352
v  -1.6543 4.0689 -3.3486
v  -1.5978 4.1339 -3.3537
v  -1.5570 4.1105 -3.2740
v  -1.5771 4.0841 -3.2259
v  -1.5168 4.1401 -3.2329
v  -1.4923 4.1563 -3.2838
v  -1.5408 4.1468 -3.1800
v  -1.6089 4.0913 -3.1798
v  -1.6356 4.1186 -3.1323
v  -1.6645 4.1708 -3.0938
v  -1.6976 4.0438 -3.1341
v  -1.5603 4.1772 -3.1296
v  -1.5730 4.2283 -3.0883
v  -1.6787 4.2408 -3.1137
v  -1.6675 4.2945 -3.1681
v  -1.5777 4.3044 -3.0871
v  -1.5666 4.3672 -3.1398
v  -1.6358 4.3115 -3.2299
v  -1.6003 4.3016 -3.2849
v  -1.5396 4.3812 -3.2105
v  -1.5114 4.3649 -3.2729
v  -1.5652 4.2638 -3.3313
v  -1.6320 4.1881 -3.3403
v  -1.4870 4.3218 -3.3215
v  -1.4728 4.2631 -3.3497
v  -1.5377 4.2056 -3.3458
v  -1.5391 4.1526 -3.3138
v  -1.4735 4.1953 -3.3378
v  -1.4320 4.1629 -3.3106
v  -1.4502 4.1476 -3.2486
v  -1.3914 4.1422 -3.2699
v  -1.3749 4.1708 -3.3266
v  -1.4006 4.1430 -3.2012
v  -1.4679 4.1590 -3.1884
v  -1.4780 4.1926 -3.1344
v  -1.4015 4.1840 -3.1438
v  -1.3955 4.2458 -3.1183
v  -1.4789 4.2471 -3.0984
v  -1.4684 4.3176 -3.0965
v  -1.4520 4.3762 -3.1416
v  -1.3796 4.3084 -3.1257
v  -1.3596 4.3612 -3.1615
v  -1.4322 4.3936 -3.2086
v  -1.4145 4.3807 -3.2713
v  -1.3418 4.3903 -3.2196
v  -1.3305 4.3822 -3.2837
v  -1.4047 4.3422 -3.3229
v  -1.4042 4.2846 -3.3507
v  -1.3300 4.3434 -3.3350
v  -1.3390 4.2858 -3.3636
v  -1.4173 4.2164 -3.3564
v  -1.3582 4.2214 -3.3666
v  -1.3015 4.1284 -2.7706
v  -1.2604 4.1401 -2.7162
v  -1.3428 4.1482 -2.6665
v  -1.3812 4.1396 -2.7244
v  -1.3108 4.1970 -2.6293
v  -1.2264 4.1853 -2.6780
v  -1.3663 4.2083 -2.6072
v  -1.4145 4.1693 -2.6221
v  -1.4562 4.1548 -2.6847
v  -1.2744 4.0950 -2.8920
v  -1.2902 4.1691 -2.9293
v  -1.2366 4.1421 -2.9931
v  -1.2171 4.1206 -2.8303
v  -1.2084 4.0834 -2.9438
v  -1.1435 4.1057 -2.8916
v  -1.3529 4.1085 -2.8349
v  -1.3686 4.1811 -2.8712
v  -1.2012 4.2890 -2.9830
v  -1.2370 4.2191 -3.0096
v  -1.3003 4.2357 -2.9536
v  -1.2724 4.3034 -2.9297
v  -1.3758 4.2472 -2.8920
v  -1.3595 4.3172 -2.8817
v  -1.2370 4.3469 -2.8913
v  -1.1652 4.3414 -2.9532
v  -1.3242 4.3688 -2.8444
v  -1.2796 4.3822 -2.7889
v  -1.1972 4.3643 -2.8434
v  -1.1202 4.3686 -2.9101
v  -1.1578 4.3516 -2.7918
v  -1.0693 4.3594 -2.8546
v  -1.2374 4.3763 -2.7289
v  -1.2120 4.3239 -2.6841
v  -1.1281 4.3106 -2.7479
v  -1.0344 4.3073 -2.8100
v  -1.1156 4.2439 -2.7220
v  -1.1387 4.1751 -2.7410
v  -1.0631 4.1720 -2.8212
v  -1.0241 4.2332 -2.7879
v  -1.2085 4.2537 -2.6660
v  -1.1765 4.1386 -2.7825
v  -1.1034 4.1403 -2.8596
v  -1.3438 4.1362 -3.2178
v  -1.3421 4.1743 -3.1535
v  -1.2953 4.1685 -3.1564
v  -1.2957 4.1336 -3.2271
v  -1.3347 4.2406 -3.1307
v  -1.2843 4.2384 -3.1344
v  -1.2641 4.3065 -3.1410
v  -1.3174 4.3042 -3.1397
v  -1.2953 4.3619 -3.1709
v  -1.2404 4.3654 -3.1781
v  -1.2768 4.3985 -3.2315
v  -1.2675 4.3856 -3.3016
v  -1.2212 4.4019 -3.2437
v  -1.2115 4.3836 -3.3181
v  -1.2693 4.3400 -3.3512
v  -1.2812 4.2808 -3.3809
v  -1.2130 4.3319 -3.3704
v  -1.2257 4.2675 -3.4027
v  -1.3011 4.2155 -3.3823
v  -1.2482 4.1954 -3.4028
v  -1.2676 4.1415 -3.3606
v  -1.3183 4.1659 -3.3444
v  -1.3346 4.1422 -3.2885
v  -1.2826 4.1282 -3.2986
v  -1.2469 4.1750 -3.1526
v  -1.2304 4.2478 -3.1335
v  -1.2450 4.1288 -3.2212
v  -1.2127 4.1111 -3.1898
v  -1.2078 4.1840 -3.1422
v  -1.1801 4.2591 -3.1340
v  -1.2109 4.2001 -3.0529
v  -1.2065 4.1132 -3.0277
v  -1.1570 4.2756 -3.0317
v  -1.1363 4.2639 -3.0722
v  -1.2027 4.1865 -3.0755
v  -1.1912 4.0727 -3.0634
v  -1.1137 4.3548 -3.1845
v  -1.1475 4.3170 -3.1445
v  -1.1063 4.3184 -3.1148
v  -1.0629 4.3534 -3.1496
v  -1.1345 4.2555 -3.1155
v  -1.0934 4.3232 -3.0696
v  -1.0202 4.3516 -3.0793
v  -1.2047 4.3134 -3.1462
v  -1.1771 4.3660 -3.1856
v  -1.1159 4.3331 -3.0156
v  -1.0623 4.3616 -2.9841
v  -1.1581 4.4037 -3.2521
v  -1.1503 4.3824 -3.3312
v  -1.0923 4.3894 -3.2495
v  -1.0826 4.3782 -3.3363
v  -1.1521 4.3192 -3.3917
v  -1.1675 4.2448 -3.4330
v  -1.0872 4.3084 -3.4130
v  -1.1088 4.2259 -3.4736
v  -1.2105 4.0932 -3.1346
v  -1.1875 4.1827 -3.1110
v  -0.8832 4.2915 -2.9861
v  -0.9441 4.3303 -3.0334
v  -1.0014 4.3481 -2.9354
v  -0.9531 4.3005 -2.8875
v  -0.7733 4.2256 -3.0706
v  -0.7715 4.1503 -3.0590
v  -0.6342 4.1622 -3.1423
v  -0.8136 4.2827 -3.1107
v  -0.6714 4.2280 -3.1887
v  -0.7400 4.2806 -3.2355
v  -0.8537 4.2236 -2.9434
v  -0.9053 4.1326 -2.9675
v  -0.9334 4.2227 -2.8546
v  -0.9991 4.1618 -2.9010
v  -1.0438 4.1136 -2.9235
v  -0.9901 4.0732 -2.9683
v  -1.0948 4.0762 -2.9453
v  -1.0553 4.0146 -2.9810
v  -1.1628 4.0671 -2.9815
v  -1.1416 4.0202 -3.0053
v  -1.1187 3.9618 -3.0269
v  -1.0522 3.9442 -2.9929
v  -1.1716 3.9852 -3.0923
v  -1.1513 3.9043 -3.1140
v  -1.0937 3.8905 -3.0438
v  -1.0345 3.8787 -2.9982
v  -1.0626 3.8127 -3.0547
v  -1.0098 3.8070 -3.0052
v  -1.1188 3.8171 -3.1226
v  -1.0753 3.7329 -3.1228
v  -1.0249 3.7372 -3.0596
v  -0.9751 3.7381 -3.0134
v  -0.9028 3.7826 -2.9289
v  -0.9036 3.7879 -2.9718
v  -0.8726 3.7280 -2.9715
v  -0.8910 3.7341 -2.9132
v  -0.9175 3.7777 -2.8422
v  -0.9355 3.8380 -2.9610
v  -0.9320 3.8184 -2.9098
v  -0.9723 3.8610 -2.9904
v  -0.9458 3.7992 -2.9969
v  -0.9113 3.7341 -3.0046
v  -0.8198 3.5648 -2.8276
v  -0.7677 3.4418 -2.8114
v  -0.7332 3.4724 -2.7612
v  -0.7886 3.5864 -2.7687
v  -0.7107 3.2974 -2.7864
v  -0.6530 3.3405 -2.7524
v  -0.6000 3.4148 -2.7536
v  -0.6812 3.5249 -2.7413
v  -0.7345 3.6200 -2.7389
v  -0.8852 3.7708 -2.7352
v  -0.8412 3.6838 -2.7593
v  -0.7788 3.7049 -2.7164
v  -0.8080 3.7841 -2.6791
v  -0.8724 3.6705 -2.8321
v  -0.7141 3.7425 -2.7134
v  -0.7382 3.8085 -2.6675
v  -0.6754 3.6711 -2.7422
v  -0.6262 3.7417 -2.7811
v  -0.6591 3.7984 -2.7429
v  -0.6808 3.8509 -2.6914
v  -0.8111 4.0265 -2.9991
v  -0.7201 4.0438 -3.0295
v  -0.7497 4.0868 -3.0492
v  -0.8593 4.0664 -3.0144
v  -0.6261 4.0919 -3.1153
v  -0.6232 4.0332 -3.0880
v  -0.9352 4.0301 -2.9934
v  -0.9827 3.9776 -2.9928
v  -0.9292 3.9542 -2.9720
v  -0.8808 3.9932 -2.9950
v  -0.8489 3.9893 -2.9463
v  -0.8381 3.9994 -2.9703
v  -0.7645 4.0209 -2.9370
v  -0.7763 4.0229 -2.9697
v  -0.9896 3.9209 -2.9906
v  -0.9557 3.8963 -2.9585
v  -0.9733 3.8823 -2.9007
v  -0.9522 3.8707 -2.8157
v  -0.9636 3.9734 -2.7995
v  -0.9407 3.9543 -2.9026
v  -0.8611 4.0352 -2.8300
v  -0.8588 4.0007 -2.8986
v  -0.7608 4.0295 -2.8941
v  -0.7572 4.0645 -2.8324
v  -0.9022 3.8585 -2.7002
v  -0.8980 3.9419 -2.6555
v  -0.8172 3.8592 -2.6181
v  -0.8214 3.9313 -2.5523
v  -0.8893 4.1102 -2.6191
v  -0.9249 4.0557 -2.6897
v  -0.8899 4.0173 -2.5970
v  -0.8751 4.0907 -2.5410
v  -0.8310 4.0042 -2.5045
v  -0.8393 4.0595 -2.4875
v  -0.6855 3.9559 -2.5548
v  -0.6847 3.9002 -2.6244
v  -0.6349 3.9577 -2.6562
v  -0.6396 4.0147 -2.5839
v  -0.6442 3.9137 -2.7367
v  -0.6255 4.0318 -2.6944
v  -0.6327 3.9824 -2.7840
v  -0.6303 4.0608 -2.6295
v  -0.7459 3.8752 -2.6072
v  -0.7450 3.9305 -2.5288
v  -0.6638 4.0952 -2.7225
v  -0.6642 4.1154 -2.6198
v  -0.6662 4.0519 -2.8208
v  -0.7460 4.1178 -2.7340
v  -0.7311 4.1521 -2.6223
v  -0.7193 4.0891 -2.4742
v  -0.7849 4.0926 -2.4353
v  -0.7551 3.9992 -2.4554
v  -0.6946 4.0296 -2.4964
v  -0.8461 4.0931 -2.7311
v  -0.8260 4.1464 -2.6223
v  -0.8149 4.1606 -2.5110
v  -0.7201 4.1365 -2.5253
v  -0.6669 4.0817 -2.5445
v  0.1180 1.3821 -1.4876
v  0.0987 1.2558 -1.3945
v  0.2782 1.3069 -1.3829
v  0.3035 1.4288 -1.4751
v  0.3199 1.5064 -1.5215
v  0.3265 1.5668 -1.5578
v  0.1363 1.5242 -1.5778
v  0.1306 1.4619 -1.5382
v  0.0038 1.4283 -1.5611
v  -0.0201 1.3414 -1.5049
v  0.0194 1.4968 -1.6058
v  -0.0815 1.4953 -1.6197
v  -0.1010 1.4137 -1.5706
v  -0.1303 1.3191 -1.5095
v  0.3238 1.6406 -1.6111
v  0.1348 1.6001 -1.6342
v  0.3166 1.7148 -1.6830
v  0.1298 1.6807 -1.6999
v  0.0241 1.5751 -1.6636
v  -0.0776 1.5835 -1.6682
v  0.0225 1.6540 -1.7283
v  -0.0757 1.6516 -1.7376
v  0.3102 1.7791 -1.7617
v  0.1251 1.7591 -1.7655
v  0.3135 1.8451 -1.8513
v  0.1225 1.8369 -1.8297
v  0.0191 1.7260 -1.7918
v  0.0121 1.7917 -1.8524
v  -0.0768 1.7095 -1.8045
v  -0.0843 1.7656 -1.8630
v  0.1191 1.9617 -1.9420
v  0.3486 1.9121 -2.0062
v  0.3454 1.9403 -2.0507
v  0.0986 2.0190 -1.9960
v  0.3330 1.8916 -1.9400
v  0.1236 1.9049 -1.8888
v  0.0002 1.8511 -1.9089
v  -0.0278 1.9104 -1.9685
v  -0.0985 1.8197 -1.9168
v  -0.1345 1.8772 -1.9750
v  -0.0502 1.2110 -1.4101
v  -0.0764 1.0575 -1.2856
v  -0.1652 1.1973 -1.4183
v  -0.2249 1.0502 -1.3020
v  -0.2078 0.8799 -1.1508
v  -0.0900 0.9001 -1.1404
v  -0.1023 0.7623 -1.0004
v  -0.2088 0.7479 -1.0206
v  -0.2307 0.7653 -1.2598
v  -0.2721 0.8219 -1.1942
v  -0.2992 0.9639 -1.3348
v  -0.2651 0.9137 -1.4159
v  -0.2542 0.6912 -1.0646
v  -0.2148 0.6335 -1.1129
v  -0.2199 1.3073 -1.5113
v  -0.2291 1.2155 -1.4379
v  -0.3003 1.2728 -1.5105
v  -0.2827 1.1612 -1.4109
v  -0.3218 1.0916 -1.4581
v  -0.2986 1.0478 -1.5473
v  -0.3623 1.2121 -1.5616
v  -0.3531 1.1600 -1.6540
v  -0.3159 1.3850 -1.6020
v  -0.2181 1.4161 -1.5668
v  -0.2130 1.5089 -1.6317
v  -0.3251 1.4802 -1.6862
v  -0.1891 0.8853 -1.5860
v  -0.2210 0.9017 -1.4996
v  -0.2618 1.0445 -1.6454
v  -0.2170 1.0418 -1.7407
v  -0.3258 1.1478 -1.7533
v  -0.2907 1.1720 -1.8864
v  -0.1947 1.1213 -1.9569
v  -0.1677 1.0048 -1.8171
v  -0.1448 0.8545 -1.6522
v  -0.3913 1.4181 -1.7485
v  -0.3964 1.3395 -1.8164
v  -0.3862 1.2611 -1.7373
v  -0.3861 1.3259 -1.6596
v  -0.3635 1.2254 -1.7993
v  -0.3663 1.2672 -1.8725
v  -0.2127 1.1970 -2.0600
v  -0.3024 1.2530 -2.0037
v  -0.3065 1.3220 -2.0832
v  -0.2109 1.2633 -2.1341
v  -0.2136 1.5869 -1.6930
v  -0.3342 1.5521 -1.7515
v  -0.2189 1.6559 -1.7497
v  -0.3434 1.6120 -1.8060
v  -0.3785 1.3842 -2.0157
v  -0.3707 1.3216 -1.9449
v  -0.4029 1.4002 -1.8819
v  -0.4098 1.4559 -1.9397
v  -0.3907 1.4817 -1.8180
v  -0.3968 1.5359 -1.8726
v  -0.2256 1.7170 -1.8054
v  -0.3515 1.6703 -1.8608
v  -0.2314 1.7707 -1.8620
v  -0.3556 1.7281 -1.9152
v  -0.4050 1.5954 -1.9259
v  -0.4087 1.6578 -1.9789
v  -0.4156 1.5861 -2.0454
v  -0.4156 1.5192 -1.9952
v  -0.3827 1.4538 -2.0798
v  -0.3005 1.3975 -2.1500
v  -0.3835 1.5253 -2.1237
v  -0.3073 1.4934 -2.2085
v  -0.2110 1.3274 -2.2045
v  -0.2203 1.3930 -2.2686
v  -0.4003 1.7051 -2.1363
v  -0.4102 1.6503 -2.0874
v  -0.4045 1.7203 -2.0300
v  -0.3938 1.7841 -2.0822
v  -0.3517 1.7850 -1.9688
v  -0.3470 1.8428 -2.0250
v  -0.2346 1.8179 -1.9219
v  -0.2471 1.8647 -1.9809
v  -0.3886 1.5901 -2.1379
v  -0.3692 1.6132 -2.1831
v  -0.0834 1.9751 -2.0384
v  -0.2090 1.9450 -2.0446
v  -0.1440 2.0598 -2.1087
v  -0.3251 2.0089 -2.1343
v  -0.2408 1.4662 -2.3207
v  -0.2705 1.5528 -2.3733
v  -0.3085 1.5679 -2.2679
v  -0.3267 1.6551 -2.3169
v  -0.2784 1.9128 -2.0407
v  -0.3480 1.9083 -2.0883
v  -0.3615 1.6734 -2.2247
v  -0.3692 1.7587 -2.2747
v  -0.3932 1.7725 -2.1838
v  -0.3983 1.8555 -2.2385
v  -0.3880 1.8561 -2.1374
v  -0.3922 1.9426 -2.1974
v  -0.1840 2.1664 -2.1813
v  -0.3386 2.1215 -2.2186
v  -0.2138 2.2865 -2.2600
v  -0.3554 2.2389 -2.2956
v  -0.3079 1.6580 -2.4396
v  -0.3585 1.7914 -2.5245
v  -0.3521 1.7571 -2.3796
v  -0.3871 1.8846 -2.4593
v  -0.3878 1.8588 -2.3386
v  -0.4128 1.9813 -2.4169
v  -0.4127 1.9562 -2.3044
v  -0.4298 2.0761 -2.3825
v  -0.4028 2.0456 -2.2659
v  -0.4166 2.1638 -2.3427
v  -0.3744 2.3669 -2.3764
v  -0.2454 2.4146 -2.3443
v  -0.2859 2.5741 -2.4473
v  -0.4036 2.5214 -2.4763
v  -0.4124 1.9687 -2.6294
v  -0.4595 2.1695 -2.7462
v  -0.4214 2.0523 -2.5581
v  -0.4618 2.2385 -2.6738
v  -0.4320 2.1349 -2.5123
v  -0.4594 2.3076 -2.6252
v  -0.4468 2.2158 -2.4729
v  -0.4651 2.3772 -2.5814
v  -0.4322 2.2953 -2.4270
v  -0.4548 2.4501 -2.5299
v  -0.5074 2.3677 -2.8712
v  -0.5688 2.5608 -3.0043
v  -0.5111 2.4233 -2.8025
v  -0.5743 2.6022 -2.9386
v  -1.2311 4.1002 -3.2913
v  -1.1923 4.0617 -3.2563
v  -1.2229 4.0946 -3.3644
v  -1.1573 4.0086 -3.3569
v  -1.0669 3.7755 -3.3063
v  -1.1022 3.7501 -3.2116
v  -1.1492 3.8445 -3.2219
v  -1.1033 3.8739 -3.3233
v  -1.1750 3.9418 -3.2171
v  -1.2028 4.1552 -3.4337
v  -1.1541 4.1204 -3.4690
v  -1.1990 4.0171 -3.1800
v  -1.0665 3.9001 -3.5169
v  -1.1482 3.8354 -3.5856
v  -1.1277 3.7962 -3.5368
v  -1.0634 3.8843 -3.4515
v  -1.0880 4.0068 -3.4693
v  -1.0620 4.0051 -3.5552
v  -1.0788 3.9152 -3.5988
v  -1.1673 3.8719 -3.6461
v  -1.0829 3.9346 -3.6685
v  -1.1573 3.8833 -3.7096
v  -1.0539 4.0107 -3.6285
v  -1.0486 4.0179 -3.6838
v  -1.0715 3.9649 -3.7326
v  -1.1355 3.8991 -3.7960
v  -1.2627 3.4189 -3.7746
v  -1.2909 3.4812 -3.7904
v  -1.1671 3.5002 -3.8898
v  -1.1405 3.4468 -3.8746
v  -1.1896 3.5613 -3.8917
v  -1.3127 3.5511 -3.7969
v  -1.0424 3.6017 -3.9616
v  -1.0214 3.5475 -3.9602
v  -1.0015 3.4985 -3.9506
v  -1.0332 3.1097 -3.6129
v  -0.9544 3.1879 -3.7285
v  -0.9227 3.1309 -3.6914
v  -0.9808 3.0628 -3.5701
v  -0.8442 3.2098 -3.7779
v  -0.8588 3.2707 -3.8160
v  -0.8255 3.1442 -3.7251
v  -0.8880 3.0730 -3.6432
v  -0.9287 3.0174 -3.5239
v  -0.8412 3.0128 -3.5786
v  -0.8680 2.9688 -3.4648
v  -0.7942 3.0731 -3.6610
v  -0.7647 3.0275 -3.6112
v  -0.7815 2.9688 -3.5388
v  -0.7775 2.8968 -3.3935
v  -1.0804 3.0819 -3.4033
v  -1.0689 3.0868 -3.4999
v  -1.0056 3.0333 -3.4539
v  -1.0047 3.0346 -3.3535
v  -0.9421 2.9897 -3.4059
v  -0.9322 2.9993 -3.3062
v  -0.9867 3.0581 -3.2798
v  -0.9404 3.0887 -3.2480
v  -1.0146 3.1330 -3.2589
v  -1.0622 3.0981 -3.3161
v  -0.9074 3.0416 -3.2581
v  -0.8917 3.0670 -3.2451
v  -0.8726 2.9467 -3.3505
v  -0.8563 2.9634 -3.2577
v  -0.7784 2.8799 -3.2700
v  -0.7634 2.8999 -3.1907
v  -0.6597 2.7458 -3.1467
v  -0.6658 2.7685 -3.0750
v  -0.6418 2.7408 -3.2204
v  -1.0320 3.3526 -3.3553
v  -1.1214 3.3145 -3.3211
v  -1.0316 3.2495 -3.2833
v  -0.9458 3.2959 -3.3210
v  -1.1052 3.1980 -3.2937
v  -1.1828 3.2717 -3.3487
v  -0.9348 3.1818 -3.2634
v  -0.8432 3.2321 -3.3032
v  -0.5058 2.4896 -2.7538
v  -0.5626 2.6697 -2.8940
v  -0.4931 2.5627 -2.7131
v  -0.5451 2.7482 -2.8560
v  -0.4413 2.7144 -2.6207
v  -0.3533 2.8061 -2.5448
v  -0.4366 3.0145 -2.6553
v  -0.5215 2.9396 -2.7673
v  -0.1625 2.8449 -2.5450
v  -0.2774 3.1032 -2.7113
v  -0.4775 2.6381 -2.6690
v  -0.5297 2.8249 -2.8105
v  -0.5418 3.1862 -2.7303
v  -0.4711 3.2859 -2.7411
v  -0.6177 3.1413 -2.7816
v  -0.6562 2.8329 -3.0318
v  -0.7233 2.9632 -3.1775
v  -0.6288 2.9085 -2.9990
v  -0.6010 3.0749 -3.2582
v  -0.8159 3.0251 -3.2423
v  -0.8204 3.0656 -3.2460
v  -0.8653 3.1124 -3.2485
v  -0.7319 3.1464 -3.3005
v  -0.6666 3.2307 -3.1319
v  -0.7205 3.3419 -3.0906
v  -0.7215 3.3464 -3.1800
v  -0.7401 3.3562 -3.2601
v  -0.7667 3.2964 -3.2973
v  -0.6124 3.2491 -3.2659
v  -0.6845 3.2271 -3.0362
v  -0.7176 3.3450 -3.0124
v  -0.6598 3.0947 -3.0304
v  -0.6506 3.1157 -2.9557
v  -0.6865 3.2123 -2.9454
v  -0.7339 3.3358 -2.9351
v  -0.6088 3.0420 -2.8851
v  -0.6712 3.1637 -2.8559
v  -0.7420 3.3049 -2.8569
v  -0.6094 2.9669 -2.9379
v  -1.5022 4.1517 -2.7485
v  -1.4301 4.1228 -2.7874
v  -1.4864 4.1986 -2.7898
v  -1.4408 4.1930 -2.8221
v  -1.3816 4.3322 -2.6122
v  -1.3754 4.2631 -2.5938
v  -1.2954 4.2642 -2.6217
v  -1.2972 4.3323 -2.6406
v  -1.4132 4.3953 -2.7180
v  -1.3587 4.3945 -2.7457
v  -1.4099 4.3814 -2.8013
v  -1.4716 4.3770 -2.7454
v  -1.4453 4.3209 -2.8350
v  -1.5165 4.3176 -2.7787
v  -1.4485 4.2532 -2.8362
v  -1.5044 4.2490 -2.7832
v  -1.3198 4.3827 -2.6873
v  -1.4011 4.3768 -2.6663
v  -1.5192 4.2730 -2.6457
v  -1.4703 4.3073 -2.6170
v  -1.4851 4.3537 -2.6735
v  -1.5508 4.3004 -2.6968
v  -1.5445 4.2204 -2.7200
v  -1.5204 4.2078 -2.6446
v  -1.4526 4.2367 -2.6035
v  -1.7452 3.9441 -3.2783
v  -1.7830 3.9770 -3.2970
v  -1.7713 3.9435 -3.2072
v  -1.7463 3.9884 -3.1606
v  -1.7909 4.0324 -3.2965
v  -1.7379 4.0624 -3.3403
v  -1.6863 4.1183 -3.3475
v  -0.8565 3.3562 -3.3303
v  -0.7964 3.4090 -3.2659
v  -0.8593 3.4859 -3.2824
v  -0.9207 3.4258 -3.3778
v  -1.0584 3.6642 -3.2029
v  -1.0268 3.6571 -3.1193
v  -1.0265 3.6921 -3.2975
v  -0.9759 3.6204 -3.2943
v  -0.9945 3.5972 -3.1969
v  -0.9728 3.5888 -3.1144
v  -0.8483 3.4720 -3.1047
v  -0.8599 3.4743 -3.1833
v  -0.7983 3.4093 -3.1701
v  -0.7765 3.4201 -3.0927
v  -0.9285 3.5342 -3.1907
v  -0.9133 3.5276 -3.1105
v  -0.9221 3.5505 -3.2874
v  -0.8591 3.6508 -2.9073
v  -0.8167 3.5469 -2.8996
v  -0.8429 3.6434 -2.9686
v  -0.7989 3.5415 -2.9825
v  -0.7682 3.4382 -2.9517
v  -0.8188 3.4970 -3.0414
v  -0.7580 3.4360 -3.0242
v  -0.9059 3.6278 -3.0226
v  -0.9308 3.6104 -3.0529
v  -0.8754 3.5545 -3.0495
v  -0.8559 3.5977 -3.0119
v  -0.7860 3.4315 -2.8780
v  -0.8694 3.6653 -3.0085
v  -0.9336 3.6763 -3.0146
v  -0.9803 3.6711 -3.0581
v  -0.9252 3.5213 -4.0397
v  -0.9042 3.4809 -4.0250
v  -0.9821 3.4587 -3.9386
v  -0.8297 3.5097 -4.1020
v  -0.8484 3.5562 -4.1149
v  -0.8073 3.4687 -4.0898
v  -0.8819 3.4477 -4.0099
v  -0.9609 3.4261 -3.9220
v  -1.0580 3.8280 -3.4266
v  -1.0447 3.7350 -3.4081
v  -1.1109 3.7378 -3.5113
v  -1.0996 3.6570 -3.4863
v  -1.0215 3.6491 -3.4022
v  -0.9873 3.5664 -3.4042
v  -1.0838 3.5697 -3.4759
v  -1.0786 3.4853 -3.4442
v  -0.9559 3.4891 -3.3963
v  -1.0699 3.4141 -3.3972
v  -1.2121 3.5228 -3.4357
v  -1.1926 3.4503 -3.4009
v  -1.2362 3.6008 -3.4649
v  -1.3401 3.5386 -3.4982
v  -1.2998 3.4673 -3.4657
v  -1.2676 3.4029 -3.4288
v  -1.2322 3.3387 -3.3927
v  -1.1698 3.3819 -3.3613
v  -1.2043 3.3274 -3.7374
v  -1.0868 3.3682 -3.8361
v  -1.0601 3.3335 -3.8164
v  -1.1731 3.2874 -3.7170
v  -0.9384 3.3964 -3.9024
v  -1.0293 3.2941 -3.7930
v  -0.8978 3.3675 -3.8907
v  -1.1346 3.2418 -3.6896
v  -1.2369 3.2247 -3.5110
v  -1.2260 3.2406 -3.4202
v  -1.2755 3.3046 -3.4596
v  -1.2840 3.2823 -3.5463
v  -1.3108 3.3620 -3.4920
v  -1.3158 3.3329 -3.5730
v  -1.1138 3.4043 -3.8564
v  -1.2342 3.3695 -3.7569
v  -1.3762 3.4866 -3.5610
v  -1.3402 3.4201 -3.5260
v  -1.3725 3.4479 -3.6255
v  -1.3426 3.3854 -3.5984
v  -1.2036 3.2233 -3.5980
v  -1.1403 3.1540 -3.5519
v  -1.1642 3.1507 -3.4595
v  -1.0855 3.1768 -3.6534
v  -1.2776 3.3210 -3.6508
v  -1.2479 3.2739 -3.6296
v  -1.1507 3.1633 -3.3663
v  -1.3072 3.3672 -3.6723
v  -1.3389 3.4212 -3.6946
v  0.1124 2.7877 -3.0504
v  -0.0157 2.9958 -2.8263
v  0.0686 2.7533 -2.6940
v  0.2171 2.5528 -2.9223
v  0.4502 2.4253 -3.0621
v  0.7029 2.3026 -3.1883
v  0.6458 2.5207 -3.3517
v  0.3631 2.6534 -3.2025
v  0.2799 2.8454 -3.3245
v  0.0184 2.9895 -3.1571
v  0.6030 2.7171 -3.4801
v  0.5754 2.8672 -3.5715
v  0.2170 2.9877 -3.4182
v  -0.0533 3.1316 -3.2440
v  2.0627 1.6915 -3.7710
v  1.7726 1.7832 -3.7081
v  2.3852 1.5722 -3.8672
v  2.0998 1.9523 -3.9981
v  2.4379 1.8578 -4.0960
v  1.8056 2.0249 -3.9277
v  3.6969 1.0847 -4.3504
v  3.6799 1.1462 -4.3321
v  3.6788 1.0240 -4.3710
v  3.8526 1.2812 -4.6803
v  3.8736 1.3463 -4.6366
v  3.8251 1.4070 -4.6130
v  2.2348 1.6088 -4.3141
v  2.5469 1.5346 -4.3995
v  2.4939 1.2628 -4.1457
v  2.2089 1.3396 -4.0767
v  2.8006 1.1386 -4.2619
v  2.8840 1.4182 -4.5303
v  1.3041 1.8856 -3.9953
v  1.3514 1.6211 -3.8060
v  1.0671 1.7414 -3.6970
v  1.0111 1.9993 -3.8906
v  0.7137 1.9128 -3.5294
v  0.6486 2.1579 -3.7182
v  -0.1132 2.4801 -3.2619
v  -0.0400 2.2545 -3.1349
v  -0.2241 2.3057 -3.0556
v  -0.3121 2.5248 -3.1898
v  0.3146 2.1101 -3.3112
v  0.2444 2.3416 -3.4699
v  0.5714 2.5295 -3.9963
v  0.6020 2.3679 -3.8802
v  0.1947 2.5460 -3.6193
v  0.1586 2.7040 -3.7322
v  -0.1774 2.6756 -3.4097
v  -0.2238 2.8252 -3.5266
v  -0.5898 2.7324 -3.2877
v  -0.5021 2.7265 -3.3349
v  -0.6800 2.8753 -3.4495
v  -0.5706 2.9054 -3.4972
v  -0.3874 2.7263 -3.3400
v  -0.4312 2.8863 -3.4487
v  0.4298 3.0987 -4.3862
v  0.4569 3.0586 -4.3393
v  0.0301 3.1802 -4.0829
v  0.0084 3.2193 -4.1267
v  0.4782 3.0142 -4.2933
v  0.0321 3.1134 -4.0658
v  -0.3774 3.1732 -3.9209
v  -0.3655 3.2459 -3.9111
v  -0.3714 3.2885 -3.9390
v  1.0722 2.9162 -4.8112
v  1.1069 2.8528 -4.7527
v  0.8195 2.9383 -4.5746
v  0.7927 2.9936 -4.6224
v  0.8282 2.8978 -4.5452
v  1.1159 2.8113 -4.7171
v  2.4403 2.3539 -5.2643
v  2.4239 2.4030 -5.3197
v  2.8547 2.2508 -5.5248
v  2.8682 2.2169 -5.4678
v  2.0856 2.4728 -5.1400
v  2.0576 2.5105 -5.1993
v  2.3592 2.4689 -5.4453
v  1.9875 2.5670 -5.3138
v  2.7983 2.3366 -5.6452
v  2.5420 2.4448 -4.5604
v  2.5703 2.5385 -4.5876
v  2.2367 2.6301 -4.4594
v  2.1983 2.5300 -4.4279
v  2.2477 2.7117 -4.5259
v  2.5693 2.6152 -4.6471
v  2.0223 2.8353 -4.3929
v  2.0083 2.7356 -4.2865
v  1.9428 2.6074 -4.2695
v  0.1922 3.0722 -3.4759
v  -0.0764 3.2052 -3.3069
v  0.5662 2.9492 -3.6220
v  0.5634 3.0156 -3.6680
v  0.2053 3.1502 -3.4961
v  -0.0733 3.2826 -3.3147
v  0.1921 3.4594 -3.6535
v  0.5045 3.3208 -3.8951
v  0.4763 3.3628 -3.9460
v  0.1407 3.5138 -3.7698
v  0.1594 3.4720 -3.7043
v  0.4403 3.4017 -4.0246
v  -0.1017 3.5740 -3.5766
v  -0.0738 3.5796 -3.5006
v  -0.0528 3.5699 -3.4450
v  0.2637 3.2724 -3.4697
v  -0.0465 3.3740 -3.3209
v  0.6206 3.1550 -3.6497
v  0.6104 3.2723 -3.7323
v  -0.0210 3.4672 -3.3409
v  0.2741 3.3874 -3.5140
v  0.2309 3.4346 -3.5934
v  -0.0335 3.5297 -3.3908
v  0.5412 3.2813 -3.8349
v  -0.1099 3.1918 -2.9498
v  -0.2962 3.3175 -2.8371
v  -0.1538 3.3295 -3.0424
v  -0.3101 3.4845 -2.9380
v  -0.1826 3.4154 -3.0919
v  -0.1676 3.3407 -3.1296
v  -0.3060 3.6507 -3.0530
v  -0.3146 3.5877 -2.9903
v  -0.2139 3.4879 -3.1361
v  -0.2282 3.5468 -3.1990
v  -0.2162 3.6084 -3.2396
v  -0.2089 3.6676 -3.3000
v  -0.3105 3.7459 -3.1998
v  -0.3174 3.6949 -3.1214
v  -0.6271 3.5952 -2.7592
v  -0.5596 3.5107 -2.7808
v  -0.5264 3.6123 -2.8306
v  -0.5858 3.6770 -2.8081
v  -0.4537 3.4178 -2.8016
v  -0.4516 3.5497 -2.8741
v  -0.6959 4.0139 -2.9939
v  -0.6122 3.9861 -3.0344
v  -0.6786 4.0033 -2.9431
v  -0.5835 3.9446 -2.9481
v  -0.4288 3.6446 -2.9345
v  -0.4065 3.7110 -2.9918
v  -0.5031 3.6990 -2.9014
v  -0.4763 3.7723 -2.9589
v  -0.5254 3.8458 -2.9390
v  -0.5100 3.8639 -2.9832
v  -0.5263 3.9043 -3.0172
v  -0.4687 3.8119 -3.0085
v  -0.4733 3.8486 -3.0656
v  -0.5479 3.7730 -2.8702
v  -0.5858 3.8365 -2.8456
v  -0.6297 3.8760 -2.8045
v  -0.6138 3.9617 -2.8595
v  -0.6724 4.0167 -2.8880
v  -0.4010 3.7608 -3.0485
v  -0.4049 3.7952 -3.1250
v  4.3048 2.1814 -5.3599
v  4.2519 2.0619 -5.2677
v  4.3439 2.0170 -5.3701
v  4.3856 2.1080 -5.4373
v  4.3018 1.9295 -5.3391
v  4.1730 1.9358 -5.2037
v  4.3688 1.9191 -5.4173
v  4.4300 1.9648 -5.4546
v  4.4618 2.0302 -5.5047
v  4.2784 1.8651 -5.3644
v  4.3720 1.8707 -5.4500
v  4.2025 1.8500 -5.2530
v  4.1937 1.7879 -5.3162
v  4.2660 1.8082 -5.4058
v  4.3533 1.8101 -5.4792
v  4.4550 1.9016 -5.5003
v  4.4335 1.8373 -5.5373
v  4.4847 1.8847 -5.6012
v  4.4962 1.9578 -5.5550
v  4.4691 2.0889 -5.5664
v  4.4978 2.0122 -5.6216
v  4.4533 2.0791 -5.6795
v  4.4426 2.1284 -5.6241
v  4.4820 1.9373 -5.6781
v  4.4320 2.0034 -5.7483
v  4.3217 1.7607 -5.5299
v  4.3922 1.7793 -5.5905
v  4.3015 1.7510 -5.6199
v  4.2693 1.7457 -5.5587
v  4.3154 1.7675 -5.6752
v  4.4272 1.8135 -5.6514
v  4.4198 1.8562 -5.7174
v  4.3664 1.9023 -5.7819
v  4.3101 1.7936 -5.7312
v  4.2858 1.8334 -5.7702
v  4.1598 1.7711 -5.7125
v  4.1772 1.8299 -5.7660
v  4.1678 1.7359 -5.6599
v  4.0088 1.7415 -5.7097
v  4.0181 1.6998 -5.6350
v  4.0314 1.8269 -5.7750
v  0.4398 2.8126 -4.2987
v  0.4661 2.9181 -4.2901
v  0.8193 2.8177 -4.5268
v  0.7927 2.7136 -4.5242
v  1.1073 2.7423 -4.6856
v  1.0827 2.6485 -4.6686
v  0.5303 2.6786 -4.0820
v  0.5479 2.6222 -4.0545
v  0.1280 2.7970 -3.7843
v  0.0994 2.8544 -3.8178
v  -0.2497 2.9123 -3.5706
v  -0.2899 2.9584 -3.6044
v  -0.4340 2.9499 -3.4989
v  -0.4903 2.9735 -3.5326
v  0.0081 3.0149 -4.0780
v  -0.4055 3.0732 -3.9258
v  -0.0019 2.9247 -4.0517
v  -0.4021 2.9957 -3.8663
v  -0.5953 3.1027 -3.8158
v  -0.6798 3.1111 -3.7565
v  -0.6958 3.1684 -3.8208
v  -0.5956 3.1765 -3.8617
v  -0.5727 3.0588 -3.7511
v  -0.6425 3.0646 -3.6786
v  0.0102 2.8896 -3.9929
v  -0.3781 2.9727 -3.8020
v  0.4490 2.7546 -4.2404
v  0.4814 2.7503 -4.1683
v  0.0295 2.8754 -3.9321
v  -0.3640 2.9639 -3.7413
v  -0.3346 2.9630 -3.6730
v  -0.5275 3.0136 -3.5961
v  -0.6231 3.0057 -3.5824
v  -0.5471 3.0342 -3.6690
v  -0.7092 2.9718 -3.5572
v  -0.7179 3.0464 -3.6343
v  -0.5392 3.0356 -3.7183
v  -0.7665 3.1689 -3.7769
v  -0.7431 3.1060 -3.7111
v  0.0624 2.8752 -3.8729
v  0.5119 2.7307 -4.1160
v  -0.9910 3.2446 -3.7617
v  -0.8822 3.3195 -3.8465
v  -0.8577 3.4181 -3.9915
v  -0.7820 3.4304 -4.0736
v  -0.8294 3.3942 -3.9782
v  -0.7522 3.4015 -4.0502
v  -0.7729 3.2350 -3.8326
v  -0.6890 3.2458 -3.8524
v  -0.7731 3.2996 -3.8693
v  -0.6698 3.3158 -3.9003
v  -0.5849 3.2535 -3.8659
v  -0.5740 3.3011 -3.8948
v  -0.6936 3.3403 -3.9501
v  -0.7886 3.3362 -3.9079
v  -0.8006 3.3603 -3.9424
v  -0.7089 3.3582 -3.9896
v  -0.7236 3.3787 -4.0259
v  -0.7939 3.3772 -3.9782
v  -0.5749 3.3380 -3.9613
v  -0.5484 3.3246 -3.9345
v  -0.3891 3.3673 -4.0459
v  -0.3747 3.3264 -3.9927
v  -0.6824 3.4470 -4.1569
v  -0.6499 3.4092 -4.1222
v  -0.7108 3.4980 -4.1797
v  -0.5108 3.4771 -4.2923
v  -0.5454 3.5347 -4.3264
v  -0.4729 3.4399 -4.2470
v  -0.6219 3.3875 -4.0812
v  -0.6019 3.3691 -4.0403
v  -0.4444 3.4249 -4.1993
v  -0.4214 3.4206 -4.1471
v  -0.5895 3.3528 -3.9985
v  -0.4024 3.4020 -4.0942
v  -0.1771 3.4935 -4.4896
v  -0.2785 3.5595 -4.5958
v  -0.2301 3.5041 -4.5508
v  0.0852 3.5455 -4.8775
v  0.0287 3.6112 -4.9219
v  0.1460 3.5266 -4.8175
v  -0.0191 3.2714 -4.1921
v  0.3827 3.1757 -4.4656
v  -0.0530 3.3334 -4.2699
v  0.3261 3.2795 -4.5600
v  -0.0895 3.3943 -4.3408
v  0.2674 3.3906 -4.6519
v  -0.1217 3.4514 -4.3989
v  0.2161 3.4807 -4.7283
v  -0.1465 3.4869 -4.4432
v  0.1838 3.5226 -4.7730
v  0.6497 3.6636 -5.4406
v  0.4300 3.5954 -5.1548
v  0.3626 3.6393 -5.2115
v  0.5661 3.7083 -5.5086
v  0.3068 3.7210 -5.2506
v  0.5052 3.8073 -5.5494
v  0.7286 3.1010 -4.7191
v  0.6527 3.2469 -4.8380
v  0.9886 3.0407 -4.9292
v  0.8946 3.2157 -5.0748
v  0.5868 3.4117 -4.9558
v  0.8293 3.4269 -5.2138
v  0.5260 3.5402 -5.0566
v  0.7653 3.5879 -5.3357
v  0.4800 3.5901 -5.1107
v  0.7106 3.6499 -5.3965
v  1.4518 3.7602 -6.2488
v  1.3539 3.7754 -6.3334
v  1.7002 3.7610 -6.6006
v  1.7937 3.7553 -6.5076
v  1.5981 3.8167 -6.6846
v  1.2589 3.8485 -6.4019
v  2.0143 3.8003 -7.0091
v  2.1206 3.7445 -6.9175
v  2.2116 3.7497 -6.8120
v  1.8154 3.7081 -6.4455
v  1.4923 3.7350 -6.1820
v  2.2233 3.6886 -6.7449
v  2.2531 3.5642 -6.6285
v  1.8285 3.5729 -6.3679
v  1.5072 3.6050 -6.1160
v  0.6639 3.9172 -4.8131
v  0.9993 3.8918 -5.1621
v  0.9713 4.0115 -5.1862
v  0.6390 4.0160 -4.8485
v  0.9463 4.1455 -5.1968
v  0.6164 4.1219 -4.8768
v  0.2837 4.1163 -4.4818
v  0.2981 4.0201 -4.4457
v  0.2911 3.9311 -4.4280
v  0.0412 3.9999 -4.1121
v  0.0507 3.9310 -4.0898
v  0.0198 4.0723 -4.1419
v  -0.1627 4.0372 -3.8656
v  -0.1349 3.9805 -3.8475
v  -0.1207 3.9246 -3.8316
v  0.4114 3.4852 -4.1500
v  0.1260 3.5866 -3.8760
v  0.1030 3.6635 -3.9835
v  0.3889 3.5989 -4.2688
v  -0.1163 3.6989 -3.7515
v  -0.1024 3.6287 -3.6734
v  0.3248 3.8018 -4.3854
v  0.3072 3.8687 -4.4059
v  0.0447 3.8713 -4.0854
v  0.0519 3.8122 -4.0723
v  -0.1267 3.8735 -3.8230
v  -0.1410 3.8201 -3.8177
v  -0.1349 3.7598 -3.7976
v  0.0773 3.7424 -4.0417
v  0.3556 3.7082 -4.3440
v  -0.3658 3.9444 -3.5435
v  -0.3567 3.9793 -3.5709
v  -0.4308 4.0136 -3.4983
v  -0.4390 3.9762 -3.4466
v  -0.4039 4.0381 -3.5821
v  -0.3488 4.0106 -3.6104
v  -0.4673 4.0802 -3.5717
v  -0.4911 4.0686 -3.4670
v  -0.5252 4.0251 -3.3722
v  -0.3184 3.7655 -3.4587
v  -0.2975 3.7807 -3.3120
v  -0.2091 3.6955 -3.3848
v  -0.2300 3.6698 -3.4827
v  -0.2367 3.6490 -3.5800
v  -0.2791 3.7013 -3.6166
v  -0.2576 3.9743 -3.6732
v  -0.2539 3.9315 -3.6564
v  -0.2828 4.0148 -3.6910
v  -0.3635 3.8553 -3.2282
v  -0.3654 3.8659 -3.3362
v  -0.4296 3.9481 -3.2607
v  -0.4566 3.8981 -3.1541
v  -0.3725 3.8655 -3.3995
v  -0.3620 3.8074 -3.5048
v  -0.3666 3.8634 -3.5039
v  -0.4095 3.9006 -3.3867
v  -0.5673 4.1071 -3.2554
v  -0.5247 4.0592 -3.2041
v  -0.4731 3.9916 -3.3069
v  -0.5215 4.0090 -3.1572
v  -0.3653 3.9083 -3.5165
v  -0.4359 3.9357 -3.4082
v  -0.5414 3.9393 -3.0910
v  -0.2660 3.8862 -3.6468
v  -0.2777 3.8381 -3.6380
v  -0.2913 3.7723 -3.6356
v  -0.3029 4.0980 -3.9078
v  -0.4065 4.0762 -3.7045
v  -0.3353 4.0530 -3.7029
v  -0.2140 4.0842 -3.8928
v  -0.0373 4.1375 -4.1898
v  -0.1119 4.1436 -4.2593
v  0.2053 4.1633 -4.5597
v  0.1179 4.1690 -4.6444
v  -0.2996 4.1560 -4.1561
v  -0.3159 4.1189 -4.0350
v  -0.1580 4.1615 -4.3210
v  -0.1882 4.2051 -4.3695
v  0.0703 4.2118 -4.6969
v  0.0273 4.2597 -4.7413
v  0.5437 4.1913 -4.9440
v  0.8762 4.2578 -5.2542
v  0.7697 4.2517 -5.3496
v  0.4462 4.1825 -5.0345
v  0.3863 4.2337 -5.0804
v  0.6989 4.2853 -5.3930
v  0.6070 4.3519 -5.4202
v  0.3163 4.2928 -5.1173
v  1.6655 4.2850 -6.3097
v  1.9884 4.3401 -6.5317
v  1.9003 4.3780 -6.6301
v  1.5928 4.3209 -6.4116
v  2.2389 4.4491 -6.8816
v  2.3452 4.4131 -6.7953
v  2.0372 4.4967 -6.9586
v  1.7303 4.4404 -6.7165
v  1.4496 4.3824 -6.5025
v  1.8975 4.0268 -7.0585
v  1.9512 3.9203 -7.0435
v  1.5348 3.9127 -6.7352
v  1.5017 4.0217 -6.7414
v  1.2051 3.9376 -6.4429
v  1.1734 4.0320 -6.4533
v  -0.0230 3.7808 -4.9444
v  0.2363 3.8699 -5.2828
v  0.2722 3.7979 -5.2677
v  0.0004 3.6987 -4.9358
v  0.4684 3.8844 -5.5639
v  0.4331 3.9524 -5.5731
v  -0.7339 3.5522 -4.1965
v  -0.5713 3.6003 -4.3498
v  -0.7487 3.6080 -4.2083
v  -0.5845 3.6667 -4.3612
v  -0.3285 3.7148 -4.6308
v  -0.3127 3.6350 -4.6231
v  -0.7565 3.6617 -4.2213
v  -0.5893 3.7205 -4.3685
v  -0.8634 3.6109 -4.1330
v  -0.8784 3.6768 -4.1710
v  -0.7515 3.7145 -4.2342
v  -0.5808 3.7752 -4.3597
v  -0.9460 3.5715 -4.0573
v  -0.9736 3.6249 -4.0743
v  -0.3361 3.7802 -4.6314
v  -0.3494 3.8396 -4.6321
v  -0.0773 3.9259 -4.9600
v  -0.0408 3.8567 -4.9460
v  -0.7940 3.7724 -4.2491
v  -0.7322 3.7680 -4.2535
v  -0.6515 3.8980 -4.4011
v  -0.5950 3.8316 -4.3666
v  -0.4238 4.1109 -3.9252
v  -0.4463 4.0720 -3.8052
v  -0.3660 4.1710 -4.1058
v  -0.4138 4.2150 -4.1095
v  -0.4981 4.1384 -3.9019
v  -0.5381 4.0873 -3.7678
v  -0.6340 4.1400 -3.7312
v  -0.6038 4.1372 -3.6440
v  -0.5817 4.1240 -3.6738
v  -0.5956 4.1179 -3.7499
v  -0.5399 4.1173 -3.6681
v  -0.5603 4.1342 -3.6021
v  -0.4783 4.0949 -3.6851
v  -0.5171 4.1132 -3.5776
v  3.4499 3.9390 -7.7247
v  3.5299 4.0009 -7.7606
v  3.5995 3.9871 -7.6499
v  3.5397 3.9193 -7.5983
v  3.4492 4.0756 -7.8153
v  3.3522 4.0301 -7.7906
v  3.5212 4.1028 -7.8079
v  3.5892 4.0740 -7.7629
v  3.6282 4.0443 -7.6858
v  3.5308 4.3654 -7.6004
v  3.5985 4.2942 -7.6611
v  3.5381 4.3196 -7.7288
v  3.4418 4.4181 -7.5319
v  3.4566 4.3548 -7.7138
v  3.3373 4.3928 -7.6640
v  3.5639 4.2655 -7.5048
v  3.4991 4.2936 -7.4160
v  3.6055 4.2531 -7.5731
v  3.2844 4.2227 -7.7799
v  3.2915 4.3139 -7.7385
v  3.4195 4.2946 -7.7730
v  3.4112 4.2316 -7.8116
v  3.5358 4.2681 -7.7724
v  3.5274 4.2204 -7.7997
v  3.6306 4.2334 -7.6970
v  3.6374 4.1906 -7.7169
v  3.6233 4.1944 -7.5699
v  3.6334 4.1396 -7.5802
v  3.4162 4.1564 -7.8248
v  3.5220 4.1616 -7.8109
v  3.3029 4.1306 -7.7940
v  3.6264 4.1414 -7.7437
v  3.6442 4.0900 -7.6305
v  3.6098 4.0293 -7.5429
v  3.5571 3.9705 -7.4705
v  3.5814 4.0984 -7.4796
v  3.5307 4.0588 -7.3902
v  3.5024 4.1640 -7.3845
v  3.5649 4.1739 -7.4727
v  -0.7436 4.4733 -4.0816
v  -0.6757 4.4587 -4.0581
v  -0.5776 4.6286 -4.3596
v  -0.6466 4.6431 -4.3803
v  -0.5182 4.5939 -4.3414
v  -0.6188 4.4218 -4.0400
v  -0.3966 4.7858 -4.7040
v  -0.4539 4.8408 -4.7169
v  -0.5271 4.8739 -4.7387
v  -0.7310 4.6298 -4.3825
v  -0.8223 4.4602 -4.0862
v  -0.6230 4.8736 -4.7485
v  -0.7278 4.8461 -4.7778
v  -0.8237 4.5942 -4.4070
v  -0.9106 4.4247 -4.1142
v  -0.8303 4.2041 -3.7041
v  -0.7727 4.1894 -3.6924
v  -0.7377 4.3083 -3.8409
v  -0.8015 4.3249 -3.8574
v  -0.6856 4.2737 -3.8344
v  -0.7199 4.1690 -3.6903
v  -0.8697 4.3151 -3.8675
v  -0.8846 4.2042 -3.7153
v  -0.9523 4.2889 -3.9003
v  -0.9665 4.1784 -3.7315
v  -0.6459 4.1605 -3.6030
v  -0.6032 4.1611 -3.5361
v  -0.6745 4.1551 -3.7071
v  -0.7037 4.1856 -3.5714
v  -0.6744 4.2063 -3.4645
v  -0.9594 4.1705 -3.6132
v  -1.0320 4.0840 -3.6946
v  -1.0416 4.1150 -3.6228
v  -1.0728 4.1255 -3.5663
v  -0.9821 4.2099 -3.5305
v  -1.1071 4.1174 -3.5134
v  -1.0544 4.2224 -3.5067
v  -0.6388 4.1674 -3.3079
v  -0.5816 4.1428 -3.3997
v  -0.6931 4.2579 -3.3509
v  -0.5490 4.1257 -3.4848
v  -1.0206 4.3080 -3.4316
v  -1.0109 4.3739 -3.3314
v  -0.9214 4.3590 -3.3285
v  -0.9613 4.3072 -3.4471
v  -0.7768 4.1860 -3.5693
v  -0.8454 4.1851 -3.5826
v  -0.8548 4.2312 -3.4949
v  -0.7729 4.2435 -3.4812
v  -0.8842 4.3251 -3.1519
v  -0.9614 4.3603 -3.1919
v  -0.8246 4.3278 -3.2748
v  -1.0295 4.3740 -3.2269
v  -0.8658 4.3177 -3.4253
v  -0.9169 4.2928 -3.4649
v  -0.9125 4.2124 -3.5123
v  -0.7840 4.3026 -3.3885
v  -0.9002 4.1803 -3.5979
v  -1.0574 4.0236 -3.7865
v  -1.0441 4.1090 -3.8640
v  -1.1035 3.9554 -3.8791
v  -1.1000 4.0290 -3.9797
v  -0.9382 3.7234 -4.1830
v  -1.0130 3.6734 -4.0841
v  -1.0545 3.7218 -4.0926
v  -0.9942 3.7693 -4.2010
v  -1.0643 3.6581 -3.9488
v  -1.0821 3.7287 -3.9362
v  -1.1134 3.8103 -4.0452
v  -1.0856 3.7776 -4.1117
v  -1.1173 3.8855 -4.1584
v  -1.0553 3.8289 -4.2007
v  -1.1096 3.8767 -3.9642
v  -1.1336 3.8111 -3.8733
v  -1.1363 3.9575 -4.0789
v  -0.9338 3.8156 -4.3050
v  -0.8495 3.9155 -4.4483
v  -0.7646 3.9062 -4.4038
v  -0.8603 3.7826 -4.2759
v  -1.0255 4.2189 -4.0026
v  -1.0706 4.1322 -4.1237
v  -0.9917 4.3607 -4.2116
v  -1.0215 4.2680 -4.3289
v  -1.0913 4.0545 -4.2177
v  -1.0790 3.9711 -4.2855
v  -1.0334 4.1820 -4.4124
v  -1.0024 4.0894 -4.4595
v  -1.0122 3.8864 -4.3094
v  -0.9376 3.9888 -4.4700
v  -0.9050 4.5271 -4.5016
v  -0.9386 4.4357 -4.6143
v  -0.8096 4.7738 -4.8708
v  -0.8478 4.6795 -4.9774
v  -0.6176 4.3534 -5.0416
v  -0.7314 4.1145 -4.6847
v  -0.8272 4.1720 -4.7235
v  -0.7179 4.4093 -5.0775
v  -0.8909 4.2698 -4.7213
v  -0.7931 4.5043 -5.0784
v  -0.9294 4.3520 -4.6873
v  -0.8288 4.5925 -5.0428
v  -0.7153 5.1360 -5.3239
v  -0.7574 5.0371 -5.4146
v  -0.6234 5.1932 -5.2416
v  -0.5461 5.5461 -5.6375
v  -0.6473 5.4844 -5.7251
v  -0.6808 5.3688 -5.8059
v  -0.4418 4.8717 -5.8989
v  -0.5121 4.6374 -5.4858
v  -0.6221 4.6995 -5.5110
v  -0.5548 4.9553 -5.9043
v  -0.7085 4.8074 -5.5040
v  -0.6327 5.0888 -5.8777
v  -0.7419 4.9262 -5.4689
v  -0.6684 5.2338 -5.8479
v  -0.0699 6.3359 -7.3146
v  -0.1472 6.1040 -7.0038
v  -0.0592 6.1855 -6.9507
v  0.0420 6.4322 -7.2484
v  -0.1797 6.0173 -6.6826
v  -0.2553 5.9348 -6.7359
v  -0.0802 6.0615 -6.6399
v  0.0459 6.2329 -6.9053
v  0.1824 6.4725 -7.1920
v  -0.2914 5.8356 -6.8144
v  -0.2069 6.0067 -7.0790
v  -0.1884 5.8803 -7.1479
v  -0.2788 5.7123 -6.8864
v  -0.1261 6.2143 -7.3896
v  -0.1032 6.0758 -7.4589
v  0.1462 5.8727 -7.5040
v  0.0443 5.6687 -7.1538
v  -0.1070 5.7364 -7.1893
v  -0.0096 5.9373 -7.5150
v  -0.1999 5.5718 -6.9082
v  -0.0722 5.4831 -6.8666
v  2.2652 0.4868 -1.8625
v  2.3211 0.5587 -1.8717
v  2.0896 0.6626 -1.8533
v  2.0257 0.5835 -1.8535
v  2.1437 0.7303 -1.8887
v  2.3710 0.6246 -1.8961
v  2.1636 0.7570 -1.9585
v  2.1519 0.7396 -2.0317
v  2.3937 0.6633 -2.0368
v  2.4002 0.6682 -1.9569
v  2.1190 0.6927 -2.0934
v  2.3503 0.6077 -2.1022
v  2.3238 0.5870 -2.1806
v  2.0872 0.6468 -2.1676
v  2.9121 2.3432 -4.6919
v  2.9100 2.2832 -4.6384
v  3.2592 2.1604 -4.8010
v  3.2762 2.2215 -4.8522
v  2.5360 2.3702 -4.5162
v  2.8929 2.1858 -4.5574
v  2.5237 2.2660 -4.4390
v  3.2330 2.0711 -4.7118
v  2.9907 0.1112 -2.2081
v  2.9491 0.1550 -2.2851
v  2.9389 0.0411 -2.2309
v  2.8868 0.0791 -2.2900
v  2.8679 -0.0954 -1.9383
v  2.8215 -0.0959 -2.0344
v  2.7345 -0.0724 -1.8855
v  2.7106 -0.0821 -1.9789
v  2.9245 0.1769 -2.4824
v  2.9865 0.2184 -2.4807
v  2.9483 0.1795 -2.3461
v  2.8927 0.1259 -2.3470
v  4.2247 1.7550 -5.4543
v  4.1811 1.7224 -5.5152
v  4.1377 1.7153 -5.3655
v  4.0278 1.7077 -5.4224
v  4.0432 1.6854 -5.1302
v  3.9848 1.6217 -5.1864
v  4.0677 1.6745 -5.2977
v  4.1327 1.7514 -5.2391
v  3.9473 1.6836 -5.3224
v  3.8720 1.6371 -5.1951
v  4.1686 1.7141 -5.5898
v  4.0255 1.6882 -5.5390
v  4.2560 1.9532 -5.8082
v  4.1269 1.9942 -5.7878
v  4.2342 2.1878 -5.8149
v  4.3339 2.0885 -5.7714
v  3.2735 4.4687 -7.3786
v  3.3548 4.4516 -7.4563
v  3.2339 4.4327 -7.6039
v  3.1213 4.4769 -7.5415
v  3.4354 4.3225 -7.3319
v  3.3626 4.3416 -7.2541
v  3.1582 4.3287 -7.7008
v  3.0363 4.3584 -7.7023
v  3.1433 4.1915 -7.7230
v  2.9548 4.1638 -7.7220
v  3.4974 3.9237 -7.4074
v  3.4564 3.8670 -7.3449
v  3.3900 3.8195 -7.4796
v  3.4664 3.8768 -7.5416
v  3.4862 4.0194 -7.3123
v  3.4344 3.9736 -7.2177
v  3.4463 4.1551 -7.3047
v  3.3838 4.1568 -7.2316
v  4.4030 2.1852 -5.5251
v  4.3297 2.2809 -5.4811
v  4.3892 2.2120 -5.6248
v  4.3070 2.3464 -5.6388
v  4.3699 2.1748 -5.7098
v  4.3097 2.2848 -5.7572
v  1.8370 2.7295 -5.5421
v  2.2074 2.6484 -5.7043
v  2.0374 2.9383 -5.9932
v  1.6758 2.9966 -5.7954
v  2.5084 2.9266 -6.1745
v  2.6659 2.5820 -5.8912
v  1.5597 3.3202 -5.9954
v  1.8998 3.2756 -6.2249
v  2.3638 3.2877 -6.4227
v  1.5492 0.3180 -1.4633
v  1.4713 0.1954 -1.2531
v  1.6502 0.0383 -1.2970
v  1.7327 0.1605 -1.5218
v  1.5671 -0.0843 -1.0756
v  1.4051 0.0813 -1.0339
v  1.7544 -0.2237 -1.1214
v  1.8447 -0.1052 -1.3519
v  1.9519 0.0347 -1.5628
v  1.8320 -0.3534 -1.4983
v  1.7248 -0.2935 -1.5037
v  1.8014 -0.1629 -1.6632
v  1.9106 -0.2220 -1.6609
v  2.0188 -0.2744 -1.6522
v  1.9382 -0.4053 -1.4847
v  2.1201 -0.6111 -0.9437
v  2.1914 -0.5278 -1.1250
v  2.2291 -0.5018 -1.0867
v  2.1692 -0.5828 -0.9064
v  2.3075 -0.3979 -1.2906
v  2.2792 -0.4199 -1.3273
v  2.4290 -0.2963 -1.4732
v  2.4508 -0.2707 -1.4376
v  2.3933 -0.3171 -1.5078
v  2.5025 -0.2079 -1.6682
v  2.5403 -0.1878 -1.6345
v  2.5597 -0.1653 -1.6008
v  2.6030 -0.1268 -1.8228
v  2.6346 -0.1144 -1.7759
v  2.6473 -0.0941 -1.7281
v  2.6496 -0.0568 -1.6820
v  2.5408 -0.1304 -1.5775
v  2.6027 -0.0080 -1.6774
v  2.4902 -0.1014 -1.5719
v  2.4310 -0.2317 -1.4116
v  2.3836 -0.2060 -1.3985
v  2.1547 0.3352 -1.8025
v  2.2172 0.4249 -1.8406
v  1.9785 0.5194 -1.8356
v  1.9196 0.4335 -1.7924
v  1.7703 0.6262 -1.8054
v  1.7158 0.5528 -1.7524
v  1.6334 0.4401 -1.6385
v  1.8287 0.3009 -1.6917
v  2.0618 0.1945 -1.7111
v  3.8941 1.4715 -4.9821
v  3.7976 1.4811 -4.9838
v  3.9604 1.5138 -4.9389
v  3.8013 1.2304 -4.7214
v  3.7200 1.2117 -4.7450
v  2.6825 1.4604 -3.9861
v  2.7657 1.7607 -4.2107
v  2.5802 1.1750 -3.7113
v  2.8618 1.0972 -3.7943
v  2.9740 1.3619 -4.1029
v  3.0655 1.6386 -4.3633
v  2.4884 2.0930 -4.2910
v  2.8404 2.0066 -4.4073
v  3.1642 1.8911 -4.5590
v  3.6568 0.9755 -4.3970
v  3.6112 0.9240 -4.4391
v  3.5255 0.7076 -4.0335
v  3.4825 0.6432 -4.0780
v  3.0842 0.2932 -2.7888
v  3.0195 0.2546 -2.7950
v  3.1798 0.3086 -3.2127
v  3.2426 0.3820 -3.1899
v  3.4072 0.5010 -3.6164
v  3.3347 0.4403 -3.6533
v  2.5471 0.7317 -3.0710
v  2.6964 0.8696 -3.4554
v  2.4446 0.9766 -3.3775
v  2.3185 0.8618 -3.0117
v  2.1414 2.2890 -5.0379
v  2.1145 2.3844 -5.0819
v  2.4466 2.2455 -5.2323
v  2.4723 2.1597 -5.1802
v  2.8634 2.1129 -5.4298
v  2.8633 2.0065 -5.3821
v  3.1015 0.1891 -1.9730
v  3.0951 0.1628 -1.9101
v  3.0213 0.2670 -1.9492
v  3.0051 0.2448 -1.8837
v  3.0726 0.1234 -1.8597
v  2.9820 0.2067 -1.8379
v  2.8804 -0.0121 -2.2145
v  2.8099 0.0103 -2.2453
v  2.8348 -0.0506 -2.1715
v  2.7513 -0.0432 -2.1933
v  2.8138 -0.0798 -2.1115
v  2.7281 -0.0753 -2.1100
v  2.3524 0.6030 -2.4014
v  2.4402 0.6699 -2.6870
v  2.2127 0.7772 -2.6644
v  2.1276 0.7018 -2.4008
v  2.0915 0.6624 -2.2591
v  2.3209 0.5849 -2.2569
v  2.2921 0.5450 -2.7517
v  2.1039 0.5909 -2.7536
v  2.5046 0.4702 -2.7580
v  2.4319 0.3325 -2.4888
v  2.2398 0.3969 -2.5009
v  2.0703 0.4421 -2.5159
v  2.0593 0.3864 -2.4042
v  2.2152 0.3262 -2.3927
v  2.3989 0.2672 -2.3696
v  3.3683 3.8950 -7.6683
v  3.2580 3.9886 -7.7334
v  3.2814 3.8635 -7.6093
v  3.1615 3.9486 -7.6740
v  3.1815 4.0941 -7.7355
v  3.0536 4.0474 -7.7037
v  1.7966 4.1124 -6.0952
v  1.8013 3.9981 -6.0591
v  2.0993 4.0437 -6.3061
v  2.1020 4.1492 -6.3289
v  2.1022 3.9488 -6.2646
v  1.7902 3.8861 -6.0305
v  2.4764 4.0162 -6.5194
v  2.4699 4.1096 -6.5547
v  2.4750 4.2259 -6.5676
v  1.7555 4.2572 -6.1679
v  2.0723 4.2943 -6.3943
v  2.4379 4.3710 -6.6487
v  2.4613 2.6777 -4.7940
v  2.8524 2.5887 -4.9080
v  2.8138 2.6110 -4.9676
v  2.4127 2.6885 -4.8621
v  3.2337 2.5046 -5.1388
v  3.2715 2.4776 -5.0745
v  3.1556 2.5724 -5.2694
v  2.7405 2.6766 -5.0876
v  2.3336 2.7367 -4.9847
v  2.7930 2.9822 -5.8690
v  2.3794 3.0289 -5.6527
v  2.5782 2.8206 -5.3391
v  3.0054 2.7714 -5.5205
v  2.1781 2.8628 -5.2216
v  2.0064 3.0728 -5.4952
v  4.1443 1.8184 -5.1624
v  4.0577 1.7429 -5.0644
v  4.0897 1.8849 -5.1050
v  4.0077 1.8032 -5.0099
v  3.9819 1.5751 -4.8810
v  3.9290 1.6354 -4.8405
v  2.5899 1.7822 -4.6437
v  2.9588 1.6826 -4.7678
v  2.2651 1.8699 -4.5167
v  2.2912 2.0772 -4.6662
v  2.6186 1.9717 -4.8314
v  3.0040 1.8729 -4.9611
v  2.2772 2.2012 -4.8338
v  2.6203 2.1264 -4.9717
v  2.6337 2.0786 -4.9133
v  2.2921 2.1690 -4.7665
v  3.0132 2.0015 -5.1141
v  3.0213 1.9624 -5.0566
v  3.9308 2.5948 -6.2385
v  4.1605 2.4444 -5.9509
v  4.0837 2.3773 -5.9632
v  3.8914 2.5503 -6.2738
v  3.7376 2.7640 -6.7413
v  3.7568 2.8671 -6.6226
v  3.7032 2.9018 -6.5346
v  3.8980 2.6323 -6.1757
v  4.1051 2.5028 -5.8736
v  4.2216 2.4214 -5.7280
v  4.2701 2.3612 -5.8167
v  4.2055 2.2758 -5.8626
v  2.9133 2.5778 -4.8356
v  3.3227 2.4657 -4.9950
v  2.5209 2.6533 -4.7218
v  2.9532 2.5220 -4.7657
v  3.3500 2.4114 -4.9194
v  2.9337 2.4249 -4.7358
v  3.3230 2.3167 -4.8752
v  2.2102 2.2238 -4.9552
v  2.1751 2.2420 -4.9962
v  2.4989 2.1196 -5.1395
v  2.5335 2.1165 -5.0977
v  2.8832 1.9594 -5.3200
v  2.9212 1.9695 -5.2567
v  2.9740 2.0084 -5.1899
v  2.5818 2.1389 -5.0424
v  2.2470 2.2164 -4.9000
v  3.5632 3.3254 -6.8373
v  3.5060 3.1928 -7.0080
v  3.5934 3.2662 -6.9459
v  3.3719 3.5639 -7.2297
v  3.4703 3.6299 -7.1730
v  3.4237 3.6910 -7.0622
v  3.3743 3.7263 -7.3801
v  3.4470 3.7959 -7.2864
v  3.4248 3.8749 -7.1630
v  2.2077 3.3144 -5.9429
v  1.8726 3.3470 -5.7257
v  2.5896 3.2823 -6.2127
v  2.1112 3.6206 -6.1313
v  2.5133 3.6749 -6.3738
v  1.7981 3.6117 -5.8839
v  2.5049 3.9149 -6.4348
v  2.0994 3.8304 -6.2090
v  1.7850 3.7775 -5.9722
v  2.9317 4.3917 -7.7327
v  2.6931 4.4966 -7.7841
v  2.6913 4.5288 -7.6040
v  2.9665 4.5063 -7.5951
v  2.8263 4.2338 -7.7580
v  2.6060 4.3646 -7.8760
v  1.6846 4.2346 -7.1028
v  1.8349 4.1056 -7.0672
v  1.4428 4.1044 -6.7502
v  1.3129 4.2348 -6.7860
v  1.1062 4.1073 -6.4726
v  0.9830 4.2217 -6.5181
v  0.1057 5.9477 -6.5679
v  0.1279 5.8033 -6.5496
v  0.2387 5.9810 -6.8464
v  0.2277 6.1241 -6.8418
v  0.2603 5.8508 -6.8340
v  0.1400 5.6673 -6.5290
v  0.4617 6.0766 -7.1474
v  0.4262 6.1996 -7.1451
v  0.4014 6.3439 -7.1256
v  0.3104 6.4493 -7.1401
v  0.1520 6.2193 -6.8593
v  0.0274 6.0479 -6.5912
v  2.7008 0.3107 -1.8380
v  2.7498 0.3555 -1.8618
v  2.5504 0.4491 -1.8809
v  2.4990 0.3912 -1.8660
v  2.5928 0.5034 -1.9011
v  2.7845 0.3974 -1.8918
v  2.5930 0.5564 -2.1077
v  2.7828 0.4654 -2.0995
v  2.7514 0.4753 -2.1797
v  2.5598 0.5428 -2.1830
v  2.6337 0.5793 -2.0246
v  2.8124 0.4490 -2.0146
v  3.3453 0.9385 -3.9604
v  3.5013 1.1961 -4.2918
v  3.2591 1.2572 -4.2230
v  3.1292 1.0059 -3.8897
v  3.3643 1.5176 -4.5056
v  3.6396 1.4720 -4.5500
v  3.9324 2.0233 -5.1019
v  4.0215 2.1466 -5.1268
v  3.7089 2.2186 -5.0188
v  3.6444 2.1127 -4.9871
v  3.7528 2.3313 -5.0783
v  4.0745 2.2735 -5.2134
v  2.7739 0.2135 -2.4714
v  2.8628 0.1774 -2.4776
v  2.8232 0.1129 -2.3479
v  2.7242 0.1385 -2.3494
v  2.7984 0.0756 -2.3026
v  2.6988 0.0979 -2.3082
v  3.7367 1.8185 -5.5292
v  3.9064 1.7260 -5.6001
v  3.9177 1.7229 -5.5012
v  3.7536 1.8151 -5.4404
v  3.9074 1.7213 -5.3985
v  3.7479 1.7909 -5.3437
v  3.4857 1.2354 -4.7324
v  3.6376 1.2151 -4.7484
v  3.5211 0.9217 -4.4534
v  3.3675 0.9529 -4.4348
v  3.3829 0.6494 -4.0918
v  3.2393 0.7065 -4.0640
v  3.0497 4.4519 -7.1757
v  3.1939 4.4720 -7.3016
v  3.0600 4.5020 -7.4344
v  2.9243 4.4704 -7.3161
v  3.2848 4.3498 -7.1817
v  3.1319 4.3339 -7.0629
v  4.2508 2.3354 -5.4300
v  4.2120 2.3899 -5.5721
v  4.0627 2.4541 -5.4562
v  4.2299 2.2294 -5.2972
v  4.0834 2.3701 -5.3401
v  3.4833 2.8904 -6.3866
v  3.3277 3.3237 -6.6658
v  3.0165 3.3278 -6.4347
v  3.1584 2.8890 -6.1731
v  2.9408 3.7467 -6.5927
v  3.2113 3.7178 -6.8720
v  2.0807 -0.3102 -1.1967
v  2.1905 -0.1695 -1.3892
v  2.0304 -0.1655 -1.3851
v  1.9284 -0.2900 -1.1664
v  2.1541 -0.0100 -1.5647
v  2.3151 -0.0241 -1.5555
v  2.7533 0.1902 -1.7907
v  2.6479 0.1300 -1.7518
v  2.8350 0.2320 -1.8248
v  2.6286 0.2651 -1.8108
v  2.5366 0.1988 -1.7682
v  2.8810 0.2734 -1.8528
v  2.9079 0.3102 -1.8882
v  2.4406 0.3377 -1.8392
v  2.3659 0.2608 -1.7916
v  2.9301 0.3353 -1.9444
v  2.9292 0.3513 -2.0184
v  2.8090 0.4269 -1.9450
v  2.8949 0.3705 -2.1043
v  2.8628 0.3918 -2.1895
v  2.6267 0.5522 -1.9486
v  2.8625 0.4068 -2.2615
v  2.9119 0.4470 -2.4060
v  2.8068 0.5367 -2.3775
v  2.7529 0.4878 -2.2415
v  2.5579 0.5456 -2.2452
v  2.6056 0.5982 -2.3791
v  3.2632 0.6943 -3.5978
v  3.1108 0.5706 -3.1502
v  3.4562 0.9161 -3.9887
v  3.1672 0.7269 -3.5678
v  3.0045 0.5944 -3.1349
v  3.6274 1.1743 -4.3181
v  3.7700 1.4386 -4.5883
v  2.9624 0.7972 -3.5124
v  2.8023 0.6564 -3.1043
v  4.0158 1.9189 -5.0773
v  3.9394 1.8316 -4.9840
v  4.0788 1.9783 -5.1574
v  3.8756 1.9618 -5.0300
v  3.8082 1.8709 -4.9401
v  4.1709 2.0987 -5.2026
v  3.6076 2.0530 -4.9257
v  3.5535 1.9563 -4.8476
v  2.3447 -0.2054 -1.7319
v  2.2209 -0.1736 -1.7620
v  2.3136 -0.0596 -1.9151
v  2.4438 -0.1013 -1.8892
v  2.3936 0.0021 -2.0660
v  2.5286 -0.0498 -2.0421
v  2.4338 -0.0045 -2.1871
v  2.5717 -0.0632 -2.1646
v  2.4719 0.0283 -2.2568
v  2.6114 -0.0264 -2.2375
v  2.6603 -0.0797 -2.1328
v  2.6223 -0.0727 -2.0091
v  2.6916 -0.0405 -2.2136
v  2.4383 -0.2184 -1.7024
v  2.5389 -0.1196 -1.8589
v  2.5134 0.0866 -2.2999
v  2.6578 0.0352 -2.2812
v  2.5508 0.1529 -2.3182
v  2.5752 0.1950 -2.3577
v  2.6203 0.2684 -2.4765
v  2.7463 0.0225 -2.2598
v  3.6468 1.6837 -5.1539
v  3.3603 1.7600 -5.0821
v  3.3938 1.8303 -5.1883
v  3.7076 1.7623 -5.2621
v  3.4119 1.8643 -5.2473
v  3.4028 1.9102 -5.3310
v  3.3650 1.8862 -5.4106
v  3.7954 1.6614 -5.1763
v  3.8584 1.7110 -5.3105
v  2.9685 0.3729 -3.2108
v  2.7872 0.4659 -3.1836
v  2.8788 0.5777 -3.6198
v  3.0926 0.4959 -3.6559
v  3.0039 0.7891 -4.0090
v  3.1160 1.0409 -4.3540
v  3.2220 1.3214 -4.6383
v  3.0870 0.3213 -3.2200
v  3.2315 0.4427 -3.6697
v  3.7291 1.8789 -5.6601
v  3.3357 1.9319 -5.5349
v  3.3714 2.0506 -5.5887
v  3.7938 2.0095 -5.7426
v  3.3836 2.1351 -5.7003
v  3.8562 2.1366 -5.8192
v  3.3811 2.1621 -5.7456
v  3.3158 2.2545 -5.8522
v  3.7795 2.2920 -5.9586
v  3.8604 2.1917 -5.8567
v  4.1013 2.2428 -5.8653
v  4.0974 2.1635 -5.8205
v  4.0061 2.3607 -5.9673
v  3.9143 1.8372 -5.7545
v  4.0154 2.0071 -5.7703
v  3.0764 3.5217 -7.1310
v  2.7310 3.5828 -6.8624
v  2.7026 3.7248 -7.0016
v  3.0554 3.6738 -7.2844
v  2.6794 3.7753 -7.1053
v  3.0563 3.7531 -7.3650
v  2.5842 3.7627 -7.2247
v  2.4642 3.8034 -7.3266
v  2.8561 3.8609 -7.5437
v  2.9760 3.8025 -7.4573
v  3.1800 3.8373 -7.5602
v  3.2611 3.7890 -7.4579
v  3.0590 3.9117 -7.6325
v  3.2783 3.5389 -7.2162
v  3.2637 3.6948 -7.3813
v  2.3692 3.9106 -7.3777
v  2.2792 4.0041 -7.4136
v  2.6374 4.0503 -7.6283
v  2.7434 3.9568 -7.5955
v  2.2074 4.0866 -7.4158
v  2.0500 4.2533 -7.4162
v  2.3540 4.3017 -7.6445
v  2.5447 4.1298 -7.6417
v  2.7247 4.1646 -7.7462
v  2.8284 4.0960 -7.7110
v  2.5029 4.3130 -7.7640
v  2.9420 4.0090 -7.6736
v  0.1415 6.1666 -7.8191
v  0.2739 6.1001 -7.8305
v  0.0430 6.2804 -7.7729
v  0.1960 6.4472 -8.0179
v  0.2622 6.3441 -8.0735
v  0.3731 6.2763 -8.0981
v  0.1954 6.5505 -7.9540
v  0.0218 6.4105 -7.7079
v  0.0718 6.5337 -7.6357
v  0.2420 6.6453 -7.8930
v  0.1989 6.6107 -7.5701
v  0.3506 6.7092 -7.8374
v  0.3395 6.6329 -7.5175
v  0.4698 6.7342 -7.7878
v  0.4525 6.5992 -7.4720
v  0.5374 6.5118 -7.4511
v  0.6335 6.6288 -7.7219
v  0.5658 6.7103 -7.7381
v  0.5848 6.3907 -7.4676
v  0.5903 6.2748 -7.5024
v  0.6779 6.4262 -7.7953
v  0.6692 6.5251 -7.7493
v  2.5473 4.5095 -7.4566
v  2.3340 4.5447 -7.2163
v  2.5511 4.4620 -7.1615
v  2.7965 4.4784 -7.3846
v  2.6683 4.4305 -7.0895
v  2.7719 4.3907 -6.9540
v  2.8350 4.2819 -6.8443
v  2.6576 4.5178 -7.5538
v  2.9262 4.5128 -7.4943
v  2.8339 4.1581 -6.8325
v  2.8367 4.0516 -6.8083
v  3.1515 4.0666 -7.0194
v  3.1422 4.1900 -7.0456
v  2.8730 3.9402 -6.7267
v  3.1701 3.9414 -6.9668
v  3.3454 3.7004 -7.0065
v  3.3300 3.9166 -7.0919
v  3.3246 4.0356 -7.1330
v  3.3051 4.1793 -7.1610
v  3.8801 2.5448 -5.7097
v  3.5597 2.5374 -5.5047
v  3.6671 2.5147 -5.3456
v  4.0023 2.5081 -5.5471
v  3.7195 2.4873 -5.2638
v  3.7531 2.4263 -5.1672
v  4.0332 2.5248 -5.8163
v  4.1486 2.4474 -5.6652
v  3.8423 2.6412 -6.1269
v  3.6471 2.9051 -6.4836
v  3.6880 2.6376 -6.0256
v  3.4945 3.3362 -6.7694
v  3.3733 2.6446 -5.8105
v  3.3944 3.1860 -6.9732
v  3.5775 2.7528 -6.6972
v  3.3429 2.7475 -6.6269
v  3.1795 3.1733 -6.9053
v  3.8114 2.5301 -6.2806
v  3.5799 2.4700 -6.2576
v  3.1570 2.5029 -6.1046
v  2.9582 2.8244 -6.4295
v  2.8105 3.2302 -6.6860
v  2.1284 -0.4103 -1.0040
v  2.0781 -0.4734 -0.8266
v  2.2068 -0.2951 -1.1894
v  2.0104 -0.4078 -0.9907
v  1.9711 -0.4660 -0.8037
v  2.3098 -0.1772 -1.3853
v  2.4224 -0.0633 -1.5631
v  1.6973 -0.3130 -0.9009
v  1.8648 -0.3830 -0.9502
v  1.8314 -0.4379 -0.7577
v  1.6655 -0.3712 -0.7091
v  2.3382 -0.3324 -1.5459
v  2.2564 -0.3337 -1.5855
v  2.2337 -0.4437 -1.3703
v  2.1609 -0.4592 -1.4176
v  2.1423 -0.3169 -1.6267
v  2.0540 -0.4471 -1.4595
v  2.2701 0.1448 -1.6915
v  2.4320 0.1025 -1.6787
v  2.5359 0.0424 -1.6816
v  3.8680 1.6663 -4.8125
v  3.7429 1.7107 -4.7610
v  3.4743 1.7736 -4.6984
v  3.3091 1.5841 -4.8785
v  3.5777 1.4973 -4.9705
v  3.7257 1.4836 -4.9823
v  2.7061 0.3818 -2.7687
v  2.8720 0.3151 -2.7759
v  2.9617 0.2728 -2.7869
v  2.9948 0.5001 -2.7265
v  2.8888 0.5568 -2.7038
v  2.6840 0.6051 -2.6954
v  3.8951 1.7577 -5.6781
v  3.7236 1.8336 -5.5866
v  3.3412 1.8884 -5.4704
v  -1.2055 3.6254 -3.8707
v  -1.2306 3.6885 -3.8512
v  -1.3326 3.6181 -3.8001
v  -1.3244 3.6700 -3.8187
v  -1.2699 3.6842 -3.4918
v  -1.3956 3.6245 -3.5278
v  -1.3058 3.7736 -3.5197
v  -1.4415 3.7159 -3.5648
v  -1.4661 3.6094 -3.6967
v  -1.4210 3.5264 -3.6580
v  -1.4363 3.5687 -3.5944
v  -1.4910 3.6570 -3.6324
v  -1.3151 3.8397 -3.5833
v  -1.4482 3.7962 -3.6175
v  -1.3191 3.8865 -3.6502
v  -1.4145 3.8481 -3.6585
v  -1.5013 3.7433 -3.6815
v  -1.4433 3.8246 -3.7237
v  -1.4281 3.7726 -3.7849
v  -1.4763 3.6894 -3.7401
v  -1.3090 3.8608 -3.8185
v  -1.3200 3.8991 -3.7385
v  -1.3879 3.7119 -3.8052
v  -1.2737 3.7717 -3.8473
v  -1.4194 3.6439 -3.7672
v  -1.4056 3.5708 -3.7433
v  -1.3738 3.4939 -3.7179
v  -0.5629 4.1692 -3.8856
v  -0.4743 4.2601 -4.0964
v  -0.5276 4.3333 -4.1000
v  -0.6146 4.2040 -3.8693
v  -0.6507 4.2381 -3.8487
v  -0.5769 4.3768 -4.0467
v  -0.3712 4.7237 -4.7241
v  -0.4785 4.5424 -4.3532
v  -0.4346 4.5081 -4.4019
v  -0.3462 4.6643 -4.7609
v  -0.2254 4.2572 -4.4103
v  -0.2729 4.3140 -4.4313
v  -0.0348 4.3314 -4.7868
v  -0.1071 4.4086 -4.8157
v  -0.3308 4.3720 -4.4188
v  -0.1818 4.4740 -4.8106
v  -0.2478 4.5385 -4.7974
v  -0.3724 4.4359 -4.4257
v  -0.2973 4.6096 -4.8046
v  -0.3733 4.5103 -4.5064
v  1.3184 4.8826 -7.0821
v  1.1046 4.8327 -6.8126
v  1.4247 4.6108 -6.7773
v  1.6777 4.6400 -7.0388
v  1.1722 4.5394 -6.5708
v  0.8825 4.7521 -6.6030
v  0.5534 5.8925 -7.1371
v  0.4937 6.0045 -7.1403
v  0.2890 5.7677 -6.8211
v  0.3525 5.6647 -6.8208
v  0.1552 5.5830 -6.5184
v  0.2026 5.4852 -6.5348
v  0.8739 5.0365 -6.8401
v  0.6781 4.9420 -6.6197
v  1.0691 5.1227 -7.1131
v  0.8832 5.3814 -7.1264
v  0.6936 5.2506 -6.8437
v  0.5107 5.1247 -6.6145
v  0.5030 5.4758 -6.8335
v  0.7014 5.6636 -7.1301
v  0.3345 5.3179 -6.5785
v  1.9259 4.7046 -7.3042
v  2.0961 4.7088 -7.5527
v  1.6282 4.9747 -7.6558
v  1.4902 4.9217 -7.3972
v  0.7669 6.2215 -7.8318
v  0.7048 6.3604 -7.8176
v  0.6177 6.2061 -7.5096
v  0.6802 6.0814 -7.5093
v  1.1808 5.5935 -7.7654
v  0.9446 5.9300 -7.8146
v  0.8323 5.8091 -7.4995
v  1.0385 5.4903 -7.4709
v  1.2295 5.1990 -7.4404
v  1.3714 5.2840 -7.7140
v  1.6885 4.9934 -7.7865
v  2.1718 4.6997 -7.6659
v  2.1811 4.6994 -7.6864
v  1.6929 5.0063 -7.8249
v  1.4521 5.3363 -7.8732
v  1.2844 5.6685 -7.9420
v  1.4871 5.3640 -7.9769
v  1.3271 5.7026 -8.0737
v  2.1735 4.6985 -7.8055
v  1.6958 5.0194 -7.9554
v  2.0903 4.6233 -7.8342
v  1.5954 4.9569 -7.9730
v  1.4401 5.3365 -8.0933
v  1.2765 5.6822 -8.2068
v  1.3271 5.2848 -8.1054
v  1.1489 5.6253 -8.2179
v  2.0345 4.6186 -7.7880
v  1.5238 4.9143 -7.9503
v  1.9196 4.5997 -7.7022
v  1.4055 4.8476 -7.8648
v  0.9597 5.4959 -7.9998
v  1.0610 5.5724 -8.1421
v  1.2380 5.2280 -8.0714
v  1.1224 5.1567 -7.9539
v  0.2266 5.8266 -7.5054
v  0.3594 6.0573 -7.8409
v  0.4728 5.9663 -7.8190
v  0.3178 5.7417 -7.4896
v  0.4698 6.2447 -8.1057
v  0.5942 6.1405 -8.0892
v  1.6571 4.5087 -7.5113
v  1.1966 4.7561 -7.6692
v  1.3543 4.4650 -7.2155
v  0.9921 4.7313 -7.3458
v  0.9345 5.0575 -7.7424
v  0.7764 5.0058 -7.4023
v  0.6441 5.2845 -7.4127
v  0.7897 5.3796 -7.7631
v  0.6373 5.7180 -7.7818
v  0.4726 5.5441 -7.4515
v  0.7933 5.8739 -8.0272
v  0.1152 5.6134 -7.1475
v  -0.0035 5.4136 -6.8528
v  0.1824 5.5260 -7.1415
v  0.0598 5.3243 -6.8451
v  1.0415 4.4406 -6.9032
v  0.7498 4.6777 -7.0282
v  0.7474 4.3786 -6.6456
v  0.5259 4.6057 -6.7475
v  0.5698 4.9111 -7.0778
v  0.3819 4.8083 -6.7901
v  0.2699 4.9895 -6.8101
v  0.4354 5.1286 -7.1002
v  0.2991 5.3497 -7.1223
v  0.1567 5.1721 -6.8296
v  0.3078 4.4907 -6.3495
v  0.3941 4.5464 -6.5208
v  0.5815 4.3589 -6.4224
v  0.4693 4.3202 -6.2616
v  0.7720 4.2124 -6.3168
v  0.6362 4.1910 -6.1690
v  0.2715 4.7232 -6.5717
v  0.1983 4.6511 -6.4094
v  0.1136 4.8006 -6.4454
v  0.1777 4.8855 -6.5978
v  -0.4382 4.5939 -5.4693
v  -0.5496 4.3100 -5.0322
v  -0.3566 4.8256 -5.8734
v  -0.2873 4.7542 -5.8633
v  -0.3763 4.5346 -5.4750
v  -0.4764 4.2801 -5.0478
v  -0.3774 4.2508 -5.1008
v  -0.4182 4.0821 -4.8487
v  -0.5648 4.0698 -4.7086
v  -0.2600 4.1506 -5.0995
v  -0.2804 4.2557 -5.2198
v  -0.2042 4.0642 -5.0330
v  -0.4154 3.9674 -4.7018
v  -0.3868 3.8921 -4.6454
v  -0.1382 3.9921 -4.9881
v  -0.6583 4.0825 -4.6662
v  -0.2001 0.7377 -1.3280
v  -0.1704 0.7146 -1.4015
v  -0.1759 0.5241 -1.2103
v  -0.1813 0.5985 -1.1638
v  -0.1158 0.6931 -1.4635
v  -0.0985 0.5195 -1.2868
v  -0.1855 0.5169 -1.0475
v  -0.2197 0.5533 -1.0080
v  -0.1756 0.4548 -1.0768
v  -0.1827 0.4100 -0.9925
v  -0.2005 0.4659 -0.9599
v  -0.2384 0.5024 -0.9291
v  1.8551 0.1870 -2.2636
v  1.7579 0.1919 -2.2634
v  1.7838 0.2211 -2.3650
v  1.8828 0.2310 -2.3438
v  1.8367 0.1970 -2.1307
v  1.7423 0.2222 -2.1276
v  1.9157 0.3117 -2.3681
v  1.8257 0.3205 -2.3983
v  1.8589 0.4224 -2.3788
v  1.9442 0.3958 -2.3581
v  1.0908 1.1057 -1.8366
v  0.9249 1.1959 -1.8337
v  0.9127 1.1478 -1.7802
v  1.0730 1.0636 -1.7848
v  1.9839 2.2785 -4.8539
v  2.0212 2.2613 -4.7816
v  1.8454 2.2617 -4.6941
v  1.7987 2.2729 -4.7932
v  2.0493 2.2486 -4.7021
v  1.8744 2.2527 -4.6021
v  2.0509 2.2054 -4.6348
v  1.8576 2.1953 -4.5528
v  2.0368 2.1026 -4.5584
v  1.8402 2.1038 -4.4884
v  1.2721 2.6630 -3.9820
v  1.2771 2.7334 -4.0297
v  0.9356 2.8563 -3.8792
v  0.9333 2.7845 -3.8320
v  0.9348 2.7038 -3.7751
v  1.2674 2.5844 -3.9230
v  0.9403 1.2922 -2.0894
v  0.9372 1.2978 -2.1524
v  0.9594 1.3174 -2.0311
v  1.1426 1.2249 -2.0635
v  1.1239 1.2018 -2.1211
v  1.1190 1.2150 -2.1828
v  0.8175 4.0718 -6.0784
v  0.7466 4.1234 -6.1104
v  0.8902 4.1231 -6.2625
v  0.9665 4.0643 -6.2312
v  -0.3311 5.8199 -6.5468
v  -0.2636 5.9038 -6.5011
v  -0.3511 5.8488 -6.3615
v  -0.4224 5.7524 -6.4093
v  -0.2416 5.8989 -6.3066
v  -0.1694 5.9569 -6.4549
v  -0.1111 5.8851 -6.2376
v  -0.0529 5.9460 -6.3951
v  0.0266 5.8315 -6.3669
v  -0.0142 5.7657 -6.1941
v  0.0565 5.6855 -6.3391
v  0.0740 5.5490 -6.3181
v  0.0318 5.6114 -6.1625
v  0.0339 5.4667 -6.1555
v  0.0377 5.3868 -6.1709
v  0.0861 5.4681 -6.3186
v  0.1305 5.3806 -6.3387
v  0.0809 5.3060 -6.1929
v  1.4947 3.8413 -5.6646
v  1.5049 3.7595 -5.6341
v  1.6124 3.7612 -5.7785
v  1.6107 3.8546 -5.8238
v  1.6235 3.6317 -5.7054
v  1.5091 3.6516 -5.5829
v  1.9138 2.8669 -4.6431
v  2.1481 2.7681 -4.7115
v  2.0998 2.7936 -4.7910
v  1.8662 2.8988 -4.7303
v  2.0262 2.8451 -4.9114
v  1.8035 2.9575 -4.8449
v  2.2124 2.7607 -4.6154
v  1.9886 2.8891 -4.5216
v  0.0224 4.7806 -5.5044
v  -0.1069 4.6645 -5.1768
v  -0.0173 4.5899 -5.1884
v  0.1278 4.6867 -5.5088
v  0.0822 4.5043 -5.1875
v  0.2539 4.5799 -5.5019
v  0.2042 4.3943 -5.1581
v  0.4303 4.4470 -5.4699
v  1.6194 3.2547 -5.2586
v  1.7760 3.1710 -5.3617
v  1.6775 3.4103 -5.5638
v  1.5426 3.4572 -5.4545
v  1.9030 2.9718 -5.1241
v  1.7127 3.0806 -5.0388
v  0.7639 0.7538 -1.2257
v  0.9115 0.6771 -1.2273
v  0.7233 0.6304 -1.0309
v  0.8614 0.5538 -1.0333
v  1.8112 0.1610 -1.9542
v  1.7092 0.2083 -1.9518
v  1.7494 0.0427 -1.7976
v  1.6341 0.1036 -1.7981
v  1.4044 0.0683 -1.6431
v  1.4743 0.0243 -1.6523
v  1.4153 -0.1050 -1.4809
v  1.3481 -0.0597 -1.4655
v  1.4718 0.1886 -1.7905
v  1.5457 0.1487 -1.7957
v  1.5614 -0.0250 -1.6575
v  1.4979 -0.1564 -1.4927
v  1.5689 0.2801 -2.0827
v  1.6524 0.2457 -2.1093
v  1.6251 0.2464 -1.9397
v  1.5474 0.2817 -1.9235
v  1.3996 0.2322 -1.7832
v  1.4669 0.3179 -1.9106
v  1.4912 0.3250 -2.0574
v  1.6790 -0.0904 -1.6595
v  1.6078 -0.2229 -1.5004
v  1.3377 0.1154 -1.6306
v  1.2832 -0.0126 -1.4485
v  1.3034 -0.1748 -1.2574
v  1.2714 -0.2680 -1.0656
v  1.2083 -0.2220 -1.0549
v  1.2387 -0.1287 -1.2431
v  1.1956 0.3063 -1.0103
v  1.2893 0.2115 -1.0130
v  1.3472 0.3201 -1.2297
v  1.2569 0.4192 -1.2183
v  1.4218 0.4417 -1.4327
v  1.3273 0.5395 -1.4182
v  1.0377 0.4349 -1.0191
v  1.1140 0.3771 -1.0128
v  1.1815 0.5017 -1.2086
v  1.1075 0.5716 -1.2044
v  1.2442 0.6187 -1.4090
v  1.1607 0.6814 -1.4090
v  1.0701 0.7339 -1.4172
v  1.0213 0.6230 -1.2157
v  0.9585 0.4894 -1.0290
v  1.3022 0.7222 -1.5922
v  1.2114 0.7825 -1.5917
v  1.3957 0.6495 -1.5977
v  1.4616 0.7469 -1.7256
v  1.3581 0.8132 -1.7268
v  1.2623 0.8760 -1.7225
v  1.1622 0.9327 -1.7237
v  1.1169 0.8377 -1.5956
v  1.6259 0.7300 -1.7833
v  1.5089 0.8127 -1.7900
v  1.5730 0.6597 -1.7307
v  1.3993 0.8732 -1.8019
v  1.4396 0.9483 -1.8036
v  1.3272 0.9878 -1.8384
v  1.2975 0.9350 -1.7965
v  1.4997 0.5579 -1.6078
v  2.0282 1.9061 -4.4309
v  1.8481 1.9206 -4.3757
v  2.0262 1.6592 -4.2474
v  1.8663 1.6826 -4.2118
v  1.1968 0.9997 -1.7859
v  1.2189 1.0421 -1.8364
v  2.0221 1.3973 -4.0231
v  2.0145 1.1488 -3.7497
v  1.8898 1.1884 -3.7203
v  1.8802 1.4289 -3.9932
v  1.7554 1.4687 -3.9543
v  1.7285 1.7203 -4.1675
v  1.7792 1.2329 -3.6850
v  1.6740 1.2749 -3.6504
v  1.6425 1.5142 -3.9093
v  1.6084 1.7714 -4.1122
v  0.9376 2.5584 -3.6697
v  1.2518 2.4443 -3.8055
v  0.9528 2.3741 -3.5150
v  1.2271 2.2524 -3.6517
v  1.5225 1.5505 -3.8731
v  1.5618 1.3069 -3.6231
v  1.4799 1.8116 -4.0695
v  0.9749 2.1622 -3.3311
v  1.2175 2.0398 -3.4554
v  0.9867 1.9504 -3.1329
v  1.2041 1.8295 -3.2408
v  1.3720 1.9610 -3.5359
v  1.3944 2.1783 -3.7399
v  1.3510 1.7506 -3.3075
v  1.4650 1.6958 -3.3513
v  1.4857 1.9070 -3.5914
v  1.5104 2.1298 -3.8018
v  1.6008 1.8532 -3.6465
v  1.5808 1.6433 -3.3931
v  1.6296 2.0837 -3.8604
v  1.9981 0.9357 -3.4291
v  1.8911 0.9860 -3.4009
v  1.9841 0.7620 -3.0869
v  1.8888 0.8134 -3.0669
v  1.6853 1.0773 -3.3473
v  1.7911 1.0397 -3.3695
v  1.7886 0.8609 -3.0516
v  1.6795 0.8924 -3.0457
v  1.5721 0.9301 -3.0339
v  1.5764 1.1102 -3.3272
v  0.9924 1.7876 -2.9157
v  0.9651 1.6220 -2.7136
v  1.1559 1.5079 -2.7877
v  1.1869 1.6627 -3.0125
v  1.4008 1.3777 -2.8641
v  1.4373 1.5294 -3.1031
v  1.3262 1.5843 -3.0680
v  1.2954 1.4367 -2.8305
v  1.9441 2.3118 -4.9142
v  1.9078 2.3790 -4.9661
v  1.7507 2.3235 -4.8858
v  1.7147 2.4179 -4.9558
v  1.5504 1.4778 -3.1362
v  1.5082 1.3244 -2.8933
v  1.8820 2.4893 -5.0080
v  1.8417 2.5691 -5.0841
v  1.6930 2.5391 -5.0016
v  1.6662 2.6364 -5.0554
v  1.3802 2.5126 -4.8731
v  1.3977 2.6319 -4.8924
v  1.5254 2.5771 -4.9754
v  1.5233 2.4410 -4.9522
v  1.5309 2.6876 -4.9881
v  1.4060 2.7196 -4.9153
v  0.9717 1.3250 -1.9650
v  0.9731 1.3096 -1.8996
v  1.1453 1.2205 -1.9174
v  1.1515 1.2369 -1.9906
v  1.2601 2.5844 -4.7776
v  1.2825 2.6846 -4.7982
v  1.2826 2.7531 -4.8393
v  1.4676 0.2764 -2.2116
v  1.5582 0.2284 -2.2305
v  1.3600 0.3464 -2.2115
v  1.4535 0.2677 -2.3762
v  1.3442 0.3531 -2.3631
v  1.5605 0.2212 -2.3851
v  0.9569 1.2634 -1.8507
v  1.1204 1.1671 -1.8699
v  1.6755 0.2117 -2.3804
v  1.6565 0.2010 -2.2504
v  1.2125 0.5717 -2.4047
v  1.1947 0.4831 -2.3513
v  1.3752 0.4562 -2.4767
v  1.4977 0.3735 -2.5198
v  1.5590 0.5228 -2.5084
v  1.6178 0.3321 -2.5086
v  1.6699 0.4804 -2.4846
v  1.2001 0.4428 -2.2478
v  1.6888 0.6273 -2.5455
v  1.6807 0.7313 -2.7637
v  1.7847 0.6916 -2.7575
v  1.7890 0.5855 -2.5253
v  1.8850 0.6552 -2.7520
v  1.8831 0.5413 -2.5108
v  1.7682 0.4506 -2.4269
v  1.7299 0.3229 -2.4537
v  1.5754 0.7730 -2.7653
v  1.5852 0.6695 -2.5601
v  1.9591 0.4386 -2.4002
v  1.9649 0.4941 -2.5123
v  1.8760 0.4738 -2.4119
v  1.7834 0.5120 -2.4411
v  1.6834 0.5462 -2.4822
v  1.9758 0.6148 -2.7575
v  1.5760 0.5857 -2.5091
v  0.9313 1.3080 -2.2167
v  1.1165 1.2269 -2.2469
v  1.1129 1.2573 -2.3626
v  0.9277 1.3509 -2.3231
v  0.9402 1.4649 -2.5034
v  1.1213 1.3522 -2.5638
v  0.6571 3.8277 -5.8952
v  0.6152 3.9285 -5.8967
v  0.7189 3.9649 -5.9911
v  0.7633 3.8732 -5.9902
v  0.6887 4.0391 -5.9799
v  0.5937 4.0074 -5.8828
v  0.8555 3.9984 -6.0785
v  0.8972 3.9131 -6.0735
v  0.8628 3.6972 -5.7356
v  0.7770 3.6869 -5.6173
v  0.6669 3.7028 -5.7097
v  0.7481 3.7149 -5.8389
v  0.5823 3.8073 -5.7656
v  1.1290 3.8072 -6.1513
v  1.0478 3.9002 -6.2012
v  1.2287 3.7778 -6.0692
v  1.0731 3.7629 -5.9493
v  0.9748 3.8097 -6.0299
v  0.9573 3.7321 -5.8413
v  0.8510 3.7671 -5.9372
v  1.0066 3.9865 -6.2192
v  0.5471 3.9087 -5.7701
v  0.5298 3.9881 -5.7604
v  1.5294 4.2287 -6.0226
v  1.6087 4.1267 -5.8944
v  1.4284 4.2451 -6.1705
v  1.2641 4.2542 -6.0443
v  1.3787 4.2410 -5.8916
v  1.4808 4.1481 -5.7377
v  1.6205 3.9833 -5.8474
v  1.5223 3.9929 -5.6644
v  1.1818 3.1873 -4.4499
v  1.1370 3.3038 -4.6020
v  0.7840 3.3794 -4.4040
v  0.8164 3.2696 -4.2678
v  0.7556 3.5224 -4.5485
v  1.0916 3.4546 -4.7807
v  0.8827 3.1671 -4.1314
v  0.8491 3.2115 -4.1892
v  1.2158 3.1296 -4.3708
v  1.2412 3.0706 -4.3177
v  1.6082 3.0059 -4.4970
v  1.7591 2.9778 -4.5683
v  1.7021 2.9792 -4.6534
v  1.5617 3.0230 -4.5730
v  1.6493 3.0376 -4.7576
v  1.5169 3.0806 -4.6672
v  1.4476 3.1919 -4.8429
v  1.3246 3.2335 -4.7441
v  1.3841 3.1210 -4.5772
v  1.2600 3.3821 -4.9445
v  1.3754 3.3455 -5.0489
v  1.4242 3.0660 -4.4907
v  1.4584 3.0239 -4.4272
v  1.8909 2.4126 -4.1963
v  1.8464 2.2377 -4.0970
v  2.1406 2.1737 -4.1823
v  2.1721 2.3417 -4.3171
v  1.5733 3.1532 -4.9406
v  1.4929 3.3104 -5.1525
v  1.4347 2.3769 -3.8925
v  1.4648 2.5244 -4.0038
v  1.5489 2.3302 -3.9618
v  1.5896 2.4905 -4.0604
v  2.1873 2.4495 -4.3839
v  1.9138 2.5192 -4.2473
v  1.7393 2.5593 -4.1587
v  1.7126 2.4570 -4.1196
v  1.7744 2.6487 -4.1671
v  1.6435 2.6719 -4.1041
v  1.6128 2.5850 -4.0983
v  1.6691 2.2894 -4.0230
v  1.2489 2.3038 -4.2447
v  1.2689 2.1232 -4.1433
v  0.9683 2.2215 -4.0518
v  0.9424 2.3918 -4.1638
v  1.4811 2.6106 -4.0491
v  1.4973 2.6868 -4.0795
v  1.7013 1.9557 -4.3234
v  1.6828 2.1292 -4.4353
v  1.5768 2.0068 -4.2657
v  1.5569 2.1818 -4.3733
v  0.9267 2.4800 -4.2216
v  0.9112 2.5260 -4.2555
v  1.2325 2.4426 -4.3544
v  1.2417 2.3932 -4.3044
v  1.4148 2.3440 -4.4382
v  1.4235 2.3104 -4.3836
v  1.5519 2.2493 -4.4462
v  1.5479 2.2736 -4.5005
v  1.4289 2.2319 -4.3188
v  1.4472 2.0513 -4.2175
v  1.3474 2.8434 -5.0111
v  1.2510 2.9863 -5.1462
v  1.3557 2.9655 -5.2359
v  1.4598 2.8207 -5.0911
v  1.1463 3.1901 -5.3109
v  1.2438 3.1751 -5.4097
v  1.3432 3.1372 -5.5201
v  1.4631 2.9123 -5.3336
v  1.5776 2.7611 -5.1743
v  1.6991 2.2340 -4.5539
v  1.6899 2.2026 -4.5042
v  1.1438 3.0041 -5.0598
v  1.2337 2.8654 -4.9330
v  1.0428 3.1981 -5.2173
v  1.8073 2.6092 -5.1406
v  1.7429 2.6757 -5.2325
v  1.6357 2.6891 -5.0987
v  1.5129 2.7486 -5.0202
v  1.3925 2.7717 -4.9467
v  1.6113 2.8353 -5.4203
v  1.4789 3.0875 -5.6283
v  0.9309 3.1303 -4.0548
v  1.3001 3.0418 -4.2209
v  0.9913 3.1139 -3.9534
v  1.3549 3.0047 -4.1032
v  1.2703 2.7942 -4.8747
v  1.8471 2.7939 -4.1735
v  1.8537 2.9008 -4.3053
v  1.7150 2.9353 -4.2410
v  1.7095 2.8200 -4.1103
v  0.9821 2.9920 -3.8887
v  1.3461 2.8812 -4.0110
v  1.5693 2.8393 -4.0617
v  1.5795 2.9685 -4.1757
v  1.5205 3.0012 -4.3180
v  1.6737 2.9976 -4.3768
v  0.7899 2.6128 -4.4718
v  1.0687 2.5257 -4.6304
v  0.8322 2.5770 -4.3793
v  1.1119 2.4550 -4.5339
v  1.8199 2.9648 -4.4438
v  1.5518 2.3155 -4.8750
v  1.6107 2.2548 -4.7542
v  1.4549 2.3218 -4.6864
v  1.3985 2.3890 -4.8020
v  1.1793 2.4487 -4.4370
v  0.8798 2.5627 -4.3077
v  1.5110 2.2936 -4.5824
v  1.3747 2.3723 -4.5204
v  1.3138 2.3942 -4.6184
v  1.2589 2.4589 -4.7265
v  0.9355 3.6922 -5.6740
v  1.0300 3.7200 -5.7742
v  1.1421 3.7450 -5.8795
v  1.1918 3.6375 -5.8089
v  1.0784 3.6183 -5.7122
v  0.9868 3.6069 -5.6114
v  1.6675 2.2418 -4.6401
v  0.8454 3.6755 -5.5667
v  0.9038 3.6075 -5.5004
v  1.3223 3.6378 -5.9278
v  1.3819 3.3838 -5.8041
v  1.2519 3.4044 -5.6883
v  1.1502 3.4159 -5.5796
v  1.0646 3.4264 -5.4714
v  1.2921 3.7683 -5.9921
v  1.0119 3.7333 -5.0766
v  1.0123 3.8184 -5.1297
v  0.6786 3.8495 -4.7861
v  0.6901 3.7748 -4.7478
v  0.7183 3.6579 -4.6674
v  1.0372 3.5961 -4.9553
v  0.9717 3.4294 -5.3691
v  1.4242 3.4911 -5.3467
v  1.3978 3.6679 -5.4736
v  1.2874 3.6823 -5.3707
v  1.3093 3.5136 -5.2430
v  1.2938 3.7800 -5.4188
v  1.1852 3.7930 -5.3204
v  1.1790 3.6981 -5.2664
v  1.1849 3.8744 -5.3424
v  1.2963 3.8614 -5.4361
v  1.2005 3.5407 -5.1357
v  0.6138 4.6355 -6.2255
v  0.5208 4.6135 -6.0526
v  0.7453 4.4445 -6.0235
v  0.8547 4.4572 -6.1966
v  0.6546 4.4511 -5.8535
v  0.4381 4.6047 -5.8870
v  0.8654 4.3490 -5.8089
v  0.9630 4.3354 -5.9802
v  1.0798 4.3295 -6.1530
v  1.3961 3.7656 -5.5219
v  1.3922 3.8464 -5.5421
v  0.3596 4.6015 -5.7206
v  0.5670 4.4625 -5.6846
v  0.7736 4.3745 -5.6340
v  1.3583 4.2752 -6.2608
v  1.1941 4.2816 -6.1141
v  1.2315 4.3321 -6.3291
v  0.7284 4.6867 -6.4060
v  0.9883 4.4866 -6.3790
v  0.2016 3.9357 -5.2977
v  0.3955 4.0117 -5.5899
v  0.1474 4.0088 -5.3247
v  0.3244 4.0856 -5.6308
v  0.1824 4.4299 -6.0992
v  0.2440 4.4601 -6.2118
v  0.3963 4.3001 -6.1264
v  0.3342 4.2751 -6.0127
v  0.5543 4.1805 -6.0370
v  0.4902 4.1575 -5.9225
v  0.5679 4.0776 -5.8827
v  0.5070 4.0584 -5.7625
v  0.4317 4.1381 -5.8036
v  -0.0552 4.2070 -5.4352
v  0.0484 4.1021 -5.3791
v  0.1881 4.2036 -5.7108
v  0.0528 4.3445 -5.7876
v  0.1290 4.4101 -5.9802
v  0.2788 4.2591 -5.8941
v  0.6451 4.1052 -5.9896
v  -0.2931 5.2805 -6.5332
v  -0.1737 5.3837 -6.6532
v  -0.0864 5.2979 -6.6295
v  -0.1766 5.1873 -6.4952
v  -0.0077 5.1866 -6.6226
v  -0.0722 5.0704 -6.4745
v  -0.4164 5.0457 -6.3050
v  -0.3814 5.1518 -6.4371
v  -0.2482 5.0726 -6.3853
v  -0.2888 4.9904 -6.2557
v  -0.1233 4.9941 -6.3350
v  -0.1720 4.9339 -6.2051
v  0.0794 5.0417 -6.6163
v  0.0227 4.9396 -6.4635
v  -0.1615 4.9809 -5.4825
v  -0.1936 5.0516 -5.4682
v  -0.2759 4.9006 -5.1210
v  -0.2549 4.8300 -5.1463
v  -0.2796 4.9794 -5.1049
v  -0.2003 5.1385 -5.4660
v  -0.2176 4.8774 -6.0728
v  -0.3141 4.9365 -6.1079
v  -0.4253 4.9770 -6.1489
v  -0.0198 5.1629 -5.8624
v  -0.0607 5.2338 -5.8478
v  -0.1195 5.1562 -5.6876
v  -0.0816 5.0865 -5.6994
v  -0.1285 5.2431 -5.6856
v  -0.0607 5.3185 -5.8355
v  -0.1916 4.7474 -5.1640
v  -0.0820 4.8838 -5.4955
v  -0.2708 5.4478 -5.5258
v  -0.4012 5.5438 -5.5652
v  -0.5087 5.2048 -5.1954
v  -0.3994 5.1685 -5.1642
v  -0.3196 5.0870 -5.1217
v  -0.2082 5.2930 -5.4857
v  0.0321 5.2344 -6.0307
v  -0.0149 5.3082 -6.0137
v  0.0041 5.3935 -5.9888
v  -0.6375 5.6337 -6.1773
v  -0.5388 5.6994 -6.2969
v  -0.5335 5.5634 -6.3313
v  -0.6129 5.4772 -6.2138
v  -0.4359 5.6446 -6.4511
v  -0.4270 5.5297 -6.4955
v  -0.5098 5.4322 -6.3666
v  -0.5670 5.3321 -6.2392
v  -0.5878 5.2433 -6.0950
v  -0.6375 5.3918 -6.0714
v  -0.6707 5.5443 -6.0333
v  -0.2883 5.4811 -6.6881
v  -0.3854 5.3992 -6.5332
v  -0.3506 5.6105 -6.6672
v  -0.4657 5.2899 -6.4127
v  -0.5147 5.1780 -6.2849
v  -0.3519 5.7228 -6.6064
v  0.1702 5.1551 -6.2173
v  0.1130 5.0945 -6.0491
v  0.2246 4.9277 -6.0611
v  0.2936 4.9752 -6.2346
v  0.0629 5.0388 -5.8774
v  0.1742 4.8938 -5.8877
v  -0.5317 5.0898 -6.1374
v  0.0016 4.9757 -5.7124
v  0.1125 4.8520 -5.7210
v  0.5386 4.8653 -6.4193
v  0.4363 4.8075 -6.2359
v  0.3854 5.0386 -6.4130
v  0.3569 4.7737 -6.0618
v  0.2887 4.7520 -5.8945
v  0.2363 5.2219 -6.3808
v  -0.1325 4.7587 -6.0745
v  -0.1982 4.6574 -5.8657
v  -0.0761 4.8185 -6.1968
v  0.0091 4.6899 -6.1884
v  -0.0429 4.6388 -6.0670
v  -0.1076 4.5510 -5.8633
v  0.2215 4.7321 -5.7272
v  -0.0212 4.8765 -6.3206
v  0.0682 4.7469 -6.3050
v  -0.1332 4.2999 -5.4781
v  -0.0338 4.4551 -5.8368
v  -0.2061 4.3835 -5.4999
v  0.0350 4.5317 -6.0352
v  0.0860 4.5664 -6.1555
v  -0.2933 4.4634 -5.4920
v  0.1464 4.6102 -6.2692
v  1.3837 1.1389 -1.9000
v  1.4966 1.1153 -1.8760
v  1.5130 1.1661 -1.9678
v  1.3964 1.1800 -1.9828
v  1.5074 1.1572 -2.0734
v  1.3939 1.1799 -2.0758
v  1.2821 1.1953 -2.0760
v  1.2854 1.1964 -1.9935
v  1.2740 1.1663 -1.9174
v  1.4706 1.0339 -1.8236
v  1.3593 1.0696 -1.8514
v  1.2478 1.1045 -1.8742
v  1.2626 1.1635 -2.1361
v  1.3776 1.1508 -2.1459
v  1.3541 1.1020 -2.2082
v  1.2417 1.1344 -2.1981
v  1.3665 1.1495 -2.4222
v  1.3779 1.2431 -2.6255
v  1.2649 1.2899 -2.5985
v  1.2496 1.1884 -2.3986
v  1.4499 1.0473 -2.3131
v  1.4648 1.0742 -2.2204
v  1.4694 1.1077 -2.4429
v  1.3495 1.0934 -2.2970
v  1.4883 1.1207 -2.1526
v  1.2450 1.1515 -2.2753
v  1.4790 1.1896 -2.6534
v  1.0727 4.2912 -5.9521
v  0.9783 4.3192 -5.7787
v  1.1467 4.2734 -5.8917
v  1.0581 4.3169 -5.7225
v  1.4281 4.0050 -5.5251
v  1.3261 4.0166 -5.4119
v  1.3821 4.1726 -5.5936
v  1.2865 4.1906 -5.4609
v  1.0817 4.3325 -5.4350
v  0.9623 4.3425 -5.5497
v  1.1691 4.1914 -5.3442
v  1.1891 4.3240 -5.5863
v  0.8822 4.3392 -5.6026
v  1.2784 4.2875 -5.7413
v  1.2037 4.0217 -5.3192
v  -0.4680 5.8373 -6.2294
v  -0.5792 5.8040 -6.0879
v  -0.4091 5.8644 -5.9827
v  -0.3234 5.8954 -6.1453
v  -0.6256 5.6937 -5.9429
v  -0.4800 5.7540 -5.8466
v  -0.3111 5.7165 -5.7743
v  -0.1821 5.5850 -5.7369
v  -0.0988 5.6676 -5.8622
v  -0.2333 5.8048 -5.9092
v  -0.1633 5.8603 -6.0681
v  -0.0315 5.7317 -6.0138
v  0.0009 5.5465 -5.9950
v  -0.0682 5.4773 -5.8466
v  -0.1331 5.4071 -5.7035
v  0.8706 5.9592 -8.1614
v  0.9185 6.0020 -8.1867
v  0.6629 6.2381 -8.2182
v  0.6919 6.3251 -8.2981
v  0.4500 6.4202 -8.3122
v  0.5507 6.3949 -8.3193
v  0.5273 6.3411 -8.2374
v  0.4240 6.3648 -8.2329
v  0.3004 6.5837 -8.2310
v  0.3515 6.4865 -8.2845
v  0.3193 6.4308 -8.2046
v  0.2663 6.5301 -8.1449
v  0.2912 6.6851 -8.1740
v  0.2573 6.6300 -8.0846
v  0.3005 6.7242 -8.0219
v  0.3342 6.7812 -8.1129
v  0.4108 6.7850 -7.9648
v  0.4400 6.8486 -8.0561
v  0.5307 6.8121 -7.9114
v  0.5641 6.8682 -8.0068
v  0.7454 6.7536 -7.9359
v  0.6670 6.8365 -7.9571
v  0.6295 6.7831 -7.8607
v  0.6997 6.6996 -7.8447
v  0.7408 6.5995 -7.8752
v  0.7819 6.6521 -7.9646
v  0.7529 6.5070 -7.9310
v  0.7936 6.5631 -8.0174
v  1.0565 6.0217 -7.9845
v  0.8706 6.3172 -7.9913
v  1.1220 6.0719 -8.1096
v  0.9228 6.4059 -8.1235
v  0.7933 6.4493 -7.9657
v  0.8410 6.5075 -8.0610
v  1.0199 6.0366 -8.2020
v  0.8530 6.3395 -8.2574
v  0.5096 6.5850 -8.5163
v  0.5997 6.5537 -8.5104
v  0.5715 6.4706 -8.4132
v  0.4740 6.4974 -8.4150
v  0.6915 6.5475 -8.4779
v  0.6749 6.4598 -8.3972
v  0.3891 6.5663 -8.3936
v  0.4404 6.6501 -8.5039
v  0.3441 6.6612 -8.3545
v  0.4003 6.7359 -8.4819
v  0.3427 6.7649 -8.3079
v  0.4047 6.8362 -8.4490
v  0.3918 6.8593 -8.2576
v  0.4546 6.9258 -8.4135
v  0.4904 6.9206 -8.2150
v  0.5422 6.9818 -8.3859
v  0.6045 6.9312 -8.1780
v  0.6455 6.9940 -8.3580
v  0.8094 6.8782 -8.2876
v  0.7395 6.9510 -8.3207
v  0.7057 6.9014 -8.1312
v  0.7927 6.8294 -8.0985
v  0.4939 6.7094 -8.6062
v  0.5602 6.6578 -8.6120
v  0.4565 6.7822 -8.5895
v  0.5085 6.8082 -8.6426
v  0.5547 6.7759 -8.6679
v  0.6202 6.7432 -8.6773
v  0.4575 6.8716 -8.5658
v  0.5243 6.8750 -8.6423
v  0.5031 6.9502 -8.5398
v  0.5399 6.9388 -8.6093
v  0.8385 6.7293 -8.2763
v  0.8424 6.8008 -8.2724
v  0.8273 6.7328 -8.1085
v  0.8368 6.6522 -8.1371
v  0.5845 7.0010 -8.5212
v  0.6082 6.9635 -8.6236
v  0.6845 7.0145 -8.5001
v  0.7003 6.9645 -8.6097
v  0.5959 6.8717 -8.6809
v  0.6763 6.8615 -8.6857
v  0.7733 6.7233 -8.5993
v  0.6969 6.7292 -8.6557
v  0.7471 6.8429 -8.6562
v  0.7954 6.8206 -8.6058
v  0.7756 6.9369 -8.5842
v  0.8296 6.8879 -8.5464
v  0.7701 6.9706 -8.4681
v  0.8293 6.9035 -8.4336
v  0.7971 6.6151 -8.3356
v  0.8424 6.5337 -8.2354
v  0.7845 6.4865 -8.3271
v  0.7604 6.5667 -8.4020
v  0.6448 6.6333 -8.6011
v  0.7200 6.6319 -8.5548
v  0.8197 6.6676 -8.2966
v  0.8450 6.7869 -8.4777
v  0.8485 6.7719 -8.3958
v  0.8255 6.7195 -8.4259
v  0.8219 6.7610 -8.5259
v  0.7950 6.6707 -8.4648
v  0.7642 6.6251 -8.4831
v  0.8468 6.8319 -8.5022
v  0.8220 6.8072 -8.5606
v  0.8522 6.8324 -8.4039
v  0.2176 0.0761 -1.1779
v  0.1884 0.1951 -1.3408
v  0.3771 0.2679 -1.2868
v  0.3914 0.1611 -1.1154
v  0.0802 0.2385 -1.2807
v  0.1043 0.1105 -1.1251
v  0.6374 0.2072 -1.2521
v  0.6318 0.0852 -1.0901
v  0.9981 -0.3370 -0.6520
v  1.0058 -0.2927 -0.7374
v  1.0996 -0.3513 -0.7350
v  1.0868 -0.3956 -0.6503
v  0.8634 -0.2727 -0.6650
v  0.8636 -0.2268 -0.7523
v  1.0080 -0.2360 -0.8331
v  0.8589 -0.1686 -0.8506
v  1.1081 -0.2945 -0.8290
v  0.8563 -0.1055 -0.9459
v  1.0110 -0.1774 -0.9277
v  1.1158 -0.2383 -0.9235
v  1.7335 -0.4576 -1.2787
v  1.6432 -0.4028 -1.2893
v  1.8256 -0.5047 -1.2610
v  1.7277 -0.5622 -1.0460
v  1.6515 -0.5218 -1.0648
v  1.5788 -0.4765 -1.0803
v  1.6077 -0.7055 -0.6575
v  1.5321 -0.6729 -0.6584
v  1.5604 -0.6301 -0.7414
v  1.6336 -0.6651 -0.7331
v  1.4901 -0.5934 -0.7481
v  1.4593 -0.6382 -0.6593
v  1.5871 -0.5921 -0.8340
v  1.5180 -0.5540 -0.8452
v  1.6592 -0.6279 -0.8210
v  1.9324 -0.5443 -1.2388
v  1.8259 -0.6000 -1.0288
v  2.0406 -0.5651 -1.2077
v  1.9338 -0.6281 -1.0091
v  1.5429 -0.5197 -0.9436
v  1.6106 -0.5600 -0.9287
v  1.6818 -0.5973 -0.9119
v  2.1293 -0.5555 -1.1673
v  2.0378 -0.6340 -0.9810
v  2.0701 -0.6647 -0.8324
v  2.1251 -0.6381 -0.7954
v  2.0861 -0.6770 -0.7199
v  2.0311 -0.7033 -0.7569
v  2.1619 -0.6087 -0.7574
v  2.1218 -0.6457 -0.6777
v  2.0114 -0.7458 -0.5902
v  2.0459 -0.7136 -0.6475
v  2.0791 -0.6801 -0.6021
v  2.0424 -0.7126 -0.5422
v  1.9926 -0.7425 -0.6850
v  1.9567 -0.7834 -0.6287
v  2.1759 -0.5559 -0.7190
v  2.1355 -0.5957 -0.6316
v  2.1170 -0.5154 -0.7081
v  2.0878 -0.5487 -0.6071
v  2.0603 -0.6690 -0.4841
v  2.0911 -0.6340 -0.5492
v  2.0568 -0.5856 -0.5098
v  2.0367 -0.6243 -0.4333
v  2.0477 -0.5087 -0.6964
v  2.0257 -0.5370 -0.5924
v  1.9499 -0.4992 -0.6695
v  1.9344 -0.5295 -0.5651
v  1.9842 -0.6128 -0.4079
v  2.0021 -0.5710 -0.4907
v  1.9154 -0.5676 -0.4634
v  1.8973 -0.6136 -0.3798
v  1.8094 -0.4755 -0.6196
v  1.7897 -0.5111 -0.5115
v  1.6428 -0.4103 -0.5670
v  1.6170 -0.4517 -0.4554
v  1.5143 -0.1779 -0.8616
v  1.4856 -0.2414 -0.6744
v  1.3562 -0.0154 -0.8291
v  1.3254 -0.0878 -0.6510
v  1.7401 -0.6127 -0.3264
v  1.7639 -0.5587 -0.4091
v  1.5860 -0.5008 -0.3482
v  1.5628 -0.5459 -0.2595
v  1.2793 -0.1884 -0.4112
v  1.4398 -0.3309 -0.4241
v  1.4648 -0.2858 -0.5349
v  1.3028 -0.1403 -0.5184
v  1.2615 -0.2301 -0.3001
v  1.4145 -0.3766 -0.3137
v  1.2582 -0.2539 -0.2018
v  1.3984 -0.4135 -0.2205
v  1.2397 0.1141 -0.8152
v  1.2005 0.0340 -0.6469
v  1.1444 0.2087 -0.8169
v  1.0978 0.1224 -0.6564
v  1.0535 0.0331 -0.4191
v  1.1526 -0.0655 -0.4119
v  1.1740 -0.0212 -0.5190
v  1.0710 0.0698 -0.5290
v  1.0397 0.0007 -0.3067
v  1.1326 -0.1075 -0.3020
v  1.0328 -0.0150 -0.2091
v  1.1189 -0.1356 -0.2058
v  0.5687 0.6214 -0.8182
v  0.4613 0.7226 -0.7721
v  0.4380 0.6227 -0.6235
v  0.5514 0.5284 -0.6619
v  0.3215 0.7738 -0.7535
v  0.2925 0.6688 -0.6219
v  0.2527 0.5291 -0.4402
v  0.3998 0.4731 -0.4330
v  0.4171 0.5415 -0.5187
v  0.2708 0.5925 -0.5221
v  0.5376 0.4585 -0.5467
v  0.5265 0.4018 -0.4511
v  0.2332 0.4578 -0.3731
v  0.3842 0.4068 -0.3460
v  0.2056 0.3969 -0.2902
v  0.3709 0.3499 -0.2707
v  0.5157 0.3467 -0.3551
v  0.5063 0.2959 -0.2733
v  0.1473 0.7662 -0.7730
v  0.1252 0.6685 -0.6729
v  0.0190 0.6622 -0.8714
v  -0.0034 0.5842 -0.7790
v  -0.0433 0.5124 -0.6248
v  0.0956 0.5320 -0.5277
v  0.1118 0.5926 -0.5976
v  -0.0262 0.5552 -0.6909
v  -0.2461 0.5917 -0.8558
v  -0.2310 0.6593 -0.9238
v  -0.2539 0.6037 -0.9730
v  -0.2590 0.5443 -0.9007
v  -0.0614 0.4694 -0.5625
v  0.0778 0.4741 -0.4624
v  -0.0858 0.4207 -0.5039
v  0.0484 0.4208 -0.4010
v  -0.1461 0.6041 -0.8109
v  -0.1240 0.6679 -0.8921
v  -0.2561 0.5054 -0.7356
v  -0.1711 0.5174 -0.6922
v  -0.1604 0.5580 -0.7473
v  -0.2500 0.5424 -0.7956
v  -0.2632 0.4682 -0.6767
v  -0.1828 0.4752 -0.6382
v  -0.2703 0.4354 -0.6234
v  -0.1961 0.4295 -0.5845
v  -0.3147 0.3596 -0.6694
v  -0.2981 0.4007 -0.6479
v  -0.2912 0.4274 -0.7049
v  -0.2798 0.4635 -0.7692
v  -0.2783 0.4178 -0.7924
v  -0.2967 0.3776 -0.7248
v  -0.2686 0.4999 -0.8335
v  -0.2567 0.4589 -0.8586
v  1.1489 -0.4404 -0.6519
v  1.1662 -0.3965 -0.7379
v  1.2201 -0.4334 -0.7428
v  1.1988 -0.4770 -0.6545
v  1.1789 -0.3428 -0.8327
v  1.2366 -0.3827 -0.8389
v  1.4462 -0.2717 -1.2820
v  1.4064 -0.3631 -1.0838
v  1.3350 -0.3137 -1.0762
v  1.3696 -0.2202 -1.2709
v  1.1899 -0.2900 -0.9289
v  1.2508 -0.3333 -0.9369
v  1.5428 -0.3362 -1.2889
v  1.4922 -0.4207 -1.0859
v  1.4614 -0.4709 -0.9504
v  1.3801 -0.4200 -0.9502
v  1.4376 -0.5085 -0.8504
v  1.3590 -0.4618 -0.8500
v  1.2943 -0.4211 -0.8453
v  1.3120 -0.3754 -0.9449
v  0.9337 0.2256 -0.6854
v  1.0118 0.1819 -0.6694
v  1.0590 0.2719 -0.8266
v  0.9797 0.3193 -0.8410
v  1.4111 -0.5505 -0.7518
v  1.3804 -0.5959 -0.6607
v  1.3352 -0.5071 -0.7518
v  1.3067 -0.5517 -0.6606
v  1.2741 -0.4690 -0.7480
v  1.2487 -0.5131 -0.6579
v  0.8999 0.1456 -0.4399
v  0.9732 0.1002 -0.4271
v  0.9882 0.1335 -0.5395
v  0.9124 0.1773 -0.5541
v  0.7192 0.1802 -0.3709
v  0.8154 0.1560 -0.3453
v  0.8246 0.1828 -0.4599
v  0.7320 0.2210 -0.4794
v  0.7177 0.1580 -0.2726
v  0.8114 0.1365 -0.2513
v  0.8553 0.0477 -0.2361
v  0.8918 0.1241 -0.3229
v  0.9631 0.0740 -0.3124
v  0.9618 0.0674 -0.2161
v  0.7693 0.3348 -0.7061
v  0.8569 0.2728 -0.7005
v  0.9022 0.3708 -0.8534
v  0.8114 0.4356 -0.8569
v  0.8357 0.2175 -0.5724
v  0.7463 0.2688 -0.5846
v  0.6865 0.5159 -0.8508
v  0.6535 0.4154 -0.6995
v  0.6396 0.3513 -0.5772
v  0.6334 0.3056 -0.4727
v  0.6280 0.2655 -0.3664
v  0.6259 0.2332 -0.2755
v  0.6371 -0.0025 -0.9719
v  0.4070 0.0866 -0.9823
v  0.6480 -0.0728 -0.8747
v  0.4233 0.0186 -0.8767
v  0.6608 -0.1395 -0.7743
v  0.4407 -0.0528 -0.7676
v  0.6719 -0.1922 -0.6822
v  0.4560 -0.1271 -0.6664
v  0.2773 -0.1500 -0.8356
v  0.1413 -0.2051 -0.8570
v  0.1314 -0.1007 -0.9312
v  0.2628 -0.0797 -0.9437
v  0.2916 -0.2199 -0.7320
v  0.1445 -0.3306 -0.7894
v  -0.1573 0.1997 -1.0678
v  -0.1785 0.3372 -1.1421
v  -0.0997 0.3400 -1.1561
v  -0.0982 0.1901 -1.0544
v  -0.0409 0.3168 -1.1908
v  -0.0406 0.1641 -1.0657
v  0.1198 0.0015 -1.0141
v  0.2423 -0.0086 -1.0521
v  0.0180 0.2851 -1.2276
v  0.0245 0.1370 -1.0886
v  0.0418 -0.0797 -0.9207
v  0.0412 -0.1849 -0.8701
v  -0.0335 -0.1293 -0.8845
v  -0.0268 -0.0407 -0.9280
v  0.0282 -0.2822 -0.8451
v  -0.0533 -0.2175 -0.8689
v  -0.0981 -0.0734 -0.9045
v  -0.0929 0.0051 -0.9424
v  -0.1162 -0.1543 -0.8774
v  -0.1650 -0.0943 -0.8982
v  -0.1508 -0.0276 -0.9360
v  -0.1505 0.0394 -0.9759
v  -0.1509 0.1085 -1.0152
v  -0.0952 0.0856 -0.9890
v  -0.0330 0.0502 -0.9846
v  0.0349 0.0213 -0.9908
v  1.9826 -0.6780 -0.8633
v  1.8786 -0.6640 -0.8831
v  1.9465 -0.7113 -0.7827
v  1.8482 -0.6942 -0.7969
v  1.7868 -0.7684 -0.6519
v  1.6960 -0.7398 -0.6546
v  1.7219 -0.7011 -0.7239
v  1.8163 -0.7315 -0.7147
v  1.7496 -0.6642 -0.8091
v  1.9102 -0.7506 -0.7068
v  1.8723 -0.7846 -0.6548
v  1.7751 -0.6340 -0.8978
v  -0.2191 0.4150 -0.8841
v  -0.2413 0.3622 -0.8139
v  -0.1958 0.3573 -0.9161
v  -0.2130 0.2998 -0.8453
v  -0.1876 0.0198 -0.9337
v  -0.1897 0.0798 -0.9716
v  -0.1949 -0.0258 -0.9015
v  -0.2128 0.0210 -0.8891
v  -0.2117 0.0640 -0.9215
v  -0.2102 0.1180 -0.9539
v  -0.2058 0.1694 -0.9861
v  -0.1961 0.2335 -1.0037
v  -0.1965 0.2202 -1.0487
v  -0.1926 0.1393 -1.0114
v  -0.1930 0.3403 -1.0754
v  -0.1847 0.3222 -1.0068
v  -0.2970 0.2931 -0.6923
v  -0.2635 0.3095 -0.7433
v  -0.2320 0.2398 -0.7754
v  -0.2596 0.1699 -0.6725
v  -0.2115 0.1521 -0.9351
v  -0.2166 0.1075 -0.9053
v  -0.2201 0.1486 -0.8795
v  -0.2087 0.1928 -0.9173
v  -0.2226 0.0665 -0.8777
v  -0.2293 0.1067 -0.8495
v  -0.2373 0.1425 -0.7908
v  -0.2241 0.1892 -0.8300
v  -0.2071 0.2422 -0.8842
v  -0.2042 0.1832 -0.9629
v  -0.1999 0.2246 -0.9611
v  -0.1936 0.2877 -0.9441
v  0.8497 6.5871 -8.1761
# 3475 vertices

vn -0.7293 -0.5720 -0.3754
vn -0.8487 -0.4456 -0.2849
vn -0.8480 -0.4496 -0.2808
vn -0.7350 -0.5497 -0.3971
vn -0.8182 -0.4876 -0.3046
vn -0.7629 -0.4895 -0.4224
vn -0.8027 -0.4952 -0.3324
vn -0.8193 -0.4717 -0.3260
vn -0.7623 -0.5344 -0.3650
vn -0.7932 -0.5058 -0.3391
vn -0.7623 -0.5407 -0.3557
vn -0.8243 -0.4680 -0.3186
vn -0.8205 -0.4713 -0.3235
vn -0.7534 -0.5460 -0.3664
vn -0.7416 -0.5540 -0.3783
vn 0.0319 -0.8254 -0.5636
vn -0.3219 -0.7764 -0.5418
vn -0.3400 -0.8023 -0.4907
vn -0.0768 -0.9468 -0.3126
vn -0.4107 -0.7737 -0.4824
vn -0.2485 -0.9374 -0.2442
vn -0.1634 -0.7834 -0.5996
vn -0.2877 -0.7754 -0.5621
vn 0.0716 -0.8159 -0.5738
vn 0.1373 -0.8386 -0.5272
vn -0.5488 -0.6346 -0.5441
vn -0.5415 -0.6838 -0.4890
vn -0.4513 -0.7172 -0.5310
vn -0.4626 -0.6919 -0.5543
vn -0.3966 -0.7576 -0.5184
vn -0.4974 -0.7282 -0.4714
vn -0.3165 -0.7629 -0.5637
vn -0.3391 -0.7500 -0.5679
vn -0.3447 -0.7592 -0.5521
vn -0.4271 -0.6800 -0.5960
vn -0.4955 -0.6296 -0.5984
vn -0.4070 -0.7159 -0.5674
vn -0.3439 -0.7600 -0.5515
vn -0.3228 -0.7817 -0.5336
vn -0.3179 -0.7906 -0.5233
vn -0.1448 -0.8171 -0.5580
vn -0.1731 -0.8155 -0.5523
vn -0.1550 -0.8541 -0.4965
vn 0.8443 -0.5349 0.0311
vn 0.8488 -0.5272 0.0405
vn 0.8817 0.1953 0.4295
vn 0.8796 0.2763 0.3873
vn 0.9420 -0.0431 0.3328
vn 0.8270 -0.5548 0.0911
vn 0.4506 0.6993 0.5549
vn 0.1946 0.8367 0.5120
vn 0.2543 0.8776 0.4065
vn 0.6568 0.6046 0.4506
vn 0.6148 0.6333 0.4700
vn 0.7187 0.5582 0.4146
vn 0.6555 0.5934 0.4671
vn 0.7427 0.5336 0.4045
vn 0.5635 0.6608 0.4957
vn 0.5110 0.6580 0.5532
vn 0.3769 0.7146 0.5893
vn 0.2249 0.7423 0.6312
vn 0.3495 0.6046 0.7158
vn 0.3572 0.6191 0.6994
vn 0.4234 0.6820 0.5964
vn 0.3759 0.7067 0.5994
vn 0.5252 0.5858 0.6173
vn 0.5374 0.6375 0.5520
vn 0.4595 0.7084 0.5357
vn 0.3805 0.7529 0.5370
vn 0.6211 0.3524 0.7000
vn 0.6111 0.5073 0.6076
vn 0.7323 0.4445 0.5159
vn 0.7497 0.3012 0.5893
vn -0.3577 0.6626 0.6580
vn -0.4437 0.6365 0.6309
vn -0.2499 0.7453 0.6181
vn -0.1206 0.7568 0.6424
vn -0.3698 0.7177 0.5901
vn -0.4740 0.6358 0.6092
vn -0.7802 -0.4218 -0.4620
vn -0.7402 -0.4920 -0.4583
vn -0.4681 -0.5477 -0.6935
vn -0.5157 -0.4593 -0.7233
vn -0.4984 -0.6378 -0.5871
vn -0.7373 -0.5621 -0.3748
vn -0.2838 -0.6380 -0.7159
vn -0.3272 -0.5350 -0.7789
vn -0.3655 -0.4458 -0.8171
vn -0.4201 -0.7418 -0.5227
vn -0.3233 -0.8339 -0.4472
vn -0.7280 -0.5519 -0.4067
vn -0.6569 -0.5912 -0.4679
vn -0.3846 -0.6656 -0.6395
vn -0.2605 -0.6890 -0.6763
vn 0.0261 -0.2574 -0.9660
vn -0.1290 -0.4911 -0.8615
vn -0.2789 -0.5764 -0.7681
vn -0.0972 -0.4255 -0.8997
vn -0.5363 -0.5819 -0.6113
vn -0.3937 -0.5308 -0.7505
vn -0.8084 -0.5023 -0.3069
vn -0.7975 -0.5381 -0.2729
vn -0.7470 -0.5628 -0.3538
vn -0.7770 -0.5400 -0.3236
vn -0.7560 -0.5507 -0.3538
vn -0.6853 -0.5568 -0.4694
vn -0.8092 -0.5096 -0.2923
vn -0.8210 -0.4846 -0.3019
vn -0.2292 -0.9665 -0.1151
vn -0.3095 -0.9498 0.0466
vn -0.3636 -0.9246 0.1138
vn -0.3606 -0.9135 -0.1884
vn -0.3449 -0.8558 -0.3856
vn -0.2484 -0.5171 -0.8191
vn -0.2631 -0.5620 -0.7842
vn -0.3683 -0.8928 -0.2594
vn -0.0938 -0.1776 -0.9796
vn -0.0090 -0.0442 -0.9990
vn -0.1142 -0.0824 -0.9900
vn -0.1217 -0.1234 -0.9849
vn -0.4012 -0.8670 -0.2956
vn -0.4524 -0.8844 0.1146
vn -0.4891 -0.8684 0.0823
vn -0.4429 -0.8159 -0.3717
vn 0.5016 -0.5722 0.6488
vn 0.2736 -0.9344 0.2282
vn 0.5922 -0.8033 -0.0628
vn 0.8465 -0.3564 0.3955
vn -0.0310 -0.9927 -0.1168
vn 0.0878 -0.9169 -0.3892
vn 0.2414 -0.7745 -0.5847
vn 0.7047 -0.6500 -0.2844
vn 0.9732 -0.1605 0.1645
vn 0.3927 -0.5815 -0.7125
vn 0.5629 -0.3709 -0.7386
vn 0.6714 -0.0652 -0.7382
vn 0.8252 0.2845 -0.4879
vn 0.9802 0.0979 -0.1719
vn 0.7557 -0.3570 -0.5491
vn 0.2264 -0.2751 0.9344
vn 0.5930 -0.3934 0.7026
vn 0.4626 -0.7737 0.4329
vn 0.3713 -0.1264 0.9199
vn 0.1455 -0.6616 0.7356
vn 0.1667 0.2002 0.9655
vn 0.2590 0.1130 0.9592
vn 0.3660 0.1904 0.9109
vn 0.6938 0.1227 0.7097
vn 0.6179 0.3529 0.7026
vn 0.4642 0.2828 0.8394
vn 0.4220 0.1204 0.8986
vn 0.6688 0.2707 0.6924
vn 0.6025 0.5121 0.6121
vn -0.1662 -0.6715 -0.7221
vn -0.2874 -0.6228 -0.7277
vn -0.3472 -0.7914 -0.5031
vn -0.2416 -0.8123 -0.5309
vn -0.3235 -0.6160 -0.7183
vn -0.3676 -0.7917 -0.4879
vn -0.3277 -0.9118 -0.2476
vn -0.3765 -0.9114 -0.1660
vn -0.2163 -0.9258 -0.3099
vn -0.2169 -0.8695 -0.4437
vn -0.2368 -0.8925 -0.3838
vn -0.2282 -0.8950 -0.3834
vn -0.0475 -0.5752 -0.8167
vn -0.1069 -0.6228 -0.7751
vn -0.1790 -0.6963 -0.6950
vn 0.4630 0.5615 0.6858
vn 0.4667 0.5203 0.7152
vn 0.1733 0.0536 0.9834
vn 0.1796 0.0976 0.9789
vn 0.0718 0.2438 0.9672
vn 0.2538 0.6731 0.6946
vn 0.0354 0.0098 0.9993
vn 0.1662 0.0704 0.9836
vn 0.1664 0.0892 0.9820
vn 0.5460 0.7308 -0.4097
vn 0.5990 0.6787 -0.4249
vn 0.6332 0.7708 0.0706
vn 0.5893 0.8043 0.0765
vn 0.4374 0.8884 0.1391
vn 0.4809 0.7951 -0.3695
vn 0.6015 0.6992 -0.3864
vn 0.5259 0.7199 -0.4529
vn 0.4576 0.6475 -0.6093
vn 0.5414 0.5565 -0.6302
vn 0.4882 0.6281 -0.6059
vn 0.5358 0.7871 -0.3056
vn 0.6737 0.5455 0.4986
vn 0.5898 0.6505 0.4785
vn 0.5110 0.5059 0.6949
vn 0.5427 0.7416 0.3944
vn 0.6598 0.6840 0.3112
vn 0.6047 0.7190 0.3426
vn 0.5342 0.8138 -0.2290
vn 0.7091 0.7051 -0.0029
vn 0.6667 0.7275 0.1621
vn 0.5406 0.8359 0.0954
vn 0.6640 0.6947 0.2766
vn 0.7346 0.6456 0.2089
vn -0.7904 -0.5134 -0.3342
vn -0.8198 -0.4229 -0.3862
vn -0.5465 -0.5002 -0.6717
vn -0.5304 -0.5864 -0.6122
vn -0.2967 -0.5147 -0.8044
vn -0.2451 -0.5749 -0.7806
vn -0.2393 -0.5500 -0.8002
vn -0.1769 -0.5765 -0.7977
vn -0.3711 -0.4642 -0.8043
vn -0.4416 -0.5319 -0.7225
vn -0.3333 -0.6115 -0.7176
vn -0.2835 -0.6294 -0.7236
vn -0.4722 -0.6479 -0.5977
vn -0.4424 -0.6657 -0.6010
vn -0.5072 -0.6196 -0.5991
vn -0.5662 -0.6309 -0.5304
vn -0.5368 -0.6685 -0.5147
vn -0.4917 -0.6971 -0.5218
vn -0.4754 -0.7297 -0.4914
vn -0.4398 -0.7485 -0.4963
vn -0.5151 -0.6704 -0.5340
vn -0.4735 -0.7000 -0.5346
vn -0.4526 -0.7504 -0.4817
vn -0.4398 -0.7573 -0.4827
vn 0.4748 0.7582 0.4470
vn 0.9020 0.2119 0.3761
vn 0.9561 -0.1288 0.2633
vn 0.8305 0.2327 0.5061
vn 0.5885 0.5094 0.6279
vn 0.4011 0.7803 0.4798
vn 0.6427 0.6616 0.3863
vn 0.4050 0.8487 0.3402
vn 0.9155 0.1437 0.3757
vn 0.5413 0.7154 0.4418
vn 0.5897 0.6568 0.4699
vn 0.4738 0.7276 0.4961
vn 0.4209 0.7549 0.5029
vn 0.4659 0.6829 0.5626
vn 0.5343 0.5989 0.5965
vn 0.4390 0.7101 0.5506
vn 0.4275 0.7418 0.5167
vn 0.4129 0.7529 0.5125
vn 0.8032 0.5052 0.3156
vn 0.6218 0.5996 0.5039
vn 0.5923 0.6029 0.5346
vn 0.7782 0.5174 0.3558
vn 0.5519 0.6216 0.5559
vn 0.5562 0.6082 0.5664
vn 0.5780 0.5965 0.5569
vn 0.5913 0.5847 0.5555
vn 0.7601 0.5236 0.3848
vn -0.3884 -0.7186 -0.5769
vn -0.4147 -0.6991 -0.5824
vn -0.4123 -0.8150 -0.4072
vn -0.3830 -0.8146 -0.4357
vn -0.4435 -0.8014 -0.4013
vn -0.4323 -0.6974 -0.5716
vn -0.4434 -0.8489 -0.2876
vn -0.3248 -0.8836 -0.3373
vn -0.2392 -0.8861 -0.3970
vn 0.1420 0.5910 0.7941
vn 0.6832 0.5943 0.4244
vn 0.7061 0.5684 0.4224
vn 0.1892 0.5495 0.8138
vn 0.7410 0.5272 0.4159
vn 0.1970 0.5394 0.8187
vn 0.6943 0.7119 -0.1056
vn 0.7753 0.5710 -0.2698
vn 0.8121 0.4764 -0.3371
vn 0.7447 0.6412 -0.1851
vn 0.8346 0.2377 -0.4970
vn 0.9121 0.4054 -0.0606
vn 0.9864 0.0549 -0.1550
vn 0.7958 0.6053 -0.0178
vn -0.0311 -0.3459 -0.9378
vn -0.0329 -0.3812 -0.9239
vn 0.0030 -0.2051 -0.9787
vn -0.0865 -0.4158 -0.9053
vn -0.1604 -0.4352 -0.8860
vn -0.0463 -0.4130 -0.9095
vn 0.7900 0.5932 -0.1553
vn 0.7934 0.6066 -0.0512
vn 0.7231 0.6783 -0.1304
vn 0.7191 0.6832 0.1270
vn 0.5698 0.7994 -0.1908
vn 0.5951 0.7958 0.1120
vn 0.8276 0.5222 0.2059
vn 0.6809 0.6659 0.3049
vn 0.6599 0.6147 0.4321
vn 0.8240 0.4969 0.2724
vn 0.5745 0.6514 0.4956
vn 0.6039 0.7188 0.3444
vn -0.2287 -0.4245 -0.8760
vn -0.2669 -0.4408 -0.8570
vn -0.6377 -0.4910 -0.5935
vn -0.5996 -0.4822 -0.6387
vn -0.8134 -0.4753 -0.3352
vn -0.8001 -0.4898 -0.3464
vn -0.2243 -0.5037 -0.8342
vn -0.5563 -0.5540 -0.6194
vn -0.7885 -0.5167 -0.3336
vn -0.0548 -0.4616 -0.8854
vn 0.0538 -0.2465 -0.9676
vn 0.0250 -0.3184 -0.9476
vn 0.0116 -0.3733 -0.9276
vn -0.1856 -0.5952 -0.7819
vn -0.0905 -0.4911 -0.8664
vn -0.1221 -0.2883 -0.9497
vn -0.2969 -0.6032 -0.7403
vn -0.3704 -0.7330 -0.5705
vn -0.2505 -0.4740 -0.8441
vn -0.4445 -0.7318 -0.5166
vn -0.4017 -0.6837 -0.6092
vn -0.3733 -0.7161 -0.5898
vn -0.3295 -0.3517 -0.8762
vn -0.3414 -0.4834 -0.8061
vn -0.3666 -0.7482 -0.5530
vn -0.2679 -0.1574 -0.9505
vn -0.2758 -0.0358 -0.9605
vn -0.3992 -0.8016 -0.4450
vn -0.4075 -0.7751 -0.4828
vn 0.7953 0.4975 0.3464
vn 0.8094 0.5275 0.2580
vn 0.9035 0.3355 0.2667
vn 0.8576 0.3515 0.3754
vn 0.9771 -0.0864 0.1946
vn 0.9487 -0.1386 0.2841
vn 0.6184 0.7059 0.3455
vn 0.8621 0.3683 0.3480
vn 0.9476 -0.1691 0.2709
vn 0.5495 0.8238 0.1389
vn 0.5307 0.8437 0.0808
vn 0.4944 0.8418 0.2167
vn 0.4392 0.8072 0.3945
vn 0.4747 0.7913 0.3854
vn 0.4880 0.7829 0.3859
vn 0.4193 0.7870 0.4525
vn 0.4470 0.7755 0.4458
vn 0.4483 0.7857 0.4263
vn 0.6970 0.6782 0.2328
vn 0.7993 0.6001 0.0309
vn 0.6068 0.7691 0.2007
vn 0.6839 0.6011 0.4135
vn 0.0774 0.6467 0.7588
vn 0.0344 0.6630 0.7478
vn 0.6841 0.6121 0.3965
vn 0.5571 -0.7565 -0.3426
vn 0.7100 -0.6772 -0.1933
vn 0.6634 -0.7231 0.1926
vn 0.3620 -0.9315 -0.0349
vn 0.7388 -0.6172 0.2707
vn 0.7629 -0.6366 -0.1125
vn 0.5863 -0.5621 0.5833
vn 0.4187 -0.7032 0.5746
vn 0.2512 -0.9016 0.3522
vn -0.8859 0.3942 -0.2446
vn -0.9897 0.0874 -0.1132
vn -0.9006 0.3401 0.2708
vn -0.8595 0.5034 -0.0883
vn -0.6882 -0.1636 0.7068
vn -0.9077 -0.3819 0.1739
vn -0.3941 -0.0100 0.9190
vn -0.7867 0.4014 0.4691
vn -0.8331 0.5526 0.0235
vn -0.6282 0.3503 -0.6947
vn -0.8152 0.3350 -0.4725
vn -0.7533 0.5335 -0.3846
vn -0.5545 0.4890 -0.6734
vn -0.7263 0.5963 -0.3421
vn -0.5622 0.5307 -0.6343
vn 0.5394 -0.5809 -0.6095
vn 0.6635 -0.5355 -0.5224
vn 0.2722 -0.6835 -0.6773
vn -0.0912 -0.3930 -0.9150
vn 0.1679 -0.2626 -0.9502
vn 0.2603 -0.1597 -0.9522
vn 0.7030 -0.6846 -0.1926
vn 0.7028 -0.6678 0.2452
vn 0.4217 -0.9008 0.1033
vn 0.2088 -0.9022 -0.3775
vn 0.4011 -0.7768 0.4855
vn 0.5818 -0.5773 0.5729
vn 0.3878 -0.4980 0.7756
vn -0.1412 -0.1511 0.9784
vn 0.2301 -0.4320 0.8720
vn 0.2911 -0.6409 0.7102
vn 0.0564 -0.2485 0.9670
vn -0.6024 0.3858 0.6988
vn -0.7159 0.6786 0.1640
vn -0.2308 0.3688 0.9004
vn -0.3470 0.8440 0.4090
vn -0.6144 0.7313 -0.2961
vn -0.4706 0.6441 -0.6031
vn -0.3225 0.9370 -0.1339
vn -0.2666 0.8102 -0.5220
vn -0.2829 0.4027 -0.8705
vn -0.2784 0.3287 -0.9025
vn -0.2045 0.5652 -0.7992
vn -0.1619 0.2165 -0.9628
vn -0.0002 -0.0641 -0.9979
vn 0.4876 -0.6102 -0.6244
vn -0.0528 -0.5956 -0.8015
vn -0.0947 -0.8307 -0.5486
vn -0.0495 -0.9962 -0.0718
vn -0.1011 -0.9693 -0.2241
vn -0.1575 -0.7472 -0.6457
vn -0.0853 -0.9457 0.3136
vn 0.0446 -0.9196 0.3902
vn 0.1343 -0.6803 0.7205
vn 0.0268 -0.6211 0.7832
vn 0.1994 -0.2014 0.9590
vn 0.1783 -0.2827 0.9425
vn 0.1553 0.3116 0.9374
vn 0.0950 0.8176 0.5679
vn 0.2665 0.2792 0.9225
vn 0.1678 0.7121 0.6817
vn -0.0076 0.9987 0.0504
vn -0.1012 0.9050 -0.4132
vn -0.0116 0.9833 0.1817
vn -0.1260 0.9154 -0.3822
vn -0.1514 0.6383 -0.7547
vn -0.1468 0.2822 -0.9481
vn -0.1637 0.6350 -0.7549
vn -0.2142 0.2935 -0.9317
vn -0.1299 -0.2903 -0.9481
vn -0.2264 -0.2190 -0.9491
vn 0.0330 -0.9726 0.2303
vn 0.2089 -0.8875 0.4108
vn 0.0970 -0.8772 0.4702
vn -0.0440 -0.9684 0.2453
vn 0.3293 -0.4601 0.8245
vn 0.4180 -0.5300 0.7378
vn 0.1715 -0.3782 0.9097
vn -0.1916 -0.6960 0.6921
vn -0.3271 -0.8635 0.3840
vn -0.3380 -0.9235 -0.1811
vn -0.6758 -0.3687 -0.6382
vn -0.7986 -0.3540 -0.4867
vn 0.0925 -0.9556 0.2796
vn -0.3155 -0.9486 -0.0231
vn 0.1517 -0.8897 0.4305
vn -0.3283 -0.9095 -0.2549
vn -0.5760 -0.3863 -0.7204
vn -0.4941 0.5904 -0.6382
vn -0.7135 0.2249 -0.6636
vn -0.6036 0.0610 -0.7949
vn -0.3398 0.6072 -0.7182
vn -0.5999 -0.0396 -0.7991
vn -0.3905 0.4916 -0.7783
vn -0.1630 0.8710 -0.4634
vn -0.3808 0.8206 -0.4262
vn -0.0992 0.8640 -0.4936
vn 0.0995 0.9860 -0.1337
vn 0.0417 0.9938 -0.1035
vn -0.0742 0.9931 -0.0913
vn 0.3068 0.9024 0.3026
vn 0.2857 0.9111 0.2971
vn 0.3437 0.8904 0.2984
vn 0.5205 0.4905 0.6989
vn 0.4812 0.5888 0.6494
vn 0.5336 0.5531 0.6398
vn 0.5679 -0.0329 0.8224
vn 0.4718 -0.6291 0.6177
vn 0.4551 -0.7415 0.4931
vn 0.5843 -0.2102 0.7839
vn 0.5115 -0.0131 0.8592
vn 0.2664 -0.8915 0.3664
vn 0.3486 -0.8286 0.4381
vn -0.0317 -0.9768 0.2117
vn 0.0106 -0.6314 0.7754
vn -0.0096 -0.6521 0.7580
vn -0.0950 -0.9741 0.2053
vn 0.1226 -0.1310 0.9838
vn 0.0249 -0.1061 0.9940
vn 0.0251 0.3140 0.9491
vn 0.1169 0.2830 0.9520
vn 0.0511 0.6947 0.7175
vn 0.0534 0.7209 0.6910
vn -0.0516 0.9826 0.1786
vn -0.1295 0.8890 -0.4393
vn -0.0123 0.9906 0.1364
vn -0.0990 0.8663 -0.4896
vn -0.1816 0.6082 -0.7727
vn -0.2671 0.3079 -0.9132
vn -0.1700 0.5940 -0.7863
vn -0.3005 0.3177 -0.8993
vn -0.3558 -0.1693 -0.9191
vn -0.5009 -0.0916 -0.8606
vn -0.5892 -0.6255 -0.5115
vn -0.3669 -0.6836 -0.6309
vn -0.1874 -0.9448 -0.2688
vn -0.3777 -0.9154 -0.1390
vn -0.1177 -0.5137 0.8499
vn -0.0080 -0.0196 0.9998
vn -0.4592 -0.8298 0.3171
vn -0.8989 -0.3876 0.2044
vn -0.5834 -0.1010 0.8059
vn -0.2159 0.2146 0.9525
vn -0.8072 0.2571 -0.5313
vn -0.8884 -0.4021 -0.2217
vn -0.6082 0.5656 -0.5570
vn -0.7721 0.5552 -0.3092
vn -0.8947 0.2797 -0.3482
vn -0.9319 -0.3022 0.2005
vn -0.0388 0.8644 0.5013
vn -0.2412 0.5488 0.8004
vn -0.6383 0.6917 0.3378
vn -0.1936 0.9527 0.2342
vn -0.7561 0.4878 0.4363
vn -0.5819 0.8051 -0.1149
vn -0.0075 0.9990 0.0450
vn 0.0035 0.3954 0.9185
vn 0.0723 0.7598 0.6461
vn -0.4554 0.7913 -0.4080
vn -0.0282 0.9902 -0.1371
vn 0.0944 0.9886 0.1177
vn -0.0102 0.8709 -0.4914
vn 0.1391 0.9741 0.1781
vn 0.0427 0.8980 -0.4380
vn -0.1455 0.6082 -0.7803
vn -0.3707 0.3737 -0.8502
vn -0.1573 0.6850 -0.7113
vn -0.4324 0.4458 -0.7838
vn -0.9875 -0.0947 0.1260
vn -0.9107 0.3969 0.1143
vn 0.5887 0.7461 0.3110
vn 0.3503 0.9320 0.0931
vn 0.3675 0.9196 0.1387
vn 0.6039 0.6397 0.4755
vn 0.6749 0.4750 0.5647
vn 0.5575 0.0938 0.8249
vn 0.7298 0.4831 0.4837
vn 0.5022 0.8166 0.2844
vn 0.6960 0.6860 0.2122
vn 0.4837 0.8650 0.1337
vn 0.7673 0.0693 0.6375
vn 0.4508 -0.4551 0.7679
vn 0.6245 -0.1933 0.7567
vn 0.3332 -0.6938 0.6384
vn 0.2546 -0.6609 0.7059
vn 0.2128 -0.4115 0.8862
vn 0.0164 -0.7039 0.7101
vn -0.0915 -0.3537 0.9309
vn -0.5040 -0.7914 0.3460
vn -0.5919 -0.5070 0.6266
vn -0.6143 -0.3853 0.6886
vn -0.2982 -0.1789 0.9376
vn -0.8878 -0.3325 0.3182
vn -0.8820 -0.3299 0.3364
vn -0.6721 -0.3477 0.6538
vn -0.4020 -0.2025 0.8930
vn -0.6878 -0.3607 0.6299
vn -0.4325 -0.2739 0.8590
vn -0.8398 -0.3953 0.3722
vn -0.8044 -0.4407 0.3985
vn -0.6638 -0.4021 0.6306
vn -0.4099 -0.3043 0.8599
vn -0.8803 -0.4523 -0.1428
vn -0.7821 -0.4903 0.3847
vn -0.8848 -0.4025 0.2347
vn -0.9222 -0.3414 -0.1815
vn -0.9185 -0.3910 0.0589
vn -0.8426 -0.4776 0.2487
vn -0.8476 -0.5228 -0.0902
vn -0.4572 -0.2124 0.8637
vn -0.3818 -0.3131 0.8696
vn -0.3881 -0.2684 0.8817
vn -0.8759 -0.3773 0.3009
vn -0.8262 -0.2686 0.4952
vn -0.4782 -0.2215 0.8498
vn -0.5864 -0.3103 0.7482
vn -0.6893 -0.2705 0.6721
vn -0.2717 -0.0546 0.9608
vn 0.1183 0.1017 0.9878
vn 0.0054 -0.0528 0.9986
vn -0.0984 -0.1913 0.9766
vn -0.7172 -0.4290 0.5492
vn -0.6150 -0.4609 0.6398
vn -0.1490 -0.3981 0.9052
vn -0.2376 -0.5462 0.8033
vn -0.8868 -0.4290 0.1721
vn 0.3900 -0.2867 0.8751
vn 0.3468 -0.5367 0.7692
vn 0.3921 -0.0523 0.9184
vn 0.6851 0.0462 0.7270
vn 0.7544 -0.1356 0.6423
vn 0.7529 -0.3805 0.5370
vn -0.0965 0.7123 0.6953
vn 0.2917 0.7114 0.6394
vn 0.3187 0.4152 0.8521
vn 0.3036 0.0716 0.9501
vn 0.5968 0.4322 0.6760
vn 0.5637 0.5149 0.6458
vn 0.1888 -0.0494 0.9808
vn -0.0744 -0.0219 0.9970
vn -0.5171 0.6080 0.6025
vn -0.1338 0.5911 0.7954
vn -0.3838 0.9234 0.0016
vn -0.3398 0.8840 0.3211
vn -0.0587 0.9965 -0.0590
vn -0.1214 0.9636 0.2382
vn -0.2857 0.0346 0.9577
vn -0.9573 0.0635 0.2822
vn -0.9986 -0.0523 0.0063
vn -0.9578 -0.2164 0.1892
vn -0.9518 0.3051 -0.0304
vn -0.7810 0.6019 -0.1664
vn -0.3992 0.8223 -0.4056
vn -0.3658 0.8601 -0.3555
vn -0.0454 0.9342 -0.3539
vn -0.0395 0.8752 -0.4821
vn -0.7798 -0.3255 0.5347
vn -0.8426 -0.2529 0.4755
vn -0.3355 -0.6114 0.7166
vn -0.4853 -0.5837 0.6510
vn -0.7741 0.6274 0.0845
vn -0.9023 0.4307 0.0195
vn -0.8973 -0.1626 0.4104
vn -0.8791 0.2662 0.3955
vn -0.6475 -0.4220 0.6345
vn -0.7507 -0.0771 0.6561
vn 0.6580 -0.5172 0.5472
vn 0.6543 -0.6055 0.4530
vn 0.9265 -0.3289 0.1827
vn 0.9140 -0.1408 0.3805
vn 0.9578 -0.1911 0.2147
vn 0.9805 0.1730 -0.0936
vn 0.9857 0.1638 0.0402
vn 0.9560 0.2753 0.1015
vn 0.2499 -0.7096 0.6588
vn 0.1636 -0.7211 0.6732
vn 0.6391 0.7172 -0.2778
vn 0.7008 0.7120 0.0447
vn 0.5955 0.7263 -0.3433
vn 0.0370 0.9170 -0.3973
vn 0.2317 0.9659 -0.1157
vn 0.6128 0.3300 0.7181
vn -0.1301 0.2711 0.9537
vn 0.0990 -0.4742 0.8748
vn 0.7279 -0.1747 0.6631
vn -0.3897 0.8347 -0.3890
vn -0.3428 0.9261 -0.1578
vn -0.3325 0.8600 0.3871
vn 0.4923 0.7902 0.3650
vn 0.8351 0.3389 0.4332
vn -0.2410 0.5787 0.7791
vn -0.2716 0.6419 0.7171
vn 0.0053 0.6867 0.7269
vn 0.0592 0.5550 0.8297
vn 0.0820 0.5060 0.8586
vn 0.1065 0.5595 0.8220
vn -0.2606 0.5534 0.7911
vn -0.2461 0.5436 0.8025
vn -0.2125 0.5624 0.7991
vn -0.2088 0.5875 0.7818
vn -0.2178 0.5741 0.7893
vn -0.0650 0.5239 0.8493
vn -0.0676 0.5487 0.8333
vn -0.0990 0.5691 0.8163
vn 0.1406 0.6485 0.7481
vn -0.2735 0.5826 0.7654
vn 0.2040 0.7297 0.6526
vn -0.2715 0.6117 0.7431
vn -0.1814 0.5895 0.7872
vn -0.0524 0.6050 0.7945
vn -0.2029 0.6407 0.7405
vn -0.0902 0.7128 0.6955
vn 0.2756 0.7486 0.6030
vn -0.2484 0.6261 0.7391
vn 0.3705 0.7589 0.5356
vn -0.1963 0.6479 0.7360
vn -0.2699 0.6426 0.7171
vn -0.3141 0.6247 0.7149
vn -0.1116 0.7196 0.6854
vn -0.1198 0.6965 0.7075
vn -0.0077 0.7026 0.7116
vn 0.6351 0.6939 0.3393
vn 0.7011 0.6270 0.3396
vn 0.0273 0.6832 0.7297
vn 0.4991 0.7561 0.4233
vn -0.1134 0.6837 0.7209
vn -0.3159 0.6147 0.7228
vn -0.2880 0.5933 0.7517
vn -0.1406 0.6778 0.7217
vn -0.1550 0.6531 0.7413
vn -0.2034 0.6280 0.7512
vn -0.2088 0.6587 0.7228
vn -0.1171 0.6220 0.7742
vn -0.4434 0.5561 0.7030
vn -0.4833 0.5873 0.6493
vn -0.2301 0.6715 0.7044
vn -0.1897 0.7188 0.6689
vn -0.5581 0.6194 0.5521
vn -0.8880 -0.3980 -0.2303
vn -0.9864 0.0234 0.1626
vn -0.9746 0.0287 0.2222
vn -0.8716 -0.4240 -0.2460
vn -0.9996 -0.0024 0.0272
vn -0.8733 -0.3877 -0.2949
vn -0.1899 0.5576 0.8081
vn -0.1529 0.5973 0.7873
vn -0.5394 0.4966 0.6800
vn -0.5789 0.4132 0.7029
vn -0.9675 -0.0911 0.2361
vn -0.8726 -0.4586 -0.1679
vn -0.9511 0.0046 0.3089
vn -0.9049 -0.4225 -0.0515
vn -0.5963 0.4561 0.6606
vn -0.2129 0.5214 0.8263
vn -0.2563 0.5648 0.7844
vn -0.6458 0.4722 0.6000
vn -0.8308 -0.4719 -0.2950
vn -0.8400 -0.4586 -0.2899
vn -0.7666 -0.5776 -0.2806
vn -0.7540 -0.5917 -0.2853
vn -0.7696 -0.5967 -0.2274
vn -0.7067 -0.6239 -0.3338
vn -0.6896 -0.6206 -0.3733
vn -0.7827 -0.5444 -0.3016
vn -0.8078 -0.4927 -0.3236
vn -0.9403 0.2133 0.2654
vn -0.9878 -0.1513 -0.0372
vn -0.9668 -0.2553 -0.0139
vn -0.9364 0.1350 0.3238
vn -0.8705 -0.4541 -0.1898
vn -0.8726 -0.4292 -0.2330
vn -0.6799 -0.6002 -0.4213
vn -0.7234 -0.5700 -0.3897
vn -0.7200 -0.5008 -0.4804
vn -0.7045 -0.5333 -0.4683
vn -0.2928 0.6035 0.7417
vn -0.6917 0.4450 0.5687
vn -0.2612 0.6284 0.7327
vn -0.7122 0.4168 0.5649
vn -0.8820 -0.3737 -0.2872
vn -0.8821 -0.3962 -0.2549
vn -0.9925 -0.1206 -0.0180
vn -0.9934 -0.1140 -0.0087
vn -0.9470 0.2057 0.2466
vn -0.9475 0.1479 0.2834
vn -0.2423 0.6656 0.7059
vn -0.7108 0.4422 0.5470
vn -0.2472 0.7137 0.6553
vn -0.6985 0.4937 0.5181
vn -0.9536 0.1453 0.2637
vn -0.9597 0.1856 0.2112
vn -0.9926 -0.0469 -0.1118
vn -0.9949 -0.0871 -0.0516
vn -0.8705 -0.3097 -0.3824
vn -0.7329 -0.4217 -0.5338
vn -0.8707 -0.2385 -0.4301
vn -0.7967 -0.3616 -0.4842
vn -0.7615 -0.4913 -0.4229
vn -0.8128 -0.4573 -0.3609
vn -0.9784 -0.0200 -0.2056
vn -0.9857 0.0053 -0.1684
vn -0.9567 0.2463 0.1550
vn -0.9582 0.2402 0.1556
vn -0.6758 0.5386 0.5033
vn -0.6818 0.5148 0.5198
vn -0.2535 0.7293 0.6355
vn -0.2851 0.6788 0.6768
vn -0.9193 -0.1032 -0.3798
vn -0.8752 -0.1897 -0.4450
vn -0.2422 0.5588 0.7932
vn -0.2121 0.6116 0.7622
vn -0.2357 0.5232 0.8190
vn -0.5589 0.4659 0.6860
vn -0.8458 -0.4424 -0.2981
vn -0.8735 -0.4306 -0.2270
vn -0.8689 -0.3481 -0.3518
vn -0.9161 -0.3369 -0.2172
vn -0.3712 0.6020 0.7070
vn -0.7219 0.4250 0.5462
vn -0.9158 -0.2193 -0.3364
vn -0.9481 -0.2542 -0.1910
vn -0.9898 -0.0706 -0.1237
vn -0.9937 -0.1120 -0.0072
vn -0.9578 0.1721 0.2302
vn -0.9282 0.1633 0.3343
vn -0.2463 0.5029 0.8285
vn -0.5796 0.4122 0.7030
vn -0.2571 0.4813 0.8380
vn -0.5901 0.3766 0.7141
vn -0.8965 -0.4169 -0.1500
vn -0.9263 -0.3654 -0.0916
vn -0.9423 -0.3189 -0.1019
vn -0.9656 -0.2583 -0.0287
vn -0.9631 -0.2529 -0.0917
vn -0.9793 -0.1968 -0.0463
vn -0.9924 -0.1014 0.0699
vn -0.9934 -0.0645 0.0944
vn -0.9019 0.1630 0.4000
vn -0.8945 0.1606 0.4173
vn -0.6048 0.3599 0.7104
vn -0.2912 0.4675 0.8347
vn -0.3387 0.4230 0.8405
vn -0.6455 0.3555 0.6760
vn -0.9625 -0.2648 -0.0589
vn -0.9630 -0.2609 -0.0677
vn -0.9854 -0.1638 0.0469
vn -0.9825 -0.1272 0.1362
vn -0.9886 -0.1501 0.0067
vn -0.9865 -0.1116 0.1197
vn -0.9925 -0.0571 0.1081
vn -0.9860 -0.0556 0.1570
vn -0.9017 0.1475 0.4064
vn -0.9216 0.1186 0.3696
vn -0.9465 -0.3145 -0.0723
vn -0.9075 -0.4160 -0.0584
vn -0.9709 -0.1588 0.1790
vn -0.9459 -0.2078 0.2492
vn -0.6481 -0.7610 0.0300
vn -0.8975 -0.4370 -0.0597
vn -0.7225 -0.6121 -0.3216
vn -0.8394 -0.4333 -0.3283
vn -0.8745 -0.3907 -0.2872
vn -0.8798 -0.4589 -0.1238
vn -0.9215 -0.3508 -0.1667
vn -0.8653 -0.3633 -0.3455
vn -0.9502 -0.2892 -0.1158
vn -0.6193 -0.1267 -0.7749
vn -0.6851 -0.1711 -0.7080
vn -0.9679 -0.2512 0.0038
vn -0.9643 0.2338 0.1247
vn -0.3735 0.7126 0.5939
vn -0.5219 0.4248 0.7397
vn -0.9970 -0.0661 -0.0405
vn -0.8793 -0.2716 -0.3913
vn -0.9787 -0.0061 -0.2052
vn -0.8434 0.4909 0.2182
vn -0.2474 0.8979 0.3641
vn -0.7845 0.6023 0.1473
vn -0.3418 0.9374 0.0669
vn -0.9718 0.2269 -0.0645
vn -0.9536 0.3008 0.0110
vn -0.8487 0.5077 0.1481
vn -0.6708 0.7207 -0.1748
vn -0.5668 -0.4980 -0.6563
vn -0.6045 -0.3623 -0.7094
vn -0.4536 -0.3177 -0.8327
vn -0.3875 -0.4849 -0.7840
vn -0.5262 -0.0556 -0.8485
vn -0.5614 -0.2330 -0.7941
vn -0.6379 -0.2374 -0.7326
vn -0.5364 -0.3081 -0.7857
vn -0.4765 -0.4148 -0.7752
vn -0.4119 -0.7598 -0.5030
vn -0.2811 -0.6200 -0.7325
vn -0.2631 -0.6764 -0.6879
vn -0.3835 -0.8188 -0.4271
vn -0.2839 -0.6007 -0.7473
vn -0.2742 -0.5667 -0.7770
vn -0.2095 -0.6848 -0.6979
vn -0.2474 -0.7490 -0.6146
vn -0.3762 -0.8501 -0.3686
vn -0.2431 -0.8084 -0.5361
vn -0.3986 -0.8632 -0.3100
vn -0.1177 -0.7476 -0.6536
vn -0.0856 -0.7483 -0.6578
vn -0.2463 -0.8073 -0.5363
vn -0.4802 -0.8308 -0.2815
vn -0.6274 -0.7737 0.0884
vn -0.5435 -0.8087 -0.2251
vn -0.5106 -0.8449 -0.1594
vn -0.5733 -0.7947 0.1995
vn -0.4955 -0.8657 -0.0715
vn -0.5530 -0.7264 0.4081
vn -0.4837 -0.5742 0.6605
vn -0.1872 -0.1325 0.9733
vn -0.3350 -0.1225 0.9342
vn -0.6297 -0.5876 0.5081
vn -0.3337 -0.3940 0.8564
vn -0.1086 -0.1268 0.9860
vn -0.5554 -0.8314 0.0195
vn -0.6125 -0.4427 0.6549
vn -0.7050 -0.7036 0.0889
vn -0.8001 -0.1938 0.5678
vn -0.8323 -0.5538 -0.0249
vn -0.9050 -0.3222 0.2778
vn -0.6693 -0.6941 -0.2651
vn -0.0187 0.5294 0.8482
vn -0.2161 0.3668 0.9048
vn -0.0631 0.3614 0.9303
vn 0.0044 0.4283 0.9036
vn -0.5246 -0.1188 0.8430
vn -0.6616 -0.0758 0.7460
vn 0.0573 0.3125 0.9482
vn 0.0423 0.2555 0.9659
vn -0.9621 -0.0575 0.2666
vn -0.9114 -0.0554 0.4078
vn -0.9561 0.0143 0.2926
vn -0.9067 -0.0244 0.4210
vn -0.8010 0.1307 0.5842
vn -0.4109 0.2727 0.8700
vn -0.4132 0.2649 0.8712
vn -0.8461 -0.1202 0.5193
vn 0.2650 0.5330 0.8035
vn 0.3238 0.5263 0.7862
vn -0.9203 0.0862 0.3815
vn -0.9122 -0.0604 0.4054
vn -0.2826 0.0086 0.9592
vn 0.1638 0.2669 0.9497
vn -0.6680 -0.3363 0.6638
vn -0.8621 -0.0244 0.5061
vn -0.4800 0.4781 0.7355
vn -0.9140 0.0411 0.4037
vn -0.7791 0.3012 0.5498
vn -0.3919 0.0141 0.9199
vn 0.0164 0.2719 0.9622
vn 0.1147 0.2317 0.9660
vn -0.0357 0.2353 0.9713
vn -0.9166 -0.3121 -0.2498
vn -0.8950 -0.4455 0.0211
vn -0.7631 -0.6406 0.0858
vn -0.8342 -0.3246 0.4458
vn -0.3832 -0.2091 0.8997
vn -0.8260 -0.3848 0.4118
vn -0.9591 -0.2688 -0.0882
vn -0.9364 -0.3424 -0.0765
vn -0.9797 -0.1999 -0.0146
vn -0.9467 -0.3051 0.1028
vn -0.9308 -0.3522 -0.0975
vn -0.9109 -0.3403 -0.2333
vn -0.8874 -0.3427 0.3085
vn -0.8664 -0.4544 0.2071
vn -0.9264 -0.3666 0.0861
vn -0.9108 -0.1655 0.3783
vn -0.6934 -0.7084 -0.1318
vn -0.3834 -0.8867 -0.2583
vn -0.6673 -0.2884 -0.6867
vn -0.5720 -0.3505 -0.7416
vn 0.0406 0.5308 0.8465
vn 0.1083 0.0360 0.9935
vn 0.3999 0.0350 0.9159
vn 0.3555 0.5030 0.7878
vn -0.1222 0.9828 0.1386
vn 0.0500 0.9985 -0.0232
vn -0.2726 0.8472 -0.4559
vn -0.5495 0.8226 -0.1461
vn -0.5515 0.3671 -0.7490
vn -0.7917 0.3434 -0.5052
vn -0.6386 -0.0887 -0.7644
vn -0.7666 -0.0937 -0.6353
vn 0.1822 0.8978 0.4010
vn -0.0903 0.8602 0.5020
vn -0.7388 0.1486 0.6573
vn -0.4111 0.3936 0.8222
vn -0.5325 0.7459 0.4001
vn -0.9373 0.3230 0.1305
vn -0.9484 -0.2970 -0.1109
vn -0.6798 -0.4622 0.5695
vn -0.3115 -0.2004 0.9289
vn -0.1286 -0.9033 -0.4092
vn -0.6301 -0.4668 -0.6206
vn -0.3701 -0.8599 0.3516
vn -0.0911 -0.5811 0.8087
vn -0.7941 0.0059 -0.6077
vn -0.4384 -0.0150 -0.8987
vn -0.2774 0.2129 -0.9369
vn -0.4053 0.0136 0.9141
vn -0.6979 -0.5770 0.4241
vn -0.7595 -0.5766 0.3012
vn -0.4687 0.0960 0.8781
vn -0.8172 -0.5715 -0.0746
vn -0.7407 -0.5302 0.4126
vn -0.8580 -0.4833 -0.1738
vn -0.8092 -0.5872 -0.0196
vn -0.7270 -0.6846 -0.0527
vn -0.7052 -0.6059 0.3682
vn -0.6403 -0.6894 0.3387
vn -0.6988 -0.7153 0.0038
vn -0.6623 -0.7387 0.1252
vn -0.6905 -0.6595 0.2970
vn -0.6846 -0.7282 -0.0319
vn -0.6549 -0.6718 0.3460
vn -0.7627 -0.6334 0.1308
vn -0.9170 -0.3800 -0.1212
vn -0.9346 -0.3515 -0.0554
vn -0.9284 -0.3421 0.1454
vn -0.8991 -0.3595 0.2496
vn -0.9141 -0.3833 -0.1323
vn -0.7122 -0.5361 0.4532
vn -0.8135 -0.5755 0.0834
vn -0.4037 -0.3493 0.8456
vn -0.5844 -0.4831 0.6520
vn -0.5844 -0.4999 0.6392
vn -0.6089 -0.3342 0.7195
vn -0.9575 -0.2874 0.0248
vn -0.5763 -0.2495 0.7782
vn -0.3661 -0.2966 0.8821
vn -0.6292 -0.4362 0.6433
vn -0.5625 -0.4850 -0.6696
vn -0.5248 -0.5581 -0.6428
vn -0.4181 -0.5361 -0.7333
vn -0.5254 -0.4595 -0.7161
vn -0.5248 -0.4045 -0.7490
vn -0.4989 -0.5477 -0.6717
vn -0.4762 -0.6540 -0.5878
vn -0.3517 -0.6449 -0.6785
vn -0.9852 -0.1131 0.1286
vn -0.9447 -0.1714 0.2797
vn -0.5082 0.2001 0.8377
vn -0.4155 0.1092 0.9030
vn -0.8377 -0.2875 0.4642
vn -0.7186 -0.2363 0.6541
vn -0.2883 0.1646 0.9433
vn -0.1391 0.4006 0.9056
vn -0.5596 -0.0777 0.8251
vn -0.0386 0.5181 0.8545
vn -0.1413 0.3378 0.9306
vn -0.1841 0.4050 0.8956
vn -0.1569 0.2494 0.9556
vn -0.5925 -0.0246 0.8052
vn -0.6382 0.0580 0.7677
vn -0.6580 0.0726 0.7495
vn -0.6845 0.0085 0.7290
vn -0.2549 0.3924 0.8838
vn -0.4614 -0.6397 -0.6147
vn -0.2895 -0.6295 -0.7211
vn -0.2793 -0.6337 -0.7214
vn -0.4170 -0.6751 -0.6085
vn -0.3045 -0.6781 -0.6689
vn -0.2569 -0.6488 -0.7163
vn -0.2846 -0.7196 -0.6333
vn -0.4121 -0.6837 -0.6022
vn -0.7486 -0.6629 -0.0135
vn -0.8067 -0.4329 0.4023
vn -0.8446 -0.3399 0.4136
vn -0.8072 -0.5899 -0.0204
vn -0.8746 -0.2552 0.4123
vn -0.8605 -0.5084 -0.0330
vn -0.3284 -0.5842 -0.7422
vn -0.5150 -0.5874 -0.6243
vn -0.8491 -0.3347 0.4087
vn -0.8815 -0.2433 0.4048
vn -0.8800 -0.4746 -0.0203
vn -0.8882 -0.4589 -0.0225
vn -0.5783 -0.7303 -0.3636
vn -0.5724 -0.7616 -0.3039
vn -0.6903 -0.7234 0.0136
vn -0.4341 -0.6849 -0.5852
vn -0.6729 -0.6174 -0.4075
vn -0.6232 -0.6774 -0.3908
vn -0.7372 -0.5282 0.4214
vn -0.6983 -0.5919 -0.4026
vn -0.7380 -0.5296 -0.4182
vn 0.7823 0.5266 0.3327
vn 0.7535 0.5430 0.3707
vn 0.7696 0.4952 0.4032
vn 0.7665 0.5222 0.3740
vn 0.6003 0.5731 0.5579
vn 0.5769 0.5859 0.5692
vn 0.5809 0.5568 0.5937
vn 0.5927 0.5795 0.5594
vn 0.5719 0.5974 0.5621
vn 0.7840 0.5487 0.2903
vn 0.5693 0.5234 0.6339
vn 0.5434 0.5035 0.6718
vn 0.5583 0.5927 0.5805
vn 0.7939 0.5361 0.2869
vn 0.3967 0.6124 0.6838
vn 0.4174 0.6323 0.6527
vn 0.4526 0.5384 0.7108
vn 0.3555 0.5638 0.7455
vn 0.3990 0.5238 0.7526
vn 0.3914 0.5549 0.7341
vn 0.9125 -0.1429 0.3833
vn 0.6890 0.3109 0.6547
vn 0.9131 -0.3890 0.1219
vn 0.8576 -0.5130 -0.0366
vn 0.9093 -0.0451 0.4138
vn 0.6415 0.3774 0.6679
vn -0.3543 -0.5752 -0.7373
vn -0.4164 -0.5759 -0.7035
vn -0.4119 -0.6135 -0.6738
vn -0.3655 -0.6384 -0.6774
vn -0.4330 -0.6079 -0.6655
vn -0.4166 -0.5596 -0.7165
vn -0.4891 -0.5410 -0.6842
vn -0.4960 -0.6066 -0.6213
vn -0.5227 -0.6039 -0.6017
vn -0.4983 -0.5737 -0.6501
vn -0.5723 -0.5971 -0.5621
vn -0.5680 -0.5810 -0.5829
vn -0.4806 -0.5886 -0.6501
vn -0.5024 -0.5159 -0.6939
vn -0.3620 -0.5221 -0.7722
vn -0.3018 -0.6146 -0.7288
vn -0.5519 -0.5805 -0.5987
vn -0.5808 -0.5667 -0.5844
vn -0.5544 -0.5456 -0.6285
vn -0.5622 -0.5615 -0.6072
vn -0.5789 -0.5652 -0.5878
vn -0.5699 -0.5515 -0.6092
vn -0.4558 -0.6268 -0.6320
vn -0.4738 -0.5662 -0.6745
vn -0.4837 -0.7378 -0.4708
vn -0.1640 -0.6915 -0.7035
vn -0.2723 -0.7882 -0.5518
vn 0.0521 -0.6609 -0.7486
vn -0.2261 -0.6311 -0.7421
vn -0.1228 -0.6175 -0.7769
vn -0.4823 -0.7678 -0.4216
vn -0.4833 -0.7490 -0.4533
vn -0.4654 -0.5237 -0.7136
vn -0.4269 -0.7727 -0.4698
vn -0.5411 -0.3776 -0.7515
vn -0.4199 -0.0331 -0.9070
vn -0.2904 0.1340 -0.9475
vn -0.3312 -0.2135 -0.9191
vn -0.3093 -0.6760 -0.6688
vn -0.5252 -0.7269 -0.4424
vn -0.5548 -0.6563 -0.5113
vn -0.5550 -0.6296 -0.5437
vn -0.5251 -0.7089 -0.4710
vn -0.5780 -0.3570 -0.7338
vn -0.5808 -0.4565 -0.6740
vn -0.4904 -0.5310 -0.6911
vn -0.4225 -0.8138 -0.3990
vn -0.3844 -0.8256 -0.4132
vn -0.4233 -0.6082 -0.6715
vn -0.4303 -0.7348 -0.5244
vn -0.3788 -0.8767 -0.2964
vn -0.3638 -0.8644 -0.3469
vn -0.3908 -0.8747 -0.2868
vn -0.3924 -0.7954 -0.4618
vn 0.3928 0.3048 0.8676
vn 0.4253 0.3678 0.8270
vn 0.5319 0.2988 0.7924
vn 0.4988 0.2116 0.8405
vn 0.5220 0.6950 0.4944
vn 0.3907 0.7542 0.5278
vn 0.5748 0.7021 0.4204
vn 0.6073 0.2366 0.7584
vn 0.5047 -0.0400 0.8624
vn 0.5586 0.3792 0.7377
vn 0.7870 0.3020 0.5380
vn 0.5240 0.4965 0.6920
vn 0.4966 0.1134 0.8606
vn 0.4488 -0.1112 0.8867
vn 0.7122 -0.0673 0.6987
vn 0.4196 0.9068 0.0413
vn 0.5380 0.7985 0.2701
vn 0.5124 0.8157 0.2684
vn 0.5315 0.7568 0.3806
vn 0.4401 0.8835 0.1606
vn 0.5183 0.8025 0.2956
vn 0.4451 0.8926 0.0715
vn 0.4492 0.8837 -0.1313
vn 0.5820 0.7999 0.1463
vn 0.4755 -0.0277 0.8793
vn 0.6174 0.0126 0.7865
vn 0.5225 0.1274 0.8431
vn 0.4753 0.8221 0.3134
vn 0.5998 0.3295 0.7292
vn 0.5639 0.6152 0.5510
vn 0.4846 0.8560 0.1800
vn 0.6363 0.6314 0.4432
vn 0.4238 0.9028 0.0731
vn 0.7860 0.5096 0.3499
vn 0.5618 0.4556 0.6905
vn 0.8595 0.4524 0.2379
vn 0.6702 0.4124 0.6171
vn 0.8446 0.4149 0.3384
vn 0.9586 0.2225 0.1777
vn 0.7969 0.4718 0.3772
vn 0.7248 0.3637 0.5851
vn 0.8089 0.4829 0.3354
vn 0.7999 0.3831 0.4619
vn 0.7357 0.3739 0.5648
vn 0.7346 0.5662 0.3737
vn 0.7635 0.5151 0.3895
vn 0.7864 0.5303 0.3167
vn 0.3997 0.1042 0.9107
vn 0.4312 0.1916 0.8817
vn 0.6046 0.2744 0.7478
vn 0.6338 0.1912 0.7495
vn 0.4190 0.3702 0.8291
vn 0.5680 0.3412 0.7490
vn 0.3117 0.9033 0.2948
vn 0.5930 0.7406 0.3160
vn 0.3870 0.9219 -0.0167
vn 0.7177 0.6521 0.2445
vn 0.5851 0.3797 0.7166
vn 0.6378 0.4650 0.6140
vn 0.6704 0.3037 0.6770
vn 0.7213 0.3788 0.5798
vn 0.7589 0.4231 0.4950
vn 0.7360 0.5458 0.4004
vn 0.7465 0.6210 0.2391
vn 0.7518 0.5212 0.4040
vn 0.7434 0.5833 0.3272
vn 0.7459 0.2115 0.6316
vn 0.7868 0.2415 0.5680
vn 0.8883 0.0831 0.4516
vn 0.8902 0.4379 0.1257
vn 0.4826 0.8006 -0.3551
vn 0.7063 0.5942 0.3848
vn 0.7146 0.5694 0.4064
vn 0.7512 0.3131 0.5811
vn 0.7056 0.0625 0.7058
vn 0.7361 0.0092 0.6768
vn 0.7794 0.2635 0.5684
vn 0.7260 -0.2598 0.6367
vn 0.6794 0.0286 0.7332
vn 0.6637 -0.3205 0.6759
vn 0.7299 -0.0870 0.6779
vn 0.8508 0.2000 0.4860
vn 0.6865 -0.4978 0.5301
vn 0.6068 -0.4528 0.6532
vn 0.7932 -0.3315 0.5108
vn 0.7104 -0.6108 0.3497
vn 0.5847 -0.6513 0.4836
vn 0.5394 -0.6446 0.5417
vn 0.7578 -0.3441 0.5543
vn 0.6974 -0.6151 0.3678
vn 0.9118 -0.4106 -0.0049
vn 0.9648 -0.0474 0.2586
vn 0.9063 0.3886 0.1663
vn 0.9774 0.1722 -0.1229
vn 0.8023 0.3884 -0.4533
vn 0.8459 0.5046 -0.1726
vn 0.8930 -0.1574 -0.4216
vn 0.6442 0.1362 -0.7526
vn 0.3702 -0.8887 0.2704
vn 0.5395 -0.8393 0.0675
vn 0.2650 -0.9578 -0.1112
vn 0.2616 -0.9596 0.1037
vn 0.2917 -0.8881 -0.3553
vn 0.6683 -0.6936 -0.2688
vn 0.6378 -0.4924 -0.5923
vn 0.3984 -0.2334 -0.8870
vn 0.2627 -0.7549 -0.6010
vn 0.1138 -0.5089 -0.8533
vn 0.0914 -0.7538 -0.6508
vn -0.0055 -0.4613 -0.8872
vn 0.1583 -0.8901 -0.4273
vn -0.0805 -0.7579 -0.6474
vn -0.0630 -0.9513 -0.3017
vn -0.0620 -0.3413 -0.9379
vn -0.5555 -0.2528 -0.7921
vn -0.4759 0.1023 -0.8735
vn -0.5126 -0.0179 -0.8584
vn -0.5262 -0.1318 -0.8401
vn -0.5434 -0.1524 -0.8255
vn -0.5124 -0.1037 -0.8525
vn -0.5731 -0.5502 -0.6073
vn -0.5572 -0.5202 -0.6472
vn -0.5603 -0.5703 -0.6007
vn -0.4671 -0.8035 -0.3690
vn -0.4586 -0.6334 -0.6232
vn -0.2850 -0.9199 -0.2694
vn -0.1170 -0.7534 -0.6471
vn -0.0345 -0.8136 -0.5803
vn -0.4038 0.0050 -0.9148
vn -0.4095 -0.2478 -0.8780
vn -0.4610 -0.5600 -0.6884
vn -0.4358 -0.7772 -0.4538
vn -0.4484 -0.6687 -0.5931
vn -0.3600 -0.8004 -0.4794
vn -0.3505 -0.5645 -0.7473
vn -0.3144 -0.2499 -0.9158
vn -0.4258 -0.8612 -0.2775
vn -0.2345 -0.8748 -0.4239
vn -0.3516 -0.8992 -0.2603
vn -0.3418 -0.9310 -0.1280
vn -0.4683 -0.8486 -0.2459
vn -0.3686 -0.9296 -0.0040
vn -0.2448 -0.9695 -0.0101
vn -0.2744 -0.9616 -0.0054
vn -0.1835 -0.9827 0.0249
vn -0.1659 -0.9280 -0.3335
vn -0.0007 -0.7798 -0.6260
vn -0.2963 -0.9287 -0.2231
vn -0.0523 -0.7287 -0.6829
vn -0.0584 -0.7810 -0.6217
vn -0.4416 -0.8895 -0.1173
vn -0.3407 -0.6801 -0.6492
vn -0.2192 -0.7796 -0.5867
vn -0.2682 -0.9633 -0.0108
vn -0.5170 -0.7894 -0.3310
vn -0.2620 -0.6276 -0.7331
vn -0.2216 -0.6596 -0.7182
vn -0.4233 -0.7332 -0.5322
vn -0.4218 -0.6950 -0.5823
vn -0.3781 -0.7805 -0.4979
vn -0.3217 -0.8087 -0.4925
vn -0.2918 -0.5197 -0.8029
vn -0.1726 -0.4107 -0.8953
vn -0.2064 -0.6256 -0.7524
vn -0.0990 -0.7594 -0.6431
vn -0.1547 -0.2737 -0.9493
vn -0.1143 -0.6824 -0.7220
vn -0.1155 -0.9125 -0.3923
vn -0.2195 -0.7994 -0.5592
vn -0.2833 -0.8342 -0.4731
vn -0.1603 -0.9041 -0.3960
vn -0.2198 -0.8735 -0.4344
vn -0.3277 -0.8261 -0.4585
vn -0.0397 -0.9119 -0.4086
vn -0.0736 -0.8573 -0.5096
vn -0.2535 -0.8171 -0.5178
vn -0.2947 -0.7921 -0.5346
vn -0.3808 -0.6791 -0.6275
vn -0.2102 -0.8484 -0.4859
vn -0.4920 -0.5123 -0.7039
vn -0.3488 -0.7564 -0.5533
vn -0.5150 -0.5599 -0.6491
vn -0.1366 -0.9109 -0.3893
vn -0.0725 -0.9195 -0.3864
vn -0.0266 -0.9247 -0.3797
vn 0.0090 -0.9775 -0.2109
vn -0.0286 -0.9722 -0.2323
vn -0.0284 -0.9280 -0.3715
vn -0.1670 -0.8915 -0.4210
vn -0.0194 -0.9882 -0.1521
vn -0.5130 -0.6411 -0.5708
vn -0.2373 -0.9129 -0.3321
vn -0.2563 -0.8817 -0.3961
vn -0.5498 -0.5505 -0.6283
vn -0.0169 -0.9850 -0.1719
vn -0.4261 -0.7846 -0.4504
vn -0.4936 -0.7341 -0.4663
vn -0.4187 -0.7875 -0.4523
vn -0.4913 -0.7112 -0.5028
vn -0.4123 -0.7708 -0.4857
vn -0.4762 -0.6994 -0.5330
vn -0.3535 -0.7932 -0.4959
vn -0.4188 -0.7525 -0.5083
vn -0.1626 -0.9299 -0.3299
vn -0.1820 -0.9312 -0.3159
vn -0.1389 -0.9501 -0.2794
vn -0.0896 -0.9526 -0.2907
vn -0.3753 -0.7811 -0.4990
vn -0.4504 -0.8058 -0.3844
vn -0.5973 -0.5321 -0.6001
vn -0.7206 -0.5347 -0.4414
vn -0.5271 -0.7043 -0.4756
vn -0.5429 -0.6586 -0.5210
vn -0.5349 -0.7153 -0.4497
vn -0.5758 -0.6302 -0.5209
vn -0.5274 -0.6405 -0.5582
vn -0.5721 -0.6001 -0.5591
vn -0.4318 -0.7443 -0.5095
vn -0.4752 -0.7194 -0.5065
vn -0.1633 -0.9315 -0.3251
vn -0.2287 -0.9088 -0.3491
vn -0.1766 -0.9742 -0.1403
vn -0.2556 -0.9433 -0.2117
vn -0.1566 -0.9747 -0.1598
vn -0.2183 -0.9413 -0.2576
vn -0.3968 -0.7916 -0.4647
vn -0.5074 -0.7290 -0.4594
vn -0.4107 -0.7537 -0.5130
vn -0.1022 -0.9847 -0.1412
vn -0.1580 -0.9409 -0.2994
vn -0.4568 -0.6626 -0.5935
vn -0.4699 -0.7511 -0.4637
vn -0.3666 -0.7032 -0.6092
vn -0.3655 -0.6381 -0.6777
vn -0.5288 -0.4619 -0.7121
vn -0.6332 -0.4204 -0.6499
vn 0.6832 0.3858 0.6200
vn 0.6600 0.2956 0.6907
vn 0.5900 0.2313 0.7736
vn 0.6923 0.3468 0.6328
vn 0.5176 0.4206 0.7451
vn 0.5589 0.6078 0.5640
vn 0.5534 0.6851 0.4737
vn 0.7415 0.2216 0.6332
vn 0.7440 0.2366 0.6249
vn 0.7520 0.3584 0.5532
vn 0.8037 0.1403 0.5783
vn 0.6096 0.6069 0.5100
vn 0.5973 0.6433 0.4789
vn 0.7331 0.4287 0.5279
vn 0.8074 0.1701 0.5649
vn 0.5699 0.6955 0.4376
vn 0.5710 0.7149 0.4037
vn 0.6139 0.6438 0.4567
vn 0.5917 0.6052 0.5326
vn 0.5743 0.6250 0.5287
vn 0.4964 0.7268 0.4747
vn 0.6720 0.4239 0.6072
vn 0.7054 0.3736 0.6024
vn 0.7987 0.0990 0.5935
vn 0.7430 0.3482 0.5716
vn 0.8007 -0.0666 0.5953
vn 0.7853 0.0798 0.6139
vn 0.7018 0.4210 0.5746
vn 0.6644 0.5276 0.5294
vn 0.6254 0.5260 0.5764
vn 0.7559 0.3406 0.5591
vn 0.6774 0.4437 0.5867
vn 0.7190 0.5538 0.4199
vn 0.7489 0.4771 0.4599
vn 0.5735 0.7289 0.3739
vn 0.5796 0.6386 0.5062
vn 0.5519 0.8076 0.2077
vn 0.7086 0.6241 0.3293
vn 0.7883 0.6001 0.1361
vn 0.7332 0.6588 -0.1687
vn 0.7742 0.6300 0.0615
vn 0.6591 0.7512 -0.0360
vn 0.5976 0.7648 -0.2408
vn 0.6276 0.7719 0.1011
vn 0.7401 0.5549 0.3800
vn 0.6903 0.4537 0.5636
vn 0.7514 0.1239 0.6481
vn 0.5541 0.6876 0.4693
vn 0.7604 0.5639 0.3221
vn 0.7718 0.6323 -0.0672
vn 0.7722 0.6205 0.1365
vn 0.7008 0.5219 0.4863
vn 0.7886 0.6118 -0.0613
vn 0.9270 0.3458 0.1455
vn 0.9296 0.1272 0.3459
vn 0.7503 0.6608 0.0216
vn 0.7224 0.6863 0.0851
vn 0.7131 0.6457 0.2731
vn 0.7316 0.6710 -0.1206
vn 0.6870 0.4684 0.5556
vn 0.8412 0.2702 0.4684
vn 0.7661 0.6056 0.2153
vn 0.6800 0.5873 0.4390
vn 0.7701 -0.0518 0.6358
vn 0.7942 -0.0724 0.6033
vn 0.7964 0.1019 0.5961
vn 0.0836 0.9768 0.1969
vn 0.2432 0.9625 0.1202
vn 0.3807 0.8584 0.3439
vn 0.3025 0.8965 0.3237
vn 0.2278 0.9312 0.2846
vn 0.0598 0.9873 0.1471
vn 0.1476 0.9745 0.1689
vn 0.1984 0.9565 0.2138
vn 0.4274 0.8223 0.3756
vn 0.2027 0.9450 0.2569
vn 0.3160 0.8986 0.3045
vn 0.5071 0.7521 0.4209
vn 0.4274 0.8207 0.3792
vn 0.4953 0.7599 0.4210
vn 0.1510 0.9565 0.2495
vn 0.1357 0.8789 0.4574
vn -0.0208 0.9649 0.2618
vn 0.1391 0.9612 0.2384
vn 0.3943 0.8013 0.4499
vn 0.2917 0.8533 0.4323
vn 0.3765 0.8198 0.4315
vn 0.4436 0.7670 0.4636
vn 0.0160 0.9673 0.2532
vn 0.0373 0.9503 0.3091
vn 0.0850 0.9306 0.3561
vn 0.0747 0.9277 0.3657
vn 0.1120 0.9457 0.3050
vn 0.0876 0.9645 0.2490
vn 0.1692 0.8994 0.4030
vn 0.2152 0.8620 0.4590
vn 0.2082 0.8314 0.5152
vn -0.5822 -0.4556 -0.6734
vn -0.5670 -0.4597 -0.6836
vn -0.5736 -0.4515 -0.6835
vn -0.6040 -0.3599 -0.7111
vn -0.6522 -0.4515 -0.6090
vn -0.6324 -0.4747 -0.6122
vn -0.7043 -0.2301 -0.6716
vn -0.6658 -0.4587 -0.5885
vn -0.6628 -0.4388 -0.6068
vn -0.6671 -0.2956 -0.6838
vn -0.7632 -0.4250 -0.4867
vn -0.6892 -0.5008 -0.5237
vn -0.5532 -0.3866 -0.7379
vn -0.6134 -0.3627 -0.7016
vn -0.5712 -0.2963 -0.7655
vn -0.6553 -0.2067 -0.7265
vn -0.6943 -0.1494 -0.7040
vn -0.6465 -0.3517 -0.6770
vn -0.5283 -0.2445 -0.8131
vn -0.6826 0.0260 -0.7303
vn -0.4731 -0.4485 -0.7583
vn -0.3401 -0.5639 -0.7526
vn -0.4418 -0.2189 -0.8700
vn -0.6740 -0.0268 -0.7383
vn -0.5784 -0.4673 -0.6686
vn -0.5531 -0.5519 -0.6241
vn -0.7117 -0.1217 -0.6919
vn -0.6621 -0.3719 -0.6506
vn -0.5849 -0.5811 -0.5659
vn -0.6952 -0.3271 -0.6401
vn -0.0268 -0.6342 -0.7727
vn -0.3173 -0.4151 -0.8526
vn -0.2631 -0.7439 -0.6143
vn -0.5319 -0.4837 -0.6950
vn 0.2899 0.8874 0.3584
vn 0.1179 0.9819 0.1479
vn 0.5123 0.7560 0.4074
vn 0.5838 0.6662 0.4641
vn 0.4444 0.7780 0.4440
vn 0.3604 0.9285 0.0896
vn 0.5132 0.8373 0.1885
vn 0.3079 0.9356 -0.1730
vn 0.2674 0.9482 -0.1718
vn 0.5061 0.8534 0.1249
vn 0.2937 0.9423 -0.1606
vn 0.3788 0.9167 -0.1275
vn 0.2737 0.9590 -0.0738
vn 0.5143 0.8563 0.0484
vn 0.1640 -0.7728 -0.6130
vn 0.3824 -0.6159 -0.6888
vn 0.7481 -0.6396 -0.1767
vn 0.5791 -0.8067 -0.1180
vn 0.0492 -0.3050 -0.9511
vn -0.1957 -0.4222 -0.8851
vn 0.3310 -0.1784 -0.9266
vn 0.6229 -0.3132 -0.7168
vn 0.8693 -0.4078 -0.2792
vn 0.5987 0.8004 0.0308
vn 0.7861 0.6113 -0.0914
vn 0.4426 0.7168 -0.5388
vn 0.4566 0.8885 0.0461
vn 0.1565 0.8265 -0.5407
vn 0.0310 0.8539 -0.5194
vn 0.7923 0.4102 0.4516
vn 0.7777 0.4273 0.4611
vn 0.8604 0.4159 0.2945
vn -0.3000 0.2265 -0.9267
vn -0.1485 0.5772 -0.8030
vn -0.0171 0.5951 -0.8035
vn -0.0771 0.3493 -0.9338
vn 0.4047 0.4921 -0.7708
vn 0.3603 0.2953 -0.8849
vn 0.8913 0.3787 -0.2493
vn 0.9081 0.1898 -0.3733
vn 0.9248 0.1836 0.3334
vn 0.9527 0.0628 0.2973
vn -0.0789 0.0286 -0.9965
vn 0.3338 0.0521 -0.9412
vn -0.3409 -0.0614 -0.9381
vn 0.8080 -0.0254 -0.5886
vn 0.9888 -0.1368 0.0589
vn 0.9021 -0.3124 0.2978
vn 0.8190 -0.4614 0.3411
vn 0.8622 0.0264 0.5059
vn 0.8572 -0.0096 0.5149
vn 0.8022 0.1641 0.5741
vn 0.8216 0.1515 0.5496
vn -0.0846 0.8620 0.4998
vn 0.1579 0.8167 0.5550
vn 0.1717 0.8324 0.5270
vn -0.0520 0.8614 0.5053
vn 0.5484 0.6496 0.5266
vn 0.4928 0.6549 0.5730
vn 0.7404 0.4765 0.4741
vn 0.3751 0.7431 0.5542
vn 0.0773 0.8240 0.5613
vn -0.2843 0.8501 0.4433
vn -0.3145 0.8419 0.4386
vn -0.1989 0.8310 0.5195
vn -0.5852 0.7240 0.3651
vn -0.5966 0.7468 0.2939
vn -0.6182 0.7239 0.3063
vn 0.0161 0.9104 0.4133
vn 0.2262 0.9034 0.3642
vn 0.2116 0.7535 0.6224
vn -0.0774 0.8144 0.5751
vn 0.5299 0.6141 0.5848
vn 0.3174 0.9177 0.2390
vn -0.3177 0.7992 0.5103
vn -0.2124 0.9074 0.3628
vn -0.6504 0.6698 0.3583
vn -0.6359 0.7360 0.2320
vn 0.3065 0.9345 -0.1813
vn 0.4232 0.9014 -0.0916
vn 0.4250 0.8785 0.2183
vn 0.2049 0.9436 -0.2602
vn 0.4943 0.8528 -0.1684
vn -0.3919 0.8934 -0.2198
vn -0.9046 0.4258 -0.0216
vn -0.7729 0.4981 -0.3931
vn -0.7623 0.3051 -0.5709
vn -0.1286 0.7347 -0.6661
vn -0.7816 0.0182 -0.6235
vn -0.3334 0.5697 -0.7512
vn 0.7296 0.6831 0.0329
vn 0.6669 0.7337 0.1298
vn 0.6635 0.7395 -0.1138
vn 0.6028 0.7934 0.0841
vn -0.1761 0.7570 -0.6292
vn 0.1025 0.9529 -0.2854
vn 0.2243 0.9606 -0.1640
vn -0.0589 0.7922 -0.6074
vn 0.0277 0.9525 -0.3032
vn -0.0101 0.9846 -0.1748
vn 0.0286 0.7367 -0.6757
vn 0.2296 0.8336 -0.5023
vn 0.3609 0.9138 0.1864
vn 0.2030 0.9676 0.1501
vn 0.3821 0.9230 0.0447
vn 0.1079 0.9780 0.1786
vn 0.1984 0.8601 -0.4699
vn 0.0875 0.6837 -0.7245
vn 0.0631 0.7651 -0.6408
vn 0.4100 0.8765 -0.2522
vn -0.0745 0.9909 -0.1121
vn -0.9252 0.3485 0.1500
vn -0.8897 0.4110 0.1988
vn -0.9577 0.2868 0.0220
vn -0.9485 0.2800 0.1480
vn -0.3764 -0.6709 -0.6389
vn -0.6108 -0.5760 -0.5433
vn -0.7159 -0.5687 -0.4051
vn -0.4987 -0.6613 -0.5604
vn -0.7509 -0.1313 -0.6473
vn -0.8561 -0.1119 -0.5046
vn -0.9537 -0.2999 -0.0221
vn -0.7932 -0.4985 -0.3498
vn -0.9155 -0.2331 -0.3279
vn -0.6696 -0.5178 -0.5324
vn -0.9996 -0.0174 0.0212
vn -0.6859 0.2117 -0.6962
vn -0.9955 0.0944 0.0067
vn -0.2992 -0.7021 -0.6462
vn -0.1220 -0.7786 -0.6156
vn 0.0548 -0.8113 -0.5820
vn 0.0015 -0.7429 -0.6694
vn -0.8742 0.4521 0.1770
vn -0.9395 0.3419 0.0221
vn -0.8603 0.4998 0.1010
vn -0.9482 0.3091 -0.0741
vn -0.9696 0.1853 -0.1597
vn -0.8813 -0.1918 -0.4319
vn -0.9549 0.0896 -0.2833
vn -0.8163 -0.2428 -0.5242
vn -0.6174 -0.5184 -0.5917
vn -0.5431 -0.5446 -0.6391
vn -0.8560 0.5105 0.0817
vn -0.9614 0.2448 -0.1256
vn -0.8713 0.4721 0.1342
vn -0.9805 0.1620 -0.1109
vn -0.3050 -0.7541 -0.5817
vn -0.2074 -0.7556 -0.6214
vn -0.4735 -0.6326 -0.6129
vn -0.4657 -0.6796 -0.5668
vn -0.7969 -0.3406 -0.4990
vn -0.8014 -0.3877 -0.4555
vn -0.9366 -0.0720 -0.3430
vn -0.9424 -0.1215 -0.3116
vn -0.8502 0.4740 0.2292
vn -0.9859 0.1518 -0.0710
vn -0.5251 0.7076 0.4728
vn -0.4988 0.7017 0.5087
vn -0.8643 0.4306 0.2599
vn -0.9946 0.0911 -0.0496
vn -0.3952 -0.7921 -0.4652
vn -0.3204 -0.7771 -0.5417
vn -0.5253 -0.6672 -0.5280
vn -0.6961 -0.5735 -0.4320
vn -0.8405 -0.3519 -0.4119
vn -0.8964 -0.2695 -0.3518
vn -0.9576 -0.0995 -0.2704
vn -0.9616 -0.1063 -0.2530
vn -0.8222 0.5617 0.0923
vn -0.8085 0.5777 0.1121
vn -0.6235 0.7275 0.2862
vn -0.5584 0.7731 0.3009
vn -0.6361 0.7511 0.1767
vn -0.8533 0.5214 0.0026
vn -0.3028 0.8723 0.3840
vn -0.3176 0.8225 0.4719
vn -0.2155 0.8641 0.4549
vn -0.9592 0.2245 -0.1717
vn -0.9582 0.2555 -0.1285
vn -0.9098 -0.1619 -0.3822
vn -0.9058 -0.1646 -0.3904
vn -0.9548 0.2353 -0.1819
vn -0.8902 -0.1619 -0.4259
vn -0.3437 -0.7246 -0.5974
vn -0.3606 -0.7384 -0.5699
vn -0.5655 -0.6160 -0.5484
vn -0.5646 -0.5709 -0.5960
vn -0.5898 -0.6078 -0.5318
vn -0.4443 -0.6905 -0.5709
vn 0.0943 0.1579 0.9829
vn 0.1185 0.1660 0.9790
vn 0.1437 0.1404 0.9796
vn 0.0912 0.0696 0.9934
vn 0.3348 0.5999 0.7266
vn 0.2529 0.4993 0.8287
vn 0.4023 0.9096 0.1036
vn 0.3308 0.8079 -0.4877
vn 0.2735 0.8701 -0.4100
vn 0.3603 0.8738 0.3266
vn 0.3064 0.7266 -0.6150
vn 0.2126 0.8305 -0.5149
vn 0.2412 0.9535 -0.1807
vn 0.3639 0.9018 -0.2331
vn 0.4591 0.4496 0.7662
vn 0.4466 0.5529 0.7034
vn 0.4727 0.5115 0.7176
vn 0.4184 0.2927 0.8598
vn 0.3881 0.4826 0.7851
vn 0.4345 0.5110 0.7416
vn 0.3785 0.5326 0.7570
vn 0.4940 0.4878 0.7197
vn 0.7552 -0.0954 -0.6485
vn 0.8344 -0.3480 -0.4274
vn 0.4836 -0.4445 -0.7540
vn 0.3675 -0.6324 -0.6819
vn -0.0318 -0.9395 0.3411
vn -0.1500 -0.9866 -0.0643
vn 0.2447 -0.9446 0.2188
vn -0.0211 -0.9982 -0.0562
vn 0.2793 -0.9363 -0.2129
vn 0.7451 -0.6643 0.0591
vn 0.8355 -0.5445 -0.0738
vn 0.4474 -0.8004 -0.3991
vn 0.4718 -0.8358 0.2807
vn 0.2848 -0.9525 0.1081
vn 0.4658 -0.8814 0.0788
vn -0.0020 -0.9968 -0.0802
vn 0.8181 -0.5650 0.1069
vn 0.3623 -0.8796 -0.3084
vn 0.3929 -0.9145 -0.0961
vn 0.7428 -0.6114 0.2729
vn -0.1561 -0.9171 -0.3669
vn -0.2347 -0.8105 -0.5367
vn 0.2119 -0.9716 -0.1053
vn -0.0456 -0.9984 0.0325
vn 0.0151 -0.0123 -0.9998
vn -0.0716 -0.0969 -0.9927
vn 0.3936 -0.1825 -0.9010
vn 0.4095 0.1783 -0.8947
vn 0.3432 0.9228 0.1748
vn 0.3726 0.9242 0.0832
vn 0.0481 0.8755 -0.4807
vn 0.2108 0.9085 -0.3607
vn 0.7346 0.4645 0.4946
vn 0.6534 0.4964 0.5716
vn -0.0672 0.5031 -0.8616
vn 0.2366 0.4119 -0.8800
vn -0.2034 0.0560 -0.9775
vn 0.0703 -0.1473 -0.9866
vn 0.8253 -0.5130 0.2360
vn 0.9368 -0.3490 0.0249
vn 0.4546 -0.8052 -0.3808
vn 0.4692 -0.8748 -0.1204
vn 0.8728 -0.0190 0.4877
vn 0.8453 0.1226 0.5200
vn 0.7736 0.1700 0.6104
vn 0.7197 0.1963 0.6660
vn 0.8337 0.4851 0.2638
vn 0.7480 0.5829 0.3174
vn 0.8486 0.5106 -0.1384
vn 0.7347 0.6783 0.0080
vn 0.7442 0.3240 -0.5841
vn 0.8356 0.2441 -0.4922
vn -0.4560 -0.7924 -0.4051
vn -0.3389 -0.8022 -0.4916
vn -0.3525 -0.6916 -0.6304
vn -0.5477 -0.6536 -0.5222
vn -0.3917 -0.6591 -0.6420
vn -0.3863 -0.7408 -0.5496
vn -0.6288 -0.4789 -0.6126
vn -0.4383 -0.5562 -0.7060
vn -0.3569 -0.6172 -0.7012
vn 0.6254 0.5167 0.5847
vn 0.6491 0.5511 0.5243
vn 0.6095 0.5767 0.5440
vn 0.5506 0.5493 0.6286
vn 0.6358 0.6035 0.4811
vn 0.6911 0.5556 0.4623
vn 0.5155 0.7013 0.4925
vn 0.4635 0.6655 0.5850
vn 0.3087 0.6230 0.7187
vn -0.3232 -0.7263 -0.6067
vn -0.3910 -0.6856 -0.6140
vn -0.3416 -0.6007 -0.7229
vn -0.2859 -0.6327 -0.7197
vn -0.1810 -0.6869 -0.7039
vn -0.2280 -0.7780 -0.5854
vn 0.4842 -0.8541 -0.1901
vn 0.5790 -0.7993 -0.1606
vn 0.6965 -0.7125 -0.0855
vn 0.6419 -0.7569 -0.1232
vn 0.6911 -0.7224 -0.0219
vn 0.6008 -0.7908 -0.1171
vn 0.6550 -0.7551 -0.0295
vn 0.8588 -0.3736 0.3506
vn 0.5045 -0.8386 -0.2055
vn 0.4364 -0.8662 -0.2435
vn 0.6364 -0.7709 -0.0267
vn 0.8274 -0.4167 0.3765
vn 0.2610 -0.9443 -0.2003
vn 0.5534 -0.8316 0.0471
vn 0.7161 -0.6486 0.2579
vn 0.6908 -0.1157 0.7137
vn 0.6208 0.2833 0.7310
vn 0.3412 0.3945 0.8532
vn 0.4017 0.5532 0.7298
vn 0.7073 0.3254 0.6276
vn 0.4628 0.6565 0.5957
vn 0.1339 0.4128 0.9009
vn 0.1149 0.2918 0.9496
vn 0.1826 0.2483 0.9513
vn 0.2816 0.3662 0.8869
vn 0.3264 0.3016 0.8958
vn 0.4173 0.3844 0.8234
vn 0.5440 0.4625 0.7001
vn 0.4093 0.4700 0.7820
vn 0.1758 0.5291 0.8302
vn 0.3172 -0.7962 -0.5152
vn -0.0521 -0.7266 -0.6851
vn 0.8239 -0.5546 -0.1167
vn 0.5696 -0.7164 -0.4028
vn 0.1896 -0.7342 -0.6519
vn 0.4515 0.5102 0.7320
vn 0.4633 0.4700 0.7513
vn 0.4595 0.5982 0.6564
vn 0.4097 0.6374 0.6526
vn 0.4823 0.5362 0.6927
vn 0.5236 0.4480 0.7247
vn 0.3795 0.5418 0.7500
vn 0.4461 0.4808 0.7549
vn 0.5020 0.4188 0.7567
vn 0.8539 -0.5138 -0.0833
vn 0.5065 -0.7348 -0.4510
vn 0.8957 -0.4446 0.0099
vn 0.4858 -0.8045 -0.3417
vn 0.7329 -0.6689 0.1243
vn 0.1048 -0.9856 -0.1329
vn 0.3518 -0.9328 -0.0788
vn 0.8475 -0.4962 0.1885
vn 0.8163 -0.5733 0.0707
vn 0.3689 -0.9041 -0.2156
vn 0.4103 0.8476 0.3365
vn 0.3837 0.7576 0.5281
vn 0.5453 0.6739 0.4985
vn 0.5694 0.7320 0.3741
vn -0.4689 -0.6261 -0.6230
vn -0.4601 -0.5131 -0.7246
vn -0.4996 -0.4195 -0.7579
vn -0.5038 -0.6598 -0.5576
vn -0.4203 -0.3387 -0.8418
vn -0.4387 -0.6029 -0.6663
vn 0.8545 0.5143 0.0726
vn 0.8288 0.3535 0.4338
vn 0.6615 0.7219 0.2031
vn 0.5395 0.6202 0.5694
vn 0.7078 0.1278 0.6947
vn 0.3673 0.4369 0.8211
vn 0.1556 -0.6816 -0.7150
vn 0.0789 -0.6902 -0.7193
vn 0.0185 -0.8267 -0.5623
vn 0.0926 -0.8355 -0.5417
vn -0.0779 -0.9445 -0.3192
vn -0.0044 -0.9826 -0.1859
vn 0.2326 0.9372 0.2600
vn 0.3283 0.9101 0.2527
vn 0.4697 0.7999 0.3736
vn 0.3986 0.8470 0.3516
vn 0.3723 0.8964 0.2406
vn 0.2605 0.9616 0.0862
vn -0.2526 -0.8578 -0.4477
vn -0.1970 -0.8763 -0.4397
vn -0.3464 -0.8455 -0.4064
vn -0.2495 -0.8154 -0.5224
vn -0.2194 -0.8143 -0.5374
vn -0.2990 -0.8195 -0.4890
vn -0.3027 -0.7816 -0.5455
vn -0.2168 -0.7242 -0.6546
vn -0.2008 -0.7269 -0.6567
vn 0.0270 -0.8528 -0.5216
vn -0.2804 -0.5046 -0.8165
vn -0.0083 -0.8376 -0.5463
vn -0.1607 -0.5720 -0.8044
vn -0.3095 -0.1535 -0.9384
vn -0.1110 -0.3024 -0.9467
vn 0.5706 0.4127 0.7100
vn 0.6609 0.1991 0.7236
vn 0.5420 0.2646 0.7977
vn 0.5127 0.3037 0.8031
vn 0.4851 0.3691 0.7928
vn 0.6400 0.2374 0.7308
vn 0.4706 0.4988 0.7279
vn 0.5524 0.1980 0.8097
vn 0.5175 0.2995 0.8016
vn 0.2609 0.8149 0.5176
vn 0.2612 0.7695 0.5828
vn 0.2714 0.8137 0.5140
vn 0.2641 0.9641 0.0284
vn 0.2503 0.9653 0.0741
vn 0.2950 0.9278 0.2284
vn 0.2566 0.9608 0.1047
vn 0.2513 0.9320 0.2611
vn 0.1872 0.9705 0.1516
vn 0.3475 0.8831 0.3152
vn 0.2841 0.8975 0.3374
vn 0.2838 0.9259 0.2493
vn 0.4034 0.8332 0.3781
vn 0.3164 0.8219 0.4736
vn 0.2441 0.8912 0.3823
vn 0.4033 0.8530 0.3313
vn 0.3294 0.8764 0.3513
vn 0.4371 0.7686 0.4670
vn 0.8223 -0.2386 0.5166
vn 0.8853 -0.1673 0.4338
vn 0.6369 0.2608 0.7255
vn 0.6395 0.3128 0.7023
vn 0.9295 -0.0640 0.3631
vn 0.6575 0.3661 0.6585
vn -0.4360 -0.5773 -0.6904
vn -0.3920 -0.5806 -0.7136
vn -0.3858 -0.5302 -0.7550
vn -0.4436 -0.5794 -0.6838
vn -0.4377 -0.5614 -0.7023
vn -0.4092 -0.6129 -0.6759
vn -0.3143 -0.9238 -0.2185
vn -0.3510 -0.8949 -0.2757
vn -0.4171 -0.6542 -0.6309
vn -0.4257 -0.7645 -0.4841
vn -0.3550 -0.9039 -0.2386
vn -0.4282 -0.7071 -0.5627
vn 0.8941 0.2432 -0.3761
vn 0.7858 0.2626 -0.5600
vn 0.3483 -0.5461 -0.7619
vn 0.5697 -0.5705 -0.5916
vn 0.5558 -0.4890 -0.6723
vn 0.9341 0.3531 -0.0523
vn 0.6543 0.6614 0.3666
vn 0.5661 0.8156 0.1196
vn 0.5290 0.8484 0.0203
vn 0.6243 0.7804 0.0345
vn 0.8734 0.3154 -0.3710
vn 0.4827 -0.3273 -0.8123
vn 0.2990 0.9303 0.2126
vn 0.2702 0.9170 0.2935
vn 0.3048 0.9367 0.1721
vn 0.3955 0.5563 0.7308
vn 0.4109 0.5803 0.7032
vn 0.4097 0.2698 0.8714
vn 0.3820 0.1679 0.9088
vn -0.2965 -0.9541 -0.0419
vn -0.4059 -0.8591 -0.3118
vn -0.4112 -0.9002 -0.1435
vn -0.1918 -0.9354 0.2969
vn -0.3089 -0.9425 -0.1276
vn -0.1015 -0.9197 0.3794
vn -0.1477 -0.9458 0.2893
vn -0.1867 -0.9574 0.2203
vn -0.2447 -0.9694 -0.0208
vn 0.8060 0.5032 0.3117
vn 0.2371 -0.4248 -0.8737
vn 0.9117 0.1260 -0.3910
vn 0.3550 -0.5533 -0.7535
vn 0.9602 0.0054 -0.2794
vn 0.7850 0.4188 0.4565
vn 0.5300 -0.5801 -0.6186
vn 0.9836 -0.1231 -0.1322
vn 0.8729 0.2002 0.4450
vn 0.4543 0.6582 0.6003
vn 0.5430 0.6104 0.5767
vn 0.4244 0.6025 0.6760
vn 0.4988 0.4376 0.7482
vn 0.4155 0.3303 0.8475
vn 0.5959 0.4760 0.6468
vn 0.4207 0.4772 0.7715
vn 0.4764 0.3407 0.8105
vn 0.6152 0.3689 0.6967
vn 0.3035 0.4062 -0.8619
vn 0.4184 0.6737 -0.6092
vn 0.2103 0.9776 -0.0072
vn 0.2019 0.8933 -0.4015
vn 0.2279 -0.1731 -0.9582
vn 0.0546 -0.1663 -0.9846
vn -0.4241 -0.7349 -0.5292
vn -0.5191 -0.5927 -0.6158
vn -0.5303 -0.5745 -0.6235
vn -0.4382 -0.7249 -0.5315
vn -0.5114 -0.6808 -0.5244
vn -0.3952 -0.7800 -0.4853
vn 0.7552 0.3872 0.5289
vn 0.8831 0.1769 0.4345
vn 0.8415 0.1303 0.5244
vn 0.7269 0.3118 0.6118
vn 0.7812 0.2636 0.5659
vn 0.8802 0.1863 0.4366
vn 0.7735 0.2983 0.5592
vn 0.8421 0.1345 0.5224
vn 0.7212 0.3438 0.6014
vn 0.2565 0.7582 0.5995
vn 0.2078 0.7339 0.6466
vn 0.2463 0.7844 0.5692
vn 0.0924 0.3907 0.9159
vn 0.1591 0.4062 0.8998
vn 0.0771 0.2531 0.9644
vn 0.0627 0.2913 0.9546
vn 0.2013 0.4447 0.8727
vn 0.3416 0.5733 0.7447
vn 0.3138 0.8815 -0.3528
vn 0.5688 0.8162 -0.1010
vn 0.4842 0.8745 0.0281
vn 0.2442 0.9628 -0.1159
vn 0.4648 0.8847 -0.0360
vn 0.6097 0.7850 0.1102
vn 0.3552 0.7004 0.6191
vn 0.2950 0.6400 0.7095
vn 0.4321 0.5939 0.6787
vn 0.4311 0.6609 0.6143
vn 0.3880 0.5140 0.7650
vn 0.2997 0.5584 0.7735
vn 0.3992 0.2426 0.8842
vn 0.4168 0.1664 0.8936
vn 0.3806 0.1725 0.9085
vn 0.4187 0.2806 0.8637
vn 0.3847 0.4927 0.7805
vn 0.4710 0.5324 0.7034
vn -0.3091 -0.8194 -0.4828
vn -0.1929 -0.8944 -0.4035
vn -0.0291 -0.8152 -0.5784
vn -0.1964 -0.7264 -0.6586
vn -0.0000 -0.6866 -0.7270
vn -0.0793 -0.5544 -0.8285
vn -0.3602 -0.9306 -0.0652
vn -0.3940 -0.9074 -0.1465
vn -0.3541 -0.9350 0.0189
vn -0.3691 -0.9257 -0.0827
vn -0.3326 -0.9193 -0.2103
vn -0.3897 -0.8500 -0.3545
vn -0.3025 -0.6024 -0.7386
vn -0.0742 -0.6752 -0.7339
vn -0.0510 -0.7444 -0.6658
vn -0.3365 -0.6603 -0.6714
vn -0.1810 -0.8153 -0.5500
vn -0.3944 -0.7235 -0.5665
vn 0.1616 0.9075 0.3878
vn 0.2562 0.9116 0.3215
vn 0.0876 0.9946 0.0548
vn -0.0399 0.9821 0.1843
vn 0.5571 0.5105 0.6550
vn 0.4788 0.4885 0.7294
vn 0.5880 0.7066 0.3936
vn 0.5236 0.8294 0.1949
vn 0.4107 0.8446 0.3435
vn 0.6149 0.4439 0.6518
vn 0.4202 0.7368 0.5296
vn 0.3451 0.7303 0.5896
vn 0.4777 0.5374 0.6950
vn 0.4383 0.4837 0.7575
vn 0.4165 0.7547 0.5070
vn 0.5213 0.4881 0.7000
vn 0.6212 0.4874 0.6136
vn 0.0464 0.8500 0.5247
vn 0.0203 0.7871 0.6165
vn 0.1884 0.7524 0.6312
vn 0.3169 0.7984 0.5120
vn 0.0767 0.6737 0.7350
vn 0.1406 0.6685 0.7303
vn 0.1851 0.3530 0.9171
vn 0.1604 0.4090 0.8983
vn 0.1651 0.3630 0.9170
vn 0.0774 0.4326 0.8983
vn 0.1254 0.4931 0.8609
vn 0.2454 0.4721 0.8467
vn 0.4129 0.6218 0.6655
vn 0.0949 0.4034 0.9101
vn 0.1152 0.5104 0.8522
vn 0.5737 0.7543 0.3193
vn 0.6543 0.7558 0.0250
vn 0.5314 0.7354 0.4204
vn 0.6795 0.7280 -0.0913
vn 0.6769 0.7356 0.0253
vn 0.4040 0.7231 0.5602
vn 0.6829 0.6717 0.2871
vn 0.7267 0.6078 0.3202
vn 0.4681 0.8310 0.3007
vn 0.4399 0.8423 0.3115
vn 0.1845 0.9632 0.1955
vn 0.1670 0.9479 0.2713
vn 0.3938 0.7861 0.4764
vn 0.2794 0.9090 0.3093
vn 0.3678 0.6765 0.6380
vn 0.4001 0.7820 0.4779
vn 0.3020 0.9047 0.3005
vn 0.3766 0.5815 0.7211
vn 0.4739 0.4923 0.7301
vn 0.3707 0.7777 0.5077
vn 0.3083 0.9012 0.3046
vn 0.4517 0.4709 0.7578
vn 0.4439 0.4912 0.7495
vn 0.4750 0.2338 0.8484
vn 0.4299 0.4730 0.7691
vn 0.4348 0.5106 0.7418
vn 0.5566 0.1455 0.8179
vn 0.4330 0.4592 0.7756
vn 0.4239 0.4644 0.7776
vn 0.0129 -0.8034 -0.5953
vn -0.0463 -0.7346 -0.6769
vn -0.1692 -0.8280 -0.5345
vn -0.1018 -0.8673 -0.4873
vn -0.2656 -0.9240 -0.2752
vn -0.2408 -0.9492 -0.2023
vn -0.3257 -0.8944 -0.3066
vn -0.2154 -0.9391 -0.2676
vn -0.1899 -0.6929 -0.6955
vn -0.0604 -0.7409 -0.6689
vn -0.0144 -0.9834 -0.1807
vn -0.0922 -0.9814 -0.1683
vn 0.0917 -0.7999 -0.5930
vn 0.1989 -0.8680 -0.4549
vn 0.0337 -0.9223 -0.3850
vn -0.0466 -0.4042 -0.9135
vn 0.0307 -0.5027 -0.8639
vn -0.1014 -0.4528 -0.8858
vn -0.2254 -0.7049 -0.6725
vn -0.2725 -0.8139 -0.5132
vn 0.0580 -0.6320 -0.7728
vn -0.2632 -0.6774 -0.6869
vn -0.4032 -0.6580 -0.6360
vn -0.3799 -0.7265 -0.5726
vn -0.3289 -0.7770 -0.5368
vn -0.3585 -0.8008 -0.4797
vn -0.2576 -0.9661 -0.0190
vn -0.1414 -0.9750 0.1712
vn -0.3086 -0.7356 -0.6030
vn -0.3918 -0.8194 -0.4185
vn -0.4314 -0.8591 -0.2753
vn -0.4721 -0.8393 -0.2696
vn -0.4126 -0.8051 -0.4261
vn -0.3742 -0.8151 -0.4422
vn -0.3856 -0.7182 -0.5792
vn -0.4067 -0.6255 -0.6659
vn -0.4123 -0.5535 -0.7236
vn -0.2624 -0.9286 -0.2624
vn -0.1715 -0.8963 -0.4090
vn -0.4304 -0.5493 -0.7163
vn -0.3188 -0.5907 -0.7413
vn -0.3434 -0.5254 -0.7785
vn -0.2687 -0.3622 -0.8925
vn -0.2832 -0.7795 -0.5587
vn -0.0869 -0.4973 -0.8632
vn -0.2084 -0.8144 -0.5416
vn -0.2355 -0.8025 -0.5483
vn 0.0551 -0.7788 -0.6249
vn 0.0057 -0.6191 -0.7853
vn 0.1328 -0.5289 -0.8382
vn 0.0518 -0.3678 -0.9284
vn 0.1781 -0.7086 -0.6828
vn -0.3037 -0.3447 -0.8882
vn -0.1138 -0.1666 -0.9794
vn -0.4047 -0.6231 -0.6693
vn -0.4616 -0.5967 -0.6564
vn -0.3660 -0.7857 -0.4987
vn -0.3708 -0.6841 -0.6281
vn -0.1360 -0.9703 -0.2000
vn -0.2401 -0.8123 -0.5316
vn 0.0010 -0.9899 -0.1417
vn -0.2414 -0.8350 -0.4944
vn -0.1526 -0.7761 -0.6118
vn -0.1156 -0.9041 -0.4113
vn -0.0652 -0.8381 -0.5417
vn 0.0133 -0.8097 -0.5866
vn -0.1207 -0.6597 -0.7418
vn -0.1053 -0.6603 -0.7436
vn -0.0324 -0.6765 -0.7357
vn -0.3978 -0.6388 -0.6585
vn -0.4736 -0.5584 -0.6811
vn -0.3079 -0.5805 -0.7538
vn -0.2432 -0.6149 -0.7502
vn -0.5316 -0.5003 -0.6835
vn -0.4503 -0.6311 -0.6316
vn -0.4362 -0.6008 -0.6699
vn -0.3886 -0.5440 -0.7437
vn -0.0939 -0.5344 -0.8400
vn -0.0439 -0.4579 -0.8879
vn -0.4056 -0.6311 -0.6612
vn -0.1190 -0.4716 -0.8737
vn -0.5581 -0.5163 -0.6496
vn -0.4083 -0.6689 -0.6212
vn -0.8264 -0.1345 -0.5468
vn -0.8636 -0.0138 -0.5040
vn -0.6783 -0.4272 -0.5979
vn -0.4106 -0.6743 -0.6138
vn -0.8732 0.3851 -0.2987
vn -0.9000 0.2905 -0.3250
vn -0.7381 0.6722 -0.0583
vn -0.7124 0.7006 -0.0405
vn -0.4122 0.8927 0.1822
vn -0.4279 0.8791 0.2101
vn -0.0882 0.9296 0.3579
vn -0.1606 0.9128 0.3755
vn 0.3305 0.8052 0.4924
vn 0.7302 0.4749 0.4912
vn 0.7425 0.4008 0.5367
vn 0.3079 0.7878 0.5334
vn 0.9131 0.1024 0.3947
vn 0.9098 0.1326 0.3932
vn 0.9084 0.0558 0.4143
vn 0.9069 0.0494 0.4184
vn 0.2228 0.9480 0.2273
vn 0.2846 0.9185 0.2744
vn 0.1861 0.9595 0.2114
vn 0.0023 0.9798 0.1998
vn 0.0843 0.9741 0.2096
vn 0.2152 0.8895 0.4031
vn 0.5120 0.4356 0.7403
vn 0.1231 0.9540 0.2734
vn 0.0242 0.9941 0.1053
vn 0.5714 0.1348 0.8095
vn 0.5330 0.4041 0.7434
vn 0.5530 0.2911 0.7807
vn 0.5670 0.1705 0.8059
vn 0.5078 0.5925 0.6254
vn 0.5798 0.4001 0.7098
vn 0.5937 0.4777 0.6476
vn 0.6248 0.3226 0.7110
vn 0.6248 0.2562 0.7375
vn 0.6331 0.1924 0.7498
vn 0.1606 0.9761 0.1466
vn 0.1177 0.9760 0.1831
vn 0.0879 0.9786 0.1859
vn 0.3038 0.9336 0.1900
vn 0.2212 0.9129 0.3431
vn 0.3445 0.7563 0.5561
vn 0.3241 0.9361 0.1367
vn 0.4659 0.8703 0.1597
vn 0.2968 0.9009 0.3168
vn 0.4005 0.7281 0.5563
vn 0.2246 0.9188 0.3247
vn 0.5263 0.5780 0.6236
vn 0.3138 0.9045 0.2888
vn -0.2089 -0.5801 -0.7873
vn -0.1329 -0.7433 -0.6556
vn -0.2931 -0.7197 -0.6294
vn -0.3505 -0.5893 -0.7279
vn 0.1939 -0.8230 -0.5339
vn -0.0384 -0.8407 -0.5401
vn -0.3246 -0.7779 -0.5380
vn -0.4477 -0.6702 -0.5919
vn -0.4988 -0.5473 -0.6721
vn -0.0059 0.9085 0.4179
vn 0.0864 0.9434 0.3201
vn -0.0841 0.8563 0.5095
vn 0.1658 0.9016 0.3995
vn 0.2066 0.9318 0.2984
vn 0.2032 0.7815 0.5898
vn 0.3472 0.5918 0.7275
vn 0.5273 0.7615 0.3770
vn 0.3566 0.8517 0.3839
vn 0.3556 0.8838 0.3040
vn 0.5169 0.7958 0.3154
vn 0.3357 -0.8588 -0.3870
vn 0.1773 -0.8127 -0.5550
vn 0.4764 -0.8415 -0.2549
vn 0.2408 -0.8731 -0.4240
vn 0.0116 -0.7484 -0.6631
vn -0.0387 -0.8422 -0.5378
vn 0.0862 0.5969 0.7976
vn 0.2009 0.5664 0.7992
vn 0.2870 0.4754 0.8317
vn 0.5094 0.5004 0.7001
vn 0.4080 0.5437 0.7334
vn 0.3912 0.4727 0.7896
vn -0.4143 -0.5815 -0.7001
vn -0.2658 -0.6175 -0.7403
vn -0.0866 -0.6735 -0.7341
vn -0.3818 -0.8558 -0.3490
vn -0.4059 -0.8580 -0.3149
vn -0.3732 -0.8843 -0.2807
vn 0.5201 0.8061 0.2823
vn 0.3886 0.8998 0.1983
vn 0.2560 0.9547 0.1520
vn -0.4106 -0.7523 -0.5152
vn -0.3958 -0.8551 -0.3349
vn -0.2292 -0.9392 -0.2558
vn -0.5258 0.0746 -0.8474
vn -0.3964 0.0131 -0.9180
vn -0.4349 -0.2241 -0.8722
vn -0.3051 -0.2186 -0.9269
vn -0.1636 0.2368 0.9577
vn -0.5718 -0.0320 0.8197
vn -0.1958 0.4613 0.8654
vn -0.6529 0.1939 0.7322
vn -0.8473 -0.4369 -0.3021
vn -0.8412 -0.5298 -0.1080
vn -0.8382 -0.3825 0.3887
vn -0.9469 -0.1871 0.2615
vn -0.1708 0.7412 0.6492
vn -0.6725 0.5491 0.4963
vn -0.1542 0.9193 0.3620
vn -0.5528 0.7913 0.2614
vn -0.9730 0.2291 -0.0284
vn -0.7246 0.6339 -0.2706
vn -0.6253 0.2282 -0.7463
vn -0.8155 -0.1524 -0.5583
vn -0.2890 0.6373 -0.7143
vn -0.1945 0.9620 -0.1915
vn -0.4287 -0.1180 -0.8957
vn -0.2745 0.0516 -0.9602
vn -0.5448 -0.3186 -0.7757
vn -0.6298 -0.4238 -0.6510
vn -0.7163 -0.4840 -0.5027
vn 0.5433 0.6908 0.4771
vn 0.6356 0.5917 0.4960
vn 0.7523 0.4412 0.4893
vn 0.6725 0.5668 0.4760
vn 0.7131 0.5029 0.4884
vn 0.7348 0.4387 0.5173
vn 0.9075 0.2331 0.3495
vn 0.7740 0.4279 0.4667
vn 0.7748 0.4400 0.4540
vn 0.8805 0.3256 0.3446
vn 0.5685 0.6946 0.4409
vn 0.6372 0.6297 0.4444
vn 0.5453 0.7135 0.4399
vn 0.5850 0.6779 0.4453
vn 0.6973 0.5577 0.4502
vn 0.6401 0.6306 0.4388
vn 0.7067 0.5703 0.4187
vn 0.7405 0.4982 0.4511
vn 0.7708 0.4998 0.3950
vn 0.7581 0.5063 0.4111
vn 0.5247 0.7117 0.4671
vn 0.4520 0.6514 0.6095
vn 0.3703 0.7436 0.5567
vn 0.3395 0.8191 0.4625
vn 0.3560 0.7046 0.6139
vn 0.4549 0.6253 0.6341
vn 0.6953 0.4218 0.5819
vn 0.7152 0.3845 0.5836
vn 0.7047 0.3712 0.6047
vn 0.6465 0.4213 0.6361
vn 0.8367 0.2592 0.4824
vn 0.7534 0.3518 0.5556
vn 0.5318 0.5510 0.6431
vn 0.5353 0.5443 0.6459
vn 0.6165 0.5879 0.5237
vn 0.6703 0.4864 0.5604
vn 0.5769 0.4786 0.6619
vn 0.5936 0.4776 0.6477
vn 0.6104 0.4366 0.6609
vn 0.6782 0.4574 0.5752
vn 0.6649 0.4178 0.6192
vn 0.3181 0.8710 0.3745
vn 0.3940 0.8885 0.2353
vn 0.5316 0.7534 0.3870
vn 0.5085 0.7462 0.4297
vn 0.7511 0.3843 0.5368
vn 0.8242 0.2557 0.5052
vn 0.8303 0.3477 0.4356
vn 0.7821 0.4311 0.4500
vn 0.6725 0.5075 0.5387
vn 0.6827 0.4857 0.5459
vn 0.7367 0.4884 0.4677
vn 0.7075 0.5050 0.4945
vn 0.6514 0.5846 0.4836
vn 0.6604 0.5580 0.5025
vn 0.5592 0.7529 0.3470
vn 0.4008 0.8955 0.1935
vn 0.4133 0.9082 0.0658
vn 0.6619 0.7200 0.2085
vn 0.7075 0.5345 0.4623
vn 0.7148 0.4989 0.4901
vn 0.8692 0.4945 -0.0059
vn 0.8873 0.4610 -0.0102
vn 0.4025 0.6839 -0.6085
vn 0.6674 0.3510 -0.6568
vn -0.1389 -0.3891 -0.9107
vn 0.0989 -0.3234 -0.9411
vn 0.5830 0.0612 -0.8101
vn 0.5531 0.1575 -0.8181
vn 0.0148 -0.3038 -0.9526
vn -0.1728 -0.2307 -0.9576
vn -0.3596 -0.7246 -0.5879
vn -0.1203 -0.5545 -0.8234
vn -0.2807 -0.7273 -0.6263
vn -0.2613 -0.6631 -0.7014
vn -0.6424 -0.3783 -0.6665
vn -0.5418 -0.3867 -0.7463
vn -0.3152 -0.4261 -0.8480
vn -0.5088 -0.4714 -0.7204
vn -0.4482 -0.6684 -0.5936
vn -0.4101 -0.6707 -0.6180
vn -0.5037 -0.5897 -0.6313
vn -0.5459 -0.5916 -0.5933
vn -0.3493 -0.6859 -0.6384
vn -0.4840 -0.5847 -0.6510
vn -0.2883 -0.7765 -0.5603
vn -0.4284 -0.7230 -0.5419
vn -0.3870 -0.8019 -0.4552
vn -0.5380 -0.7095 -0.4551
vn -0.6528 -0.4942 -0.5741
vn -0.6995 -0.5028 -0.5078
vn -0.7135 -0.4461 -0.5402
vn -0.7164 -0.3895 -0.5788
vn -0.6487 -0.4296 -0.6282
vn -0.6373 -0.5167 -0.5717
vn -0.6190 -0.4458 -0.6466
vn -0.5459 -0.5999 -0.5849
vn -0.5853 -0.5725 -0.5742
vn -0.6234 -0.5091 -0.5934
vn -0.6611 -0.4983 -0.5609
vn -0.3767 -0.7794 -0.5005
vn -0.5055 -0.6647 -0.5501
vn -0.4016 -0.7772 -0.4845
vn -0.5507 -0.6385 -0.5376
vn -0.6284 -0.5206 -0.5780
vn -0.6445 -0.5155 -0.5647
vn -0.6702 -0.4776 -0.5681
vn -0.6545 -0.4504 -0.6073
vn -0.6340 -0.4743 -0.6108
vn -0.6734 -0.4757 -0.5659
vn -0.5779 -0.6715 -0.4639
vn -0.5562 -0.6630 -0.5011
vn -0.4481 -0.7710 -0.4525
vn -0.4622 -0.7732 -0.4341
vn -0.3825 -0.8212 -0.4234
vn -0.3791 -0.8345 -0.3999
vn -0.6542 -0.5333 -0.5362
vn -0.6735 -0.5628 -0.4793
vn -0.6971 -0.5154 -0.4985
vn -0.6779 -0.4889 -0.5490
vn -0.4805 -0.6998 -0.5285
vn -0.3892 -0.7219 -0.5722
vn -0.4264 -0.7500 -0.5056
vn -0.6198 -0.6018 -0.5037
vn -0.6218 -0.6124 -0.4882
vn -0.4556 -0.7012 -0.5484
vn -0.5281 -0.6743 -0.5162
vn -0.4897 -0.6887 -0.5347
vn -0.4114 -0.7293 -0.5467
vn -0.5477 -0.6820 -0.4846
vn -0.5870 -0.6572 -0.4727
vn -0.4985 -0.7213 -0.4808
vn -0.5009 -0.6693 -0.5488
vn -0.5538 -0.6016 -0.5757
vn -0.4943 -0.7114 -0.4996
vn -0.2348 -0.7776 -0.5833
vn -0.9029 -0.3552 -0.2421
vn -0.8157 -0.4458 -0.3687
vn -0.8941 -0.2824 -0.3476
vn -0.9610 -0.2349 -0.1463
vn -0.7681 -0.5164 -0.3786
vn -0.6826 -0.5000 -0.5330
vn -0.9385 -0.2524 -0.2354
vn -0.8500 -0.3737 -0.3713
vn -0.9977 -0.0133 -0.0663
vn -0.9883 -0.0379 -0.1475
vn -0.8848 -0.2812 -0.3716
vn -0.8498 -0.3344 -0.4075
vn -0.1108 -0.9685 -0.2230
vn -0.0602 -0.9975 -0.0374
vn 0.1917 -0.7661 -0.6134
vn 0.1127 -0.6369 -0.7627
vn -0.2864 -0.9555 -0.0706
vn -0.2443 -0.9689 0.0401
vn 0.1917 -0.1429 -0.9710
vn 0.3905 -0.1883 -0.9011
vn 0.2372 -0.2912 -0.9268
vn -0.0170 -0.3526 -0.9356
vn 0.2900 0.5373 0.7920
vn 0.3206 0.3744 0.8701
vn 0.3411 0.6385 0.6899
vn 0.3374 0.6126 0.7148
vn -0.2086 -0.9514 -0.2267
vn -0.1708 -0.9784 -0.1161
vn 0.0082 -0.9928 -0.1194
vn -0.0168 -0.9573 -0.2888
vn -0.2569 -0.9202 -0.2953
vn -0.1371 -0.8701 -0.4734
vn -0.3538 -0.6734 -0.6491
vn -0.2455 -0.5750 -0.7804
vn -0.3339 -0.5173 -0.7880
vn -0.3083 -0.5270 -0.7920
vn 0.4500 0.4883 0.7477
vn 0.3527 0.1494 0.9237
vn 0.5026 0.1957 0.8421
vn 0.5412 0.4706 0.6968
vn 0.5425 0.4968 0.6774
vn 0.4836 0.5105 0.7110
vn 0.4558 0.8645 -0.2119
vn 0.4960 0.8649 0.0770
vn 0.4204 0.8444 -0.3322
vn 0.2964 0.9016 -0.3151
vn 0.3788 0.9053 -0.1923
vn 0.4906 0.8599 0.1408
vn -0.4976 -0.5706 -0.6533
vn -0.3693 -0.8059 -0.4627
vn -0.4374 -0.7965 -0.4176
vn -0.5790 -0.6231 -0.5259
vn -0.8410 0.5098 -0.1812
vn -0.6522 0.7564 0.0501
vn -0.5413 0.8188 -0.1914
vn -0.7663 0.4870 -0.4191
vn -0.2189 0.9721 0.0843
vn -0.3274 0.9017 0.2825
vn 0.3740 0.8697 0.3222
vn 0.2916 0.8207 0.4913
vn 0.7824 0.4264 0.4539
vn 0.8164 0.5055 0.2792
vn 0.9177 0.2182 0.3321
vn 0.9385 0.1363 0.3172
vn 0.9611 0.1664 0.2205
vn 0.9724 0.0223 0.2322
vn 0.9251 0.1468 0.3501
vn 0.8894 0.2177 0.4019
vn 0.8072 0.3554 0.4712
vn 0.8141 0.3703 0.4474
vn 0.7933 0.0788 0.6037
vn 0.7271 0.3182 0.6083
vn 0.7186 0.3504 0.6007
vn 0.7775 0.1595 0.6083
vn 0.6825 0.4482 0.5773
vn 0.6795 0.4164 0.6040
vn 0.4191 0.8995 -0.1235
vn 0.3470 0.9359 -0.0601
vn 0.3839 0.9168 0.1101
vn 0.4830 0.8718 0.0823
vn 0.4277 0.8831 0.1929
vn 0.5196 0.8289 0.2074
vn 0.4232 0.9040 0.0602
vn 0.4189 0.9062 -0.0575
vn 0.6225 0.6240 0.4723
vn 0.6340 0.6241 0.4566
vn 0.5892 0.6609 0.4648
vn 0.5940 0.6691 0.4466
vn 0.5527 0.6926 0.4635
vn 0.5464 0.7271 0.4156
vn 0.5087 0.7256 0.4633
vn 0.4307 0.8085 0.4010
vn 0.6121 0.6933 0.3804
vn 0.5858 0.7042 0.4012
vn 0.6285 0.5826 0.5153
vn 0.6272 0.5816 0.5180
vn 0.5064 0.8110 0.2929
vn 0.5809 0.7621 0.2859
vn 0.4679 0.7091 0.5274
vn 0.3633 0.7583 0.5414
vn 0.5029 0.6847 0.5275
vn 0.4137 0.7032 0.5782
vn -0.3596 -0.8210 -0.4434
vn -0.3977 -0.8324 -0.3860
vn -0.3338 -0.6342 -0.6974
vn -0.3454 -0.6392 -0.6871
vn -0.4935 -0.5905 -0.6386
vn -0.4274 -0.6078 -0.6692
vn -0.5195 -0.6465 -0.5587
vn -0.5654 -0.6238 -0.5397
vn -0.4103 -0.6123 -0.6758
vn -0.3697 -0.6261 -0.6865
vn -0.3707 -0.6210 -0.6906
vn -0.4606 -0.6642 -0.5888
vn -0.4015 -0.9050 0.1408
vn -0.2886 -0.9501 0.1184
vn -0.4304 -0.8242 -0.3681
vn -0.4458 -0.8038 -0.3940
vn -0.4456 -0.6259 -0.6400
vn -0.4309 -0.8008 -0.4160
vn -0.4537 -0.8853 0.1015
vn -0.3627 -0.6045 -0.7093
vn -0.4327 -0.6631 -0.6108
vn -0.5282 -0.5859 -0.6145
vn -0.5761 -0.6167 -0.5365
vn -0.5732 -0.6765 -0.4624
vn -0.5728 -0.6915 -0.4402
vn -0.5573 -0.6986 -0.4488
vn -0.5722 -0.6737 -0.4676
vn 0.5903 0.6337 0.5000
vn 0.6615 0.5843 0.4700
vn 0.6548 0.5526 0.5156
vn 0.6457 0.5431 0.5368
vn 0.6323 0.5152 0.5786
vn 0.6157 0.5503 0.5640
vn 0.4319 0.6711 0.6026
vn 0.5062 0.6600 0.5551
vn 0.6038 0.5635 0.5638
vn 0.4725 0.6663 0.5769
vn 0.5604 0.6297 0.5380
vn 0.4502 0.7247 0.5217
vn 0.3733 0.7636 0.5268
vn 0.3547 0.7510 0.5570
vn 0.4062 0.6807 0.6097
vn 0.4787 0.6526 0.5874
vn 0.4230 0.6964 0.5797
vn 0.5256 0.5761 0.6260
vn 0.3896 0.5694 0.7239
vn 0.4134 0.6283 0.6590
vn 0.4085 0.6235 0.6666
vn 0.3323 0.6219 0.7091
vn 0.3703 0.7184 0.5888
vn 0.3236 0.3664 0.8724
vn 0.1847 0.3450 0.9203
vn 0.4348 0.4332 0.7895
vn 0.1646 0.4060 0.8989
vn -0.1309 0.1631 0.9779
vn 0.0701 0.3188 0.9452
vn 0.3800 0.5478 0.7453
vn 0.5645 0.5012 0.6559
vn -0.3249 -0.5321 -0.7819
vn -0.3383 -0.5301 -0.7776
vn -0.3211 -0.5874 -0.7429
vn -0.3235 -0.5928 -0.7375
vn 0.3641 0.5912 0.7196
vn 0.2453 0.5128 0.8227
vn -0.3462 -0.6527 -0.6739
vn -0.3820 -0.7222 -0.5766
vn -0.4159 -0.7254 -0.5485
vn -0.3497 -0.6672 -0.6577
vn -0.4467 -0.6476 -0.6173
vn -0.4579 -0.5636 -0.6875
vn -0.4544 -0.7280 -0.5134
vn -0.4048 -0.7406 -0.5364
vn -0.4455 -0.6396 -0.6265
vn -0.4723 -0.5530 -0.6864
vn 0.5506 0.5211 0.6521
vn 0.5098 0.5012 0.6992
vn 0.5700 0.5650 0.5965
vn 0.5567 0.5229 0.6454
vn -0.4417 -0.6308 -0.6380
vn -0.4043 -0.7323 -0.5480
vn -0.4629 -0.5476 -0.6970
vn 0.5880 0.5668 0.5771
vn 0.5865 0.5504 0.5942
vn 0.6040 0.5946 0.5307
vn 0.5854 0.5986 0.5467
vn 0.5710 0.5590 0.6012
vn 0.5578 0.4921 0.6683
vn 0.5491 0.6251 0.5547
vn 0.5133 0.6540 0.5558
vn 0.5559 0.5735 0.6018
vn 0.5501 0.4930 0.6741
vn 0.5137 0.5981 0.6152
vn 0.4873 0.6793 0.5488
vn 0.4927 0.5181 0.6991
vn -0.4165 -0.7874 -0.4545
vn -0.4970 -0.7493 -0.4377
vn -0.3696 -0.8308 -0.4161
vn -0.4611 -0.7830 -0.4175
vn -0.3580 -0.7907 -0.4967
vn -0.4521 -0.7626 -0.4626
vn -0.3607 -0.8132 -0.4567
vn -0.3070 -0.8214 -0.4806
vn -0.3740 -0.7918 -0.4829
vn -0.3892 -0.7783 -0.4926
vn 0.5895 0.6259 0.5107
vn 0.5603 0.6137 0.5562
vn 0.5448 0.6498 0.5300
vn 0.5897 0.6357 0.4981
vn 0.5146 0.7069 0.4853
vn 0.4920 0.6959 0.5231
vn 0.5391 0.6708 0.5093
vn 0.5229 0.6919 0.4979
vn -0.2753 -0.8139 -0.5117
vn -0.2935 -0.5463 -0.7845
vn -0.0769 -0.7742 -0.6283
vn -0.0960 -0.4848 -0.8693
vn 0.4607 0.7162 0.5243
vn 0.4592 0.7319 0.5035
vn -0.3044 -0.5660 -0.7662
vn -0.3619 -0.7804 -0.5099
vn -0.2028 -0.4528 -0.8682
vn -0.4182 -0.6046 -0.6779
vn -0.6140 -0.2457 -0.7501
vn -0.6014 -0.0838 -0.7945
vn -0.4337 -0.1519 -0.8882
vn -0.3556 -0.3784 -0.8546
vn -0.5622 -0.3332 -0.7569
vn -0.5665 -0.3692 -0.7367
vn 0.4803 0.8770 0.0117
vn 0.4787 0.7530 0.4515
vn 0.3958 0.7496 0.5305
vn 0.3825 0.9235 0.0284
vn -0.6055 -0.1481 -0.7820
vn -0.6113 -0.1970 -0.7665
vn -0.5731 -0.5210 -0.6325
vn -0.4687 -0.8589 0.2064
vn -0.3300 -0.9252 0.1871
vn -0.5414 -0.8267 0.1529
vn -0.5066 -0.8109 -0.2929
vn -0.6008 -0.7235 -0.3400
vn -0.2418 -0.9016 -0.3588
vn 0.3714 0.3671 0.8528
vn 0.2826 0.4448 0.8499
vn 0.0506 -0.8825 -0.4676
vn -0.1519 -0.9828 0.1048
vn -0.3146 -0.2002 -0.9279
vn -0.4745 -0.6583 -0.5844
vn -0.4441 -0.2143 -0.8700
vn -0.2584 -0.3114 -0.9145
vn 0.0077 0.0391 -0.9992
vn 0.1491 -0.3794 -0.9132
vn 0.3366 -0.0133 -0.9416
vn -0.4919 -0.8706 -0.0138
vn -0.1901 -0.7580 -0.6239
vn -0.3068 -0.8433 -0.4413
vn -0.3009 -0.8531 -0.4263
vn -0.2186 -0.7995 -0.5595
vn -0.3513 -0.8457 -0.4016
vn -0.3518 -0.7923 -0.4985
vn 0.4091 -0.1638 -0.8977
vn 0.4156 -0.2958 -0.8601
vn -0.3431 -0.8301 -0.4396
vn -0.2829 -0.7160 -0.6383
vn -0.2855 -0.7360 -0.6138
vn -0.3925 -0.7946 -0.4631
vn -0.0986 -0.6830 -0.7237
vn 0.1008 -0.5458 -0.8318
vn 0.1317 -0.3738 -0.9181
vn -0.2859 -0.8691 -0.4036
vn -0.0845 -0.2994 -0.9504
vn 0.5077 0.8394 0.1939
vn 0.4806 0.8580 0.1813
vn 0.4972 0.8043 0.3254
vn 0.5206 0.7586 0.3918
vn 0.5410 0.6786 0.4968
vn 0.5169 0.7151 0.4705
vn -0.5955 -0.4981 -0.6303
vn -0.7467 -0.2110 -0.6308
vn -0.5666 -0.2039 -0.7984
vn -0.4309 -0.4461 -0.7844
vn -0.5961 -0.3403 -0.7272
vn -0.7840 -0.2158 -0.5820
vn -0.5733 -0.3134 -0.7571
vn -0.5013 -0.4720 -0.7252
vn 0.0286 -0.9855 -0.1670
vn -0.0678 -0.9886 -0.1345
vn -0.3884 -0.8917 -0.2324
vn -0.2489 -0.8679 -0.4299
vn -0.7505 -0.5273 -0.3985
vn -0.3474 -0.8756 -0.3356
vn -0.5974 -0.5820 -0.5516
vn -0.1139 -0.9856 -0.1250
vn -0.0883 -0.9588 -0.2700
vn -0.3007 -0.8022 -0.5158
vn 0.0399 -0.9528 -0.3008
vn -0.1538 -0.7933 -0.5891
vn -0.6668 -0.4263 -0.6112
vn -0.8728 -0.2301 -0.4305
vn -0.8433 -0.2448 -0.4785
vn 0.2372 0.9273 0.2896
vn 0.6312 0.5831 0.5114
vn 0.0564 0.9824 0.1778
vn 0.1693 0.9823 0.0802
vn 0.3021 0.9500 0.0787
vn 0.6772 0.6434 0.3570
vn 0.7960 0.1750 0.5794
vn 0.8408 0.1520 0.5196
vn 0.4549 0.7828 0.4246
vn 0.5053 0.7363 0.4500
vn 0.4887 0.7027 0.5171
vn 0.4699 0.7713 0.4294
vn 0.5248 0.6505 0.5491
vn 0.5667 0.7073 0.4226
vn 0.4303 0.8569 0.2837
vn 0.4643 0.8025 0.3748
vn 0.4625 0.7577 0.4604
vn 0.3909 0.8588 0.3311
vn 0.1749 0.9839 0.0363
vn 0.3294 0.9381 -0.1073
vn 0.3851 0.9213 0.0546
vn 0.3692 0.9075 0.2003
vn 0.5085 0.8207 0.2605
vn 0.4764 0.8211 0.3144
vn 0.5228 0.7806 0.3426
vn 0.5513 0.7560 0.3529
vn 0.4840 0.8040 0.3453
vn 0.6012 0.7116 0.3635
vn 0.5649 0.7292 0.3862
vn 0.4364 0.8336 0.3386
vn 0.2881 0.9352 0.2060
vn 0.4322 0.3465 0.8325
vn 0.3928 0.4563 0.7985
vn 0.3714 0.5298 0.7625
vn 0.4181 0.4739 0.7750
vn 0.5537 0.7707 0.3152
vn 0.5849 0.7176 0.3781
vn 0.5414 0.4489 0.7109
vn 0.4585 0.4057 0.7907
vn 0.5430 0.4132 0.7311
vn 0.4625 0.3107 0.8304
vn 0.4596 0.3895 0.7981
vn 0.4806 0.1752 0.8593
vn 0.4448 0.0731 0.8926
vn 0.4556 0.2851 0.8433
vn 0.4376 -0.1185 0.8913
vn 0.3066 -0.0966 0.9469
vn 0.3782 0.1272 0.9170
vn 0.4820 0.4190 0.7695
vn -0.4388 -0.5111 -0.7391
vn -0.4570 -0.5034 -0.7333
vn -0.4604 -0.5533 -0.6942
vn -0.4347 -0.5453 -0.7167
vn 0.3708 0.3289 0.8685
vn 0.2376 0.0311 0.9709
vn -0.4561 -0.5173 -0.7241
vn -0.4388 -0.5638 -0.6997
vn -0.4860 -0.5084 -0.7108
vn -0.5154 -0.5663 -0.6431
vn -0.4328 -0.5895 -0.6821
vn -0.4577 -0.7547 -0.4700
vn -0.4136 -0.8689 -0.2719
vn -0.4579 -0.6073 -0.6492
vn -0.5268 -0.8210 -0.2200
vn -0.5383 -0.6630 -0.5203
vn -0.5148 -0.7172 -0.4697
vn -0.4419 -0.8761 -0.1928
vn -0.5080 -0.5241 -0.6835
vn -0.4784 -0.4939 -0.7261
vn -0.4738 -0.7423 -0.4737
vn -0.5176 -0.7140 -0.4715
vn -0.5867 -0.7077 -0.3936
vn -0.5310 -0.7583 -0.3782
vn -0.5752 -0.6287 -0.5233
vn -0.6428 -0.6240 -0.4444
vn -0.6434 -0.6120 -0.4599
vn -0.6125 -0.7064 -0.3547
vn -0.5584 -0.7696 -0.3098
vn -0.1855 -0.9211 -0.3422
vn -0.3572 -0.6921 -0.6272
vn -0.5262 -0.7123 -0.4645
vn -0.5233 -0.7138 -0.4654
vn -0.5654 -0.6237 -0.5398
vn -0.4300 -0.8420 -0.3258
vn -0.4910 -0.8188 -0.2974
vn -0.5246 -0.7431 -0.4155
vn -0.5531 -0.6565 -0.5129
vn -0.4909 -0.6525 -0.5772
vn -0.5715 -0.7370 -0.3609
vn -0.6430 -0.6048 -0.4698
vn 0.3430 0.9362 0.0769
vn 0.2767 0.9522 0.1294
vn 0.4784 0.7706 0.4212
vn 0.3443 0.8004 0.4907
vn -0.5312 -0.6657 -0.5241
vn 0.5265 0.2782 0.8034
vn 0.4695 0.7665 0.4383
vn 0.3721 0.8152 0.4438
vn 0.4184 0.2890 0.8610
vn 0.4848 0.1307 0.8648
vn 0.3015 0.1692 0.9383
vn 0.2914 0.2289 0.9288
vn 0.3267 0.8391 0.4350
vn 0.1913 0.9717 0.1382
vn 0.1955 0.9639 0.1807
vn -0.5333 -0.6950 -0.4823
vn -0.5423 -0.5573 -0.6288
vn -0.4107 -0.9103 -0.0512
vn -0.3977 -0.9093 -0.1227
vn 0.3790 0.9217 0.0826
vn -0.2978 -0.7615 -0.5757
vn -0.1897 -0.9579 -0.2157
vn -0.4768 -0.8724 -0.1072
vn -0.5742 -0.6770 -0.4603
vn -0.2844 -0.9543 0.0920
vn -0.4273 -0.8958 -0.1222
vn -0.4205 -0.9071 -0.0166
vn -0.4472 -0.8944 0.0051
vn -0.4279 -0.8975 -0.1069
vn -0.5656 -0.6198 -0.5440
vn -0.2433 -0.8924 -0.3799
vn -0.2170 -0.8598 -0.4621
vn -0.2634 -0.8519 -0.4527
vn -0.5280 -0.5551 -0.6427
vn -0.5167 -0.5909 -0.6196
vn -0.5544 -0.6633 -0.5027
vn -0.1057 -0.9922 -0.0654
vn -0.2604 -0.9108 -0.3204
vn -0.5269 -0.7125 -0.4634
vn -0.6132 -0.4758 -0.6305
vn -0.6635 -0.4889 -0.5663
vn -0.6130 -0.5373 -0.5792
vn -0.6408 -0.5833 -0.4992
vn -0.6284 -0.6012 -0.4935
vn -0.3662 -0.8304 -0.4200
vn 0.6863 0.4668 0.5577
vn 0.7014 0.3764 0.6052
vn 0.6701 0.4060 0.6214
vn 0.6432 0.4831 0.5941
vn 0.5808 0.5957 0.5548
vn 0.6261 0.6360 0.4512
vn -0.5919 -0.5934 -0.5455
vn 0.6149 0.5986 0.5134
vn 0.6640 0.4166 0.6209
vn 0.6524 0.4132 0.6353
vn 0.6074 0.6175 0.4998
vn 0.6802 0.2229 0.6983
vn 0.6911 0.2622 0.6735
vn 0.6889 0.4239 0.5880
vn 0.6693 -0.0138 0.7429
vn 0.6870 -0.0481 0.7250
vn 0.6451 0.6153 0.4530
vn 0.5477 0.6992 0.4595
vn 0.5824 0.7286 0.3605
vn 0.4688 0.8367 0.2831
vn 0.4527 0.7986 0.3967
vn 0.4704 0.8598 0.1987
vn 0.5880 0.7485 0.3065
vn 0.3362 0.9376 0.0888
vn 0.3712 0.9123 0.1732
vn 0.3718 0.8825 0.2881
vn 0.7064 0.2614 0.6578
vn 0.7453 -0.0023 0.6667
vn 0.5753 0.7488 0.3292
vn 0.4296 0.8633 0.2649
vn 0.3158 0.9223 0.2229
vn 0.1482 0.9379 0.3136
vn 0.2648 0.9437 0.1985
vn 0.3003 0.8510 0.4308
vn 0.5075 0.6600 0.5540
vn 0.4306 0.7447 0.5099
vn -0.6258 -0.5508 -0.5523
vn -0.5843 -0.6311 -0.5101
vn -0.5259 -0.6971 -0.4873
vn -0.4511 -0.7570 -0.4727
vn -0.5729 -0.6927 -0.4382
vn -0.5782 -0.6725 -0.4620
vn -0.4737 -0.7833 -0.4026
vn -0.4773 -0.7917 -0.3813
vn -0.4398 -0.8157 -0.3757
vn -0.4645 -0.7902 -0.3997
vn -0.6745 -0.5280 -0.5160
vn -0.6833 -0.5229 -0.5096
vn -0.4688 -0.7705 -0.4319
vn -0.5372 -0.7140 -0.4490
vn -0.4851 -0.7524 -0.4456
vn -0.4592 -0.7657 -0.4504
vn -0.5477 -0.7027 -0.4541
vn -0.5703 -0.7066 -0.4189
vn -0.4722 -0.7865 -0.3980
vn -0.5365 -0.6486 -0.5399
vn -0.3897 -0.4581 -0.7989
vn -0.4360 -0.6267 -0.6459
vn -0.5177 -0.5597 -0.6471
vn -0.3313 -0.5673 -0.7539
vn -0.6422 -0.4769 -0.6001
vn -0.5427 -0.5589 -0.6270
vn -0.4858 -0.7084 -0.5120
vn -0.4439 -0.5081 -0.7381
vn -0.2220 -0.7240 -0.6531
vn -0.2160 -0.8592 -0.4638
vn -0.4604 -0.7113 -0.5312
vn -0.4621 -0.7427 -0.4846
vn -0.6765 -0.4731 -0.5644
vn -0.6669 -0.5269 -0.5269
vn 0.7996 0.4123 0.4366
vn 0.9179 0.1914 0.3476
vn 0.9529 0.0927 0.2886
vn 0.8634 0.3342 0.3779
vn 0.9122 0.2017 0.3568
vn 0.9408 0.0930 0.3260
vn -0.5330 -0.6782 -0.5059
vn -0.2626 -0.8724 -0.4123
vn -0.4522 -0.8024 -0.3895
vn 0.7950 0.4110 0.4462
vn 0.8994 0.1822 0.3973
vn 0.8805 0.2269 0.4162
vn 0.7746 0.4170 0.4754
vn 0.9239 0.0695 0.3764
vn 0.9278 -0.0054 0.3730
vn 0.7111 0.5485 0.4399
vn 0.6790 0.5605 0.4742
vn 0.5335 0.5778 0.6176
vn 0.0201 0.7607 0.6488
vn -0.1020 0.7904 0.6041
vn 0.2712 0.7495 0.6039
vn 0.6558 0.5536 0.5133
vn 0.8394 0.2835 0.4637
vn 0.8079 0.4119 0.4214
vn 0.9342 0.0914 0.3447
vn 0.9542 -0.0942 0.2839
vn -0.9198 0.2056 -0.3344
vn -0.7752 0.3617 -0.5179
vn -0.8214 0.0581 -0.5674
vn -0.9013 -0.1131 -0.4182
vn -0.8475 0.1874 -0.4966
vn -0.8501 -0.0104 -0.5265
vn -0.8374 -0.0696 -0.5422
vn -0.8989 -0.2005 -0.3897
vn -0.9209 -0.2428 -0.3049
vn -0.9478 -0.1948 -0.2526
vn -0.9936 0.0693 -0.0889
vn -0.6444 -0.5227 -0.5582
vn -0.6857 -0.2747 -0.6741
vn -0.9120 -0.1029 -0.3970
vn -0.7558 -0.2124 -0.6194
vn -0.8367 -0.3357 -0.4326
vn -0.9309 0.2372 -0.2777
vn 0.7758 0.4358 0.4564
vn 0.7863 0.4647 0.4072
vn 0.7442 0.5439 0.3878
vn 0.7059 0.5228 0.4779
vn 0.7476 0.5107 0.4246
vn 0.7416 0.5591 0.3707
vn -0.8243 -0.4429 -0.3527
vn 0.6969 0.5354 0.4772
vn 0.6813 0.5871 0.4372
vn 0.5869 0.5774 0.5676
vn 0.6359 0.6083 0.4750
vn 0.6558 0.5035 0.5625
vn 0.6671 0.6335 0.3920
vn 0.6891 0.6353 0.3486
vn 0.7372 0.4324 0.5192
vn -0.6824 -0.5137 -0.5201
vn -0.6597 -0.5808 -0.4770
vn -0.6615 -0.5207 -0.5398
vn -0.6593 -0.5163 -0.5466
vn -0.6653 -0.5675 -0.4850
vn -0.6523 -0.5999 -0.4634
vn 0.6628 0.6442 0.3816
vn -0.6634 -0.5627 -0.4933
vn -0.6928 -0.5219 -0.4977
vn -0.5909 -0.6675 -0.4530
vn -0.6141 -0.6429 -0.4579
vn -0.6177 -0.6407 -0.4561
vn -0.6318 -0.6308 -0.4504
vn -0.6303 -0.5910 -0.5034
vn -0.6248 -0.6245 -0.4686
vn -0.6589 -0.5685 -0.4925
vn 0.0422 0.7513 0.6587
vn 0.0639 0.7324 0.6779
vn 0.2030 0.9593 0.1965
vn 0.1266 0.9695 0.2098
vn 0.2851 0.9161 -0.2819
vn 0.1724 0.9604 -0.2190
vn 0.1417 0.9546 -0.2619
vn 0.1894 0.9671 0.1697
vn 0.1687 0.7536 0.6354
vn -0.0724 0.4020 0.9128
vn -0.0406 0.4174 0.9078
vn 0.1131 0.5108 0.8522
vn 0.1361 0.8596 -0.4925
vn 0.1254 0.8406 -0.5270
vn 0.2266 0.9113 -0.3437
vn 0.3556 0.9294 -0.0991
vn 0.3965 0.8164 0.4199
vn 0.4729 0.7692 0.4297
vn 0.4382 0.7612 0.4781
vn 0.4416 0.8178 0.3691
vn 0.4635 0.8832 0.0721
vn 0.3551 0.8204 -0.4481
vn 0.4602 0.7958 0.3936
vn 0.4200 0.9000 0.1164
vn 0.3036 0.7860 -0.5386
vn 0.4774 0.8561 0.1977
vn 0.4917 0.7683 0.4097
vn 0.2900 0.9536 0.0808
vn 0.2010 0.9791 -0.0296
vn 0.1742 0.9817 -0.0771
vn 0.1000 0.9853 -0.1387
vn 0.7879 0.0908 0.6091
vn 0.6810 0.0605 0.7298
vn 0.6940 0.6134 0.3769
vn 0.6510 0.5453 0.5281
vn 0.2372 0.9004 0.3646
vn -0.0567 0.9963 0.0653
vn 0.5359 0.4619 0.7067
vn 0.3627 0.9264 0.1009
vn 0.0970 0.9868 0.1296
vn 0.3641 0.9313 -0.0136
vn 0.6017 0.0661 0.7960
vn -0.5205 0.8087 -0.2742
vn -0.6984 0.7152 -0.0269
vn -0.1916 0.9212 0.3385
vn -0.1210 0.9914 0.0498
vn -0.8204 0.5106 0.2572
vn -0.3478 0.7610 0.5476
vn 0.1498 0.7404 0.6552
vn 0.6090 0.4692 0.6395
vn 0.6740 0.4394 0.5939
vn 0.2735 0.7934 0.5437
vn 0.3771 0.8707 0.3157
vn 0.7849 0.5023 0.3628
vn 0.9338 0.1109 0.3402
vn 0.8612 0.1450 0.4872
vn 0.8552 0.2118 0.4731
vn -0.4584 -0.3634 -0.8111
vn -0.1779 -0.1980 -0.9639
vn -0.4105 -0.5639 -0.7166
vn -0.0291 -0.5104 -0.8594
vn -0.3992 -0.6852 -0.6092
vn -0.2060 -0.7414 -0.6387
vn -0.2827 -0.7202 -0.6336
vn -0.3841 -0.6861 -0.6178
vn -0.9210 -0.0591 -0.3850
vn -0.7277 -0.4031 -0.5549
vn -0.7200 -0.4016 -0.5660
vn -0.9018 -0.0279 -0.4312
vn -0.9431 0.2749 -0.1869
vn -0.9266 0.3074 -0.2168
vn -0.7551 0.6499 0.0858
vn -0.7685 0.6333 0.0910
vn -0.4735 0.8147 0.3347
vn -0.4529 0.8358 0.3104
vn -0.1709 0.8697 0.4631
vn -0.1013 0.9133 0.3944
vn 0.7402 0.4304 0.5166
vn 0.3124 0.8137 0.4902
vn 0.2827 0.7632 0.5811
vn 0.7108 0.3841 0.5892
vn 0.8842 0.0294 0.4662
vn 0.9135 0.0616 0.4022
vn 0.8719 0.0510 0.4871
vn 0.8891 0.1011 0.4464
vn 0.6674 0.4521 0.5918
vn 0.7097 0.3707 0.5991
vn 0.8403 0.5293 -0.1170
vn 0.9115 0.4110 0.0132
vn 0.7681 0.2715 0.5799
vn 0.8587 0.3183 0.4016
vn 0.2664 0.1391 -0.9538
vn 0.5766 0.0001 -0.8170
vn -0.4028 -0.6255 -0.6682
vn -0.0002 -0.7507 -0.6606
vn -0.0707 -0.7462 -0.6619
vn -0.4055 -0.6488 -0.6439
vn 0.4147 -0.6901 -0.5931
vn 0.2786 -0.6296 -0.7252
vn -0.7357 -0.3760 -0.5634
vn -0.7190 -0.3676 -0.5898
vn -0.9136 -0.0475 -0.4039
vn -0.8899 -0.0405 -0.4543
vn -0.9240 0.3209 -0.2081
vn -0.8975 0.3542 -0.2628
vn -0.7358 0.6765 0.0308
vn -0.7037 0.7084 -0.0540
vn -0.3864 0.8904 0.2408
vn -0.3610 0.9251 0.1176
vn -0.0254 0.9460 0.3230
vn 0.0721 0.9677 0.2414
vn 0.7730 0.5930 0.2253
vn 0.4653 0.8421 0.2726
vn 0.3425 0.8782 0.3338
vn 0.7531 0.5639 0.3388
vn -0.6060 -0.3646 -0.7070
vn -0.2787 -0.5812 -0.7645
vn -0.8109 -0.0370 -0.5840
vn -0.6141 0.0237 -0.7888
vn -0.3841 -0.1667 -0.9081
vn -0.0406 -0.3267 -0.9443
vn -0.8253 0.3554 -0.4389
vn -0.5746 0.3134 -0.7560
vn -0.6362 0.7252 -0.2633
vn -0.5043 0.6463 -0.5727
vn 0.9891 -0.1472 0.0008
vn 0.9738 0.1859 0.1309
vn 0.9544 0.1595 0.2523
vn 0.9850 0.0873 0.1489
vn -0.2707 0.9460 -0.1784
vn -0.1329 0.7669 -0.6278
vn 0.1814 0.9785 -0.0980
vn 0.2686 0.7523 -0.6015
vn -0.2176 0.2752 -0.9364
vn 0.2081 0.2158 -0.9540
vn 0.6939 -0.4267 -0.5800
vn 0.3560 -0.4006 -0.8442
vn 0.5607 0.1008 -0.8219
vn 0.7791 -0.0403 -0.6256
vn 0.6197 0.6041 -0.5011
vn 0.8716 0.3451 -0.3481
vn 0.5877 0.8086 0.0283
vn 0.8457 0.5283 0.0758
vn 0.9210 -0.2249 -0.3181
vn 0.9429 0.0867 -0.3216
vn 0.7066 -0.2279 -0.6699
vn 0.7869 -0.4408 -0.4319
vn 0.1510 -0.6887 -0.7092
vn 0.5220 -0.6471 -0.5557
vn 0.9690 -0.1838 -0.1649
vn 0.9568 -0.2349 -0.1714
vn 0.9804 -0.1942 -0.0331
vn 0.9137 -0.3781 -0.1491
vn 0.8805 -0.3438 -0.3263
vn 0.8539 -0.4404 -0.2773
vn 0.7614 -0.4860 -0.4291
vn 0.9813 0.0249 -0.1907
vn 0.8569 -0.2122 -0.4698
vn 0.9854 0.1628 0.0508
vn 0.0140 -0.8187 -0.5740
vn -0.0834 -0.8159 -0.5722
vn 0.1911 -0.8259 -0.5305
vn 0.1978 -0.8199 -0.5372
vn -0.6556 -0.6305 -0.4155
vn -0.4601 -0.6810 -0.5697
vn -0.2143 -0.7891 -0.5756
vn -0.2578 -0.7828 -0.5663
vn -0.4189 -0.7878 -0.4516
vn -0.3971 -0.7912 -0.4651
vn -0.4891 -0.7356 -0.4686
vn -0.4997 -0.7331 -0.4613
vn -0.3321 -0.8309 -0.4464
vn -0.3189 -0.8293 -0.4589
vn -0.3719 -0.7904 -0.4867
vn -0.3080 -0.8111 -0.4973
vn -0.4769 -0.7390 -0.4759
vn -0.3068 -0.7842 -0.5394
vn -0.3682 -0.7788 -0.5078
vn -0.4780 -0.7380 -0.4763
vn -0.3737 -0.8024 -0.4652
vn -0.4495 -0.7554 -0.4769
vn -0.2874 -0.8505 -0.4405
vn -0.3245 -0.8739 -0.3620
vn -0.3934 -0.8374 -0.3796
vn -0.4512 -0.7970 -0.4014
vn -0.3039 -0.7916 -0.5301
vn -0.3417 -0.7804 -0.5238
vn -0.3504 -0.8019 -0.4838
vn -0.3104 -0.8143 -0.4905
vn -0.3853 -0.7878 -0.4805
vn -0.3742 -0.7669 -0.5213
vn -0.3677 -0.8347 -0.4098
vn -0.4077 -0.8131 -0.4156
vn -0.3198 -0.8528 -0.4129
vn -0.1568 -0.8998 -0.4072
vn -0.2346 -0.9086 -0.3455
vn 0.0787 -0.9342 -0.3481
vn -0.0814 -0.9421 -0.3252
vn -0.4308 -0.8176 -0.3820
vn -0.3873 -0.8447 -0.3694
vn -0.3302 -0.8727 -0.3596
vn 0.3753 -0.8917 -0.2531
vn 0.1956 -0.9409 -0.2764
vn 0.4065 -0.8837 -0.2320
vn 0.6031 -0.7874 -0.1279
vn 0.5914 -0.8016 -0.0872
vn 0.3730 -0.8919 -0.2556
vn 0.8165 -0.5731 0.0694
vn 0.7838 -0.6083 0.1246
vn 0.6484 -0.7590 -0.0597
vn 0.6169 -0.7847 -0.0601
vn 0.7775 -0.6122 0.1440
vn 0.7868 -0.6067 0.1134
vn 0.4031 -0.8680 -0.2899
vn 0.3730 -0.8561 -0.3578
vn 0.8918 0.1880 0.4114
vn 0.9034 0.0353 0.4273
vn 0.3769 0.8344 0.4021
vn 0.5313 0.7251 0.4382
vn 0.9432 -0.0754 0.3236
vn 0.9200 -0.1090 0.3765
vn 0.6665 0.5880 0.4582
vn 0.6297 0.6116 0.4789
vn 0.1609 0.9409 0.2979
vn 0.2234 0.9135 0.3399
vn 0.2169 0.9332 0.2866
vn 0.2112 0.9168 0.3391
vn 0.2459 0.8355 0.4915
vn 0.2747 0.8616 0.4268
vn 0.2003 0.8724 0.4459
vn 0.1974 0.8308 0.5204
vn 0.3444 0.8826 0.3200
vn 0.3308 0.8521 0.4056
vn 0.5053 0.7876 0.3528
vn 0.4901 0.7510 0.4426
vn 0.6461 0.6577 0.3872
vn 0.6299 0.7032 0.3296
vn 0.6887 0.5956 0.4135
vn 0.6625 0.6497 0.3728
vn 0.3390 0.7652 0.5473
vn 0.3198 0.7915 0.5208
vn 0.5062 0.7111 0.4879
vn 0.5403 0.6964 0.4723
vn 0.6336 0.6663 0.3931
vn 0.6018 0.6815 0.4163
vn 0.6064 0.7040 0.3696
vn 0.6369 0.6626 0.3941
vn 0.6537 0.6990 0.2901
vn 0.6450 0.6579 0.3887
vn 0.6549 0.7163 0.2408
vn 0.6749 0.6511 0.3472
vn 0.6484 0.6069 0.4595
vn 0.6135 0.6668 0.4231
vn 0.5417 0.6732 0.5033
vn 0.5230 0.7226 0.4520
vn 0.6254 0.7159 0.3104
vn 0.6482 0.6613 0.3775
vn 0.6155 0.6806 0.3974
vn 0.5687 0.7330 0.3732
vn 0.7032 0.6766 0.2187
vn 0.6957 0.6463 0.3134
vn 0.7464 0.6453 0.1629
vn 0.7208 0.6542 0.2291
vn 0.6718 0.5916 0.4458
vn 0.5600 0.6450 0.5200
vn 0.4748 0.6697 0.5710
vn 0.6759 0.5774 0.4580
vn 0.1154 0.7647 0.6339
vn 0.0228 0.7704 0.6372
vn -0.0340 0.7467 0.6643
vn 0.3532 0.7038 0.6163
vn 0.4196 0.6817 0.5994
vn -0.0162 0.7912 0.6114
vn 0.6368 0.6200 0.4584
vn 0.5682 0.6803 0.4629
vn -0.0468 0.7669 0.6400
vn 0.2776 0.7500 0.6004
vn -0.0144 0.8100 0.5863
vn 0.2665 0.7627 0.5893
vn 0.4794 0.7331 0.4825
vn 0.4243 0.7697 0.4769
vn -0.4510 0.7021 0.5510
vn -0.4469 0.7051 0.5506
vn -0.4429 0.6958 0.5654
vn -0.3772 0.8341 0.4026
vn -0.3516 0.8106 0.4682
vn -0.3658 0.7520 0.5484
vn -0.3805 0.7294 0.5685
vn -0.3700 0.8531 0.3678
vn -0.7459 0.5532 0.3710
vn -0.6677 0.5895 0.4547
vn -0.9923 -0.0556 -0.1102
vn -0.9910 -0.0126 -0.1336
vn -0.3509 0.7936 0.4971
vn -0.3356 0.7618 0.5541
vn -0.3533 0.7874 0.5052
vn -0.3109 0.7974 0.5172
vn -0.1944 0.7989 0.5692
vn -0.1581 0.7657 0.6234
vn -0.6772 0.6582 0.3289
vn -0.2942 0.7975 0.5267
vn -0.2568 0.8243 0.5046
vn -0.7248 0.5993 0.3399
vn -0.6292 0.6922 0.3535
vn -0.2909 0.7853 0.5465
vn -0.5697 0.7220 0.3926
vn -0.2676 0.7871 0.5557
vn -0.9727 0.0923 -0.2130
vn -0.8931 0.4357 0.1120
vn -0.9411 0.3381 -0.0049
vn -0.9725 0.2313 -0.0276
vn -0.9277 -0.1610 -0.3369
vn -0.9345 -0.0464 -0.3530
vn -0.9888 0.1142 -0.0957
vn -0.8794 -0.2530 -0.4034
vn -0.5258 -0.7091 -0.4698
vn -0.5216 -0.7134 -0.4679
vn -0.5240 -0.7111 -0.4688
vn -0.5273 -0.7012 -0.4798
vn -0.5280 -0.7130 -0.4614
vn -0.5351 -0.7139 -0.4517
vn -0.5240 -0.7092 -0.4717
vn -0.5262 -0.7326 -0.4317
vn -0.5553 -0.7077 -0.4367
vn -0.5515 -0.6925 -0.4651
vn -0.5431 -0.7061 -0.4543
vn -0.5529 -0.7071 -0.4408
vn -0.4941 -0.7270 -0.4768
vn -0.4896 -0.7634 -0.4214
vn -0.4679 -0.7878 -0.4006
vn -0.5034 -0.7559 -0.4186
vn -0.4460 -0.7872 -0.4260
vn -0.4812 -0.7594 -0.4379
vn -0.5157 -0.7316 -0.4458
vn -0.5345 -0.7272 -0.4307
vn 0.3691 0.8006 0.4720
vn 0.4147 0.7859 0.4586
vn 0.4166 0.7353 0.5346
vn 0.3737 0.7350 0.5659
vn -0.4210 -0.7676 -0.4833
vn -0.4128 -0.7508 -0.5156
vn -0.4614 -0.7440 -0.4833
vn -0.4595 -0.7319 -0.5031
vn -0.5048 -0.7203 -0.4757
vn -0.5062 -0.7081 -0.4922
vn 0.4164 0.8740 0.2505
vn 0.5405 0.7979 0.2667
vn 0.4802 0.8056 0.3470
vn 0.3932 0.8563 0.3348
vn 0.4439 0.8523 0.2766
vn 0.2587 0.9413 0.2167
vn 0.3220 0.9010 0.2908
vn 0.4846 0.7951 0.3648
vn 0.3784 0.9036 0.2008
vn 0.4167 0.8210 0.3902
vn 0.3384 0.7628 0.5510
vn 0.4488 0.8023 0.3935
vn 0.4956 0.8248 0.2722
vn 0.3408 0.9347 0.1006
vn 0.4935 0.6931 0.5254
vn 0.4202 0.7523 0.5074
vn 0.4206 0.6935 0.5850
vn 0.4602 0.6731 0.5790
vn 0.3827 0.8449 0.3738
vn 0.5065 0.7465 0.4315
vn 0.5688 0.6332 0.5249
vn 0.6225 0.6180 0.4802
vn 0.6371 0.6619 0.3950
vn 0.6266 0.6988 0.3451
vn 0.5933 0.7375 0.3226
vn 0.5646 0.7709 0.2948
vn -0.2973 -0.7838 -0.5453
vn 0.1819 -0.8231 -0.5380
vn -0.3160 -0.7981 -0.5130
vn 0.1582 -0.8144 -0.5584
vn -0.3119 -0.8216 -0.4772
vn 0.1397 -0.8061 -0.5751
vn -0.3046 -0.8285 -0.4700
vn 0.1083 -0.8090 -0.5778
vn 0.4514 -0.6877 -0.5685
vn 0.2739 -0.5047 -0.8187
vn -0.0186 -0.6180 -0.7860
vn 0.3092 -0.7491 -0.5858
vn 0.5348 -0.6074 -0.5875
vn 0.4138 -0.4159 -0.8098
vn -0.2737 -0.4564 -0.8466
vn -0.7038 -0.2854 -0.6505
vn -0.3990 -0.4669 -0.7892
vn -0.1514 -0.5499 -0.8214
vn -0.6111 -0.4935 -0.6188
vn -0.4320 -0.5565 -0.7097
vn -0.2492 -0.6868 -0.6827
vn 0.1524 -0.7983 -0.5827
vn -0.6775 -0.5331 -0.5068
vn -0.4708 -0.5923 -0.6539
vn -0.2114 -0.5008 -0.8394
vn -0.0080 -0.3517 -0.9361
vn -0.0584 -0.3261 -0.9435
vn -0.1738 -0.4867 -0.8561
vn 0.1235 -0.3196 -0.9395
vn 0.0549 -0.2366 -0.9701
vn 0.0026 -0.4106 -0.9118
vn 0.0019 -0.4908 -0.8713
vn 0.0052 -0.2883 -0.9575
vn -0.1133 -0.4065 -0.9066
vn -0.2186 -0.4600 -0.8606
vn -0.1873 -0.5019 -0.8444
vn -0.1427 -0.5179 -0.8435
vn -0.0390 -0.5295 -0.8474
vn -0.2849 -0.5517 -0.7839
vn -0.3318 -0.5935 -0.7333
vn 0.0941 -0.9419 -0.3224
vn -0.1420 -0.9251 -0.3523
vn 0.0572 -0.9182 -0.3920
vn -0.1605 -0.8918 -0.4229
vn -0.1888 -0.8008 -0.5684
vn -0.2551 -0.7989 -0.5446
vn -0.2535 -0.8277 -0.5006
vn -0.1777 -0.8375 -0.5168
vn -0.2569 -0.8708 -0.4192
vn 0.0446 -0.8748 -0.4824
vn -0.0174 -0.8361 -0.5482
vn -0.2583 -0.8981 -0.3559
vn -0.8611 -0.2784 -0.4255
vn -0.8563 -0.2653 -0.4431
vn -0.9622 -0.0786 -0.2609
vn -0.9466 -0.0775 -0.3130
vn -0.7104 -0.3644 -0.6022
vn -0.7056 -0.3820 -0.5968
vn -0.6711 -0.3190 -0.6693
vn -0.8916 -0.2019 -0.4054
vn -0.9184 -0.1958 -0.3439
vn -0.9574 -0.1210 -0.2621
vn -0.9859 -0.0023 -0.1673
vn -0.9905 0.1293 -0.0465
vn -0.8581 -0.1139 -0.5006
vn -0.7281 -0.3558 -0.5859
vn -0.9943 -0.0022 -0.1070
vn -0.9985 0.0538 0.0045
vn -0.8383 -0.2278 -0.4953
vn -0.8351 -0.1952 -0.5143
vn -0.9391 -0.0737 -0.3356
vn -0.9260 -0.0739 -0.3701
vn -0.9898 0.0745 -0.1212
vn -0.9833 -0.0023 -0.1822
vn -0.9818 0.0826 -0.1710
vn -0.9831 0.1205 -0.1380
vn -0.9715 -0.0369 -0.2341
vn -0.9771 0.0627 -0.2031
vn -0.9744 0.0922 -0.2051
vn -0.9753 0.0956 -0.1992
vn -0.9792 0.0888 -0.1826
vn -0.9897 0.1314 -0.0561
vn -0.9892 0.1197 -0.0852
vn -0.9884 0.0772 -0.1308
vn 0.9974 0.0672 -0.0244
# 3475 vertex normals

vt 0.0000 0.0000 0.0000
# 1 texture coords

o AlaD
g AlaD
usemtl _17174_Tiamat_v1default
s 1
f 1/1/1 2/1/2 3/1/3 4/1/4 
f 5/1/5 3/1/3 2/1/2 6/1/6 
f 7/1/7 8/1/8 3/1/3 5/1/5 
f 4/1/4 3/1/3 8/1/8 9/1/9 
f 10/1/10 11/1/11 12/1/12 13/1/13 
f 14/1/14 13/1/13 12/1/12 15/1/15 
f 9/1/9 8/1/8 13/1/13 14/1/14 
f 10/1/10 13/1/13 8/1/8 7/1/7 
f 16/1/16 17/1/17 18/1/18 19/1/19 
f 14/1/14 18/1/18 17/1/17 9/1/9 
f 15/1/15 20/1/20 18/1/18 14/1/14 
f 18/1/18 20/1/20 21/1/21 
f 22/1/22 23/1/23 24/1/24 25/1/25 
f 4/1/4 23/1/23 22/1/22 1/1/1 
f 9/1/9 17/1/17 23/1/23 4/1/4 
f 16/1/16 24/1/24 23/1/23 17/1/17 
f 26/1/26 27/1/27 28/1/28 29/1/29 
f 30/1/30 28/1/28 27/1/27 31/1/31 
f 32/1/32 33/1/33 28/1/28 30/1/30 
f 29/1/29 28/1/28 33/1/33 34/1/34 
f 35/1/35 36/1/36 37/1/37 38/1/38 
f 29/1/29 37/1/37 36/1/36 26/1/26 
f 34/1/34 39/1/39 37/1/37 29/1/29 
f 38/1/38 37/1/37 39/1/39 40/1/40 
f 25/1/25 24/1/24 41/1/41 42/1/42 
f 43/1/43 41/1/41 24/1/24 16/1/16 
f 40/1/40 39/1/39 41/1/41 43/1/43 
f 42/1/42 41/1/41 39/1/39 34/1/34 
f 44/1/44 45/1/45 46/1/46 47/1/47 
f 48/1/48 46/1/46 45/1/45 49/1/49 
f 46/1/46 48/1/48 50/1/50 
f 47/1/47 46/1/46 51/1/51 52/1/52 
f 53/1/53 54/1/54 55/1/55 56/1/56 
f 57/1/57 55/1/55 54/1/54 58/1/58 
f 59/1/59 60/1/60 55/1/55 57/1/57 
f 56/1/56 55/1/55 60/1/60 61/1/61 
f 62/1/62 63/1/63 64/1/64 65/1/65 
f 63/1/63 66/1/66 67/1/67 64/1/64 
f 67/1/67 58/1/58 68/1/68 64/1/64 
f 65/1/65 64/1/64 68/1/68 69/1/69 
f 70/1/70 71/1/71 72/1/72 73/1/73 
f 57/1/57 72/1/72 71/1/71 59/1/59 
f 58/1/58 67/1/67 72/1/72 57/1/57 
f 73/1/73 72/1/72 67/1/67 66/1/66 
f 74/1/74 75/1/75 76/1/76 77/1/77 
f 78/1/78 76/1/76 75/1/75 79/1/79 
f 61/1/61 60/1/60 76/1/76 78/1/78 
f 77/1/77 76/1/76 60/1/60 59/1/59 
f 80/1/80 81/1/81 82/1/82 83/1/83 
f 84/1/84 82/1/82 81/1/81 85/1/85 
f 86/1/86 87/1/87 82/1/82 84/1/84 
f 83/1/83 82/1/82 87/1/87 88/1/88 
f 21/1/21 20/1/20 89/1/89 90/1/90 
f 91/1/91 89/1/89 20/1/20 15/1/15 
f 92/1/92 93/1/93 89/1/89 91/1/91 
f 90/1/90 89/1/89 93/1/93 94/1/94 
f 95/1/95 96/1/96 97/1/97 98/1/98 
f 93/1/93 97/1/97 96/1/96 94/1/94 
f 92/1/92 99/1/99 97/1/97 93/1/93 
f 99/1/99 100/1/100 98/1/98 
f 92/1/92 91/1/91 101/1/101 102/1/102 
f 12/1/12 101/1/101 91/1/91 15/1/15 
f 11/1/11 103/1/103 101/1/101 12/1/12 
f 102/1/102 101/1/101 103/1/103 104/1/104 
f 105/1/105 106/1/106 100/1/100 
f 99/1/99 92/1/92 102/1/102 105/1/105 
f 104/1/104 107/1/107 105/1/105 102/1/102 
f 106/1/106 105/1/105 107/1/107 108/1/108 
f 16/1/16 19/1/19 109/1/109 43/1/43 
f 19/1/19 21/1/21 110/1/110 
f 111/1/111 112/1/112 109/1/109 110/1/110 
f 43/1/43 109/1/109 112/1/112 40/1/40 
f 21/1/21 90/1/90 113/1/113 110/1/110 
f 114/1/114 113/1/113 90/1/90 94/1/94 
f 115/1/115 116/1/116 113/1/113 114/1/114 
f 110/1/110 113/1/113 116/1/116 111/1/111 
f 117/1/117 114/1/114 94/1/94 
f 96/1/96 95/1/95 118/1/118 
f 119/1/119 120/1/120 117/1/117 118/1/118 
f 114/1/114 117/1/117 120/1/120 115/1/115 
f 40/1/40 112/1/112 121/1/121 38/1/38 
f 122/1/122 121/1/121 112/1/112 111/1/111 
f 123/1/123 124/1/124 121/1/121 122/1/122 
f 38/1/38 121/1/121 124/1/124 35/1/35 
f 125/1/125 126/1/126 127/1/127 128/1/128 
f 126/1/126 129/1/129 130/1/130 127/1/127 
f 131/1/131 132/1/132 127/1/127 130/1/130 
f 128/1/128 127/1/127 132/1/132 133/1/133 
f 134/1/134 135/1/135 136/1/136 
f 137/1/137 138/1/138 139/1/139 136/1/136 
f 138/1/138 133/1/133 132/1/132 139/1/139 
f 134/1/134 139/1/139 132/1/132 131/1/131 
f 140/1/140 141/1/141 142/1/142 
f 143/1/143 140/1/140 144/1/144 125/1/125 
f 145/1/145 146/1/146 140/1/140 143/1/143 
f 141/1/141 140/1/140 146/1/146 147/1/147 
f 73/1/73 148/1/148 149/1/149 70/1/70 
f 150/1/150 148/1/148 73/1/73 66/1/66 
f 148/1/148 150/1/150 151/1/151 
f 152/1/152 153/1/153 149/1/149 
f 154/1/154 155/1/155 156/1/156 157/1/157 
f 158/1/158 159/1/159 156/1/156 155/1/155 
f 160/1/160 156/1/156 159/1/159 161/1/161 
f 157/1/157 156/1/156 160/1/160 162/1/162 
f 162/1/162 160/1/160 163/1/163 164/1/164 
f 165/1/165 163/1/163 160/1/160 161/1/161 
f 166/1/166 167/1/167 163/1/163 165/1/165 
f 164/1/164 163/1/163 167/1/167 168/1/168 
f 169/1/169 170/1/170 171/1/171 172/1/172 
f 173/1/173 171/1/171 170/1/170 174/1/174 
f 175/1/175 176/1/176 171/1/171 173/1/173 
f 172/1/172 171/1/171 176/1/176 177/1/177 
f 178/1/178 179/1/179 180/1/180 181/1/181 
f 182/1/182 180/1/180 179/1/179 183/1/183 
f 174/1/174 170/1/170 180/1/180 182/1/182 
f 181/1/181 180/1/180 170/1/170 169/1/169 
f 184/1/184 185/1/185 186/1/186 187/1/187 
f 186/1/186 183/1/183 179/1/179 187/1/187 
f 188/1/188 187/1/187 179/1/179 178/1/178 
f 189/1/189 184/1/184 187/1/187 188/1/188 
f 153/1/153 152/1/152 190/1/190 191/1/191 
f 192/1/192 190/1/190 152/1/152 151/1/151 
f 193/1/193 194/1/194 190/1/190 192/1/192 
f 191/1/191 190/1/190 194/1/194 195/1/195 
f 196/1/196 197/1/197 198/1/198 199/1/199 
f 200/1/200 198/1/198 197/1/197 201/1/201 
f 195/1/195 194/1/194 198/1/198 200/1/200 
f 199/1/199 198/1/198 194/1/194 193/1/193 
f 202/1/202 203/1/203 204/1/204 205/1/205 
f 83/1/83 204/1/204 203/1/203 80/1/80 
f 88/1/88 206/1/206 204/1/204 83/1/83 
f 205/1/205 204/1/204 206/1/206 207/1/207 
f 207/1/207 206/1/206 208/1/208 209/1/209 
f 210/1/210 208/1/208 206/1/206 88/1/88 
f 211/1/211 212/1/212 208/1/208 210/1/210 
f 209/1/209 208/1/208 212/1/212 213/1/213 
f 213/1/213 212/1/212 214/1/214 215/1/215 
f 216/1/216 214/1/214 212/1/212 211/1/211 
f 217/1/217 218/1/218 214/1/214 216/1/216 
f 215/1/215 214/1/214 218/1/218 219/1/219 
f 219/1/219 218/1/218 220/1/220 221/1/221 
f 222/1/222 220/1/220 218/1/218 217/1/217 
f 223/1/223 224/1/224 220/1/220 222/1/222 
f 221/1/221 220/1/220 224/1/224 225/1/225 
f 226/1/226 227/1/227 228/1/228 
f 229/1/229 230/1/230 231/1/231 
f 232/1/232 226/1/226 231/1/231 233/1/233 
f 234/1/234 227/1/227 226/1/226 
f 235/1/235 236/1/236 237/1/237 238/1/238 
f 239/1/239 237/1/237 236/1/236 240/1/240 
f 241/1/241 242/1/242 237/1/237 239/1/239 
f 238/1/238 237/1/237 242/1/242 243/1/243 
f 244/1/244 245/1/245 246/1/246 247/1/247 
f 248/1/248 246/1/246 245/1/245 249/1/249 
f 250/1/250 251/1/251 246/1/246 248/1/248 
f 247/1/247 246/1/246 251/1/251 252/1/252 
f 253/1/253 254/1/254 255/1/255 256/1/256 
f 257/1/257 255/1/255 254/1/254 258/1/258 
f 259/1/259 260/1/260 255/1/255 257/1/257 
f 256/1/256 255/1/255 260/1/260 261/1/261 
f 262/1/262 263/1/263 264/1/264 265/1/265 
f 247/1/247 264/1/264 263/1/263 244/1/244 
f 252/1/252 266/1/266 264/1/264 247/1/247 
f 265/1/265 264/1/264 266/1/266 267/1/267 
f 268/1/268 269/1/269 270/1/270 271/1/271 
f 272/1/272 270/1/270 269/1/269 137/1/137 
f 273/1/273 270/1/270 272/1/272 274/1/274 
f 271/1/271 270/1/270 273/1/273 275/1/275 
f 168/1/168 167/1/167 276/1/276 277/1/277 
f 278/1/278 276/1/276 167/1/167 166/1/166 
f 279/1/279 276/1/276 278/1/278 280/1/280 
f 277/1/277 276/1/276 279/1/279 281/1/281 
f 282/1/282 283/1/283 284/1/284 285/1/285 
f 283/1/283 201/1/201 197/1/197 
f 284/1/284 197/1/197 196/1/196 
f 285/1/285 284/1/284 286/1/286 287/1/287 
f 288/1/288 289/1/289 290/1/290 291/1/291 
f 292/1/292 290/1/290 289/1/289 293/1/293 
f 249/1/249 245/1/245 290/1/290 292/1/292 
f 291/1/291 290/1/290 245/1/245 244/1/244 
f 294/1/294 295/1/295 296/1/296 297/1/297 
f 106/1/106 296/1/296 295/1/295 100/1/100 
f 108/1/108 298/1/298 296/1/296 106/1/106 
f 297/1/297 296/1/296 298/1/298 299/1/299 
f 207/1/207 300/1/300 301/1/301 205/1/205 
f 297/1/297 301/1/301 300/1/300 294/1/294 
f 299/1/299 302/1/302 301/1/301 297/1/297 
f 205/1/205 301/1/301 302/1/302 202/1/202 
f 303/1/303 304/1/304 305/1/305 306/1/306 
f 98/1/98 305/1/305 304/1/304 95/1/95 
f 100/1/100 295/1/295 305/1/305 98/1/98 
f 306/1/306 305/1/305 295/1/295 294/1/294 
f 213/1/213 307/1/307 308/1/308 209/1/209 
f 306/1/306 308/1/308 307/1/307 303/1/303 
f 294/1/294 300/1/300 308/1/308 306/1/306 
f 209/1/209 308/1/308 300/1/300 207/1/207 
f 309/1/309 310/1/310 311/1/311 
f 118/1/118 309/1/309 312/1/312 119/1/119 
f 95/1/95 304/1/304 309/1/309 118/1/118 
f 310/1/310 309/1/309 304/1/304 303/1/303 
f 219/1/219 313/1/313 314/1/314 215/1/215 
f 310/1/310 314/1/314 313/1/313 311/1/311 
f 303/1/303 307/1/307 314/1/314 310/1/310 
f 215/1/215 314/1/314 307/1/307 213/1/213 
f 315/1/315 316/1/316 317/1/317 318/1/318 
f 319/1/319 317/1/317 316/1/316 320/1/320 
f 119/1/119 312/1/312 317/1/317 319/1/319 
f 318/1/318 317/1/317 312/1/312 311/1/311 
f 225/1/225 321/1/321 322/1/322 221/1/221 
f 318/1/318 322/1/322 321/1/321 315/1/315 
f 311/1/311 313/1/313 322/1/322 318/1/318 
f 221/1/221 322/1/322 313/1/313 219/1/219 
f 323/1/323 324/1/324 325/1/325 326/1/326 
f 273/1/273 325/1/325 324/1/324 275/1/275 
f 274/1/274 327/1/327 325/1/325 273/1/273 
f 326/1/326 325/1/325 327/1/327 328/1/328 
f 233/1/233 329/1/329 330/1/330 232/1/232 
f 326/1/326 330/1/330 329/1/329 323/1/323 
f 328/1/328 331/1/331 330/1/330 326/1/326 
f 331/1/331 234/1/234 232/1/232 
f 185/1/185 184/1/184 332/1/332 333/1/333 
f 334/1/334 332/1/332 184/1/184 189/1/189 
f 335/1/335 336/1/336 332/1/332 334/1/334 
f 333/1/333 332/1/332 336/1/336 337/1/337 
f 238/1/238 338/1/338 339/1/339 235/1/235 
f 340/1/340 338/1/338 238/1/238 243/1/243 
f 337/1/337 336/1/336 338/1/338 340/1/340 
f 339/1/339 338/1/338 336/1/336 335/1/335 
f 341/1/341 342/1/342 282/1/282 
f 343/1/343 341/1/341 285/1/285 287/1/287 
f 293/1/293 289/1/289 341/1/341 343/1/343 
f 342/1/342 341/1/341 289/1/289 288/1/288 
f 244/1/244 263/1/263 344/1/344 291/1/291 
f 345/1/345 344/1/344 263/1/263 262/1/262 
f 346/1/346 347/1/347 344/1/344 345/1/345 
f 291/1/291 344/1/344 347/1/347 288/1/288 
f 348/1/348 349/1/349 350/1/350 351/1/351 
f 352/1/352 350/1/350 349/1/349 353/1/353 
f 354/1/354 355/1/355 350/1/350 352/1/352 
f 351/1/351 350/1/350 355/1/355 356/1/356 
f 357/1/357 358/1/358 359/1/359 360/1/360 
f 361/1/361 359/1/359 358/1/358 362/1/362 
f 363/1/363 364/1/364 359/1/359 361/1/361 
f 360/1/360 359/1/359 364/1/364 365/1/365 
f 366/1/366 367/1/367 368/1/368 369/1/369 
f 360/1/360 368/1/368 367/1/367 357/1/357 
f 365/1/365 370/1/370 368/1/368 360/1/360 
f 369/1/369 368/1/368 370/1/370 371/1/371 
f 353/1/353 349/1/349 372/1/372 373/1/373 
f 374/1/374 372/1/372 349/1/349 348/1/348 
f 375/1/375 376/1/376 372/1/372 374/1/374 
f 373/1/373 372/1/372 376/1/376 377/1/377 
f 353/1/353 378/1/378 379/1/379 352/1/352 
f 380/1/380 379/1/379 378/1/378 381/1/381 
f 382/1/382 383/1/383 379/1/379 380/1/380 
f 352/1/352 379/1/379 383/1/383 354/1/354 
f 384/1/384 385/1/385 363/1/363 
f 383/1/383 384/1/384 386/1/386 354/1/354 
f 382/1/382 387/1/387 384/1/384 383/1/383 
f 385/1/385 384/1/384 387/1/387 388/1/388 
f 365/1/365 364/1/364 389/1/389 390/1/390 
f 385/1/385 389/1/389 364/1/364 363/1/363 
f 389/1/389 385/1/385 388/1/388 
f 390/1/390 389/1/389 391/1/391 392/1/392 
f 371/1/371 370/1/370 393/1/393 394/1/394 
f 390/1/390 393/1/393 370/1/370 365/1/365 
f 392/1/392 395/1/395 393/1/393 390/1/390 
f 394/1/394 393/1/393 395/1/395 396/1/396 
f 371/1/371 394/1/394 397/1/397 398/1/398 
f 399/1/399 397/1/397 394/1/394 396/1/396 
f 400/1/400 401/1/401 397/1/397 399/1/399 
f 398/1/398 397/1/397 401/1/401 377/1/377 
f 381/1/381 378/1/378 402/1/402 403/1/403 
f 373/1/373 402/1/402 378/1/378 353/1/353 
f 377/1/377 401/1/401 402/1/402 373/1/373 
f 381/1/381 404/1/404 405/1/405 380/1/380 
f 406/1/406 405/1/405 404/1/404 407/1/407 
f 408/1/408 409/1/409 405/1/405 406/1/406 
f 380/1/380 405/1/405 409/1/409 382/1/382 
f 382/1/382 409/1/409 410/1/410 387/1/387 
f 411/1/411 410/1/410 409/1/409 408/1/408 
f 412/1/412 413/1/413 410/1/410 411/1/411 
f 413/1/413 388/1/388 387/1/387 410/1/410 
f 392/1/392 391/1/391 414/1/414 415/1/415 
f 413/1/413 414/1/414 391/1/391 388/1/388 
f 412/1/412 416/1/416 414/1/414 413/1/413 
f 415/1/415 414/1/414 416/1/416 417/1/417 
f 396/1/396 395/1/395 418/1/418 419/1/419 
f 415/1/415 418/1/418 395/1/395 392/1/392 
f 417/1/417 420/1/420 418/1/418 415/1/415 
f 419/1/419 418/1/418 420/1/420 421/1/421 
f 399/1/399 422/1/422 423/1/423 400/1/400 
f 419/1/419 422/1/422 399/1/399 396/1/396 
f 421/1/421 424/1/424 422/1/422 419/1/419 
f 424/1/424 425/1/425 423/1/423 422/1/422 
f 407/1/407 404/1/404 426/1/426 427/1/427 
f 403/1/403 426/1/426 404/1/404 381/1/381 
f 426/1/426 403/1/403 400/1/400 
f 427/1/427 426/1/426 423/1/423 425/1/425 
f 428/1/428 429/1/429 430/1/430 431/1/431 
f 432/1/432 430/1/430 429/1/429 433/1/433 
f 434/1/434 435/1/435 430/1/430 432/1/432 
f 431/1/431 430/1/430 435/1/435 436/1/436 
f 437/1/437 438/1/438 439/1/439 
f 440/1/440 437/1/437 441/1/441 442/1/442 
f 428/1/428 443/1/443 437/1/437 440/1/440 
f 438/1/438 437/1/437 443/1/443 444/1/444 
f 445/1/445 446/1/446 447/1/447 448/1/448 
f 438/1/438 447/1/447 446/1/446 439/1/439 
f 444/1/444 449/1/449 447/1/447 438/1/438 
f 450/1/450 448/1/448 447/1/447 
f 445/1/445 448/1/448 451/1/451 452/1/452 
f 453/1/453 451/1/451 448/1/448 450/1/450 
f 454/1/454 455/1/455 451/1/451 453/1/453 
f 452/1/452 451/1/451 455/1/455 456/1/456 
f 456/1/456 455/1/455 457/1/457 458/1/458 
f 459/1/459 457/1/457 455/1/455 454/1/454 
f 460/1/460 461/1/461 457/1/457 459/1/459 
f 458/1/458 457/1/457 461/1/461 462/1/462 
f 463/1/463 464/1/464 465/1/465 
f 466/1/466 462/1/462 461/1/461 463/1/463 
f 467/1/467 463/1/463 461/1/461 460/1/460 
f 464/1/464 463/1/463 467/1/467 433/1/433 
f 433/1/433 429/1/429 468/1/468 464/1/464 
f 440/1/440 468/1/468 429/1/429 428/1/428 
f 442/1/442 469/1/469 468/1/468 
f 465/1/465 464/1/464 468/1/468 469/1/469 
f 408/1/408 470/1/470 471/1/471 411/1/411 
f 472/1/472 471/1/471 470/1/470 473/1/473 
f 474/1/474 471/1/471 472/1/472 475/1/475 
f 411/1/411 471/1/471 474/1/474 412/1/412 
f 475/1/475 476/1/476 477/1/477 474/1/474 
f 478/1/478 477/1/477 476/1/476 479/1/479 
f 417/1/417 416/1/416 477/1/477 478/1/478 
f 474/1/474 477/1/477 416/1/416 412/1/412 
f 421/1/421 420/1/420 480/1/480 481/1/481 
f 478/1/478 480/1/480 420/1/420 417/1/417 
f 479/1/479 482/1/482 480/1/480 478/1/478 
f 481/1/481 480/1/480 482/1/482 483/1/483 
f 425/1/425 424/1/424 484/1/484 485/1/485 
f 481/1/481 484/1/484 424/1/424 421/1/421 
f 483/1/483 486/1/486 484/1/484 481/1/481 
f 485/1/485 484/1/484 486/1/486 487/1/487 
f 425/1/425 485/1/485 488/1/488 427/1/427 
f 485/1/485 487/1/487 489/1/489 488/1/488 
f 490/1/490 491/1/491 488/1/488 489/1/489 
f 427/1/427 488/1/488 491/1/491 407/1/407 
f 473/1/473 470/1/470 492/1/492 493/1/493 
f 406/1/406 492/1/492 470/1/470 408/1/408 
f 407/1/407 491/1/491 492/1/492 406/1/406 
f 493/1/493 492/1/492 491/1/491 490/1/490 
f 475/1/475 472/1/472 494/1/494 495/1/495 
f 496/1/496 494/1/494 472/1/472 473/1/473 
f 494/1/494 496/1/496 497/1/497 
f 495/1/495 494/1/494 498/1/498 499/1/499 
f 439/1/439 446/1/446 500/1/500 501/1/501 
f 502/1/502 500/1/500 446/1/446 445/1/445 
f 503/1/503 504/1/504 500/1/500 502/1/502 
f 501/1/501 500/1/500 504/1/504 505/1/505 
f 506/1/506 507/1/507 508/1/508 509/1/509 
f 507/1/507 499/1/499 510/1/510 
f 508/1/508 510/1/510 503/1/503 
f 511/1/511 512/1/512 509/1/509 
f 479/1/479 476/1/476 513/1/513 514/1/514 
f 495/1/495 513/1/513 476/1/476 475/1/475 
f 499/1/499 507/1/507 513/1/513 495/1/495 
f 514/1/514 513/1/513 507/1/507 506/1/506 
f 502/1/502 515/1/515 511/1/511 503/1/503 
f 445/1/445 452/1/452 515/1/515 502/1/502 
f 516/1/516 515/1/515 452/1/452 456/1/456 
f 511/1/511 515/1/515 516/1/516 512/1/512 
f 483/1/483 482/1/482 517/1/517 518/1/518 
f 514/1/514 517/1/517 482/1/482 479/1/479 
f 506/1/506 519/1/519 517/1/517 514/1/514 
f 518/1/518 517/1/517 519/1/519 520/1/520 
f 487/1/487 486/1/486 521/1/521 522/1/522 
f 518/1/518 521/1/521 486/1/486 483/1/483 
f 520/1/520 523/1/523 521/1/521 518/1/518 
f 522/1/522 521/1/521 523/1/523 524/1/524 
f 525/1/525 505/1/505 504/1/504 
f 503/1/503 510/1/510 526/1/526 504/1/504 
f 526/1/526 510/1/510 499/1/499 
f 498/1/498 497/1/497 525/1/525 
f 527/1/527 528/1/528 529/1/529 530/1/530 
f 516/1/516 529/1/529 528/1/528 512/1/512 
f 456/1/456 458/1/458 529/1/529 516/1/516 
f 530/1/530 529/1/529 458/1/458 462/1/462 
f 531/1/531 532/1/532 533/1/533 
f 534/1/534 531/1/531 535/1/535 536/1/536 
f 527/1/527 537/1/537 531/1/531 534/1/534 
f 537/1/537 538/1/538 532/1/532 
f 539/1/539 540/1/540 538/1/538 
f 530/1/530 539/1/539 537/1/537 527/1/527 
f 530/1/530 462/1/462 466/1/466 539/1/539 
f 466/1/466 465/1/465 540/1/540 
f 540/1/540 541/1/541 542/1/542 538/1/538 
f 540/1/540 465/1/465 469/1/469 
f 442/1/442 543/1/543 541/1/541 469/1/469 
f 543/1/543 544/1/544 542/1/542 
f 442/1/442 441/1/441 545/1/545 543/1/543 
f 441/1/441 439/1/439 501/1/501 
f 505/1/505 546/1/546 545/1/545 501/1/501 
f 543/1/543 545/1/545 546/1/546 544/1/544 
f 547/1/547 548/1/548 544/1/544 
f 549/1/549 547/1/547 546/1/546 505/1/505 
f 550/1/550 551/1/551 547/1/547 549/1/549 
f 548/1/548 547/1/547 551/1/551 552/1/552 
f 552/1/552 551/1/551 553/1/553 554/1/554 
f 555/1/555 553/1/553 551/1/551 550/1/550 
f 556/1/556 557/1/557 553/1/553 555/1/555 
f 554/1/554 553/1/553 557/1/557 558/1/558 
f 559/1/559 560/1/560 561/1/561 
f 559/1/559 562/1/562 563/1/563 
f 564/1/564 560/1/560 559/1/559 565/1/565 
f 564/1/564 566/1/566 567/1/567 560/1/560 
f 554/1/554 567/1/567 566/1/566 552/1/552 
f 558/1/558 568/1/568 567/1/567 554/1/554 
f 560/1/560 567/1/567 568/1/568 561/1/561 
f 569/1/569 570/1/570 571/1/571 572/1/572 
f 570/1/570 573/1/573 574/1/574 
f 571/1/571 574/1/574 575/1/575 
f 572/1/572 571/1/571 576/1/576 577/1/577 
f 578/1/578 579/1/579 580/1/580 581/1/581 
f 578/1/578 563/1/563 582/1/582 
f 572/1/572 579/1/579 582/1/582 569/1/569 
f 577/1/577 580/1/580 579/1/579 572/1/572 
f 581/1/581 580/1/580 583/1/583 584/1/584 
f 585/1/585 583/1/583 580/1/580 577/1/577 
f 586/1/586 587/1/587 583/1/583 585/1/585 
f 584/1/584 583/1/583 587/1/587 588/1/588 
f 589/1/589 590/1/590 591/1/591 592/1/592 
f 593/1/593 591/1/591 590/1/590 594/1/594 
f 593/1/593 533/1/533 532/1/532 591/1/591 
f 532/1/532 538/1/538 592/1/592 
f 595/1/595 596/1/596 597/1/597 
f 592/1/592 595/1/595 598/1/598 589/1/589 
f 538/1/538 542/1/542 595/1/595 592/1/592 
f 596/1/596 595/1/595 542/1/542 544/1/544 
f 599/1/599 600/1/600 598/1/598 597/1/597 
f 599/1/599 601/1/601 602/1/602 600/1/600 
f 589/1/589 598/1/598 600/1/600 602/1/602 
f 603/1/603 604/1/604 597/1/597 
f 548/1/548 603/1/603 596/1/596 544/1/544 
f 552/1/552 566/1/566 603/1/603 548/1/548 
f 604/1/604 603/1/603 566/1/566 564/1/564 
f 605/1/605 604/1/604 564/1/564 
f 565/1/565 563/1/563 606/1/606 
f 606/1/606 607/1/607 608/1/608 
f 604/1/604 605/1/605 608/1/608 597/1/597 
f 609/1/609 610/1/610 608/1/608 607/1/607 
f 611/1/611 610/1/610 609/1/609 612/1/612 
f 601/1/601 599/1/599 610/1/610 611/1/611 
f 608/1/608 610/1/610 599/1/599 597/1/597 
f 607/1/607 606/1/606 613/1/613 614/1/614 
f 578/1/578 613/1/613 606/1/606 563/1/563 
f 581/1/581 615/1/615 613/1/613 578/1/578 
f 614/1/614 613/1/613 615/1/615 616/1/616 
f 617/1/617 618/1/618 619/1/619 620/1/620 
f 614/1/614 619/1/619 618/1/618 607/1/607 
f 616/1/616 621/1/621 619/1/619 614/1/614 
f 620/1/620 619/1/619 621/1/621 622/1/622 
f 623/1/623 624/1/624 625/1/625 626/1/626 
f 624/1/624 588/1/588 627/1/627 
f 628/1/628 625/1/625 627/1/627 629/1/629 
f 630/1/630 626/1/626 625/1/625 628/1/628 
f 631/1/631 632/1/632 616/1/616 
f 584/1/584 631/1/631 615/1/615 581/1/581 
f 631/1/631 584/1/584 588/1/588 
f 623/1/623 632/1/632 631/1/631 624/1/624 
f 630/1/630 628/1/628 633/1/633 634/1/634 
f 629/1/629 635/1/635 633/1/633 628/1/628 
f 636/1/636 633/1/633 635/1/635 612/1/612 
f 637/1/637 634/1/634 633/1/633 636/1/636 
f 638/1/638 639/1/639 640/1/640 641/1/641 
f 622/1/622 621/1/621 640/1/640 639/1/639 
f 621/1/621 616/1/616 632/1/632 
f 641/1/641 640/1/640 632/1/632 623/1/623 
f 612/1/612 609/1/609 642/1/642 636/1/636 
f 618/1/618 642/1/642 609/1/609 607/1/607 
f 617/1/617 643/1/643 642/1/642 618/1/618 
f 636/1/636 642/1/642 643/1/643 637/1/637 
f 644/1/644 645/1/645 637/1/637 
f 643/1/643 617/1/617 620/1/620 
f 622/1/622 639/1/639 644/1/644 620/1/620 
f 645/1/645 644/1/644 639/1/639 638/1/638 
f 646/1/646 645/1/645 638/1/638 
f 641/1/641 623/1/623 626/1/626 
f 646/1/646 626/1/626 630/1/630 
f 634/1/634 637/1/637 645/1/645 
f 647/1/647 648/1/648 649/1/649 650/1/650 
f 77/1/77 649/1/649 648/1/648 74/1/74 
f 59/1/59 71/1/71 649/1/649 77/1/77 
f 650/1/650 649/1/649 71/1/71 70/1/70 
f 70/1/70 149/1/149 651/1/651 650/1/650 
f 652/1/652 651/1/651 149/1/149 153/1/153 
f 653/1/653 654/1/654 651/1/651 652/1/652 
f 650/1/650 651/1/651 654/1/654 647/1/647 
f 647/1/647 654/1/654 655/1/655 656/1/656 
f 657/1/657 655/1/655 654/1/654 653/1/653 
f 658/1/658 659/1/659 655/1/655 657/1/657 
f 656/1/656 655/1/655 659/1/659 660/1/660 
f 652/1/652 661/1/661 662/1/662 653/1/653 
f 191/1/191 661/1/661 652/1/652 153/1/153 
f 195/1/195 663/1/663 661/1/661 191/1/191 
f 664/1/664 662/1/662 661/1/661 663/1/663 
f 658/1/658 657/1/657 665/1/665 666/1/666 
f 653/1/653 662/1/662 665/1/665 657/1/657 
f 664/1/664 667/1/667 665/1/665 662/1/662 
f 666/1/666 665/1/665 667/1/667 668/1/668 
f 663/1/663 669/1/669 670/1/670 664/1/664 
f 200/1/200 669/1/669 663/1/663 195/1/195 
f 200/1/200 201/1/201 671/1/671 
f 669/1/669 671/1/671 672/1/672 
f 667/1/667 664/1/664 670/1/670 673/1/673 
f 674/1/674 673/1/673 670/1/670 672/1/672 
f 675/1/675 673/1/673 674/1/674 676/1/676 
f 668/1/668 667/1/667 673/1/673 675/1/675 
f 677/1/677 678/1/678 679/1/679 680/1/680 
f 679/1/679 678/1/678 282/1/282 
f 288/1/288 347/1/347 679/1/679 342/1/342 
f 680/1/680 679/1/679 347/1/347 346/1/346 
f 681/1/681 678/1/678 677/1/677 
f 682/1/682 672/1/672 671/1/671 
f 681/1/681 671/1/671 201/1/201 
f 283/1/283 282/1/282 678/1/678 
f 672/1/672 682/1/682 683/1/683 674/1/674 
f 677/1/677 684/1/684 683/1/683 682/1/682 
f 685/1/685 683/1/683 684/1/684 686/1/686 
f 676/1/676 674/1/674 683/1/683 685/1/685 
f 74/1/74 648/1/648 687/1/687 688/1/688 
f 656/1/656 687/1/687 648/1/648 647/1/647 
f 660/1/660 689/1/689 687/1/687 656/1/656 
f 688/1/688 687/1/687 689/1/689 690/1/690 
f 688/1/688 690/1/690 691/1/691 692/1/692 
f 693/1/693 692/1/692 691/1/691 694/1/694 
f 79/1/79 75/1/75 692/1/692 693/1/693 
f 688/1/688 692/1/692 75/1/75 74/1/74 
f 695/1/695 696/1/696 697/1/697 698/1/698 
f 699/1/699 696/1/696 695/1/695 700/1/700 
f 694/1/694 691/1/691 696/1/696 699/1/699 
f 697/1/697 696/1/696 691/1/691 690/1/690 
f 701/1/701 702/1/702 689/1/689 660/1/660 
f 703/1/703 704/1/704 702/1/702 701/1/701 
f 689/1/689 702/1/702 704/1/704 690/1/690 
f 698/1/698 697/1/697 705/1/705 706/1/706 
f 705/1/705 697/1/697 690/1/690 
f 707/1/707 705/1/705 704/1/704 703/1/703 
f 706/1/706 705/1/705 707/1/707 708/1/708 
f 709/1/709 710/1/710 711/1/711 712/1/712 
f 701/1/701 710/1/710 709/1/709 703/1/703 
f 660/1/660 659/1/659 710/1/710 701/1/701 
f 711/1/711 710/1/710 659/1/659 658/1/658 
f 713/1/713 714/1/714 715/1/715 716/1/716 
f 706/1/706 715/1/715 714/1/714 698/1/698 
f 708/1/708 717/1/717 715/1/715 706/1/706 
f 716/1/716 715/1/715 717/1/717 718/1/718 
f 718/1/718 719/1/719 720/1/720 716/1/716 
f 10/1/10 720/1/720 719/1/719 11/1/11 
f 7/1/7 721/1/721 720/1/720 10/1/10 
f 716/1/716 720/1/720 721/1/721 713/1/713 
f 722/1/722 723/1/723 724/1/724 725/1/725 
f 708/1/708 707/1/707 725/1/725 724/1/724 
f 703/1/703 709/1/709 725/1/725 707/1/707 
f 709/1/709 712/1/712 722/1/722 725/1/725 
f 724/1/724 726/1/726 717/1/717 708/1/708 
f 723/1/723 727/1/727 726/1/726 724/1/724 
f 718/1/718 717/1/717 726/1/726 727/1/727 
f 11/1/11 719/1/719 728/1/728 103/1/103 
f 729/1/729 728/1/728 719/1/719 718/1/718 
f 730/1/730 731/1/731 728/1/728 729/1/729 
f 104/1/104 103/1/103 728/1/728 731/1/731 
f 712/1/712 711/1/711 732/1/732 733/1/733 
f 666/1/666 732/1/732 711/1/711 658/1/658 
f 668/1/668 734/1/734 732/1/732 666/1/666 
f 733/1/733 732/1/732 734/1/734 735/1/735 
f 736/1/736 730/1/730 729/1/729 737/1/737 
f 727/1/727 737/1/737 729/1/729 718/1/718 
f 723/1/723 738/1/738 737/1/737 727/1/727 
f 736/1/736 737/1/737 738/1/738 739/1/739 
f 739/1/739 738/1/738 740/1/740 741/1/741 
f 722/1/722 740/1/740 738/1/738 723/1/723 
f 733/1/733 740/1/740 722/1/722 712/1/712 
f 741/1/741 740/1/740 733/1/733 735/1/735 
f 735/1/735 734/1/734 742/1/742 743/1/743 
f 675/1/675 742/1/742 734/1/734 668/1/668 
f 676/1/676 744/1/744 742/1/742 675/1/675 
f 743/1/743 742/1/742 744/1/744 745/1/745 
f 735/1/735 743/1/743 746/1/746 741/1/741 
f 747/1/747 746/1/746 743/1/743 745/1/745 
f 748/1/748 749/1/749 746/1/746 747/1/747 
f 741/1/741 746/1/746 749/1/749 739/1/739 
f 730/1/730 736/1/736 750/1/750 751/1/751 
f 749/1/749 750/1/750 736/1/736 739/1/739 
f 752/1/752 750/1/750 749/1/749 748/1/748 
f 752/1/752 753/1/753 751/1/751 750/1/750 
f 108/1/108 107/1/107 754/1/754 755/1/755 
f 731/1/731 754/1/754 107/1/107 104/1/104 
f 730/1/730 751/1/751 754/1/754 731/1/731 
f 755/1/755 754/1/754 751/1/751 753/1/753 
f 756/1/756 757/1/757 758/1/758 759/1/759 
f 747/1/747 758/1/758 757/1/757 748/1/748 
f 745/1/745 760/1/760 758/1/758 747/1/747 
f 759/1/759 758/1/758 760/1/760 761/1/761 
f 745/1/745 744/1/744 762/1/762 760/1/760 
f 685/1/685 762/1/762 744/1/744 676/1/676 
f 686/1/686 763/1/763 762/1/762 685/1/685 
f 760/1/760 762/1/762 763/1/763 761/1/761 
f 748/1/748 757/1/757 764/1/764 752/1/752 
f 765/1/765 764/1/764 757/1/757 756/1/756 
f 752/1/752 764/1/764 765/1/765 753/1/753 
f 686/1/686 684/1/684 766/1/766 767/1/767 
f 680/1/680 766/1/766 684/1/684 677/1/677 
f 346/1/346 768/1/768 766/1/766 680/1/680 
f 767/1/767 766/1/766 768/1/768 769/1/769 
f 299/1/299 298/1/298 770/1/770 771/1/771 
f 755/1/755 770/1/770 298/1/298 108/1/108 
f 753/1/753 772/1/772 770/1/770 755/1/755 
f 771/1/771 770/1/770 772/1/772 773/1/773 
f 767/1/767 774/1/774 763/1/763 686/1/686 
f 774/1/774 767/1/767 769/1/769 
f 761/1/761 763/1/763 774/1/774 775/1/775 
f 773/1/773 772/1/772 776/1/776 777/1/777 
f 765/1/765 776/1/776 772/1/772 753/1/753 
f 756/1/756 778/1/778 776/1/776 765/1/765 
f 777/1/777 776/1/776 778/1/778 779/1/779 
f 779/1/779 778/1/778 780/1/780 781/1/781 
f 759/1/759 780/1/780 778/1/778 756/1/756 
f 761/1/761 775/1/775 780/1/780 759/1/759 
f 781/1/781 780/1/780 775/1/775 769/1/769 
f 769/1/769 768/1/768 782/1/782 783/1/783 
f 345/1/345 782/1/782 768/1/768 346/1/346 
f 262/1/262 784/1/784 782/1/782 345/1/345 
f 783/1/783 782/1/782 784/1/784 785/1/785 
f 202/1/202 302/1/302 786/1/786 787/1/787 
f 771/1/771 786/1/786 302/1/302 299/1/299 
f 773/1/773 788/1/788 786/1/786 771/1/771 
f 787/1/787 786/1/786 788/1/788 789/1/789 
f 789/1/789 788/1/788 790/1/790 791/1/791 
f 777/1/777 790/1/790 788/1/788 773/1/773 
f 779/1/779 792/1/792 790/1/790 777/1/777 
f 791/1/791 790/1/790 792/1/792 793/1/793 
f 793/1/793 792/1/792 794/1/794 795/1/795 
f 781/1/781 794/1/794 792/1/792 779/1/779 
f 769/1/769 783/1/783 794/1/794 781/1/781 
f 795/1/795 794/1/794 783/1/783 785/1/785 
f 796/1/796 785/1/785 784/1/784 797/1/797 
f 265/1/265 797/1/797 784/1/784 262/1/262 
f 267/1/267 798/1/798 797/1/797 265/1/265 
f 799/1/799 796/1/796 797/1/797 798/1/798 
f 80/1/80 203/1/203 800/1/800 801/1/801 
f 787/1/787 800/1/800 203/1/203 202/1/202 
f 789/1/789 802/1/802 800/1/800 787/1/787 
f 801/1/801 800/1/800 802/1/802 803/1/803 
f 803/1/803 802/1/802 804/1/804 805/1/805 
f 791/1/791 804/1/804 802/1/802 789/1/789 
f 793/1/793 806/1/806 804/1/804 791/1/791 
f 805/1/805 804/1/804 806/1/806 807/1/807 
f 807/1/807 806/1/806 808/1/808 809/1/809 
f 795/1/795 808/1/808 806/1/806 793/1/793 
f 785/1/785 796/1/796 808/1/808 795/1/795 
f 809/1/809 808/1/808 796/1/796 799/1/799 
f 81/1/81 810/1/810 811/1/811 85/1/85 
f 801/1/801 810/1/810 81/1/81 80/1/80 
f 803/1/803 812/1/812 810/1/810 801/1/801 
f 811/1/811 810/1/810 812/1/812 813/1/813 
f 496/1/496 814/1/814 815/1/815 497/1/497 
f 496/1/496 473/1/473 493/1/493 
f 814/1/814 493/1/493 490/1/490 
f 815/1/815 814/1/814 816/1/816 817/1/817 
f 818/1/818 819/1/819 820/1/820 821/1/821 
f 555/1/555 820/1/820 819/1/819 556/1/556 
f 550/1/550 822/1/822 820/1/820 555/1/555 
f 821/1/821 820/1/820 822/1/822 817/1/817 
f 823/1/823 816/1/816 490/1/490 
f 522/1/522 823/1/823 489/1/489 487/1/487 
f 524/1/524 824/1/824 823/1/823 522/1/522 
f 816/1/816 823/1/823 824/1/824 817/1/817 
f 549/1/549 825/1/825 822/1/822 550/1/550 
f 525/1/525 825/1/825 549/1/549 505/1/505 
f 497/1/497 815/1/815 825/1/825 525/1/525 
f 822/1/822 825/1/825 815/1/815 817/1/817 
f 826/1/826 827/1/827 828/1/828 
f 829/1/829 817/1/817 830/1/830 
f 826/1/826 830/1/830 831/1/831 
f 832/1/832 833/1/833 827/1/827 
f 833/1/833 832/1/832 834/1/834 835/1/835 
f 836/1/836 834/1/834 832/1/832 831/1/831 
f 837/1/837 838/1/838 834/1/834 836/1/836 
f 838/1/838 839/1/839 835/1/835 
f 840/1/840 841/1/841 842/1/842 843/1/843 
f 844/1/844 842/1/842 841/1/841 845/1/845 
f 846/1/846 847/1/847 842/1/842 844/1/844 
f 848/1/848 843/1/843 842/1/842 847/1/847 
f 849/1/849 850/1/850 851/1/851 852/1/852 
f 853/1/853 851/1/851 850/1/850 854/1/854 
f 855/1/855 856/1/856 851/1/851 853/1/853 
f 852/1/852 851/1/851 856/1/856 857/1/857 
f 857/1/857 856/1/856 858/1/858 859/1/859 
f 860/1/860 858/1/858 856/1/856 855/1/855 
f 861/1/861 862/1/862 858/1/858 860/1/860 
f 859/1/859 858/1/858 862/1/862 863/1/863 
f 864/1/864 865/1/865 866/1/866 867/1/867 
f 852/1/852 866/1/866 865/1/865 849/1/849 
f 857/1/857 868/1/868 866/1/866 852/1/852 
f 867/1/867 866/1/866 868/1/868 869/1/869 
f 870/1/870 871/1/871 872/1/872 
f 867/1/867 870/1/870 873/1/873 864/1/864 
f 870/1/870 867/1/867 869/1/869 
f 871/1/871 870/1/870 874/1/874 875/1/875 
f 869/1/869 868/1/868 876/1/876 877/1/877 
f 859/1/859 876/1/876 868/1/868 857/1/857 
f 863/1/863 878/1/878 876/1/876 859/1/859 
f 877/1/877 876/1/876 878/1/878 879/1/879 
f 879/1/879 878/1/878 880/1/880 881/1/881 
f 882/1/882 880/1/880 878/1/878 863/1/863 
f 85/1/85 811/1/811 880/1/880 882/1/882 
f 881/1/881 880/1/880 811/1/811 813/1/813 
f 883/1/883 884/1/884 885/1/885 886/1/886 
f 887/1/887 885/1/885 884/1/884 888/1/888 
f 872/1/872 889/1/889 885/1/885 887/1/887 
f 886/1/886 885/1/885 889/1/889 890/1/890 
f 813/1/813 812/1/812 891/1/891 892/1/892 
f 805/1/805 891/1/891 812/1/812 803/1/803 
f 807/1/807 893/1/893 891/1/891 805/1/805 
f 892/1/892 891/1/891 893/1/893 894/1/894 
f 895/1/895 896/1/896 897/1/897 898/1/898 
f 895/1/895 799/1/799 798/1/798 
f 899/1/899 896/1/896 798/1/798 267/1/267 
f 897/1/897 896/1/896 899/1/899 900/1/900 
f 894/1/894 893/1/893 901/1/901 902/1/902 
f 809/1/809 901/1/901 893/1/893 807/1/807 
f 799/1/799 895/1/895 901/1/901 809/1/809 
f 902/1/902 901/1/901 895/1/895 898/1/898 
f 903/1/903 897/1/897 900/1/900 
f 574/1/574 903/1/903 904/1/904 575/1/575 
f 905/1/905 903/1/903 574/1/574 573/1/573 
f 903/1/903 905/1/905 898/1/898 
f 906/1/906 907/1/907 879/1/879 
f 892/1/892 906/1/906 881/1/881 813/1/813 
f 894/1/894 908/1/908 906/1/906 892/1/892 
f 908/1/908 909/1/909 907/1/907 
f 910/1/910 911/1/911 875/1/875 
f 874/1/874 869/1/869 877/1/877 
f 879/1/879 907/1/907 910/1/910 877/1/877 
f 907/1/907 909/1/909 911/1/911 
f 890/1/890 889/1/889 912/1/912 913/1/913 
f 871/1/871 912/1/912 889/1/889 872/1/872 
f 875/1/875 911/1/911 912/1/912 871/1/871 
f 911/1/911 909/1/909 913/1/913 
f 914/1/914 915/1/915 916/1/916 
f 916/1/916 917/1/917 918/1/918 
f 913/1/913 919/1/919 918/1/918 890/1/890 
f 919/1/919 913/1/913 909/1/909 
f 915/1/915 914/1/914 920/1/920 921/1/921 
f 922/1/922 920/1/920 914/1/914 909/1/909 
f 920/1/920 922/1/922 923/1/923 
f 921/1/921 920/1/920 924/1/924 925/1/925 
f 923/1/923 926/1/926 927/1/927 924/1/924 
f 905/1/905 927/1/927 926/1/926 898/1/898 
f 573/1/573 928/1/928 927/1/927 905/1/905 
f 924/1/924 927/1/927 928/1/928 925/1/925 
f 902/1/902 929/1/929 908/1/908 894/1/894 
f 898/1/898 926/1/926 929/1/929 902/1/902 
f 923/1/923 922/1/922 929/1/929 926/1/926 
f 922/1/922 909/1/909 908/1/908 
f 436/1/436 930/1/930 931/1/931 431/1/431 
f 932/1/932 933/1/933 931/1/931 930/1/930 
f 444/1/444 443/1/443 931/1/931 933/1/933 
f 431/1/431 931/1/931 443/1/443 428/1/428 
f 934/1/934 935/1/935 936/1/936 937/1/937 
f 434/1/434 432/1/432 936/1/936 935/1/935 
f 433/1/433 467/1/467 936/1/936 432/1/432 
f 460/1/460 937/1/937 936/1/936 467/1/467 
f 938/1/938 939/1/939 940/1/940 941/1/941 
f 453/1/453 940/1/940 939/1/939 454/1/454 
f 450/1/450 942/1/942 940/1/940 453/1/453 
f 941/1/941 940/1/940 942/1/942 943/1/943 
f 449/1/449 944/1/944 942/1/942 450/1/450 
f 933/1/933 944/1/944 449/1/449 444/1/444 
f 932/1/932 945/1/945 944/1/944 933/1/933 
f 942/1/942 944/1/944 945/1/945 943/1/943 
f 934/1/934 937/1/937 946/1/946 947/1/947 
f 459/1/459 946/1/946 937/1/937 460/1/460 
f 454/1/454 939/1/939 946/1/946 459/1/459 
f 947/1/947 946/1/946 939/1/939 938/1/938 
f 948/1/948 949/1/949 950/1/950 951/1/951 
f 947/1/947 950/1/950 949/1/949 934/1/934 
f 938/1/938 941/1/941 950/1/950 947/1/947 
f 950/1/950 941/1/941 943/1/943 
f 932/1/932 930/1/930 952/1/952 945/1/945 
f 952/1/952 930/1/930 436/1/436 
f 952/1/952 953/1/953 948/1/948 
f 945/1/945 952/1/952 951/1/951 943/1/943 
f 948/1/948 953/1/953 954/1/954 949/1/949 
f 436/1/436 435/1/435 954/1/954 
f 434/1/434 935/1/935 954/1/954 435/1/435 
f 949/1/949 954/1/954 935/1/935 934/1/934 
f 374/1/374 955/1/955 956/1/956 375/1/375 
f 351/1/351 955/1/955 374/1/374 348/1/348 
f 356/1/356 957/1/957 955/1/955 351/1/351 
f 956/1/956 955/1/955 957/1/957 362/1/362 
f 362/1/362 957/1/957 958/1/958 361/1/361 
f 356/1/356 355/1/355 958/1/958 957/1/957 
f 354/1/354 386/1/386 958/1/958 355/1/355 
f 361/1/361 958/1/958 386/1/386 363/1/363 
f 357/1/357 367/1/367 959/1/959 358/1/358 
f 960/1/960 959/1/959 367/1/367 366/1/366 
f 959/1/959 960/1/960 375/1/375 
f 362/1/362 358/1/358 959/1/959 956/1/956 
f 366/1/366 369/1/369 961/1/961 960/1/960 
f 398/1/398 961/1/961 369/1/369 371/1/371 
f 377/1/377 376/1/376 961/1/961 398/1/398 
f 960/1/960 961/1/961 376/1/376 375/1/375 
f 890/1/890 918/1/918 962/1/962 886/1/886 
f 963/1/963 962/1/962 918/1/918 917/1/917 
f 964/1/964 965/1/965 962/1/962 963/1/963 
f 886/1/886 962/1/962 965/1/965 883/1/883 
f 556/1/556 819/1/819 966/1/966 967/1/967 
f 968/1/968 966/1/966 819/1/819 818/1/818 
f 969/1/969 970/1/970 966/1/966 968/1/968 
f 967/1/967 966/1/966 970/1/970 971/1/971 
f 972/1/972 973/1/973 974/1/974 975/1/975 
f 963/1/963 974/1/974 973/1/973 964/1/964 
f 917/1/917 916/1/916 974/1/974 963/1/963 
f 916/1/916 915/1/915 975/1/975 
f 971/1/971 970/1/970 976/1/976 977/1/977 
f 978/1/978 976/1/976 970/1/970 969/1/969 
f 964/1/964 973/1/973 976/1/976 978/1/978 
f 977/1/977 976/1/976 973/1/973 972/1/972 
f 569/1/569 582/1/582 979/1/979 980/1/980 
f 562/1/562 979/1/979 582/1/582 563/1/563 
f 561/1/561 981/1/981 979/1/979 562/1/562 
f 980/1/980 979/1/979 981/1/981 982/1/982 
f 983/1/983 982/1/982 984/1/984 
f 975/1/975 985/1/985 984/1/984 972/1/972 
f 985/1/985 975/1/975 915/1/915 
f 983/1/983 985/1/985 921/1/921 925/1/925 
f 986/1/986 987/1/987 988/1/988 989/1/989 
f 977/1/977 988/1/988 987/1/987 971/1/971 
f 972/1/972 984/1/984 988/1/988 977/1/977 
f 982/1/982 989/1/989 988/1/988 984/1/984 
f 925/1/925 928/1/928 990/1/990 983/1/983 
f 570/1/570 990/1/990 928/1/928 573/1/573 
f 570/1/570 569/1/569 980/1/980 
f 983/1/983 990/1/990 980/1/980 982/1/982 
f 991/1/991 981/1/981 561/1/561 
f 992/1/992 991/1/991 568/1/568 558/1/558 
f 986/1/986 989/1/989 991/1/991 992/1/992 
f 989/1/989 982/1/982 981/1/981 
f 558/1/558 557/1/557 993/1/993 992/1/992 
f 967/1/967 993/1/993 557/1/557 556/1/556 
f 971/1/971 987/1/987 993/1/993 967/1/967 
f 992/1/992 993/1/993 987/1/987 986/1/986 
f 848/1/848 994/1/994 995/1/995 996/1/996 
f 997/1/997 995/1/995 994/1/994 998/1/998 
f 999/1/999 1000/1/1000 995/1/995 997/1/997 
f 996/1/996 995/1/995 1000/1/1000 1001/1/1001 
f 818/1/818 821/1/821 1002/1/1002 1003/1/1003 
f 829/1/829 1002/1/1002 821/1/821 817/1/817 
f 828/1/828 1004/1/1004 1002/1/1002 829/1/829 
f 1003/1/1003 1002/1/1002 1004/1/1004 1005/1/1005 
f 969/1/969 968/1/968 1006/1/1006 1007/1/1007 
f 1003/1/1003 1006/1/1006 968/1/968 818/1/818 
f 1005/1/1005 1008/1/1008 1006/1/1006 1003/1/1003 
f 1008/1/1008 1009/1/1009 1007/1/1007 
f 1010/1/1010 1007/1/1007 1009/1/1009 
f 1011/1/1011 883/1/883 965/1/965 
f 1010/1/1010 965/1/965 964/1/964 
f 978/1/978 969/1/969 1007/1/1007 
f 1009/1/1009 1008/1/1008 1012/1/1012 1013/1/1013 
f 1008/1/1008 1005/1/1005 1014/1/1014 
f 1015/1/1015 1016/1/1016 1012/1/1012 1014/1/1014 
f 1013/1/1013 1012/1/1012 1016/1/1016 1017/1/1017 
f 1018/1/1018 1019/1/1019 1013/1/1013 1017/1/1017 
f 888/1/888 884/1/884 1019/1/1019 1018/1/1018 
f 1011/1/1011 1019/1/1019 884/1/884 883/1/883 
f 1013/1/1013 1019/1/1019 1011/1/1011 1009/1/1009 
f 1020/1/1020 1021/1/1021 1022/1/1022 1023/1/1023 
f 1024/1/1024 1022/1/1022 1021/1/1021 1001/1/1001 
f 1025/1/1025 1022/1/1022 1024/1/1024 1026/1/1026 
f 1023/1/1023 1022/1/1022 1025/1/1025 1027/1/1027 
f 1028/1/1028 1029/1/1029 1030/1/1030 1031/1/1031 
f 1018/1/1018 1030/1/1030 1029/1/1029 888/1/888 
f 1017/1/1017 1032/1/1032 1030/1/1030 1018/1/1018 
f 1031/1/1031 1030/1/1030 1032/1/1032 1033/1/1033 
f 843/1/843 1034/1/1034 1035/1/1035 840/1/840 
f 996/1/996 1034/1/1034 843/1/843 848/1/848 
f 1001/1/1001 1021/1/1021 1034/1/1034 996/1/996 
f 1021/1/1021 1020/1/1020 1035/1/1035 1034/1/1034 
f 1015/1/1015 1036/1/1036 1037/1/1037 1016/1/1016 
f 1038/1/1038 1039/1/1039 1037/1/1037 1036/1/1036 
f 1033/1/1033 1032/1/1032 1037/1/1037 1039/1/1039 
f 1016/1/1016 1037/1/1037 1032/1/1032 1017/1/1017 
f 1028/1/1028 1040/1/1040 1041/1/1041 1042/1/1042 
f 1043/1/1043 1041/1/1041 1040/1/1040 1027/1/1027 
f 849/1/849 865/1/865 1041/1/1041 1043/1/1043 
f 1042/1/1042 1041/1/1041 865/1/865 864/1/864 
f 1044/1/1044 1020/1/1020 1023/1/1023 1045/1/1045 
f 1027/1/1027 1040/1/1040 1045/1/1045 1023/1/1023 
f 1031/1/1031 1045/1/1045 1040/1/1040 1028/1/1028 
f 1033/1/1033 1044/1/1044 1045/1/1045 1031/1/1031 
f 864/1/864 873/1/873 1046/1/1046 1042/1/1042 
f 887/1/887 1046/1/1046 873/1/873 872/1/872 
f 888/1/888 1029/1/1029 1046/1/1046 887/1/887 
f 1042/1/1042 1046/1/1046 1029/1/1029 1028/1/1028 
f 1044/1/1044 1033/1/1033 1039/1/1039 1047/1/1047 
f 1048/1/1048 1047/1/1047 1039/1/1039 1038/1/1038 
f 840/1/840 1035/1/1035 1047/1/1047 1048/1/1048 
f 1044/1/1044 1047/1/1047 1035/1/1035 1020/1/1020 
f 1049/1/1049 1050/1/1050 1051/1/1051 1052/1/1052 
f 899/1/899 1051/1/1051 1050/1/1050 900/1/900 
f 267/1/267 266/1/266 1051/1/1051 899/1/899 
f 1052/1/1052 1051/1/1051 266/1/266 252/1/252 
f 252/1/252 251/1/251 1053/1/1053 1052/1/1052 
f 1054/1/1054 1053/1/1053 251/1/251 250/1/250 
f 1055/1/1055 1056/1/1056 1053/1/1053 1054/1/1054 
f 1052/1/1052 1053/1/1053 1056/1/1056 1049/1/1049 
f 1049/1/1049 1056/1/1056 1057/1/1057 1058/1/1058 
f 1059/1/1059 1057/1/1057 1056/1/1056 1055/1/1055 
f 1060/1/1060 1061/1/1061 1057/1/1057 1059/1/1059 
f 1058/1/1058 1057/1/1057 1061/1/1061 1062/1/1062 
f 239/1/239 1063/1/1063 1064/1/1064 241/1/241 
f 240/1/240 1065/1/1065 1063/1/1063 239/1/239 
f 1066/1/1066 1063/1/1063 1065/1/1065 1067/1/1067 
f 1068/1/1068 1064/1/1064 1063/1/1063 1066/1/1066 
f 1069/1/1069 1070/1/1070 230/1/230 
f 229/1/229 228/1/228 1071/1/1071 
f 1072/1/1072 1073/1/1073 1069/1/1069 1071/1/1071 
f 1073/1/1073 1074/1/1074 1070/1/1070 
f 1075/1/1075 1076/1/1076 1077/1/1077 1078/1/1078 
f 1079/1/1079 1077/1/1077 1076/1/1076 1080/1/1080 
f 258/1/258 254/1/254 1077/1/1077 1079/1/1079 
f 1078/1/1078 1077/1/1077 254/1/254 253/1/253 
f 1081/1/1081 1082/1/1082 1083/1/1083 1084/1/1084 
f 222/1/222 1083/1/1083 1082/1/1082 223/1/223 
f 217/1/217 1085/1/1085 1083/1/1083 222/1/222 
f 1084/1/1084 1083/1/1083 1085/1/1085 1086/1/1086 
f 1087/1/1087 1088/1/1088 1089/1/1089 1090/1/1090 
f 210/1/210 1089/1/1089 1088/1/1088 211/1/211 
f 88/1/88 87/1/87 1089/1/1089 210/1/210 
f 1090/1/1090 1089/1/1089 87/1/87 86/1/86 
f 1086/1/1086 1085/1/1085 1091/1/1091 1092/1/1092 
f 216/1/216 1091/1/1091 1085/1/1085 217/1/217 
f 211/1/211 1088/1/1088 1091/1/1091 216/1/216 
f 1092/1/1092 1091/1/1091 1088/1/1088 1087/1/1087 
f 1093/1/1093 1094/1/1094 1095/1/1095 1096/1/1096 
f 1092/1/1092 1095/1/1095 1094/1/1094 1086/1/1086 
f 1087/1/1087 1097/1/1097 1095/1/1095 1092/1/1092 
f 1096/1/1096 1095/1/1095 1097/1/1097 1098/1/1098 
f 84/1/84 1099/1/1099 1100/1/1100 86/1/86 
f 882/1/882 1099/1/1099 84/1/84 85/1/85 
f 1101/1/1101 1099/1/1099 882/1/882 863/1/863 
f 1101/1/1101 1102/1/1102 1100/1/1100 
f 1098/1/1098 1097/1/1097 1103/1/1103 1104/1/1104 
f 1090/1/1090 1103/1/1103 1097/1/1097 1087/1/1087 
f 86/1/86 1100/1/1100 1103/1/1103 1090/1/1090 
f 1104/1/1104 1103/1/1103 1100/1/1100 1102/1/1102 
f 1105/1/1105 1106/1/1106 1107/1/1107 1108/1/1108 
f 1106/1/1106 1109/1/1109 1110/1/1110 
f 1107/1/1107 1110/1/1110 1111/1/1111 
f 1112/1/1112 1113/1/1113 1108/1/1108 
f 1114/1/1114 1115/1/1115 1116/1/1116 1117/1/1117 
f 1118/1/1118 1116/1/1116 1115/1/1115 1119/1/1119 
f 1109/1/1109 1106/1/1106 1116/1/1116 1118/1/1118 
f 1117/1/1117 1116/1/1116 1106/1/1106 1105/1/1105 
f 1120/1/1120 1121/1/1121 1122/1/1122 1123/1/1123 
f 1124/1/1124 1125/1/1125 1121/1/1121 1120/1/1120 
f 1126/1/1126 1121/1/1121 1125/1/1125 1127/1/1127 
f 1128/1/1128 1122/1/1122 1121/1/1121 1126/1/1126 
f 1129/1/1129 1130/1/1130 1131/1/1131 1132/1/1132 
f 1133/1/1133 1131/1/1131 1130/1/1130 1134/1/1134 
f 1135/1/1135 1136/1/1136 1131/1/1131 1133/1/1133 
f 1132/1/1132 1131/1/1131 1136/1/1136 1137/1/1137 
f 1062/1/1062 1061/1/1061 1138/1/1138 1139/1/1139 
f 1140/1/1140 1138/1/1138 1061/1/1061 1060/1/1060 
f 1138/1/1138 1140/1/1140 1141/1/1141 
f 1139/1/1139 1138/1/1138 1142/1/1142 1143/1/1143 
f 1144/1/1144 1145/1/1145 1146/1/1146 
f 1147/1/1147 1148/1/1148 1146/1/1146 1149/1/1149 
f 1148/1/1148 1147/1/1147 1150/1/1150 
f 1144/1/1144 1148/1/1148 1151/1/1151 1152/1/1152 
f 1153/1/1153 1154/1/1154 1143/1/1143 
f 1142/1/1142 1141/1/1141 1155/1/1155 1153/1/1153 
f 1153/1/1153 1155/1/1155 1156/1/1156 
f 1157/1/1157 1154/1/1154 1153/1/1153 1158/1/1158 
f 1159/1/1159 1160/1/1160 1157/1/1157 
f 1158/1/1158 1156/1/1156 1161/1/1161 
f 1145/1/1145 1144/1/1144 1159/1/1159 1161/1/1161 
f 1159/1/1159 1144/1/1144 1152/1/1152 
f 900/1/900 1050/1/1050 1162/1/1162 1163/1/1163 
f 1058/1/1058 1162/1/1162 1050/1/1050 1049/1/1049 
f 1062/1/1062 1164/1/1164 1162/1/1162 1058/1/1058 
f 1163/1/1163 1162/1/1162 1164/1/1164 1165/1/1165 
f 1166/1/1166 1165/1/1165 1164/1/1164 
f 1062/1/1062 1139/1/1139 1167/1/1167 1164/1/1164 
f 1143/1/1143 1166/1/1166 1167/1/1167 1139/1/1139 
f 1168/1/1168 1169/1/1169 1170/1/1170 1171/1/1171 
f 1170/1/1170 1169/1/1169 1165/1/1165 
f 1166/1/1166 1143/1/1143 1154/1/1154 
f 1154/1/1154 1157/1/1157 1171/1/1171 
f 1172/1/1172 1171/1/1171 1157/1/1157 
f 1160/1/1160 1152/1/1152 1173/1/1173 
f 1174/1/1174 1175/1/1175 1172/1/1172 1173/1/1173 
f 1175/1/1175 1168/1/1168 1171/1/1171 
f 577/1/577 576/1/576 1176/1/1176 585/1/585 
f 1177/1/1177 1176/1/1176 576/1/576 575/1/575 
f 1178/1/1178 1179/1/1179 1176/1/1176 1177/1/1177 
f 585/1/585 1176/1/1176 1179/1/1179 586/1/586 
f 575/1/575 904/1/904 1180/1/1180 1177/1/1177 
f 1163/1/1163 1180/1/1180 904/1/904 900/1/900 
f 1165/1/1165 1181/1/1181 1180/1/1180 1163/1/1163 
f 1177/1/1177 1180/1/1180 1181/1/1181 1178/1/1178 
f 594/1/594 590/1/590 1182/1/1182 1183/1/1183 
f 590/1/590 589/1/589 602/1/602 
f 601/1/601 1184/1/1184 1182/1/1182 602/1/602 
f 1183/1/1183 1182/1/1182 1184/1/1184 1185/1/1185 
f 1169/1/1169 1186/1/1186 1181/1/1181 1165/1/1165 
f 1187/1/1187 1186/1/1186 1169/1/1169 1168/1/1168 
f 1188/1/1188 1186/1/1186 1187/1/1187 1189/1/1189 
f 1178/1/1178 1181/1/1181 1186/1/1186 1188/1/1188 
f 1190/1/1190 1191/1/1191 1192/1/1192 1185/1/1185 
f 1193/1/1193 1191/1/1191 1190/1/1190 1189/1/1189 
f 1194/1/1194 1192/1/1192 1191/1/1191 1193/1/1193 
f 586/1/586 1179/1/1179 1195/1/1195 1196/1/1196 
f 1188/1/1188 1195/1/1195 1179/1/1179 1178/1/1178 
f 1189/1/1189 1190/1/1190 1195/1/1195 1188/1/1188 
f 1196/1/1196 1195/1/1195 1190/1/1190 1185/1/1185 
f 629/1/629 627/1/627 1197/1/1197 1198/1/1198 
f 587/1/587 1197/1/1197 627/1/627 588/1/588 
f 1196/1/1196 1197/1/1197 587/1/587 586/1/586 
f 1196/1/1196 1185/1/1185 1198/1/1198 
f 611/1/611 1199/1/1199 1184/1/1184 601/1/601 
f 612/1/612 635/1/635 1199/1/1199 611/1/611 
f 635/1/635 629/1/629 1198/1/1198 
f 1198/1/1198 1185/1/1185 1184/1/1184 
f 1200/1/1200 1187/1/1187 1168/1/1168 
f 1201/1/1201 1200/1/1200 1175/1/1175 1174/1/1174 
f 1194/1/1194 1193/1/1193 1200/1/1200 1201/1/1201 
f 1189/1/1189 1187/1/1187 1200/1/1200 1193/1/1193 
f 1202/1/1202 1203/1/1203 1204/1/1204 1205/1/1205 
f 1206/1/1206 1204/1/1204 1203/1/1203 1207/1/1207 
f 1208/1/1208 1209/1/1209 1204/1/1204 1206/1/1206 
f 1205/1/1205 1204/1/1204 1209/1/1209 1210/1/1210 
f 1208/1/1208 1206/1/1206 1211/1/1211 1212/1/1212 
f 1206/1/1206 1207/1/1207 1213/1/1213 
f 1214/1/1214 1215/1/1215 1211/1/1211 1213/1/1213 
f 1212/1/1212 1211/1/1211 1215/1/1215 1216/1/1216 
f 1212/1/1212 1217/1/1217 1209/1/1209 1208/1/1208 
f 1218/1/1218 1217/1/1217 1212/1/1212 1216/1/1216 
f 1219/1/1219 1220/1/1220 1217/1/1217 1218/1/1218 
f 1209/1/1209 1217/1/1217 1220/1/1220 1210/1/1210 
f 1221/1/1221 1222/1/1222 1223/1/1223 1224/1/1224 
f 1210/1/1210 1220/1/1220 1222/1/1222 1221/1/1221 
f 1225/1/1225 1222/1/1222 1220/1/1220 1219/1/1219 
f 1226/1/1226 1223/1/1223 1222/1/1222 1225/1/1225 
f 1216/1/1216 1227/1/1227 1228/1/1228 1218/1/1218 
f 1229/1/1229 1228/1/1228 1227/1/1227 1230/1/1230 
f 1231/1/1231 1232/1/1232 1228/1/1228 1229/1/1229 
f 1218/1/1218 1228/1/1228 1232/1/1232 1219/1/1219 
f 1226/1/1226 1225/1/1225 1233/1/1233 1234/1/1234 
f 1219/1/1219 1232/1/1232 1233/1/1233 1225/1/1225 
f 1232/1/1232 1231/1/1231 1235/1/1235 1233/1/1233 
f 1234/1/1234 1233/1/1233 1235/1/1235 1236/1/1236 
f 1235/1/1235 1237/1/1237 1238/1/1238 1236/1/1236 
f 1231/1/1231 1239/1/1239 1237/1/1237 1235/1/1235 
f 1240/1/1240 1237/1/1237 1239/1/1239 1241/1/1241 
f 1242/1/1242 1238/1/1238 1237/1/1237 1240/1/1240 
f 1243/1/1243 1244/1/1244 1245/1/1245 1246/1/1246 
f 1118/1/1118 1245/1/1245 1244/1/1244 1109/1/1109 
f 1247/1/1247 1245/1/1245 1118/1/1118 1119/1/1119 
f 1248/1/1248 1246/1/1246 1245/1/1245 1247/1/1247 
f 1249/1/1249 1250/1/1250 1251/1/1251 1252/1/1252 
f 1096/1/1096 1251/1/1251 1250/1/1250 1093/1/1093 
f 1098/1/1098 1253/1/1253 1251/1/1251 1096/1/1096 
f 1252/1/1252 1251/1/1251 1253/1/1253 1254/1/1254 
f 1255/1/1255 1256/1/1256 1254/1/1254 
f 1104/1/1104 1255/1/1255 1253/1/1253 1098/1/1098 
f 1256/1/1256 1255/1/1255 1104/1/1104 1102/1/1102 
f 1111/1/1111 1110/1/1110 1257/1/1257 1258/1/1258 
f 1109/1/1109 1244/1/1244 1257/1/1257 1110/1/1110 
f 1243/1/1243 1259/1/1259 1257/1/1257 
f 1259/1/1259 1260/1/1260 1258/1/1258 
f 1261/1/1261 1262/1/1262 1263/1/1263 
f 1264/1/1264 1111/1/1111 1258/1/1258 
f 1261/1/1261 1258/1/1258 1260/1/1260 
f 1262/1/1262 1261/1/1261 1265/1/1265 1266/1/1266 
f 1260/1/1260 1259/1/1259 1267/1/1267 1268/1/1268 
f 1269/1/1269 1267/1/1267 1259/1/1259 1243/1/1243 
f 1270/1/1270 1271/1/1271 1267/1/1267 1269/1/1269 
f 1268/1/1268 1267/1/1267 1271/1/1271 1272/1/1272 
f 1272/1/1272 1273/1/1273 1274/1/1274 
f 1273/1/1273 1254/1/1254 1256/1/1256 
f 1256/1/1256 1102/1/1102 1275/1/1275 
f 1275/1/1275 1266/1/1266 1276/1/1276 
f 1102/1/1102 1101/1/1101 1277/1/1277 1275/1/1275 
f 1101/1/1101 863/1/863 862/1/862 
f 861/1/861 1278/1/1278 1277/1/1277 862/1/862 
f 1278/1/1278 1266/1/1266 1275/1/1275 
f 1272/1/1272 1276/1/1276 1279/1/1279 1268/1/1268 
f 1265/1/1265 1279/1/1279 1276/1/1276 1266/1/1266 
f 1260/1/1260 1268/1/1268 1279/1/1279 1265/1/1265 
f 855/1/855 1280/1/1280 1281/1/1281 860/1/860 
f 1262/1/1262 1281/1/1281 1280/1/1280 1263/1/1263 
f 1266/1/1266 1278/1/1278 1281/1/1281 1262/1/1262 
f 860/1/860 1281/1/1281 1278/1/1278 861/1/861 
f 1282/1/1282 1271/1/1271 1270/1/1270 
f 1283/1/1283 1249/1/1249 1252/1/1252 
f 1254/1/1254 1273/1/1273 1282/1/1282 1252/1/1252 
f 1273/1/1273 1272/1/1272 1271/1/1271 1282/1/1282 
f 854/1/854 850/1/850 1284/1/1284 1285/1/1285 
f 1043/1/1043 1284/1/1284 850/1/850 849/1/849 
f 1027/1/1027 1025/1/1025 1284/1/1284 1043/1/1043 
f 1285/1/1285 1284/1/1284 1025/1/1025 1026/1/1026 
f 1001/1/1001 1000/1/1000 1286/1/1286 1024/1/1024 
f 1287/1/1287 1286/1/1286 1000/1/1000 999/1/999 
f 1288/1/1288 1286/1/1286 1287/1/1287 1289/1/1289 
f 1026/1/1026 1024/1/1024 1286/1/1286 1288/1/1288 
f 1290/1/1290 1291/1/1291 1263/1/1263 
f 853/1/853 1290/1/1290 1280/1/1280 855/1/855 
f 854/1/854 1292/1/1292 1290/1/1290 853/1/853 
f 1291/1/1291 1290/1/1290 1292/1/1292 1293/1/1293 
f 1111/1/1111 1264/1/1264 1294/1/1294 1112/1/1112 
f 1264/1/1264 1263/1/1263 1291/1/1291 
f 1293/1/1293 1295/1/1295 1294/1/1294 1291/1/1291 
f 1112/1/1112 1294/1/1294 1295/1/1295 1113/1/1113 
f 1296/1/1296 1297/1/1297 1298/1/1298 1299/1/1299 
f 1293/1/1293 1292/1/1292 1297/1/1297 
f 1285/1/1285 1297/1/1297 1292/1/1292 854/1/854 
f 1026/1/1026 1298/1/1298 1297/1/1297 1285/1/1285 
f 1289/1/1289 1300/1/1300 1301/1/1301 1288/1/1288 
f 1299/1/1299 1298/1/1298 1301/1/1301 1300/1/1300 
f 1288/1/1288 1301/1/1301 1298/1/1298 1026/1/1026 
f 1302/1/1302 1303/1/1303 1295/1/1295 1293/1/1293 
f 1304/1/1304 1305/1/1305 1303/1/1303 1302/1/1302 
f 1113/1/1113 1295/1/1295 1303/1/1303 1305/1/1305 
f 1289/1/1289 1287/1/1287 1306/1/1306 1307/1/1307 
f 999/1/999 1308/1/1308 1306/1/1306 1287/1/1287 
f 1309/1/1309 1306/1/1306 1308/1/1308 1310/1/1310 
f 1311/1/1311 1307/1/1307 1306/1/1306 1309/1/1309 
f 1300/1/1300 1312/1/1312 1313/1/1313 1299/1/1299 
f 1307/1/1307 1312/1/1312 1300/1/1300 1289/1/1289 
f 1314/1/1314 1312/1/1312 1307/1/1307 1311/1/1311 
f 1312/1/1312 1314/1/1314 1315/1/1315 
f 1304/1/1304 1302/1/1302 1316/1/1316 1317/1/1317 
f 1296/1/1296 1316/1/1316 1302/1/1302 1293/1/1293 
f 1299/1/1299 1313/1/1313 1316/1/1316 1296/1/1296 
f 1317/1/1317 1316/1/1316 1313/1/1313 1315/1/1315 
f 1318/1/1318 1311/1/1311 1309/1/1309 
f 1310/1/1310 1319/1/1319 1320/1/1320 1309/1/1309 
f 1321/1/1321 1320/1/1320 1319/1/1319 1322/1/1322 
f 1323/1/1323 1318/1/1318 1320/1/1320 1321/1/1321 
f 1108/1/1108 1324/1/1324 1325/1/1325 1105/1/1105 
f 1305/1/1305 1324/1/1324 1108/1/1108 1113/1/1113 
f 1304/1/1304 1326/1/1326 1324/1/1324 1305/1/1305 
f 1326/1/1326 1327/1/1327 1325/1/1325 1324/1/1324 
f 1327/1/1327 1326/1/1326 1328/1/1328 1329/1/1329 
f 1317/1/1317 1328/1/1328 1326/1/1326 1304/1/1304 
f 1328/1/1328 1317/1/1317 1315/1/1315 
f 1329/1/1329 1328/1/1328 1330/1/1330 1331/1/1331 
f 1331/1/1331 1330/1/1330 1332/1/1332 1333/1/1333 
f 1330/1/1330 1315/1/1315 1314/1/1314 
f 1311/1/1311 1318/1/1318 1332/1/1332 1314/1/1314 
f 1333/1/1333 1332/1/1332 1318/1/1318 1323/1/1323 
f 1334/1/1334 1335/1/1335 1336/1/1336 1337/1/1337 
f 1321/1/1321 1336/1/1336 1335/1/1335 1323/1/1323 
f 1322/1/1322 1338/1/1338 1336/1/1336 1321/1/1321 
f 1337/1/1337 1336/1/1336 1338/1/1338 1339/1/1339 
f 1105/1/1105 1325/1/1325 1340/1/1340 1117/1/1117 
f 1341/1/1341 1340/1/1340 1325/1/1325 1327/1/1327 
f 1342/1/1342 1340/1/1340 1341/1/1341 1343/1/1343 
f 1117/1/1117 1340/1/1340 1342/1/1342 1114/1/1114 
f 1343/1/1343 1341/1/1341 1344/1/1344 1345/1/1345 
f 1329/1/1329 1344/1/1344 1341/1/1341 1327/1/1327 
f 1331/1/1331 1346/1/1346 1344/1/1344 1329/1/1329 
f 1345/1/1345 1344/1/1344 1346/1/1346 1347/1/1347 
f 1347/1/1347 1346/1/1346 1348/1/1348 1349/1/1349 
f 1333/1/1333 1348/1/1348 1346/1/1346 1331/1/1331 
f 1323/1/1323 1335/1/1335 1348/1/1348 1333/1/1333 
f 1349/1/1349 1348/1/1348 1335/1/1335 1334/1/1334 
f 1350/1/1350 1351/1/1351 1352/1/1352 1353/1/1353 
f 1354/1/1354 1352/1/1352 1351/1/1351 1355/1/1355 
f 1356/1/1356 1357/1/1357 1352/1/1352 1354/1/1354 
f 1353/1/1353 1352/1/1352 1357/1/1357 1358/1/1358 
f 1359/1/1359 1360/1/1360 1350/1/1350 
f 1361/1/1361 1359/1/1359 1353/1/1353 1358/1/1358 
f 1362/1/1362 1363/1/1363 1359/1/1359 1361/1/1361 
f 1360/1/1360 1359/1/1359 1363/1/1363 1364/1/1364 
f 1365/1/1365 1366/1/1366 1367/1/1367 1368/1/1368 
f 1367/1/1367 1369/1/1369 1370/1/1370 1368/1/1368 
f 1371/1/1371 1372/1/1372 1368/1/1368 1370/1/1370 
f 1372/1/1372 1373/1/1373 1365/1/1365 
f 1373/1/1373 1372/1/1372 1374/1/1374 1375/1/1375 
f 1376/1/1376 1374/1/1374 1372/1/1372 1371/1/1371 
f 1377/1/1377 1378/1/1378 1374/1/1374 1376/1/1376 
f 1375/1/1375 1374/1/1374 1378/1/1378 1379/1/1379 
f 1149/1/1149 1380/1/1380 1381/1/1381 1147/1/1147 
f 1382/1/1382 1381/1/1381 1380/1/1380 1383/1/1383 
f 1384/1/1384 1385/1/1385 1381/1/1381 1382/1/1382 
f 1147/1/1147 1381/1/1381 1385/1/1385 1150/1/1150 
f 1386/1/1386 1387/1/1387 1388/1/1388 1389/1/1389 
f 1387/1/1387 1373/1/1373 1375/1/1375 
f 1379/1/1379 1390/1/1390 1388/1/1388 1375/1/1375 
f 1390/1/1390 1391/1/1391 1389/1/1389 
f 1391/1/1391 1392/1/1392 1393/1/1393 1389/1/1389 
f 1382/1/1382 1393/1/1393 1392/1/1392 1384/1/1384 
f 1383/1/1383 1394/1/1394 1393/1/1393 1382/1/1382 
f 1389/1/1389 1393/1/1393 1394/1/1394 1386/1/1386 
f 1395/1/1395 1396/1/1396 1397/1/1397 1398/1/1398 
f 1399/1/1399 1397/1/1397 1396/1/1396 1400/1/1400 
f 1401/1/1401 1402/1/1402 1397/1/1397 1399/1/1399 
f 1398/1/1398 1397/1/1397 1402/1/1402 1403/1/1403 
f 1404/1/1404 1405/1/1405 1406/1/1406 1407/1/1407 
f 1173/1/1173 1406/1/1406 1405/1/1405 1174/1/1174 
f 1406/1/1406 1173/1/1173 1152/1/1152 
f 1407/1/1407 1406/1/1406 1151/1/1151 1150/1/1150 
f 1407/1/1407 1408/1/1408 1409/1/1409 1404/1/1404 
f 1408/1/1408 1407/1/1407 1150/1/1150 
f 1409/1/1409 1408/1/1408 1385/1/1385 1384/1/1384 
f 1379/1/1379 1378/1/1378 1410/1/1410 1411/1/1411 
f 1412/1/1412 1410/1/1410 1378/1/1378 1377/1/1377 
f 1400/1/1400 1396/1/1396 1410/1/1410 1412/1/1412 
f 1411/1/1411 1410/1/1410 1396/1/1396 1395/1/1395 
f 1413/1/1413 1201/1/1201 1174/1/1174 
f 1414/1/1414 1413/1/1413 1405/1/1405 1404/1/1404 
f 1413/1/1413 1414/1/1414 1415/1/1415 
f 1201/1/1201 1413/1/1413 1416/1/1416 1194/1/1194 
f 1417/1/1417 1418/1/1418 1419/1/1419 
f 1414/1/1414 1417/1/1417 1420/1/1420 1415/1/1415 
f 1404/1/1404 1418/1/1418 1417/1/1417 1414/1/1414 
f 1421/1/1421 1422/1/1422 1423/1/1423 1403/1/1403 
f 1421/1/1421 533/1/533 593/1/593 
f 593/1/593 594/1/594 1424/1/1424 
f 1422/1/1422 1424/1/1424 1415/1/1415 
f 1420/1/1420 1419/1/1419 1425/1/1425 
f 1398/1/1398 1426/1/1426 1425/1/1425 1395/1/1395 
f 1426/1/1426 1398/1/1398 1403/1/1403 
f 1420/1/1420 1426/1/1426 1423/1/1423 1415/1/1415 
f 1427/1/1427 1424/1/1424 594/1/594 
f 1192/1/1192 1427/1/1427 1183/1/1183 1185/1/1185 
f 1427/1/1427 1192/1/1192 1194/1/1194 
f 1424/1/1424 1427/1/1427 1416/1/1416 1415/1/1415 
f 1391/1/1391 1390/1/1390 1428/1/1428 1429/1/1429 
f 1411/1/1411 1428/1/1428 1390/1/1390 1379/1/1379 
f 1428/1/1428 1411/1/1411 1395/1/1395 
f 1429/1/1429 1428/1/1428 1425/1/1425 1419/1/1419 
f 1418/1/1418 1404/1/1404 1409/1/1409 
f 1430/1/1430 1409/1/1409 1384/1/1384 
f 1392/1/1392 1391/1/1391 1429/1/1429 
f 1418/1/1418 1430/1/1430 1429/1/1429 1419/1/1419 
f 1431/1/1431 1432/1/1432 1433/1/1433 1434/1/1434 
f 1432/1/1432 1401/1/1401 1399/1/1399 
f 1400/1/1400 1412/1/1412 1433/1/1433 1399/1/1399 
f 1434/1/1434 1433/1/1433 1412/1/1412 1377/1/1377 
f 1434/1/1434 1435/1/1435 1436/1/1436 1431/1/1431 
f 1376/1/1376 1435/1/1435 1434/1/1434 1377/1/1377 
f 1435/1/1435 1376/1/1376 1371/1/1371 
f 1436/1/1436 1435/1/1435 1437/1/1437 1438/1/1438 
f 1439/1/1439 1440/1/1440 1441/1/1441 1442/1/1442 
f 1436/1/1436 1441/1/1441 1440/1/1440 1431/1/1431 
f 1441/1/1441 1436/1/1436 1438/1/1438 
f 1442/1/1442 1441/1/1441 1443/1/1443 1444/1/1444 
f 1370/1/1370 1445/1/1445 1437/1/1437 1371/1/1371 
f 1369/1/1369 1446/1/1446 1445/1/1445 
f 1447/1/1447 1448/1/1448 1445/1/1445 1446/1/1446 
f 1438/1/1438 1437/1/1437 1445/1/1445 1448/1/1448 
f 1448/1/1448 1449/1/1449 1443/1/1443 1438/1/1438 
f 1450/1/1450 1449/1/1449 1448/1/1448 1447/1/1447 
f 1451/1/1451 1452/1/1452 1449/1/1449 1450/1/1450 
f 1452/1/1452 1444/1/1444 1443/1/1443 1449/1/1449 
f 1453/1/1453 1454/1/1454 1455/1/1455 1456/1/1456 
f 1457/1/1457 1455/1/1455 1454/1/1454 1458/1/1458 
f 1459/1/1459 1460/1/1460 1455/1/1455 1457/1/1457 
f 1456/1/1456 1455/1/1455 1460/1/1460 1461/1/1461 
f 1462/1/1462 1463/1/1463 1464/1/1464 1465/1/1465 
f 1354/1/1354 1464/1/1464 1463/1/1463 1356/1/1356 
f 1355/1/1355 1466/1/1466 1464/1/1464 1354/1/1354 
f 1465/1/1465 1464/1/1464 1466/1/1466 1467/1/1467 
f 1468/1/1468 1469/1/1469 1470/1/1470 1471/1/1471 
f 1472/1/1472 1470/1/1470 1469/1/1469 1473/1/1473 
f 1339/1/1339 1338/1/1338 1470/1/1470 1472/1/1472 
f 1471/1/1471 1470/1/1470 1338/1/1338 1322/1/1322 
f 1310/1/1310 1308/1/1308 1474/1/1474 1475/1/1475 
f 997/1/997 1474/1/1474 1308/1/1308 999/1/999 
f 998/1/998 1476/1/1476 1474/1/1474 997/1/997 
f 1475/1/1475 1474/1/1474 1476/1/1476 1477/1/1477 
f 1477/1/1477 1478/1/1478 1479/1/1479 1475/1/1475 
f 1471/1/1471 1479/1/1479 1478/1/1478 1468/1/1468 
f 1322/1/1322 1319/1/1319 1479/1/1479 1471/1/1471 
f 1475/1/1475 1479/1/1479 1319/1/1319 1310/1/1310 
f 1477/1/1477 1476/1/1476 1480/1/1480 1481/1/1481 
f 1482/1/1482 1480/1/1480 1476/1/1476 998/1/998 
f 1480/1/1480 1482/1/1482 1483/1/1483 
f 1484/1/1484 1485/1/1485 1481/1/1481 
f 998/1/998 994/1/994 1486/1/1486 1482/1/1482 
f 847/1/847 1486/1/1486 994/1/994 848/1/848 
f 846/1/846 1487/1/1487 1486/1/1486 847/1/847 
f 1482/1/1482 1486/1/1486 1487/1/1487 1483/1/1483 
f 1488/1/1488 1481/1/1481 1485/1/1485 
f 1489/1/1489 1490/1/1490 1491/1/1491 
f 1468/1/1468 1478/1/1478 1488/1/1488 1491/1/1491 
f 1481/1/1481 1488/1/1488 1478/1/1478 1477/1/1477 
f 1492/1/1492 1493/1/1493 1484/1/1484 1483/1/1483 
f 1494/1/1494 1495/1/1495 1493/1/1493 1492/1/1492 
f 1485/1/1485 1484/1/1484 1493/1/1493 1495/1/1495 
f 1431/1/1431 1440/1/1440 1496/1/1496 1497/1/1497 
f 1498/1/1498 1496/1/1496 1440/1/1440 1439/1/1439 
f 1499/1/1499 1500/1/1500 1496/1/1496 1498/1/1498 
f 1497/1/1497 1496/1/1496 1500/1/1500 1501/1/1501 
f 1502/1/1502 1503/1/1503 1504/1/1504 1505/1/1505 
f 1506/1/1506 1504/1/1504 1503/1/1503 1507/1/1507 
f 1506/1/1506 1501/1/1501 1505/1/1505 
f 1508/1/1508 1509/1/1509 1401/1/1401 
f 1432/1/1432 1431/1/1431 1497/1/1497 
f 1501/1/1501 1506/1/1506 1508/1/1508 1497/1/1497 
f 1509/1/1509 1508/1/1508 1506/1/1506 1507/1/1507 
f 1510/1/1510 1511/1/1511 1512/1/1512 1513/1/1513 
f 1514/1/1514 1511/1/1511 1510/1/1510 1515/1/1515 
f 1516/1/1516 1517/1/1517 1511/1/1511 1514/1/1514 
f 1518/1/1518 1512/1/1512 1511/1/1511 1517/1/1517 
f 1519/1/1519 1520/1/1520 1521/1/1521 
f 1522/1/1522 1519/1/1519 1523/1/1523 1524/1/1524 
f 1525/1/1525 1519/1/1519 1522/1/1522 1526/1/1526 
f 1527/1/1527 1520/1/1520 1519/1/1519 1525/1/1525 
f 1528/1/1528 1529/1/1529 1530/1/1530 1531/1/1531 
f 1524/1/1524 1523/1/1523 1530/1/1530 1529/1/1529 
f 1521/1/1521 1532/1/1532 1530/1/1530 1523/1/1523 
f 1533/1/1533 1531/1/1531 1530/1/1530 1532/1/1532 
f 1532/1/1532 1534/1/1534 1535/1/1535 1533/1/1533 
f 1532/1/1532 1521/1/1521 1520/1/1520 1534/1/1534 
f 1527/1/1527 1536/1/1536 1534/1/1534 1520/1/1520 
f 1535/1/1535 1534/1/1534 1536/1/1536 1537/1/1537 
f 1514/1/1514 1538/1/1538 1539/1/1539 1516/1/1516 
f 1515/1/1515 1540/1/1540 1538/1/1538 1514/1/1514 
f 1531/1/1531 1538/1/1538 1540/1/1540 1528/1/1528 
f 1531/1/1531 1533/1/1533 1539/1/1539 1538/1/1538 
f 1541/1/1541 1542/1/1542 1518/1/1518 
f 1539/1/1539 1541/1/1541 1517/1/1517 1516/1/1516 
f 1533/1/1533 1535/1/1535 1541/1/1541 1539/1/1539 
f 1535/1/1535 1537/1/1537 1542/1/1542 
f 1513/1/1513 1512/1/1512 1543/1/1543 1544/1/1544 
f 1542/1/1542 1543/1/1543 1512/1/1512 1518/1/1518 
f 1537/1/1537 1545/1/1545 1543/1/1543 1542/1/1542 
f 1544/1/1544 1543/1/1543 1545/1/1545 1546/1/1546 
f 1526/1/1526 1547/1/1547 1548/1/1548 1525/1/1525 
f 1545/1/1545 1548/1/1548 1547/1/1547 1546/1/1546 
f 1537/1/1537 1536/1/1536 1548/1/1548 1545/1/1545 
f 1525/1/1525 1548/1/1548 1536/1/1536 1527/1/1527 
f 1549/1/1549 1550/1/1550 1551/1/1551 1552/1/1552 
f 1553/1/1553 1551/1/1551 1550/1/1550 1554/1/1554 
f 1555/1/1555 1556/1/1556 1551/1/1551 1553/1/1553 
f 1552/1/1552 1551/1/1551 1556/1/1556 1557/1/1557 
f 1549/1/1549 1552/1/1552 1558/1/1558 1559/1/1559 
f 1560/1/1560 1558/1/1558 1552/1/1552 1557/1/1557 
f 1561/1/1561 1562/1/1562 1558/1/1558 1560/1/1560 
f 1559/1/1559 1558/1/1558 1562/1/1562 1563/1/1563 
f 1564/1/1564 1565/1/1565 1566/1/1566 1567/1/1567 
f 1568/1/1568 1566/1/1566 1565/1/1565 1569/1/1569 
f 1554/1/1554 1550/1/1550 1566/1/1566 1568/1/1568 
f 1567/1/1567 1566/1/1566 1550/1/1550 1549/1/1549 
f 1564/1/1564 1567/1/1567 1570/1/1570 1571/1/1571 
f 1559/1/1559 1570/1/1570 1567/1/1567 1549/1/1549 
f 1563/1/1563 1572/1/1572 1570/1/1570 1559/1/1559 
f 1571/1/1571 1570/1/1570 1572/1/1572 1573/1/1573 
f 1507/1/1507 1503/1/1503 1574/1/1574 1575/1/1575 
f 1576/1/1576 1574/1/1574 1503/1/1503 1502/1/1502 
f 1569/1/1569 1577/1/1577 1574/1/1574 1576/1/1576 
f 1575/1/1575 1574/1/1574 1577/1/1577 1578/1/1578 
f 1579/1/1579 1573/1/1573 1580/1/1580 
f 836/1/836 1581/1/1581 1580/1/1580 837/1/837 
f 1581/1/1581 836/1/836 831/1/831 
f 1579/1/1579 1581/1/1581 1582/1/1582 1583/1/1583 
f 1584/1/1584 1582/1/1582 831/1/831 
f 824/1/824 1584/1/1584 830/1/830 817/1/817 
f 524/1/524 1585/1/1585 1584/1/1584 824/1/824 
f 1585/1/1585 1583/1/1583 1582/1/1582 
f 1586/1/1586 1587/1/1587 1578/1/1578 
f 1588/1/1588 536/1/536 535/1/535 
f 1586/1/1586 535/1/535 533/1/533 
f 1421/1/1421 1403/1/1403 1587/1/1587 
f 1587/1/1587 1589/1/1589 1575/1/1575 1578/1/1578 
f 1587/1/1587 1403/1/1403 1402/1/1402 
f 1509/1/1509 1589/1/1589 1402/1/1402 1401/1/1401 
f 1575/1/1575 1589/1/1589 1509/1/1509 1507/1/1507 
f 524/1/524 523/1/523 1590/1/1590 1585/1/1585 
f 523/1/523 520/1/520 1591/1/1591 
f 1591/1/1591 1592/1/1592 1593/1/1593 
f 1585/1/1585 1590/1/1590 1593/1/1593 1583/1/1583 
f 1594/1/1594 1577/1/1577 1569/1/1569 
f 1565/1/1565 1564/1/1564 1595/1/1595 
f 1596/1/1596 1597/1/1597 1594/1/1594 1595/1/1595 
f 1597/1/1597 1578/1/1578 1577/1/1577 
f 512/1/512 528/1/528 1598/1/1598 1599/1/1599 
f 534/1/534 1598/1/1598 528/1/528 527/1/527 
f 1600/1/1600 1598/1/1598 534/1/534 536/1/536 
f 1599/1/1599 1598/1/1598 1600/1/1600 1592/1/1592 
f 1601/1/1601 519/1/519 506/1/506 
f 1599/1/1599 1601/1/1601 509/1/509 512/1/512 
f 1599/1/1599 1592/1/1592 1591/1/1591 1601/1/1601 
f 519/1/519 1601/1/1601 1591/1/1591 520/1/520 
f 1602/1/1602 1603/1/1603 1593/1/1593 1592/1/1592 
f 1596/1/1596 1604/1/1604 1603/1/1603 1602/1/1602 
f 1603/1/1603 1604/1/1604 1583/1/1583 
f 536/1/536 1588/1/1588 1605/1/1605 1600/1/1600 
f 1597/1/1597 1605/1/1605 1588/1/1588 1578/1/1578 
f 1597/1/1597 1596/1/1596 1602/1/1602 
f 1600/1/1600 1605/1/1605 1602/1/1602 1592/1/1592 
f 1564/1/1564 1571/1/1571 1606/1/1606 1595/1/1595 
f 1579/1/1579 1606/1/1606 1571/1/1571 1573/1/1573 
f 1583/1/1583 1604/1/1604 1606/1/1606 1579/1/1579 
f 1595/1/1595 1606/1/1606 1604/1/1604 1596/1/1596 
f 837/1/837 1580/1/1580 1607/1/1607 838/1/838 
f 1580/1/1580 1573/1/1573 1608/1/1608 
f 1609/1/1609 1607/1/1607 1608/1/1608 1610/1/1610 
f 1607/1/1607 1609/1/1609 839/1/839 
f 1611/1/1611 1612/1/1612 1613/1/1613 1614/1/1614 
f 1487/1/1487 1612/1/1612 1611/1/1611 1483/1/1483 
f 1612/1/1612 1487/1/1487 846/1/846 
f 1615/1/1615 1616/1/1616 1613/1/1613 
f 1617/1/1617 1618/1/1618 1613/1/1613 1616/1/1616 
f 1618/1/1618 1617/1/1617 1619/1/1619 
f 1614/1/1614 1613/1/1613 1618/1/1618 1620/1/1620 
f 1621/1/1621 1617/1/1617 1616/1/1616 
f 1609/1/1609 1621/1/1621 1622/1/1622 839/1/839 
f 1621/1/1621 1609/1/1609 1610/1/1610 
f 1617/1/1617 1621/1/1621 1623/1/1623 1619/1/1619 
f 1624/1/1624 1625/1/1625 1626/1/1626 
f 1492/1/1492 1627/1/1627 1626/1/1626 1494/1/1494 
f 1627/1/1627 1492/1/1492 1483/1/1483 
f 1611/1/1611 1614/1/1614 1624/1/1624 
f 1610/1/1610 1608/1/1608 1628/1/1628 1629/1/1629 
f 1572/1/1572 1628/1/1628 1608/1/1608 1573/1/1573 
f 1563/1/1563 1630/1/1630 1628/1/1628 1572/1/1572 
f 1629/1/1629 1628/1/1628 1630/1/1630 1631/1/1631 
f 1619/1/1619 1623/1/1623 1632/1/1632 1633/1/1633 
f 1629/1/1629 1632/1/1632 1623/1/1623 1610/1/1610 
f 1631/1/1631 1634/1/1634 1632/1/1632 1629/1/1629 
f 1633/1/1633 1632/1/1632 1634/1/1634 1635/1/1635 
f 1625/1/1625 1624/1/1624 1636/1/1636 1637/1/1637 
f 1624/1/1624 1614/1/1614 1620/1/1620 1636/1/1636 
f 1633/1/1633 1636/1/1636 1620/1/1620 1619/1/1619 
f 1637/1/1637 1636/1/1636 1633/1/1633 1635/1/1635 
f 1631/1/1631 1630/1/1630 1638/1/1638 1639/1/1639 
f 1562/1/1562 1638/1/1638 1630/1/1630 1563/1/1563 
f 1561/1/1561 1640/1/1640 1638/1/1638 1562/1/1562 
f 1639/1/1639 1638/1/1638 1640/1/1640 1641/1/1641 
f 1642/1/1642 1643/1/1643 1644/1/1644 1645/1/1645 
f 1637/1/1637 1644/1/1644 1643/1/1643 1625/1/1625 
f 1635/1/1635 1646/1/1646 1644/1/1644 1637/1/1637 
f 1645/1/1645 1644/1/1644 1646/1/1646 1647/1/1647 
f 1634/1/1634 1648/1/1648 1646/1/1646 1635/1/1635 
f 1639/1/1639 1648/1/1648 1634/1/1634 1631/1/1631 
f 1641/1/1641 1649/1/1649 1648/1/1648 1639/1/1639 
f 1647/1/1647 1646/1/1646 1648/1/1648 1649/1/1649 
f 1641/1/1641 1640/1/1640 1650/1/1650 1651/1/1651 
f 1652/1/1652 1650/1/1650 1640/1/1640 1561/1/1561 
f 1653/1/1653 1654/1/1654 1650/1/1650 1652/1/1652 
f 1655/1/1655 1651/1/1651 1650/1/1650 1654/1/1654 
f 1656/1/1656 1657/1/1657 1658/1/1658 1659/1/1659 
f 1645/1/1645 1658/1/1658 1657/1/1657 1642/1/1642 
f 1647/1/1647 1660/1/1660 1658/1/1658 1645/1/1645 
f 1659/1/1659 1658/1/1658 1660/1/1660 1661/1/1661 
f 1661/1/1661 1660/1/1660 1662/1/1662 1663/1/1663 
f 1649/1/1649 1662/1/1662 1660/1/1660 1647/1/1647 
f 1641/1/1641 1651/1/1651 1662/1/1662 1649/1/1649 
f 1663/1/1663 1662/1/1662 1651/1/1651 1655/1/1655 
f 1664/1/1664 1665/1/1665 1666/1/1666 1667/1/1667 
f 1668/1/1668 1666/1/1666 1665/1/1665 1669/1/1669 
f 1670/1/1670 1671/1/1671 1666/1/1666 1668/1/1668 
f 1667/1/1667 1666/1/1666 1671/1/1671 1672/1/1672 
f 1673/1/1673 1674/1/1674 1675/1/1675 1676/1/1676 
f 1669/1/1669 1665/1/1665 1674/1/1674 1673/1/1673 
f 1677/1/1677 1674/1/1674 1665/1/1665 1664/1/1664 
f 1678/1/1678 1675/1/1675 1674/1/1674 1677/1/1677 
f 1679/1/1679 1680/1/1680 1681/1/1681 1682/1/1682 
f 1683/1/1683 1681/1/1681 1680/1/1680 1684/1/1684 
f 1676/1/1676 1675/1/1675 1681/1/1681 1683/1/1683 
f 1682/1/1682 1681/1/1681 1675/1/1675 1678/1/1678 
f 1685/1/1685 1686/1/1686 1687/1/1687 1688/1/1688 
f 1689/1/1689 1687/1/1687 1686/1/1686 1690/1/1690 
f 169/1/169 172/1/172 1687/1/1687 1689/1/1689 
f 1688/1/1688 1687/1/1687 172/1/172 177/1/177 
f 181/1/181 1691/1/1691 1692/1/1692 178/1/178 
f 1689/1/1689 1691/1/1691 181/1/181 169/1/169 
f 1691/1/1691 1689/1/1689 1690/1/1690 
f 1693/1/1693 1692/1/1692 1691/1/1691 1694/1/1694 
f 178/1/178 1692/1/1692 1695/1/1695 188/1/188 
f 1696/1/1696 1695/1/1695 1692/1/1692 1693/1/1693 
f 1695/1/1695 1696/1/1696 1697/1/1697 
f 188/1/188 1695/1/1695 1698/1/1698 189/1/189 
f 1699/1/1699 1700/1/1700 1701/1/1701 1702/1/1702 
f 1129/1/1129 1703/1/1703 1700/1/1700 1699/1/1699 
f 1704/1/1704 1700/1/1700 1703/1/1703 1705/1/1705 
f 1706/1/1706 1701/1/1701 1700/1/1700 1704/1/1704 
f 274/1/274 272/1/272 1707/1/1707 1708/1/1708 
f 136/1/136 1707/1/1707 272/1/272 137/1/137 
f 135/1/135 1709/1/1709 1707/1/1707 136/1/136 
f 1708/1/1708 1707/1/1707 1709/1/1709 1710/1/1710 
f 129/1/129 126/1/126 1711/1/1711 1712/1/1712 
f 144/1/144 1711/1/1711 126/1/126 125/1/125 
f 1713/1/1713 1711/1/1711 144/1/144 142/1/142 
f 1714/1/1714 1712/1/1712 1711/1/1711 1713/1/1713 
f 1715/1/1715 1716/1/1716 1717/1/1717 1718/1/1718 
f 327/1/327 1717/1/1717 1716/1/1716 328/1/328 
f 274/1/274 1708/1/1708 1717/1/1717 327/1/327 
f 1718/1/1718 1717/1/1717 1708/1/1708 1710/1/1710 
f 1230/1/1230 1227/1/1227 1719/1/1719 1720/1/1720 
f 1216/1/1216 1215/1/1215 1719/1/1719 1227/1/1227 
f 1214/1/1214 1721/1/1721 1719/1/1719 1215/1/1215 
f 1721/1/1721 1722/1/1722 1720/1/1720 
f 1723/1/1723 1724/1/1724 1725/1/1725 1726/1/1726 
f 1727/1/1727 1725/1/1725 1724/1/1724 1728/1/1728 
f 1725/1/1725 1727/1/1727 1722/1/1722 
f 1726/1/1726 1725/1/1725 1721/1/1721 1214/1/1214 
f 1241/1/1241 1239/1/1239 1729/1/1729 1730/1/1730 
f 1229/1/1229 1729/1/1729 1239/1/1239 1231/1/1231 
f 1230/1/1230 1720/1/1720 1729/1/1729 1229/1/1229 
f 1730/1/1730 1729/1/1729 1720/1/1720 1722/1/1722 
f 1236/1/1236 1238/1/1238 1731/1/1731 1234/1/1234 
f 1238/1/1238 1242/1/1242 1732/1/1732 
f 1732/1/1732 1733/1/1733 1734/1/1734 
f 1234/1/1234 1731/1/1731 1734/1/1734 1226/1/1226 
f 1735/1/1735 1736/1/1736 1737/1/1737 1738/1/1738 
f 1739/1/1739 1736/1/1736 1735/1/1735 1740/1/1740 
f 1526/1/1526 1522/1/1522 1736/1/1736 1739/1/1739 
f 1524/1/1524 1737/1/1737 1736/1/1736 1522/1/1522 
f 1741/1/1741 1529/1/1529 1528/1/1528 
f 1742/1/1742 1741/1/1741 1743/1/1743 1744/1/1744 
f 1741/1/1741 1742/1/1742 1738/1/1738 
f 1529/1/1529 1741/1/1741 1737/1/1737 1524/1/1524 
f 1745/1/1745 1746/1/1746 1747/1/1747 
f 1544/1/1544 1745/1/1745 1748/1/1748 1513/1/1513 
f 1546/1/1546 1749/1/1749 1745/1/1745 1544/1/1544 
f 1746/1/1746 1745/1/1745 1749/1/1749 1750/1/1750 
f 1546/1/1546 1547/1/1547 1751/1/1751 1749/1/1749 
f 1739/1/1739 1751/1/1751 1547/1/1547 1526/1/1526 
f 1752/1/1752 1751/1/1751 1739/1/1739 1740/1/1740 
f 1749/1/1749 1751/1/1751 1752/1/1752 1750/1/1750 
f 1205/1/1205 1753/1/1753 1754/1/1754 1202/1/1202 
f 1221/1/1221 1753/1/1753 1205/1/1205 1210/1/1210 
f 1224/1/1224 1755/1/1755 1753/1/1753 1221/1/1221 
f 1754/1/1754 1753/1/1753 1755/1/1755 1756/1/1756 
f 1224/1/1224 1223/1/1223 1757/1/1757 1755/1/1755 
f 1734/1/1734 1757/1/1757 1223/1/1223 1226/1/1226 
f 1757/1/1757 1734/1/1734 1733/1/1733 
f 1755/1/1755 1757/1/1757 1758/1/1758 1756/1/1756 
f 1127/1/1127 1759/1/1759 1760/1/1760 1126/1/1126 
f 1761/1/1761 1760/1/1760 1759/1/1759 1762/1/1762 
f 1763/1/1763 1764/1/1764 1760/1/1760 1761/1/1761 
f 1126/1/1126 1760/1/1760 1764/1/1764 1128/1/1128 
f 1762/1/1762 1765/1/1765 1766/1/1766 1761/1/1761 
f 1765/1/1765 1364/1/1364 1363/1/1363 1766/1/1766 
f 1363/1/1363 1362/1/1362 1767/1/1767 1766/1/1766 
f 1761/1/1761 1766/1/1766 1767/1/1767 1763/1/1763 
f 1768/1/1768 1769/1/1769 1770/1/1770 1771/1/1771 
f 1772/1/1772 1770/1/1770 1769/1/1769 1773/1/1773 
f 1774/1/1774 1775/1/1775 1770/1/1770 1772/1/1772 
f 1771/1/1771 1770/1/1770 1775/1/1775 1776/1/1776 
f 1777/1/1777 1778/1/1778 1779/1/1779 1780/1/1780 
f 155/1/155 1780/1/1780 1779/1/1779 158/1/158 
f 154/1/154 1781/1/1781 1780/1/1780 155/1/155 
f 1781/1/1781 1782/1/1782 1777/1/1777 1780/1/1780 
f 1783/1/1783 1784/1/1784 1785/1/1785 1786/1/1786 
f 1787/1/1787 1785/1/1785 1784/1/1784 1788/1/1788 
f 49/1/49 45/1/45 1785/1/1785 1787/1/1787 
f 1786/1/1786 1785/1/1785 45/1/45 44/1/44 
f 1787/1/1787 1789/1/1789 1790/1/1790 49/1/49 
f 1788/1/1788 1791/1/1791 1789/1/1789 1787/1/1787 
f 1792/1/1792 1793/1/1793 1789/1/1789 1791/1/1791 
f 1794/1/1794 1790/1/1790 1789/1/1789 1793/1/1793 
f 1792/1/1792 1795/1/1795 1796/1/1796 1793/1/1793 
f 1713/1/1713 1796/1/1796 1795/1/1795 1714/1/1714 
f 142/1/142 1797/1/1797 1796/1/1796 1713/1/1713 
f 1793/1/1793 1796/1/1796 1797/1/1797 1794/1/1794 
f 1798/1/1798 1799/1/1799 1794/1/1794 
f 141/1/141 1798/1/1798 1797/1/1797 142/1/142 
f 1798/1/1798 141/1/141 147/1/147 
f 1799/1/1799 1798/1/1798 1800/1/1800 1801/1/1801 
f 1802/1/1802 48/1/48 49/1/49 
f 1799/1/1799 1802/1/1802 1790/1/1790 1794/1/1794 
f 1801/1/1801 1803/1/1803 1802/1/1802 1799/1/1799 
f 1803/1/1803 50/1/50 48/1/48 
f 1804/1/1804 1805/1/1805 1806/1/1806 1807/1/1807 
f 1688/1/1688 1806/1/1806 1805/1/1805 1685/1/1685 
f 177/1/177 1808/1/1808 1806/1/1806 1688/1/1688 
f 1807/1/1807 1806/1/1806 1808/1/1808 1809/1/1809 
f 1809/1/1809 1810/1/1810 1811/1/1811 1807/1/1807 
f 1771/1/1771 1811/1/1811 1810/1/1810 1768/1/1768 
f 1776/1/1776 1812/1/1812 1811/1/1811 1771/1/1771 
f 1807/1/1807 1811/1/1811 1812/1/1812 1804/1/1804 
f 1728/1/1728 1724/1/1724 1813/1/1813 1814/1/1814 
f 1815/1/1815 1813/1/1813 1724/1/1724 1723/1/1723 
f 1072/1/1072 1816/1/1816 1813/1/1813 1815/1/1815 
f 1816/1/1816 1817/1/1817 1814/1/1814 
f 1067/1/1067 1065/1/1065 1818/1/1818 1819/1/1819 
f 1820/1/1820 1818/1/1818 1065/1/1065 240/1/240 
f 1821/1/1821 1822/1/1822 1818/1/1818 1820/1/1820 
f 1819/1/1819 1818/1/1818 1822/1/1822 1823/1/1823 
f 1705/1/1705 1824/1/1824 1825/1/1825 1704/1/1704 
f 1819/1/1819 1825/1/1825 1824/1/1824 1067/1/1067 
f 1823/1/1823 1826/1/1826 1825/1/1825 1819/1/1819 
f 1704/1/1704 1825/1/1825 1826/1/1826 1706/1/1706 
f 1827/1/1827 1828/1/1828 1817/1/1817 
f 1816/1/1816 1072/1/1072 1071/1/1071 
f 228/1/228 1829/1/1829 1827/1/1827 1071/1/1071 
f 1828/1/1828 1827/1/1827 1829/1/1829 1830/1/1830 
f 1831/1/1831 1832/1/1832 1833/1/1833 
f 331/1/331 1831/1/1831 1834/1/1834 234/1/234 
f 328/1/328 1716/1/1716 1831/1/1831 331/1/331 
f 1832/1/1832 1831/1/1831 1716/1/1716 1715/1/1715 
f 1835/1/1835 1836/1/1836 1830/1/1830 
f 227/1/227 1835/1/1835 1829/1/1829 228/1/228 
f 234/1/234 1834/1/1834 1835/1/1835 227/1/227 
f 1836/1/1836 1835/1/1835 1834/1/1834 1833/1/1833 
f 1837/1/1837 1838/1/1838 1839/1/1839 1840/1/1840 
f 1820/1/1820 1839/1/1839 1838/1/1838 1821/1/1821 
f 240/1/240 236/1/236 1839/1/1839 1820/1/1820 
f 1840/1/1840 1839/1/1839 236/1/236 235/1/235 
f 1841/1/1841 1842/1/1842 1843/1/1843 1844/1/1844 
f 1842/1/1842 1124/1/1124 1120/1/1120 
f 1123/1/1123 1845/1/1845 1843/1/1843 1120/1/1120 
f 1844/1/1844 1843/1/1843 1845/1/1845 1846/1/1846 
f 133/1/133 138/1/138 1847/1/1847 1848/1/1848 
f 137/1/137 269/1/269 1847/1/1847 138/1/138 
f 1849/1/1849 1847/1/1847 269/1/269 268/1/268 
f 1848/1/1848 1847/1/1847 1849/1/1849 1850/1/1850 
f 125/1/125 128/1/128 1851/1/1851 143/1/143 
f 1848/1/1848 1851/1/1851 128/1/128 133/1/133 
f 1848/1/1848 1850/1/1850 1852/1/1852 1851/1/1851 
f 143/1/143 1851/1/1851 1852/1/1852 145/1/145 
f 1710/1/1710 1709/1/1709 1853/1/1853 1854/1/1854 
f 134/1/134 1853/1/1853 1709/1/1709 135/1/135 
f 131/1/131 1855/1/1855 1853/1/1853 134/1/134 
f 1854/1/1854 1853/1/1853 1855/1/1855 1856/1/1856 
f 1856/1/1856 1855/1/1855 1857/1/1857 1858/1/1858 
f 130/1/130 1857/1/1857 1855/1/1855 131/1/131 
f 1712/1/1712 1857/1/1857 130/1/130 129/1/129 
f 1858/1/1858 1857/1/1857 1712/1/1712 1714/1/1714 
f 1859/1/1859 1860/1/1860 1861/1/1861 1862/1/1862 
f 1840/1/1840 1861/1/1861 1860/1/1860 1837/1/1837 
f 235/1/235 339/1/339 1861/1/1861 1840/1/1840 
f 1862/1/1862 1861/1/1861 339/1/339 335/1/335 
f 335/1/335 334/1/334 1863/1/1863 1862/1/1862 
f 189/1/189 1698/1/1698 1863/1/1863 334/1/334 
f 1698/1/1698 1697/1/1697 1864/1/1864 1863/1/1863 
f 1862/1/1862 1863/1/1863 1864/1/1864 1859/1/1859 
f 261/1/261 260/1/260 1865/1/1865 1866/1/1866 
f 1867/1/1867 1865/1/1865 260/1/260 259/1/259 
f 1868/1/1868 1869/1/1869 1865/1/1865 1867/1/1867 
f 1870/1/1870 1866/1/1866 1865/1/1865 1869/1/1869 
f 280/1/280 1871/1/1871 1872/1/1872 279/1/279 
f 1869/1/1869 1872/1/1872 1871/1/1871 1870/1/1870 
f 1868/1/1868 1873/1/1873 1872/1/1872 1869/1/1869 
f 1873/1/1873 281/1/281 279/1/279 1872/1/1872 
f 1515/1/1515 1510/1/1510 1874/1/1874 1875/1/1875 
f 1513/1/1513 1748/1/1748 1874/1/1874 1510/1/1510 
f 1876/1/1876 1874/1/1874 1748/1/1748 1747/1/1747 
f 1875/1/1875 1874/1/1874 1876/1/1876 1877/1/1877 
f 1878/1/1878 1875/1/1875 1877/1/1877 
f 1879/1/1879 1744/1/1744 1743/1/1743 
f 1528/1/1528 1540/1/1540 1878/1/1878 1743/1/1743 
f 1875/1/1875 1878/1/1878 1540/1/1540 1515/1/1515 
f 1880/1/1880 1881/1/1881 1882/1/1882 1883/1/1883 
f 1884/1/1884 1882/1/1882 1881/1/1881 1885/1/1885 
f 1886/1/1886 1887/1/1887 1882/1/1882 1884/1/1884 
f 1883/1/1883 1882/1/1882 1887/1/1887 1888/1/1888 
f 1453/1/1453 1889/1/1889 1890/1/1890 1454/1/1454 
f 1883/1/1883 1890/1/1890 1889/1/1889 1880/1/1880 
f 1888/1/1888 1891/1/1891 1890/1/1890 1883/1/1883 
f 1454/1/1454 1890/1/1890 1891/1/1891 1458/1/1458 
f 1892/1/1892 1893/1/1893 1894/1/1894 1895/1/1895 
f 1896/1/1896 1894/1/1894 1893/1/1893 1897/1/1897 
f 1898/1/1898 1899/1/1899 1894/1/1894 1896/1/1896 
f 1895/1/1895 1894/1/1894 1899/1/1899 1900/1/1900 
f 1901/1/1901 1902/1/1902 1903/1/1903 1904/1/1904 
f 1905/1/1905 1903/1/1903 1902/1/1902 1906/1/1906 
f 1900/1/1900 1899/1/1899 1903/1/1903 1905/1/1905 
f 1904/1/1904 1903/1/1903 1899/1/1899 1898/1/1898 
f 1723/1/1723 1726/1/1726 1907/1/1907 1908/1/1908 
f 1213/1/1213 1907/1/1907 1726/1/1726 1214/1/1214 
f 1207/1/1207 1909/1/1909 1907/1/1907 1213/1/1213 
f 1908/1/1908 1907/1/1907 1909/1/1909 1910/1/1910 
f 1074/1/1074 1073/1/1073 1911/1/1911 1912/1/1912 
f 1815/1/1815 1911/1/1911 1073/1/1073 1072/1/1072 
f 1815/1/1815 1723/1/1723 1908/1/1908 1911/1/1911 
f 1910/1/1910 1912/1/1912 1911/1/1911 1908/1/1908 
f 1080/1/1080 1076/1/1076 1913/1/1913 1914/1/1914 
f 1915/1/1915 1913/1/1913 1076/1/1076 1075/1/1075 
f 1916/1/1916 1917/1/1917 1913/1/1913 1915/1/1915 
f 1914/1/1914 1913/1/1913 1917/1/1917 1918/1/1918 
f 1919/1/1919 1920/1/1920 1921/1/1921 1922/1/1922 
f 1923/1/1923 1924/1/1924 1921/1/1921 1920/1/1920 
f 1918/1/1918 1917/1/1917 1921/1/1921 1924/1/1924 
f 1922/1/1922 1921/1/1921 1917/1/1917 1916/1/1916 
f 1925/1/1925 1926/1/1926 1927/1/1927 
f 1928/1/1928 1929/1/1929 1930/1/1930 
f 1931/1/1931 1932/1/1932 1925/1/1925 1930/1/1930 
f 1926/1/1926 1925/1/1925 1932/1/1932 1933/1/1933 
f 1933/1/1933 1934/1/1934 1935/1/1935 1926/1/1926 
f 1934/1/1934 1756/1/1756 1758/1/1758 
f 1936/1/1936 1935/1/1935 1758/1/1758 1733/1/1733 
f 1936/1/1936 1927/1/1927 1926/1/1926 
f 1897/1/1897 1893/1/1893 1937/1/1937 1938/1/1938 
f 1939/1/1939 1937/1/1937 1893/1/1893 1892/1/1892 
f 1134/1/1134 1940/1/1940 1937/1/1937 1939/1/1939 
f 1938/1/1938 1937/1/1937 1940/1/1940 1941/1/1941 
f 1134/1/1134 1130/1/1130 1942/1/1942 
f 1699/1/1699 1942/1/1942 1130/1/1130 1129/1/1129 
f 1942/1/1942 1699/1/1699 1702/1/1702 
f 1940/1/1940 1942/1/1942 1943/1/1943 1941/1/1941 
f 1944/1/1944 1945/1/1945 1946/1/1946 1947/1/1947 
f 1844/1/1844 1946/1/1946 1945/1/1945 1841/1/1841 
f 1846/1/1846 1948/1/1948 1946/1/1946 1844/1/1844 
f 1947/1/1947 1946/1/1946 1948/1/1948 1949/1/1949 
f 1949/1/1949 1950/1/1950 1951/1/1951 1947/1/1947 
f 1920/1/1920 1951/1/1951 1950/1/1950 1923/1/1923 
f 1919/1/1919 1952/1/1952 1951/1/1951 1920/1/1920 
f 1952/1/1952 1944/1/1944 1947/1/1947 
f 1953/1/1953 1931/1/1931 1930/1/1930 
f 1929/1/1929 1954/1/1954 1955/1/1955 
f 1954/1/1954 1956/1/1956 1957/1/1957 1955/1/1955 
f 1953/1/1953 1955/1/1955 1957/1/1957 1958/1/1958 
f 1957/1/1957 1956/1/1956 1959/1/1959 
f 1746/1/1746 1960/1/1960 1959/1/1959 1747/1/1747 
f 1961/1/1961 1960/1/1960 1746/1/1746 1750/1/1750 
f 1961/1/1961 1958/1/1958 1957/1/1957 1960/1/1960 
f 1906/1/1906 1902/1/1902 1962/1/1962 1963/1/1963 
f 1964/1/1964 1962/1/1962 1902/1/1902 1901/1/1901 
f 1965/1/1965 1962/1/1962 1964/1/1964 1966/1/1966 
f 1967/1/1967 1963/1/1963 1962/1/1962 1965/1/1965 
f 1966/1/1966 1968/1/1968 1969/1/1969 1965/1/1965 
f 1968/1/1968 1886/1/1886 1884/1/1884 
f 1885/1/1885 1970/1/1970 1969/1/1969 1884/1/1884 
f 1965/1/1965 1969/1/1969 1970/1/1970 1967/1/1967 
f 1971/1/1971 1972/1/1972 1973/1/1973 
f 1742/1/1742 1971/1/1971 1974/1/1974 1738/1/1738 
f 1744/1/1744 1975/1/1975 1971/1/1971 1742/1/1742 
f 1975/1/1975 1976/1/1976 1972/1/1972 
f 1977/1/1977 1978/1/1978 1979/1/1979 1980/1/1980 
f 1465/1/1465 1979/1/1979 1978/1/1978 1462/1/1462 
f 1467/1/1467 1981/1/1981 1979/1/1979 1465/1/1465 
f 1980/1/1980 1979/1/1979 1981/1/1981 1982/1/1982 
f 1983/1/1983 1984/1/1984 1985/1/1985 1986/1/1986 
f 1987/1/1987 1985/1/1985 1984/1/1984 1988/1/1988 
f 1989/1/1989 1990/1/1990 1985/1/1985 1987/1/1987 
f 1986/1/1986 1985/1/1985 1990/1/1990 1991/1/1991 
f 1991/1/1991 1992/1/1992 1993/1/1993 1986/1/1986 
f 1671/1/1671 1993/1/1993 1992/1/1992 1672/1/1672 
f 1670/1/1670 1994/1/1994 1993/1/1993 1671/1/1671 
f 1986/1/1986 1993/1/1993 1994/1/1994 1983/1/1983 
f 1995/1/1995 1996/1/1996 1997/1/1997 1998/1/1998 
f 1999/1/1999 1997/1/1997 1996/1/1996 2000/1/2000 
f 1690/1/1690 1686/1/1686 1997/1/1997 1999/1/1999 
f 1998/1/1998 1997/1/1997 1686/1/1686 1685/1/1685 
f 2001/1/2001 2002/1/2002 2003/1/2003 
f 1696/1/1696 2001/1/2001 2004/1/2004 1697/1/1697 
f 2001/1/2001 1696/1/1696 1693/1/1693 
f 2005/1/2005 2006/1/2006 2002/1/2002 
f 2007/1/2007 2008/1/2008 2009/1/2009 2010/1/2010 
f 2011/1/2011 2009/1/2009 2008/1/2008 2012/1/2012 
f 1823/1/1823 1822/1/1822 2009/1/2009 2011/1/2011 
f 2010/1/2010 2009/1/2009 1822/1/1822 1821/1/1821 
f 2013/1/2013 2014/1/2014 2015/1/2015 2016/1/2016 
f 2017/1/2017 2015/1/2015 2014/1/2014 2018/1/2018 
f 1941/1/1941 1943/1/1943 2015/1/2015 2017/1/2017 
f 2016/1/2016 2015/1/2015 1943/1/1943 1702/1/1702 
f 2019/1/2019 2020/1/2020 2021/1/2021 2022/1/2022 
f 1718/1/1718 2021/1/2021 2020/1/2020 1715/1/1715 
f 1710/1/1710 2023/1/2023 2021/1/2021 1718/1/1718 
f 2022/1/2022 2021/1/2021 2023/1/2023 2024/1/2024 
f 2025/1/2025 2026/1/2026 2027/1/2027 2028/1/2028 
f 1730/1/1730 2027/1/2027 2026/1/2026 1241/1/1241 
f 1722/1/1722 2029/1/2029 2027/1/2027 1730/1/1730 
f 2028/1/2028 2027/1/2027 2029/1/2029 2030/1/2030 
f 2031/1/2031 2032/1/2032 2033/1/2033 2034/1/2034 
f 1828/1/1828 2033/1/2033 2032/1/2032 1817/1/1817 
f 1830/1/1830 2035/1/2035 2033/1/2033 1828/1/1828 
f 2034/1/2034 2033/1/2033 2035/1/2035 2036/1/2036 
f 2037/1/2037 2038/1/2038 2039/1/2039 2040/1/2040 
f 2041/1/2041 2038/1/2038 2037/1/2037 2042/1/2042 
f 1740/1/1740 1735/1/1735 2038/1/2038 2041/1/2041 
f 2039/1/2039 2038/1/2038 1735/1/1735 1738/1/1738 
f 2043/1/2043 2044/1/2044 2045/1/2045 
f 2046/1/2046 2043/1/2043 2047/1/2047 2018/1/2018 
f 1202/1/1202 1754/1/1754 2043/1/2043 2046/1/2046 
f 2044/1/2044 2043/1/2043 1754/1/1754 1756/1/1756 
f 2048/1/2048 2049/1/2049 2050/1/2050 2051/1/2051 
f 2052/1/2052 2050/1/2050 2049/1/2049 2053/1/2053 
f 1966/1/1966 1964/1/1964 2050/1/2050 2052/1/2052 
f 1964/1/1964 1901/1/1901 2051/1/2051 
f 2054/1/2054 2055/1/2055 2056/1/2056 2057/1/2057 
f 2058/1/2058 2056/1/2056 2055/1/2055 2059/1/2059 
f 1776/1/1776 1775/1/1775 2056/1/2056 2058/1/2058 
f 2057/1/2057 2056/1/2056 1775/1/1775 1774/1/1774 
f 147/1/147 146/1/146 2060/1/2060 2061/1/2061 
f 2062/1/2062 2060/1/2060 146/1/146 145/1/145 
f 1995/1/1995 2063/1/2063 2060/1/2060 2062/1/2062 
f 2061/1/2061 2060/1/2060 2063/1/2063 2064/1/2064 
f 2062/1/2062 2065/1/2065 1996/1/1996 1995/1/1995 
f 145/1/145 1852/1/1852 2065/1/2065 2062/1/2062 
f 1850/1/1850 2066/1/2066 2065/1/2065 1852/1/1852 
f 2000/1/2000 1996/1/1996 2065/1/2065 2066/1/2066 
f 1685/1/1685 1805/1/1805 2067/1/2067 1998/1/1998 
f 2068/1/2068 2067/1/2067 1805/1/1805 1804/1/1804 
f 2064/1/2064 2063/1/2063 2067/1/2067 2068/1/2068 
f 1998/1/1998 2067/1/2067 2063/1/2063 1995/1/1995 
f 1850/1/1850 1849/1/1849 2069/1/2069 2066/1/2066 
f 268/1/268 2070/1/2070 2069/1/2069 1849/1/1849 
f 2071/1/2071 2069/1/2069 2070/1/2070 2006/1/2006 
f 2066/1/2066 2069/1/2069 2071/1/2071 2000/1/2000 
f 2006/1/2006 2070/1/2070 2072/1/2072 2002/1/2002 
f 271/1/271 2072/1/2072 2070/1/2070 268/1/268 
f 275/1/275 2073/1/2073 2072/1/2072 271/1/271 
f 2002/1/2002 2072/1/2072 2073/1/2073 2003/1/2003 
f 2005/1/2005 1693/1/1693 1694/1/1694 
f 1999/1/1999 2074/1/2074 1694/1/1694 1690/1/1690 
f 2074/1/2074 1999/1/1999 2000/1/2000 
f 2006/1/2006 2005/1/2005 2074/1/2074 2071/1/2071 
f 275/1/275 324/1/324 2075/1/2075 2073/1/2073 
f 2076/1/2076 2075/1/2075 324/1/324 323/1/323 
f 2077/1/2077 2078/1/2078 2075/1/2075 2076/1/2076 
f 2003/1/2003 2073/1/2073 2075/1/2075 2078/1/2078 
f 2078/1/2078 2079/1/2079 2004/1/2004 2003/1/2003 
f 2080/1/2080 2079/1/2079 2078/1/2078 2077/1/2077 
f 2079/1/2079 2080/1/2080 1859/1/1859 
f 1697/1/1697 2004/1/2004 2079/1/2079 1864/1/1864 
f 233/1/233 231/1/231 2081/1/2081 2082/1/2082 
f 2083/1/2083 2081/1/2081 231/1/231 230/1/230 
f 2007/1/2007 2084/1/2084 2081/1/2081 2083/1/2083 
f 2082/1/2082 2081/1/2081 2084/1/2084 2085/1/2085 
f 230/1/230 1070/1/1070 2086/1/2086 2083/1/2083 
f 2087/1/2087 2086/1/2086 1070/1/1070 1074/1/1074 
f 2012/1/2012 2008/1/2008 2086/1/2086 2087/1/2087 
f 2083/1/2083 2086/1/2086 2008/1/2008 2007/1/2007 
f 1821/1/1821 1838/1/1838 2088/1/2088 2010/1/2010 
f 2089/1/2089 2088/1/2088 1838/1/1838 1837/1/1837 
f 2085/1/2085 2084/1/2084 2088/1/2088 2089/1/2089 
f 2010/1/2010 2088/1/2088 2084/1/2084 2007/1/2007 
f 1910/1/1910 1909/1/1909 2090/1/2090 2091/1/2091 
f 2092/1/2092 2090/1/2090 1909/1/1909 1207/1/1207 
f 2013/1/2013 2093/1/2093 2090/1/2090 2092/1/2092 
f 2091/1/2091 2090/1/2090 2093/1/2093 2094/1/2094 
f 1207/1/1207 1203/1/1203 2095/1/2095 2092/1/2092 
f 2046/1/2046 2095/1/2095 1203/1/1203 1202/1/1202 
f 2018/1/2018 2014/1/2014 2095/1/2095 2046/1/2046 
f 2092/1/2092 2095/1/2095 2014/1/2014 2013/1/2013 
f 1702/1/1702 1701/1/1701 2096/1/2096 2016/1/2016 
f 2097/1/2097 2096/1/2096 1701/1/1701 1706/1/1706 
f 2094/1/2094 2093/1/2093 2096/1/2096 2097/1/2097 
f 2016/1/2016 2096/1/2096 2093/1/2093 2013/1/2013 
f 2098/1/2098 2099/1/2099 2100/1/2100 2101/1/2101 
f 157/1/157 2100/1/2100 2099/1/2099 154/1/154 
f 162/1/162 2102/1/2102 2100/1/2100 157/1/157 
f 2101/1/2101 2100/1/2100 2102/1/2102 2103/1/2103 
f 2103/1/2103 2102/1/2102 2104/1/2104 2105/1/2105 
f 164/1/164 2104/1/2104 2102/1/2102 162/1/162 
f 168/1/168 2106/1/2106 2104/1/2104 164/1/164 
f 2105/1/2105 2104/1/2104 2106/1/2106 2107/1/2107 
f 2103/1/2103 2105/1/2105 2108/1/2108 2109/1/2109 
f 2107/1/2107 2110/1/2110 2108/1/2108 2105/1/2105 
f 2110/1/2110 1856/1/1856 1858/1/1858 2108/1/2108 
f 2109/1/2109 2108/1/2108 1858/1/1858 1714/1/1714 
f 1792/1/1792 2111/1/2111 2112/1/2112 1795/1/1795 
f 2101/1/2101 2112/1/2112 2111/1/2111 2098/1/2098 
f 2103/1/2103 2109/1/2109 2112/1/2112 2101/1/2101 
f 1795/1/1795 2112/1/2112 2109/1/2109 1714/1/1714 
f 2107/1/2107 2106/1/2106 2113/1/2113 2114/1/2114 
f 277/1/277 2113/1/2113 2106/1/2106 168/1/168 
f 281/1/281 2115/1/2115 2113/1/2113 277/1/277 
f 2114/1/2114 2113/1/2113 2115/1/2115 2024/1/2024 
f 2024/1/2024 2115/1/2115 2116/1/2116 2022/1/2022 
f 1873/1/1873 2116/1/2116 2115/1/2115 281/1/281 
f 1868/1/1868 2117/1/2117 2116/1/2116 1873/1/1873 
f 2022/1/2022 2116/1/2116 2117/1/2117 2019/1/2019 
f 1856/1/1856 2110/1/2110 2118/1/2118 1854/1/1854 
f 2114/1/2114 2118/1/2118 2110/1/2110 2107/1/2107 
f 2024/1/2024 2023/1/2023 2118/1/2118 2114/1/2114 
f 1854/1/1854 2118/1/2118 2023/1/2023 1710/1/1710 
f 2119/1/2119 2120/1/2120 2121/1/2121 2122/1/2122 
f 1924/1/1924 2121/1/2121 2120/1/2120 1918/1/1918 
f 1923/1/1923 2123/1/2123 2121/1/2121 1924/1/1924 
f 2122/1/2122 2121/1/2121 2123/1/2123 2030/1/2030 
f 2124/1/2124 2123/1/2123 1923/1/1923 
f 2125/1/2125 2124/1/2124 1950/1/1950 1949/1/1949 
f 2125/1/2125 2025/1/2025 2028/1/2028 
f 2030/1/2030 2123/1/2123 2124/1/2124 2028/1/2028 
f 1728/1/1728 2126/1/2126 2127/1/2127 1727/1/1727 
f 2126/1/2126 2119/1/2119 2122/1/2122 
f 2030/1/2030 2029/1/2029 2127/1/2127 2122/1/2122 
f 1727/1/1727 2127/1/2127 2029/1/2029 1722/1/1722 
f 2128/1/2128 2129/1/2129 2130/1/2130 2131/1/2131 
f 257/1/257 2130/1/2130 2129/1/2129 259/1/259 
f 258/1/258 2132/1/2132 2130/1/2130 257/1/257 
f 2131/1/2131 2130/1/2130 2132/1/2132 2036/1/2036 
f 2036/1/2036 2132/1/2132 2133/1/2133 2034/1/2034 
f 1079/1/1079 2133/1/2133 2132/1/2132 258/1/258 
f 1080/1/1080 2134/1/2134 2133/1/2133 1079/1/1079 
f 2034/1/2034 2133/1/2133 2134/1/2134 2031/1/2031 
f 1833/1/1833 2135/1/2135 2136/1/2136 1836/1/1836 
f 2131/1/2131 2136/1/2136 2135/1/2135 2128/1/2128 
f 2036/1/2036 2035/1/2035 2136/1/2136 2131/1/2131 
f 1836/1/1836 2136/1/2136 2035/1/2035 1830/1/1830 
f 2137/1/2137 2138/1/2138 2139/1/2139 2140/1/2140 
f 1845/1/1845 2139/1/2139 2138/1/2138 1846/1/1846 
f 2139/1/2139 1845/1/1845 1123/1/1123 
f 2141/1/2141 2142/1/2142 2140/1/2140 
f 1122/1/1122 2143/1/2143 2141/1/2141 1123/1/1123 
f 2144/1/2144 2143/1/2143 1122/1/1122 1128/1/1128 
f 2145/1/2145 2146/1/2146 2143/1/2143 2144/1/2144 
f 2143/1/2143 2146/1/2146 2142/1/2142 
f 2146/1/2146 2147/1/2147 2148/1/2148 2142/1/2142 
f 2149/1/2149 2147/1/2147 2146/1/2146 2145/1/2145 
f 1927/1/1927 1936/1/1936 2147/1/2147 2149/1/2149 
f 1733/1/1733 2148/1/2148 2147/1/2147 1936/1/1936 
f 1242/1/1242 2150/1/2150 2151/1/2151 1732/1/1732 
f 2150/1/2150 2137/1/2137 2140/1/2140 
f 2142/1/2142 2148/1/2148 2151/1/2151 2140/1/2140 
f 1732/1/1732 2151/1/2151 2148/1/2148 1733/1/1733 
f 2152/1/2152 2153/1/2153 2154/1/2154 2155/1/2155 
f 1361/1/1361 2154/1/2154 2153/1/2153 1362/1/1362 
f 2154/1/2154 1361/1/1361 1358/1/1358 
f 2156/1/2156 2157/1/2157 2155/1/2155 
f 1358/1/1358 1357/1/1357 2158/1/2158 2156/1/2156 
f 2159/1/2159 2158/1/2158 1357/1/1357 1356/1/1356 
f 2160/1/2160 2161/1/2161 2158/1/2158 2159/1/2159 
f 2161/1/2161 2157/1/2157 2156/1/2156 
f 2157/1/2157 2161/1/2161 2162/1/2162 2163/1/2163 
f 2164/1/2164 2162/1/2162 2161/1/2161 2160/1/2160 
f 1877/1/1877 1876/1/1876 2162/1/2162 2164/1/2164 
f 2163/1/2163 2162/1/2162 1876/1/1876 1747/1/1747 
f 1956/1/1956 2165/1/2165 2166/1/2166 1959/1/1959 
f 2155/1/2155 2166/1/2166 2165/1/2165 2152/1/2152 
f 2157/1/2157 2163/1/2163 2166/1/2166 2155/1/2155 
f 1959/1/1959 2166/1/2166 2163/1/2163 1747/1/1747 
f 1356/1/1356 1463/1/1463 2167/1/2167 2159/1/2159 
f 1463/1/1463 1462/1/1462 2168/1/2168 
f 2169/1/2169 2170/1/2170 2167/1/2167 2168/1/2168 
f 2159/1/2159 2167/1/2167 2170/1/2170 2160/1/2160 
f 1462/1/1462 1978/1/1978 2171/1/2171 2168/1/2168 
f 2172/1/2172 2171/1/2171 1978/1/1978 1977/1/1977 
f 2173/1/2173 2174/1/2174 2171/1/2171 2172/1/2172 
f 2168/1/2168 2171/1/2171 2174/1/2174 2169/1/2169 
f 2169/1/2169 2174/1/2174 2175/1/2175 2176/1/2176 
f 2177/1/2177 2175/1/2175 2174/1/2174 2173/1/2173 
f 2175/1/2175 2177/1/2177 1976/1/1976 
f 2176/1/2176 2175/1/2175 1975/1/1975 1744/1/1744 
f 1744/1/1744 1879/1/1879 2178/1/2178 2176/1/2176 
f 2164/1/2164 2178/1/2178 1879/1/1879 1877/1/1877 
f 2160/1/2160 2170/1/2170 2178/1/2178 2164/1/2164 
f 2176/1/2176 2178/1/2178 2170/1/2170 2169/1/2169 
f 1679/1/1679 1682/1/1682 2179/1/2179 2180/1/2180 
f 2181/1/2181 2179/1/2179 1682/1/1682 1678/1/1678 
f 2182/1/2182 2183/1/2183 2179/1/2179 2181/1/2181 
f 2180/1/2180 2179/1/2179 2183/1/2183 2184/1/2184 
f 2185/1/2185 2182/1/2182 2181/1/2181 2186/1/2186 
f 1677/1/1677 2186/1/2186 2181/1/2181 1678/1/1678 
f 1664/1/1664 2187/1/2187 2186/1/2186 1677/1/1677 
f 2185/1/2185 2186/1/2186 2187/1/2187 2188/1/2188 
f 2188/1/2188 2187/1/2187 2189/1/2189 2190/1/2190 
f 1667/1/1667 2189/1/2189 2187/1/2187 1664/1/1664 
f 1672/1/1672 2191/1/2191 2189/1/2189 1667/1/1667 
f 2190/1/2190 2189/1/2189 2191/1/2191 2192/1/2192 
f 1672/1/1672 1992/1/1992 2193/1/2193 2191/1/2191 
f 2194/1/2194 2193/1/2193 1992/1/1992 1991/1/1991 
f 2195/1/2195 2196/1/2196 2193/1/2193 2194/1/2194 
f 2191/1/2191 2193/1/2193 2196/1/2196 2192/1/2192 
f 1991/1/1991 1990/1/1990 2197/1/2197 2194/1/2194 
f 1990/1/1990 1989/1/1989 2198/1/2198 
f 2199/1/2199 2200/1/2200 2197/1/2197 2198/1/2198 
f 2194/1/2194 2197/1/2197 2200/1/2200 2195/1/2195 
f 2201/1/2201 2202/1/2202 2203/1/2203 2204/1/2204 
f 1457/1/1457 2203/1/2203 2202/1/2202 1459/1/1459 
f 1458/1/1458 2205/1/2205 2203/1/2203 1457/1/1457 
f 2204/1/2204 2203/1/2203 2205/1/2205 2040/1/2040 
f 1458/1/1458 1891/1/1891 2206/1/2206 2205/1/2205 
f 1891/1/1891 1888/1/1888 2207/1/2207 
f 2042/1/2042 2037/1/2037 2206/1/2206 2207/1/2207 
f 2205/1/2205 2206/1/2206 2037/1/2037 2040/1/2040 
f 1973/1/1973 2208/1/2208 2209/1/2209 1974/1/1974 
f 2204/1/2204 2209/1/2209 2208/1/2208 2201/1/2201 
f 2040/1/2040 2039/1/2039 2209/1/2209 2204/1/2204 
f 1974/1/1974 2209/1/2209 2039/1/2039 1738/1/1738 
f 1888/1/1888 1887/1/1887 2210/1/2210 2207/1/2207 
f 2211/1/2211 2210/1/2210 1887/1/1887 1886/1/1886 
f 2212/1/2212 2213/1/2213 2210/1/2210 2211/1/2211 
f 2207/1/2207 2210/1/2210 2213/1/2213 2042/1/2042 
f 1886/1/1886 1968/1/1968 2214/1/2214 2211/1/2211 
f 1968/1/1968 1966/1/1966 2052/1/2052 
f 2053/1/2053 2215/1/2215 2214/1/2214 2052/1/2052 
f 2215/1/2215 2212/1/2212 2211/1/2211 
f 2216/1/2216 2217/1/2217 2215/1/2215 2053/1/2053 
f 1958/1/1958 1961/1/1961 2217/1/2217 2216/1/2216 
f 1750/1/1750 2218/1/2218 2217/1/2217 1961/1/1961 
f 2212/1/2212 2215/1/2215 2217/1/2217 2218/1/2218 
f 1740/1/1740 2041/1/2041 2219/1/2219 1752/1/1752 
f 2042/1/2042 2213/1/2213 2219/1/2219 2041/1/2041 
f 2212/1/2212 2218/1/2218 2219/1/2219 2213/1/2213 
f 1752/1/1752 2219/1/2219 2218/1/2218 1750/1/1750 
f 2220/1/2220 2221/1/2221 2222/1/2222 2223/1/2223 
f 2221/1/2221 1898/1/1898 1896/1/1896 
f 1897/1/1897 2224/1/2224 2222/1/2222 1896/1/1896 
f 2223/1/2223 2222/1/2222 2224/1/2224 2045/1/2045 
f 2224/1/2224 1897/1/1897 1938/1/1938 
f 1938/1/1938 1941/1/1941 2017/1/2017 
f 2018/1/2018 2047/1/2047 2225/1/2225 2017/1/2017 
f 2224/1/2224 2225/1/2225 2047/1/2047 2045/1/2045 
f 1933/1/1933 2226/1/2226 2227/1/2227 1934/1/1934 
f 2226/1/2226 2220/1/2220 2223/1/2223 
f 2045/1/2045 2044/1/2044 2227/1/2227 2223/1/2223 
f 1934/1/1934 2227/1/2227 2044/1/2044 1756/1/1756 
f 1933/1/1933 1932/1/1932 2228/1/2228 2226/1/2226 
f 2229/1/2229 2228/1/2228 1932/1/1932 1931/1/1931 
f 2048/1/2048 2230/1/2230 2228/1/2228 2229/1/2229 
f 2226/1/2226 2228/1/2228 2230/1/2230 2220/1/2220 
f 1931/1/1931 1953/1/1953 2231/1/2231 2229/1/2229 
f 1953/1/1953 1958/1/1958 2216/1/2216 2231/1/2231 
f 2231/1/2231 2216/1/2216 2053/1/2053 
f 2229/1/2229 2231/1/2231 2049/1/2049 2048/1/2048 
f 1901/1/1901 1904/1/1904 2232/1/2232 2051/1/2051 
f 2232/1/2232 1904/1/1904 1898/1/1898 
f 2220/1/2220 2230/1/2230 2232/1/2232 2221/1/2221 
f 2051/1/2051 2232/1/2232 2230/1/2230 2048/1/2048 
f 1956/1/1956 1954/1/1954 2233/1/2233 2165/1/2165 
f 2234/1/2234 2233/1/2233 1954/1/1954 1929/1/1929 
f 2235/1/2235 2236/1/2236 2233/1/2233 2234/1/2234 
f 2236/1/2236 2152/1/2152 2165/1/2165 2233/1/2233 
f 2237/1/2237 2234/1/2234 1929/1/1929 
f 2149/1/2149 2237/1/2237 1928/1/1928 1927/1/1927 
f 2145/1/2145 2238/1/2238 2237/1/2237 2149/1/2149 
f 2238/1/2238 2235/1/2235 2234/1/2234 
f 2235/1/2235 2238/1/2238 2239/1/2239 2240/1/2240 
f 2238/1/2238 2145/1/2145 2144/1/2144 
f 1128/1/1128 1764/1/1764 2239/1/2239 2144/1/2144 
f 2240/1/2240 2239/1/2239 1764/1/1764 1763/1/1763 
f 1763/1/1763 1767/1/1767 2241/1/2241 2240/1/2240 
f 2153/1/2153 2241/1/2241 1767/1/1767 1362/1/1362 
f 2152/1/2152 2236/1/2236 2241/1/2241 2153/1/2153 
f 2240/1/2240 2241/1/2241 2236/1/2236 2235/1/2235 
f 52/1/52 51/1/51 2242/1/2242 2243/1/2243 
f 2244/1/2244 2242/1/2242 51/1/51 50/1/50 
f 2054/1/2054 2245/1/2245 2242/1/2242 2244/1/2244 
f 2243/1/2243 2242/1/2242 2245/1/2245 2246/1/2246 
f 2247/1/2247 2244/1/2244 50/1/50 
f 2248/1/2248 2247/1/2247 1803/1/1803 1801/1/1801 
f 2247/1/2247 2248/1/2248 2059/1/2059 
f 2244/1/2244 2247/1/2247 2055/1/2055 2054/1/2054 
f 1774/1/1774 2249/1/2249 2250/1/2250 2057/1/2057 
f 2251/1/2251 2250/1/2250 2249/1/2249 2252/1/2252 
f 2246/1/2246 2245/1/2245 2250/1/2250 2251/1/2251 
f 2057/1/2057 2250/1/2250 2245/1/2245 2054/1/2054 
f 2098/1/2098 2111/1/2111 2253/1/2253 2254/1/2254 
f 1791/1/1791 2253/1/2253 2111/1/2111 1792/1/1792 
f 1788/1/1788 2255/1/2255 2253/1/2253 1791/1/1791 
f 2254/1/2254 2253/1/2253 2255/1/2255 2256/1/2256 
f 1781/1/1781 2257/1/2257 2258/1/2258 1782/1/1782 
f 1781/1/1781 154/1/154 2099/1/2099 2257/1/2257 
f 2254/1/2254 2257/1/2257 2099/1/2099 2098/1/2098 
f 2256/1/2256 2258/1/2258 2257/1/2257 2254/1/2254 
f 1804/1/1804 1812/1/1812 2259/1/2259 2068/1/2068 
f 2058/1/2058 2259/1/2259 1812/1/1812 1776/1/1776 
f 2059/1/2059 2260/1/2260 2259/1/2259 2058/1/2058 
f 2068/1/2068 2259/1/2259 2260/1/2260 2064/1/2064 
f 1801/1/1801 1800/1/1800 2261/1/2261 2248/1/2248 
f 2061/1/2061 2261/1/2261 1800/1/1800 147/1/147 
f 2064/1/2064 2260/1/2260 2261/1/2261 2061/1/2061 
f 2248/1/2248 2261/1/2261 2260/1/2260 2059/1/2059 
f 1074/1/1074 1912/1/1912 2262/1/2262 2087/1/2087 
f 2091/1/2091 2262/1/2262 1912/1/1912 1910/1/1910 
f 2094/1/2094 2263/1/2263 2262/1/2262 2091/1/2091 
f 2087/1/2087 2262/1/2262 2263/1/2263 2012/1/2012 
f 2012/1/2012 2263/1/2263 2264/1/2264 2011/1/2011 
f 2097/1/2097 2264/1/2264 2263/1/2263 2094/1/2094 
f 1706/1/1706 1826/1/1826 2264/1/2264 2097/1/2097 
f 2011/1/2011 2264/1/2264 1826/1/1826 1823/1/1823 
f 2031/1/2031 2134/1/2134 2265/1/2265 2266/1/2266 
f 1914/1/1914 2265/1/2265 2134/1/2134 1080/1/1080 
f 1918/1/1918 2120/1/2120 2265/1/2265 1914/1/1914 
f 2266/1/2266 2265/1/2265 2120/1/2120 2119/1/2119 
f 2119/1/2119 2126/1/2126 2267/1/2267 2266/1/2266 
f 2126/1/2126 1728/1/1728 1814/1/1814 
f 1817/1/1817 2032/1/2032 2267/1/2267 1814/1/1814 
f 2266/1/2266 2267/1/2267 2032/1/2032 2031/1/2031 
f 2019/1/2019 2117/1/2117 2268/1/2268 2269/1/2269 
f 1867/1/1867 2268/1/2268 2117/1/2117 1868/1/1868 
f 259/1/259 2129/1/2129 2268/1/2268 1867/1/1867 
f 2269/1/2269 2268/1/2268 2129/1/2129 2128/1/2128 
f 2270/1/2270 1832/1/1832 1715/1/1715 
f 2269/1/2269 2270/1/2270 2020/1/2020 2019/1/2019 
f 2128/1/2128 2135/1/2135 2270/1/2270 2269/1/2269 
f 1832/1/1832 2270/1/2270 2135/1/2135 1833/1/1833 
f 2271/1/2271 2076/1/2076 323/1/323 
f 329/1/329 233/1/233 2082/1/2082 
f 2271/1/2271 2082/1/2082 2085/1/2085 
f 2076/1/2076 2271/1/2271 2272/1/2272 2077/1/2077 
f 1837/1/1837 1860/1/1860 2273/1/2273 2089/1/2089 
f 1860/1/1860 1859/1/1859 2080/1/2080 
f 2077/1/2077 2272/1/2272 2273/1/2273 2080/1/2080 
f 2089/1/2089 2273/1/2273 2272/1/2272 2085/1/2085 
f 1240/1/1240 2274/1/2274 2150/1/2150 1242/1/1242 
f 1241/1/1241 2026/1/2026 2274/1/2274 1240/1/1240 
f 2275/1/2275 2274/1/2274 2026/1/2026 2025/1/2025 
f 2274/1/2274 2275/1/2275 2137/1/2137 
f 2275/1/2275 2276/1/2276 2138/1/2138 2137/1/2137 
f 2125/1/2125 2276/1/2276 2275/1/2275 2025/1/2025 
f 1949/1/1949 1948/1/1948 2276/1/2276 2125/1/2125 
f 1948/1/1948 1846/1/1846 2138/1/2138 2276/1/2276 
f 1616/1/1616 1615/1/1615 2277/1/2277 2278/1/2278 
f 844/1/844 2277/1/2277 1615/1/1615 846/1/846 
f 2277/1/2277 844/1/844 845/1/845 
f 2279/1/2279 2280/1/2280 2278/1/2278 
f 1015/1/1015 1014/1/1014 2281/1/2281 2282/1/2282 
f 1005/1/1005 1004/1/1004 2281/1/2281 1014/1/1014 
f 828/1/828 2283/1/2283 2281/1/2281 1004/1/1004 
f 2282/1/2282 2281/1/2281 2283/1/2283 2284/1/2284 
f 2285/1/2285 2286/1/2286 2287/1/2287 2288/1/2288 
f 1036/1/1036 2287/1/2287 2286/1/2286 1038/1/1038 
f 1015/1/1015 2282/1/2282 2287/1/2287 1036/1/1036 
f 2288/1/2288 2287/1/2287 2282/1/2282 2284/1/2284 
f 2283/1/2283 2289/1/2289 2290/1/2290 2284/1/2284 
f 827/1/827 2289/1/2289 2283/1/2283 828/1/828 
f 833/1/833 2291/1/2291 2289/1/2289 827/1/827 
f 2292/1/2292 2290/1/2290 2289/1/2289 2291/1/2291 
f 2284/1/2284 2290/1/2290 2293/1/2293 2288/1/2288 
f 2294/1/2294 2293/1/2293 2290/1/2290 2292/1/2292 
f 2295/1/2295 2296/1/2296 2293/1/2293 2294/1/2294 
f 2288/1/2288 2293/1/2293 2296/1/2296 2285/1/2285 
f 2297/1/2297 2295/1/2295 2294/1/2294 
f 2292/1/2292 2291/1/2291 2298/1/2298 2294/1/2294 
f 835/1/835 2298/1/2298 2291/1/2291 833/1/833 
f 835/1/835 839/1/839 2297/1/2297 
f 2297/1/2297 839/1/839 1622/1/1622 
f 1622/1/1622 1616/1/1616 2278/1/2278 
f 2280/1/2280 2299/1/2299 2300/1/2300 2278/1/2278 
f 2295/1/2295 2297/1/2297 2300/1/2300 2299/1/2299 
f 2279/1/2279 2301/1/2301 2299/1/2299 2280/1/2280 
f 2302/1/2302 2301/1/2301 2279/1/2279 845/1/845 
f 2285/1/2285 2296/1/2296 2301/1/2301 2302/1/2302 
f 2299/1/2299 2301/1/2301 2296/1/2296 2295/1/2295 
f 845/1/845 841/1/841 2303/1/2303 2302/1/2302 
f 1048/1/1048 2303/1/2303 841/1/841 840/1/840 
f 1038/1/1038 2286/1/2286 2303/1/2303 1048/1/1048 
f 2302/1/2302 2303/1/2303 2286/1/2286 2285/1/2285 
f 1501/1/1501 1500/1/1500 2304/1/2304 1505/1/1505 
f 2305/1/2305 2304/1/2304 1500/1/1500 1499/1/1499 
f 2305/1/2305 2306/1/2306 2307/1/2307 2304/1/2304 
f 1505/1/1505 2304/1/2304 2307/1/2307 1502/1/1502 
f 1568/1/1568 2308/1/2308 2309/1/2309 1554/1/1554 
f 1568/1/1568 1569/1/1569 1576/1/1576 
f 1502/1/1502 2307/1/2307 2308/1/2308 1576/1/1576 
f 2309/1/2309 2308/1/2308 2307/1/2307 2306/1/2306 
f 2310/1/2310 1555/1/1555 1553/1/1553 
f 1554/1/1554 2309/1/2309 2311/1/2311 1553/1/1553 
f 2306/1/2306 2312/1/2312 2311/1/2311 2309/1/2309 
f 2312/1/2312 2313/1/2313 2310/1/2310 
f 1499/1/1499 1498/1/1498 2314/1/2314 2315/1/2315 
f 1439/1/1439 1442/1/1442 2314/1/2314 1498/1/1498 
f 1444/1/1444 2316/1/2316 2314/1/2314 1442/1/1442 
f 2315/1/2315 2314/1/2314 2316/1/2316 2317/1/2317 
f 1499/1/1499 2315/1/2315 2318/1/2318 2305/1/2305 
f 2319/1/2319 2318/1/2318 2315/1/2315 2317/1/2317 
f 2320/1/2320 2321/1/2321 2318/1/2318 2319/1/2319 
f 2306/1/2306 2305/1/2305 2318/1/2318 2321/1/2321 
f 2320/1/2320 2322/1/2322 2323/1/2323 2321/1/2321 
f 2313/1/2313 2312/1/2312 2323/1/2323 2322/1/2322 
f 2321/1/2321 2323/1/2323 2312/1/2312 2306/1/2306 
f 2324/1/2324 2325/1/2325 2326/1/2326 2327/1/2327 
f 2328/1/2328 2326/1/2326 2325/1/2325 2329/1/2329 
f 1461/1/1461 1460/1/1460 2326/1/2326 2328/1/2328 
f 2327/1/2327 2326/1/2326 1460/1/1460 1459/1/1459 
f 2330/1/2330 2331/1/2331 2332/1/2332 2333/1/2333 
f 1987/1/1987 2332/1/2332 2331/1/2331 1989/1/1989 
f 1988/1/1988 2334/1/2334 2332/1/2332 1987/1/1987 
f 2333/1/2333 2332/1/2332 2334/1/2334 2335/1/2335 
f 2329/1/2329 2325/1/2325 2336/1/2336 2337/1/2337 
f 2338/1/2338 2336/1/2336 2325/1/2325 2324/1/2324 
f 2339/1/2339 2340/1/2340 2336/1/2336 2338/1/2338 
f 2337/1/2337 2336/1/2336 2340/1/2340 2341/1/2341 
f 2333/1/2333 2342/1/2342 2343/1/2343 2330/1/2330 
f 2333/1/2333 2335/1/2335 2344/1/2344 2342/1/2342 
f 2341/1/2341 2340/1/2340 2342/1/2342 2344/1/2344 
f 2339/1/2339 2343/1/2343 2342/1/2342 2340/1/2340 
f 1459/1/1459 2202/1/2202 2345/1/2345 2327/1/2327 
f 2346/1/2346 2345/1/2345 2202/1/2202 2201/1/2201 
f 2347/1/2347 2348/1/2348 2345/1/2345 2346/1/2346 
f 2327/1/2327 2345/1/2345 2348/1/2348 2324/1/2324 
f 2349/1/2349 2350/1/2350 2351/1/2351 2352/1/2352 
f 2198/1/2198 2351/1/2351 2350/1/2350 2199/1/2199 
f 1989/1/1989 2331/1/2331 2351/1/2351 2198/1/2198 
f 2352/1/2352 2351/1/2351 2331/1/2331 2330/1/2330 
f 2353/1/2353 2354/1/2354 2355/1/2355 2356/1/2356 
f 2352/1/2352 2355/1/2355 2354/1/2354 2349/1/2349 
f 2330/1/2330 2343/1/2343 2355/1/2355 2352/1/2352 
f 2356/1/2356 2355/1/2355 2343/1/2343 2339/1/2339 
f 2339/1/2339 2338/1/2338 2357/1/2357 2356/1/2356 
f 2324/1/2324 2348/1/2348 2357/1/2357 2338/1/2338 
f 2358/1/2358 2357/1/2357 2348/1/2348 2347/1/2347 
f 2356/1/2356 2357/1/2357 2358/1/2358 2353/1/2353 
f 2359/1/2359 2360/1/2360 2361/1/2361 2362/1/2362 
f 2346/1/2346 2360/1/2360 2359/1/2359 2347/1/2347 
f 2201/1/2201 2208/1/2208 2360/1/2360 2346/1/2346 
f 2361/1/2361 2360/1/2360 2208/1/2208 1973/1/1973 
f 2353/1/2353 2358/1/2358 2363/1/2363 2364/1/2364 
f 2359/1/2359 2363/1/2363 2358/1/2358 2347/1/2347 
f 2362/1/2362 2365/1/2365 2363/1/2363 2359/1/2359 
f 2364/1/2364 2363/1/2363 2365/1/2365 2366/1/2366 
f 2362/1/2362 2361/1/2361 2367/1/2367 2368/1/2368 
f 1972/1/1972 2367/1/2367 2361/1/2361 1973/1/1973 
f 1976/1/1976 2369/1/2369 2367/1/2367 1972/1/1972 
f 2368/1/2368 2367/1/2367 2369/1/2369 2370/1/2370 
f 2366/1/2366 2365/1/2365 2371/1/2371 2372/1/2372 
f 2365/1/2365 2362/1/2362 2368/1/2368 
f 2370/1/2370 2373/1/2373 2371/1/2371 2368/1/2368 
f 2372/1/2372 2371/1/2371 2373/1/2373 2374/1/2374 
f 2375/1/2375 2376/1/2376 2370/1/2370 
f 2177/1/2177 2375/1/2375 2369/1/2369 1976/1/1976 
f 2173/1/2173 2377/1/2377 2375/1/2375 2177/1/2177 
f 2376/1/2376 2375/1/2375 2377/1/2377 2378/1/2378 
f 2379/1/2379 2380/1/2380 2381/1/2381 2382/1/2382 
f 2380/1/2380 2374/1/2374 2373/1/2373 
f 2376/1/2376 2381/1/2381 2373/1/2373 2370/1/2370 
f 2378/1/2378 2382/1/2382 2381/1/2381 2376/1/2376 
f 2383/1/2383 2384/1/2384 2385/1/2385 2386/1/2386 
f 2180/1/2180 2384/1/2384 2383/1/2383 1679/1/1679 
f 2184/1/2184 2387/1/2387 2384/1/2384 2180/1/2180 
f 2388/1/2388 2385/1/2385 2384/1/2384 2387/1/2387 
f 2378/1/2378 2377/1/2377 2389/1/2389 2390/1/2390 
f 2172/1/2172 2389/1/2389 2377/1/2377 2173/1/2173 
f 1977/1/1977 2391/1/2391 2389/1/2389 2172/1/2172 
f 2390/1/2390 2389/1/2389 2391/1/2391 2392/1/2392 
f 2390/1/2390 2393/1/2393 2382/1/2382 2378/1/2378 
f 2392/1/2392 2394/1/2394 2393/1/2393 2390/1/2390 
f 2395/1/2395 2396/1/2396 2393/1/2393 2394/1/2394 
f 2382/1/2382 2393/1/2393 2396/1/2396 2379/1/2379 
f 2386/1/2386 2385/1/2385 2397/1/2397 2398/1/2398 
f 2399/1/2399 2397/1/2397 2385/1/2385 2388/1/2388 
f 2379/1/2379 2396/1/2396 2397/1/2397 2399/1/2399 
f 2398/1/2398 2397/1/2397 2396/1/2396 2395/1/2395 
f 1684/1/1684 1680/1/1680 2400/1/2400 2401/1/2401 
f 2383/1/2383 2400/1/2400 1680/1/1680 1679/1/1679 
f 2386/1/2386 2402/1/2402 2400/1/2400 2383/1/2383 
f 2401/1/2401 2400/1/2400 2402/1/2402 2403/1/2403 
f 2392/1/2392 2391/1/2391 2404/1/2404 2405/1/2405 
f 1980/1/1980 2404/1/2404 2391/1/2391 1977/1/1977 
f 1982/1/1982 2406/1/2406 2404/1/2404 1980/1/1980 
f 2405/1/2405 2404/1/2404 2406/1/2406 2407/1/2407 
f 2405/1/2405 2408/1/2408 2394/1/2394 2392/1/2392 
f 2407/1/2407 2409/1/2409 2408/1/2408 2405/1/2405 
f 2410/1/2410 2411/1/2411 2408/1/2408 2409/1/2409 
f 2394/1/2394 2408/1/2408 2411/1/2411 2395/1/2395 
f 2403/1/2403 2402/1/2402 2412/1/2412 2413/1/2413 
f 2398/1/2398 2412/1/2412 2402/1/2402 2386/1/2386 
f 2395/1/2395 2411/1/2411 2412/1/2412 2398/1/2398 
f 2413/1/2413 2412/1/2412 2411/1/2411 2410/1/2410 
f 2414/1/2414 2415/1/2415 2416/1/2416 2417/1/2417 
f 2415/1/2415 2407/1/2407 2406/1/2406 2416/1/2416 
f 2418/1/2418 2416/1/2416 2406/1/2406 1982/1/1982 
f 2419/1/2419 2417/1/2417 2416/1/2416 2418/1/2418 
f 2407/1/2407 2415/1/2415 2420/1/2420 2409/1/2409 
f 2421/1/2421 2420/1/2420 2415/1/2415 2414/1/2414 
f 2422/1/2422 2423/1/2423 2420/1/2420 2421/1/2421 
f 2409/1/2409 2420/1/2420 2423/1/2423 2410/1/2410 
f 1642/1/1642 1657/1/1657 2424/1/2424 2425/1/2425 
f 2426/1/2426 2424/1/2424 1657/1/1657 1656/1/1656 
f 2427/1/2427 2428/1/2428 2424/1/2424 2426/1/2426 
f 2428/1/2428 2429/1/2429 2425/1/2425 2424/1/2424 
f 2429/1/2429 2430/1/2430 2431/1/2431 2432/1/2432 
f 2433/1/2433 2431/1/2431 2430/1/2430 2434/1/2434 
f 2435/1/2435 2436/1/2436 2431/1/2431 2433/1/2433 
f 2432/1/2432 2431/1/2431 2436/1/2436 1494/1/1494 
f 1489/1/1489 1485/1/1485 1495/1/1495 
f 1494/1/1494 2436/1/2436 2437/1/2437 1495/1/1495 
f 2438/1/2438 2437/1/2437 2436/1/2436 2435/1/2435 
f 2438/1/2438 1490/1/1490 1489/1/1489 2437/1/2437 
f 2432/1/2432 2439/1/2439 2425/1/2425 2429/1/2429 
f 2439/1/2439 2432/1/2432 1494/1/1494 
f 2439/1/2439 1626/1/1626 1625/1/1625 
f 2425/1/2425 2439/1/2439 1643/1/1643 1642/1/1642 
f 698/1/698 714/1/714 2440/1/2440 695/1/695 
f 2441/1/2441 2440/1/2440 714/1/714 713/1/713 
f 2440/1/2440 2441/1/2441 2442/1/2442 
f 695/1/695 2440/1/2440 2443/1/2443 700/1/700 
f 713/1/713 721/1/721 2444/1/2444 2441/1/2441 
f 5/1/5 2444/1/2444 721/1/721 7/1/7 
f 6/1/6 2445/1/2445 2444/1/2444 5/1/5 
f 2441/1/2441 2444/1/2444 2445/1/2445 2442/1/2442 
f 700/1/700 2443/1/2443 2446/1/2446 2447/1/2447 
f 2442/1/2442 2448/1/2448 2446/1/2446 2443/1/2443 
f 2448/1/2448 2449/1/2449 2450/1/2450 2446/1/2446 
f 2447/1/2447 2446/1/2446 2450/1/2450 2451/1/2451 
f 2452/1/2452 2453/1/2453 2454/1/2454 
f 165/1/165 2452/1/2452 2455/1/2455 166/1/166 
f 161/1/161 2456/1/2456 2452/1/2452 165/1/165 
f 2453/1/2453 2452/1/2452 2456/1/2456 2457/1/2457 
f 166/1/166 2455/1/2455 2458/1/2458 278/1/278 
f 2459/1/2459 2458/1/2458 2455/1/2455 2454/1/2454 
f 2460/1/2460 2461/1/2461 2458/1/2458 2459/1/2459 
f 278/1/278 2458/1/2458 2461/1/2461 280/1/280 
f 2462/1/2462 2463/1/2463 2464/1/2464 2465/1/2465 
f 2463/1/2463 151/1/151 150/1/150 
f 66/1/66 63/1/63 2464/1/2464 150/1/150 
f 2465/1/2465 2464/1/2464 63/1/63 62/1/62 
f 2466/1/2466 2467/1/2467 2468/1/2468 2469/1/2469 
f 1944/1/1944 1952/1/1952 2467/1/2467 2466/1/2466 
f 1919/1/1919 2470/1/2470 2467/1/2467 1952/1/1952 
f 2468/1/2468 2467/1/2467 2470/1/2470 2471/1/2471 
f 2472/1/2472 2473/1/2473 2471/1/2471 
f 1922/1/1922 2472/1/2472 2470/1/2470 1919/1/1919 
f 1916/1/1916 2474/1/2474 2472/1/2472 1922/1/1922 
f 2473/1/2473 2472/1/2472 2474/1/2474 2475/1/2475 
f 2476/1/2476 2477/1/2477 2478/1/2478 2479/1/2479 
f 1140/1/1140 2479/1/2479 2478/1/2478 1141/1/1141 
f 1060/1/1060 2480/1/2480 2479/1/2479 1140/1/1140 
f 2476/1/2476 2479/1/2479 2480/1/2480 2481/1/2481 
f 287/1/287 286/1/286 2482/1/2482 2483/1/2483 
f 2484/1/2484 2482/1/2482 286/1/286 196/1/196 
f 2485/1/2485 2486/1/2486 2482/1/2482 2484/1/2484 
f 2483/1/2483 2482/1/2482 2486/1/2486 2487/1/2487 
f 2488/1/2488 2489/1/2489 2490/1/2490 2491/1/2491 
f 2418/1/2418 2490/1/2490 2489/1/2489 2419/1/2419 
f 1982/1/1982 1981/1/1981 2490/1/2490 2418/1/2418 
f 2491/1/2491 2490/1/2490 1981/1/1981 1467/1/1467 
f 1669/1/1669 2492/1/2492 2493/1/2493 1668/1/1668 
f 2494/1/2494 2493/1/2493 2492/1/2492 2495/1/2495 
f 2496/1/2496 2497/1/2497 2493/1/2493 2494/1/2494 
f 1668/1/1668 2493/1/2493 2497/1/2497 1670/1/1670 
f 2496/1/2496 2498/1/2498 2499/1/2499 2497/1/2497 
f 2500/1/2500 2499/1/2499 2498/1/2498 2501/1/2501 
f 1983/1/1983 1994/1/1994 2499/1/2499 2500/1/2500 
f 2497/1/2497 2499/1/2499 1994/1/1994 1670/1/1670 
f 1988/1/1988 1984/1/1984 2502/1/2502 2503/1/2503 
f 2500/1/2500 2502/1/2502 1984/1/1984 1983/1/1983 
f 2501/1/2501 2504/1/2504 2502/1/2502 2500/1/2500 
f 2503/1/2503 2502/1/2502 2504/1/2504 2505/1/2505 
f 2505/1/2505 2506/1/2506 2507/1/2507 2503/1/2503 
f 2508/1/2508 2507/1/2507 2506/1/2506 2509/1/2509 
f 2335/1/2335 2334/1/2334 2507/1/2507 2508/1/2508 
f 2503/1/2503 2507/1/2507 2334/1/2334 1988/1/1988 
f 2510/1/2510 2511/1/2511 2512/1/2512 2513/1/2513 
f 2514/1/2514 2512/1/2512 2511/1/2511 2515/1/2515 
f 1967/1/1967 1970/1/1970 2512/1/2512 2514/1/2514 
f 2513/1/2513 2512/1/2512 1970/1/1970 1885/1/1885 
f 2516/1/2516 2517/1/2517 2518/1/2518 2519/1/2519 
f 1895/1/1895 2518/1/2518 2517/1/2517 1892/1/1892 
f 1900/1/1900 2520/1/2520 2518/1/2518 1895/1/1895 
f 2519/1/2519 2518/1/2518 2520/1/2520 2521/1/2521 
f 1135/1/1135 1133/1/1133 2522/1/2522 2523/1/2523 
f 1939/1/1939 2522/1/2522 1133/1/1133 1134/1/1134 
f 1892/1/1892 2517/1/2517 2522/1/2522 1939/1/1939 
f 2523/1/2523 2522/1/2522 2517/1/2517 2516/1/2516 
f 2524/1/2524 2525/1/2525 2526/1/2526 2527/1/2527 
f 2319/1/2319 2526/1/2526 2525/1/2525 2320/1/2320 
f 2317/1/2317 2528/1/2528 2526/1/2526 2319/1/2319 
f 2527/1/2527 2526/1/2526 2528/1/2528 2529/1/2529 
f 2529/1/2529 2528/1/2528 2530/1/2530 2531/1/2531 
f 2316/1/2316 2530/1/2530 2528/1/2528 2317/1/2317 
f 1444/1/1444 1452/1/1452 2530/1/2530 2316/1/2316 
f 2531/1/2531 2530/1/2530 1452/1/1452 1451/1/1451 
f 2532/1/2532 2533/1/2533 2534/1/2534 2535/1/2535 
f 1963/1/1963 2534/1/2534 2533/1/2533 1906/1/1906 
f 2514/1/2514 2534/1/2534 1963/1/1963 1967/1/1967 
f 2515/1/2515 2535/1/2535 2534/1/2534 2514/1/2514 
f 2521/1/2521 2520/1/2520 2536/1/2536 2537/1/2537 
f 1905/1/1905 2536/1/2536 2520/1/2520 1900/1/1900 
f 1906/1/1906 2533/1/2533 2536/1/2536 1905/1/1905 
f 2537/1/2537 2536/1/2536 2533/1/2533 2532/1/2532 
f 69/1/69 68/1/68 2538/1/2538 2539/1/2539 
f 54/1/54 2538/1/2538 68/1/68 58/1/58 
f 53/1/53 2540/1/2540 2538/1/2538 54/1/54 
f 2539/1/2539 2538/1/2538 2540/1/2540 2541/1/2541 
f 2457/1/2457 2456/1/2456 2542/1/2542 2543/1/2543 
f 2456/1/2456 161/1/161 159/1/159 2542/1/2542 
f 2544/1/2544 2542/1/2542 159/1/159 158/1/158 
f 2543/1/2543 2542/1/2542 2544/1/2544 2545/1/2545 
f 2546/1/2546 2547/1/2547 2548/1/2548 2549/1/2549 
f 2550/1/2550 2551/1/2551 2547/1/2547 2546/1/2546 
f 2552/1/2552 2547/1/2547 2551/1/2551 2545/1/2545 
f 2552/1/2552 2553/1/2553 2548/1/2548 2547/1/2547 
f 2554/1/2554 2555/1/2555 2556/1/2556 2557/1/2557 
f 2543/1/2543 2556/1/2556 2555/1/2555 2457/1/2457 
f 2545/1/2545 2551/1/2551 2556/1/2556 2543/1/2543 
f 2557/1/2557 2556/1/2556 2551/1/2551 2550/1/2550 
f 2550/1/2550 2558/1/2558 2559/1/2559 2557/1/2557 
f 124/1/124 2559/1/2559 2558/1/2558 35/1/35 
f 123/1/123 2560/1/2560 2559/1/2559 124/1/124 
f 2557/1/2557 2559/1/2559 2560/1/2560 2554/1/2554 
f 2553/1/2553 2552/1/2552 2561/1/2561 2562/1/2562 
f 2545/1/2545 2544/1/2544 2561/1/2561 2552/1/2552 
f 158/1/158 1779/1/1779 2561/1/2561 2544/1/2544 
f 1779/1/1779 1778/1/1778 2562/1/2562 2561/1/2561 
f 26/1/26 36/1/36 2563/1/2563 2564/1/2564 
f 2558/1/2558 2563/1/2563 36/1/36 35/1/35 
f 2546/1/2546 2563/1/2563 2558/1/2558 2550/1/2550 
f 2549/1/2549 2564/1/2564 2563/1/2563 2546/1/2546 
f 2565/1/2565 2566/1/2566 2567/1/2567 2568/1/2568 
f 31/1/31 27/1/27 2568/1/2568 2567/1/2567 
f 2564/1/2564 2568/1/2568 27/1/27 26/1/26 
f 2565/1/2565 2568/1/2568 2564/1/2564 2549/1/2549 
f 2569/1/2569 2570/1/2570 2571/1/2571 2572/1/2572 
f 1769/1/1769 2571/1/2571 2570/1/2570 1773/1/1773 
f 1769/1/1769 1768/1/1768 2573/1/2573 2571/1/2571 
f 2572/1/2572 2571/1/2571 2573/1/2573 2574/1/2574 
f 2575/1/2575 2576/1/2576 2577/1/2577 2578/1/2578 
f 2572/1/2572 2577/1/2577 2576/1/2576 2569/1/2569 
f 2574/1/2574 2579/1/2579 2577/1/2577 2572/1/2572 
f 2578/1/2578 2577/1/2577 2579/1/2579 2580/1/2580 
f 2580/1/2580 2581/1/2581 2582/1/2582 2578/1/2578 
f 2539/1/2539 2582/1/2582 2581/1/2581 69/1/69 
f 2541/1/2541 2583/1/2583 2582/1/2582 2539/1/2539 
f 2578/1/2578 2582/1/2582 2583/1/2583 2575/1/2575 
f 2580/1/2580 2579/1/2579 2584/1/2584 2585/1/2585 
f 2586/1/2586 2584/1/2584 2579/1/2579 2574/1/2574 
f 2587/1/2587 2588/1/2588 2584/1/2584 2586/1/2586 
f 2585/1/2585 2584/1/2584 2588/1/2588 2589/1/2589 
f 2589/1/2589 2590/1/2590 2591/1/2591 2585/1/2585 
f 65/1/65 2591/1/2591 2590/1/2590 62/1/62 
f 69/1/69 2581/1/2581 2591/1/2591 65/1/65 
f 2585/1/2585 2591/1/2591 2581/1/2581 2580/1/2580 
f 176/1/176 2592/1/2592 1808/1/1808 177/1/177 
f 176/1/176 175/1/175 2593/1/2593 
f 2587/1/2587 2594/1/2594 2592/1/2592 2593/1/2593 
f 1809/1/1809 1808/1/1808 2592/1/2592 2594/1/2594 
f 2587/1/2587 2593/1/2593 2595/1/2595 2588/1/2588 
f 2593/1/2593 175/1/175 2596/1/2596 2595/1/2595 
f 2595/1/2595 2596/1/2596 2597/1/2597 
f 2588/1/2588 2595/1/2595 2598/1/2598 2589/1/2589 
f 2574/1/2574 2573/1/2573 2599/1/2599 2586/1/2586 
f 1768/1/1768 1810/1/1810 2599/1/2599 2573/1/2573 
f 2594/1/2594 2599/1/2599 1810/1/1810 1809/1/1809 
f 2586/1/2586 2599/1/2599 2594/1/2594 2587/1/2587 
f 2475/1/2475 2474/1/2474 2600/1/2600 2601/1/2601 
f 1915/1/1915 2600/1/2600 2474/1/2474 1916/1/1916 
f 1075/1/1075 2602/1/2602 2600/1/2600 1915/1/1915 
f 2601/1/2601 2600/1/2600 2602/1/2602 2603/1/2603 
f 2465/1/2465 2604/1/2604 2605/1/2605 2462/1/2462 
f 62/1/62 2590/1/2590 2604/1/2604 2465/1/2465 
f 2590/1/2590 2589/1/2589 2598/1/2598 2604/1/2604 
f 2605/1/2605 2604/1/2604 2598/1/2598 2597/1/2597 
f 1078/1/1078 2606/1/2606 2602/1/2602 1075/1/1075 
f 253/1/253 2607/1/2607 2606/1/2606 1078/1/1078 
f 2608/1/2608 2609/1/2609 2606/1/2606 2607/1/2607 
f 2602/1/2602 2606/1/2606 2609/1/2609 2603/1/2603 
f 2603/1/2603 2609/1/2609 2610/1/2610 2611/1/2611 
f 2612/1/2612 2610/1/2610 2609/1/2609 2608/1/2608 
f 2613/1/2613 2614/1/2614 2610/1/2610 2612/1/2612 
f 2611/1/2611 2610/1/2610 2614/1/2614 2615/1/2615 
f 2480/1/2480 2616/1/2616 2617/1/2617 2481/1/2481 
f 1059/1/1059 2616/1/2616 2480/1/2480 1060/1/1060 
f 1055/1/1055 2618/1/2618 2616/1/2616 1059/1/1059 
f 2618/1/2618 2619/1/2619 2617/1/2617 2616/1/2616 
f 223/1/223 1082/1/1082 2620/1/2620 2621/1/2621 
f 2622/1/2622 2620/1/2620 1082/1/1082 1081/1/1081 
f 2615/1/2615 2614/1/2614 2620/1/2620 2622/1/2622 
f 2621/1/2621 2620/1/2620 2614/1/2614 2613/1/2613 
f 2619/1/2619 2618/1/2618 2623/1/2623 2624/1/2624 
f 1054/1/1054 2623/1/2623 2618/1/2618 1055/1/1055 
f 250/1/250 2625/1/2625 2623/1/2623 1054/1/1054 
f 2624/1/2624 2623/1/2623 2625/1/2625 2626/1/2626 
f 2619/1/2619 2624/1/2624 2627/1/2627 2628/1/2628 
f 2629/1/2629 2627/1/2627 2624/1/2624 2626/1/2626 
f 2630/1/2630 2631/1/2631 2627/1/2627 2629/1/2629 
f 2628/1/2628 2627/1/2627 2631/1/2631 2632/1/2632 
f 241/1/241 1064/1/1064 2633/1/2633 2634/1/2634 
f 2635/1/2635 2633/1/2633 1064/1/1064 1068/1/1068 
f 2632/1/2632 2631/1/2631 2633/1/2633 2635/1/2635 
f 2634/1/2634 2633/1/2633 2631/1/2631 2630/1/2630 
f 2608/1/2608 2607/1/2607 2636/1/2636 2637/1/2637 
f 256/1/256 2636/1/2636 2607/1/2607 253/1/253 
f 261/1/261 2638/1/2638 2636/1/2636 256/1/256 
f 2638/1/2638 2639/1/2639 2637/1/2637 2636/1/2636 
f 2640/1/2640 2613/1/2613 2612/1/2612 2641/1/2641 
f 2612/1/2612 2608/1/2608 2637/1/2637 2641/1/2641 
f 2642/1/2642 2641/1/2641 2637/1/2637 2639/1/2639 
f 2643/1/2643 2640/1/2640 2641/1/2641 2642/1/2642 
f 2644/1/2644 2645/1/2645 2640/1/2640 2643/1/2643 
f 2644/1/2644 225/1/225 224/1/224 2645/1/2645 
f 2621/1/2621 2645/1/2645 224/1/224 223/1/223 
f 2613/1/2613 2640/1/2640 2645/1/2645 2621/1/2621 
f 248/1/248 2646/1/2646 2625/1/2625 250/1/250 
f 2647/1/2647 2646/1/2646 248/1/248 249/1/249 
f 2648/1/2648 2649/1/2649 2646/1/2646 2647/1/2647 
f 2625/1/2625 2646/1/2646 2649/1/2649 2626/1/2626 
f 2650/1/2650 2651/1/2651 2652/1/2652 2653/1/2653 
f 2629/1/2629 2652/1/2652 2651/1/2651 2630/1/2630 
f 2626/1/2626 2649/1/2649 2652/1/2652 2629/1/2629 
f 2653/1/2653 2652/1/2652 2649/1/2649 2648/1/2648 
f 1841/1/1841 1945/1/1945 2654/1/2654 2655/1/2655 
f 2466/1/2466 2654/1/2654 1945/1/1945 1944/1/1944 
f 2469/1/2469 2656/1/2656 2654/1/2654 2466/1/2466 
f 2655/1/2655 2654/1/2654 2656/1/2656 2657/1/2657 
f 243/1/243 242/1/242 2658/1/2658 2659/1/2659 
f 2634/1/2634 2658/1/2658 242/1/242 241/1/241 
f 2630/1/2630 2651/1/2651 2658/1/2658 2634/1/2634 
f 2659/1/2659 2658/1/2658 2651/1/2651 2650/1/2650 
f 1124/1/1124 1842/1/1842 2660/1/2660 2661/1/2661 
f 2655/1/2655 2660/1/2660 1842/1/1842 1841/1/1841 
f 2657/1/2657 2662/1/2662 2660/1/2660 2655/1/2655 
f 2662/1/2662 2663/1/2663 2661/1/2661 
f 2664/1/2664 2665/1/2665 2666/1/2666 2667/1/2667 
f 2668/1/2668 2666/1/2666 2665/1/2665 2669/1/2669 
f 2666/1/2666 2668/1/2668 2663/1/2663 
f 2667/1/2667 2666/1/2666 2662/1/2662 2657/1/2657 
f 196/1/196 199/1/199 2670/1/2670 2484/1/2484 
f 193/1/193 2671/1/2671 2670/1/2670 199/1/199 
f 2672/1/2672 2673/1/2673 2670/1/2670 2671/1/2671 
f 2484/1/2484 2670/1/2670 2673/1/2673 2485/1/2485 
f 2674/1/2674 2675/1/2675 2665/1/2665 2664/1/2664 
f 1247/1/1247 2675/1/2675 2674/1/2674 1248/1/1248 
f 1119/1/1119 2676/1/2676 2675/1/2675 1247/1/1247 
f 2675/1/2675 2676/1/2676 2669/1/2669 
f 2554/1/2554 2560/1/2560 2677/1/2677 2678/1/2678 
f 2560/1/2560 123/1/123 2679/1/2679 2677/1/2677 
f 2680/1/2680 2677/1/2677 2679/1/2679 2681/1/2681 
f 2678/1/2678 2677/1/2677 2680/1/2680 2682/1/2682 
f 2672/1/2672 2671/1/2671 2683/1/2683 2684/1/2684 
f 192/1/192 2683/1/2683 2671/1/2671 193/1/193 
f 2683/1/2683 192/1/192 151/1/151 
f 2684/1/2684 2683/1/2683 2463/1/2463 2462/1/2462 
f 2682/1/2682 2685/1/2685 2686/1/2686 2678/1/2678 
f 2685/1/2685 2454/1/2454 2453/1/2453 
f 2457/1/2457 2555/1/2555 2686/1/2686 2453/1/2453 
f 2678/1/2678 2686/1/2686 2555/1/2555 2554/1/2554 
f 115/1/115 120/1/120 2687/1/2687 2688/1/2688 
f 319/1/319 2687/1/2687 120/1/120 119/1/119 
f 320/1/320 2689/1/2689 2687/1/2687 319/1/319 
f 2688/1/2688 2687/1/2687 2689/1/2689 2681/1/2681 
f 2681/1/2681 2689/1/2689 2690/1/2690 2680/1/2680 
f 2691/1/2691 2690/1/2690 2689/1/2689 320/1/320 
f 2692/1/2692 2690/1/2690 2691/1/2691 2693/1/2693 
f 2682/1/2682 2680/1/2680 2690/1/2690 2692/1/2692 
f 111/1/111 116/1/116 2694/1/2694 122/1/122 
f 2688/1/2688 2694/1/2694 116/1/116 115/1/115 
f 2694/1/2694 2688/1/2688 2681/1/2681 
f 122/1/122 2694/1/2694 2679/1/2679 123/1/123 
f 2695/1/2695 2696/1/2696 2697/1/2697 2698/1/2698 
f 2642/1/2642 2697/1/2697 2696/1/2696 2643/1/2643 
f 2639/1/2639 2699/1/2699 2697/1/2697 2642/1/2642 
f 2698/1/2698 2697/1/2697 2699/1/2699 2700/1/2700 
f 2693/1/2693 2701/1/2701 2702/1/2702 2692/1/2692 
f 2459/1/2459 2702/1/2702 2701/1/2701 2460/1/2460 
f 2702/1/2702 2459/1/2459 2454/1/2454 
f 2685/1/2685 2682/1/2682 2692/1/2692 
f 315/1/315 321/1/321 2703/1/2703 2704/1/2704 
f 2644/1/2644 2703/1/2703 321/1/321 225/1/225 
f 2643/1/2643 2696/1/2696 2703/1/2703 2644/1/2644 
f 2704/1/2704 2703/1/2703 2696/1/2696 2695/1/2695 
f 1870/1/1870 1871/1/1871 2705/1/2705 2706/1/2706 
f 2461/1/2461 2705/1/2705 1871/1/1871 280/1/280 
f 2460/1/2460 2707/1/2707 2705/1/2705 2461/1/2461 
f 2706/1/2706 2705/1/2705 2707/1/2707 2700/1/2700 
f 2700/1/2700 2707/1/2707 2708/1/2708 2698/1/2698 
f 2707/1/2707 2460/1/2460 2701/1/2701 
f 2708/1/2708 2701/1/2701 2693/1/2693 
f 2698/1/2698 2708/1/2708 2709/1/2709 2695/1/2695 
f 261/1/261 1866/1/1866 2710/1/2710 2638/1/2638 
f 1866/1/1866 1870/1/1870 2706/1/2706 
f 2700/1/2700 2699/1/2699 2710/1/2710 2706/1/2706 
f 2638/1/2638 2710/1/2710 2699/1/2699 2639/1/2639 
f 320/1/320 316/1/316 2711/1/2711 2691/1/2691 
f 2704/1/2704 2711/1/2711 316/1/316 315/1/315 
f 2695/1/2695 2709/1/2709 2711/1/2711 2704/1/2704 
f 2691/1/2691 2711/1/2711 2709/1/2709 2693/1/2693 
f 287/1/287 2483/1/2483 2712/1/2712 343/1/343 
f 2487/1/2487 2713/1/2713 2712/1/2712 2483/1/2483 
f 2713/1/2713 2714/1/2714 2715/1/2715 2712/1/2712 
f 343/1/343 2712/1/2712 2715/1/2715 293/1/293 
f 2647/1/2647 2716/1/2716 2717/1/2717 2648/1/2648 
f 292/1/292 2716/1/2716 2647/1/2647 249/1/249 
f 293/1/293 2715/1/2715 2716/1/2716 292/1/292 
f 2714/1/2714 2717/1/2717 2716/1/2716 2715/1/2715 
f 2718/1/2718 2719/1/2719 2720/1/2720 2721/1/2721 
f 2722/1/2722 2720/1/2720 2719/1/2719 2723/1/2723 
f 2488/1/2488 2724/1/2724 2720/1/2720 2722/1/2722 
f 2721/1/2721 2720/1/2720 2724/1/2724 2725/1/2725 
f 2726/1/2726 2727/1/2727 2728/1/2728 2729/1/2729 
f 2727/1/2727 1334/1/1334 1337/1/1337 
f 1339/1/1339 2730/1/2730 2728/1/2728 1337/1/1337 
f 2729/1/2729 2728/1/2728 2730/1/2730 2718/1/2718 
f 1355/1/1355 1351/1/1351 2731/1/2731 2732/1/2732 
f 2733/1/2733 2731/1/2731 1351/1/1351 1350/1/1350 
f 2734/1/2734 2735/1/2735 2731/1/2731 2733/1/2733 
f 2732/1/2732 2731/1/2731 2735/1/2735 2725/1/2725 
f 2736/1/2736 2737/1/2737 2735/1/2735 2734/1/2734 
f 2729/1/2729 2737/1/2737 2736/1/2736 2726/1/2726 
f 2718/1/2718 2721/1/2721 2737/1/2737 2729/1/2729 
f 2725/1/2725 2735/1/2735 2737/1/2737 2721/1/2721 
f 1467/1/1467 1466/1/1466 2738/1/2738 2491/1/2491 
f 2732/1/2732 2738/1/2738 1466/1/1466 1355/1/1355 
f 2725/1/2725 2724/1/2724 2738/1/2738 2732/1/2732 
f 2491/1/2491 2738/1/2738 2724/1/2724 2488/1/2488 
f 1472/1/1472 2739/1/2739 2730/1/2730 1339/1/1339 
f 1472/1/1472 1473/1/1473 2740/1/2740 
f 2723/1/2723 2719/1/2719 2739/1/2739 2740/1/2740 
f 2730/1/2730 2739/1/2739 2719/1/2719 2718/1/2718 
f 2741/1/2741 2742/1/2742 1880/1/1880 
f 1453/1/1453 2743/1/2743 2741/1/2741 1889/1/1889 
f 2744/1/2744 2745/1/2745 2741/1/2741 2743/1/2743 
f 2742/1/2742 2741/1/2741 2745/1/2745 2746/1/2746 
f 1885/1/1885 1881/1/1881 2747/1/2747 2513/1/2513 
f 2742/1/2742 2747/1/2747 1881/1/1881 1880/1/1880 
f 2746/1/2746 2748/1/2748 2747/1/2747 2742/1/2742 
f 2513/1/2513 2747/1/2747 2748/1/2748 2510/1/2510 
f 2749/1/2749 2750/1/2750 2751/1/2751 2752/1/2752 
f 2753/1/2753 2751/1/2751 2750/1/2750 2754/1/2754 
f 1383/1/1383 1380/1/1380 2751/1/2751 2753/1/2753 
f 2752/1/2752 2751/1/2751 1380/1/1380 1149/1/1149 
f 1145/1/1145 2755/1/2755 2756/1/2756 1146/1/1146 
f 2757/1/2757 2756/1/2756 2755/1/2755 2758/1/2758 
f 2749/1/2749 2752/1/2752 2756/1/2756 2757/1/2757 
f 1146/1/1146 2756/1/2756 2752/1/2752 1149/1/1149 
f 2759/1/2759 2760/1/2760 2761/1/2761 2762/1/2762 
f 2760/1/2760 2516/1/2516 2519/1/2519 
f 2521/1/2521 2763/1/2763 2761/1/2761 2519/1/2519 
f 2762/1/2762 2761/1/2761 2763/1/2763 2764/1/2764 
f 2764/1/2764 2765/1/2765 2766/1/2766 2767/1/2767 
f 2768/1/2768 2766/1/2766 2765/1/2765 2769/1/2769 
f 2754/1/2754 2750/1/2750 2766/1/2766 2768/1/2768 
f 2767/1/2767 2766/1/2766 2750/1/2750 2749/1/2749 
f 2770/1/2770 2757/1/2757 2758/1/2758 
f 2771/1/2771 2759/1/2759 2762/1/2762 
f 2764/1/2764 2767/1/2767 2770/1/2770 2762/1/2762 
f 2757/1/2757 2770/1/2770 2767/1/2767 2749/1/2749 
f 2772/1/2772 2773/1/2773 2774/1/2774 2775/1/2775 
f 1066/1/1066 2774/1/2774 2773/1/2773 1068/1/1068 
f 1067/1/1067 1824/1/1824 2774/1/2774 1066/1/1066 
f 2775/1/2775 2774/1/2774 1824/1/1824 1705/1/1705 
f 2537/1/2537 2776/1/2776 2763/1/2763 2521/1/2521 
f 2537/1/2537 2532/1/2532 2777/1/2777 2776/1/2776 
f 2769/1/2769 2765/1/2765 2776/1/2776 2777/1/2777 
f 2763/1/2763 2776/1/2776 2765/1/2765 2764/1/2764 
f 2481/1/2481 2617/1/2617 2778/1/2778 2779/1/2779 
f 2628/1/2628 2778/1/2778 2617/1/2617 2619/1/2619 
f 2632/1/2632 2780/1/2780 2778/1/2778 2628/1/2628 
f 2779/1/2779 2778/1/2778 2780/1/2780 2781/1/2781 
f 1705/1/1705 1703/1/1703 2782/1/2782 2775/1/2775 
f 1132/1/1132 2782/1/2782 1703/1/1703 1129/1/1129 
f 2782/1/2782 1132/1/1132 1137/1/1137 
f 2775/1/2775 2782/1/2782 2783/1/2783 2772/1/2772 
f 2772/1/2772 2783/1/2783 2784/1/2784 2785/1/2785 
f 2786/1/2786 2784/1/2784 2783/1/2783 1137/1/1137 
f 2787/1/2787 2788/1/2788 2784/1/2784 2786/1/2786 
f 2785/1/2785 2784/1/2784 2788/1/2788 2781/1/2781 
f 2781/1/2781 2780/1/2780 2789/1/2789 2785/1/2785 
f 2635/1/2635 2789/1/2789 2780/1/2780 2632/1/2632 
f 1068/1/1068 2773/1/2773 2789/1/2789 2635/1/2635 
f 2785/1/2785 2789/1/2789 2773/1/2773 2772/1/2772 
f 2790/1/2790 2791/1/2791 2792/1/2792 2793/1/2793 
f 1084/1/1084 2792/1/2792 2791/1/2791 1081/1/1081 
f 1086/1/1086 1094/1/1094 2792/1/2792 1084/1/1084 
f 2793/1/2793 2792/1/2792 1094/1/1094 1093/1/1093 
f 2477/1/2477 2476/1/2476 2794/1/2794 2795/1/2795 
f 2779/1/2779 2794/1/2794 2476/1/2476 2481/1/2481 
f 2781/1/2781 2788/1/2788 2794/1/2794 2779/1/2779 
f 2788/1/2788 2787/1/2787 2795/1/2795 
f 2475/1/2475 2601/1/2601 2796/1/2796 2797/1/2797 
f 2611/1/2611 2796/1/2796 2601/1/2601 2603/1/2603 
f 2615/1/2615 2798/1/2798 2796/1/2796 2611/1/2611 
f 2797/1/2797 2796/1/2796 2798/1/2798 2799/1/2799 
f 1093/1/1093 1250/1/1250 2800/1/2800 2793/1/2793 
f 2801/1/2801 2800/1/2800 1250/1/1250 1249/1/1249 
f 2802/1/2802 2803/1/2803 2800/1/2800 2801/1/2801 
f 2793/1/2793 2800/1/2800 2803/1/2803 2790/1/2790 
f 2804/1/2804 2805/1/2805 2803/1/2803 2802/1/2802 
f 2806/1/2806 2805/1/2805 2804/1/2804 2807/1/2807 
f 2808/1/2808 2805/1/2805 2806/1/2806 2799/1/2799 
f 2790/1/2790 2803/1/2803 2805/1/2805 2808/1/2808 
f 2799/1/2799 2798/1/2798 2809/1/2809 2808/1/2808 
f 2622/1/2622 2809/1/2809 2798/1/2798 2615/1/2615 
f 1081/1/1081 2791/1/2791 2809/1/2809 2622/1/2622 
f 2808/1/2808 2809/1/2809 2791/1/2791 2790/1/2790 
f 2810/1/2810 2811/1/2811 2812/1/2812 2813/1/2813 
f 2814/1/2814 2815/1/2815 2812/1/2812 2811/1/2811 
f 2816/1/2816 2817/1/2817 2812/1/2812 2815/1/2815 
f 2813/1/2813 2812/1/2812 2817/1/2817 2818/1/2818 
f 2807/1/2807 2819/1/2819 2820/1/2820 2806/1/2806 
f 2819/1/2819 2471/1/2471 2473/1/2473 
f 2475/1/2475 2797/1/2797 2820/1/2820 2473/1/2473 
f 2806/1/2806 2820/1/2820 2797/1/2797 2799/1/2799 
f 1114/1/1114 1342/1/1342 2821/1/2821 2822/1/2822 
f 1343/1/1343 2823/1/2823 2821/1/2821 1342/1/1342 
f 2811/1/2811 2821/1/2821 2823/1/2823 2814/1/2814 
f 2822/1/2822 2821/1/2821 2811/1/2811 2810/1/2810 
f 1127/1/1127 1125/1/1125 2824/1/2824 2825/1/2825 
f 2661/1/2661 2824/1/2824 1125/1/1125 1124/1/1124 
f 2663/1/2663 2826/1/2826 2824/1/2824 2661/1/2661 
f 2825/1/2825 2824/1/2824 2826/1/2826 2818/1/2818 
f 2818/1/2818 2826/1/2826 2827/1/2827 2813/1/2813 
f 2668/1/2668 2827/1/2827 2826/1/2826 2663/1/2663 
f 2669/1/2669 2828/1/2828 2827/1/2827 2668/1/2668 
f 2813/1/2813 2827/1/2827 2828/1/2828 2810/1/2810 
f 2818/1/2818 2817/1/2817 2829/1/2829 2825/1/2825 
f 2830/1/2830 2829/1/2829 2817/1/2817 2816/1/2816 
f 1762/1/1762 1759/1/1759 2829/1/2829 2830/1/2830 
f 2825/1/2825 2829/1/2829 1759/1/1759 1127/1/1127 
f 2758/1/2758 2755/1/2755 2831/1/2831 2832/1/2832 
f 1161/1/1161 2831/1/2831 2755/1/2755 1145/1/1145 
f 1156/1/1156 2833/1/2833 2831/1/2831 1161/1/1161 
f 2832/1/2832 2831/1/2831 2833/1/2833 2834/1/2834 
f 1115/1/1115 2835/1/2835 2676/1/2676 1119/1/1119 
f 2822/1/2822 2835/1/2835 1115/1/1115 1114/1/1114 
f 2810/1/2810 2828/1/2828 2835/1/2835 2822/1/2822 
f 2676/1/2676 2835/1/2835 2828/1/2828 2669/1/2669 
f 1137/1/1137 1136/1/1136 2836/1/2836 2786/1/2786 
f 2837/1/2837 2836/1/2836 1136/1/1136 1135/1/1135 
f 2838/1/2838 2839/1/2839 2836/1/2836 2837/1/2837 
f 2786/1/2786 2836/1/2836 2839/1/2839 2787/1/2787 
f 1155/1/1155 2840/1/2840 2833/1/2833 1156/1/1156 
f 1141/1/1141 2478/1/2478 2840/1/2840 1155/1/1155 
f 2477/1/2477 2841/1/2841 2840/1/2840 2478/1/2478 
f 2841/1/2841 2834/1/2834 2833/1/2833 2840/1/2840 
f 2834/1/2834 2841/1/2841 2842/1/2842 2843/1/2843 
f 2795/1/2795 2842/1/2842 2841/1/2841 2477/1/2477 
f 2787/1/2787 2839/1/2839 2842/1/2842 2795/1/2795 
f 2843/1/2843 2842/1/2842 2839/1/2839 2838/1/2838 
f 2759/1/2759 2771/1/2771 2844/1/2844 2845/1/2845 
f 2832/1/2832 2844/1/2844 2771/1/2771 2758/1/2758 
f 2834/1/2834 2843/1/2843 2844/1/2844 2832/1/2832 
f 2844/1/2844 2843/1/2843 2838/1/2838 
f 2846/1/2846 1269/1/1269 1243/1/1243 
f 2847/1/2847 2846/1/2846 1246/1/1246 1248/1/1248 
f 2848/1/2848 2846/1/2846 2847/1/2847 2849/1/2849 
f 2848/1/2848 1270/1/1270 1269/1/1269 
f 2837/1/2837 2850/1/2850 2845/1/2845 2838/1/2838 
f 1135/1/1135 2523/1/2523 2850/1/2850 2837/1/2837 
f 2850/1/2850 2523/1/2523 2516/1/2516 
f 2845/1/2845 2850/1/2850 2760/1/2760 2759/1/2759 
f 2657/1/2657 2656/1/2656 2851/1/2851 2667/1/2667 
f 2852/1/2852 2851/1/2851 2656/1/2656 2469/1/2469 
f 2853/1/2853 2854/1/2854 2851/1/2851 2852/1/2852 
f 2667/1/2667 2851/1/2851 2854/1/2854 2664/1/2664 
f 2849/1/2849 2855/1/2855 2856/1/2856 2848/1/2848 
f 2855/1/2855 2802/1/2802 2801/1/2801 
f 2856/1/2856 2801/1/2801 1249/1/1249 
f 2848/1/2848 2856/1/2856 1283/1/1283 1270/1/1270 
f 2853/1/2853 2857/1/2857 2858/1/2858 2859/1/2859 
f 2804/1/2804 2858/1/2858 2857/1/2857 2807/1/2807 
f 2858/1/2858 2804/1/2804 2802/1/2802 
f 2859/1/2859 2858/1/2858 2855/1/2855 2849/1/2849 
f 2849/1/2849 2847/1/2847 2860/1/2860 2859/1/2859 
f 2674/1/2674 2860/1/2860 2847/1/2847 1248/1/1248 
f 2664/1/2664 2854/1/2854 2860/1/2860 2674/1/2674 
f 2859/1/2859 2860/1/2860 2854/1/2854 2853/1/2853 
f 2861/1/2861 2726/1/2726 2736/1/2736 2862/1/2862 
f 2734/1/2734 2863/1/2863 2862/1/2862 2736/1/2736 
f 2864/1/2864 2865/1/2865 2862/1/2862 2863/1/2863 
f 2861/1/2861 2862/1/2862 2865/1/2865 2866/1/2866 
f 2469/1/2469 2468/1/2468 2867/1/2867 2852/1/2852 
f 2819/1/2819 2867/1/2867 2468/1/2468 2471/1/2471 
f 2807/1/2807 2857/1/2857 2867/1/2867 2819/1/2819 
f 2852/1/2852 2867/1/2867 2857/1/2857 2853/1/2853 
f 1349/1/1349 2868/1/2868 2869/1/2869 1347/1/1347 
f 1349/1/1349 1334/1/1334 2727/1/2727 2868/1/2868 
f 2861/1/2861 2868/1/2868 2727/1/2727 2726/1/2726 
f 2866/1/2866 2869/1/2869 2868/1/2868 2861/1/2861 
f 2870/1/2870 1364/1/1364 1765/1/1765 2871/1/2871 
f 2830/1/2830 2871/1/2871 1765/1/1765 1762/1/1762 
f 2816/1/2816 2872/1/2872 2871/1/2871 2830/1/2830 
f 2864/1/2864 2870/1/2870 2871/1/2871 2872/1/2872 
f 2816/1/2816 2815/1/2815 2873/1/2873 2872/1/2872 
f 2874/1/2874 2873/1/2873 2815/1/2815 2814/1/2814 
f 2866/1/2866 2865/1/2865 2873/1/2873 2874/1/2874 
f 2872/1/2872 2873/1/2873 2865/1/2865 2864/1/2864 
f 2733/1/2733 2875/1/2875 2863/1/2863 2734/1/2734 
f 1360/1/1360 2875/1/2875 2733/1/2733 1350/1/1350 
f 1364/1/1364 2870/1/2870 2875/1/2875 1360/1/1360 
f 2863/1/2863 2875/1/2875 2870/1/2870 2864/1/2864 
f 2876/1/2876 2877/1/2877 2878/1/2878 2879/1/2879 
f 1365/1/1365 2878/1/2878 2877/1/2877 1366/1/1366 
f 1373/1/1373 1387/1/1387 2878/1/2878 1365/1/1365 
f 2879/1/2879 2878/1/2878 1387/1/1387 1386/1/1386 
f 1386/1/1386 1394/1/1394 2880/1/2880 2879/1/2879 
f 2753/1/2753 2880/1/2880 1394/1/1394 1383/1/1383 
f 2754/1/2754 2881/1/2881 2880/1/2880 2753/1/2753 
f 2879/1/2879 2880/1/2880 2881/1/2881 2876/1/2876 
f 2814/1/2814 2823/1/2823 2882/1/2882 2874/1/2874 
f 1345/1/1345 2882/1/2882 2823/1/2823 1343/1/1343 
f 1347/1/1347 2869/1/2869 2882/1/2882 1345/1/1345 
f 2874/1/2874 2882/1/2882 2869/1/2869 2866/1/2866 
f 2532/1/2532 2535/1/2535 2883/1/2883 2777/1/2777 
f 2884/1/2884 2883/1/2883 2535/1/2535 2515/1/2515 
f 2885/1/2885 2886/1/2886 2883/1/2883 2884/1/2884 
f 2777/1/2777 2883/1/2883 2886/1/2886 2769/1/2769 
f 2885/1/2885 2887/1/2887 2888/1/2888 2889/1/2889 
f 2890/1/2890 2888/1/2888 2887/1/2887 2891/1/2891 
f 1366/1/1366 2877/1/2877 2888/1/2888 2890/1/2890 
f 2889/1/2889 2888/1/2888 2877/1/2877 2876/1/2876 
f 2876/1/2876 2881/1/2881 2892/1/2892 2889/1/2889 
f 2768/1/2768 2892/1/2892 2881/1/2881 2754/1/2754 
f 2769/1/2769 2886/1/2886 2892/1/2892 2768/1/2768 
f 2889/1/2889 2892/1/2892 2886/1/2886 2885/1/2885 
f 2893/1/2893 2894/1/2894 2895/1/2895 2896/1/2896 
f 2897/1/2897 2895/1/2895 2894/1/2894 2898/1/2898 
f 2899/1/2899 2900/1/2900 2895/1/2895 2897/1/2897 
f 2896/1/2896 2895/1/2895 2900/1/2900 2901/1/2901 
f 2515/1/2515 2511/1/2511 2902/1/2902 2884/1/2884 
f 2903/1/2903 2902/1/2902 2511/1/2511 2510/1/2510 
f 2891/1/2891 2887/1/2887 2902/1/2902 2903/1/2903 
f 2884/1/2884 2902/1/2902 2887/1/2887 2885/1/2885 
f 2898/1/2898 2904/1/2904 2905/1/2905 2897/1/2897 
f 2531/1/2531 2905/1/2905 2904/1/2904 2529/1/2529 
f 1451/1/1451 2906/1/2906 2905/1/2905 2531/1/2531 
f 2897/1/2897 2905/1/2905 2906/1/2906 2899/1/2899 
f 2744/1/2744 2743/1/2743 2907/1/2907 2908/1/2908 
f 1456/1/1456 2907/1/2907 2743/1/2743 1453/1/1453 
f 1461/1/1461 2909/1/2909 2907/1/2907 1456/1/1456 
f 2908/1/2908 2907/1/2907 2909/1/2909 2901/1/2901 
f 2329/1/2329 2910/1/2910 2911/1/2911 2328/1/2328 
f 2896/1/2896 2911/1/2911 2910/1/2910 2893/1/2893 
f 2901/1/2901 2909/1/2909 2911/1/2911 2896/1/2896 
f 2328/1/2328 2911/1/2911 2909/1/2909 1461/1/1461 
f 1473/1/1473 1469/1/1469 2912/1/2912 2913/1/2913 
f 1469/1/1469 1468/1/1468 1491/1/1491 
f 1490/1/1490 2914/1/2914 2912/1/2912 1491/1/1491 
f 2913/1/2913 2912/1/2912 2914/1/2914 2915/1/2915 
f 2916/1/2916 2917/1/2917 2918/1/2918 2919/1/2919 
f 2417/1/2417 2918/1/2918 2917/1/2917 2414/1/2414 
f 2419/1/2419 2920/1/2920 2918/1/2918 2417/1/2417 
f 2919/1/2919 2918/1/2918 2920/1/2920 2921/1/2921 
f 2922/1/2922 2723/1/2723 2740/1/2740 2923/1/2923 
f 2740/1/2740 1473/1/1473 2913/1/2913 
f 2915/1/2915 2924/1/2924 2923/1/2923 2913/1/2913 
f 2922/1/2922 2923/1/2923 2924/1/2924 2921/1/2921 
f 2435/1/2435 2925/1/2925 2926/1/2926 2438/1/2438 
f 2927/1/2927 2926/1/2926 2925/1/2925 2928/1/2928 
f 2915/1/2915 2914/1/2914 2926/1/2926 2927/1/2927 
f 2438/1/2438 2926/1/2926 2914/1/2914 1490/1/1490 
f 2928/1/2928 2929/1/2929 2930/1/2930 2927/1/2927 
f 2919/1/2919 2930/1/2930 2929/1/2929 2916/1/2916 
f 2921/1/2921 2924/1/2924 2930/1/2930 2919/1/2919 
f 2927/1/2927 2930/1/2930 2924/1/2924 2915/1/2915 
f 2419/1/2419 2489/1/2489 2931/1/2931 2920/1/2920 
f 2489/1/2489 2488/1/2488 2722/1/2722 
f 2931/1/2931 2722/1/2722 2723/1/2723 
f 2921/1/2921 2920/1/2920 2931/1/2931 2922/1/2922 
f 2932/1/2932 2933/1/2933 2934/1/2934 2935/1/2935 
f 2401/1/2401 2934/1/2934 2933/1/2933 1684/1/1684 
f 2403/1/2403 2936/1/2936 2934/1/2934 2401/1/2401 
f 2935/1/2935 2934/1/2934 2936/1/2936 2937/1/2937 
f 2938/1/2938 2939/1/2939 2940/1/2940 2941/1/2941 
f 2935/1/2935 2940/1/2940 2939/1/2939 2932/1/2932 
f 2940/1/2940 2935/1/2935 2937/1/2937 
f 2941/1/2941 2940/1/2940 2942/1/2942 2943/1/2943 
f 2937/1/2937 2936/1/2936 2944/1/2944 2945/1/2945 
f 2413/1/2413 2944/1/2944 2936/1/2936 2403/1/2403 
f 2410/1/2410 2423/1/2423 2944/1/2944 2413/1/2413 
f 2945/1/2945 2944/1/2944 2423/1/2423 2422/1/2422 
f 2946/1/2946 2947/1/2947 2948/1/2948 2949/1/2949 
f 2950/1/2950 2948/1/2948 2947/1/2947 2951/1/2951 
f 2948/1/2948 2950/1/2950 1555/1/1555 
f 2313/1/2313 2949/1/2949 2948/1/2948 2310/1/2310 
f 2943/1/2943 2952/1/2952 2953/1/2953 2941/1/2941 
f 2952/1/2952 2427/1/2427 2426/1/2426 
f 1656/1/1656 2954/1/2954 2953/1/2953 2426/1/2426 
f 2941/1/2941 2953/1/2953 2954/1/2954 2938/1/2938 
f 2955/1/2955 2956/1/2956 2957/1/2957 2958/1/2958 
f 2959/1/2959 2957/1/2957 2956/1/2956 2960/1/2960 
f 2951/1/2951 2947/1/2947 2957/1/2957 2959/1/2959 
f 2958/1/2958 2957/1/2957 2947/1/2947 2946/1/2946 
f 2949/1/2949 2961/1/2961 2962/1/2962 2946/1/2946 
f 2322/1/2322 2961/1/2961 2949/1/2949 2313/1/2313 
f 2525/1/2525 2961/1/2961 2322/1/2322 2320/1/2320 
f 2962/1/2962 2961/1/2961 2525/1/2525 2524/1/2524 
f 2963/1/2963 2964/1/2964 2965/1/2965 2966/1/2966 
f 1652/1/1652 2965/1/2965 2964/1/2964 1653/1/1653 
f 1560/1/1560 2965/1/2965 1652/1/1652 1561/1/1561 
f 2966/1/2966 2965/1/2965 1560/1/1560 1557/1/1557 
f 1557/1/1557 1556/1/1556 2967/1/2967 2966/1/2966 
f 1556/1/1556 1555/1/1555 2950/1/2950 
f 2967/1/2967 2950/1/2950 2951/1/2951 
f 2968/1/2968 2963/1/2963 2966/1/2966 
f 2969/1/2969 2970/1/2970 2956/1/2956 2955/1/2955 
f 2509/1/2509 2506/1/2506 2970/1/2970 2969/1/2969 
f 2506/1/2506 2505/1/2505 2971/1/2971 
f 2960/1/2960 2956/1/2956 2970/1/2970 2971/1/2971 
f 2972/1/2972 2973/1/2973 2974/1/2974 2975/1/2975 
f 2976/1/2976 2974/1/2974 2973/1/2973 2495/1/2495 
f 2977/1/2977 2978/1/2978 2974/1/2974 2976/1/2976 
f 2975/1/2975 2974/1/2974 2978/1/2978 2979/1/2979 
f 2979/1/2979 2980/1/2980 2981/1/2981 2975/1/2975 
f 1663/1/1663 2981/1/2981 2980/1/2980 1661/1/1661 
f 1655/1/1655 2982/1/2982 2981/1/2981 1663/1/1663 
f 2975/1/2975 2981/1/2981 2982/1/2982 2972/1/2972 
f 1684/1/1684 2933/1/2933 2983/1/2983 1683/1/1683 
f 2933/1/2933 2932/1/2932 2984/1/2984 
f 2977/1/2977 2985/1/2985 2983/1/2983 2984/1/2984 
f 1683/1/1683 2983/1/2983 2985/1/2985 1676/1/1676 
f 2932/1/2932 2939/1/2939 2986/1/2986 2984/1/2984 
f 2987/1/2987 2986/1/2986 2939/1/2939 2938/1/2938 
f 2979/1/2979 2978/1/2978 2986/1/2986 2987/1/2987 
f 2984/1/2984 2986/1/2986 2978/1/2978 2977/1/2977 
f 2985/1/2985 2977/1/2977 2976/1/2976 2988/1/2988 
f 2495/1/2495 2492/1/2492 2988/1/2988 2976/1/2976 
f 1669/1/1669 1673/1/1673 2988/1/2988 2492/1/2492 
f 2985/1/2985 2988/1/2988 1673/1/1673 1676/1/1676 
f 2989/1/2989 2990/1/2990 2991/1/2991 2992/1/2992 
f 2969/1/2969 2990/1/2990 2989/1/2989 2509/1/2509 
f 2955/1/2955 2993/1/2993 2990/1/2990 2969/1/2969 
f 2994/1/2994 2991/1/2991 2990/1/2990 2993/1/2993 
f 2938/1/2938 2954/1/2954 2995/1/2995 2987/1/2987 
f 1659/1/1659 2995/1/2995 2954/1/2954 1656/1/1656 
f 1661/1/1661 2980/1/2980 2995/1/2995 1659/1/1659 
f 2987/1/2987 2995/1/2995 2980/1/2980 2979/1/2979 
f 2958/1/2958 2996/1/2996 2993/1/2993 2955/1/2955 
f 2946/1/2946 2962/1/2962 2996/1/2996 2958/1/2958 
f 2524/1/2524 2997/1/2997 2996/1/2996 2962/1/2962 
f 2993/1/2993 2996/1/2996 2997/1/2997 2994/1/2994 
f 2893/1/2893 2910/1/2910 2998/1/2998 2999/1/2999 
f 2337/1/2337 2998/1/2998 2910/1/2910 2329/1/2329 
f 2341/1/2341 3000/1/3000 2998/1/2998 2337/1/2337 
f 2999/1/2999 2998/1/2998 3000/1/3000 2992/1/2992 
f 2898/1/2898 2894/1/2894 3001/1/3001 3002/1/3002 
f 2999/1/2999 3001/1/3001 2894/1/2894 2893/1/2893 
f 2992/1/2992 2991/1/2991 3001/1/3001 2999/1/2999 
f 3002/1/3002 3001/1/3001 2991/1/2991 2994/1/2994 
f 2335/1/2335 2508/1/2508 3003/1/3003 2344/1/2344 
f 2508/1/2508 2509/1/2509 2989/1/2989 3003/1/3003 
f 2992/1/2992 3000/1/3000 3003/1/3003 2989/1/2989 
f 2344/1/2344 3003/1/3003 3000/1/3000 2341/1/2341 
f 2427/1/2427 2952/1/2952 3004/1/3004 3005/1/3005 
f 3006/1/3006 3004/1/3004 2952/1/2952 2943/1/2943 
f 3007/1/3007 3008/1/3008 3004/1/3004 3006/1/3006 
f 3005/1/3005 3004/1/3004 3008/1/3008 3009/1/3009 
f 2994/1/2994 2997/1/2997 3010/1/3010 3002/1/3002 
f 2527/1/2527 3010/1/3010 2997/1/2997 2524/1/2524 
f 2529/1/2529 2904/1/2904 3010/1/3010 2527/1/2527 
f 3002/1/3002 3010/1/3010 2904/1/2904 2898/1/2898 
f 2943/1/2943 2942/1/2942 3011/1/3011 3006/1/3006 
f 2945/1/2945 3011/1/3011 2942/1/2942 2937/1/2937 
f 2422/1/2422 3012/1/3012 3011/1/3011 2945/1/2945 
f 3006/1/3006 3011/1/3011 3012/1/3012 3007/1/3007 
f 2928/1/2928 2925/1/2925 3013/1/3013 3014/1/3014 
f 2433/1/2433 3013/1/3013 2925/1/2925 2435/1/2435 
f 2434/1/2434 3015/1/3015 3013/1/3013 2433/1/2433 
f 3014/1/3014 3013/1/3013 3015/1/3015 3009/1/3009 
f 2916/1/2916 2929/1/2929 3016/1/3016 3017/1/3017 
f 3014/1/3014 3016/1/3016 2929/1/2929 2928/1/2928 
f 3009/1/3009 3008/1/3008 3016/1/3016 3014/1/3014 
f 3017/1/3017 3016/1/3016 3008/1/3008 3007/1/3007 
f 2434/1/2434 2430/1/2430 3018/1/3018 3015/1/3015 
f 2428/1/2428 3018/1/3018 2430/1/2430 2429/1/2429 
f 3005/1/3005 3018/1/3018 2428/1/2428 2427/1/2427 
f 3009/1/3009 3015/1/3015 3018/1/3018 3005/1/3005 
f 3007/1/3007 3012/1/3012 3019/1/3019 3017/1/3017 
f 2421/1/2421 3019/1/3019 3012/1/3012 2422/1/2422 
f 2414/1/2414 2917/1/2917 3019/1/3019 2421/1/2421 
f 3017/1/3017 3019/1/3019 2917/1/2917 2916/1/2916 
f 3020/1/3020 3021/1/3021 3022/1/3022 3023/1/3023 
f 182/1/182 3022/1/3022 3021/1/3021 174/1/174 
f 183/1/183 3024/1/3024 3022/1/3022 182/1/182 
f 3023/1/3023 3022/1/3022 3024/1/3024 3025/1/3025 
f 3025/1/3025 3026/1/3026 3027/1/3027 3023/1/3023 
f 3026/1/3026 2485/1/2485 2673/1/2673 3027/1/3027 
f 3028/1/3028 3027/1/3027 2673/1/2673 2672/1/2672 
f 3023/1/3023 3027/1/3027 3028/1/3028 3020/1/3020 
f 2597/1/2597 2596/1/2596 3029/1/3029 3030/1/3030 
f 173/1/173 3029/1/3029 2596/1/2596 175/1/175 
f 174/1/174 3021/1/3021 3029/1/3029 173/1/173 
f 3030/1/3030 3029/1/3029 3021/1/3021 3020/1/3020 
f 3028/1/3028 2672/1/2672 2684/1/2684 3031/1/3031 
f 2462/1/2462 2605/1/2605 3031/1/3031 2684/1/2684 
f 2605/1/2605 2597/1/2597 3030/1/3030 
f 3020/1/3020 3028/1/3028 3031/1/3031 3030/1/3030 
f 2485/1/2485 3026/1/3026 3032/1/3032 2486/1/2486 
f 3033/1/3033 3032/1/3032 3026/1/3026 3025/1/3025 
f 3034/1/3034 3035/1/3035 3032/1/3032 3033/1/3033 
f 3035/1/3035 2487/1/2487 2486/1/2486 
f 3036/1/3036 3037/1/3037 3038/1/3038 3039/1/3039 
f 2653/1/2653 3038/1/3038 3037/1/3037 2650/1/2650 
f 2648/1/2648 2717/1/2717 3038/1/3038 2653/1/2653 
f 3039/1/3039 3038/1/3038 2717/1/2717 2714/1/2714 
f 333/1/333 3040/1/3040 3041/1/3041 185/1/185 
f 337/1/337 3042/1/3042 3040/1/3040 333/1/333 
f 3036/1/3036 3043/1/3043 3040/1/3040 3042/1/3042 
f 3041/1/3041 3040/1/3040 3043/1/3043 3034/1/3034 
f 3025/1/3025 3024/1/3024 3044/1/3044 3033/1/3033 
f 186/1/186 3044/1/3044 3024/1/3024 183/1/183 
f 185/1/185 3041/1/3041 3044/1/3044 186/1/186 
f 3033/1/3033 3044/1/3044 3041/1/3041 3034/1/3034 
f 2714/1/2714 2713/1/2713 3045/1/3045 3039/1/3039 
f 3035/1/3035 3045/1/3045 2713/1/2713 2487/1/2487 
f 3045/1/3045 3035/1/3035 3034/1/3034 
f 3039/1/3039 3045/1/3045 3043/1/3043 3036/1/3036 
f 340/1/340 3046/1/3046 3042/1/3042 337/1/337 
f 340/1/340 243/1/243 2659/1/2659 3046/1/3046 
f 2650/1/2650 3037/1/3037 3046/1/3046 2659/1/2659 
f 3042/1/3042 3046/1/3046 3037/1/3037 3036/1/3036 
f 2901/1/2901 2900/1/2900 3047/1/3047 2908/1/2908 
f 3048/1/3048 3047/1/3047 2900/1/2900 2899/1/2899 
f 3049/1/3049 3047/1/3047 3048/1/3048 3050/1/3050 
f 2744/1/2744 2908/1/2908 3047/1/3047 3049/1/3049 
f 2891/1/2891 2903/1/2903 3051/1/3051 3052/1/3052 
f 2510/1/2510 2748/1/2748 3051/1/3051 2903/1/2903 
f 3053/1/3053 3051/1/3051 2748/1/2748 2746/1/2746 
f 3054/1/3054 3052/1/3052 3051/1/3051 3053/1/3053 
f 1446/1/1446 3055/1/3055 3056/1/3056 1447/1/1447 
f 3057/1/3057 3055/1/3055 1446/1/1446 1369/1/1369 
f 3054/1/3054 3058/1/3058 3055/1/3055 3057/1/3057 
f 3056/1/3056 3055/1/3055 3058/1/3058 3050/1/3050 
f 2899/1/2899 2906/1/2906 3059/1/3059 3048/1/3048 
f 2906/1/2906 1451/1/1451 1450/1/1450 
f 3059/1/3059 1450/1/1450 1447/1/1447 
f 3050/1/3050 3048/1/3048 3059/1/3059 3056/1/3056 
f 2746/1/2746 2745/1/2745 3060/1/3060 3053/1/3053 
f 3049/1/3049 3060/1/3060 2745/1/2745 2744/1/2744 
f 3050/1/3050 3058/1/3058 3060/1/3060 3049/1/3049 
f 3053/1/3053 3060/1/3060 3058/1/3058 3054/1/3054 
f 3054/1/3054 3057/1/3057 3061/1/3061 3052/1/3052 
f 3057/1/3057 1369/1/1369 1367/1/1367 3061/1/3061 
f 3061/1/3061 1367/1/1367 1366/1/1366 
f 3052/1/3052 3061/1/3061 2890/1/2890 2891/1/2891 
f 2495/1/2495 2973/1/2973 3062/1/3062 2494/1/2494 
f 3063/1/3063 3062/1/3062 2973/1/2973 2972/1/2972 
f 3064/1/3064 3065/1/3065 3062/1/3062 3063/1/3063 
f 2494/1/2494 3062/1/3062 3065/1/3065 2496/1/2496 
f 2972/1/2972 2982/1/2982 3066/1/3066 3063/1/3063 
f 1654/1/1654 3066/1/3066 2982/1/2982 1655/1/1655 
f 3067/1/3067 3066/1/3066 1654/1/1654 1653/1/1653 
f 3063/1/3063 3066/1/3066 3067/1/3067 3064/1/3064 
f 1653/1/1653 2964/1/2964 3068/1/3068 3067/1/3067 
f 3069/1/3069 3068/1/3068 2964/1/2964 2963/1/2963 
f 3070/1/3070 3071/1/3071 3068/1/3068 3069/1/3069 
f 3067/1/3067 3068/1/3068 3071/1/3071 3064/1/3064 
f 2501/1/2501 2498/1/2498 3072/1/3072 3073/1/3073 
f 3065/1/3065 3072/1/3072 2498/1/2498 2496/1/2496 
f 3064/1/3064 3071/1/3071 3072/1/3072 3065/1/3065 
f 3073/1/3073 3072/1/3072 3071/1/3071 3070/1/3070 
f 2505/1/2505 2504/1/2504 3074/1/3074 2971/1/2971 
f 3073/1/3073 3074/1/3074 2504/1/2504 2501/1/2501 
f 3070/1/3070 3075/1/3075 3074/1/3074 3073/1/3073 
f 2971/1/2971 3074/1/3074 3075/1/3075 2960/1/2960 
f 2963/1/2963 2968/1/2968 3076/1/3076 3069/1/3069 
f 2959/1/2959 3076/1/3076 2968/1/2968 2951/1/2951 
f 2960/1/2960 3075/1/3075 3076/1/3076 2959/1/2959 
f 3069/1/3069 3076/1/3076 3075/1/3075 3070/1/3070 
f 2374/1/2374 2380/1/2380 3077/1/3077 3078/1/3078 
f 2399/1/2399 3077/1/3077 2380/1/2380 2379/1/2379 
f 2388/1/2388 3079/1/3079 3077/1/3077 2399/1/2399 
f 3079/1/3079 3080/1/3080 3078/1/3078 
f 3081/1/3081 3082/1/3082 3083/1/3083 3084/1/3084 
f 3080/1/3080 3079/1/3079 3083/1/3083 3082/1/3082 
f 2387/1/2387 3083/1/3083 3079/1/3079 2388/1/2388 
f 3084/1/3084 3083/1/3083 2387/1/2387 2184/1/2184 
f 3085/1/3085 3086/1/3086 3087/1/3087 3088/1/3088 
f 3084/1/3084 3087/1/3087 3086/1/3086 3081/1/3081 
f 2184/1/2184 2183/1/2183 3087/1/3087 3084/1/3084 
f 3088/1/3088 3087/1/3087 2183/1/2183 2182/1/2182 
f 3089/1/3089 3085/1/3085 3088/1/3088 3090/1/3090 
f 3088/1/3088 2182/1/2182 2185/1/2185 3090/1/3090 
f 2188/1/2188 3091/1/3091 3090/1/3090 2185/1/2185 
f 3089/1/3089 3090/1/3090 3091/1/3091 3092/1/3092 
f 3092/1/3092 3091/1/3091 3093/1/3093 3094/1/3094 
f 2190/1/2190 3093/1/3093 3091/1/3091 2188/1/2188 
f 2192/1/2192 3095/1/3095 3093/1/3093 2190/1/2190 
f 3094/1/3094 3093/1/3093 3095/1/3095 3096/1/3096 
f 3097/1/3097 3098/1/3098 3099/1/3099 3100/1/3100 
f 3095/1/3095 3099/1/3099 3098/1/3098 3096/1/3096 
f 2192/1/2192 2196/1/2196 3099/1/3099 3095/1/3095 
f 3100/1/3100 3099/1/3099 2196/1/2196 2195/1/2195 
f 3100/1/3100 3101/1/3101 3102/1/3102 3097/1/3097 
f 2195/1/2195 2200/1/2200 3101/1/3101 3100/1/3100 
f 2200/1/2200 2199/1/2199 3103/1/3103 3101/1/3101 
f 3102/1/3102 3101/1/3101 3103/1/3103 3104/1/3104 
f 2349/1/2349 2354/1/2354 3105/1/3105 3106/1/3106 
f 2364/1/2364 3105/1/3105 2354/1/2354 2353/1/2353 
f 2366/1/2366 3107/1/3107 3105/1/3105 2364/1/2364 
f 3106/1/3106 3105/1/3105 3107/1/3107 3108/1/3108 
f 3104/1/3104 3103/1/3103 3109/1/3109 3110/1/3110 
f 2350/1/2350 3109/1/3109 3103/1/3103 2199/1/2199 
f 3106/1/3106 3109/1/3109 2350/1/2350 2349/1/2349 
f 3110/1/3110 3109/1/3109 3106/1/3106 3108/1/3108 
f 2374/1/2374 3078/1/3078 3111/1/3111 2372/1/2372 
f 3078/1/3078 3080/1/3080 3112/1/3112 
f 3111/1/3111 3112/1/3112 3108/1/3108 
f 3107/1/3107 2366/1/2366 2372/1/2372 
f 3113/1/3113 3114/1/3114 3115/1/3115 3116/1/3116 
f 3117/1/3117 3118/1/3118 3115/1/3115 3114/1/3114 
f 3118/1/3118 3080/1/3080 3082/1/3082 
f 3116/1/3116 3115/1/3115 3082/1/3082 3081/1/3081 
f 3113/1/3113 3116/1/3116 3119/1/3119 3120/1/3120 
f 3081/1/3081 3086/1/3086 3119/1/3119 3116/1/3116 
f 3085/1/3085 3121/1/3121 3119/1/3119 3086/1/3086 
f 3120/1/3120 3119/1/3119 3121/1/3121 3122/1/3122 
f 3122/1/3122 3121/1/3121 3123/1/3123 3124/1/3124 
f 3089/1/3089 3123/1/3123 3121/1/3121 3085/1/3085 
f 3092/1/3092 3125/1/3125 3123/1/3123 3089/1/3089 
f 3124/1/3124 3123/1/3123 3125/1/3125 3126/1/3126 
f 3126/1/3126 3125/1/3125 3127/1/3127 3128/1/3128 
f 3094/1/3094 3127/1/3127 3125/1/3125 3092/1/3092 
f 3129/1/3129 3127/1/3127 3094/1/3094 3096/1/3096 
f 3129/1/3129 3130/1/3130 3128/1/3128 3127/1/3127 
f 3131/1/3131 3132/1/3132 3133/1/3133 3134/1/3134 
f 3129/1/3129 3133/1/3133 3132/1/3132 3130/1/3130 
f 3096/1/3096 3098/1/3098 3133/1/3133 3129/1/3129 
f 3134/1/3134 3133/1/3133 3098/1/3098 3097/1/3097 
f 3113/1/3113 3120/1/3120 3135/1/3135 3136/1/3136 
f 3120/1/3120 3122/1/3122 3137/1/3137 3135/1/3135 
f 3138/1/3138 3139/1/3139 3135/1/3135 3137/1/3137 
f 3136/1/3136 3135/1/3135 3139/1/3139 3140/1/3140 
f 3138/1/3138 3137/1/3137 3141/1/3141 3142/1/3142 
f 3124/1/3124 3141/1/3141 3137/1/3137 3122/1/3122 
f 3126/1/3126 3143/1/3143 3141/1/3141 3124/1/3124 
f 3144/1/3144 3142/1/3142 3141/1/3141 3143/1/3143 
f 3145/1/3145 3146/1/3146 3147/1/3147 3148/1/3148 
f 3134/1/3134 3147/1/3147 3146/1/3146 3131/1/3131 
f 3097/1/3097 3102/1/3102 3147/1/3147 3134/1/3134 
f 3148/1/3148 3147/1/3147 3102/1/3102 3104/1/3104 
f 3144/1/3144 3143/1/3143 3149/1/3149 3150/1/3150 
f 3128/1/3128 3149/1/3149 3143/1/3143 3126/1/3126 
f 3130/1/3130 3151/1/3151 3149/1/3149 3128/1/3128 
f 3152/1/3152 3150/1/3150 3149/1/3149 3151/1/3151 
f 3140/1/3140 3139/1/3139 3153/1/3153 3154/1/3154 
f 3142/1/3142 3153/1/3153 3139/1/3139 3138/1/3138 
f 3144/1/3144 3150/1/3150 3153/1/3153 3142/1/3142 
f 3154/1/3154 3153/1/3153 3150/1/3150 3152/1/3152 
f 3155/1/3155 3156/1/3156 3157/1/3157 3158/1/3158 
f 3154/1/3154 3157/1/3157 3156/1/3156 3140/1/3140 
f 3152/1/3152 3159/1/3159 3157/1/3157 3154/1/3154 
f 3158/1/3158 3157/1/3157 3159/1/3159 3160/1/3160 
f 3130/1/3130 3132/1/3132 3161/1/3161 3151/1/3151 
f 3162/1/3162 3161/1/3161 3132/1/3132 3131/1/3131 
f 3160/1/3160 3159/1/3159 3161/1/3161 3162/1/3162 
f 3151/1/3151 3161/1/3161 3159/1/3159 3152/1/3152 
f 3163/1/3163 3164/1/3164 3165/1/3165 3166/1/3166 
f 3112/1/3112 3165/1/3165 3164/1/3164 3108/1/3108 
f 3165/1/3165 3112/1/3112 3080/1/3080 
f 3118/1/3118 3117/1/3117 3166/1/3166 
f 3114/1/3114 3167/1/3167 3168/1/3168 3117/1/3117 
f 3136/1/3136 3167/1/3167 3114/1/3114 3113/1/3113 
f 3140/1/3140 3156/1/3156 3167/1/3167 3136/1/3136 
f 3168/1/3168 3167/1/3167 3156/1/3156 3155/1/3155 
f 3164/1/3164 3163/1/3163 3169/1/3169 
f 3169/1/3169 3145/1/3145 3148/1/3148 
f 3148/1/3148 3104/1/3104 3110/1/3110 
f 3110/1/3110 3108/1/3108 3164/1/3164 
f 3170/1/3170 3171/1/3171 3172/1/3172 3173/1/3173 
f 3169/1/3169 3172/1/3172 3171/1/3171 3145/1/3145 
f 3163/1/3163 3174/1/3174 3172/1/3172 3169/1/3169 
f 3173/1/3173 3172/1/3172 3174/1/3174 3155/1/3155 
f 3168/1/3168 3155/1/3155 3174/1/3174 
f 3166/1/3166 3175/1/3175 3174/1/3174 3163/1/3163 
f 3117/1/3117 3168/1/3168 3175/1/3175 3166/1/3166 
f 3160/1/3160 3176/1/3176 3177/1/3177 3158/1/3158 
f 3173/1/3173 3177/1/3177 3176/1/3176 3170/1/3170 
f 3158/1/3158 3177/1/3177 3173/1/3173 3155/1/3155 
f 3131/1/3131 3146/1/3146 3178/1/3178 3162/1/3162 
f 3171/1/3171 3178/1/3178 3146/1/3146 3145/1/3145 
f 3170/1/3170 3176/1/3176 3178/1/3178 3171/1/3171 
f 3162/1/3162 3178/1/3178 3176/1/3176 3160/1/3160 
f 3179/1/3179 3180/1/3180 3181/1/3181 3182/1/3182 
f 3183/1/3183 3180/1/3180 3179/1/3179 3184/1/3184 
f 1/1/1 22/1/22 3180/1/3180 3183/1/3183 
f 3180/1/3180 22/1/22 25/1/25 
f 3182/1/3182 3181/1/3181 3185/1/3185 3186/1/3186 
f 42/1/42 3185/1/3185 3181/1/3181 25/1/25 
f 34/1/34 33/1/33 3185/1/3185 42/1/42 
f 3186/1/3186 3185/1/3185 33/1/33 32/1/32 
f 3187/1/3187 3188/1/3188 3189/1/3189 3190/1/3190 
f 3191/1/3191 3192/1/3192 3188/1/3188 3187/1/3187 
f 3193/1/3193 3188/1/3188 3192/1/3192 3194/1/3194 
f 3195/1/3195 3189/1/3189 3188/1/3188 3193/1/3193 
f 3194/1/3194 3196/1/3196 3197/1/3197 3193/1/3193 
f 30/1/30 3197/1/3197 3196/1/3196 32/1/32 
f 31/1/31 3198/1/3198 3197/1/3197 30/1/30 
f 3193/1/3193 3197/1/3197 3198/1/3198 3195/1/3195 
f 1778/1/1778 1777/1/1777 3199/1/3199 3200/1/3200 
f 3201/1/3201 3199/1/3199 1777/1/1777 1782/1/1782 
f 3202/1/3202 3203/1/3203 3199/1/3199 3201/1/3201 
f 3204/1/3204 3200/1/3200 3199/1/3199 3203/1/3203 
f 3205/1/3205 3206/1/3206 3207/1/3207 3208/1/3208 
f 3209/1/3209 3207/1/3207 3206/1/3206 3210/1/3210 
f 3211/1/3211 3207/1/3207 3209/1/3209 3212/1/3212 
f 3213/1/3213 3208/1/3208 3207/1/3207 3211/1/3211 
f 3201/1/3201 3214/1/3214 3215/1/3215 3202/1/3202 
f 1782/1/1782 2258/1/2258 3214/1/3214 3201/1/3201 
f 3216/1/3216 3214/1/3214 2258/1/2258 2256/1/2256 
f 3217/1/3217 3215/1/3215 3214/1/3214 3216/1/3216 
f 3212/1/3212 3218/1/3218 3219/1/3219 3211/1/3211 
f 3203/1/3203 3219/1/3219 3218/1/3218 3204/1/3204 
f 3202/1/3202 3220/1/3220 3219/1/3219 3203/1/3203 
f 3211/1/3211 3219/1/3219 3220/1/3220 3213/1/3213 
f 2256/1/2256 2255/1/2255 3221/1/3221 3216/1/3216 
f 1788/1/1788 1784/1/1784 3221/1/3221 2255/1/2255 
f 1783/1/1783 3222/1/3222 3221/1/3221 1784/1/1784 
f 3216/1/3216 3221/1/3221 3222/1/3222 3217/1/3217 
f 3223/1/3223 3224/1/3224 3225/1/3225 3226/1/3226 
f 1786/1/1786 3224/1/3224 3223/1/3223 1783/1/1783 
f 44/1/44 3227/1/3227 3224/1/3224 1786/1/1786 
f 3225/1/3225 3224/1/3224 3227/1/3227 3228/1/3228 
f 3229/1/3229 3230/1/3230 3231/1/3231 3232/1/3232 
f 3233/1/3233 3230/1/3230 3229/1/3229 3234/1/3234 
f 3226/1/3226 3225/1/3225 3230/1/3230 3233/1/3233 
f 3228/1/3228 3231/1/3231 3230/1/3230 3225/1/3225 
f 3228/1/3228 3227/1/3227 3235/1/3235 3236/1/3236 
f 47/1/47 3235/1/3235 3227/1/3227 44/1/44 
f 52/1/52 3237/1/3237 3235/1/3235 47/1/47 
f 3237/1/3237 3238/1/3238 3236/1/3236 
f 3239/1/3239 3240/1/3240 3241/1/3241 3242/1/3242 
f 3232/1/3232 3231/1/3231 3240/1/3240 3239/1/3239 
f 3236/1/3236 3240/1/3240 3231/1/3231 3228/1/3228 
f 3240/1/3240 3236/1/3236 3238/1/3238 
f 3238/1/3238 3237/1/3237 3243/1/3243 3244/1/3244 
f 2243/1/2243 3243/1/3243 3237/1/3237 52/1/52 
f 2246/1/2246 3245/1/3245 3243/1/3243 2243/1/2243 
f 3244/1/3244 3243/1/3243 3245/1/3245 3246/1/3246 
f 3247/1/3247 3248/1/3248 3249/1/3249 3250/1/3250 
f 3242/1/3242 3241/1/3241 3248/1/3248 3247/1/3247 
f 3244/1/3244 3248/1/3248 3241/1/3241 3238/1/3238 
f 3246/1/3246 3249/1/3249 3248/1/3248 3244/1/3244 
f 3246/1/3246 3245/1/3245 3251/1/3251 3252/1/3252 
f 2251/1/2251 3251/1/3251 3245/1/3245 2246/1/2246 
f 2252/1/2252 3253/1/3253 3251/1/3251 2251/1/2251 
f 3252/1/3252 3251/1/3251 3253/1/3253 3254/1/3254 
f 2252/1/2252 2249/1/2249 3255/1/3255 3256/1/3256 
f 1772/1/1772 3255/1/3255 2249/1/2249 1774/1/1774 
f 1773/1/1773 3257/1/3257 3255/1/3255 1772/1/1772 
f 3258/1/3258 3256/1/3256 3255/1/3255 3257/1/3257 
f 3259/1/3259 3260/1/3260 3261/1/3261 3262/1/3262 
f 3250/1/3250 3249/1/3249 3260/1/3260 3259/1/3259 
f 3252/1/3252 3260/1/3260 3249/1/3249 3246/1/3246 
f 3254/1/3254 3261/1/3261 3260/1/3260 3252/1/3252 
f 3263/1/3263 3264/1/3264 3265/1/3265 3266/1/3266 
f 3254/1/3254 3253/1/3253 3265/1/3265 3264/1/3264 
f 3256/1/3256 3265/1/3265 3253/1/3253 2252/1/2252 
f 3266/1/3266 3265/1/3265 3256/1/3256 3258/1/3258 
f 3267/1/3267 3268/1/3268 3264/1/3264 3263/1/3263 
f 3269/1/3269 3270/1/3270 3268/1/3268 3267/1/3267 
f 3262/1/3262 3261/1/3261 3268/1/3268 3270/1/3270 
f 3264/1/3264 3268/1/3268 3261/1/3261 3254/1/3254 
f 3257/1/3257 3271/1/3271 3272/1/3272 3258/1/3258 
f 1773/1/1773 2570/1/2570 3271/1/3271 3257/1/3257 
f 3273/1/3273 3271/1/3271 2570/1/2570 2569/1/2569 
f 3274/1/3274 3272/1/3272 3271/1/3271 3273/1/3273 
f 3275/1/3275 3276/1/3276 3277/1/3277 3278/1/3278 
f 3266/1/3266 3277/1/3277 3276/1/3276 3263/1/3263 
f 3258/1/3258 3272/1/3272 3277/1/3277 3266/1/3266 
f 3278/1/3278 3277/1/3277 3272/1/3272 3274/1/3274 
f 3279/1/3279 3280/1/3280 3276/1/3276 3275/1/3275 
f 3281/1/3281 3282/1/3282 3280/1/3280 3279/1/3279 
f 3267/1/3267 3280/1/3280 3282/1/3282 3269/1/3269 
f 3263/1/3263 3276/1/3276 3280/1/3280 3267/1/3267 
f 3283/1/3283 3284/1/3284 3285/1/3285 3286/1/3286 
f 53/1/53 56/1/56 3284/1/3284 3283/1/3283 
f 61/1/61 3287/1/3287 3284/1/3284 56/1/56 
f 3285/1/3285 3284/1/3284 3287/1/3287 3288/1/3288 
f 3289/1/3289 3290/1/3290 3291/1/3291 3292/1/3292 
f 3293/1/3293 3291/1/3291 3290/1/3290 3294/1/3294 
f 3286/1/3286 3285/1/3285 3291/1/3291 3293/1/3293 
f 3292/1/3292 3291/1/3291 3285/1/3285 3288/1/3288 
f 3295/1/3295 3296/1/3296 3290/1/3290 3289/1/3289 
f 3297/1/3297 3298/1/3298 3296/1/3296 3295/1/3295 
f 3299/1/3299 3296/1/3296 3298/1/3298 3300/1/3300 
f 3294/1/3294 3290/1/3290 3296/1/3296 3299/1/3299 
f 3288/1/3288 3287/1/3287 3301/1/3301 3302/1/3302 
f 78/1/78 3301/1/3301 3287/1/3287 61/1/61 
f 79/1/79 3303/1/3303 3301/1/3301 78/1/78 
f 3302/1/3302 3301/1/3301 3303/1/3303 3304/1/3304 
f 3305/1/3305 3306/1/3306 3307/1/3307 3308/1/3308 
f 3292/1/3292 3307/1/3307 3306/1/3306 3289/1/3289 
f 3288/1/3288 3302/1/3302 3307/1/3307 3292/1/3292 
f 3302/1/3302 3304/1/3304 3308/1/3308 
f 3309/1/3309 3310/1/3310 3311/1/3311 3312/1/3312 
f 3310/1/3310 694/1/694 699/1/699 
f 700/1/700 2447/1/2447 3311/1/3311 699/1/699 
f 2451/1/2451 3312/1/3312 3311/1/3311 2447/1/2447 
f 3313/1/3313 3314/1/3314 3306/1/3306 3305/1/3305 
f 3315/1/3315 3316/1/3316 3314/1/3314 3313/1/3313 
f 3295/1/3295 3314/1/3314 3316/1/3316 3297/1/3297 
f 3289/1/3289 3306/1/3306 3314/1/3314 3295/1/3295 
f 3309/1/3309 3317/1/3317 3318/1/3318 3310/1/3310 
f 3317/1/3317 3304/1/3304 3303/1/3303 3318/1/3318 
f 693/1/693 3318/1/3318 3303/1/3303 79/1/79 
f 694/1/694 3310/1/3310 3318/1/3318 693/1/693 
f 3319/1/3319 3320/1/3320 3321/1/3321 3322/1/3322 
f 3308/1/3308 3321/1/3321 3320/1/3320 3305/1/3305 
f 3321/1/3321 3308/1/3308 3304/1/3304 
f 3322/1/3322 3321/1/3321 3317/1/3317 3309/1/3309 
f 3323/1/3323 3324/1/3324 3320/1/3320 3319/1/3319 
f 3325/1/3325 3326/1/3326 3324/1/3324 3323/1/3323 
f 3313/1/3313 3324/1/3324 3326/1/3326 3315/1/3315 
f 3305/1/3305 3320/1/3320 3324/1/3324 3313/1/3313 
f 3327/1/3327 3328/1/3328 3329/1/3329 
f 3323/1/3323 3329/1/3329 3328/1/3328 3325/1/3325 
f 3319/1/3319 3330/1/3330 3329/1/3329 3323/1/3323 
f 3331/1/3331 3332/1/3332 3329/1/3329 3330/1/3330 
f 3322/1/3322 3333/1/3333 3330/1/3330 3319/1/3319 
f 3309/1/3309 3312/1/3312 3333/1/3333 3322/1/3322 
f 3334/1/3334 3333/1/3333 3312/1/3312 2451/1/2451 
f 3334/1/3334 3331/1/3331 3330/1/3330 3333/1/3333 
f 3335/1/3335 3336/1/3336 3337/1/3337 3338/1/3338 
f 3190/1/3190 3189/1/3189 3336/1/3336 3335/1/3335 
f 3339/1/3339 3336/1/3336 3189/1/3189 3195/1/3195 
f 3340/1/3340 3337/1/3337 3336/1/3336 3339/1/3339 
f 3341/1/3341 3342/1/3342 3343/1/3343 3344/1/3344 
f 2565/1/2565 3344/1/3344 3343/1/3343 2566/1/2566 
f 2549/1/2549 2548/1/2548 3344/1/3344 2565/1/2565 
f 3341/1/3341 3344/1/3344 2548/1/2548 2553/1/2553 
f 3195/1/3195 3198/1/3198 3345/1/3345 3339/1/3339 
f 2567/1/2567 3345/1/3345 3198/1/3198 31/1/31 
f 2566/1/2566 3346/1/3346 3345/1/3345 2567/1/2567 
f 3339/1/3339 3345/1/3345 3346/1/3346 3340/1/3340 
f 3341/1/3341 2553/1/2553 2562/1/2562 3347/1/3347 
f 3200/1/3200 3347/1/3347 2562/1/2562 1778/1/1778 
f 3200/1/3200 3204/1/3204 3348/1/3348 3347/1/3347 
f 3342/1/3342 3341/1/3341 3347/1/3347 3348/1/3348 
f 3348/1/3348 3349/1/3349 3350/1/3350 3342/1/3342 
f 3204/1/3204 3218/1/3218 3349/1/3349 3348/1/3348 
f 3351/1/3351 3349/1/3349 3218/1/3218 3212/1/3212 
f 3352/1/3352 3350/1/3350 3349/1/3349 3351/1/3351 
f 3353/1/3353 3354/1/3354 3350/1/3350 3352/1/3352 
f 3340/1/3340 3346/1/3346 3354/1/3354 3353/1/3353 
f 3343/1/3343 3354/1/3354 3346/1/3346 2566/1/2566 
f 3342/1/3342 3350/1/3350 3354/1/3354 3343/1/3343 
f 3355/1/3355 3356/1/3356 3357/1/3357 3358/1/3358 
f 3273/1/3273 3357/1/3357 3356/1/3356 3274/1/3274 
f 2569/1/2569 2576/1/2576 3357/1/3357 3273/1/3273 
f 3358/1/3358 3357/1/3357 2576/1/2576 2575/1/2575 
f 3212/1/3212 3209/1/3209 3359/1/3359 3351/1/3351 
f 3210/1/3210 3360/1/3360 3359/1/3359 3209/1/3209 
f 3361/1/3361 3359/1/3359 3360/1/3360 3362/1/3362 
f 3361/1/3361 3352/1/3352 3351/1/3351 3359/1/3359 
f 3353/1/3353 3352/1/3352 3361/1/3361 3363/1/3363 
f 3362/1/3362 3364/1/3364 3363/1/3363 3361/1/3361 
f 3364/1/3364 3338/1/3338 3337/1/3337 3363/1/3363 
f 3353/1/3353 3363/1/3363 3337/1/3337 3340/1/3340 
f 3365/1/3365 3366/1/3366 3367/1/3367 3368/1/3368 
f 3278/1/3278 3367/1/3367 3366/1/3366 3275/1/3275 
f 3274/1/3274 3356/1/3356 3367/1/3367 3278/1/3278 
f 3368/1/3368 3367/1/3367 3356/1/3356 3355/1/3355 
f 3369/1/3369 3370/1/3370 3371/1/3371 3372/1/3372 
f 3373/1/3373 3374/1/3374 3370/1/3370 3369/1/3369 
f 3374/1/3374 3375/1/3375 3376/1/3376 
f 3365/1/3365 3371/1/3371 3370/1/3370 3376/1/3376 
f 3376/1/3376 3377/1/3377 3366/1/3366 3365/1/3365 
f 3377/1/3377 3376/1/3376 3375/1/3375 
f 3279/1/3279 3377/1/3377 3378/1/3378 3281/1/3281 
f 3275/1/3275 3366/1/3366 3377/1/3377 3279/1/3279 
f 3379/1/3379 3380/1/3380 3381/1/3381 3382/1/3382 
f 3358/1/3358 3381/1/3381 3380/1/3380 3355/1/3355 
f 2575/1/2575 2583/1/2583 3381/1/3381 3358/1/3358 
f 3382/1/3382 3381/1/3381 2583/1/2583 2541/1/2541 
f 3372/1/3372 3371/1/3371 3383/1/3383 3384/1/3384 
f 3368/1/3368 3383/1/3383 3371/1/3371 3365/1/3365 
f 3355/1/3355 3380/1/3380 3383/1/3383 3368/1/3368 
f 3384/1/3384 3383/1/3383 3380/1/3380 3379/1/3379 
f 2541/1/2541 2540/1/2540 3385/1/3385 3382/1/3382 
f 3283/1/3283 3385/1/3385 2540/1/2540 53/1/53 
f 3286/1/3286 3386/1/3386 3385/1/3385 3283/1/3283 
f 3382/1/3382 3385/1/3385 3386/1/3386 3379/1/3379 
f 3379/1/3379 3386/1/3386 3387/1/3387 3384/1/3384 
f 3293/1/3293 3387/1/3387 3386/1/3386 3286/1/3286 
f 3294/1/3294 3388/1/3388 3387/1/3387 3293/1/3293 
f 3384/1/3384 3387/1/3387 3388/1/3388 3372/1/3372 
f 3299/1/3299 3389/1/3389 3388/1/3388 3294/1/3294 
f 3300/1/3300 3390/1/3390 3389/1/3389 3299/1/3299 
f 3369/1/3369 3389/1/3389 3390/1/3390 3373/1/3373 
f 3372/1/3372 3388/1/3388 3389/1/3389 3369/1/3369 
f 3186/1/3186 3391/1/3391 3392/1/3392 3182/1/3182 
f 32/1/32 3196/1/3196 3391/1/3391 3186/1/3186 
f 3393/1/3393 3391/1/3391 3196/1/3196 3194/1/3194 
f 3394/1/3394 3392/1/3392 3391/1/3391 3393/1/3393 
f 3393/1/3393 3395/1/3395 3396/1/3396 3394/1/3394 
f 3194/1/3194 3192/1/3192 3395/1/3395 3393/1/3393 
f 3397/1/3397 3395/1/3395 3192/1/3192 3191/1/3191 
f 3398/1/3398 3396/1/3396 3395/1/3395 3397/1/3397 
f 3399/1/3399 3400/1/3400 3401/1/3401 
f 3394/1/3394 3396/1/3396 3399/1/3399 3402/1/3402 
f 3403/1/3403 3399/1/3399 3396/1/3396 3398/1/3398 
f 3403/1/3403 3404/1/3404 3400/1/3400 
f 3405/1/3405 3406/1/3406 3407/1/3407 3408/1/3408 
f 3407/1/3407 3406/1/3406 2442/1/2442 
f 3409/1/3409 3407/1/3407 2445/1/2445 6/1/6 
f 3408/1/3408 3407/1/3407 3409/1/3409 3410/1/3410 
f 3402/1/3402 3401/1/3401 3411/1/3411 
f 3412/1/3412 3411/1/3411 3184/1/3184 
f 3182/1/3182 3392/1/3392 3412/1/3412 3179/1/3179 
f 3402/1/3402 3412/1/3412 3392/1/3392 3394/1/3394 
f 6/1/6 2/1/2 3413/1/3413 3409/1/3409 
f 2/1/2 1/1/1 3183/1/3183 
f 3413/1/3413 3183/1/3183 3184/1/3184 
f 3410/1/3410 3409/1/3409 3413/1/3413 3414/1/3414 
f 3415/1/3415 3416/1/3416 3417/1/3417 3418/1/3418 
f 3401/1/3401 3400/1/3400 3416/1/3416 3415/1/3415 
f 3400/1/3400 3404/1/3404 3419/1/3419 
f 3420/1/3420 3417/1/3417 3416/1/3416 3419/1/3419 
f 3418/1/3418 3417/1/3417 3421/1/3421 3422/1/3422 
f 3423/1/3423 3421/1/3421 3417/1/3417 3420/1/3420 
f 3424/1/3424 3425/1/3425 3421/1/3421 3423/1/3423 
f 3422/1/3422 3421/1/3421 3425/1/3425 3426/1/3426 
f 3426/1/3426 3427/1/3427 3428/1/3428 3422/1/3422 
f 3408/1/3408 3428/1/3428 3427/1/3427 3405/1/3405 
f 3410/1/3410 3429/1/3429 3428/1/3428 3408/1/3408 
f 3422/1/3422 3428/1/3428 3429/1/3429 3418/1/3418 
f 3414/1/3414 3430/1/3430 3429/1/3429 3410/1/3410 
f 3184/1/3184 3411/1/3411 3430/1/3430 3414/1/3414 
f 3415/1/3415 3430/1/3430 3411/1/3411 3401/1/3401 
f 3418/1/3418 3429/1/3429 3430/1/3430 3415/1/3415 
f 3217/1/3217 3222/1/3222 3431/1/3431 3432/1/3432 
f 3223/1/3223 3431/1/3431 3222/1/3222 1783/1/1783 
f 3226/1/3226 3433/1/3433 3431/1/3431 3223/1/3223 
f 3432/1/3432 3431/1/3431 3433/1/3433 3434/1/3434 
f 3435/1/3435 3436/1/3436 3437/1/3437 3438/1/3438 
f 3208/1/3208 3437/1/3437 3436/1/3436 3205/1/3205 
f 3213/1/3213 3439/1/3439 3437/1/3437 3208/1/3208 
f 3438/1/3438 3437/1/3437 3439/1/3439 3434/1/3434 
f 3434/1/3434 3433/1/3433 3440/1/3440 3438/1/3438 
f 3233/1/3233 3440/1/3440 3433/1/3433 3226/1/3226 
f 3234/1/3234 3441/1/3441 3440/1/3440 3233/1/3233 
f 3438/1/3438 3440/1/3440 3441/1/3441 3435/1/3435 
f 3434/1/3434 3439/1/3439 3442/1/3442 3432/1/3432 
f 3213/1/3213 3220/1/3220 3442/1/3442 3439/1/3439 
f 3202/1/3202 3215/1/3215 3442/1/3442 3220/1/3220 
f 3432/1/3432 3442/1/3442 3215/1/3215 3217/1/3217 
f 3334/1/3334 3443/1/3443 3444/1/3444 3331/1/3331 
f 2451/1/2451 2450/1/2450 3443/1/3443 3334/1/3334 
f 2449/1/2449 3445/1/3445 3443/1/3443 2450/1/2450 
f 3444/1/3444 3443/1/3443 3445/1/3445 3446/1/3446 
f 3426/1/3426 3425/1/3425 3447/1/3447 3448/1/3448 
f 3449/1/3449 3447/1/3447 3425/1/3425 3424/1/3424 
f 3450/1/3450 3451/1/3451 3447/1/3447 3449/1/3449 
f 3448/1/3448 3447/1/3447 3451/1/3451 3452/1/3452 
f 3453/1/3453 3454/1/3454 3455/1/3455 
f 3405/1/3405 3427/1/3427 3456/1/3456 3455/1/3455 
f 3448/1/3448 3456/1/3456 3427/1/3427 3426/1/3426 
f 3452/1/3452 3453/1/3453 3456/1/3456 3448/1/3448 
f 2449/1/2449 2448/1/2448 3457/1/3457 3458/1/3458 
f 2448/1/2448 2442/1/2442 3406/1/3406 
f 3457/1/3457 3406/1/3406 3405/1/3405 
f 3458/1/3458 3457/1/3457 3455/1/3455 3454/1/3454 
f 3459/1/3459 3460/1/3460 3461/1/3461 3462/1/3462 
f 3459/1/3459 3327/1/3327 3332/1/3332 
f 3444/1/3444 3460/1/3460 3332/1/3332 3331/1/3331 
f 3446/1/3446 3461/1/3461 3460/1/3460 3444/1/3444 
f 3463/1/3463 3464/1/3464 3465/1/3465 3466/1/3466 
f 3452/1/3452 3451/1/3451 3464/1/3464 3463/1/3463 
f 3467/1/3467 3464/1/3464 3451/1/3451 3450/1/3450 
f 3468/1/3468 3465/1/3465 3464/1/3464 3467/1/3467 
f 3468/1/3468 3469/1/3469 3470/1/3470 3465/1/3465 
f 3461/1/3461 3470/1/3470 3469/1/3469 3462/1/3462 
f 3461/1/3461 3446/1/3446 3471/1/3471 3470/1/3470 
f 3466/1/3466 3465/1/3465 3470/1/3470 3471/1/3471 
f 3453/1/3453 3472/1/3472 3473/1/3473 3454/1/3454 
f 3463/1/3463 3472/1/3472 3453/1/3453 3452/1/3452 
f 3466/1/3466 3473/1/3473 3472/1/3472 3463/1/3463 
f 3446/1/3446 3445/1/3445 3474/1/3474 3471/1/3471 
f 3458/1/3458 3474/1/3474 3445/1/3445 2449/1/2449 
f 3454/1/3454 3473/1/3473 3474/1/3474 3458/1/3458 
f 3471/1/3471 3474/1/3474 3473/1/3473 3466/1/3466 
f 21/1/21 19/1/19 18/1/18 
f 50/1/50 51/1/51 46/1/46 
f 98/1/98 97/1/97 99/1/99 
f 100/1/100 99/1/99 105/1/105 
f 110/1/110 109/1/109 19/1/19 
f 94/1/94 96/1/96 117/1/117 
f 118/1/118 117/1/117 96/1/96 
f 136/1/136 139/1/139 134/1/134 
f 142/1/142 144/1/144 140/1/140 
f 151/1/151 152/1/152 148/1/148 
f 149/1/149 148/1/148 152/1/152 
f 228/1/228 229/1/229 226/1/226 
f 231/1/231 226/1/226 229/1/229 
f 226/1/226 232/1/232 234/1/234 
f 197/1/197 284/1/284 283/1/283 
f 196/1/196 286/1/286 284/1/284 
f 311/1/311 312/1/312 309/1/309 
f 232/1/232 330/1/330 331/1/331 
f 282/1/282 285/1/285 341/1/341 
f 363/1/363 386/1/386 384/1/384 
f 388/1/388 391/1/391 389/1/389 
f 403/1/403 402/1/402 401/1/401 
f 400/1/400 423/1/423 426/1/426 
f 439/1/439 441/1/441 437/1/437 
f 447/1/447 449/1/449 450/1/450 
f 465/1/465 466/1/466 463/1/463 
f 468/1/468 440/1/440 442/1/442 
f 497/1/497 498/1/498 494/1/494 
f 510/1/510 508/1/508 507/1/507 
f 503/1/503 511/1/511 508/1/508 
f 509/1/509 508/1/508 511/1/511 
f 504/1/504 526/1/526 525/1/525 
f 499/1/499 498/1/498 526/1/526 
f 525/1/525 526/1/526 498/1/498 
f 533/1/533 535/1/535 531/1/531 
f 532/1/532 531/1/531 537/1/537 
f 538/1/538 537/1/537 539/1/539 
f 540/1/540 539/1/539 466/1/466 
f 469/1/469 541/1/541 540/1/540 
f 542/1/542 541/1/541 543/1/543 
f 501/1/501 545/1/545 441/1/441 
f 544/1/544 546/1/546 547/1/547 
f 561/1/561 562/1/562 559/1/559 
f 563/1/563 565/1/565 559/1/559 
f 574/1/574 571/1/571 570/1/570 
f 575/1/575 576/1/576 571/1/571 
f 582/1/582 579/1/579 578/1/578 
f 592/1/592 591/1/591 532/1/532 
f 597/1/597 598/1/598 595/1/595 
f 597/1/597 596/1/596 603/1/603 
f 564/1/564 565/1/565 605/1/605 
f 606/1/606 605/1/605 565/1/565 
f 608/1/608 605/1/605 606/1/606 
f 627/1/627 625/1/625 624/1/624 
f 616/1/616 615/1/615 631/1/631 
f 588/1/588 624/1/624 631/1/631 
f 632/1/632 640/1/640 621/1/621 
f 637/1/637 643/1/643 644/1/644 
f 620/1/620 644/1/644 643/1/643 
f 638/1/638 641/1/641 646/1/646 
f 626/1/626 646/1/646 641/1/641 
f 630/1/630 634/1/634 646/1/646 
f 645/1/645 646/1/646 634/1/634 
f 671/1/671 669/1/669 200/1/200 
f 672/1/672 670/1/670 669/1/669 
f 282/1/282 342/1/342 679/1/679 
f 677/1/677 682/1/682 681/1/681 
f 671/1/671 681/1/681 682/1/682 
f 201/1/201 283/1/283 681/1/681 
f 678/1/678 681/1/681 283/1/283 
f 690/1/690 704/1/704 705/1/705 
f 769/1/769 775/1/775 774/1/774 
f 493/1/493 814/1/814 496/1/496 
f 490/1/490 816/1/816 814/1/814 
f 490/1/490 489/1/489 823/1/823 
f 828/1/828 829/1/829 826/1/826 
f 830/1/830 826/1/826 829/1/829 
f 831/1/831 832/1/832 826/1/826 
f 827/1/827 826/1/826 832/1/832 
f 835/1/835 834/1/834 838/1/838 
f 872/1/872 873/1/873 870/1/870 
f 869/1/869 874/1/874 870/1/870 
f 798/1/798 896/1/896 895/1/895 
f 900/1/900 904/1/904 903/1/903 
f 898/1/898 897/1/897 903/1/903 
f 879/1/879 881/1/881 906/1/906 
f 907/1/907 906/1/906 908/1/908 
f 875/1/875 874/1/874 910/1/910 
f 877/1/877 910/1/910 874/1/874 
f 911/1/911 910/1/910 907/1/907 
f 913/1/913 912/1/912 911/1/911 
f 916/1/916 919/1/919 914/1/914 
f 918/1/918 919/1/919 916/1/916 
f 909/1/909 914/1/914 919/1/919 
f 923/1/923 924/1/924 920/1/920 
f 908/1/908 929/1/929 922/1/922 
f 943/1/943 951/1/951 950/1/950 
f 436/1/436 953/1/953 952/1/952 
f 948/1/948 951/1/951 952/1/952 
f 954/1/954 953/1/953 436/1/436 
f 375/1/375 956/1/956 959/1/959 
f 975/1/975 974/1/974 916/1/916 
f 984/1/984 985/1/985 983/1/983 
f 915/1/915 921/1/921 985/1/985 
f 980/1/980 990/1/990 570/1/570 
f 561/1/561 568/1/568 991/1/991 
f 981/1/981 991/1/991 989/1/989 
f 1007/1/1007 1006/1/1006 1008/1/1008 
f 1009/1/1009 1011/1/1011 1010/1/1010 
f 965/1/965 1010/1/1010 1011/1/1011 
f 964/1/964 978/1/978 1010/1/1010 
f 1007/1/1007 1010/1/1010 978/1/978 
f 1014/1/1014 1012/1/1012 1008/1/1008 
f 230/1/230 229/1/229 1069/1/1069 
f 1071/1/1071 1069/1/1069 229/1/229 
f 1070/1/1070 1069/1/1069 1073/1/1073 
f 1100/1/1100 1099/1/1099 1101/1/1101 
f 1110/1/1110 1107/1/1107 1106/1/1106 
f 1111/1/1111 1112/1/1112 1107/1/1107 
f 1108/1/1108 1107/1/1107 1112/1/1112 
f 1141/1/1141 1142/1/1142 1138/1/1138 
f 1146/1/1146 1148/1/1148 1144/1/1144 
f 1150/1/1150 1151/1/1151 1148/1/1148 
f 1143/1/1143 1142/1/1142 1153/1/1153 
f 1156/1/1156 1158/1/1158 1153/1/1153 
f 1157/1/1157 1158/1/1158 1159/1/1159 
f 1161/1/1161 1159/1/1159 1158/1/1158 
f 1152/1/1152 1160/1/1160 1159/1/1159 
f 1164/1/1164 1167/1/1167 1166/1/1166 
f 1165/1/1165 1166/1/1166 1170/1/1170 
f 1154/1/1154 1170/1/1170 1166/1/1166 
f 1171/1/1171 1170/1/1170 1154/1/1154 
f 1157/1/1157 1160/1/1160 1172/1/1172 
f 1173/1/1173 1172/1/1172 1160/1/1160 
f 1171/1/1171 1172/1/1172 1175/1/1175 
f 602/1/602 1182/1/1182 590/1/590 
f 1198/1/1198 1197/1/1197 1196/1/1196 
f 1198/1/1198 1199/1/1199 635/1/635 
f 1184/1/1184 1199/1/1199 1198/1/1198 
f 1168/1/1168 1175/1/1175 1200/1/1200 
f 1213/1/1213 1211/1/1211 1206/1/1206 
f 1254/1/1254 1253/1/1253 1255/1/1255 
f 1257/1/1257 1244/1/1244 1243/1/1243 
f 1258/1/1258 1257/1/1257 1259/1/1259 
f 1263/1/1263 1264/1/1264 1261/1/1261 
f 1258/1/1258 1261/1/1261 1264/1/1264 
f 1260/1/1260 1265/1/1265 1261/1/1261 
f 1274/1/1274 1276/1/1276 1272/1/1272 
f 1256/1/1256 1274/1/1274 1273/1/1273 
f 1275/1/1275 1274/1/1274 1256/1/1256 
f 1276/1/1276 1274/1/1274 1275/1/1275 
f 862/1/862 1277/1/1277 1101/1/1101 
f 1275/1/1275 1277/1/1277 1278/1/1278 
f 1270/1/1270 1283/1/1283 1282/1/1282 
f 1252/1/1252 1282/1/1282 1283/1/1283 
f 1263/1/1263 1280/1/1280 1290/1/1290 
f 1291/1/1291 1294/1/1294 1264/1/1264 
f 1297/1/1297 1296/1/1296 1293/1/1293 
f 1315/1/1315 1313/1/1313 1312/1/1312 
f 1309/1/1309 1320/1/1320 1318/1/1318 
f 1315/1/1315 1330/1/1330 1328/1/1328 
f 1314/1/1314 1332/1/1332 1330/1/1330 
f 1350/1/1350 1353/1/1353 1359/1/1359 
f 1365/1/1365 1368/1/1368 1372/1/1372 
f 1375/1/1375 1388/1/1388 1387/1/1387 
f 1389/1/1389 1388/1/1388 1390/1/1390 
f 1152/1/1152 1151/1/1151 1406/1/1406 
f 1150/1/1150 1385/1/1385 1408/1/1408 
f 1174/1/1174 1405/1/1405 1413/1/1413 
f 1415/1/1415 1416/1/1416 1413/1/1413 
f 1419/1/1419 1420/1/1420 1417/1/1417 
f 593/1/593 1422/1/1422 1421/1/1421 
f 1424/1/1424 1422/1/1422 593/1/593 
f 1415/1/1415 1423/1/1423 1422/1/1422 
f 1425/1/1425 1426/1/1426 1420/1/1420 
f 1403/1/1403 1423/1/1423 1426/1/1426 
f 594/1/594 1183/1/1183 1427/1/1427 
f 1194/1/1194 1416/1/1416 1427/1/1427 
f 1395/1/1395 1425/1/1425 1428/1/1428 
f 1409/1/1409 1430/1/1430 1418/1/1418 
f 1384/1/1384 1392/1/1392 1430/1/1430 
f 1429/1/1429 1430/1/1430 1392/1/1392 
f 1399/1/1399 1433/1/1433 1432/1/1432 
f 1371/1/1371 1437/1/1437 1435/1/1435 
f 1438/1/1438 1443/1/1443 1441/1/1441 
f 1445/1/1445 1370/1/1370 1369/1/1369 
f 1483/1/1483 1484/1/1484 1480/1/1480 
f 1481/1/1481 1480/1/1480 1484/1/1484 
f 1485/1/1485 1489/1/1489 1488/1/1488 
f 1491/1/1491 1488/1/1488 1489/1/1489 
f 1505/1/1505 1504/1/1504 1506/1/1506 
f 1401/1/1401 1432/1/1432 1508/1/1508 
f 1497/1/1497 1508/1/1508 1432/1/1432 
f 1521/1/1521 1523/1/1523 1519/1/1519 
f 1518/1/1518 1517/1/1517 1541/1/1541 
f 1542/1/1542 1541/1/1541 1535/1/1535 
f 1580/1/1580 1581/1/1581 1579/1/1579 
f 831/1/831 1582/1/1582 1581/1/1581 
f 831/1/831 830/1/830 1584/1/1584 
f 1582/1/1582 1584/1/1584 1585/1/1585 
f 1578/1/1578 1588/1/1588 1586/1/1586 
f 535/1/535 1586/1/1586 1588/1/1588 
f 533/1/533 1421/1/1421 1586/1/1586 
f 1587/1/1587 1586/1/1586 1421/1/1421 
f 1402/1/1402 1589/1/1589 1587/1/1587 
f 1591/1/1591 1590/1/1590 523/1/523 
f 1593/1/1593 1590/1/1590 1591/1/1591 
f 1569/1/1569 1565/1/1565 1594/1/1594 
f 1595/1/1595 1594/1/1594 1565/1/1565 
f 1577/1/1577 1594/1/1594 1597/1/1597 
f 506/1/506 509/1/509 1601/1/1601 
f 1583/1/1583 1593/1/1593 1603/1/1603 
f 1602/1/1602 1605/1/1605 1597/1/1597 
f 1608/1/1608 1607/1/1607 1580/1/1580 
f 839/1/839 838/1/838 1607/1/1607 
f 846/1/846 1615/1/1615 1612/1/1612 
f 1613/1/1613 1612/1/1612 1615/1/1615 
f 1619/1/1619 1620/1/1620 1618/1/1618 
f 1616/1/1616 1622/1/1622 1621/1/1621 
f 1610/1/1610 1623/1/1623 1621/1/1621 
f 1626/1/1626 1627/1/1627 1624/1/1624 
f 1483/1/1483 1611/1/1611 1627/1/1627 
f 1624/1/1624 1627/1/1627 1611/1/1611 
f 1690/1/1690 1694/1/1694 1691/1/1691 
f 1697/1/1697 1698/1/1698 1695/1/1695 
f 1720/1/1720 1719/1/1719 1721/1/1721 
f 1722/1/1722 1721/1/1721 1725/1/1725 
f 1732/1/1732 1731/1/1731 1238/1/1238 
f 1734/1/1734 1731/1/1731 1732/1/1732 
f 1528/1/1528 1743/1/1743 1741/1/1741 
f 1738/1/1738 1737/1/1737 1741/1/1741 
f 1747/1/1747 1748/1/1748 1745/1/1745 
f 1733/1/1733 1758/1/1758 1757/1/1757 
f 1794/1/1794 1797/1/1797 1798/1/1798 
f 147/1/147 1800/1/1800 1798/1/1798 
f 49/1/49 1790/1/1790 1802/1/1802 
f 48/1/48 1802/1/1802 1803/1/1803 
f 1814/1/1814 1813/1/1813 1816/1/1816 
f 1817/1/1817 1816/1/1816 1827/1/1827 
f 1071/1/1071 1827/1/1827 1816/1/1816 
f 1833/1/1833 1834/1/1834 1831/1/1831 
f 1830/1/1830 1829/1/1829 1835/1/1835 
f 1120/1/1120 1843/1/1843 1842/1/1842 
f 1877/1/1877 1879/1/1879 1878/1/1878 
f 1743/1/1743 1878/1/1878 1879/1/1879 
f 1927/1/1927 1928/1/1928 1925/1/1925 
f 1930/1/1930 1925/1/1925 1928/1/1928 
f 1758/1/1758 1935/1/1935 1934/1/1934 
f 1926/1/1926 1935/1/1935 1936/1/1936 
f 1942/1/1942 1940/1/1940 1134/1/1134 
f 1702/1/1702 1943/1/1943 1942/1/1942 
f 1947/1/1947 1951/1/1951 1952/1/1952 
f 1930/1/1930 1955/1/1955 1953/1/1953 
f 1955/1/1955 1930/1/1930 1929/1/1929 
f 1959/1/1959 1960/1/1960 1957/1/1957 
f 1884/1/1884 1969/1/1969 1968/1/1968 
f 1973/1/1973 1974/1/1974 1971/1/1971 
f 1972/1/1972 1971/1/1971 1975/1/1975 
f 2003/1/2003 2004/1/2004 2001/1/2001 
f 1693/1/1693 2005/1/2005 2001/1/2001 
f 2002/1/2002 2001/1/2001 2005/1/2005 
f 2045/1/2045 2047/1/2047 2043/1/2043 
f 2051/1/2051 2050/1/2050 1964/1/1964 
f 1694/1/1694 2074/1/2074 2005/1/2005 
f 2000/1/2000 2071/1/2071 2074/1/2074 
f 1859/1/1859 1864/1/1864 2079/1/2079 
f 1923/1/1923 1950/1/1950 2124/1/2124 
f 2028/1/2028 2124/1/2124 2125/1/2125 
f 2122/1/2122 2127/1/2127 2126/1/2126 
f 1123/1/1123 2141/1/2141 2139/1/2139 
f 2140/1/2140 2139/1/2139 2141/1/2141 
f 2142/1/2142 2141/1/2141 2143/1/2143 
f 2140/1/2140 2151/1/2151 2150/1/2150 
f 1358/1/1358 2156/1/2156 2154/1/2154 
f 2155/1/2155 2154/1/2154 2156/1/2156 
f 2156/1/2156 2158/1/2158 2161/1/2161 
f 2168/1/2168 2167/1/2167 1463/1/1463 
f 1976/1/1976 1975/1/1975 2175/1/2175 
f 2198/1/2198 2197/1/2197 1990/1/1990 
f 2207/1/2207 2206/1/2206 1891/1/1891 
f 2052/1/2052 2214/1/2214 1968/1/1968 
f 2211/1/2211 2214/1/2214 2215/1/2215 
f 1896/1/1896 2222/1/2222 2221/1/2221 
f 1938/1/1938 2225/1/2225 2224/1/2224 
f 2017/1/2017 2225/1/2225 1938/1/1938 
f 2223/1/2223 2227/1/2227 2226/1/2226 
f 2053/1/2053 2049/1/2049 2231/1/2231 
f 1898/1/1898 2221/1/2221 2232/1/2232 
f 1929/1/1929 1928/1/1928 2237/1/2237 
f 2234/1/2234 2237/1/2237 2238/1/2238 
f 2144/1/2144 2239/1/2239 2238/1/2238 
f 50/1/50 1803/1/1803 2247/1/2247 
f 2059/1/2059 2055/1/2055 2247/1/2247 
f 1814/1/1814 2267/1/2267 2126/1/2126 
f 1715/1/1715 2020/1/2020 2270/1/2270 
f 323/1/323 329/1/329 2271/1/2271 
f 2082/1/2082 2271/1/2271 329/1/329 
f 2085/1/2085 2272/1/2272 2271/1/2271 
f 2080/1/2080 2273/1/2273 1860/1/1860 
f 2137/1/2137 2150/1/2150 2274/1/2274 
f 845/1/845 2279/1/2279 2277/1/2277 
f 2278/1/2278 2277/1/2277 2279/1/2279 
f 2294/1/2294 2298/1/2298 2297/1/2297 
f 2297/1/2297 2298/1/2298 835/1/835 
f 1622/1/1622 2300/1/2300 2297/1/2297 
f 2278/1/2278 2300/1/2300 1622/1/1622 
f 1576/1/1576 2308/1/2308 1568/1/1568 
f 1553/1/1553 2311/1/2311 2310/1/2310 
f 2310/1/2310 2311/1/2311 2312/1/2312 
f 2368/1/2368 2371/1/2371 2365/1/2365 
f 2370/1/2370 2369/1/2369 2375/1/2375 
f 2373/1/2373 2381/1/2381 2380/1/2380 
f 1495/1/1495 2437/1/2437 1489/1/1489 
f 1494/1/1494 1626/1/1626 2439/1/2439 
f 1625/1/1625 1643/1/1643 2439/1/2439 
f 2442/1/2442 2443/1/2443 2440/1/2440 
f 2454/1/2454 2455/1/2455 2452/1/2452 
f 150/1/150 2464/1/2464 2463/1/2463 
f 2471/1/2471 2470/1/2470 2472/1/2472 
f 2593/1/2593 2592/1/2592 176/1/176 
f 2597/1/2597 2598/1/2598 2595/1/2595 
f 2661/1/2661 2660/1/2660 2662/1/2662 
f 2663/1/2663 2662/1/2662 2666/1/2666 
f 2669/1/2669 2665/1/2665 2675/1/2675 
f 151/1/151 2463/1/2463 2683/1/2683 
f 2453/1/2453 2686/1/2686 2685/1/2685 
f 2681/1/2681 2679/1/2679 2694/1/2694 
f 2454/1/2454 2685/1/2685 2702/1/2702 
f 2692/1/2692 2702/1/2702 2685/1/2685 
f 2701/1/2701 2708/1/2708 2707/1/2707 
f 2693/1/2693 2709/1/2709 2708/1/2708 
f 2706/1/2706 2710/1/2710 1866/1/1866 
f 1337/1/1337 2728/1/2728 2727/1/2727 
f 2740/1/2740 2739/1/2739 1472/1/1472 
f 1880/1/1880 1889/1/1889 2741/1/2741 
f 2519/1/2519 2761/1/2761 2760/1/2760 
f 2758/1/2758 2771/1/2771 2770/1/2770 
f 2762/1/2762 2770/1/2770 2771/1/2771 
f 1137/1/1137 2783/1/2783 2782/1/2782 
f 2795/1/2795 2794/1/2794 2788/1/2788 
f 2473/1/2473 2820/1/2820 2819/1/2819 
f 2838/1/2838 2845/1/2845 2844/1/2844 
f 1243/1/1243 1246/1/1246 2846/1/2846 
f 1269/1/1269 2846/1/2846 2848/1/2848 
f 2516/1/2516 2760/1/2760 2850/1/2850 
f 2801/1/2801 2856/1/2856 2855/1/2855 
f 1249/1/1249 1283/1/1283 2856/1/2856 
f 2802/1/2802 2855/1/2855 2858/1/2858 
f 1491/1/1491 2912/1/2912 1469/1/1469 
f 2913/1/2913 2923/1/2923 2740/1/2740 
f 2722/1/2722 2931/1/2931 2489/1/2489 
f 2723/1/2723 2922/1/2922 2931/1/2931 
f 2937/1/2937 2942/1/2942 2940/1/2940 
f 1555/1/1555 2310/1/2310 2948/1/2948 
f 2426/1/2426 2953/1/2953 2952/1/2952 
f 2950/1/2950 2967/1/2967 1556/1/1556 
f 2951/1/2951 2968/1/2968 2967/1/2967 
f 2966/1/2966 2967/1/2967 2968/1/2968 
f 2971/1/2971 2970/1/2970 2506/1/2506 
f 2984/1/2984 2983/1/2983 2933/1/2933 
f 3030/1/3030 3031/1/3031 2605/1/2605 
f 2486/1/2486 3032/1/3032 3035/1/3035 
f 3034/1/3034 3043/1/3043 3045/1/3045 
f 1450/1/1450 3059/1/3059 2906/1/2906 
f 1447/1/1447 3056/1/3056 3059/1/3059 
f 1366/1/1366 2890/1/2890 3061/1/3061 
f 3078/1/3078 3077/1/3077 3079/1/3079 
f 3112/1/3112 3111/1/3111 3078/1/3078 
f 3108/1/3108 3107/1/3107 3111/1/3111 
f 2372/1/2372 3111/1/3111 3107/1/3107 
f 3082/1/3082 3115/1/3115 3118/1/3118 
f 3080/1/3080 3118/1/3118 3165/1/3165 
f 3166/1/3166 3165/1/3165 3118/1/3118 
f 3169/1/3169 3475/1/3475 3164/1/3164 
f 3148/1/3148 3475/1/3475 3169/1/3169 
f 3110/1/3110 3475/1/3475 3148/1/3148 
f 3164/1/3164 3475/1/3475 3110/1/3110 
f 3174/1/3174 3175/1/3175 3168/1/3168 
f 25/1/25 3181/1/3181 3180/1/3180 
f 3236/1/3236 3235/1/3235 3237/1/3237 
f 3238/1/3238 3241/1/3241 3240/1/3240 
f 3308/1/3308 3307/1/3307 3302/1/3302 
f 699/1/699 3311/1/3311 3310/1/3310 
f 3304/1/3304 3317/1/3317 3321/1/3321 
f 3329/1/3329 3332/1/3332 3327/1/3327 
f 3376/1/3376 3370/1/3370 3374/1/3374 
f 3375/1/3375 3378/1/3378 3377/1/3377 
f 3401/1/3401 3402/1/3402 3399/1/3399 
f 3400/1/3400 3399/1/3399 3403/1/3403 
f 2442/1/2442 2445/1/2445 3407/1/3407 
f 3411/1/3411 3412/1/3412 3402/1/3402 
f 3184/1/3184 3179/1/3179 3412/1/3412 
f 3183/1/3183 3413/1/3413 2/1/2 
f 3184/1/3184 3414/1/3414 3413/1/3413 
f 3419/1/3419 3416/1/3416 3400/1/3400 
f 3455/1/3455 3456/1/3456 3453/1/3453 
f 3406/1/3406 3457/1/3457 2448/1/2448 
f 3405/1/3405 3455/1/3455 3457/1/3457 
f 3332/1/3332 3460/1/3460 3459/1/3459 
# 3047 polygons - 797 triangles

