# 3ds Max Wavefront OBJ Exporter v0.99 - (c)2007 guruware
# File Created: 23.04.2025 14:06:17

mtllib AlaI.mtl

#
# object AlaI
#

v  -0.1156 0.2599 1.5773
v  -0.1331 0.4072 1.7791
v  -0.1848 0.4769 1.7192
v  -0.1546 0.3396 1.5137
v  -0.2043 0.6084 1.9176
v  -0.1442 0.5367 1.9768
v  -0.2571 0.6644 1.8665
v  -0.2310 0.5305 1.6669
v  -0.2044 0.3875 1.4675
v  -0.2788 0.8741 2.2057
v  -0.2713 0.7817 2.0518
v  -0.2095 0.7112 2.0994
v  -0.2083 0.7865 2.2500
v  -0.1444 0.6241 2.1512
v  -0.1383 0.6827 2.2943
v  0.1849 0.4749 2.0280
v  0.1954 0.5562 2.1919
v  -0.0309 0.5449 2.2012
v  -0.0377 0.4547 2.0432
v  0.1906 0.5565 2.3341
v  -0.0206 0.5992 2.3305
v  0.1852 0.3574 1.8303
v  -0.0219 0.3464 1.8413
v  0.0013 0.2205 1.6268
v  0.1987 0.2581 1.6046
v  1.1429 0.1359 1.8798
v  1.0051 0.2146 1.8981
v  0.9671 0.1203 1.7089
v  1.0892 0.0386 1.7067
v  0.7744 0.2139 1.7295
v  0.7966 0.3089 1.9332
v  0.7534 0.1122 1.5167
v  0.9291 0.0140 1.5043
v  1.0394 -0.0679 1.5072
v  0.4814 0.2279 1.5495
v  0.4864 0.3382 1.7653
v  0.4989 0.4518 1.9717
v  0.4241 0.6637 1.1535
v  0.3209 0.7766 1.1117
v  0.3410 0.8685 1.3259
v  0.4521 0.7604 1.3654
v  0.2253 0.9639 1.2699
v  0.1900 0.8474 1.0763
v  0.2583 1.0706 1.4672
v  0.3572 0.9565 1.5393
v  0.4836 0.8550 1.5737
v  0.8775 0.8425 1.9052
v  0.8349 0.7592 1.7702
v  0.6806 0.8421 1.7714
v  0.7236 0.9277 1.9032
v  0.6393 0.7558 1.5875
v  0.7919 0.6746 1.5836
v  0.5169 0.9374 1.7596
v  0.5486 1.0126 1.9022
v  0.3232 1.2647 1.7588
v  0.4177 1.1314 1.8551
v  0.3752 1.0386 1.7290
v  0.2871 1.1647 1.6436
v  -0.0881 1.0075 1.4561
v  0.0828 1.0801 1.4363
v  0.0474 0.9581 1.2495
v  -0.1099 0.8640 1.2857
v  0.0130 0.8314 1.0722
v  -0.1276 0.7202 1.1315
v  -0.5833 1.8233 3.1294
v  -0.4984 1.7848 3.1787
v  -0.5644 2.0059 3.3179
v  -0.6348 2.0258 3.2718
v  -0.4821 1.9950 3.3529
v  -0.4024 1.7610 3.2164
v  -0.5751 2.1982 3.5193
v  -0.6514 2.2059 3.4796
v  -0.7048 2.2197 3.4257
v  0.1946 0.5730 2.4257
v  -0.0088 0.6372 2.4237
v  0.0096 0.6764 2.4961
v  0.2073 0.6054 2.4884
v  -0.1177 0.7626 2.4797
v  -0.1285 0.7267 2.3962
v  0.2437 0.7162 2.5747
v  0.0543 0.7807 2.6149
v  0.0318 0.7208 2.5645
v  0.2253 0.6507 2.5409
v  -0.0870 0.8504 2.6263
v  -0.1027 0.8027 2.5615
v  -0.2099 0.8705 2.4388
v  -0.2074 0.8360 2.3550
v  -0.2852 0.9324 2.3108
v  -0.2900 0.9747 2.3909
v  -0.2135 0.9040 2.5244
v  -0.2975 1.0154 2.4705
v  -0.2172 0.9435 2.5976
v  -0.3100 1.0621 2.5428
v  0.5124 0.5030 2.1631
v  0.8276 0.3877 2.1219
v  0.8191 0.3452 2.2972
v  0.4982 0.4533 2.3292
v  0.4909 0.4508 2.4342
v  0.8030 0.3296 2.4169
v  0.8012 0.3729 2.4932
v  0.4973 0.4929 2.4966
v  0.5108 0.5551 2.5263
v  0.8107 0.4456 2.5268
v  0.8228 0.5223 2.5322
v  0.5235 0.6258 2.5376
v  1.0477 0.2863 2.0659
v  1.1977 0.2012 2.0227
v  1.2175 0.1900 2.1692
v  1.0580 0.2691 2.2291
v  2.8759 -0.1898 1.9413
v  2.9399 -0.1490 1.9983
v  2.8844 -0.2634 2.0847
v  2.8206 -0.2876 2.0295
v  2.9107 -0.2313 2.1356
v  2.9671 -0.1183 2.0498
v  2.7777 -0.2642 2.2025
v  2.7540 -0.2905 2.1557
v  2.7419 -0.3006 2.0945
v  2.8905 -0.1429 2.2247
v  2.8238 -0.1851 2.2566
v  2.8023 -0.2281 2.2361
v  2.9227 -0.1939 2.1810
v  2.9688 -0.0879 2.1059
v  2.9309 -0.0569 2.1725
v  2.7140 -0.1156 1.8827
v  2.7325 -0.2000 1.9184
v  2.5753 -0.2032 1.8850
v  2.6628 -0.0416 1.8741
v  2.5817 -0.1554 1.8297
v  2.5484 -0.0870 1.8154
v  2.7638 0.0013 1.8972
v  2.8461 -0.0838 1.8949
v  0.3467 1.3289 1.8197
v  0.4464 1.2000 1.9255
v  0.3549 1.3776 1.8685
v  0.4687 1.2575 1.9593
v  0.6026 1.1479 2.0052
v  0.5655 1.0745 1.9897
v  1.9193 -0.2907 1.8410
v  2.0030 -0.1817 2.0018
v  1.8765 -0.1251 2.0177
v  1.8099 -0.2378 1.8529
v  1.9113 -0.1039 2.1971
v  2.0665 -0.1478 2.1675
v  1.7574 -0.0681 2.0297
v  1.7785 -0.0415 2.2103
v  1.7021 -0.1819 1.8617
v  2.1039 -0.1439 2.2820
v  1.9390 -0.0975 2.3184
v  1.9725 -0.0570 2.3904
v  2.1385 -0.1145 2.3527
v  1.8277 -0.0064 2.4161
v  1.7979 -0.0500 2.3410
v  1.7722 0.6707 2.0363
v  1.7164 0.6017 1.9874
v  1.5586 0.7172 1.9757
v  1.6121 0.8063 2.0243
v  1.5010 0.6250 1.9728
v  1.6494 0.5184 1.9823
v  1.3862 0.7203 1.9671
v  1.4272 0.8162 1.9795
v  1.4629 0.9039 2.0403
v  1.7752 0.6605 2.1987
v  1.7862 0.6829 2.1204
v  1.6327 0.8353 2.1335
v  1.6125 0.7977 2.2328
v  1.4833 0.9417 2.1521
v  1.4710 0.9101 2.2621
v  1.4442 0.8534 2.3368
v  1.4113 0.7909 2.3994
v  1.5458 0.6789 2.3632
v  1.5847 0.7446 2.3033
v  1.7147 0.5536 2.3259
v  1.7487 0.6138 2.2621
v  0.3484 1.4304 1.9361
v  0.4730 1.3068 2.0092
v  0.4644 1.3443 2.0705
v  0.3326 1.4734 2.0138
v  0.6242 1.2385 2.0996
v  0.6217 1.2037 2.0439
v  0.6033 1.2504 2.2246
v  0.6158 1.2543 2.1606
v  0.4505 1.3696 2.1349
v  0.4416 1.3796 2.2076
v  0.3154 1.5076 2.0983
v  0.3091 1.5322 2.1874
v  -0.4691 1.4440 2.8575
v  -0.3673 1.3680 2.9077
v  -0.4438 1.5558 3.0518
v  -0.5368 1.6171 2.9924
v  -0.3288 1.5207 3.0874
v  -0.2399 1.3214 2.9294
v  -0.1171 1.2974 2.9280
v  -0.2193 1.5059 3.1012
v  -0.0334 1.4574 3.1264
v  0.0692 1.2427 2.9381
v  -0.1298 1.6900 3.3089
v  -0.3072 1.7504 3.2478
v  0.3911 1.1220 2.9746
v  0.3134 1.3279 3.1911
v  0.6747 1.1137 3.3125
v  0.7239 0.9279 3.0609
v  0.6156 1.3150 3.5684
v  0.2311 1.5441 3.4111
v  1.0267 0.7945 3.1238
v  0.9989 0.9494 3.4082
v  1.2555 0.8363 3.4760
v  1.2582 0.6878 3.1769
v  1.2311 0.9995 3.7827
v  0.9577 1.1273 3.6957
v  3.1829 0.2822 3.7303
v  3.3662 0.4189 4.1484
v  3.3768 0.3471 4.1482
v  3.0959 0.1495 3.2837
v  3.0530 0.2058 3.2847
v  3.1341 0.3096 3.7417
v  2.9998 0.2376 3.2823
v  3.3351 0.4748 4.1552
v  1.9399 0.7228 3.1261
v  1.7011 0.8579 3.1179
v  1.7897 0.9658 3.4143
v  2.0490 0.7987 3.4666
v  1.5417 1.0801 3.3922
v  1.4859 0.9613 3.1207
v  1.5815 1.2101 3.6811
v  1.8559 1.0931 3.7242
v  2.1488 0.9315 3.8033
v  0.2212 1.7415 2.7760
v  0.1878 1.8719 2.9444
v  0.3839 1.7333 3.0373
v  0.3960 1.5951 2.8490
v  0.3546 1.8999 3.2219
v  0.1381 2.0352 3.1130
v  0.5837 1.7782 3.3086
v  0.5971 1.6211 3.1031
v  0.5865 1.4770 2.9009
v  2.0166 0.6937 3.9738
v  1.9831 0.5247 3.6182
v  2.2070 0.4319 3.6562
v  2.2701 0.6040 4.0241
v  2.1731 0.3652 3.2489
v  1.9591 0.4149 3.2406
v  2.4051 0.2661 3.2711
v  2.4623 0.3201 3.7006
v  2.5498 0.4747 4.0969
v  -0.1756 2.0781 2.5657
v  -0.2130 2.2096 2.6624
v  0.0410 2.1071 2.7656
v  0.0866 1.9858 2.6296
v  -0.0211 2.2594 2.9153
v  -0.2608 2.3715 2.7835
v  2.8451 0.0939 2.1293
v  2.7978 0.1011 2.2199
v  2.8363 0.0360 2.2347
v  2.9064 0.0215 2.1419
v  2.7890 0.0611 2.3360
v  2.7594 0.1165 2.3129
v  2.8454 -0.0219 2.2554
v  2.7992 0.0118 2.3581
v  2.1761 -0.0642 2.4043
v  2.0061 0.0016 2.4357
v  2.0338 0.0641 2.4553
v  2.2111 0.0034 2.4221
v  1.8577 0.0607 2.4526
v  1.8827 0.1296 2.4645
v  0.3117 1.4978 2.3745
v  0.4394 1.3366 2.3720
v  0.4351 1.3539 2.2914
v  0.3198 1.5322 2.2903
v  0.5856 1.2161 2.2876
v  0.5910 1.2125 2.3575
v  0.2838 1.5354 2.4848
v  0.2532 1.6213 2.6141
v  0.4063 1.4646 2.6633
v  0.4273 1.3799 2.5071
v  0.5732 1.3381 2.6961
v  0.5760 1.2474 2.5186
v  -0.1077 0.9768 2.7053
v  -0.2499 1.0734 2.6946
v  -0.2275 0.9919 2.6456
v  -0.0852 0.8965 2.6625
v  -0.3301 1.1218 2.6005
v  -0.3611 1.2016 2.6620
v  -0.2974 1.2054 2.7833
v  -0.1603 1.1346 2.7919
v  -0.4064 1.3091 2.7463
v  0.2367 0.9134 2.6468
v  0.0404 0.9422 2.6897
v  0.0622 0.8444 2.6467
v  0.2531 0.7968 2.5976
v  -0.0239 1.1066 2.7806
v  0.1680 1.0616 2.7716
v  0.5329 0.7024 2.5485
v  0.8293 0.5800 2.5527
v  0.8150 0.6446 2.6411
v  0.5227 0.8055 2.6199
v  0.4660 0.9413 2.7788
v  0.7731 0.7615 2.8253
v  1.2828 0.4762 2.6984
v  1.0795 0.5535 2.6643
v  1.0826 0.4894 2.5828
v  1.2743 0.4048 2.6323
v  1.0720 0.4338 2.5548
v  1.2572 0.3462 2.6117
v  1.0533 0.6507 2.8645
v  1.2658 0.5544 2.9072
v  2.7995 0.1472 2.5477
v  2.8379 0.0992 2.5637
v  2.7930 0.0785 2.4163
v  2.7578 0.1272 2.3940
v  2.8081 0.0271 2.4311
v  2.8545 0.0463 2.5696
v  2.9395 0.1486 2.8715
v  2.8929 0.1943 2.8607
v  2.9488 0.0895 2.8810
v  1.3956 0.7608 2.4938
v  1.5432 0.6677 2.4595
v  1.5659 0.6942 2.6038
v  1.4165 0.8010 2.6343
v  1.7516 0.5799 2.5651
v  1.7188 0.5533 2.4204
v  1.8321 0.6421 2.8134
v  1.6191 0.7563 2.8377
v  1.4378 0.8545 2.8597
v  0.4436 1.3481 2.4264
v  0.3003 1.4955 2.4216
v  0.5881 1.2184 2.4182
v  0.1268 1.8744 2.4997
v  0.1591 1.7866 2.3924
v  -0.0985 1.8842 2.3635
v  -0.1355 1.9721 2.4588
v  -1.8434 3.6164 3.8003
v  -1.8679 3.5949 3.7684
v  -1.8319 3.6227 3.7553
v  -1.8146 3.6427 3.7994
v  -1.8655 3.6241 3.7151
v  -1.8885 3.6004 3.7328
v  -1.8258 3.6750 3.7059
v  -1.7957 3.6725 3.7524
v  -1.7743 3.6923 3.8009
v  -1.9582 3.7315 3.7845
v  -1.9409 3.7740 3.7675
v  -1.9627 3.7424 3.7222
v  -1.9800 3.6904 3.7641
v  -1.9108 3.8125 3.6976
v  -1.8951 3.8490 3.7477
v  -1.9006 3.7591 3.6631
v  -1.9552 3.6931 3.6831
v  -1.9752 3.6406 3.7367
v  -1.9136 3.7394 3.8528
v  -1.8837 3.7876 3.8508
v  -1.9154 3.7917 3.8113
v  -1.9451 3.7304 3.8229
v  -1.8682 3.8660 3.7985
v  -1.8347 3.8597 3.8468
v  -1.7590 3.7241 3.8489
v  -1.8068 3.6660 3.8450
v  -1.8207 3.7045 3.8797
v  -1.7642 3.7685 3.8911
v  -1.8783 3.6537 3.8592
v  -1.8561 3.6219 3.8301
v  -1.7457 3.7368 3.7597
v  -1.7265 3.7587 3.8076
v  -1.7733 3.7448 3.7118
v  -1.7058 3.8001 3.7191
v  -1.6843 3.7921 3.7723
v  -1.6585 3.7997 3.8236
v  -1.8004 3.7776 3.6667
v  -1.8635 3.7034 3.6605
v  -1.7260 3.8374 3.6739
v  -1.8285 3.8338 3.6392
v  -1.7383 3.8925 3.6360
v  -1.8299 3.9460 3.7255
v  -1.8410 3.8997 3.6687
v  -1.7436 3.9689 3.6469
v  -1.7307 4.0206 3.7070
v  -1.7651 3.9416 3.8423
v  -1.7992 3.9564 3.7869
v  -1.7051 4.0296 3.7769
v  -1.6771 4.0074 3.8383
v  -1.7976 3.8236 3.8838
v  -1.7309 3.8995 3.8837
v  -1.7032 3.8400 3.8936
v  -1.6381 3.8967 3.9011
v  -1.6521 3.9581 3.8798
v  -1.6388 3.8303 3.8825
v  -1.7054 3.7922 3.8522
v  -1.6164 3.7977 3.7884
v  -1.5979 3.8027 3.8516
v  -1.6337 3.8127 3.7299
v  -1.5664 3.8052 3.7453
v  -1.5562 3.7914 3.8084
v  -1.5408 3.8072 3.8690
v  -1.6436 3.8515 3.6797
v  -1.6441 3.9100 3.6481
v  -1.5607 3.9063 3.6682
v  -1.5674 3.8435 3.6900
v  -1.6176 4.0352 3.7073
v  -1.6339 3.9816 3.6558
v  -1.5443 3.9698 3.6810
v  -1.5249 4.0177 3.7252
v  -1.5803 4.0232 3.8379
v  -1.5982 4.0457 3.7769
v  -1.5070 4.0445 3.7870
v  -1.4961 4.0251 3.8513
v  -1.5699 3.9176 3.9052
v  -1.5702 3.9778 3.8833
v  -1.5043 3.9173 3.9176
v  -1.4956 3.9786 3.8969
v  -1.5234 3.8533 3.9132
v  -1.5823 3.8510 3.8994
v  -1.4668 3.8306 3.3109
v  -1.5466 3.8469 3.2658
v  -1.5092 3.8643 3.2118
v  -1.4258 3.8488 3.2589
v  -1.6192 3.8672 3.2281
v  -1.5793 3.8867 3.1664
v  -1.5325 3.9270 3.1582
v  -1.4766 3.9146 3.1795
v  -1.3900 3.8968 3.2226
v  -1.4395 3.7829 3.4274
v  -1.3730 3.7654 3.4765
v  -1.3994 3.8206 3.5322
v  -1.5180 3.8034 3.3722
v  -1.4555 3.8530 3.4733
v  -1.5341 3.8719 3.4174
v  -1.3828 3.8154 3.3693
v  -1.3094 3.7918 3.4279
v  -1.3665 3.9648 3.5407
v  -1.4387 3.9859 3.4904
v  -1.4631 3.9162 3.5018
v  -1.3991 3.8931 3.5564
v  -1.5247 4.0046 3.4431
v  -1.5413 3.9346 3.4454
v  -1.3310 4.0211 3.5177
v  -1.4023 4.0325 3.4559
v  -1.3626 4.0566 3.4109
v  -1.2856 4.0534 3.4776
v  -1.4449 4.0797 3.3591
v  -1.4895 4.0611 3.4134
v  -1.2345 4.0501 3.4216
v  -1.3226 4.0514 3.3576
v  -1.2917 4.0156 3.3074
v  -1.1989 4.0037 3.3707
v  -1.3774 4.0343 3.2474
v  -1.4028 4.0813 3.2986
v  -1.2808 3.9507 3.2754
v  -1.1878 3.9322 3.3395
v  -1.2302 3.8698 3.3691
v  -1.3731 3.9672 3.2200
v  -1.3036 3.8812 3.2862
v  -1.3428 3.8414 3.3255
v  -1.2689 3.8320 3.4007
v  -1.5090 3.8334 3.6996
v  -1.5095 3.7985 3.7619
v  -1.5001 3.8995 3.6778
v  -1.4582 3.8304 3.7075
v  -1.4489 3.8973 3.6831
v  -1.4568 3.7943 3.7718
v  -1.4822 3.9646 3.6926
v  -1.4288 3.9665 3.6949
v  -1.4607 4.0181 3.7342
v  -1.4057 4.0181 3.7436
v  -1.4334 4.0251 3.8691
v  -1.4427 4.0479 3.8003
v  -1.3868 4.0499 3.8128
v  -1.3775 4.0207 3.8851
v  -1.4470 3.9108 3.9343
v  -1.4351 3.9734 3.9128
v  -1.3788 3.9629 3.9308
v  -1.3909 3.8952 3.9545
v  -1.4677 3.8458 3.9294
v  -1.4846 3.8008 3.8859
v  -1.4332 3.7742 3.8991
v  -1.4135 3.8232 3.9471
v  -1.4469 3.7713 3.8353
v  -1.5005 3.7849 3.8271
v  -1.3966 3.9079 3.6849
v  -1.4114 3.8359 3.7045
v  -1.3664 3.8437 3.6950
v  -1.3469 3.9189 3.6850
v  -1.3625 3.7710 3.7342
v  -1.4023 3.7893 3.7680
v  -1.3693 3.7873 3.5644
v  -1.3679 3.8688 3.5953
v  -1.3548 3.8511 3.6204
v  -1.3552 3.7413 3.5958
v  -1.3011 3.9294 3.6263
v  -1.3229 3.9464 3.5879
v  -1.2803 4.0143 3.7460
v  -1.2294 4.0137 3.7132
v  -1.2755 3.9849 3.6731
v  -1.3171 3.9824 3.6968
v  -1.2594 3.9900 3.6311
v  -1.1861 4.0192 3.6437
v  -1.3035 3.9179 3.6672
v  -1.3429 4.0197 3.7507
v  -1.3710 3.9741 3.7007
v  -1.2829 4.0078 3.5797
v  -1.2272 4.0394 3.5504
v  -1.3158 4.0185 3.8985
v  -1.3237 4.0501 3.8210
v  -1.2581 4.0407 3.8168
v  -1.2490 4.0138 3.9033
v  -1.3322 3.8693 3.9824
v  -1.3176 3.9476 3.9502
v  -1.2534 3.9350 3.9702
v  -1.2767 3.8463 4.0191
v  -1.3725 3.7515 3.6662
v  -1.3435 3.8431 3.6578
v  -1.0496 3.9683 3.5453
v  -1.1192 3.9882 3.4471
v  -1.1660 4.0302 3.4999
v  -1.1086 4.0019 3.5950
v  -0.9350 3.8927 3.6180
v  -0.8439 3.8755 3.7382
v  -0.8264 3.7999 3.6984
v  -0.9800 3.9447 3.6675
v  -1.0173 3.9020 3.4932
v  -0.9073 3.9273 3.7907
v  -1.0988 3.9139 3.4009
v  -1.0711 3.8116 3.5075
v  -1.1641 3.8482 3.4438
v  -1.1551 3.7529 3.5009
v  -1.2088 3.7978 3.4612
v  -1.2609 3.7568 3.4769
v  -1.2207 3.6933 3.5076
v  -1.3289 3.7443 3.5118
v  -1.3074 3.6975 3.5318
v  -1.2144 3.6228 3.5164
v  -1.2846 3.6353 3.5469
v  -1.2591 3.5623 3.5549
v  -1.1939 3.5577 3.5176
v  -1.3169 3.5675 3.6258
v  -1.3354 3.6504 3.6143
v  -1.2282 3.4840 3.5565
v  -1.1904 3.4084 3.5526
v  -1.1756 3.4841 3.5063
v  -1.1409 3.4146 3.5061
v  -1.2409 3.3966 3.6147
v  -1.2857 3.4804 3.6238
v  -1.0387 3.4094 3.4630
v  -1.0695 3.4697 3.4709
v  -1.0688 3.4686 3.4278
v  -1.0540 3.4236 3.4069
v  -1.1003 3.5202 3.4666
v  -1.0986 3.5061 3.4130
v  -1.0827 3.4741 3.3412
v  -1.1114 3.4776 3.4973
v  -1.1381 3.5397 3.4983
v  -1.0753 3.4122 3.4986
v  -0.9858 3.2638 3.3021
v  -0.9539 3.2927 3.2452
v  -0.8991 3.1799 3.2247
v  -0.9336 3.1439 3.2717
v  -0.8464 3.2343 3.2112
v  -0.9000 3.3295 3.2195
v  -0.7657 3.1239 3.2109
v  -0.8193 3.0503 3.2009
v  -0.8773 3.0032 3.2295
v  -0.9451 3.4156 3.2052
v  -1.0056 3.3908 3.2477
v  -1.0505 3.4785 3.2318
v  -0.9737 3.4991 3.1798
v  -1.0353 3.3698 3.3200
v  -0.9044 3.5251 3.1722
v  -0.8796 3.4536 3.2079
v  -0.8249 3.5060 3.2452
v  -0.8463 3.5639 3.2003
v  -0.7906 3.4459 3.2750
v  -0.8406 3.3799 3.2271
v  -0.9759 3.7070 3.5218
v  -1.0246 3.7401 3.5433
v  -0.9162 3.7568 3.5840
v  -0.8862 3.7147 3.5580
v  -0.9350 3.8188 3.5982
v  -0.8171 3.7322 3.6661
v  -0.8039 3.6795 3.6229
v  -1.1002 3.7081 3.5232
v  -1.0462 3.6730 3.5197
v  -1.0938 3.6336 3.4918
v  -1.1482 3.6546 3.5148
v  -1.0157 3.6751 3.4693
v  -0.9422 3.7043 3.4954
v  -1.0042 3.6807 3.4935
v  -0.9307 3.7045 3.4637
v  -1.1559 3.5981 3.5054
v  -1.1218 3.5782 3.4705
v  -1.1388 3.5680 3.4113
v  -1.1073 3.6424 3.4224
v  -1.1291 3.6730 3.3201
v  -1.1167 3.5675 3.3251
v  -1.0242 3.6890 3.4236
v  -1.0268 3.7316 3.3581
v  -0.9269 3.7184 3.4221
v  -0.9234 3.7605 3.3652
v  -1.0630 3.6593 3.1757
v  -1.0679 3.5697 3.2089
v  -0.9869 3.6596 3.0713
v  -0.9821 3.5827 3.1301
v  -1.0547 3.8279 3.1596
v  -1.0402 3.8193 3.0793
v  -1.0568 3.7422 3.1263
v  -1.0890 3.7689 3.2238
v  -0.9977 3.7379 3.0316
v  -1.0049 3.7944 3.0220
v  -0.8502 3.6846 3.0777
v  -0.8044 3.7384 3.1130
v  -0.8004 3.6747 3.1763
v  -0.8499 3.6211 3.1387
v  -0.7945 3.7758 3.1617
v  -0.7899 3.7423 3.2233
v  -0.8091 3.6209 3.2521
v  -0.7970 3.6841 3.3076
v  -0.9117 3.5980 3.1189
v  -0.9108 3.6615 3.0474
v  -0.8299 3.8366 3.1576
v  -0.8283 3.8026 3.2602
v  -0.8985 3.8726 3.1637
v  -0.9118 3.8240 3.2741
v  -0.8329 3.7460 3.3513
v  -0.8821 3.8321 3.0172
v  -0.8596 3.7658 3.0285
v  -0.9230 3.7384 2.9839
v  -0.9477 3.8377 2.9747
v  -1.0112 3.8002 3.2674
v  -0.9899 3.8665 3.1650
v  -0.9726 3.8939 3.0589
v  -0.8866 3.8683 3.0693
v  -0.8334 3.8125 3.0793
v  -0.0464 1.2544 1.7136
v  0.1391 1.3023 1.7070
v  0.1136 1.1925 1.5993
v  -0.0655 1.1407 1.6049
v  0.1559 1.3728 1.7629
v  -0.0340 1.3270 1.7743
v  -0.0285 1.3837 1.8221
v  0.1622 1.4280 1.8068
v  -0.1843 1.2120 1.7261
v  -0.1607 1.2911 1.7930
v  -0.2657 1.2759 1.8004
v  -0.2947 1.1894 1.7280
v  -0.2463 1.3505 1.8596
v  -0.1453 1.3534 1.8463
v  -0.0299 1.4527 1.8869
v  0.1591 1.4961 1.8699
v  -0.0348 1.5243 1.9620
v  0.1512 1.5589 1.9477
v  -0.2425 1.4317 1.9189
v  -0.1408 1.4241 1.9134
v  -0.1424 1.4945 1.9873
v  -0.2411 1.4918 1.9956
v  -0.0390 1.5957 2.0372
v  0.1451 1.6167 2.0389
v  -0.0406 1.6633 2.1077
v  0.1493 1.6674 2.1291
v  -0.1460 1.5585 2.0591
v  -0.2417 1.5399 2.0703
v  -0.1530 1.6165 2.1273
v  -0.2494 1.5892 2.1347
v  -0.0436 1.7799 2.2401
v  -0.0657 1.8249 2.2952
v  0.1787 1.7391 2.3328
v  0.1824 1.7228 2.3030
v  0.1689 1.7047 2.2263
v  -0.0390 1.7244 2.1750
v  -0.1648 1.6692 2.1901
v  -0.2636 1.6365 2.1945
v  -0.1931 1.7208 2.2561
v  -0.2998 1.6872 2.2588
v  -0.2408 0.9573 1.4722
v  -0.2145 1.0946 1.6156
v  -0.3288 1.0797 1.6226
v  -0.3894 0.9484 1.4879
v  -0.3716 0.7978 1.3155
v  -0.2541 0.8189 1.3071
v  -0.2670 0.6992 1.1497
v  -0.3732 0.6826 1.1680
v  -0.4626 0.8614 1.5096
v  -0.4358 0.7356 1.3518
v  -0.3931 0.6727 1.4104
v  -0.4283 0.8004 1.5849
v  -0.4184 0.6226 1.2050
v  -0.3772 0.5600 1.2465
v  -0.3934 1.0949 1.6447
v  -0.3840 1.1772 1.7288
v  -0.4480 1.0450 1.6125
v  -0.4654 1.1436 1.7238
v  -0.4617 0.9171 1.7330
v  -0.4868 0.9724 1.6495
v  -0.5267 1.0767 1.7678
v  -0.5170 1.0148 1.8532
v  -0.3773 1.3625 1.8733
v  -0.3818 1.2780 1.7972
v  -0.4809 1.2429 1.8284
v  -0.4901 1.3277 1.9245
v  -0.3510 0.7529 1.7510
v  -0.3792 0.8887 1.9247
v  -0.4247 0.9027 1.8299
v  -0.3827 0.7796 1.6666
v  -0.4889 0.9912 1.9509
v  -0.4543 0.9998 2.0861
v  -0.3305 0.8428 1.9969
v  -0.3584 0.9412 2.1506
v  -0.3068 0.7140 1.8142
v  -0.5568 1.2585 1.9792
v  -0.5510 1.1769 1.8787
v  -0.5502 1.1042 1.9479
v  -0.5611 1.1732 2.0367
v  -0.5270 1.0620 2.0059
v  -0.5307 1.0953 2.0837
v  -0.3765 1.0037 2.2623
v  -0.3757 1.0601 2.3445
v  -0.4712 1.1240 2.3007
v  -0.4667 1.0655 2.2132
v  -0.4989 1.3907 1.9980
v  -0.3784 1.4325 1.9437
v  -0.3838 1.4939 2.0083
v  -0.5084 1.4435 2.0591
v  -0.5436 1.1939 2.2408
v  -0.5357 1.1401 2.1629
v  -0.5677 1.2253 2.1097
v  -0.5750 1.2735 2.1740
v  -0.5618 1.3605 2.1168
v  -0.5566 1.3136 2.0554
v  -0.5166 1.4952 2.1209
v  -0.3904 1.5482 2.0714
v  -0.3966 1.5949 2.1341
v  -0.5206 1.5463 2.1823
v  -0.5703 1.4133 2.1770
v  -0.5809 1.3299 2.2369
v  -0.5813 1.3895 2.2940
v  -0.5738 1.4690 2.2365
v  -0.4655 1.1908 2.3763
v  -0.5490 1.2551 2.3132
v  -0.4726 1.2791 2.4457
v  -0.5488 1.3202 2.3649
v  -0.3857 1.1724 2.4937
v  -0.3762 1.1150 2.4220
v  -0.5655 1.4972 2.3984
v  -0.5599 1.5826 2.3539
v  -0.5698 1.5248 2.2943
v  -0.5757 1.4484 2.3431
v  -0.5171 1.5962 2.2414
v  -0.5122 1.6476 2.3044
v  -0.4006 1.6353 2.1981
v  -0.4127 1.6741 2.2632
v  -0.5543 1.3825 2.3865
v  -0.5348 1.4007 2.4341
v  -0.3739 1.7463 2.3357
v  -0.2488 1.7772 2.3332
v  -0.3094 1.8529 2.4127
v  -0.4908 1.7995 2.4330
v  -0.4361 1.3186 2.6165
v  -0.4063 1.2389 2.5542
v  -0.4739 1.3460 2.5136
v  -0.4922 1.4269 2.5725
v  -0.4431 1.7158 2.3282
v  -0.5131 1.7057 2.3761
v  -0.5347 1.5346 2.5425
v  -0.5271 1.4557 2.4831
v  -0.5593 1.5588 2.4542
v  -0.5637 1.6350 2.5179
v  -0.5583 1.7264 2.4878
v  -0.5538 1.6478 2.4184
v  -0.5038 1.9008 2.5298
v  -0.3498 1.9505 2.4975
v  -0.3799 2.0605 2.5896
v  -0.5209 2.0093 2.6194
v  -0.5245 1.5378 2.7948
v  -0.4737 1.4153 2.6947
v  -0.5176 1.5209 2.6465
v  -0.5525 1.6384 2.7406
v  -0.5781 1.7393 2.7098
v  -0.5533 1.6266 2.6176
v  -0.5783 1.7273 2.5951
v  -0.5954 1.8372 2.6867
v  -0.5819 1.9294 2.6570
v  -0.5684 1.8208 2.5668
v  -0.5395 2.1266 2.7147
v  -0.4114 2.1779 2.6881
v  -0.5686 2.2683 2.8321
v  -0.4517 2.3246 2.8087
v  -0.6264 1.8873 3.0590
v  -0.5783 1.7018 2.9194
v  -0.5870 1.7933 2.8582
v  -0.6277 1.9647 2.9947
v  -0.6250 2.0391 2.9545
v  -0.5975 1.8807 2.8223
v  -0.6124 1.9654 2.7927
v  -0.6308 2.1132 2.9193
v  -0.6202 2.1919 2.8763
v  -0.5972 2.0501 2.7560
v  -0.7353 2.2462 3.3605
v  -0.6733 2.0701 3.2059
v  -0.6769 2.1334 3.1440
v  -0.7400 2.2953 3.3002
v  -1.3552 3.7091 3.7860
v  -1.3866 3.7288 3.8980
v  -1.3935 3.7455 3.8256
v  -1.3233 3.6434 3.8793
v  -1.2341 3.4174 3.8021
v  -1.2687 3.5133 3.8303
v  -1.3079 3.4988 3.7273
v  -1.2643 3.4047 3.7058
v  -1.3403 3.5911 3.7331
v  -1.3668 3.7790 3.9738
v  -1.3243 3.7468 3.9990
v  -1.3639 3.6706 3.7034
v  -1.2322 3.5210 4.0266
v  -1.2295 3.5163 3.9705
v  -1.2946 3.4129 4.0362
v  -1.3145 3.4422 4.0871
v  -1.3340 3.4732 4.1496
v  -1.2444 3.5210 4.1054
v  -1.2280 3.6170 4.0752
v  -1.2529 3.6282 3.9911
v  -1.3230 3.4778 4.2171
v  -1.2461 3.5343 4.1821
v  -1.3007 3.4829 4.3025
v  -1.2355 3.5562 4.2474
v  -1.2144 3.6145 4.2053
v  -1.2193 3.6135 4.1495
v  -1.4288 3.0096 4.2256
v  -1.3065 3.0257 4.3276
v  -1.3334 3.0761 4.3491
v  -1.4568 3.0690 4.2482
v  -1.1677 3.0677 4.4097
v  -1.1876 3.1150 4.4247
v  -1.2088 3.1691 4.4321
v  -1.3562 3.1368 4.3585
v  -1.4788 3.1377 4.2632
v  -1.1984 2.7203 4.0291
v  -1.1467 2.6804 3.9803
v  -1.0894 2.7327 4.1093
v  -1.1198 2.7846 4.1522
v  -1.0545 2.6809 4.0545
v  -1.0951 2.6398 3.9296
v  -0.9919 2.7419 4.1447
v  -1.0103 2.8017 4.2039
v  -1.0249 2.8570 4.2493
v  -1.0331 2.5977 3.8652
v  -1.0059 2.6282 3.9831
v  -0.9480 2.5903 3.9390
v  -0.9438 2.5350 3.7860
v  -0.9308 2.6397 4.0175
v  -0.9602 2.6787 4.0723
v  -1.2466 2.7176 3.8171
v  -1.1720 2.6753 3.7620
v  -1.1718 2.6632 3.8621
v  -1.2349 2.7109 3.9139
v  -1.1078 2.6260 3.8091
v  -1.1015 2.6412 3.7095
v  -1.1922 2.7876 3.6622
v  -1.1290 2.7438 3.6250
v  -1.1613 2.7020 3.6846
v  -1.2317 2.7418 3.7300
v  -1.0960 2.6748 3.6417
v  -1.0851 2.7150 3.6074
v  -1.0323 2.6065 3.6529
v  -1.0389 2.5887 3.7486
v  -0.9455 2.5315 3.6613
v  -0.9408 2.5558 3.5788
v  -0.8314 2.4446 3.4551
v  -0.8262 2.4139 3.5231
v  -0.8075 2.4001 3.5964
v  -1.1970 2.9917 3.8020
v  -1.1142 2.9416 3.7547
v  -1.2009 2.9011 3.7076
v  -1.2873 2.9583 3.7601
v  -1.1114 2.8474 3.6610
v  -1.0170 2.8835 3.7161
v  -1.2731 2.8452 3.7194
v  -1.3484 2.9113 3.7846
v  -0.7283 2.3675 3.2637
v  -0.6716 2.2049 3.1034
v  -0.6588 2.2824 3.0714
v  -0.7108 2.4500 3.2348
v  -0.5989 2.7398 3.0669
v  -0.5183 2.5430 2.9320
v  -0.6068 2.4436 2.9973
v  -0.6872 2.6502 3.1693
v  -0.3210 2.5831 2.9386
v  -0.4461 2.8152 3.1378
v  -0.6961 2.5301 3.1996
v  -0.6436 2.3619 3.0367
v  -0.7065 2.9006 3.1612
v  -0.6375 2.9972 3.1829
v  -0.7831 2.8478 3.2075
v  -0.9304 2.6197 3.5392
v  -0.8224 2.5136 3.4191
v  -0.7971 2.5929 3.3937
v  -0.9032 2.7386 3.5547
v  -1.0278 2.6563 3.5924
v  -1.0247 2.7275 3.5859
v  -0.9601 2.8277 3.6491
v  -1.0518 2.7878 3.6184
v  -0.8576 2.8945 3.5582
v  -0.8995 2.9078 3.6413
v  -0.9063 3.0031 3.6193
v  -0.8874 3.0136 3.5374
v  -0.9550 2.9474 3.7083
v  -0.9227 3.0082 3.6916
v  -0.8831 3.0266 3.4604
v  -0.8524 2.9035 3.4678
v  -0.8522 2.9004 3.3780
v  -0.8995 3.0242 3.3820
v  -0.8170 2.8023 3.3771
v  -0.8330 2.7710 3.4444
v  -0.8335 2.8631 3.2856
v  -0.7744 2.7380 3.2979
v  -0.9081 3.0024 3.3001
v  -0.7759 2.6569 3.3417
v  -1.5948 3.8244 3.3269
v  -1.6652 3.8584 3.2924
v  -1.6061 3.8899 3.3699
v  -1.6520 3.8993 3.3386
v  -1.5478 4.0525 3.1794
v  -1.4628 4.0475 3.2061
v  -1.4601 3.9821 3.1788
v  -1.5414 3.9849 3.1507
v  -1.5787 4.1024 3.2880
v  -1.6377 4.0805 3.3142
v  -1.5745 4.0786 3.3717
v  -1.5239 4.0977 3.3170
v  -1.6104 4.0141 3.3972
v  -1.6831 4.0157 3.3413
v  -1.6142 3.9471 3.3908
v  -1.6697 3.9488 3.3377
v  -1.5664 4.0889 3.2363
v  -1.4857 4.0913 3.2573
v  -1.6864 3.9913 3.2022
v  -1.7154 4.0090 3.2584
v  -1.6498 4.0655 3.2400
v  -1.6355 4.0276 3.1802
v  -1.7131 3.9275 3.2737
v  -1.6858 3.9240 3.1934
v  -1.6173 3.9575 3.1578
v  -1.9483 3.6199 3.8169
v  -1.9116 3.5877 3.7919
v  -1.9381 3.5943 3.7222
v  -1.9109 3.6457 3.6805
v  -1.9542 3.6741 3.8242
v  -1.9035 3.6988 3.8693
v  -1.8520 3.7541 3.8825
v  -1.0227 3.0025 3.7770
v  -1.0835 3.0584 3.8291
v  -1.0238 3.1307 3.7443
v  -0.9628 3.0604 3.7176
v  -1.1927 3.3217 3.6022
v  -1.2224 3.3201 3.6874
v  -1.1565 3.2560 3.6742
v  -1.1387 3.2549 3.5891
v  -1.1414 3.2651 3.7734
v  -1.1938 3.3350 3.7834
v  -1.0140 3.1404 3.5657
v  -0.9418 3.0895 3.5491
v  -0.9619 3.0712 3.6250
v  -1.0251 3.1335 3.6451
v  -1.0788 3.1943 3.5777
v  -1.0937 3.1917 3.6598
v  -1.0864 3.1977 3.7601
v  -0.9810 3.2385 3.3713
v  -1.0238 3.3407 3.3909
v  -1.0079 3.3259 3.4509
v  -0.9647 3.2232 3.4516
v  -0.9850 3.1715 3.5059
v  -0.9337 3.1241 3.4101
v  -0.9249 3.1118 3.4810
v  -1.0723 3.3035 3.5021
v  -1.0238 3.2744 3.4866
v  -1.0401 3.2286 3.5219
v  -1.0958 3.2838 3.5318
v  -0.9536 3.1258 3.3350
v  -1.0339 3.3433 3.4935
v  -1.0994 3.3530 3.5001
v  -1.1463 3.3426 3.5431
v  -1.1483 3.0293 4.3933
v  -1.0703 3.0417 4.4815
v  -1.0913 3.0798 4.5008
v  -1.0481 3.0103 4.4627
v  -1.1269 2.9993 4.3726
v  -0.9736 3.0221 4.5444
v  -0.9960 3.0611 4.5615
v  -1.0144 3.1060 4.5793
v  -1.2112 3.3663 3.9000
v  -1.2244 3.4532 3.9275
v  -1.2759 3.3553 3.9990
v  -1.2663 3.2804 3.9650
v  -1.1864 3.2797 3.8836
v  -1.1550 3.1986 3.8757
v  -1.2417 3.1141 3.9051
v  -1.2470 3.1937 3.9458
v  -1.1243 3.1241 3.8602
v  -1.2342 3.0491 3.8504
v  -1.3580 3.0848 3.8584
v  -1.3772 3.1514 3.9015
v  -1.4659 3.0926 3.9245
v  -1.4337 3.0337 3.8805
v  -1.5057 3.1595 3.9659
v  -1.4001 3.2243 3.9422
v  -1.3351 3.0219 3.8098
v  -1.3980 2.9742 3.8369
v  -1.3705 2.9225 4.1778
v  -1.3392 2.8855 4.1527
v  -1.2262 2.9194 4.2568
v  -1.2531 2.9516 4.2808
v  -1.1956 2.8831 4.2289
v  -1.3004 2.8431 4.1202
v  -1.1046 2.9718 4.3501
v  -1.0640 2.9445 4.3347
v  -1.4027 2.8467 3.9405
v  -1.4503 2.9000 3.9826
v  -1.4416 2.9323 3.8995
v  -1.3917 2.8729 3.8523
v  -1.4769 2.9854 3.9385
v  -1.4820 2.9472 4.0151
v  -1.3998 2.9623 4.2014
v  -1.2798 2.9850 4.3048
v  -1.5073 3.0387 3.9783
v  -1.5423 3.1010 4.0213
v  -1.5085 2.9961 4.0465
v  -1.5385 3.0553 4.0807
v  -1.3304 2.7796 3.8808
v  -1.3068 2.7717 3.9733
v  -1.3706 2.8337 4.0275
v  -1.2515 2.7832 4.0769
v  -1.4437 2.9263 4.0910
v  -1.4139 2.8824 4.0644
v  -1.3171 2.8031 3.7893
v  -1.4729 2.9696 4.1175
v  -1.5050 3.0210 4.1463
v  -0.0533 2.4664 3.4332
v  0.0513 2.2480 3.2785
v  -0.0970 2.4740 3.0768
v  -0.1793 2.6966 3.2344
v  0.2841 2.1053 3.4026
v  0.1970 2.3153 3.5685
v  0.4797 2.1662 3.7014
v  0.5369 1.9686 3.5139
v  -0.1474 2.6543 3.5630
v  0.1137 2.4921 3.7120
v  0.0511 2.6222 3.8215
v  -0.2192 2.7843 3.6641
v  0.4092 2.4850 3.9601
v  0.4369 2.3466 3.8517
v  1.6063 1.3923 3.9704
v  1.8962 1.2939 4.0222
v  1.6390 1.6071 4.2167
v  1.9331 1.5266 4.2783
v  2.2185 1.1643 4.1041
v  2.2711 1.4214 4.3646
v  3.5287 0.6241 4.5285
v  3.5124 0.6869 4.5176
v  3.6578 0.9136 4.8265
v  3.7046 0.8514 4.8433
v  3.6838 0.7801 4.8798
v  3.5117 0.5616 4.5413
v  2.0678 1.1488 4.5521
v  2.0421 0.9089 4.2849
v  2.3270 0.8248 4.3447
v  2.3798 1.0652 4.6285
v  2.6335 0.6878 4.4460
v  2.7169 0.9344 4.7450
v  1.1374 1.4606 4.2674
v  0.8445 1.5859 4.1765
v  0.9008 1.3520 3.9538
v  1.1851 1.2199 4.0484
v  0.5473 1.5419 3.8071
v  0.4822 1.7636 4.0232
v  -0.2795 2.1361 3.6064
v  -0.4776 2.1895 3.5402
v  -0.3896 1.9875 3.3820
v  -0.2062 1.9274 3.4549
v  0.0782 1.9745 3.7975
v  0.1484 1.7635 3.6133
v  0.4048 2.1001 4.3424
v  -0.0080 2.3042 4.1005
v  0.0284 2.1605 3.9699
v  0.4354 1.9531 4.2083
v  -0.3438 2.3134 3.7765
v  -0.3900 2.4489 3.9106
v  -0.6680 2.3732 3.7076
v  -0.7559 2.3840 3.6619
v  -0.7367 2.5314 3.8900
v  -0.8468 2.5072 3.8388
v  -0.5958 2.5190 3.8393
v  -0.5531 2.3719 3.7133
v  0.2635 2.6198 4.7959
v  -0.1576 2.7690 4.5502
v  -0.1356 2.7333 4.5012
v  0.2904 2.5857 4.7451
v  -0.5373 2.8611 4.3736
v  -0.5327 2.8168 4.3399
v  -0.5437 2.7488 4.3422
v  -0.1339 2.6752 4.4814
v  0.3111 2.5487 4.6955
v  0.9053 2.3894 5.1975
v  0.6260 2.4881 5.0188
v  0.6527 2.4388 4.9649
v  0.9401 2.3332 5.1321
v  0.6617 2.4022 4.9306
v  0.9492 2.2960 5.0917
v  2.6866 1.6461 5.8321
v  2.2565 1.8202 5.6432
v  2.2728 1.7783 5.5830
v  2.7007 1.6185 5.7691
v  2.6319 1.7163 5.9592
v  2.1917 1.8715 5.7757
v  1.8904 1.9415 5.5361
v  1.8197 1.9843 5.6561
v  1.9190 1.9116 5.4726
v  2.3750 1.9501 4.8939
v  2.0311 2.0493 4.7718
v  2.0697 2.1463 4.8155
v  2.4031 2.0399 4.9321
v  1.8421 2.2718 4.6544
v  1.7763 2.1458 4.6233
v  1.8551 2.3581 4.7728
v  2.0808 2.2195 4.8906
v  2.4025 2.1099 5.0001
v  -0.2426 2.8473 3.7324
v  0.0261 2.6972 3.8863
v  0.0393 2.7748 3.9168
v  -0.2405 2.9255 3.7525
v  0.3973 2.6210 4.0733
v  0.4000 2.5605 4.0198
v  0.3098 2.9335 4.3902
v  0.3385 2.8968 4.3333
v  0.0261 3.0634 4.1100
v  -0.2404 3.2001 3.9729
v  -0.0073 3.0704 4.1631
v  -0.2188 3.1975 3.9159
v  -0.2674 3.1861 4.0470
v  -0.0254 3.1038 4.2323
v  0.2736 2.9631 4.4726
v  0.0978 2.8993 3.9059
v  -0.1872 3.1072 3.8009
v  0.1088 3.0076 3.9615
v  -0.2125 3.0178 3.7696
v  0.4449 2.8684 4.1645
v  0.4540 2.7629 4.0712
v  0.0647 3.0457 4.0477
v  -0.1991 3.1642 3.8572
v  0.3751 2.8655 4.2703
v  -0.2740 2.8776 3.3826
v  -0.3193 3.0033 3.4903
v  -0.4635 3.0176 3.2814
v  -0.4742 3.1735 3.4014
v  -0.3487 3.0864 3.5456
v  -0.3334 3.0059 3.5752
v  -0.3786 3.1523 3.5985
v  -0.4811 3.2687 3.4659
v  -0.4715 3.3237 3.5351
v  -0.3936 3.2033 3.6691
v  -0.3823 3.2591 3.7164
v  -0.4896 3.3536 3.6110
v  -0.4902 3.3864 3.6947
v  -0.3757 3.3099 3.7832
v  -0.7935 3.3019 3.2376
v  -0.7500 3.3787 3.2939
v  -0.6919 3.3111 3.3106
v  -0.7253 3.2159 3.2489
v  -0.6191 3.1215 3.2583
v  -0.6194 3.2423 3.3480
v  -0.7833 3.6505 3.5584
v  -0.8611 3.6912 3.5198
v  -0.8436 3.6868 3.4677
v  -0.7496 3.6273 3.4663
v  -0.5943 3.3312 3.4171
v  -0.6684 3.3894 3.3903
v  -0.5726 3.3900 3.4822
v  -0.6426 3.4545 3.4568
v  -0.6920 3.5307 3.4454
v  -0.6955 3.5767 3.5314
v  -0.6488 3.5103 3.5735
v  -0.6367 3.4867 3.5114
v  -0.6769 3.5426 3.4924
v  -0.7517 3.5328 3.3496
v  -0.7141 3.4664 3.3677
v  -0.7778 3.6540 3.3790
v  -0.7953 3.5758 3.3152
v  -0.8371 3.7062 3.4135
v  -0.5697 3.4304 3.5452
v  -0.5955 3.4361 3.6290
v  4.1370 1.5966 5.6586
v  4.2180 1.5139 5.7271
v  4.1764 1.4317 5.6499
v  4.0840 1.4890 5.5531
v  4.2622 1.3699 5.7276
v  4.2937 1.4283 5.7845
v  4.2013 1.3288 5.6855
v  4.1342 1.3480 5.6087
v  4.0054 1.3701 5.4747
v  4.2049 1.2765 5.7118
v  4.1106 1.2814 5.6266
v  4.0984 1.2199 5.6609
v  4.1856 1.2134 5.7343
v  4.0264 1.2105 5.5688
v  4.0351 1.2785 5.5136
v  4.2865 1.3011 5.7657
v  4.3282 1.3500 5.8257
v  4.3167 1.2721 5.8641
v  4.2664 1.2323 5.7953
v  4.2851 1.4571 5.9636
v  4.3301 1.3972 5.8993
v  4.3013 1.4799 5.8537
v  4.2744 1.5127 5.9160
v  4.2646 1.3727 6.0236
v  4.3136 1.3167 5.9476
v  4.2246 1.1690 5.8421
v  4.1542 1.1581 5.7791
v  4.2585 1.1971 5.9054
v  4.1476 1.1493 5.9226
v  4.1338 1.1383 5.8667
v  4.1016 1.1393 5.8061
v  4.1979 1.2693 6.0462
v  4.2503 1.2331 5.9773
v  4.1426 1.1680 5.9837
v  4.1187 1.2037 6.0271
v  4.0093 1.1996 6.0219
v  3.9919 1.1476 5.9609
v  3.8650 1.1965 6.0290
v  3.8414 1.1181 5.9548
v  4.0001 1.1189 5.9042
v  3.8499 1.0857 5.8759
v  0.2731 2.3453 4.6758
v  0.6251 2.2187 4.8880
v  0.6526 2.3245 4.9034
v  0.2990 2.4516 4.6796
v  0.9158 2.1397 5.0246
v  0.9409 2.2315 5.0520
v  0.3637 2.2383 4.4451
v  -0.0671 2.4441 4.2040
v  -0.0385 2.3918 4.1641
v  0.3813 2.1855 4.4114
v  -0.4161 2.5331 3.9663
v  -0.4572 2.5726 4.0061
v  -0.6003 2.5767 3.8974
v  -0.6581 2.5957 3.9340
v  -0.5716 2.6472 4.3369
v  -0.1583 2.5726 4.4800
v  -0.5693 2.5785 4.2700
v  -0.1673 2.4875 4.4422
v  -0.7627 2.6909 4.2288
v  -0.7622 2.7578 4.2830
v  -0.8623 2.7553 4.2416
v  -0.7390 2.6546 4.1600
v  -0.8466 2.7059 4.1712
v  -0.8087 2.6680 4.0887
v  -0.1564 2.4578 4.3811
v  -0.1365 2.4522 4.3186
v  -0.5443 2.5628 4.2003
v  -0.5306 2.5611 4.1396
v  0.3154 2.2996 4.5379
v  0.2825 2.2959 4.6113
v  -0.7140 2.6387 4.0759
v  -0.6959 2.6260 4.0002
v  -0.7906 2.6208 3.9858
v  -0.5005 2.5682 4.0712
v  -0.8759 2.5912 3.9573
v  -0.8840 2.6556 4.0424
v  -0.7056 2.6350 4.1255
v  -0.9096 2.7051 4.1263
v  -0.9327 2.7608 4.1986
v  -0.1038 2.4578 4.2597
v  0.3450 2.2867 4.4857
v  -1.0483 2.9020 4.2851
v  -1.1576 2.8380 4.1921
v  -1.0239 2.9832 4.4408
v  -0.9957 2.9608 4.4249
v  -0.9479 2.9859 4.5235
v  -0.9185 2.9599 4.4974
v  -0.9392 2.8199 4.2616
v  -0.9393 2.8799 4.3055
v  -0.8552 2.8283 4.2823
v  -0.8361 2.8925 4.3385
v  -0.7506 2.8336 4.2967
v  -0.7397 2.8783 4.3312
v  -0.9670 2.9307 4.3857
v  -0.9550 2.9112 4.3485
v  -0.8599 2.9105 4.3906
v  -0.8752 2.9237 4.4321
v  -0.9602 2.9440 4.4227
v  -0.8899 2.9401 4.4705
v  -0.7145 2.8972 4.3731
v  -0.7409 2.9072 4.4015
v  -0.5422 2.8939 4.4346
v  -0.5556 2.9265 4.4888
v  -0.8161 2.9594 4.5700
v  -0.8486 2.9923 4.6085
v  -0.6398 2.9726 4.6981
v  -0.6774 3.0061 4.7470
v  -0.8772 3.0407 4.6372
v  -0.7117 3.0600 4.7873
v  -0.7676 2.9282 4.4835
v  -0.7882 2.9423 4.5268
v  -0.5877 2.9683 4.5962
v  -0.6107 2.9653 4.6482
v  -0.5687 2.9559 4.5409
v  -0.7553 2.9177 4.4403
v  -0.3442 3.0001 4.9453
v  -0.0202 2.9959 5.2737
v  -0.0819 3.0069 5.3362
v  -0.3968 3.0030 5.0072
v  -0.4453 3.0534 5.0583
v  -0.1380 3.0667 5.3880
v  0.2161 2.6873 4.8842
v  -0.1861 2.8151 4.6248
v  0.1595 2.7793 4.9898
v  -0.2191 2.8662 4.7075
v  0.1006 2.8790 5.0942
v  -0.2562 2.9191 4.7856
v  -0.2878 2.9685 4.8495
v  0.0496 2.9595 5.1803
v  0.0177 2.9972 5.2291
v  -0.3117 2.9985 4.8964
v  0.4826 3.0584 5.9095
v  0.3991 3.0949 5.9824
v  0.1956 3.0610 5.6791
v  0.2629 3.0236 5.6178
v  0.1397 3.1375 5.7273
v  0.3383 3.1887 6.0340
v  0.5618 2.5835 5.1274
v  0.8217 2.4993 5.3291
v  0.4859 2.7146 5.2623
v  0.7277 2.6562 5.4940
v  0.6622 2.8498 5.6565
v  0.4199 2.8647 5.3986
v  0.3592 2.9806 5.5136
v  0.5982 2.9955 5.7964
v  0.5443 3.0519 5.8632
v  0.3133 3.0242 5.5730
v  1.2845 3.0606 6.7229
v  1.6262 3.0267 6.9800
v  1.5322 3.0195 7.0738
v  1.1858 3.0658 6.8088
v  1.9516 2.9663 7.3870
v  2.0435 2.9847 7.2822
v  1.8467 3.0105 7.4829
v  1.4300 3.0662 7.1637
v  1.0905 3.1314 6.8864
v  1.6479 2.9863 6.9126
v  1.6605 2.8613 6.8208
v  1.3244 3.0430 6.6545
v  1.3397 2.9223 6.5742
v  2.0850 2.8217 7.0783
v  2.0553 2.9315 7.2082
v  0.8045 3.4335 5.6975
v  0.8329 3.3174 5.6592
v  0.4971 3.3831 5.3159
v  0.4723 3.4776 5.3624
v  0.1243 3.4409 4.9350
v  0.1318 3.5283 4.9626
v  0.1173 3.6192 5.0095
v  0.4499 3.5794 5.4028
v  0.7795 3.5653 5.7236
v  -0.1158 3.4809 4.5990
v  -0.1247 3.5471 4.6287
v  -0.3010 3.5584 4.3639
v  -0.2868 3.5048 4.3415
v  -0.3285 3.6121 4.3881
v  -0.1462 3.6151 4.6669
v  -0.0405 3.1634 4.3463
v  0.2448 3.0312 4.6062
v  -0.2683 3.2281 4.1492
v  -0.2824 3.2901 4.2358
v  -0.0634 3.2279 4.4621
v  0.2222 3.1309 4.7382
v  0.1582 3.3184 4.8774
v  -0.1144 3.3655 4.5675
v  -0.1217 3.4227 4.5875
v  0.1407 3.3827 4.9056
v  -0.3079 3.4024 4.3159
v  -0.2930 3.4548 4.3273
v  -0.0889 3.2991 4.5288
v  -0.3005 3.3453 4.2881
v  0.1892 3.2299 4.8251
v  -0.5310 3.5586 4.0570
v  -0.6064 3.5990 3.9658
v  -0.5970 3.6325 4.0211
v  -0.5223 3.5897 4.0886
v  -0.6571 3.6898 3.9956
v  -0.7013 3.6487 3.8997
v  -0.6332 3.6892 4.1013
v  -0.5697 3.6468 4.1067
v  -0.5147 3.6155 4.1317
v  -0.4845 3.3899 3.9522
v  -0.3961 3.2928 3.9650
v  -0.3750 3.3284 3.8708
v  -0.4700 3.4162 3.8091
v  -0.4461 3.3059 4.1035
v  -0.4029 3.2606 4.0589
v  -0.4204 3.5314 4.1683
v  -0.4237 3.5728 4.1900
v  -0.4484 3.6107 4.2120
v  -0.5616 3.4790 3.7386
v  -0.6622 3.5240 3.6725
v  -0.6332 3.5653 3.7846
v  -0.5416 3.4962 3.8448
v  -0.5397 3.4943 3.9055
v  -0.5794 3.5308 3.8983
v  -0.5321 3.4814 4.0081
v  -0.5278 3.4263 4.0027
v  -0.6641 3.6133 3.8330
v  -0.7357 3.6753 3.7489
v  -0.7296 3.6254 3.6930
v  -0.7630 3.7305 3.7977
v  -0.5313 3.5252 4.0264
v  -0.6041 3.5632 3.9229
v  -0.7241 3.5880 3.6108
v  -0.4438 3.4406 4.1390
v  -0.4319 3.4881 4.1533
v  -0.4574 3.3759 4.1297
v  -0.4692 3.6674 4.4374
v  -0.3800 3.6561 4.4206
v  -0.5013 3.6472 4.2286
v  -0.5728 3.6701 4.2327
v  -0.2781 3.6727 4.7920
v  -0.2032 3.6740 4.7221
v  0.0387 3.6567 5.0926
v  -0.0484 3.6530 5.1773
v  -0.4652 3.6964 4.6907
v  -0.3544 3.7206 4.9086
v  -0.3242 3.6829 4.8552
v  -0.4815 3.6738 4.5661
v  -0.0963 3.6893 5.2345
v  -0.1397 3.7316 5.2844
v  0.3768 3.6393 5.4779
v  0.2785 3.6215 5.5676
v  0.6023 3.6529 5.8879
v  0.7092 3.6699 5.7945
v  0.2201 3.6662 5.6179
v  0.1497 3.7209 5.6617
v  0.4401 3.7441 5.9695
v  0.5320 3.6813 5.9346
v  1.4985 3.5751 6.8448
v  1.4254 3.5987 6.9506
v  1.7325 3.6297 7.1746
v  1.8209 3.6033 7.0719
v  1.5625 3.6816 7.2676
v  1.2821 3.6489 7.0480
v  1.8693 3.7093 7.5147
v  2.0711 3.6710 7.4328
v  2.1778 3.6453 7.3429
v  1.7294 3.2312 7.5593
v  1.3337 3.2631 7.2433
v  1.3671 3.1554 7.2241
v  1.7836 3.1279 7.5316
v  1.0380 3.2140 6.9362
v  1.0057 3.3066 6.9584
v  -0.1898 3.2329 5.4300
v  -0.1660 3.1521 5.4119
v  0.1054 3.2118 5.7532
v  0.0692 3.2821 5.7768
v  0.3013 3.2635 6.0576
v  0.2658 3.3299 6.0751
v  -0.7377 3.1223 4.8183
v  -0.9001 3.0923 4.6602
v  -0.9151 3.1465 4.6787
v  -0.7509 3.1869 4.8372
v  -0.4789 3.1250 5.0936
v  -0.4950 3.2032 5.1108
v  -0.7557 3.2394 4.8508
v  -0.9227 3.1983 4.6976
v  -0.7476 3.2971 4.8482
v  -0.9176 3.2493 4.7170
v  -1.0448 3.2186 4.6497
v  -1.0300 3.1578 4.6044
v  -1.1123 3.1280 4.5242
v  -1.1392 3.1780 4.5470
v  -0.5027 3.2681 5.1192
v  -0.5167 3.3266 5.1274
v  -0.2073 3.3070 5.4404
v  -0.2437 3.3743 5.4621
v  -0.8985 3.3000 4.7420
v  -0.9606 3.3061 4.7365
v  -0.7641 3.3533 4.8631
v  -0.8182 3.4124 4.9042
v  -0.6155 3.6544 4.3347
v  -0.5910 3.6796 4.4564
v  -0.6642 3.7092 4.4365
v  -0.7024 3.6745 4.2971
v  -0.5800 3.7608 4.6513
v  -0.5322 3.7175 4.6424
v  -0.7995 3.7305 4.2674
v  -0.7598 3.7048 4.2832
v  -0.7476 3.7216 4.2079
v  -0.7701 3.7368 4.1796
v  -0.7068 3.7118 4.2014
v  -0.7265 3.7409 4.1383
v  -0.6444 3.6917 4.2154
v  -0.6833 3.7216 4.1112
v  3.4315 3.1241 8.1414
v  3.3614 3.1225 8.2534
v  3.2821 3.0666 8.2119
v  3.3702 3.0612 8.0838
v  3.2798 3.1916 8.3175
v  3.1835 3.1513 8.2884
v  3.3625 3.5043 8.1378
v  3.2871 3.4794 8.2501
v  3.3701 3.4448 8.2580
v  3.4371 3.3962 8.0979
v  3.3955 3.4169 8.0317
v  3.4301 3.4271 8.1879
v  3.2749 3.5639 8.0725
v  3.3303 3.4549 7.9456
v  3.1690 3.5229 8.2050
v  3.1159 3.3413 8.2993
v  3.2424 3.3459 8.3318
v  3.2503 3.4128 8.3014
v  3.1226 3.4364 8.2690
v  3.3579 3.3336 8.3196
v  3.3678 3.3879 8.2970
v  3.4694 3.3126 8.2338
v  3.4620 3.3646 8.2138
v  3.4648 3.2826 8.0908
v  3.4541 3.3396 8.0869
v  3.3519 3.2775 8.3235
v  3.2473 3.2696 8.3356
v  3.3512 3.2229 8.3145
v  3.1346 3.2489 8.3025
v  3.4556 3.2650 8.2558
v  3.4212 3.1978 8.2660
v  3.4608 3.1769 8.1821
v  3.4755 3.2276 8.1349
v  3.3882 3.1265 7.9625
v  3.4415 3.1789 8.0418
v  3.4130 3.2535 7.9868
v  3.3624 3.2246 7.8929
v  3.3964 3.3293 7.9886
v  3.3341 3.3295 7.8996
v  -0.9096 4.0202 4.6535
v  -0.8128 4.1544 4.9701
v  -0.7439 4.1425 4.9479
v  -0.8423 4.0084 4.6287
v  -0.6203 4.3116 5.3274
v  -0.6932 4.3419 5.3529
v  -0.5639 4.2598 5.3079
v  -0.6845 4.1101 4.9256
v  -0.7846 3.9740 4.6061
v  -0.9882 4.0069 4.6564
v  -0.8971 4.1407 4.9707
v  -0.9895 4.1030 4.9907
v  -1.0763 3.9690 4.6799
v  -0.8938 4.3098 5.3884
v  -0.7893 4.3405 5.3626
v  -0.9967 3.7969 4.2470
v  -0.9673 3.8988 4.4137
v  -0.9039 3.8847 4.3953
v  -0.9385 3.7837 4.2335
v  -0.8517 3.8510 4.3847
v  -0.8855 3.7637 4.2294
v  -1.0503 3.7959 4.2586
v  -1.0353 3.8881 4.4223
v  -1.1182 3.8583 4.4516
v  -1.1324 3.7683 4.2715
v  -0.7701 3.7748 4.0754
v  -0.8116 3.7662 4.1417
v  -0.8698 3.7940 4.1134
v  -0.8403 3.8266 4.0093
v  -0.8408 3.7485 4.2448
v  -1.1976 3.6791 4.2243
v  -1.1251 3.7741 4.1529
v  -1.2357 3.7331 4.1049
v  -1.2068 3.7187 4.1542
v  -1.1478 3.8231 4.0760
v  -1.2727 3.7362 4.0458
v  -1.2192 3.8379 4.0540
v  -0.8102 3.8016 3.8497
v  -0.8602 3.8884 3.9010
v  -0.7501 3.7677 3.9384
v  -0.7150 3.7448 4.0200
v  -1.1850 3.9330 3.9882
v  -1.1249 3.9308 4.0029
v  -1.0871 3.9947 3.8928
v  -1.1764 4.0101 3.8974
v  -0.9430 3.7953 4.1107
v  -0.9384 3.8616 4.0295
v  -1.0204 3.8492 4.0431
v  -1.0112 3.7927 4.1242
v  -1.1277 4.0121 3.7558
v  -1.0493 3.9825 3.7124
v  -0.9906 3.9697 3.8357
v  -1.1954 4.0263 3.7927
v  -1.0851 3.9148 4.0189
v  -1.0335 3.9420 3.9843
v  -1.0770 3.8283 4.0586
v  -0.9499 3.9315 3.9448
v  -1.0647 3.7860 4.1388
v  -1.2220 3.6075 4.3080
v  -1.2089 3.6835 4.3956
v  -1.2701 3.5298 4.3924
v  -1.2659 3.5915 4.5011
v  -1.2206 3.2742 4.5785
v  -1.1792 3.2266 4.5629
v  -1.1041 3.2638 4.6667
v  -1.1612 3.3083 4.6903
v  -1.2478 3.2966 4.4214
v  -1.2297 3.2255 4.4237
v  -1.2500 3.3234 4.6017
v  -1.2788 3.3649 4.5380
v  -1.2220 3.3671 4.6966
v  -1.2837 3.4291 4.6610
v  -1.2756 3.4417 4.4671
v  -1.2995 3.3869 4.3693
v  -1.3038 3.5082 4.5923
v  -1.0156 3.4235 4.9524
v  -1.1004 3.3420 4.7994
v  -1.0265 3.3121 4.7662
v  -0.9296 3.4200 4.9073
v  -1.2366 3.6768 4.6553
v  -1.1919 3.7761 4.5454
v  -1.1583 3.8931 4.7697
v  -1.1878 3.7882 4.8750
v  -1.2452 3.4984 4.7976
v  -1.2576 3.5883 4.7400
v  -1.1986 3.6922 4.9480
v  -1.1684 3.5951 4.9841
v  -1.1043 3.4943 4.9826
v  -1.1789 3.4116 4.8115
v  -1.1048 3.9216 5.1782
v  -1.0715 4.0249 5.0773
v  -0.9761 4.2266 5.4727
v  -1.0157 4.1217 5.5672
v  -0.7842 3.7899 5.5931
v  -0.8849 3.8410 5.6352
v  -0.9938 3.6468 5.2561
v  -0.8985 3.5941 5.2110
v  -1.0572 3.7440 5.2653
v  -0.9595 3.9350 5.6471
v  -1.0958 3.8295 5.2410
v  -0.9955 4.0271 5.6222
v  -0.9250 4.4258 6.0432
v  -0.8820 4.5337 5.9651
v  -0.8485 4.7097 6.4702
v  -0.8142 4.8332 6.4039
v  -0.7124 4.9050 6.3239
v  -0.7901 4.6010 5.8894
v  -0.6085 4.2049 6.5050
v  -0.7215 4.2872 6.5201
v  -0.7887 4.0789 6.0998
v  -0.6780 4.0201 6.0673
v  -0.8748 4.1862 6.1057
v  -0.7991 4.4223 6.5094
v  -0.8347 4.5704 6.4964
v  -0.9085 4.3092 6.0842
v  -0.2375 5.4951 8.0813
v  -0.1246 5.5976 8.0267
v  -0.2268 5.3875 7.7026
v  -0.3158 5.3010 7.7458
v  -0.1215 5.4397 7.6632
v  0.0141 5.6443 7.9760
v  -0.2475 5.3003 7.3797
v  -0.3469 5.2517 7.4167
v  -0.4227 5.1633 7.4599
v  -0.3561 5.0617 7.8630
v  -0.3747 5.1947 7.8094
v  -0.4595 5.0554 7.5268
v  -0.4468 4.9261 7.5828
v  -0.2710 5.2189 8.1944
v  -0.2940 5.3647 8.1419
v  -0.0223 5.0128 8.2156
v  -0.1768 5.0750 8.2336
v  -0.2744 4.9138 7.8877
v  -0.1234 4.8506 7.8441
v  -0.3683 4.7828 7.5878
v  -0.2398 4.6997 7.5372
v  2.0994 0.3193 1.9867
v  1.8602 0.4164 1.9889
v  1.9241 0.4950 1.9978
v  2.1557 0.3897 2.0039
v  1.9784 0.5585 2.0412
v  2.2057 0.4523 2.0372
v  1.9854 0.5490 2.1833
v  1.9981 0.5764 2.1133
v  2.2278 0.4741 2.1808
v  2.2340 0.4872 2.1007
v  1.9534 0.4977 2.2397
v  1.9212 0.4426 2.3097
v  2.1585 0.3817 2.3153
v  2.1851 0.4114 2.2387
v  3.0921 1.6400 5.1004
v  2.7431 1.7807 4.9530
v  2.7447 1.8341 5.0141
v  3.1085 1.6941 5.1593
v  3.0659 1.5616 5.0014
v  2.7259 1.6932 4.8610
v  2.3691 1.8814 4.8416
v  2.3568 1.7870 4.7528
v  2.7850 -0.0601 2.3692
v  2.8254 -0.0940 2.2871
v  2.7209 -0.1352 2.3643
v  2.7730 -0.1667 2.3016
v  2.6547 -0.2801 2.0900
v  2.7005 -0.2693 1.9963
v  2.5421 -0.2605 2.0368
v  2.5658 -0.2408 1.9448
v  2.7586 -0.0606 2.5667
v  2.7275 -0.0962 2.4265
v  2.7816 -0.0415 2.4314
v  2.8202 -0.0186 2.5702
v  4.0140 1.1199 5.7593
v  4.0577 1.1600 5.7025
v  3.8597 1.1176 5.6655
v  3.9693 1.1321 5.6092
v  3.8757 1.1298 5.3728
v  3.9653 1.1840 5.4877
v  3.8992 1.0991 5.5368
v  3.8174 1.0606 5.4220
v  3.7786 1.1062 5.5637
v  3.7043 1.0744 5.4315
v  3.8573 1.0854 5.7777
v  4.0014 1.1056 5.8314
v  4.0853 1.3160 6.0775
v  4.1658 1.4552 6.0568
v  3.9593 1.3595 6.0619
v  3.0657 3.5684 8.1515
v  3.1904 3.6056 8.0056
v  3.1017 3.6334 7.9295
v  2.9509 3.6231 8.0910
v  3.2666 3.4925 7.8658
v  3.1948 3.5202 7.7913
v  2.9892 3.4545 8.2321
v  2.9746 3.3184 8.2399
v  2.8643 3.4833 8.2382
v  2.7863 3.2897 8.2342
v  3.2221 2.9754 7.9544
v  3.2877 3.0402 7.8256
v  3.3293 3.0874 7.8945
v  3.2985 3.0269 8.0228
v  3.3174 3.1950 7.8102
v  3.2661 3.1599 7.7113
v  3.2780 3.3299 7.8194
v  3.2154 3.3400 7.7469
v  4.1620 1.6814 5.7913
v  4.2353 1.5808 5.8243
v  4.2214 1.5953 5.9259
v  4.1386 1.7268 5.9548
v  4.2016 1.5484 6.0046
v  4.1413 1.6527 6.0668
v  4.0660 1.5491 6.1113
v  2.0392 2.0201 6.0541
v  1.6684 2.1195 5.9016
v  2.4994 1.9319 6.2328
v  2.3406 2.2412 6.5534
v  1.8698 2.2729 6.3730
v  1.5084 2.3543 6.1838
v  1.7319 2.5824 6.6440
v  1.3929 2.6526 6.4217
v  2.1959 2.5711 6.8420
v  1.3815 0.1969 1.5685
v  1.5639 0.0334 1.6081
v  1.4804 -0.0617 1.3702
v  1.3031 0.0996 1.3449
v  1.6741 -0.2117 1.4081
v  1.7820 -0.0964 1.6352
v  1.5825 -0.3034 1.1628
v  1.3962 -0.1582 1.1335
v  1.2361 0.0116 1.1120
v  1.6324 -0.3043 1.7113
v  1.5546 -0.4158 1.5368
v  1.6600 -0.4751 1.5240
v  1.7401 -0.3630 1.7021
v  1.8472 -0.4148 1.6873
v  1.7641 -0.5259 1.5041
v  2.2733 -0.3891 1.4773
v  2.2524 -0.4177 1.5087
v  2.1268 -0.4986 1.3137
v  2.1459 -0.4735 1.2817
v  2.3861 -0.3016 1.6515
v  2.3666 -0.3278 1.6825
v  2.3287 -0.3506 1.7134
v  2.2163 -0.4421 1.5406
v  2.0990 -0.5243 1.3472
v  2.4635 -0.2702 1.8316
v  2.4325 -0.2881 1.8765
v  2.4762 -0.2445 1.7866
v  2.4803 -0.2021 1.7436
v  2.4318 -0.1527 1.7463
v  2.3673 -0.2641 1.6326
v  2.3173 -0.2346 1.6305
v  2.2542 -0.3464 1.4554
v  2.1582 -0.4304 1.2445
v  2.1232 -0.3796 1.2175
v  2.2086 -0.3198 1.4447
v  1.9869 0.1751 1.9094
v  1.7529 0.2739 1.9102
v  1.8122 0.3543 1.9631
v  2.0506 0.2598 1.9575
v  1.6045 0.4642 1.9455
v  1.5498 0.3973 1.8844
v  1.6613 0.1538 1.7946
v  1.4666 0.2983 1.7578
v  1.8927 0.0459 1.8018
v  3.6301 0.9441 5.2035
v  3.7264 0.9348 5.2006
v  3.5530 0.7050 4.9341
v  3.6331 0.7255 4.9140
v  3.7923 0.9813 5.1632
v  2.5988 1.3117 4.4675
v  2.5158 1.0395 4.2094
v  2.8072 0.9281 4.3141
v  2.8985 1.1727 4.6050
v  2.6949 0.7013 3.9768
v  2.4139 0.7882 3.9035
v  2.6734 1.5330 4.6913
v  2.3214 1.6324 4.5857
v  2.9972 1.4005 4.8288
v  3.4895 0.5101 4.5618
v  3.3584 0.2861 4.1696
v  3.4461 0.4551 4.5962
v  3.3185 0.2207 4.2037
v  2.9181 0.0196 2.8847
v  3.0767 0.0620 3.2930
v  3.0122 -0.0127 3.3075
v  2.8542 -0.0205 2.8862
v  3.2419 0.1308 3.7306
v  3.1700 0.0666 3.7595
v  3.2643 0.2214 3.7088
v  2.3805 0.4220 3.2150
v  2.1524 0.5577 3.1710
v  2.2784 0.6297 3.5487
v  2.5289 0.5151 3.6141
v  1.9742 1.7401 5.3500
v  2.3049 1.5952 5.4766
v  2.2813 1.6770 5.5354
v  1.9474 1.8297 5.4049
v  2.6958 1.5196 5.7193
v  2.6953 1.4198 5.6604
v  2.9299 -0.0083 1.9968
v  2.9358 0.0111 2.0628
v  2.8556 0.0910 2.0477
v  2.8393 0.0766 1.9804
v  2.9075 -0.0418 1.9432
v  2.8169 0.0449 1.9297
v  2.6436 -0.1986 2.3118
v  2.7140 -0.2168 2.2781
v  2.6688 -0.2503 2.2312
v  2.5847 -0.2452 2.2536
v  2.5609 -0.2679 2.1668
v  2.6473 -0.2725 2.1677
v  2.1869 0.3720 2.5356
v  1.9619 0.4703 2.5462
v  2.0468 0.5143 2.8170
v  2.2745 0.4057 2.8269
v  1.9258 0.4476 2.4007
v  2.1554 0.3710 2.3892
v  1.9377 0.3191 2.8836
v  2.1264 0.2736 2.8764
v  1.9044 0.1991 2.6303
v  2.0740 0.1560 2.6104
v  2.2660 0.0935 2.5910
v  2.3384 0.1989 2.8744
v  2.0494 0.0981 2.4945
v  1.8935 0.1567 2.5128
v  2.2330 0.0421 2.4649
v  3.0886 3.1154 8.2264
v  3.2024 3.0294 8.1501
v  3.1138 3.0035 8.0859
v  2.9923 3.0823 8.1623
v  3.0129 3.2196 8.2403
v  2.8850 3.1767 8.2026
v  1.6291 3.4282 6.6124
v  1.9343 3.4376 6.8489
v  1.9316 3.3355 6.8138
v  1.6335 3.3190 6.5633
v  2.3021 3.3719 7.0687
v  2.3074 3.4856 7.0951
v  2.3085 3.2832 7.0226
v  1.9345 3.2459 6.7616
v  1.6227 3.2105 6.5218
v  1.9037 3.5735 6.9304
v  1.5888 3.5631 6.7021
v  2.2709 3.6208 7.1931
v  2.2942 2.1545 5.1534
v  2.2456 2.1566 5.2221
v  2.6466 2.0681 5.3184
v  2.6854 2.0529 5.2562
v  2.5734 2.1191 5.4449
v  2.1668 2.1907 5.3498
v  2.9880 1.9947 5.6139
v  3.0667 1.9424 5.4755
v  3.1041 1.9225 5.4094
v  2.6254 2.3318 6.2561
v  2.8382 2.1629 5.8861
v  2.4109 2.2330 5.7114
v  2.2121 2.4037 6.0470
v  2.0116 2.2883 5.6001
v  1.8398 2.4651 5.8958
v  3.8907 1.1947 5.3137
v  3.9769 1.2583 5.4206
v  3.9226 1.3312 5.3707
v  3.8397 1.2607 5.2673
v  3.7616 1.1139 5.0792
v  3.8164 1.0496 5.1114
v  2.7915 1.1694 5.0117
v  2.4226 1.2826 4.8999
v  2.4514 1.4492 5.1085
v  2.8366 1.3360 5.2259
v  2.1242 1.5732 4.9566
v  2.0980 1.3844 4.7836
v  2.1101 1.6767 5.1373
v  2.1254 1.6521 5.0662
v  2.4662 1.5454 5.2020
v  2.4524 1.5864 5.2666
v  2.8539 1.4139 5.3311
v  2.8459 1.4456 5.3926
v  3.7638 1.9042 6.5797
v  3.7249 1.8549 6.6106
v  3.9160 1.7208 6.2806
v  3.7284 1.9492 6.5200
v  3.9936 1.7893 6.2756
v  3.9378 1.8552 6.2064
v  3.5341 2.1752 6.9081
v  3.5869 2.1300 6.9921
v  3.5695 2.0144 7.1000
v  4.1009 1.7213 6.1359
v  4.0539 1.7913 6.0515
v  4.0366 1.6324 6.1704
v  3.1559 1.9216 5.3283
v  2.7459 2.0498 5.1837
v  2.7860 2.0033 5.1074
v  3.1833 1.8765 5.2469
v  2.3539 2.1387 5.0788
v  2.7666 1.9101 5.0663
v  3.1559 1.7865 5.1924
v  2.0430 1.6850 5.2605
v  2.3660 1.5620 5.3896
v  2.3315 1.5601 5.4316
v  2.0078 1.6985 5.3037
v  2.7152 1.3787 5.5917
v  2.7536 1.3974 5.5305
v  2.4142 1.5909 5.3369
v  2.8068 1.4435 5.4692
v  2.0798 1.6840 5.2043
v  3.3949 2.5602 7.2587
v  3.3007 2.8236 7.6283
v  3.4249 2.4875 7.3606
v  3.2548 2.8972 7.5246
v  3.2032 2.7517 7.6758
v  3.3384 2.4082 7.4135
v  3.2552 3.0670 7.6453
v  3.2789 2.9767 7.7586
v  3.2054 2.8960 7.8472
v  1.7054 2.7109 6.1565
v  2.0399 2.6533 6.3681
v  1.6304 2.9554 6.3444
v  1.9432 2.9354 6.5911
v  2.4221 2.5902 6.6332
v  2.3457 2.9610 6.8385
v  1.9317 3.1349 6.6924
v  2.3367 3.1923 6.9269
v  1.6175 3.1093 6.4512
v  2.7629 3.5129 8.2720
v  2.8012 3.6453 8.1465
v  2.5222 3.6663 8.1592
v  2.5254 3.6137 8.3317
v  2.4346 3.4676 8.4078
v  2.6563 3.3557 8.2790
v  1.5165 3.4323 7.6272
v  1.1450 3.4694 7.3125
v  1.2749 3.3439 7.2618
v  1.6668 3.3082 7.5771
v  0.9386 3.3792 6.9864
v  0.8153 3.4875 7.0447
v  -0.0616 5.1958 7.2948
v  0.0605 5.3393 7.5872
v  0.0710 5.1967 7.5752
v  -0.0392 5.0546 7.2596
v  0.2586 5.3789 7.8974
v  0.2339 5.5243 7.8948
v  0.2942 5.2567 7.8852
v  0.0931 5.0680 7.5478
v  -0.0276 4.9214 7.2238
v  -0.0156 5.4316 7.6160
v  0.1423 5.6273 7.9218
v  -0.1400 5.2927 7.3298
v  2.5346 0.1468 1.9423
v  2.3332 0.2237 1.9796
v  2.3848 0.2796 2.0006
v  2.5842 0.1889 1.9711
v  2.4275 0.3319 2.0272
v  2.6195 0.2279 2.0054
v  2.4276 0.3598 2.2384
v  2.3943 0.3378 2.3110
v  2.5862 0.2714 2.3004
v  2.6177 0.2702 2.2199
v  2.6473 0.2636 2.1347
v  2.4681 0.3918 2.1613
v  3.1782 0.5241 4.1234
v  2.9627 0.5989 4.0608
v  3.0923 0.8101 4.4215
v  3.3341 0.7416 4.4828
v  3.1973 1.0363 4.7328
v  3.4722 0.9852 4.7718
v  3.7649 1.4689 5.3839
v  3.4770 1.5709 5.2802
v  3.5415 1.6725 5.3240
v  3.8543 1.5879 5.4236
v  3.5855 1.7785 5.3963
v  3.9074 1.7046 5.5243
v  2.6078 -0.0228 2.5599
v  2.5583 -0.0835 2.4303
v  2.6575 -0.1090 2.4259
v  2.6969 -0.0594 2.5619
v  2.6328 -0.1404 2.3762
v  2.5331 -0.1189 2.3845
v  3.5689 1.2157 5.7839
v  3.5853 1.2231 5.6961
v  3.7497 1.1242 5.7453
v  3.7384 1.1164 5.8445
v  3.7396 1.1345 5.6432
v  3.5802 1.2099 5.5963
v  3.3187 0.7292 4.9248
v  3.2003 0.4834 4.5965
v  3.3543 0.4502 4.6113
v  3.4701 0.7072 4.9385
v  3.2155 0.2219 4.2206
v  3.0722 0.2817 4.1993
v  2.8898 3.6599 7.9865
v  3.0211 3.6454 7.8526
v  2.8806 3.6392 7.7263
v  2.7560 3.6417 7.8671
v  3.1164 3.5366 7.7194
v  2.9635 3.5339 7.5996
v  4.0826 1.7410 5.7462
v  3.9164 1.7853 5.6607
v  3.8953 1.8554 5.7861
v  4.0440 1.7781 5.8936
v  4.0622 1.6511 5.6022
v  3.3165 2.1801 6.7603
v  2.9914 2.2027 6.5467
v  2.8483 2.6095 6.8591
v  3.1596 2.5787 7.0880
v  2.7727 3.0073 7.0645
v  3.0429 2.9459 7.3386
v  1.9031 -0.3984 1.2299
v  1.7540 -0.3746 1.2005
v  1.8583 -0.2761 1.4342
v  2.0154 -0.2806 1.4392
v  1.9837 -0.1415 1.6324
v  2.1431 -0.1549 1.6222
v  2.4795 -0.0236 1.8361
v  2.5863 0.0324 1.8815
v  2.4617 0.1046 1.9100
v  2.3684 0.0427 1.8605
v  2.6688 0.0703 1.9200
v  2.7155 0.1088 1.9524
v  2.7427 0.1413 1.9917
v  2.2739 0.1732 1.9460
v  2.1983 0.1020 1.8901
v  2.7645 0.1593 2.0504
v  2.6435 0.2498 2.0611
v  2.7635 0.1666 2.1263
v  2.7292 0.1756 2.2136
v  2.6971 0.1869 2.3007
v  2.4605 0.3737 2.0781
v  2.6967 0.1934 2.3740
v  2.5874 0.2763 2.3641
v  2.6401 0.3105 2.5043
v  2.7462 0.2163 2.5224
v  2.3925 0.3332 2.3746
v  2.4407 0.3699 2.5121
v  2.9444 0.2530 3.2764
v  3.0984 0.3227 3.7343
v  3.0007 0.3594 3.7088
v  2.8393 0.2780 3.2634
v  3.2900 0.4978 4.1490
v  3.4604 0.7166 4.5066
v  3.6029 0.9479 4.8056
v  2.7962 0.4357 3.6620
v  2.6360 0.3434 3.2402
v  3.7719 1.2921 5.2445
v  3.8483 1.3680 5.3474
v  3.7083 1.4162 5.3053
v  3.6408 1.3362 5.2053
v  3.9092 1.4164 5.4368
v  4.0036 1.5321 5.4929
v  3.4401 1.5186 5.2124
v  3.3863 1.4318 5.1232
v  2.1727 -0.3554 1.7761
v  2.2737 -0.2696 1.9450
v  2.1446 -0.2310 1.9751
v  2.0499 -0.3271 1.8093
v  2.2260 -0.1866 2.1326
v  2.3602 -0.2357 2.1031
v  2.4049 -0.2621 2.2230
v  2.2668 -0.2066 2.2522
v  2.3057 -0.1820 2.3251
v  2.4453 -0.2342 2.2998
v  2.4541 -0.2549 2.0677
v  2.4927 -0.2754 2.1891
v  2.5256 -0.2454 2.2741
v  2.3686 -0.2847 1.9128
v  2.2657 -0.3665 1.7460
v  2.4920 -0.1781 2.3503
v  2.3474 -0.1296 2.3754
v  2.3849 -0.0657 2.4009
v  2.4095 -0.0281 2.4447
v  2.4547 0.0310 2.5713
v  2.5805 -0.1896 2.3287
v  3.4792 1.1255 5.3958
v  3.5400 1.1911 5.5126
v  3.2262 1.2669 5.4464
v  3.1927 1.2096 5.3331
v  3.2444 1.2942 5.5094
v  3.2348 1.3300 5.5985
v  3.1971 1.2957 5.6742
v  3.6907 1.1345 5.5546
v  3.6278 1.1006 5.4156
v  2.8021 0.0496 3.3132
v  2.9259 0.1200 3.7694
v  2.7127 0.2051 3.7428
v  2.6210 0.1451 3.2968
v  2.8372 0.3699 4.1541
v  2.9488 0.5801 4.5264
v  3.0548 0.8257 4.8413
v  3.0632 0.0661 3.7773
v  2.9201 -0.0026 3.3165
v  3.5610 1.2605 5.9214
v  3.6247 1.3803 6.0207
v  3.2037 1.4392 5.8703
v  3.1679 1.3273 5.8031
v  3.6876 1.4980 6.1093
v  3.2159 1.5104 5.9910
v  3.2115 1.5358 6.0459
v  3.6121 1.6359 6.2654
v  3.1480 1.6101 6.1531
v  3.6920 1.5513 6.1557
v  3.9296 1.5246 6.1140
v  3.9335 1.5984 6.1680
v  3.8388 1.7039 6.2830
v  3.8476 1.3751 6.0456
v  3.7472 1.2083 6.0104
v  2.9080 2.7212 7.5730
v  2.8872 2.8545 7.7425
v  2.5332 2.9387 7.4694
v  2.5626 2.8125 7.3124
v  2.8878 2.9237 7.8322
v  2.5112 2.9765 7.5765
v  2.4153 2.9495 7.6948
v  2.8075 2.9623 7.9301
v  2.6879 3.0093 8.0213
v  2.2977 2.9756 7.7970
v  3.0923 2.9485 7.9288
v  3.0106 2.9839 8.0345
v  2.8904 3.0504 8.1167
v  3.0944 2.8644 7.8424
v  3.1093 2.7279 7.6599
v  2.2003 3.0796 7.8634
v  2.5747 3.1006 8.0841
v  2.4692 3.1880 8.1279
v  2.1101 3.1681 7.9100
v  2.0393 3.2471 7.9204
v  2.3767 3.2649 8.1508
v  2.1856 3.4358 8.1730
v  1.8820 3.4149 7.9406
v  2.6610 3.2246 8.2159
v  2.5563 3.2891 8.2589
v  2.3345 3.4333 8.2935
v  2.7739 3.1415 8.1694
v  0.1055 5.2007 8.5664
v  -0.0260 5.2673 8.5629
v  0.0943 5.4141 8.8363
v  0.2042 5.3446 8.8528
v  0.0278 5.5229 8.7932
v  -0.1246 5.3855 8.5305
v  0.0273 5.6336 8.7414
v  -0.1464 5.5233 8.4807
v  -0.0957 5.6541 8.4230
v  0.0736 5.7352 8.6920
v  0.1826 5.8045 8.6442
v  0.0311 5.7382 8.3671
v  0.1715 5.7657 8.3181
v  0.3018 5.8349 8.5980
v  0.2846 5.7378 8.2687
v  0.3978 5.8171 8.5459
v  0.4658 5.7383 8.5201
v  0.3695 5.6531 8.2379
v  0.4168 5.5311 8.2400
v  0.5014 5.6321 8.5354
v  0.5098 5.5283 8.5695
v  0.4230 5.4122 8.2607
v  2.3793 3.6653 8.0115
v  2.6282 3.6417 7.9364
v  2.3828 3.6514 7.7126
v  2.1659 3.7272 7.7763
v  2.5002 3.6284 7.6373
v  2.6035 3.6047 7.4981
v  2.6671 3.5083 7.3763
v  2.7583 3.6635 8.0486
v  2.4877 3.6610 8.1060
v  2.6658 3.3876 7.3503
v  2.9740 3.3947 7.5659
v  2.9829 3.2752 7.5259
v  2.6687 3.2851 7.3139
v  2.7051 3.1836 7.2198
v  3.0023 3.1571 7.4584
v  3.1616 3.1176 7.5803
v  3.1772 2.9131 7.4703
v  3.1564 3.2312 7.6351
v  3.1368 3.3708 7.6794
v  3.7127 1.9166 6.0482
v  3.8344 1.8987 5.8830
v  3.4992 1.9287 5.6839
v  3.3920 1.9325 5.8440
v  3.5521 1.9107 5.5982
v  3.5854 1.8600 5.4954
v  3.9812 1.8248 5.9928
v  3.8653 1.8840 6.1517
v  3.6737 1.9635 6.4732
v  3.5214 1.9715 6.3737
v  3.4791 2.1840 6.8587
v  3.3264 2.5789 7.1924
v  3.2055 2.0036 6.1604
v  3.2256 2.4062 7.3773
v  3.0111 2.4011 7.3082
v  3.1741 2.0120 6.9841
v  3.4095 2.0083 7.0539
v  3.6436 1.8352 6.6138
v  3.4123 1.7780 6.5831
v  2.7897 2.1110 6.7962
v  2.9885 1.8283 6.4341
v  2.6423 2.4833 7.0969
v  2.1345 -0.2888 1.4349
v  2.0290 -0.3836 1.2247
v  2.2500 -0.1955 1.6255
v  2.0822 -0.4669 1.6148
v  2.1625 -0.4615 1.5762
v  2.0547 -0.5526 1.3865
v  1.9833 -0.5735 1.4312
v  1.8780 -0.5653 1.4739
v  1.9688 -0.4543 1.6575
v  2.1011 -0.0021 1.7769
v  2.2622 -0.0428 1.7598
v  2.3658 -0.1031 1.7562
v  3.7005 1.1477 5.0552
v  3.5755 1.1980 5.0088
v  3.3071 1.2675 4.9537
v  3.4103 0.9617 5.1921
v  3.1416 1.0586 5.1106
v  3.5586 0.9466 5.2020
v  2.7057 0.0424 2.8750
v  2.5403 0.1097 2.8750
v  2.7956 -0.0007 2.8805
v  2.8291 0.2319 2.8468
v  2.7217 0.2916 2.8311
v  2.5182 0.3400 2.8280
v  3.7270 1.1372 5.9252
v  3.5559 1.2241 5.8432
v  3.1735 1.2918 5.7339
v  -1.3965 3.2678 4.3328
v  -1.3711 3.2031 4.3443
v  -1.4909 3.2531 4.2984
v  -1.4987 3.2040 4.2739
v  -1.5615 3.2420 4.0047
v  -1.4358 3.3062 3.9761
v  -1.4727 3.3901 4.0103
v  -1.6067 3.3279 4.0514
v  -1.6321 3.2069 4.1696
v  -1.6573 3.2615 4.1120
v  -1.6024 3.1784 4.0645
v  -1.5873 3.1294 4.1220
v  -1.6147 3.4019 4.1146
v  -1.4826 3.4478 4.0825
v  -1.5816 3.4491 4.1653
v  -1.4856 3.4884 4.1595
v  -1.6669 3.3428 4.1732
v  -1.6419 3.2821 4.2230
v  -1.5950 3.3594 4.2764
v  -1.6086 3.4179 4.2223
v  -1.4734 3.4445 4.3173
v  -1.4838 3.4929 4.2379
v  -1.5538 3.2957 4.2897
v  -1.4378 3.3505 4.3386
v  -1.5853 3.2332 4.2452
v  -1.5717 3.1631 4.2122
v  -1.5396 3.0905 4.1775
v  -0.7280 3.7412 4.4234
v  -0.7803 3.7773 4.4113
v  -0.6942 3.8787 4.6560
v  -0.6399 3.8075 4.6432
v  -0.7429 3.9289 4.6076
v  -0.8166 3.8140 4.3947
v  -0.5376 4.1939 5.3213
v  -0.5125 4.1311 5.3507
v  -0.6011 4.0181 4.9757
v  -0.6447 4.0572 4.9314
v  -0.4389 3.8219 4.9824
v  -0.3917 3.7677 4.9551
v  -0.2011 3.7975 5.3376
v  -0.2735 3.8710 5.3753
v  -0.4972 3.8805 4.9769
v  -0.5384 3.9430 4.9912
v  -0.4142 4.0020 5.3724
v  -0.3482 3.9365 5.3779
v  -0.5391 4.0072 5.0801
v  -0.4636 4.0718 5.3877
v  1.1507 4.0781 7.6819
v  1.5098 3.8424 7.6112
v  1.2570 3.8438 7.3478
v  0.9369 4.0601 7.4083
v  1.0045 3.7968 7.1342
v  0.7152 4.0045 7.1905
v  0.3855 5.0749 7.8536
v  0.1846 4.8855 7.5130
v  0.1213 4.9877 7.5252
v  0.3261 5.1855 7.8699
v  -0.0122 4.8394 7.2032
v  0.0348 4.7405 7.2082
v  0.5106 4.1910 7.2293
v  0.7062 4.2593 7.4592
v  0.5259 4.4713 7.4878
v  0.3432 4.3732 7.2453
v  0.7153 4.5684 7.7837
v  0.9012 4.3132 7.7406
v  0.5338 4.8486 7.8198
v  0.3354 4.6962 7.5037
v  0.1672 4.5690 7.2319
v  1.7578 3.8757 7.8821
v  1.3226 4.0801 7.9992
v  1.4599 4.1026 8.2621
v  1.9278 3.8509 8.1292
v  0.5990 5.3210 8.5823
v  0.5122 5.2192 8.2454
v  0.4497 5.3430 8.2602
v  0.5366 5.4604 8.5840
v  1.0125 4.7049 8.4432
v  0.8702 4.6366 8.1386
v  0.6643 4.9499 8.2039
v  0.7766 5.0335 8.5316
v  1.0612 4.3511 8.0745
v  1.2030 4.4036 8.3562
v  2.0122 3.8261 8.2593
v  2.0022 3.8289 8.2363
v  1.5187 4.1060 8.3904
v  1.5242 4.1149 8.4327
v  1.1161 4.7588 8.6276
v  1.2836 4.4370 8.5203
v  1.3181 4.4520 8.6270
v  1.1589 4.7771 8.7625
v  1.5282 4.1151 8.5623
v  2.0045 3.8112 8.3783
v  1.9220 3.7335 8.3995
v  1.4266 4.0488 8.5742
v  1.1079 4.7423 8.8916
v  1.2755 4.4147 8.7378
v  1.1583 4.3585 8.7447
v  0.9787 4.6842 8.8956
v  1.8669 3.7349 8.3547
v  1.7513 3.7253 8.2656
v  1.3549 4.0087 8.5475
v  1.2368 3.9521 8.4549
v  0.7913 4.5807 8.6646
v  0.9539 4.2490 8.5794
v  1.0676 4.3049 8.7045
v  0.8924 4.6404 8.8146
v  0.3042 5.0692 8.5394
v  0.1911 5.1567 8.5717
v  0.0586 4.9665 8.2116
v  0.1497 4.8843 8.1861
v  0.4255 5.2106 8.8279
v  0.3014 5.3122 8.8565
v  1.0286 3.8842 8.2500
v  1.4888 3.6571 8.0647
v  1.1862 3.6480 7.7658
v  0.8241 3.8975 7.9263
v  0.7664 4.1750 8.3574
v  0.6211 4.4931 8.4157
v  0.4763 4.4391 8.0566
v  0.6084 4.1633 8.0141
v  0.3047 4.6923 8.1255
v  0.4690 4.8267 8.4736
v  0.6245 4.9531 8.7347
v  -0.1711 4.6321 7.5155
v  -0.0527 4.7963 7.8316
v  0.0145 4.7103 7.8152
v  -0.1078 4.5445 7.4973
v  0.5817 3.8811 7.6042
v  0.8737 3.6601 7.4527
v  0.5798 3.6285 7.1896
v  0.3581 3.8424 7.3171
v  0.4019 4.1071 7.6805
v  0.2676 4.3203 7.7281
v  0.1023 4.2159 7.4238
v  0.2142 4.0384 7.3829
v  -0.0109 4.3951 7.4644
v  0.1313 4.5375 7.7757
v  0.1404 3.7742 6.9083
v  0.3019 3.6149 6.8011
v  0.4139 3.6349 6.9654
v  0.2265 3.8097 7.0849
v  0.4687 3.4976 6.6942
v  0.6045 3.5016 6.8437
v  0.1040 3.9792 7.1560
v  0.0102 4.1374 7.2008
v  -0.0538 4.0708 7.0395
v  0.0309 3.9266 6.9863
v  -0.7161 3.7478 5.5787
v  -0.6051 3.9791 6.0461
v  -0.6429 3.7163 5.5907
v  -0.5432 3.9196 6.0447
v  -0.4542 4.0922 6.4561
v  -0.5238 4.1620 6.4743
v  -0.7307 3.5467 5.2293
v  -0.5847 3.5428 5.3700
v  -0.5440 3.6811 5.6401
v  -0.5817 3.4460 5.2108
v  -0.3706 3.5035 5.5510
v  -0.4266 3.5816 5.6273
v  -0.4467 3.6717 5.7590
v  -0.5534 3.3783 5.1462
v  -0.3052 3.4371 5.4984
v  -0.8243 3.5642 5.1887
v  1.5493 -0.6348 0.2193
v  1.6968 -0.6430 0.2695
v  1.6995 -0.6594 0.1980
v  1.3839 -0.5492 0.1681
v  1.5631 -0.6285 0.1507
v  1.4060 -0.5359 0.1153
v  1.3878 -0.5211 0.2388
v  1.5586 -0.5963 0.2949
v  1.7078 -0.6065 0.3457
v  1.2215 -0.4052 0.1516
v  1.2407 -0.3933 0.1039
v  1.0791 -0.2390 0.1071
v  1.2267 -0.3846 0.2201
v  1.0878 -0.2313 0.1597
v  1.0887 -0.2235 0.2263
v  0.8573 0.0201 0.2056
v  0.9420 -0.1084 0.1791
v  0.9408 -0.0952 0.1259
v  0.8462 0.0307 0.1587
v  0.9507 -0.1059 0.2485
v  0.8651 0.0139 0.2692
v  1.7306 -0.8295 0.4332
v  1.7999 -0.8833 0.4302
v  1.8093 -0.8247 0.3544
v  1.7887 -0.7717 0.5202
v  1.7664 -0.7695 0.3966
v  1.8230 -0.7313 0.4798
v  1.7378 -0.8119 0.5547
v  1.7456 -0.8758 0.5041
v  1.7846 -0.9309 0.5163
v  1.8473 -0.7619 0.3122
v  1.8050 -0.7195 0.3568
v  1.8158 -0.6729 0.3220
v  1.8681 -0.6971 0.2583
v  1.8310 -0.6268 0.3902
v  1.8473 -0.6795 0.4315
v  1.7967 -0.6594 0.2289
v  1.7822 -0.6484 0.2959
v  1.7870 -0.6110 0.3703
v  -0.1372 0.4445 0.3127
v  -0.1582 0.3947 0.3327
v  -0.0837 0.4136 0.3553
v  -0.0624 0.3935 0.2884
v  0.0270 0.4180 0.3780
v  0.0449 0.3692 0.3069
v  0.0386 0.3723 0.2547
v  -0.2450 0.3987 0.3780
v  -0.1897 0.4062 0.4368
v  -0.3436 0.4255 0.4606
v  -0.2642 0.4205 0.5917
v  -0.1309 0.4304 0.4899
v  -0.3046 0.3903 0.5258
v  -0.3986 0.3742 0.5930
v  -0.3736 0.4218 0.6717
v  -0.4202 0.4247 0.5257
v  -0.4813 0.4263 0.5839
v  -0.4637 0.3912 0.6422
v  -0.4471 0.4247 0.7072
v  -0.3365 0.4858 0.4263
v  -0.2385 0.4709 0.3633
v  -0.4180 0.4809 0.4772
v  -0.4785 0.4816 0.5319
v  -0.3616 0.6381 1.4751
v  -0.3413 0.5217 1.2922
v  -0.3360 0.4412 1.3320
v  -0.3326 0.6061 1.5464
v  -0.2771 0.5769 1.6068
v  -0.2599 0.4251 1.4095
v  1.6886 -0.0246 2.3503
v  1.7164 0.0087 2.4338
v  1.6192 -0.0037 2.4529
v  1.6711 0.0001 2.2181
v  1.5922 -0.0201 2.3504
v  1.5767 0.0257 2.2179
v  1.7498 0.0867 2.4684
v  1.7788 0.1712 2.4691
v  1.6930 0.1969 2.4908
v  1.6609 0.0920 2.4989
v  0.9255 0.9369 2.0313
v  0.9082 0.9023 1.9744
v  0.7477 0.9861 1.9800
v  0.7590 1.0258 2.0384
v  1.6785 1.7535 5.0050
v  1.8542 1.7422 5.0920
v  1.8163 1.7494 5.1665
v  1.6311 1.7513 5.1052
v  1.8829 1.7384 5.0106
v  1.7069 1.7549 4.9129
v  1.8839 1.7037 4.9395
v  1.8696 1.6114 4.8524
v  1.6904 1.7035 4.8573
v  1.6735 1.6205 4.7821
v  0.7691 2.4382 4.2645
v  1.1106 2.2994 4.4005
v  1.1057 2.2342 4.3445
v  0.7668 2.3725 4.2095
v  0.7683 2.2989 4.1435
v  1.1010 2.1629 4.2767
v  0.7718 1.0912 2.3680
v  0.7749 1.0927 2.3050
v  0.9579 0.9994 2.3257
v  0.9534 1.0055 2.3885
v  0.9772 1.0292 2.2716
v  0.7939 1.1246 2.2499
v  0.6509 3.3898 6.5908
v  0.7990 3.3639 6.7410
v  0.7228 3.4192 6.7793
v  0.5794 3.4375 6.6287
v  -0.4309 5.1601 7.2232
v  -0.4987 5.0714 7.2590
v  -0.3364 5.2176 7.1837
v  -0.4090 5.1783 7.0298
v  -0.5180 5.1215 7.0783
v  -0.5894 5.0198 7.1147
v  -0.2204 5.2141 7.1233
v  -0.2784 5.1719 6.9591
v  -0.1406 5.1038 7.0818
v  -0.1816 5.0584 6.9022
v  -0.0931 4.8288 7.0003
v  -0.1107 4.9620 7.0371
v  -0.1351 4.9087 6.8529
v  -0.1330 4.7661 6.8291
v  -0.0809 4.7486 6.9913
v  -0.1296 4.6848 6.8353
v  -0.0368 4.6592 7.0011
v  -0.0863 4.6021 6.8475
v  1.3270 3.2087 6.1533
v  1.4432 3.2034 6.3127
v  1.4450 3.1159 6.2568
v  1.3378 3.1314 6.1130
v  1.4560 2.9959 6.1691
v  1.3418 3.0300 6.0496
v  1.7469 2.3599 5.0252
v  1.6993 2.3815 5.1154
v  1.9329 2.2704 5.1634
v  1.9812 2.2544 5.0821
v  1.8590 2.3071 5.2890
v  1.6365 2.4265 5.2360
v  1.8213 2.3965 4.9068
v  2.0452 2.2572 4.9854
v  -0.1443 4.1602 6.1028
v  -0.0390 4.0664 6.0962
v  -0.1840 4.0076 5.7667
v  -0.2735 4.0830 5.7639
v  -0.0844 3.9226 5.7558
v  0.0872 3.9612 6.0769
v  0.2635 3.8330 6.0298
v  0.0377 3.8169 5.7140
v  1.4520 2.6736 5.6810
v  1.3750 2.8521 5.8995
v  1.5101 2.7929 6.0027
v  1.6083 2.5784 5.7736
v  1.5454 2.5262 5.4429
v  1.7354 2.4084 5.5150
v  0.7470 0.5844 1.3734
v  0.5994 0.6614 1.3798
v  0.5586 0.5620 1.1707
v  0.6966 0.4847 1.1653
v  1.5439 0.0322 2.0436
v  1.6448 -0.0148 2.0398
v  1.5822 -0.1148 1.8694
v  1.4677 -0.0542 1.8771
v  1.2486 -0.2246 1.5371
v  1.3079 -0.1158 1.7229
v  1.2386 -0.0709 1.7190
v  1.1821 -0.1774 1.5276
v  1.3303 -0.2773 1.5426
v  1.3944 -0.1657 1.7221
v  1.3797 -0.0088 1.8802
v  1.3062 0.0315 1.8797
v  1.4039 0.0884 2.1806
v  1.3826 0.1085 2.0234
v  1.4587 0.0725 2.0360
v  1.4865 0.0514 2.2029
v  1.3018 0.1457 2.0141
v  1.2344 0.0756 1.8776
v  1.3252 0.1361 2.1610
v  1.4390 -0.3445 1.5420
v  1.5110 -0.2311 1.7163
v  1.1177 -0.1286 1.5164
v  1.1722 -0.0226 1.7122
v  1.0287 0.2390 1.1155
v  1.0904 0.3270 1.3363
v  1.1798 0.2268 1.3361
v  1.1215 0.1441 1.1070
v  1.2548 0.3241 1.5527
v  1.1611 0.4232 1.5496
v  0.8722 0.3670 1.1390
v  0.9424 0.4807 1.3398
v  1.0160 0.4110 1.3359
v  0.9479 0.3096 1.1262
v  1.0786 0.5033 1.5497
v  0.9955 0.5661 1.5566
v  0.8563 0.5315 1.3564
v  0.9053 0.6177 1.5703
v  0.7934 0.4206 1.1545
v  1.0465 0.6450 1.7505
v  1.1367 0.5848 1.7442
v  1.1926 0.6592 1.8888
v  1.0971 0.7225 1.8915
v  1.2959 0.5936 1.8801
v  1.2298 0.5117 1.7413
v  0.9520 0.6998 1.7603
v  0.9969 0.7788 1.8991
v  1.4603 0.5700 1.9357
v  1.4072 0.5064 1.8752
v  1.3429 0.6512 1.9527
v  1.2333 0.7080 1.9739
v  1.1325 0.7724 1.9723
v  1.1624 0.8216 2.0177
v  1.2740 0.7843 1.9812
v  1.3332 0.4192 1.7409
v  1.6812 1.4513 4.6493
v  1.8612 1.4305 4.7025
v  1.8592 1.2064 4.4917
v  1.6994 1.2339 4.4588
v  1.0532 0.8734 2.0250
v  1.0318 0.8381 1.9689
v  1.8553 0.9725 4.2383
v  1.7134 1.0074 4.2121
v  1.7230 0.8004 3.9132
v  1.8478 0.7575 3.9380
v  1.5619 1.2766 4.4191
v  1.5890 1.0513 4.1782
v  1.4757 1.1019 4.1387
v  1.4415 1.3338 4.3700
v  1.5075 0.8943 3.8537
v  1.6128 0.8486 3.8834
v  1.0854 2.0375 4.1437
v  0.7712 2.1669 4.0219
v  1.0608 1.8648 3.9685
v  0.7865 2.0016 3.8467
v  1.3954 0.9292 3.8302
v  1.3558 1.1421 4.1067
v  1.3130 1.3786 4.3322
v  1.0512 1.6766 3.7488
v  0.8087 1.8126 3.6396
v  0.8206 1.6251 3.4179
v  1.0380 1.4926 3.5111
v  1.2280 1.7811 4.0475
v  1.2056 1.5889 3.8199
v  1.3193 1.5289 3.8687
v  1.3438 1.7257 4.1034
v  1.2987 1.3470 3.6055
v  1.1849 1.4066 3.5684
v  1.4144 1.2901 3.6410
v  1.4342 1.4692 3.9171
v  1.4631 1.6731 4.1564
v  1.7246 0.6364 3.5723
v  1.8316 0.5832 3.5946
v  1.7226 0.5037 3.2207
v  1.8176 0.4498 3.2349
v  1.5190 0.7332 3.5297
v  1.6248 0.6934 3.5474
v  1.5134 0.5846 3.2086
v  1.6225 0.5526 3.2109
v  1.4102 0.7682 3.5135
v  1.4061 0.6234 3.2013
v  0.8264 1.4888 3.1833
v  1.0209 1.3536 3.2651
v  0.9900 1.2259 3.0237
v  0.7993 1.3478 2.9633
v  1.2349 1.0877 3.0845
v  1.1295 1.1503 3.0580
v  1.1601 1.2692 3.3111
v  1.2712 1.2107 3.3396
v  1.7406 1.8379 5.2891
v  1.7767 1.7769 5.2303
v  1.5834 1.7919 5.2025
v  1.5472 1.8774 5.2833
v  1.3422 1.0315 3.1074
v  1.3842 1.1555 3.3666
v  1.6744 2.0130 5.4285
v  1.7141 1.9421 5.3428
v  1.4993 2.0833 5.4076
v  1.5259 1.9924 5.3430
v  1.2133 1.9811 5.2125
v  1.3564 1.8998 5.2818
v  1.3584 2.0340 5.3214
v  1.2307 2.0975 5.2451
v  1.3639 2.1418 5.3465
v  1.2383 2.1815 5.2784
v  0.8063 1.1399 2.1851
v  0.9860 1.0494 2.2005
v  0.9799 1.0419 2.1254
v  0.8080 1.1325 2.1178
v  1.1155 2.1608 5.1582
v  1.0930 2.0640 5.1255
v  1.1157 2.2241 5.2065
v  1.3915 0.0204 2.3217
v  1.3029 0.0694 2.3081
v  1.2898 0.0409 2.4725
v  1.3942 -0.0048 2.4753
v  1.1940 0.1397 2.3162
v  1.1775 0.1294 2.4687
v  0.9552 0.9944 2.0723
v  0.7922 1.0930 2.0633
v  1.4912 -0.0098 2.3382
v  1.5104 -0.0132 2.4673
v  1.0293 0.2590 2.4713
v  1.0466 0.3402 2.5352
v  1.2077 0.2185 2.5919
v  1.3347 0.1300 2.6263
v  1.4517 0.0920 2.6105
v  1.3934 0.2793 2.6321
v  1.5041 0.2386 2.6054
v  1.0344 0.2308 2.3639
v  1.5226 0.3794 2.6808
v  1.6231 0.3400 2.6560
v  1.6188 0.4188 2.8991
v  1.5148 0.4575 2.9098
v  1.7191 0.3833 2.8895
v  1.7174 0.2980 2.6365
v  1.5635 0.0884 2.5555
v  1.6025 0.2173 2.5433
v  1.4194 0.4196 2.7003
v  1.4095 0.4986 2.9163
v  1.7990 0.2510 2.6326
v  1.7932 0.2086 2.5160
v  1.7104 0.2435 2.5300
v  1.6178 0.2772 2.5640
v  1.5176 0.3057 2.6094
v  1.8099 0.3427 2.8901
v  1.4103 0.3423 2.6407
v  0.7658 1.0937 2.4330
v  0.7622 1.1240 2.5438
v  0.9472 1.0265 2.5723
v  0.9510 1.0098 2.4538
v  0.9555 1.0974 2.7833
v  0.7745 1.2162 2.7362
v  0.4896 3.1678 6.3794
v  0.5964 3.2015 6.4789
v  0.5514 3.2944 6.4911
v  0.4481 3.2691 6.3936
v  0.6883 3.3167 6.5820
v  0.7297 3.2321 6.5675
v  0.5214 3.3688 6.4888
v  0.4265 3.3483 6.3889
v  0.6955 3.0588 6.2058
v  0.5789 3.0628 6.3094
v  0.4992 3.0654 6.1816
v  0.6101 3.0613 6.0875
v  0.4149 3.1638 6.2490
v  0.8801 3.2050 6.6928
v  0.9614 3.1186 6.6323
v  0.8073 3.1331 6.5140
v  0.9057 3.0978 6.4264
v  1.0610 3.0987 6.5475
v  0.6830 3.1033 6.4144
v  0.7896 3.0792 6.3157
v  0.8391 3.2890 6.7203
v  0.3800 3.2633 6.2651
v  0.3627 3.3436 6.2648
v  1.3620 3.5517 6.5535
v  1.2108 3.5794 6.4242
v  1.4412 3.4665 6.4151
v  1.3125 3.5063 6.2610
v  1.0970 3.5748 6.5781
v  1.2609 3.5512 6.7026
v  1.4532 3.3287 6.3511
v  1.3548 3.3594 6.1695
v  1.0152 2.7006 4.8702
v  0.6500 2.8037 4.6993
v  0.6177 2.8965 4.8467
v  0.9703 2.7986 5.0349
v  0.5891 3.0221 5.0070
v  0.9248 2.9275 5.2298
v  0.6826 2.7552 4.6143
v  0.7164 2.7174 4.5507
v  1.0494 2.6528 4.7849
v  1.0747 2.6009 4.7254
v  1.4419 2.5162 4.8961
v  1.3950 2.5232 4.9736
v  1.5351 2.4699 5.0484
v  1.5923 2.4787 4.9640
v  1.4825 2.5162 5.1586
v  1.3502 2.5694 5.0738
v  1.2175 2.6200 4.9890
v  1.1578 2.7123 5.1680
v  1.2808 2.6594 5.2613
v  1.0932 2.8365 5.3841
v  1.2085 2.7879 5.4836
v  1.2576 2.5756 4.8967
v  1.2917 2.5411 4.8290
v  1.7240 1.9610 4.5284
v  2.0051 1.8768 4.6405
v  1.9739 1.7252 4.4866
v  1.6794 1.7984 4.4091
v  1.4063 2.6095 5.3538
v  1.3260 2.7410 5.5826
v  1.2982 2.0940 4.3500
v  1.2682 1.9606 4.2223
v  1.3821 1.9064 4.2857
v  1.4228 2.0538 4.4022
v  2.0204 1.9755 4.7190
v  1.7470 2.0607 4.5912
v  1.5463 2.0137 4.4574
v  1.5729 2.1107 4.5078
v  1.4462 2.1435 4.4508
v  1.4767 2.2282 4.4670
v  1.6077 2.1985 4.5268
v  1.5028 1.8584 4.3418
v  1.0820 1.8473 4.5636
v  0.7756 1.9436 4.4929
v  0.8017 1.7877 4.3621
v  1.1021 1.6794 4.4419
v  1.3304 2.2464 4.4448
v  1.3145 2.1745 4.4051
v  1.5158 1.6517 4.7328
v  1.5345 1.4923 4.6013
v  1.4100 1.5497 4.5499
v  1.3901 1.7108 4.6772
v  0.7599 2.0259 4.5619
v  1.0754 1.9292 4.6322
v  1.0661 1.9720 4.6880
v  0.7446 2.0665 4.5997
v  1.2569 1.8378 4.7021
v  1.2476 1.8638 4.7602
v  1.2625 1.7676 4.6283
v  1.3848 1.7694 4.7574
v  1.3809 1.7870 4.8142
v  1.2805 1.5996 4.5071
v  1.1804 2.2938 5.3875
v  1.2928 2.2620 5.4645
v  1.1885 2.3889 5.6251
v  1.0840 2.4200 5.5383
v  1.2962 2.3245 5.7160
v  1.4105 2.1931 5.5404
v  1.1759 2.5265 5.9279
v  1.0765 2.5770 5.8221
v  0.9791 2.6033 5.7256
v  1.5229 1.7162 4.8092
v  1.5326 1.7427 4.8617
v  1.0667 2.3247 5.3125
v  0.9767 2.4478 5.4545
v  0.8757 2.6222 5.6336
v  1.5759 2.1015 5.5888
v  1.6402 2.0462 5.4892
v  1.4683 2.1300 5.4570
v  1.3459 2.1991 5.3861
v  1.2259 2.2308 5.3148
v  1.4445 2.2382 5.7935
v  1.3114 2.4647 6.0292
v  1.1334 2.5826 4.6260
v  0.7642 2.6899 4.4714
v  0.8257 2.6865 4.3672
v  1.1889 2.5599 4.5041
v  1.1033 2.2608 5.2464
v  1.6810 2.3423 4.5510
v  1.5424 2.3762 4.4910
v  1.5484 2.4748 4.6337
v  1.6876 2.4327 4.6936
v  0.8158 2.5721 4.2899
v  1.1803 2.4481 4.3990
v  1.4122 2.5157 4.5728
v  1.4017 2.4016 4.4446
v  1.5072 2.5203 4.7756
v  1.3538 2.5310 4.7176
v  0.6222 2.1274 4.8264
v  0.6643 2.1027 4.7311
v  0.9448 1.9633 4.8691
v  0.9033 2.0233 4.9728
v  1.6537 2.4802 4.8383
v  1.3849 1.7840 5.1919
v  1.2313 1.8671 5.1272
v  1.2883 1.8134 5.0037
v  1.4439 1.7390 5.0634
v  0.7131 2.0965 4.6556
v  1.0125 1.9686 4.7715
v  1.1468 1.8932 4.9449
v  1.2076 1.8827 4.8453
v  1.3442 1.7977 4.8981
v  1.0913 1.9456 5.0600
v  0.7683 3.0599 6.1446
v  0.8627 3.0759 6.2472
v  0.9111 2.9819 6.1740
v  0.8196 2.9824 6.0727
v  1.0243 2.9895 6.2724
v  0.9750 3.0878 6.3547
v  1.5001 1.7393 4.9500
v  0.7367 2.9959 5.9623
v  0.6782 3.0556 6.0360
v  1.1550 2.9759 6.3906
v  1.2143 2.7383 6.2378
v  1.0847 2.7723 6.1254
v  0.9829 2.7963 6.0188
v  0.8975 2.8193 5.9127
v  1.1251 3.0966 6.4691
v  0.8453 3.1701 5.5559
v  0.5235 3.2495 5.2341
v  0.5120 3.3188 5.2810
v  0.8457 3.2483 5.6186
v  0.5517 3.1426 5.1407
v  0.8704 3.0476 5.4199
v  0.8045 2.8342 5.8112
v  1.2573 2.8980 5.7966
v  1.1422 2.9325 5.6960
v  1.1203 3.0854 5.8425
v  1.2307 3.0590 5.9430
v  1.0119 3.1132 5.7406
v  1.0183 3.2011 5.8053
v  1.1267 3.1766 5.9016
v  1.0188 3.2795 5.8359
v  1.1298 3.2555 5.9279
v  1.0332 2.9722 5.5924
v  0.4464 3.9324 6.8020
v  0.6873 3.7585 6.7523
v  0.5782 3.7661 6.5794
v  0.3536 3.9307 6.6281
v  0.7956 3.6628 6.5238
v  0.9122 3.6371 6.6944
v  0.6983 3.6963 6.3554
v  0.4876 3.7926 6.4115
v  0.2711 3.9411 6.4623
v  1.2288 3.1501 6.0025
v  1.2253 3.2282 6.0316
v  0.4000 3.8234 6.2448
v  0.1927 3.9572 6.2965
v  0.6070 3.7429 6.1844
v  1.0270 3.5938 6.6502
v  1.1915 3.5702 6.7950
v  1.0644 3.6191 6.8703
v  0.8210 3.7668 6.9380
v  0.5610 3.9623 6.9875
v  0.2287 3.3866 6.0983
v  0.0349 3.3449 5.7991
v  -0.0192 3.4145 5.8343
v  0.1574 3.4553 6.1474
v  0.0150 3.7429 6.6525
v  0.1670 3.5990 6.5487
v  0.2292 3.6108 6.6645
v  0.0767 3.7598 6.7679
v  0.3871 3.5025 6.5619
v  0.3231 3.4929 6.4455
v  0.4002 3.4181 6.3966
v  0.3400 3.4130 6.2751
v  0.2646 3.4875 6.3252
v  -0.1184 3.5010 5.8991
v  -0.2220 3.5988 5.9673
v  0.0212 3.5632 6.2406
v  -0.1143 3.6944 6.3332
v  0.1118 3.5972 6.4290
v  -0.0381 3.7371 6.5321
v  0.4781 3.4346 6.5057
v  -0.4604 4.5363 7.1832
v  -0.3439 4.4487 7.1336
v  -0.2530 4.5426 7.2808
v  -0.3423 4.6265 7.3141
v  -0.1746 4.4334 7.2605
v  -0.2394 4.3352 7.0998
v  -0.5837 4.3302 6.9279
v  -0.4561 4.2811 6.8729
v  -0.4155 4.3479 7.0116
v  -0.5472 4.4192 7.0714
v  -0.2901 4.2756 6.9522
v  -0.3388 4.2307 6.8170
v  -0.1446 4.2067 7.0737
v  -0.0880 4.2904 7.2373
v  -0.3282 4.3618 6.1045
v  -0.4222 4.2505 5.7532
v  -0.4425 4.3240 5.7359
v  -0.3609 4.4337 6.0984
v  -0.4473 4.4056 5.7286
v  -0.3670 4.5204 6.1062
v  -0.4810 4.2455 6.7198
v  -0.3845 4.1909 6.6780
v  -0.5932 4.2807 6.7658
v  -0.1869 4.4982 6.5028
v  -0.2488 4.4412 6.3321
v  -0.2871 4.5117 6.3286
v  -0.2290 4.5699 6.4971
v  -0.2952 4.5985 6.3365
v  -0.2277 4.6559 6.4944
v  -0.2486 4.2638 6.1061
v  -0.3582 4.1666 5.7608
v  -0.4372 4.8199 6.2014
v  -0.5655 4.5848 5.8098
v  -0.6752 4.6173 5.8452
v  -0.5684 4.9109 6.2521
v  -0.4856 4.5086 5.7584
v  -0.3746 4.6712 6.1440
v  -0.1818 4.6249 6.6700
v  -0.1350 4.5499 6.6783
v  -0.1630 4.7125 6.6552
v  -0.8045 4.9287 6.8702
v  -0.7799 4.7693 6.8877
v  -0.7008 4.8415 7.0151
v  -0.7057 4.9795 6.9972
v  -0.6774 4.7078 7.0342
v  -0.7341 4.6224 6.8964
v  -0.5948 4.7896 7.1745
v  -0.6037 4.9083 7.1437
v  -0.8043 4.7012 6.7371
v  -0.7545 4.5509 6.7431
v  -0.8380 4.8579 6.7173
v  -0.4557 4.7186 7.3598
v  -0.5189 4.8503 7.3540
v  -0.5522 4.6554 7.1971
v  -0.6331 4.5600 7.0631
v  -0.6816 4.4640 6.9243
v  -0.5192 4.9679 7.3067
v  0.0576 4.2416 6.6730
v  -0.0540 4.4087 6.6803
v  0.0029 4.4493 6.8542
v  0.1263 4.2687 6.8505
v  0.0072 4.2281 6.4966
v  -0.1040 4.3733 6.5033
v  -0.6986 4.3936 6.7676
v  -0.1652 4.3299 6.3320
v  -0.0543 4.2060 6.3261
v  0.2690 4.1019 6.8323
v  0.3711 4.1381 7.0214
v  0.2180 4.3110 7.0351
v  0.1217 4.0865 6.4868
v  0.1898 4.0886 6.6557
v  0.0689 4.4964 7.0245
v  -0.3652 3.9960 6.4472
v  -0.2997 4.0723 6.6663
v  -0.2100 3.9540 6.6448
v  -0.2746 3.8905 6.4324
v  -0.1581 3.9907 6.7715
v  -0.2432 4.1175 6.7947
v  0.0546 4.0862 6.3184
v  -0.1886 4.1609 6.9244
v  -0.0993 4.0337 6.8939
v  -0.2007 3.7982 6.3949
v  -0.2999 3.6859 6.0205
v  -0.3728 3.7665 6.0520
v  -0.0811 3.8719 6.7244
v  -0.1321 3.8513 6.6009
v  -0.4600 3.8467 6.0534
v  -0.0209 3.9022 6.8425
v  1.2185 0.9626 2.0988
v  1.2316 0.9939 2.1866
v  1.3475 0.9822 2.1703
v  1.3308 0.9417 2.0720
v  1.3420 0.9607 2.2733
v  1.2286 0.9833 2.2778
v  1.1201 1.0088 2.1990
v  1.1167 0.9983 2.2797
v  1.1087 0.9882 2.1192
v  1.1941 0.8996 2.0426
v  1.3052 0.8677 2.0109
v  1.0826 0.9321 2.0686
v  1.0973 0.9597 2.3364
v  1.0765 0.9238 2.3935
v  1.1888 0.8904 2.4007
v  1.2119 0.9458 2.3449
v  1.2009 0.9125 2.6191
v  1.0840 0.9538 2.6001
v  1.0991 1.0315 2.8105
v  1.2122 0.9817 2.8320
v  1.2994 0.8615 2.4100
v  1.2841 0.8237 2.4990
v  1.1840 0.8714 2.4883
v  1.3037 0.8686 2.6348
v  1.3229 0.9152 2.3480
v  1.0791 0.9308 2.4734
v  1.3130 0.9256 2.8535
v  0.9054 3.6224 6.4906
v  0.9795 3.6117 6.4286
v  0.8113 3.6703 6.3216
v  0.8907 3.6745 6.2655
v  1.1600 3.4129 5.9233
v  1.2614 3.3880 6.0333
v  1.1199 3.5791 5.9915
v  1.2152 3.5465 6.1219
v  0.7958 3.7199 6.0965
v  0.9136 3.7236 5.9810
v  1.0222 3.6973 6.1301
v  1.0017 3.5926 5.8743
v  0.7155 3.7105 6.1491
v  1.1126 3.6430 6.2812
v  1.0363 3.4287 5.8309
v  -0.6350 5.1256 6.9453
v  -0.4915 5.1926 6.8694
v  -0.5758 5.1812 6.7041
v  -0.7455 5.1097 6.8002
v  -0.7918 5.0170 6.6445
v  -0.6460 5.0871 6.5554
v  -0.4783 5.0585 6.4799
v  -0.3995 5.1306 6.6253
v  -0.2646 4.9999 6.5625
v  -0.3495 4.9316 6.4277
v  -0.1987 5.0459 6.7190
v  -0.3301 5.1671 6.7877
v  -0.1661 4.8638 6.6790
v  -0.2347 4.8122 6.5242
v  -0.2998 4.7592 6.3734
v  0.7030 5.0221 8.8794
v  0.7533 5.0629 8.9098
v  0.5232 5.3698 9.0567
v  0.4946 5.2940 8.9690
v  0.2810 5.4627 9.0821
v  0.2552 5.4167 8.9967
v  0.3587 5.3928 8.9990
v  0.3824 5.4364 9.0861
v  0.1319 5.6343 9.0201
v  0.0981 5.5909 8.9285
v  0.1511 5.4850 8.9762
v  0.1825 5.5304 9.0627
v  0.1225 5.7418 8.9753
v  0.0885 5.6974 8.8805
v  0.1320 5.7984 8.8289
v  0.1649 5.8449 8.9261
v  0.2714 5.9174 8.8777
v  0.2426 5.8650 8.7796
v  0.3627 5.8980 8.7300
v  0.3958 5.9427 8.8311
v  0.5770 5.8373 8.7476
v  0.5312 5.7940 8.6502
v  0.4617 5.8753 8.6759
v  0.5001 5.9164 8.7781
v  0.6133 5.7337 8.7637
v  0.5726 5.6912 8.6688
v  0.5847 5.5928 8.7137
v  0.6253 5.6384 8.8061
v  0.7022 5.3971 8.7512
v  0.8883 5.1049 8.7104
v  0.9550 5.1401 8.8431
v  0.7533 5.4714 8.8909
v  0.6712 5.5787 8.8416
v  0.6248 5.5317 8.7418
v  0.8508 5.0940 8.9282
v  0.6817 5.3867 9.0201
v  0.3407 5.6027 9.3042
v  0.3039 5.5261 9.1938
v  0.4039 5.5010 9.1890
v  0.4306 5.5722 9.2948
v  0.5070 5.4940 9.1717
v  0.5228 5.5693 9.2612
v  0.2723 5.6681 9.2998
v  0.2209 5.5972 9.1800
v  0.1758 5.6969 9.1517
v  0.2323 5.7566 9.2877
v  0.2364 5.8597 9.2668
v  0.1743 5.8056 9.1176
v  0.2235 5.9049 9.0790
v  0.2865 5.9531 9.2415
v  0.3737 6.0112 9.2209
v  0.3215 5.9704 9.0441
v  0.4768 6.0267 9.1950
v  0.4360 5.9855 9.0086
v  0.6405 5.9203 9.1110
v  0.6239 5.8943 8.9176
v  0.5391 5.9605 8.9584
v  0.5721 5.9880 9.1526
v  0.3917 5.6632 9.4072
v  0.3261 5.7143 9.4080
v  0.3862 5.7741 9.4771
v  0.4522 5.7393 9.4817
v  0.3383 5.8106 9.4541
v  0.2879 5.7894 9.3994
v  0.3553 5.8769 9.4634
v  0.2889 5.8796 9.3873
v  0.3740 5.9420 9.4371
v  0.3346 5.9622 9.3703
v  0.6699 5.7725 9.0832
v  0.6688 5.7108 8.9371
v  0.6582 5.7991 8.9159
v  0.6734 5.8468 9.0866
v  0.4403 5.9661 9.4544
v  0.4155 6.0146 9.3573
v  0.5290 5.9683 9.4414
v  0.5143 6.0306 9.3381
v  0.5071 5.8581 9.5046
v  0.4286 5.8715 9.5013
v  0.6049 5.7293 9.4022
v  0.6266 5.8237 9.4200
v  0.5774 5.8392 9.4737
v  0.5267 5.7285 9.4596
v  0.6087 5.9424 9.4129
v  0.6612 5.8989 9.3700
v  0.6020 5.9911 9.3002
v  0.6601 5.9288 9.2583
v  0.6285 5.6529 9.1282
v  0.5917 5.5970 9.1883
v  0.6142 5.5238 9.1069
v  0.6750 5.5855 9.0166
v  0.4753 5.6407 9.3943
v  0.5506 5.6441 9.3478
v  0.6516 5.7100 9.0954
v  0.6765 5.8081 9.2901
v  0.6540 5.7767 9.3334
v  0.6571 5.7466 9.2298
v  0.6800 5.8015 9.2063
v  0.6269 5.6939 9.2634
v  0.5947 5.6451 9.2766
v  0.6531 5.8176 9.3736
v  0.6772 5.8507 9.3202
v  0.6834 5.8633 9.2215
v  -0.2026 0.2342 1.2926
v  -0.2610 0.2628 1.2585
v  -0.2615 0.1273 1.1410
v  -0.2049 0.0993 1.1514
v  -0.3167 0.1360 1.1537
v  -0.3414 0.2617 1.2437
v  -0.1447 0.1972 1.3266
v  -0.1397 0.0676 1.1722
v  -0.0589 0.0350 1.2061
v  -0.0842 0.1413 1.3764
v  -0.2041 -0.0767 0.9953
v  -0.1296 -0.1210 0.9846
v  -0.1336 -0.0315 1.0640
v  -0.2050 0.0020 1.0602
v  -0.0437 -0.0592 1.0845
v  -0.0322 -0.1502 0.9918
v  -0.2059 -0.1644 0.9402
v  -0.1273 -0.2216 0.9191
v  -0.2173 -0.2559 0.9111
v  -0.1352 -0.3202 0.8819
v  -0.0190 -0.3649 0.8220
v  -0.0219 -0.2464 0.9053
v  0.2145 0.1714 1.3859
v  0.0272 0.0929 1.4306
v  0.0564 -0.0053 1.2565
v  0.2298 0.0875 1.2020
v  0.0812 -0.0751 1.1205
v  0.2465 0.0309 1.0639
v  0.1011 -0.1319 1.0065
v  0.2627 -0.0251 0.9503
v  0.1146 -0.1903 0.8896
v  0.1273 -0.2495 0.7778
v  0.2789 -0.0832 0.8338
v  0.2926 -0.1495 0.7223
v  0.4728 0.1140 1.3450
v  0.7241 0.0048 1.3096
v  0.4674 0.0118 1.1705
v  0.6992 -0.0924 1.1313
v  0.4727 -0.0611 1.0434
v  0.6920 -0.1617 1.0051
v  0.4836 -0.1198 0.9390
v  0.6948 -0.2133 0.9031
v  0.4965 -0.1748 0.8312
v  0.5072 -0.2171 0.7320
v  0.6993 -0.2596 0.7986
v  0.6989 -0.2955 0.7061
v  0.8898 -0.0859 1.2935
v  0.9962 -0.1621 1.2924
v  0.8593 -0.1701 1.1072
v  0.9663 -0.2364 1.0990
v  0.8466 -0.2316 0.9786
v  0.9510 -0.2918 0.9673
v  0.8438 -0.2789 0.8776
v  0.9433 -0.3369 0.8665
v  0.8413 -0.3240 0.7758
v  0.8332 -0.3579 0.6859
v  0.9347 -0.3823 0.7663
v  0.9215 -0.4162 0.6771
v  1.3154 -0.6266 0.7391
v  1.3823 -0.6631 0.7242
v  1.4100 -0.6360 0.8250
v  1.3439 -0.5985 0.8435
v  1.2849 -0.6605 0.6416
v  1.3538 -0.6958 0.6315
v  1.4513 -0.6980 0.7075
v  1.4246 -0.7294 0.6212
v  1.4784 -0.6712 0.8047
v  1.4067 -0.5487 1.0913
v  1.4773 -0.5926 1.0691
v  1.5603 -0.5536 1.2917
v  1.4721 -0.4996 1.3094
v  1.5508 -0.6311 1.0444
v  1.6497 -0.5987 1.2682
v  1.4350 -0.6149 0.9264
v  1.3699 -0.5758 0.9480
v  1.5032 -0.6508 0.9032
v  1.3733 -0.4328 1.3174
v  1.3221 -0.4933 1.1046
v  1.2781 -0.3675 1.3187
v  1.2378 -0.4353 1.1102
v  1.7511 -0.6942 0.9985
v  1.8604 -0.6546 1.2080
v  1.7547 -0.6367 1.2410
v  1.6464 -0.6678 1.0218
v  1.9332 -0.6714 0.9363
v  2.0081 -0.6089 1.1306
v  1.9476 -0.6409 1.1691
v  1.8529 -0.6980 0.9700
v  1.5930 -0.6867 0.8829
v  1.6927 -0.7159 0.8637
v  1.5645 -0.7071 0.7859
v  1.6582 -0.7370 0.7681
v  1.5344 -0.7341 0.6899
v  1.5067 -0.7646 0.6087
v  1.5902 -0.7947 0.5966
v  1.6227 -0.7648 0.6735
v  2.0692 -0.5496 1.0651
v  2.0448 -0.5790 1.0963
v  1.9810 -0.6392 0.9034
v  2.0135 -0.6080 0.8736
v  1.7931 -0.7292 0.8422
v  1.8778 -0.7128 0.8132
v  1.7514 -0.7542 0.7507
v  1.8319 -0.7441 0.7250
v  1.7097 -0.7847 0.6599
v  1.6663 -0.8146 0.5885
v  1.7854 -0.7758 0.6358
v  1.9312 -0.6829 0.7801
v  1.9680 -0.6495 0.7469
v  1.8847 -0.7144 0.6912
v  1.9203 -0.6790 0.6542
v  1.8356 -0.7440 0.6015
v  1.8691 -0.7054 0.5622
v  2.0824 -0.5008 1.0338
v  2.0274 -0.4725 1.0269
v  2.0266 -0.5538 0.8477
v  1.9681 -0.5220 0.8455
v  1.9833 -0.5901 0.7170
v  1.9271 -0.5496 0.7103
v  1.9372 -0.6214 0.6162
v  1.8927 -0.5716 0.5986
v  1.8861 -0.6508 0.5177
v  1.8568 -0.5972 0.4864
v  1.5242 -0.3661 0.9316
v  1.6884 -0.4417 0.9726
v  1.6539 -0.4744 0.7711
v  1.4915 -0.4014 0.7305
v  1.8319 -0.4725 1.0102
v  1.7908 -0.5089 0.8141
v  1.9478 -0.4773 1.0240
v  1.8944 -0.5199 0.8370
v  1.8609 -0.5407 0.6988
v  1.7670 -0.5265 0.6725
v  1.8351 -0.5575 0.5854
v  1.7485 -0.5450 0.5592
v  1.8083 -0.5795 0.4706
v  1.7276 -0.5708 0.4453
v  1.1558 -0.1118 0.7080
v  1.1867 -0.0605 0.8955
v  1.3430 -0.2260 0.9084
v  1.3139 -0.2677 0.7122
v  1.6306 -0.4957 0.6253
v  1.4680 -0.4236 0.5810
v  1.6093 -0.5187 0.5079
v  1.4414 -0.4515 0.4601
v  1.5829 -0.5538 0.3925
v  1.4105 -0.4872 0.3403
v  1.2931 -0.2958 0.5654
v  1.1336 -0.1486 0.5681
v  1.2684 -0.3272 0.4461
v  1.1104 -0.1839 0.4530
v  1.2429 -0.3595 0.3247
v  1.0923 -0.2120 0.3324
v  1.0715 0.0703 0.8974
v  0.9772 0.1646 0.9106
v  1.0321 0.0104 0.7188
v  0.9303 0.0976 0.7394
v  1.0058 -0.0296 0.5836
v  0.9031 0.0603 0.6046
v  0.9844 -0.0612 0.4693
v  0.8855 0.0369 0.4887
v  0.7676 0.1979 0.7807
v  0.8139 0.2728 0.9474
v  0.8926 0.2270 0.9277
v  0.8450 0.1558 0.7597
v  0.9643 -0.0895 0.3513
v  0.8716 0.0177 0.3708
v  0.2955 0.6849 0.9183
v  0.1551 0.7386 0.9039
v  0.4032 0.5786 0.9548
v  0.3850 0.5049 0.7864
v  0.2705 0.6034 0.7563
v  0.1246 0.6491 0.7575
v  0.1798 0.3104 0.2491
v  0.1958 0.3742 0.3614
v  0.1878 0.3404 0.3064
v  0.3353 0.3196 0.3638
v  0.3327 0.2859 0.3034
v  0.2103 0.4212 0.4459
v  0.3450 0.3598 0.4525
v  0.0568 0.4687 0.4737
v  0.2283 0.4771 0.5435
v  0.0798 0.5317 0.5532
v  0.3574 0.4037 0.5572
v  0.4617 0.2385 0.2967
v  0.4563 0.2554 0.3625
v  0.5498 0.1799 0.3535
v  0.1008 0.5852 0.6466
v  0.2477 0.5352 0.6397
v  0.3698 0.4488 0.6614
v  -0.0202 0.7292 0.9223
v  -0.1463 0.6141 1.0078
v  -0.0436 0.6430 0.8072
v  -0.1705 0.5487 0.9032
v  -0.1961 0.5309 0.8077
v  -0.0592 0.5776 0.7197
v  -0.0782 0.5255 0.6386
v  -0.2161 0.4962 0.7321
v  -0.0996 0.4753 0.5619
v  -0.2381 0.4606 0.6599
v  -0.2902 0.6189 1.0282
v  -0.3953 0.6077 1.0587
v  -0.3138 0.5654 0.9363
v  -0.4112 0.5508 0.9791
v  -0.3297 0.5280 0.8637
v  -0.4193 0.5105 0.9084
v  -0.3428 0.4940 0.7993
v  -0.4274 0.4801 0.8401
v  -0.4014 0.4551 1.0415
v  -0.3822 0.4947 1.1297
v  -0.4186 0.5485 1.1006
v  -0.4257 0.4986 1.0182
v  -0.3584 0.4590 0.7348
v  -0.4378 0.4496 0.7713
v  -0.2650 -0.1129 0.9635
v  -0.3127 -0.0748 1.0013
v  -0.3229 -0.1341 0.9501
v  -0.2771 -0.1929 0.9235
v  -0.2631 -0.0369 1.0134
v  -0.3128 -0.0122 1.0471
v  -0.4781 0.3881 0.7273
v  -0.2631 0.0345 1.0661
v  -0.3146 0.0488 1.0972
v  -0.4466 0.3883 0.8855
v  -0.4502 0.4353 0.8683
v  -0.4656 0.4071 0.7942
v  -0.4690 0.3566 0.8081
v  -0.4903 0.3483 0.7427
v  -0.3438 0.3565 1.0936
v  -0.3353 0.3902 1.1875
v  -0.3459 0.4565 1.1641
v  -0.3632 0.4167 1.0676
v  -0.4234 0.4204 0.9619
v  -0.4368 0.4633 0.9419
v  -0.3832 0.3755 0.9809
v  -0.3576 0.3137 1.0080
v  -0.4076 0.3326 0.8999
v  -0.3759 0.2658 0.9268
v  -0.4336 0.2891 0.8178
v  -0.4722 0.2793 0.7575
v  -0.3985 0.2165 0.8449
v  -0.4436 0.1438 0.6913
v  -0.3653 -0.0136 0.9468
v  -0.3485 -0.0628 0.9566
v  -0.3456 -0.0247 0.9977
v  -0.3663 0.0220 0.9863
v  -0.3493 0.0290 1.0434
v  -0.3638 0.0704 1.0260
v  -0.3596 0.1771 1.0914
v  -0.3446 0.2670 1.0998
v  -0.3536 0.2361 1.0336
v  -0.3604 0.1668 1.0486
v  -0.3678 0.1959 0.9675
v  -0.3683 0.1368 1.0016
v  -0.3855 0.1545 0.9020
v  -0.4010 0.1167 0.8484
v  -0.3886 0.0753 0.9119
v  -0.3793 0.1041 0.9535
v  -0.3531 0.2768 1.1724
v  -0.3591 0.1586 1.1368
v  -0.3514 0.0842 1.0894
v  -0.3633 0.1166 1.0655
v  -0.3678 0.0984 1.0141
v  -0.3631 0.1271 1.0457
v  -0.3745 0.0625 0.9764
v  -0.3803 0.0313 0.9396
v  1.0732 -0.2200 1.2983
v  1.1372 -0.2677 1.3068
v  1.0427 -0.2910 1.1001
v  1.1051 -0.3380 1.1050
v  1.0243 -0.3441 0.9665
v  1.0843 -0.3880 0.9688
v  1.0133 -0.3854 0.8641
v  1.0700 -0.4257 0.8649
v  1.1677 -0.3849 1.1093
v  1.2026 -0.3146 1.3144
v  1.0005 -0.4277 0.7634
v  0.9831 -0.4611 0.6724
v  1.0533 -0.4649 0.7629
v  1.0321 -0.4979 0.6692
v  1.1372 -0.5734 0.6611
v  1.2088 -0.6179 0.6524
v  1.2391 -0.5835 0.7511
v  1.1654 -0.5396 0.7591
v  1.2659 -0.5531 0.8565
v  1.1892 -0.5059 0.8639
v  1.1262 -0.4647 0.8657
v  1.1060 -0.5010 0.7622
v  1.0809 -0.5344 0.6661
v  0.5213 0.4694 0.9770
v  0.4879 0.3877 0.8124
v  0.6463 0.3881 0.9751
v  0.6034 0.3058 0.8118
v  1.2904 -0.5273 0.9624
v  1.2109 -0.4761 0.9697
v  1.1443 -0.4309 0.9708
v  0.7371 0.3233 0.9650
v  0.6913 0.2437 0.8004
v  0.4658 0.3049 0.5708
v  0.4729 0.3379 0.6827
v  0.5800 0.2544 0.6823
v  0.5662 0.2207 0.5698
v  0.6446 0.1611 0.3318
v  0.6472 0.1583 0.2658
v  0.5645 0.1885 0.2834
v  0.6875 0.0723 0.3078
v  0.7162 0.1282 0.2458
v  0.7945 0.0954 0.2869
v  0.7728 0.0762 0.2229
v  0.5520 0.1908 0.4561
v  0.4593 0.2772 0.4585
v  0.7250 0.1393 0.4036
v  0.6487 0.1699 0.4292
v  0.6578 0.1826 0.5478
v  0.7330 0.1472 0.5241
v  0.8057 0.1030 0.5056
v  0.7956 0.0902 0.3866
v  0.6694 0.2038 0.6654
v  0.7459 0.1653 0.6429
v  0.8211 0.1231 0.6230
v  0.6813 5.6442 8.9652
# 3527 vertices

vn -0.7327 -0.6080 0.3057
vn -0.7390 -0.5886 0.3278
vn -0.8540 -0.4716 0.2196
vn -0.8600 -0.4610 0.2190
vn -0.8246 -0.5020 0.2607
vn -0.7659 -0.5713 0.2952
vn -0.8094 -0.5255 0.2623
vn -0.8268 -0.5114 0.2343
vn -0.7748 -0.5253 0.3518
vn -0.7647 -0.5792 0.2824
vn -0.7970 -0.5405 0.2694
vn -0.8240 -0.5036 0.2596
vn -0.8269 -0.5014 0.2545
vn -0.7568 -0.5835 0.2945
vn -0.7447 -0.5936 0.3051
vn 0.0297 -0.8868 0.4611
vn -0.0786 -0.9771 0.1978
vn -0.3443 -0.8543 0.3894
vn -0.3252 -0.8346 0.4447
vn -0.2500 -0.9592 0.1317
vn -0.4141 -0.8252 0.3841
vn 0.0697 -0.8777 0.4742
vn -0.2908 -0.8358 0.4657
vn -0.1597 -0.8487 0.5042
vn 0.1356 -0.8951 0.4248
vn -0.4286 -0.7442 0.5124
vn -0.3456 -0.8186 0.4587
vn -0.4096 -0.7762 0.4793
vn -0.4979 -0.6937 0.5205
vn -0.3250 -0.8383 0.4378
vn -0.3197 -0.8457 0.4273
vn -0.3473 -0.8177 0.4591
vn -0.4653 -0.7505 0.4693
vn -0.5518 -0.6918 0.4658
vn -0.1765 -0.8744 0.4520
vn -0.1470 -0.8766 0.4582
vn -0.1571 -0.9064 0.3921
vn 0.6656 0.6496 -0.3674
vn 0.6558 0.6485 -0.3865
vn 0.7207 0.6020 -0.3439
vn 0.6189 0.6824 -0.3890
vn 0.3777 0.7810 -0.4974
vn 0.2300 0.8132 -0.5346
vn 0.5112 0.7209 -0.4680
vn 0.7451 0.5765 -0.3353
vn 0.5678 0.7134 -0.4107
vn 0.3550 0.6828 -0.6386
vn 0.3816 0.7701 -0.5112
vn 0.4274 0.7472 -0.5090
vn 0.3599 0.7000 -0.6168
vn 0.4646 0.7651 -0.4457
vn 0.3867 0.8090 -0.4427
vn 0.5412 0.6982 -0.4686
vn 0.5292 0.6571 -0.5368
vn 0.6229 0.4393 -0.6473
vn 0.7534 0.3709 -0.5430
vn 0.7359 0.5010 -0.4554
vn 0.6129 0.5777 -0.5391
vn -0.3596 0.7398 -0.5687
vn -0.1207 0.8310 -0.5430
vn -0.2513 0.8159 -0.5207
vn -0.4457 0.7100 -0.5452
vn -0.3697 0.7867 -0.4944
vn -0.4750 0.7076 -0.5231
vn -0.7768 -0.4753 0.4132
vn -0.5143 -0.5403 0.6661
vn -0.4657 -0.6248 0.6267
vn -0.7387 -0.5423 0.4003
vn -0.3274 -0.6214 0.7118
vn -0.3661 -0.5372 0.7599
vn -0.2824 -0.7170 0.6373
vn -0.4956 -0.7022 0.5112
vn -0.7343 -0.6038 0.3101
vn -0.3245 -0.8815 0.3430
vn -0.4229 -0.7988 0.4278
vn -0.3852 -0.7376 0.5546
vn -0.2609 -0.7595 0.5959
vn -0.6585 -0.6428 0.3913
vn -0.7307 -0.5960 0.3331
vn 0.0228 -0.3762 0.9263
vn -0.0990 -0.5288 0.8430
vn -0.2802 -0.6657 0.6916
vn -0.1293 -0.5861 0.7999
vn -0.3960 -0.6188 0.6785
vn -0.5386 -0.6504 0.5357
vn -0.7983 -0.5673 0.2023
vn -0.8100 -0.5358 0.2383
vn -0.7500 -0.6011 0.2759
vn -0.7786 -0.5749 0.2515
vn -0.7575 -0.5873 0.2850
vn -0.8091 -0.5423 0.2263
vn -0.6863 -0.6102 0.3958
vn -0.8205 -0.5193 0.2389
vn -0.2299 -0.9732 0.0023
vn -0.3624 -0.9283 0.0830
vn -0.3647 -0.9051 -0.2186
vn -0.3100 -0.9376 -0.1574
vn -0.3459 -0.8960 0.2786
vn -0.3696 -0.9157 0.1575
vn -0.2638 -0.6428 0.7192
vn -0.2479 -0.6064 0.7555
vn -0.0940 -0.2878 0.9531
vn -0.1239 -0.2342 0.9642
vn -0.1153 -0.1953 0.9739
vn -0.0120 -0.1662 0.9860
vn -0.4016 -0.8949 0.1944
vn -0.4427 -0.8535 0.2749
vn -0.4883 -0.8533 -0.1827
vn -0.4526 -0.8650 -0.2166
vn 0.5007 -0.4966 -0.7090
vn 0.8436 -0.3128 -0.4365
vn 0.5963 -0.8024 -0.0244
vn 0.2740 -0.9039 -0.3284
vn 0.7048 -0.6777 0.2097
vn 0.9723 -0.1442 -0.1838
vn 0.2403 -0.8388 0.4886
vn 0.0873 -0.9564 0.2787
vn -0.0380 -0.9993 0.0012
vn 0.6720 -0.1503 0.7251
vn 0.5569 -0.4625 0.6899
vn 0.3852 -0.6702 0.6344
vn 0.7565 -0.4205 0.5008
vn 0.9799 0.0807 0.1826
vn 0.8244 0.2312 0.5167
vn 0.2299 -0.1667 -0.9588
vn 0.1497 -0.5769 -0.8030
vn 0.4591 -0.7244 -0.5143
vn 0.2564 0.2270 -0.9395
vn 0.5879 -0.3083 -0.7479
vn 0.3549 0.3034 -0.8843
vn 0.1596 0.3059 -0.9386
vn 0.3731 -0.0265 -0.9274
vn 0.6202 0.4379 -0.6508
vn 0.7027 0.2117 -0.6793
vn 0.6024 0.5847 -0.5433
vn 0.6747 0.3492 -0.6502
vn 0.4190 0.2137 -0.8825
vn 0.4725 0.3856 -0.7925
vn -0.1705 -0.7484 0.6409
vn -0.2454 -0.8658 0.4360
vn -0.3500 -0.8419 0.4108
vn -0.2902 -0.7005 0.6519
vn -0.3273 -0.9334 0.1470
vn -0.2210 -0.9539 0.2029
vn -0.3697 -0.8414 0.3942
vn -0.3777 -0.9239 0.0609
vn -0.3266 -0.6929 0.6429
vn -0.2390 -0.9290 0.2825
vn -0.2201 -0.9151 0.3380
vn -0.1148 -0.7147 0.6900
vn -0.1749 -0.7696 0.6141
vn -0.0471 -0.6682 0.7424
vn -0.2266 -0.9333 0.2785
vn 0.4643 0.6405 -0.6117
vn 0.1757 0.1966 -0.9646
vn 0.1727 0.1764 -0.9691
vn 0.4627 0.6026 -0.6503
vn 0.1583 0.1820 -0.9705
vn 0.1761 0.1960 -0.9647
vn 0.0374 0.1310 -0.9907
vn 0.0715 0.3519 -0.9333
vn 0.2536 0.7479 -0.6134
vn 0.5472 0.6774 0.4917
vn 0.5902 0.8065 0.0347
vn 0.6334 0.7734 0.0255
vn 0.5989 0.6238 0.5022
vn 0.4390 0.8979 -0.0326
vn 0.4806 0.7452 0.4622
vn 0.4570 0.5730 0.6803
vn 0.5270 0.6624 0.5324
vn 0.6043 0.6471 0.4649
vn 0.5422 0.4775 0.6914
vn 0.5347 0.7471 0.3950
vn 0.4834 0.5504 0.6807
vn 0.5901 0.7055 -0.3924
vn 0.6751 0.6000 -0.4292
vn 0.6603 0.7164 -0.2255
vn 0.6034 0.7562 -0.2530
vn 0.5427 0.7854 -0.2977
vn 0.5087 0.5754 -0.6404
vn 0.5342 0.7816 0.3220
vn 0.5405 0.8413 0.0047
vn 0.6670 0.7415 -0.0735
vn 0.7081 0.7008 0.0863
vn 0.6638 0.7232 -0.1908
vn 0.7350 0.6654 -0.1304
vn -0.7909 -0.5483 0.2719
vn -0.5306 -0.6534 0.5400
vn -0.5467 -0.5750 0.6086
vn -0.8202 -0.4649 0.3334
vn -0.2955 -0.6050 0.7394
vn -0.2454 -0.6617 0.7085
vn -0.1771 -0.6651 0.7255
vn -0.2390 -0.6394 0.7307
vn -0.3332 -0.6909 0.6416
vn -0.2837 -0.7091 0.6455
vn -0.4416 -0.6125 0.6556
vn -0.3716 -0.5544 0.7447
vn -0.4425 -0.7311 0.5193
vn -0.4727 -0.7130 0.5179
vn -0.5371 -0.7239 0.4331
vn -0.4921 -0.7530 0.4368
vn -0.5665 -0.6883 0.4531
vn -0.5076 -0.6849 0.5227
vn -0.4401 -0.8011 0.4057
vn -0.4756 -0.7820 0.4029
vn -0.4528 -0.8013 0.3910
vn -0.4402 -0.8082 0.3912
vn -0.4736 -0.7575 0.4494
vn -0.5154 -0.7279 0.4523
vn 0.4686 0.8095 -0.3537
vn 0.8284 0.2942 -0.4767
vn 0.9556 -0.0944 -0.2792
vn 0.9141 0.1933 -0.3564
vn 0.6423 0.7026 -0.3063
vn 0.4021 0.8296 -0.3874
vn 0.4026 0.8838 -0.2383
vn 0.5909 0.5765 -0.5643
vn 0.5418 0.7616 -0.3555
vn 0.4212 0.8082 -0.4115
vn 0.4742 0.7803 -0.4078
vn 0.5900 0.7069 -0.3901
vn 0.4275 0.7970 -0.4267
vn 0.4132 0.8074 -0.4211
vn 0.4393 0.7693 -0.4639
vn 0.4661 0.7437 -0.4792
vn 0.5346 0.6642 -0.5225
vn 0.8037 0.5382 -0.2539
vn 0.7793 0.5539 -0.2931
vn 0.5920 0.6611 -0.4609
vn 0.6213 0.6545 -0.4309
vn 0.5915 0.6454 -0.4833
vn 0.7604 0.5648 -0.3205
vn 0.5784 0.6572 -0.4833
vn 0.5523 0.6820 -0.4794
vn 0.5566 0.6697 -0.4916
vn -0.3885 -0.7808 0.4894
vn -0.3834 -0.8597 0.3376
vn -0.4125 -0.8568 0.3094
vn -0.4151 -0.7620 0.4971
vn -0.3250 -0.9168 0.2320
vn -0.2380 -0.9266 0.2910
vn -0.4434 -0.8767 0.1866
vn -0.4435 -0.8427 0.3053
vn -0.4329 -0.7591 0.4862
vn 0.1425 0.6799 -0.7193
vn 0.1890 0.6399 -0.7448
vn 0.7069 0.6133 -0.3523
vn 0.6862 0.6374 -0.3504
vn 0.7418 0.5720 -0.3500
vn 0.2012 0.6302 -0.7499
vn 0.6944 0.6947 0.1877
vn 0.7437 0.6157 0.2604
vn 0.8113 0.4334 0.3922
vn 0.7743 0.5367 0.3353
vn 0.9123 0.3959 0.1045
vn 0.7965 0.5979 0.0894
vn 0.8330 0.1824 0.5223
vn 0.9863 0.0422 0.1596
vn -0.0335 -0.4879 0.8723
vn -0.0347 -0.4556 0.8895
vn -0.0834 -0.5142 0.8536
vn -0.0471 -0.5148 0.8560
vn -0.0002 -0.3241 0.9460
vn -0.1604 -0.5317 0.8316
vn 0.7913 0.5720 0.2160
vn 0.7192 0.6932 -0.0477
vn 0.7226 0.6590 0.2086
vn 0.7975 0.5921 0.1156
vn 0.5698 0.7723 0.2807
vn 0.5944 0.8039 -0.0198
vn 0.8273 0.5422 -0.1468
vn 0.8231 0.5289 -0.2067
vn 0.6618 0.6604 -0.3548
vn 0.6841 0.6943 -0.2236
vn 0.5747 0.7048 -0.4160
vn 0.6041 0.7540 -0.2579
vn -0.2288 -0.5187 0.8237
vn -0.5994 -0.5520 0.5797
vn -0.6367 -0.5570 0.5333
vn -0.2662 -0.5388 0.7992
vn -0.8131 -0.5118 0.2772
vn -0.7992 -0.5286 0.2861
vn -0.5557 -0.6234 0.5500
vn -0.2256 -0.5986 0.7686
vn -0.7883 -0.5526 0.2705
vn -0.0556 -0.5623 0.8251
vn 0.0116 -0.4782 0.8782
vn 0.0256 -0.4266 0.9041
vn 0.0521 -0.3593 0.9318
vn -0.0914 -0.5892 0.8028
vn -0.1861 -0.6820 0.7073
vn -0.1193 -0.3908 0.9127
vn -0.2476 -0.5672 0.7855
vn -0.3677 -0.7946 0.4830
vn -0.2958 -0.6785 0.6724
vn -0.4018 -0.7496 0.5260
vn -0.4448 -0.7867 0.4280
vn -0.3742 -0.7818 0.4987
vn -0.3668 -0.8084 0.4603
vn -0.3404 -0.5626 0.7534
vn -0.3297 -0.4429 0.8338
vn -0.2663 -0.2521 0.9303
vn -0.2729 -0.1416 0.9516
vn -0.4077 -0.8261 0.3889
vn -0.3997 -0.8478 0.3485
vn 0.7944 0.5363 -0.2851
vn 0.8588 0.3917 -0.3302
vn 0.9028 0.3635 -0.2299
vn 0.8068 0.5565 -0.1983
vn 0.9762 -0.0786 -0.2019
vn 0.9481 -0.1149 -0.2965
vn 0.8636 0.4039 -0.3018
vn 0.6206 0.7395 -0.2607
vn 0.9479 -0.1367 -0.2878
vn 0.5306 0.8474 0.0180
vn 0.5501 0.8339 -0.0450
vn 0.4752 0.8306 -0.2904
vn 0.4883 0.8225 -0.2917
vn 0.4395 0.8475 -0.2975
vn 0.4942 0.8600 -0.1271
vn 0.4476 0.8219 -0.3524
vn 0.4196 0.8343 -0.3577
vn 0.4488 0.8298 -0.3316
vn 0.6975 0.6998 -0.1544
vn 0.8009 0.5984 0.0219
vn 0.6066 0.7875 -0.1088
vn 0.6867 0.6432 -0.3388
vn 0.6846 0.6572 -0.3153
vn 0.0327 0.7446 -0.6667
vn 0.0791 0.7305 -0.6784
vn 0.5587 -0.7918 0.2466
vn 0.3746 -0.9254 -0.0584
vn 0.6650 -0.7042 -0.2489
vn 0.7197 -0.6829 0.1254
vn 0.4220 -0.6483 -0.6337
vn 0.2675 -0.8588 -0.4370
vn 0.5932 -0.4979 -0.6326
vn 0.7643 -0.5713 -0.2992
vn 0.7865 -0.6164 0.0386
vn -0.8921 0.3620 0.2704
vn -0.8486 0.5091 0.1438
vn -0.8906 0.3774 -0.2537
vn -0.9889 0.0946 0.1149
vn -0.7787 0.4531 -0.4339
vn -0.8275 0.5604 0.0347
vn -0.4034 0.1293 -0.9058
vn -0.6828 -0.0500 -0.7289
vn -0.9099 -0.3467 -0.2278
vn -0.6202 0.2887 0.7293
vn -0.5750 0.4156 0.7048
vn -0.7516 0.5041 0.4255
vn -0.8160 0.2869 0.5019
vn -0.7331 0.5579 0.3890
vn -0.5672 0.4664 0.6788
vn 0.6903 -0.5921 0.4158
vn 0.5578 -0.6431 0.5247
vn 0.1782 -0.3729 0.9106
vn 0.2657 -0.2863 0.9206
vn -0.0941 -0.5019 0.8598
vn 0.2813 -0.7595 0.5866
vn 0.7301 -0.6337 -0.2557
vn 0.7005 -0.7086 0.0849
vn 0.6104 -0.5225 -0.5953
vn 0.4190 -0.7312 -0.5383
vn 0.4103 -0.8958 -0.1710
vn 0.1989 -0.9536 0.2260
vn 0.3664 -0.3829 -0.8480
vn 0.1960 -0.2883 -0.9373
vn 0.2889 -0.5523 -0.7820
vn -0.1688 -0.0212 -0.9854
vn 0.0301 -0.1323 -0.9907
vn -0.7199 0.6886 -0.0866
vn -0.6203 0.4658 -0.6311
vn -0.2600 0.4996 -0.8263
vn -0.3706 0.8794 -0.2989
vn -0.4870 0.5710 0.6609
vn -0.6262 0.6936 0.3561
vn -0.3549 0.9089 0.2189
vn -0.2768 0.7347 0.6193
vn -0.2921 0.2300 0.9283
vn -0.2866 0.3148 0.9049
vn 0.0397 -0.2306 0.9722
vn -0.1105 0.0540 0.9924
vn -0.2000 0.4616 0.8643
vn 0.0156 -0.6129 0.7900
vn 0.4834 -0.7161 0.5035
vn -0.0012 -0.9970 -0.0771
vn -0.0817 -0.9008 0.4264
vn 0.1001 -0.8875 -0.4499
vn -0.0157 -0.9218 -0.3874
vn -0.0846 -0.9964 0.0093
vn -0.1804 -0.8213 0.5413
vn 0.1444 -0.6083 -0.7804
vn 0.1763 -0.1710 -0.9694
vn 0.1804 -0.1214 -0.9761
vn 0.0477 -0.5964 -0.8013
vn 0.0663 0.8792 -0.4718
vn 0.1288 0.4305 -0.8934
vn 0.2431 0.3895 -0.8884
vn 0.1519 0.7887 -0.5957
vn -0.1157 0.8304 0.5450
vn -0.0292 0.9972 0.0692
vn -0.0120 0.9978 -0.0653
vn -0.1281 0.8468 0.5162
vn -0.1495 0.1617 0.9754
vn -0.1582 0.5344 0.8303
vn -0.2200 0.1823 0.9583
vn -0.1765 0.5238 0.8334
vn -0.2531 -0.3205 0.9128
vn -0.1339 -0.3946 0.9090
vn 0.0333 -0.9362 -0.3500
vn -0.0385 -0.9329 -0.3581
vn 0.1122 -0.8198 -0.5615
vn 0.1929 -0.8429 -0.5022
vn -0.3331 -0.8205 -0.4647
vn -0.1874 -0.6121 -0.7682
vn 0.1840 -0.2793 -0.9424
vn 0.3097 -0.3846 -0.8696
vn 0.4090 -0.4550 -0.7910
vn -0.3386 -0.9375 0.0803
vn -0.3348 -0.9393 -0.0754
vn -0.7871 -0.3891 0.4786
vn -0.3324 -0.9320 0.1445
vn -0.6679 -0.4252 0.6108
vn -0.5727 -0.4656 0.6747
vn 0.1002 -0.9087 -0.4053
vn 0.1499 -0.8253 -0.5444
vn -0.5147 0.4907 0.7030
vn -0.3455 0.4976 0.7956
vn -0.5971 -0.0371 0.8013
vn -0.6951 0.1128 0.7100
vn -0.3955 0.3837 0.8345
vn -0.5818 -0.1332 0.8024
vn -0.3981 0.7637 0.5082
vn -0.1604 0.8130 0.5597
vn 0.0224 0.9738 0.2261
vn -0.0753 0.9766 0.2012
vn 0.1016 0.9646 0.2433
vn -0.0950 0.8006 0.5916
vn 0.2924 0.9383 -0.1848
vn 0.2950 0.9368 -0.1881
vn 0.4908 0.6508 -0.5793
vn 0.5342 0.6261 -0.5680
vn 0.5026 0.5808 -0.6404
vn 0.3300 0.9236 -0.1953
vn 0.5822 0.0444 -0.8118
vn 0.5610 -0.1320 -0.8172
vn 0.4342 -0.6845 -0.5856
vn 0.5079 0.1036 -0.8552
vn 0.4866 -0.5692 -0.6627
vn 0.2787 -0.8397 -0.4661
vn 0.3570 -0.7461 -0.5621
vn 0.0625 -0.6378 -0.7676
vn -0.0100 -0.9390 -0.3438
vn 0.1305 -0.0901 -0.9873
vn 0.0520 -0.6683 -0.7421
vn 0.0601 -0.0962 -0.9935
vn -0.0656 -0.9159 -0.3961
vn 0.1131 0.3968 -0.9109
vn 0.0372 0.4215 -0.9061
vn 0.0772 0.7818 -0.6188
vn 0.0588 0.8105 -0.5827
vn -0.1244 0.8219 0.5558
vn -0.0250 0.9979 -0.0603
vn -0.0117 0.9997 -0.0209
vn -0.1014 0.7955 0.5975
vn -0.2683 0.2018 0.9420
vn -0.1845 0.5033 0.8442
vn -0.1717 0.4881 0.8557
vn -0.2987 0.2120 0.9305
vn -0.3591 -0.2650 0.8949
vn -0.3633 -0.7614 0.5369
vn -0.5823 -0.7009 0.4120
vn -0.4936 -0.1877 0.8492
vn -0.3513 -0.9333 -0.0741
vn -0.1759 -0.9831 0.0516
vn 0.0089 -0.0041 -1.0000
vn -0.1180 -0.5333 -0.8377
vn -0.6025 -0.0981 -0.7921
vn -0.2475 0.2097 -0.9459
vn -0.9189 -0.3239 -0.2253
vn -0.4659 -0.7492 -0.4707
vn -0.9026 -0.3673 0.2244
vn -0.7826 0.1439 0.6056
vn -0.9052 0.2286 0.3582
vn -0.9473 -0.2397 -0.2126
vn -0.8115 0.4887 0.3204
vn -0.6298 0.4489 0.6339
vn -0.0412 0.9254 -0.3768
vn -0.1484 0.9782 -0.1453
vn -0.5661 0.7468 -0.3490
vn -0.2508 0.6319 -0.7333
vn -0.5837 0.7932 0.1737
vn -0.0062 0.9977 0.0678
vn -0.7621 0.4644 -0.4512
vn 0.0175 0.8565 -0.5159
vn -0.0423 0.5068 -0.8610
vn -0.4553 0.7356 0.5016
vn -0.0229 0.9714 0.2363
vn -0.0251 0.7965 0.6041
vn 0.0599 0.9982 0.0101
vn 0.1298 0.9909 -0.0349
vn 0.0410 0.8216 0.5686
vn -0.3728 0.2753 0.8861
vn -0.1505 0.5046 0.8501
vn -0.1592 0.5899 0.7916
vn -0.4343 0.3471 0.8312
vn -0.9965 -0.0273 -0.0795
vn -0.9364 0.3288 -0.1226
vn 0.5861 0.7780 -0.2262
vn 0.6039 0.6953 -0.3897
vn 0.3738 0.9263 -0.0465
vn 0.3617 0.9323 0.0076
vn 0.7223 0.5111 -0.4660
vn 0.7856 0.5824 -0.2090
vn 0.8228 0.3786 -0.4239
vn 0.5092 0.8438 -0.1694
vn 0.7742 0.3028 -0.5558
vn 0.5196 0.8533 -0.0431
vn 0.6247 -0.1044 -0.7739
vn 0.4149 -0.3712 -0.8307
vn 0.3198 -0.6229 -0.7140
vn 0.2263 -0.3154 -0.9216
vn 0.2603 -0.5682 -0.7807
vn 0.0265 -0.6246 -0.7805
vn -0.0869 -0.2808 -0.9558
vn -0.5137 -0.7536 -0.4101
vn -0.5954 -0.4499 -0.6657
vn -0.2830 -0.1127 -0.9525
vn -0.5976 -0.3062 -0.7410
vn -0.6227 -0.2602 -0.7379
vn -0.4256 -0.0801 -0.9013
vn -0.8871 -0.2890 -0.3600
vn -0.8912 -0.2821 -0.3552
vn -0.6748 -0.2564 -0.6920
vn -0.6669 -0.3237 -0.6712
vn -0.4591 -0.1216 -0.8800
vn -0.4043 -0.1996 -0.8926
vn -0.8092 -0.3975 -0.4326
vn -0.8521 -0.3511 -0.3881
vn -0.8876 -0.3735 -0.2696
vn -0.7891 -0.4437 -0.4247
vn -0.8725 -0.4816 0.0822
vn -0.9195 -0.3765 0.1132
vn -0.8429 -0.4493 -0.2959
vn -0.8432 -0.5364 0.0362
vn -0.9114 -0.3984 -0.1030
vn -0.3749 -0.2095 -0.9031
vn -0.5056 -0.1006 -0.8569
vn -0.3968 -0.1684 -0.9023
vn -0.8882 -0.3022 -0.3462
vn -0.5916 -0.2145 -0.7772
vn -0.4793 -0.1225 -0.8691
vn -0.8040 -0.2211 -0.5520
vn 0.0103 0.0654 -0.9978
vn -0.1011 -0.0902 -0.9908
vn 0.1178 0.2160 -0.9693
vn -0.2716 0.0571 -0.9607
vn -0.6900 -0.1990 -0.6959
vn -0.1571 -0.2955 -0.9423
vn -0.6281 -0.4028 -0.6657
vn -0.7156 -0.3667 -0.5945
vn -0.2283 -0.4233 -0.8768
vn -0.8905 -0.4015 -0.2140
vn 0.3425 -0.4350 -0.8328
vn 0.3915 -0.1575 -0.9066
vn 0.7504 -0.0464 -0.6593
vn 0.7470 -0.3254 -0.5798
vn 0.6828 0.1446 -0.7162
vn 0.3910 0.0424 -0.9194
vn -0.0911 0.7887 -0.6080
vn 0.2666 0.1932 -0.9443
vn 0.4503 0.5166 -0.7283
vn 0.4080 0.8000 -0.4399
vn 0.6436 0.2210 -0.7327
vn 0.7332 0.4863 -0.4753
vn 0.6869 0.6536 -0.3177
vn 0.1867 0.0555 -0.9808
vn -0.1658 0.6571 -0.7353
vn -0.5285 0.6778 -0.5112
vn -0.0862 0.0890 -0.9923
vn -0.3751 0.9217 0.0992
vn -0.0923 0.9832 -0.1576
vn -0.3292 0.9181 -0.2207
vn -0.0541 0.9855 0.1611
vn -0.3585 0.1201 -0.9258
vn -0.9579 0.0973 -0.2703
vn -0.9970 -0.0753 -0.0172
vn -0.7895 0.5692 0.2297
vn -0.9537 0.2956 0.0550
vn -0.9563 -0.1979 -0.2152
vn -0.3638 0.8270 0.4287
vn -0.4027 0.7690 0.4964
vn -0.0471 0.8858 0.4617
vn -0.0308 0.8153 0.5783
vn -0.8426 -0.1934 -0.5026
vn -0.7753 -0.2527 -0.5788
vn -0.4893 -0.5155 -0.7034
vn -0.3419 -0.5242 -0.7800
vn -0.7787 0.6274 -0.0052
vn -0.8671 0.3370 -0.3669
vn -0.9047 -0.1071 -0.4123
vn -0.8951 0.4438 0.0430
vn -0.6510 -0.3387 -0.6793
vn -0.7467 0.0321 -0.6644
vn 0.6597 -0.4455 -0.6052
vn 0.9104 -0.1018 -0.4010
vn 0.9232 -0.3099 -0.2273
vn 0.6519 -0.5485 -0.5236
vn 0.9609 0.2655 -0.0785
vn 0.9820 0.1577 0.1037
vn 0.9562 -0.1719 -0.2369
vn 0.9843 0.1764 -0.0117
vn 0.2354 -0.6390 -0.7323
vn 0.1701 -0.6356 -0.7531
vn 0.7024 0.7108 0.0373
vn 0.6382 0.6774 0.3659
vn 0.2266 0.9465 0.2296
vn 0.0403 0.8631 0.5035
vn 0.5930 0.6846 0.4239
vn 0.6064 0.4585 -0.6496
vn 0.7176 -0.0894 -0.6907
vn 0.0887 -0.3617 -0.9281
vn -0.1031 0.4130 -0.9049
vn -0.3882 0.7863 0.4806
vn -0.3506 0.9001 0.2587
vn -0.2879 0.9160 -0.2792
vn 0.4823 0.8346 -0.2663
vn 0.8340 0.3891 -0.3913
vn -0.2422 0.6738 -0.6981
vn 0.0575 0.6576 -0.7512
vn 0.0052 0.7733 -0.6340
vn -0.2729 0.7278 -0.6292
vn 0.0817 0.6143 -0.7848
vn -0.2462 0.6440 -0.7244
vn -0.2604 0.6481 -0.7157
vn 0.1063 0.6590 -0.7446
vn -0.2088 0.6815 -0.7014
vn -0.2107 0.6601 -0.7210
vn -0.0677 0.6493 -0.7575
vn -0.1028 0.6658 -0.7390
vn -0.0633 0.6280 -0.7756
vn -0.2151 0.6692 -0.7112
vn -0.2739 0.6706 -0.6894
vn 0.1415 0.7349 -0.6633
vn -0.2725 0.6960 -0.6643
vn 0.2011 0.8034 -0.5605
vn -0.0502 0.6960 -0.7163
vn -0.1812 0.6818 -0.7087
vn -0.1993 0.7250 -0.6593
vn -0.0882 0.7938 -0.6017
vn -0.2474 0.7099 -0.6594
vn 0.2789 0.8141 -0.5094
vn -0.1943 0.7299 -0.6553
vn 0.3745 0.8152 -0.4418
vn -0.2728 0.7246 -0.6329
vn -0.1134 0.8000 -0.5892
vn -0.3159 0.7029 -0.6373
vn -0.1180 0.7731 -0.6232
vn 0.0017 0.7841 -0.6206
vn 0.0230 0.7686 -0.6393
vn 0.6888 0.6707 -0.2752
vn 0.6456 0.7188 -0.2580
vn 0.5106 0.7904 -0.3386
vn -0.1085 0.7630 -0.6372
vn -0.3165 0.6939 -0.6467
vn -0.1382 0.7567 -0.6390
vn -0.2876 0.6762 -0.6783
vn -0.1524 0.7360 -0.6596
vn -0.2110 0.7446 -0.6332
vn -0.2072 0.7171 -0.6655
vn -0.1236 0.7140 -0.6891
vn -0.4413 0.6426 -0.6263
vn -0.4831 0.6650 -0.5695
vn -0.2310 0.7552 -0.6135
vn -0.1863 0.7997 -0.5708
vn -0.5562 0.6893 -0.4643
vn -0.9732 0.0574 -0.2228
vn -0.9880 0.0334 -0.1509
vn -0.8795 -0.4387 0.1845
vn -0.8653 -0.4616 0.1954
vn -0.9998 -0.0045 -0.0172
vn -0.8556 -0.4485 0.2585
vn -0.1560 0.6872 -0.7095
vn -0.1909 0.6533 -0.7326
vn -0.5809 0.4995 -0.6427
vn -0.5404 0.5749 -0.6144
vn -0.8655 -0.4872 0.1162
vn -0.9679 -0.0623 -0.2435
vn -0.9527 0.0330 -0.3020
vn -0.9003 -0.4352 0.0036
vn -0.2554 0.6570 -0.7093
vn -0.2130 0.6194 -0.7557
vn -0.5962 0.5349 -0.5987
vn -0.6456 0.5429 -0.5371
vn -0.8312 -0.5056 0.2313
vn -0.7515 -0.6260 0.2084
vn -0.7590 -0.6164 0.2096
vn -0.8347 -0.4982 0.2347
vn -0.7625 -0.6280 0.1555
vn -0.7034 -0.6646 0.2521
vn -0.7852 -0.5765 0.2260
vn -0.6896 -0.6629 0.2916
vn -0.8130 -0.5241 0.2538
vn -0.9425 0.2317 -0.2407
vn -0.9411 0.1670 -0.2939
vn -0.9671 -0.2541 -0.0122
vn -0.9870 -0.1604 0.0076
vn -0.8658 -0.4821 0.1342
vn -0.8697 -0.4615 0.1751
vn -0.6793 -0.6501 0.3404
vn -0.7046 -0.5901 0.3941
vn -0.7160 -0.5605 0.4162
vn -0.7171 -0.6222 0.3140
vn -0.6906 0.5124 -0.5104
vn -0.2934 0.6883 -0.6635
vn -0.2621 0.7138 -0.6494
vn -0.7124 0.4800 -0.5120
vn -0.8829 -0.4058 0.2361
vn -0.8814 -0.4287 0.1985
vn -0.9917 -0.1283 0.0036
vn -0.9931 -0.1170 -0.0044
vn -0.9473 0.1846 -0.2617
vn -0.9461 0.2379 -0.2199
vn -0.7103 0.5049 -0.4904
vn -0.2386 0.7455 -0.6224
vn -0.2448 0.7826 -0.5723
vn -0.6995 0.5490 -0.4574
vn -0.9533 0.1750 -0.2463
vn -0.9949 -0.0937 0.0378
vn -0.9928 -0.0601 0.1035
vn -0.9586 0.2120 -0.1902
vn -0.7308 -0.4862 0.4791
vn -0.8719 -0.3528 0.3395
vn -0.7965 -0.4170 0.4378
vn -0.8703 -0.2864 0.4007
vn -0.8131 -0.4978 0.3018
vn -0.7612 -0.5406 0.3581
vn -0.9789 -0.0483 0.1986
vn -0.9580 0.2558 -0.1298
vn -0.9571 0.2594 -0.1293
vn -0.9858 -0.0106 0.1676
vn -0.6771 0.5914 -0.4379
vn -0.6786 0.5753 -0.4566
vn -0.2530 0.7984 -0.5463
vn -0.2860 0.7571 -0.5874
vn -0.9180 -0.1493 0.3674
vn -0.8756 -0.2407 0.4188
vn -0.2104 0.6970 -0.6855
vn -0.2426 0.6466 -0.7232
vn -0.2372 0.6144 -0.7525
vn -0.5589 0.5430 -0.6267
vn -0.8739 -0.4545 0.1726
vn -0.8460 -0.4749 0.2423
vn -0.8691 -0.3876 0.3074
vn -0.9163 -0.3599 0.1757
vn -0.3689 0.6821 -0.6314
vn -0.7213 0.4863 -0.4932
vn -0.9477 -0.2746 0.1630
vn -0.9157 -0.2592 0.3072
vn -0.9894 -0.0867 0.1163
vn -0.9936 -0.1128 -0.0032
vn -0.9283 0.1992 -0.3139
vn -0.9569 0.2012 -0.2093
vn -0.5781 0.4926 -0.6505
vn -0.2492 0.5954 -0.7638
vn -0.2582 0.5744 -0.7768
vn -0.5896 0.4558 -0.6668
vn -0.9267 -0.3729 0.0468
vn -0.8971 -0.4308 0.0982
vn -0.9428 -0.3274 0.0625
vn -0.9662 -0.2578 -0.0038
vn -0.9792 -0.2017 0.0237
vn -0.9631 -0.2620 0.0621
vn -0.9924 -0.0940 -0.0789
vn -0.9935 -0.0537 -0.1001
vn -0.8932 0.2100 -0.3976
vn -0.9002 0.2127 -0.3799
vn -0.6051 0.4414 -0.6626
vn -0.2929 0.5613 -0.7740
vn -0.6453 0.4306 -0.6310
vn -0.3393 0.5172 -0.7857
vn -0.9632 -0.2662 0.0363
vn -0.9626 -0.2699 0.0253
vn -0.9852 -0.1566 -0.0696
vn -0.9823 -0.1063 -0.1545
vn -0.9864 -0.0964 -0.1331
vn -0.9885 -0.1489 -0.0246
vn -0.9924 -0.0431 -0.1150
vn -0.9858 -0.0367 -0.1640
vn -0.9196 0.1634 -0.3573
vn -0.9000 0.1968 -0.3890
vn -0.9085 -0.4178 0.0067
vn -0.9467 -0.3203 0.0351
vn -0.9707 -0.1362 -0.1978
vn -0.9457 -0.1731 -0.2752
vn -0.9310 -0.3637 -0.0326
vn -0.7200 -0.6514 0.2392
vn -0.6685 -0.7170 -0.1975
vn -0.8477 -0.4556 0.2717
vn -0.8854 -0.4106 0.2177
vn -0.8719 -0.4003 0.2820
vn -0.9157 -0.3809 0.1285
vn -0.8876 -0.4542 0.0765
vn -0.9449 -0.3183 0.0766
vn -0.6100 -0.2297 0.7584
vn -0.6753 -0.2552 0.6920
vn -0.9779 -0.2074 -0.0273
vn -0.9663 0.2435 -0.0834
vn -0.9982 -0.0503 0.0323
vn -0.5251 0.5254 -0.6695
vn -0.3716 0.7768 -0.5085
vn -0.2414 0.9311 -0.2735
vn -0.8441 0.5157 -0.1467
vn -0.9830 -0.0538 0.1754
vn -0.8807 -0.3020 0.3649
vn -0.3359 0.9409 0.0436
vn -0.7899 0.6092 -0.0698
vn -0.6699 0.6974 0.2545
vn -0.8519 0.5164 -0.0870
vn -0.9564 0.2908 0.0255
vn -0.9771 0.1740 0.1227
vn -0.5632 -0.5757 0.5928
vn -0.3882 -0.5748 0.7204
vn -0.4513 -0.4187 0.7881
vn -0.6056 -0.4441 0.6603
vn -0.4783 -0.5008 0.7214
vn -0.5380 -0.3950 0.7446
vn -0.6454 -0.3072 0.6994
vn -0.5251 -0.1468 0.8383
vn -0.5614 -0.3244 0.7613
vn -0.4054 -0.8169 0.4104
vn -0.3822 -0.8637 0.3285
vn -0.2651 -0.7513 0.6043
vn -0.2812 -0.6991 0.6574
vn -0.2526 -0.8159 0.5201
vn -0.3793 -0.8851 0.2698
vn -0.2130 -0.7572 0.6175
vn -0.2840 -0.6839 0.6721
vn -0.2742 -0.6549 0.7042
vn -0.3985 -0.8927 0.2104
vn -0.2398 -0.8665 0.4377
vn -0.2435 -0.8648 0.4392
vn -0.4779 -0.8580 0.1882
vn -0.0821 -0.8228 0.5623
vn -0.1187 -0.8212 0.5581
vn -0.6315 -0.7589 -0.1591
vn -0.5832 -0.7810 -0.2235
vn -0.5073 -0.8592 0.0670
vn -0.5410 -0.8309 0.1304
vn -0.4909 -0.8712 -0.0047
vn -0.5832 -0.7651 -0.2730
vn -0.5337 -0.0208 -0.8454
vn -0.4862 -0.0604 -0.8717
vn -0.6315 -0.5872 -0.5063
vn -0.6798 -0.5479 -0.4876
vn -0.6055 -0.5667 -0.5588
vn -0.4617 -0.1127 -0.8798
vn -0.6329 -0.6913 -0.3486
vn -0.5396 -0.8403 -0.0521
vn -0.6670 -0.7386 -0.0981
vn -0.7547 -0.4888 -0.4377
vn -0.8912 -0.3074 -0.3336
vn -0.8195 -0.5716 -0.0407
vn -0.6663 -0.7224 0.1849
vn -0.0230 0.6484 -0.7610
vn -0.0232 0.6238 -0.7812
vn -0.1568 0.5318 -0.8322
vn -0.2404 0.4840 -0.8414
vn -0.0617 0.5543 -0.8300
vn -0.1897 0.5700 -0.7995
vn -0.5999 -0.0186 -0.7999
vn -0.6751 0.0096 -0.7377
vn -0.9115 -0.0087 -0.4112
vn -0.9620 -0.0258 -0.2718
vn -0.9562 0.0472 -0.2887
vn -0.9063 0.0199 -0.4223
vn -0.3911 0.3832 -0.8368
vn -0.4098 0.3744 -0.8318
vn -0.8000 0.1998 -0.5658
vn -0.8422 -0.0541 -0.5365
vn 0.2775 0.6274 -0.7276
vn 0.3300 0.6174 -0.7141
vn -0.9100 -0.0125 -0.4143
vn -0.9198 0.1298 -0.3703
vn -0.2741 0.1177 -0.9545
vn 0.1684 0.3657 -0.9154
vn -0.6783 -0.2578 -0.6881
vn -0.6496 -0.0508 -0.7586
vn -0.8298 -0.0501 -0.5559
vn -0.8377 0.0196 -0.5458
vn -0.6286 0.2764 -0.7269
vn -0.5658 -0.3405 -0.7509
vn -0.2936 0.2588 -0.9202
vn -0.4184 0.5295 -0.7380
vn -0.1040 0.4904 -0.8653
vn -0.9388 0.0014 -0.3446
vn -0.8126 0.2193 -0.5399
vn -0.8873 -0.3831 -0.2567
vn -0.9045 -0.3780 -0.1975
vn -0.6022 0.2488 -0.7586
vn -0.8255 -0.2216 -0.5190
vn -0.9365 -0.3500 0.0235
vn -0.9742 -0.2167 -0.0632
vn -0.9329 -0.3586 0.0335
vn -0.9082 -0.3670 0.2013
vn -0.9444 -0.2642 -0.1960
vn -0.9224 -0.0316 -0.3849
vn -0.8686 -0.4256 -0.2536
vn -0.8881 -0.2951 -0.3523
vn -0.9227 -0.3634 -0.1290
vn -0.8993 -0.1132 -0.4224
vn -0.3945 -0.9062 0.1523
vn -0.6748 -0.7362 0.0522
vn -0.5709 -0.4407 0.6927
vn -0.6585 -0.3799 0.6497
vn 0.0424 0.6375 -0.7693
vn 0.3493 0.5965 -0.7226
vn 0.3887 0.1479 -0.9094
vn 0.1057 0.1581 -0.9817
vn -0.1151 0.9926 -0.0398
vn -0.5582 0.7955 0.2359
vn -0.2736 0.7873 0.5525
vn 0.0634 0.9897 0.1287
vn -0.5502 0.2773 0.7876
vn -0.7976 0.2666 0.5411
vn -0.6381 -0.1751 0.7498
vn -0.7572 -0.1619 0.6328
vn -0.0800 0.9108 -0.4049
vn 0.1862 0.9356 -0.2998
vn -0.7330 0.2445 -0.6348
vn -0.9344 0.3499 -0.0669
vn -0.5300 0.7898 -0.3089
vn -0.3904 0.5026 -0.7714
vn -0.9461 -0.3085 0.0983
vn -0.6584 -0.4078 -0.6327
vn -0.3039 -0.0871 -0.9487
vn -0.6228 -0.5334 0.5724
vn -0.1286 -0.9450 0.3008
vn -0.3825 -0.8090 -0.4464
vn -0.0925 -0.4812 -0.8717
vn -0.7812 -0.0576 0.6216
vn -0.4393 -0.1104 0.8915
vn -0.2872 0.1167 0.9507
vn -0.4885 0.2103 -0.8468
vn -0.4731 0.2165 -0.8540
vn -0.7644 -0.5267 -0.3719
vn -0.7794 -0.4027 -0.4800
vn -0.7451 -0.4886 -0.4540
vn -0.8148 -0.5797 0.0083
vn -0.7275 -0.6859 -0.0163
vn -0.7113 -0.5609 -0.4237
vn -0.7993 -0.5964 -0.0737
vn -0.8565 -0.5051 0.1058
vn -0.6389 -0.6500 -0.4115
vn -0.7120 -0.5965 -0.3705
vn -0.7287 -0.6544 -0.2017
vn -0.6913 -0.7166 -0.0924
vn -0.6520 -0.6252 -0.4290
vn -0.6973 -0.7156 -0.0414
vn -0.7702 -0.5986 -0.2202
vn -0.9417 -0.3319 0.0554
vn -0.9219 -0.3819 0.0646
vn -0.9290 -0.3122 -0.1990
vn -0.8975 -0.3289 -0.2939
vn -0.7217 -0.4734 -0.5050
vn -0.9148 -0.3945 0.0865
vn -0.8132 -0.5618 -0.1516
vn -0.4316 -0.2521 -0.8661
vn -0.6131 -0.2535 -0.7482
vn -0.5928 -0.4316 -0.6800
vn -0.5871 -0.4132 -0.6961
vn -0.9491 -0.3120 -0.0433
vn -0.5851 -0.1385 -0.7990
vn -0.3599 -0.1867 -0.9141
vn -0.6275 -0.3614 -0.6897
vn -0.4175 -0.6209 0.6635
vn -0.5244 -0.6294 0.5735
vn -0.5619 -0.5603 0.6086
vn -0.4749 -0.7189 0.5076
vn -0.3513 -0.7201 0.5983
vn -0.4969 -0.6269 0.6001
vn -0.5264 -0.5385 0.6580
vn -0.5240 -0.4917 0.6955
vn -0.9438 -0.1392 -0.2996
vn -0.9872 -0.0892 -0.1323
vn -0.5212 0.3107 -0.7949
vn -0.4112 0.2034 -0.8886
vn -0.8355 -0.2340 -0.4972
vn -0.7160 -0.1522 -0.6813
vn -0.1457 0.5015 -0.8528
vn -0.3002 0.2637 -0.9167
vn -0.5546 0.0348 -0.8314
vn -0.0333 0.6146 -0.7881
vn -0.1868 0.5129 -0.8379
vn -0.1478 0.4594 -0.8759
vn -0.6356 0.1547 -0.7564
vn -0.6578 0.1603 -0.7359
vn -0.5880 0.0767 -0.8052
vn -0.1569 0.3536 -0.9222
vn -0.2595 0.5003 -0.8261
vn -0.6866 0.0946 -0.7208
vn -0.4631 -0.7019 0.5412
vn -0.4163 -0.7430 0.5240
vn -0.2787 -0.7162 0.6398
vn -0.2959 -0.7076 0.6417
vn -0.2568 -0.7293 0.6341
vn -0.4100 -0.7467 0.5238
vn -0.3057 -0.7493 0.5874
vn -0.2850 -0.7894 0.5438
vn -0.7492 -0.6584 -0.0726
vn -0.8095 -0.5850 -0.0495
vn -0.8443 -0.2884 -0.4516
vn -0.8084 -0.3817 -0.4482
vn -0.8713 -0.2086 -0.4441
vn -0.8593 -0.5109 -0.0237
vn -0.5119 -0.6562 0.5544
vn -0.3358 -0.6648 0.6673
vn -0.8805 -0.1943 -0.4324
vn -0.8515 -0.2771 -0.4451
vn -0.8868 -0.4617 -0.0220
vn -0.8799 -0.4742 -0.0306
vn -0.6914 -0.7156 -0.0993
vn -0.5703 -0.7944 0.2091
vn -0.5815 -0.7642 0.2792
vn -0.4303 -0.7482 0.5050
vn -0.6728 -0.6602 0.3339
vn -0.6266 -0.7120 0.3169
vn -0.7483 -0.4738 -0.4643
vn -0.6972 -0.6347 0.3332
vn -0.7379 -0.5744 0.3544
vn 0.7829 0.5613 -0.2684
vn 0.7668 0.5619 -0.3103
vn 0.7743 0.5346 -0.3385
vn 0.7505 0.5873 -0.3031
vn 0.6006 0.6341 -0.4871
vn 0.5930 0.6405 -0.4880
vn 0.5813 0.6218 -0.5249
vn 0.5772 0.6481 -0.4968
vn 0.7839 0.5793 -0.2234
vn 0.5720 0.6587 -0.4889
vn 0.5578 0.6571 -0.5070
vn 0.7932 0.5690 -0.2170
vn 0.5438 0.5783 -0.6081
vn 0.5697 0.5935 -0.5685
vn 0.4177 0.7038 -0.5746
vn 0.3971 0.6878 -0.6077
vn 0.3919 0.6363 -0.6645
vn 0.3558 0.6464 -0.6749
vn 0.4530 0.6175 -0.6431
vn 0.3994 0.6076 -0.6865
vn 0.9127 -0.0923 -0.3981
vn 0.6945 0.3783 -0.6120
vn 0.6455 0.4466 -0.6196
vn 0.9092 -0.0013 -0.4164
vn 0.8590 -0.5114 -0.0249
vn 0.9153 -0.3654 -0.1692
vn -0.3544 -0.6570 0.6654
vn -0.3656 -0.7130 0.5983
vn -0.4126 -0.6875 0.5976
vn -0.4168 -0.6539 0.6314
vn -0.4336 -0.6810 0.5902
vn -0.4169 -0.6390 0.6465
vn -0.4891 -0.6170 0.6165
vn -0.4989 -0.6453 0.5786
vn -0.5230 -0.6699 0.5270
vn -0.4963 -0.6749 0.5461
vn -0.5727 -0.6582 0.4887
vn -0.5684 -0.6448 0.5110
vn -0.4817 -0.6599 0.5767
vn -0.3014 -0.6958 0.6519
vn -0.3648 -0.6075 0.7056
vn -0.5031 -0.5929 0.6288
vn -0.5810 -0.6308 0.5143
vn -0.5522 -0.6461 0.5269
vn -0.5547 -0.6152 0.5602
vn -0.5703 -0.6180 0.5412
vn -0.5790 -0.6301 0.5174
vn -0.5626 -0.6284 0.5372
vn -0.4564 -0.6962 0.5541
vn -0.4764 -0.6385 0.6044
vn -0.1636 -0.7679 0.6193
vn -0.4804 -0.7887 0.3837
vn 0.0522 -0.7439 0.6662
vn -0.2734 -0.8467 0.4565
vn -0.1259 -0.7042 0.6987
vn -0.2304 -0.7116 0.6637
vn -0.4821 -0.8118 0.3295
vn -0.4282 -0.8176 0.3850
vn -0.4673 -0.5835 0.6642
vn -0.4824 -0.7992 0.3586
vn -0.3135 -0.7347 0.6017
vn -0.3271 -0.2875 0.9002
vn -0.2875 0.0362 0.9571
vn -0.4219 -0.1301 0.8973
vn -0.5411 -0.4710 0.6966
vn -0.5254 -0.7734 0.3546
vn -0.5254 -0.7587 0.3852
vn -0.5542 -0.6916 0.4632
vn -0.5550 -0.7122 0.4299
vn -0.5777 -0.4423 0.6860
vn -0.5823 -0.5341 0.6129
vn -0.3840 -0.8690 0.3121
vn -0.4242 -0.8539 0.3015
vn -0.4893 -0.6221 0.6112
vn -0.4251 -0.6850 0.5917
vn -0.3931 -0.8428 0.3676
vn -0.3645 -0.8984 0.2449
vn -0.3773 -0.9071 0.1865
vn -0.3907 -0.9022 0.1826
vn -0.4303 -0.7913 0.4345
vn 0.3937 0.4051 -0.8251
vn 0.5011 0.3101 -0.8079
vn 0.5339 0.3889 -0.7508
vn 0.4257 0.4593 -0.7796
vn 0.6072 0.3245 -0.7253
vn 0.5028 0.0583 -0.8625
vn 0.5754 0.7479 -0.3311
vn 0.5219 0.7485 -0.4090
vn 0.3911 0.8100 -0.4369
vn 0.7888 0.3795 -0.4835
vn 0.5601 0.4656 -0.6852
vn 0.4528 -0.0013 -0.8916
vn 0.7169 0.0278 -0.6966
vn 0.4978 0.2136 -0.8406
vn 0.5245 0.5738 -0.6290
vn 0.5128 0.8411 -0.1721
vn 0.5373 0.8254 -0.1732
vn 0.4211 0.9049 0.0625
vn 0.4481 0.8627 0.2346
vn 0.4415 0.8953 -0.0597
vn 0.5776 0.8150 -0.0466
vn 0.4454 0.8947 0.0338
vn 0.5311 0.7967 -0.2884
vn 0.5181 0.8316 -0.2001
vn 0.4746 0.0734 -0.8771
vn 0.6002 0.4106 -0.6865
vn 0.5629 0.6726 -0.4804
vn 0.6192 0.1048 -0.7782
vn 0.4770 0.8505 -0.2215
vn 0.5222 0.2220 -0.8234
vn 0.4846 0.8712 -0.0786
vn 0.6357 0.6782 -0.3687
vn 0.4229 0.9056 0.0333
vn 0.7850 0.5479 -0.2891
vn 0.8636 0.4714 -0.1788
vn 0.5652 0.5183 -0.6418
vn 0.6654 0.4875 -0.5653
vn 0.8468 0.4444 -0.2922
vn 0.9594 0.2410 -0.1468
vn 0.8094 0.5207 -0.2716
vn 0.7168 0.4371 -0.5433
vn 0.7914 0.5397 -0.2871
vn 0.7945 0.4507 -0.4071
vn 0.7115 0.4727 -0.5199
vn 0.7413 0.6547 -0.1475
vn 0.6684 0.6704 -0.3221
vn 0.6986 0.6364 -0.3271
vn 0.4020 0.1973 -0.8941
vn 0.6394 0.2663 -0.7213
vn 0.6152 0.3423 -0.7102
vn 0.4352 0.2968 -0.8500
vn 0.4157 0.4690 -0.7793
vn 0.5678 0.4255 -0.7047
vn 0.6186 0.7849 -0.0367
vn 0.3698 0.9222 -0.1133
vn 0.4008 0.9047 0.1444
vn 0.7233 0.6809 -0.1150
vn 0.5890 0.4516 -0.6702
vn 0.6752 0.3832 -0.6303
vn 0.6391 0.5516 -0.5360
vn 0.7288 0.4561 -0.5107
vn 0.7680 0.4820 -0.4217
vn 0.7566 0.6536 -0.0199
vn 0.7667 0.6418 0.0150
vn 0.7630 0.5927 -0.2582
vn 0.7450 0.6068 -0.2770
vn 0.7884 0.3055 -0.5339
vn 0.7529 0.2873 -0.5921
vn 0.8912 0.4467 -0.0788
vn 0.8844 0.1326 -0.4474
vn 0.4895 0.7599 0.4277
vn 0.7049 0.6933 -0.1501
vn 0.6838 0.7187 -0.1263
vn 0.7509 0.3800 -0.5402
vn 0.7807 0.3276 -0.5322
vn 0.7365 0.0877 -0.6707
vn 0.7059 0.1456 -0.6932
vn 0.7310 -0.0072 -0.6823
vn 0.8509 0.2550 -0.4593
vn 0.6625 -0.2346 -0.7114
vn 0.7271 -0.1852 -0.6611
vn 0.6728 0.1210 -0.7299
vn 0.6061 -0.3723 -0.7028
vn 0.6874 -0.4321 -0.5837
vn 0.5889 -0.5834 -0.5593
vn 0.5381 -0.5807 -0.6110
vn 0.7096 -0.5661 -0.4195
vn 0.7935 -0.2708 -0.5450
vn 0.7581 -0.2759 -0.5909
vn 0.9639 -0.0218 -0.2655
vn 0.9111 -0.4108 -0.0356
vn 0.6991 -0.5692 -0.4327
vn 0.8001 0.3358 0.4971
vn 0.9775 0.1557 0.1425
vn 0.9068 0.4048 -0.1176
vn 0.8450 0.4792 0.2376
vn 0.6466 0.0469 0.7614
vn 0.8900 -0.2102 0.4046
vn 0.5384 -0.8290 -0.1512
vn 0.3760 -0.8499 -0.3692
vn 0.6640 -0.7198 0.2025
vn 0.2941 -0.9222 0.2511
vn 0.2639 -0.9645 0.0114
vn 0.2680 -0.9416 -0.2040
vn 0.3997 -0.3349 0.8533
vn 0.6373 -0.5589 0.5306
vn 0.2696 -0.8239 0.4985
vn 0.1142 -0.5993 0.7924
vn -0.0119 -0.5646 0.8253
vn 0.0913 -0.8273 0.5544
vn -0.0612 -0.4456 0.8931
vn -0.0756 -0.8259 0.5587
vn 0.1611 -0.9339 0.3190
vn -0.0622 -0.9806 0.1861
vn -0.5588 -0.3488 0.7524
vn -0.5261 -0.2297 0.8188
vn -0.5120 -0.1153 0.8512
vn -0.4771 -0.0066 0.8788
vn -0.5117 -0.2016 0.8352
vn -0.5449 -0.2469 0.8013
vn -0.5733 -0.6176 0.5384
vn -0.4656 -0.8438 0.2670
vn -0.5607 -0.6377 0.5282
vn -0.5573 -0.5918 0.5824
vn -0.4563 -0.7146 0.5302
vn -0.2740 -0.9522 0.1349
vn -0.1121 -0.8296 0.5470
vn -0.0302 -0.8796 0.4748
vn -0.4101 -0.3422 0.8454
vn -0.4078 -0.1187 0.9053
vn -0.4367 -0.8231 0.3630
vn -0.4602 -0.6320 0.6236
vn -0.4509 -0.7336 0.5085
vn -0.3180 -0.3571 0.8783
vn -0.3496 -0.6488 0.6759
vn -0.4275 -0.8860 0.1795
vn -0.3557 -0.8494 0.3899
vn -0.2354 -0.9173 0.3212
vn -0.3518 -0.9226 0.1583
vn -0.2434 -0.9641 -0.1062
vn -0.3404 -0.9401 0.0170
vn -0.2725 -0.9565 -0.1040
vn -0.3694 -0.9236 -0.1022
vn -0.4688 -0.8718 0.1421
vn -0.3003 -0.9458 0.1239
vn -0.1647 -0.9618 0.2187
vn -0.0056 -0.8483 0.5295
vn -0.1759 -0.9734 -0.1466
vn -0.0535 -0.8039 0.5924
vn -0.0598 -0.8517 0.5206
vn -0.4417 -0.8968 0.0244
vn -0.2175 -0.8416 0.4944
vn -0.3403 -0.7479 0.5699
vn -0.2697 -0.9580 -0.0972
vn -0.5168 -0.8232 0.2349
vn -0.2225 -0.7397 0.6350
vn -0.2625 -0.7094 0.6541
vn -0.4244 -0.7885 0.4451
vn -0.3810 -0.8293 0.4089
vn -0.4225 -0.7580 0.4969
vn -0.3233 -0.8588 0.3975
vn -0.2915 -0.6106 0.7363
vn -0.2048 -0.7124 0.6713
vn -0.1730 -0.5140 0.8402
vn -0.0983 -0.8315 0.5468
vn -0.1582 -0.3833 0.9100
vn -0.1165 -0.7586 0.6410
vn -0.2840 -0.8827 0.3745
vn -0.2178 -0.8640 0.4539
vn -0.1110 -0.9535 0.2802
vn -0.1595 -0.9434 0.2909
vn -0.3252 -0.8707 0.3689
vn -0.2216 -0.9165 0.3331
vn -0.0698 -0.9108 0.4069
vn -0.0381 -0.9534 0.2994
vn -0.2944 -0.8508 0.4352
vn -0.2558 -0.8693 0.4230
vn -0.2128 -0.8999 0.3807
vn -0.3838 -0.7484 0.5409
vn -0.1350 -0.9522 0.2740
vn -0.3577 -0.8059 0.4718
vn -0.4930 -0.5905 0.6389
vn -0.5171 -0.6290 0.5805
vn -0.0233 -0.9639 0.2654
vn -0.0758 -0.9564 0.2820
vn -0.0233 -0.9936 0.1103
vn 0.0217 -0.9971 0.0732
vn -0.1672 -0.9334 0.3175
vn -0.0244 -0.9664 0.2559
vn -0.0175 -0.9991 0.0389
vn -0.0125 -0.9986 0.0518
vn -0.2535 -0.9235 0.2878
vn -0.2363 -0.9456 0.2236
vn -0.5158 -0.6989 0.4954
vn -0.5510 -0.6185 0.5603
vn -0.4938 -0.7835 0.3772
vn -0.4261 -0.8320 0.3552
vn -0.4914 -0.7650 0.4163
vn -0.4193 -0.8347 0.3570
vn -0.4765 -0.7565 0.4479
vn -0.4130 -0.8220 0.3922
vn -0.3561 -0.8431 0.4030
vn -0.4246 -0.8005 0.4231
vn -0.1883 -0.9590 0.2116
vn -0.1661 -0.9596 0.2272
vn -0.1306 -0.9785 0.1596
vn -0.4514 -0.8448 0.2875
vn -0.3765 -0.8330 0.4054
vn -0.0856 -0.9809 0.1749
vn -0.5981 -0.5973 0.5343
vn -0.7212 -0.5820 0.3756
vn -0.5273 -0.7548 0.3902
vn -0.5351 -0.7627 0.3632
vn -0.5430 -0.7147 0.4407
vn -0.5761 -0.6865 0.4436
vn -0.5724 -0.6611 0.4850
vn -0.5277 -0.7010 0.4797
vn -0.4343 -0.7966 0.4204
vn -0.4807 -0.7671 0.4249
vn -0.2264 -0.9446 0.2375
vn -0.1613 -0.9637 0.2129
vn -0.1775 -0.9837 0.0284
vn -0.2160 -0.9658 0.1435
vn -0.1554 -0.9869 0.0423
vn -0.2567 -0.9612 0.1009
vn -0.1006 -0.9947 0.0229
vn -0.1577 -0.9698 0.1861
vn -0.4124 -0.8068 0.4231
vn -0.4004 -0.8371 0.3728
vn -0.5095 -0.7749 0.3740
vn -0.4586 -0.7234 0.5161
vn -0.5292 -0.5400 0.6544
vn -0.4703 -0.7985 0.3758
vn -0.6333 -0.4938 0.5959
vn -0.3662 -0.7124 0.5986
vn -0.3681 -0.7687 0.5230
vn 0.5902 0.3218 -0.7404
vn 0.6599 0.3744 -0.6514
vn 0.6831 0.4545 -0.5717
vn 0.6929 0.4163 -0.5887
vn 0.7443 0.3092 -0.5920
vn 0.7424 0.2909 -0.6035
vn 0.5526 0.7366 -0.3899
vn 0.5573 0.6727 -0.4868
vn 0.5171 0.5072 -0.6895
vn 0.8045 0.2028 -0.5583
vn 0.7532 0.4174 -0.5084
vn 0.7339 0.4863 -0.4742
vn 0.8078 0.2320 -0.5419
vn 0.5989 0.6934 -0.4007
vn 0.6085 0.6642 -0.4343
vn 0.5712 0.7568 -0.3177
vn 0.5699 0.7414 -0.3542
vn 0.4941 0.7801 -0.3838
vn 0.5740 0.6782 -0.4589
vn 0.6150 0.6912 -0.3795
vn 0.5918 0.6632 -0.4583
vn 0.6725 0.4910 -0.5538
vn 0.7428 0.4121 -0.5277
vn 0.7989 0.1698 -0.5770
vn 0.7044 0.4457 -0.5524
vn 0.7862 0.1571 -0.5977
vn 0.8001 -0.0034 -0.5999
vn 0.6649 0.5846 -0.4648
vn 0.6997 0.4913 -0.5187
vn 0.6255 0.5901 -0.5104
vn 0.7528 0.4000 -0.5228
vn 0.7208 0.5301 -0.4466
vn 0.7134 0.5961 -0.3684
vn 0.6784 0.5158 -0.5232
vn 0.6969 0.6483 -0.3067
vn 0.7539 0.5978 -0.2725
vn 0.5503 0.8271 -0.1144
vn 0.5719 0.7694 -0.2845
vn 0.5814 0.6952 -0.4228
vn 0.7312 0.6456 0.2203
vn 0.5963 0.7328 0.3277
vn 0.6471 0.7553 0.1040
vn 0.7069 0.7019 -0.0875
vn 0.7386 0.5956 -0.3158
vn 0.6193 0.7851 0.0077
vn 0.7539 0.1974 -0.6266
vn 0.6927 0.5100 -0.5099
vn 0.5532 0.7369 -0.3884
vn 0.6370 0.6880 -0.3477
vn 0.7186 0.6500 -0.2472
vn 0.7022 0.6612 -0.2640
vn 0.7223 0.6879 -0.0713
vn 0.7994 0.5999 0.0332
vn 0.7116 0.6942 -0.1080
vn 0.9245 0.1763 -0.3379
vn 0.9280 0.3563 -0.1090
vn 0.7118 0.6961 -0.0936
vn 0.7646 0.5852 -0.2701
vn 0.7476 0.5710 -0.3393
vn 0.8175 0.5433 -0.1912
vn 0.8335 0.3221 -0.4490
vn 0.7193 0.6456 -0.2567
vn 0.7408 0.6706 -0.0396
vn 0.7948 -0.0055 -0.6068
vn 0.7726 0.0235 -0.6345
vn 0.7956 0.1571 -0.5851
vn 0.0846 0.9930 -0.0822
vn 0.3009 0.9288 -0.2164
vn 0.3789 0.8938 -0.2401
vn 0.2473 0.9689 -0.0070
vn 0.0604 0.9977 -0.0318
vn 0.2302 0.9573 -0.1749
vn 0.1485 0.9874 -0.0546
vn 0.1990 0.9748 -0.1010
vn 0.4260 0.8616 -0.2761
vn 0.5075 0.7959 -0.3301
vn 0.3148 0.9285 -0.1971
vn 0.2045 0.9680 -0.1456
vn 0.4252 0.8611 -0.2788
vn 0.4957 0.8036 -0.3294
vn 0.1518 0.9790 -0.1364
vn 0.1447 0.9809 -0.1298
vn -0.0189 0.9886 -0.1495
vn 0.1339 0.9266 -0.3513
vn 0.3950 0.8477 -0.3542
vn 0.4437 0.8156 -0.3714
vn 0.3754 0.8647 -0.3338
vn 0.2923 0.8970 -0.3315
vn 0.0164 0.9900 -0.1401
vn 0.0733 0.9644 -0.2542
vn 0.0855 0.9658 -0.2448
vn 0.0384 0.9797 -0.1969
vn 0.2155 0.9097 -0.3551
vn 0.2077 0.8860 -0.4145
vn 0.1693 0.9402 -0.2957
vn 0.1119 0.9748 -0.1928
vn 0.0873 0.9870 -0.1348
vn -0.5815 -0.5345 0.6133
vn -0.6038 -0.4431 0.6626
vn -0.5740 -0.5281 0.6258
vn -0.5673 -0.5367 0.6246
vn -0.6516 -0.5208 0.5516
vn -0.6310 -0.5464 0.5507
vn -0.7040 -0.3084 0.6398
vn -0.6677 -0.3729 0.6443
vn -0.6636 -0.5052 0.5517
vn -0.6658 -0.5248 0.5304
vn -0.7646 -0.4986 0.4084
vn -0.7125 -0.5435 0.4437
vn -0.6137 -0.4419 0.6543
vn -0.5535 -0.4713 0.6867
vn -0.5709 -0.3845 0.7254
vn -0.6554 -0.2898 0.6975
vn -0.6467 -0.4275 0.6317
vn -0.6938 -0.2346 0.6809
vn -0.6829 -0.0637 0.7277
vn -0.5268 -0.3378 0.7800
vn -0.6789 -0.1423 0.7203
vn -0.4467 -0.3112 0.8388
vn -0.3412 -0.6447 0.6841
vn -0.4712 -0.5402 0.6972
vn -0.5790 -0.5430 0.6082
vn -0.5570 -0.6185 0.5542
vn -0.7166 -0.2186 0.6624
vn -0.6655 -0.4419 0.6015
vn -0.6878 -0.4028 0.6039
vn -0.5830 -0.6369 0.5044
vn -0.3319 -0.5020 0.7987
vn -0.0276 -0.7156 0.6979
vn -0.5352 -0.5733 0.6204
vn -0.2626 -0.8122 0.5209
vn 0.1349 0.9900 -0.0403
vn 0.2941 0.9201 -0.2586
vn 0.4502 0.8208 -0.3516
vn 0.3499 0.9367 0.0110
vn 0.5878 0.7125 -0.3832
vn 0.5122 0.7985 -0.3163
vn 0.5157 0.8516 -0.0935
vn 0.5057 0.8622 -0.0286
vn 0.3142 0.9167 0.2470
vn 0.3147 0.9035 0.2910
vn 0.2909 0.9175 0.2712
vn 0.3929 0.8835 0.2551
vn 0.2615 0.9487 0.1779
vn 0.5178 0.8537 0.0551
vn 0.7628 -0.6467 0.0018
vn 0.2638 -0.7759 0.5730
vn 0.1620 -0.8383 0.5206
vn 0.5785 -0.8153 0.0257
vn -0.0145 -0.3942 0.9189
vn -0.1977 -0.5182 0.8321
vn 0.5936 0.8017 0.0694
vn 0.1524 0.7553 0.6375
vn 0.4462 0.6530 0.6119
vn 0.8597 0.4479 -0.2456
vn 0.7931 0.4597 -0.3996
vn 0.7858 0.5979 0.1585
vn 0.4651 0.8837 0.0516
vn 0.7773 0.4758 -0.4115
vn 0.0335 0.7873 0.6156
vn -0.3003 0.1168 0.9467
vn -0.0769 0.2331 0.9694
vn -0.0170 0.4940 0.8693
vn -0.1540 0.4777 0.8649
vn 0.3558 0.1803 0.9170
vn 0.4087 0.4002 0.8202
vn 0.9071 0.1280 0.4011
vn 0.8937 0.3551 0.2742
vn 0.9520 0.0949 -0.2909
vn 0.9207 0.2257 -0.3184
vn 0.3251 -0.0587 0.9439
vn -0.0813 -0.0901 0.9926
vn 0.3235 -0.1619 0.9323
vn -0.3405 -0.1687 0.9250
vn 0.7960 -0.0990 0.5972
vn 0.6883 -0.2238 0.6900
vn 0.9536 -0.2857 0.0953
vn 0.9891 -0.1268 -0.0747
vn 0.8208 -0.4211 -0.3860
vn 0.9023 -0.2733 -0.3333
vn 0.8626 0.0847 -0.4988
vn 0.8580 0.0509 -0.5111
vn 0.8218 0.2152 -0.5276
vn 0.8022 0.2312 -0.5505
vn -0.0821 0.9141 -0.3972
vn -0.0534 0.9142 -0.4017
vn 0.1701 0.8880 -0.4271
vn 0.1550 0.8766 -0.4556
vn 0.3716 0.8045 -0.4633
vn 0.0776 0.8838 -0.4614
vn 0.7378 0.5317 -0.4159
vn 0.5487 0.7060 -0.4477
vn 0.4901 0.7193 -0.4923
vn -0.3108 0.8880 -0.3390
vn -0.2837 0.8960 -0.3416
vn -0.5948 0.7770 -0.2059
vn -0.6166 0.7555 -0.2213
vn -0.5851 0.7615 -0.2789
vn -0.1983 0.8857 -0.4197
vn 0.0149 0.9534 -0.3013
vn -0.0776 0.8765 -0.4752
vn 0.2080 0.8226 -0.5292
vn 0.2251 0.9408 -0.2532
vn 0.5290 0.6789 -0.5092
vn 0.3152 0.9402 -0.1293
vn -0.2123 0.9431 -0.2558
vn -0.3146 0.8538 -0.4147
vn -0.6510 0.7058 -0.2794
vn -0.6377 0.7568 -0.1435
vn 0.4214 0.8884 0.1823
vn 0.3030 0.9068 0.2930
vn 0.2010 0.9096 0.3637
vn 0.5004 0.8306 0.2443
vn 0.4266 0.8968 -0.1172
vn -0.9049 0.4198 0.0700
vn -0.3943 0.8601 0.3236
vn -0.7714 0.2756 0.5736
vn -0.7285 0.4851 0.4837
vn -0.1306 0.6524 0.7465
vn -0.7778 -0.0484 0.6266
vn -0.3376 0.4812 0.8090
vn 0.8085 0.5850 -0.0644
vn 0.6893 0.7020 0.1790
vn 0.6822 0.7160 -0.1485
vn 0.5943 0.8041 -0.0172
vn -0.1743 0.6756 0.7163
vn -0.0567 0.7194 0.6923
vn 0.2316 0.9337 0.2732
vn 0.1181 0.9066 0.4050
vn 0.0322 0.9105 0.4122
vn 0.2426 0.7729 0.5863
vn 0.0368 0.6561 0.7537
vn -0.0101 0.9555 0.2947
vn 0.2226 0.9745 -0.0294
vn 0.3680 0.9271 -0.0710
vn 0.3862 0.9201 0.0656
vn 0.1631 0.9847 -0.0614
vn 0.0775 0.6026 0.7943
vn 0.2004 0.7976 0.5690
vn 0.0557 0.6888 0.7228
vn 0.4216 0.8358 0.3518
vn -0.0768 0.9699 0.2311
vn -0.9252 0.3631 -0.1101
vn -0.8892 0.4313 -0.1524
vn -0.9570 0.2899 0.0048
vn -0.9466 0.3001 -0.1181
vn -0.7127 -0.6158 0.3360
vn -0.6133 -0.6347 0.4702
vn -0.3828 -0.7153 0.5847
vn -0.4663 -0.7312 0.4979
vn -0.8532 -0.1790 0.4899
vn -0.7485 -0.1969 0.6333
vn -0.7913 -0.5396 0.2876
vn -0.9521 -0.3054 -0.0134
vn -0.6732 -0.5730 0.4673
vn -0.9149 -0.2716 0.2988
vn -0.9996 -0.0168 -0.0239
vn -0.6892 0.1272 0.7134
vn -0.9957 0.0919 0.0068
vn -0.1279 -0.8277 0.5464
vn -0.3286 -0.7917 0.5150
vn -0.0111 -0.8398 0.5427
vn 0.0820 -0.8680 0.4897
vn -0.9389 0.3438 0.0173
vn -0.8746 0.4683 -0.1260
vn -0.8606 0.5076 -0.0427
vn -0.9490 0.2948 0.1120
vn -0.8817 -0.2388 0.4069
vn -0.9687 0.1665 0.1839
vn -0.9544 0.0544 0.2935
vn -0.8182 -0.2990 0.4911
vn -0.5447 -0.6143 0.5709
vn -0.6190 -0.5823 0.5271
vn -0.9618 0.2280 0.1514
vn -0.8558 0.5169 -0.0219
vn -0.8694 0.4874 -0.0817
vn -0.9807 0.1482 0.1276
vn -0.3045 -0.8169 0.4899
vn -0.4656 -0.7411 0.4837
vn -0.4749 -0.6989 0.5348
vn -0.2081 -0.8225 0.5294
vn -0.7975 -0.3963 0.4549
vn -0.8014 -0.4382 0.4071
vn -0.9372 -0.1126 0.3301
vn -0.9409 -0.1620 0.2974
vn -0.9858 0.1427 0.0884
vn -0.8492 0.4989 -0.1733
vn -0.9946 0.0842 0.0600
vn -0.8625 0.4604 -0.2099
vn -0.4986 0.7562 -0.4236
vn -0.5256 0.7576 -0.3869
vn -0.3948 -0.8409 0.3701
vn -0.6960 -0.6203 0.3617
vn -0.5238 -0.7253 0.4467
vn -0.3205 -0.8348 0.4476
vn -0.8400 -0.3984 0.3685
vn -0.8969 -0.3080 0.3174
vn -0.9607 -0.1388 0.2403
vn -0.9566 -0.1334 0.2592
vn -0.8199 0.5718 -0.0277
vn -0.5569 0.8036 -0.2102
vn -0.6197 0.7585 -0.2015
vn -0.8087 0.5865 -0.0451
vn -0.3169 0.8721 -0.3729
vn -0.2171 0.9108 -0.3513
vn -0.3029 0.9107 -0.2809
vn -0.6351 0.7671 -0.0904
vn -0.8531 0.5187 0.0564
vn -0.9094 -0.2063 0.3611
vn -0.9589 0.2352 0.1586
vn -0.9591 0.2043 0.1959
vn -0.9058 -0.2076 0.3694
vn -0.8893 -0.2129 0.4048
vn -0.9549 0.2113 0.2089
vn -0.3437 -0.7891 0.5090
vn -0.5635 -0.6376 0.5253
vn -0.5657 -0.6755 0.4729
vn -0.3618 -0.7992 0.4801
vn -0.5914 -0.6642 0.4573
vn -0.4453 -0.7514 0.4869
vn 0.0941 0.2688 -0.9586
vn 0.0920 0.1845 -0.9785
vn 0.1453 0.2487 -0.9576
vn 0.1219 0.2815 -0.9518
vn 0.3411 0.6809 -0.6481
vn 0.2567 0.5977 -0.7595
vn 0.3314 0.7453 0.5785
vn 0.4027 0.9152 0.0179
vn 0.2722 0.8195 0.5043
vn 0.3603 0.9042 -0.2292
vn 0.3119 0.6583 0.6851
vn 0.3616 0.8707 0.3333
vn 0.2418 0.9266 0.2882
vn 0.2121 0.7672 0.6053
vn 0.4739 0.5971 -0.6473
vn 0.4472 0.6341 -0.6309
vn 0.4601 0.5364 -0.7075
vn 0.4194 0.3930 -0.8184
vn 0.4945 0.5678 -0.6581
vn 0.4349 0.5933 -0.6774
vn 0.3884 0.5711 -0.7232
vn 0.3790 0.6171 -0.6896
vn 0.8376 -0.3807 0.3916
vn 0.7570 -0.1681 0.6314
vn 0.3592 -0.7157 0.5990
vn 0.4753 -0.5379 0.6962
vn -0.1479 -0.9880 -0.0438
vn -0.0289 -0.8969 -0.4414
vn -0.0181 -0.9984 -0.0528
vn 0.2458 -0.9139 -0.3231
vn 0.2838 -0.9535 0.1019
vn 0.4486 -0.8395 0.3065
vn 0.8414 -0.5399 0.0243
vn 0.7426 -0.6556 -0.1368
vn 0.2849 -0.9358 -0.2077
vn 0.4767 -0.7925 -0.3803
vn -0.0067 -0.9992 -0.0383
vn 0.4637 -0.8661 -0.1868
vn 0.8175 -0.5510 -0.1675
vn 0.7426 -0.5753 -0.3429
vn 0.3929 -0.9195 -0.0112
vn 0.3599 -0.9106 0.2030
vn -0.1603 -0.9531 0.2565
vn -0.2344 -0.8674 0.4390
vn -0.0507 -0.9881 -0.1451
vn 0.2097 -0.9778 0.0027
vn 0.0076 -0.1281 0.9917
vn 0.4494 0.1751 0.8760
vn -0.1019 -0.1990 0.9747
vn 0.0414 0.8083 0.5873
vn 0.3756 0.9265 0.0206
vn 0.3389 0.9386 -0.0644
vn 0.2129 0.8598 0.4642
vn 0.7325 0.5186 -0.4410
vn 0.6536 0.5616 -0.5073
vn -0.0689 0.4004 0.9138
vn -0.2029 -0.0565 0.9776
vn 0.2400 0.2999 0.9233
vn 0.0691 -0.2611 0.9628
vn 0.4567 -0.8428 0.2847
vn 0.9363 -0.3434 -0.0739
vn 0.8239 -0.4838 -0.2953
vn 0.4721 -0.8813 0.0195
vn 0.8721 0.0402 -0.4877
vn 0.8453 0.1786 -0.5035
vn 0.7732 0.2422 -0.5861
vn 0.7197 0.2737 -0.6381
vn 0.7475 0.6178 -0.2441
vn 0.8350 0.5120 -0.2015
vn 0.8482 0.4896 0.2021
vn 0.7341 0.6754 0.0709
vn 0.7443 0.2506 0.6191
vn 0.8366 0.1819 0.5167
vn 0.4335 -0.2653 0.8612
vn -0.3391 -0.8539 0.3948
vn -0.4567 -0.8340 0.3097
vn -0.3866 -0.7997 0.4594
vn -0.3922 -0.7293 0.5607
vn -0.3528 -0.7605 0.5451
vn -0.5480 -0.7101 0.4421
vn -0.4385 -0.6347 0.6363
vn -0.6287 -0.5470 0.5528
vn -0.3573 -0.6945 0.6245
vn 0.6279 0.5784 -0.5208
vn 0.5533 0.6157 -0.5611
vn 0.6129 0.6327 -0.4733
vn 0.6525 0.6050 -0.4563
vn 0.4680 0.7256 -0.5045
vn 0.3121 0.6998 -0.6426
vn 0.5214 0.7497 -0.4075
vn 0.6407 0.6515 -0.4063
vn 0.6953 0.6017 -0.3930
vn -0.3456 -0.6778 0.6490
vn -0.3969 -0.7489 0.5307
vn -0.3325 -0.7883 0.5177
vn -0.2915 -0.7069 0.6445
vn -0.1835 -0.7608 0.6225
vn -0.2347 -0.8392 0.4906
vn 0.8529 -0.3428 -0.3938
vn 0.6508 -0.7568 -0.0611
vn 0.6880 -0.7226 -0.0677
vn 0.8203 -0.5498 -0.1577
vn 0.8192 -0.3796 -0.4300
vn 0.6280 -0.7759 -0.0601
vn 0.4379 -0.8882 0.1393
vn 0.5020 -0.8586 0.1041
vn 0.6009 -0.7991 0.0182
vn 0.5495 -0.8221 -0.1488
vn 0.2590 -0.9619 0.0878
vn 0.7050 -0.6297 -0.3262
vn 0.6809 -0.0426 -0.7311
vn 0.3299 0.4926 -0.8053
vn 0.6143 0.3575 -0.7035
vn 0.4048 0.6257 -0.6668
vn 0.7149 0.3755 -0.5898
vn 0.9403 -0.0255 -0.3394
vn 0.4520 0.7546 -0.4757
vn 0.4733 0.7098 -0.5217
vn 0.1356 0.5126 -0.8478
vn 0.2830 0.4651 -0.8388
vn 0.1842 0.3574 -0.9156
vn 0.1152 0.3983 -0.9100
vn 0.3292 0.3983 -0.8561
vn 0.4178 0.4757 -0.7741
vn 0.4109 0.5555 -0.7229
vn 0.5452 0.5387 -0.6424
vn 0.1788 0.6203 -0.7637
vn -0.0528 -0.8017 0.5954
vn 0.3161 -0.8509 0.4196
vn 0.1900 -0.8056 0.5611
vn 0.5654 -0.7604 0.3195
vn 0.8169 -0.5739 0.0572
vn 0.4638 0.5542 -0.6912
vn 0.4519 0.5919 -0.6674
vn 0.4827 0.6131 -0.6254
vn 0.5240 0.5292 -0.6674
vn 0.4101 0.7088 -0.5739
vn 0.4599 0.6703 -0.5824
vn 0.4466 0.5651 -0.6937
vn 0.3802 0.6251 -0.6817
vn 0.5025 0.5037 -0.7027
vn 0.8566 -0.5156 0.0210
vn 0.8980 -0.4351 -0.0658
vn 0.5168 -0.7787 0.3559
vn 0.5051 -0.8300 0.2365
vn 0.7377 -0.6447 -0.2004
vn 0.8457 -0.4742 -0.2449
vn 0.3508 -0.9360 -0.0290
vn 0.1112 -0.9937 0.0164
vn 0.8282 -0.5420 -0.1428
vn 0.3743 -0.9212 0.1066
vn 0.8917 0.2866 -0.3503
vn 0.4105 0.8810 -0.2351
vn 0.5693 0.7708 -0.2858
vn 0.5457 0.7271 -0.4166
vn 0.3845 0.8134 -0.4365
vn -0.4660 -0.6934 0.5497
vn -0.5082 -0.7071 0.4917
vn -0.4993 -0.5030 0.7055
vn -0.4585 -0.5925 0.6623
vn -0.4229 -0.4296 0.7979
vn -0.4398 -0.6713 0.5965
vn 0.8283 0.4005 -0.3918
vn 0.8532 0.5215 -0.0097
vn 0.6615 0.7407 -0.1176
vn 0.5433 0.6832 -0.4879
vn 0.7100 0.2013 -0.6749
vn 0.3705 0.5291 -0.7634
vn 0.0907 -0.7721 0.6291
vn 0.1529 -0.7625 0.6287
vn 0.0195 -0.8860 0.4633
vn 0.0830 -0.9006 0.4266
vn -0.0065 -0.9962 0.0867
vn -0.0787 -0.9740 0.2125
vn 0.2324 0.9611 -0.1490
vn 0.3987 0.8823 -0.2501
vn 0.4694 0.8382 -0.2777
vn 0.3278 0.9336 -0.1449
vn 0.3703 0.9186 -0.1377
vn 0.2603 0.9651 0.0271
vn -0.1981 -0.9212 0.3348
vn -0.2526 -0.9040 0.3448
vn -0.2980 -0.8709 0.3908
vn -0.2196 -0.8711 0.4392
vn -0.2496 -0.8703 0.4246
vn -0.3467 -0.8870 0.3050
vn -0.2144 -0.7922 0.5713
vn -0.2998 -0.8364 0.4588
vn -0.2006 -0.7967 0.5701
vn -0.2792 -0.5952 0.7535
vn 0.0316 -0.9080 0.4179
vn -0.0055 -0.8960 0.4441
vn -0.1620 -0.6616 0.7321
vn -0.3104 -0.2624 0.9137
vn -0.1097 -0.4099 0.9055
vn 0.5706 0.4927 -0.6570
vn 0.5127 0.3969 -0.7613
vn 0.5423 0.3553 -0.7614
vn 0.6613 0.2819 -0.6951
vn 0.5528 0.2913 -0.7808
vn 0.5180 0.3903 -0.7611
vn 0.4711 0.5793 -0.6652
vn 0.4854 0.4587 -0.7443
vn 0.6401 0.3209 -0.6981
vn 0.2618 0.8322 -0.4888
vn 0.2623 0.8687 -0.4202
vn 0.2721 0.8677 -0.4161
vn 0.2626 0.9609 0.0877
vn 0.2568 0.9664 0.0108
vn 0.2945 0.9483 -0.1183
vn 0.2516 0.9671 0.0366
vn 0.2839 0.9306 -0.2310
vn 0.2848 0.9482 -0.1410
vn 0.3476 0.9138 -0.2100
vn 0.2530 0.9551 -0.1541
vn 0.1853 0.9821 -0.0345
vn 0.4038 0.8715 -0.2782
vn 0.4036 0.8856 -0.2297
vn 0.2441 0.9296 -0.2762
vn 0.3163 0.8714 -0.3750
vn 0.3293 0.9113 -0.2473
vn 0.4368 0.8179 -0.3745
vn 0.8862 -0.1120 -0.4495
vn 0.8229 -0.1786 -0.5394
vn 0.6349 0.3558 -0.6858
vn 0.6369 0.3951 -0.6620
vn 0.6490 0.4494 -0.6139
vn 0.9292 -0.0245 -0.3687
vn -0.3924 -0.6595 0.6411
vn -0.4362 -0.6536 0.6185
vn -0.4381 -0.6394 0.6319
vn -0.4095 -0.6872 0.6000
vn -0.4441 -0.6546 0.6118
vn -0.3865 -0.6144 0.6878
vn -0.3140 -0.9431 0.1096
vn -0.4263 -0.8149 0.3926
vn -0.4175 -0.7248 0.5480
vn -0.3512 -0.9211 0.1682
vn -0.4282 -0.7686 0.4752
vn -0.3549 -0.9257 0.1308
vn 0.8941 0.2140 0.3934
vn 0.5681 -0.6369 0.5212
vn 0.3334 -0.6752 0.6580
vn 0.5589 0.8287 -0.0306
vn 0.8053 0.3665 0.4659
vn 0.5281 0.8457 0.0772
vn 0.6565 0.6986 -0.2845
vn 0.9326 0.3489 0.0920
vn 0.5588 -0.5606 0.6111
vn 0.8714 0.2642 0.4134
vn 0.6274 0.7766 0.0564
vn 0.4832 -0.4238 0.7661
vn 0.2668 0.9473 -0.1774
vn 0.2985 0.9491 -0.1006
vn 0.3949 0.6405 -0.6586
vn 0.4107 0.6557 -0.6336
vn 0.3039 0.9508 -0.0598
vn 0.4097 0.3652 -0.8359
vn 0.3801 0.2647 -0.8863
vn -0.2958 -0.9529 -0.0667
vn -0.1920 -0.8941 -0.4047
vn -0.4121 -0.9104 0.0370
vn -0.4048 -0.8892 0.2133
vn -0.3077 -0.9514 0.0128
vn -0.0971 -0.8653 -0.4917
vn -0.1870 -0.9257 -0.3288
vn -0.1474 -0.9054 -0.3981
vn -0.2445 -0.9653 -0.0911
vn 0.8081 0.5344 -0.2479
vn 0.9786 0.0519 0.1989
vn 0.9109 0.0792 0.4049
vn 0.7870 0.4676 -0.4026
vn 0.2771 -0.6338 0.7222
vn 0.2342 -0.5230 0.8195
vn 0.8721 0.2494 -0.4210
vn 0.9854 -0.1292 0.1112
vn 0.5082 -0.6588 0.5547
vn 0.5433 0.6735 -0.5013
vn 0.4543 0.7239 -0.5192
vn 0.5963 0.5483 -0.5864
vn 0.4991 0.5212 -0.6923
vn 0.4247 0.6770 -0.6010
vn 0.4161 0.4266 -0.8031
vn 0.4766 0.4327 -0.7653
vn 0.4213 0.5630 -0.7110
vn 0.6155 0.4471 -0.6490
vn 0.3036 0.2989 0.9047
vn 0.2052 0.8385 0.5048
vn 0.2112 0.9698 0.1221
vn 0.4155 0.5987 0.6848
vn 0.0431 -0.2915 0.9556
vn 0.2251 -0.2820 0.9326
vn -0.4244 -0.7913 0.4402
vn -0.4387 -0.7816 0.4435
vn -0.5304 -0.6435 0.5519
vn -0.5194 -0.6602 0.5425
vn -0.5117 -0.7368 0.4419
vn -0.3954 -0.8311 0.3911
vn 0.7545 0.4472 -0.4803
vn 0.7268 0.3813 -0.5713
vn 0.8419 0.1899 -0.5052
vn 0.8836 0.2247 -0.4108
vn 0.8419 0.1951 -0.5030
vn 0.7209 0.4129 -0.5566
vn 0.7739 0.3605 -0.5207
vn 0.7809 0.3283 -0.5315
vn 0.8803 0.2358 -0.4117
vn 0.2062 0.8052 -0.5560
vn 0.2554 0.8234 -0.5067
vn 0.2447 0.8455 -0.4745
vn 0.0912 0.4916 -0.8661
vn 0.0627 0.3975 -0.9155
vn 0.0756 0.3610 -0.9295
vn 0.1544 0.5026 -0.8506
vn 0.1978 0.5416 -0.8170
vn 0.3418 0.6557 -0.6732
vn 0.3116 0.8331 0.4570
vn 0.2433 0.9429 0.2275
vn 0.4848 0.8715 0.0743
vn 0.5701 0.7984 0.1937
vn 0.6096 0.7925 -0.0165
vn 0.4625 0.8740 0.1490
vn 0.3571 0.7668 -0.5334
vn 0.4315 0.7279 -0.5330
vn 0.4325 0.6687 -0.6048
vn 0.2965 0.7177 -0.6301
vn 0.3892 0.5991 -0.6997
vn 0.2987 0.6450 -0.7033
vn 0.4072 0.3436 -0.8462
vn 0.4180 0.3780 -0.8261
vn 0.3818 0.2751 -0.8824
vn 0.4192 0.2631 -0.8689
vn 0.3869 0.5835 -0.7141
vn 0.4705 0.6110 -0.6366
vn -0.3093 -0.8694 0.3853
vn -0.1981 -0.7981 0.5690
vn -0.0312 -0.8784 0.4769
vn -0.1935 -0.9344 0.2990
vn 0.0050 -0.7660 0.6428
vn -0.0814 -0.6442 0.7606
vn -0.3584 -0.9325 -0.0441
vn -0.3677 -0.9295 -0.0278
vn -0.3560 -0.9262 -0.1244
vn -0.3945 -0.9182 0.0349
vn -0.3349 -0.9367 0.1016
vn -0.3900 -0.8851 0.2541
vn -0.3029 -0.6844 0.6632
vn -0.3364 -0.7339 0.5901
vn -0.0438 -0.8190 0.5721
vn -0.0682 -0.7577 0.6490
vn -0.1639 -0.8784 0.4490
vn -0.3950 -0.7843 0.4784
vn 0.0846 0.9948 0.0560
vn 0.2532 0.9432 -0.2149
vn 0.1623 0.9457 -0.2815
vn -0.0406 0.9966 -0.0715
vn 0.5567 0.5843 -0.5905
vn 0.4793 0.5695 -0.6678
vn 0.5865 0.7490 -0.3083
vn 0.4199 0.7935 -0.4404
vn 0.4109 0.8788 -0.2426
vn 0.5255 0.8453 -0.0966
vn 0.6145 0.5177 -0.5952
vn 0.3448 0.7941 -0.5005
vn 0.4167 0.8091 -0.4145
vn 0.4384 0.5687 -0.6960
vn 0.4780 0.6147 -0.6274
vn 0.5216 0.5661 -0.6383
vn 0.6215 0.5547 -0.5533
vn 0.0560 0.9041 -0.4236
vn 0.3256 0.8488 -0.4166
vn 0.1937 0.8186 -0.5408
vn 0.0273 0.8518 -0.5232
vn 0.0809 0.7528 -0.6533
vn 0.1458 0.7448 -0.6512
vn 0.1571 0.5065 -0.8478
vn 0.1832 0.4521 -0.8729
vn 0.0755 0.5302 -0.8445
vn 0.1245 0.5850 -0.8014
vn 0.1615 0.4613 -0.8724
vn 0.2428 0.5631 -0.7899
vn 0.4170 0.6935 -0.5875
vn 0.0964 0.5041 -0.8582
vn 0.1170 0.6024 -0.7896
vn 0.5750 0.7862 -0.2265
vn 0.5330 0.7808 -0.3259
vn 0.6542 0.7536 0.0635
vn 0.6797 0.7119 0.1766
vn 0.6794 0.7312 0.0611
vn 0.4014 0.7854 -0.4712
vn 0.6847 0.6989 -0.2065
vn 0.4402 0.8728 -0.2107
vn 0.4676 0.8605 -0.2024
vn 0.7279 0.6398 -0.2467
vn 0.1836 0.9794 -0.0839
vn 0.1656 0.9729 -0.1612
vn 0.2778 0.9393 -0.2011
vn 0.3935 0.8377 -0.3787
vn 0.4001 0.8323 -0.3837
vn 0.3021 0.9335 -0.1930
vn 0.3726 0.7437 -0.5551
vn 0.3808 0.6591 -0.6486
vn 0.4737 0.5739 -0.6681
vn 0.3710 0.8315 -0.4135
vn 0.3083 0.9305 -0.1977
vn 0.4471 0.5728 -0.6870
vn 0.4566 0.5617 -0.6899
vn 0.4302 0.5593 -0.7086
vn 0.4353 0.5929 -0.6775
vn 0.4698 0.3410 -0.8143
vn 0.5522 0.2365 -0.7995
vn 0.4329 0.5472 -0.7163
vn 0.4249 0.5523 -0.7172
vn 0.0043 -0.8648 0.5022
vn -0.1047 -0.9153 0.3890
vn -0.1717 -0.8820 0.4388
vn -0.0507 -0.8064 0.5891
vn -0.2665 -0.9486 0.1708
vn -0.2417 -0.9653 0.0985
vn -0.2159 -0.9627 0.1633
vn -0.3229 -0.9234 0.2075
vn -0.1924 -0.7697 0.6087
vn -0.0601 -0.8142 0.5775
vn -0.0899 -0.9942 0.0591
vn -0.0014 -0.9972 0.0743
vn 0.0981 -0.8728 0.4781
vn 0.0319 -0.9596 0.2797
vn 0.2022 -0.9147 0.3499
vn 0.0254 -0.6002 0.7995
vn -0.0487 -0.5092 0.8592
vn -0.0987 -0.5488 0.8301
vn -0.2249 -0.7765 0.5886
vn -0.2732 -0.8676 0.4155
vn 0.0629 -0.7198 0.6914
vn -0.2638 -0.7526 0.6034
vn -0.3293 -0.8334 0.4438
vn -0.3802 -0.7873 0.4855
vn -0.4037 -0.7271 0.5552
vn -0.3583 -0.8517 0.3824
vn -0.2545 -0.9617 -0.1022
vn -0.1413 -0.9486 -0.2833
vn -0.3929 -0.8618 0.3209
vn -0.3086 -0.8006 0.5136
vn -0.4317 -0.8851 0.1737
vn -0.3749 -0.8608 0.3443
vn -0.4128 -0.8492 0.3292
vn -0.4724 -0.8648 0.1701
vn -0.3859 -0.7808 0.4914
vn -0.4069 -0.6986 0.5886
vn -0.4127 -0.6339 0.6541
vn -0.1674 -0.9389 0.3006
vn -0.2551 -0.9549 0.1518
vn -0.4310 -0.6329 0.6432
vn -0.2666 -0.4641 0.8447
vn -0.3450 -0.6113 0.7122
vn -0.3191 -0.6735 0.6668
vn -0.0842 -0.5923 0.8013
vn -0.2841 -0.8368 0.4681
vn -0.2089 -0.8693 0.4479
vn 0.0556 -0.8467 0.5292
vn -0.2365 -0.8603 0.4517
vn 0.0079 -0.7073 0.7068
vn 0.0510 -0.4737 0.8792
vn 0.1321 -0.6225 0.7714
vn 0.1786 -0.7844 0.5940
vn -0.1117 -0.2806 0.9533
vn -0.2974 -0.4463 0.8440
vn -0.4054 -0.6964 0.5922
vn -0.3719 -0.7526 0.5434
vn -0.3660 -0.8381 0.4046
vn -0.4618 -0.6698 0.5815
vn -0.2414 -0.8692 0.4316
vn -0.1366 -0.9868 0.0872
vn 0.0054 -0.9998 0.0216
vn -0.1156 -0.9459 0.3033
vn -0.1547 -0.8421 0.5167
vn -0.2373 -0.8894 0.3907
vn 0.0087 -0.8730 0.4877
vn -0.0668 -0.8959 0.4392
vn -0.1194 -0.7417 0.6600
vn -0.0387 -0.7581 0.6510
vn -0.1038 -0.7420 0.6623
vn -0.3966 -0.7123 0.5791
vn -0.2456 -0.6980 0.6726
vn -0.3042 -0.6678 0.6794
vn -0.4733 -0.6350 0.6105
vn -0.5333 -0.5755 0.6201
vn -0.3868 -0.6275 0.6758
vn -0.4370 -0.6739 0.5957
vn -0.4516 -0.6991 0.5543
vn -0.0463 -0.5571 0.8291
vn -0.0935 -0.6284 0.7722
vn -0.4085 -0.7068 0.5775
vn -0.1197 -0.5690 0.8136
vn -0.4083 -0.7368 0.5389
vn -0.5571 -0.5898 0.5846
vn -0.6778 -0.4947 0.5440
vn -0.4104 -0.7413 0.5311
vn -0.8632 -0.0741 0.4993
vn -0.8259 -0.1998 0.5272
vn -0.8745 0.3463 0.3395
vn -0.9000 0.2515 0.3560
vn -0.7376 0.6619 0.1338
vn -0.7125 0.6913 0.1200
vn -0.4247 0.8988 -0.1084
vn -0.4112 0.9081 -0.0788
vn -0.0876 0.9650 -0.2472
vn -0.1607 0.9501 -0.2672
vn 0.3299 0.8570 -0.3958
vn 0.3057 0.8457 -0.4374
vn 0.7422 0.4621 -0.4854
vn 0.7304 0.5280 -0.4332
vn 0.9126 0.1507 -0.3801
vn 0.9073 0.0959 -0.4093
vn 0.9090 0.1031 -0.4038
vn 0.9107 0.1758 -0.3739
vn 0.2247 0.9676 -0.1147
vn 0.0029 0.9963 -0.0860
vn 0.1866 0.9774 -0.0996
vn 0.2839 0.9442 -0.1667
vn 0.0847 0.9919 -0.0947
vn 0.2174 0.9297 -0.2972
vn 0.5135 0.5167 -0.6850
vn 0.0233 0.9997 0.0108
vn 0.1249 0.9797 -0.1570
vn 0.5721 0.2285 -0.7877
vn 0.5677 0.2618 -0.7805
vn 0.5539 0.3809 -0.7404
vn 0.5334 0.4884 -0.6906
vn 0.5081 0.6603 -0.5530
vn 0.5810 0.4818 -0.6560
vn 0.6265 0.4022 -0.6677
vn 0.5956 0.5492 -0.5861
vn 0.6235 0.3402 -0.7039
vn 0.6334 0.2782 -0.7221
vn 0.1614 0.9864 -0.0319
vn 0.3034 0.9494 -0.0807
vn 0.0874 0.9936 -0.0714
vn 0.1170 0.9908 -0.0685
vn 0.2235 0.9452 -0.2382
vn 0.3464 0.8156 -0.4635
vn 0.4682 0.8817 -0.0579
vn 0.3241 0.9457 -0.0259
vn 0.2964 0.9317 -0.2099
vn 0.2240 0.9505 -0.2154
vn 0.3998 0.7878 -0.4685
vn 0.5273 0.6467 -0.5512
vn 0.3137 0.9321 -0.1812
vn -0.2118 -0.6675 0.7139
vn -0.3509 -0.6697 0.6545
vn -0.2938 -0.7874 0.5419
vn -0.1348 -0.8149 0.5637
vn 0.1844 -0.8825 0.4326
vn -0.0388 -0.8978 0.4387
vn -0.4484 -0.7342 0.5099
vn -0.3247 -0.8352 0.4438
vn -0.4994 -0.6214 0.6038
vn 0.2105 0.8408 -0.4987
vn -0.0823 0.9100 -0.4064
vn 0.3529 0.6643 -0.6589
vn 0.1735 -0.8721 0.4576
vn 0.3337 -0.8995 0.2820
vn 0.4787 -0.8652 0.1495
vn 0.2380 -0.9176 0.3185
vn -0.0461 -0.8978 0.4380
vn 0.0062 -0.8194 0.5732
vn 0.0892 0.6835 -0.7244
vn 0.2044 0.6514 -0.7306
vn 0.2881 0.5628 -0.7747
vn 0.5091 0.5790 -0.6369
vn 0.4091 0.6249 -0.6650
vn 0.3918 0.5607 -0.7294
vn -0.2660 -0.6996 0.6632
vn -0.4148 -0.6590 0.6274
vn -0.0861 -0.7550 0.6500
vn -0.4054 -0.8892 0.2122
vn -0.3832 -0.8901 0.2468
vn -0.3746 -0.9103 0.1759
vn 0.5197 0.8337 -0.1868
vn 0.3879 0.9171 -0.0914
vn 0.2557 0.9660 -0.0387
vn -0.4103 -0.8086 0.4217
vn -0.3957 -0.8886 0.2321
vn -0.2305 -0.9616 0.1488
vn -0.3944 -0.0963 0.9139
vn -0.5217 -0.0202 0.8529
vn -0.3053 -0.3245 0.8953
vn -0.4314 -0.3244 0.8418
vn -0.5704 0.0564 -0.8194
vn -0.1550 0.3283 -0.9318
vn -0.2087 0.5601 -0.8017
vn -0.6497 0.2944 -0.7009
vn -0.8483 -0.4682 0.2473
vn -0.9479 -0.1509 -0.2807
vn -0.8370 -0.3354 -0.4324
vn -0.8396 -0.5412 0.0458
vn -0.6663 0.6007 -0.4419
vn -0.1908 0.8034 -0.5641
vn -0.5636 0.8137 -0.1426
vn -0.1555 0.9535 -0.2583
vn -0.9719 0.2262 0.0646
vn -0.8141 -0.2185 0.5380
vn -0.6215 0.1469 0.7695
vn -0.7191 0.6004 0.3497
vn -0.2868 0.5672 0.7720
vn -0.1860 0.9432 0.2752
vn -0.4267 -0.2193 0.8774
vn -0.2764 -0.0473 0.9599
vn -0.5457 -0.4037 0.7343
vn -0.6293 -0.4999 0.5950
vn -0.7149 -0.5419 0.4419
vn 0.5391 0.7454 -0.3921
vn 0.6708 0.6205 -0.4061
vn 0.7521 0.4973 -0.4325
vn 0.6332 0.6487 -0.4222
vn 0.7382 0.4926 -0.4608
vn 0.7126 0.5570 -0.4265
vn 0.9068 0.2742 -0.3202
vn 0.8798 0.3654 -0.3041
vn 0.7745 0.4902 -0.4000
vn 0.7748 0.4783 -0.4135
vn 0.6361 0.6780 -0.3683
vn 0.5704 0.7395 -0.3575
vn 0.5473 0.7582 -0.3545
vn 0.5855 0.7250 -0.3627
vn 0.6956 0.6082 -0.3824
vn 0.7413 0.5457 -0.3907
vn 0.7066 0.6153 -0.3495
vn 0.6397 0.6781 -0.3620
vn 0.7592 0.5494 -0.3489
vn 0.7710 0.5427 -0.3333
vn 0.5249 0.7612 -0.3809
vn 0.3397 0.8673 -0.3638
vn 0.3705 0.8033 -0.4663
vn 0.4527 0.7177 -0.5292
vn 0.3563 0.7711 -0.5277
vn 0.4551 0.6946 -0.5571
vn 0.6954 0.4868 -0.5286
vn 0.6469 0.4919 -0.5827
vn 0.7049 0.4388 -0.5573
vn 0.7164 0.4483 -0.5346
vn 0.8368 0.3146 -0.4481
vn 0.7543 0.4134 -0.5100
vn 0.5351 0.6160 -0.5781
vn 0.5319 0.6225 -0.5742
vn 0.5772 0.5525 -0.6013
vn 0.5940 0.5495 -0.5875
vn 0.6708 0.5479 -0.4998
vn 0.6167 0.6449 -0.4513
vn 0.6783 0.5211 -0.5181
vn 0.6105 0.5103 -0.6057
vn 0.6645 0.4876 -0.5663
vn 0.3181 0.9087 -0.2703
vn 0.5085 0.7913 -0.3395
vn 0.5315 0.7932 -0.2972
vn 0.3933 0.9102 -0.1299
vn 0.7510 0.4444 -0.4885
vn 0.7823 0.4804 -0.3965
vn 0.8329 0.3916 -0.3911
vn 0.8249 0.3127 -0.4709
vn 0.6728 0.5666 -0.4756
vn 0.7079 0.5588 -0.4320
vn 0.7370 0.5395 -0.4071
vn 0.6829 0.5454 -0.4860
vn 0.6515 0.6370 -0.4119
vn 0.6602 0.6129 -0.4342
vn 0.4132 0.9098 0.0382
vn 0.3995 0.9126 -0.0874
vn 0.5581 0.7875 -0.2614
vn 0.6571 0.7414 -0.1363
vn 0.7158 0.5520 -0.4277
vn 0.7089 0.5852 -0.3938
vn 0.8679 0.4941 0.0511
vn 0.8870 0.4574 0.0633
vn 0.6756 0.2861 0.6795
vn 0.4054 0.6103 0.6806
vn -0.1352 -0.4865 0.8632
vn 0.1074 -0.4225 0.9000
vn 0.5493 0.0599 0.8335
vn 0.5981 -0.0230 0.8011
vn 0.0211 -0.4096 0.9120
vn -0.1763 -0.3413 0.9233
vn -0.3600 -0.7882 0.4991
vn -0.2809 -0.7954 0.5371
vn -0.1162 -0.6443 0.7559
vn -0.2614 -0.7406 0.6190
vn -0.6437 -0.4521 0.6175
vn -0.5123 -0.5530 0.6571
vn -0.3161 -0.5217 0.7924
vn -0.5429 -0.4699 0.6960
vn -0.5035 -0.6594 0.5583
vn -0.4107 -0.7378 0.5357
vn -0.4482 -0.7329 0.5118
vn -0.5458 -0.6568 0.5203
vn -0.4839 -0.6565 0.5787
vn -0.3489 -0.7556 0.5543
vn -0.4288 -0.7812 0.4537
vn -0.2883 -0.8367 0.4657
vn -0.3872 -0.8494 0.3587
vn -0.5382 -0.7576 0.3693
vn -0.6532 -0.5578 0.5120
vn -0.7167 -0.4545 0.5289
vn -0.7138 -0.5058 0.4844
vn -0.6999 -0.5580 0.4459
vn -0.6375 -0.5800 0.5072
vn -0.6488 -0.4996 0.5740
vn -0.6190 -0.5181 0.5903
vn -0.5852 -0.6356 0.5036
vn -0.5461 -0.6639 0.5109
vn -0.6228 -0.5756 0.5299
vn -0.6610 -0.5608 0.4986
vn -0.5058 -0.7239 0.4691
vn -0.3768 -0.8324 0.4063
vn -0.4019 -0.8282 0.3906
vn -0.5510 -0.6967 0.4593
vn -0.6287 -0.5842 0.5132
vn -0.6547 -0.5178 0.5507
vn -0.6706 -0.5403 0.5083
vn -0.6446 -0.5778 0.5006
vn -0.6741 -0.5379 0.5062
vn -0.6341 -0.5422 0.5513
vn -0.5781 -0.7207 0.3825
vn -0.4624 -0.8184 0.3410
vn -0.4483 -0.8183 0.3599
vn -0.5564 -0.7168 0.4203
vn -0.3788 -0.8762 0.2980
vn -0.3826 -0.8649 0.3248
vn -0.6544 -0.5923 0.4700
vn -0.6783 -0.5492 0.4881
vn -0.6972 -0.5696 0.4352
vn -0.6734 -0.6150 0.4103
vn -0.3888 -0.7837 0.4844
vn -0.4812 -0.7563 0.4432
vn -0.4558 -0.7603 0.4628
vn -0.6219 -0.6652 0.4133
vn -0.6195 -0.6563 0.4307
vn -0.4262 -0.8033 0.4160
vn -0.4114 -0.7880 0.4580
vn -0.4903 -0.7461 0.4505
vn -0.5290 -0.7293 0.4339
vn -0.5014 -0.7286 0.4667
vn -0.4996 -0.7715 0.3939
vn -0.5478 -0.7339 0.4017
vn -0.5874 -0.7075 0.3930
vn -0.5565 -0.6507 0.5166
vn -0.4944 -0.7649 0.4129
vn -0.2340 -0.8407 0.4884
vn 0.3402 0.9247 -0.1707
vn 0.1547 0.9312 -0.3300
vn 0.1364 0.9831 -0.1218
vn 0.5752 0.8167 0.0470
vn 0.3106 0.9271 0.2100
vn 0.4603 0.8197 0.3410
vn 0.5639 0.7498 -0.3461
vn 0.3430 0.8269 -0.4456
vn 0.2026 0.8870 -0.4149
vn 0.6996 0.7112 0.0694
vn 0.6151 0.6589 0.4331
vn 0.7409 0.6618 -0.1145
vn 0.6979 0.6702 -0.2526
vn 0.6996 0.6958 -0.1626
vn 0.6833 0.7216 -0.1114
vn 0.7002 0.7139 -0.0058
vn 0.7585 0.6517 -0.0033
vn 0.7692 0.6292 0.1112
vn 0.7209 0.6896 0.0698
vn 0.7258 0.6726 -0.1442
vn 0.7354 0.6704 -0.0986
vn 0.9696 0.0905 0.2272
vn 0.5816 0.6765 0.4517
vn 0.6943 0.1893 0.6943
vn 0.7328 -0.6785 -0.0511
vn 0.8652 -0.3931 0.3112
vn 0.7452 -0.6435 -0.1749
vn 0.5368 -0.7714 0.3419
vn 0.9275 0.2742 0.2539
vn 0.6248 0.6838 0.3769
vn 0.7637 0.1349 0.6313
vn 0.9505 -0.1742 0.2573
vn 0.8851 0.4635 0.0417
vn 0.7225 0.6053 0.3341
vn 0.7878 0.4424 -0.4286
vn 0.9180 -0.2529 -0.3056
vn 0.2869 0.9539 -0.0878
vn 0.4128 0.8774 -0.2446
vn 0.3537 0.8336 -0.4244
vn 0.2445 0.5673 0.7864
vn 0.0618 0.8006 0.5960
vn 0.0262 0.9974 -0.0670
vn 0.2760 0.9330 -0.2311
vn 0.0727 0.9009 -0.4279
vn 0.2594 0.9163 -0.3053
vn 0.3387 0.9399 0.0441
vn 0.4031 0.7848 0.4708
vn -0.1102 0.9845 -0.1368
vn 0.4314 0.7172 0.5473
vn -0.3110 0.8922 -0.3274
vn -0.2298 0.9260 -0.2997
vn -0.0548 0.9943 0.0920
vn 0.0758 0.9967 0.0300
vn -0.2309 0.8676 -0.4405
vn 0.4600 0.6949 0.5527
vn 0.5093 0.7149 0.4791
vn -0.0522 0.9916 -0.1181
vn -0.5174 0.8083 -0.2809
vn 0.6073 0.3334 0.7212
vn 0.5294 0.1204 0.8398
vn 0.5457 0.4915 0.6787
vn 0.5866 0.5263 0.6156
vn -0.9003 -0.3897 0.1940
vn -0.9547 -0.2704 0.1242
vn -0.9019 -0.3120 0.2987
vn -0.8196 -0.4844 0.3061
vn -0.7748 -0.5527 0.3070
vn -0.6993 -0.5498 0.4568
vn -0.1106 -0.9879 0.1084
vn 0.1092 -0.7248 0.6803
vn 0.1854 -0.8367 0.5154
vn -0.2890 -0.9566 -0.0383
vn -0.0599 -0.9952 -0.0770
vn -0.2460 -0.9574 -0.1509
vn 0.1866 -0.2593 0.9476
vn -0.0310 -0.4606 0.8871
vn 0.2342 -0.4010 0.8856
vn 0.3923 -0.2925 0.8721
vn 0.2943 0.6322 -0.7167
vn 0.3436 0.6981 -0.6282
vn 0.3454 0.7224 -0.5990
vn 0.3219 0.4811 -0.8154
vn 0.0087 -1.0000 -0.0039
vn -0.1678 -0.9858 -0.0044
vn -0.2066 -0.9717 0.1145
vn -0.0186 -0.9846 0.1739
vn -0.2595 -0.9469 0.1901
vn -0.1406 -0.9186 0.3693
vn -0.3542 -0.7432 0.5677
vn -0.3350 -0.6059 0.7215
vn -0.2486 -0.6619 0.7072
vn -0.3086 -0.6170 0.7239
vn 0.5033 0.2920 -0.8133
vn 0.3534 0.2547 -0.9001
vn 0.4503 0.5712 -0.6863
vn 0.5416 0.5479 -0.6376
vn 0.5431 0.5722 -0.6145
vn 0.4840 0.5895 -0.6467
vn 0.4961 0.8679 0.0239
vn 0.4558 0.8345 0.3097
vn 0.3779 0.8766 0.2979
vn 0.4896 0.8710 -0.0414
vn 0.2953 0.8584 0.4195
vn 0.4200 0.8002 0.4281
vn -0.4989 -0.6428 0.5813
vn -0.5798 -0.6795 0.4495
vn -0.4389 -0.8388 0.3222
vn -0.3710 -0.8545 0.3636
vn -0.6503 0.7587 0.0379
vn -0.8417 0.4844 0.2385
vn -0.3250 0.9295 -0.1742
vn -0.2193 0.9753 0.0282
vn -0.5440 0.7892 0.2848
vn -0.7667 0.4365 0.4709
vn 0.2905 0.8733 -0.3910
vn 0.3753 0.9007 -0.2190
vn 0.7816 0.4773 -0.4016
vn 0.8163 0.5351 -0.2176
vn 0.9387 0.1735 -0.2978
vn 0.9178 0.2555 -0.3038
vn 0.9610 0.1918 -0.1991
vn 0.9725 0.0469 -0.2280
vn 0.8900 0.2620 -0.3731
vn 0.9254 0.1852 -0.3305
vn 0.8084 0.4055 -0.4267
vn 0.8149 0.4199 -0.3995
vn 0.7946 0.1501 -0.5883
vn 0.7777 0.2285 -0.5857
vn 0.7188 0.4188 -0.5550
vn 0.7274 0.3889 -0.5653
vn 0.6834 0.5120 -0.5204
vn 0.6799 0.4836 -0.5512
vn 0.4182 0.8795 0.2271
vn 0.4823 0.8758 0.0195
vn 0.3836 0.9235 -0.0008
vn 0.3490 0.9223 0.1660
vn 0.4276 0.8997 -0.0875
vn 0.5195 0.8474 -0.1096
vn 0.4189 0.8933 0.1629
vn 0.4242 0.9045 0.0435
vn 0.6227 0.6746 -0.3964
vn 0.5940 0.7166 -0.3656
vn 0.5893 0.7105 -0.3845
vn 0.6338 0.6734 -0.3805
vn 0.5525 0.7422 -0.3794
vn 0.5464 0.7706 -0.3280
vn 0.4314 0.8493 -0.3042
vn 0.5088 0.7745 -0.3759
vn 0.6124 0.7326 -0.2971
vn 0.6273 0.6378 -0.4468
vn 0.6288 0.6386 -0.4436
vn 0.5861 0.7459 -0.3164
vn 0.5809 0.7903 -0.1948
vn 0.5066 0.8396 -0.1962
vn 0.3706 0.8143 -0.4467
vn 0.4738 0.7641 -0.4377
vn 0.5094 0.7388 -0.4413
vn 0.4225 0.7625 -0.4900
vn -0.3997 -0.8708 0.2863
vn -0.3615 -0.8657 0.3462
vn -0.3360 -0.7095 0.6194
vn -0.3479 -0.7138 0.6078
vn -0.5235 -0.7044 0.4794
vn -0.4298 -0.6800 0.5940
vn -0.4954 -0.6594 0.5655
vn -0.5684 -0.6800 0.4631
vn -0.4645 -0.7257 0.5075
vn -0.3736 -0.6955 0.6138
vn -0.3718 -0.7008 0.6088
vn -0.4116 -0.6861 0.5999
vn -0.4007 -0.8826 -0.2457
vn -0.4460 -0.8443 0.2971
vn -0.4331 -0.8609 0.2670
vn -0.2903 -0.9291 -0.2289
vn -0.4305 -0.8440 0.3199
vn -0.4469 -0.6954 0.5627
vn -0.4522 -0.8681 -0.2046
vn -0.4374 -0.7268 0.5296
vn -0.3660 -0.6806 0.6346
vn -0.5793 -0.6725 0.4606
vn -0.5300 -0.6523 0.5418
vn 0.5963 0.6833 -0.4213
vn 0.6523 0.5955 -0.4689
vn 0.6590 0.6049 -0.4470
vn 0.6662 0.6311 -0.3973
vn 0.6357 0.5759 -0.5141
vn 0.6203 0.6086 -0.4948
vn 0.4406 0.7325 -0.5189
vn 0.4788 0.7262 -0.4933
vn 0.6096 0.6210 -0.4927
vn 0.5138 0.7154 -0.4735
vn 0.5657 0.6848 -0.4594
vn 0.4569 0.7773 -0.4325
vn 0.3638 0.8076 -0.4641
vn 0.3801 0.8178 -0.4322
vn 0.4162 0.7431 -0.5241
vn 0.4282 0.7573 -0.4930
vn 0.4826 0.7147 -0.5063
vn 0.4246 0.7038 -0.5695
vn 0.4122 0.6958 -0.5882
vn 0.3906 0.6551 -0.6467
vn 0.5289 0.6426 -0.5544
vn 0.3759 0.7811 -0.4986
vn 0.3383 0.6984 -0.6307
vn 0.3109 0.4504 -0.8369
vn 0.4360 0.5203 -0.7343
vn 0.1719 0.4439 -0.8795
vn 0.1613 0.4990 -0.8514
vn 0.3848 0.6203 -0.6835
vn 0.0618 0.4215 -0.9047
vn -0.1325 0.2651 -0.9551
vn 0.5669 0.5713 -0.5935
vn -0.3391 -0.6156 0.7114
vn -0.3257 -0.6186 0.7150
vn -0.3217 -0.6696 0.6695
vn -0.3249 -0.6743 0.6631
vn 0.2455 0.6055 -0.7570
vn 0.3729 0.6746 -0.6370
vn -0.3468 -0.7267 0.5930
vn -0.3503 -0.7392 0.5753
vn -0.4166 -0.7842 0.4599
vn -0.3826 -0.7842 0.4885
vn -0.4581 -0.6397 0.6171
vn -0.4468 -0.7150 0.5377
vn -0.4459 -0.7079 0.5477
vn -0.4721 -0.6292 0.6174
vn -0.4052 -0.7979 0.4463
vn -0.4545 -0.7827 0.4252
vn 0.5102 0.5794 -0.6356
vn 0.5512 0.5935 -0.5865
vn 0.5571 0.5943 -0.5800
vn 0.5703 0.6304 -0.5266
vn -0.4046 -0.7909 0.4590
vn -0.4421 -0.7007 0.5600
vn -0.4628 -0.6250 0.6287
vn 0.5870 0.6157 -0.5257
vn 0.5882 0.6302 -0.5068
vn 0.6042 0.6524 -0.4576
vn 0.5854 0.6583 -0.4732
vn 0.5583 0.5663 -0.6063
vn 0.5715 0.6250 -0.5318
vn 0.5558 0.6396 -0.5311
vn 0.5505 0.5679 -0.6119
vn 0.5139 0.7141 -0.4753
vn 0.5497 0.6853 -0.4777
vn 0.4873 0.7385 -0.4659
vn 0.5139 0.6655 -0.5413
vn 0.4931 0.5957 -0.6340
vn -0.4975 -0.7949 0.3473
vn -0.4171 -0.8347 0.3597
vn -0.4635 -0.8250 0.3233
vn -0.3702 -0.8734 0.3165
vn -0.3579 -0.8431 0.4014
vn -0.4520 -0.8113 0.3707
vn -0.3072 -0.8717 0.3818
vn -0.3609 -0.8607 0.3590
vn -0.3897 -0.8302 0.3986
vn -0.3744 -0.8424 0.3875
vn 0.5898 0.6810 -0.4340
vn 0.5898 0.6894 -0.4206
vn 0.5448 0.7072 -0.4506
vn 0.5607 0.6741 -0.4808
vn 0.5148 0.7586 -0.3994
vn 0.5232 0.7451 -0.4136
vn 0.5392 0.7255 -0.4277
vn 0.4925 0.7519 -0.4382
vn -0.2945 -0.6312 0.7175
vn -0.2782 -0.8620 0.4237
vn -0.0767 -0.8408 0.5359
vn -0.0936 -0.5821 0.8077
vn 0.4596 0.7855 -0.4145
vn 0.4611 0.7723 -0.4371
vn -0.3614 -0.8342 0.4165
vn -0.3021 -0.6496 0.6977
vn -0.4186 -0.6821 0.5996
vn -0.2035 -0.5495 0.8103
vn -0.6142 -0.3308 0.7165
vn -0.3564 -0.4742 0.8051
vn -0.4339 -0.2534 0.8646
vn -0.6007 -0.1785 0.7793
vn -0.5614 -0.4207 0.7126
vn -0.5677 -0.4446 0.6928
vn 0.4801 0.8722 0.0938
vn 0.3819 0.9207 0.0801
vn 0.3968 0.8074 -0.4367
vn 0.4801 0.8038 -0.3514
vn -0.6132 -0.2851 0.7367
vn -0.6071 -0.2384 0.7580
vn -0.5746 -0.5875 0.5698
vn -0.3318 -0.8968 -0.2927
vn -0.4686 -0.8291 -0.3049
vn -0.5045 -0.8394 0.2022
vn -0.2358 -0.9374 0.2564
vn -0.5412 -0.8036 -0.2478
vn -0.6002 -0.7575 0.2569
vn 0.2826 0.5412 -0.7920
vn 0.3710 0.4646 -0.8041
vn -0.1517 -0.9647 -0.2153
vn 0.0491 -0.9310 0.3616
vn -0.4750 -0.7224 0.5024
vn -0.3177 -0.3115 0.8956
vn -0.4432 -0.3185 0.8379
vn -0.2530 -0.4146 0.8741
vn 0.1486 -0.4837 0.8626
vn 0.0033 -0.0800 0.9968
vn 0.3348 -0.1169 0.9350
vn -0.4918 -0.8664 -0.0864
vn -0.1896 -0.8229 0.5356
vn -0.2163 -0.8591 0.4638
vn -0.3011 -0.8967 0.3245
vn -0.3066 -0.8890 0.3402
vn -0.3507 -0.8871 0.3002
vn -0.3510 -0.8466 0.4001
vn 0.4128 -0.4001 0.8182
vn 0.4211 -0.2645 0.8676
vn -0.2845 -0.7841 0.5516
vn -0.3430 -0.8756 0.3400
vn -0.3950 -0.8418 0.3679
vn -0.2942 -0.8004 0.5224
vn -0.1029 -0.7650 0.6358
vn 0.1108 -0.6368 0.7630
vn 0.1348 -0.4676 0.8736
vn -0.2861 -0.9102 0.2993
vn -0.0868 -0.4056 0.9099
vn 0.5077 0.8564 -0.0939
vn 0.5210 0.7989 -0.3007
vn 0.4980 0.8362 -0.2298
vn 0.4816 0.8729 -0.0780
vn 0.5168 0.7651 -0.3840
vn 0.5414 0.7318 -0.4140
vn -0.5966 -0.5677 0.5673
vn -0.4315 -0.5352 0.7262
vn -0.5662 -0.2964 0.7691
vn -0.7461 -0.2829 0.6028
vn -0.5754 -0.3968 0.7152
vn -0.5069 -0.5463 0.6668
vn -0.5985 -0.4186 0.6831
vn -0.7832 -0.2826 0.5539
vn 0.0280 -0.9984 0.0499
vn -0.2499 -0.9133 0.3216
vn -0.3876 -0.9131 0.1266
vn -0.0659 -0.9976 0.0206
vn -0.7528 -0.5669 0.3345
vn -0.5969 -0.6391 0.4851
vn -0.3438 -0.9095 0.2337
vn -0.3024 -0.8564 0.4185
vn -0.0820 -0.9846 0.1542
vn -0.1184 -0.9928 0.0152
vn -0.1610 -0.8566 0.4903
vn 0.0403 -0.9830 0.1793
vn -0.6665 -0.4941 0.5582
vn -0.8590 -0.2940 0.4192
vn -0.8379 -0.2784 0.4695
vn 0.2370 0.9549 -0.1791
vn 0.3022 0.9526 0.0352
vn 0.6306 0.6407 -0.4381
vn 0.6769 0.6817 -0.2775
vn 0.1696 0.9849 0.0345
vn 0.0557 0.9964 -0.0632
vn 0.7966 0.2411 -0.5544
vn 0.8415 0.2093 -0.4981
vn 0.4543 0.8278 -0.3291
vn 0.4699 0.8159 -0.3370
vn 0.4890 0.7579 -0.4319
vn 0.5055 0.7838 -0.3608
vn 0.5250 0.7101 -0.4692
vn 0.5668 0.7519 -0.3368
vn 0.4638 0.8409 -0.2788
vn 0.4296 0.8845 -0.1821
vn 0.4617 0.8078 -0.3665
vn 0.3926 0.8903 -0.2309
vn 0.1749 0.9814 0.0796
vn 0.3672 0.9259 -0.0884
vn 0.3860 0.9209 0.0549
vn 0.3308 0.9184 0.2172
vn 0.5093 0.8449 -0.1637
vn 0.4766 0.8521 -0.2162
vn 0.4838 0.8392 -0.2484
vn 0.5513 0.7920 -0.2623
vn 0.5233 0.8151 -0.2487
vn 0.6014 0.7491 -0.2779
vn 0.5654 0.7689 -0.2985
vn 0.4375 0.8669 -0.2388
vn 0.2875 0.9528 -0.0976
vn 0.4326 0.4403 -0.7868
vn 0.4188 0.5607 -0.7143
vn 0.3717 0.6148 -0.6956
vn 0.3932 0.5460 -0.7398
vn 0.5539 0.8022 -0.2227
vn 0.5850 0.7565 -0.2924
vn 0.4586 0.4949 -0.7381
vn 0.5417 0.5288 -0.6534
vn 0.5430 0.4956 -0.6779
vn 0.4621 0.4048 -0.7891
vn 0.4607 0.4809 -0.7460
vn 0.4805 0.2721 -0.8337
vn 0.4559 0.3805 -0.8046
vn 0.4452 0.1773 -0.8777
vn 0.3773 0.2352 -0.8957
vn 0.3067 0.0184 -0.9516
vn 0.4375 -0.0104 -0.8991
vn 0.4823 0.5058 -0.7152
vn -0.4384 -0.5905 0.6776
vn -0.4345 -0.6246 0.6489
vn -0.4610 -0.6302 0.6248
vn -0.4566 -0.5848 0.6705
vn 0.2381 0.1481 -0.9599
vn 0.3712 0.4304 -0.8228
vn -0.4370 -0.6421 0.6299
vn -0.4562 -0.5979 0.6591
vn -0.4866 -0.5877 0.6463
vn -0.5177 -0.6365 0.5718
vn -0.4321 -0.6654 0.6087
vn -0.4591 -0.6780 0.5740
vn -0.4147 -0.8947 0.1660
vn -0.4572 -0.8055 0.3771
vn -0.5397 -0.7231 0.4311
vn -0.5266 -0.8420 0.1173
vn -0.5092 -0.5998 0.6172
vn -0.5154 -0.7678 0.3805
vn -0.4401 -0.8934 0.0905
vn -0.4788 -0.5741 0.6642
vn -0.4717 -0.7948 0.3819
vn -0.5311 -0.7978 0.2852
vn -0.5866 -0.7489 0.3082
vn -0.5180 -0.7640 0.3847
vn -0.6121 -0.7433 0.2700
vn -0.5595 -0.7995 0.2185
vn -0.6434 -0.6613 0.3856
vn -0.6433 -0.6712 0.3683
vn -0.5755 -0.6853 0.4463
vn -0.3557 -0.7553 0.5505
vn -0.1837 -0.9532 0.2402
vn -0.5235 -0.7631 0.3790
vn -0.5266 -0.7613 0.3782
vn -0.5657 -0.6822 0.4633
vn -0.4908 -0.8479 0.2006
vn -0.4298 -0.8745 0.2247
vn -0.5248 -0.7875 0.3232
vn -0.5549 -0.7110 0.4319
vn -0.4942 -0.7090 0.5032
vn -0.5718 -0.7738 0.2725
vn -0.6429 -0.6555 0.3961
vn 0.2781 0.9604 -0.0181
vn 0.3411 0.9394 0.0347
vn 0.4791 0.8137 -0.3292
vn 0.3450 0.8522 -0.3934
vn -0.5291 -0.7237 0.4431
vn 0.5243 0.3719 -0.7660
vn 0.4191 0.3897 -0.8200
vn 0.3721 0.8618 -0.3447
vn 0.4681 0.8132 -0.3459
vn 0.4847 0.2250 -0.8452
vn 0.3016 0.2751 -0.9129
vn 0.3273 0.8849 -0.3314
vn 0.2930 0.3371 -0.8947
vn 0.1980 0.9777 -0.0702
vn 0.1911 0.9812 -0.0253
vn -0.5322 -0.7462 0.4001
vn -0.4117 -0.9098 -0.0528
vn -0.3998 -0.9164 0.0207
vn -0.5425 -0.6237 0.5628
vn 0.3781 0.9254 0.0248
vn -0.2967 -0.8242 0.4823
vn -0.5763 -0.7249 0.3774
vn -0.4766 -0.8791 0.0031
vn -0.1901 -0.9768 0.0987
vn -0.4278 -0.9037 0.0169
vn -0.2850 -0.9369 -0.2025
vn -0.4283 -0.9036 0.0027
vn -0.4480 -0.8875 -0.1076
vn -0.4202 -0.9032 -0.0872
vn -0.5667 -0.6775 0.4689
vn -0.2463 -0.9283 0.2784
vn -0.2181 -0.9084 0.3566
vn -0.5177 -0.6584 0.5463
vn -0.5548 -0.7170 0.4220
vn -0.5291 -0.6258 0.5731
vn -0.2672 -0.8976 0.3506
vn -0.1033 -0.9931 -0.0558
vn -0.5294 -0.7604 0.3761
vn -0.2619 -0.9418 0.2106
vn -0.6132 -0.5465 0.5704
vn -0.6637 -0.5516 0.5053
vn -0.6132 -0.6009 0.5127
vn -0.6410 -0.6371 0.4280
vn -0.6289 -0.6543 0.4199
vn -0.3717 -0.8694 0.3255
vn 0.6868 0.5277 -0.4998
vn 0.6432 0.5494 -0.5333
vn 0.6693 0.4780 -0.5688
vn 0.7019 0.4433 -0.5575
vn 0.5812 0.6560 -0.4815
vn 0.6266 0.6834 -0.3746
vn -0.5922 -0.6527 0.4725
vn 0.6152 0.6539 -0.4403
vn 0.6076 0.6712 -0.4246
vn 0.6528 0.4840 -0.5827
vn 0.6645 0.4866 -0.5672
vn 0.6897 0.4885 -0.5345
vn 0.6922 0.3328 -0.6404
vn 0.6820 0.2985 -0.6677
vn 0.6692 0.0713 -0.7396
vn 0.6886 0.0344 -0.7243
vn 0.6458 0.6633 -0.3782
vn 0.5478 0.7480 -0.3747
vn 0.4529 0.8393 -0.3007
vn 0.4692 0.8638 -0.1835
vn 0.5825 0.7656 -0.2731
vn 0.3708 0.9264 -0.0656
vn 0.3715 0.9101 -0.1835
vn 0.3372 0.9412 0.0225
vn 0.4701 0.8773 -0.0963
vn 0.5880 0.7792 -0.2171
vn 0.7072 0.3339 -0.6232
vn 0.7473 0.0728 -0.6605
vn 0.4280 0.8890 -0.1628
vn 0.5754 0.7820 -0.2397
vn 0.3176 0.9412 -0.1148
vn 0.2649 0.9603 -0.0870
vn 0.1474 0.9682 -0.2021
vn 0.3003 0.8954 -0.3288
vn 0.4309 0.7988 -0.4198
vn 0.5070 0.7201 -0.4738
vn -0.5857 -0.6847 0.4338
vn -0.6263 -0.6110 0.4842
vn -0.5263 -0.7487 0.4031
vn -0.4515 -0.8067 0.3814
vn -0.5732 -0.7388 0.3544
vn -0.4775 -0.8308 0.2859
vn -0.4738 -0.8248 0.3085
vn -0.5784 -0.7215 0.3806
vn -0.4361 -0.8566 0.2758
vn -0.4635 -0.8314 0.3064
vn -0.6724 -0.5844 0.4542
vn -0.6840 -0.5788 0.4439
vn -0.4697 -0.8150 0.3394
vn -0.4852 -0.7991 0.3551
vn -0.5374 -0.7613 0.3628
vn -0.4593 -0.8128 0.3584
vn -0.5476 -0.7509 0.3692
vn -0.4726 -0.8274 0.3033
vn -0.5703 -0.7509 0.3331
vn -0.5379 -0.7055 0.4614
vn -0.3907 -0.5495 0.7385
vn -0.3292 -0.6538 0.6813
vn -0.5172 -0.6322 0.5770
vn -0.4367 -0.6955 0.5706
vn -0.6422 -0.5440 0.5401
vn -0.5428 -0.6282 0.5574
vn -0.4862 -0.7629 0.4262
vn -0.2170 -0.9074 0.3598
vn -0.2212 -0.7955 0.5641
vn -0.4412 -0.5948 0.6720
vn -0.4607 -0.7675 0.4458
vn -0.4636 -0.7940 0.3933
vn -0.6675 -0.5842 0.4617
vn -0.6772 -0.5349 0.5053
vn 0.7982 0.4627 -0.3857
vn 0.8646 0.3739 -0.3356
vn 0.9530 0.1268 -0.2753
vn 0.9182 0.2305 -0.3221
vn 0.9111 0.2452 -0.3314
vn 0.9420 0.1255 -0.3113
vn -0.2620 -0.9153 0.3060
vn -0.5343 -0.7321 0.4226
vn -0.4526 -0.8423 0.2927
vn 0.7907 0.4671 -0.3957
vn 0.7726 0.4731 -0.4234
vn 0.8820 0.2718 -0.3851
vn 0.8994 0.2269 -0.3737
vn 0.9259 0.1067 -0.3624
vn 0.9285 0.0309 -0.3699
vn 0.6785 0.6120 -0.4063
vn 0.7082 0.5996 -0.3728
vn 0.5335 0.6468 -0.5450
vn 0.2721 0.8145 -0.5124
vn -0.0995 0.8554 -0.5083
vn 0.0206 0.8311 -0.5557
vn 0.6581 0.6074 -0.4449
vn 0.8400 0.3351 -0.4268
vn 0.9337 0.1302 -0.3336
vn 0.8071 0.4586 -0.3720
vn 0.9543 -0.0607 -0.2926
vn -0.9196 0.1662 0.3560
vn -0.9015 -0.1620 0.4013
vn -0.8230 -0.0092 0.5680
vn -0.7764 0.2987 0.5550
vn -0.8381 -0.1337 0.5288
vn -0.8992 -0.2445 0.3629
vn -0.8506 -0.0733 0.5207
vn -0.8474 0.1316 0.5144
vn -0.9473 -0.2247 0.2285
vn -0.9213 -0.2765 0.2732
vn -0.9934 0.0612 0.0969
vn -0.6439 -0.5850 0.4931
vn -0.9130 -0.1466 0.3807
vn -0.6865 -0.3515 0.6366
vn -0.7564 -0.2848 0.5889
vn -0.8361 -0.3841 0.3916
vn -0.9310 0.2063 0.3010
vn 0.7444 0.5852 -0.3215
vn 0.7864 0.5090 -0.3499
vn 0.7760 0.4870 -0.4009
vn 0.7061 0.5750 -0.4133
vn 0.7418 0.5984 -0.3027
vn 0.7472 0.5573 -0.3622
vn -0.8251 -0.4798 0.2982
vn 0.6962 0.5885 -0.4111
vn 0.6816 0.6338 -0.3656
vn 0.6361 0.6594 -0.4006
vn 0.5872 0.6394 -0.4963
vn 0.6559 0.5655 -0.5000
vn 0.6892 0.6716 -0.2720
vn 0.6673 0.6748 -0.3153
vn 0.7365 0.4905 -0.4658
vn -0.6598 -0.6324 0.4058
vn -0.6836 -0.5691 0.4570
vn -0.6654 -0.6202 0.4155
vn -0.6525 -0.6497 0.3901
vn -0.6596 -0.5767 0.4820
vn -0.6622 -0.5800 0.4745
vn 0.6629 0.6842 -0.3039
vn -0.6637 -0.6156 0.4248
vn -0.6931 -0.5762 0.4332
vn -0.6141 -0.6919 0.3797
vn -0.5913 -0.7154 0.3722
vn -0.6177 -0.6895 0.3782
vn -0.6304 -0.6455 0.4312
vn -0.6318 -0.6790 0.3739
vn -0.6248 -0.6749 0.3926
vn -0.6589 -0.6225 0.4223
vn 0.0447 0.8231 -0.5662
vn 0.1264 0.9875 -0.0942
vn 0.2025 0.9759 -0.0818
vn 0.0639 0.8063 -0.5880
vn 0.2847 0.8765 0.3881
vn 0.1715 0.9289 0.3283
vn 0.1890 0.9806 -0.0528
vn 0.1427 0.9186 0.3685
vn 0.1714 0.8253 -0.5381
vn -0.0385 0.5307 -0.8467
vn -0.0677 0.5058 -0.8600
vn 0.1140 0.6006 -0.7914
vn 0.1353 0.7965 0.5894
vn 0.3530 0.9100 0.2173
vn 0.2239 0.8649 0.4492
vn 0.1243 0.7743 0.6204
vn 0.3964 0.8597 -0.3222
vn 0.4406 0.8550 -0.2735
vn 0.4383 0.8116 -0.3862
vn 0.4732 0.8140 -0.3370
vn 0.3548 0.7631 0.5402
vn 0.4630 0.8858 0.0324
vn 0.4180 0.9084 -0.0104
vn 0.4604 0.8360 -0.2986
vn 0.3037 0.7189 0.6252
vn 0.4769 0.8741 -0.0919
vn 0.4919 0.8108 -0.3172
vn 0.2896 0.9566 0.0313
vn 0.1745 0.9660 0.1909
vn 0.2011 0.9691 0.1432
vn 0.1003 0.9627 0.2513
vn 0.6809 0.1490 -0.7170
vn 0.7889 0.1619 -0.5928
vn 0.6503 0.6030 -0.4620
vn 0.6938 0.6536 -0.3023
vn -0.0569 0.9971 0.0509
vn 0.2352 0.9365 -0.2602
vn 0.3628 0.9319 0.0048
vn 0.5356 0.5389 -0.6502
vn 0.0998 0.9949 -0.0151
vn 0.3650 0.9230 0.1217
vn 0.6017 0.1624 -0.7820
vn -0.5217 0.7704 0.3665
vn -0.1232 0.9901 0.0667
vn -0.1902 0.9545 -0.2297
vn -0.6971 0.7088 0.1078
vn -0.8182 0.5396 -0.1983
vn -0.3456 0.8197 -0.4567
vn 0.1503 0.8113 -0.5649
vn 0.2738 0.8514 -0.4475
vn 0.6741 0.5046 -0.5394
vn 0.6080 0.5405 -0.5816
vn 0.7848 0.5417 -0.3010
vn 0.3771 0.9017 -0.2116
vn 0.9341 0.1491 -0.3245
vn 0.8611 0.1999 -0.4675
vn 0.8553 0.2670 -0.4441
vn -0.4552 -0.4535 0.7663
vn -0.1736 -0.3069 0.9358
vn -0.0356 -0.6082 0.7930
vn -0.4076 -0.6436 0.6478
vn -0.3983 -0.7543 0.5219
vn -0.3833 -0.7546 0.5325
vn -0.2823 -0.7893 0.5453
vn -0.2651 -0.7697 0.5808
vn -0.9214 -0.1024 0.3749
vn -0.9013 -0.0808 0.4256
vn -0.7220 -0.4660 0.5114
vn -0.7288 -0.4649 0.5026
vn -0.9434 0.2488 0.2192
vn -0.9269 0.2787 0.2513
vn -0.7545 0.6561 -0.0134
vn -0.7679 0.6403 -0.0179
vn -0.4497 0.8676 -0.2122
vn -0.4703 0.8490 -0.2409
vn -0.1704 0.9177 -0.3588
vn -0.0997 0.9527 -0.2870
vn 0.7407 0.4868 -0.4629
vn 0.7115 0.4506 -0.5391
vn 0.2831 0.8259 -0.4877
vn 0.3157 0.8641 -0.3919
vn 0.9134 0.1099 -0.3918
vn 0.8851 0.0844 -0.4577
vn 0.8730 0.1061 -0.4760
vn 0.8906 0.1521 -0.4286
vn 0.7077 0.4430 -0.5504
vn 0.6681 0.5179 -0.5343
vn 0.8370 0.5121 0.1926
vn 0.9105 0.4128 0.0220
vn 0.8582 0.3544 -0.3713
vn 0.7749 0.3334 -0.5370
vn 0.2591 0.0239 0.9655
vn 0.5727 -0.1001 0.8136
vn -0.4022 -0.6978 0.5928
vn -0.4071 -0.7182 0.5644
vn -0.1020 -0.8168 0.5678
vn -0.1025 -0.7971 0.5950
vn 0.3336 -0.6757 0.6573
vn 0.4919 -0.7249 0.4821
vn -0.7200 -0.4322 0.5429
vn -0.7383 -0.4344 0.5159
vn -0.9136 -0.0931 0.3957
vn -0.8903 -0.0932 0.4457
vn -0.8974 0.3211 0.3026
vn -0.9235 0.2943 0.2460
vn -0.7344 0.6769 0.0496
vn -0.7024 0.6986 0.1362
vn -0.3596 0.9331 -0.0096
vn -0.3869 0.9122 -0.1352
vn 0.0703 0.9894 -0.1268
vn -0.0241 0.9772 -0.2108
vn 0.7716 0.6170 -0.1548
vn 0.7515 0.6016 -0.2707
vn 0.3451 0.9102 -0.2289
vn 0.4663 0.8675 -0.1731
vn -0.2779 -0.6680 0.6903
vn -0.6037 -0.4461 0.6607
vn -0.3828 -0.2707 0.8833
vn -0.0394 -0.4370 0.8986
vn -0.6242 -0.0700 0.7781
vn -0.8118 -0.1092 0.5736
vn -0.5745 0.2408 0.7823
vn -0.8247 0.3005 0.4791
vn -0.5017 0.5816 0.6404
vn -0.6332 0.6855 0.3592
vn 0.9899 -0.1408 -0.0179
vn 0.9850 0.1069 -0.1355
vn 0.9534 0.1917 -0.2329
vn 0.9723 0.2064 -0.1097
vn -0.1401 0.6938 0.7064
vn -0.2746 0.9171 0.2890
vn 0.2643 0.6788 0.6851
vn 0.1749 0.9613 0.2128
vn 0.2115 0.1076 0.9714
vn -0.2110 0.1810 0.9606
vn 0.6923 -0.4948 0.5252
vn 0.7800 -0.1205 0.6140
vn 0.5555 -0.0073 0.8315
vn 0.3511 -0.4991 0.7922
vn 0.6187 0.5356 0.5748
vn 0.8751 0.2927 0.3853
vn 0.5858 0.8077 0.0667
vn 0.8448 0.5349 -0.0136
vn 0.9202 -0.2632 0.2897
vn 0.7856 -0.4883 0.3800
vn 0.7002 -0.3106 0.6428
vn 0.9460 0.0488 0.3206
vn 0.1165 -0.7253 0.6785
vn 0.6095 -0.6520 0.4510
vn 0.9683 -0.2037 0.1447
vn 0.9592 -0.2407 0.1482
vn 0.8839 -0.3726 0.2826
vn 0.9141 -0.3919 0.1044
vn 0.9810 -0.1937 0.0112
vn 0.8532 -0.4711 0.2241
vn 0.7561 -0.5369 0.3742
vn 0.8624 -0.2603 0.4342
vn 0.9812 0.0095 0.1930
vn 0.9836 0.1777 -0.0294
vn -0.6337 -0.5487 0.5453
vn -0.4206 -0.5486 0.7226
vn -0.1704 -0.6281 0.7593
vn -0.4609 -0.6218 0.6332
vn -0.2883 -0.5382 0.7920
vn -0.7213 -0.3593 0.5922
vn -0.6999 -0.5731 0.4262
vn -0.4881 -0.6558 0.5759
vn -0.4673 -0.7424 0.4801
vn -0.6629 -0.6716 0.3310
vn -0.2011 -0.5808 0.7888
vn -0.2409 -0.5945 0.7672
vn -0.3559 -0.6687 0.6528
vn -0.3093 -0.6329 0.7098
vn -0.2598 -0.7584 0.5978
vn -0.0358 -0.7056 0.7077
vn -0.0990 -0.4416 0.8917
vn -0.0404 -0.4584 0.8878
vn 0.0212 -0.3487 0.9370
vn 0.1059 -0.4288 0.8972
vn 0.4192 -0.5095 0.7514
vn 0.2548 -0.5979 0.7600
vn 0.1901 -0.8844 0.4263
vn -0.0717 -0.8773 0.4745
vn 0.0212 -0.8817 0.4713
vn 0.1952 -0.8797 0.4336
vn 0.1551 -0.8608 0.4847
vn 0.1727 -0.8823 0.4378
vn 0.3085 -0.8129 0.4940
vn 0.1484 -0.8756 0.4596
vn 0.4516 -0.7489 0.4850
vn 0.5370 -0.6615 0.5235
vn 0.1300 -0.8662 0.4825
vn 0.0836 -0.8692 0.4873
vn -0.2213 -0.8504 0.4773
vn -0.3422 -0.8100 0.4763
vn -0.2693 -0.8410 0.4692
vn -0.3196 -0.8225 0.4705
vn -0.3096 -0.8385 0.4483
vn -0.3098 -0.8409 0.4438
vn -0.3279 -0.8485 0.4154
vn -0.3107 -0.8625 0.3995
vn -0.3204 -0.8677 0.3799
vn -0.3063 -0.8768 0.3708
vn -0.3213 -0.8758 0.3602
vn -0.3321 -0.8768 0.3478
vn -0.4540 -0.7729 0.4433
vn -0.5445 -0.7343 0.4054
vn -0.3997 -0.8117 0.4259
vn -0.5011 -0.7762 0.3826
vn -0.3715 -0.8316 0.4129
vn -0.4823 -0.7862 0.3863
vn -0.3755 -0.8404 0.3909
vn -0.4808 -0.7876 0.3855
vn -0.3998 -0.8387 0.3697
vn -0.4211 -0.8337 0.3573
vn -0.4923 -0.7835 0.3791
vn -0.5046 -0.7799 0.3704
vn -0.3951 -0.8396 0.3729
vn -0.3622 -0.8550 0.3712
vn -0.3823 -0.8715 0.3071
vn -0.4193 -0.8513 0.3153
vn -0.3800 -0.8279 0.4125
vn -0.3499 -0.8419 0.4107
vn -0.3231 -0.8695 0.3737
vn -0.3178 -0.8529 0.4141
vn -0.3346 -0.8915 0.3053
vn -0.4596 -0.8347 0.3033
vn -0.4050 -0.8700 0.2813
vn -0.3832 -0.8462 0.3703
vn -0.4553 -0.8009 0.3889
vn -0.3373 -0.9045 0.2610
vn -0.2980 -0.8916 0.3410
vn -0.4011 -0.8753 0.2702
vn -0.4423 -0.8506 0.2843
vn -0.3448 -0.9024 0.2584
vn -0.5018 -0.7711 0.3920
vn -0.5010 -0.8015 0.3264
vn -0.5295 -0.7556 0.3857
vn -0.5329 -0.7737 0.3427
vn -0.0918 -0.9720 0.2164
vn 0.0724 -0.9687 0.2376
vn -0.1669 -0.9384 0.3025
vn -0.2466 -0.9386 0.2413
vn 0.4835 -0.8719 0.0774
vn 0.5800 -0.8125 0.0587
vn 0.3756 -0.9157 0.1429
vn 0.1920 -0.9680 0.1618
vn -0.2729 -0.9283 0.2527
vn -0.1565 -0.9564 0.2465
vn -0.2766 -0.9100 0.3090
vn -0.1793 -0.9338 0.3097
vn -0.2752 -0.8826 0.3813
vn -0.2702 -0.8649 0.4229
vn -0.1964 -0.8804 0.4316
vn -0.1956 -0.9003 0.3888
vn 0.8422 -0.5282 -0.1079
vn 0.6951 -0.7189 -0.0067
vn 0.6368 -0.7707 0.0218
vn 0.8353 -0.5394 -0.1065
vn 0.0871 -0.9746 0.2063
vn 0.4019 -0.9091 0.1098
vn 0.0437 -0.9632 0.2652
vn 0.3645 -0.9232 0.1216
vn 0.0335 -0.9426 0.3323
vn -0.0081 -0.9238 0.3827
vn 0.3893 -0.9116 0.1319
vn 0.5923 -0.8056 0.0151
vn 0.8042 -0.5726 -0.1594
vn 0.5778 -0.8155 -0.0332
vn 0.7664 -0.6066 -0.2111
vn 0.5997 -0.7971 -0.0707
vn 0.7546 -0.6154 -0.2278
vn 0.8827 0.2279 -0.4110
vn 0.2034 0.8869 -0.4147
vn 0.8787 0.3058 -0.3667
vn 0.2651 0.9139 -0.3073
vn 0.8884 0.2210 -0.4024
vn 0.3929 0.8652 -0.3115
vn 0.9044 0.0544 -0.4232
vn 0.5548 0.7527 -0.3544
vn 0.9182 -0.1149 -0.3791
vn 0.7054 0.6003 -0.3769
vn 0.5356 0.7950 -0.2847
vn 0.3675 0.8858 -0.2833
vn 0.3690 0.9078 -0.1994
vn 0.5264 0.8216 -0.2187
vn 0.1771 0.9394 -0.2935
vn 0.2223 0.9560 -0.1912
vn 0.0048 0.9505 -0.3108
vn 0.1017 0.9719 -0.2122
vn 0.1833 0.9640 -0.1926
vn 0.2385 0.9544 -0.1794
vn 0.2519 0.9397 -0.2313
vn 0.2346 0.9458 -0.2247
vn 0.3085 0.9019 -0.3025
vn 0.2177 0.9241 -0.3140
vn 0.6678 0.6852 -0.2907
vn 0.6932 0.6362 -0.3388
vn 0.6518 0.6938 -0.3061
vn 0.6359 0.7324 -0.2432
vn 0.3602 0.9082 -0.2131
vn 0.5153 0.8189 -0.2528
vn 0.3464 0.8922 -0.2899
vn 0.5014 0.7981 -0.3340
vn 0.3315 0.8589 -0.3904
vn 0.5167 0.7711 -0.3720
vn 0.6133 0.7397 -0.2768
vn 0.6428 0.7018 -0.3070
vn 0.6090 0.7265 -0.3182
vn 0.6395 0.7072 -0.3015
vn 0.6510 0.7018 -0.2892
vn 0.6592 0.7260 -0.1959
vn 0.6535 0.6528 -0.3832
vn 0.5482 0.7237 -0.4193
vn 0.6187 0.7090 -0.3384
vn 0.5292 0.7678 -0.3612
vn 0.6209 0.7203 -0.3092
vn 0.5744 0.7688 -0.2810
vn 0.6530 0.7000 -0.2892
vn 0.6297 0.7449 -0.2205
vn 0.3790 0.8464 -0.3740
vn 0.3838 0.7920 -0.4748
vn 0.4244 0.7894 -0.4435
vn 0.4222 0.8314 -0.3614
vn 0.6996 0.6783 -0.2246
vn 0.7066 0.6953 -0.1319
vn 0.5550 0.7077 -0.4371
vn 0.1218 0.8365 -0.5342
vn 0.6870 0.6280 -0.3655
vn 0.6847 0.6152 -0.3908
vn 0.4721 0.7307 -0.4931
vn 0.0329 0.8448 -0.5340
vn 0.2656 0.8685 -0.4186
vn 0.2546 0.8214 -0.5104
vn 0.2391 0.8311 -0.5022
vn 0.3962 0.8146 -0.4237
vn 0.3487 0.8280 -0.4392
vn 0.2918 0.8172 -0.4970
vn 0.4862 0.7833 -0.3874
vn -0.0248 0.8496 -0.5268
vn 0.3650 0.7703 -0.5230
vn -0.0139 0.8312 -0.5558
vn 0.5731 0.7271 -0.3780
vn 0.4735 0.8739 -0.1101
vn 0.5189 0.8304 -0.2028
vn 0.3962 0.9182 0.0046
vn -0.0010 0.8651 -0.5017
vn 0.4275 0.7466 -0.5097
vn 0.6416 0.6653 -0.3818
vn -0.4524 0.7669 -0.4552
vn -0.4396 0.7672 -0.4670
vn -0.4398 0.7805 -0.4442
vn -0.3667 0.8860 -0.2839
vn -0.3543 0.9026 -0.2445
vn -0.3646 0.8115 -0.4567
vn -0.3438 0.8327 -0.4342
vn -0.3310 0.8786 -0.3441
vn -0.3097 0.8436 -0.4386
vn -0.3223 0.8692 -0.3751
vn -0.1453 0.8459 -0.5132
vn -0.6673 0.6474 -0.3682
vn -0.1713 0.8769 -0.4491
vn -0.7326 0.6287 -0.2609
vn -0.2274 0.8963 -0.3808
vn -0.7120 0.6637 -0.2294
vn -0.2643 0.8788 -0.3973
vn -0.6588 0.7188 -0.2221
vn -0.8280 -0.4162 0.3757
vn -0.8314 -0.4491 0.3273
vn -0.9926 -0.0736 0.0968
vn -0.9868 -0.0230 0.1601
vn -0.2542 0.8764 -0.4090
vn -0.6022 0.7665 -0.2233
vn -0.0173 -0.5356 0.8443
vn -0.3014 -0.5689 0.7652
vn -0.1946 -0.5359 0.8215
vn -0.0540 -0.3901 0.9192
vn 0.0275 -0.5899 0.8070
vn -0.2266 -0.6066 0.7621
vn -0.8684 0.4956 -0.0162
vn -0.0117 -0.6316 0.7752
vn -0.1970 -0.6054 0.7711
vn -0.9137 -0.2320 0.3338
vn -0.9718 0.2165 0.0931
vn -0.9365 0.3355 0.1023
vn -0.9225 -0.1161 0.3681
vn -0.9674 0.0610 0.2456
vn -0.9879 -0.0633 0.1415
vn -0.9979 -0.0170 0.0623
vn -0.9286 -0.3032 0.2138
vn -0.8736 -0.3542 0.3338
vn -0.8607 -0.3369 0.3817
vn -0.9865 0.0916 0.1354
vn -0.8422 -0.3566 0.4044
vn -0.9594 -0.1120 0.2588
vn -0.8424 -0.3418 0.4166
vn -0.9419 -0.1255 0.3114
vn -0.8243 -0.2767 0.4939
vn -0.8423 -0.2920 0.4531
vn -0.9273 -0.1286 0.3516
vn -0.8784 -0.1652 0.4485
vn -0.9237 -0.2631 0.2784
vn -0.8222 -0.3541 0.4456
vn -0.8135 -0.3913 0.4302
vn -0.9323 -0.2409 0.2696
vn -0.8065 -0.3898 0.4445
vn -0.9638 -0.1472 0.2224
vn -0.9937 0.1056 0.0381
vn -0.9982 0.0591 0.0036
vn -0.9893 0.0674 0.1294
vn -0.9948 0.0822 0.0596
vn -0.9799 0.0585 0.1905
vn -0.9871 0.0663 0.1455
vn -0.9716 0.0528 0.2307
vn -0.9669 0.0442 0.2512
vn -0.9773 0.0229 0.2105
vn -0.9806 0.0449 0.1909
vn -0.9964 -0.0023 0.0849
vn -0.8487 -0.1816 0.4967
vn -0.8050 -0.3694 0.4642
vn -0.9912 -0.0640 0.1159
vn -0.9875 -0.0114 0.1573
vn -0.9949 0.0717 0.0707
vn -0.9731 -0.0700 0.2195
vn -0.9601 -0.1371 0.2438
vn -0.5760 -0.7210 0.3852
vn -0.5772 -0.7231 0.3795
vn -0.5611 -0.7435 0.3637
vn -0.5766 -0.7352 0.3564
vn -0.5473 -0.7516 0.3681
vn -0.5570 -0.7512 0.3541
vn -0.5314 -0.7604 0.3735
vn -0.5395 -0.7593 0.3638
vn -0.5615 -0.7494 0.3509
vn -0.5567 -0.7384 0.3806
vn -0.5247 -0.7616 0.3803
vn -0.5280 -0.7587 0.3815
vn -0.5268 -0.7604 0.3800
vn -0.5302 -0.7528 0.3901
vn -0.4619 -0.7862 0.4105
vn -0.4166 -0.8096 0.4135
vn -0.4286 -0.8207 0.3778
vn -0.4688 -0.7965 0.3819
vn -0.4530 -0.8282 0.3299
vn -0.4890 -0.8010 0.3453
vn -0.5209 -0.7761 0.3554
vn -0.5065 -0.7731 0.3818
vn -0.5059 -0.7634 0.4015
vn 0.5752 0.6876 -0.4431
vn 0.6290 0.6648 -0.4029
vn 0.4700 0.7321 -0.4930
vn 0.5041 0.7438 -0.4389
vn -0.4770 -0.8242 0.3053
vn -0.5105 -0.7955 0.3265
vn -0.5401 -0.7691 0.3418
vn 0.4316 0.7523 -0.4977
vn 0.4318 0.8011 -0.4146
vn 0.6269 0.7347 -0.2594
vn 0.6422 0.6989 -0.3148
vn 0.5150 0.7897 -0.3334
vn 0.4939 0.8269 -0.2689
vn 0.5108 0.8484 -0.1391
vn 0.6302 0.7321 0.2586
vn 0.3517 0.9267 0.1322
vn 0.4568 0.8871 0.0665
vn 0.3344 0.7953 0.5057
vn 0.4345 0.8981 -0.0674
vn 0.5861 0.7587 -0.2843
vn 0.4471 0.8756 -0.1827
vn 0.5960 0.7671 -0.2375
vn 0.4606 0.8361 -0.2980
vn 0.2663 0.9582 -0.1048
vn 0.3376 0.9232 -0.1836
vn 0.4261 0.8929 -0.1455
vn 0.5469 0.8197 -0.1703
vn 0.4985 0.8491 -0.1745
vn 0.3966 0.8778 -0.2687
vn 0.4016 0.8863 -0.2306
vn 0.4876 0.8370 -0.2485
vn 0.9976 0.0654 0.0226
# 3527 vertex normals

vt 0.0000 0.0000 0.0000
# 1 texture coords

o AlaI
g AlaI
usemtl _17174_Tiamat_v1default
s 1
f 1/1/1 2/1/2 3/1/3 4/1/4 
f 5/1/5 3/1/3 2/1/2 6/1/6 
f 7/1/7 8/1/8 3/1/3 5/1/5 
f 4/1/4 3/1/3 8/1/8 9/1/9 
f 10/1/10 11/1/11 12/1/12 13/1/13 
f 5/1/5 12/1/12 11/1/11 7/1/7 
f 6/1/6 14/1/14 12/1/12 5/1/5 
f 13/1/13 12/1/12 14/1/14 15/1/15 
f 16/1/16 17/1/17 18/1/18 19/1/19 
f 18/1/18 17/1/17 20/1/20 
f 15/1/15 14/1/14 18/1/18 21/1/21 
f 19/1/19 18/1/18 14/1/14 6/1/6 
f 22/1/22 23/1/23 24/1/24 25/1/25 
f 16/1/16 19/1/19 23/1/23 22/1/22 
f 6/1/6 2/1/2 23/1/23 19/1/19 
f 24/1/24 23/1/23 2/1/2 1/1/1 
f 26/1/26 27/1/27 28/1/28 29/1/29 
f 30/1/30 28/1/28 27/1/27 31/1/31 
f 32/1/32 33/1/33 28/1/28 30/1/30 
f 29/1/29 28/1/28 33/1/33 34/1/34 
f 25/1/25 35/1/35 36/1/36 22/1/22 
f 30/1/30 36/1/36 35/1/35 32/1/32 
f 31/1/31 37/1/37 36/1/36 30/1/30 
f 22/1/22 36/1/36 37/1/37 16/1/16 
f 38/1/38 39/1/39 40/1/40 41/1/41 
f 42/1/42 40/1/40 39/1/39 43/1/43 
f 44/1/44 45/1/45 40/1/40 42/1/42 
f 41/1/41 40/1/40 45/1/45 46/1/46 
f 47/1/47 48/1/48 49/1/49 50/1/50 
f 51/1/51 49/1/49 48/1/48 52/1/52 
f 51/1/51 46/1/46 53/1/53 49/1/49 
f 53/1/53 54/1/54 50/1/50 49/1/49 
f 55/1/55 56/1/56 57/1/57 58/1/58 
f 53/1/53 57/1/57 56/1/56 54/1/54 
f 46/1/46 45/1/45 57/1/57 53/1/53 
f 58/1/58 57/1/57 45/1/45 44/1/44 
f 59/1/59 60/1/60 61/1/61 62/1/62 
f 42/1/42 61/1/61 60/1/60 44/1/44 
f 43/1/43 63/1/63 61/1/61 42/1/42 
f 62/1/62 61/1/61 63/1/63 64/1/64 
f 65/1/65 66/1/66 67/1/67 68/1/68 
f 69/1/69 67/1/67 66/1/66 70/1/70 
f 71/1/71 72/1/72 67/1/67 69/1/69 
f 68/1/68 67/1/67 72/1/72 73/1/73 
f 20/1/20 74/1/74 75/1/75 21/1/21 
f 76/1/76 75/1/75 74/1/74 77/1/77 
f 78/1/78 79/1/79 75/1/75 76/1/76 
f 21/1/21 75/1/75 79/1/79 15/1/15 
f 80/1/80 81/1/81 82/1/82 83/1/83 
f 81/1/81 84/1/84 85/1/85 
f 78/1/78 76/1/76 82/1/82 85/1/85 
f 83/1/83 82/1/82 76/1/76 77/1/77 
f 79/1/79 78/1/78 86/1/86 87/1/87 
f 88/1/88 87/1/87 86/1/86 89/1/89 
f 10/1/10 13/1/13 87/1/87 88/1/88 
f 79/1/79 87/1/87 13/1/13 15/1/15 
f 90/1/90 85/1/85 84/1/84 
f 91/1/91 90/1/90 92/1/92 93/1/93 
f 89/1/89 86/1/86 90/1/90 91/1/91 
f 86/1/86 78/1/78 85/1/85 90/1/90 
f 16/1/16 37/1/37 94/1/94 17/1/17 
f 95/1/95 94/1/94 37/1/37 31/1/31 
f 96/1/96 97/1/97 94/1/94 95/1/95 
f 97/1/97 20/1/20 17/1/17 
f 20/1/20 97/1/97 98/1/98 74/1/74 
f 99/1/99 98/1/98 97/1/97 96/1/96 
f 100/1/100 101/1/101 98/1/98 99/1/99 
f 74/1/74 98/1/98 101/1/101 77/1/77 
f 102/1/102 83/1/83 77/1/77 
f 103/1/103 102/1/102 101/1/101 100/1/100 
f 104/1/104 105/1/105 102/1/102 103/1/103 
f 105/1/105 80/1/80 83/1/83 
f 31/1/31 27/1/27 106/1/106 95/1/95 
f 107/1/107 106/1/106 27/1/27 26/1/26 
f 108/1/108 109/1/109 106/1/106 107/1/107 
f 95/1/95 106/1/106 109/1/109 96/1/96 
f 110/1/110 111/1/111 112/1/112 113/1/113 
f 114/1/114 112/1/112 111/1/111 115/1/115 
f 116/1/116 117/1/117 112/1/112 114/1/114 
f 113/1/113 112/1/112 117/1/117 118/1/118 
f 119/1/119 120/1/120 121/1/121 
f 114/1/114 122/1/122 121/1/121 116/1/116 
f 114/1/114 115/1/115 123/1/123 122/1/122 
f 124/1/124 119/1/119 122/1/122 123/1/123 
f 125/1/125 126/1/126 127/1/127 
f 128/1/128 125/1/125 129/1/129 130/1/130 
f 131/1/131 132/1/132 125/1/125 128/1/128 
f 126/1/126 125/1/125 132/1/132 110/1/110 
f 133/1/133 134/1/134 56/1/56 55/1/55 
f 133/1/133 135/1/135 136/1/136 
f 134/1/134 136/1/136 137/1/137 
f 56/1/56 134/1/134 138/1/138 54/1/54 
f 139/1/139 140/1/140 141/1/141 142/1/142 
f 143/1/143 141/1/141 140/1/140 144/1/144 
f 145/1/145 141/1/141 143/1/143 146/1/146 
f 147/1/147 142/1/142 141/1/141 145/1/145 
f 144/1/144 148/1/148 149/1/149 143/1/143 
f 150/1/150 149/1/149 148/1/148 151/1/151 
f 152/1/152 153/1/153 149/1/149 150/1/150 
f 143/1/143 149/1/149 153/1/153 146/1/146 
f 154/1/154 155/1/155 156/1/156 157/1/157 
f 158/1/158 156/1/156 155/1/155 159/1/159 
f 160/1/160 161/1/161 156/1/156 158/1/158 
f 157/1/157 156/1/156 161/1/161 162/1/162 
f 163/1/163 164/1/164 165/1/165 166/1/166 
f 157/1/157 165/1/165 164/1/164 154/1/154 
f 162/1/162 167/1/167 165/1/165 157/1/157 
f 166/1/166 165/1/165 167/1/167 168/1/168 
f 169/1/169 170/1/170 171/1/171 172/1/172 
f 173/1/173 174/1/174 172/1/172 171/1/171 
f 166/1/166 172/1/172 174/1/174 163/1/163 
f 166/1/166 168/1/168 169/1/169 172/1/172 
f 135/1/135 175/1/175 176/1/176 136/1/136 
f 177/1/177 176/1/176 175/1/175 178/1/178 
f 179/1/179 180/1/180 176/1/176 177/1/177 
f 180/1/180 137/1/137 136/1/136 
f 181/1/181 182/1/182 183/1/183 184/1/184 
f 177/1/177 183/1/183 182/1/182 179/1/179 
f 178/1/178 185/1/185 183/1/183 177/1/177 
f 184/1/184 183/1/183 185/1/185 186/1/186 
f 187/1/187 188/1/188 189/1/189 190/1/190 
f 191/1/191 189/1/189 188/1/188 192/1/192 
f 70/1/70 66/1/66 189/1/189 191/1/191 
f 190/1/190 189/1/189 66/1/66 65/1/65 
f 192/1/192 193/1/193 194/1/194 191/1/191 
f 195/1/195 194/1/194 193/1/193 196/1/196 
f 197/1/197 198/1/198 194/1/194 195/1/195 
f 191/1/191 194/1/194 198/1/198 70/1/70 
f 196/1/196 199/1/199 200/1/200 195/1/195 
f 201/1/201 200/1/200 199/1/199 202/1/202 
f 203/1/203 204/1/204 200/1/200 201/1/201 
f 195/1/195 200/1/200 204/1/204 197/1/197 
f 202/1/202 205/1/205 206/1/206 201/1/201 
f 207/1/207 206/1/206 205/1/205 208/1/208 
f 209/1/209 210/1/210 206/1/206 207/1/207 
f 201/1/201 206/1/206 210/1/210 203/1/203 
f 211/1/211 212/1/212 213/1/213 
f 214/1/214 215/1/215 211/1/211 
f 216/1/216 211/1/211 215/1/215 217/1/217 
f 216/1/216 218/1/218 212/1/212 
f 219/1/219 220/1/220 221/1/221 222/1/222 
f 223/1/223 221/1/221 220/1/220 224/1/224 
f 225/1/225 226/1/226 221/1/221 223/1/223 
f 222/1/222 221/1/221 226/1/226 227/1/227 
f 228/1/228 229/1/229 230/1/230 231/1/231 
f 232/1/232 230/1/230 229/1/229 233/1/233 
f 234/1/234 235/1/235 230/1/230 232/1/232 
f 231/1/231 230/1/230 235/1/235 236/1/236 
f 237/1/237 238/1/238 239/1/239 240/1/240 
f 241/1/241 239/1/239 238/1/238 242/1/242 
f 243/1/243 244/1/244 239/1/239 241/1/241 
f 240/1/240 239/1/239 244/1/244 245/1/245 
f 246/1/246 247/1/247 248/1/248 249/1/249 
f 250/1/250 248/1/248 247/1/247 251/1/251 
f 233/1/233 229/1/229 248/1/248 250/1/250 
f 249/1/249 248/1/248 229/1/229 228/1/228 
f 252/1/252 253/1/253 254/1/254 255/1/255 
f 256/1/256 254/1/254 253/1/253 257/1/257 
f 258/1/258 254/1/254 256/1/256 259/1/259 
f 255/1/255 254/1/254 258/1/258 124/1/124 
f 151/1/151 260/1/260 261/1/261 150/1/150 
f 262/1/262 261/1/261 260/1/260 263/1/263 
f 264/1/264 261/1/261 262/1/262 265/1/265 
f 150/1/150 261/1/261 264/1/264 152/1/152 
f 266/1/266 267/1/267 268/1/268 269/1/269 
f 270/1/270 268/1/268 267/1/267 271/1/271 
f 268/1/268 270/1/270 181/1/181 
f 184/1/184 186/1/186 269/1/269 
f 272/1/272 273/1/273 274/1/274 275/1/275 
f 231/1/231 274/1/274 273/1/273 228/1/228 
f 236/1/236 276/1/276 274/1/274 231/1/231 
f 275/1/275 274/1/274 276/1/276 277/1/277 
f 278/1/278 279/1/279 280/1/280 281/1/281 
f 282/1/282 280/1/280 279/1/279 283/1/283 
f 93/1/93 92/1/92 280/1/280 282/1/282 
f 281/1/281 280/1/280 92/1/92 84/1/84 
f 192/1/192 188/1/188 284/1/284 285/1/285 
f 286/1/286 284/1/284 188/1/188 187/1/187 
f 283/1/283 279/1/279 284/1/284 286/1/286 
f 285/1/285 284/1/284 279/1/279 278/1/278 
f 287/1/287 288/1/288 289/1/289 290/1/290 
f 281/1/281 289/1/289 288/1/288 278/1/278 
f 84/1/84 81/1/81 289/1/289 281/1/281 
f 290/1/290 289/1/289 81/1/81 80/1/80 
f 196/1/196 193/1/193 291/1/291 292/1/292 
f 285/1/285 291/1/291 193/1/193 192/1/192 
f 278/1/278 288/1/288 291/1/291 285/1/285 
f 292/1/292 291/1/291 288/1/288 287/1/287 
f 293/1/293 294/1/294 295/1/295 
f 290/1/290 293/1/293 296/1/296 287/1/287 
f 80/1/80 105/1/105 293/1/293 290/1/290 
f 294/1/294 293/1/293 105/1/105 104/1/104 
f 202/1/202 199/1/199 297/1/297 298/1/298 
f 292/1/292 297/1/297 199/1/199 196/1/196 
f 287/1/287 296/1/296 297/1/297 292/1/292 
f 298/1/298 297/1/297 296/1/296 295/1/295 
f 299/1/299 300/1/300 301/1/301 302/1/302 
f 294/1/294 301/1/301 300/1/300 295/1/295 
f 104/1/104 303/1/303 301/1/301 294/1/294 
f 302/1/302 301/1/301 303/1/303 304/1/304 
f 208/1/208 205/1/205 305/1/305 306/1/306 
f 298/1/298 305/1/305 205/1/205 202/1/202 
f 295/1/295 300/1/300 305/1/305 298/1/298 
f 306/1/306 305/1/305 300/1/300 299/1/299 
f 307/1/307 308/1/308 309/1/309 310/1/310 
f 311/1/311 309/1/309 308/1/308 312/1/312 
f 259/1/259 256/1/256 309/1/309 311/1/311 
f 310/1/310 309/1/309 256/1/256 257/1/257 
f 217/1/217 215/1/215 313/1/313 314/1/314 
f 215/1/215 214/1/214 315/1/315 
f 312/1/312 308/1/308 313/1/313 315/1/315 
f 314/1/314 313/1/313 308/1/308 307/1/307 
f 170/1/170 316/1/316 317/1/317 171/1/171 
f 318/1/318 317/1/317 316/1/316 319/1/319 
f 320/1/320 321/1/321 317/1/317 318/1/318 
f 171/1/171 317/1/317 321/1/321 173/1/173 
f 322/1/322 323/1/323 220/1/220 219/1/219 
f 318/1/318 323/1/323 322/1/322 320/1/320 
f 319/1/319 324/1/324 323/1/323 318/1/318 
f 220/1/220 323/1/323 324/1/324 224/1/224 
f 325/1/325 267/1/267 266/1/266 
f 275/1/275 325/1/325 326/1/326 272/1/272 
f 277/1/277 327/1/327 325/1/325 275/1/275 
f 267/1/267 325/1/325 327/1/327 271/1/271 
f 228/1/228 273/1/273 328/1/328 249/1/249 
f 329/1/329 328/1/328 273/1/273 272/1/272 
f 330/1/330 331/1/331 328/1/328 329/1/329 
f 249/1/249 328/1/328 331/1/331 246/1/246 
f 332/1/332 333/1/333 334/1/334 335/1/335 
f 336/1/336 334/1/334 333/1/333 337/1/337 
f 338/1/338 339/1/339 334/1/334 336/1/336 
f 335/1/335 334/1/334 339/1/339 340/1/340 
f 341/1/341 342/1/342 343/1/343 344/1/344 
f 345/1/345 343/1/343 342/1/342 346/1/346 
f 347/1/347 348/1/348 343/1/343 345/1/345 
f 344/1/344 343/1/343 348/1/348 349/1/349 
f 350/1/350 351/1/351 352/1/352 353/1/353 
f 354/1/354 352/1/352 351/1/351 355/1/355 
f 346/1/346 342/1/342 352/1/352 354/1/354 
f 353/1/353 352/1/352 342/1/342 341/1/341 
f 340/1/340 356/1/356 357/1/357 335/1/335 
f 358/1/358 357/1/357 356/1/356 359/1/359 
f 360/1/360 361/1/361 357/1/357 358/1/358 
f 335/1/335 357/1/357 361/1/361 332/1/332 
f 340/1/340 339/1/339 362/1/362 363/1/363 
f 364/1/364 362/1/362 339/1/339 338/1/338 
f 365/1/365 366/1/366 362/1/362 364/1/364 
f 366/1/366 367/1/367 363/1/363 
f 368/1/368 369/1/369 347/1/347 
f 370/1/370 368/1/368 371/1/371 372/1/372 
f 370/1/370 365/1/365 364/1/364 368/1/368 
f 369/1/369 368/1/368 364/1/364 338/1/338 
f 346/1/346 373/1/373 374/1/374 345/1/345 
f 375/1/375 374/1/374 373/1/373 376/1/376 
f 372/1/372 371/1/371 374/1/374 375/1/375 
f 345/1/345 374/1/374 371/1/371 347/1/347 
f 355/1/355 377/1/377 378/1/378 354/1/354 
f 379/1/379 378/1/378 377/1/377 380/1/380 
f 376/1/376 373/1/373 378/1/378 379/1/379 
f 354/1/354 378/1/378 373/1/373 346/1/346 
f 355/1/355 381/1/381 382/1/382 377/1/377 
f 383/1/383 382/1/382 381/1/381 359/1/359 
f 384/1/384 385/1/385 382/1/382 383/1/383 
f 377/1/377 382/1/382 385/1/385 380/1/380 
f 367/1/367 386/1/386 387/1/387 363/1/363 
f 386/1/386 384/1/384 383/1/383 
f 359/1/359 356/1/356 387/1/387 383/1/383 
f 363/1/363 387/1/387 356/1/356 340/1/340 
f 367/1/367 366/1/366 388/1/388 389/1/389 
f 390/1/390 388/1/388 366/1/366 365/1/365 
f 391/1/391 392/1/392 388/1/388 390/1/390 
f 389/1/389 388/1/388 392/1/392 393/1/393 
f 365/1/365 370/1/370 394/1/394 390/1/390 
f 370/1/370 372/1/372 395/1/395 394/1/394 
f 396/1/396 397/1/397 394/1/394 395/1/395 
f 390/1/390 394/1/394 397/1/397 391/1/391 
f 376/1/376 398/1/398 399/1/399 375/1/375 
f 400/1/400 399/1/399 398/1/398 401/1/401 
f 396/1/396 395/1/395 399/1/399 400/1/400 
f 375/1/375 399/1/399 395/1/395 372/1/372 
f 380/1/380 402/1/402 403/1/403 379/1/379 
f 404/1/404 403/1/403 402/1/402 405/1/405 
f 403/1/403 404/1/404 401/1/401 
f 379/1/379 403/1/403 398/1/398 376/1/376 
f 406/1/406 407/1/407 385/1/385 384/1/384 
f 408/1/408 409/1/409 407/1/407 406/1/406 
f 405/1/405 402/1/402 407/1/407 409/1/409 
f 385/1/385 407/1/407 402/1/402 380/1/380 
f 393/1/393 410/1/410 411/1/411 389/1/389 
f 406/1/406 411/1/411 410/1/410 408/1/408 
f 384/1/384 386/1/386 411/1/411 406/1/406 
f 386/1/386 367/1/367 389/1/389 
f 412/1/412 413/1/413 414/1/414 415/1/415 
f 416/1/416 417/1/417 414/1/414 413/1/413 
f 418/1/418 419/1/419 414/1/414 417/1/417 
f 415/1/415 414/1/414 419/1/419 420/1/420 
f 421/1/421 422/1/422 423/1/423 
f 424/1/424 421/1/421 425/1/425 426/1/426 
f 412/1/412 427/1/427 421/1/421 424/1/424 
f 422/1/422 421/1/421 427/1/427 428/1/428 
f 429/1/429 430/1/430 431/1/431 432/1/432 
f 430/1/430 433/1/433 434/1/434 431/1/431 
f 426/1/426 425/1/425 431/1/431 434/1/434 
f 432/1/432 431/1/431 425/1/425 423/1/423 
f 429/1/429 435/1/435 436/1/436 430/1/430 
f 437/1/437 436/1/436 435/1/435 438/1/438 
f 439/1/439 440/1/440 436/1/436 437/1/437 
f 430/1/430 436/1/436 440/1/440 433/1/433 
f 438/1/438 441/1/441 442/1/442 437/1/437 
f 443/1/443 442/1/442 441/1/441 444/1/444 
f 445/1/445 446/1/446 442/1/442 443/1/443 
f 437/1/437 442/1/442 446/1/446 439/1/439 
f 447/1/447 448/1/448 449/1/449 
f 450/1/450 447/1/447 451/1/451 420/1/420 
f 443/1/443 447/1/447 450/1/450 445/1/445 
f 447/1/447 443/1/443 444/1/444 448/1/448 
f 420/1/420 451/1/451 452/1/452 415/1/415 
f 449/1/449 453/1/453 452/1/452 451/1/451 
f 452/1/452 453/1/453 428/1/428 
f 415/1/415 452/1/452 427/1/427 412/1/412 
f 391/1/391 397/1/397 454/1/454 455/1/455 
f 456/1/456 454/1/454 397/1/397 396/1/396 
f 457/1/457 454/1/454 456/1/456 458/1/458 
f 455/1/455 454/1/454 457/1/457 459/1/459 
f 458/1/458 456/1/456 460/1/460 461/1/461 
f 400/1/400 460/1/460 456/1/456 396/1/396 
f 401/1/401 462/1/462 460/1/460 400/1/400 
f 461/1/461 460/1/460 462/1/462 463/1/463 
f 405/1/405 464/1/464 465/1/465 404/1/404 
f 466/1/466 465/1/465 464/1/464 467/1/467 
f 463/1/463 462/1/462 465/1/465 466/1/466 
f 404/1/404 465/1/465 462/1/462 401/1/401 
f 408/1/408 468/1/468 469/1/469 409/1/409 
f 470/1/470 469/1/469 468/1/468 471/1/471 
f 467/1/467 464/1/464 469/1/469 470/1/470 
f 409/1/409 469/1/469 464/1/464 405/1/405 
f 408/1/408 410/1/410 472/1/472 468/1/468 
f 473/1/473 472/1/472 410/1/410 393/1/393 
f 474/1/474 475/1/475 472/1/472 473/1/473 
f 475/1/475 471/1/471 468/1/468 472/1/472 
f 459/1/459 476/1/476 477/1/477 455/1/455 
f 476/1/476 474/1/474 473/1/473 
f 393/1/393 392/1/392 477/1/477 473/1/473 
f 455/1/455 477/1/477 392/1/392 391/1/391 
f 458/1/458 478/1/478 479/1/479 457/1/457 
f 480/1/480 479/1/479 478/1/478 481/1/481 
f 479/1/479 480/1/480 482/1/482 
f 459/1/459 457/1/457 479/1/479 483/1/483 
f 423/1/423 484/1/484 485/1/485 432/1/432 
f 486/1/486 485/1/485 484/1/484 487/1/487 
f 488/1/488 489/1/489 485/1/485 486/1/486 
f 432/1/432 485/1/485 489/1/489 429/1/429 
f 490/1/490 491/1/491 492/1/492 493/1/493 
f 494/1/494 492/1/492 491/1/491 495/1/495 
f 492/1/492 494/1/494 488/1/488 
f 493/1/493 492/1/492 496/1/496 481/1/481 
f 463/1/463 497/1/497 498/1/498 461/1/461 
f 493/1/493 498/1/498 497/1/497 490/1/490 
f 481/1/481 478/1/478 498/1/498 493/1/493 
f 461/1/461 498/1/498 478/1/478 458/1/458 
f 494/1/494 499/1/499 489/1/489 488/1/488 
f 500/1/500 499/1/499 494/1/494 495/1/495 
f 435/1/435 499/1/499 500/1/500 438/1/438 
f 429/1/429 489/1/489 499/1/499 435/1/435 
f 467/1/467 501/1/501 502/1/502 466/1/466 
f 503/1/503 502/1/502 501/1/501 504/1/504 
f 490/1/490 497/1/497 502/1/502 503/1/503 
f 466/1/466 502/1/502 497/1/497 463/1/463 
f 471/1/471 505/1/505 506/1/506 470/1/470 
f 507/1/507 506/1/506 505/1/505 508/1/508 
f 504/1/504 501/1/501 506/1/506 507/1/507 
f 470/1/470 506/1/506 501/1/501 467/1/467 
f 486/1/486 487/1/487 509/1/509 
f 509/1/509 482/1/482 480/1/480 
f 510/1/510 480/1/480 481/1/481 
f 496/1/496 488/1/488 486/1/486 
f 511/1/511 512/1/512 513/1/513 514/1/514 
f 441/1/441 513/1/513 512/1/512 444/1/444 
f 438/1/438 500/1/500 513/1/513 441/1/441 
f 514/1/514 513/1/513 500/1/500 495/1/495 
f 515/1/515 516/1/516 517/1/517 
f 511/1/511 518/1/518 515/1/515 519/1/519 
f 516/1/516 515/1/515 518/1/518 520/1/520 
f 521/1/521 519/1/519 522/1/522 
f 448/1/448 521/1/521 523/1/523 449/1/449 
f 444/1/444 512/1/512 521/1/521 448/1/448 
f 519/1/519 521/1/521 512/1/512 511/1/511 
f 524/1/524 525/1/525 523/1/523 522/1/522 
f 526/1/526 525/1/525 524/1/524 527/1/527 
f 428/1/428 453/1/453 525/1/525 526/1/526 
f 453/1/453 449/1/449 523/1/523 
f 428/1/428 526/1/526 528/1/528 422/1/422 
f 529/1/529 528/1/528 526/1/526 527/1/527 
f 487/1/487 484/1/484 528/1/528 529/1/529 
f 484/1/484 423/1/423 422/1/422 
f 527/1/527 530/1/530 531/1/531 529/1/529 
f 532/1/532 531/1/531 530/1/530 533/1/533 
f 534/1/534 535/1/535 531/1/531 532/1/532 
f 529/1/529 531/1/531 535/1/535 487/1/487 
f 536/1/536 532/1/532 533/1/533 
f 537/1/537 536/1/536 538/1/538 539/1/539 
f 540/1/540 541/1/541 536/1/536 537/1/537 
f 532/1/532 536/1/536 541/1/541 534/1/534 
f 542/1/542 543/1/543 544/1/544 545/1/545 
f 546/1/546 547/1/547 544/1/544 543/1/543 
f 544/1/544 547/1/547 548/1/548 
f 546/1/546 543/1/543 549/1/549 550/1/550 
f 551/1/551 549/1/549 543/1/543 542/1/542 
f 539/1/539 538/1/538 549/1/549 551/1/551 
f 550/1/550 549/1/549 538/1/538 533/1/533 
f 552/1/552 553/1/553 554/1/554 555/1/555 
f 556/1/556 554/1/554 553/1/553 557/1/557 
f 554/1/554 556/1/556 558/1/558 
f 559/1/559 560/1/560 555/1/555 
f 561/1/561 562/1/562 563/1/563 564/1/564 
f 557/1/557 553/1/553 562/1/562 561/1/561 
f 565/1/565 562/1/562 553/1/553 552/1/552 
f 563/1/563 562/1/562 565/1/565 548/1/548 
f 564/1/564 566/1/566 567/1/567 561/1/561 
f 568/1/568 567/1/567 566/1/566 569/1/569 
f 570/1/570 571/1/571 567/1/567 568/1/568 
f 561/1/561 567/1/567 571/1/571 557/1/557 
f 572/1/572 573/1/573 574/1/574 575/1/575 
f 573/1/573 522/1/522 576/1/576 
f 517/1/517 577/1/577 574/1/574 576/1/576 
f 575/1/575 574/1/574 577/1/577 578/1/578 
f 579/1/579 580/1/580 581/1/581 
f 582/1/582 527/1/527 524/1/524 
f 522/1/522 573/1/573 579/1/579 524/1/524 
f 573/1/573 572/1/572 580/1/580 
f 583/1/583 581/1/581 580/1/580 
f 572/1/572 584/1/584 585/1/585 580/1/580 
f 586/1/586 583/1/583 585/1/585 584/1/584 
f 587/1/587 582/1/582 581/1/581 
f 550/1/550 587/1/587 588/1/588 546/1/546 
f 533/1/533 530/1/530 587/1/587 550/1/550 
f 530/1/530 527/1/527 582/1/582 
f 589/1/589 547/1/547 546/1/546 
f 590/1/590 589/1/589 588/1/588 581/1/581 
f 590/1/590 591/1/591 592/1/592 
f 592/1/592 548/1/548 547/1/547 
f 590/1/590 593/1/593 594/1/594 591/1/591 
f 583/1/583 593/1/593 590/1/590 581/1/581 
f 586/1/586 595/1/595 593/1/593 583/1/583 
f 594/1/594 593/1/593 595/1/595 596/1/596 
f 591/1/591 597/1/597 598/1/598 592/1/592 
f 597/1/597 599/1/599 600/1/600 
f 564/1/564 563/1/563 598/1/598 600/1/600 
f 592/1/592 598/1/598 563/1/563 548/1/548 
f 601/1/601 602/1/602 603/1/603 604/1/604 
f 605/1/605 603/1/603 602/1/602 606/1/606 
f 599/1/599 597/1/597 603/1/603 605/1/605 
f 604/1/604 603/1/603 597/1/597 591/1/591 
f 607/1/607 608/1/608 609/1/609 610/1/610 
f 611/1/611 612/1/612 609/1/609 608/1/608 
f 613/1/613 609/1/609 612/1/612 614/1/614 
f 613/1/613 569/1/569 610/1/610 
f 615/1/615 600/1/600 599/1/599 
f 607/1/607 610/1/610 615/1/615 616/1/616 
f 615/1/615 610/1/610 569/1/569 
f 600/1/600 615/1/615 566/1/566 564/1/564 
f 611/1/611 617/1/617 618/1/618 612/1/612 
f 619/1/619 620/1/620 618/1/618 617/1/617 
f 621/1/621 618/1/618 620/1/620 596/1/596 
f 614/1/614 612/1/612 618/1/618 621/1/621 
f 622/1/622 623/1/623 624/1/624 625/1/625 
f 616/1/616 624/1/624 623/1/623 607/1/607 
f 616/1/616 599/1/599 605/1/605 
f 606/1/606 625/1/625 624/1/624 605/1/605 
f 596/1/596 620/1/620 626/1/626 594/1/594 
f 627/1/627 626/1/626 620/1/620 619/1/619 
f 601/1/601 604/1/604 626/1/626 627/1/627 
f 594/1/594 626/1/626 604/1/604 591/1/591 
f 628/1/628 627/1/627 619/1/619 
f 629/1/629 622/1/622 625/1/625 628/1/628 
f 606/1/606 602/1/602 628/1/628 625/1/625 
f 602/1/602 601/1/601 627/1/627 
f 630/1/630 623/1/623 622/1/622 
f 629/1/629 619/1/619 617/1/617 
f 630/1/630 617/1/617 611/1/611 
f 608/1/608 607/1/607 623/1/623 
f 631/1/631 632/1/632 633/1/633 634/1/634 
f 58/1/58 633/1/633 632/1/632 55/1/55 
f 44/1/44 60/1/60 633/1/633 58/1/58 
f 634/1/634 633/1/633 60/1/60 59/1/59 
f 55/1/55 632/1/632 635/1/635 133/1/133 
f 636/1/636 635/1/635 632/1/632 631/1/631 
f 637/1/637 638/1/638 635/1/635 636/1/636 
f 133/1/133 635/1/635 638/1/638 135/1/135 
f 631/1/631 639/1/639 640/1/640 636/1/636 
f 641/1/641 640/1/640 639/1/639 642/1/642 
f 643/1/643 644/1/644 640/1/640 641/1/641 
f 636/1/636 640/1/640 644/1/644 637/1/637 
f 645/1/645 646/1/646 638/1/638 637/1/637 
f 647/1/647 648/1/648 646/1/646 645/1/645 
f 178/1/178 175/1/175 646/1/646 648/1/648 
f 638/1/638 646/1/646 175/1/175 135/1/135 
f 643/1/643 649/1/649 650/1/650 644/1/644 
f 651/1/651 650/1/650 649/1/649 652/1/652 
f 647/1/647 645/1/645 650/1/650 651/1/651 
f 637/1/637 644/1/644 650/1/650 645/1/645 
f 653/1/653 654/1/654 648/1/648 647/1/647 
f 654/1/654 653/1/653 655/1/655 
f 656/1/656 186/1/186 185/1/185 
f 648/1/648 654/1/654 185/1/185 178/1/178 
f 647/1/647 651/1/651 657/1/657 653/1/653 
f 652/1/652 658/1/658 657/1/657 651/1/651 
f 659/1/659 657/1/657 658/1/658 660/1/660 
f 653/1/653 657/1/657 659/1/659 655/1/655 
f 661/1/661 662/1/662 663/1/663 664/1/664 
f 329/1/329 663/1/663 662/1/662 330/1/330 
f 272/1/272 326/1/326 663/1/663 329/1/329 
f 663/1/663 326/1/326 266/1/266 
f 665/1/665 666/1/666 661/1/661 
f 664/1/664 266/1/266 269/1/269 
f 665/1/665 269/1/269 186/1/186 
f 656/1/656 655/1/655 666/1/666 
f 655/1/655 659/1/659 667/1/667 666/1/666 
f 660/1/660 668/1/668 667/1/667 659/1/659 
f 669/1/669 667/1/667 668/1/668 670/1/670 
f 661/1/661 666/1/666 667/1/667 669/1/669 
f 59/1/59 671/1/671 672/1/672 634/1/634 
f 673/1/673 672/1/672 671/1/671 674/1/674 
f 642/1/642 639/1/639 672/1/672 673/1/673 
f 634/1/634 672/1/672 639/1/639 631/1/631 
f 675/1/675 674/1/674 671/1/671 676/1/676 
f 62/1/62 676/1/676 671/1/671 59/1/59 
f 64/1/64 677/1/677 676/1/676 62/1/62 
f 675/1/675 676/1/676 677/1/677 678/1/678 
f 679/1/679 680/1/680 681/1/681 682/1/682 
f 675/1/675 680/1/680 679/1/679 674/1/674 
f 678/1/678 683/1/683 680/1/680 675/1/675 
f 683/1/683 684/1/684 681/1/681 680/1/680 
f 673/1/673 685/1/685 686/1/686 642/1/642 
f 687/1/687 685/1/685 673/1/673 674/1/674 
f 688/1/688 686/1/686 685/1/685 687/1/687 
f 682/1/682 689/1/689 690/1/690 679/1/679 
f 691/1/691 690/1/690 689/1/689 692/1/692 
f 687/1/687 690/1/690 691/1/691 688/1/688 
f 690/1/690 687/1/687 674/1/674 
f 693/1/693 694/1/694 695/1/695 696/1/696 
f 641/1/641 694/1/694 693/1/693 643/1/643 
f 642/1/642 686/1/686 694/1/694 641/1/641 
f 695/1/695 694/1/694 686/1/686 688/1/688 
f 697/1/697 698/1/698 699/1/699 700/1/700 
f 701/1/701 699/1/699 698/1/698 702/1/702 
f 692/1/692 689/1/689 699/1/699 701/1/701 
f 700/1/700 699/1/699 689/1/689 682/1/682 
f 702/1/702 698/1/698 703/1/703 704/1/704 
f 705/1/705 703/1/703 698/1/698 697/1/697 
f 7/1/7 11/1/11 703/1/703 705/1/705 
f 704/1/704 703/1/703 11/1/11 10/1/10 
f 706/1/706 707/1/707 708/1/708 709/1/709 
f 706/1/706 696/1/696 695/1/695 707/1/707 
f 688/1/688 691/1/691 707/1/707 695/1/695 
f 692/1/692 708/1/708 707/1/707 691/1/691 
f 701/1/701 710/1/710 708/1/708 692/1/692 
f 702/1/702 711/1/711 710/1/710 701/1/701 
f 709/1/709 708/1/708 710/1/710 711/1/711 
f 10/1/10 88/1/88 712/1/712 704/1/704 
f 89/1/89 713/1/713 712/1/712 88/1/88 
f 714/1/714 715/1/715 712/1/712 713/1/713 
f 704/1/704 712/1/712 715/1/715 702/1/702 
f 696/1/696 716/1/716 717/1/717 693/1/693 
f 718/1/718 717/1/717 716/1/716 719/1/719 
f 652/1/652 649/1/649 717/1/717 718/1/718 
f 693/1/693 717/1/717 649/1/649 643/1/643 
f 720/1/720 721/1/721 715/1/715 714/1/714 
f 722/1/722 721/1/721 720/1/720 723/1/723 
f 709/1/709 711/1/711 721/1/721 722/1/722 
f 715/1/715 721/1/721 711/1/711 702/1/702 
f 723/1/723 724/1/724 725/1/725 722/1/722 
f 716/1/716 725/1/725 724/1/724 719/1/719 
f 706/1/706 725/1/725 716/1/716 696/1/696 
f 722/1/722 725/1/725 706/1/706 709/1/709 
f 719/1/719 726/1/726 727/1/727 718/1/718 
f 728/1/728 727/1/727 726/1/726 729/1/729 
f 660/1/660 658/1/658 727/1/727 728/1/728 
f 718/1/718 727/1/727 658/1/658 652/1/652 
f 719/1/719 724/1/724 730/1/730 726/1/726 
f 731/1/731 730/1/730 724/1/724 723/1/723 
f 732/1/732 733/1/733 730/1/730 731/1/731 
f 726/1/726 730/1/730 733/1/733 729/1/729 
f 714/1/714 734/1/734 735/1/735 720/1/720 
f 734/1/734 736/1/736 737/1/737 735/1/735 
f 731/1/731 735/1/735 737/1/737 732/1/732 
f 720/1/720 735/1/735 731/1/731 723/1/723 
f 93/1/93 738/1/738 739/1/739 91/1/91 
f 734/1/734 739/1/739 738/1/738 736/1/736 
f 714/1/714 713/1/713 739/1/739 734/1/734 
f 91/1/91 739/1/739 713/1/713 89/1/89 
f 740/1/740 741/1/741 742/1/742 743/1/743 
f 744/1/744 742/1/742 741/1/741 745/1/745 
f 729/1/729 733/1/733 742/1/742 744/1/744 
f 743/1/743 742/1/742 733/1/733 732/1/732 
f 729/1/729 744/1/744 746/1/746 728/1/728 
f 747/1/747 746/1/746 744/1/744 745/1/745 
f 670/1/670 668/1/668 746/1/746 747/1/747 
f 728/1/728 746/1/746 668/1/668 660/1/660 
f 732/1/732 737/1/737 748/1/748 743/1/743 
f 749/1/749 748/1/748 737/1/737 736/1/736 
f 743/1/743 748/1/748 749/1/749 740/1/740 
f 670/1/670 750/1/750 751/1/751 669/1/669 
f 752/1/752 751/1/751 750/1/750 753/1/753 
f 330/1/330 662/1/662 751/1/751 752/1/752 
f 669/1/669 751/1/751 662/1/662 661/1/661 
f 283/1/283 754/1/754 755/1/755 282/1/282 
f 756/1/756 755/1/755 754/1/754 757/1/757 
f 736/1/736 738/1/738 755/1/755 756/1/756 
f 282/1/282 755/1/755 738/1/738 93/1/93 
f 747/1/747 758/1/758 750/1/750 670/1/670 
f 745/1/745 759/1/759 758/1/758 747/1/747 
f 758/1/758 759/1/759 753/1/753 
f 757/1/757 760/1/760 761/1/761 756/1/756 
f 762/1/762 761/1/761 760/1/760 763/1/763 
f 740/1/740 749/1/749 761/1/761 762/1/762 
f 756/1/756 761/1/761 749/1/749 736/1/736 
f 763/1/763 764/1/764 765/1/765 762/1/762 
f 759/1/759 765/1/765 764/1/764 753/1/753 
f 745/1/745 741/1/741 765/1/765 759/1/759 
f 762/1/762 765/1/765 741/1/741 740/1/740 
f 753/1/753 766/1/766 767/1/767 752/1/752 
f 768/1/768 767/1/767 766/1/766 769/1/769 
f 246/1/246 331/1/331 767/1/767 768/1/768 
f 752/1/752 767/1/767 331/1/331 330/1/330 
f 187/1/187 770/1/770 771/1/771 286/1/286 
f 772/1/772 771/1/771 770/1/770 773/1/773 
f 757/1/757 754/1/754 771/1/771 772/1/772 
f 286/1/286 771/1/771 754/1/754 283/1/283 
f 773/1/773 774/1/774 775/1/775 772/1/772 
f 776/1/776 775/1/775 774/1/774 777/1/777 
f 763/1/763 760/1/760 775/1/775 776/1/776 
f 772/1/772 775/1/775 760/1/760 757/1/757 
f 777/1/777 778/1/778 779/1/779 776/1/776 
f 766/1/766 779/1/779 778/1/778 769/1/769 
f 753/1/753 764/1/764 779/1/779 766/1/766 
f 776/1/776 779/1/779 764/1/764 763/1/763 
f 768/1/768 769/1/769 780/1/780 781/1/781 
f 782/1/782 783/1/783 781/1/781 780/1/780 
f 251/1/251 247/1/247 781/1/781 783/1/783 
f 768/1/768 781/1/781 247/1/247 246/1/246 
f 65/1/65 784/1/784 785/1/785 190/1/190 
f 786/1/786 785/1/785 784/1/784 787/1/787 
f 773/1/773 770/1/770 785/1/785 786/1/786 
f 190/1/190 785/1/785 770/1/770 187/1/187 
f 787/1/787 788/1/788 789/1/789 786/1/786 
f 790/1/790 789/1/789 788/1/788 791/1/791 
f 777/1/777 774/1/774 789/1/789 790/1/790 
f 786/1/786 789/1/789 774/1/774 773/1/773 
f 791/1/791 792/1/792 793/1/793 790/1/790 
f 780/1/780 793/1/793 792/1/792 782/1/782 
f 769/1/769 778/1/778 793/1/793 780/1/780 
f 790/1/790 793/1/793 778/1/778 777/1/777 
f 794/1/794 795/1/795 68/1/68 73/1/73 
f 796/1/796 795/1/795 794/1/794 797/1/797 
f 787/1/787 784/1/784 795/1/795 796/1/796 
f 68/1/68 795/1/795 784/1/784 65/1/65 
f 483/1/483 482/1/482 798/1/798 
f 799/1/799 800/1/800 798/1/798 801/1/801 
f 800/1/800 799/1/799 474/1/474 
f 476/1/476 459/1/459 483/1/483 
f 802/1/802 803/1/803 804/1/804 805/1/805 
f 806/1/806 804/1/804 803/1/803 801/1/801 
f 534/1/534 541/1/541 804/1/804 806/1/806 
f 805/1/805 804/1/804 541/1/541 540/1/540 
f 807/1/807 475/1/475 474/1/474 
f 808/1/808 807/1/807 799/1/799 801/1/801 
f 508/1/508 505/1/505 807/1/807 808/1/808 
f 475/1/475 807/1/807 505/1/505 471/1/471 
f 806/1/806 809/1/809 535/1/535 534/1/534 
f 798/1/798 809/1/809 806/1/806 801/1/801 
f 482/1/482 509/1/509 809/1/809 798/1/798 
f 535/1/535 809/1/809 509/1/509 487/1/487 
f 810/1/810 811/1/811 812/1/812 
f 813/1/813 814/1/814 815/1/815 
f 810/1/810 815/1/815 816/1/816 
f 817/1/817 801/1/801 811/1/811 
f 814/1/814 818/1/818 819/1/819 815/1/815 
f 818/1/818 820/1/820 821/1/821 
f 822/1/822 823/1/823 819/1/819 821/1/821 
f 815/1/815 819/1/819 823/1/823 816/1/816 
f 824/1/824 825/1/825 826/1/826 827/1/827 
f 828/1/828 829/1/829 826/1/826 825/1/825 
f 830/1/830 831/1/831 826/1/826 829/1/829 
f 827/1/827 826/1/826 831/1/831 832/1/832 
f 833/1/833 834/1/834 835/1/835 836/1/836 
f 837/1/837 835/1/835 834/1/834 838/1/838 
f 839/1/839 840/1/840 835/1/835 837/1/837 
f 836/1/836 835/1/835 840/1/840 841/1/841 
f 838/1/838 842/1/842 843/1/843 837/1/837 
f 844/1/844 843/1/843 842/1/842 845/1/845 
f 846/1/846 847/1/847 843/1/843 844/1/844 
f 837/1/837 843/1/843 847/1/847 839/1/839 
f 848/1/848 849/1/849 850/1/850 851/1/851 
f 852/1/852 850/1/850 849/1/849 853/1/853 
f 838/1/838 834/1/834 850/1/850 852/1/852 
f 851/1/851 850/1/850 834/1/834 833/1/833 
f 854/1/854 855/1/855 856/1/856 857/1/857 
f 858/1/858 856/1/856 855/1/855 859/1/859 
f 853/1/853 849/1/849 856/1/856 858/1/858 
f 857/1/857 856/1/856 849/1/849 848/1/848 
f 853/1/853 860/1/860 861/1/861 852/1/852 
f 862/1/862 861/1/861 860/1/860 863/1/863 
f 845/1/845 842/1/842 861/1/861 862/1/862 
f 852/1/852 861/1/861 842/1/842 838/1/838 
f 863/1/863 864/1/864 865/1/865 862/1/862 
f 794/1/794 865/1/865 864/1/864 797/1/797 
f 73/1/73 866/1/866 865/1/865 794/1/794 
f 862/1/862 865/1/865 866/1/866 845/1/845 
f 867/1/867 868/1/868 869/1/869 870/1/870 
f 871/1/871 869/1/869 868/1/868 872/1/872 
f 854/1/854 873/1/873 869/1/869 871/1/871 
f 870/1/870 869/1/869 873/1/873 874/1/874 
f 797/1/797 875/1/875 876/1/876 796/1/796 
f 877/1/877 876/1/876 875/1/875 878/1/878 
f 791/1/791 788/1/788 876/1/876 877/1/877 
f 796/1/796 876/1/876 788/1/788 787/1/787 
f 879/1/879 880/1/880 881/1/881 882/1/882 
f 883/1/883 880/1/880 879/1/879 884/1/884 
f 783/1/783 880/1/880 883/1/883 251/1/251 
f 783/1/783 782/1/782 881/1/881 
f 878/1/878 885/1/885 886/1/886 877/1/877 
f 881/1/881 886/1/886 885/1/885 882/1/882 
f 782/1/782 792/1/792 886/1/886 881/1/881 
f 877/1/877 886/1/886 792/1/792 791/1/791 
f 887/1/887 888/1/888 884/1/884 
f 887/1/887 879/1/879 882/1/882 
f 559/1/559 887/1/887 889/1/889 560/1/560 
f 888/1/888 887/1/887 559/1/559 558/1/558 
f 863/1/863 890/1/890 891/1/891 864/1/864 
f 892/1/892 891/1/891 890/1/890 893/1/893 
f 878/1/878 875/1/875 891/1/891 892/1/892 
f 864/1/864 891/1/891 875/1/875 797/1/797 
f 894/1/894 858/1/858 859/1/859 
f 895/1/895 893/1/893 890/1/890 
f 894/1/894 890/1/890 863/1/863 
f 858/1/858 894/1/894 860/1/860 853/1/853 
f 872/1/872 896/1/896 897/1/897 871/1/871 
f 896/1/896 893/1/893 895/1/895 
f 859/1/859 855/1/855 897/1/897 895/1/895 
f 871/1/871 897/1/897 855/1/855 854/1/854 
f 898/1/898 899/1/899 900/1/900 901/1/901 
f 898/1/898 893/1/893 896/1/896 
f 902/1/902 899/1/899 896/1/896 872/1/872 
f 899/1/899 902/1/902 903/1/903 
f 901/1/901 904/1/904 905/1/905 898/1/898 
f 906/1/906 905/1/905 904/1/904 907/1/907 
f 905/1/905 906/1/906 908/1/908 
f 909/1/909 893/1/893 898/1/898 
f 908/1/908 906/1/906 910/1/910 911/1/911 
f 912/1/912 910/1/910 906/1/906 907/1/907 
f 560/1/560 889/1/889 910/1/910 912/1/912 
f 911/1/911 910/1/910 889/1/889 882/1/882 
f 892/1/892 913/1/913 885/1/885 878/1/878 
f 909/1/909 913/1/913 892/1/892 893/1/893 
f 908/1/908 911/1/911 913/1/913 909/1/909 
f 882/1/882 885/1/885 913/1/913 911/1/911 
f 416/1/416 413/1/413 914/1/914 915/1/915 
f 424/1/424 914/1/914 413/1/413 412/1/412 
f 426/1/426 916/1/916 914/1/914 424/1/424 
f 917/1/917 915/1/915 914/1/914 916/1/916 
f 918/1/918 919/1/919 920/1/920 921/1/921 
f 445/1/445 450/1/450 920/1/920 919/1/919 
f 420/1/420 419/1/419 920/1/920 450/1/450 
f 418/1/418 921/1/921 920/1/920 419/1/419 
f 922/1/922 923/1/923 924/1/924 925/1/925 
f 926/1/926 924/1/924 923/1/923 927/1/927 
f 433/1/433 440/1/440 924/1/924 926/1/926 
f 925/1/925 924/1/924 440/1/440 439/1/439 
f 926/1/926 928/1/928 434/1/434 433/1/433 
f 929/1/929 928/1/928 926/1/926 927/1/927 
f 917/1/917 916/1/916 928/1/928 929/1/929 
f 434/1/434 928/1/928 916/1/916 426/1/426 
f 918/1/918 930/1/930 931/1/931 919/1/919 
f 925/1/925 931/1/931 930/1/930 922/1/922 
f 439/1/439 446/1/446 931/1/931 925/1/925 
f 919/1/919 931/1/931 446/1/446 445/1/445 
f 932/1/932 933/1/933 934/1/934 935/1/935 
f 934/1/934 933/1/933 927/1/927 
f 922/1/922 930/1/930 934/1/934 923/1/923 
f 935/1/935 934/1/934 930/1/930 918/1/918 
f 917/1/917 929/1/929 936/1/936 915/1/915 
f 929/1/929 927/1/927 933/1/933 
f 932/1/932 937/1/937 936/1/936 933/1/933 
f 416/1/416 915/1/915 936/1/936 
f 932/1/932 935/1/935 938/1/938 937/1/937 
f 921/1/921 938/1/938 935/1/935 918/1/918 
f 418/1/418 417/1/417 938/1/938 921/1/921 
f 938/1/938 417/1/417 416/1/416 
f 939/1/939 940/1/940 361/1/361 360/1/360 
f 941/1/941 940/1/940 939/1/939 349/1/349 
f 337/1/337 333/1/333 940/1/940 941/1/941 
f 361/1/361 940/1/940 333/1/333 332/1/332 
f 349/1/349 348/1/348 942/1/942 941/1/941 
f 369/1/369 942/1/942 348/1/348 347/1/347 
f 338/1/338 336/1/336 942/1/942 369/1/369 
f 337/1/337 941/1/941 942/1/942 336/1/336 
f 341/1/341 344/1/344 943/1/943 353/1/353 
f 939/1/939 943/1/943 344/1/344 349/1/349 
f 943/1/943 939/1/939 360/1/360 
f 353/1/353 943/1/943 944/1/944 350/1/350 
f 350/1/350 944/1/944 945/1/945 351/1/351 
f 358/1/358 945/1/945 944/1/944 360/1/360 
f 359/1/359 381/1/381 945/1/945 358/1/358 
f 351/1/351 945/1/945 381/1/381 355/1/355 
f 946/1/946 902/1/902 872/1/872 
f 947/1/947 946/1/946 868/1/868 867/1/867 
f 948/1/948 949/1/949 946/1/946 947/1/947 
f 902/1/902 946/1/946 949/1/949 903/1/903 
f 540/1/540 950/1/950 951/1/951 805/1/805 
f 952/1/952 951/1/951 950/1/950 953/1/953 
f 954/1/954 955/1/955 951/1/951 952/1/952 
f 805/1/805 951/1/951 955/1/955 802/1/802 
f 956/1/956 957/1/957 958/1/958 959/1/959 
f 900/1/900 958/1/958 957/1/957 901/1/901 
f 903/1/903 949/1/949 958/1/958 900/1/900 
f 959/1/959 958/1/958 949/1/949 948/1/948 
f 953/1/953 960/1/960 961/1/961 952/1/952 
f 959/1/959 961/1/961 960/1/960 956/1/956 
f 948/1/948 962/1/962 961/1/961 959/1/959 
f 952/1/952 961/1/961 962/1/962 954/1/954 
f 552/1/552 963/1/963 964/1/964 565/1/565 
f 965/1/965 964/1/964 963/1/963 966/1/966 
f 542/1/542 545/1/545 964/1/964 965/1/965 
f 565/1/565 964/1/964 545/1/545 548/1/548 
f 967/1/967 966/1/966 968/1/968 
f 904/1/904 969/1/969 968/1/968 907/1/907 
f 969/1/969 904/1/904 901/1/901 
f 957/1/957 956/1/956 967/1/967 
f 970/1/970 971/1/971 972/1/972 973/1/973 
f 966/1/966 967/1/967 972/1/972 971/1/971 
f 956/1/956 960/1/960 972/1/972 967/1/967 
f 973/1/973 972/1/972 960/1/960 953/1/953 
f 907/1/907 968/1/968 974/1/974 912/1/912 
f 963/1/963 974/1/974 968/1/968 966/1/966 
f 552/1/552 555/1/555 974/1/974 
f 912/1/912 974/1/974 555/1/555 560/1/560 
f 975/1/975 551/1/551 542/1/542 
f 965/1/965 966/1/966 971/1/971 
f 970/1/970 976/1/976 975/1/975 971/1/971 
f 551/1/551 975/1/975 976/1/976 539/1/539 
f 539/1/539 976/1/976 977/1/977 537/1/537 
f 973/1/973 977/1/977 976/1/976 970/1/970 
f 953/1/953 950/1/950 977/1/977 973/1/973 
f 537/1/537 977/1/977 950/1/950 540/1/540 
f 828/1/828 978/1/978 979/1/979 980/1/980 
f 981/1/981 979/1/979 978/1/978 982/1/982 
f 983/1/983 984/1/984 979/1/979 981/1/981 
f 980/1/980 979/1/979 984/1/984 985/1/985 
f 802/1/802 986/1/986 987/1/987 803/1/803 
f 988/1/988 987/1/987 986/1/986 989/1/989 
f 812/1/812 811/1/811 987/1/987 988/1/988 
f 803/1/803 987/1/987 811/1/811 801/1/801 
f 990/1/990 955/1/955 954/1/954 
f 991/1/991 992/1/992 993/1/993 
f 989/1/989 986/1/986 990/1/990 993/1/993 
f 955/1/955 990/1/990 986/1/986 802/1/802 
f 994/1/994 995/1/995 992/1/992 
f 991/1/991 954/1/954 962/1/962 
f 994/1/994 962/1/962 948/1/948 
f 947/1/947 867/1/867 995/1/995 
f 992/1/992 996/1/996 997/1/997 993/1/993 
f 998/1/998 997/1/997 996/1/996 999/1/999 
f 1000/1/1000 1001/1/1001 997/1/997 998/1/998 
f 1001/1/1001 989/1/989 993/1/993 
f 996/1/996 1002/1/1002 1003/1/1003 999/1/999 
f 995/1/995 1002/1/1002 996/1/996 992/1/992 
f 870/1/870 1002/1/1002 995/1/995 867/1/867 
f 874/1/874 1003/1/1003 1002/1/1002 870/1/870 
f 1004/1/1004 1005/1/1005 1006/1/1006 1007/1/1007 
f 1008/1/1008 1006/1/1006 1005/1/1005 1009/1/1009 
f 1010/1/1010 1006/1/1006 1008/1/1008 1011/1/1011 
f 1007/1/1007 1006/1/1006 1010/1/1010 982/1/982 
f 1012/1/1012 1013/1/1013 1014/1/1014 1015/1/1015 
f 1016/1/1016 1014/1/1014 1013/1/1013 1017/1/1017 
f 999/1/999 1003/1/1003 1014/1/1014 1016/1/1016 
f 1015/1/1015 1014/1/1014 1003/1/1003 874/1/874 
f 1018/1/1018 1019/1/1019 825/1/825 824/1/824 
f 1007/1/1007 1019/1/1019 1018/1/1018 1004/1/1004 
f 982/1/982 978/1/978 1019/1/1019 1007/1/1007 
f 825/1/825 1019/1/1019 978/1/978 828/1/828 
f 1000/1/1000 998/1/998 1020/1/1020 1021/1/1021 
f 1016/1/1016 1020/1/1020 998/1/998 999/1/999 
f 1017/1/1017 1022/1/1022 1020/1/1020 1016/1/1016 
f 1023/1/1023 1021/1/1021 1020/1/1020 1022/1/1022 
f 1012/1/1012 1024/1/1024 1025/1/1025 1026/1/1026 
f 851/1/851 1025/1/1025 1024/1/1024 848/1/848 
f 833/1/833 1027/1/1027 1025/1/1025 851/1/851 
f 1026/1/1026 1025/1/1025 1027/1/1027 1009/1/1009 
f 1005/1/1005 1004/1/1004 1028/1/1028 1029/1/1029 
f 1017/1/1017 1013/1/1013 1029/1/1029 1028/1/1028 
f 1026/1/1026 1029/1/1029 1013/1/1013 1012/1/1012 
f 1009/1/1009 1005/1/1005 1029/1/1029 1026/1/1026 
f 848/1/848 1024/1/1024 1030/1/1030 857/1/857 
f 1015/1/1015 1030/1/1030 1024/1/1024 1012/1/1012 
f 874/1/874 873/1/873 1030/1/1030 1015/1/1015 
f 857/1/857 1030/1/1030 873/1/873 854/1/854 
f 1022/1/1022 1017/1/1017 1028/1/1028 1031/1/1031 
f 1018/1/1018 1031/1/1031 1028/1/1028 1004/1/1004 
f 824/1/824 1032/1/1032 1031/1/1031 1018/1/1018 
f 1022/1/1022 1031/1/1031 1032/1/1032 1023/1/1023 
f 1033/1/1033 1034/1/1034 1035/1/1035 1036/1/1036 
f 250/1/250 1035/1/1035 1034/1/1034 233/1/233 
f 251/1/251 883/1/883 1035/1/1035 250/1/250 
f 1036/1/1036 1035/1/1035 883/1/883 884/1/884 
f 233/1/233 1034/1/1034 1037/1/1037 232/1/232 
f 1038/1/1038 1037/1/1037 1034/1/1034 1033/1/1033 
f 1039/1/1039 1040/1/1040 1037/1/1037 1038/1/1038 
f 232/1/232 1037/1/1037 1040/1/1040 234/1/234 
f 1033/1/1033 1041/1/1041 1042/1/1042 1038/1/1038 
f 1043/1/1043 1042/1/1042 1041/1/1041 1044/1/1044 
f 1045/1/1045 1046/1/1046 1042/1/1042 1043/1/1043 
f 1038/1/1038 1042/1/1042 1046/1/1046 1039/1/1039 
f 1047/1/1047 1048/1/1048 226/1/226 225/1/225 
f 1049/1/1049 1050/1/1050 1048/1/1048 1047/1/1047 
f 1051/1/1051 1048/1/1048 1050/1/1050 1052/1/1052 
f 227/1/227 226/1/226 1048/1/1048 1051/1/1051 
f 1053/1/1053 212/1/212 218/1/218 
f 1054/1/1054 1055/1/1055 1056/1/1056 
f 1057/1/1057 1058/1/1058 1053/1/1053 1056/1/1056 
f 1058/1/1058 213/1/213 212/1/212 
f 1059/1/1059 1060/1/1060 1061/1/1061 1062/1/1062 
f 240/1/240 1061/1/1061 1060/1/1060 237/1/237 
f 245/1/245 1063/1/1063 1061/1/1061 240/1/240 
f 1062/1/1062 1061/1/1061 1063/1/1063 1064/1/1064 
f 1065/1/1065 1066/1/1066 1067/1/1067 1068/1/1068 
f 1069/1/1069 1067/1/1067 1066/1/1066 1070/1/1070 
f 203/1/203 210/1/210 1067/1/1067 1069/1/1069 
f 1068/1/1068 1067/1/1067 210/1/210 209/1/209 
f 1071/1/1071 1072/1/1072 1073/1/1073 1074/1/1074 
f 69/1/69 1073/1/1073 1072/1/1072 71/1/71 
f 70/1/70 198/1/198 1073/1/1073 69/1/69 
f 1074/1/1074 1073/1/1073 198/1/198 197/1/197 
f 1070/1/1070 1075/1/1075 1076/1/1076 1069/1/1069 
f 1074/1/1074 1076/1/1076 1075/1/1075 1071/1/1071 
f 197/1/197 204/1/204 1076/1/1076 1074/1/1074 
f 1069/1/1069 1076/1/1076 204/1/204 203/1/203 
f 1077/1/1077 1078/1/1078 1079/1/1079 1080/1/1080 
f 1081/1/1081 1079/1/1079 1078/1/1078 1082/1/1082 
f 1071/1/1071 1075/1/1075 1079/1/1079 1081/1/1081 
f 1080/1/1080 1079/1/1079 1075/1/1075 1070/1/1070 
f 1083/1/1083 1084/1/1084 72/1/72 71/1/71 
f 1083/1/1083 1085/1/1085 1086/1/1086 
f 866/1/866 1084/1/1084 1086/1/1086 845/1/845 
f 72/1/72 1084/1/1084 866/1/866 73/1/73 
f 1082/1/1082 1087/1/1087 1088/1/1088 1081/1/1081 
f 1083/1/1083 1088/1/1088 1087/1/1087 1085/1/1085 
f 71/1/71 1072/1/1072 1088/1/1088 1083/1/1083 
f 1081/1/1081 1088/1/1088 1072/1/1072 1071/1/1071 
f 1089/1/1089 1090/1/1090 1091/1/1091 1092/1/1092 
f 1090/1/1090 1093/1/1093 1094/1/1094 
f 1091/1/1091 1094/1/1094 1095/1/1095 
f 1096/1/1096 1097/1/1097 1092/1/1092 
f 1098/1/1098 1099/1/1099 1100/1/1100 1101/1/1101 
f 1092/1/1092 1100/1/1100 1099/1/1099 1089/1/1089 
f 1097/1/1097 1102/1/1102 1100/1/1100 1092/1/1092 
f 1101/1/1101 1100/1/1100 1102/1/1102 1103/1/1103 
f 1104/1/1104 1105/1/1105 1106/1/1106 1107/1/1107 
f 1108/1/1108 1109/1/1109 1105/1/1105 1104/1/1104 
f 1110/1/1110 1105/1/1105 1109/1/1109 1111/1/1111 
f 1112/1/1112 1106/1/1106 1105/1/1105 1110/1/1110 
f 1113/1/1113 1114/1/1114 1115/1/1115 1116/1/1116 
f 1117/1/1117 1115/1/1115 1114/1/1114 1118/1/1118 
f 1119/1/1119 1120/1/1120 1115/1/1115 1117/1/1117 
f 1116/1/1116 1115/1/1115 1120/1/1120 1121/1/1121 
f 1044/1/1044 1122/1/1122 1123/1/1123 1043/1/1043 
f 1124/1/1124 1123/1/1123 1122/1/1122 1125/1/1125 
f 1123/1/1123 1124/1/1124 1126/1/1126 
f 1043/1/1043 1123/1/1123 1127/1/1127 1045/1/1045 
f 1128/1/1128 1129/1/1129 1130/1/1130 
f 1131/1/1131 1132/1/1132 1130/1/1130 1133/1/1133 
f 1132/1/1132 1131/1/1131 1134/1/1134 
f 1128/1/1128 1132/1/1132 1135/1/1135 1136/1/1136 
f 1137/1/1137 1124/1/1124 1125/1/1125 
f 1138/1/1138 1139/1/1139 1137/1/1137 1140/1/1140 
f 1137/1/1137 1139/1/1139 1141/1/1141 
f 1142/1/1142 1126/1/1126 1124/1/1124 1137/1/1137 
f 1143/1/1143 1139/1/1139 1138/1/1138 
f 1143/1/1143 1144/1/1144 1133/1/1133 
f 1129/1/1129 1145/1/1145 1143/1/1143 1130/1/1130 
f 1145/1/1145 1141/1/1141 1139/1/1139 
f 1146/1/1146 1036/1/1036 884/1/884 
f 1147/1/1147 1146/1/1146 1148/1/1148 1149/1/1149 
f 1044/1/1044 1041/1/1041 1146/1/1146 1147/1/1147 
f 1036/1/1036 1146/1/1146 1041/1/1041 1033/1/1033 
f 1147/1/1147 1149/1/1149 1150/1/1150 
f 1125/1/1125 1122/1/1122 1151/1/1151 1150/1/1150 
f 1044/1/1044 1147/1/1147 1151/1/1151 1122/1/1122 
f 1152/1/1152 1153/1/1153 1154/1/1154 
f 1155/1/1155 1138/1/1138 1140/1/1140 
f 1140/1/1140 1125/1/1125 1150/1/1150 
f 1152/1/1152 1150/1/1150 1149/1/1149 
f 1138/1/1138 1155/1/1155 1156/1/1156 1144/1/1144 
f 1155/1/1155 1154/1/1154 1157/1/1157 
f 1158/1/1158 1159/1/1159 1156/1/1156 1157/1/1157 
f 1159/1/1159 1133/1/1133 1144/1/1144 
f 557/1/557 571/1/571 1160/1/1160 556/1/556 
f 1161/1/1161 1160/1/1160 571/1/571 570/1/570 
f 1162/1/1162 1163/1/1163 1160/1/1160 1161/1/1161 
f 556/1/556 1160/1/1160 1163/1/1163 558/1/558 
f 558/1/558 1163/1/1163 1164/1/1164 888/1/888 
f 1163/1/1163 1162/1/1162 1165/1/1165 
f 1149/1/1149 1148/1/1148 1164/1/1164 1165/1/1165 
f 888/1/888 1164/1/1164 1148/1/1148 884/1/884 
f 578/1/578 1166/1/1166 1167/1/1167 575/1/575 
f 1168/1/1168 1167/1/1167 1166/1/1166 1169/1/1169 
f 586/1/586 584/1/584 1167/1/1167 1168/1/1168 
f 584/1/584 572/1/572 575/1/575 
f 1165/1/1165 1170/1/1170 1153/1/1153 1149/1/1149 
f 1162/1/1162 1171/1/1171 1170/1/1170 1165/1/1165 
f 1172/1/1172 1170/1/1170 1171/1/1171 1173/1/1173 
f 1153/1/1153 1170/1/1170 1172/1/1172 1154/1/1154 
f 1174/1/1174 1169/1/1169 1175/1/1175 
f 1176/1/1176 1177/1/1177 1178/1/1178 1175/1/1175 
f 1174/1/1174 1178/1/1178 1177/1/1177 1173/1/1173 
f 570/1/570 1179/1/1179 1180/1/1180 1161/1/1161 
f 1174/1/1174 1180/1/1180 1179/1/1179 1169/1/1169 
f 1173/1/1173 1171/1/1171 1180/1/1180 1174/1/1174 
f 1161/1/1161 1180/1/1180 1171/1/1171 1162/1/1162 
f 614/1/614 1181/1/1181 1182/1/1182 613/1/613 
f 1181/1/1181 1169/1/1169 1179/1/1179 
f 568/1/568 1182/1/1182 1179/1/1179 570/1/570 
f 613/1/613 1182/1/1182 568/1/568 569/1/569 
f 1168/1/1168 1183/1/1183 595/1/595 586/1/586 
f 1168/1/1168 1169/1/1169 1181/1/1181 
f 1181/1/1181 614/1/614 621/1/621 
f 596/1/596 595/1/595 1183/1/1183 621/1/621 
f 1184/1/1184 1157/1/1157 1154/1/1154 
f 1173/1/1173 1177/1/1177 1184/1/1184 1172/1/1172 
f 1184/1/1184 1177/1/1177 1176/1/1176 
f 1185/1/1185 1158/1/1158 1157/1/1157 
f 1186/1/1186 1187/1/1187 1188/1/1188 1189/1/1189 
f 1190/1/1190 1188/1/1188 1187/1/1187 1191/1/1191 
f 1192/1/1192 1193/1/1193 1188/1/1188 1190/1/1190 
f 1189/1/1189 1188/1/1188 1193/1/1193 1194/1/1194 
f 1192/1/1192 1195/1/1195 1196/1/1196 1193/1/1193 
f 1197/1/1197 1196/1/1196 1195/1/1195 1198/1/1198 
f 1199/1/1199 1200/1/1200 1196/1/1196 1197/1/1197 
f 1200/1/1200 1194/1/1194 1193/1/1193 
f 1190/1/1190 1201/1/1201 1195/1/1195 1192/1/1192 
f 1202/1/1202 1201/1/1201 1190/1/1190 1191/1/1191 
f 1203/1/1203 1204/1/1204 1201/1/1201 1202/1/1202 
f 1195/1/1195 1201/1/1201 1204/1/1204 1198/1/1198 
f 1205/1/1205 1206/1/1206 1207/1/1207 1208/1/1208 
f 1209/1/1209 1210/1/1210 1206/1/1206 1205/1/1205 
f 1202/1/1202 1206/1/1206 1210/1/1210 1203/1/1203 
f 1191/1/1191 1207/1/1207 1206/1/1206 1202/1/1202 
f 1198/1/1198 1204/1/1204 1211/1/1211 1212/1/1212 
f 1213/1/1213 1211/1/1211 1204/1/1204 1203/1/1203 
f 1214/1/1214 1215/1/1215 1211/1/1211 1213/1/1213 
f 1212/1/1212 1211/1/1211 1215/1/1215 1216/1/1216 
f 1209/1/1209 1217/1/1217 1218/1/1218 1210/1/1210 
f 1219/1/1219 1218/1/1218 1217/1/1217 1220/1/1220 
f 1219/1/1219 1214/1/1214 1213/1/1213 1218/1/1218 
f 1203/1/1203 1210/1/1210 1218/1/1218 1213/1/1213 
f 1221/1/1221 1222/1/1222 1219/1/1219 1220/1/1220 
f 1223/1/1223 1224/1/1224 1222/1/1222 1221/1/1221 
f 1225/1/1225 1222/1/1222 1224/1/1224 1226/1/1226 
f 1214/1/1214 1219/1/1219 1222/1/1222 1225/1/1225 
f 1227/1/1227 1228/1/1228 1229/1/1229 1230/1/1230 
f 1231/1/1231 1232/1/1232 1229/1/1229 1228/1/1228 
f 1102/1/1102 1229/1/1229 1232/1/1232 1103/1/1103 
f 1230/1/1230 1229/1/1229 1102/1/1102 1097/1/1097 
f 1233/1/1233 1234/1/1234 1235/1/1235 1236/1/1236 
f 1237/1/1237 1235/1/1235 1234/1/1234 1238/1/1238 
f 1082/1/1082 1078/1/1078 1235/1/1235 1237/1/1237 
f 1236/1/1236 1235/1/1235 1078/1/1078 1077/1/1077 
f 1239/1/1239 1237/1/1237 1238/1/1238 
f 1087/1/1087 1239/1/1239 1240/1/1240 1085/1/1085 
f 1237/1/1237 1239/1/1239 1087/1/1087 1082/1/1082 
f 1095/1/1095 1241/1/1241 1242/1/1242 1096/1/1096 
f 1241/1/1241 1243/1/1243 1244/1/1244 
f 1227/1/1227 1230/1/1230 1242/1/1242 
f 1097/1/1097 1096/1/1096 1242/1/1242 1230/1/1230 
f 1245/1/1245 1246/1/1246 1247/1/1247 
f 1248/1/1248 1245/1/1245 1249/1/1249 1250/1/1250 
f 1245/1/1245 1248/1/1248 1243/1/1243 
f 1241/1/1241 1095/1/1095 1246/1/1246 
f 1251/1/1251 1244/1/1244 1243/1/1243 
f 1252/1/1252 1251/1/1251 1253/1/1253 1254/1/1254 
f 1255/1/1255 1256/1/1256 1251/1/1251 1252/1/1252 
f 1244/1/1244 1251/1/1251 1256/1/1256 1227/1/1227 
f 1254/1/1254 1257/1/1257 1258/1/1258 
f 1257/1/1257 1250/1/1250 1259/1/1259 
f 1259/1/1259 1085/1/1085 1240/1/1240 
f 1240/1/1240 1238/1/1238 1260/1/1260 
f 1085/1/1085 1259/1/1259 1261/1/1261 1086/1/1086 
f 1259/1/1259 1250/1/1250 1262/1/1262 
f 846/1/846 844/1/844 1261/1/1261 1262/1/1262 
f 844/1/844 845/1/845 1086/1/1086 
f 1254/1/1254 1253/1/1253 1263/1/1263 1257/1/1257 
f 1243/1/1243 1248/1/1248 1263/1/1263 1253/1/1253 
f 1257/1/1257 1263/1/1263 1248/1/1248 1250/1/1250 
f 839/1/839 847/1/847 1264/1/1264 1265/1/1265 
f 1262/1/1262 1264/1/1264 847/1/847 846/1/846 
f 1250/1/1250 1249/1/1249 1264/1/1264 1262/1/1262 
f 1265/1/1265 1264/1/1264 1249/1/1249 1247/1/1247 
f 1266/1/1266 1267/1/1267 1255/1/1255 
f 1252/1/1252 1254/1/1254 1260/1/1260 1266/1/1266 
f 1238/1/1238 1234/1/1234 1266/1/1266 1260/1/1260 
f 1234/1/1234 1233/1/1233 1267/1/1267 
f 841/1/841 1268/1/1268 1269/1/1269 836/1/836 
f 1008/1/1008 1269/1/1269 1268/1/1268 1011/1/1011 
f 1009/1/1009 1027/1/1027 1269/1/1269 1008/1/1008 
f 836/1/836 1269/1/1269 1027/1/1027 833/1/833 
f 982/1/982 1010/1/1010 1270/1/1270 981/1/981 
f 1011/1/1011 1271/1/1271 1270/1/1270 1010/1/1010 
f 1272/1/1272 1270/1/1270 1271/1/1271 1273/1/1273 
f 981/1/981 1270/1/1270 1272/1/1272 983/1/983 
f 1274/1/1274 1265/1/1265 1247/1/1247 
f 1275/1/1275 1274/1/1274 1276/1/1276 1277/1/1277 
f 841/1/841 840/1/840 1274/1/1274 1275/1/1275 
f 1265/1/1265 1274/1/1274 840/1/840 839/1/839 
f 1095/1/1095 1094/1/1094 1278/1/1278 1246/1/1246 
f 1279/1/1279 1278/1/1278 1094/1/1094 1093/1/1093 
f 1277/1/1277 1276/1/1276 1278/1/1278 1279/1/1279 
f 1276/1/1276 1247/1/1247 1246/1/1246 
f 1280/1/1280 1281/1/1281 1282/1/1282 1283/1/1283 
f 1011/1/1011 1268/1/1268 1281/1/1281 1280/1/1280 
f 1275/1/1275 1281/1/1281 1268/1/1268 841/1/841 
f 1277/1/1277 1282/1/1282 1281/1/1281 
f 1273/1/1273 1271/1/1271 1284/1/1284 1285/1/1285 
f 1280/1/1280 1284/1/1284 1271/1/1271 1011/1/1011 
f 1283/1/1283 1285/1/1285 1284/1/1284 1280/1/1280 
f 1279/1/1279 1286/1/1286 1287/1/1287 1277/1/1277 
f 1093/1/1093 1288/1/1288 1286/1/1286 1279/1/1279 
f 1289/1/1289 1287/1/1287 1286/1/1286 1288/1/1288 
f 1273/1/1273 1290/1/1290 1291/1/1291 1272/1/1272 
f 1292/1/1292 1293/1/1293 1291/1/1291 1290/1/1290 
f 1294/1/1294 1291/1/1291 1293/1/1293 1295/1/1295 
f 983/1/983 1272/1/1272 1291/1/1291 1294/1/1294 
f 1296/1/1296 1297/1/1297 1285/1/1285 1283/1/1283 
f 1297/1/1297 1296/1/1296 1298/1/1298 
f 1290/1/1290 1297/1/1297 1299/1/1299 1292/1/1292 
f 1285/1/1285 1297/1/1297 1290/1/1290 1273/1/1273 
f 1289/1/1289 1300/1/1300 1301/1/1301 1287/1/1287 
f 1296/1/1296 1301/1/1301 1300/1/1300 1298/1/1298 
f 1283/1/1283 1282/1/1282 1301/1/1301 1296/1/1296 
f 1287/1/1287 1301/1/1301 1282/1/1282 1277/1/1277 
f 1293/1/1293 1292/1/1292 1302/1/1302 
f 1303/1/1303 1304/1/1304 1305/1/1305 1302/1/1302 
f 1306/1/1306 1305/1/1305 1304/1/1304 1307/1/1307 
f 1295/1/1295 1293/1/1293 1305/1/1305 1306/1/1306 
f 1308/1/1308 1309/1/1309 1090/1/1090 1089/1/1089 
f 1308/1/1308 1310/1/1310 1311/1/1311 1309/1/1309 
f 1289/1/1289 1288/1/1288 1309/1/1309 1311/1/1311 
f 1090/1/1090 1309/1/1309 1288/1/1288 1093/1/1093 
f 1310/1/1310 1312/1/1312 1313/1/1313 1311/1/1311 
f 1314/1/1314 1313/1/1313 1312/1/1312 1315/1/1315 
f 1313/1/1313 1314/1/1314 1298/1/1298 
f 1311/1/1311 1313/1/1313 1300/1/1300 1289/1/1289 
f 1315/1/1315 1316/1/1316 1317/1/1317 1314/1/1314 
f 1302/1/1302 1317/1/1317 1316/1/1316 1303/1/1303 
f 1292/1/1292 1299/1/1299 1317/1/1317 1302/1/1302 
f 1299/1/1299 1298/1/1298 1314/1/1314 
f 1318/1/1318 1319/1/1319 1320/1/1320 1321/1/1321 
f 1322/1/1322 1320/1/1320 1319/1/1319 1323/1/1323 
f 1307/1/1307 1304/1/1304 1320/1/1320 1322/1/1322 
f 1304/1/1304 1303/1/1303 1321/1/1321 
f 1089/1/1089 1099/1/1099 1324/1/1324 1308/1/1308 
f 1325/1/1325 1324/1/1324 1099/1/1099 1098/1/1098 
f 1326/1/1326 1324/1/1324 1325/1/1325 1327/1/1327 
f 1308/1/1308 1324/1/1324 1326/1/1326 1310/1/1310 
f 1327/1/1327 1328/1/1328 1329/1/1329 1326/1/1326 
f 1330/1/1330 1329/1/1329 1328/1/1328 1331/1/1331 
f 1315/1/1315 1312/1/1312 1329/1/1329 1330/1/1330 
f 1326/1/1326 1329/1/1329 1312/1/1312 1310/1/1310 
f 1331/1/1331 1332/1/1332 1333/1/1333 1330/1/1330 
f 1321/1/1321 1333/1/1333 1332/1/1332 1318/1/1318 
f 1303/1/1303 1316/1/1316 1333/1/1333 1321/1/1321 
f 1330/1/1330 1333/1/1333 1316/1/1316 1315/1/1315 
f 1334/1/1334 1335/1/1335 1336/1/1336 1337/1/1337 
f 1338/1/1338 1336/1/1336 1335/1/1335 1339/1/1339 
f 1340/1/1340 1341/1/1341 1336/1/1336 1338/1/1338 
f 1337/1/1337 1336/1/1336 1341/1/1341 1342/1/1342 
f 1343/1/1343 1335/1/1335 1334/1/1334 
f 1344/1/1344 1343/1/1343 1345/1/1345 1346/1/1346 
f 1347/1/1347 1348/1/1348 1343/1/1343 1344/1/1344 
f 1335/1/1335 1343/1/1343 1348/1/1348 1339/1/1339 
f 1349/1/1349 1350/1/1350 1351/1/1351 1352/1/1352 
f 1351/1/1351 1353/1/1353 1354/1/1354 
f 1355/1/1355 1356/1/1356 1352/1/1352 1354/1/1354 
f 1356/1/1356 1357/1/1357 1349/1/1349 1352/1/1352 
f 1353/1/1353 1358/1/1358 1359/1/1359 1354/1/1354 
f 1360/1/1360 1359/1/1359 1358/1/1358 1361/1/1361 
f 1362/1/1362 1363/1/1363 1359/1/1359 1360/1/1360 
f 1354/1/1354 1359/1/1359 1363/1/1363 1355/1/1355 
f 1136/1/1136 1135/1/1135 1364/1/1364 1365/1/1365 
f 1366/1/1366 1364/1/1364 1135/1/1135 1134/1/1134 
f 1367/1/1367 1368/1/1368 1364/1/1364 1366/1/1366 
f 1365/1/1365 1364/1/1364 1368/1/1368 1369/1/1369 
f 1370/1/1370 1371/1/1371 1372/1/1372 1373/1/1373 
f 1371/1/1371 1374/1/1374 1375/1/1375 
f 1361/1/1361 1358/1/1358 1372/1/1372 1375/1/1375 
f 1358/1/1358 1353/1/1353 1373/1/1373 
f 1374/1/1374 1371/1/1371 1376/1/1376 1377/1/1377 
f 1378/1/1378 1376/1/1376 1371/1/1371 1370/1/1370 
f 1369/1/1369 1368/1/1368 1376/1/1376 1378/1/1378 
f 1377/1/1377 1376/1/1376 1368/1/1368 1367/1/1367 
f 1379/1/1379 1380/1/1380 1381/1/1381 1382/1/1382 
f 1383/1/1383 1381/1/1381 1380/1/1380 1384/1/1384 
f 1385/1/1385 1386/1/1386 1381/1/1381 1383/1/1383 
f 1382/1/1382 1381/1/1381 1386/1/1386 1387/1/1387 
f 1388/1/1388 1389/1/1389 1390/1/1390 1391/1/1391 
f 1131/1/1131 1390/1/1390 1389/1/1389 1134/1/1134 
f 1390/1/1390 1131/1/1131 1133/1/1133 
f 1391/1/1391 1390/1/1390 1159/1/1159 1158/1/1158 
f 1392/1/1392 1393/1/1393 1389/1/1389 1388/1/1388 
f 1366/1/1366 1393/1/1393 1392/1/1392 1367/1/1367 
f 1393/1/1393 1366/1/1366 1134/1/1134 
f 1361/1/1361 1394/1/1394 1395/1/1395 1360/1/1360 
f 1382/1/1382 1395/1/1395 1394/1/1394 1379/1/1379 
f 1387/1/1387 1396/1/1396 1395/1/1395 1382/1/1382 
f 1360/1/1360 1395/1/1395 1396/1/1396 1362/1/1362 
f 1158/1/1158 1185/1/1185 1397/1/1397 1391/1/1391 
f 1185/1/1185 1176/1/1176 1398/1/1398 
f 1399/1/1399 1400/1/1400 1397/1/1397 1398/1/1398 
f 1400/1/1400 1388/1/1388 1391/1/1391 
f 1401/1/1401 1402/1/1402 1403/1/1403 
f 1401/1/1401 1404/1/1404 1388/1/1388 
f 1402/1/1402 1401/1/1401 1400/1/1400 1399/1/1399 
f 1384/1/1384 1405/1/1405 1406/1/1406 
f 1399/1/1399 1407/1/1407 1406/1/1406 
f 577/1/577 1406/1/1406 1407/1/1407 578/1/578 
f 577/1/577 517/1/517 1408/1/1408 
f 1409/1/1409 1403/1/1403 1402/1/1402 
f 1405/1/1405 1410/1/1410 1402/1/1402 1399/1/1399 
f 1410/1/1410 1405/1/1405 1384/1/1384 
f 1409/1/1409 1410/1/1410 1380/1/1380 1379/1/1379 
f 578/1/578 1407/1/1407 1411/1/1411 1166/1/1166 
f 1398/1/1398 1411/1/1411 1407/1/1407 1399/1/1399 
f 1176/1/1176 1175/1/1175 1411/1/1411 1398/1/1398 
f 1166/1/1166 1411/1/1411 1175/1/1175 1169/1/1169 
f 1374/1/1374 1412/1/1412 1413/1/1413 1375/1/1375 
f 1409/1/1409 1413/1/1413 1412/1/1412 1403/1/1403 
f 1413/1/1413 1409/1/1409 1379/1/1379 
f 1375/1/1375 1413/1/1413 1394/1/1394 1361/1/1361 
f 1392/1/1392 1388/1/1388 1404/1/1404 
f 1412/1/1412 1414/1/1414 1404/1/1404 1403/1/1403 
f 1412/1/1412 1374/1/1374 1377/1/1377 
f 1414/1/1414 1377/1/1377 1367/1/1367 
f 1415/1/1415 1416/1/1416 1417/1/1417 1418/1/1418 
f 1396/1/1396 1417/1/1417 1416/1/1416 1362/1/1362 
f 1387/1/1387 1386/1/1386 1417/1/1417 1396/1/1396 
f 1386/1/1386 1385/1/1385 1418/1/1418 
f 1419/1/1419 1420/1/1420 1416/1/1416 1415/1/1415 
f 1421/1/1421 1420/1/1420 1419/1/1419 1422/1/1422 
f 1420/1/1420 1421/1/1421 1355/1/1355 
f 1416/1/1416 1420/1/1420 1363/1/1363 1362/1/1362 
f 1423/1/1423 1424/1/1424 1425/1/1425 1426/1/1426 
f 1427/1/1427 1425/1/1425 1424/1/1424 1428/1/1428 
f 1425/1/1425 1427/1/1427 1422/1/1422 
f 1426/1/1426 1425/1/1425 1419/1/1419 1415/1/1415 
f 1421/1/1421 1429/1/1429 1356/1/1356 1355/1/1355 
f 1422/1/1422 1430/1/1430 1429/1/1429 1421/1/1421 
f 1431/1/1431 1432/1/1432 1429/1/1429 1430/1/1430 
f 1357/1/1357 1356/1/1356 1429/1/1429 
f 1427/1/1427 1433/1/1433 1430/1/1430 1422/1/1422 
f 1427/1/1427 1428/1/1428 1434/1/1434 1433/1/1433 
f 1435/1/1435 1436/1/1436 1433/1/1433 1434/1/1434 
f 1430/1/1430 1433/1/1433 1436/1/1436 1431/1/1431 
f 1437/1/1437 1438/1/1438 1439/1/1439 1440/1/1440 
f 1441/1/1441 1439/1/1439 1438/1/1438 1442/1/1442 
f 1443/1/1443 1444/1/1444 1439/1/1439 1441/1/1441 
f 1440/1/1440 1439/1/1439 1444/1/1444 1445/1/1445 
f 1446/1/1446 1447/1/1447 1448/1/1448 1449/1/1449 
f 1450/1/1450 1448/1/1448 1447/1/1447 1451/1/1451 
f 1342/1/1342 1341/1/1341 1448/1/1448 1450/1/1450 
f 1449/1/1449 1448/1/1448 1341/1/1341 1340/1/1340 
f 1452/1/1452 1453/1/1453 1454/1/1454 1455/1/1455 
f 1322/1/1322 1454/1/1454 1453/1/1453 1307/1/1307 
f 1323/1/1323 1456/1/1456 1454/1/1454 1322/1/1322 
f 1455/1/1455 1454/1/1454 1456/1/1456 1457/1/1457 
f 1295/1/1295 1458/1/1458 1459/1/1459 1294/1/1294 
f 1460/1/1460 1459/1/1459 1458/1/1458 1461/1/1461 
f 985/1/985 984/1/984 1459/1/1459 1460/1/1460 
f 1294/1/1294 1459/1/1459 984/1/984 983/1/983 
f 1461/1/1461 1458/1/1458 1462/1/1462 1463/1/1463 
f 1306/1/1306 1462/1/1462 1458/1/1458 1295/1/1295 
f 1307/1/1307 1453/1/1453 1462/1/1462 1306/1/1306 
f 1463/1/1463 1462/1/1462 1453/1/1453 1452/1/1452 
f 1461/1/1461 1464/1/1464 1465/1/1465 1460/1/1460 
f 1464/1/1464 1466/1/1466 1467/1/1467 
f 1465/1/1465 1467/1/1467 1468/1/1468 
f 1460/1/1460 1465/1/1465 1469/1/1469 985/1/985 
f 985/1/985 1469/1/1469 1470/1/1470 980/1/980 
f 1471/1/1471 1470/1/1470 1469/1/1469 1468/1/1468 
f 830/1/830 829/1/829 1470/1/1470 1471/1/1471 
f 980/1/980 1470/1/1470 829/1/829 828/1/828 
f 1472/1/1472 1473/1/1473 1466/1/1466 
f 1463/1/1463 1472/1/1472 1464/1/1464 1461/1/1461 
f 1452/1/1452 1474/1/1474 1472/1/1472 1463/1/1463 
f 1475/1/1475 1473/1/1473 1472/1/1472 
f 1467/1/1467 1476/1/1476 1477/1/1477 1468/1/1468 
f 1466/1/1466 1478/1/1478 1476/1/1476 1467/1/1467 
f 1479/1/1479 1477/1/1477 1476/1/1476 1478/1/1478 
f 1415/1/1415 1480/1/1480 1481/1/1481 1426/1/1426 
f 1482/1/1482 1481/1/1481 1480/1/1480 1483/1/1483 
f 1484/1/1484 1485/1/1485 1481/1/1481 1482/1/1482 
f 1426/1/1426 1481/1/1481 1485/1/1485 1423/1/1423 
f 1486/1/1486 1487/1/1487 1488/1/1488 1489/1/1489 
f 1490/1/1490 1488/1/1488 1487/1/1487 1483/1/1483 
f 1489/1/1489 1488/1/1488 1490/1/1490 1491/1/1491 
f 1492/1/1492 1418/1/1418 1385/1/1385 
f 1493/1/1493 1491/1/1491 1490/1/1490 
f 1483/1/1483 1480/1/1480 1492/1/1492 1490/1/1490 
f 1480/1/1480 1415/1/1415 1418/1/1418 
f 1494/1/1494 1495/1/1495 1496/1/1496 1497/1/1497 
f 1496/1/1496 1495/1/1495 1498/1/1498 1499/1/1499 
f 1500/1/1500 1501/1/1501 1502/1/1502 
f 1503/1/1503 1504/1/1504 1500/1/1500 1505/1/1505 
f 1506/1/1506 1500/1/1500 1504/1/1504 1507/1/1507 
f 1501/1/1501 1500/1/1500 1506/1/1506 1508/1/1508 
f 1509/1/1509 1510/1/1510 1511/1/1511 1512/1/1512 
f 1513/1/1513 1514/1/1514 1511/1/1511 1510/1/1510 
f 1514/1/1514 1502/1/1502 1501/1/1501 1511/1/1511 
f 1508/1/1508 1512/1/1512 1511/1/1511 1501/1/1501 
f 1515/1/1515 1516/1/1516 1514/1/1514 1513/1/1513 
f 1517/1/1517 1518/1/1518 1516/1/1516 1515/1/1515 
f 1503/1/1503 1505/1/1505 1516/1/1516 1518/1/1518 
f 1502/1/1502 1514/1/1514 1516/1/1516 1505/1/1505 
f 1519/1/1519 1520/1/1520 1498/1/1498 1521/1/1521 
f 1519/1/1519 1513/1/1513 1510/1/1510 1520/1/1520 
f 1522/1/1522 1520/1/1520 1510/1/1510 1509/1/1509 
f 1499/1/1499 1498/1/1498 1520/1/1520 1522/1/1522 
f 1523/1/1523 1524/1/1524 1525/1/1525 
f 1526/1/1526 1517/1/1517 1515/1/1515 
f 1513/1/1513 1519/1/1519 1523/1/1523 1515/1/1515 
f 1524/1/1524 1523/1/1523 1519/1/1519 1521/1/1521 
f 1497/1/1497 1527/1/1527 1528/1/1528 1494/1/1494 
f 1529/1/1529 1528/1/1528 1527/1/1527 1530/1/1530 
f 1517/1/1517 1526/1/1526 1528/1/1528 1529/1/1529 
f 1494/1/1494 1528/1/1528 1526/1/1526 1525/1/1525 
f 1507/1/1507 1504/1/1504 1531/1/1531 1532/1/1532 
f 1518/1/1518 1531/1/1531 1504/1/1504 1503/1/1503 
f 1517/1/1517 1529/1/1529 1531/1/1531 1518/1/1518 
f 1532/1/1532 1531/1/1531 1529/1/1529 1530/1/1530 
f 1533/1/1533 1534/1/1534 1535/1/1535 1536/1/1536 
f 1537/1/1537 1535/1/1535 1534/1/1534 1538/1/1538 
f 1539/1/1539 1540/1/1540 1535/1/1535 1537/1/1537 
f 1536/1/1536 1535/1/1535 1540/1/1540 1541/1/1541 
f 1533/1/1533 1542/1/1542 1543/1/1543 1534/1/1534 
f 1544/1/1544 1543/1/1543 1542/1/1542 1545/1/1545 
f 1546/1/1546 1547/1/1547 1543/1/1543 1544/1/1544 
f 1534/1/1534 1543/1/1543 1547/1/1547 1538/1/1538 
f 1548/1/1548 1549/1/1549 1550/1/1550 1551/1/1551 
f 1536/1/1536 1550/1/1550 1549/1/1549 1533/1/1533 
f 1541/1/1541 1552/1/1552 1550/1/1550 1536/1/1536 
f 1551/1/1551 1550/1/1550 1552/1/1552 1553/1/1553 
f 1548/1/1548 1554/1/1554 1555/1/1555 1549/1/1549 
f 1556/1/1556 1555/1/1555 1554/1/1554 1557/1/1557 
f 1545/1/1545 1542/1/1542 1555/1/1555 1556/1/1556 
f 1549/1/1549 1555/1/1555 1542/1/1542 1533/1/1533 
f 1491/1/1491 1558/1/1558 1559/1/1559 1489/1/1489 
f 1560/1/1560 1559/1/1559 1558/1/1558 1561/1/1561 
f 1553/1/1553 1562/1/1562 1559/1/1559 1560/1/1560 
f 1489/1/1489 1559/1/1559 1562/1/1562 1486/1/1486 
f 1563/1/1563 1557/1/1557 1564/1/1564 
f 1565/1/1565 1566/1/1566 1564/1/1564 1567/1/1567 
f 1565/1/1565 816/1/816 823/1/823 
f 1563/1/1563 1566/1/1566 823/1/823 822/1/822 
f 1568/1/1568 817/1/817 816/1/816 
f 1565/1/1565 1567/1/1567 1569/1/1569 
f 508/1/508 808/1/808 1568/1/1568 1569/1/1569 
f 817/1/817 1568/1/1568 808/1/808 801/1/801 
f 1570/1/1570 1571/1/1571 1561/1/1561 
f 1572/1/1572 1384/1/1384 1408/1/1408 
f 1570/1/1570 1408/1/1408 517/1/517 
f 516/1/516 520/1/520 1571/1/1571 
f 1558/1/1558 1573/1/1573 1572/1/1572 1561/1/1561 
f 1493/1/1493 1573/1/1573 1558/1/1558 1491/1/1491 
f 1383/1/1383 1573/1/1573 1493/1/1493 1385/1/1385 
f 1383/1/1383 1384/1/1384 1572/1/1572 
f 508/1/508 1569/1/1569 1574/1/1574 507/1/507 
f 1575/1/1575 1574/1/1574 1569/1/1569 1567/1/1567 
f 1575/1/1575 1576/1/1576 1577/1/1577 
f 1577/1/1577 504/1/504 507/1/507 
f 1578/1/1578 1551/1/1551 1553/1/1553 
f 1560/1/1560 1561/1/1561 1579/1/1579 
f 1580/1/1580 1581/1/1581 1578/1/1578 1579/1/1579 
f 1581/1/1581 1548/1/1548 1551/1/1551 
f 495/1/495 1582/1/1582 1583/1/1583 514/1/514 
f 1584/1/1584 1583/1/1583 1582/1/1582 1576/1/1576 
f 518/1/518 1583/1/1583 1584/1/1584 520/1/520 
f 514/1/514 1583/1/1583 518/1/518 511/1/511 
f 1585/1/1585 491/1/491 490/1/490 
f 503/1/503 504/1/504 1577/1/1577 
f 1582/1/1582 1585/1/1585 1577/1/1577 1576/1/1576 
f 1582/1/1582 495/1/495 491/1/491 
f 1575/1/1575 1586/1/1586 1587/1/1587 1576/1/1576 
f 1586/1/1586 1575/1/1575 1567/1/1567 
f 1580/1/1580 1587/1/1587 1586/1/1586 1588/1/1588 
f 520/1/520 1584/1/1584 1589/1/1589 1571/1/1571 
f 1587/1/1587 1589/1/1589 1584/1/1584 1576/1/1576 
f 1587/1/1587 1580/1/1580 1579/1/1579 
f 1571/1/1571 1589/1/1589 1579/1/1579 1561/1/1561 
f 1548/1/1548 1581/1/1581 1590/1/1590 1554/1/1554 
f 1588/1/1588 1590/1/1590 1581/1/1581 1580/1/1580 
f 1567/1/1567 1564/1/1564 1590/1/1590 1588/1/1588 
f 1554/1/1554 1590/1/1590 1564/1/1564 1557/1/1557 
f 822/1/822 821/1/821 1591/1/1591 1563/1/1563 
f 1591/1/1591 821/1/821 820/1/820 
f 1592/1/1592 1591/1/1591 1593/1/1593 1594/1/1594 
f 1592/1/1592 1557/1/1557 1563/1/1563 
f 1595/1/1595 1596/1/1596 1597/1/1597 1598/1/1598 
f 1595/1/1595 1599/1/1599 1600/1/1600 
f 1596/1/1596 1600/1/1600 830/1/830 
f 1597/1/1597 1596/1/1596 1471/1/1471 1468/1/1468 
f 1595/1/1595 1601/1/1601 1602/1/1602 1599/1/1599 
f 1598/1/1598 1603/1/1603 1601/1/1601 1595/1/1595 
f 1601/1/1601 1603/1/1603 1604/1/1604 
f 1605/1/1605 1606/1/1606 1599/1/1599 
f 1607/1/1607 1605/1/1605 1602/1/1602 1604/1/1604 
f 1605/1/1605 1607/1/1607 1594/1/1594 
f 1606/1/1606 1605/1/1605 1593/1/1593 820/1/820 
f 1608/1/1608 1609/1/1609 1610/1/1610 
f 1598/1/1598 1597/1/1597 1610/1/1610 
f 1610/1/1610 1597/1/1597 1468/1/1468 
f 1611/1/1611 1610/1/1610 1477/1/1477 1479/1/1479 
f 1594/1/1594 1612/1/1612 1613/1/1613 1592/1/1592 
f 1614/1/1614 1613/1/1613 1612/1/1612 1615/1/1615 
f 1545/1/1545 1556/1/1556 1613/1/1613 1614/1/1614 
f 1592/1/1592 1613/1/1613 1556/1/1556 1557/1/1557 
f 1604/1/1604 1616/1/1616 1617/1/1617 1607/1/1607 
f 1618/1/1618 1617/1/1617 1616/1/1616 1619/1/1619 
f 1615/1/1615 1612/1/1612 1617/1/1617 1618/1/1618 
f 1607/1/1607 1617/1/1617 1612/1/1612 1594/1/1594 
f 1608/1/1608 1620/1/1620 1621/1/1621 1609/1/1609 
f 1616/1/1616 1621/1/1621 1620/1/1620 1619/1/1619 
f 1603/1/1603 1621/1/1621 1616/1/1616 1604/1/1604 
f 1598/1/1598 1609/1/1609 1621/1/1621 1603/1/1603 
f 1615/1/1615 1622/1/1622 1623/1/1623 1614/1/1614 
f 1624/1/1624 1623/1/1623 1622/1/1622 1625/1/1625 
f 1546/1/1546 1544/1/1544 1623/1/1623 1624/1/1624 
f 1614/1/1614 1623/1/1623 1544/1/1544 1545/1/1545 
f 1626/1/1626 1627/1/1627 1628/1/1628 1629/1/1629 
f 1630/1/1630 1628/1/1628 1627/1/1627 1631/1/1631 
f 1619/1/1619 1620/1/1620 1628/1/1628 1630/1/1630 
f 1629/1/1629 1628/1/1628 1620/1/1620 1608/1/1608 
f 1630/1/1630 1632/1/1632 1618/1/1618 1619/1/1619 
f 1631/1/1631 1633/1/1633 1632/1/1632 1630/1/1630 
f 1625/1/1625 1622/1/1622 1632/1/1632 1633/1/1633 
f 1618/1/1618 1632/1/1632 1622/1/1622 1615/1/1615 
f 1625/1/1625 1634/1/1634 1635/1/1635 1624/1/1624 
f 1636/1/1636 1637/1/1637 1635/1/1635 1634/1/1634 
f 1638/1/1638 1639/1/1639 1635/1/1635 1637/1/1637 
f 1624/1/1624 1635/1/1635 1639/1/1639 1546/1/1546 
f 1640/1/1640 1641/1/1641 1642/1/1642 1643/1/1643 
f 1644/1/1644 1642/1/1642 1641/1/1641 1645/1/1645 
f 1631/1/1631 1627/1/1627 1642/1/1642 1644/1/1644 
f 1643/1/1643 1642/1/1642 1627/1/1627 1626/1/1626 
f 1645/1/1645 1646/1/1646 1647/1/1647 1644/1/1644 
f 1634/1/1634 1647/1/1647 1646/1/1646 1636/1/1636 
f 1625/1/1625 1633/1/1633 1647/1/1647 1634/1/1634 
f 1644/1/1644 1647/1/1647 1633/1/1633 1631/1/1631 
f 1648/1/1648 1649/1/1649 1650/1/1650 1651/1/1651 
f 1652/1/1652 1650/1/1650 1649/1/1649 1653/1/1653 
f 1654/1/1654 1655/1/1655 1650/1/1650 1652/1/1652 
f 1651/1/1651 1650/1/1650 1655/1/1655 1656/1/1656 
f 1657/1/1657 1658/1/1658 1659/1/1659 1660/1/1660 
f 1661/1/1661 1662/1/1662 1658/1/1658 1657/1/1657 
f 1651/1/1651 1658/1/1658 1662/1/1662 1648/1/1648 
f 1656/1/1656 1659/1/1659 1658/1/1658 1651/1/1651 
f 1663/1/1663 1664/1/1664 1665/1/1665 1666/1/1666 
f 1657/1/1657 1665/1/1665 1664/1/1664 1661/1/1661 
f 1660/1/1660 1667/1/1667 1665/1/1665 1657/1/1657 
f 1666/1/1666 1665/1/1665 1667/1/1667 1668/1/1668 
f 1669/1/1669 1670/1/1670 1671/1/1671 1672/1/1672 
f 155/1/155 1671/1/1671 1670/1/1670 159/1/159 
f 154/1/154 1673/1/1673 1671/1/1671 155/1/155 
f 1672/1/1672 1671/1/1671 1673/1/1673 1674/1/1674 
f 1675/1/1675 1676/1/1676 164/1/164 163/1/163 
f 1677/1/1677 1678/1/1678 1676/1/1676 1675/1/1675 
f 1676/1/1676 1678/1/1678 1674/1/1674 
f 164/1/164 1676/1/1676 1673/1/1673 154/1/154 
f 163/1/163 174/1/174 1679/1/1679 1675/1/1675 
f 1680/1/1680 1679/1/1679 174/1/174 173/1/173 
f 1679/1/1679 1680/1/1680 1681/1/1681 
f 1675/1/1675 1679/1/1679 1682/1/1682 1677/1/1677 
f 1683/1/1683 1684/1/1684 1685/1/1685 1686/1/1686 
f 1687/1/1687 1688/1/1688 1684/1/1684 1683/1/1683 
f 1689/1/1689 1684/1/1684 1688/1/1688 1690/1/1690 
f 1113/1/1113 1685/1/1685 1684/1/1684 1689/1/1689 
f 259/1/259 1691/1/1691 1692/1/1692 258/1/258 
f 1691/1/1691 1693/1/1693 1694/1/1694 
f 120/1/120 119/1/119 1692/1/1692 1694/1/1694 
f 258/1/258 1692/1/1692 119/1/119 124/1/124 
f 118/1/118 1695/1/1695 1696/1/1696 113/1/113 
f 1697/1/1697 1698/1/1698 1696/1/1696 1695/1/1695 
f 126/1/126 1696/1/1696 1698/1/1698 127/1/127 
f 113/1/113 1696/1/1696 126/1/126 110/1/110 
f 1699/1/1699 1700/1/1700 1701/1/1701 1702/1/1702 
f 1691/1/1691 1701/1/1701 1700/1/1700 1693/1/1693 
f 259/1/259 311/1/311 1701/1/1701 1691/1/1691 
f 1702/1/1702 1701/1/1701 311/1/311 312/1/312 
f 1216/1/1216 1703/1/1703 1704/1/1704 1212/1/1212 
f 1703/1/1703 1705/1/1705 1706/1/1706 
f 1199/1/1199 1197/1/1197 1704/1/1704 1706/1/1706 
f 1198/1/1198 1212/1/1212 1704/1/1704 1197/1/1197 
f 1707/1/1707 1708/1/1708 1709/1/1709 1710/1/1710 
f 1706/1/1706 1709/1/1709 1708/1/1708 1199/1/1199 
f 1709/1/1709 1706/1/1706 1705/1/1705 
f 1710/1/1710 1709/1/1709 1711/1/1711 1712/1/1712 
f 1226/1/1226 1713/1/1713 1714/1/1714 1225/1/1225 
f 1703/1/1703 1714/1/1714 1713/1/1713 1705/1/1705 
f 1216/1/1216 1215/1/1215 1714/1/1714 1703/1/1703 
f 1225/1/1225 1714/1/1714 1215/1/1215 1214/1/1214 
f 1220/1/1220 1217/1/1217 1715/1/1715 1221/1/1221 
f 1716/1/1716 1715/1/1715 1217/1/1217 1209/1/1209 
f 1717/1/1717 1223/1/1223 1221/1/1221 
f 1718/1/1718 1719/1/1719 1720/1/1720 1721/1/1721 
f 1508/1/1508 1506/1/1506 1719/1/1719 1718/1/1718 
f 1507/1/1507 1722/1/1722 1719/1/1719 1506/1/1506 
f 1720/1/1720 1719/1/1719 1722/1/1722 1723/1/1723 
f 1724/1/1724 1725/1/1725 1509/1/1509 
f 1718/1/1718 1724/1/1724 1512/1/1512 1508/1/1508 
f 1724/1/1724 1718/1/1718 1721/1/1721 
f 1725/1/1725 1724/1/1724 1726/1/1726 1727/1/1727 
f 1728/1/1728 1729/1/1729 1730/1/1730 1731/1/1731 
f 1732/1/1732 1730/1/1730 1729/1/1729 1733/1/1733 
f 1530/1/1530 1527/1/1527 1730/1/1730 1732/1/1732 
f 1731/1/1731 1730/1/1730 1527/1/1527 1497/1/1497 
f 1530/1/1530 1732/1/1732 1734/1/1734 1532/1/1532 
f 1735/1/1735 1734/1/1734 1732/1/1732 1733/1/1733 
f 1722/1/1722 1734/1/1734 1735/1/1735 1723/1/1723 
f 1532/1/1532 1734/1/1734 1722/1/1722 1507/1/1507 
f 1736/1/1736 1737/1/1737 1187/1/1187 1186/1/1186 
f 1738/1/1738 1737/1/1737 1736/1/1736 1739/1/1739 
f 1208/1/1208 1207/1/1207 1737/1/1737 1738/1/1738 
f 1187/1/1187 1737/1/1737 1207/1/1207 1191/1/1191 
f 1208/1/1208 1738/1/1738 1740/1/1740 1205/1/1205 
f 1741/1/1741 1740/1/1740 1738/1/1738 1739/1/1739 
f 1740/1/1740 1741/1/1741 1742/1/1742 
f 1205/1/1205 1740/1/1740 1716/1/1716 1209/1/1209 
f 1111/1/1111 1109/1/1109 1743/1/1743 1744/1/1744 
f 1745/1/1745 1743/1/1743 1109/1/1109 1108/1/1108 
f 1746/1/1746 1747/1/1747 1743/1/1743 1745/1/1745 
f 1744/1/1744 1743/1/1743 1747/1/1747 1748/1/1748 
f 1748/1/1748 1747/1/1747 1749/1/1749 1750/1/1750 
f 1751/1/1751 1749/1/1749 1747/1/1747 1746/1/1746 
f 1751/1/1751 1347/1/1347 1344/1/1344 1749/1/1749 
f 1344/1/1344 1346/1/1346 1750/1/1750 1749/1/1749 
f 1752/1/1752 1753/1/1753 1754/1/1754 1755/1/1755 
f 1756/1/1756 1754/1/1754 1753/1/1753 1757/1/1757 
f 1758/1/1758 1759/1/1759 1754/1/1754 1756/1/1756 
f 1755/1/1755 1754/1/1754 1759/1/1759 1760/1/1760 
f 1761/1/1761 1762/1/1762 1763/1/1763 1764/1/1764 
f 1765/1/1765 1764/1/1764 1763/1/1763 1766/1/1766 
f 139/1/139 142/1/142 1764/1/1764 1765/1/1765 
f 1761/1/1761 1764/1/1764 142/1/142 147/1/147 
f 1767/1/1767 1768/1/1768 1769/1/1769 1770/1/1770 
f 1771/1/1771 1772/1/1772 1768/1/1768 1767/1/1767 
f 1773/1/1773 1774/1/1774 1768/1/1768 1772/1/1772 
f 1775/1/1775 1769/1/1769 1768/1/1768 1774/1/1774 
f 1773/1/1773 1772/1/1772 1776/1/1776 1777/1/1777 
f 1778/1/1778 1776/1/1776 1772/1/1772 1771/1/1771 
f 127/1/127 1698/1/1698 1776/1/1776 1778/1/1778 
f 1777/1/1777 1776/1/1776 1698/1/1698 1697/1/1697 
f 1779/1/1779 1778/1/1778 1771/1/1771 
f 1780/1/1780 1779/1/1779 1781/1/1781 1782/1/1782 
f 1779/1/1779 1780/1/1780 130/1/130 
f 1778/1/1778 1779/1/1779 129/1/129 127/1/127 
f 1783/1/1783 1767/1/1767 1770/1/1770 
f 1784/1/1784 1785/1/1785 1786/1/1786 
f 1782/1/1782 1781/1/1781 1783/1/1783 1786/1/1786 
f 1767/1/1767 1783/1/1783 1781/1/1781 1771/1/1771 
f 1787/1/1787 1788/1/1788 1789/1/1789 1790/1/1790 
f 1791/1/1791 1789/1/1789 1788/1/1788 1792/1/1792 
f 159/1/159 1670/1/1670 1789/1/1789 1791/1/1791 
f 1790/1/1790 1789/1/1789 1670/1/1670 1669/1/1669 
f 1792/1/1792 1788/1/1788 1793/1/1793 1794/1/1794 
f 1795/1/1795 1793/1/1793 1788/1/1788 1787/1/1787 
f 1757/1/1757 1753/1/1753 1793/1/1793 1795/1/1795 
f 1794/1/1794 1793/1/1793 1753/1/1753 1752/1/1752 
f 1712/1/1712 1796/1/1796 1797/1/1797 1710/1/1710 
f 1796/1/1796 1798/1/1798 1799/1/1799 
f 1057/1/1057 1800/1/1800 1797/1/1797 1799/1/1799 
f 1710/1/1710 1797/1/1797 1800/1/1800 1707/1/1707 
f 1052/1/1052 1801/1/1801 1802/1/1802 1051/1/1051 
f 1803/1/1803 1802/1/1802 1801/1/1801 1804/1/1804 
f 1805/1/1805 1806/1/1806 1802/1/1802 1803/1/1803 
f 1051/1/1051 1802/1/1802 1806/1/1806 227/1/227 
f 1690/1/1690 1688/1/1688 1807/1/1807 1808/1/1808 
f 1809/1/1809 1807/1/1807 1688/1/1688 1687/1/1687 
f 1804/1/1804 1801/1/1801 1807/1/1807 1809/1/1809 
f 1808/1/1808 1807/1/1807 1801/1/1801 1052/1/1052 
f 1810/1/1810 1799/1/1799 1798/1/1798 
f 1811/1/1811 1810/1/1810 1812/1/1812 1813/1/1813 
f 213/1/213 1058/1/1058 1810/1/1810 1811/1/1811 
f 1058/1/1058 1057/1/1057 1799/1/1799 
f 1814/1/1814 1815/1/1815 1816/1/1816 
f 1702/1/1702 1814/1/1814 1817/1/1817 1699/1/1699 
f 312/1/312 315/1/315 1814/1/1814 1702/1/1702 
f 1815/1/1815 1814/1/1814 315/1/315 214/1/214 
f 1818/1/1818 1811/1/1811 1813/1/1813 
f 1815/1/1815 1818/1/1818 1819/1/1819 1816/1/1816 
f 214/1/214 1820/1/1820 1818/1/1818 1815/1/1815 
f 1811/1/1811 1818/1/1818 1820/1/1820 213/1/213 
f 1821/1/1821 1822/1/1822 1823/1/1823 1824/1/1824 
f 222/1/222 1823/1/1823 1822/1/1822 219/1/219 
f 227/1/227 1806/1/1806 1823/1/1823 222/1/222 
f 1824/1/1824 1823/1/1823 1806/1/1806 1805/1/1805 
f 1825/1/1825 1826/1/1826 1827/1/1827 1828/1/1828 
f 1829/1/1829 1827/1/1827 1826/1/1826 1830/1/1830 
f 1107/1/1107 1106/1/1106 1827/1/1827 1829/1/1829 
f 1106/1/1106 1112/1/1112 1828/1/1828 
f 115/1/115 1831/1/1831 1832/1/1832 123/1/123 
f 1833/1/1833 1832/1/1832 1831/1/1831 1834/1/1834 
f 255/1/255 1832/1/1832 1833/1/1833 252/1/252 
f 124/1/124 123/1/123 1832/1/1832 255/1/255 
f 110/1/110 132/1/132 1835/1/1835 111/1/111 
f 1836/1/1836 1835/1/1835 132/1/132 131/1/131 
f 1836/1/1836 1834/1/1834 1831/1/1831 1835/1/1835 
f 111/1/111 1835/1/1835 1831/1/1831 115/1/115 
f 1693/1/1693 1837/1/1837 1838/1/1838 1694/1/1694 
f 1839/1/1839 1838/1/1838 1837/1/1837 1840/1/1840 
f 116/1/116 121/1/121 1838/1/1838 1839/1/1839 
f 1694/1/1694 1838/1/1838 121/1/121 120/1/120 
f 1840/1/1840 1841/1/1841 1842/1/1842 1839/1/1839 
f 1695/1/1695 1842/1/1842 1841/1/1841 1697/1/1697 
f 117/1/117 1842/1/1842 1695/1/1695 118/1/118 
f 1839/1/1839 1842/1/1842 117/1/117 116/1/116 
f 1843/1/1843 1844/1/1844 1845/1/1845 1846/1/1846 
f 322/1/322 1845/1/1845 1844/1/1844 320/1/320 
f 219/1/219 1822/1/1822 1845/1/1845 322/1/322 
f 1846/1/1846 1845/1/1845 1822/1/1822 1821/1/1821 
f 320/1/320 1844/1/1844 1847/1/1847 321/1/321 
f 1848/1/1848 1847/1/1847 1844/1/1844 1843/1/1843 
f 1848/1/1848 1681/1/1681 1680/1/1680 1847/1/1847 
f 173/1/173 321/1/321 1847/1/1847 1680/1/1680 
f 242/1/242 1849/1/1849 1850/1/1850 241/1/241 
f 1851/1/1851 1852/1/1852 1850/1/1850 1849/1/1849 
f 1853/1/1853 1854/1/1854 1850/1/1850 1852/1/1852 
f 241/1/241 1850/1/1850 1854/1/1854 243/1/243 
f 265/1/265 262/1/262 1855/1/1855 1856/1/1856 
f 262/1/262 263/1/263 1857/1/1857 1855/1/1855 
f 1853/1/1853 1852/1/1852 1855/1/1855 1857/1/1857 
f 1856/1/1856 1855/1/1855 1852/1/1852 1851/1/1851 
f 1499/1/1499 1858/1/1858 1859/1/1859 1496/1/1496 
f 1860/1/1860 1859/1/1859 1858/1/1858 1861/1/1861 
f 1860/1/1860 1728/1/1728 1731/1/1731 
f 1497/1/1497 1496/1/1496 1859/1/1859 1731/1/1731 
f 1862/1/1862 1863/1/1863 1861/1/1861 
f 1522/1/1522 1862/1/1862 1858/1/1858 1499/1/1499 
f 1509/1/1509 1725/1/1725 1862/1/1862 1522/1/1522 
f 1725/1/1725 1727/1/1727 1863/1/1863 
f 1864/1/1864 1865/1/1865 1866/1/1866 1867/1/1867 
f 1868/1/1868 1866/1/1866 1865/1/1865 1869/1/1869 
f 1870/1/1870 1871/1/1871 1866/1/1866 1868/1/1868 
f 1867/1/1867 1866/1/1866 1871/1/1871 1872/1/1872 
f 1437/1/1437 1440/1/1440 1873/1/1873 1874/1/1874 
f 1875/1/1875 1873/1/1873 1440/1/1440 1445/1/1445 
f 1869/1/1869 1865/1/1865 1873/1/1873 1875/1/1875 
f 1874/1/1874 1873/1/1873 1865/1/1865 1864/1/1864 
f 1876/1/1876 1877/1/1877 1878/1/1878 1879/1/1879 
f 1880/1/1880 1878/1/1878 1877/1/1877 1881/1/1881 
f 1882/1/1882 1883/1/1883 1878/1/1878 1880/1/1880 
f 1879/1/1879 1878/1/1878 1883/1/1883 1884/1/1884 
f 1885/1/1885 1886/1/1886 1887/1/1887 1888/1/1888 
f 1880/1/1880 1887/1/1887 1886/1/1886 1882/1/1882 
f 1881/1/1881 1889/1/1889 1887/1/1887 1880/1/1880 
f 1888/1/1888 1887/1/1887 1889/1/1889 1890/1/1890 
f 1707/1/1707 1891/1/1891 1892/1/1892 1708/1/1708 
f 1893/1/1893 1892/1/1892 1891/1/1891 1894/1/1894 
f 1194/1/1194 1200/1/1200 1892/1/1892 1893/1/1893 
f 1708/1/1708 1892/1/1892 1200/1/1200 1199/1/1199 
f 1055/1/1055 1895/1/1895 1896/1/1896 1056/1/1056 
f 1894/1/1894 1891/1/1891 1896/1/1896 1895/1/1895 
f 1891/1/1891 1707/1/1707 1800/1/1800 1896/1/1896 
f 1056/1/1056 1896/1/1896 1800/1/1800 1057/1/1057 
f 1064/1/1064 1897/1/1897 1898/1/1898 1062/1/1062 
f 1899/1/1899 1898/1/1898 1897/1/1897 1900/1/1900 
f 1901/1/1901 1902/1/1902 1898/1/1898 1899/1/1899 
f 1062/1/1062 1898/1/1898 1902/1/1902 1059/1/1059 
f 1903/1/1903 1904/1/1904 1905/1/1905 1906/1/1906 
f 1899/1/1899 1905/1/1905 1904/1/1904 1901/1/1901 
f 1900/1/1900 1907/1/1907 1905/1/1905 1899/1/1899 
f 1908/1/1908 1906/1/1906 1905/1/1905 1907/1/1907 
f 1909/1/1909 1910/1/1910 1911/1/1911 
f 1912/1/1912 1909/1/1909 1913/1/1913 1914/1/1914 
f 1915/1/1915 1916/1/1916 1909/1/1909 1912/1/1912 
f 1916/1/1916 1917/1/1917 1910/1/1910 
f 1914/1/1914 1913/1/1913 1918/1/1918 1919/1/1919 
f 1741/1/1741 1918/1/1918 1920/1/1920 1742/1/1742 
f 1741/1/1741 1739/1/1739 1919/1/1919 
f 1884/1/1884 1921/1/1921 1922/1/1922 1879/1/1879 
f 1923/1/1923 1922/1/1922 1921/1/1921 1924/1/1924 
f 1121/1/1121 1925/1/1925 1922/1/1922 1923/1/1923 
f 1879/1/1879 1922/1/1922 1925/1/1925 1876/1/1876 
f 1926/1/1926 1116/1/1116 1121/1/1121 
f 1927/1/1927 1926/1/1926 1923/1/1923 1924/1/1924 
f 1926/1/1926 1927/1/1927 1686/1/1686 
f 1116/1/1116 1926/1/1926 1685/1/1685 1113/1/1113 
f 1928/1/1928 1929/1/1929 1930/1/1930 1931/1/1931 
f 1932/1/1932 1930/1/1930 1929/1/1929 1933/1/1933 
f 1830/1/1830 1826/1/1826 1930/1/1930 1932/1/1932 
f 1931/1/1931 1930/1/1930 1826/1/1826 1825/1/1825 
f 1933/1/1933 1929/1/1929 1934/1/1934 1935/1/1935 
f 1929/1/1929 1928/1/1928 1936/1/1936 
f 1903/1/1903 1906/1/1906 1934/1/1934 1936/1/1936 
f 1935/1/1935 1934/1/1934 1906/1/1906 1908/1/1908 
f 1916/1/1916 1915/1/1915 1937/1/1937 
f 1938/1/1938 1939/1/1939 1937/1/1937 1940/1/1940 
f 1938/1/1938 1941/1/1941 1942/1/1942 1939/1/1939 
f 1939/1/1939 1942/1/1942 1917/1/1917 
f 1938/1/1938 1940/1/1940 1943/1/1943 1944/1/1944 
f 1729/1/1729 1944/1/1944 1943/1/1943 1733/1/1733 
f 1945/1/1945 1944/1/1944 1729/1/1729 1728/1/1728 
f 1890/1/1890 1946/1/1946 1947/1/1947 1888/1/1888 
f 1948/1/1948 1949/1/1949 1947/1/1947 1946/1/1946 
f 1950/1/1950 1947/1/1947 1949/1/1949 1951/1/1951 
f 1888/1/1888 1947/1/1947 1950/1/1950 1885/1/1885 
f 1951/1/1951 1949/1/1949 1952/1/1952 1953/1/1953 
f 1954/1/1954 1952/1/1952 1949/1/1949 1948/1/1948 
f 1872/1/1872 1871/1/1871 1952/1/1952 1954/1/1954 
f 1871/1/1871 1870/1/1870 1953/1/1953 
f 1955/1/1955 1956/1/1956 1957/1/1957 
f 1958/1/1958 1959/1/1959 1960/1/1960 
f 1727/1/1727 1726/1/1726 1955/1/1955 1960/1/1960 
f 1956/1/1956 1955/1/1955 1726/1/1726 1721/1/1721 
f 1961/1/1961 1962/1/1962 1963/1/1963 1964/1/1964 
f 1965/1/1965 1963/1/1963 1962/1/1962 1966/1/1966 
f 1451/1/1451 1447/1/1447 1963/1/1963 1965/1/1965 
f 1964/1/1964 1963/1/1963 1447/1/1447 1446/1/1446 
f 1967/1/1967 1968/1/1968 1969/1/1969 1970/1/1970 
f 1971/1/1971 1969/1/1969 1968/1/1968 1972/1/1972 
f 1973/1/1973 1974/1/1974 1969/1/1969 1971/1/1971 
f 1970/1/1970 1969/1/1969 1974/1/1974 1975/1/1975 
f 1972/1/1972 1968/1/1968 1976/1/1976 1977/1/1977 
f 1978/1/1978 1976/1/1976 1968/1/1968 1967/1/1967 
f 1654/1/1654 1652/1/1652 1976/1/1976 1978/1/1978 
f 1977/1/1977 1976/1/1976 1652/1/1652 1653/1/1653 
f 1979/1/1979 1980/1/1980 1981/1/1981 1982/1/1982 
f 1672/1/1672 1981/1/1981 1980/1/1980 1669/1/1669 
f 1674/1/1674 1983/1/1983 1981/1/1981 1672/1/1672 
f 1982/1/1982 1981/1/1981 1983/1/1983 1984/1/1984 
f 1985/1/1985 1986/1/1986 1987/1/1987 
f 1988/1/1988 1989/1/1989 1990/1/1990 
f 1985/1/1985 1990/1/1990 1677/1/1677 
f 1986/1/1986 1985/1/1985 1682/1/1682 1681/1/1681 
f 1991/1/1991 1992/1/1992 1993/1/1993 1994/1/1994 
f 1803/1/1803 1993/1/1993 1992/1/1992 1805/1/1805 
f 1804/1/1804 1995/1/1995 1993/1/1993 1803/1/1803 
f 1994/1/1994 1993/1/1993 1995/1/1995 1996/1/1996 
f 1997/1/1997 1998/1/1998 1999/1/1999 2000/1/2000 
f 1927/1/1927 1999/1/1999 1998/1/1998 1686/1/1686 
f 1924/1/1924 2001/1/2001 1999/1/1999 1927/1/1927 
f 2000/1/2000 1999/1/1999 2001/1/2001 2002/1/2002 
f 2003/1/2003 2004/1/2004 2005/1/2005 2006/1/2006 
f 2007/1/2007 2005/1/2005 2004/1/2004 2008/1/2008 
f 1693/1/1693 1700/1/1700 2005/1/2005 2007/1/2007 
f 2006/1/2006 2005/1/2005 1700/1/1700 1699/1/1699 
f 2009/1/2009 2010/1/2010 2011/1/2011 2012/1/2012 
f 2013/1/2013 2011/1/2011 2010/1/2010 2014/1/2014 
f 1705/1/1705 1713/1/1713 2011/1/2011 2013/1/2013 
f 2012/1/2012 2011/1/2011 1713/1/1713 1226/1/1226 
f 2015/1/2015 2016/1/2016 2017/1/2017 2018/1/2018 
f 2019/1/2019 2017/1/2017 2016/1/2016 2020/1/2020 
f 1813/1/1813 1812/1/1812 2017/1/2017 2019/1/2019 
f 2018/1/2018 2017/1/2017 1812/1/1812 1798/1/1798 
f 2021/1/2021 2022/1/2022 2023/1/2023 2024/1/2024 
f 1720/1/1720 2022/1/2022 2021/1/2021 1721/1/1721 
f 1723/1/1723 2025/1/2025 2022/1/2022 1720/1/1720 
f 2023/1/2023 2022/1/2022 2025/1/2025 2026/1/2026 
f 2027/1/2027 2028/1/2028 2029/1/2029 
f 1736/1/1736 2027/1/2027 2030/1/2030 1739/1/1739 
f 1186/1/1186 2031/1/2031 2027/1/2027 1736/1/1736 
f 2028/1/2028 2027/1/2027 2031/1/2031 2002/1/2002 
f 2032/1/2032 2033/1/2033 2034/1/2034 2035/1/2035 
f 2033/1/2033 1885/1/1885 1950/1/1950 
f 1951/1/1951 2036/1/2036 2034/1/2034 1950/1/1950 
f 2035/1/2035 2034/1/2034 2036/1/2036 2037/1/2037 
f 2038/1/2038 2039/1/2039 2040/1/2040 2041/1/2041 
f 1756/1/1756 2040/1/2040 2039/1/2039 1758/1/1758 
f 1757/1/1757 2042/1/2042 2040/1/2040 1756/1/1756 
f 2041/1/2041 2040/1/2040 2042/1/2042 2043/1/2043 
f 130/1/130 2044/1/2044 2045/1/2045 128/1/128 
f 2046/1/2046 2045/1/2045 2044/1/2044 2047/1/2047 
f 1979/1/1979 2048/1/2048 2045/1/2045 2046/1/2046 
f 128/1/128 2045/1/2045 2048/1/2048 131/1/131 
f 1982/1/1982 2049/1/2049 2048/1/2048 1979/1/1979 
f 1984/1/1984 2050/1/2050 2049/1/2049 1982/1/1982 
f 1834/1/1834 1836/1/1836 2049/1/2049 2050/1/2050 
f 131/1/131 2048/1/2048 2049/1/2049 1836/1/1836 
f 1669/1/1669 1980/1/1980 2051/1/2051 1790/1/1790 
f 2046/1/2046 2051/1/2051 1980/1/1980 1979/1/1979 
f 2047/1/2047 2052/1/2052 2051/1/2051 2046/1/2046 
f 1790/1/1790 2051/1/2051 2052/1/2052 1787/1/1787 
f 1834/1/1834 2050/1/2050 2053/1/2053 1833/1/1833 
f 2054/1/2054 2053/1/2053 2050/1/2050 1984/1/1984 
f 2055/1/2055 2053/1/2053 2054/1/2054 1989/1/1989 
f 252/1/252 1833/1/1833 2053/1/2053 2055/1/2055 
f 1989/1/1989 1988/1/1988 2056/1/2056 2055/1/2055 
f 2057/1/2057 2056/1/2056 1988/1/1988 1987/1/1987 
f 257/1/257 253/1/253 2056/1/2056 2057/1/2057 
f 2055/1/2055 2056/1/2056 253/1/253 252/1/252 
f 1678/1/1678 1677/1/1677 1990/1/1990 
f 1989/1/1989 2054/1/2054 2058/1/2058 1990/1/1990 
f 2058/1/2058 2054/1/2054 1984/1/1984 
f 1678/1/1678 2058/1/2058 1983/1/1983 1674/1/1674 
f 257/1/257 2057/1/2057 2059/1/2059 310/1/310 
f 1987/1/1987 2060/1/2060 2059/1/2059 2057/1/2057 
f 2061/1/2061 2062/1/2062 2059/1/2059 2060/1/2060 
f 310/1/310 2059/1/2059 2062/1/2062 307/1/307 
f 1986/1/1986 2063/1/2063 2060/1/2060 1987/1/1987 
f 1681/1/1681 1848/1/1848 2063/1/2063 1986/1/1986 
f 2063/1/2063 1848/1/1848 1843/1/1843 
f 2060/1/2060 2063/1/2063 2064/1/2064 2061/1/2061 
f 217/1/217 2065/1/2065 2066/1/2066 216/1/216 
f 2067/1/2067 2066/1/2066 2065/1/2065 2068/1/2068 
f 1991/1/1991 2069/1/2069 2066/1/2066 2067/1/2067 
f 216/1/216 2066/1/2066 2069/1/2069 218/1/218 
f 218/1/218 2069/1/2069 2070/1/2070 1054/1/1054 
f 1994/1/1994 2070/1/2070 2069/1/2069 1991/1/1991 
f 1996/1/1996 2071/1/2071 2070/1/2070 1994/1/1994 
f 1054/1/1054 2070/1/2070 2071/1/2071 1055/1/1055 
f 1805/1/1805 1992/1/1992 2072/1/2072 1824/1/1824 
f 2067/1/2067 2072/1/2072 1992/1/1992 1991/1/1991 
f 2068/1/2068 2073/1/2073 2072/1/2072 2067/1/2067 
f 1824/1/1824 2072/1/2072 2073/1/2073 1821/1/1821 
f 1894/1/1894 2074/1/2074 2075/1/2075 1893/1/1893 
f 2076/1/2076 2075/1/2075 2074/1/2074 2077/1/2077 
f 1997/1/1997 2078/1/2078 2075/1/2075 2076/1/2076 
f 1893/1/1893 2075/1/2075 2078/1/2078 1194/1/1194 
f 1194/1/1194 2078/1/2078 2079/1/2079 1189/1/1189 
f 2000/1/2000 2079/1/2079 2078/1/2078 1997/1/1997 
f 2002/1/2002 2031/1/2031 2079/1/2079 2000/1/2000 
f 1189/1/1189 2079/1/2079 2031/1/2031 1186/1/1186 
f 1686/1/1686 1998/1/1998 2080/1/2080 1683/1/1683 
f 2076/1/2076 2080/1/2080 1998/1/1998 1997/1/1997 
f 2077/1/2077 2081/1/2081 2080/1/2080 2076/1/2076 
f 1683/1/1683 2080/1/2080 2081/1/2081 1687/1/1687 
f 2082/1/2082 2083/1/2083 2084/1/2084 2085/1/2085 
f 2086/1/2086 2084/1/2084 2083/1/2083 2087/1/2087 
f 144/1/144 140/1/140 2084/1/2084 2086/1/2086 
f 2085/1/2085 2084/1/2084 140/1/140 139/1/139 
f 2087/1/2087 2088/1/2088 2089/1/2089 2086/1/2086 
f 2090/1/2090 2089/1/2089 2088/1/2088 2091/1/2091 
f 151/1/151 148/1/148 2089/1/2089 2090/1/2090 
f 2086/1/2086 2089/1/2089 148/1/148 144/1/144 
f 2088/1/2088 2087/1/2087 2092/1/2092 2093/1/2093 
f 1841/1/1841 2093/1/2093 2092/1/2092 1697/1/1697 
f 2094/1/2094 2093/1/2093 1841/1/1841 1840/1/1840 
f 2091/1/2091 2088/1/2088 2093/1/2093 2094/1/2094 
f 1773/1/1773 1777/1/1777 2095/1/2095 2096/1/2096 
f 2092/1/2092 2095/1/2095 1777/1/1777 1697/1/1697 
f 2087/1/2087 2083/1/2083 2095/1/2095 2092/1/2092 
f 2096/1/2096 2095/1/2095 2083/1/2083 2082/1/2082 
f 2091/1/2091 2097/1/2097 2098/1/2098 2090/1/2090 
f 2099/1/2099 2098/1/2098 2097/1/2097 2008/1/2008 
f 263/1/263 260/1/260 2098/1/2098 2099/1/2099 
f 2090/1/2090 2098/1/2098 260/1/260 151/1/151 
f 2008/1/2008 2004/1/2004 2100/1/2100 2099/1/2099 
f 2101/1/2101 2100/1/2100 2004/1/2004 2003/1/2003 
f 1853/1/1853 1857/1/1857 2100/1/2100 2101/1/2101 
f 2099/1/2099 2100/1/2100 1857/1/1857 263/1/263 
f 1840/1/1840 1837/1/1837 2102/1/2102 2094/1/2094 
f 2007/1/2007 2102/1/2102 1837/1/1837 1693/1/1693 
f 2008/1/2008 2097/1/2097 2102/1/2102 2007/1/2007 
f 2094/1/2094 2102/1/2102 2097/1/2097 2091/1/2091 
f 2103/1/2103 2104/1/2104 2105/1/2105 2106/1/2106 
f 2107/1/2107 2105/1/2105 2104/1/2104 2014/1/2014 
f 1908/1/1908 1907/1/1907 2105/1/2105 2107/1/2107 
f 2106/1/2106 2105/1/2105 1907/1/1907 1900/1/1900 
f 2108/1/2108 1935/1/1935 1908/1/1908 
f 2014/1/2014 2010/1/2010 2108/1/2108 2107/1/2107 
f 2010/1/2010 2009/1/2009 2109/1/2109 
f 1935/1/1935 2108/1/2108 2109/1/2109 1933/1/1933 
f 1712/1/1712 1711/1/1711 2110/1/2110 2111/1/2111 
f 2013/1/2013 2110/1/2110 1711/1/1711 1705/1/1705 
f 2014/1/2014 2104/1/2104 2110/1/2110 2013/1/2013 
f 2104/1/2104 2103/1/2103 2111/1/2111 
f 2112/1/2112 2113/1/2113 2114/1/2114 2115/1/2115 
f 2116/1/2116 2114/1/2114 2113/1/2113 2020/1/2020 
f 245/1/245 244/1/244 2114/1/2114 2116/1/2116 
f 2115/1/2115 2114/1/2114 244/1/244 243/1/243 
f 2020/1/2020 2016/1/2016 2117/1/2117 2116/1/2116 
f 2118/1/2118 2117/1/2117 2016/1/2016 2015/1/2015 
f 1064/1/1064 1063/1/1063 2117/1/2117 2118/1/2118 
f 2116/1/2116 2117/1/2117 1063/1/1063 245/1/245 
f 1816/1/1816 1819/1/1819 2119/1/2119 2120/1/2120 
f 2019/1/2019 2119/1/2119 1819/1/1819 1813/1/1813 
f 2020/1/2020 2113/1/2113 2119/1/2119 2019/1/2019 
f 2120/1/2120 2119/1/2119 2113/1/2113 2112/1/2112 
f 2121/1/2121 2122/1/2122 2123/1/2123 2124/1/2124 
f 2122/1/2122 2125/1/2125 2126/1/2126 
f 2123/1/2123 2126/1/2126 1107/1/1107 
f 2124/1/2124 2123/1/2123 1829/1/1829 1830/1/1830 
f 2126/1/2126 2127/1/2127 1104/1/1104 1107/1/1107 
f 2127/1/2127 2126/1/2126 2125/1/2125 
f 2128/1/2128 2129/1/2129 2127/1/2127 2130/1/2130 
f 1104/1/1104 2127/1/2127 2129/1/2129 1108/1/1108 
f 2131/1/2131 2132/1/2132 2130/1/2130 2125/1/2125 
f 1742/1/1742 1920/1/1920 2132/1/2132 2131/1/2131 
f 1911/1/1911 2133/1/2133 2132/1/2132 1920/1/1920 
f 2130/1/2130 2132/1/2132 2133/1/2133 2128/1/2128 
f 1223/1/1223 1717/1/1717 2134/1/2134 2135/1/2135 
f 2131/1/2131 2134/1/2134 1717/1/1717 1742/1/1742 
f 2125/1/2125 2122/1/2122 2134/1/2134 2131/1/2131 
f 2122/1/2122 2121/1/2121 2135/1/2135 
f 2136/1/2136 2137/1/2137 2138/1/2138 2139/1/2139 
f 2137/1/2137 2140/1/2140 2141/1/2141 
f 2138/1/2138 2141/1/2141 1339/1/1339 
f 2139/1/2139 2138/1/2138 1348/1/1348 1347/1/1347 
f 1339/1/1339 2141/1/2141 2142/1/2142 1338/1/1338 
f 2141/1/2141 2140/1/2140 2143/1/2143 
f 2144/1/2144 2145/1/2145 2142/1/2142 2143/1/2143 
f 1338/1/1338 2142/1/2142 2145/1/2145 1340/1/1340 
f 2140/1/2140 2146/1/2146 2147/1/2147 2143/1/2143 
f 1860/1/1860 2147/1/2147 2146/1/2146 1728/1/1728 
f 1861/1/1861 2148/1/2148 2147/1/2147 1860/1/1860 
f 2143/1/2143 2147/1/2147 2148/1/2148 2144/1/2144 
f 1941/1/1941 1945/1/1945 2149/1/2149 2150/1/2150 
f 2146/1/2146 2149/1/2149 1945/1/1945 1728/1/1728 
f 2140/1/2140 2137/1/2137 2149/1/2149 2146/1/2146 
f 2150/1/2150 2149/1/2149 2137/1/2137 2136/1/2136 
f 1340/1/1340 2145/1/2145 2151/1/2151 1449/1/1449 
f 2152/1/2152 2151/1/2151 2145/1/2145 2144/1/2144 
f 2153/1/2153 2154/1/2154 2151/1/2151 2152/1/2152 
f 2154/1/2154 1446/1/1446 1449/1/1449 
f 1446/1/1446 2154/1/2154 2155/1/2155 1964/1/1964 
f 2156/1/2156 2155/1/2155 2154/1/2154 2153/1/2153 
f 2157/1/2157 2158/1/2158 2155/1/2155 2156/1/2156 
f 1964/1/1964 2155/1/2155 2158/1/2158 1961/1/1961 
f 2153/1/2153 2159/1/2159 2160/1/2160 2156/1/2156 
f 1960/1/1960 2160/1/2160 2159/1/2159 1727/1/1727 
f 2160/1/2160 1960/1/1960 1959/1/1959 
f 2156/1/2156 2160/1/2160 2161/1/2161 2157/1/2157 
f 1727/1/1727 2159/1/2159 2162/1/2162 1863/1/1863 
f 2152/1/2152 2162/1/2162 2159/1/2159 2153/1/2153 
f 2144/1/2144 2148/1/2148 2162/1/2162 2152/1/2152 
f 1863/1/1863 2162/1/2162 2148/1/2148 1861/1/1861 
f 1663/1/1663 2163/1/2163 2164/1/2164 1664/1/1664 
f 2165/1/2165 2164/1/2164 2163/1/2163 2166/1/2166 
f 2167/1/2167 2168/1/2168 2164/1/2164 2165/1/2165 
f 1664/1/1664 2164/1/2164 2168/1/2168 1661/1/1661 
f 2168/1/2168 2167/1/2167 2169/1/2169 2170/1/2170 
f 2171/1/2171 2170/1/2170 2169/1/2169 2172/1/2172 
f 1648/1/1648 1662/1/1662 2170/1/2170 2171/1/2171 
f 2168/1/2168 2170/1/2170 1662/1/1662 1661/1/1661 
f 2172/1/2172 2173/1/2173 2174/1/2174 2171/1/2171 
f 2175/1/2175 2174/1/2174 2173/1/2173 2176/1/2176 
f 1653/1/1653 1649/1/1649 2174/1/2174 2175/1/2175 
f 2171/1/2171 2174/1/2174 1649/1/1649 1648/1/1648 
f 1653/1/1653 2175/1/2175 2177/1/2177 1977/1/1977 
f 2178/1/2178 2177/1/2177 2175/1/2175 2176/1/2176 
f 2179/1/2179 2180/1/2180 2177/1/2177 2178/1/2178 
f 1977/1/1977 2177/1/2177 2180/1/2180 1972/1/1972 
f 1972/1/1972 2180/1/2180 2181/1/2181 1971/1/1971 
f 2182/1/2182 2181/1/2181 2180/1/2180 2179/1/2179 
f 2183/1/2183 2184/1/2184 2181/1/2181 2182/1/2182 
f 2184/1/2184 1973/1/1973 1971/1/1971 
f 2185/1/2185 2186/1/2186 2187/1/2187 2188/1/2188 
f 2189/1/2189 2187/1/2187 2186/1/2186 2024/1/2024 
f 1445/1/1445 1444/1/1444 2187/1/2187 2189/1/2189 
f 2188/1/2188 2187/1/2187 1444/1/1444 1443/1/1443 
f 1445/1/1445 2189/1/2189 2190/1/2190 1875/1/1875 
f 2023/1/2023 2190/1/2190 2189/1/2189 2024/1/2024 
f 2026/1/2026 2191/1/2191 2190/1/2190 2023/1/2023 
f 2191/1/2191 1869/1/1869 1875/1/1875 
f 1957/1/1957 1956/1/1956 2192/1/2192 2193/1/2193 
f 2021/1/2021 2192/1/2192 1956/1/1956 1721/1/1721 
f 2024/1/2024 2186/1/2186 2192/1/2192 2021/1/2021 
f 2193/1/2193 2192/1/2192 2186/1/2186 2185/1/2185 
f 1869/1/1869 2191/1/2191 2194/1/2194 1868/1/1868 
f 2195/1/2195 2194/1/2194 2191/1/2191 2026/1/2026 
f 2196/1/2196 2197/1/2197 2194/1/2194 2195/1/2195 
f 1868/1/1868 2194/1/2194 2197/1/2197 1870/1/1870 
f 1870/1/1870 2197/1/2197 2198/1/2198 1953/1/1953 
f 2199/1/2199 2198/1/2198 2197/1/2197 2196/1/2196 
f 2037/1/2037 2036/1/2036 2198/1/2198 2199/1/2199 
f 2036/1/2036 1951/1/1951 1953/1/1953 
f 2199/1/2199 2200/1/2200 2201/1/2201 2037/1/2037 
f 2196/1/2196 2202/1/2202 2200/1/2200 2199/1/2199 
f 1733/1/1733 1943/1/1943 2200/1/2200 2202/1/2202 
f 1943/1/1943 1940/1/1940 2201/1/2201 2200/1/2200 
f 1723/1/1723 1735/1/1735 2203/1/2203 2025/1/2025 
f 2202/1/2202 2203/1/2203 1735/1/1735 1733/1/1733 
f 2196/1/2196 2195/1/2195 2203/1/2203 2202/1/2202 
f 2026/1/2026 2025/1/2025 2203/1/2203 2195/1/2195 
f 2204/1/2204 2205/1/2205 2206/1/2206 2207/1/2207 
f 2208/1/2208 2206/1/2206 2205/1/2205 2029/1/2029 
f 1884/1/1884 1883/1/1883 2206/1/2206 2208/1/2208 
f 1883/1/1883 1882/1/1882 2207/1/2207 
f 1921/1/1921 1884/1/1884 2208/1/2208 
f 2028/1/2028 2209/1/2209 2208/1/2208 2029/1/2029 
f 2002/1/2002 2001/1/2001 2209/1/2209 2028/1/2028 
f 2001/1/2001 1924/1/1924 1921/1/1921 
f 1914/1/1914 1919/1/1919 2210/1/2210 2211/1/2211 
f 2030/1/2030 2210/1/2210 1919/1/1919 1739/1/1739 
f 2029/1/2029 2205/1/2205 2210/1/2210 2030/1/2030 
f 2205/1/2205 2204/1/2204 2211/1/2211 
f 1914/1/1914 2211/1/2211 2212/1/2212 1912/1/1912 
f 2213/1/2213 2212/1/2212 2211/1/2211 2204/1/2204 
f 2032/1/2032 2214/1/2214 2212/1/2212 2213/1/2213 
f 1912/1/1912 2212/1/2212 2214/1/2214 1915/1/1915 
f 1915/1/1915 2214/1/2214 2215/1/2215 1937/1/1937 
f 2035/1/2035 2215/1/2215 2214/1/2214 2032/1/2032 
f 2215/1/2215 2035/1/2035 2037/1/2037 
f 2201/1/2201 1940/1/1940 1937/1/1937 2215/1/2215 
f 1885/1/1885 2033/1/2033 2216/1/2216 1886/1/1886 
f 2213/1/2213 2216/1/2216 2033/1/2033 2032/1/2032 
f 2204/1/2204 2207/1/2207 2216/1/2216 2213/1/2213 
f 2216/1/2216 2207/1/2207 1882/1/1882 
f 2217/1/2217 1942/1/1942 1941/1/1941 
f 2150/1/2150 2136/1/2136 2218/1/2218 2217/1/2217 
f 2219/1/2219 2220/1/2220 2217/1/2217 2218/1/2218 
f 1942/1/1942 2217/1/2217 2220/1/2220 1917/1/1917 
f 2221/1/2221 1910/1/1910 1917/1/1917 
f 2220/1/2220 2219/1/2219 2222/1/2222 
f 2128/1/2128 2133/1/2133 2221/1/2221 2222/1/2222 
f 1910/1/1910 2221/1/2221 2133/1/2133 1911/1/1911 
f 2219/1/2219 2223/1/2223 2224/1/2224 2222/1/2222 
f 1745/1/1745 2224/1/2224 2223/1/2223 1746/1/1746 
f 1108/1/1108 2129/1/2129 2224/1/2224 1745/1/1745 
f 2129/1/2129 2128/1/2128 2222/1/2222 
f 1746/1/1746 2223/1/2223 2225/1/2225 1751/1/1751 
f 2218/1/2218 2225/1/2225 2223/1/2223 2219/1/2219 
f 2136/1/2136 2139/1/2139 2225/1/2225 2218/1/2218 
f 1751/1/1751 2225/1/2225 2139/1/2139 1347/1/1347 
f 2226/1/2226 1786/1/1786 1785/1/1785 
f 2041/1/2041 2226/1/2226 2227/1/2227 2038/1/2038 
f 2226/1/2226 2041/1/2041 2043/1/2043 
f 1786/1/1786 2226/1/2226 2228/1/2228 1782/1/1782 
f 2082/1/2082 2229/1/2229 2230/1/2230 2096/1/2096 
f 2231/1/2231 2230/1/2230 2229/1/2229 2232/1/2232 
f 1775/1/1775 1774/1/1774 2230/1/2230 2231/1/2231 
f 2096/1/2096 2230/1/2230 1774/1/1774 1773/1/1773 
f 2233/1/2233 2234/1/2234 1765/1/1765 1766/1/1766 
f 2232/1/2232 2229/1/2229 2234/1/2234 2233/1/2233 
f 2085/1/2085 2234/1/2234 2229/1/2229 2082/1/2082 
f 139/1/139 1765/1/1765 2234/1/2234 2085/1/2085 
f 1787/1/1787 2052/1/2052 2235/1/2235 1795/1/1795 
f 2236/1/2236 2235/1/2235 2052/1/2052 2047/1/2047 
f 2043/1/2043 2042/1/2042 2235/1/2235 2236/1/2236 
f 1795/1/1795 2235/1/2235 2042/1/2042 1757/1/1757 
f 1782/1/1782 2228/1/2228 2237/1/2237 1780/1/1780 
f 2236/1/2236 2237/1/2237 2228/1/2228 2043/1/2043 
f 2047/1/2047 2044/1/2044 2237/1/2237 2236/1/2236 
f 1780/1/1780 2237/1/2237 2044/1/2044 130/1/130 
f 1055/1/1055 2071/1/2071 2238/1/2238 1895/1/1895 
f 2239/1/2239 2238/1/2238 2071/1/2071 1996/1/1996 
f 2077/1/2077 2074/1/2074 2238/1/2238 2239/1/2239 
f 1895/1/1895 2238/1/2238 2074/1/2074 1894/1/1894 
f 1996/1/1996 1995/1/1995 2240/1/2240 2239/1/2239 
f 1809/1/1809 2240/1/2240 1995/1/1995 1804/1/1804 
f 1687/1/1687 2081/1/2081 2240/1/2240 1809/1/1809 
f 2239/1/2239 2240/1/2240 2081/1/2081 2077/1/2077 
f 2015/1/2015 2241/1/2241 2242/1/2242 2118/1/2118 
f 2106/1/2106 2242/1/2242 2241/1/2241 2103/1/2103 
f 1900/1/1900 1897/1/1897 2242/1/2242 2106/1/2106 
f 2118/1/2118 2242/1/2242 1897/1/1897 1064/1/1064 
f 2103/1/2103 2241/1/2241 2243/1/2243 2111/1/2111 
f 2018/1/2018 2243/1/2243 2241/1/2241 2015/1/2015 
f 1798/1/1798 1796/1/1796 2243/1/2243 2018/1/2018 
f 1796/1/1796 1712/1/1712 2111/1/2111 
f 2003/1/2003 2244/1/2244 2245/1/2245 2101/1/2101 
f 2115/1/2115 2245/1/2245 2244/1/2244 2112/1/2112 
f 243/1/243 1854/1/1854 2245/1/2245 2115/1/2115 
f 2101/1/2101 2245/1/2245 1854/1/1854 1853/1/1853 
f 2246/1/2246 2006/1/2006 1699/1/1699 
f 2120/1/2120 2246/1/2246 1817/1/1817 1816/1/1816 
f 2112/1/2112 2244/1/2244 2246/1/2246 2120/1/2120 
f 2006/1/2006 2246/1/2246 2244/1/2244 2003/1/2003 
f 2247/1/2247 314/1/314 307/1/307 
f 2248/1/2248 2247/1/2247 2062/1/2062 2061/1/2061 
f 2247/1/2247 2248/1/2248 2068/1/2068 
f 2065/1/2065 217/1/217 314/1/314 
f 1821/1/1821 2073/1/2073 2249/1/2249 1846/1/1846 
f 2248/1/2248 2249/1/2249 2073/1/2073 2068/1/2068 
f 2061/1/2061 2064/1/2064 2249/1/2249 2248/1/2248 
f 2064/1/2064 1843/1/1843 1846/1/1846 
f 2135/1/2135 2250/1/2250 1224/1/1224 1223/1/1223 
f 2250/1/2250 2135/1/2135 2121/1/2121 
f 2012/1/2012 2250/1/2250 2251/1/2251 2009/1/2009 
f 1226/1/1226 1224/1/1224 2250/1/2250 2012/1/2012 
f 2124/1/2124 2252/1/2252 2251/1/2251 2121/1/2121 
f 2124/1/2124 1830/1/1830 1932/1/1932 2252/1/2252 
f 1933/1/1933 2109/1/2109 2252/1/2252 1932/1/1932 
f 2251/1/2251 2252/1/2252 2109/1/2109 2009/1/2009 
f 1599/1/1599 2253/1/2253 2254/1/2254 1600/1/1600 
f 2253/1/2253 2255/1/2255 2256/1/2256 
f 2254/1/2254 2256/1/2256 832/1/832 
f 1600/1/1600 2254/1/2254 831/1/831 830/1/830 
f 1000/1/1000 2257/1/2257 2258/1/2258 1001/1/1001 
f 2259/1/2259 2258/1/2258 2257/1/2257 2260/1/2260 
f 812/1/812 988/1/988 2258/1/2258 2259/1/2259 
f 989/1/989 1001/1/1001 2258/1/2258 988/1/988 
f 2261/1/2261 2262/1/2262 2263/1/2263 2264/1/2264 
f 2257/1/2257 2263/1/2263 2262/1/2262 2260/1/2260 
f 1000/1/1000 1021/1/1021 2263/1/2263 2257/1/2257 
f 2264/1/2264 2263/1/2263 1021/1/1021 1023/1/1023 
f 2260/1/2260 2265/1/2265 2266/1/2266 2259/1/2259 
f 2267/1/2267 2268/1/2268 2266/1/2266 2265/1/2265 
f 814/1/814 813/1/813 2266/1/2266 2268/1/2268 
f 2259/1/2259 2266/1/2266 813/1/813 812/1/812 
f 2260/1/2260 2262/1/2262 2269/1/2269 2265/1/2265 
f 2270/1/2270 2269/1/2269 2262/1/2262 2261/1/2261 
f 2271/1/2271 2272/1/2272 2269/1/2269 2270/1/2270 
f 2265/1/2265 2269/1/2269 2272/1/2272 2267/1/2267 
f 2272/1/2272 2271/1/2271 2273/1/2273 
f 2273/1/2273 820/1/820 818/1/818 
f 2268/1/2268 2274/1/2274 818/1/818 814/1/814 
f 2274/1/2274 2268/1/2268 2267/1/2267 
f 1606/1/1606 820/1/820 2273/1/2273 
f 2271/1/2271 2275/1/2275 2276/1/2276 2273/1/2273 
f 2255/1/2255 2253/1/2253 2276/1/2276 2275/1/2275 
f 2253/1/2253 1599/1/1599 1606/1/1606 
f 2275/1/2275 2277/1/2277 2256/1/2256 2255/1/2255 
f 2270/1/2270 2277/1/2277 2275/1/2275 2271/1/2271 
f 2261/1/2261 2278/1/2278 2277/1/2277 2270/1/2270 
f 2256/1/2256 2277/1/2277 2278/1/2278 832/1/832 
f 832/1/832 2278/1/2278 2279/1/2279 827/1/827 
f 2264/1/2264 2279/1/2279 2278/1/2278 2261/1/2261 
f 1023/1/1023 1032/1/1032 2279/1/2279 2264/1/2264 
f 827/1/827 2279/1/2279 1032/1/1032 824/1/824 
f 1483/1/1483 1487/1/1487 2280/1/2280 1482/1/1482 
f 2281/1/2281 2280/1/2280 1487/1/1487 1486/1/1486 
f 2281/1/2281 2282/1/2282 2283/1/2283 2280/1/2280 
f 1482/1/1482 2280/1/2280 2283/1/2283 1484/1/1484 
f 2284/1/2284 2285/1/2285 1552/1/1552 1541/1/1541 
f 2281/1/2281 2285/1/2285 2284/1/2284 2282/1/2282 
f 2285/1/2285 2281/1/2281 1486/1/1486 
f 1562/1/1562 1553/1/1553 1552/1/1552 
f 1540/1/1540 1539/1/1539 2286/1/2286 
f 2286/1/2286 2287/1/2287 2288/1/2288 
f 2282/1/2282 2284/1/2284 2289/1/2289 2288/1/2288 
f 1541/1/1541 1540/1/1540 2289/1/2289 2284/1/2284 
f 1484/1/1484 2290/1/2290 2291/1/2291 1485/1/1485 
f 2292/1/2292 2291/1/2291 2290/1/2290 2293/1/2293 
f 1428/1/1428 1424/1/1424 2291/1/2291 2292/1/2292 
f 1423/1/1423 1485/1/1485 2291/1/2291 1424/1/1424 
f 1484/1/1484 2283/1/2283 2294/1/2294 2290/1/2290 
f 2282/1/2282 2295/1/2295 2294/1/2294 2283/1/2283 
f 2296/1/2296 2297/1/2297 2294/1/2294 2295/1/2295 
f 2290/1/2290 2294/1/2294 2297/1/2297 2293/1/2293 
f 2296/1/2296 2295/1/2295 2298/1/2298 2299/1/2299 
f 2288/1/2288 2298/1/2298 2295/1/2295 2282/1/2282 
f 2287/1/2287 2299/1/2299 2298/1/2298 2288/1/2288 
f 2300/1/2300 2301/1/2301 2302/1/2302 2303/1/2303 
f 1441/1/1441 2302/1/2302 2301/1/2301 1443/1/1443 
f 1442/1/1442 2304/1/2304 2302/1/2302 1441/1/1441 
f 2303/1/2303 2302/1/2302 2304/1/2304 2305/1/2305 
f 2306/1/2306 2307/1/2307 2308/1/2308 2309/1/2309 
f 2310/1/2310 2308/1/2308 2307/1/2307 2311/1/2311 
f 1975/1/1975 1974/1/1974 2308/1/2308 2310/1/2310 
f 2309/1/2309 2308/1/2308 1974/1/1974 1973/1/1973 
f 2305/1/2305 2312/1/2312 2313/1/2313 2303/1/2303 
f 2314/1/2314 2313/1/2313 2312/1/2312 2315/1/2315 
f 2316/1/2316 2317/1/2317 2313/1/2313 2314/1/2314 
f 2303/1/2303 2313/1/2313 2317/1/2317 2300/1/2300 
f 2318/1/2318 2319/1/2319 2307/1/2307 2306/1/2306 
f 2316/1/2316 2314/1/2314 2319/1/2319 2318/1/2318 
f 2315/1/2315 2320/1/2320 2319/1/2319 2314/1/2314 
f 2320/1/2320 2311/1/2311 2307/1/2307 2319/1/2319 
f 1443/1/1443 2301/1/2301 2321/1/2321 2188/1/2188 
f 2322/1/2322 2321/1/2321 2301/1/2301 2300/1/2300 
f 2323/1/2323 2324/1/2324 2321/1/2321 2322/1/2322 
f 2188/1/2188 2321/1/2321 2324/1/2324 2185/1/2185 
f 2325/1/2325 2326/1/2326 2327/1/2327 2328/1/2328 
f 2309/1/2309 2327/1/2327 2326/1/2326 2306/1/2306 
f 1973/1/1973 2184/1/2184 2327/1/2327 2309/1/2309 
f 2328/1/2328 2327/1/2327 2184/1/2184 2183/1/2183 
f 2329/1/2329 2330/1/2330 2331/1/2331 2332/1/2332 
f 2318/1/2318 2331/1/2331 2330/1/2330 2316/1/2316 
f 2306/1/2306 2326/1/2326 2331/1/2331 2318/1/2318 
f 2332/1/2332 2331/1/2331 2326/1/2326 2325/1/2325 
f 2316/1/2316 2330/1/2330 2333/1/2333 2317/1/2317 
f 2334/1/2334 2333/1/2333 2330/1/2330 2329/1/2329 
f 2322/1/2322 2333/1/2333 2334/1/2334 2323/1/2323 
f 2300/1/2300 2317/1/2317 2333/1/2333 2322/1/2322 
f 2335/1/2335 2336/1/2336 2337/1/2337 2338/1/2338 
f 2193/1/2193 2336/1/2336 2335/1/2335 1957/1/1957 
f 2185/1/2185 2324/1/2324 2336/1/2336 2193/1/2193 
f 2337/1/2337 2336/1/2336 2324/1/2324 2323/1/2323 
f 2329/1/2329 2339/1/2339 2340/1/2340 2334/1/2334 
f 2341/1/2341 2340/1/2340 2339/1/2339 2342/1/2342 
f 2338/1/2338 2337/1/2337 2340/1/2340 2341/1/2341 
f 2334/1/2334 2340/1/2340 2337/1/2337 2323/1/2323 
f 2338/1/2338 2343/1/2343 2344/1/2344 2335/1/2335 
f 2345/1/2345 2344/1/2344 2343/1/2343 2346/1/2346 
f 1959/1/1959 1958/1/1958 2344/1/2344 2345/1/2345 
f 2335/1/2335 2344/1/2344 1958/1/1958 1957/1/1957 
f 2342/1/2342 2347/1/2347 2348/1/2348 2341/1/2341 
f 2349/1/2349 2348/1/2348 2347/1/2347 2350/1/2350 
f 2346/1/2346 2343/1/2343 2348/1/2348 2349/1/2349 
f 2343/1/2343 2338/1/2338 2341/1/2341 
f 2351/1/2351 2345/1/2345 2346/1/2346 
f 2352/1/2352 2351/1/2351 2353/1/2353 2354/1/2354 
f 2157/1/2157 2161/1/2161 2351/1/2351 2352/1/2352 
f 2345/1/2345 2351/1/2351 2161/1/2161 1959/1/1959 
f 2355/1/2355 2356/1/2356 2357/1/2357 2358/1/2358 
f 2354/1/2354 2353/1/2353 2357/1/2357 2356/1/2356 
f 2349/1/2349 2357/1/2357 2353/1/2353 2346/1/2346 
f 2349/1/2349 2350/1/2350 2358/1/2358 
f 2359/1/2359 2360/1/2360 2361/1/2361 2362/1/2362 
f 2363/1/2363 2364/1/2364 2360/1/2360 2359/1/2359 
f 2166/1/2166 2163/1/2163 2360/1/2360 2364/1/2364 
f 2361/1/2361 2360/1/2360 2163/1/2163 1663/1/1663 
f 2354/1/2354 2365/1/2365 2366/1/2366 2352/1/2352 
f 2367/1/2367 2366/1/2366 2365/1/2365 2368/1/2368 
f 1961/1/1961 2158/1/2158 2366/1/2366 2367/1/2367 
f 2352/1/2352 2366/1/2366 2158/1/2158 2157/1/2157 
f 2356/1/2356 2369/1/2369 2365/1/2365 2354/1/2354 
f 2370/1/2370 2369/1/2369 2356/1/2356 2355/1/2355 
f 2371/1/2371 2372/1/2372 2369/1/2369 2370/1/2370 
f 2368/1/2368 2365/1/2365 2369/1/2369 2372/1/2372 
f 2362/1/2362 2373/1/2373 2374/1/2374 2359/1/2359 
f 2370/1/2370 2374/1/2374 2373/1/2373 2371/1/2371 
f 2355/1/2355 2375/1/2375 2374/1/2374 2370/1/2370 
f 2359/1/2359 2374/1/2374 2375/1/2375 2363/1/2363 
f 1668/1/1668 2376/1/2376 2377/1/2377 1666/1/1666 
f 2378/1/2378 2377/1/2377 2376/1/2376 2379/1/2379 
f 2362/1/2362 2361/1/2361 2377/1/2377 2378/1/2378 
f 1666/1/1666 2377/1/2377 2361/1/2361 1663/1/1663 
f 2368/1/2368 2380/1/2380 2381/1/2381 2367/1/2367 
f 2382/1/2382 2381/1/2381 2380/1/2380 2383/1/2383 
f 1966/1/1966 1962/1/1962 2381/1/2381 2382/1/2382 
f 2367/1/2367 2381/1/2381 1962/1/1962 1961/1/1961 
f 2372/1/2372 2384/1/2384 2380/1/2380 2368/1/2368 
f 2385/1/2385 2384/1/2384 2372/1/2372 2371/1/2371 
f 2386/1/2386 2387/1/2387 2384/1/2384 2385/1/2385 
f 2383/1/2383 2380/1/2380 2384/1/2384 2387/1/2387 
f 2379/1/2379 2388/1/2388 2389/1/2389 2378/1/2378 
f 2385/1/2385 2389/1/2389 2388/1/2388 2386/1/2386 
f 2371/1/2371 2373/1/2373 2389/1/2389 2385/1/2385 
f 2378/1/2378 2389/1/2389 2373/1/2373 2362/1/2362 
f 2390/1/2390 2391/1/2391 2392/1/2392 2393/1/2393 
f 2394/1/2394 2395/1/2395 2392/1/2392 2391/1/2391 
f 2382/1/2382 2392/1/2392 2395/1/2395 1966/1/1966 
f 2382/1/2382 2383/1/2383 2393/1/2393 2392/1/2392 
f 2383/1/2383 2387/1/2387 2396/1/2396 2393/1/2393 
f 2397/1/2397 2396/1/2396 2387/1/2387 2386/1/2386 
f 2398/1/2398 2399/1/2399 2396/1/2396 2397/1/2397 
f 2393/1/2393 2396/1/2396 2399/1/2399 2390/1/2390 
f 1626/1/1626 2400/1/2400 2401/1/2401 1643/1/1643 
f 2400/1/2400 2402/1/2402 2403/1/2403 2401/1/2401 
f 2404/1/2404 2405/1/2405 2401/1/2401 2403/1/2403 
f 1643/1/1643 2401/1/2401 2405/1/2405 1640/1/1640 
f 2402/1/2402 2406/1/2406 2407/1/2407 2408/1/2408 
f 2409/1/2409 2407/1/2407 2406/1/2406 1479/1/1479 
f 2410/1/2410 2411/1/2411 2407/1/2407 2409/1/2409 
f 2408/1/2408 2407/1/2407 2411/1/2411 2412/1/2412 
f 1466/1/1466 1473/1/1473 2413/1/2413 
f 1473/1/1473 1475/1/1475 2414/1/2414 2413/1/2413 
f 2409/1/2409 2413/1/2413 2414/1/2414 2410/1/2410 
f 1479/1/1479 1478/1/1478 2413/1/2413 2409/1/2409 
f 2400/1/2400 2415/1/2415 2406/1/2406 2402/1/2402 
f 1629/1/1629 2415/1/2415 2400/1/2400 1626/1/1626 
f 2415/1/2415 1629/1/1629 1608/1/1608 
f 2415/1/2415 1611/1/1611 1479/1/1479 
f 2416/1/2416 2417/1/2417 2418/1/2418 
f 2419/1/2419 2416/1/2416 2420/1/2420 2421/1/2421 
f 2422/1/2422 2423/1/2423 2416/1/2416 2419/1/2419 
f 2417/1/2417 2416/1/2416 2423/1/2423 2424/1/2424 
f 2425/1/2425 2426/1/2426 2427/1/2427 
f 2428/1/2428 2425/1/2425 2429/1/2429 2430/1/2430 
f 2422/1/2422 2419/1/2419 2425/1/2425 2428/1/2428 
f 2426/1/2426 2425/1/2425 2419/1/2419 2421/1/2421 
f 2431/1/2431 2432/1/2432 2433/1/2433 2434/1/2434 
f 2435/1/2435 2432/1/2432 2431/1/2431 2436/1/2436 
f 2430/1/2430 2429/1/2429 2432/1/2432 2435/1/2435 
f 2427/1/2427 2433/1/2433 2432/1/2432 
f 2437/1/2437 2438/1/2438 2439/1/2439 
f 2440/1/2440 2437/1/2437 2441/1/2441 2442/1/2442 
f 2440/1/2440 2443/1/2443 2444/1/2444 
f 2438/1/2438 2437/1/2437 2444/1/2444 2445/1/2445 
f 2439/1/2439 2446/1/2446 2447/1/2447 2441/1/2441 
f 2448/1/2448 2447/1/2447 2446/1/2446 2449/1/2449 
f 2447/1/2447 2448/1/2448 2450/1/2450 
f 2442/1/2442 2441/1/2441 2447/1/2447 2451/1/2451 
f 2452/1/2452 2453/1/2453 2448/1/2448 2449/1/2449 
f 2417/1/2417 2453/1/2453 2452/1/2452 2418/1/2418 
f 2424/1/2424 2454/1/2454 2453/1/2453 2417/1/2417 
f 2454/1/2454 2450/1/2450 2448/1/2448 
f 2455/1/2455 2456/1/2456 2457/1/2457 
f 2458/1/2458 2457/1/2457 2459/1/2459 
f 2458/1/2458 2460/1/2460 2461/1/2461 
f 2456/1/2456 2462/1/2462 2463/1/2463 2457/1/2457 
f 2463/1/2463 2462/1/2462 2464/1/2464 
f 2465/1/2465 2466/1/2466 2463/1/2463 2467/1/2467 
f 2457/1/2457 2463/1/2463 2466/1/2466 2459/1/2459 
f 2465/1/2465 2467/1/2467 2468/1/2468 2469/1/2469 
f 2470/1/2470 2468/1/2468 2467/1/2467 2464/1/2464 
f 2471/1/2471 2472/1/2472 2468/1/2468 2470/1/2470 
f 2469/1/2469 2468/1/2468 2472/1/2472 2473/1/2473 
f 2474/1/2474 2464/1/2464 2462/1/2462 
f 2456/1/2456 2455/1/2455 2475/1/2475 2462/1/2462 
f 2470/1/2470 2476/1/2476 2477/1/2477 2471/1/2471 
f 2464/1/2464 2474/1/2474 2476/1/2476 2470/1/2470 
f 682/1/682 681/1/681 2478/1/2478 700/1/700 
f 2479/1/2479 2478/1/2478 681/1/681 684/1/684 
f 2478/1/2478 2479/1/2479 2480/1/2480 
f 700/1/700 2478/1/2478 2481/1/2481 697/1/697 
f 697/1/697 2481/1/2481 2482/1/2482 705/1/705 
f 2483/1/2483 2482/1/2482 2481/1/2481 2480/1/2480 
f 9/1/9 8/1/8 2482/1/2482 2483/1/2483 
f 705/1/705 2482/1/2482 8/1/8 7/1/7 
f 2484/1/2484 2485/1/2485 2486/1/2486 
f 2487/1/2487 2484/1/2484 2488/1/2488 2489/1/2489 
f 146/1/146 153/1/153 2484/1/2484 2487/1/2487 
f 2485/1/2485 2484/1/2484 153/1/153 152/1/152 
f 152/1/152 264/1/264 2490/1/2490 2485/1/2485 
f 2491/1/2491 2490/1/2490 264/1/264 265/1/265 
f 2492/1/2492 2493/1/2493 2490/1/2490 2491/1/2491 
f 2485/1/2485 2490/1/2490 2493/1/2493 2486/1/2486 
f 2494/1/2494 2495/1/2495 2496/1/2496 2497/1/2497 
f 50/1/50 2496/1/2496 2495/1/2495 47/1/47 
f 54/1/54 138/1/138 2496/1/2496 50/1/50 
f 138/1/138 137/1/137 2497/1/2497 
f 2498/1/2498 2499/1/2499 2500/1/2500 2501/1/2501 
f 2502/1/2502 2499/1/2499 2498/1/2498 2503/1/2503 
f 1903/1/1903 1936/1/1936 2499/1/2499 2502/1/2502 
f 1928/1/1928 2500/1/2500 2499/1/2499 1936/1/1936 
f 2504/1/2504 2502/1/2502 2503/1/2503 
f 2505/1/2505 2504/1/2504 2506/1/2506 2507/1/2507 
f 1901/1/1901 1904/1/1904 2504/1/2504 2505/1/2505 
f 2502/1/2502 2504/1/2504 1904/1/1904 1903/1/1903 
f 2508/1/2508 2509/1/2509 2510/1/2510 2511/1/2511 
f 2512/1/2512 2511/1/2511 2510/1/2510 2513/1/2513 
f 1045/1/1045 1127/1/1127 2511/1/2511 2512/1/2512 
f 2508/1/2508 2511/1/2511 1127/1/1127 1126/1/1126 
f 271/1/271 2514/1/2514 2515/1/2515 270/1/270 
f 2516/1/2516 2515/1/2515 2514/1/2514 2517/1/2517 
f 2518/1/2518 2519/1/2519 2515/1/2515 2516/1/2516 
f 270/1/270 2515/1/2515 2519/1/2519 181/1/181 
f 2520/1/2520 2521/1/2521 2522/1/2522 2523/1/2523 
f 1965/1/1965 2522/1/2522 2521/1/2521 1451/1/1451 
f 1966/1/1966 2395/1/2395 2522/1/2522 1965/1/1965 
f 2523/1/2523 2522/1/2522 2395/1/2395 2394/1/2394 
f 1656/1/1656 1655/1/1655 2524/1/2524 2525/1/2525 
f 2526/1/2526 2524/1/2524 1655/1/1655 1654/1/1654 
f 2527/1/2527 2528/1/2528 2524/1/2524 2526/1/2526 
f 2525/1/2525 2524/1/2524 2528/1/2528 2529/1/2529 
f 2527/1/2527 2526/1/2526 2530/1/2530 2531/1/2531 
f 1978/1/1978 2530/1/2530 2526/1/2526 1654/1/1654 
f 1967/1/1967 2532/1/2532 2530/1/2530 1978/1/1978 
f 2531/1/2531 2530/1/2530 2532/1/2532 2533/1/2533 
f 1975/1/1975 2534/1/2534 2535/1/2535 1970/1/1970 
f 2536/1/2536 2535/1/2535 2534/1/2534 2537/1/2537 
f 2533/1/2533 2532/1/2532 2535/1/2535 2536/1/2536 
f 1970/1/1970 2535/1/2535 2532/1/2532 1967/1/1967 
f 2537/1/2537 2534/1/2534 2538/1/2538 2539/1/2539 
f 2310/1/2310 2538/1/2538 2534/1/2534 1975/1/1975 
f 2311/1/2311 2540/1/2540 2538/1/2538 2310/1/2310 
f 2539/1/2539 2538/1/2538 2540/1/2540 2541/1/2541 
f 2542/1/2542 2543/1/2543 2544/1/2544 2545/1/2545 
f 1954/1/1954 2544/1/2544 2543/1/2543 1872/1/1872 
f 1948/1/1948 2546/1/2546 2544/1/2544 1954/1/1954 
f 2545/1/2545 2544/1/2544 2546/1/2546 2547/1/2547 
f 2548/1/2548 2549/1/2549 2550/1/2550 2551/1/2551 
f 2552/1/2552 2550/1/2550 2549/1/2549 2553/1/2553 
f 1881/1/1881 1877/1/1877 2550/1/2550 2552/1/2552 
f 2551/1/2551 2550/1/2550 1877/1/1877 1876/1/1876 
f 1119/1/1119 2554/1/2554 2555/1/2555 1120/1/1120 
f 2551/1/2551 2555/1/2555 2554/1/2554 2548/1/2548 
f 1876/1/1876 1925/1/1925 2555/1/2555 2551/1/2551 
f 1120/1/1120 2555/1/2555 1925/1/1925 1121/1/1121 
f 2556/1/2556 2557/1/2557 2558/1/2558 2559/1/2559 
f 2560/1/2560 2558/1/2558 2557/1/2557 2561/1/2561 
f 2293/1/2293 2297/1/2297 2558/1/2558 2560/1/2560 
f 2559/1/2559 2558/1/2558 2297/1/2297 2296/1/2296 
f 2561/1/2561 2562/1/2562 2563/1/2563 2560/1/2560 
f 1434/1/1434 2563/1/2563 2562/1/2562 1435/1/1435 
f 1428/1/1428 2292/1/2292 2563/1/2563 1434/1/1434 
f 2560/1/2560 2563/1/2563 2292/1/2292 2293/1/2293 
f 2564/1/2564 2565/1/2565 2566/1/2566 2567/1/2567 
f 2547/1/2547 2546/1/2546 2566/1/2566 2565/1/2565 
f 1946/1/1946 2566/1/2566 2546/1/2546 1948/1/1948 
f 2567/1/2567 2566/1/2566 1946/1/1946 1890/1/1890 
f 2553/1/2553 2568/1/2568 2569/1/2569 2552/1/2552 
f 2567/1/2567 2569/1/2569 2568/1/2568 2564/1/2564 
f 1890/1/1890 1889/1/1889 2569/1/2569 2567/1/2567 
f 2552/1/2552 2569/1/2569 1889/1/1889 1881/1/1881 
f 52/1/52 2570/1/2570 2571/1/2571 51/1/51 
f 2572/1/2572 2571/1/2571 2570/1/2570 2573/1/2573 
f 38/1/38 41/1/41 2571/1/2571 2572/1/2572 
f 51/1/51 2571/1/2571 41/1/41 46/1/46 
f 2489/1/2489 2574/1/2574 2575/1/2575 2487/1/2487 
f 2576/1/2576 2575/1/2575 2574/1/2574 2577/1/2577 
f 145/1/145 2575/1/2575 2576/1/2576 147/1/147 
f 145/1/145 146/1/146 2487/1/2487 2575/1/2575 
f 2578/1/2578 2579/1/2579 2580/1/2580 2581/1/2581 
f 2578/1/2578 2582/1/2582 2583/1/2583 2579/1/2579 
f 2584/1/2584 2579/1/2579 2583/1/2583 2577/1/2577 
f 2585/1/2585 2580/1/2580 2579/1/2579 2584/1/2584 
f 2586/1/2586 2587/1/2587 2588/1/2588 2589/1/2589 
f 2584/1/2584 2588/1/2588 2587/1/2587 2585/1/2585 
f 2577/1/2577 2574/1/2574 2588/1/2588 2584/1/2584 
f 2589/1/2589 2588/1/2588 2574/1/2574 2489/1/2489 
f 2585/1/2585 2587/1/2587 2590/1/2590 2591/1/2591 
f 2592/1/2592 2590/1/2590 2587/1/2587 2586/1/2586 
f 108/1/108 107/1/107 2590/1/2590 2592/1/2592 
f 2591/1/2591 2590/1/2590 107/1/107 26/1/26 
f 2582/1/2582 2593/1/2593 2594/1/2594 2583/1/2583 
f 2593/1/2593 1762/1/1762 1761/1/1761 2594/1/2594 
f 147/1/147 2576/1/2576 2594/1/2594 1761/1/1761 
f 2576/1/2576 2577/1/2577 2583/1/2583 2594/1/2594 
f 34/1/34 2595/1/2595 2596/1/2596 29/1/29 
f 2581/1/2581 2580/1/2580 2596/1/2596 2595/1/2595 
f 2591/1/2591 2596/1/2596 2580/1/2580 2585/1/2585 
f 29/1/29 2596/1/2596 2591/1/2591 26/1/26 
f 2597/1/2597 2598/1/2598 2599/1/2599 2600/1/2600 
f 2601/1/2601 2599/1/2599 2598/1/2598 2602/1/2602 
f 2601/1/2601 1752/1/1752 1755/1/1755 2599/1/2599 
f 2600/1/2600 2599/1/2599 1755/1/1755 1760/1/1760 
f 2603/1/2603 2604/1/2604 2605/1/2605 2606/1/2606 
f 2607/1/2607 2605/1/2605 2604/1/2604 2608/1/2608 
f 2602/1/2602 2598/1/2598 2605/1/2605 2607/1/2607 
f 2606/1/2606 2605/1/2605 2598/1/2598 2597/1/2597 
f 2608/1/2608 2604/1/2604 2609/1/2609 2610/1/2610 
f 2611/1/2611 2609/1/2609 2604/1/2604 2603/1/2603 
f 2573/1/2573 2570/1/2570 2609/1/2609 2611/1/2611 
f 2610/1/2610 2609/1/2609 2570/1/2570 52/1/52 
f 2608/1/2608 2612/1/2612 2613/1/2613 2607/1/2607 
f 2614/1/2614 2613/1/2613 2612/1/2612 2615/1/2615 
f 2616/1/2616 2617/1/2617 2613/1/2613 2614/1/2614 
f 2607/1/2607 2613/1/2613 2617/1/2617 2602/1/2602 
f 2615/1/2615 2612/1/2612 2618/1/2618 2619/1/2619 
f 2610/1/2610 2618/1/2618 2612/1/2612 2608/1/2608 
f 52/1/52 48/1/48 2618/1/2618 2610/1/2610 
f 2619/1/2619 2618/1/2618 48/1/48 47/1/47 
f 1791/1/1791 2620/1/2620 158/1/158 159/1/159 
f 1792/1/1792 2621/1/2621 2620/1/2620 1791/1/1791 
f 2616/1/2616 2622/1/2622 2620/1/2620 2621/1/2621 
f 2622/1/2622 160/1/160 158/1/158 
f 2616/1/2616 2614/1/2614 2623/1/2623 2622/1/2622 
f 2624/1/2624 2623/1/2623 2614/1/2614 2615/1/2615 
f 2623/1/2623 2624/1/2624 2625/1/2625 
f 2622/1/2622 2623/1/2623 2626/1/2626 160/1/160 
f 2602/1/2602 2617/1/2617 2627/1/2627 2601/1/2601 
f 2621/1/2621 2627/1/2627 2617/1/2617 2616/1/2616 
f 1794/1/1794 2627/1/2627 2621/1/2621 1792/1/1792 
f 1752/1/1752 2601/1/2601 2627/1/2627 1794/1/1794 
f 2507/1/2507 2628/1/2628 2629/1/2629 2505/1/2505 
f 2630/1/2630 2629/1/2629 2628/1/2628 2631/1/2631 
f 1059/1/1059 1902/1/1902 2629/1/2629 2630/1/2630 
f 2505/1/2505 2629/1/2629 1902/1/1902 1901/1/1901 
f 2632/1/2632 2633/1/2633 2495/1/2495 2494/1/2494 
f 2632/1/2632 2625/1/2625 2624/1/2624 
f 2624/1/2624 2615/1/2615 2619/1/2619 2633/1/2633 
f 47/1/47 2495/1/2495 2633/1/2633 2619/1/2619 
f 2630/1/2630 2634/1/2634 1060/1/1060 1059/1/1059 
f 2635/1/2635 2634/1/2634 2630/1/2630 2631/1/2631 
f 2636/1/2636 2637/1/2637 2634/1/2634 2635/1/2635 
f 237/1/237 1060/1/1060 2634/1/2634 2637/1/2637 
f 2631/1/2631 2638/1/2638 2639/1/2639 2635/1/2635 
f 2640/1/2640 2639/1/2639 2638/1/2638 2641/1/2641 
f 2642/1/2642 2643/1/2643 2639/1/2639 2640/1/2640 
f 2635/1/2635 2639/1/2639 2643/1/2643 2636/1/2636 
f 2644/1/2644 2645/1/2645 2512/1/2512 2513/1/2513 
f 2644/1/2644 2646/1/2646 2647/1/2647 2645/1/2645 
f 1039/1/1039 1046/1/1046 2645/1/2645 2647/1/2647 
f 2512/1/2512 2645/1/2645 1046/1/1046 1045/1/1045 
f 209/1/209 2648/1/2648 2649/1/2649 1068/1/1068 
f 2640/1/2640 2649/1/2649 2648/1/2648 2642/1/2642 
f 2641/1/2641 2650/1/2650 2649/1/2649 2640/1/2640 
f 1068/1/1068 2649/1/2649 2650/1/2650 1065/1/1065 
f 2646/1/2646 2651/1/2651 2652/1/2652 2647/1/2647 
f 2653/1/2653 2652/1/2652 2651/1/2651 2654/1/2654 
f 234/1/234 1040/1/1040 2652/1/2652 2653/1/2653 
f 2647/1/2647 2652/1/2652 1040/1/1040 1039/1/1039 
f 2646/1/2646 2655/1/2655 2656/1/2656 2651/1/2651 
f 2657/1/2657 2656/1/2656 2655/1/2655 2658/1/2658 
f 2659/1/2659 2660/1/2660 2656/1/2656 2657/1/2657 
f 2651/1/2651 2656/1/2656 2660/1/2660 2654/1/2654 
f 225/1/225 2661/1/2661 2662/1/2662 1047/1/1047 
f 2657/1/2657 2662/1/2662 2661/1/2661 2659/1/2659 
f 2658/1/2658 2663/1/2663 2662/1/2662 2657/1/2657 
f 1047/1/1047 2662/1/2662 2663/1/2663 1049/1/1049 
f 2636/1/2636 2664/1/2664 2665/1/2665 2637/1/2637 
f 2664/1/2664 2666/1/2666 2667/1/2667 2665/1/2665 
f 242/1/242 238/1/238 2665/1/2665 2667/1/2667 
f 2637/1/2637 2665/1/2665 238/1/238 237/1/237 
f 2643/1/2643 2642/1/2642 2668/1/2668 2669/1/2669 
f 2670/1/2670 2671/1/2671 2669/1/2669 2668/1/2668 
f 2664/1/2664 2669/1/2669 2671/1/2671 2666/1/2666 
f 2664/1/2664 2636/1/2636 2643/1/2643 2669/1/2669 
f 2668/1/2668 2672/1/2672 2673/1/2673 2670/1/2670 
f 2642/1/2642 2648/1/2648 2672/1/2672 2668/1/2668 
f 207/1/207 2672/1/2672 2648/1/2648 209/1/209 
f 207/1/207 208/1/208 2673/1/2673 2672/1/2672 
f 2653/1/2653 2674/1/2674 235/1/235 234/1/234 
f 2675/1/2675 2674/1/2674 2653/1/2653 2654/1/2654 
f 2676/1/2676 2677/1/2677 2674/1/2674 2675/1/2675 
f 235/1/235 2674/1/2674 2677/1/2677 236/1/236 
f 2678/1/2678 2679/1/2679 2680/1/2680 2681/1/2681 
f 2675/1/2675 2680/1/2680 2679/1/2679 2676/1/2676 
f 2654/1/2654 2660/1/2660 2680/1/2680 2675/1/2675 
f 2681/1/2681 2680/1/2680 2660/1/2660 2659/1/2659 
f 1825/1/1825 2682/1/2682 2683/1/2683 1931/1/1931 
f 2684/1/2684 2683/1/2683 2682/1/2682 2685/1/2685 
f 2501/1/2501 2500/1/2500 2683/1/2683 2684/1/2684 
f 1931/1/1931 2683/1/2683 2500/1/2500 1928/1/1928 
f 224/1/224 2686/1/2686 2687/1/2687 223/1/223 
f 2681/1/2681 2687/1/2687 2686/1/2686 2678/1/2678 
f 2659/1/2659 2661/1/2661 2687/1/2687 2681/1/2681 
f 223/1/223 2687/1/2687 2661/1/2661 225/1/225 
f 1112/1/1112 2688/1/2688 2689/1/2689 1828/1/1828 
f 2688/1/2688 2690/1/2690 2691/1/2691 
f 2685/1/2685 2682/1/2682 2689/1/2689 2691/1/2691 
f 1828/1/1828 2689/1/2689 2682/1/2682 1825/1/1825 
f 2692/1/2692 2693/1/2693 2694/1/2694 2695/1/2695 
f 2691/1/2691 2694/1/2694 2693/1/2693 2685/1/2685 
f 2694/1/2694 2691/1/2691 2690/1/2690 
f 2695/1/2695 2694/1/2694 2696/1/2696 2697/1/2697 
f 181/1/181 2519/1/2519 2698/1/2698 182/1/182 
f 2699/1/2699 2698/1/2698 2519/1/2519 2518/1/2518 
f 2700/1/2700 2701/1/2701 2698/1/2698 2699/1/2699 
f 179/1/179 182/1/182 2698/1/2698 2701/1/2701 
f 2695/1/2695 2702/1/2702 2703/1/2703 2692/1/2692 
f 2702/1/2702 2695/1/2695 2697/1/2697 
f 1103/1/1103 1232/1/1232 2702/1/2702 2704/1/2704 
f 2703/1/2703 2702/1/2702 1232/1/1232 1231/1/1231 
f 2586/1/2586 2705/1/2705 2706/1/2706 2592/1/2592 
f 2707/1/2707 2706/1/2706 2705/1/2705 2708/1/2708 
f 2709/1/2709 2706/1/2706 2707/1/2707 2710/1/2710 
f 2709/1/2709 108/1/108 2592/1/2592 2706/1/2706 
f 2700/1/2700 2711/1/2711 2712/1/2712 2701/1/2701 
f 2497/1/2497 2712/1/2712 2711/1/2711 2494/1/2494 
f 2712/1/2712 2497/1/2497 137/1/137 
f 2701/1/2701 2712/1/2712 180/1/180 179/1/179 
f 2708/1/2708 2705/1/2705 2713/1/2713 2714/1/2714 
f 2589/1/2589 2713/1/2713 2705/1/2705 2586/1/2586 
f 2489/1/2489 2488/1/2488 2713/1/2713 2589/1/2589 
f 2714/1/2714 2713/1/2713 2488/1/2488 2486/1/2486 
f 100/1/100 2715/1/2715 2716/1/2716 103/1/103 
f 2717/1/2717 2716/1/2716 2715/1/2715 2710/1/2710 
f 304/1/304 303/1/303 2716/1/2716 2717/1/2717 
f 103/1/103 2716/1/2716 303/1/303 104/1/104 
f 2710/1/2710 2707/1/2707 2718/1/2718 2717/1/2717 
f 2708/1/2708 2719/1/2719 2718/1/2718 2707/1/2707 
f 2720/1/2720 2718/1/2718 2719/1/2719 2721/1/2721 
f 2717/1/2717 2718/1/2718 2720/1/2720 304/1/304 
f 96/1/96 109/1/109 2722/1/2722 99/1/99 
f 2709/1/2709 2722/1/2722 109/1/109 108/1/108 
f 2722/1/2722 2709/1/2709 2710/1/2710 
f 99/1/99 2722/1/2722 2715/1/2715 100/1/100 
f 2723/1/2723 2724/1/2724 2725/1/2725 2726/1/2726 
f 2727/1/2727 2725/1/2725 2724/1/2724 2728/1/2728 
f 2666/1/2666 2671/1/2671 2725/1/2725 2727/1/2727 
f 2726/1/2726 2725/1/2725 2671/1/2671 2670/1/2670 
f 2721/1/2721 2719/1/2719 2729/1/2729 2730/1/2730 
f 2719/1/2719 2708/1/2708 2714/1/2714 
f 2729/1/2729 2714/1/2714 2486/1/2486 
f 2730/1/2730 2729/1/2729 2493/1/2493 2492/1/2492 
f 299/1/299 2731/1/2731 2732/1/2732 306/1/306 
f 2726/1/2726 2732/1/2732 2731/1/2731 2723/1/2723 
f 2670/1/2670 2673/1/2673 2732/1/2732 2726/1/2726 
f 306/1/306 2732/1/2732 2673/1/2673 208/1/208 
f 1851/1/1851 2733/1/2733 2734/1/2734 1856/1/1856 
f 2735/1/2735 2734/1/2734 2733/1/2733 2728/1/2728 
f 2492/1/2492 2491/1/2491 2734/1/2734 2735/1/2735 
f 1856/1/1856 2734/1/2734 2491/1/2491 265/1/265 
f 2728/1/2728 2724/1/2724 2736/1/2736 2735/1/2735 
f 2737/1/2737 2736/1/2736 2724/1/2724 2723/1/2723 
f 2736/1/2736 2737/1/2737 2721/1/2721 
f 2730/1/2730 2492/1/2492 2735/1/2735 
f 242/1/242 2667/1/2667 2738/1/2738 1849/1/1849 
f 2727/1/2727 2738/1/2738 2667/1/2667 2666/1/2666 
f 2728/1/2728 2733/1/2733 2738/1/2738 2727/1/2727 
f 2733/1/2733 1851/1/1851 1849/1/1849 
f 304/1/304 2720/1/2720 2739/1/2739 302/1/302 
f 2737/1/2737 2739/1/2739 2720/1/2720 2721/1/2721 
f 2723/1/2723 2731/1/2731 2739/1/2739 2737/1/2737 
f 302/1/302 2739/1/2739 2731/1/2731 299/1/299 
f 271/1/271 327/1/327 2740/1/2740 2514/1/2514 
f 2741/1/2741 2740/1/2740 327/1/327 277/1/277 
f 2741/1/2741 2742/1/2742 2743/1/2743 2740/1/2740 
f 2517/1/2517 2514/1/2514 2740/1/2740 2743/1/2743 
f 2744/1/2744 2745/1/2745 2677/1/2677 2676/1/2676 
f 2742/1/2742 2741/1/2741 2745/1/2745 2744/1/2744 
f 277/1/277 276/1/276 2745/1/2745 2741/1/2741 
f 2677/1/2677 2745/1/2745 276/1/276 236/1/236 
f 2746/1/2746 2747/1/2747 2748/1/2748 2749/1/2749 
f 2750/1/2750 2748/1/2748 2747/1/2747 2751/1/2751 
f 2520/1/2520 2752/1/2752 2748/1/2748 2750/1/2750 
f 2749/1/2749 2748/1/2748 2752/1/2752 2753/1/2753 
f 2754/1/2754 2755/1/2755 2756/1/2756 2757/1/2757 
f 2758/1/2758 2756/1/2756 2755/1/2755 2746/1/2746 
f 1323/1/1323 1319/1/1319 2756/1/2756 2758/1/2758 
f 1319/1/1319 1318/1/1318 2757/1/2757 
f 1342/1/1342 2759/1/2759 2760/1/2760 1337/1/1337 
f 2761/1/2761 2760/1/2760 2759/1/2759 2751/1/2751 
f 2762/1/2762 2763/1/2763 2760/1/2760 2761/1/2761 
f 1337/1/1337 2760/1/2760 2763/1/2763 1334/1/1334 
f 2761/1/2761 2764/1/2764 2765/1/2765 2762/1/2762 
f 2751/1/2751 2747/1/2747 2764/1/2764 2761/1/2761 
f 2746/1/2746 2755/1/2755 2764/1/2764 2747/1/2747 
f 2765/1/2765 2764/1/2764 2755/1/2755 2754/1/2754 
f 1451/1/1451 2521/1/2521 2766/1/2766 1450/1/1450 
f 2750/1/2750 2766/1/2766 2521/1/2521 2520/1/2520 
f 2751/1/2751 2759/1/2759 2766/1/2766 2750/1/2750 
f 1450/1/1450 2766/1/2766 2759/1/2759 1342/1/1342 
f 2758/1/2758 2767/1/2767 1456/1/1456 1323/1/1323 
f 2749/1/2749 2767/1/2767 2758/1/2758 2746/1/2746 
f 2753/1/2753 2768/1/2768 2767/1/2767 2749/1/2749 
f 1457/1/1457 1456/1/1456 2767/1/2767 
f 2769/1/2769 1874/1/1874 1864/1/1864 
f 2770/1/2770 2769/1/2769 2771/1/2771 2772/1/2772 
f 2773/1/2773 2774/1/2774 2769/1/2769 2770/1/2770 
f 1437/1/1437 1874/1/1874 2769/1/2769 2774/1/2774 
f 1872/1/1872 2543/1/2543 2775/1/2775 1867/1/1867 
f 2776/1/2776 2775/1/2775 2543/1/2543 2542/1/2542 
f 2772/1/2772 2771/1/2771 2775/1/2775 2776/1/2776 
f 1867/1/1867 2775/1/2775 2771/1/2771 1864/1/1864 
f 2777/1/2777 2778/1/2778 2779/1/2779 2780/1/2780 
f 1365/1/1365 2779/1/2779 2778/1/2778 1136/1/1136 
f 1369/1/1369 2781/1/2781 2779/1/2779 1365/1/1365 
f 2780/1/2780 2779/1/2779 2781/1/2781 2782/1/2782 
f 1129/1/1129 1128/1/1128 2783/1/2783 2784/1/2784 
f 2778/1/2778 2783/1/2783 1128/1/1128 1136/1/1136 
f 2777/1/2777 2785/1/2785 2783/1/2783 2778/1/2778 
f 2784/1/2784 2783/1/2783 2785/1/2785 2786/1/2786 
f 2787/1/2787 2788/1/2788 2789/1/2789 2790/1/2790 
f 2791/1/2791 2789/1/2789 2788/1/2788 2792/1/2792 
f 2553/1/2553 2549/1/2549 2789/1/2789 2791/1/2791 
f 2549/1/2549 2548/1/2548 2790/1/2790 
f 2792/1/2792 2793/1/2793 2794/1/2794 2795/1/2795 
f 2780/1/2780 2794/1/2794 2793/1/2793 2777/1/2777 
f 2782/1/2782 2796/1/2796 2794/1/2794 2780/1/2780 
f 2795/1/2795 2794/1/2794 2796/1/2796 2797/1/2797 
f 2786/1/2786 2785/1/2785 2798/1/2798 2799/1/2799 
f 2793/1/2793 2798/1/2798 2785/1/2785 2777/1/2777 
f 2792/1/2792 2788/1/2788 2798/1/2798 2793/1/2793 
f 2788/1/2788 2787/1/2787 2799/1/2799 
f 2800/1/2800 2801/1/2801 2802/1/2802 2803/1/2803 
f 1808/1/1808 2802/1/2802 2801/1/2801 1690/1/1690 
f 1052/1/1052 1050/1/1050 2802/1/2802 1808/1/1808 
f 2803/1/2803 2802/1/2802 1050/1/1050 1049/1/1049 
f 2791/1/2791 2804/1/2804 2568/1/2568 2553/1/2553 
f 2795/1/2795 2804/1/2804 2791/1/2791 2792/1/2792 
f 2797/1/2797 2805/1/2805 2804/1/2804 2795/1/2795 
f 2805/1/2805 2564/1/2564 2568/1/2568 2804/1/2804 
f 2513/1/2513 2806/1/2806 2807/1/2807 2644/1/2644 
f 2808/1/2808 2807/1/2807 2806/1/2806 2809/1/2809 
f 2658/1/2658 2655/1/2655 2807/1/2807 2808/1/2808 
f 2644/1/2644 2807/1/2807 2655/1/2655 2646/1/2646 
f 1690/1/1690 2801/1/2801 2810/1/2810 1689/1/1689 
f 2811/1/2811 2810/1/2810 2801/1/2801 2800/1/2800 
f 2810/1/2810 2811/1/2811 1118/1/1118 
f 1689/1/1689 2810/1/2810 1114/1/1114 1113/1/1113 
f 2800/1/2800 2812/1/2812 2813/1/2813 2811/1/2811 
f 2814/1/2814 2813/1/2813 2812/1/2812 2809/1/2809 
f 2815/1/2815 2816/1/2816 2813/1/2813 2814/1/2814 
f 2811/1/2811 2813/1/2813 2816/1/2816 1118/1/1118 
f 2809/1/2809 2812/1/2812 2817/1/2817 2808/1/2808 
f 2803/1/2803 2817/1/2817 2812/1/2812 2800/1/2800 
f 1049/1/1049 2663/1/2663 2817/1/2817 2803/1/2803 
f 2808/1/2808 2817/1/2817 2663/1/2663 2658/1/2658 
f 2818/1/2818 2819/1/2819 2820/1/2820 2821/1/2821 
f 1080/1/1080 2820/1/2820 2819/1/2819 1077/1/1077 
f 1070/1/1070 1066/1/1066 2820/1/2820 1080/1/1080 
f 2821/1/2821 2820/1/2820 1066/1/1066 1065/1/1065 
f 2509/1/2509 2822/1/2822 2823/1/2823 2510/1/2510 
f 2822/1/2822 2815/1/2815 2814/1/2814 
f 2809/1/2809 2806/1/2806 2823/1/2823 2814/1/2814 
f 2510/1/2510 2823/1/2823 2806/1/2806 2513/1/2513 
f 2507/1/2507 2824/1/2824 2825/1/2825 2628/1/2628 
f 2826/1/2826 2825/1/2825 2824/1/2824 2827/1/2827 
f 2641/1/2641 2638/1/2638 2825/1/2825 2826/1/2826 
f 2628/1/2628 2825/1/2825 2638/1/2638 2631/1/2631 
f 1077/1/1077 2819/1/2819 2828/1/2828 1236/1/1236 
f 2829/1/2829 2828/1/2828 2819/1/2819 2818/1/2818 
f 2830/1/2830 2831/1/2831 2828/1/2828 2829/1/2829 
f 1236/1/1236 2828/1/2828 2831/1/2831 1233/1/1233 
f 2829/1/2829 2832/1/2832 2833/1/2833 2830/1/2830 
f 2818/1/2818 2834/1/2834 2832/1/2832 2829/1/2829 
f 2835/1/2835 2832/1/2832 2834/1/2834 2827/1/2827 
f 2833/1/2833 2832/1/2832 2835/1/2835 2836/1/2836 
f 2827/1/2827 2834/1/2834 2837/1/2837 2826/1/2826 
f 2821/1/2821 2837/1/2837 2834/1/2834 2818/1/2818 
f 1065/1/1065 2650/1/2650 2837/1/2837 2821/1/2821 
f 2826/1/2826 2837/1/2837 2650/1/2650 2641/1/2641 
f 2838/1/2838 2839/1/2839 2840/1/2840 2841/1/2841 
f 2842/1/2842 2840/1/2840 2839/1/2839 2843/1/2843 
f 2844/1/2844 2845/1/2845 2840/1/2840 2842/1/2842 
f 2846/1/2846 2841/1/2841 2840/1/2840 2845/1/2845 
f 2836/1/2836 2835/1/2835 2847/1/2847 2848/1/2848 
f 2824/1/2824 2847/1/2847 2835/1/2835 2827/1/2827 
f 2507/1/2507 2506/1/2506 2847/1/2847 2824/1/2824 
f 2506/1/2506 2503/1/2503 2848/1/2848 
f 1098/1/1098 2849/1/2849 2850/1/2850 1325/1/1325 
f 2841/1/2841 2850/1/2850 2849/1/2849 2838/1/2838 
f 2851/1/2851 2850/1/2850 2841/1/2841 2846/1/2846 
f 1327/1/1327 1325/1/1325 2850/1/2850 2851/1/2851 
f 1111/1/1111 2852/1/2852 2853/1/2853 1110/1/1110 
f 2854/1/2854 2853/1/2853 2852/1/2852 2843/1/2843 
f 2690/1/2690 2688/1/2688 2853/1/2853 2854/1/2854 
f 1110/1/1110 2853/1/2853 2688/1/2688 1112/1/1112 
f 2843/1/2843 2839/1/2839 2855/1/2855 2854/1/2854 
f 2856/1/2856 2855/1/2855 2839/1/2839 2838/1/2838 
f 2697/1/2697 2696/1/2696 2855/1/2855 2856/1/2856 
f 2696/1/2696 2690/1/2690 2854/1/2854 
f 2843/1/2843 2852/1/2852 2857/1/2857 2842/1/2842 
f 1744/1/1744 2857/1/2857 2852/1/2852 1111/1/1111 
f 1748/1/1748 2858/1/2858 2857/1/2857 1744/1/1744 
f 2842/1/2842 2857/1/2857 2858/1/2858 2844/1/2844 
f 2786/1/2786 2859/1/2859 2860/1/2860 2784/1/2784 
f 2861/1/2861 2860/1/2860 2859/1/2859 2862/1/2862 
f 1141/1/1141 1145/1/1145 2860/1/2860 2861/1/2861 
f 2784/1/2784 2860/1/2860 1145/1/1145 1129/1/1129 
f 2704/1/2704 2863/1/2863 1101/1/1101 1103/1/1103 
f 2856/1/2856 2863/1/2863 2704/1/2704 2697/1/2697 
f 2838/1/2838 2849/1/2849 2863/1/2863 2856/1/2856 
f 1101/1/1101 2863/1/2863 2849/1/2849 1098/1/1098 
f 1118/1/1118 2816/1/2816 2864/1/2864 1117/1/1117 
f 2865/1/2865 2864/1/2864 2816/1/2816 2815/1/2815 
f 2866/1/2866 2867/1/2867 2864/1/2864 2865/1/2865 
f 1117/1/1117 2864/1/2864 2867/1/2867 1119/1/1119 
f 2861/1/2861 2868/1/2868 1142/1/1142 1141/1/1141 
f 2861/1/2861 2862/1/2862 2869/1/2869 2868/1/2868 
f 2509/1/2509 2508/1/2508 2868/1/2868 2869/1/2869 
f 1126/1/1126 1142/1/1142 2868/1/2868 2508/1/2508 
f 2862/1/2862 2870/1/2870 2871/1/2871 2869/1/2869 
f 2865/1/2865 2871/1/2871 2870/1/2870 2866/1/2866 
f 2815/1/2815 2822/1/2822 2871/1/2871 2865/1/2865 
f 2869/1/2869 2871/1/2871 2822/1/2822 2509/1/2509 
f 2787/1/2787 2872/1/2872 2873/1/2873 2799/1/2799 
f 2873/1/2873 2872/1/2872 2866/1/2866 
f 2862/1/2862 2859/1/2859 2873/1/2873 2870/1/2870 
f 2799/1/2799 2873/1/2873 2859/1/2859 2786/1/2786 
f 2874/1/2874 1228/1/1228 1227/1/1227 
f 2875/1/2875 2874/1/2874 1256/1/1256 1255/1/1255 
f 2875/1/2875 2876/1/2876 2877/1/2877 
f 1228/1/1228 2874/1/2874 2877/1/2877 1231/1/1231 
f 2872/1/2872 2878/1/2878 2867/1/2867 2866/1/2866 
f 2790/1/2790 2878/1/2878 2872/1/2872 2787/1/2787 
f 2878/1/2878 2790/1/2790 2548/1/2548 
f 1119/1/1119 2867/1/2867 2878/1/2878 2554/1/2554 
f 2685/1/2685 2693/1/2693 2879/1/2879 2684/1/2684 
f 2880/1/2880 2879/1/2879 2693/1/2693 2692/1/2692 
f 2881/1/2881 2882/1/2882 2879/1/2879 2880/1/2880 
f 2684/1/2684 2879/1/2879 2882/1/2882 2501/1/2501 
f 2876/1/2876 2875/1/2875 2883/1/2883 2884/1/2884 
f 1267/1/1267 2883/1/2883 2875/1/2875 1255/1/1255 
f 2883/1/2883 1267/1/1267 1233/1/1233 
f 2831/1/2831 2830/1/2830 2884/1/2884 
f 2881/1/2881 2885/1/2885 2886/1/2886 2887/1/2887 
f 2884/1/2884 2886/1/2886 2885/1/2885 2876/1/2876 
f 2886/1/2886 2884/1/2884 2830/1/2830 
f 2887/1/2887 2886/1/2886 2833/1/2833 2836/1/2836 
f 2876/1/2876 2885/1/2885 2888/1/2888 2877/1/2877 
f 2880/1/2880 2888/1/2888 2885/1/2885 2881/1/2881 
f 2692/1/2692 2703/1/2703 2888/1/2888 2880/1/2880 
f 2877/1/2877 2888/1/2888 2703/1/2703 1231/1/1231 
f 2765/1/2765 2754/1/2754 2889/1/2889 2890/1/2890 
f 2891/1/2891 2890/1/2890 2889/1/2889 2892/1/2892 
f 2893/1/2893 2894/1/2894 2890/1/2890 2891/1/2891 
f 2762/1/2762 2765/1/2765 2890/1/2890 2894/1/2894 
f 2501/1/2501 2882/1/2882 2895/1/2895 2498/1/2498 
f 2887/1/2887 2895/1/2895 2882/1/2882 2881/1/2881 
f 2836/1/2836 2848/1/2848 2895/1/2895 2887/1/2887 
f 2498/1/2498 2895/1/2895 2848/1/2848 2503/1/2503 
f 2896/1/2896 2897/1/2897 1332/1/1332 1331/1/1331 
f 2892/1/2892 2889/1/2889 2897/1/2897 2896/1/2896 
f 2757/1/2757 2897/1/2897 2889/1/2889 2754/1/2754 
f 2757/1/2757 1318/1/1318 1332/1/1332 2897/1/2897 
f 1750/1/1750 1346/1/1346 2898/1/2898 2899/1/2899 
f 2893/1/2893 2900/1/2900 2899/1/2899 2898/1/2898 
f 2844/1/2844 2858/1/2858 2899/1/2899 2900/1/2900 
f 1750/1/1750 2899/1/2899 2858/1/2858 1748/1/1748 
f 2844/1/2844 2900/1/2900 2901/1/2901 2845/1/2845 
f 2891/1/2891 2901/1/2901 2900/1/2900 2893/1/2893 
f 2892/1/2892 2902/1/2902 2901/1/2901 2891/1/2891 
f 2845/1/2845 2901/1/2901 2902/1/2902 2846/1/2846 
f 2894/1/2894 2903/1/2903 2763/1/2763 2762/1/2762 
f 2898/1/2898 2903/1/2903 2894/1/2894 2893/1/2893 
f 1346/1/1346 1345/1/1345 2903/1/2903 2898/1/2898 
f 2763/1/2763 2903/1/2903 1345/1/1345 1334/1/1334 
f 2904/1/2904 2905/1/2905 2906/1/2906 2907/1/2907 
f 1373/1/1373 2906/1/2906 2905/1/2905 1370/1/1370 
f 1353/1/1353 1351/1/1351 2906/1/2906 1373/1/1373 
f 2907/1/2907 2906/1/2906 1351/1/1351 1350/1/1350 
f 1370/1/1370 2905/1/2905 2908/1/2908 1378/1/1378 
f 2909/1/2909 2908/1/2908 2905/1/2905 2904/1/2904 
f 2782/1/2782 2781/1/2781 2908/1/2908 2909/1/2909 
f 1378/1/1378 2908/1/2908 2781/1/2781 1369/1/1369 
f 2846/1/2846 2902/1/2902 2910/1/2910 2851/1/2851 
f 2896/1/2896 2910/1/2910 2902/1/2902 2892/1/2892 
f 1331/1/1331 1328/1/1328 2910/1/2910 2896/1/2896 
f 2851/1/2851 2910/1/2910 1328/1/1328 1327/1/1327 
f 2564/1/2564 2805/1/2805 2911/1/2911 2565/1/2565 
f 2912/1/2912 2911/1/2911 2805/1/2805 2797/1/2797 
f 2913/1/2913 2914/1/2914 2911/1/2911 2912/1/2912 
f 2565/1/2565 2911/1/2911 2914/1/2914 2547/1/2547 
f 2913/1/2913 2915/1/2915 2916/1/2916 2917/1/2917 
f 2907/1/2907 2916/1/2916 2915/1/2915 2904/1/2904 
f 1350/1/1350 2918/1/2918 2916/1/2916 2907/1/2907 
f 2917/1/2917 2916/1/2916 2918/1/2918 2919/1/2919 
f 2904/1/2904 2915/1/2915 2920/1/2920 2909/1/2909 
f 2912/1/2912 2920/1/2920 2915/1/2915 2913/1/2913 
f 2797/1/2797 2796/1/2796 2920/1/2920 2912/1/2912 
f 2909/1/2909 2920/1/2920 2796/1/2796 2782/1/2782 
f 2921/1/2921 2922/1/2922 2923/1/2923 2924/1/2924 
f 2925/1/2925 2923/1/2923 2922/1/2922 2926/1/2926 
f 2927/1/2927 2928/1/2928 2923/1/2923 2925/1/2925 
f 2924/1/2924 2923/1/2923 2928/1/2928 2929/1/2929 
f 2547/1/2547 2914/1/2914 2930/1/2930 2545/1/2545 
f 2917/1/2917 2930/1/2930 2914/1/2914 2913/1/2913 
f 2919/1/2919 2931/1/2931 2930/1/2930 2917/1/2917 
f 2545/1/2545 2930/1/2930 2931/1/2931 2542/1/2542 
f 2929/1/2929 2928/1/2928 2932/1/2932 2933/1/2933 
f 2934/1/2934 2932/1/2932 2928/1/2928 2927/1/2927 
f 1435/1/1435 2562/1/2562 2932/1/2932 2934/1/2934 
f 2933/1/2933 2932/1/2932 2562/1/2562 2561/1/2561 
f 2773/1/2773 2935/1/2935 2936/1/2936 2774/1/2774 
f 2937/1/2937 2936/1/2936 2935/1/2935 2926/1/2926 
f 1442/1/1442 1438/1/1438 2936/1/2936 2937/1/2937 
f 2774/1/2774 2936/1/2936 1438/1/1438 1437/1/1437 
f 2305/1/2305 2304/1/2304 2938/1/2938 2939/1/2939 
f 2937/1/2937 2938/1/2938 2304/1/2304 1442/1/1442 
f 2926/1/2926 2922/1/2922 2938/1/2938 2937/1/2937 
f 2939/1/2939 2938/1/2938 2922/1/2922 2921/1/2921 
f 1457/1/1457 2940/1/2940 2941/1/2941 1455/1/1455 
f 2942/1/2942 2941/1/2941 2940/1/2940 2943/1/2943 
f 1475/1/1475 1474/1/1474 2941/1/2941 2942/1/2942 
f 1474/1/1474 1452/1/1452 1455/1/1455 
f 2944/1/2944 2945/1/2945 2946/1/2946 2947/1/2947 
f 2948/1/2948 2946/1/2946 2945/1/2945 2949/1/2949 
f 2394/1/2394 2391/1/2391 2946/1/2946 2948/1/2948 
f 2947/1/2947 2946/1/2946 2391/1/2391 2390/1/2390 
f 2768/1/2768 2753/1/2753 2950/1/2950 2951/1/2951 
f 2952/1/2952 2951/1/2951 2950/1/2950 2949/1/2949 
f 2943/1/2943 2940/1/2940 2951/1/2951 2952/1/2952 
f 2940/1/2940 1457/1/1457 2768/1/2768 
f 2410/1/2410 2414/1/2414 2953/1/2953 2954/1/2954 
f 2942/1/2942 2953/1/2953 2414/1/2414 1475/1/1475 
f 2943/1/2943 2955/1/2955 2953/1/2953 2942/1/2942 
f 2954/1/2954 2953/1/2953 2955/1/2955 2956/1/2956 
f 2956/1/2956 2955/1/2955 2957/1/2957 2958/1/2958 
f 2952/1/2952 2957/1/2957 2955/1/2955 2943/1/2943 
f 2949/1/2949 2945/1/2945 2957/1/2957 2952/1/2952 
f 2958/1/2958 2957/1/2957 2945/1/2945 2944/1/2944 
f 2394/1/2394 2948/1/2948 2959/1/2959 2523/1/2523 
f 2949/1/2949 2950/1/2950 2959/1/2959 2948/1/2948 
f 2959/1/2959 2950/1/2950 2753/1/2753 
f 2752/1/2752 2520/1/2520 2523/1/2523 
f 2960/1/2960 2961/1/2961 2962/1/2962 2963/1/2963 
f 2964/1/2964 2962/1/2962 2961/1/2961 2965/1/2965 
f 2379/1/2379 2376/1/2376 2962/1/2962 2964/1/2964 
f 2963/1/2963 2962/1/2962 2376/1/2376 1668/1/1668 
f 2966/1/2966 2967/1/2967 2968/1/2968 2969/1/2969 
f 2970/1/2970 2968/1/2968 2967/1/2967 2971/1/2971 
f 2968/1/2968 2970/1/2970 2965/1/2965 
f 2969/1/2969 2968/1/2968 2961/1/2961 2960/1/2960 
f 2965/1/2965 2972/1/2972 2973/1/2973 2964/1/2964 
f 2397/1/2397 2973/1/2973 2972/1/2972 2398/1/2398 
f 2386/1/2386 2388/1/2388 2973/1/2973 2397/1/2397 
f 2964/1/2964 2973/1/2973 2388/1/2388 2379/1/2379 
f 2974/1/2974 2975/1/2975 2976/1/2976 2977/1/2977 
f 2287/1/2287 2286/1/2286 2976/1/2976 2975/1/2975 
f 2976/1/2976 2286/1/2286 1539/1/1539 
f 2977/1/2977 2976/1/2976 2978/1/2978 2979/1/2979 
f 2971/1/2971 2967/1/2967 2980/1/2980 2981/1/2981 
f 2982/1/2982 2980/1/2980 2967/1/2967 2966/1/2966 
f 1640/1/1640 2405/1/2405 2980/1/2980 2982/1/2982 
f 2405/1/2405 2404/1/2404 2981/1/2981 
f 2983/1/2983 2984/1/2984 2985/1/2985 2986/1/2986 
f 2977/1/2977 2985/1/2985 2984/1/2984 2974/1/2974 
f 2979/1/2979 2987/1/2987 2985/1/2985 2977/1/2977 
f 2986/1/2986 2985/1/2985 2987/1/2987 2988/1/2988 
f 2989/1/2989 2990/1/2990 2975/1/2975 2974/1/2974 
f 2559/1/2559 2990/1/2990 2989/1/2989 2556/1/2556 
f 2299/1/2299 2990/1/2990 2559/1/2559 2296/1/2296 
f 2975/1/2975 2990/1/2990 2299/1/2299 2287/1/2287 
f 2991/1/2991 2992/1/2992 2993/1/2993 2994/1/2994 
f 1547/1/1547 2993/1/2993 2992/1/2992 1538/1/1538 
f 1639/1/1639 2993/1/2993 1547/1/1547 1546/1/1546 
f 2994/1/2994 2993/1/2993 1639/1/1639 1638/1/1638 
f 1538/1/1538 2992/1/2992 2995/1/2995 1537/1/1537 
f 2992/1/2992 2991/1/2991 2996/1/2996 
f 2995/1/2995 2996/1/2996 2979/1/2979 
f 2978/1/2978 1539/1/1539 1537/1/1537 
f 2986/1/2986 2997/1/2997 2998/1/2998 2983/1/2983 
f 2988/1/2988 2999/1/2999 2997/1/2997 2986/1/2986 
f 2999/1/2999 2537/1/2537 2539/1/2539 
f 2541/1/2541 2998/1/2998 2997/1/2997 2539/1/2539 
f 3000/1/3000 3001/1/3001 3002/1/3002 3003/1/3003 
f 3004/1/3004 3002/1/3002 3001/1/3001 3005/1/3005 
f 3006/1/3006 3007/1/3007 3002/1/3002 3004/1/3004 
f 3003/1/3003 3002/1/3002 3007/1/3007 2529/1/2529 
f 3005/1/3005 3001/1/3001 3008/1/3008 3009/1/3009 
f 3010/1/3010 3008/1/3008 3001/1/3001 3000/1/3000 
f 1636/1/1636 1646/1/1646 3008/1/3008 3010/1/3010 
f 3009/1/3009 3008/1/3008 1646/1/1646 1645/1/1645 
f 1668/1/1668 1667/1/1667 3011/1/3011 2963/1/2963 
f 3012/1/3012 3011/1/3011 1667/1/1667 1660/1/1660 
f 3006/1/3006 3013/1/3013 3011/1/3011 3012/1/3012 
f 3013/1/3013 2960/1/2960 2963/1/2963 
f 2960/1/2960 3013/1/3013 3014/1/3014 2969/1/2969 
f 3004/1/3004 3014/1/3014 3013/1/3013 3006/1/3006 
f 3005/1/3005 3015/1/3015 3014/1/3014 3004/1/3004 
f 2969/1/2969 3014/1/3014 3015/1/3015 2966/1/2966 
f 3007/1/3007 3006/1/3006 3012/1/3012 3016/1/3016 
f 1659/1/1659 3016/1/3016 3012/1/3012 1660/1/1660 
f 1656/1/1656 2525/1/2525 3016/1/3016 1659/1/1659 
f 2529/1/2529 3007/1/3007 3016/1/3016 2525/1/2525 
f 3017/1/3017 3018/1/3018 3019/1/3019 3020/1/3020 
f 3021/1/3021 3022/1/3022 3018/1/3018 3017/1/3017 
f 2983/1/2983 2998/1/2998 3018/1/3018 3022/1/3022 
f 3019/1/3019 3018/1/3018 2998/1/2998 2541/1/2541 
f 2966/1/2966 3015/1/3015 3023/1/3023 2982/1/2982 
f 3009/1/3009 3023/1/3023 3015/1/3015 3005/1/3005 
f 1645/1/1645 1641/1/1641 3023/1/3023 3009/1/3009 
f 2982/1/2982 3023/1/3023 1641/1/1641 1640/1/1640 
f 3022/1/3022 3024/1/3024 2984/1/2984 2983/1/2983 
f 3025/1/3025 3024/1/3024 3022/1/3022 3021/1/3021 
f 2556/1/2556 2989/1/2989 3024/1/3024 3025/1/3025 
f 2974/1/2974 2984/1/2984 3024/1/3024 2989/1/2989 
f 2921/1/2921 3026/1/3026 3027/1/3027 2939/1/2939 
f 3028/1/3028 3027/1/3027 3026/1/3026 3020/1/3020 
f 2315/1/2315 2312/1/2312 3027/1/3027 3028/1/3028 
f 2939/1/2939 3027/1/3027 2312/1/2312 2305/1/2305 
f 2929/1/2929 3029/1/3029 3030/1/3030 2924/1/2924 
f 3017/1/3017 3030/1/3030 3029/1/3029 3021/1/3021 
f 3020/1/3020 3026/1/3026 3030/1/3030 3017/1/3017 
f 2924/1/2924 3030/1/3030 3026/1/3026 2921/1/2921 
f 2311/1/2311 2320/1/2320 3031/1/3031 2540/1/2540 
f 3028/1/3028 3031/1/3031 2320/1/2320 2315/1/2315 
f 3020/1/3020 3019/1/3019 3031/1/3031 3028/1/3028 
f 3031/1/3031 3019/1/3019 2541/1/2541 2540/1/2540 
f 2404/1/2404 3032/1/3032 3033/1/3033 2981/1/2981 
f 3034/1/3034 3033/1/3033 3032/1/3032 3035/1/3035 
f 3036/1/3036 3037/1/3037 3033/1/3033 3034/1/3034 
f 2981/1/2981 3033/1/3033 3037/1/3037 2971/1/2971 
f 3021/1/3021 3029/1/3029 3038/1/3038 3025/1/3025 
f 2933/1/2933 3038/1/3038 3029/1/3029 2929/1/2929 
f 2561/1/2561 2557/1/2557 3038/1/3038 2933/1/2933 
f 3025/1/3025 3038/1/3038 2557/1/2557 2556/1/2556 
f 2971/1/2971 3037/1/3037 3039/1/3039 2970/1/2970 
f 3040/1/3040 3039/1/3039 3037/1/3037 3036/1/3036 
f 2398/1/2398 2972/1/2972 3039/1/3039 3040/1/3040 
f 2970/1/2970 3039/1/3039 2972/1/2972 2965/1/2965 
f 2956/1/2956 3041/1/3041 3042/1/3042 2954/1/2954 
f 3043/1/3043 3042/1/3042 3041/1/3041 3035/1/3035 
f 2412/1/2412 2411/1/2411 3042/1/3042 3043/1/3043 
f 2954/1/2954 3042/1/3042 2411/1/2411 2410/1/2410 
f 2944/1/2944 3044/1/3044 3045/1/3045 2958/1/2958 
f 3034/1/3034 3045/1/3045 3044/1/3044 3036/1/3036 
f 3035/1/3035 3041/1/3041 3045/1/3045 3034/1/3034 
f 2958/1/2958 3045/1/3045 3041/1/3041 2956/1/2956 
f 2412/1/2412 3043/1/3043 3046/1/3046 2408/1/2408 
f 3035/1/3035 3032/1/3032 3046/1/3046 3043/1/3043 
f 2403/1/2403 3046/1/3046 3032/1/3032 2404/1/2404 
f 2408/1/2408 3046/1/3046 2403/1/2403 2402/1/2402 
f 3036/1/3036 3044/1/3044 3047/1/3047 3040/1/3040 
f 2947/1/2947 3047/1/3047 3044/1/3044 2944/1/2944 
f 2390/1/2390 2399/1/2399 3047/1/3047 2947/1/2947 
f 3040/1/3040 3047/1/3047 2399/1/2399 2398/1/2398 
f 3048/1/3048 3049/1/3049 3050/1/3050 3051/1/3051 
f 3052/1/3052 3050/1/3050 3049/1/3049 3053/1/3053 
f 168/1/168 167/1/167 3050/1/3050 3052/1/3052 
f 3051/1/3051 3050/1/3050 167/1/167 162/1/162 
f 3053/1/3053 3049/1/3049 3054/1/3054 3055/1/3055 
f 3056/1/3056 3054/1/3054 3049/1/3049 3048/1/3048 
f 2699/1/2699 3054/1/3054 3056/1/3056 2700/1/2700 
f 2699/1/2699 2518/1/2518 3055/1/3055 3054/1/3054 
f 2625/1/2625 3057/1/3057 3058/1/3058 2626/1/2626 
f 3051/1/3051 3058/1/3058 3057/1/3057 3048/1/3048 
f 162/1/162 161/1/161 3058/1/3058 3051/1/3051 
f 2626/1/2626 3058/1/3058 161/1/161 160/1/160 
f 2711/1/2711 2700/1/2700 3056/1/3056 3059/1/3059 
f 3048/1/3048 3057/1/3057 3059/1/3059 3056/1/3056 
f 3057/1/3057 2625/1/2625 2632/1/2632 
f 2494/1/2494 2711/1/2711 3059/1/3059 2632/1/2632 
f 2518/1/2518 2516/1/2516 3060/1/3060 3055/1/3055 
f 2516/1/2516 2517/1/2517 3061/1/3061 
f 3062/1/3062 3063/1/3063 3060/1/3060 3061/1/3061 
f 3055/1/3055 3060/1/3060 3063/1/3063 3053/1/3053 
f 3064/1/3064 3065/1/3065 3066/1/3066 3067/1/3067 
f 2744/1/2744 3066/1/3066 3065/1/3065 2742/1/2742 
f 2676/1/2676 2679/1/2679 3066/1/3066 2744/1/2744 
f 3067/1/3067 3066/1/3066 2679/1/2679 2678/1/2678 
f 3068/1/3068 3069/1/3069 316/1/316 170/1/170 
f 3070/1/3070 3069/1/3069 3068/1/3068 3062/1/3062 
f 3064/1/3064 3071/1/3071 3069/1/3069 3070/1/3070 
f 319/1/319 316/1/316 3069/1/3069 3071/1/3071 
f 3053/1/3053 3063/1/3063 3072/1/3072 3052/1/3052 
f 3068/1/3068 3072/1/3072 3063/1/3063 3062/1/3062 
f 170/1/170 169/1/169 3072/1/3072 3068/1/3068 
f 3052/1/3052 3072/1/3072 169/1/169 168/1/168 
f 2742/1/2742 3065/1/3065 3073/1/3073 2743/1/2743 
f 3070/1/3070 3073/1/3073 3065/1/3065 3064/1/3064 
f 3073/1/3073 3070/1/3070 3062/1/3062 
f 2743/1/2743 3073/1/3073 3061/1/3061 2517/1/2517 
f 3071/1/3071 3074/1/3074 324/1/324 319/1/319 
f 3067/1/3067 3074/1/3074 3071/1/3071 3064/1/3064 
f 2678/1/2678 2686/1/2686 3074/1/3074 3067/1/3067 
f 2686/1/2686 224/1/224 324/1/324 3074/1/3074 
f 2926/1/2926 2935/1/2935 3075/1/3075 2925/1/2925 
f 2773/1/2773 3076/1/3076 3075/1/3075 2935/1/2935 
f 3077/1/3077 3075/1/3075 3076/1/3076 3078/1/3078 
f 2925/1/2925 3075/1/3075 3077/1/3077 2927/1/2927 
f 2919/1/2919 3079/1/3079 3080/1/3080 2931/1/2931 
f 3081/1/3081 3082/1/3082 3080/1/3080 3079/1/3079 
f 2776/1/2776 3080/1/3080 3082/1/3082 2772/1/2772 
f 2542/1/2542 2931/1/2931 3080/1/3080 2776/1/2776 
f 3083/1/3083 3084/1/3084 1432/1/1432 1431/1/1431 
f 3085/1/3085 3084/1/3084 3083/1/3083 3078/1/3078 
f 3081/1/3081 3086/1/3086 3084/1/3084 3085/1/3085 
f 1432/1/1432 3084/1/3084 3086/1/3086 1357/1/1357 
f 2927/1/2927 3077/1/3077 3087/1/3087 2934/1/2934 
f 3078/1/3078 3083/1/3083 3087/1/3087 3077/1/3077 
f 3087/1/3087 3083/1/3083 1431/1/1431 
f 1436/1/1436 1435/1/1435 2934/1/2934 
f 2772/1/2772 3082/1/3082 3088/1/3088 2770/1/2770 
f 3085/1/3085 3088/1/3088 3082/1/3082 3081/1/3081 
f 3078/1/3078 3076/1/3076 3088/1/3088 3085/1/3085 
f 2770/1/2770 3088/1/3088 3076/1/3076 2773/1/2773 
f 3081/1/3081 3079/1/3079 3089/1/3089 3086/1/3086 
f 2918/1/2918 3089/1/3089 3079/1/3079 2919/1/2919 
f 3089/1/3089 2918/1/2918 1350/1/1350 
f 1349/1/1349 1357/1/1357 3086/1/3086 3089/1/3089 
f 2529/1/2529 2528/1/2528 3090/1/3090 3003/1/3003 
f 3091/1/3091 3090/1/3090 2528/1/2528 2527/1/2527 
f 3092/1/3092 3093/1/3093 3090/1/3090 3091/1/3091 
f 3003/1/3003 3090/1/3090 3093/1/3093 3000/1/3000 
f 3000/1/3000 3093/1/3093 3094/1/3094 3010/1/3010 
f 3095/1/3095 3094/1/3094 3093/1/3093 3092/1/3092 
f 1637/1/1637 3094/1/3094 3095/1/3095 1638/1/1638 
f 3010/1/3010 3094/1/3094 1637/1/1637 1636/1/1636 
f 1638/1/1638 3095/1/3095 3096/1/3096 2994/1/2994 
f 3097/1/3097 3096/1/3096 3095/1/3095 3092/1/3092 
f 3098/1/3098 3099/1/3099 3096/1/3096 3097/1/3097 
f 2994/1/2994 3096/1/3096 3099/1/3099 2991/1/2991 
f 2533/1/2533 3100/1/3100 3101/1/3101 2531/1/2531 
f 3097/1/3097 3101/1/3101 3100/1/3100 3098/1/3098 
f 3092/1/3092 3091/1/3091 3101/1/3101 3097/1/3097 
f 2531/1/2531 3101/1/3101 3091/1/3091 2527/1/2527 
f 2537/1/2537 2999/1/2999 3102/1/3102 2536/1/2536 
f 3103/1/3103 3102/1/3102 2999/1/2999 2988/1/2988 
f 3098/1/3098 3100/1/3100 3102/1/3102 3103/1/3103 
f 2536/1/2536 3102/1/3102 3100/1/3100 2533/1/2533 
f 2991/1/2991 3099/1/3099 3104/1/3104 2996/1/2996 
f 3103/1/3103 3104/1/3104 3099/1/3099 3098/1/3098 
f 2988/1/2988 2987/1/2987 3104/1/3104 3103/1/3103 
f 2996/1/2996 3104/1/3104 2987/1/2987 2979/1/2979 
f 3105/1/3105 2358/1/2358 2350/1/2350 
f 3106/1/3106 3107/1/3107 3108/1/3108 
f 2363/1/2363 2375/1/2375 3105/1/3105 3108/1/3108 
f 2358/1/2358 3105/1/3105 2375/1/2375 2355/1/2355 
f 3109/1/3109 3110/1/3110 3111/1/3111 3112/1/3112 
f 2364/1/2364 3111/1/3111 3110/1/3110 2166/1/2166 
f 3108/1/3108 3111/1/3111 2364/1/2364 2363/1/2363 
f 3107/1/3107 3112/1/3112 3111/1/3111 3108/1/3108 
f 3113/1/3113 3114/1/3114 3115/1/3115 3116/1/3116 
f 2165/1/2165 3115/1/3115 3114/1/3114 2167/1/2167 
f 2166/1/2166 3110/1/3110 3115/1/3115 2165/1/2165 
f 3116/1/3116 3115/1/3115 3110/1/3110 3109/1/3109 
f 3114/1/3114 3113/1/3113 3117/1/3117 3118/1/3118 
f 3119/1/3119 3118/1/3118 3117/1/3117 3120/1/3120 
f 2172/1/2172 2169/1/2169 3118/1/3118 3119/1/3119 
f 2169/1/2169 2167/1/2167 3114/1/3114 3118/1/3118 
f 3120/1/3120 3121/1/3121 3122/1/3122 3119/1/3119 
f 3123/1/3123 3122/1/3122 3121/1/3121 3124/1/3124 
f 2176/1/2176 2173/1/2173 3122/1/3122 3123/1/3123 
f 3119/1/3119 3122/1/3122 2173/1/2173 2172/1/2172 
f 3125/1/3125 3126/1/3126 3127/1/3127 3128/1/3128 
f 2178/1/2178 3127/1/3127 3126/1/3126 2179/1/2179 
f 2176/1/2176 3123/1/3123 3127/1/3127 2178/1/2178 
f 3128/1/3128 3127/1/3127 3123/1/3123 3124/1/3124 
f 3129/1/3129 3130/1/3130 3126/1/3126 3125/1/3125 
f 3131/1/3131 3130/1/3130 3129/1/3129 3132/1/3132 
f 3131/1/3131 2183/1/2183 2182/1/2182 3130/1/3130 
f 2179/1/2179 3126/1/3126 3130/1/3130 2182/1/2182 
f 2325/1/2325 3133/1/3133 3134/1/3134 2332/1/2332 
f 3135/1/3135 3134/1/3134 3133/1/3133 3136/1/3136 
f 2342/1/2342 2339/1/2339 3134/1/3134 3135/1/3135 
f 2332/1/2332 3134/1/3134 2339/1/2339 2329/1/2329 
f 3132/1/3132 3137/1/3137 3138/1/3138 3131/1/3131 
f 3137/1/3137 3136/1/3136 3133/1/3133 3138/1/3138 
f 2328/1/2328 3138/1/3138 3133/1/3133 2325/1/2325 
f 3131/1/3131 3138/1/3138 2328/1/2328 2183/1/2183 
f 2350/1/2350 2347/1/2347 3139/1/3139 3106/1/3106 
f 2347/1/2347 2342/1/2342 3135/1/3135 
f 3139/1/3139 3135/1/3135 3136/1/3136 
f 3140/1/3140 3107/1/3107 3106/1/3106 
f 3141/1/3141 3142/1/3142 3143/1/3143 3144/1/3144 
f 3112/1/3112 3143/1/3143 3142/1/3142 3109/1/3109 
f 3112/1/3112 3107/1/3107 3145/1/3145 
f 3146/1/3146 3144/1/3144 3143/1/3143 3145/1/3145 
f 3141/1/3141 3147/1/3147 3148/1/3148 3142/1/3142 
f 3149/1/3149 3148/1/3148 3147/1/3147 3150/1/3150 
f 3113/1/3113 3116/1/3116 3148/1/3148 3149/1/3149 
f 3109/1/3109 3142/1/3142 3148/1/3148 3116/1/3116 
f 3150/1/3150 3151/1/3151 3152/1/3152 3149/1/3149 
f 3153/1/3153 3152/1/3152 3151/1/3151 3154/1/3154 
f 3120/1/3120 3117/1/3117 3152/1/3152 3153/1/3153 
f 3149/1/3149 3152/1/3152 3117/1/3117 3113/1/3113 
f 3154/1/3154 3155/1/3155 3156/1/3156 3153/1/3153 
f 3155/1/3155 3157/1/3157 3158/1/3158 3156/1/3156 
f 3121/1/3121 3156/1/3156 3158/1/3158 3124/1/3124 
f 3153/1/3153 3156/1/3156 3121/1/3121 3120/1/3120 
f 3159/1/3159 3160/1/3160 3161/1/3161 3162/1/3162 
f 3128/1/3128 3161/1/3161 3160/1/3160 3125/1/3125 
f 3124/1/3124 3158/1/3158 3161/1/3161 3128/1/3128 
f 3162/1/3162 3161/1/3161 3158/1/3158 3157/1/3157 
f 3141/1/3141 3163/1/3163 3164/1/3164 3147/1/3147 
f 3165/1/3165 3164/1/3164 3163/1/3163 3166/1/3166 
f 3167/1/3167 3168/1/3168 3164/1/3164 3165/1/3165 
f 3168/1/3168 3150/1/3150 3147/1/3147 3164/1/3164 
f 3167/1/3167 3169/1/3169 3170/1/3170 3168/1/3168 
f 3171/1/3171 3172/1/3172 3170/1/3170 3169/1/3169 
f 3154/1/3154 3151/1/3151 3170/1/3170 3172/1/3172 
f 3168/1/3168 3170/1/3170 3151/1/3151 3150/1/3150 
f 3173/1/3173 3174/1/3174 3175/1/3175 3176/1/3176 
f 3129/1/3129 3175/1/3175 3174/1/3174 3132/1/3132 
f 3125/1/3125 3160/1/3160 3175/1/3175 3129/1/3129 
f 3176/1/3176 3175/1/3175 3160/1/3160 3159/1/3159 
f 3171/1/3171 3177/1/3177 3178/1/3178 3172/1/3172 
f 3179/1/3179 3180/1/3180 3178/1/3178 3177/1/3177 
f 3157/1/3157 3155/1/3155 3178/1/3178 3180/1/3180 
f 3172/1/3172 3178/1/3178 3155/1/3155 3154/1/3154 
f 3166/1/3166 3181/1/3181 3182/1/3182 3165/1/3165 
f 3177/1/3177 3182/1/3182 3181/1/3181 3179/1/3179 
f 3171/1/3171 3169/1/3169 3182/1/3182 3177/1/3177 
f 3165/1/3165 3182/1/3182 3169/1/3169 3167/1/3167 
f 3183/1/3183 3184/1/3184 3185/1/3185 3186/1/3186 
f 3187/1/3187 3185/1/3185 3184/1/3184 3188/1/3188 
f 3179/1/3179 3181/1/3181 3185/1/3185 3187/1/3187 
f 3186/1/3186 3185/1/3185 3181/1/3181 3166/1/3166 
f 3157/1/3157 3180/1/3180 3189/1/3189 3162/1/3162 
f 3187/1/3187 3189/1/3189 3180/1/3180 3179/1/3179 
f 3188/1/3188 3190/1/3190 3189/1/3189 3187/1/3187 
f 3162/1/3162 3189/1/3189 3190/1/3190 3159/1/3159 
f 3191/1/3191 3192/1/3192 3193/1/3193 3194/1/3194 
f 3192/1/3192 3146/1/3146 3145/1/3145 
f 3193/1/3193 3145/1/3145 3107/1/3107 
f 3194/1/3194 3193/1/3193 3140/1/3140 3136/1/3136 
f 3186/1/3186 3195/1/3195 3196/1/3196 3183/1/3183 
f 3166/1/3166 3163/1/3163 3195/1/3195 3186/1/3186 
f 3144/1/3144 3195/1/3195 3163/1/3163 3141/1/3141 
f 3197/1/3197 3191/1/3191 3194/1/3194 
f 3194/1/3194 3136/1/3136 3137/1/3137 
f 3137/1/3137 3132/1/3132 3174/1/3174 
f 3174/1/3174 3173/1/3173 3197/1/3197 
f 3198/1/3198 3199/1/3199 3200/1/3200 3201/1/3201 
f 3202/1/3202 3200/1/3200 3199/1/3199 3183/1/3183 
f 3191/1/3191 3197/1/3197 3200/1/3200 3202/1/3202 
f 3201/1/3201 3200/1/3200 3197/1/3197 3173/1/3173 
f 3202/1/3202 3183/1/3183 3196/1/3196 
f 3146/1/3146 3192/1/3192 3203/1/3203 3196/1/3196 
f 3202/1/3202 3203/1/3203 3192/1/3192 3191/1/3191 
f 3188/1/3188 3184/1/3184 3204/1/3204 3205/1/3205 
f 3199/1/3199 3204/1/3204 3184/1/3184 3183/1/3183 
f 3205/1/3205 3204/1/3204 3199/1/3199 3198/1/3198 
f 3159/1/3159 3190/1/3190 3206/1/3206 3176/1/3176 
f 3205/1/3205 3206/1/3206 3190/1/3190 3188/1/3188 
f 3198/1/3198 3201/1/3201 3206/1/3206 3205/1/3205 
f 3176/1/3176 3206/1/3206 3201/1/3201 3173/1/3173 
f 3207/1/3207 3208/1/3208 3209/1/3209 3210/1/3210 
f 2483/1/2483 3208/1/3208 3207/1/3207 9/1/9 
f 3208/1/3208 2483/1/2483 2480/1/2480 
f 3211/1/3211 3209/1/3209 3208/1/3208 3212/1/3212 
f 3213/1/3213 3214/1/3214 3215/1/3215 
f 3216/1/3216 1/1/1 4/1/4 
f 9/1/9 3207/1/3207 3213/1/3213 4/1/4 
f 3210/1/3210 3214/1/3214 3213/1/3213 3207/1/3207 
f 3217/1/3217 3218/1/3218 3219/1/3219 3220/1/3220 
f 3221/1/3221 3219/1/3219 3218/1/3218 3222/1/3222 
f 3215/1/3215 3214/1/3214 3219/1/3219 3221/1/3221 
f 3220/1/3220 3219/1/3219 3214/1/3214 3210/1/3210 
f 3223/1/3223 3224/1/3224 3218/1/3218 3217/1/3217 
f 3225/1/3225 3226/1/3226 3224/1/3224 3223/1/3223 
f 3226/1/3226 3227/1/3227 3228/1/3228 
f 3222/1/3222 3218/1/3218 3224/1/3224 3228/1/3228 
f 3229/1/3229 3230/1/3230 3231/1/3231 3232/1/3232 
f 3230/1/3230 3229/1/3229 25/1/25 
f 1/1/1 3216/1/3216 3230/1/3230 24/1/24 
f 3231/1/3231 3230/1/3230 3216/1/3216 3215/1/3215 
f 3232/1/3232 3231/1/3231 3233/1/3233 3234/1/3234 
f 3233/1/3233 3231/1/3231 3215/1/3215 
f 3221/1/3221 3222/1/3222 3235/1/3235 
f 3234/1/3234 3233/1/3233 3235/1/3235 3236/1/3236 
f 3237/1/3237 3235/1/3235 3222/1/3222 
f 3228/1/3228 3227/1/3227 3238/1/3238 
f 3239/1/3239 3237/1/3237 3238/1/3238 3240/1/3240 
f 3236/1/3236 3235/1/3235 3237/1/3237 3239/1/3239 
f 32/1/32 35/1/35 3241/1/3241 3242/1/3242 
f 3229/1/3229 3241/1/3241 35/1/35 25/1/25 
f 3232/1/3232 3243/1/3243 3241/1/3241 3229/1/3229 
f 3242/1/3242 3241/1/3241 3243/1/3243 3244/1/3244 
f 3244/1/3244 3243/1/3243 3245/1/3245 3246/1/3246 
f 3234/1/3234 3245/1/3245 3243/1/3243 3232/1/3232 
f 3236/1/3236 3247/1/3247 3245/1/3245 3234/1/3234 
f 3246/1/3246 3245/1/3245 3247/1/3247 3248/1/3248 
f 3239/1/3239 3249/1/3249 3247/1/3247 3236/1/3236 
f 3240/1/3240 3250/1/3250 3249/1/3249 3239/1/3239 
f 3251/1/3251 3249/1/3249 3250/1/3250 3252/1/3252 
f 3248/1/3248 3247/1/3247 3249/1/3249 3251/1/3251 
f 34/1/34 33/1/33 3253/1/3253 3254/1/3254 
f 3242/1/3242 3253/1/3253 33/1/33 32/1/32 
f 3244/1/3244 3255/1/3255 3253/1/3253 3242/1/3242 
f 3254/1/3254 3253/1/3253 3255/1/3255 3256/1/3256 
f 3256/1/3256 3255/1/3255 3257/1/3257 3258/1/3258 
f 3246/1/3246 3257/1/3257 3255/1/3255 3244/1/3244 
f 3248/1/3248 3259/1/3259 3257/1/3257 3246/1/3246 
f 3258/1/3258 3257/1/3257 3259/1/3259 3260/1/3260 
f 3251/1/3251 3261/1/3261 3259/1/3259 3248/1/3248 
f 3252/1/3252 3262/1/3262 3261/1/3261 3251/1/3251 
f 3263/1/3263 3261/1/3261 3262/1/3262 3264/1/3264 
f 3260/1/3260 3259/1/3259 3261/1/3261 3263/1/3263 
f 3265/1/3265 3266/1/3266 3267/1/3267 3268/1/3268 
f 3269/1/3269 3270/1/3270 3266/1/3266 3265/1/3265 
f 3271/1/3271 3266/1/3266 3270/1/3270 3272/1/3272 
f 3273/1/3273 3267/1/3267 3266/1/3266 3271/1/3271 
f 3274/1/3274 3275/1/3275 3276/1/3276 3277/1/3277 
f 3278/1/3278 3279/1/3279 3276/1/3276 3275/1/3275 
f 1763/1/1763 3276/1/3276 3279/1/3279 1766/1/1766 
f 1762/1/1762 3277/1/3277 3276/1/3276 1763/1/1763 
f 3268/1/3268 3267/1/3267 3280/1/3280 3281/1/3281 
f 3282/1/3282 3280/1/3280 3267/1/3267 3273/1/3273 
f 3278/1/3278 3275/1/3275 3280/1/3280 3282/1/3282 
f 3281/1/3281 3280/1/3280 3275/1/3275 3274/1/3274 
f 3277/1/3277 3283/1/3283 3284/1/3284 3274/1/3274 
f 2593/1/2593 3283/1/3283 3277/1/3277 1762/1/1762 
f 2593/1/2593 2582/1/2582 3285/1/3285 3283/1/3283 
f 3286/1/3286 3284/1/3284 3283/1/3283 3285/1/3285 
f 3287/1/3287 3288/1/3288 3289/1/3289 3290/1/3290 
f 2233/1/2233 3289/1/3289 3288/1/3288 2232/1/2232 
f 1766/1/1766 3279/1/3279 3289/1/3289 2233/1/2233 
f 3290/1/3290 3289/1/3289 3279/1/3279 3278/1/3278 
f 3291/1/3291 3292/1/3292 3293/1/3293 3294/1/3294 
f 1775/1/1775 2231/1/2231 3293/1/3293 3292/1/3292 
f 2232/1/2232 3288/1/3288 3293/1/3293 2231/1/2231 
f 3294/1/3294 3293/1/3293 3288/1/3288 3287/1/3287 
f 3290/1/3290 3295/1/3295 3296/1/3296 3287/1/3287 
f 3278/1/3278 3282/1/3282 3295/1/3295 3290/1/3290 
f 3273/1/3273 3297/1/3297 3295/1/3295 3282/1/3282 
f 3298/1/3298 3296/1/3296 3295/1/3295 3297/1/3297 
f 3271/1/3271 3299/1/3299 3297/1/3297 3273/1/3273 
f 3272/1/3272 3300/1/3300 3299/1/3299 3271/1/3271 
f 3301/1/3301 3302/1/3302 3299/1/3299 3300/1/3300 
f 3297/1/3297 3299/1/3299 3302/1/3302 3298/1/3298 
f 3303/1/3303 3304/1/3304 3305/1/3305 3306/1/3306 
f 1770/1/1770 1769/1/1769 3304/1/3304 3303/1/3303 
f 3292/1/3292 3304/1/3304 1769/1/1769 1775/1/1775 
f 3291/1/3291 3305/1/3305 3304/1/3304 3292/1/3292 
f 3294/1/3294 3307/1/3307 3308/1/3308 3291/1/3291 
f 3287/1/3287 3296/1/3296 3307/1/3307 3294/1/3294 
f 3309/1/3309 3307/1/3307 3296/1/3296 3298/1/3298 
f 3310/1/3310 3308/1/3308 3307/1/3307 3309/1/3309 
f 3298/1/3298 3302/1/3302 3311/1/3311 3309/1/3309 
f 3312/1/3312 3311/1/3311 3302/1/3302 3301/1/3301 
f 2443/1/2443 3313/1/3313 3311/1/3311 3312/1/3312 
f 3309/1/3309 3311/1/3311 3313/1/3313 3310/1/3310 
f 3306/1/3306 3305/1/3305 3314/1/3314 3315/1/3315 
f 3308/1/3308 3314/1/3314 3305/1/3305 3291/1/3291 
f 3316/1/3316 3314/1/3314 3308/1/3308 3310/1/3310 
f 3315/1/3315 3314/1/3314 3316/1/3316 3317/1/3317 
f 3310/1/3310 3313/1/3313 3318/1/3318 3316/1/3316 
f 2440/1/2440 3318/1/3318 3313/1/3313 2443/1/2443 
f 3319/1/3319 3318/1/3318 2440/1/2440 2442/1/2442 
f 3317/1/3317 3316/1/3316 3318/1/3318 3319/1/3319 
f 3320/1/3320 3321/1/3321 1785/1/1785 
f 3303/1/3303 3320/1/3320 1784/1/1784 1770/1/1770 
f 3306/1/3306 3322/1/3322 3320/1/3320 3303/1/3303 
f 3321/1/3321 3320/1/3320 3322/1/3322 3323/1/3323 
f 3323/1/3323 3322/1/3322 3324/1/3324 3325/1/3325 
f 3315/1/3315 3324/1/3324 3322/1/3322 3306/1/3306 
f 3317/1/3317 3326/1/3326 3324/1/3324 3315/1/3315 
f 3326/1/3326 3327/1/3327 3325/1/3325 
f 3319/1/3319 3328/1/3328 3326/1/3326 3317/1/3317 
f 2442/1/2442 2451/1/2451 3328/1/3328 3319/1/3319 
f 3329/1/3329 3328/1/3328 2451/1/2451 2450/1/2450 
f 3328/1/3328 3329/1/3329 3327/1/3327 
f 3330/1/3330 3331/1/3331 3332/1/3332 3333/1/3333 
f 1758/1/1758 2039/1/2039 3331/1/3331 3330/1/3330 
f 3334/1/3334 3331/1/3331 2039/1/2039 2038/1/2038 
f 3335/1/3335 3332/1/3332 3331/1/3331 3334/1/3334 
f 2038/1/2038 2227/1/2227 3336/1/3336 3334/1/3334 
f 3321/1/3321 3336/1/3336 2227/1/2227 1785/1/1785 
f 3323/1/3323 3337/1/3337 3336/1/3336 3321/1/3321 
f 3334/1/3334 3336/1/3336 3337/1/3337 3335/1/3335 
f 3335/1/3335 3337/1/3337 3338/1/3338 3339/1/3339 
f 3325/1/3325 3338/1/3338 3337/1/3337 3323/1/3323 
f 3327/1/3327 3340/1/3340 3338/1/3338 3325/1/3325 
f 3339/1/3339 3338/1/3338 3340/1/3340 3341/1/3341 
f 3329/1/3329 3342/1/3342 3340/1/3340 3327/1/3327 
f 2450/1/2450 2454/1/2454 3342/1/3342 3329/1/3329 
f 3343/1/3343 3342/1/3342 2454/1/2454 2424/1/2424 
f 3341/1/3341 3340/1/3340 3342/1/3342 3343/1/3343 
f 3344/1/3344 3345/1/3345 3346/1/3346 3347/1/3347 
f 3345/1/3345 1760/1/1760 1759/1/1759 3346/1/3346 
f 3330/1/3330 3346/1/3346 1759/1/1759 1758/1/1758 
f 3333/1/3333 3347/1/3347 3346/1/3346 3330/1/3330 
f 3333/1/3333 3332/1/3332 3348/1/3348 3349/1/3349 
f 3339/1/3339 3348/1/3348 3332/1/3332 3335/1/3335 
f 3341/1/3341 3350/1/3350 3348/1/3348 3339/1/3339 
f 3349/1/3349 3348/1/3348 3350/1/3350 3351/1/3351 
f 3343/1/3343 3352/1/3352 3350/1/3350 3341/1/3341 
f 2424/1/2424 2423/1/2423 3352/1/3352 3343/1/3343 
f 3353/1/3353 3352/1/3352 2423/1/2423 2422/1/2422 
f 3351/1/3351 3350/1/3350 3352/1/3352 3353/1/3353 
f 3347/1/3347 3354/1/3354 3355/1/3355 3344/1/3344 
f 3349/1/3349 3354/1/3354 3347/1/3347 3333/1/3333 
f 3351/1/3351 3356/1/3356 3354/1/3354 3349/1/3349 
f 3357/1/3357 3355/1/3355 3354/1/3354 3356/1/3356 
f 3353/1/3353 3358/1/3358 3356/1/3356 3351/1/3351 
f 2422/1/2422 2428/1/2428 3358/1/3358 3353/1/3353 
f 2430/1/2430 3359/1/3359 3358/1/3358 2428/1/2428 
f 3356/1/3356 3358/1/3358 3359/1/3359 3357/1/3357 
f 2600/1/2600 3360/1/3360 3361/1/3361 2597/1/2597 
f 1760/1/1760 3345/1/3345 3360/1/3360 2600/1/2600 
f 3362/1/3362 3360/1/3360 3345/1/3345 3344/1/3344 
f 3363/1/3363 3361/1/3361 3360/1/3360 3362/1/3362 
f 3362/1/3362 3364/1/3364 3365/1/3365 3363/1/3363 
f 3344/1/3344 3355/1/3355 3364/1/3364 3362/1/3362 
f 3366/1/3366 3364/1/3364 3355/1/3355 3357/1/3357 
f 3367/1/3367 3365/1/3365 3364/1/3364 3366/1/3366 
f 3368/1/3368 3369/1/3369 3370/1/3370 3371/1/3371 
f 2606/1/2606 3370/1/3370 3369/1/3369 2603/1/2603 
f 2597/1/2597 3361/1/3361 3370/1/3370 2606/1/2606 
f 3371/1/3371 3370/1/3370 3361/1/3361 3363/1/3363 
f 3357/1/3357 3359/1/3359 3372/1/3372 3366/1/3366 
f 2435/1/2435 3372/1/3372 3359/1/3359 2430/1/2430 
f 2436/1/2436 3373/1/3373 3372/1/3372 2435/1/2435 
f 3366/1/3366 3372/1/3372 3373/1/3373 3367/1/3367 
f 43/1/43 39/1/39 3374/1/3374 3375/1/3375 
f 3376/1/3376 3374/1/3374 39/1/39 38/1/38 
f 3376/1/3376 3377/1/3377 3378/1/3378 3374/1/3374 
f 3375/1/3375 3374/1/3374 3378/1/3378 3379/1/3379 
f 3380/1/3380 2461/1/2461 2460/1/2460 
f 3381/1/3381 3382/1/3382 2460/1/2460 2459/1/2459 
f 3383/1/3383 3384/1/3384 3382/1/3382 3381/1/3381 
f 3381/1/3381 3385/1/3385 3386/1/3386 3383/1/3383 
f 2459/1/2459 3387/1/3387 3385/1/3385 3381/1/3381 
f 3388/1/3388 3385/1/3385 3387/1/3387 3389/1/3389 
f 3390/1/3390 3386/1/3386 3385/1/3385 3388/1/3388 
f 3391/1/3391 3392/1/3392 3393/1/3393 
f 3384/1/3384 3383/1/3383 3392/1/3392 
f 3389/1/3389 3394/1/3394 3395/1/3395 3388/1/3388 
f 3378/1/3378 3395/1/3395 3394/1/3394 3379/1/3379 
f 3377/1/3377 3396/1/3396 3395/1/3395 3378/1/3378 
f 3388/1/3388 3395/1/3395 3396/1/3396 3390/1/3390 
f 64/1/64 63/1/63 3397/1/3397 3398/1/3398 
f 3375/1/3375 3397/1/3397 63/1/63 43/1/43 
f 3379/1/3379 3399/1/3399 3397/1/3397 3375/1/3375 
f 3398/1/3398 3397/1/3397 3399/1/3399 3400/1/3400 
f 3401/1/3401 3400/1/3400 3399/1/3399 
f 3379/1/3379 3394/1/3394 3402/1/3402 3399/1/3399 
f 3403/1/3403 3402/1/3402 3394/1/3394 3389/1/3389 
f 3404/1/3404 3401/1/3401 3402/1/3402 3403/1/3403 
f 3389/1/3389 3387/1/3387 3405/1/3405 3403/1/3403 
f 2466/1/2466 3405/1/3405 3387/1/3387 2459/1/2459 
f 2465/1/2465 3406/1/3406 3405/1/3405 2466/1/2466 
f 3403/1/3403 3405/1/3405 3406/1/3406 3404/1/3404 
f 678/1/678 677/1/677 3407/1/3407 3408/1/3408 
f 3398/1/3398 3407/1/3407 677/1/677 64/1/64 
f 3400/1/3400 3409/1/3409 3407/1/3407 3398/1/3398 
f 3410/1/3410 3408/1/3408 3407/1/3407 3409/1/3409 
f 3409/1/3409 3411/1/3411 3412/1/3412 3410/1/3410 
f 3411/1/3411 3409/1/3409 3400/1/3400 
f 3413/1/3413 3411/1/3411 3401/1/3401 3404/1/3404 
f 3414/1/3414 3412/1/3412 3411/1/3411 3413/1/3413 
f 3415/1/3415 3416/1/3416 3417/1/3417 3418/1/3418 
f 3416/1/3416 684/1/684 683/1/683 3417/1/3417 
f 683/1/683 678/1/678 3408/1/3408 
f 3418/1/3418 3417/1/3417 3408/1/3408 3410/1/3410 
f 3404/1/3404 3406/1/3406 3419/1/3419 3413/1/3413 
f 2469/1/2469 3419/1/3419 3406/1/3406 2465/1/2465 
f 2473/1/2473 3420/1/3420 3419/1/3419 2469/1/2469 
f 3413/1/3413 3419/1/3419 3420/1/3420 3414/1/3414 
f 3421/1/3421 3422/1/3422 3423/1/3423 
f 3223/1/3223 3421/1/3421 3424/1/3424 3225/1/3225 
f 3217/1/3217 3425/1/3425 3421/1/3421 3223/1/3223 
f 3422/1/3422 3421/1/3421 3425/1/3425 3426/1/3426 
f 3427/1/3427 2473/1/2473 2472/1/2472 
f 3220/1/3220 3428/1/3428 3425/1/3425 3217/1/3217 
f 3210/1/3210 3209/1/3209 3428/1/3428 3220/1/3220 
f 3429/1/3429 3428/1/3428 3209/1/3209 3211/1/3211 
f 3426/1/3426 3425/1/3425 3428/1/3428 3429/1/3429 
f 3430/1/3430 3431/1/3431 3432/1/3432 3433/1/3433 
f 3414/1/3414 3420/1/3420 3432/1/3432 3431/1/3431 
f 3427/1/3427 3432/1/3432 3420/1/3420 2473/1/2473 
f 3432/1/3432 3427/1/3427 3434/1/3434 
f 3435/1/3435 3436/1/3436 3437/1/3437 3438/1/3438 
f 3436/1/3436 2480/1/2480 2479/1/2479 3437/1/3437 
f 684/1/684 3416/1/3416 3437/1/3437 2479/1/2479 
f 3438/1/3438 3437/1/3437 3416/1/3416 3415/1/3415 
f 3430/1/3430 3439/1/3439 3440/1/3440 3431/1/3431 
f 3418/1/3418 3440/1/3440 3439/1/3439 3415/1/3415 
f 3410/1/3410 3412/1/3412 3440/1/3440 3418/1/3418 
f 3431/1/3431 3440/1/3440 3412/1/3412 3414/1/3414 
f 3438/1/3438 3441/1/3441 3442/1/3442 3435/1/3435 
f 3415/1/3415 3439/1/3439 3441/1/3441 3438/1/3438 
f 3443/1/3443 3441/1/3441 3439/1/3439 3430/1/3430 
f 3442/1/3442 3441/1/3441 3443/1/3443 3444/1/3444 
f 3433/1/3433 3445/1/3445 3443/1/3443 3430/1/3430 
f 3433/1/3433 3434/1/3434 3446/1/3446 
f 3447/1/3447 3445/1/3445 3446/1/3446 3448/1/3448 
f 3444/1/3444 3443/1/3443 3445/1/3445 3447/1/3447 
f 3449/1/3449 3450/1/3450 3451/1/3451 3452/1/3452 
f 3422/1/3422 3451/1/3451 3450/1/3450 3423/1/3423 
f 3426/1/3426 3453/1/3453 3451/1/3451 3422/1/3422 
f 3452/1/3452 3451/1/3451 3453/1/3453 3454/1/3454 
f 3455/1/3455 3456/1/3456 3457/1/3457 3458/1/3458 
f 3442/1/3442 3457/1/3457 3456/1/3456 3435/1/3435 
f 3444/1/3444 3459/1/3459 3457/1/3457 3442/1/3442 
f 3458/1/3458 3457/1/3457 3459/1/3459 3460/1/3460 
f 3444/1/3444 3447/1/3447 3461/1/3461 3459/1/3459 
f 3462/1/3462 3461/1/3461 3447/1/3447 3448/1/3448 
f 3463/1/3463 3464/1/3464 3461/1/3461 3462/1/3462 
f 3459/1/3459 3461/1/3461 3464/1/3464 3460/1/3460 
f 3465/1/3465 3466/1/3466 3211/1/3211 
f 3436/1/3436 3465/1/3465 3212/1/3212 2480/1/2480 
f 3435/1/3435 3456/1/3456 3465/1/3465 3436/1/3436 
f 3466/1/3466 3465/1/3465 3456/1/3456 3455/1/3455 
f 3454/1/3454 3453/1/3453 3467/1/3467 3468/1/3468 
f 3429/1/3429 3467/1/3467 3453/1/3453 3426/1/3426 
f 3211/1/3211 3466/1/3466 3467/1/3467 3429/1/3429 
f 3466/1/3466 3455/1/3455 3468/1/3468 
f 3460/1/3460 3469/1/3469 3470/1/3470 3458/1/3458 
f 3468/1/3468 3470/1/3470 3469/1/3469 3454/1/3454 
f 3458/1/3458 3470/1/3470 3468/1/3468 3455/1/3455 
f 3464/1/3464 3471/1/3471 3469/1/3469 3460/1/3460 
f 3463/1/3463 3472/1/3472 3471/1/3471 3464/1/3464 
f 3452/1/3452 3471/1/3471 3472/1/3472 3449/1/3449 
f 3454/1/3454 3469/1/3469 3471/1/3471 3452/1/3452 
f 2595/1/2595 3473/1/3473 3474/1/3474 2581/1/2581 
f 3254/1/3254 3473/1/3473 2595/1/2595 34/1/34 
f 3256/1/3256 3475/1/3475 3473/1/3473 3254/1/3254 
f 3475/1/3475 3476/1/3476 3474/1/3474 3473/1/3473 
f 3476/1/3476 3475/1/3475 3477/1/3477 3478/1/3478 
f 3258/1/3258 3477/1/3477 3475/1/3475 3256/1/3256 
f 3260/1/3260 3479/1/3479 3477/1/3477 3258/1/3258 
f 3478/1/3478 3477/1/3477 3479/1/3479 3480/1/3480 
f 3474/1/3474 3476/1/3476 3481/1/3481 3482/1/3482 
f 3285/1/3285 3482/1/3482 3481/1/3481 3286/1/3286 
f 2578/1/2578 3482/1/3482 3285/1/3285 2582/1/2582 
f 2581/1/2581 3474/1/3474 3482/1/3482 2578/1/2578 
f 3263/1/3263 3483/1/3483 3479/1/3479 3260/1/3260 
f 3264/1/3264 3484/1/3484 3483/1/3483 3263/1/3263 
f 3485/1/3485 3483/1/3483 3484/1/3484 3486/1/3486 
f 3480/1/3480 3479/1/3479 3483/1/3483 3485/1/3485 
f 3487/1/3487 3488/1/3488 3489/1/3489 3490/1/3490 
f 3265/1/3265 3489/1/3489 3488/1/3488 3269/1/3269 
f 3268/1/3268 3491/1/3491 3489/1/3489 3265/1/3265 
f 3490/1/3490 3489/1/3489 3491/1/3491 3492/1/3492 
f 3492/1/3492 3493/1/3493 3494/1/3494 3490/1/3490 
f 3485/1/3485 3494/1/3494 3493/1/3493 3480/1/3480 
f 3486/1/3486 3495/1/3495 3494/1/3494 3485/1/3485 
f 3490/1/3490 3494/1/3494 3495/1/3495 3487/1/3487 
f 3377/1/3377 3376/1/3376 3496/1/3496 3497/1/3497 
f 2572/1/2572 3496/1/3496 3376/1/3376 38/1/38 
f 2573/1/2573 3498/1/3498 3496/1/3496 2572/1/2572 
f 3497/1/3497 3496/1/3496 3498/1/3498 3499/1/3499 
f 3281/1/3281 3500/1/3500 3491/1/3491 3268/1/3268 
f 3274/1/3274 3284/1/3284 3500/1/3500 3281/1/3281 
f 3501/1/3501 3500/1/3500 3284/1/3284 3286/1/3286 
f 3492/1/3492 3491/1/3491 3500/1/3500 3501/1/3501 
f 3501/1/3501 3502/1/3502 3493/1/3493 3492/1/3492 
f 3286/1/3286 3481/1/3481 3502/1/3502 3501/1/3501 
f 3478/1/3478 3502/1/3502 3481/1/3481 3476/1/3476 
f 3480/1/3480 3493/1/3493 3502/1/3502 3478/1/3478 
f 2611/1/2611 3503/1/3503 3498/1/3498 2573/1/2573 
f 2603/1/2603 3369/1/3369 3503/1/3503 2611/1/2611 
f 3504/1/3504 3503/1/3503 3369/1/3369 3368/1/3368 
f 3499/1/3499 3498/1/3498 3503/1/3503 3504/1/3504 
f 3505/1/3505 3506/1/3506 3507/1/3507 3508/1/3508 
f 3390/1/3390 3396/1/3396 3506/1/3506 3505/1/3505 
f 3497/1/3497 3506/1/3506 3396/1/3396 3377/1/3377 
f 3499/1/3499 3507/1/3507 3506/1/3506 3497/1/3497 
f 3509/1/3509 3510/1/3510 3511/1/3511 3393/1/3393 
f 3510/1/3510 3509/1/3509 3512/1/3512 
f 3513/1/3513 3512/1/3512 3514/1/3514 
f 3515/1/3515 3514/1/3514 2436/1/2436 
f 3515/1/3515 2431/1/2431 2434/1/2434 
f 3508/1/3508 3516/1/3516 3517/1/3517 3505/1/3505 
f 3392/1/3392 3517/1/3517 3516/1/3516 3393/1/3393 
f 3383/1/3383 3386/1/3386 3517/1/3517 3392/1/3392 
f 3505/1/3505 3517/1/3517 3386/1/3386 3390/1/3390 
f 3518/1/3518 3512/1/3512 3509/1/3509 
f 3393/1/3393 3516/1/3516 3519/1/3519 3509/1/3509 
f 3520/1/3520 3519/1/3519 3516/1/3516 3508/1/3508 
f 3521/1/3521 3518/1/3518 3519/1/3519 3520/1/3520 
f 3522/1/3522 3523/1/3523 3518/1/3518 3521/1/3521 
f 3367/1/3367 3373/1/3373 3523/1/3523 3522/1/3522 
f 3514/1/3514 3523/1/3523 3373/1/3373 2436/1/2436 
f 3523/1/3523 3514/1/3514 3512/1/3512 
f 3508/1/3508 3507/1/3507 3524/1/3524 3520/1/3520 
f 3504/1/3504 3524/1/3524 3507/1/3507 3499/1/3499 
f 3368/1/3368 3525/1/3525 3524/1/3524 3504/1/3504 
f 3520/1/3520 3524/1/3524 3525/1/3525 3521/1/3521 
f 3521/1/3521 3525/1/3525 3526/1/3526 3522/1/3522 
f 3371/1/3371 3526/1/3526 3525/1/3525 3368/1/3368 
f 3363/1/3363 3365/1/3365 3526/1/3526 3371/1/3371 
f 3522/1/3522 3526/1/3526 3365/1/3365 3367/1/3367 
f 20/1/20 21/1/21 18/1/18 
f 85/1/85 82/1/82 81/1/81 
f 84/1/84 92/1/92 90/1/90 
f 17/1/17 94/1/94 97/1/97 
f 77/1/77 101/1/101 102/1/102 
f 83/1/83 102/1/102 105/1/105 
f 121/1/121 122/1/122 119/1/119 
f 127/1/127 129/1/129 125/1/125 
f 136/1/136 134/1/134 133/1/133 
f 137/1/137 138/1/138 134/1/134 
f 136/1/136 176/1/176 180/1/180 
f 213/1/213 1820/1/1820 211/1/211 
f 211/1/211 1820/1/1820 214/1/214 
f 212/1/212 211/1/211 216/1/216 
f 181/1/181 184/1/184 268/1/268 
f 269/1/269 268/1/268 184/1/184 
f 295/1/295 296/1/296 293/1/293 
f 315/1/315 313/1/313 215/1/215 
f 266/1/266 326/1/326 325/1/325 
f 363/1/363 362/1/362 366/1/366 
f 347/1/347 371/1/371 368/1/368 
f 383/1/383 387/1/387 386/1/386 
f 401/1/401 398/1/398 403/1/403 
f 389/1/389 411/1/411 386/1/386 
f 423/1/423 425/1/425 421/1/421 
f 449/1/449 451/1/451 447/1/447 
f 428/1/428 427/1/427 452/1/452 
f 473/1/473 477/1/477 476/1/476 
f 482/1/482 483/1/483 479/1/479 
f 488/1/488 496/1/496 492/1/492 
f 509/1/509 510/1/510 486/1/486 
f 480/1/480 510/1/510 509/1/509 
f 481/1/481 496/1/496 510/1/510 
f 486/1/486 510/1/510 496/1/496 
f 517/1/517 576/1/576 515/1/515 
f 519/1/519 515/1/515 576/1/576 
f 522/1/522 523/1/523 521/1/521 
f 523/1/523 525/1/525 453/1/453 
f 422/1/422 528/1/528 484/1/484 
f 533/1/533 538/1/538 536/1/536 
f 548/1/548 545/1/545 544/1/544 
f 558/1/558 559/1/559 554/1/554 
f 555/1/555 554/1/554 559/1/559 
f 576/1/576 574/1/574 573/1/573 
f 581/1/581 582/1/582 579/1/579 
f 524/1/524 579/1/579 582/1/582 
f 580/1/580 579/1/579 573/1/573 
f 580/1/580 585/1/585 583/1/583 
f 581/1/581 588/1/588 587/1/587 
f 582/1/582 587/1/587 530/1/530 
f 546/1/546 588/1/588 589/1/589 
f 592/1/592 589/1/589 590/1/590 
f 547/1/547 589/1/589 592/1/592 
f 600/1/600 598/1/598 597/1/597 
f 610/1/610 609/1/609 613/1/613 
f 599/1/599 616/1/616 615/1/615 
f 569/1/569 566/1/566 615/1/615 
f 605/1/605 624/1/624 616/1/616 
f 619/1/619 629/1/629 628/1/628 
f 627/1/627 628/1/628 602/1/602 
f 622/1/622 629/1/629 630/1/630 
f 617/1/617 630/1/630 629/1/629 
f 611/1/611 608/1/608 630/1/630 
f 623/1/623 630/1/630 608/1/608 
f 655/1/655 656/1/656 654/1/654 
f 185/1/185 654/1/654 656/1/656 
f 266/1/266 664/1/664 663/1/663 
f 661/1/661 664/1/664 665/1/665 
f 269/1/269 665/1/665 664/1/664 
f 186/1/186 656/1/656 665/1/665 
f 666/1/666 665/1/665 656/1/656 
f 674/1/674 679/1/679 690/1/690 
f 753/1/753 750/1/750 758/1/758 
f 798/1/798 800/1/800 483/1/483 
f 474/1/474 476/1/476 800/1/800 
f 483/1/483 800/1/800 476/1/476 
f 474/1/474 799/1/799 807/1/807 
f 812/1/812 813/1/813 810/1/810 
f 815/1/815 810/1/810 813/1/813 
f 816/1/816 817/1/817 810/1/810 
f 811/1/811 810/1/810 817/1/817 
f 821/1/821 819/1/819 818/1/818 
f 881/1/881 880/1/880 783/1/783 
f 884/1/884 879/1/879 887/1/887 
f 882/1/882 889/1/889 887/1/887 
f 859/1/859 895/1/895 894/1/894 
f 890/1/890 894/1/894 895/1/895 
f 863/1/863 860/1/860 894/1/894 
f 895/1/895 897/1/897 896/1/896 
f 896/1/896 899/1/899 898/1/898 
f 903/1/903 900/1/900 899/1/899 
f 908/1/908 909/1/909 905/1/905 
f 898/1/898 905/1/905 909/1/909 
f 927/1/927 923/1/923 934/1/934 
f 933/1/933 936/1/936 929/1/929 
f 936/1/936 937/1/937 416/1/416 
f 416/1/416 937/1/937 938/1/938 
f 360/1/360 944/1/944 943/1/943 
f 872/1/872 868/1/868 946/1/946 
f 968/1/968 969/1/969 967/1/967 
f 901/1/901 957/1/957 969/1/969 
f 967/1/967 969/1/969 957/1/957 
f 974/1/974 963/1/963 552/1/552 
f 542/1/542 965/1/965 975/1/975 
f 971/1/971 975/1/975 965/1/965 
f 954/1/954 991/1/991 990/1/990 
f 993/1/993 990/1/990 991/1/991 
f 992/1/992 991/1/991 994/1/994 
f 962/1/962 994/1/994 991/1/991 
f 948/1/948 947/1/947 994/1/994 
f 995/1/995 994/1/994 947/1/947 
f 993/1/993 997/1/997 1001/1/1001 
f 218/1/218 1054/1/1054 1053/1/1053 
f 1056/1/1056 1053/1/1053 1054/1/1054 
f 212/1/212 1053/1/1053 1058/1/1058 
f 1086/1/1086 1084/1/1084 1083/1/1083 
f 1094/1/1094 1091/1/1091 1090/1/1090 
f 1095/1/1095 1096/1/1096 1091/1/1091 
f 1092/1/1092 1091/1/1091 1096/1/1096 
f 1126/1/1126 1127/1/1127 1123/1/1123 
f 1130/1/1130 1132/1/1132 1128/1/1128 
f 1134/1/1134 1135/1/1135 1132/1/1132 
f 1125/1/1125 1140/1/1140 1137/1/1137 
f 1141/1/1141 1142/1/1142 1137/1/1137 
f 1138/1/1138 1144/1/1144 1143/1/1143 
f 1133/1/1133 1130/1/1130 1143/1/1143 
f 1139/1/1139 1143/1/1143 1145/1/1145 
f 884/1/884 1148/1/1148 1146/1/1146 
f 1150/1/1150 1151/1/1151 1147/1/1147 
f 1154/1/1154 1155/1/1155 1152/1/1152 
f 1140/1/1140 1152/1/1152 1155/1/1155 
f 1150/1/1150 1152/1/1152 1140/1/1140 
f 1149/1/1149 1153/1/1153 1152/1/1152 
f 1157/1/1157 1156/1/1156 1155/1/1155 
f 1144/1/1144 1156/1/1156 1159/1/1159 
f 1165/1/1165 1164/1/1164 1163/1/1163 
f 575/1/575 1167/1/1167 584/1/584 
f 1175/1/1175 1178/1/1178 1174/1/1174 
f 1179/1/1179 1182/1/1182 1181/1/1181 
f 1181/1/1181 1183/1/1183 1168/1/1168 
f 621/1/621 1183/1/1183 1181/1/1181 
f 1154/1/1154 1172/1/1172 1184/1/1184 
f 1176/1/1176 1185/1/1185 1184/1/1184 
f 1157/1/1157 1184/1/1184 1185/1/1185 
f 1193/1/1193 1196/1/1196 1200/1/1200 
f 1238/1/1238 1240/1/1240 1239/1/1239 
f 1244/1/1244 1242/1/1242 1241/1/1241 
f 1242/1/1242 1244/1/1244 1227/1/1227 
f 1247/1/1247 1249/1/1249 1245/1/1245 
f 1243/1/1243 1241/1/1241 1245/1/1245 
f 1246/1/1246 1245/1/1245 1241/1/1241 
f 1243/1/1243 1253/1/1253 1251/1/1251 
f 1258/1/1258 1260/1/1260 1254/1/1254 
f 1259/1/1259 1258/1/1258 1257/1/1257 
f 1240/1/1240 1258/1/1258 1259/1/1259 
f 1260/1/1260 1258/1/1258 1240/1/1240 
f 1262/1/1262 1261/1/1261 1259/1/1259 
f 1086/1/1086 1261/1/1261 844/1/844 
f 1255/1/1255 1252/1/1252 1266/1/1266 
f 1267/1/1267 1266/1/1266 1234/1/1234 
f 1247/1/1247 1276/1/1276 1274/1/1274 
f 1246/1/1246 1278/1/1278 1276/1/1276 
f 1281/1/1281 1275/1/1275 1277/1/1277 
f 1298/1/1298 1299/1/1299 1297/1/1297 
f 1302/1/1302 1305/1/1305 1293/1/1293 
f 1298/1/1298 1300/1/1300 1313/1/1313 
f 1314/1/1314 1317/1/1317 1299/1/1299 
f 1321/1/1321 1320/1/1320 1304/1/1304 
f 1334/1/1334 1345/1/1345 1343/1/1343 
f 1354/1/1354 1352/1/1352 1351/1/1351 
f 1375/1/1375 1372/1/1372 1371/1/1371 
f 1373/1/1373 1372/1/1372 1358/1/1358 
f 1133/1/1133 1159/1/1159 1390/1/1390 
f 1134/1/1134 1389/1/1389 1393/1/1393 
f 1398/1/1398 1397/1/1397 1185/1/1185 
f 1391/1/1391 1397/1/1397 1400/1/1400 
f 1403/1/1403 1404/1/1404 1401/1/1401 
f 1388/1/1388 1400/1/1400 1401/1/1401 
f 1406/1/1406 1408/1/1408 1384/1/1384 
f 1406/1/1406 1405/1/1405 1399/1/1399 
f 1408/1/1408 1406/1/1406 577/1/577 
f 1402/1/1402 1410/1/1410 1409/1/1409 
f 1384/1/1384 1380/1/1380 1410/1/1410 
f 1379/1/1379 1394/1/1394 1413/1/1413 
f 1404/1/1404 1414/1/1414 1392/1/1392 
f 1377/1/1377 1414/1/1414 1412/1/1412 
f 1367/1/1367 1392/1/1392 1414/1/1414 
f 1418/1/1418 1417/1/1417 1386/1/1386 
f 1355/1/1355 1363/1/1363 1420/1/1420 
f 1422/1/1422 1419/1/1419 1425/1/1425 
f 1429/1/1429 1432/1/1432 1357/1/1357 
f 1467/1/1467 1465/1/1465 1464/1/1464 
f 1468/1/1468 1469/1/1469 1465/1/1465 
f 1466/1/1466 1464/1/1464 1472/1/1472 
f 1472/1/1472 1474/1/1474 1475/1/1475 
f 1385/1/1385 1493/1/1493 1492/1/1492 
f 1490/1/1490 1492/1/1492 1493/1/1493 
f 1418/1/1418 1492/1/1492 1480/1/1480 
f 1502/1/1502 1505/1/1505 1500/1/1500 
f 1525/1/1525 1526/1/1526 1523/1/1523 
f 1515/1/1515 1523/1/1523 1526/1/1526 
f 1564/1/1564 1566/1/1566 1563/1/1563 
f 823/1/823 1566/1/1566 1565/1/1565 
f 816/1/816 1565/1/1565 1568/1/1568 
f 1569/1/1569 1568/1/1568 1565/1/1565 
f 1561/1/1561 1572/1/1572 1570/1/1570 
f 1408/1/1408 1570/1/1570 1572/1/1572 
f 517/1/517 516/1/516 1570/1/1570 
f 1571/1/1571 1570/1/1570 516/1/516 
f 1572/1/1572 1573/1/1573 1383/1/1383 
f 1577/1/1577 1574/1/1574 1575/1/1575 
f 507/1/507 1574/1/1574 1577/1/1577 
f 1553/1/1553 1560/1/1560 1578/1/1578 
f 1579/1/1579 1578/1/1578 1560/1/1560 
f 1551/1/1551 1578/1/1578 1581/1/1581 
f 490/1/490 503/1/503 1585/1/1585 
f 1577/1/1577 1585/1/1585 503/1/503 
f 491/1/491 1585/1/1585 1582/1/1582 
f 1567/1/1567 1588/1/1588 1586/1/1586 
f 1579/1/1579 1589/1/1589 1587/1/1587 
f 820/1/820 1593/1/1593 1591/1/1591 
f 1563/1/1563 1591/1/1591 1592/1/1592 
f 1600/1/1600 1596/1/1596 1595/1/1595 
f 830/1/830 1471/1/1471 1596/1/1596 
f 1604/1/1604 1602/1/1602 1601/1/1601 
f 1599/1/1599 1602/1/1602 1605/1/1605 
f 1594/1/1594 1593/1/1593 1605/1/1605 
f 1610/1/1610 1611/1/1611 1608/1/1608 
f 1610/1/1610 1609/1/1609 1598/1/1598 
f 1468/1/1468 1477/1/1477 1610/1/1610 
f 1674/1/1674 1673/1/1673 1676/1/1676 
f 1681/1/1681 1682/1/1682 1679/1/1679 
f 1694/1/1694 1692/1/1692 1691/1/1691 
f 1706/1/1706 1704/1/1704 1703/1/1703 
f 1705/1/1705 1711/1/1711 1709/1/1709 
f 1717/1/1717 1715/1/1715 1716/1/1716 
f 1221/1/1221 1715/1/1715 1717/1/1717 
f 1509/1/1509 1512/1/1512 1724/1/1724 
f 1721/1/1721 1726/1/1726 1724/1/1724 
f 1742/1/1742 1716/1/1716 1740/1/1740 
f 1771/1/1771 1781/1/1781 1779/1/1779 
f 130/1/130 129/1/129 1779/1/1779 
f 1770/1/1770 1784/1/1784 1783/1/1783 
f 1786/1/1786 1783/1/1783 1784/1/1784 
f 1799/1/1799 1797/1/1797 1796/1/1796 
f 1798/1/1798 1812/1/1812 1810/1/1810 
f 1799/1/1799 1810/1/1810 1058/1/1058 
f 1816/1/1816 1817/1/1817 1814/1/1814 
f 1813/1/1813 1819/1/1819 1818/1/1818 
f 1828/1/1828 1827/1/1827 1106/1/1106 
f 1731/1/1731 1859/1/1859 1860/1/1860 
f 1861/1/1861 1858/1/1858 1862/1/1862 
f 1863/1/1863 1862/1/1862 1725/1/1725 
f 1911/1/1911 1913/1/1913 1909/1/1909 
f 1910/1/1910 1909/1/1909 1916/1/1916 
f 1920/1/1920 1918/1/1918 1913/1/1913 
f 1919/1/1919 1918/1/1918 1741/1/1741 
f 1121/1/1121 1923/1/1923 1926/1/1926 
f 1686/1/1686 1685/1/1685 1926/1/1926 
f 1936/1/1936 1934/1/1934 1929/1/1929 
f 1937/1/1937 1939/1/1939 1916/1/1916 
f 1917/1/1917 1916/1/1916 1939/1/1939 
f 1938/1/1938 1944/1/1944 1945/1/1945 
f 1953/1/1953 1952/1/1952 1871/1/1871 
f 1957/1/1957 1958/1/1958 1955/1/1955 
f 1960/1/1960 1955/1/1955 1958/1/1958 
f 1987/1/1987 1988/1/1988 1985/1/1985 
f 1990/1/1990 1985/1/1985 1988/1/1988 
f 1677/1/1677 1682/1/1682 1985/1/1985 
f 2029/1/2029 2030/1/2030 2027/1/2027 
f 1950/1/1950 2034/1/2034 2033/1/2033 
f 1990/1/1990 2058/1/2058 1678/1/1678 
f 1984/1/1984 1983/1/1983 2058/1/2058 
f 1843/1/1843 2064/1/2064 2063/1/2063 
f 1908/1/1908 2107/1/2107 2108/1/2108 
f 2109/1/2109 2108/1/2108 2010/1/2010 
f 2111/1/2111 2110/1/2110 2104/1/2104 
f 2126/1/2126 2123/1/2123 2122/1/2122 
f 1107/1/1107 1829/1/1829 2123/1/2123 
f 2125/1/2125 2130/1/2130 2127/1/2127 
f 2135/1/2135 2134/1/2134 2122/1/2122 
f 2141/1/2141 2138/1/2138 2137/1/2137 
f 1339/1/1339 1348/1/1348 2138/1/2138 
f 2143/1/2143 2142/1/2142 2141/1/2141 
f 1449/1/1449 2151/1/2151 2154/1/2154 
f 1959/1/1959 2161/1/2161 2160/1/2160 
f 1971/1/1971 2181/1/2181 2184/1/2184 
f 1875/1/1875 2190/1/2190 2191/1/2191 
f 1953/1/1953 2198/1/2198 2036/1/2036 
f 2207/1/2207 2206/1/2206 1883/1/1883 
f 2208/1/2208 2209/1/2209 1921/1/1921 
f 1921/1/1921 2209/1/2209 2001/1/2001 
f 2211/1/2211 2210/1/2210 2205/1/2205 
f 2037/1/2037 2201/1/2201 2215/1/2215 
f 1882/1/1882 1886/1/1886 2216/1/2216 
f 1941/1/1941 2150/1/2150 2217/1/2217 
f 1917/1/1917 2220/1/2220 2221/1/2221 
f 2222/1/2222 2221/1/2221 2220/1/2220 
f 2222/1/2222 2224/1/2224 2129/1/2129 
f 1785/1/1785 2227/1/2227 2226/1/2226 
f 2043/1/2043 2228/1/2228 2226/1/2226 
f 2111/1/2111 2243/1/2243 1796/1/1796 
f 1699/1/1699 1817/1/1817 2246/1/2246 
f 307/1/307 2062/1/2062 2247/1/2247 
f 2068/1/2068 2065/1/2065 2247/1/2247 
f 314/1/314 2247/1/2247 2065/1/2065 
f 1846/1/1846 2249/1/2249 2064/1/2064 
f 2121/1/2121 2251/1/2251 2250/1/2250 
f 2256/1/2256 2254/1/2254 2253/1/2253 
f 832/1/832 831/1/831 2254/1/2254 
f 2273/1/2273 2274/1/2274 2272/1/2272 
f 818/1/818 2274/1/2274 2273/1/2273 
f 2267/1/2267 2272/1/2272 2274/1/2274 
f 2273/1/2273 2276/1/2276 1606/1/1606 
f 1606/1/1606 2276/1/2276 2253/1/2253 
f 1486/1/1486 1562/1/1562 2285/1/2285 
f 1552/1/1552 2285/1/2285 1562/1/1562 
f 2286/1/2286 2289/1/2289 1540/1/1540 
f 2288/1/2288 2289/1/2289 2286/1/2286 
f 2341/1/2341 2348/1/2348 2343/1/2343 
f 2346/1/2346 2353/1/2353 2351/1/2351 
f 2358/1/2358 2357/1/2357 2349/1/2349 
f 2413/1/2413 1478/1/1478 1466/1/1466 
f 1608/1/1608 1611/1/1611 2415/1/2415 
f 1479/1/1479 2406/1/2406 2415/1/2415 
f 2418/1/2418 2420/1/2420 2416/1/2416 
f 2427/1/2427 2429/1/2429 2425/1/2425 
f 2432/1/2432 2429/1/2429 2427/1/2427 
f 2439/1/2439 2441/1/2441 2437/1/2437 
f 2444/1/2444 2437/1/2437 2440/1/2440 
f 2450/1/2450 2451/1/2451 2447/1/2447 
f 2448/1/2448 2453/1/2453 2454/1/2454 
f 2457/1/2457 2458/1/2458 2455/1/2455 
f 2459/1/2459 2460/1/2460 2458/1/2458 
f 2464/1/2464 2467/1/2467 2463/1/2463 
f 2462/1/2462 2475/1/2475 2474/1/2474 
f 2480/1/2480 2481/1/2481 2478/1/2478 
f 2486/1/2486 2488/1/2488 2484/1/2484 
f 2497/1/2497 2496/1/2496 138/1/138 
f 2503/1/2503 2506/1/2506 2504/1/2504 
f 158/1/158 2620/1/2620 2622/1/2622 
f 2625/1/2625 2626/1/2626 2623/1/2623 
f 2624/1/2624 2633/1/2633 2632/1/2632 
f 2691/1/2691 2689/1/2689 2688/1/2688 
f 2690/1/2690 2696/1/2696 2694/1/2694 
f 2697/1/2697 2704/1/2704 2702/1/2702 
f 137/1/137 180/1/180 2712/1/2712 
f 2710/1/2710 2715/1/2715 2722/1/2722 
f 2714/1/2714 2729/1/2729 2719/1/2719 
f 2486/1/2486 2493/1/2493 2729/1/2729 
f 2721/1/2721 2730/1/2730 2736/1/2736 
f 2735/1/2735 2736/1/2736 2730/1/2730 
f 1849/1/1849 2738/1/2738 2733/1/2733 
f 2757/1/2757 2756/1/2756 1319/1/1319 
f 2767/1/2767 2768/1/2768 1457/1/1457 
f 1864/1/1864 2771/1/2771 2769/1/2769 
f 2790/1/2790 2789/1/2789 2549/1/2549 
f 2799/1/2799 2798/1/2798 2788/1/2788 
f 1118/1/1118 1114/1/1114 2810/1/2810 
f 2814/1/2814 2823/1/2823 2822/1/2822 
f 2848/1/2848 2847/1/2847 2506/1/2506 
f 2854/1/2854 2855/1/2855 2696/1/2696 
f 2866/1/2866 2870/1/2870 2873/1/2873 
f 1227/1/1227 1256/1/1256 2874/1/2874 
f 2877/1/2877 2874/1/2874 2875/1/2875 
f 2548/1/2548 2554/1/2554 2878/1/2878 
f 1233/1/1233 2831/1/2831 2883/1/2883 
f 2884/1/2884 2883/1/2883 2831/1/2831 
f 2830/1/2830 2833/1/2833 2886/1/2886 
f 1455/1/1455 2941/1/2941 1474/1/1474 
f 2768/1/2768 2951/1/2951 2940/1/2940 
f 2753/1/2753 2752/1/2752 2959/1/2959 
f 2523/1/2523 2959/1/2959 2752/1/2752 
f 2965/1/2965 2961/1/2961 2968/1/2968 
f 1539/1/1539 2978/1/2978 2976/1/2976 
f 2981/1/2981 2980/1/2980 2405/1/2405 
f 2996/1/2996 2995/1/2995 2992/1/2992 
f 2979/1/2979 2978/1/2978 2995/1/2995 
f 1537/1/1537 2995/1/2995 2978/1/2978 
f 2539/1/2539 2997/1/2997 2999/1/2999 
f 2963/1/2963 3011/1/3011 3013/1/3013 
f 2632/1/2632 3059/1/3059 3057/1/3057 
f 3061/1/3061 3060/1/3060 2516/1/2516 
f 3062/1/3062 3061/1/3061 3073/1/3073 
f 1431/1/1431 1436/1/1436 3087/1/3087 
f 2934/1/2934 3087/1/3087 1436/1/1436 
f 1350/1/1350 1349/1/1349 3089/1/3089 
f 2350/1/2350 3106/1/3106 3105/1/3105 
f 3108/1/3108 3105/1/3105 3106/1/3106 
f 3135/1/3135 3139/1/3139 2347/1/2347 
f 3136/1/3136 3140/1/3140 3139/1/3139 
f 3106/1/3106 3139/1/3139 3140/1/3140 
f 3145/1/3145 3193/1/3193 3192/1/3192 
f 3107/1/3107 3140/1/3140 3193/1/3193 
f 3194/1/3194 3527/1/3527 3197/1/3197 
f 3137/1/3137 3527/1/3527 3194/1/3194 
f 3174/1/3174 3527/1/3527 3137/1/3137 
f 3197/1/3197 3527/1/3527 3174/1/3174 
f 3196/1/3196 3203/1/3203 3202/1/3202 
f 2480/1/2480 3212/1/3212 3208/1/3208 
f 3215/1/3215 3216/1/3216 3213/1/3213 
f 4/1/4 3213/1/3213 3216/1/3216 
f 3228/1/3228 3224/1/3224 3226/1/3226 
f 25/1/25 24/1/24 3230/1/3230 
f 3215/1/3215 3221/1/3221 3233/1/3233 
f 3235/1/3235 3233/1/3233 3221/1/3221 
f 3222/1/3222 3228/1/3228 3237/1/3237 
f 3238/1/3238 3237/1/3237 3228/1/3228 
f 1785/1/1785 1784/1/1784 3320/1/3320 
f 3325/1/3325 3324/1/3324 3326/1/3326 
f 3327/1/3327 3326/1/3326 3328/1/3328 
f 3380/1/3380 3382/1/3382 3384/1/3384 
f 2460/1/2460 3382/1/3382 3380/1/3380 
f 3393/1/3393 3511/1/3511 3391/1/3391 
f 3392/1/3392 3391/1/3391 3384/1/3384 
f 3399/1/3399 3402/1/3402 3401/1/3401 
f 3400/1/3400 3401/1/3401 3411/1/3411 
f 3408/1/3408 3417/1/3417 683/1/683 
f 3423/1/3423 3424/1/3424 3421/1/3421 
f 3434/1/3434 3433/1/3433 3432/1/3432 
f 3446/1/3446 3445/1/3445 3433/1/3433 
f 3211/1/3211 3212/1/3212 3465/1/3465 
f 3468/1/3468 3467/1/3467 3466/1/3466 
f 3512/1/3512 3513/1/3513 3510/1/3510 
f 3514/1/3514 3515/1/3515 3513/1/3513 
f 2436/1/2436 2431/1/2431 3515/1/3515 
f 3509/1/3509 3519/1/3519 3518/1/3518 
f 3512/1/3512 3518/1/3518 3523/1/3523 
# 3062 polygons - 855 triangles

