# 3ds Max Wavefront OBJ Exporter v0.99 - (c)2007 guruware
# File Created: 26.04.2025 20:40:19

mtllib Cabeza2.mtl

#
# object Cabeza2
#

v  -1.8444 1.7500 -1.7948
v  -1.8209 1.7487 -1.7941
v  -1.8213 1.7326 -1.8043
v  -1.8449 1.7351 -1.8078
v  -1.7991 1.7300 -1.7960
v  -1.7999 1.7457 -1.7876
v  -1.7972 1.7133 -1.8042
v  -1.8208 1.7135 -1.8140
v  -1.8436 1.7178 -1.8205
v  -1.7685 1.7382 -1.7696
v  -1.7632 1.7269 -1.7682
v  -1.7789 1.7276 -1.7841
v  -1.7815 1.7418 -1.7780
v  -1.7749 1.7134 -1.7889
v  -1.7583 1.7106 -1.7666
v  -1.8191 1.7671 -1.7871
v  -1.7993 1.7628 -1.7810
v  -1.8403 1.7692 -1.7877
v  -1.8351 1.7879 -1.7912
v  -1.8149 1.7849 -1.7882
v  -1.7952 1.7790 -1.7797
v  -1.7751 1.7691 -1.7666
v  -1.7800 1.7559 -1.7715
v  -1.7627 1.7458 -1.7611
v  -1.7561 1.7557 -1.7516
v  -1.7400 1.7386 -1.7380
v  -1.7503 1.7315 -1.7519
v  -1.7443 1.7132 -1.7421
v  -1.7295 1.7211 -1.7232
v  -1.8365 1.7170 -1.8438
v  -1.8621 1.7229 -1.8450
v  -1.8659 1.7216 -1.8224
v  -1.8560 1.7262 -1.8720
v  -1.8258 1.7194 -1.8720
v  -1.8915 1.7296 -1.8678
v  -1.8857 1.7283 -1.8384
v  -1.8814 1.7272 -1.8225
v  -1.7854 1.7083 -1.8238
v  -1.8107 1.7113 -1.8370
v  -1.7971 1.7103 -1.8646
v  -1.7693 1.7034 -1.8492
v  -1.7626 1.7044 -1.8032
v  -1.7444 1.6994 -1.7760
v  -1.7242 1.6885 -1.7924
v  -1.7442 1.6965 -1.8243
v  -1.7307 1.6977 -1.7443
v  -1.7079 1.6858 -1.7572
v  -1.7196 1.7027 -1.7157
v  -1.6944 1.6856 -1.7173
v  -1.7746 1.8007 -1.7970
v  -1.7517 1.7886 -1.7780
v  -1.7651 1.7822 -1.7682
v  -1.7861 1.7922 -1.7859
v  -1.7458 1.7670 -1.7493
v  -1.7311 1.7728 -1.7563
v  -1.7287 1.7478 -1.7319
v  -1.7133 1.7557 -1.7346
v  -1.7018 1.7408 -1.7132
v  -1.7154 1.7300 -1.7158
v  -1.6942 1.7288 -1.6983
v  -1.7069 1.7145 -1.7033
v  -1.6860 1.7182 -1.6851
v  -1.6970 1.7000 -1.6923
v  -1.6748 1.7072 -1.6675
v  -1.6826 1.6873 -1.6758
v  -1.6622 1.6971 -1.6455
v  -1.6641 1.6776 -1.6537
v  -1.6681 1.6710 -1.6932
v  -1.6460 1.6622 -1.6679
v  -1.6539 1.6879 -1.6168
v  -1.6531 1.6677 -1.6228
v  -1.6521 1.6815 -1.5830
v  -1.6503 1.6577 -1.5856
v  -1.6228 1.6418 -1.5953
v  -1.6316 1.6522 -1.6341
v  -1.6345 1.6892 -1.5126
v  -1.6346 1.6580 -1.5046
v  -1.6479 1.6537 -1.5446
v  -1.6489 1.6827 -1.5470
v  -1.6152 1.6361 -1.5534
v  -1.6003 1.6400 -1.5145
v  -1.9395 1.7455 -1.9157
v  -1.9159 1.7378 -1.8929
v  -1.9002 1.7415 -1.9183
v  -1.9274 1.7456 -1.9329
v  -1.8739 1.7330 -1.9073
v  -1.8917 1.7394 -1.9432
v  -1.8632 1.7326 -1.9388
v  -1.9212 1.7408 -1.9490
v  -1.8115 1.7181 -1.9061
v  -1.8435 1.7262 -1.9061
v  -1.8332 1.7229 -1.9396
v  -1.8024 1.7083 -1.9383
v  -1.7817 1.7027 -1.8973
v  -1.7717 1.6884 -1.9274
v  -1.7537 1.6870 -1.8784
v  -1.7413 1.6681 -1.9054
v  -1.7273 1.6739 -1.8485
v  -1.7022 1.6656 -1.8137
v  -1.6847 1.6391 -1.8333
v  -1.7130 1.6508 -1.8709
v  -1.6788 1.6641 -1.7799
v  -1.6568 1.6616 -1.7477
v  -1.6314 1.6292 -1.7706
v  -1.6579 1.6334 -1.8004
v  -1.6075 1.6443 -1.6906
v  -1.6329 1.6526 -1.7195
v  -1.6029 1.6226 -1.7424
v  -1.5734 1.6162 -1.7125
v  -1.5710 1.6292 -1.6153
v  -1.5867 1.6368 -1.6551
v  -1.5464 1.6108 -1.6765
v  -1.5235 1.6056 -1.6362
v  -1.5569 1.6271 -1.5735
v  -1.5388 1.6333 -1.5359
v  -1.5038 1.6041 -1.5940
v  -1.4824 1.6064 -1.5537
v  -1.8929 1.7297 -1.9601
v  -1.9216 1.7349 -1.9614
v  -1.8654 1.7208 -1.9592
v  -1.8787 1.7043 -1.9649
v  -1.9027 1.7165 -1.9663
v  -1.9278 1.7253 -1.9666
v  -1.8376 1.7078 -1.9603
v  -1.8071 1.6908 -1.9595
v  -1.8255 1.6674 -1.9625
v  -1.8551 1.6887 -1.9630
v  -1.7561 1.6209 -1.9304
v  -1.7846 1.6494 -1.9544
v  -1.7726 1.6689 -1.9490
v  -1.7383 1.6461 -1.9249
v  -1.7888 1.6200 -1.9470
v  -1.7943 1.6382 -1.9556
v  -1.8116 1.6222 -1.9540
v  -1.8194 1.6405 -1.9572
v  -1.7071 1.6271 -1.8865
v  -1.6779 1.6136 -1.8448
v  -1.6858 1.5911 -1.8455
v  -1.7181 1.6040 -1.8870
v  -1.6238 1.6002 -1.7794
v  -1.6517 1.6055 -1.8092
v  -1.6299 1.5775 -1.7781
v  -1.6584 1.5837 -1.8087
v  -1.5596 1.5894 -1.7243
v  -1.5927 1.5944 -1.7525
v  -1.5651 1.5645 -1.7234
v  -1.5984 1.5710 -1.7510
v  -1.5061 1.5557 -1.6492
v  -1.5331 1.5589 -1.6893
v  -1.5273 1.5855 -1.6899
v  -1.5010 1.5819 -1.6490
v  -1.7152 1.7970 -1.7418
v  -1.7008 1.7830 -1.7163
v  -1.7063 1.7698 -1.7258
v  -1.7210 1.7847 -1.7526
v  -1.6977 1.7568 -1.7013
v  -1.6922 1.7737 -1.6915
v  -1.6830 1.8055 -1.7332
v  -1.6690 1.7991 -1.7200
v  -1.6857 1.7915 -1.7153
v  -1.6988 1.8036 -1.7357
v  -1.6735 1.7833 -1.6954
v  -1.6534 1.7933 -1.7035
v  -1.6867 1.7682 -1.6718
v  -1.6914 1.7475 -1.6837
v  -1.6836 1.7391 -1.6694
v  -1.6790 1.7621 -1.6558
v  -1.6394 1.7878 -1.6901
v  -1.6635 1.7781 -1.6791
v  -1.6533 1.7734 -1.6648
v  -1.6253 1.7819 -1.6786
v  -1.6211 1.8271 -1.7161
v  -1.5997 1.8241 -1.7018
v  -1.6196 1.8043 -1.6964
v  -1.6371 1.8085 -1.7098
v  -1.6035 1.8004 -1.6841
v  -1.5821 1.8231 -1.6873
v  -1.6671 1.7529 -1.6419
v  -1.6725 1.7293 -1.6538
v  -1.6609 1.7196 -1.6350
v  -1.6546 1.7441 -1.6273
v  -1.5933 1.7730 -1.6517
v  -1.6100 1.7767 -1.6658
v  -1.5859 1.7972 -1.6713
v  -1.5668 1.7952 -1.6580
v  -1.5633 1.8223 -1.6734
v  -1.5433 1.8225 -1.6595
v  -1.6407 1.7674 -1.6504
v  -1.6270 1.7611 -1.6363
v  -1.6529 1.7119 -1.6106
v  -1.6436 1.7381 -1.6086
v  -1.6327 1.7375 -1.5872
v  -1.6489 1.7096 -1.5819
v  -1.6409 1.7143 -1.5528
v  -1.6237 1.7223 -1.5246
v  -1.6160 1.7399 -1.5675
v  -1.5943 1.7455 -1.5461
v  -1.5753 1.7713 -1.6368
v  -1.6123 1.7555 -1.6211
v  -1.5966 1.7537 -1.6046
v  -1.5568 1.7717 -1.6221
v  -1.5215 1.8235 -1.6453
v  -1.5460 1.7951 -1.6443
v  -1.5254 1.7966 -1.6303
v  -1.4996 1.8255 -1.6316
v  -1.5373 1.7714 -1.6094
v  -1.5777 1.7538 -1.5896
v  -1.5556 1.7567 -1.5721
v  -1.5161 1.7720 -1.5948
v  -1.4786 1.8275 -1.6197
v  -1.5054 1.7981 -1.6179
v  -1.4847 1.7995 -1.6040
v  -1.4573 1.8293 -1.6064
v  -1.4923 1.7745 -1.5752
v  -1.5301 1.7630 -1.5489
v  -1.4991 1.7670 -1.5227
v  -1.4627 1.7747 -1.5518
v  -1.5340 1.7597 -1.4908
v  -1.5674 1.7547 -1.5189
v  -1.4339 1.8302 -1.5889
v  -1.4613 1.8002 -1.5866
v  -1.4312 1.7976 -1.5657
v  -1.4032 1.8274 -1.5683
v  -1.3624 1.8211 -1.5424
v  -1.3916 1.7915 -1.5394
v  -1.3505 1.7888 -1.5073
v  -1.3211 1.8195 -1.5082
v  -1.3830 1.7647 -1.4964
v  -1.4239 1.7689 -1.5254
v  -1.3086 1.7646 -1.4398
v  -1.3466 1.7634 -1.4690
v  -1.3116 1.7889 -1.4773
v  -1.2709 1.7925 -1.4455
v  -1.2796 1.8199 -1.4777
v  -1.2365 1.8248 -1.4445
v  -1.1840 1.8307 -1.4099
v  -1.2227 1.7986 -1.4093
v  -1.1748 1.8089 -1.3679
v  -1.1353 1.8428 -1.3680
v  -1.2165 1.7758 -1.3648
v  -1.2633 1.7691 -1.4046
v  -1.8008 1.6022 -1.9341
v  -1.8292 1.6079 -1.9469
v  -1.7696 1.6014 -1.9109
v  -1.7883 1.5883 -1.8947
v  -1.8215 1.5865 -1.9164
v  -1.8540 1.5903 -1.9290
v  -1.7362 1.5929 -1.8760
v  -1.7014 1.5783 -1.8398
v  -1.7204 1.5709 -1.8313
v  -1.7548 1.5849 -1.8629
v  -1.6708 1.5699 -1.8056
v  -1.6414 1.5634 -1.7742
v  -1.6568 1.5534 -1.7692
v  -1.6878 1.5607 -1.8001
v  -1.6106 1.5567 -1.7452
v  -1.5798 1.5498 -1.7151
v  -1.5973 1.5406 -1.7060
v  -1.6265 1.5472 -1.7385
v  -1.6450 1.5421 -1.7305
v  -1.6760 1.5482 -1.7615
v  -1.6155 1.5354 -1.6975
v  -1.6279 1.5183 -1.6973
v  -1.6614 1.5277 -1.7277
v  -1.6950 1.5362 -1.7562
v  -1.5785 1.8793 -1.7264
v  -1.5464 1.8796 -1.7138
v  -1.5739 1.8457 -1.7111
v  -1.6004 1.8477 -1.7251
v  -1.5553 1.8481 -1.6931
v  -1.5268 1.8823 -1.6923
v  -1.5055 1.8824 -1.6784
v  -1.5357 1.8487 -1.6784
v  -1.5149 1.8487 -1.6652
v  -1.4834 1.8813 -1.6667
v  -1.4656 1.8827 -1.6469
v  -1.4943 1.8508 -1.6486
v  -1.4724 1.8524 -1.6342
v  -1.4445 1.8836 -1.6322
v  -1.4221 1.8849 -1.6234
v  -1.4506 1.8537 -1.6240
v  -1.4290 1.8558 -1.6106
v  -1.3998 1.8866 -1.6093
v  -1.3771 1.8888 -1.5853
v  -1.4055 1.8577 -1.5909
v  -1.3738 1.8562 -1.5687
v  -1.3428 1.8885 -1.5623
v  -1.3020 1.8880 -1.5301
v  -1.3322 1.8525 -1.5405
v  -1.2883 1.8509 -1.5069
v  -1.2552 1.8883 -1.4978
v  -1.2127 1.8926 -1.4619
v  -1.2441 1.8520 -1.4760
v  -1.2024 1.8594 -1.4383
v  -1.1720 1.8999 -1.4219
v  -1.1276 1.9092 -1.3791
v  -1.1521 1.8680 -1.4002
v  -1.1047 1.8795 -1.3595
v  -1.0840 1.9202 -1.3398
v  -1.6227 1.9774 -1.7506
v  -1.5800 1.9755 -1.7127
v  -1.5895 1.9264 -1.7430
v  -1.6280 1.9272 -1.7777
v  -1.5568 1.9265 -1.7128
v  -1.5453 1.9724 -1.6787
v  -1.6101 1.8786 -1.7506
v  -1.6458 1.8793 -1.7797
v  -1.5112 1.9776 -1.6593
v  -1.5216 1.9309 -1.6991
v  -1.4993 1.9310 -1.6775
v  -1.4841 1.9759 -1.6408
v  -1.4585 1.9747 -1.6287
v  -1.4764 1.9299 -1.6632
v  -1.4527 1.9285 -1.6530
v  -1.4332 1.9754 -1.6202
v  -1.4156 1.9696 -1.6029
v  -1.4372 1.9258 -1.6318
v  -1.4182 1.9255 -1.6162
v  -1.3988 1.9674 -1.5866
v  -1.3791 1.9691 -1.5728
v  -1.3964 1.9281 -1.6058
v  -1.3719 1.9302 -1.5921
v  -1.3540 1.9729 -1.5576
v  -1.3306 1.9684 -1.5293
v  -1.3497 1.9296 -1.5644
v  -1.3140 1.9315 -1.5400
v  -1.2980 1.9711 -1.5004
v  -1.2601 1.9733 -1.4644
v  -1.2749 1.9325 -1.5047
v  -1.2278 1.9371 -1.4719
v  -1.2170 1.9797 -1.4275
v  -1.1771 1.9828 -1.3864
v  -1.1885 1.9411 -1.4306
v  -1.1451 1.9491 -1.3941
v  -1.1344 1.9934 -1.3519
v  -1.7539 2.0221 -1.6980
v  -1.6990 2.0197 -1.6663
v  -1.6830 2.0171 -1.7357
v  -1.7406 2.0138 -1.7684
v  -1.6319 2.0072 -1.6951
v  -1.6471 2.0079 -1.6316
v  -1.6701 1.9836 -1.7949
v  -1.7278 1.9798 -1.8258
v  -1.6014 2.0017 -1.5976
v  -1.5865 2.0042 -1.6577
v  -1.5494 1.9979 -1.6252
v  -1.5616 1.9955 -1.5694
v  -1.5273 1.9985 -1.5499
v  -1.5157 2.0021 -1.6045
v  -1.4860 2.0020 -1.5890
v  -1.4971 2.0004 -1.5355
v  -1.4711 2.0018 -1.5217
v  -1.4593 2.0023 -1.5768
v  -1.4348 2.0045 -1.5656
v  -1.4483 2.0021 -1.5081
v  -1.4277 1.9995 -1.4949
v  -1.4143 2.0014 -1.5517
v  -1.3972 1.9969 -1.5365
v  -1.4082 1.9968 -1.4814
v  -1.3876 1.9965 -1.4669
v  -1.3780 1.9953 -1.5218
v  -1.3545 1.9965 -1.5046
v  -1.3645 1.9949 -1.4499
v  -1.3387 1.9923 -1.4283
v  -1.3290 1.9916 -1.4800
v  -1.2988 1.9935 -1.4505
v  -1.3099 1.9954 -1.4000
v  -1.2762 2.0005 -1.3642
v  -1.2622 1.9985 -1.4150
v  -1.2220 2.0066 -1.3772
v  -1.2390 2.0081 -1.3260
v  -1.1994 2.0187 -1.2900
v  -1.1811 2.0132 -1.3394
v  -1.1412 2.0248 -1.3053
v  -1.1602 2.0325 -1.2574
v  -1.9530 1.7521 -1.8603
v  -1.9348 1.7412 -1.8714
v  -1.9558 1.7456 -1.9001
v  -1.9715 1.7527 -1.8909
v  -1.9176 1.7385 -1.8434
v  -1.9345 1.7560 -1.8258
v  -1.8690 1.7345 -1.8043
v  -1.8699 1.7491 -1.7876
v  -1.8905 1.7344 -1.8063
v  -1.8987 1.7519 -1.7868
v  -1.8639 1.7695 -1.7808
v  -1.8852 1.7747 -1.7790
v  -1.8737 1.7871 -1.7883
v  -1.8571 1.7883 -1.7893
v  -1.8934 1.7835 -1.7951
v  -1.8762 1.7948 -1.7995
v  -1.9072 1.7704 -1.7939
v  -1.9101 1.7834 -1.8101
v  -1.8950 1.7931 -1.8124
v  -1.8785 1.8042 -1.8143
v  -1.9153 1.7509 -1.8054
v  -1.9044 1.7375 -1.8215
v  -1.9172 1.7628 -1.8009
v  -1.9243 1.7731 -1.8137
v  -2.1596 1.8279 -1.9103
v  -2.1396 1.8247 -1.8944
v  -2.1292 1.8247 -1.9138
v  -2.1483 1.8260 -1.9264
v  -2.1105 1.8274 -1.9012
v  -2.1203 1.8266 -1.8785
v  -2.1044 1.8233 -1.9191
v  -2.1235 1.8203 -1.9296
v  -2.1427 1.8198 -1.9401
v  -2.1017 1.8303 -1.8646
v  -2.0919 1.8314 -1.8907
v  -2.0726 1.8356 -1.8817
v  -2.0818 1.8355 -1.8532
v  -2.0657 1.8311 -1.9012
v  -2.0853 1.8270 -1.9097
v  -2.0593 1.8441 -1.8454
v  -2.0518 1.8421 -1.8749
v  -2.0322 1.8516 -1.8698
v  -2.0379 1.8558 -1.8409
v  -2.0259 1.8453 -1.8869
v  -2.0454 1.8373 -1.8934
v  -2.0193 1.8671 -1.8374
v  -2.0147 1.8609 -1.8651
v  -1.9976 1.8658 -1.8578
v  -2.0015 1.8733 -1.8319
v  -1.9920 1.8582 -1.8731
v  -2.0086 1.8533 -1.8812
v  -2.0031 1.8968 -1.7344
v  -1.9850 1.9020 -1.7281
v  -1.9880 1.8905 -1.7809
v  -2.0048 1.8833 -1.7883
v  -1.9784 1.9049 -1.7778
v  -1.9743 1.9151 -1.7250
v  -1.9733 1.8896 -1.8225
v  -1.9852 1.8783 -1.8245
v  -1.9620 1.8695 -1.8545
v  -1.9760 1.8623 -1.8629
v  -1.9814 1.8692 -1.8487
v  -1.9678 1.8767 -1.8432
v  -1.9994 1.7468 -1.9480
v  -2.0100 1.7504 -1.9425
v  -1.9817 1.7479 -1.9236
v  -1.9689 1.7465 -1.9337
v  -1.9927 1.7564 -1.9180
v  -2.0178 1.7589 -1.9396
v  -1.9729 1.7440 -1.9579
v  -1.9861 1.7457 -1.9540
v  -1.9580 1.7453 -1.9443
v  -1.9514 1.7420 -1.9541
v  -1.9199 1.7020 -1.9568
v  -1.9383 1.7132 -1.9606
v  -1.9012 1.6881 -1.9519
v  -1.9257 1.6724 -1.9403
v  -1.9388 1.6876 -1.9461
v  -1.9538 1.7020 -1.9512
v  -1.8841 1.6705 -1.9477
v  -1.8676 1.6500 -1.9461
v  -1.9154 1.6548 -1.9349
v  -1.9094 1.6296 -1.9286
v  -1.8826 1.6075 -1.9318
v  -1.8505 1.6276 -1.9472
v  -1.9544 1.7309 -1.9653
v  -1.9516 1.7383 -1.9631
v  -1.9869 1.7312 -1.9645
v  -1.9806 1.7422 -1.9653
v  -2.0393 1.7513 -1.9574
v  -2.0274 1.7469 -1.9605
v  -2.0586 1.7419 -1.9702
v  -2.0462 1.7590 -1.9547
v  -2.0698 1.7501 -1.9697
v  -2.0759 1.7585 -1.9678
v  -2.0228 1.7364 -1.9661
v  -2.0069 1.7451 -1.9636
v  -1.9700 1.7167 -1.9557
v  -1.9549 1.7222 -1.9620
v  -1.9540 1.6767 -1.9377
v  -1.9681 1.6909 -1.9409
v  -1.9438 1.6626 -1.9339
v  -1.9562 1.6544 -1.9413
v  -1.9653 1.6666 -1.9431
v  -1.9796 1.6780 -1.9451
v  -1.9852 1.7052 -1.9463
v  -2.0071 1.7170 -1.9558
v  -1.9982 1.6892 -1.9486
v  -2.0192 1.7005 -1.9569
v  -2.0352 1.7253 -1.9644
v  -2.0421 1.7119 -1.9693
v  -2.0666 1.7226 -1.9829
v  -2.0637 1.7313 -1.9725
v  -2.0866 1.7360 -1.9824
v  -2.0940 1.7421 -1.9843
v  -2.0902 1.7338 -1.9979
v  -2.1155 1.7471 -2.0120
v  -2.1007 1.7480 -1.9849
v  -2.1264 1.7536 -2.0056
v  -2.1319 1.7604 -2.0003
v  -2.1056 1.7582 -1.9834
v  -2.0556 1.7145 -2.0297
v  -2.0844 1.7241 -2.0402
v  -2.0869 1.7321 -2.0182
v  -2.0612 1.7195 -2.0044
v  -2.1204 1.7297 -2.0489
v  -2.1174 1.7423 -2.0325
v  -2.0143 1.6883 -2.0085
v  -2.0326 1.7019 -2.0186
v  -2.0383 1.7065 -1.9918
v  -2.0182 1.6933 -1.9809
v  -1.9849 1.6630 -1.9936
v  -1.9990 1.6749 -1.9999
v  -1.9997 1.6815 -1.9730
v  -1.9831 1.6707 -1.9681
v  -1.9716 1.6526 -1.9892
v  -1.9705 1.6588 -1.9645
v  -1.9613 1.6470 -1.9628
v  -1.9598 1.6425 -1.9866
v  -2.1335 1.7750 -1.9849
v  -2.1102 1.7752 -1.9719
v  -2.1083 1.7680 -1.9786
v  -2.1334 1.7687 -1.9931
v  -2.0806 1.7679 -1.9637
v  -2.0846 1.7753 -1.9574
v  -2.1187 1.8096 -1.9429
v  -2.1378 1.8099 -1.9541
v  -2.0989 1.8115 -1.9318
v  -2.0940 1.8006 -1.9414
v  -2.1148 1.7992 -1.9535
v  -2.1341 1.7997 -1.9663
v  -2.1332 1.7843 -1.9761
v  -2.1118 1.7855 -1.9631
v  -2.1112 1.7804 -1.9668
v  -2.1323 1.7797 -1.9792
v  -2.0873 1.7809 -1.9525
v  -2.0888 1.7868 -1.9497
v  -2.1126 1.7916 -1.9596
v  -2.1331 1.7911 -1.9728
v  -2.0908 1.7930 -1.9469
v  -2.0524 1.7683 -1.9511
v  -2.0583 1.7766 -1.9460
v  -2.0327 1.7783 -1.9340
v  -2.0253 1.7686 -1.9373
v  -2.0789 1.8144 -1.9221
v  -2.0587 1.8187 -1.9130
v  -2.0525 1.8073 -1.9214
v  -2.0733 1.8032 -1.9311
v  -2.0628 1.7828 -1.9413
v  -2.0663 1.7888 -1.9377
v  -2.0441 1.7920 -1.9263
v  -2.0388 1.7859 -1.9304
v  -2.0482 1.7988 -1.9244
v  -2.0693 1.7951 -1.9356
v  -2.0005 1.7684 -1.9189
v  -2.0082 1.7810 -1.9201
v  -1.9858 1.7843 -1.9038
v  -1.9797 1.7686 -1.8955
v  -2.0382 1.8251 -1.9044
v  -2.0185 1.8331 -1.8972
v  -2.0113 1.8224 -1.9043
v  -2.0316 1.8141 -1.9120
v  -2.0147 1.7914 -1.9199
v  -2.0215 1.7985 -1.9164
v  -1.9999 1.8058 -1.9067
v  -1.9918 1.7971 -1.9091
v  -2.0058 1.8135 -1.9060
v  -2.0266 1.8055 -1.9146
v  -2.0007 1.8413 -1.8917
v  -1.9928 1.8301 -1.8984
v  -1.9839 1.8480 -1.8847
v  -1.9752 1.8369 -1.8913
v  -1.9609 1.7718 -1.8707
v  -1.9653 1.7889 -1.8876
v  -1.9463 1.7949 -1.8728
v  -1.9449 1.7786 -1.8487
v  -1.9713 1.8024 -1.8971
v  -1.9805 1.8123 -1.8967
v  -1.9626 1.8184 -1.8860
v  -1.9528 1.8084 -1.8843
v  -1.9691 1.8271 -1.8897
v  -1.9869 1.8207 -1.8981
v  -1.9531 1.8586 -1.8649
v  -1.9672 1.8533 -1.8748
v  -1.9579 1.8422 -1.8809
v  -1.9442 1.8458 -1.8683
v  -1.9289 1.7879 -1.8356
v  -1.9315 1.8019 -1.8581
v  -1.9182 1.8094 -1.8463
v  -1.9128 1.7961 -1.8300
v  -1.9392 1.8366 -1.8632
v  -1.9524 1.8321 -1.8773
v  -1.9482 1.8236 -1.8702
v  -1.9352 1.8289 -1.8549
v  -1.9273 1.8202 -1.8516
v  -1.9398 1.8142 -1.8667
v  -1.6824 1.8804 -1.8187
v  -1.6701 1.9298 -1.8202
v  -1.7207 1.9304 -1.8531
v  -1.7245 1.8821 -1.8513
v  -1.7403 1.7996 -1.7795
v  -1.7648 1.8123 -1.8016
v  -1.7524 1.8273 -1.8008
v  -1.7311 1.8120 -1.7694
v  -1.6642 1.8507 -1.7716
v  -1.6987 1.8536 -1.8069
v  -1.6835 1.8311 -1.7612
v  -1.7135 1.8408 -1.7976
v  -1.7345 1.8564 -1.8399
v  -1.7440 1.8431 -1.8283
v  -1.6581 1.8122 -1.7267
v  -1.6475 1.8290 -1.7350
v  -1.6824 1.8154 -1.7433
v  -1.7093 1.8170 -1.7572
v  -1.7183 1.8285 -1.7782
v  -1.7273 1.8350 -1.7972
v  -1.7517 1.8355 -1.8183
v  -1.6306 1.8487 -1.7452
v  -1.9374 1.6481 -1.9315
v  -1.9371 1.6325 -1.9275
v  -1.9508 1.6320 -1.9387
v  -1.9503 1.6437 -1.9424
v  -1.9533 1.6253 -1.9593
v  -1.9533 1.6367 -1.9642
v  -1.9512 1.6167 -1.9789
v  -1.9501 1.6305 -1.9861
v  -1.9608 1.6139 -1.9901
v  -1.9535 1.6247 -1.9987
v  -1.9738 1.6178 -1.9967
v  -1.9625 1.6327 -2.0019
v  -1.9756 1.6404 -2.0046
v  -1.9905 1.6495 -2.0094
v  -1.9870 1.6242 -2.0049
v  -2.0017 1.6328 -2.0144
v  -2.0053 1.6602 -2.0165
v  -2.0210 1.6722 -2.0255
v  -2.0170 1.6429 -2.0240
v  -2.0339 1.6544 -2.0342
v  -2.0528 1.6664 -2.0449
v  -2.0391 1.6847 -2.0354
v  -2.0613 1.6964 -2.0456
v  -2.0739 1.6776 -2.0549
v  -2.0981 1.6868 -2.0622
v  -2.0894 1.7059 -2.0552
v  -2.1262 1.7114 -2.0620
v  -2.1329 1.6903 -2.0642
v  -2.1378 1.6757 -2.0501
v  -2.1092 1.6754 -2.0538
v  -2.0971 1.6661 -2.0441
v  -2.1389 1.6581 -2.0265
v  -2.0916 1.6322 -1.9930
v  -2.1136 1.6451 -2.0073
v  -2.0791 1.6557 -2.0318
v  -2.0590 1.6432 -2.0200
v  -2.0524 1.6101 -1.9651
v  -2.0712 1.6196 -1.9794
v  -2.0407 1.6307 -2.0088
v  -2.0241 1.6200 -1.9973
v  -1.9944 1.6062 -1.9740
v  -2.0088 1.6115 -1.9853
v  -2.0359 1.6041 -1.9500
v  -2.0207 1.6007 -1.9360
v  -1.9688 1.6076 -1.9553
v  -1.9929 1.5983 -1.9151
v  -2.0060 1.5985 -1.9251
v  -1.9798 1.6040 -1.9656
v  -1.9607 1.6186 -1.9239
v  -1.9665 1.6149 -1.9405
v  -1.9757 1.6002 -1.8939
v  -1.9841 1.5998 -1.9042
v  -1.9475 1.6163 -1.9135
v  -1.9295 1.6085 -1.9084
v  -1.9486 1.5990 -1.8765
v  -1.9645 1.6000 -1.8848
v  -1.9060 1.5956 -1.9056
v  -1.8757 1.5861 -1.8993
v  -1.8980 1.5888 -1.8609
v  -1.9257 1.5954 -1.8683
v  -1.8429 1.5822 -1.8893
v  -1.8088 1.5814 -1.8729
v  -1.8336 1.5787 -1.8425
v  -1.8666 1.5839 -1.8534
v  -1.7747 1.5795 -1.8470
v  -1.7414 1.5657 -1.8203
v  -1.7695 1.5494 -1.8089
v  -1.8010 1.5715 -1.8237
v  -1.7276 1.5421 -1.7865
v  -1.7083 1.5555 -1.7917
v  -1.8415 1.4679 -1.8387
v  -1.7961 1.4857 -1.8147
v  -1.7973 1.4559 -1.8210
v  -1.7969 1.4250 -1.8348
v  -1.8420 1.4335 -1.8553
v  -1.8253 1.4529 -1.8407
v  -1.8842 1.4454 -1.8677
v  -1.7406 1.5155 -1.7903
v  -1.7797 1.5184 -1.8042
v  -1.7067 1.5096 -1.7611
v  -1.7249 1.4822 -1.7589
v  -1.7549 1.4851 -1.7915
v  -1.6728 1.5022 -1.7318
v  -1.6371 1.4934 -1.7012
v  -1.6494 1.4672 -1.7005
v  -1.6903 1.4763 -1.7278
v  -1.5944 1.5087 -1.6632
v  -1.6011 1.4847 -1.6666
v  -1.5677 1.4783 -1.6321
v  -1.5659 1.5015 -1.6282
v  -1.5696 1.4533 -1.6341
v  -1.6086 1.4589 -1.6679
v  -1.5418 1.4775 -1.5986
v  -1.5393 1.5006 -1.5611
v  -1.5305 1.4768 -1.5616
v  -1.5479 1.4998 -1.5947
v  -1.5350 1.4533 -1.6001
v  -1.5193 1.4506 -1.5600
v  -1.5509 1.5438 -1.6793
v  -1.5261 1.5401 -1.6403
v  -1.5481 1.5307 -1.6305
v  -1.5705 1.5346 -1.6686
v  -1.5880 1.5280 -1.6604
v  -1.5654 1.5222 -1.6236
v  -1.5314 1.5291 -1.5966
v  -1.5500 1.5202 -1.5919
v  -1.5397 1.5209 -1.5620
v  -1.5204 1.5295 -1.5666
v  -1.4805 1.5792 -1.6052
v  -1.4599 1.5782 -1.5617
v  -1.4657 1.5501 -1.5597
v  -1.4859 1.5542 -1.6061
v  -1.5068 1.5379 -1.6022
v  -1.4960 1.5362 -1.5697
v  -1.4969 1.5343 -1.5478
v  -1.5150 1.5305 -1.5402
v  -1.4801 1.5370 -1.5312
v  -1.5017 1.5325 -1.5135
v  -1.5302 1.5217 -1.5324
v  -1.5300 1.5006 -1.5287
v  -1.5161 1.5222 -1.4994
v  -1.5145 1.4986 -1.4944
v  -1.7707 1.4577 -1.7928
v  -1.7442 1.4581 -1.7572
v  -1.7541 1.4343 -1.7593
v  -1.7763 1.4360 -1.7962
v  -1.7310 1.3778 -1.8407
v  -1.7577 1.3971 -1.8408
v  -1.7281 1.4024 -1.8191
v  -1.7009 1.3760 -1.8277
v  -1.7569 1.4199 -1.8087
v  -1.7259 1.4136 -1.7796
v  -1.6951 1.3953 -1.7910
v  -1.6676 1.3706 -1.8020
v  -1.7424 1.4239 -1.7689
v  -1.7644 1.4281 -1.7958
v  -1.7118 1.4550 -1.7186
v  -1.6639 1.4456 -1.6949
v  -1.6694 1.4251 -1.6961
v  -1.7230 1.4265 -1.7182
v  -1.6580 1.4186 -1.7087
v  -1.7067 1.4173 -1.7376
v  -1.6866 1.4091 -1.7498
v  -1.6393 1.4114 -1.7219
v  -1.6119 1.3968 -1.7388
v  -1.6560 1.3934 -1.7642
v  -1.6314 1.3685 -1.7757
v  -1.5909 1.3705 -1.7512
v  -1.6156 1.4370 -1.6663
v  -1.5694 1.4316 -1.6331
v  -1.6166 1.4213 -1.6678
v  -1.5679 1.4145 -1.6312
v  -1.5578 1.4062 -1.6405
v  -1.6073 1.4147 -1.6768
v  -1.5898 1.4108 -1.6917
v  -1.5423 1.4036 -1.6556
v  -1.5240 1.3937 -1.6734
v  -1.5667 1.3987 -1.7105
v  -1.5501 1.3727 -1.7245
v  -1.5131 1.3698 -1.6856
v  -1.6996 1.3462 -1.8312
v  -1.7393 1.3566 -1.8436
v  -1.6656 1.3404 -1.8044
v  -1.6752 1.3113 -1.8076
v  -1.7108 1.3185 -1.8365
v  -1.7530 1.3322 -1.8455
v  -1.6303 1.3392 -1.7768
v  -1.5901 1.3399 -1.7534
v  -1.6020 1.3085 -1.7503
v  -1.6418 1.3104 -1.7758
v  -1.5503 1.3404 -1.7274
v  -1.5132 1.3407 -1.6900
v  -1.5183 1.3091 -1.6915
v  -1.5600 1.3071 -1.7254
v  -1.4747 1.3647 -1.6375
v  -1.4731 1.3399 -1.6429
v  -1.4341 1.3386 -1.5990
v  -1.4374 1.3603 -1.5936
v  -1.4356 1.3145 -1.6020
v  -1.4759 1.3124 -1.6457
v  -1.4899 1.2846 -1.6385
v  -1.5363 1.2782 -1.6799
v  -1.4473 1.2902 -1.5981
v  -1.4644 1.2711 -1.5869
v  -1.5097 1.2635 -1.6219
v  -1.5578 1.2548 -1.6584
v  -1.9409 1.4271 -1.8827
v  -1.8959 1.4151 -1.8796
v  -1.9113 1.3915 -1.8886
v  -1.9462 1.4033 -1.9035
v  -1.9288 1.4178 -1.8907
v  -1.9857 1.4136 -1.9126
v  -1.8611 1.4039 -1.8621
v  -1.8232 1.3880 -1.8469
v  -1.8399 1.3519 -1.8510
v  -1.8773 1.3752 -1.8708
v  -1.7942 1.3450 -1.8455
v  -1.7814 1.3714 -1.8446
v  -1.7669 1.3158 -1.8420
v  -1.7964 1.3284 -1.8442
v  -1.7833 1.3064 -1.8421
v  -1.8156 1.3245 -1.8472
v  -1.7289 1.2995 -1.8326
v  -1.6922 1.2868 -1.8062
v  -1.7083 1.2696 -1.8059
v  -1.7438 1.2884 -1.8315
v  -1.6604 1.2806 -1.7719
v  -1.6246 1.2766 -1.7397
v  -1.6508 1.2418 -1.7221
v  -1.6822 1.2553 -1.7674
v  -1.6027 1.2479 -1.6902
v  -1.5822 1.2755 -1.7118
v  -1.9505 1.3924 -1.9263
v  -1.9862 1.4036 -1.9474
v  -1.9153 1.3779 -1.9100
v  -1.9170 1.3658 -1.9294
v  -1.9494 1.3810 -1.9490
v  -1.9834 1.3940 -1.9723
v  -1.8833 1.3595 -1.8918
v  -1.8554 1.3373 -1.8740
v  -1.8576 1.3290 -1.8952
v  -1.8867 1.3483 -1.9110
v  -1.9200 1.3380 -1.9503
v  -1.9188 1.3529 -1.9418
v  -1.8890 1.3370 -1.9228
v  -1.8902 1.3246 -1.9315
v  -1.8577 1.3218 -1.9090
v  -1.8587 1.3108 -1.9187
v  -1.8242 1.3177 -1.8658
v  -1.7886 1.3003 -1.8587
v  -1.7872 1.2984 -1.8788
v  -1.8247 1.3133 -1.8868
v  -1.7866 1.2929 -1.8934
v  -1.8239 1.3084 -1.9015
v  -1.8259 1.2970 -1.9109
v  -1.7902 1.2801 -1.9019
v  -1.7482 1.2809 -1.8441
v  -1.7118 1.2567 -1.8190
v  -1.7072 1.2495 -1.8373
v  -1.7453 1.2777 -1.8628
v  -1.7112 1.2284 -1.8611
v  -1.7501 1.2576 -1.8860
v  -1.7446 1.2709 -1.8776
v  -1.7062 1.2407 -1.8514
v  -1.6886 1.2297 -1.7806
v  -1.6628 1.2055 -1.7415
v  -1.6536 1.1802 -1.7614
v  -1.6810 1.2142 -1.8016
v  -1.6427 1.1556 -1.7891
v  -1.6774 1.1934 -1.8285
v  -1.6768 1.2041 -1.8167
v  -1.6466 1.1664 -1.7768
v  -2.4379 1.3504 -2.1139
v  -2.4235 1.3521 -2.1223
v  -2.4322 1.3198 -2.1387
v  -2.4504 1.3190 -2.1327
v  -2.4042 1.3246 -2.1423
v  -2.3974 1.3557 -2.1283
v  -2.4104 1.2843 -2.1562
v  -2.4393 1.2773 -2.1534
v  -2.4576 1.2761 -2.1488
v  -2.3745 1.3790 -2.0907
v  -2.3981 1.3785 -2.0885
v  -2.3943 1.3902 -2.0851
v  -2.3704 1.3916 -2.0887
v  -2.4089 1.3885 -2.0762
v  -2.4116 1.3773 -2.0812
v  -2.4014 1.3989 -2.0665
v  -2.3870 1.4010 -2.0758
v  -2.3644 1.4022 -2.0792
v  -2.3824 1.3688 -2.1011
v  -2.4063 1.3692 -2.0978
v  -2.4015 1.3721 -2.0917
v  -2.3779 1.3714 -2.0936
v  -2.4137 1.3708 -2.0847
v  -2.4185 1.3674 -2.0905
v  -2.4141 1.3656 -2.1080
v  -2.4266 1.3635 -2.0997
v  -2.3894 1.3670 -2.1126
v  -2.3303 1.4032 -2.0760
v  -2.3328 1.3930 -2.0864
v  -2.2871 1.3959 -2.0811
v  -2.2882 1.4066 -2.0697
v  -2.2869 1.3834 -2.0867
v  -2.3348 1.3797 -2.0893
v  -2.2886 1.3702 -2.0990
v  -2.3395 1.3663 -2.1012
v  -2.3367 1.3701 -2.0925
v  -2.2874 1.3749 -2.0913
v  -2.3444 1.3659 -2.1134
v  -2.2911 1.3682 -2.1105
v  -2.2939 1.3637 -2.1271
v  -2.3501 1.3598 -2.1312
v  -2.2415 1.4101 -2.0608
v  -2.2393 1.4004 -2.0729
v  -2.1940 1.4044 -2.0623
v  -2.1962 1.4118 -2.0497
v  -2.1958 1.3933 -2.0685
v  -2.2394 1.3878 -2.0781
v  -2.0221 1.3992 -1.9975
v  -2.0224 1.4103 -1.9772
v  -2.0587 1.4101 -2.0052
v  -2.0597 1.4007 -2.0211
v  -2.0648 1.4100 -1.9848
v  -2.0307 1.4125 -1.9503
v  -2.1585 1.4117 -2.0371
v  -2.1560 1.4066 -2.0508
v  -2.1228 1.4070 -2.0378
v  -2.1260 1.4097 -2.0229
v  -2.1284 1.3979 -2.0506
v  -2.1601 1.3977 -2.0593
v  -2.1975 1.3820 -2.0786
v  -2.2405 1.3753 -2.0904
v  -2.2399 1.3792 -2.0829
v  -2.1991 1.3855 -2.0735
v  -2.1618 1.3886 -2.0653
v  -2.1699 1.3908 -2.0655
v  -2.2413 1.3731 -2.1005
v  -2.1966 1.3787 -2.0859
v  -2.1952 1.3718 -2.0926
v  -2.2415 1.3676 -2.1126
v  -2.1593 1.3838 -2.0683
v  -2.1267 1.3883 -2.0534
v  -2.1316 1.3804 -2.0569
v  -2.1567 1.3764 -2.0706
v  -2.0920 1.4012 -2.0380
v  -2.0915 1.4074 -2.0237
v  -2.0957 1.4078 -2.0072
v  -2.3552 1.3335 -2.1456
v  -2.2967 1.3429 -2.1399
v  -2.2981 1.3099 -2.1497
v  -2.3619 1.2966 -2.1578
v  -2.2418 1.3513 -2.1221
v  -2.1930 1.3588 -2.0949
v  -2.1919 1.3433 -2.0914
v  -2.2406 1.3307 -2.1218
v  -2.1933 1.3275 -2.0811
v  -2.2362 1.3144 -2.1095
v  -2.2337 1.2956 -2.0964
v  -2.1949 1.3060 -2.0728
v  -2.2521 1.2850 -2.1218
v  -2.2661 1.2945 -2.1380
v  -2.0872 1.3661 -2.0321
v  -2.1144 1.3758 -2.0478
v  -2.0977 1.3878 -2.0418
v  -2.0678 1.3844 -2.0254
v  -2.1490 1.3668 -2.0669
v  -2.1427 1.3547 -2.0587
v  -1.9487 1.3678 -1.9651
v  -1.9844 1.3781 -1.9877
v  -1.9499 1.3492 -1.9742
v  -1.9913 1.3568 -2.0004
v  -2.0848 1.3276 -2.0338
v  -2.1412 1.3164 -2.0526
v  -2.1413 1.3392 -2.0525
v  -2.0889 1.3476 -2.0326
v  -2.0361 1.3661 -2.0134
v  -2.0276 1.3818 -2.0067
v  -2.0359 1.3401 -2.0184
v  -2.0493 1.3537 -2.0196
v  -1.7704 1.9638 -1.5818
v  -1.7221 1.9575 -1.5637
v  -1.7113 1.9953 -1.6059
v  -1.7629 2.0014 -1.6313
v  -1.6602 1.9849 -1.5795
v  -1.6718 1.9507 -1.5447
v  -1.6270 1.9512 -1.5225
v  -1.6146 1.9800 -1.5525
v  -1.5744 1.9786 -1.5286
v  -1.5870 1.9537 -1.5017
v  -1.5218 1.9576 -1.4687
v  -1.5100 1.9837 -1.4954
v  -1.5400 1.9815 -1.5101
v  -1.5521 1.9565 -1.4837
v  -1.4967 1.9573 -1.4550
v  -1.4846 1.9844 -1.4812
v  -1.4622 1.9839 -1.4676
v  -1.4748 1.9563 -1.4419
v  -1.4541 1.9547 -1.4289
v  -1.4413 1.9818 -1.4547
v  -1.4211 1.9798 -1.4412
v  -1.4332 1.9523 -1.4156
v  -1.4114 1.9502 -1.4007
v  -1.4000 1.9789 -1.4262
v  -1.3770 1.9769 -1.4089
v  -1.3886 1.9479 -1.3828
v  -1.3649 1.9457 -1.3602
v  -1.3525 1.9761 -1.3868
v  -1.3257 1.9761 -1.3581
v  -1.3391 1.9410 -1.3329
v  -1.3119 1.9353 -1.2982
v  -1.2953 1.9760 -1.3222
v  -1.2606 1.9793 -1.2845
v  -1.2816 1.9275 -1.2521
v  -1.1970 1.9726 -1.1868
v  -1.1825 2.0108 -1.2176
v  -1.2218 1.9919 -1.2493
v  -1.2368 1.9501 -1.2178
v  -1.2575 1.8974 -1.1550
v  -1.2493 1.9229 -1.1845
v  -1.2851 1.9015 -1.2075
v  -1.2895 1.8769 -1.1771
v  -1.2199 1.9190 -1.1295
v  -1.2104 1.9458 -1.1563
v  -1.7020 1.9075 -1.5144
v  -1.6845 1.9223 -1.5297
v  -1.7345 1.9265 -1.5445
v  -1.7484 1.9061 -1.5312
v  -1.7816 1.9318 -1.5559
v  -1.7920 1.9074 -1.5418
v  -1.6148 1.9128 -1.4717
v  -1.5972 1.9277 -1.4889
v  -1.6385 1.9241 -1.5095
v  -1.6569 1.9099 -1.4935
v  -1.5478 1.9180 -1.4331
v  -1.5307 1.9321 -1.4539
v  -1.5614 1.9313 -1.4699
v  -1.5783 1.9161 -1.4512
v  -1.5043 1.9168 -1.4051
v  -1.4860 1.9317 -1.4261
v  -1.5066 1.9321 -1.4396
v  -1.5244 1.9181 -1.4181
v  -1.4622 1.9116 -1.3810
v  -1.4442 1.9279 -1.4004
v  -1.4654 1.9304 -1.4134
v  -1.4837 1.9146 -1.3932
v  -1.4182 1.9053 -1.3493
v  -1.3990 1.9219 -1.3681
v  -1.4218 1.9252 -1.3857
v  -1.4399 1.9084 -1.3668
v  -1.3982 1.9019 -1.3281
v  -1.3760 1.9169 -1.3469
v  -1.3529 1.9094 -1.3224
v  -1.3802 1.8977 -1.3029
v  -1.3626 1.8885 -1.2755
v  -1.3484 1.8729 -1.2479
v  -1.3159 1.8920 -1.2558
v  -1.3307 1.9017 -1.2911
v  -1.3414 1.8513 -1.2214
v  -1.3116 1.8741 -1.2227
v  -1.3100 1.8486 -1.1971
v  -1.3368 1.8245 -1.1995
v  -1.7974 1.8960 -1.5259
v  -1.7610 1.8943 -1.5155
v  -1.7745 1.8869 -1.5010
v  -1.7965 1.8904 -1.5130
v  -1.7402 1.8846 -1.4800
v  -1.7206 1.8944 -1.4976
v  -1.6789 1.8964 -1.4743
v  -1.7028 1.8853 -1.4530
v  -1.6658 1.8890 -1.4240
v  -1.6388 1.8993 -1.4491
v  -1.6033 1.9018 -1.4260
v  -1.6323 1.8915 -1.3975
v  -1.6039 1.8915 -1.3751
v  -1.5735 1.9023 -1.4061
v  -1.5509 1.9008 -1.3906
v  -1.5823 1.8908 -1.3580
v  -1.5630 1.8889 -1.3455
v  -1.5315 1.8981 -1.3782
v  -1.7807 1.8885 -1.4446
v  -1.7617 1.8810 -1.4611
v  -1.7925 1.8852 -1.4873
v  -1.8098 1.8929 -1.4756
v  -1.8155 1.8920 -1.5094
v  -1.8343 1.8986 -1.5024
v  -1.6933 1.8886 -1.3981
v  -1.7277 1.8826 -1.4300
v  -1.7489 1.8910 -1.4101
v  -1.7160 1.8982 -1.3762
v  -1.6341 1.8916 -1.3435
v  -1.6615 1.8924 -1.3686
v  -1.6847 1.9028 -1.3444
v  -1.6583 1.9004 -1.3164
v  -1.9709 1.9447 -1.5093
v  -1.9418 1.9426 -1.4791
v  -1.9350 1.9427 -1.4858
v  -1.9628 1.9442 -1.5165
v  -1.9060 1.9418 -1.4562
v  -1.9126 1.9404 -1.4488
v  -1.9253 1.9400 -1.4930
v  -1.8968 1.9408 -1.4653
v  -1.9518 1.9397 -1.5233
v  -1.8793 1.9440 -1.4130
v  -1.8712 1.9457 -1.4224
v  -1.8342 1.9561 -1.3855
v  -1.8438 1.9544 -1.3737
v  -1.8240 1.9519 -1.3993
v  -1.8617 1.9443 -1.4339
v  -1.8076 1.9702 -1.3325
v  -1.7978 1.9714 -1.3460
v  -1.7626 1.9875 -1.3071
v  -1.7732 1.9889 -1.2929
v  -1.7535 1.9765 -1.3232
v  -1.7880 1.9648 -1.3619
v  -1.7399 1.9959 -1.2564
v  -1.7294 1.9927 -1.2699
v  -1.7003 1.9859 -1.2362
v  -1.7090 1.9890 -1.2250
v  -1.6932 1.9756 -1.2497
v  -1.7209 1.9813 -1.2851
v  -1.6823 1.9738 -1.1998
v  -1.6753 1.9717 -1.2094
v  -1.6528 1.9546 -1.1878
v  -1.6592 1.9558 -1.1789
v  -1.6473 1.9480 -1.2009
v  -1.6695 1.9631 -1.2222
v  -1.6393 1.9372 -1.1614
v  -1.6325 1.9371 -1.1698
v  -1.6207 1.9211 -1.1451
v  -1.6132 1.9212 -1.1537
v  -1.6058 1.9173 -1.1674
v  -1.6261 1.9324 -1.1831
v  -1.5846 1.8962 -1.1118
v  -1.5763 1.8953 -1.1216
v  -1.5945 1.9074 -1.1378
v  -1.6026 1.9077 -1.1285
v  -1.5688 1.8903 -1.1363
v  -1.5868 1.9031 -1.1522
v  -1.5664 1.8863 -1.0946
v  -1.5583 1.8849 -1.1041
v  -1.5386 1.8745 -1.0854
v  -1.5467 1.8759 -1.0759
v  -1.5308 1.8696 -1.0996
v  -1.5510 1.8796 -1.1184
v  -1.5020 1.8430 -1.0352
v  -1.4933 1.8417 -1.0463
v  -1.5159 1.8608 -1.0657
v  -1.5246 1.8621 -1.0552
v  -1.4857 1.8371 -1.0614
v  -1.5076 1.8561 -1.0803
v  -1.4807 1.8185 -1.0175
v  -1.4728 1.8179 -1.0289
v  -1.4529 1.7919 -1.0117
v  -1.4602 1.7913 -1.0015
v  -1.4481 1.7896 -1.0269
v  -1.4669 1.8142 -1.0441
v  -1.8647 1.9212 -1.4867
v  -1.8817 1.9330 -1.4762
v  -1.8482 1.9336 -1.4462
v  -1.8341 1.9194 -1.4578
v  -1.8125 1.9377 -1.4126
v  -1.8010 1.9204 -1.4249
v  -1.7672 1.9284 -1.3899
v  -1.7586 1.9106 -1.4004
v  -1.7910 1.9051 -1.4352
v  -1.7256 1.9184 -1.3654
v  -1.7333 1.9380 -1.3543
v  -1.7773 1.9482 -1.3769
v  -1.7432 1.9588 -1.3396
v  -1.7010 1.9428 -1.3188
v  -1.6950 1.9214 -1.3305
v  -1.6695 1.9179 -1.2989
v  -1.6748 1.9392 -1.2851
v  -1.7106 1.9639 -1.3024
v  -1.6841 1.9591 -1.2670
v  -1.6327 1.9188 -1.2433
v  -1.6532 1.9302 -1.2609
v  -1.6617 1.9482 -1.2407
v  -1.6402 1.9351 -1.2210
v  -1.5988 1.9062 -1.1895
v  -1.6187 1.9212 -1.2045
v  -1.5939 1.8911 -1.2137
v  -1.6127 1.9056 -1.2279
v  -1.5601 1.8623 -1.1839
v  -1.5768 1.8761 -1.1994
v  -1.5808 1.8912 -1.1747
v  -1.5631 1.8782 -1.1592
v  -1.5231 1.8406 -1.1454
v  -1.5426 1.8510 -1.1654
v  -1.5444 1.8683 -1.1413
v  -1.5240 1.8588 -1.1222
v  -1.4792 1.8144 -1.1053
v  -1.5006 1.8292 -1.1247
v  -1.5010 1.8461 -1.1024
v  -1.4802 1.8278 -1.0828
v  -1.8719 1.9122 -1.5186
v  -1.8515 1.9026 -1.5250
v  -1.8692 1.9120 -1.5541
v  -1.8907 1.9223 -1.5104
v  -1.8931 1.9134 -1.5403
v  -1.9152 1.9219 -1.5353
v  -1.8493 1.9100 -1.4954
v  -1.9095 1.9324 -1.5016
v  -1.9354 1.9313 -1.5295
v  -1.8215 1.9067 -1.4674
v  -1.8563 1.8121 -1.8150
v  -1.8546 1.8007 -1.8019
v  -1.8311 1.8015 -1.8017
v  -1.8285 1.8141 -1.8180
v  -1.8001 1.8077 -1.8094
v  -1.8081 1.7984 -1.7970
v  -1.9049 1.8172 -1.8387
v  -1.8883 1.8228 -1.8379
v  -1.8826 1.8125 -1.8283
v  -1.8981 1.8040 -1.8287
v  -1.8161 1.8220 -1.8303
v  -1.8109 1.8261 -1.8433
v  -1.7854 1.8280 -1.8270
v  -1.7923 1.8189 -1.8179
v  -1.8469 1.8225 -1.8510
v  -1.8412 1.8196 -1.8361
v  -1.8612 1.8183 -1.8307
v  -1.8678 1.8225 -1.8448
v  -1.8297 1.8244 -1.8518
v  -1.8293 1.8218 -1.8404
v  -1.9128 1.8273 -1.8429
v  -1.9194 1.8354 -1.8487
v  -1.9003 1.8371 -1.8530
v  -1.8944 1.8304 -1.8450
v  -1.8074 1.8316 -1.8541
v  -1.7799 1.8339 -1.8384
v  -1.7755 1.8420 -1.8503
v  -1.8053 1.8402 -1.8639
v  -1.8540 1.8364 -1.8701
v  -1.8509 1.8283 -1.8616
v  -1.8734 1.8288 -1.8542
v  -1.8784 1.8356 -1.8630
v  -1.8300 1.8301 -1.8613
v  -1.8305 1.8386 -1.8700
v  -1.7704 1.8557 -1.8618
v  -1.8038 1.8537 -1.8738
v  -1.7680 1.8813 -1.8699
v  -1.8066 1.8783 -1.8794
v  -1.9132 1.8591 -1.8718
v  -1.9052 1.8455 -1.8625
v  -1.9237 1.8424 -1.8580
v  -1.9299 1.8526 -1.8658
v  -1.8827 1.8463 -1.8721
v  -1.8906 1.8645 -1.8800
v  -1.8641 1.8695 -1.8844
v  -1.8572 1.8488 -1.8781
v  -1.8318 1.8515 -1.8786
v  -1.8370 1.8743 -1.8838
v  -1.9545 1.8861 -1.8564
v  -1.9425 1.8712 -1.8667
v  -1.9290 1.8862 -1.8741
v  -1.9489 1.9141 -1.8495
v  -1.9619 1.8894 -1.8466
v  -1.9665 1.9051 -1.8306
v  -1.8171 1.9197 -1.8758
v  -1.7740 1.9247 -1.8650
v  -1.7847 1.9679 -1.8385
v  -1.8315 1.9638 -1.8519
v  -1.8910 1.9394 -1.8468
v  -1.8785 1.9061 -1.8813
v  -1.9056 1.8984 -1.8802
v  -1.9215 1.9344 -1.8513
v  -1.8500 1.9131 -1.8799
v  -1.8649 1.9518 -1.8508
v  -1.9735 1.9246 -1.7851
v  -1.9703 1.9350 -1.7322
v  -1.9593 1.9582 -1.7365
v  -1.9588 1.9471 -1.7955
v  -1.8519 2.0103 -1.7326
v  -1.8063 2.0157 -1.7199
v  -1.7965 2.0023 -1.7876
v  -1.8449 1.9977 -1.8001
v  -1.9356 1.9750 -1.7371
v  -1.9327 1.9626 -1.7994
v  -1.9001 1.9630 -1.7953
v  -1.9054 1.9783 -1.7356
v  -1.8768 1.9805 -1.7996
v  -1.8816 1.9927 -1.7359
v  -1.9514 1.9225 -1.6339
v  -1.9716 1.9104 -1.6771
v  -1.9878 1.9011 -1.6749
v  -1.9616 1.9157 -1.6127
v  -1.9498 1.9371 -1.6537
v  -1.9643 1.9230 -1.6827
v  -1.8448 1.9719 -1.6058
v  -1.8114 1.9710 -1.5938
v  -1.8096 2.0054 -1.6493
v  -1.8496 2.0016 -1.6620
v  -1.9630 1.9366 -1.6965
v  -1.9540 1.9528 -1.6873
v  -1.9193 1.9311 -1.6035
v  -1.8870 1.9381 -1.5877
v  -1.9171 1.9155 -1.5823
v  -1.8964 1.9639 -1.6212
v  -1.9256 1.9532 -1.6328
v  -1.9169 1.9138 -1.5634
v  -1.9407 1.9202 -1.5679
v  -1.8493 1.9397 -1.5749
v  -1.8202 1.9355 -1.5651
v  -1.8282 1.9083 -1.5479
v  -1.8673 1.9471 -1.5873
v  -1.8708 1.9699 -1.6159
v  -1.8272 1.8973 -1.5286
v  -1.8788 1.9903 -1.6697
v  -1.9042 1.9805 -1.6738
v  -1.9328 1.9710 -1.6791
v  -1.9635 1.9274 -1.5665
v  -1.9821 1.9338 -1.5614
v  -1.9907 1.9133 -1.6126
v  -2.0184 1.9141 -1.6079
v  -1.9942 1.9386 -1.5536
v  -2.0251 1.9232 -1.5880
v  -2.0328 1.9239 -1.5785
v  -2.0034 1.9390 -1.5444
v  -2.1773 1.8363 -1.8476
v  -2.1589 1.8272 -1.8695
v  -2.1807 1.8301 -1.8891
v  -2.2011 1.8354 -1.8692
v  -2.1384 1.8296 -1.8497
v  -2.1566 1.8403 -1.8253
v  -2.1396 1.8470 -1.8018
v  -2.1196 1.8345 -1.8305
v  -2.0988 1.8417 -1.8135
v  -2.1224 1.8599 -1.7729
v  -2.0725 1.8533 -1.8016
v  -2.0465 1.8662 -1.7946
v  -2.0879 1.8718 -1.7572
v  -2.0545 1.8889 -1.7338
v  -2.0244 1.8768 -1.7918
v  -2.0252 1.8932 -1.7360
v  -2.0116 1.8960 -1.6717
v  -2.0347 1.8937 -1.6677
v  -2.1287 1.8935 -1.7188
v  -2.1020 1.9056 -1.6959
v  -2.0967 1.8873 -1.7208
v  -2.1246 1.8800 -1.7400
v  -2.0686 1.8920 -1.6931
v  -2.0741 1.9097 -1.6636
v  -2.0504 1.8951 -1.6633
v  -2.0500 1.9095 -1.6339
v  -2.0897 1.9398 -1.6353
v  -2.0611 1.9298 -1.6069
v  -2.0532 1.9235 -1.6172
v  -2.0788 1.9290 -1.6476
v  -2.1080 1.9181 -1.6800
v  -2.1355 1.9016 -1.7052
v  -2.1424 1.9031 -1.6978
v  -2.1177 1.9227 -1.6686
v  -2.4213 1.2121 -2.1936
v  -2.4543 1.2078 -2.1959
v  -2.4477 1.2381 -2.1737
v  -2.4167 1.2445 -2.1744
v  -2.4701 1.2369 -2.1694
v  -2.4817 1.2043 -2.1880
v  -2.3389 1.2209 -2.1781
v  -2.3817 1.2170 -2.1892
v  -2.3721 1.2552 -2.1749
v  -2.3238 1.2632 -2.1715
v  -2.2847 1.2623 -2.1569
v  -2.2580 1.2623 -2.1285
v  -2.2698 1.2350 -2.1229
v  -2.3005 1.2257 -2.1549
v  -2.2345 1.2688 -2.0966
v  -2.1955 1.2762 -2.0755
v  -2.1969 1.2458 -2.0772
v  -2.2394 1.2424 -2.0944
v  -2.1412 1.2855 -2.0581
v  -2.0831 1.2972 -2.0403
v  -2.0818 1.2645 -2.0513
v  -2.1412 1.2535 -2.0645
v  -2.0302 1.3122 -2.0250
v  -1.9848 1.3230 -2.0056
v  -1.9894 1.2908 -2.0024
v  -2.0302 1.2783 -2.0301
v  -1.9523 1.3236 -1.9782
v  -1.9224 1.3176 -1.9563
v  -1.9265 1.2947 -1.9578
v  -1.9573 1.2966 -1.9759
v  -1.8917 1.3080 -1.9418
v  -1.8962 1.2872 -1.9472
v  -1.8610 1.2956 -1.9310
v  -1.8664 1.2760 -1.9385
v  -1.7950 1.2636 -1.9121
v  -1.8293 1.2814 -1.9224
v  -1.8359 1.2616 -1.9297
v  -1.8030 1.2433 -1.9188
v  -1.7566 1.2409 -1.8962
v  -1.7170 1.2128 -1.8727
v  -1.7658 1.2206 -1.9037
v  -1.7252 1.1927 -1.8832
v  -1.6404 1.1428 -1.8000
v  -1.6791 1.1794 -1.8408
v  -1.6830 1.1598 -1.8536
v  -1.6396 1.1276 -1.8105
v  -2.1448 1.2244 -2.0543
v  -2.2005 1.2195 -2.0646
v  -2.0881 1.2368 -2.0392
v  -2.1007 1.2198 -2.0127
v  -2.1551 1.2081 -2.0243
v  -2.2088 1.2031 -2.0347
v  -2.0403 1.2521 -2.0157
v  -2.0002 1.2652 -1.9900
v  -2.0147 1.2417 -1.9705
v  -2.0546 1.2318 -1.9930
v  -1.9662 1.2722 -1.9669
v  -1.9348 1.2718 -1.9497
v  -1.9474 1.2475 -1.9324
v  -1.9795 1.2475 -1.9493
v  -1.9056 1.2662 -1.9379
v  -1.8772 1.2558 -1.9286
v  -1.9185 1.2429 -1.9200
v  -1.8916 1.2335 -1.9100
v  -1.7456 1.1714 -1.8724
v  -1.7836 1.1990 -1.8934
v  -1.7695 1.1645 -1.8421
v  -1.8060 1.1843 -1.8674
v  -1.8378 1.2017 -1.8863
v  -1.8181 1.2216 -1.9082
v  -1.6564 1.1062 -1.8059
v  -1.7042 1.1387 -1.8435
v  -1.7280 1.1373 -1.8107
v  -1.6796 1.1048 -1.7765
v  -1.4839 1.3845 -1.6272
v  -1.4991 1.3938 -1.6127
v  -1.4596 1.3883 -1.5735
v  -1.4464 1.3780 -1.5849
v  -1.4052 1.3150 -1.5682
v  -1.4155 1.2944 -1.5657
v  -1.3956 1.2963 -1.5405
v  -1.3864 1.3157 -1.5414
v  -1.4110 1.2838 -1.5424
v  -1.4299 1.2790 -1.5586
v  -1.3953 1.3523 -1.5468
v  -1.3870 1.3367 -1.5429
v  -1.4042 1.3368 -1.5676
v  -1.4094 1.3563 -1.5631
v  -1.5195 1.4131 -1.5937
v  -1.4817 1.4068 -1.5482
v  -1.4709 1.3961 -1.5629
v  -1.5115 1.3987 -1.5996
v  -1.4085 1.3689 -1.5205
v  -1.3969 1.3605 -1.5337
v  -1.4171 1.3721 -1.5546
v  -1.4282 1.3836 -1.5437
v  -1.3946 1.3209 -1.5006
v  -1.3784 1.3174 -1.5161
v  -1.3830 1.3418 -1.5217
v  -1.3961 1.3465 -1.5059
v  -1.3903 1.2949 -1.5171
v  -1.4080 1.2990 -1.5062
v  -1.4142 1.2827 -1.5273
v  -1.4250 1.2872 -1.5178
v  -1.5740 1.2436 -1.6305
v  -1.6111 1.2310 -1.6610
v  -1.6212 1.2236 -1.6319
v  -1.5906 1.2408 -1.6024
v  -1.6326 1.1961 -1.6561
v  -1.6386 1.2144 -1.6843
v  -1.6324 1.1823 -1.7047
v  -1.6141 1.1599 -1.6713
v  -1.5827 1.1317 -1.6823
v  -1.6152 1.1535 -1.7206
v  -1.6036 1.1353 -1.7344
v  -1.5979 1.1204 -1.7450
v  -1.5601 1.1152 -1.6946
v  -1.5480 1.0991 -1.7064
v  -1.5434 1.0804 -1.7160
v  -1.5945 1.1066 -1.7530
v  -1.5927 1.0947 -1.7592
v  -1.5430 1.0629 -1.7239
v  -1.5535 1.0437 -1.7264
v  -1.6017 1.0752 -1.7624
v  -1.5737 1.0369 -1.7133
v  -1.6227 1.0689 -1.7425
v  -1.5083 1.0418 -1.6972
v  -1.5251 1.0228 -1.6976
v  -1.4995 1.0312 -1.6753
v  -1.5445 1.0153 -1.6665
v  -1.5485 1.0188 -1.6895
v  -1.5171 1.0197 -1.6688
v  -1.5068 1.0649 -1.6857
v  -1.5010 1.0463 -1.6578
v  -1.5148 1.0866 -1.6717
v  -1.5127 1.0659 -1.6420
v  -1.5325 1.0466 -1.6340
v  -1.5210 1.0310 -1.6480
v  -1.5471 1.0243 -1.6472
v  -1.5500 1.0365 -1.6358
v  -1.5325 1.1035 -1.6591
v  -1.5629 1.1197 -1.6499
v  -1.5653 1.1022 -1.6293
v  -1.5319 1.0834 -1.6310
v  -1.5739 1.0182 -1.6673
v  -1.5691 1.0198 -1.6839
v  -1.5966 1.0333 -1.6973
v  -1.6137 1.0296 -1.6751
v  -1.5822 1.0813 -1.6215
v  -1.5515 1.0613 -1.6254
v  -1.5699 1.0433 -1.6323
v  -1.6027 1.0597 -1.6295
v  -1.5758 1.0270 -1.6474
v  -1.6148 1.0403 -1.6485
v  -1.5965 1.7317 -1.4945
v  -1.5616 1.7374 -1.4667
v  -1.5725 1.7040 -1.4572
v  -1.6077 1.6976 -1.4818
v  -1.4609 1.7636 -1.4960
v  -1.4223 1.7570 -1.4710
v  -1.4582 1.7486 -1.4449
v  -1.4951 1.7547 -1.4666
v  -1.3969 1.7430 -1.4042
v  -1.4287 1.7457 -1.4255
v  -1.3898 1.7547 -1.4478
v  -1.3555 1.7541 -1.4228
v  -1.6074 1.6674 -1.4724
v  -1.5749 1.6487 -1.4844
v  -1.5708 1.6774 -1.4511
v  -1.5414 1.6600 -1.4637
v  -1.5200 1.7330 -1.4477
v  -1.4827 1.7292 -1.4290
v  -1.4943 1.7065 -1.4217
v  -1.5317 1.7061 -1.4399
v  -1.4532 1.7264 -1.4112
v  -1.4228 1.7242 -1.3890
v  -1.4330 1.7014 -1.3811
v  -1.4645 1.7049 -1.4028
v  -1.5296 1.6845 -1.4381
v  -1.5035 1.6686 -1.4503
v  -1.4901 1.6879 -1.4253
v  -1.4670 1.6712 -1.4339
v  -1.4816 1.6478 -1.4808
v  -1.5122 1.6419 -1.5050
v  -1.4556 1.6102 -1.5163
v  -1.4278 1.6130 -1.4838
v  -1.4277 1.6814 -1.3828
v  -1.4572 1.6866 -1.4083
v  -1.4336 1.6711 -1.4161
v  -1.4062 1.6649 -1.3887
v  -1.4343 1.5790 -1.5200
v  -1.4352 1.5535 -1.5162
v  -1.4081 1.5803 -1.4830
v  -1.4068 1.5541 -1.4797
v  -1.4229 1.6470 -1.4372
v  -1.4510 1.6489 -1.4594
v  -1.4042 1.6127 -1.4565
v  -1.3835 1.6121 -1.4321
v  -1.3749 1.6428 -1.3866
v  -1.3970 1.6455 -1.4148
v  -1.3644 1.6131 -1.4075
v  -1.3486 1.6148 -1.3790
v  -1.4547 1.5382 -1.4992
v  -1.4774 1.5331 -1.4780
v  -1.4240 1.5362 -1.4649
v  -1.4439 1.5289 -1.4454
v  -1.3659 1.5810 -1.4284
v  -1.3857 1.5803 -1.4537
v  -1.3819 1.5543 -1.4510
v  -1.3590 1.5552 -1.4259
v  -1.3483 1.5844 -1.4024
v  -1.3403 1.5605 -1.3980
v  -1.3358 1.5889 -1.3725
v  -1.3298 1.5684 -1.3656
v  -1.4899 1.5194 -1.4605
v  -1.4851 1.4928 -1.4556
v  -1.4482 1.5109 -1.4335
v  -1.4425 1.4844 -1.4268
v  -1.3931 1.5341 -1.4396
v  -1.3642 1.5348 -1.4163
v  -1.3756 1.5251 -1.4000
v  -1.4080 1.5246 -1.4226
v  -1.3311 1.5535 -1.3539
v  -1.3426 1.5423 -1.3876
v  -1.3302 1.5386 -1.3405
v  -1.3491 1.5302 -1.3736
v  -1.3725 1.5049 -1.3903
v  -1.4073 1.5054 -1.4140
v  -1.4013 1.4782 -1.4051
v  -1.3648 1.4757 -1.3815
v  -1.3434 1.5094 -1.3630
v  -1.3336 1.4782 -1.3535
v  -1.3164 1.5169 -1.3312
v  -1.3023 1.4847 -1.3198
v  -2.1542 1.7463 -2.0444
v  -2.1861 1.7480 -2.0514
v  -2.1634 1.7317 -2.0559
v  -2.2109 1.7295 -2.0608
v  -2.1742 1.7588 -2.0423
v  -2.1482 1.7559 -2.0325
v  -2.1690 1.7667 -2.0350
v  -2.1500 1.7609 -2.0227
v  -2.1672 1.7726 -2.0276
v  -2.1534 1.7650 -2.0148
v  -2.1840 1.7646 -2.0541
v  -2.1758 1.7734 -2.0464
v  -2.1828 1.7804 -2.0533
v  -2.1913 1.7718 -2.0620
v  -2.1781 1.7871 -2.0450
v  -2.1714 1.7802 -2.0382
v  -2.1532 1.7715 -2.0055
v  -2.1658 1.7774 -2.0168
v  -2.1652 1.7814 -2.0021
v  -2.1514 1.7763 -1.9954
v  -2.1515 1.7822 -1.9866
v  -2.1471 1.7790 -1.9878
v  -2.1694 1.7854 -2.0277
v  -2.1757 1.7927 -2.0360
v  -2.1754 1.7986 -2.0263
v  -2.1691 1.7911 -2.0164
v  -2.1672 1.8024 -1.9844
v  -2.1520 1.8008 -1.9764
v  -2.1519 1.7896 -1.9832
v  -2.1662 1.7911 -1.9939
v  -2.1705 1.7988 -2.0059
v  -2.1775 1.8059 -2.0157
v  -2.1827 1.8156 -2.0042
v  -2.1743 1.8094 -1.9945
v  -2.1727 1.8158 -1.9713
v  -2.1563 1.8126 -1.9635
v  -2.1625 1.8229 -1.9491
v  -2.1804 1.8276 -1.9575
v  -2.2166 1.7869 -2.0687
v  -2.2037 1.7800 -2.0669
v  -2.2182 1.7695 -2.0759
v  -2.2309 1.7772 -2.0766
v  -2.2059 1.7607 -2.0714
v  -2.2277 1.7469 -2.0809
v  -2.2387 1.7569 -2.0834
v  -2.2495 1.7658 -2.0829
v  -2.2024 1.7994 -2.0530
v  -2.1900 1.7937 -2.0497
v  -2.1949 1.7877 -2.0580
v  -2.2075 1.7941 -2.0606
v  -2.2002 1.8085 -2.0391
v  -2.1873 1.8045 -2.0340
v  -2.1876 1.7989 -2.0420
v  -2.2001 1.8038 -2.0461
v  -2.1953 1.8196 -2.0142
v  -2.1894 1.8115 -2.0246
v  -2.2026 1.8142 -2.0309
v  -2.2084 1.8206 -2.0221
v  -2.2575 1.7715 -2.0771
v  -2.2404 1.7812 -2.0711
v  -2.2474 1.7819 -2.0629
v  -2.2631 1.7739 -2.0682
v  -2.2349 1.7890 -2.0573
v  -2.2268 1.7896 -2.0642
v  -2.2183 1.7964 -2.0577
v  -2.2272 1.7947 -2.0521
v  -2.2230 1.7989 -2.0471
v  -2.2137 1.8014 -2.0516
v  -2.2115 1.8049 -2.0461
v  -2.2213 1.8017 -2.0426
v  -2.2215 1.8040 -2.0373
v  -2.2117 1.8084 -2.0402
v  -2.2138 1.8123 -2.0328
v  -2.2187 1.8171 -2.0249
v  -2.2231 1.8068 -2.0305
v  -2.2270 1.8106 -2.0231
v  -2.2342 1.8157 -2.0159
v  -2.2275 1.8233 -2.0178
v  -2.2397 1.8295 -2.0131
v  -2.2443 1.8212 -2.0096
v  -2.2322 1.8362 -2.0090
v  -2.2183 1.8281 -2.0137
v  -2.2548 1.8343 -2.0113
v  -2.2729 1.8367 -2.0131
v  -2.2579 1.8267 -2.0058
v  -2.2748 1.8296 -2.0063
v  -2.2707 1.8453 -2.0152
v  -2.2500 1.8425 -2.0102
v  -2.3144 1.8361 -2.0322
v  -2.2926 1.8434 -2.0232
v  -2.2932 1.8346 -2.0190
v  -2.3133 1.8266 -2.0271
v  -2.2942 1.8279 -2.0110
v  -2.3138 1.8205 -2.0176
v  -2.3317 1.8079 -2.0226
v  -2.3323 1.8135 -2.0329
v  -2.3505 1.7984 -2.0355
v  -2.3483 1.7936 -2.0259
v  -2.3549 1.8057 -2.0423
v  -2.3356 1.8227 -2.0387
v  -2.3653 1.7813 -2.0374
v  -2.3618 1.7778 -2.0290
v  -2.3673 1.7612 -2.0352
v  -2.3819 1.7682 -2.0483
v  -2.3711 1.7873 -2.0450
v  -2.3734 1.7636 -2.0421
v  -2.3733 1.7485 -2.0507
v  -2.3840 1.7488 -2.0552
v  -2.3656 1.7486 -2.0442
v  -2.3595 1.7401 -2.0538
v  -2.3670 1.7380 -2.0609
v  -2.3770 1.7349 -2.0666
v  -2.3560 1.7336 -2.0714
v  -2.3639 1.7283 -2.0785
v  -2.3500 1.7369 -2.0630
v  -2.3409 1.7366 -2.0803
v  -2.3367 1.7398 -2.0703
v  -2.3456 1.7300 -2.0897
v  -2.3189 1.7470 -2.0739
v  -2.3205 1.7440 -2.0848
v  -2.2978 1.7529 -2.0851
v  -2.2992 1.7566 -2.0744
v  -2.2954 1.7447 -2.0938
v  -2.3217 1.7363 -2.0949
v  -2.2766 1.7615 -2.0818
v  -2.2712 1.7544 -2.0886
v  -2.2804 1.7652 -2.0722
v  -2.2598 1.8186 -1.9972
v  -2.2479 1.8118 -2.0030
v  -2.2507 1.8016 -1.9951
v  -2.2777 1.8144 -1.9844
v  -2.2763 1.8224 -1.9963
v  -2.2610 1.8094 -1.9865
v  -2.2951 1.8211 -2.0003
v  -2.2961 1.8136 -1.9879
v  -2.3143 1.8078 -1.9933
v  -2.3141 1.8145 -2.0061
v  -2.3305 1.7974 -1.9975
v  -2.3312 1.8029 -2.0106
v  -2.3446 1.7848 -2.0015
v  -2.3464 1.7893 -2.0143
v  -2.3583 1.7746 -2.0185
v  -2.3546 1.7709 -2.0066
v  -2.3568 1.7572 -2.0140
v  -2.3619 1.7596 -2.0255
v  -2.3589 1.7487 -2.0343
v  -2.3529 1.7473 -2.0224
v  -2.3455 1.7415 -2.0309
v  -2.3525 1.7417 -2.0433
v  -2.3437 1.7391 -2.0518
v  -2.3370 1.7402 -2.0391
v  -2.3265 1.7428 -2.0453
v  -2.3320 1.7417 -2.0584
v  -2.2994 1.7573 -2.0617
v  -2.2830 1.7657 -2.0599
v  -2.2987 1.7568 -2.0475
v  -2.2846 1.7641 -2.0459
v  -2.2710 1.7705 -2.0440
v  -2.2676 1.7733 -2.0568
v  -2.3131 1.7488 -2.0476
v  -2.3164 1.7483 -2.0614
v  -2.2788 1.8052 -1.9715
v  -2.2972 1.8054 -1.9743
v  -2.2819 1.7913 -1.9620
v  -2.2987 1.7945 -1.9625
v  -2.3147 1.7904 -1.9668
v  -2.3146 1.8003 -1.9797
v  -2.3279 1.7824 -1.9715
v  -2.3298 1.7907 -1.9839
v  -2.3368 1.7702 -1.9766
v  -2.3427 1.7787 -1.9880
v  -2.3499 1.7651 -1.9944
v  -2.3423 1.7587 -1.9835
v  -2.3410 1.7486 -1.9909
v  -2.3503 1.7530 -2.0024
v  -2.3456 1.7444 -2.0104
v  -2.3368 1.7421 -1.9987
v  -2.3290 1.7398 -2.0049
v  -2.3378 1.7404 -2.0183
v  -2.3294 1.7404 -2.0261
v  -2.3219 1.7408 -2.0126
v  -2.3136 1.7444 -2.0165
v  -2.3199 1.7436 -2.0318
v  -2.3052 1.7490 -2.0186
v  -2.3088 1.7492 -2.0335
v  -2.2970 1.7556 -2.0328
v  -2.2961 1.7534 -2.0166
v  -2.2353 1.7909 -2.0462
v  -2.2424 1.7859 -2.0499
v  -2.2488 1.7819 -2.0411
v  -2.2420 1.7868 -2.0393
v  -2.2375 1.7904 -2.0382
v  -2.2315 1.7944 -2.0422
v  -2.3044 1.7499 -1.9730
v  -2.2982 1.7502 -1.9978
v  -2.3037 1.7479 -2.0026
v  -2.3091 1.7452 -1.9977
v  -2.3270 1.7464 -1.9802
v  -2.3314 1.7534 -1.9756
v  -2.3255 1.7598 -1.9689
v  -2.2388 1.7902 -2.0330
v  -2.2303 1.7963 -2.0376
v  -2.2400 1.7906 -2.0261
v  -2.2308 1.7977 -2.0320
v  -2.3115 1.7726 -1.9614
v  -2.3007 1.7786 -1.9596
v  -2.2903 1.7721 -1.9611
v  -2.3219 1.7706 -1.9648
v  -2.3189 1.7421 -1.9902
v  -2.3265 1.7424 -1.9881
v  -2.3156 1.7425 -1.9983
v  -2.2870 1.7580 -2.0164
v  -2.2853 1.7615 -2.0314
v  -2.2781 1.7623 -2.0143
v  -2.2738 1.7670 -2.0301
v  -2.2859 1.7562 -1.9955
v  -2.2913 1.7536 -2.0009
v  -2.2762 1.7611 -1.9787
v  -2.2772 1.7694 -1.9663
v  -2.2665 1.7838 -1.9692
v  -2.2592 1.7767 -1.9876
v  -2.2535 1.7798 -2.0535
v  -2.2588 1.7764 -2.0424
v  -2.2536 1.7786 -2.0299
v  -2.2460 1.7844 -2.0307
v  -2.2569 1.7761 -2.0170
v  -2.2482 1.7833 -2.0210
v  -2.2630 1.7727 -2.0296
v  -2.2674 1.7685 -2.0146
v  -2.2414 1.7920 -2.0183
v  -2.2323 1.7998 -2.0253
v  -2.2432 1.7942 -2.0106
v  -2.2354 1.8028 -2.0180
v  -2.2457 1.7976 -2.0037
v  -2.2405 1.8067 -2.0106
v  -2.2593 1.7744 -2.0028
v  -2.2496 1.7837 -2.0103
v  -2.2503 1.7857 -2.0017
v  -2.2498 1.7897 -1.9977
v  -2.2535 1.7904 -1.9883
v  -2.2615 1.7982 -1.9756
v  -2.2728 1.7635 -1.9969
v  -2.2206 1.7376 -2.0736
v  -2.1981 1.7531 -2.0634
v  -2.2641 1.7432 -2.0917
v  -2.2571 1.7304 -2.0922
v  -2.2925 1.7307 -2.1002
v  -2.2896 1.7142 -2.1045
v  -2.3241 1.7027 -2.1090
v  -2.3229 1.7215 -2.1035
v  -2.3517 1.7166 -2.0985
v  -2.3579 1.6983 -2.1046
v  -2.3881 1.7032 -2.0914
v  -2.3754 1.7184 -2.0860
v  -2.3923 1.7292 -2.0722
v  -2.4146 1.7172 -2.0749
v  -2.4174 1.7493 -2.0588
v  -2.3999 1.7494 -2.0587
v  -2.3958 1.7758 -2.0543
v  -2.4171 1.7863 -2.0576
v  -2.4384 1.7772 -2.0566
v  -2.4334 1.7475 -2.0556
v  -2.4471 1.7451 -2.0485
v  -2.4538 1.7747 -2.0501
v  -2.4363 1.7192 -2.0660
v  -2.4509 1.7167 -2.0580
v  -2.3824 1.7979 -2.0495
v  -2.3959 1.8110 -2.0495
v  -2.3635 1.8174 -2.0423
v  -2.3732 1.8299 -2.0383
v  -2.3489 1.8479 -2.0286
v  -2.3419 1.8354 -2.0352
v  -2.3184 1.8493 -2.0277
v  -2.3233 1.8621 -2.0197
v  -2.2967 1.8682 -2.0096
v  -2.2939 1.8558 -2.0189
v  -2.2689 1.8553 -2.0093
v  -2.2692 1.8648 -1.9985
v  -2.2059 1.8288 -2.0033
v  -2.2216 1.8394 -1.9973
v  -2.2087 1.8420 -1.9795
v  -2.1926 1.8274 -1.9914
v  -2.1823 1.8228 -1.9810
v  -2.1926 1.8341 -1.9672
v  -2.2400 1.8552 -1.9878
v  -2.2436 1.8492 -2.0007
v  -2.1688 1.8302 -1.9368
v  -2.1809 1.8341 -1.9236
v  -2.1876 1.8357 -1.9460
v  -2.2006 1.8408 -1.9356
v  -2.2184 1.8481 -1.9655
v  -2.2019 1.8409 -1.9558
v  -2.2156 1.8466 -1.9476
v  -2.2265 1.8513 -1.9576
v  -2.2240 1.8467 -1.9255
v  -2.2036 1.8369 -1.9078
v  -2.2258 1.8418 -1.8922
v  -2.2474 1.8533 -1.9153
v  -2.2474 1.8591 -1.9599
v  -2.2395 1.8548 -1.9433
v  -2.2643 1.8616 -1.9387
v  -2.2807 1.8686 -1.9647
v  -2.2743 1.8688 -1.9840
v  -2.2446 1.8583 -1.9744
v  -2.3018 1.8745 -1.9962
v  -2.3290 1.8683 -2.0079
v  -2.3343 1.8732 -1.9961
v  -2.3083 1.8761 -1.9826
v  -2.3556 1.8546 -2.0180
v  -2.3823 1.8398 -2.0300
v  -2.3889 1.8514 -2.0232
v  -2.3614 1.8628 -2.0090
v  -2.4312 1.8085 -2.0531
v  -2.4091 1.8249 -2.0451
v  -2.4169 1.8380 -2.0333
v  -2.4480 1.8203 -2.0354
v  -2.4439 1.7965 -2.0559
v  -2.4572 1.7977 -2.0497
v  -2.4143 1.8525 -2.0187
v  -2.3906 1.8633 -2.0147
v  -2.4319 1.8467 -2.0132
v  -2.4173 1.8675 -1.9940
v  -2.4028 1.8698 -2.0022
v  -2.3881 1.8734 -2.0048
v  -2.3700 1.8857 -1.9944
v  -2.3642 1.8757 -2.0030
v  -2.3376 1.8853 -1.9884
v  -2.3404 1.9032 -1.9752
v  -2.3832 1.8899 -1.9831
v  -2.3991 1.8900 -1.9706
v  -2.3787 1.9120 -1.9449
v  -2.3608 1.9103 -1.9605
v  -2.3150 1.8980 -1.9601
v  -2.3153 1.8833 -1.9715
v  -2.3038 1.8835 -1.9387
v  -2.2983 1.8719 -1.9517
v  -2.3586 1.9319 -1.9195
v  -2.3417 1.9299 -1.9344
v  -2.3285 1.9479 -1.9094
v  -2.3397 1.9525 -1.8953
v  -2.3137 1.9435 -1.9181
v  -2.3238 1.9248 -1.9453
v  -2.3236 1.9642 -1.8906
v  -2.3118 1.9624 -1.8933
v  -2.3289 1.9662 -1.8860
v  -2.3243 1.9738 -1.8799
v  -2.3235 1.9745 -1.8719
v  -2.2998 1.9486 -1.8880
v  -2.3000 1.9281 -1.9128
v  -2.3108 1.9604 -1.8631
v  -2.3096 1.9461 -1.8642
v  -2.3018 1.9341 -1.8826
v  -2.3034 1.9067 -1.8974
v  -2.3064 1.9121 -1.9393
v  -2.3030 1.8950 -1.9202
v  -2.3058 1.9280 -1.8755
v  -2.3070 1.9066 -1.8826
v  -2.3075 1.9425 -1.8671
v  -2.3087 1.9293 -1.8707
v  -2.3119 1.9083 -1.8751
v  -2.3065 1.8919 -1.8731
v  -2.3028 1.8915 -1.8786
v  -2.2881 1.8908 -1.8644
v  -2.2937 1.8919 -1.8592
v  -2.2823 1.8862 -1.8711
v  -2.2988 1.8884 -1.8875
v  -2.1524 1.9114 -1.7441
v  -2.1627 1.9237 -1.7388
v  -2.1597 1.9029 -1.7251
v  -2.1496 1.8955 -1.7346
v  -2.1658 1.9061 -1.7228
v  -2.1814 1.9399 -1.7320
v  -2.1684 1.9365 -1.7587
v  -2.1750 1.9364 -1.7610
v  -2.1829 1.9464 -1.7515
v  -2.1721 1.9437 -1.7484
v  -2.1920 1.9428 -1.7601
v  -2.1827 1.9334 -1.7674
v  -2.2018 1.9464 -1.7521
v  -2.1922 1.9497 -1.7413
v  -2.1454 1.9114 -1.7578
v  -2.1564 1.9313 -1.7529
v  -2.1588 1.9263 -1.7657
v  -2.1469 1.9064 -1.7784
v  -2.1406 1.8899 -1.7529
v  -2.1398 1.8818 -1.7747
v  -2.1653 1.9234 -1.7708
v  -2.1592 1.9095 -1.7825
v  -2.1672 1.9112 -1.7837
v  -2.1731 1.9210 -1.7759
v  -2.1673 1.8769 -1.8186
v  -2.1539 1.8893 -1.7992
v  -2.1481 1.8709 -1.7973
v  -2.1633 1.8604 -1.8195
v  -2.2164 1.9272 -1.7878
v  -2.2031 1.9363 -1.7726
v  -2.1923 1.9271 -1.7782
v  -2.2044 1.9183 -1.7919
v  -2.2137 1.9398 -1.7658
v  -2.2273 1.9303 -1.7820
v  -2.1817 1.8937 -1.8072
v  -2.1712 1.9033 -1.7933
v  -2.1627 1.8969 -1.7970
v  -2.1741 1.8856 -1.8132
v  -2.1815 1.9146 -1.7858
v  -2.1925 1.9057 -1.7990
v  -2.2385 1.8982 -1.8263
v  -2.2490 1.9054 -1.8230
v  -2.2315 1.9163 -1.8045
v  -2.2197 1.9083 -1.8077
v  -2.2419 1.9189 -1.7995
v  -2.2581 1.9078 -1.8188
v  -2.2119 1.8581 -1.8517
v  -2.1870 1.8661 -1.8361
v  -2.1843 1.8519 -1.8394
v  -2.2103 1.8462 -1.8574
v  -2.2693 1.8965 -1.8448
v  -2.2768 1.8985 -1.8403
v  -2.2611 1.8900 -1.8491
v  -2.2804 1.8657 -1.9292
v  -2.2615 1.8576 -1.9041
v  -2.2897 1.8719 -1.9160
v  -2.2666 1.8651 -1.8887
v  -2.2198 1.8758 -1.8400
v  -2.1984 1.8843 -1.8225
v  -2.1919 1.8753 -1.8296
v  -2.2128 1.8672 -1.8452
v  -2.2381 1.8477 -1.8792
v  -2.2393 1.8566 -1.8695
v  -2.2441 1.8698 -1.8612
v  -2.2335 1.8633 -1.8599
v  -2.2944 1.8816 -1.9013
v  -2.2760 1.8779 -1.8806
v  -2.2531 1.8798 -1.8560
v  -2.2287 1.8871 -1.8327
v  -2.2083 1.8963 -1.8143
v  -2.1799 1.6903 -2.0611
v  -2.1728 1.7116 -2.0638
v  -2.2203 1.7052 -2.0611
v  -2.2270 1.6847 -2.0595
v  -2.1910 1.6582 -2.0309
v  -2.1821 1.6745 -2.0485
v  -2.2275 1.6679 -2.0490
v  -2.2224 1.6578 -2.0358
v  -2.2561 1.7071 -2.0717
v  -2.2889 1.6970 -2.0982
v  -2.2530 1.7176 -2.0857
v  -2.2908 1.6832 -2.0857
v  -2.3252 1.6652 -2.0925
v  -2.3250 1.6825 -2.1039
v  -2.3618 1.6761 -2.1029
v  -2.3618 1.6550 -2.0926
v  -2.4028 1.6563 -2.0838
v  -2.3993 1.6812 -2.0923
v  -2.4278 1.6909 -2.0781
v  -2.4466 1.6669 -2.0628
v  -2.4522 1.6940 -2.0637
v  -2.4413 1.6992 -2.0704
v  -2.2616 1.6720 -2.0608
v  -2.2592 1.6901 -2.0671
v  -2.2903 1.6579 -2.0599
v  -2.2919 1.6701 -2.0744
v  -2.2470 1.6488 -2.0255
v  -2.2594 1.6575 -2.0457
v  -2.2847 1.6481 -2.0376
v  -2.2727 1.6407 -2.0106
v  -2.3237 1.6534 -2.0763
v  -2.3473 1.6358 -2.0482
v  -2.3568 1.6407 -2.0740
v  -2.3187 1.6454 -2.0554
v  -2.4029 1.6248 -2.0247
v  -2.4277 1.6328 -2.0489
v  -2.3947 1.6346 -2.0671
v  -2.3772 1.6288 -2.0396
v  -2.2185 1.6430 -2.0074
v  -2.1848 1.6355 -1.9901
v  -2.2255 1.6223 -1.9555
v  -2.2517 1.6322 -1.9824
v  -2.1564 1.6269 -1.9710
v  -2.1310 1.6194 -1.9513
v  -2.1696 1.6080 -1.9071
v  -2.1978 1.6136 -1.9306
v  -2.0845 1.6058 -1.9163
v  -2.1067 1.6119 -1.9334
v  -2.1420 1.6047 -1.8850
v  -2.1165 1.6040 -1.8643
v  -1.9989 1.6019 -1.8391
v  -2.0100 1.6008 -1.8470
v  -2.0363 1.6109 -1.7851
v  -2.0234 1.6127 -1.7781
v  -2.0482 1.6083 -1.7953
v  -2.0209 1.5999 -1.8567
v  -1.9683 1.6033 -1.8247
v  -1.9853 1.6030 -1.8319
v  -1.9904 1.6095 -1.7653
v  -2.0076 1.6131 -1.7715
v  -2.0548 1.5946 -1.6641
v  -2.0650 1.6057 -1.6728
v  -2.0325 1.6113 -1.7173
v  -2.0187 1.6026 -1.7108
v  -2.0760 1.6116 -1.6832
v  -2.0467 1.6148 -1.7251
v  -1.9477 1.6000 -1.8172
v  -1.9244 1.5909 -1.8112
v  -1.9554 1.5883 -1.7553
v  -1.9738 1.6006 -1.7595
v  -1.9920 1.5778 -1.6997
v  -2.0062 1.5911 -1.7052
v  -2.0345 1.5687 -1.6476
v  -2.0453 1.5822 -1.6563
v  -1.8964 1.5807 -1.8073
v  -1.8663 1.5716 -1.8013
v  -1.9069 1.5603 -1.7502
v  -1.9320 1.5742 -1.7533
v  -1.9735 1.5626 -1.6948
v  -1.9539 1.5464 -1.6889
v  -2.0083 1.5343 -1.6265
v  -2.0215 1.5527 -1.6370
v  -1.8389 1.5583 -1.7908
v  -1.8234 1.5378 -1.7860
v  -1.8702 1.5261 -1.7388
v  -1.8849 1.5449 -1.7439
v  -2.0486 1.6009 -1.8838
v  -2.0653 1.6025 -1.8996
v  -2.0946 1.6036 -1.8460
v  -2.0761 1.6041 -1.8285
v  -2.0338 1.5998 -1.8693
v  -2.0611 1.6057 -1.8107
v  -2.0589 1.6139 -1.7334
v  -2.0862 1.6111 -1.6939
v  -2.0975 1.6077 -1.7064
v  -2.0710 1.6107 -1.7446
v  -2.2270 1.5849 -1.8472
v  -2.1998 1.5943 -1.8744
v  -2.1707 1.5941 -1.8474
v  -2.1984 1.5858 -1.8170
v  -2.1440 1.5979 -1.8224
v  -2.1726 1.5912 -1.7886
v  -2.1016 1.6022 -1.7812
v  -2.1211 1.5998 -1.8009
v  -2.1504 1.5942 -1.7647
v  -2.1308 1.5973 -1.7435
v  -2.0849 1.6062 -1.7615
v  -2.1127 1.6024 -1.7234
v  -2.2559 1.6126 -1.9293
v  -2.2774 1.6254 -1.9619
v  -2.2977 1.6222 -1.9498
v  -2.2900 1.6082 -1.9090
v  -2.3141 1.6297 -1.9844
v  -2.2947 1.6345 -1.9962
v  -2.3088 1.6404 -2.0279
v  -2.3321 1.6340 -2.0177
v  -2.3550 1.6286 -2.0081
v  -2.3321 1.6264 -1.9767
v  -2.3456 1.6237 -1.9646
v  -2.3749 1.6249 -1.9953
v  -2.3146 1.6224 -1.9503
v  -2.3192 1.6196 -1.9377
v  -2.2292 1.6010 -1.9011
v  -2.2560 1.5926 -1.8761
v  -2.3455 1.3981 -2.0452
v  -2.3219 1.4003 -2.0416
v  -2.3264 1.4036 -2.0592
v  -2.3553 1.4023 -2.0624
v  -2.2898 1.4085 -2.0518
v  -2.2911 1.4048 -2.0336
v  -2.2466 1.4121 -2.0431
v  -2.2524 1.4084 -2.0248
v  -2.2126 1.4093 -2.0148
v  -2.2035 1.4128 -2.0324
v  -2.1675 1.4117 -2.0198
v  -2.1789 1.4077 -2.0026
v  -2.1498 1.4049 -1.9879
v  -2.1365 1.4090 -2.0052
v  -2.1083 1.4071 -1.9886
v  -2.1239 1.4017 -1.9711
v  -2.0801 1.4071 -1.9626
v  -2.0983 1.3985 -1.9433
v  -2.3722 1.3960 -2.0359
v  -2.3617 1.3973 -2.0425
v  -2.3748 1.4031 -2.0593
v  -2.3875 1.4024 -2.0512
v  -2.3600 1.3804 -2.0262
v  -2.3372 1.3701 -2.0232
v  -2.3506 1.3848 -2.0313
v  -2.3480 1.3601 -2.0176
v  -2.3369 1.3900 -2.0322
v  -2.3299 1.3800 -2.0251
v  -2.3144 1.3785 -2.0201
v  -2.3172 1.3926 -2.0279
v  -2.2906 1.3948 -2.0202
v  -2.2901 1.3777 -2.0117
v  -2.2257 1.3813 -1.9931
v  -2.2195 1.3973 -2.0029
v  -2.2560 1.3966 -2.0121
v  -2.2589 1.3797 -2.0026
v  -2.1695 1.3801 -1.9673
v  -2.1604 1.3942 -1.9763
v  -2.1878 1.3960 -1.9910
v  -2.1961 1.3817 -1.9811
v  -2.1131 1.3876 -1.9319
v  -2.1357 1.3905 -1.9599
v  -2.1467 1.3785 -1.9499
v  -2.1272 1.3776 -1.9230
v  -2.3297 1.3466 -2.0004
v  -2.3174 1.3589 -2.0133
v  -2.2934 1.3565 -2.0005
v  -2.3028 1.3432 -1.9729
v  -2.2426 1.3539 -1.9630
v  -2.2330 1.3641 -1.9802
v  -2.2638 1.3594 -1.9902
v  -2.2697 1.3492 -1.9713
v  -2.2670 1.3470 -1.9345
v  -2.2528 1.3495 -1.9474
v  -2.2704 1.3474 -1.9570
v  -2.2824 1.3452 -1.9510
v  -2.1947 1.3584 -1.9390
v  -2.1802 1.3672 -1.9549
v  -2.2052 1.3674 -1.9683
v  -2.2173 1.3565 -1.9526
v  -2.2363 1.3511 -1.9015
v  -2.2145 1.3534 -1.9210
v  -2.2336 1.3512 -1.9357
v  -2.2519 1.3489 -1.9183
v  -2.1759 1.3611 -1.9214
v  -2.1595 1.3681 -1.9372
v  -2.1425 1.3698 -1.9120
v  -2.1599 1.3649 -1.8984
v  -2.1800 1.3624 -1.8815
v  -2.1969 1.3575 -1.9032
v  -2.2198 1.3556 -1.8832
v  -2.2009 1.3597 -1.8625
v  -2.1784 1.3596 -1.8388
v  -2.1616 1.3629 -1.8552
v  -2.1422 1.3610 -1.8306
v  -2.1555 1.3573 -1.8153
v  -2.1347 1.3650 -1.8462
v  -2.1448 1.3665 -1.8687
v  -2.1276 1.3710 -1.8766
v  -2.1096 1.3772 -1.8812
v  -2.1189 1.3672 -1.8408
v  -2.0987 1.3719 -1.8370
v  -2.1355 1.3551 -1.7946
v  -2.1223 1.3607 -1.8139
v  -2.1012 1.3619 -1.8014
v  -2.1169 1.3540 -1.7753
v  -2.0759 1.3780 -1.8339
v  -2.0906 1.3851 -1.8855
v  -2.0706 1.3951 -1.8961
v  -2.0396 1.3902 -1.8344
v  -2.0490 1.4069 -1.9204
v  -2.0110 1.4099 -1.8787
v  -2.0980 1.3541 -1.7553
v  -2.0782 1.3647 -1.7895
v  -2.0494 1.3714 -1.7750
v  -2.0761 1.3581 -1.7314
v  -1.9627 1.4246 -1.8533
v  -1.9881 1.4107 -1.8089
v  -1.9444 1.4374 -1.7901
v  -1.9146 1.4502 -1.8350
v  -2.0241 1.3931 -1.6699
v  -1.9763 1.4110 -1.7306
v  -2.0119 1.3872 -1.7542
v  -2.0497 1.3718 -1.7009
v  -1.8741 1.4763 -1.8147
v  -1.9086 1.4606 -1.7696
v  -1.8823 1.4809 -1.7517
v  -1.8426 1.4952 -1.7969
v  -1.8253 1.5157 -1.7881
v  -1.8680 1.5029 -1.7403
v  -1.9480 1.4350 -1.7076
v  -2.0023 1.4164 -1.6425
v  -1.9836 1.4372 -1.6188
v  -1.9253 1.4564 -1.6871
v  -1.9362 1.5297 -1.6816
v  -1.9215 1.5097 -1.6745
v  -1.9849 1.4936 -1.6096
v  -1.9960 1.5148 -1.6174
v  -1.9141 1.4826 -1.6736
v  -1.9767 1.4657 -1.6061
v  -1.5037 1.4282 -1.5562
v  -1.5254 1.4320 -1.5981
v  -1.5134 1.4668 -1.4865
v  -1.5263 1.4728 -1.5244
v  -1.5254 1.4417 -1.5198
v  -1.5163 1.4323 -1.4795
v  -1.4354 1.4472 -1.4177
v  -1.4809 1.4577 -1.4467
v  -1.4771 1.4197 -1.4443
v  -1.4287 1.4076 -1.4166
v  -1.3590 1.4356 -1.3706
v  -1.3948 1.4397 -1.3948
v  -1.3885 1.3987 -1.3921
v  -1.3528 1.3924 -1.3666
v  -1.2883 1.4404 -1.3092
v  -1.3253 1.4353 -1.3431
v  -1.3167 1.3891 -1.3388
v  -1.2754 1.3928 -1.3039
v  -1.4451 1.3880 -1.5323
v  -1.4705 1.3820 -1.5217
v  -1.4642 1.3594 -1.5095
v  -1.4315 1.3683 -1.5120
v  -1.4214 1.3454 -1.5014
v  -1.4542 1.3380 -1.5037
v  -1.4483 1.3219 -1.5032
v  -1.4214 1.3225 -1.4990
v  -1.5199 1.4132 -1.5192
v  -1.5208 1.4012 -1.4807
v  -1.5318 1.3738 -1.4852
v  -1.5121 1.3889 -1.5166
v  -1.4808 1.3877 -1.4502
v  -1.4306 1.3753 -1.4236
v  -1.4371 1.3466 -1.4366
v  -1.4902 1.3589 -1.4605
v  -1.3885 1.3644 -1.3978
v  -1.3500 1.3547 -1.3711
v  -1.3926 1.3334 -1.4079
v  -1.3510 1.3204 -1.3796
v  -1.2697 1.3481 -1.3069
v  -1.3111 1.3484 -1.3419
v  -1.2736 1.3038 -1.3129
v  -1.3125 1.3098 -1.3479
v  -1.2473 1.1794 -1.2511
v  -1.2847 1.1998 -1.2841
v  -1.2525 1.2474 -1.2826
v  -1.2097 1.2276 -1.2488
v  -1.2903 1.2596 -1.3169
v  -1.3188 1.2153 -1.3178
v  -1.2304 1.2999 -1.2743
v  -1.1771 1.2904 -1.2277
v  -1.3527 1.2299 -1.3502
v  -1.3249 1.2714 -1.3512
v  -1.3591 1.2860 -1.3849
v  -1.3880 1.2452 -1.3829
v  -1.4016 1.3014 -1.4148
v  -1.4496 1.3160 -1.4438
v  -1.4243 1.2619 -1.4162
v  -1.4716 1.2792 -1.4462
v  -1.4525 1.2847 -1.5263
v  -1.4460 1.2747 -1.5436
v  -1.4845 1.2644 -1.5661
v  -1.5034 1.2814 -1.5411
v  -1.4709 1.3056 -1.5143
v  -1.4381 1.3004 -1.5091
v  -1.5525 1.2593 -1.5718
v  -1.5285 1.2518 -1.5972
v  -1.4960 1.3204 -1.5142
v  -1.5112 1.3408 -1.5119
v  -1.5715 1.3140 -1.5096
v  -1.5408 1.2980 -1.5314
v  -1.5119 1.3641 -1.5111
v  -1.5462 1.3487 -1.4931
v  -1.5292 1.2971 -1.4723
v  -1.5055 1.3300 -1.4679
v  -1.6091 1.2758 -1.5364
v  -1.5807 1.2697 -1.5526
v  -1.6130 1.2438 -1.5808
v  -1.6394 1.2506 -1.5614
v  -1.6141 1.1308 -1.6347
v  -1.6108 1.1425 -1.6475
v  -1.6406 1.1841 -1.6370
v  -1.6608 1.1762 -1.6148
v  -1.6359 1.2187 -1.6110
v  -1.6602 1.2202 -1.5902
v  -1.6284 1.1128 -1.6219
v  -1.6507 1.0896 -1.6302
v  -1.6824 1.1462 -1.6169
v  -1.7037 1.1255 -1.6321
v  -1.7228 1.1098 -1.6604
v  -1.6681 1.0700 -1.6546
v  -1.6712 1.0575 -1.6878
v  -1.7415 1.1027 -1.7035
v  -1.6488 1.0632 -1.7180
v  -1.7070 1.1015 -1.7440
v  -1.7554 1.1342 -1.7759
v  -1.7901 1.1310 -1.7429
v  -1.7963 1.1597 -1.8078
v  -1.8270 1.1538 -1.7738
v  -1.8315 1.1769 -1.8334
v  -1.8593 1.1685 -1.7981
v  -1.8865 1.1786 -1.8173
v  -1.8613 1.1896 -1.8532
v  -1.8865 1.2000 -1.8691
v  -1.8657 1.2183 -1.9002
v  -1.9091 1.1866 -1.8325
v  -1.9308 1.1923 -1.8458
v  -1.9102 1.2089 -1.8821
v  -1.9557 1.1957 -1.8589
v  -1.9356 1.2148 -1.8942
v  -1.9642 1.2179 -1.9076
v  -1.9843 1.1974 -1.8734
v  -2.0168 1.1979 -1.8902
v  -1.9963 1.2176 -1.9243
v  -2.0323 1.2141 -1.9436
v  -2.0526 1.1980 -1.9084
v  -2.0910 1.2014 -1.9257
v  -2.0724 1.2120 -1.9618
v  -2.1330 1.2097 -1.9369
v  -2.1181 1.2101 -1.9760
v  -1.6734 1.2396 -1.4934
v  -1.6666 1.2564 -1.5355
v  -1.6340 1.2700 -1.5208
v  -1.6156 1.2723 -1.4963
v  -1.5536 1.1796 -1.4365
v  -1.6126 1.2103 -1.4574
v  -1.5679 1.2563 -1.4662
v  -1.5084 1.2314 -1.4419
v  -1.4736 1.1519 -1.3749
v  -1.5082 1.1598 -1.4105
v  -1.4637 1.2130 -1.4122
v  -1.4279 1.1984 -1.3799
v  -1.4057 1.1306 -1.3048
v  -1.4403 1.1422 -1.3390
v  -1.3926 1.1842 -1.3476
v  -1.3576 1.1696 -1.3152
v  -1.2912 1.1379 -1.2417
v  -1.3241 1.1544 -1.2806
v  -1.3295 1.1061 -1.2378
v  -1.3693 1.1180 -1.2709
v  -1.6936 1.2331 -1.5669
v  -1.7298 1.2324 -1.5372
v  -1.7618 1.2142 -1.5764
v  -1.7159 1.2018 -1.5940
v  -1.7353 1.1771 -1.6117
v  -1.7528 1.1592 -1.6304
v  -1.7801 1.1945 -1.6025
v  -1.7934 1.1797 -1.6236
v  -1.8096 1.1712 -1.6468
v  -1.7713 1.1468 -1.6562
v  -1.7934 1.1440 -1.6858
v  -1.8287 1.1713 -1.6710
v  -1.8518 1.1742 -1.6931
v  -1.8234 1.1512 -1.7145
v  -1.8554 1.1622 -1.7405
v  -1.8766 1.1802 -1.7127
v  -1.9013 1.1882 -1.7287
v  -1.8833 1.1732 -1.7609
v  -1.9080 1.1826 -1.7775
v  -1.9255 1.1930 -1.7429
v  -1.9703 1.1941 -1.7702
v  -1.9514 1.1940 -1.8056
v  -1.9295 1.1897 -1.7919
v  -1.9479 1.1946 -1.7565
v  -2.0212 1.1880 -1.8019
v  -2.0040 1.1929 -1.8367
v  -1.9762 1.1949 -1.8204
v  -1.9946 1.1916 -1.7848
v  -2.0831 1.1851 -1.8461
v  -2.0689 1.1896 -1.8753
v  -2.0352 1.1900 -1.8556
v  -2.0512 1.1844 -1.8232
v  -2.1368 1.1930 -1.8853
v  -2.1386 1.2018 -1.9060
v  -2.1035 1.1928 -1.8946
v  -2.1147 1.1873 -1.8691
v  -2.1443 1.1783 -1.8372
v  -2.1288 1.1822 -1.8514
v  -2.0968 1.1775 -1.8233
v  -2.1125 1.1721 -1.8049
v  -2.1559 1.1934 -1.8786
v  -2.1745 1.1919 -1.8665
v  -1.9912 1.1751 -1.7340
v  -2.0099 1.1673 -1.7349
v  -2.0083 1.1813 -1.7570
v  -1.9846 1.1855 -1.7463
v  -2.0348 1.1779 -1.7711
v  -2.0440 1.1609 -1.7350
v  -2.0649 1.1771 -1.7947
v  -2.0809 1.1681 -1.7725
v  -1.9568 1.1739 -1.7059
v  -1.9773 1.1742 -1.7214
v  -1.9632 1.1877 -1.7337
v  -1.9421 1.1887 -1.7195
v  -1.9955 1.1648 -1.7131
v  -1.9734 1.1662 -1.6923
v  -1.9902 1.1618 -1.6782
v  -2.0131 1.1600 -1.7026
v  -1.9139 1.1653 -1.6755
v  -1.9354 1.1712 -1.6904
v  -1.9193 1.1853 -1.7055
v  -1.8966 1.1778 -1.6918
v  -1.9520 1.1642 -1.6735
v  -1.9314 1.1583 -1.6563
v  -1.9498 1.1532 -1.6372
v  -1.9693 1.1599 -1.6564
v  -1.8721 1.1522 -1.6426
v  -1.8930 1.1585 -1.6599
v  -1.8747 1.1706 -1.6759
v  -1.8536 1.1652 -1.6573
v  -1.8914 1.1417 -1.6222
v  -1.9114 1.1499 -1.6398
v  -1.9310 1.1434 -1.6192
v  -1.9120 1.1334 -1.6011
v  -1.8331 1.1628 -1.6358
v  -1.8149 1.1657 -1.6126
v  -1.8313 1.1462 -1.5998
v  -1.8509 1.1476 -1.6220
v  -1.8514 1.1296 -1.5822
v  -1.8709 1.1349 -1.6025
v  -1.8923 1.1248 -1.5818
v  -1.8729 1.1174 -1.5627
v  -1.8014 1.1745 -1.5903
v  -1.7848 1.1860 -1.5618
v  -1.7963 1.1490 -1.5548
v  -1.8150 1.1471 -1.5791
v  -1.8140 1.1194 -1.5433
v  -1.8553 1.1100 -1.5451
v  -1.8338 1.1244 -1.5637
v  -1.8359 1.1020 -1.5258
v  -1.7309 1.1408 -1.4902
v  -1.7676 1.1490 -1.5234
v  -1.7529 1.1930 -1.5232
v  -1.7070 1.1871 -1.4845
v  -1.7875 1.1134 -1.5177
v  -1.7568 1.1038 -1.4885
v  -1.7835 1.0837 -1.4735
v  -1.8118 1.0929 -1.5018
v  -1.6537 1.1620 -1.4566
v  -1.6017 1.1389 -1.4337
v  -1.6421 1.1047 -1.4284
v  -1.6868 1.1232 -1.4579
v  -1.7178 1.0939 -1.4510
v  -1.6774 1.0803 -1.4162
v  -1.7075 1.0685 -1.3956
v  -1.7459 1.0786 -1.4343
v  -1.5572 1.1191 -1.4075
v  -1.5194 1.1056 -1.3748
v  -1.5632 1.0684 -1.3693
v  -1.6010 1.0855 -1.3995
v  -1.6390 1.0639 -1.3836
v  -1.6032 1.0457 -1.3520
v  -1.6376 1.0342 -1.3273
v  -1.6713 1.0533 -1.3601
v  -1.4852 1.0966 -1.3376
v  -1.4511 1.0887 -1.2996
v  -1.4908 1.0407 -1.3029
v  -1.5272 1.0539 -1.3366
v  -1.5690 1.0270 -1.3211
v  -1.5344 1.0085 -1.2913
v  -1.5726 0.9949 -1.2662
v  -1.6054 1.0138 -1.2962
v  -1.4136 1.0812 -1.2625
v  -1.3698 1.0749 -1.2279
v  -1.4049 1.0282 -1.2204
v  -1.4521 1.0327 -1.2653
v  -1.4978 0.9935 -1.2618
v  -1.4616 0.9798 -1.2336
v  -1.5037 0.9625 -1.2141
v  -1.5384 0.9789 -1.2379
v  -1.2267 1.4042 -1.2568
v  -1.2257 1.3539 -1.2652
v  -1.1831 1.3606 -1.2188
v  -1.1851 1.4256 -1.1924
v  -1.1471 1.4008 -1.1569
v  -1.1530 1.3651 -1.1872
v  -1.1147 1.3595 -1.1439
v  -1.1346 1.3245 -1.1844
v  -1.4375 1.7680 -0.9822
v  -1.4302 1.7685 -0.9925
v  -1.4022 1.7466 -0.9703
v  -1.4102 1.7479 -0.9580
v  -1.4009 1.7390 -0.9872
v  -1.4271 1.7646 -1.0082
v  -1.2542 1.6100 -0.8658
v  -1.2624 1.6137 -0.8527
v  -1.2374 1.5763 -0.8308
v  -1.2262 1.5740 -0.8445
v  -1.2722 1.6136 -0.8419
v  -1.2494 1.5748 -0.8196
v  -1.2160 1.5293 -0.8116
v  -1.2321 1.5260 -0.7972
v  -1.1984 1.5298 -0.8264
v  -1.1459 1.4665 -1.0600
v  -1.1416 1.4396 -1.1070
v  -1.1741 1.4763 -1.1261
v  -1.1843 1.5038 -1.0772
v  -1.1051 1.4191 -1.0537
v  -1.1050 1.3934 -1.0982
v  -1.1291 1.4501 -0.9749
v  -1.1149 1.4357 -1.0129
v  -1.1605 1.4820 -1.0173
v  -1.1765 1.4959 -0.9786
v  -1.2026 1.5200 -1.0322
v  -1.2190 1.5346 -0.9935
v  -1.1513 1.4844 -0.9107
v  -1.1424 1.4658 -0.9408
v  -1.1867 1.5135 -0.9454
v  -1.1921 1.5331 -0.9179
v  -1.2289 1.5513 -0.9631
v  -1.2344 1.5663 -0.9397
v  -1.2363 1.5806 -0.9193
v  -1.1978 1.5492 -0.8958
v  -1.2055 1.5620 -0.8768
v  -1.2394 1.5929 -0.8999
v  -1.1671 1.5219 -0.8614
v  -1.1577 1.5045 -0.8844
v  -1.2464 1.6028 -0.8820
v  -1.2160 1.5688 -0.8604
v  -1.1821 1.5287 -0.8427
v  -1.2945 1.6444 -0.8983
v  -1.2988 1.6515 -0.8835
v  -1.3379 1.6876 -0.9165
v  -1.3357 1.6786 -0.9330
v  -1.3451 1.6918 -0.9021
v  -1.3069 1.6538 -0.8709
v  -1.3377 1.6285 -1.0068
v  -1.3249 1.6189 -1.0246
v  -1.3651 1.6492 -1.0588
v  -1.3805 1.6596 -1.0425
v  -1.3449 1.6374 -1.0803
v  -1.3050 1.6069 -1.0497
v  -1.3689 1.6629 -1.1082
v  -1.3881 1.6764 -1.0902
v  -1.4094 1.6964 -1.0811
v  -1.3793 1.7231 -0.9310
v  -1.3710 1.7203 -0.9453
v  -1.3698 1.7110 -0.9628
v  -1.3753 1.6983 -0.9822
v  -1.4063 1.7270 -1.0080
v  -1.3378 1.6674 -0.9511
v  -1.3407 1.6547 -0.9699
v  -1.3813 1.6850 -1.0027
v  -1.4119 1.7143 -1.0311
v  -1.2917 1.6348 -0.9151
v  -1.2897 1.6232 -0.9332
v  -1.3838 1.6727 -1.0232
v  -1.4132 1.7040 -1.0536
v  -1.3411 1.6418 -0.9886
v  -1.2743 1.5856 -0.9917
v  -1.2605 1.5718 -1.0193
v  -1.2832 1.5975 -0.9706
v  -1.2868 1.6108 -0.9518
v  -1.2405 1.5120 -1.2305
v  -1.2089 1.4760 -1.2094
v  -1.2448 1.4525 -1.2629
v  -1.2674 1.4939 -1.2774
v  -1.3718 1.6843 -1.1303
v  -1.3870 1.6980 -1.1181
v  -1.3685 1.7175 -1.1370
v  -1.3579 1.7025 -1.1449
v  -1.3989 1.7154 -1.1176
v  -1.3766 1.7354 -1.1388
v  -1.3624 1.6710 -1.3086
v  -1.3972 1.6754 -1.3471
v  -1.3957 1.6972 -1.3489
v  -1.3545 1.6919 -1.3067
v  -1.3567 1.6539 -1.3093
v  -1.3823 1.6569 -1.3516
v  -1.3541 1.7410 -1.3756
v  -1.3843 1.7237 -1.3566
v  -1.3425 1.7249 -1.3249
v  -1.3098 1.7423 -1.3436
v  -1.3114 1.7543 -1.3915
v  -1.2653 1.7565 -1.3563
v  -1.1745 1.7846 -1.3217
v  -1.2259 1.7630 -1.3190
v  -1.2011 1.7719 -1.2865
v  -1.1398 1.7966 -1.2743
v  -1.2451 1.7586 -1.2837
v  -1.2735 1.7494 -1.3124
v  -1.3053 1.7309 -1.2976
v  -1.2737 1.7416 -1.2704
v  -1.2895 1.7256 -1.2501
v  -1.3204 1.7106 -1.2758
v  -1.2988 1.7199 -1.2245
v  -1.3260 1.7017 -1.2424
v  -1.3283 1.7023 -1.2062
v  -1.3052 1.7221 -1.1987
v  -1.3468 1.6837 -1.2084
v  -1.3463 1.6836 -1.2540
v  -1.3324 1.7092 -1.1758
v  -1.3493 1.6898 -1.1702
v  -1.3121 1.7294 -1.1766
v  -1.3385 1.7215 -1.1547
v  -1.3193 1.7416 -1.1623
v  -1.3465 1.7376 -1.1484
v  -1.3538 1.7568 -1.1527
v  -1.3261 1.7568 -1.1601
v  -1.3309 1.7748 -1.1679
v  -1.3335 1.7977 -1.1825
v  -1.3078 1.8201 -1.1810
v  -1.3064 1.7935 -1.1715
v  -1.2849 1.8112 -1.1542
v  -1.2879 1.8437 -1.1592
v  -1.3063 1.7749 -1.1676
v  -1.3031 1.7606 -1.1668
v  -1.2894 1.7726 -1.1636
v  -1.2864 1.7877 -1.1587
v  -1.2923 1.5548 -1.2702
v  -1.2686 1.5371 -1.2516
v  -1.2895 1.5242 -1.2924
v  -1.3105 1.5450 -1.3049
v  -1.1996 1.5135 -1.1513
v  -1.2198 1.5409 -1.1024
v  -1.2362 1.5433 -1.1809
v  -1.2604 1.5798 -1.1367
v  -1.2415 1.5575 -1.0569
v  -1.2824 1.5941 -1.0868
v  -1.2859 1.5847 -1.2148
v  -1.2745 1.5852 -1.1858
v  -1.2635 1.5602 -1.2109
v  -1.2851 1.5709 -1.2366
v  -1.3222 1.6249 -1.1164
v  -1.3497 1.6502 -1.1427
v  -1.3039 1.6142 -1.1574
v  -1.3369 1.6394 -1.1944
v  -1.3528 1.6641 -1.2039
v  -1.3527 1.6652 -1.2558
v  -1.3459 1.6472 -1.2566
v  -1.3570 1.6719 -1.1601
v  -1.3570 1.6397 -1.3508
v  -1.3377 1.6164 -1.3444
v  -1.3435 1.6358 -1.3092
v  -1.3315 1.6165 -1.3076
v  -1.3237 1.5990 -1.3052
v  -1.3279 1.5941 -1.3380
v  -1.3247 1.5750 -1.3296
v  -1.3185 1.5833 -1.2959
v  -1.3227 1.5603 -1.3172
v  -1.3092 1.5690 -1.2842
v  -1.3162 1.5935 -1.2681
v  -1.3226 1.6022 -1.2813
v  -1.3271 1.6144 -1.2736
v  -1.3183 1.6070 -1.2459
v  -1.3032 1.5825 -1.2544
v  -1.3009 1.5961 -1.2250
v  -1.2988 1.6057 -1.1933
v  -1.3231 1.6214 -1.2229
v  -1.3349 1.6307 -1.2641
v  -1.0962 1.9991 -1.3151
v  -1.1061 1.9554 -1.3512
v  -1.0664 1.9653 -1.3144
v  -1.0585 2.0102 -1.2830
v  -1.1233 2.0482 -1.2292
v  -1.1036 2.0346 -1.2738
v  -1.0682 2.0496 -1.2447
v  -1.0887 2.0696 -1.2029
v  -1.1246 2.0341 -1.1325
v  -1.1122 2.0623 -1.1650
v  -1.1465 2.0339 -1.1900
v  -1.1593 1.9995 -1.1587
v  -1.1368 1.9854 -1.0773
v  -1.1325 2.0094 -1.1037
v  -1.1708 1.9739 -1.1292
v  -1.1785 1.9483 -1.1027
v  -1.2834 1.7408 -1.1856
v  -1.2612 1.7616 -1.1678
v  -1.2774 1.7682 -1.1637
v  -1.2942 1.7489 -1.1732
v  -1.2299 1.7550 -1.1961
v  -1.2451 1.7548 -1.1788
v  -1.2721 1.7358 -1.2035
v  -1.2599 1.7390 -1.2240
v  -1.2085 1.8299 -1.1189
v  -1.2177 1.8786 -1.1134
v  -1.2567 1.8597 -1.1373
v  -1.2538 1.8208 -1.1378
v  -1.2374 1.7889 -1.1463
v  -1.2622 1.7914 -1.1499
v  -1.1072 1.9217 -1.0546
v  -1.1270 1.9530 -1.0583
v  -1.1728 1.9107 -1.0856
v  -1.1553 1.8751 -1.0843
v  -1.2246 1.7672 -1.2593
v  -1.2455 1.7530 -1.2438
v  -1.2164 1.7664 -1.2159
v  -1.1975 1.7797 -1.2349
v  -1.2158 1.7810 -1.1509
v  -1.1806 1.8142 -1.1212
v  -1.1974 1.7770 -1.1647
v  -1.1604 1.8062 -1.1325
v  -1.1166 1.8429 -1.1018
v  -1.1358 1.8536 -1.0898
v  -1.0699 1.8864 -1.0732
v  -1.0878 1.8998 -1.0597
v  -1.1964 1.7768 -1.2666
v  -1.1671 1.7888 -1.2501
v  -1.1834 1.7851 -1.1842
v  -1.1652 1.7975 -1.2040
v  -1.1461 1.8109 -1.1517
v  -1.1285 1.8218 -1.1715
v  -1.0877 1.8527 -1.1422
v  -1.1038 1.8450 -1.1221
v  -1.0602 1.8863 -1.0953
v  -1.0469 1.8910 -1.1155
v  -1.0598 1.8788 -1.2832
v  -1.0957 1.8591 -1.3234
v  -1.0711 1.8952 -1.3170
v  -1.0422 1.9173 -1.2802
v  -1.0507 1.9331 -1.3043
v  -1.0319 1.9429 -1.2812
v  -1.1315 1.8211 -1.3237
v  -1.0927 1.8378 -1.2811
v  -1.0928 1.8232 -1.2362
v  -1.1330 1.8077 -1.2217
v  -1.0962 1.8325 -1.1890
v  -1.0569 1.8502 -1.2038
v  -1.0240 1.8827 -1.1744
v  -1.0572 1.8615 -1.1593
v  -1.0217 1.9003 -1.1315
v  -0.9974 1.9240 -1.1466
v  -1.0268 2.0223 -1.2470
v  -1.0348 1.9776 -1.2792
v  -1.0118 1.9779 -1.2583
v  -0.9916 2.0352 -1.2203
v  -1.0284 1.9052 -1.2502
v  -1.0570 1.8605 -1.2460
v  -1.0248 1.8887 -1.2151
v  -1.0030 1.9370 -1.2206
v  -1.0146 1.9497 -1.2497
v  -0.9933 1.9862 -1.2202
v  -0.9837 1.9714 -1.1908
v  -0.9972 1.9219 -1.1860
v  -0.9785 1.9617 -1.1570
v  -0.9695 2.0068 -1.1612
v  -0.9755 2.0656 -1.1803
v  -0.9789 2.0191 -1.1892
v  -0.9660 2.0492 -1.1583
v  -0.9604 2.0909 -1.1504
v  -1.0544 2.0967 -1.1754
v  -1.0344 2.0672 -1.2124
v  -1.0038 2.0936 -1.1866
v  -1.0236 2.1269 -1.1503
v  -1.0774 2.0979 -1.1405
v  -1.0917 2.0779 -1.1087
v  -1.0579 2.1181 -1.0876
v  -1.0437 2.1321 -1.1171
v  -0.9975 2.1496 -1.1276
v  -0.9816 2.1151 -1.1595
v  -0.9616 2.1368 -1.1332
v  -0.9733 2.1687 -1.1048
v  -1.0970 2.0538 -1.0810
v  -1.0986 2.0305 -1.0555
v  -1.0640 2.0747 -1.0381
v  -1.0636 2.0968 -1.0618
v  -1.0283 2.1479 -1.0692
v  -1.0150 2.1578 -1.0968
v  -1.0026 2.1700 -1.0532
v  -0.9893 2.1777 -1.0779
v  -1.0853 2.0023 -1.0365
v  -1.0632 1.9753 -1.0317
v  -1.0255 2.0274 -1.0173
v  -1.0483 2.0501 -1.0215
v  -1.0074 2.1372 -1.0147
v  -1.0098 2.1558 -1.0316
v  -1.0352 2.1303 -1.0453
v  -1.0343 2.1097 -1.0245
v  -0.9907 1.9937 -1.0366
v  -1.0054 2.0086 -1.0223
v  -1.0434 1.9543 -1.0363
v  -1.0265 1.9392 -1.0494
v  -0.9912 1.9734 -1.0761
v  -0.9889 1.9848 -1.0580
v  -1.0211 1.9362 -1.0724
v  -1.0120 1.9380 -1.0912
v  -1.0183 2.0879 -1.0119
v  -0.9967 2.0683 -1.0088
v  -0.9732 2.1010 -1.0031
v  -0.9929 2.1182 -1.0051
v  -0.9783 1.9740 -1.1181
v  -0.9940 1.9498 -1.1055
v  -0.9761 1.9955 -1.0810
v  -0.9641 2.0195 -1.0906
v  -0.9756 2.0518 -1.0150
v  -0.9631 2.0374 -1.0339
v  -0.9406 2.0772 -1.0404
v  -0.9519 2.0868 -1.0119
v  -0.9530 2.0486 -1.0652
v  -0.9662 2.0227 -1.0572
v  -0.9583 2.0417 -1.1312
v  -0.9659 2.0055 -1.1272
v  -0.9553 2.0418 -1.0999
v  -0.9467 2.0685 -1.1016
v  -0.9424 2.1161 -1.1202
v  -0.9521 2.0784 -1.1281
v  -0.9379 2.1005 -1.0974
v  -0.9258 2.1347 -1.0889
v  -0.9388 2.0815 -1.0709
v  -0.9475 2.0610 -1.0773
v  -0.9137 2.1410 -1.0563
v  -0.9269 2.1095 -1.0641
v  -0.9236 2.1126 -1.0331
v  -0.9094 2.1417 -1.0271
v  -0.9323 2.1172 -1.0087
v  -0.9164 2.1443 -1.0057
v  -0.9326 2.1527 -0.9969
v  -0.9515 2.1286 -0.9991
v  -0.8981 2.1689 -1.0226
v  -0.9034 2.1696 -1.0048
v  -0.8930 2.1863 -1.0211
v  -0.8958 2.1918 -1.0059
v  -0.9083 2.1904 -0.9980
v  -0.9169 2.1755 -0.9966
v  -0.9690 2.1432 -0.9998
v  -0.9476 2.1649 -0.9967
v  -0.9821 2.1595 -1.0071
v  -0.9594 2.1786 -1.0025
v  -0.9642 2.1906 -1.0155
v  -0.9858 2.1747 -1.0211
v  -0.9800 2.1865 -1.0389
v  -0.9648 2.1964 -1.0297
v  -0.9025 2.1726 -1.0471
v  -0.9164 2.1726 -1.0765
v  -0.9214 2.2059 -1.0501
v  -0.8986 2.1986 -1.0339
v  -0.9480 2.1877 -1.0801
v  -0.9381 2.1588 -1.1057
v  -0.9480 2.2064 -1.0378
v  -0.9653 2.1946 -1.0581
v  -0.9427 2.2068 -1.0174
v  -0.9387 2.1966 -1.0025
v  -0.9251 2.2080 -1.0054
v  -0.9211 2.2152 -1.0204
v  -0.9023 2.2115 -1.0137
v  -0.9145 2.2018 -0.9998
v  -0.9290 2.1851 -0.9965
v  -1.6125 1.8903 -1.3255
v  -1.6369 1.8947 -1.2972
v  -1.6156 1.8849 -1.2818
v  -1.5913 1.8879 -1.3135
v  -1.6272 1.9019 -1.2620
v  -1.6472 1.9115 -1.2778
v  -1.5906 1.8767 -1.2341
v  -1.6088 1.8897 -1.2475
v  -1.6047 1.8747 -1.2625
v  -1.5888 1.8619 -1.2514
v  -1.5108 1.8948 -1.3676
v  -1.5413 1.8851 -1.3364
v  -1.5185 1.8805 -1.3277
v  -1.4891 1.8910 -1.3565
v  -1.5665 1.8816 -1.3086
v  -1.5847 1.8754 -1.2882
v  -1.5594 1.8649 -1.2889
v  -1.5410 1.8734 -1.3056
v  -1.5752 1.8587 -1.2708
v  -1.5912 1.8697 -1.2739
v  -1.4668 1.8878 -1.3428
v  -1.4960 1.8763 -1.3159
v  -1.4747 1.8731 -1.3003
v  -1.4455 1.8856 -1.3259
v  -1.5734 1.8629 -1.2206
v  -1.5569 1.8490 -1.2055
v  -1.5534 1.8352 -1.2265
v  -1.5715 1.8486 -1.2400
v  -1.5175 1.8649 -1.2982
v  -1.5360 1.8542 -1.2836
v  -1.5141 1.8423 -1.2737
v  -1.4954 1.8562 -1.2866
v  -1.5368 1.8319 -1.2528
v  -1.5565 1.8460 -1.2637
v  -1.4550 1.8681 -1.2815
v  -1.4262 1.8834 -1.3054
v  -1.4350 1.8566 -1.2633
v  -1.4086 1.8796 -1.2812
v  -1.5400 1.8363 -1.1871
v  -1.5215 1.8249 -1.1665
v  -1.5175 1.8085 -1.1891
v  -1.5358 1.8218 -1.2094
v  -1.4935 1.8272 -1.2615
v  -1.4744 1.8446 -1.2730
v  -1.4530 1.8280 -1.2592
v  -1.4734 1.8080 -1.2472
v  -1.5184 1.8155 -1.2390
v  -1.5004 1.7969 -1.2215
v  -1.3912 1.8696 -1.2555
v  -1.3768 1.8514 -1.2317
v  -1.4140 1.8397 -1.2448
v  -1.3977 1.8207 -1.2231
v  -1.4537 1.7901 -1.2274
v  -1.4318 1.8096 -1.2417
v  -1.4159 1.7934 -1.2181
v  -1.4379 1.7785 -1.2035
v  -1.3921 1.7745 -1.1692
v  -1.3833 1.7567 -1.1489
v  -1.3596 1.7780 -1.1672
v  -1.3639 1.8012 -1.1868
v  -1.3902 1.7991 -1.1996
v  -1.3685 1.8272 -1.2083
v  -1.4296 1.7716 -1.1816
v  -1.4097 1.7799 -1.1934
v  -1.4134 1.7691 -1.1682
v  -1.4273 1.7674 -1.1665
v  -1.5002 1.8138 -1.1448
v  -1.4796 1.8020 -1.1253
v  -1.4764 1.7890 -1.1473
v  -1.4964 1.7978 -1.1670
v  -1.4806 1.7823 -1.1993
v  -1.4627 1.7745 -1.1776
v  -1.4083 1.7372 -1.1270
v  -1.4174 1.7539 -1.1387
v  -1.4349 1.7508 -1.1118
v  -1.4250 1.7296 -1.0989
v  -1.4328 1.7427 -1.0542
v  -1.4307 1.7539 -1.0299
v  -1.4489 1.7800 -1.0489
v  -1.4489 1.7696 -1.0773
v  -1.4285 1.7604 -1.1438
v  -1.4400 1.7652 -1.1487
v  -1.4507 1.7702 -1.1244
v  -1.4429 1.7619 -1.1199
v  -1.4311 1.7337 -1.0756
v  -1.4418 1.7553 -1.0913
v  -1.4528 1.7735 -1.1033
v  -1.4471 1.7647 -1.1029
v  -1.4635 1.7947 -1.0894
v  -1.4635 1.7874 -1.1112
v  -1.4613 1.7797 -1.1334
v  -1.4642 1.8050 -1.0658
v  -1.4496 1.7699 -1.1600
v  -2.4218 1.1861 -2.1916
v  -2.4502 1.1828 -2.1925
v  -2.4373 1.1701 -2.1751
v  -2.4196 1.1746 -2.1785
v  -2.4541 1.1674 -2.1658
v  -2.4718 1.1798 -2.1822
v  -2.3890 1.1891 -2.1813
v  -2.3532 1.1940 -2.1623
v  -2.3685 1.1820 -2.1408
v  -2.3995 1.1751 -2.1645
v  -2.4148 1.1675 -2.1528
v  -2.3856 1.1761 -2.1247
v  -2.4024 1.1728 -2.1103
v  -2.4305 1.1633 -2.1416
v  -2.2813 1.2172 -2.1036
v  -2.3168 1.2045 -2.1342
v  -2.3329 1.1951 -2.1098
v  -2.2942 1.2072 -2.0781
v  -2.2449 1.2216 -2.0794
v  -2.2540 1.2068 -2.0529
v  -2.2224 1.2020 -1.9912
v  -2.2683 1.2001 -2.0177
v  -2.2412 1.2207 -1.9314
v  -2.2895 1.2010 -1.9865
v  -2.3313 1.1995 -2.0304
v  -2.3109 1.2024 -2.0532
v  -2.1706 1.2076 -1.9818
v  -2.1797 1.2189 -1.9384
v  -2.2018 1.2107 -1.8916
v  -2.1734 1.2106 -1.9047
v  -2.3509 1.1913 -2.0903
v  -2.3699 1.1894 -2.0728
v  -2.2200 1.6826 -1.4388
v  -2.2300 1.6661 -1.4428
v  -2.2266 1.6597 -1.4199
v  -2.2195 1.6771 -1.4159
v  -2.2387 1.6471 -1.4455
v  -2.2324 1.6397 -1.4233
v  -2.2236 1.6367 -1.3997
v  -2.2187 1.6544 -1.3979
v  -2.2132 1.6715 -1.3954
v  -2.1951 1.6615 -1.3648
v  -2.2037 1.6658 -1.3774
v  -2.2071 1.6504 -1.3779
v  -2.1919 1.6497 -1.3615
v  -2.2093 1.6353 -1.3769
v  -2.1874 1.6334 -1.3595
v  -2.2234 1.7182 -1.4229
v  -2.2164 1.7017 -1.4309
v  -2.2159 1.6958 -1.4106
v  -2.2206 1.7120 -1.4033
v  -2.2098 1.6889 -1.3915
v  -2.2118 1.7041 -1.3845
v  -2.1886 1.6692 -1.3572
v  -2.1999 1.6804 -1.3731
v  -2.1978 1.6933 -1.3655
v  -2.1814 1.6792 -1.3483
v  -2.1771 1.6545 -1.3470
v  -2.1652 1.6621 -1.3347
v  -2.1643 1.6375 -1.3436
v  -2.1476 1.6456 -1.3266
v  -2.2404 1.6545 -1.4667
v  -2.2632 1.6509 -1.4645
v  -2.2619 1.6412 -1.4401
v  -2.2570 1.6616 -1.4862
v  -2.2410 1.6627 -1.4811
v  -2.2857 1.6586 -1.4939
v  -2.2903 1.6482 -1.4598
v  -2.2901 1.6359 -1.4314
v  -2.2550 1.6319 -1.4154
v  -2.2425 1.6265 -1.3903
v  -2.2823 1.6231 -1.4043
v  -2.2668 1.6142 -1.3773
v  -2.2219 1.6216 -1.3675
v  -2.2419 1.6068 -1.3521
v  -2.2097 1.6010 -1.3320
v  -2.1950 1.6182 -1.3486
v  -2.1640 1.6200 -1.3330
v  -2.1376 1.6272 -1.3196
v  -2.1754 1.6018 -1.3138
v  -2.1364 1.6061 -1.2980
v  -2.2336 1.7182 -1.3616
v  -2.2208 1.7141 -1.3735
v  -2.2022 1.7038 -1.3535
v  -2.2134 1.7056 -1.3399
v  -2.1813 1.6888 -1.3359
v  -2.1898 1.6904 -1.3212
v  -2.1423 1.6532 -1.3107
v  -2.1613 1.6702 -1.3216
v  -2.1425 1.6615 -1.2954
v  -2.1656 1.6745 -1.3056
v  -2.1149 1.6251 -1.2965
v  -2.1277 1.6388 -1.3045
v  -2.1113 1.6417 -1.2816
v  -2.1261 1.6510 -1.2887
v  -2.0964 1.6125 -1.2831
v  -2.0923 1.6321 -1.2714
v  -2.1112 1.5913 -1.2727
v  -2.0737 1.6040 -1.2653
v  -2.0852 1.5834 -1.2509
v  -2.0693 1.6238 -1.2594
v  -2.0417 1.5977 -1.2540
v  -2.0396 1.6184 -1.2510
v  -2.0508 1.5772 -1.2362
v  -2.0109 1.5719 -1.2273
v  -2.0036 1.5937 -1.2505
v  -2.0054 1.6181 -1.2480
v  -1.9380 1.6347 -1.2239
v  -1.9704 1.6253 -1.2420
v  -1.9625 1.5965 -1.2456
v  -1.9246 1.6056 -1.2289
v  -1.9693 1.5728 -1.2173
v  -1.9329 1.5808 -1.1989
v  -2.3338 1.6740 -1.5416
v  -2.3513 1.6694 -1.5307
v  -2.3371 1.6631 -1.5037
v  -2.3109 1.6667 -1.5181
v  -2.3666 1.6608 -1.5264
v  -2.3616 1.6551 -1.4974
v  -2.3257 1.6514 -1.4786
v  -2.3568 1.6436 -1.4702
v  -2.3244 1.6393 -1.4503
v  -2.3238 1.6253 -1.4204
v  -2.3568 1.6286 -1.4429
v  -2.3540 1.6089 -1.4153
v  -2.3135 1.6071 -1.3928
v  -2.2929 1.5901 -1.3668
v  -2.3408 1.5858 -1.3875
v  -2.3166 1.5646 -1.3599
v  -2.2621 1.5778 -1.3412
v  -2.2803 1.5487 -1.3327
v  -2.2422 1.5389 -1.3045
v  -2.2273 1.5713 -1.3158
v  -2.1944 1.5715 -1.2908
v  -2.2097 1.5342 -1.2770
v  -2.1805 1.5305 -1.2497
v  -2.1632 1.5706 -1.2675
v  -2.1346 1.5625 -1.2435
v  -2.1059 1.5550 -1.2177
v  -2.1526 1.5238 -1.2209
v  -2.1233 1.5174 -1.1910
v  -2.0701 1.5502 -1.1965
v  -2.0299 1.5463 -1.1800
v  -2.0877 1.5135 -1.1630
v  -2.0477 1.5113 -1.1389
v  -1.9895 1.5493 -1.1635
v  -2.0071 1.5135 -1.1169
v  -1.9541 1.5590 -1.1412
v  -1.9683 1.5191 -1.0924
v  -2.3777 1.6529 -1.5287
v  -2.3763 1.6426 -1.5015
v  -2.3796 1.6306 -1.5138
v  -2.3806 1.6439 -1.5368
v  -2.3767 1.6147 -1.4923
v  -2.3749 1.6290 -1.4758
v  -2.3744 1.6113 -1.4509
v  -2.3730 1.5954 -1.4717
v  -2.3694 1.5695 -1.4466
v  -2.3711 1.5901 -1.4237
v  -2.3317 1.5175 -1.3842
v  -2.3318 1.5391 -1.3622
v  -2.3582 1.5642 -1.3932
v  -2.3598 1.5463 -1.4092
v  -2.3583 1.5368 -1.4205
v  -2.3466 1.5198 -1.4175
v  -2.3594 1.5433 -1.4449
v  -2.3529 1.5246 -1.4400
v  -2.2451 1.4905 -1.3149
v  -2.2490 1.5109 -1.3030
v  -2.2913 1.5219 -1.3321
v  -2.2873 1.5014 -1.3471
v  -2.2134 1.5046 -1.2764
v  -2.1841 1.4993 -1.2478
v  -2.2086 1.4846 -1.2868
v  -2.1783 1.4788 -1.2578
v  -2.1576 1.4927 -1.2166
v  -2.1303 1.4865 -1.1830
v  -2.1517 1.4716 -1.2261
v  -2.1246 1.4641 -1.1927
v  -2.0520 1.4577 -1.1315
v  -2.0568 1.4816 -1.1217
v  -2.0968 1.4827 -1.1496
v  -2.0912 1.4588 -1.1598
v  -2.1812 1.7128 -1.2998
v  -2.1889 1.7004 -1.3088
v  -2.1602 1.6879 -1.2954
v  -2.1536 1.7015 -1.2869
v  -2.1342 1.6780 -1.2873
v  -2.1282 1.6949 -1.2779
v  -2.1752 1.7169 -1.2662
v  -2.1769 1.7174 -1.2822
v  -2.1548 1.7074 -1.2701
v  -2.1615 1.7104 -1.2527
v  -2.1344 1.7003 -1.2581
v  -2.1449 1.7045 -1.2372
v  -2.1154 1.6710 -1.2816
v  -2.1081 1.6920 -1.2718
v  -2.1000 1.6640 -1.2744
v  -2.0913 1.6876 -1.2647
v  -2.1178 1.6960 -1.2482
v  -2.1313 1.6989 -1.2237
v  -2.1032 1.6920 -1.2380
v  -2.1191 1.6930 -1.2102
v  -2.1645 1.7293 -1.2005
v  -2.1545 1.7151 -1.2191
v  -2.1410 1.7104 -1.2018
v  -2.1506 1.7251 -1.1792
v  -2.1287 1.7059 -1.1859
v  -2.1369 1.7232 -1.1610
v  -2.0832 1.6550 -1.2642
v  -2.0763 1.6784 -1.2535
v  -2.0634 1.6468 -1.2532
v  -2.0611 1.6699 -1.2416
v  -2.0916 1.6841 -1.1786
v  -2.1030 1.6992 -1.1491
v  -2.1159 1.7022 -1.1685
v  -2.1054 1.6886 -1.1953
v  -2.1238 1.7215 -1.1418
v  -2.1110 1.7201 -1.1210
v  -2.0882 1.6868 -1.2258
v  -2.0739 1.6805 -1.2124
v  -2.0381 1.6425 -1.2452
v  -2.0419 1.6657 -1.2307
v  -2.0097 1.6448 -1.2397
v  -2.0206 1.6674 -1.2193
v  -1.9824 1.6531 -1.2290
v  -2.0022 1.6704 -1.2013
v  -1.9561 1.6624 -1.2082
v  -1.9827 1.6758 -1.1774
v  -2.0584 1.6743 -1.1979
v  -2.0776 1.6812 -1.1603
v  -2.0421 1.6724 -1.1819
v  -2.0640 1.6803 -1.1410
v  -2.0902 1.6974 -1.1279
v  -2.0977 1.7199 -1.0987
v  -2.0778 1.6973 -1.1062
v  -2.0853 1.7201 -1.0759
v  -2.0278 1.6722 -1.1626
v  -2.0523 1.6783 -1.1210
v  -2.0119 1.6745 -1.1392
v  -2.0386 1.6780 -1.0992
v  -2.0667 1.6971 -1.0856
v  -2.0749 1.7201 -1.0541
v  -2.0540 1.6969 -1.0640
v  -2.0630 1.7201 -1.0319
v  -1.9911 1.6801 -1.1116
v  -2.0206 1.6794 -1.0740
v  -1.9589 1.6845 -1.1476
v  -1.9331 1.6884 -1.1120
v  -1.9672 1.6825 -1.0786
v  -1.9987 1.6782 -1.0435
v  -2.0379 1.6962 -1.0397
v  -2.0468 1.7197 -1.0076
v  -2.0178 1.6920 -1.0094
v  -2.0270 1.7150 -0.9766
v  -1.9920 1.6836 -0.9698
v  -2.0016 1.7062 -0.9359
v  -1.9730 1.6701 -1.0044
v  -1.9454 1.6629 -0.9631
v  -1.9614 1.6789 -0.9277
v  -1.9692 1.7030 -0.8935
v  -1.8922 1.6594 -0.8862
v  -1.9043 1.6785 -0.8446
v  -1.9334 1.6770 -0.8875
v  -1.9194 1.6599 -0.9257
v  -1.9410 1.7009 -0.8504
v  -1.9108 1.7035 -0.8050
v  -1.8716 1.6817 -0.7937
v  -1.8797 1.7059 -0.7500
v  -1.8599 1.6616 -0.8386
v  -1.8237 1.6664 -0.7887
v  -1.8345 1.6901 -0.7420
v  -1.8422 1.7158 -0.6975
v  -2.3428 1.5154 -1.4595
v  -2.3301 1.5073 -1.4317
v  -2.3091 1.4987 -1.4537
v  -2.3219 1.5061 -1.4862
v  -2.2894 1.4982 -1.4193
v  -2.3085 1.5044 -1.3997
v  -2.2741 1.4954 -1.3660
v  -2.2590 1.4937 -1.3848
v  -2.2263 1.4797 -1.3514
v  -2.2369 1.4818 -1.3319
v  -2.2026 1.4742 -1.3011
v  -2.1949 1.4695 -1.3191
v  -2.1642 1.4622 -1.2878
v  -2.1715 1.4681 -1.2713
v  -2.1429 1.4611 -1.2404
v  -2.1339 1.4560 -1.2571
v  -2.1018 1.4499 -1.2274
v  -2.1132 1.4540 -1.2091
v  -2.1551 1.4619 -1.3070
v  -2.1245 1.4560 -1.2756
v  -2.1184 1.4454 -1.2941
v  -2.1470 1.4548 -1.3275
v  -2.0881 1.4354 -1.2608
v  -2.0918 1.4496 -1.2456
v  -2.1858 1.7700 -1.1502
v  -2.1779 1.7439 -1.1772
v  -2.1649 1.7396 -1.1507
v  -2.1747 1.7669 -1.1181
v  -2.1482 1.7414 -1.1306
v  -2.1546 1.7692 -1.0966
v  -2.1344 1.7411 -1.1105
v  -2.1417 1.7679 -1.0748
v  -2.1221 1.7396 -1.0892
v  -2.1309 1.7650 -1.0528
v  -2.1070 1.7406 -1.0675
v  -2.1124 1.7662 -1.0334
v  -2.0940 1.7405 -1.0446
v  -2.0986 1.7659 -1.0117
v  -2.0848 1.7397 -1.0223
v  -2.0912 1.7646 -0.9889
v  -2.0727 1.7400 -0.9999
v  -2.0785 1.7645 -0.9657
v  -2.0547 1.7411 -0.9752
v  -2.0561 1.7666 -0.9413
v  -2.0336 1.7376 -0.9427
v  -2.0345 1.7641 -0.9062
v  -2.0067 1.7312 -0.9006
v  -2.0042 1.7618 -0.8641
v  -1.9750 1.7274 -0.8556
v  -1.9740 1.7590 -0.8159
v  -1.9468 1.7253 -0.8094
v  -1.9413 1.7613 -0.7707
v  -1.9126 1.7314 -0.7647
v  -1.9048 1.7680 -0.7267
v  -1.8779 1.7375 -0.7117
v  -1.8659 1.7763 -0.6787
v  -1.8418 1.7468 -0.6601
v  -1.8308 1.7857 -0.6312
v  -2.2260 1.8690 -1.1784
v  -2.2436 1.8166 -1.1940
v  -2.2103 1.8147 -1.1540
v  -2.1901 1.8657 -1.1339
v  -2.2084 1.7710 -1.1830
v  -2.2360 1.7731 -1.2201
v  -2.1818 1.8140 -1.1197
v  -2.1573 1.8622 -1.0980
v  -2.1702 1.8144 -1.0842
v  -2.1410 1.8648 -1.0623
v  -2.1501 1.8138 -1.0600
v  -2.1233 1.8614 -1.0348
v  -2.1367 1.8110 -1.0368
v  -2.1117 1.8574 -1.0089
v  -2.1273 1.8072 -1.0134
v  -2.1041 1.8546 -0.9837
v  -2.1064 1.8053 -0.9969
v  -2.0862 1.8484 -0.9665
v  -2.0915 1.8042 -0.9774
v  -2.0705 1.8463 -0.9495
v  -2.0827 1.8046 -0.9549
v  -2.0582 1.8469 -0.9285
v  -2.0705 1.8046 -0.9295
v  -2.0451 1.8484 -0.9020
v  -2.0437 1.8048 -0.9059
v  -2.0174 1.8448 -0.8779
v  -2.0214 1.8043 -0.8688
v  -1.9906 1.8464 -0.8435
v  -1.9884 1.8043 -0.8279
v  -1.9569 1.8480 -0.8034
v  -1.9586 1.8057 -0.7787
v  -1.9235 1.8527 -0.7575
v  -1.9202 1.8097 -0.7366
v  -1.8853 1.8557 -0.7147
v  -1.8876 1.8159 -0.6899
v  -1.8552 1.8642 -0.6684
v  -2.1782 1.9457 -1.2954
v  -2.2465 1.9227 -1.2886
v  -2.2169 1.9209 -1.2292
v  -2.1487 1.9388 -1.2398
v  -2.2689 1.8764 -1.2266
v  -2.2966 1.8779 -1.2860
v  -2.1768 1.9089 -1.1781
v  -2.1142 1.9237 -1.1884
v  -2.1412 1.9045 -1.1317
v  -2.0814 1.9154 -1.1425
v  -2.1095 1.8973 -1.0939
v  -2.0538 1.9071 -1.1026
v  -2.0912 1.8987 -1.0587
v  -2.0363 1.9069 -1.0669
v  -2.0769 1.8957 -1.0286
v  -2.0235 1.9056 -1.0362
v  -2.0656 1.8929 -1.0015
v  -2.0111 1.9046 -1.0095
v  -2.0558 1.8923 -0.9760
v  -1.9986 1.9029 -0.9859
v  -2.0421 1.8879 -0.9560
v  -1.9858 1.8989 -0.9655
v  -2.0272 1.8837 -0.9394
v  -1.9728 1.8953 -0.9461
v  -2.0131 1.8810 -0.9194
v  -1.9592 1.8935 -0.9247
v  -1.9973 1.8805 -0.8946
v  -1.9429 1.8907 -0.9010
v  -1.9731 1.8754 -0.8691
v  -1.9221 1.8873 -0.8749
v  -1.9457 1.8773 -0.8369
v  -1.8958 1.8900 -0.8443
v  -1.9130 1.8816 -0.7977
v  -1.8628 1.8950 -0.8078
v  -1.8788 1.8887 -0.7541
v  -1.8279 1.9022 -0.7671
v  -1.8445 1.8942 -0.7104
v  -1.7962 1.9116 -0.7241
v  -1.8147 1.9043 -0.6664
v  -1.7682 1.9235 -0.6807
v  -2.3182 1.6803 -1.5563
v  -2.2899 1.6771 -1.5344
v  -2.2806 1.6937 -1.5494
v  -2.3099 1.6920 -1.5699
v  -2.2624 1.6762 -1.5162
v  -2.2479 1.6995 -1.5282
v  -2.2252 1.6703 -1.4664
v  -2.2266 1.6740 -1.4877
v  -2.2119 1.6870 -1.4636
v  -2.2103 1.6960 -1.4915
v  -2.2088 1.7075 -1.4533
v  -2.2207 1.7231 -1.4442
v  -2.2192 1.7254 -1.4604
v  -2.2075 1.7170 -1.4739
v  -2.2313 1.7310 -1.4625
v  -2.2245 1.7240 -1.4813
v  -2.2432 1.7306 -1.4821
v  -2.2476 1.7377 -1.4641
v  -2.2384 1.7244 -1.4986
v  -2.2206 1.7146 -1.4969
v  -2.2412 1.6767 -1.5018
v  -2.2276 1.6946 -1.5087
v  -2.2396 1.7160 -1.5150
v  -2.2253 1.7075 -1.5083
v  -2.3366 1.7961 -1.7425
v  -2.3525 1.7892 -1.7328
v  -2.3405 1.7869 -1.7134
v  -2.3210 1.7922 -1.7223
v  -2.3554 1.7786 -1.7096
v  -2.3650 1.7800 -1.7293
v  -2.3462 1.7799 -1.6897
v  -2.3293 1.7881 -1.6938
v  -2.3063 1.7931 -1.7020
v  -2.3201 1.7902 -1.6741
v  -2.2940 1.7956 -1.6821
v  -2.3384 1.7814 -1.6696
v  -2.3314 1.7833 -1.6491
v  -2.3129 1.7923 -1.6537
v  -2.2845 1.7990 -1.6609
v  -2.3216 1.7921 -1.6067
v  -2.3057 1.8025 -1.6105
v  -2.3082 1.7961 -1.6319
v  -2.3258 1.7871 -1.6276
v  -2.2793 1.8045 -1.6368
v  -2.2777 1.8128 -1.6134
v  -2.3034 1.8091 -1.5914
v  -2.2770 1.8209 -1.5929
v  -2.3180 1.7975 -1.5878
v  -2.3116 1.8009 -1.5702
v  -2.2978 1.8120 -1.5733
v  -2.2734 1.8244 -1.5740
v  -2.1819 1.8649 -1.5648
v  -2.2323 1.8425 -1.5726
v  -2.2270 1.8477 -1.5541
v  -2.1772 1.8672 -1.5454
v  -2.2679 1.8277 -1.5565
v  -2.2683 1.8366 -1.5428
v  -2.2270 1.8604 -1.5420
v  -2.1769 1.8779 -1.5323
v  -2.2973 1.8098 -1.5374
v  -2.2872 1.8200 -1.5413
v  -2.2905 1.8143 -1.5561
v  -2.3033 1.8038 -1.5529
v  -2.3640 1.6812 -1.6021
v  -2.3509 1.6780 -1.5713
v  -2.3408 1.6835 -1.5829
v  -2.3589 1.6875 -1.6115
v  -2.3367 1.6945 -1.5916
v  -2.3575 1.6977 -1.6174
v  -2.3740 1.6718 -1.5772
v  -2.3708 1.6666 -1.5562
v  -2.3614 1.6727 -1.5615
v  -2.3701 1.6765 -1.5896
v  -2.3724 1.6351 -1.5488
v  -2.3671 1.6216 -1.5325
v  -2.3535 1.6131 -1.5528
v  -2.3607 1.6287 -1.5653
v  -2.3454 1.5969 -1.5421
v  -2.3603 1.6055 -1.5164
v  -2.3536 1.5861 -1.5024
v  -2.3371 1.5789 -1.5348
v  -2.3488 1.5635 -1.4897
v  -2.3261 1.5548 -1.5331
v  -2.3461 1.5384 -1.4769
v  -2.3263 1.5278 -1.5107
v  -2.3788 1.6616 -1.5576
v  -2.3795 1.6544 -1.5618
v  -2.3807 1.6703 -1.5857
v  -2.3777 1.6609 -1.5937
v  -2.3728 1.6914 -1.6410
v  -2.3836 1.6935 -1.6720
v  -2.3828 1.6836 -1.6626
v  -2.3754 1.6842 -1.6304
v  -2.3715 1.7006 -1.6462
v  -2.3832 1.7033 -1.6763
v  -2.3792 1.6776 -1.6110
v  -2.3790 1.6723 -1.6281
v  -2.3747 1.6467 -1.5637
v  -2.3672 1.6454 -1.5789
v  -2.3432 1.5848 -1.5747
v  -2.3371 1.5918 -1.5613
v  -2.3427 1.6067 -1.5691
v  -2.3461 1.5979 -1.5822
v  -2.3480 1.6223 -1.5806
v  -2.3495 1.6112 -1.5944
v  -2.3554 1.6387 -1.5955
v  -2.3543 1.6251 -1.6111
v  -2.3658 1.6523 -1.6152
v  -2.3635 1.6386 -1.6299
v  -2.3749 1.6641 -1.6421
v  -2.3769 1.6519 -1.6513
v  -2.3830 1.6741 -1.6696
v  -2.3911 1.6644 -1.6749
v  -2.3930 1.6804 -1.6916
v  -2.4076 1.6768 -1.6967
v  -2.3959 1.6873 -1.6984
v  -2.4233 1.6920 -1.7200
v  -2.3973 1.6946 -1.7038
v  -2.4180 1.7013 -1.7293
v  -2.3974 1.7057 -1.7066
v  -2.4136 1.7099 -1.7332
v  -2.4363 1.6460 -1.6683
v  -2.4123 1.6567 -1.6711
v  -2.4274 1.6711 -1.6953
v  -2.4475 1.6591 -1.6957
v  -2.4424 1.6837 -1.7243
v  -2.4557 1.6695 -1.7305
v  -2.4123 1.6168 -1.6309
v  -2.3860 1.6273 -1.6319
v  -2.3983 1.6417 -1.6502
v  -2.4242 1.6316 -1.6472
v  -2.3940 1.5894 -1.6056
v  -2.3704 1.6009 -1.6007
v  -2.3767 1.6136 -1.6155
v  -2.4021 1.6026 -1.6175
v  -2.3623 1.5751 -1.5823
v  -2.3654 1.5877 -1.5901
v  -2.3881 1.5776 -1.5941
v  -2.3844 1.5662 -1.5840
v  -2.4011 1.7269 -1.7310
v  -2.4079 1.7194 -1.7326
v  -2.3945 1.7166 -1.7071
v  -2.3893 1.7252 -1.7071
v  -2.3809 1.7141 -1.6788
v  -2.3762 1.7232 -1.6810
v  -2.3771 1.7669 -1.7271
v  -2.3666 1.7650 -1.7076
v  -2.3754 1.7524 -1.7064
v  -2.3872 1.7542 -1.7262
v  -2.3644 1.7519 -1.6849
v  -2.3568 1.7652 -1.6872
v  -2.3939 1.7373 -1.7287
v  -2.3963 1.7322 -1.7288
v  -2.3854 1.7314 -1.7069
v  -2.3826 1.7370 -1.7064
v  -2.3728 1.7301 -1.6820
v  -2.3709 1.7365 -1.6824
v  -2.3920 1.7445 -1.7272
v  -2.3801 1.7436 -1.7060
v  -2.3688 1.7431 -1.6834
v  -2.3694 1.7115 -1.6503
v  -2.3567 1.7091 -1.6228
v  -2.3551 1.7203 -1.6281
v  -2.3658 1.7214 -1.6543
v  -2.3474 1.7543 -1.6417
v  -2.3411 1.7678 -1.6452
v  -2.3485 1.7660 -1.6664
v  -2.3555 1.7525 -1.6634
v  -2.3626 1.7293 -1.6571
v  -2.3533 1.7296 -1.6323
v  -2.3506 1.7373 -1.6361
v  -2.3602 1.7362 -1.6592
v  -2.3587 1.7432 -1.6611
v  -2.3493 1.7447 -1.6390
v  -2.3395 1.7075 -1.5973
v  -2.3173 1.7079 -1.5752
v  -2.3283 1.7227 -1.5790
v  -2.3429 1.7209 -1.6026
v  -2.3344 1.7718 -1.6234
v  -2.3401 1.7586 -1.6193
v  -2.3348 1.7642 -1.5975
v  -2.3295 1.7771 -1.6021
v  -2.3446 1.7321 -1.6072
v  -2.3355 1.7351 -1.5830
v  -2.3343 1.7457 -1.5893
v  -2.3420 1.7410 -1.6124
v  -2.3410 1.7490 -1.6162
v  -2.3349 1.7544 -1.5937
v  -2.3264 1.7827 -1.5829
v  -2.3213 1.7874 -1.5647
v  -2.3312 1.7694 -1.5775
v  -2.3261 1.7740 -1.5585
v  -2.2942 1.7121 -1.5546
v  -2.2745 1.7199 -1.5360
v  -2.3008 1.7311 -1.5365
v  -2.3138 1.7263 -1.5570
v  -2.3255 1.7386 -1.5610
v  -2.3147 1.7432 -1.5411
v  -2.3179 1.7544 -1.5491
v  -2.3267 1.7499 -1.5684
v  -2.3293 1.7591 -1.5733
v  -2.3229 1.7635 -1.5541
v  -2.3131 1.7910 -1.5469
v  -2.3051 1.7954 -1.5312
v  -2.3174 1.7776 -1.5401
v  -2.3064 1.7808 -1.5249
v  -2.2638 1.7278 -1.5183
v  -2.2603 1.7336 -1.5003
v  -2.2785 1.7449 -1.5043
v  -2.2882 1.7380 -1.5197
v  -2.3122 1.7674 -1.5362
v  -2.2999 1.7718 -1.5212
v  -2.3039 1.7596 -1.5329
v  -2.2905 1.7650 -1.5181
v  -2.2989 1.7496 -1.5261
v  -2.2857 1.7556 -1.5116
v  -2.2840 1.8192 -1.2376
v  -2.2728 1.7742 -1.2584
v  -2.3148 1.8233 -1.2895
v  -2.3039 1.7780 -1.3018
v  -2.2174 1.7138 -1.3271
v  -2.2103 1.7255 -1.3148
v  -2.2432 1.7390 -1.3352
v  -2.2405 1.7270 -1.3502
v  -2.2559 1.7536 -1.2783
v  -2.2221 1.7503 -1.2425
v  -2.2878 1.7569 -1.3152
v  -2.2440 1.7452 -1.2944
v  -2.2734 1.7478 -1.3262
v  -2.2076 1.7366 -1.2641
v  -2.1710 1.7197 -1.2403
v  -2.1871 1.7244 -1.2646
v  -2.1828 1.7325 -1.2273
v  -2.2225 1.7376 -1.2999
v  -2.2000 1.7285 -1.2916
v  -2.2620 1.7435 -1.3343
v  -2.2420 1.7423 -1.3090
v  -2.1970 1.7468 -1.2080
v  -2.3322 1.5769 -1.5573
v  -2.3422 1.5731 -1.5706
v  -2.3354 1.5631 -1.5741
v  -2.3247 1.5630 -1.5596
v  -2.3616 1.5634 -1.5767
v  -2.3542 1.5538 -1.5792
v  -2.3816 1.5534 -1.5769
v  -2.3716 1.5419 -1.5801
v  -2.3813 1.5387 -1.5900
v  -2.3966 1.5543 -1.5902
v  -2.3918 1.5465 -1.5818
v  -2.3883 1.5435 -1.6032
v  -2.4006 1.5638 -1.6015
v  -2.3974 1.5505 -1.6156
v  -2.4067 1.5745 -1.6146
v  -2.4079 1.5596 -1.6288
v  -2.4153 1.5865 -1.6276
v  -2.4191 1.5707 -1.6428
v  -2.4257 1.5994 -1.6416
v  -2.4306 1.5830 -1.6580
v  -2.4372 1.6131 -1.6578
v  -2.4426 1.5963 -1.6750
v  -2.4486 1.6266 -1.6782
v  -2.4536 1.6096 -1.6946
v  -2.4587 1.6394 -1.7050
v  -2.4616 1.6218 -1.7174
v  -2.4652 1.6503 -1.7405
v  -2.4634 1.6311 -1.7509
v  -2.4401 1.6046 -1.7186
v  -2.4511 1.6141 -1.7296
v  -2.4466 1.6201 -1.7573
v  -2.4198 1.6077 -1.7599
v  -2.3838 1.5797 -1.7157
v  -2.4135 1.5796 -1.6836
v  -2.4268 1.5931 -1.7019
v  -2.3995 1.5936 -1.7361
v  -2.3535 1.5566 -1.6792
v  -2.3880 1.5551 -1.6518
v  -2.4008 1.5662 -1.6672
v  -2.3688 1.5662 -1.6970
v  -2.3751 1.5461 -1.6377
v  -2.3636 1.5403 -1.6238
v  -2.3381 1.5505 -1.6631
v  -2.3243 1.5470 -1.6479
v  -2.3137 1.5438 -1.6330
v  -2.3044 1.5429 -1.6198
v  -2.3463 1.5410 -1.5973
v  -2.3550 1.5371 -1.6092
v  -2.3332 1.5502 -1.5928
v  -2.3181 1.5550 -1.5856
v  -2.2943 1.5446 -1.6099
v  -2.2842 1.5452 -1.6009
v  -2.3074 1.5518 -1.5717
v  -2.2758 1.5443 -1.5896
v  -2.2678 1.5417 -1.5735
v  -2.3017 1.5418 -1.5551
v  -2.2975 1.5253 -1.5340
v  -2.2600 1.5354 -1.5511
v  -2.2525 1.5252 -1.5246
v  -2.2910 1.5114 -1.5062
v  -2.2811 1.5030 -1.4737
v  -2.2453 1.5157 -1.4942
v  -2.2348 1.5064 -1.4620
v  -2.2661 1.4992 -1.4392
v  -2.2414 1.4951 -1.4047
v  -2.2166 1.4965 -1.4302
v  -2.1986 1.4719 -1.4019
v  -2.2138 1.4805 -1.3723
v  -2.1850 1.4699 -1.3395
v  -2.1766 1.4614 -1.3606
v  -2.1922 1.3846 -1.4466
v  -2.1915 1.4149 -1.4398
v  -2.2105 1.4012 -1.4895
v  -2.2196 1.3654 -1.4967
v  -2.2097 1.3837 -1.4758
v  -2.2325 1.3824 -1.5372
v  -2.1998 1.3526 -1.4526
v  -2.1877 1.4445 -1.4172
v  -2.1746 1.4367 -1.3786
v  -2.1699 1.4106 -1.3975
v  -2.1383 1.4078 -1.3667
v  -2.1462 1.4304 -1.3443
v  -2.1172 1.4222 -1.3101
v  -2.1080 1.4010 -1.3316
v  -2.0809 1.3895 -1.2911
v  -2.0869 1.4124 -1.2746
v  -2.0525 1.4035 -1.2384
v  -2.0539 1.4260 -1.2274
v  -2.0488 1.3797 -1.2503
v  -2.0157 1.3730 -1.2108
v  -2.0186 1.3973 -1.2044
v  -2.0190 1.4201 -1.1984
v  -1.9866 1.3977 -1.1768
v  -1.9866 1.4208 -1.1785
v  -1.9502 1.4012 -1.1630
v  -1.9838 1.3725 -1.1745
v  -1.9441 1.3744 -1.1564
v  -1.9542 1.4258 -1.1675
v  -2.0275 1.4446 -1.1758
v  -2.0397 1.4479 -1.1532
v  -2.0777 1.4493 -1.1794
v  -2.0648 1.4458 -1.1997
v  -2.0549 1.4436 -1.2174
v  -2.0185 1.4406 -1.1941
v  -1.9872 1.4416 -1.1772
v  -1.9945 1.4459 -1.1573
v  -1.9586 1.4455 -1.1644
v  -1.9655 1.4495 -1.1444
v  -2.0142 1.4830 -1.0990
v  -2.0103 1.4601 -1.1089
v  -1.9646 1.4601 -1.0864
v  -1.9719 1.4859 -1.0759
v  -2.0027 1.4492 -1.1319
v  -1.9708 1.4511 -1.1192
v  -1.9399 1.4543 -1.1371
v  -1.9486 1.4532 -1.1192
v  -1.9142 1.4591 -1.1220
v  -1.9333 1.4559 -1.1013
v  -1.9227 1.4296 -1.1561
v  -1.9301 1.4499 -1.1529
v  -1.8979 1.4539 -1.1370
v  -1.8887 1.4310 -1.1389
v  -2.1657 1.3867 -1.4183
v  -2.1650 1.3662 -1.4276
v  -2.1290 1.3684 -1.4033
v  -2.1315 1.3883 -1.3896
v  -2.1991 1.2936 -1.3968
v  -2.1871 1.2888 -1.3663
v  -2.1831 1.3205 -1.3879
v  -2.2019 1.3166 -1.4198
v  -2.1545 1.3126 -1.3551
v  -2.1618 1.2818 -1.3331
v  -2.1453 1.3377 -1.3817
v  -2.1748 1.3452 -1.4125
v  -2.1632 1.3569 -1.4173
v  -2.1365 1.3530 -1.3950
v  -2.0952 1.3858 -1.3555
v  -2.0890 1.3631 -1.3708
v  -2.0682 1.3538 -1.3176
v  -2.0714 1.3722 -1.3084
v  -2.1053 1.3457 -1.3592
v  -2.0795 1.3427 -1.3088
v  -2.1165 1.3312 -1.3418
v  -2.0914 1.3298 -1.2929
v  -2.1291 1.3081 -1.3153
v  -2.1064 1.3075 -1.2696
v  -2.1368 1.2775 -1.2962
v  -2.1147 1.2762 -1.2544
v  -2.0429 1.3603 -1.2609
v  -2.0408 1.3448 -1.2652
v  -2.0108 1.3523 -1.2143
v  -2.0060 1.3357 -1.2156
v  -2.0492 1.3349 -1.2576
v  -2.0138 1.3240 -1.2079
v  -2.0635 1.3254 -1.2424
v  -2.0285 1.3160 -1.1943
v  -2.0806 1.3060 -1.2230
v  -2.0446 1.2998 -1.1795
v  -2.0903 1.2752 -1.2120
v  -2.0528 1.2725 -1.1737
v  -2.1977 1.2742 -1.4087
v  -2.1849 1.2590 -1.3706
v  -2.1847 1.2334 -1.3868
v  -2.1948 1.2530 -1.4263
v  -2.1561 1.2248 -1.3511
v  -2.1588 1.2518 -1.3364
v  -2.1326 1.2489 -1.3002
v  -2.1259 1.2233 -1.3165
v  -2.1020 1.2187 -1.2761
v  -2.1113 1.2462 -1.2590
v  -2.0872 1.2440 -1.2180
v  -2.0788 1.2141 -1.2332
v  -2.0472 1.2140 -1.1896
v  -2.0518 1.2439 -1.1790
v  -2.0068 1.2440 -1.1367
v  -2.0059 1.2690 -1.1335
v  -2.0044 1.2174 -1.1443
v  -1.9632 1.2196 -1.1014
v  -1.9648 1.2432 -1.0955
v  -1.9634 1.2658 -1.0946
v  -2.0294 1.1894 -1.2122
v  -1.9915 1.1943 -1.1626
v  -1.9710 1.1808 -1.1843
v  -2.0035 1.1750 -1.2358
v  -1.9396 1.1858 -1.1362
v  -1.9544 1.1989 -1.1170
v  -2.2386 1.3537 -1.5546
v  -2.2426 1.3734 -1.5970
v  -2.2674 1.3631 -1.6453
v  -2.2583 1.3474 -1.6074
v  -2.2425 1.3320 -1.5745
v  -2.2493 1.3603 -1.5870
v  -2.2203 1.3393 -1.5211
v  -2.2234 1.3131 -1.5426
v  -2.2013 1.2872 -1.5082
v  -2.2040 1.3198 -1.4856
v  -2.2000 1.2962 -1.4473
v  -2.1957 1.2730 -1.4644
v  -2.1915 1.2574 -1.4693
v  -2.1881 1.2403 -1.4425
v  -2.1928 1.2567 -1.4890
v  -2.1860 1.2342 -1.4602
v  -2.1769 1.2191 -1.4077
v  -2.1733 1.2115 -1.4241
v  -2.1452 1.1911 -1.3914
v  -2.1495 1.2046 -1.3723
v  -2.1158 1.1987 -1.3399
v  -2.1060 1.1790 -1.3652
v  -2.0600 1.1682 -1.3338
v  -2.0847 1.1937 -1.3032
v  -2.0583 1.1897 -1.2598
v  -2.0319 1.1710 -1.2829
v  -2.3001 1.3478 -1.6495
v  -2.2786 1.3337 -1.6150
v  -2.2992 1.3186 -1.6173
v  -2.3232 1.3331 -1.6500
v  -2.2778 1.3011 -1.5872
v  -2.2610 1.3161 -1.5821
v  -2.2407 1.2954 -1.5529
v  -2.2574 1.2816 -1.5594
v  -2.2391 1.2603 -1.5334
v  -2.2200 1.2716 -1.5278
v  -2.2928 1.2710 -1.5967
v  -2.2729 1.2559 -1.5684
v  -2.2666 1.2692 -1.5644
v  -2.2873 1.2867 -1.5921
v  -2.2516 1.2511 -1.5354
v  -2.2588 1.2390 -1.5391
v  -2.2095 1.2481 -1.5002
v  -2.2292 1.2404 -1.5032
v  -2.2200 1.2206 -1.4682
v  -2.2010 1.2264 -1.4677
v  -2.2429 1.2331 -1.5042
v  -2.2334 1.2126 -1.4696
v  -2.2498 1.2209 -1.5087
v  -2.2391 1.1994 -1.4760
v  -2.1840 1.2027 -1.4308
v  -2.2021 1.1958 -1.4296
v  -2.1730 1.1655 -1.3955
v  -2.1557 1.1769 -1.3978
v  -2.1922 1.1421 -1.4049
v  -2.1850 1.1548 -1.3970
v  -2.2151 1.1864 -1.4311
v  -2.2207 1.1729 -1.4395
v  -2.1142 1.1533 -1.3768
v  -2.1321 1.1333 -1.3735
v  -2.0870 1.1024 -1.3500
v  -2.0715 1.1319 -1.3528
v  -2.1103 1.0715 -1.3457
v  -2.1001 1.0849 -1.3467
v  -2.1451 1.1200 -1.3723
v  -2.1547 1.1076 -1.3756
v  -2.4566 1.3153 -2.1156
v  -2.4467 1.3478 -2.1000
v  -2.4629 1.2731 -2.1310
v  -2.4679 1.2740 -2.1015
v  -2.4620 1.3141 -2.0875
v  -2.4538 1.3454 -2.0742
v  -2.4228 1.3706 -2.0452
v  -2.4229 1.3823 -2.0389
v  -2.4184 1.3859 -2.0622
v  -2.4195 1.3748 -2.0683
v  -2.4114 1.3967 -2.0525
v  -2.4159 1.3931 -2.0304
v  -2.4304 1.3601 -2.0554
v  -2.4244 1.3637 -2.0500
v  -2.4213 1.3687 -2.0729
v  -2.4265 1.3655 -2.0787
v  -2.4354 1.3615 -2.0875
v  -2.4409 1.3573 -2.0633
v  -2.4221 1.3769 -2.0015
v  -2.4141 1.3880 -1.9965
v  -2.4233 1.3642 -2.0059
v  -2.4225 1.3589 -1.9581
v  -2.4193 1.3721 -1.9557
v  -2.4100 1.3845 -1.9541
v  -2.4322 1.3446 -1.9629
v  -2.4254 1.3501 -1.9603
v  -2.4248 1.3553 -2.0095
v  -2.4318 1.3501 -2.0137
v  -2.4434 1.3481 -2.0193
v  -2.4595 1.3402 -2.0273
v  -2.4584 1.3343 -1.9710
v  -2.4431 1.3410 -1.9664
v  -2.4137 1.3689 -1.9074
v  -2.4037 1.3810 -1.9070
v  -2.4160 1.3555 -1.9102
v  -2.4093 1.3547 -1.8657
v  -2.4057 1.3664 -1.8615
v  -2.3946 1.3761 -1.8616
v  -2.3285 1.3554 -1.6868
v  -2.3470 1.3405 -1.6894
v  -2.3025 1.3635 -1.6926
v  -2.3347 1.3612 -1.7286
v  -2.3545 1.3562 -1.7243
v  -2.3681 1.3444 -1.7283
v  -2.3961 1.3635 -1.8230
v  -2.3835 1.3712 -1.8237
v  -2.4027 1.3544 -1.8292
v  -2.3947 1.3498 -1.7977
v  -2.3842 1.3597 -1.7896
v  -2.3702 1.3657 -1.7913
v  -2.4175 1.3425 -1.8700
v  -2.4128 1.3471 -1.8707
v  -2.4190 1.3466 -1.9125
v  -2.4262 1.3417 -1.9143
v  -2.4072 1.3483 -1.8405
v  -2.4067 1.3445 -1.8330
v  -2.4357 1.3381 -1.9161
v  -2.4469 1.3307 -1.9180
v  -2.4294 1.3296 -1.8704
v  -2.4240 1.3378 -1.8701
v  -2.4088 1.3388 -1.8315
v  -2.4098 1.3309 -1.8304
v  -2.3978 1.3325 -1.8042
v  -2.3959 1.3396 -1.7978
v  -2.3712 1.3565 -1.7580
v  -2.3833 1.3482 -1.7609
v  -2.3553 1.3609 -1.7608
v  -2.4686 1.3130 -2.0380
v  -2.4735 1.2765 -2.0519
v  -2.4702 1.2792 -1.9863
v  -2.4669 1.3118 -1.9782
v  -2.4528 1.3130 -1.9218
v  -2.4486 1.2936 -1.9244
v  -2.4229 1.3017 -1.8722
v  -2.4293 1.3164 -1.8708
v  -2.4334 1.2790 -1.9222
v  -2.4098 1.2886 -1.8755
v  -2.4569 1.2608 -1.9568
v  -2.4398 1.2513 -1.9437
v  -2.4177 1.2627 -1.9220
v  -2.3977 1.2696 -1.8803
v  -2.3725 1.3147 -1.7615
v  -2.3697 1.3298 -1.7389
v  -2.3852 1.3358 -1.7687
v  -2.3887 1.3264 -1.7875
v  -2.4045 1.3207 -1.8243
v  -2.3947 1.3095 -1.8197
v  -2.3120 1.3027 -1.6204
v  -2.3173 1.2832 -1.6256
v  -2.3347 1.3152 -1.6552
v  -2.3429 1.2936 -1.6668
v  -2.3671 1.2768 -1.7660
v  -2.3696 1.2972 -1.7663
v  -2.3858 1.2952 -1.8206
v  -2.3816 1.2731 -1.8245
v  -2.3526 1.3233 -1.6984
v  -2.3560 1.3086 -1.7100
v  -2.3593 1.2979 -1.7255
v  -2.3560 1.2826 -1.7148
v  -2.0528 1.9130 -1.3138
v  -2.1086 1.9394 -1.3031
v  -2.0842 1.9285 -1.2522
v  -2.0355 1.9013 -1.2664
v  -2.0582 1.9134 -1.2017
v  -2.0173 1.8884 -1.2170
v  -2.0325 1.9048 -1.1562
v  -1.9972 1.8844 -1.1714
v  -2.0101 1.9003 -1.1154
v  -1.9785 1.8831 -1.1302
v  -1.9806 1.8990 -1.0490
v  -1.9491 1.8805 -1.0634
v  -1.9625 1.8828 -1.0943
v  -1.9935 1.9001 -1.0798
v  -1.9677 1.8974 -1.0229
v  -1.9365 1.8779 -1.0379
v  -1.9550 1.8949 -1.0001
v  -1.9242 1.8750 -1.0157
v  -1.9426 1.8915 -0.9792
v  -1.9119 1.8720 -0.9948
v  -1.9297 1.8884 -0.9587
v  -1.8989 1.8686 -0.9738
v  -1.9154 1.8863 -0.9372
v  -1.8845 1.8654 -0.9518
v  -1.8989 1.8831 -0.9139
v  -1.8676 1.8615 -0.9285
v  -1.8778 1.8815 -0.8884
v  -1.8458 1.8591 -0.9042
v  -1.8508 1.8816 -0.8603
v  -1.8186 1.8554 -0.8780
v  -1.8164 1.8823 -0.8279
v  -1.7846 1.8505 -0.8498
v  -1.7810 1.8858 -0.7904
v  -1.7388 1.8456 -0.8184
v  -1.6866 1.8835 -0.7220
v  -1.7113 1.8641 -0.7674
v  -1.7504 1.8969 -0.7478
v  -1.7244 1.9135 -0.7035
v  -1.6900 1.8292 -0.8236
v  -1.6728 1.8469 -0.7827
v  -1.6385 1.8289 -0.7933
v  -1.6553 1.8112 -0.8300
v  -1.6511 1.8663 -0.7383
v  -1.6192 1.8470 -0.7505
v  -1.9784 1.8576 -1.2522
v  -1.9930 1.8622 -1.2991
v  -2.0103 1.8770 -1.2828
v  -1.9971 1.8658 -1.2333
v  -2.0209 1.8887 -1.3289
v  -2.0021 1.8698 -1.3425
v  -1.9404 1.8539 -1.1629
v  -1.9599 1.8553 -1.2061
v  -1.9792 1.8624 -1.1865
v  -1.9609 1.8620 -1.1440
v  -1.9059 1.8533 -1.0935
v  -1.9222 1.8538 -1.1249
v  -1.9442 1.8619 -1.1069
v  -1.9300 1.8594 -1.0754
v  -1.8795 1.8491 -1.0491
v  -1.8919 1.8520 -1.0695
v  -1.9164 1.8582 -1.0510
v  -1.9039 1.8559 -1.0298
v  -1.8563 1.8407 -1.0072
v  -1.8682 1.8453 -1.0285
v  -1.8918 1.8531 -1.0091
v  -1.8790 1.8498 -0.9878
v  -1.8256 1.8317 -0.9629
v  -1.8425 1.8359 -0.9849
v  -1.8648 1.8456 -0.9655
v  -1.8480 1.8405 -0.9422
v  -1.8268 1.8359 -0.9193
v  -1.8048 1.8287 -0.9424
v  -1.8016 1.8294 -0.8963
v  -1.7798 1.8259 -0.9238
v  -1.7347 1.8166 -0.8585
v  -1.7223 1.8057 -0.8933
v  -1.7518 1.8184 -0.9062
v  -1.7710 1.8225 -0.8737
v  -1.6987 1.8047 -0.8554
v  -1.6920 1.7885 -0.8886
v  -1.6691 1.7846 -0.8566
v  -1.6657 1.7657 -0.8874
v  -1.9747 1.8559 -1.3125
v  -1.9841 1.8625 -1.3486
v  -1.9588 1.8516 -1.2716
v  -1.9389 1.8488 -1.2915
v  -1.9587 1.8538 -1.3261
v  -1.9702 1.8593 -1.3480
v  -1.9376 1.8499 -1.2288
v  -1.9149 1.8497 -1.1872
v  -1.8874 1.8492 -1.2138
v  -1.9138 1.8474 -1.2527
v  -1.8938 1.8495 -1.1504
v  -1.8754 1.8479 -1.1197
v  -1.8418 1.8486 -1.1493
v  -1.8630 1.8501 -1.1787
v  -1.8606 1.8452 -1.0967
v  -1.8486 1.8410 -1.0772
v  -1.8137 1.8438 -1.1077
v  -1.8258 1.8471 -1.1271
v  -1.9032 1.8664 -1.3284
v  -1.9336 1.8706 -1.3582
v  -1.9444 1.8578 -1.3433
v  -1.9190 1.8527 -1.3120
v  -1.9665 1.8647 -1.3661
v  -1.9601 1.8759 -1.3829
v  -1.8404 1.8760 -1.2581
v  -1.8710 1.8690 -1.2942
v  -1.8898 1.8535 -1.2761
v  -1.8609 1.8585 -1.2391
v  -1.8110 1.8802 -1.2245
v  -1.8337 1.8614 -1.2052
v  -1.8098 1.8600 -1.1768
v  -1.7839 1.8779 -1.1972
v  -1.9784 1.9418 -1.5019
v  -1.9486 1.9404 -1.4729
v  -1.9844 1.9340 -1.4925
v  -1.9556 1.9346 -1.4643
v  -1.9204 1.9392 -1.4426
v  -1.9294 1.9349 -1.4343
v  -1.8891 1.9425 -1.4055
v  -1.9005 1.9374 -1.3971
v  -1.8692 1.9438 -1.3565
v  -1.8561 1.9521 -1.3647
v  -1.8214 1.9671 -1.3237
v  -1.8361 1.9561 -1.3162
v  -1.8015 1.9677 -1.2777
v  -1.7873 1.9827 -1.2837
v  -1.7530 1.9885 -1.2475
v  -1.7661 1.9731 -1.2422
v  -1.7312 1.9689 -1.2136
v  -1.7197 1.9825 -1.2178
v  -1.6915 1.9690 -1.1937
v  -1.7030 1.9577 -1.1901
v  -1.6798 1.9426 -1.1697
v  -1.6679 1.9519 -1.1734
v  -1.6476 1.9339 -1.1559
v  -1.6599 1.9262 -1.1511
v  -1.6423 1.9105 -1.1329
v  -1.6294 1.9177 -1.1386
v  -1.6120 1.9040 -1.1215
v  -1.5944 1.8919 -1.1046
v  -1.6256 1.8962 -1.1155
v  -1.6081 1.8832 -1.0991
v  -1.5693 1.8624 -1.0633
v  -1.5560 1.8711 -1.0690
v  -1.5757 1.8815 -1.0878
v  -1.5890 1.8726 -1.0825
v  -1.5348 1.8570 -1.0481
v  -1.5130 1.8378 -1.0281
v  -1.5485 1.8482 -1.0419
v  -1.5270 1.8293 -1.0225
v  -1.4919 1.8144 -1.0108
v  -1.5065 1.8074 -1.0061
v  -1.4854 1.7831 -0.9911
v  -1.4707 1.7888 -0.9947
v  -1.9479 1.9062 -1.4078
v  -1.9202 1.9039 -1.3761
v  -1.9111 1.9223 -1.3866
v  -1.9393 1.9226 -1.4215
v  -1.8893 1.9045 -1.3413
v  -1.8801 1.9256 -1.3484
v  -1.8969 1.8860 -1.3347
v  -1.8647 1.8914 -1.2998
v  -1.8575 1.9122 -1.3041
v  -1.8331 1.8991 -1.2634
v  -1.8255 1.9214 -1.2668
v  -1.8147 1.9460 -1.2718
v  -1.8480 1.9354 -1.3096
v  -1.8001 1.9025 -1.2306
v  -1.7925 1.9263 -1.2318
v  -1.7697 1.9000 -1.2038
v  -1.7599 1.9239 -1.2045
v  -1.7455 1.9481 -1.2087
v  -1.7802 1.9514 -1.2363
v  -1.7184 1.9382 -1.1868
v  -1.7352 1.9155 -1.1831
v  -1.7163 1.9038 -1.1639
v  -1.6973 1.9250 -1.1667
v  -1.6792 1.9103 -1.1472
v  -1.6624 1.8948 -1.1292
v  -1.6995 1.8900 -1.1456
v  -1.6834 1.8749 -1.1287
v  -1.6498 1.8462 -1.0986
v  -1.6285 1.8664 -1.0971
v  -1.6457 1.8796 -1.1132
v  -1.6672 1.8599 -1.1137
v  -1.6092 1.8252 -1.0636
v  -1.5898 1.8469 -1.0597
v  -1.6097 1.8566 -1.0794
v  -1.6302 1.8353 -1.0823
v  -1.5664 1.7989 -1.0225
v  -1.5467 1.8159 -1.0196
v  -1.5687 1.8338 -1.0382
v  -1.5875 1.8135 -1.0422
v  -1.9774 1.8932 -1.4185
v  -1.9982 1.8945 -1.4406
v  -2.0123 1.8861 -1.4184
v  -1.9549 1.8911 -1.3951
v  -1.9827 1.8790 -1.4006
v  -1.9705 1.9080 -1.4347
v  -1.9940 1.9077 -1.4605
v  -1.9631 1.9229 -1.4508
v  -1.9894 1.9216 -1.4783
v  -1.9278 1.8876 -1.3666
v  -2.2351 1.7329 -1.4404
v  -2.2505 1.7423 -1.4409
v  -2.2362 1.7288 -1.4171
v  -2.2546 1.7379 -1.4135
v  -2.2319 1.7223 -1.3949
v  -2.2461 1.7279 -1.3861
v  -2.2732 1.7512 -1.4893
v  -2.2610 1.7387 -1.4845
v  -2.2629 1.7439 -1.4675
v  -2.2738 1.7536 -1.4720
v  -2.2676 1.7420 -1.3693
v  -2.2823 1.7419 -1.3958
v  -2.2686 1.7411 -1.4007
v  -2.2560 1.7372 -1.3773
v  -2.2881 1.7435 -1.4323
v  -2.2814 1.7482 -1.4524
v  -2.2669 1.7456 -1.4457
v  -2.2730 1.7425 -1.4262
v  -2.2781 1.7414 -1.4145
v  -2.2899 1.7419 -1.4151
v  -2.2788 1.7615 -1.4956
v  -2.2821 1.7610 -1.4771
v  -2.2908 1.7670 -1.4823
v  -2.2857 1.7694 -1.5010
v  -2.2805 1.7438 -1.3636
v  -2.2944 1.7442 -1.3921
v  -2.2938 1.7487 -1.3586
v  -2.3057 1.7503 -1.3892
v  -2.3094 1.7546 -1.4381
v  -2.3012 1.7597 -1.4617
v  -2.2915 1.7537 -1.4574
v  -2.2995 1.7477 -1.4359
v  -2.3003 1.7456 -1.4151
v  -2.3105 1.7524 -1.4148
v  -2.3078 1.7590 -1.3520
v  -2.3206 1.7821 -1.3457
v  -2.3178 1.7613 -1.3861
v  -2.3278 1.7846 -1.3849
v  -2.3128 1.7872 -1.4926
v  -2.3052 1.7852 -1.5094
v  -2.2962 1.7756 -1.5049
v  -2.3016 1.7743 -1.4863
v  -2.3292 1.7857 -1.4429
v  -2.3227 1.7866 -1.4700
v  -2.3120 1.7692 -1.4648
v  -2.3195 1.7656 -1.4395
v  -2.3305 1.7854 -1.4158
v  -2.3210 1.7637 -1.4144
v  -2.3098 1.8056 -1.5179
v  -2.3019 1.8241 -1.5270
v  -2.3200 1.8158 -1.5029
v  -2.3000 1.8508 -1.5164
v  -2.2788 1.8488 -1.5341
v  -2.2926 1.8304 -1.5334
v  -2.3234 1.8259 -1.3437
v  -2.3317 1.8270 -1.3879
v  -2.3048 1.8741 -1.3448
v  -2.3157 1.8769 -1.3927
v  -2.3040 1.8651 -1.4545
v  -2.3071 1.8646 -1.4859
v  -2.3287 1.8223 -1.4792
v  -2.3322 1.8247 -1.4498
v  -2.3333 1.8262 -1.4216
v  -2.3115 1.8718 -1.4272
v  -2.2378 1.8765 -1.5345
v  -2.2530 1.8935 -1.5173
v  -2.1968 1.9157 -1.5110
v  -2.1879 1.8959 -1.5255
v  -2.2063 1.9465 -1.3961
v  -2.2711 1.9211 -1.3962
v  -2.2611 1.9185 -1.3469
v  -2.1967 1.9455 -1.3496
v  -2.2606 1.9034 -1.4879
v  -2.2017 1.9271 -1.4848
v  -2.2576 1.8984 -1.4559
v  -2.2016 1.9248 -1.4547
v  -2.2662 1.9106 -1.4305
v  -2.2055 1.9346 -1.4286
v  -2.1243 1.8763 -1.5458
v  -2.1292 1.8816 -1.5274
v  -2.0898 1.8968 -1.5023
v  -2.0672 1.8964 -1.5125
v  -2.1372 1.8913 -1.5182
v  -2.1116 1.9076 -1.4998
v  -2.0752 1.9306 -1.3870
v  -2.1361 1.9503 -1.3902
v  -2.1254 1.9487 -1.3499
v  -2.0645 1.9255 -1.3540
v  -2.1534 1.9020 -1.5155
v  -2.1477 1.9180 -1.5031
v  -2.0627 1.9055 -1.4675
v  -2.0388 1.8936 -1.4667
v  -2.0949 1.9226 -1.4719
v  -2.0868 1.9297 -1.4404
v  -2.0497 1.9089 -1.4335
v  -2.0249 1.9051 -1.4880
v  -2.0202 1.8952 -1.4653
v  -2.0293 1.8978 -1.3668
v  -2.0387 1.9055 -1.3953
v  -2.0074 1.8761 -1.3781
v  -2.0839 1.9317 -1.4135
v  -2.0516 1.9138 -1.4124
v  -1.9863 1.8684 -1.3778
v  -2.1402 1.9435 -1.4213
v  -2.1414 1.9378 -1.4492
v  -2.1438 1.9331 -1.4788
v  -2.0241 1.9166 -1.5090
v  -2.0658 1.8997 -1.5415
v  -2.0195 1.9274 -1.5260
v  -2.0604 1.9065 -1.5680
v  -2.0423 1.9201 -1.5716
v  -2.0127 1.9353 -1.5362
v  -2.3156 1.8059 -1.7612
v  -2.2963 1.8024 -1.7389
v  -2.2758 1.8189 -1.7541
v  -2.2960 1.8187 -1.7792
v  -2.2781 1.8045 -1.7170
v  -2.2557 1.8231 -1.7313
v  -2.2607 1.8091 -1.6967
v  -2.2345 1.8304 -1.7123
v  -2.2460 1.8153 -1.6738
v  -2.2088 1.8443 -1.6908
v  -2.2372 1.8237 -1.6453
v  -2.1968 1.8522 -1.6538
v  -2.2337 1.8326 -1.6167
v  -2.1781 1.8667 -1.6165
v  -2.2338 1.8392 -1.5931
v  -2.1821 1.8650 -1.5872
v  -2.1198 1.8766 -1.5691
v  -2.1147 1.8793 -1.5918
v  -2.1617 1.8875 -1.6875
v  -2.1802 1.8700 -1.6870
v  -2.1635 1.8751 -1.6574
v  -2.1424 1.8979 -1.6574
v  -2.1381 1.8794 -1.6275
v  -2.1121 1.9024 -1.6275
v  -2.1096 1.8846 -1.6071
v  -2.0839 1.9030 -1.6017
v  -2.0700 1.9203 -1.6013
v  -2.1000 1.9249 -1.6277
v  -2.1288 1.9144 -1.6603
v  -2.1496 1.8991 -1.6919
v  -2.4909 1.1997 -2.1274
v  -2.4782 1.2334 -2.1160
v  -2.4753 1.2332 -2.1476
v  -2.4916 1.2012 -2.1611
v  -2.4803 1.1958 -2.0442
v  -2.4822 1.2343 -2.0214
v  -2.4822 1.2354 -2.0704
v  -2.4890 1.1979 -2.0876
v  -2.4685 1.2283 -1.9820
v  -2.4592 1.1970 -2.0038
v  -2.4311 1.2059 -1.9701
v  -2.4420 1.2293 -1.9541
v  -2.4126 1.2366 -1.9277
v  -2.4055 1.2125 -1.9368
v  -2.3907 1.2109 -1.8934
v  -2.3947 1.2403 -1.8865
v  -2.3813 1.2424 -1.8303
v  -2.3818 1.2103 -1.8364
v  -2.3729 1.2120 -1.7751
v  -2.3679 1.2460 -1.7702
v  -2.3571 1.2533 -1.7147
v  -2.3562 1.2193 -1.7208
v  -2.3328 1.2290 -1.6766
v  -2.3423 1.2586 -1.6668
v  -2.3164 1.2582 -1.6328
v  -2.3090 1.2334 -1.6422
v  -2.2919 1.2290 -1.6111
v  -2.2949 1.2507 -1.6030
v  -2.2797 1.2383 -1.5736
v  -2.2678 1.2226 -1.5448
v  -2.2807 1.2184 -1.5820
v  -2.2712 1.2035 -1.5541
v  -2.2580 1.2043 -1.5156
v  -2.2460 1.1826 -1.4843
v  -2.2612 1.1852 -1.5261
v  -2.2485 1.1632 -1.4962
v  -2.2274 1.1562 -1.4496
v  -2.2308 1.1371 -1.4625
v  -2.2005 1.1259 -1.4141
v  -2.2067 1.1064 -1.4263
v  -2.1642 1.0921 -1.3805
v  -2.1188 1.0568 -1.3462
v  -2.1730 1.0720 -1.3882
v  -2.1261 1.0401 -1.3490
v  -2.3732 1.1882 -1.9007
v  -2.3661 1.1846 -1.8445
v  -2.3328 1.1760 -1.8552
v  -2.3407 1.1795 -1.9100
v  -2.3256 1.1792 -1.7993
v  -2.3558 1.1888 -1.7855
v  -2.3371 1.1989 -1.7342
v  -2.3103 1.1858 -1.7504
v  -2.2914 1.1920 -1.7080
v  -2.3156 1.2087 -1.6909
v  -2.2952 1.2131 -1.6547
v  -2.2730 1.1948 -1.6709
v  -2.2574 1.1919 -1.6382
v  -2.2793 1.2098 -1.6228
v  -2.2455 1.1842 -1.6098
v  -2.2677 1.2010 -1.5943
v  -2.2576 1.1873 -1.5677
v  -2.2347 1.1718 -1.5844
v  -2.2472 1.1686 -1.5418
v  -2.2333 1.1469 -1.5143
v  -2.2232 1.1541 -1.5609
v  -2.2074 1.1353 -1.5357
v  -2.2157 1.1213 -1.4833
v  -2.1915 1.0914 -1.4496
v  -2.1868 1.1157 -1.5062
v  -2.1594 1.0943 -1.4722
v  -2.1580 1.0572 -1.4125
v  -2.1166 1.0242 -1.3692
v  -2.1250 1.0659 -1.4339
v  -2.0870 1.0316 -1.3900
v  -1.9990 1.2918 -1.1385
v  -1.9578 1.2860 -1.0998
v  -1.9481 1.3006 -1.1101
v  -1.9862 1.3062 -1.1506
v  -1.9245 1.2027 -1.0828
v  -1.9313 1.2203 -1.0691
v  -1.9141 1.1917 -1.0990
v  -1.8994 1.1956 -1.0785
v  -1.9007 1.2052 -1.0610
v  -1.9056 1.2223 -1.0487
v  -1.9175 1.2583 -1.0515
v  -1.9337 1.2619 -1.0658
v  -1.9346 1.2415 -1.0644
v  -1.9111 1.2426 -1.0457
v  -1.9705 1.3323 -1.1655
v  -1.9738 1.3159 -1.1610
v  -1.9391 1.3123 -1.1185
v  -1.9261 1.3273 -1.1266
v  -1.8935 1.2816 -1.0598
v  -1.9184 1.2959 -1.0780
v  -1.9281 1.2798 -1.0698
v  -1.9061 1.2689 -1.0505
v  -1.8663 1.2368 -1.0532
v  -1.8760 1.2602 -1.0508
v  -1.8913 1.2507 -1.0395
v  -1.8821 1.2273 -1.0387
v  -1.8672 1.2165 -1.0702
v  -1.8788 1.2070 -1.0541
v  -1.8846 1.1981 -1.0809
v  -1.8761 1.2058 -1.0903
v  -1.9994 1.1613 -1.2925
v  -1.9731 1.1718 -1.2519
v  -2.0188 1.1457 -1.3238
v  -1.9874 1.1322 -1.3194
v  -1.9693 1.1610 -1.3019
v  -1.9445 1.1771 -1.2667
v  -2.0327 1.1105 -1.3251
v  -1.9961 1.0915 -1.3088
v  -2.0436 1.0765 -1.3143
v  -2.0030 1.0561 -1.2839
v  -2.0621 1.0367 -1.3049
v  -2.0540 1.0542 -1.3073
v  -2.0127 1.0335 -1.2659
v  -2.0216 1.0137 -1.2575
v  -2.0675 1.0213 -1.3045
v  -2.0279 0.9933 -1.2565
v  -2.0712 1.0088 -1.3051
v  -2.0325 0.9748 -1.2597
v  -2.0490 0.9923 -1.3379
v  -2.0701 0.9911 -1.3178
v  -2.0162 0.9572 -1.2935
v  -2.0310 0.9577 -1.2733
v  -1.9675 0.9393 -1.2655
v  -1.9712 0.9382 -1.2380
v  -2.0000 0.9377 -1.2479
v  -1.9908 0.9395 -1.2705
v  -1.9803 0.9454 -1.2187
v  -2.0037 0.9527 -1.2276
v  -1.9969 0.9766 -1.2214
v  -1.9864 1.0017 -1.2241
v  -1.9660 0.9629 -1.2166
v  -1.9533 0.9868 -1.2238
v  -1.9526 0.9538 -1.2382
v  -1.9415 0.9733 -1.2458
v  -1.9498 0.9522 -1.2652
v  -1.9408 0.9665 -1.2652
v  -1.9458 1.0338 -1.2682
v  -1.9694 1.0470 -1.2641
v  -1.9765 1.0237 -1.2375
v  -1.9454 1.0092 -1.2386
v  -1.9842 0.9453 -1.2900
v  -1.9675 0.9474 -1.2937
v  -1.9988 0.9610 -1.3157
v  -1.9757 0.9646 -1.3315
v  -1.9351 0.9924 -1.2612
v  -1.9339 1.0181 -1.2878
v  -1.9380 0.9771 -1.2832
v  -1.9370 0.9995 -1.3125
v  -1.9493 0.9600 -1.2929
v  -1.9516 0.9798 -1.3290
v  -1.9299 1.6714 -1.1785
v  -1.9108 1.6431 -1.1946
v  -1.8888 1.6474 -1.1570
v  -1.9046 1.6753 -1.1413
v  -1.9419 1.6766 -1.0398
v  -1.9101 1.6797 -1.0730
v  -1.8889 1.6710 -1.0364
v  -1.9175 1.6675 -1.0013
v  -1.8499 1.6615 -0.9744
v  -1.8718 1.6612 -0.9330
v  -1.8954 1.6636 -0.9683
v  -1.8703 1.6661 -1.0066
v  -1.8961 1.6157 -1.1989
v  -1.8777 1.6227 -1.1599
v  -1.9059 1.5898 -1.1704
v  -1.8881 1.5979 -1.1347
v  -1.8865 1.6669 -1.1000
v  -1.8736 1.6448 -1.1156
v  -1.8569 1.6415 -1.0778
v  -1.8687 1.6599 -1.0628
v  -1.8518 1.6547 -1.0330
v  -1.8390 1.6375 -1.0473
v  -1.8185 1.6319 -1.0156
v  -1.8309 1.6508 -1.0020
v  -1.8673 1.6240 -1.1175
v  -1.8566 1.6220 -1.0773
v  -1.8767 1.6014 -1.0957
v  -1.8628 1.6001 -1.0582
v  -1.9271 1.5674 -1.1119
v  -1.9041 1.5722 -1.0789
v  -1.9336 1.5241 -1.0630
v  -1.9028 1.5274 -1.0330
v  -1.8410 1.6175 -1.0440
v  -1.8166 1.6114 -1.0141
v  -1.8463 1.5967 -1.0244
v  -1.8196 1.5905 -0.9965
v  -1.9319 1.4896 -1.0479
v  -1.8967 1.4926 -1.0193
v  -1.9233 1.4656 -1.0532
v  -1.8886 1.4674 -1.0226
v  -1.8846 1.5708 -1.0478
v  -1.8637 1.5676 -1.0192
v  -1.8769 1.5275 -1.0081
v  -1.8535 1.5275 -0.9863
v  -1.8417 1.5655 -0.9923
v  -1.8146 1.5638 -0.9693
v  -1.8300 1.5294 -0.9655
v  -1.8029 1.5330 -0.9479
v  -1.9031 1.4580 -1.0739
v  -1.8704 1.4558 -1.0413
v  -1.8805 1.4615 -1.0955
v  -1.8491 1.4559 -1.0608
v  -1.8686 1.4935 -0.9955
v  -1.8446 1.4949 -0.9740
v  -1.8612 1.4681 -0.9960
v  -1.8376 1.4688 -0.9712
v  -1.8203 1.4997 -0.9544
v  -1.7922 1.5071 -0.9392
v  -1.8117 1.4754 -0.9501
v  -1.7816 1.4868 -0.9363
v  -1.8601 1.4535 -1.1091
v  -1.8339 1.4416 -1.0672
v  -1.8509 1.4268 -1.1083
v  -1.8227 1.4159 -1.0657
v  -1.8462 1.4526 -1.0095
v  -1.8273 1.4490 -1.0243
v  -1.8063 1.4474 -0.9906
v  -1.8242 1.4522 -0.9791
v  -1.7983 1.4605 -0.9543
v  -1.7673 1.4750 -0.9391
v  -1.7819 1.4525 -0.9619
v  -1.7512 1.4630 -0.9398
v  -1.8153 1.4317 -1.0262
v  -1.7934 1.4288 -0.9900
v  -1.8017 1.4061 -1.0243
v  -1.7791 1.4012 -0.9869
v  -1.7677 1.4330 -0.9589
v  -1.7383 1.4410 -0.9287
v  -1.7526 1.4030 -0.9535
v  -1.7214 1.4095 -0.9188
v  -2.4534 1.6925 -1.7605
v  -2.4617 1.6781 -1.7729
v  -2.4439 1.7029 -1.7522
v  -2.4534 1.7089 -1.7776
v  -2.4598 1.6989 -1.7919
v  -2.4646 1.6839 -1.8201
v  -2.4480 1.7168 -1.7704
v  -2.4353 1.7098 -1.7521
v  -2.4280 1.7159 -1.7542
v  -2.4415 1.7233 -1.7674
v  -2.4606 1.7363 -1.7770
v  -2.4675 1.7292 -1.7832
v  -2.4596 1.7224 -1.7771
v  -2.4529 1.7296 -1.7713
v  -2.4654 1.7140 -1.7871
v  -2.4741 1.7210 -1.7938
v  -2.4199 1.7235 -1.7523
v  -2.4110 1.7296 -1.7490
v  -2.4184 1.7362 -1.7619
v  -2.4319 1.7296 -1.7646
v  -2.4041 1.7327 -1.7440
v  -2.4032 1.7370 -1.7477
v  -2.4438 1.7362 -1.7675
v  -2.4342 1.7436 -1.7651
v  -2.4449 1.7502 -1.7708
v  -2.4530 1.7429 -1.7729
v  -2.4048 1.7601 -1.7589
v  -2.4119 1.7472 -1.7608
v  -2.4011 1.7448 -1.7467
v  -2.3965 1.7567 -1.7442
v  -2.4250 1.7533 -1.7645
v  -2.4156 1.7663 -1.7656
v  -2.4257 1.7717 -1.7736
v  -2.4356 1.7596 -1.7708
v  -2.3860 1.7712 -1.7454
v  -2.3941 1.7761 -1.7613
v  -2.3736 1.7849 -1.7487
v  -2.3823 1.7914 -1.7660
v  -2.4828 1.7392 -1.8162
v  -2.4880 1.7310 -1.8325
v  -2.4863 1.7214 -1.8215
v  -2.4800 1.7303 -1.8048
v  -2.4909 1.7116 -1.8443
v  -2.4916 1.7223 -1.8533
v  -2.4868 1.7004 -1.8351
v  -2.4807 1.7113 -1.8106
v  -2.4701 1.7513 -1.7990
v  -2.4763 1.7457 -1.8055
v  -2.4730 1.7377 -1.7942
v  -2.4663 1.7440 -1.7877
v  -2.4584 1.7622 -1.7942
v  -2.4644 1.7564 -1.7954
v  -2.4598 1.7499 -1.7838
v  -2.4530 1.7568 -1.7819
v  -2.4511 1.7695 -1.7951
v  -2.4449 1.7655 -1.7822
v  -2.4358 1.7762 -1.7859
v  -2.4433 1.7781 -1.7991
v  -2.4832 1.7376 -1.8407
v  -2.4868 1.7302 -1.8596
v  -2.4786 1.7445 -1.8254
v  -2.4713 1.7467 -1.8330
v  -2.4751 1.7411 -1.8469
v  -2.4783 1.7353 -1.8641
v  -2.4735 1.7503 -1.8155
v  -2.4687 1.7552 -1.8095
v  -2.4633 1.7551 -1.8187
v  -2.4673 1.7512 -1.8239
v  -2.4641 1.7595 -1.8063
v  -2.4590 1.7638 -1.8055
v  -2.4549 1.7618 -1.8157
v  -2.4595 1.7585 -1.8162
v  -2.4523 1.7693 -1.8064
v  -2.4488 1.7661 -1.8163
v  -2.4453 1.7763 -1.8099
v  -2.4421 1.7719 -1.8192
v  -2.4392 1.7852 -1.8170
v  -2.4358 1.7795 -1.8249
v  -2.4363 1.7889 -1.8069
v  -2.4329 1.8001 -1.8188
v  -2.4358 1.7943 -1.8277
v  -2.4303 1.7878 -1.8334
v  -2.4339 1.8021 -1.8416
v  -2.4269 1.7965 -1.8454
v  -2.4344 1.8092 -1.8354
v  -2.4389 1.8150 -1.8556
v  -2.4354 1.8074 -1.8590
v  -2.4272 1.8022 -1.8615
v  -2.4404 1.8078 -1.8796
v  -2.4312 1.8030 -1.8812
v  -2.4461 1.8158 -1.8776
v  -2.4525 1.8114 -1.9012
v  -2.4458 1.8028 -1.9014
v  -2.4355 1.7984 -1.9022
v  -2.4473 1.7937 -1.9235
v  -2.4367 1.7901 -1.9231
v  -2.4549 1.8014 -1.9250
v  -2.4552 1.7878 -1.9471
v  -2.4471 1.7813 -1.9438
v  -2.4368 1.7783 -1.9420
v  -2.4456 1.7669 -1.9613
v  -2.4467 1.7504 -1.9725
v  -2.4398 1.7482 -1.9664
v  -2.4367 1.7645 -1.9581
v  -2.4542 1.7724 -1.9662
v  -2.4532 1.7553 -1.9806
v  -2.4523 1.7342 -1.9756
v  -2.4607 1.7209 -1.9719
v  -2.4564 1.7357 -1.9863
v  -2.4652 1.7189 -1.9828
v  -2.4545 1.7231 -1.9637
v  -2.4465 1.7341 -1.9675
v  -2.4761 1.7080 -1.9718
v  -2.4704 1.7129 -1.9626
v  -2.4880 1.7043 -1.9543
v  -2.4803 1.7113 -1.9478
v  -2.4633 1.7166 -1.9556
v  -2.4713 1.7155 -1.9425
v  -2.4871 1.7142 -1.9270
v  -2.4768 1.7185 -1.9239
v  -2.4955 1.7051 -1.9301
v  -2.4967 1.7085 -1.9028
v  -2.4896 1.7182 -1.9030
v  -2.4797 1.7237 -1.9029
v  -2.4799 1.7291 -1.8828
v  -2.4889 1.7234 -1.8803
v  -2.4944 1.7143 -1.8769
v  -2.4166 1.7907 -1.8480
v  -2.4043 1.7839 -1.8500
v  -2.4118 1.7727 -1.8420
v  -2.4219 1.7806 -1.8380
v  -2.4158 1.7976 -1.8634
v  -2.4023 1.7925 -1.8652
v  -2.4192 1.7986 -1.8825
v  -2.4233 1.7945 -1.9026
v  -2.4095 1.7902 -1.9030
v  -2.4054 1.7941 -1.8838
v  -2.4244 1.7868 -1.9225
v  -2.4108 1.7829 -1.9215
v  -2.4248 1.7759 -1.9401
v  -2.4114 1.7730 -1.9380
v  -2.4260 1.7627 -1.9544
v  -2.4304 1.7473 -1.9604
v  -2.4190 1.7462 -1.9549
v  -2.4139 1.7603 -1.9502
v  -2.4372 1.7349 -1.9599
v  -2.4448 1.7251 -1.9557
v  -2.4328 1.7258 -1.9480
v  -2.4255 1.7345 -1.9533
v  -2.4529 1.7195 -1.9482
v  -2.4602 1.7185 -1.9367
v  -2.4477 1.7208 -1.9301
v  -2.4409 1.7214 -1.9406
v  -2.4534 1.7371 -1.8706
v  -2.4537 1.7329 -1.8850
v  -2.4677 1.7319 -1.8844
v  -2.4668 1.7371 -1.8676
v  -2.4534 1.7284 -1.9004
v  -2.4673 1.7267 -1.9020
v  -2.4649 1.7213 -1.9203
v  -2.4517 1.7236 -1.9161
v  -2.3903 1.7889 -1.8856
v  -2.3879 1.7858 -1.8671
v  -2.3943 1.7859 -1.9038
v  -2.3768 1.7805 -1.8885
v  -2.3796 1.7788 -1.9052
v  -2.3758 1.7742 -1.8726
v  -2.3960 1.7789 -1.9211
v  -2.3823 1.7727 -1.9199
v  -2.3974 1.7689 -1.9361
v  -2.3848 1.7616 -1.9313
v  -2.4011 1.7559 -1.9457
v  -2.4070 1.7428 -1.9485
v  -2.3954 1.7390 -1.9394
v  -2.3899 1.7501 -1.9386
v  -2.4078 1.7259 -1.9303
v  -2.4019 1.7307 -1.9370
v  -2.4134 1.7324 -1.9460
v  -2.4206 1.7255 -1.9398
v  -2.4284 1.7224 -1.9321
v  -2.4350 1.7228 -1.9226
v  -2.4202 1.7250 -1.9152
v  -2.4156 1.7240 -1.9237
v  -2.4380 1.7256 -1.9108
v  -2.4235 1.7273 -1.9062
v  -2.4389 1.7294 -1.8979
v  -2.4227 1.7302 -1.8965
v  -2.4632 1.7461 -1.8404
v  -2.4606 1.7500 -1.8322
v  -2.4574 1.7532 -1.8274
v  -2.4526 1.7512 -1.8337
v  -2.4529 1.7484 -1.8389
v  -2.4535 1.7449 -1.8467
v  -2.3790 1.7367 -1.9023
v  -2.4021 1.7284 -1.9093
v  -2.4076 1.7291 -1.9039
v  -2.4035 1.7312 -1.8977
v  -2.3763 1.7506 -1.9209
v  -2.3821 1.7446 -1.9278
v  -2.3857 1.7368 -1.9250
v  -2.4533 1.7558 -1.8257
v  -2.4475 1.7522 -1.8346
v  -2.4482 1.7584 -1.8256
v  -2.4409 1.7543 -1.8355
v  -2.3719 1.7573 -1.8836
v  -2.3714 1.7661 -1.8928
v  -2.3718 1.7618 -1.9046
v  -2.3743 1.7610 -1.9155
v  -2.3921 1.7315 -1.9260
v  -2.3942 1.7293 -1.9191
v  -2.4022 1.7272 -1.9163
v  -2.4390 1.7332 -1.8853
v  -2.4236 1.7331 -1.8866
v  -2.4391 1.7369 -1.8730
v  -2.4227 1.7361 -1.8770
v  -2.4075 1.7328 -1.8906
v  -2.4029 1.7353 -1.8845
v  -2.3821 1.7629 -1.8591
v  -2.3772 1.7516 -1.8714
v  -2.3881 1.7415 -1.8729
v  -2.3999 1.7515 -1.8544
v  -2.4652 1.7417 -1.8525
v  -2.4535 1.7411 -1.8575
v  -2.4440 1.7483 -1.8426
v  -2.4418 1.7445 -1.8512
v  -2.4342 1.7498 -1.8444
v  -2.4287 1.7452 -1.8541
v  -2.4246 1.7401 -1.8654
v  -2.4401 1.7406 -1.8614
v  -2.4421 1.7621 -1.8263
v  -2.4336 1.7575 -1.8363
v  -2.4356 1.7669 -1.8284
v  -2.4264 1.7614 -1.8372
v  -2.4201 1.7663 -1.8385
v  -2.4288 1.7730 -1.8323
v  -2.4239 1.7525 -1.8452
v  -2.4144 1.7467 -1.8558
v  -2.4158 1.7559 -1.8448
v  -2.4124 1.7605 -1.8432
v  -2.4029 1.7635 -1.8459
v  -2.3915 1.7750 -1.8517
v  -2.4061 1.7395 -1.8705
v  -2.4719 1.7039 -1.8038
v  -2.4785 1.6916 -1.8292
v  -2.4955 1.7016 -1.8721
v  -2.5006 1.6933 -1.9027
v  -2.4938 1.6878 -1.8675
v  -2.5017 1.6759 -1.9033
v  -2.5010 1.6895 -1.9345
v  -2.5028 1.6705 -1.9394
v  -2.4940 1.6911 -1.9634
v  -2.4961 1.6735 -1.9730
v  -2.4812 1.6994 -1.9855
v  -2.4833 1.6860 -2.0010
v  -2.4690 1.7152 -1.9991
v  -2.4688 1.7074 -2.0234
v  -2.4595 1.7385 -2.0022
v  -2.4590 1.7416 -2.0193
v  -2.4602 1.7641 -1.9933
v  -2.4648 1.7778 -2.0125
v  -2.4547 1.7435 -2.0354
v  -2.4616 1.7731 -2.0350
v  -2.4599 1.7150 -2.0437
v  -2.4621 1.7991 -1.9867
v  -2.4600 1.7840 -1.9758
v  -2.4573 1.8006 -1.9534
v  -2.4553 1.8152 -1.9604
v  -2.4541 1.8152 -1.9286
v  -2.4498 1.8296 -1.9326
v  -2.4504 1.8256 -1.9024
v  -2.4446 1.8403 -1.9046
v  -2.4437 1.8288 -1.8767
v  -2.4369 1.8429 -1.8767
v  -2.4350 1.8255 -1.8516
v  -2.4262 1.8364 -1.8495
v  -2.4265 1.7891 -1.7940
v  -2.4150 1.7874 -1.7803
v  -2.4055 1.8064 -1.7929
v  -2.4223 1.8035 -1.8069
v  -2.4044 1.7829 -1.7704
v  -2.3926 1.7981 -1.7776
v  -2.4265 1.8163 -1.8272
v  -2.4153 1.8237 -1.8217
v  -2.3627 1.7953 -1.7528
v  -2.3723 1.8026 -1.7708
v  -2.3500 1.8037 -1.7631
v  -2.3624 1.8117 -1.7821
v  -2.3748 1.8181 -1.7966
v  -2.3823 1.8084 -1.7846
v  -2.3926 1.8169 -1.8002
v  -2.3851 1.8230 -1.8071
v  -2.3342 1.8133 -1.7838
v  -2.3528 1.8237 -1.8033
v  -2.3188 1.8251 -1.8040
v  -2.3431 1.8362 -1.8245
v  -2.3711 1.8312 -1.8184
v  -2.3881 1.8339 -1.8263
v  -2.3671 1.8433 -1.8411
v  -2.3933 1.8484 -1.8578
v  -2.4023 1.8302 -1.8247
v  -2.4126 1.8439 -1.8528
v  -2.4248 1.8523 -1.8797
v  -2.4113 1.8578 -1.8848
v  -2.4233 1.8573 -1.9118
v  -2.4340 1.8493 -1.9082
v  -2.4406 1.8393 -1.9375
v  -2.4332 1.8501 -1.9411
v  -2.4442 1.8416 -1.9710
v  -2.4487 1.8278 -1.9670
v  -2.4600 1.8161 -1.9970
v  -2.4641 1.8031 -2.0223
v  -2.4506 1.8320 -2.0014
v  -2.4641 1.7930 -2.0374
v  -2.4379 1.8549 -1.9699
v  -2.4390 1.8481 -1.9954
v  -2.4264 1.8655 -1.9799
v  -2.4301 1.8660 -1.9651
v  -2.4296 1.8642 -1.9411
v  -2.4228 1.8763 -1.9444
v  -2.4180 1.8711 -1.9126
v  -2.4082 1.8911 -1.9111
v  -2.4120 1.8847 -1.9559
v  -2.3945 1.9042 -1.9285
v  -2.3808 1.8573 -1.8737
v  -2.3699 1.8717 -1.8760
v  -2.3931 1.8838 -1.8857
v  -2.4017 1.8680 -1.8895
v  -2.3734 1.9240 -1.9044
v  -2.3839 1.9142 -1.8887
v  -2.3613 1.9340 -1.8733
v  -2.3537 1.9420 -1.8864
v  -2.3328 1.9656 -1.8803
v  -2.3410 1.9563 -1.8775
v  -2.3413 1.9551 -1.8673
v  -2.3284 1.9704 -1.8805
v  -2.3533 1.9174 -1.8629
v  -2.3331 1.9431 -1.8568
v  -2.3230 1.9277 -1.8621
v  -2.3339 1.9005 -1.8687
v  -2.3758 1.8996 -1.8736
v  -2.3540 1.8856 -1.8719
v  -2.3119 1.9278 -1.8682
v  -2.3180 1.9176 -1.8677
v  -2.3196 1.9024 -1.8716
v  -2.3092 1.9361 -1.8674
v  -2.3120 1.8894 -1.8694
v  -2.3205 1.8843 -1.8665
v  -2.3048 1.8823 -1.8497
v  -2.2990 1.8890 -1.8541
v  -2.1892 1.9051 -1.7090
v  -2.1773 1.8907 -1.7084
v  -2.1682 1.9017 -1.7168
v  -2.1858 1.9197 -1.7166
v  -2.2075 1.9295 -1.7215
v  -2.1983 1.9386 -1.7233
v  -2.2019 1.9429 -1.7338
v  -2.2096 1.9303 -1.7282
v  -2.2093 1.9396 -1.7438
v  -2.2151 1.9276 -1.7367
v  -2.2012 1.9233 -1.7106
v  -2.2030 1.9014 -1.7029
v  -2.2130 1.9167 -1.7145
v  -2.2224 1.8932 -1.7068
v  -2.1944 1.8808 -1.7016
v  -2.2142 1.8687 -1.7040
v  -2.2171 1.9141 -1.7215
v  -2.2214 1.9123 -1.7300
v  -2.2274 1.9003 -1.7265
v  -2.2263 1.8977 -1.7187
v  -2.2550 1.8612 -1.7353
v  -2.2531 1.8445 -1.7343
v  -2.2343 1.8559 -1.7155
v  -2.2392 1.8742 -1.7183
v  -2.2241 1.9213 -1.7480
v  -2.2200 1.9332 -1.7566
v  -2.2327 1.9241 -1.7722
v  -2.2356 1.9126 -1.7624
v  -2.2468 1.8821 -1.7455
v  -2.2514 1.8717 -1.7398
v  -2.2380 1.8835 -1.7254
v  -2.2353 1.8918 -1.7325
v  -2.2297 1.9059 -1.7401
v  -2.2406 1.8971 -1.7533
v  -2.2646 1.8936 -1.8017
v  -2.2488 1.9031 -1.7802
v  -2.2465 1.9136 -1.7901
v  -2.2626 1.9033 -1.8103
v  -2.2828 1.8452 -1.7845
v  -2.2862 1.8323 -1.7854
v  -2.2702 1.8365 -1.7578
v  -2.2697 1.8512 -1.7576
v  -2.2814 1.8945 -1.8334
v  -2.2845 1.8858 -1.8268
v  -2.3580 1.8519 -1.8553
v  -2.3460 1.8619 -1.8622
v  -2.3327 1.8451 -1.8365
v  -2.3186 1.8558 -1.8394
v  -2.2743 1.8661 -1.7882
v  -2.2781 1.8556 -1.7833
v  -2.2650 1.8621 -1.7602
v  -2.2595 1.8733 -1.7645
v  -2.2992 1.8457 -1.8127
v  -2.3073 1.8353 -1.8136
v  -2.2911 1.8532 -1.8052
v  -2.2932 1.8610 -1.8146
v  -2.3329 1.8745 -1.8643
v  -2.3127 1.8712 -1.8459
v  -2.2690 1.8798 -1.7944
v  -2.2897 1.8733 -1.8212
v  -2.2534 1.8882 -1.7715
v  -2.4655 1.6587 -1.7864
v  -2.4587 1.6402 -1.7968
v  -2.4600 1.6622 -1.8338
v  -2.4544 1.6438 -1.8438
v  -2.4432 1.6275 -1.8009
v  -2.4224 1.6168 -1.8113
v  -2.4408 1.6296 -1.8466
v  -2.4261 1.6214 -1.8424
v  -2.4698 1.6690 -1.8695
v  -2.4854 1.6760 -1.8655
v  -2.4924 1.6605 -1.9053
v  -2.4773 1.6497 -1.9087
v  -2.4940 1.6522 -1.9436
v  -2.4793 1.6373 -1.9460
v  -2.4903 1.6531 -1.9807
v  -2.4765 1.6341 -1.9841
v  -2.4667 1.6837 -2.0411
v  -2.4796 1.6666 -2.0159
v  -2.4666 1.6449 -2.0234
v  -2.4602 1.6958 -2.0525
v  -2.4617 1.6539 -1.8751
v  -2.4521 1.6378 -1.8802
v  -2.4639 1.6393 -1.9112
v  -2.4474 1.6298 -1.9109
v  -2.4342 1.6261 -1.8796
v  -2.4136 1.6191 -1.8676
v  -2.4239 1.6232 -1.9055
v  -2.3964 1.6184 -1.8932
v  -2.4615 1.6287 -1.9454
v  -2.4397 1.6237 -1.9405
v  -2.4558 1.6229 -1.9805
v  -2.4298 1.6209 -1.9700
v  -2.4190 1.6214 -1.9998
v  -2.4466 1.6255 -2.0181
v  -2.3955 1.6113 -1.8394
v  -2.3680 1.6113 -1.8722
v  -2.3404 1.6016 -1.8464
v  -2.3783 1.6009 -1.8063
v  -2.3590 1.5905 -1.7788
v  -2.3154 1.5924 -1.8191
v  -2.2922 1.5858 -1.7907
v  -2.3391 1.5820 -1.7539
v  -2.3209 1.5735 -1.7301
v  -2.3037 1.5666 -1.7083
v  -2.2708 1.5815 -1.7627
v  -2.2513 1.5797 -1.7365
v  -2.2373 1.5602 -1.6313
v  -2.2301 1.5605 -1.6198
v  -2.2463 1.5596 -1.6430
v  -2.1866 1.5835 -1.6640
v  -2.1775 1.5855 -1.6512
v  -2.1713 1.5862 -1.6377
v  -2.2236 1.5603 -1.6057
v  -2.2172 1.5588 -1.5885
v  -2.1655 1.5847 -1.6217
v  -2.1592 1.5793 -1.6050
v  -2.1036 1.5874 -1.6304
v  -2.1111 1.5971 -1.6429
v  -2.1188 1.6018 -1.6566
v  -2.1466 1.5540 -1.5738
v  -2.2030 1.5409 -1.5466
v  -2.2099 1.5532 -1.5683
v  -2.1524 1.5688 -1.5898
v  -2.0962 1.5750 -1.6197
v  -2.0889 1.5605 -1.6077
v  -2.1984 1.5264 -1.5208
v  -2.1429 1.5364 -1.5532
v  -2.1381 1.5187 -1.5308
v  -2.1919 1.5129 -1.4926
v  -2.0817 1.5433 -1.5920
v  -2.0738 1.5249 -1.5751
v  -2.1803 1.4968 -1.4673
v  -2.1297 1.5009 -1.5115
v  -2.1218 1.4811 -1.5001
v  -2.1718 1.4749 -1.4552
v  -2.2873 1.5628 -1.6889
v  -2.2721 1.5609 -1.6717
v  -2.2339 1.5785 -1.7137
v  -2.2174 1.5786 -1.6944
v  -2.2581 1.5596 -1.6564
v  -2.2008 1.5805 -1.6781
v  -2.1264 1.6017 -1.6694
v  -2.1365 1.5989 -1.6824
v  -2.2310 1.5833 -1.7902
v  -2.2080 1.5863 -1.7617
v  -2.2566 1.5842 -1.8205
v  -2.1881 1.5877 -1.7374
v  -2.1699 1.5899 -1.7165
v  -2.1518 1.5941 -1.6981
v  -2.3456 1.6131 -1.8972
v  -2.3120 1.6025 -1.8762
v  -2.3804 1.6191 -1.9149
v  -2.3672 1.6201 -1.9340
v  -2.3324 1.6158 -1.9169
v  -2.4121 1.6218 -1.9300
v  -2.4001 1.6216 -1.9531
v  -2.3889 1.6224 -1.9759
v  -2.3584 1.6217 -1.9517
v  -2.3323 1.6192 -1.9335
v  -2.2830 1.5913 -1.8501
v  -2.3824 1.3914 -2.0102
v  -2.3997 1.3943 -2.0203
v  -2.3978 1.3908 -1.9914
v  -2.3800 1.3899 -1.9864
v  -2.3927 1.3899 -1.9542
v  -2.3740 1.3899 -1.9548
v  -2.3862 1.3869 -1.9105
v  -2.3774 1.3816 -1.8674
v  -2.3592 1.3830 -1.8758
v  -2.3674 1.3877 -1.9156
v  -2.3660 1.3759 -1.8314
v  -2.3523 1.3702 -1.8004
v  -2.3341 1.3716 -1.8131
v  -2.3480 1.3773 -1.8421
v  -2.3366 1.3660 -1.7720
v  -2.3120 1.3653 -1.7425
v  -2.3179 1.3666 -1.7870
v  -2.2909 1.3638 -1.7606
v  -2.3961 1.3993 -2.0391
v  -2.3792 1.3943 -2.0261
v  -2.3561 1.3667 -2.0056
v  -2.3660 1.3822 -2.0165
v  -2.3684 1.3843 -2.0023
v  -2.3599 1.3746 -1.9967
v  -2.3654 1.3841 -1.9821
v  -2.3551 1.3712 -1.9814
v  -2.3591 1.3824 -1.9552
v  -2.3477 1.3673 -1.9571
v  -2.3322 1.3622 -1.8919
v  -2.3401 1.3651 -1.9255
v  -2.3526 1.3794 -1.9203
v  -2.3449 1.3749 -1.8838
v  -2.3086 1.3550 -1.8354
v  -2.3216 1.3590 -1.8620
v  -2.3343 1.3696 -1.8521
v  -2.3204 1.3653 -1.8245
v  -2.2921 1.3523 -1.8121
v  -2.3044 1.3601 -1.7999
v  -2.2772 1.3581 -1.7763
v  -2.2661 1.3527 -1.7912
v  -2.3448 1.3539 -1.9873
v  -2.3323 1.3490 -1.9631
v  -2.2971 1.3441 -1.9113
v  -2.3034 1.3432 -1.9391
v  -2.3239 1.3483 -1.9329
v  -2.3163 1.3490 -1.9012
v  -2.2890 1.3441 -1.9394
v  -2.2806 1.3444 -1.9210
v  -2.2761 1.3438 -1.8619
v  -2.2882 1.3437 -1.8853
v  -2.3061 1.3492 -1.8727
v  -2.2937 1.3469 -1.8472
v  -2.2699 1.3447 -1.9012
v  -2.2567 1.3459 -1.8810
v  -2.2771 1.3470 -1.8256
v  -2.2599 1.3459 -1.8417
v  -2.2533 1.3500 -1.8068
v  -2.2385 1.3509 -1.8238
v  -2.2405 1.3496 -1.8619
v  -2.2207 1.3552 -1.8429
v  -2.1956 1.3569 -1.8229
v  -2.2102 1.3548 -1.8067
v  -2.1880 1.3556 -1.7956
v  -2.1718 1.3558 -1.8026
v  -2.2193 1.3547 -1.7896
v  -2.1837 1.3560 -1.7793
v  -2.2256 1.3564 -1.7712
v  -2.1815 1.3574 -1.7584
v  -2.1560 1.3548 -1.7820
v  -2.1446 1.3542 -1.7602
v  -2.2319 1.3597 -1.7514
v  -2.1804 1.3595 -1.7348
v  -2.2449 1.3634 -1.7307
v  -2.1844 1.3640 -1.6970
v  -2.2716 1.3669 -1.7092
v  -2.2325 1.3698 -1.6684
v  -2.1342 1.3547 -1.7363
v  -2.1222 1.3582 -1.7059
v  -2.2119 1.3798 -1.6168
v  -2.2005 1.3989 -1.5640
v  -2.1531 1.4001 -1.5923
v  -2.1650 1.3788 -1.6410
v  -2.1059 1.3702 -1.6650
v  -2.0885 1.3910 -1.6242
v  -2.1874 1.4201 -1.5182
v  -2.1748 1.4355 -1.4830
v  -2.1256 1.4372 -1.5209
v  -2.1385 1.4194 -1.5516
v  -2.1696 1.4539 -1.4613
v  -2.1189 1.4577 -1.5022
v  -2.0713 1.4129 -1.5905
v  -2.0561 1.4328 -1.5632
v  -2.0540 1.4864 -1.5491
v  -2.0640 1.5066 -1.5603
v  -2.0481 1.4582 -1.5467
v  -1.9780 1.3508 -1.1686
v  -1.9359 1.3503 -1.1448
v  -1.9133 1.4032 -1.1570
v  -1.8753 1.4018 -1.1425
v  -1.9032 1.3732 -1.1605
v  -1.8616 1.3698 -1.1505
v  -1.8359 1.3940 -1.1097
v  -1.8071 1.3803 -1.0646
v  -1.8267 1.3568 -1.1121
v  -1.7989 1.3410 -1.0645
v  -1.7844 1.3696 -1.0237
v  -1.7610 1.3633 -0.9869
v  -1.7745 1.3294 -1.0241
v  -1.7492 1.3212 -0.9877
v  -1.7347 1.3617 -0.9515
v  -1.7029 1.3659 -0.9112
v  -1.7220 1.3157 -0.9500
v  -1.6890 1.3168 -0.9058
v  -1.9084 1.3049 -1.0923
v  -1.8848 1.2866 -1.0815
v  -1.8797 1.2846 -1.1151
v  -1.8960 1.3061 -1.1183
v  -1.8706 1.2646 -1.0749
v  -1.8640 1.2428 -1.0791
v  -1.8671 1.2459 -1.1057
v  -1.8704 1.2633 -1.1088
v  -1.8973 1.3460 -1.1597
v  -1.8565 1.3408 -1.1598
v  -1.8907 1.3208 -1.1571
v  -1.8551 1.3152 -1.1758
v  -1.8265 1.3256 -1.1216
v  -1.8310 1.2976 -1.1364
v  -1.8072 1.2801 -1.0839
v  -1.7998 1.3090 -1.0720
v  -1.7737 1.2951 -1.0300
v  -1.7780 1.2641 -1.0395
v  -1.7467 1.2833 -0.9908
v  -1.7491 1.2486 -0.9971
v  -1.7177 1.2730 -0.9504
v  -1.6837 1.2705 -0.9062
v  -1.7187 1.2339 -0.9542
v  -1.6811 1.2281 -0.9168
v  -1.6009 1.1408 -0.9100
v  -1.6382 1.1710 -0.9243
v  -1.6354 1.1271 -0.9680
v  -1.6007 1.0976 -0.9551
v  -1.5875 1.2053 -0.8601
v  -1.6382 1.2232 -0.8845
v  -1.6760 1.1879 -0.9467
v  -1.6701 1.1479 -0.9870
v  -1.7131 1.2013 -0.9741
v  -1.7043 1.1657 -1.0106
v  -1.7481 1.2162 -1.0099
v  -1.7392 1.1836 -1.0378
v  -1.7787 1.2335 -1.0539
v  -1.7735 1.1994 -1.0803
v  -1.8084 1.2514 -1.1016
v  -1.8035 1.2194 -1.1296
v  -1.8977 1.1937 -1.1146
v  -1.8827 1.2074 -1.1182
v  -1.9168 1.1866 -1.1561
v  -1.8948 1.2108 -1.1696
v  -1.8691 1.2233 -1.1002
v  -1.8742 1.2329 -1.1315
v  -1.9431 1.1772 -1.2034
v  -1.8760 1.2523 -1.1536
v  -1.8771 1.2753 -1.1647
v  -1.8873 1.2357 -1.2027
v  -1.8682 1.2607 -1.2281
v  -1.8806 1.2979 -1.1608
v  -1.8567 1.2922 -1.1934
v  -1.8326 1.2713 -1.1568
v  -1.8304 1.2430 -1.1858
v  -1.9014 1.2122 -1.2483
v  -1.8857 1.2264 -1.2739
v  -1.9192 1.1934 -1.2238
v  -1.9232 1.1881 -1.2866
v  -1.9050 1.2027 -1.3097
v  -1.9650 1.1257 -1.3287
v  -1.9700 1.0785 -1.3068
v  -1.9553 1.0703 -1.3112
v  -1.9427 1.1256 -1.3477
v  -1.9467 1.1627 -1.3161
v  -1.9269 1.1723 -1.3363
v  -1.9387 1.0571 -1.3277
v  -1.9381 1.1007 -1.3743
v  -1.9416 1.0372 -1.3544
v  -1.9482 1.0816 -1.4002
v  -1.9611 1.0175 -1.3764
v  -1.9722 1.0653 -1.4234
v  -1.9915 1.0001 -1.3839
v  -2.0130 1.0541 -1.4460
v  -2.0229 0.9959 -1.3630
v  -2.0536 1.0392 -1.4152
v  -2.0894 1.0743 -1.4591
v  -2.1239 1.1008 -1.4970
v  -2.0553 1.0839 -1.4911
v  -2.0884 1.1069 -1.5258
v  -2.1336 1.1342 -1.5830
v  -2.1139 1.1229 -1.5565
v  -2.1510 1.1194 -1.5302
v  -2.1719 1.1337 -1.5585
v  -2.1885 1.1457 -1.5825
v  -2.2021 1.1564 -1.6051
v  -2.1625 1.1507 -1.6258
v  -2.1492 1.1434 -1.6046
v  -2.2143 1.1647 -1.6299
v  -2.1753 1.1563 -1.6505
v  -2.2269 1.1707 -1.6581
v  -2.1888 1.1606 -1.6792
v  -2.2423 1.1734 -1.6912
v  -2.2045 1.1640 -1.7123
v  -2.2591 1.1733 -1.7281
v  -2.2212 1.1677 -1.7485
v  -2.2753 1.1754 -1.7694
v  -2.2376 1.1750 -1.7869
v  -2.2873 1.1798 -1.8155
v  -2.2484 1.1888 -1.8275
v  -1.8349 1.2098 -1.3402
v  -1.8463 1.2312 -1.2772
v  -1.8689 1.2279 -1.2979
v  -1.8788 1.2180 -1.3347
v  -1.7740 1.1438 -1.2293
v  -1.7895 1.1807 -1.1735
v  -1.8156 1.2119 -1.2303
v  -1.7972 1.1769 -1.2817
v  -1.7158 1.1035 -1.1487
v  -1.7253 1.1433 -1.0890
v  -1.7587 1.1593 -1.1257
v  -1.7463 1.1217 -1.1858
v  -1.6517 1.0708 -1.0876
v  -1.6617 1.1087 -1.0354
v  -1.6942 1.1263 -1.0600
v  -1.6848 1.0862 -1.1159
v  -1.6276 1.0895 -1.0154
v  -1.5924 1.0651 -1.0002
v  -1.6167 1.0554 -1.0648
v  -1.5799 1.0369 -1.0468
v  -1.9248 1.1641 -1.3956
v  -1.9080 1.1872 -1.4372
v  -1.8728 1.2050 -1.4010
v  -1.9038 1.1958 -1.3666
v  -1.9367 1.1410 -1.4205
v  -1.9296 1.1678 -1.4603
v  -1.9512 1.1241 -1.4423
v  -1.9474 1.1536 -1.4776
v  -1.9736 1.1112 -1.4643
v  -1.9678 1.1436 -1.4969
v  -2.0015 1.1070 -1.4884
v  -1.9906 1.1427 -1.5172
v  -2.0299 1.1145 -1.5186
v  -2.0121 1.1463 -1.5407
v  -2.0561 1.1267 -1.5498
v  -2.0316 1.1531 -1.5654
v  -2.0773 1.1388 -1.5767
v  -2.0479 1.1623 -1.5895
v  -2.0946 1.1494 -1.6005
v  -2.0619 1.1689 -1.6134
v  -2.0875 1.1730 -1.6592
v  -2.0748 1.1721 -1.6361
v  -2.1093 1.1576 -1.6213
v  -2.1228 1.1632 -1.6430
v  -2.1157 1.1710 -1.7124
v  -2.1005 1.1726 -1.6843
v  -2.1365 1.1666 -1.6682
v  -2.1513 1.1663 -1.6969
v  -2.1562 1.1717 -1.7767
v  -2.1348 1.1692 -1.7438
v  -2.1682 1.1662 -1.7294
v  -2.1863 1.1684 -1.7638
v  -2.1943 1.1823 -1.8307
v  -2.1782 1.1756 -1.8090
v  -2.2047 1.1744 -1.7987
v  -2.2165 1.1873 -1.8323
v  -2.1873 1.1876 -1.8489
v  -2.1594 1.1764 -1.8224
v  -2.1320 1.1710 -1.7899
v  -2.0475 1.1659 -1.6804
v  -2.0618 1.1723 -1.6731
v  -2.0706 1.1697 -1.6977
v  -2.0464 1.1611 -1.7002
v  -2.0829 1.1691 -1.7254
v  -2.1049 1.1696 -1.7567
v  -2.0207 1.1642 -1.6449
v  -2.0376 1.1721 -1.6288
v  -2.0505 1.1731 -1.6507
v  -2.0353 1.1651 -1.6661
v  -2.0248 1.1600 -1.6851
v  -2.0055 1.1610 -1.6617
v  -1.9910 1.1514 -1.6024
v  -2.0098 1.1573 -1.5843
v  -2.0240 1.1667 -1.6063
v  -2.0060 1.1591 -1.6234
v  -1.9701 1.1514 -1.6195
v  -1.9874 1.1581 -1.6399
v  -1.9575 1.1374 -1.5614
v  -1.9753 1.1437 -1.5418
v  -1.9937 1.1495 -1.5629
v  -1.9751 1.1439 -1.5819
v  -1.9530 1.1427 -1.6002
v  -1.9349 1.1346 -1.5807
v  -1.9544 1.1427 -1.5207
v  -1.9373 1.1328 -1.5397
v  -1.9160 1.1326 -1.5197
v  -1.9329 1.1496 -1.5020
v  -1.9150 1.1278 -1.5606
v  -1.8949 1.1224 -1.5408
v  -1.8737 1.1355 -1.4812
v  -1.8882 1.1678 -1.4639
v  -1.9126 1.1589 -1.4861
v  -1.8961 1.1341 -1.5023
v  -1.8563 1.1125 -1.5028
v  -1.8764 1.1176 -1.5232
v  -1.8120 1.1267 -1.4130
v  -1.8165 1.1684 -1.3810
v  -1.8538 1.1749 -1.4274
v  -1.8441 1.1357 -1.4504
v  -1.8314 1.1063 -1.4760
v  -1.8025 1.0960 -1.4445
v  -1.7865 1.1383 -1.3300
v  -1.7814 1.1028 -1.3722
v  -1.7500 1.0847 -1.3293
v  -1.7623 1.1112 -1.2830
v  -1.7678 1.0826 -1.4069
v  -1.7317 1.0707 -1.3664
v  -1.7339 1.0897 -1.2414
v  -1.7181 1.0675 -1.2891
v  -1.6865 1.0493 -1.2528
v  -1.7035 1.0710 -1.2044
v  -1.6975 1.0549 -1.3286
v  -1.6650 1.0362 -1.2939
v  -1.6721 1.0540 -1.1709
v  -1.6549 1.0313 -1.2194
v  -1.6228 1.0139 -1.1887
v  -1.6395 1.0379 -1.1408
v  -1.6334 1.0167 -1.2615
v  -1.6015 0.9981 -1.2311
v  -1.6051 1.0226 -1.1146
v  -1.5896 0.9972 -1.1613
v  -1.5550 0.9788 -1.1389
v  -1.5687 1.0064 -1.0934
v  -1.5684 0.9811 -1.2033
v  -1.5342 0.9628 -1.1806
v  -1.6422 1.2765 -0.8650
v  -1.6447 1.3302 -0.8586
v  -1.5965 1.2812 -0.8312
v  -1.5871 1.3490 -0.8159
v  -1.5683 1.2806 -0.8049
v  -1.5495 1.3179 -0.7882
v  -1.5578 1.2287 -0.8177
v  -1.5345 1.2617 -0.7868
v  -1.4479 1.7654 -0.9756
v  -1.4627 1.7584 -0.9740
v  -1.4378 1.7327 -0.9516
v  -1.4225 1.7431 -0.9509
v  -1.2963 1.6006 -0.8288
v  -1.2730 1.5595 -0.8028
v  -1.2603 1.5692 -0.8109
v  -1.2825 1.6092 -0.8341
v  -1.2461 1.5170 -0.7833
v  -1.2615 1.5044 -0.7733
v  -1.5344 1.4045 -0.7914
v  -1.5136 1.3584 -0.7743
v  -1.4755 1.3948 -0.7686
v  -1.4877 1.4468 -0.7885
v  -1.5059 1.2977 -0.7650
v  -1.4745 1.3308 -0.7534
v  -1.4407 1.4230 -0.7714
v  -1.4509 1.4741 -0.7990
v  -1.4440 1.3582 -0.7492
v  -1.4146 1.3813 -0.7496
v  -1.4079 1.4461 -0.7783
v  -1.4190 1.4952 -0.8112
v  -1.3784 1.4659 -0.7863
v  -1.3922 1.5143 -0.8206
v  -1.3858 1.4026 -0.7523
v  -1.3570 1.4239 -0.7562
v  -1.3529 1.4854 -0.7912
v  -1.3694 1.5336 -0.8248
v  -1.3294 1.5066 -0.7927
v  -1.3488 1.5538 -0.8247
v  -1.3281 1.4462 -0.7608
v  -1.3027 1.4675 -0.7643
v  -1.3074 1.5283 -0.7931
v  -1.3301 1.5726 -0.8240
v  -1.2886 1.5462 -0.7962
v  -1.3126 1.5882 -0.8254
v  -1.2805 1.4875 -0.7676
v  -1.3187 1.6479 -0.8645
v  -1.3330 1.6370 -0.8621
v  -1.3585 1.6840 -0.8965
v  -1.3731 1.6717 -0.8964
v  -1.4380 1.6101 -0.9046
v  -1.4784 1.6430 -0.9453
v  -1.4933 1.6254 -0.9322
v  -1.4558 1.5929 -0.8958
v  -1.5285 1.6520 -0.9547
v  -1.5222 1.6770 -0.9719
v  -1.5440 1.6322 -0.9394
v  -1.5139 1.6062 -0.9165
v  -1.4794 1.5738 -0.8822
v  -1.3930 1.7164 -0.9240
v  -1.4087 1.7041 -0.9254
v  -1.4562 1.7184 -0.9601
v  -1.4260 1.6898 -0.9330
v  -1.4435 1.6742 -0.9421
v  -1.4765 1.7031 -0.9691
v  -1.4050 1.6425 -0.9044
v  -1.3888 1.6578 -0.8999
v  -1.3487 1.6240 -0.8616
v  -1.3651 1.6089 -0.8624
v  -1.4965 1.6896 -0.9731
v  -1.4611 1.6590 -0.9469
v  -1.4214 1.6267 -0.9065
v  -1.4455 1.5366 -0.8455
v  -1.4200 1.5559 -0.8568
v  -1.3998 1.5741 -0.8624
v  -1.3821 1.5921 -0.8633
v  -1.6391 1.4404 -0.8471
v  -1.6819 1.4195 -0.8799
v  -1.6598 1.3780 -0.8627
v  -1.6116 1.4041 -0.8286
v  -1.5595 1.6676 -0.9515
v  -1.5693 1.6492 -0.9396
v  -1.5619 1.6869 -0.9604
v  -1.5821 1.6794 -0.9318
v  -1.5870 1.6981 -0.9371
v  -1.5875 1.6612 -0.9242
v  -1.7871 1.6263 -0.9775
v  -1.7815 1.6060 -0.9823
v  -1.7440 1.6025 -0.9461
v  -1.7459 1.6215 -0.9351
v  -1.7824 1.5850 -0.9719
v  -1.7414 1.5848 -0.9437
v  -1.8004 1.6493 -0.9616
v  -1.8229 1.6566 -0.9307
v  -1.7713 1.6483 -0.9185
v  -1.7933 1.6553 -0.8849
v  -1.8426 1.6590 -0.8875
v  -1.8100 1.6589 -0.8395
v  -1.7760 1.6637 -0.7971
v  -1.7846 1.6749 -0.7428
v  -1.7653 1.6606 -0.8457
v  -1.7398 1.6695 -0.8142
v  -1.7468 1.6740 -0.7688
v  -1.7415 1.6884 -0.7035
v  -1.7464 1.6515 -0.8792
v  -1.7203 1.6385 -0.8961
v  -1.6990 1.6521 -0.8615
v  -1.7226 1.6604 -0.8443
v  -1.6855 1.6369 -0.9007
v  -1.6726 1.6534 -0.8701
v  -1.6927 1.6210 -0.9244
v  -1.6476 1.6294 -0.9216
v  -1.6497 1.6441 -0.9002
v  -1.6468 1.6606 -0.8739
v  -1.6257 1.6727 -0.8775
v  -1.6202 1.6570 -0.9008
v  -1.6014 1.6741 -0.9032
v  -1.6131 1.6886 -0.8816
v  -1.6109 1.6428 -0.9200
v  -1.6059 1.7119 -0.9123
v  -1.5979 1.6925 -0.9077
v  -1.6138 1.7049 -0.8856
v  -1.6250 1.7221 -0.8877
v  -1.6475 1.7589 -0.8583
v  -1.6437 1.7421 -0.8874
v  -1.6315 1.7822 -0.8331
v  -1.6206 1.7509 -0.8355
v  -1.6335 1.7349 -0.8611
v  -1.6264 1.7177 -0.8640
v  -1.6209 1.7277 -0.8413
v  -1.6227 1.7125 -0.8470
v  -1.6228 1.7029 -0.8628
v  -1.6861 1.4843 -0.8947
v  -1.7179 1.4717 -0.9166
v  -1.7021 1.4501 -0.8983
v  -1.6647 1.4662 -0.8727
v  -1.5619 1.4467 -0.8093
v  -1.5959 1.4784 -0.8345
v  -1.5155 1.4888 -0.8134
v  -1.5574 1.5277 -0.8484
v  -1.4776 1.5152 -0.8301
v  -1.5125 1.5524 -0.8656
v  -1.6372 1.5218 -0.8797
v  -1.6561 1.5043 -0.8828
v  -1.6289 1.4946 -0.8612
v  -1.6087 1.5253 -0.8662
v  -1.5463 1.5848 -0.9006
v  -1.5855 1.5640 -0.8880
v  -1.5764 1.6101 -0.9251
v  -1.6259 1.5877 -0.9185
v  -1.6909 1.6045 -0.9339
v  -1.6395 1.6125 -0.9305
v  -1.6886 1.5858 -0.9303
v  -1.5972 1.6289 -0.9296
v  -1.7793 1.5637 -0.9499
v  -1.7383 1.5649 -0.9342
v  -1.7694 1.5389 -0.9344
v  -1.7335 1.5443 -0.9258
v  -1.7593 1.5168 -0.9282
v  -1.7281 1.5264 -0.9211
v  -1.7478 1.4991 -0.9270
v  -1.7161 1.5118 -0.9183
v  -1.7328 1.4865 -0.9267
v  -1.7023 1.4985 -0.9102
v  -1.6997 1.5475 -0.9195
v  -1.7050 1.5335 -0.9179
v  -1.6906 1.5263 -0.9123
v  -1.6712 1.5437 -0.9102
v  -1.6753 1.5157 -0.9002
v  -1.6490 1.5337 -0.8933
v  -1.6196 1.5483 -0.8872
v  -1.6511 1.5625 -0.9105
v  -1.6932 1.5664 -0.9234
v  -1.8479 1.8221 -0.6476
v  -1.8209 1.8688 -0.6276
v  -1.8148 1.8306 -0.6042
v  -1.7925 1.8781 -0.5866
v  -1.7867 1.9121 -0.6260
v  -1.7447 1.9365 -0.6398
v  -1.7622 1.9250 -0.5866
v  -1.7242 1.9557 -0.6003
v  -1.6472 1.9394 -0.6364
v  -1.6653 1.9075 -0.6784
v  -1.7031 1.9335 -0.6621
v  -1.6852 1.9592 -0.6216
v  -1.5834 1.9049 -0.6537
v  -1.6000 1.8722 -0.7029
v  -1.6310 1.8907 -0.6926
v  -1.6139 1.9224 -0.6468
v  -1.6225 1.7062 -0.8362
v  -1.6262 1.6963 -0.8218
v  -1.6391 1.6773 -0.8485
v  -1.6273 1.6890 -0.8568
v  -1.6543 1.6796 -0.7941
v  -1.6773 1.6645 -0.8283
v  -1.6561 1.6679 -0.8397
v  -1.6366 1.6854 -0.8080
v  -1.5929 1.7611 -0.7545
v  -1.6079 1.7571 -0.8020
v  -1.6144 1.7956 -0.7980
v  -1.5960 1.8107 -0.7543
v  -1.6139 1.7282 -0.8163
v  -1.6110 1.7219 -0.7921
v  -1.5495 1.8421 -0.6345
v  -1.5687 1.8010 -0.6922
v  -1.5763 1.8382 -0.7029
v  -1.5590 1.8753 -0.6485
v  -1.6996 1.6708 -0.8128
v  -1.7183 1.6783 -0.7909
v  -1.6760 1.6838 -0.7801
v  -1.6976 1.6900 -0.7605
v  -1.6151 1.7099 -0.7728
v  -1.6289 1.7005 -0.7562
v  -1.5934 1.7405 -0.7304
v  -1.6038 1.7270 -0.7125
v  -1.5708 1.7755 -0.6771
v  -1.5810 1.7588 -0.6606
v  -1.5509 1.8161 -0.6195
v  -1.5626 1.7974 -0.6053
v  -1.7283 1.6815 -0.7621
v  -1.7154 1.6907 -0.7301
v  -1.6494 1.7017 -0.7424
v  -1.6236 1.7252 -0.6989
v  -1.6720 1.7072 -0.7238
v  -1.6459 1.7295 -0.6813
v  -1.5849 1.7917 -0.5972
v  -1.6020 1.7552 -0.6492
v  -1.6242 1.7565 -0.6333
v  -1.6063 1.7900 -0.5844
v  -1.7685 1.7515 -0.6111
v  -1.7734 1.7858 -0.5866
v  -1.8043 1.7634 -0.6215
v  -1.8028 1.7322 -0.6526
v  -1.7996 1.7984 -0.5939
v  -1.7793 1.8083 -0.5723
v  -1.7947 1.7021 -0.6946
v  -1.7575 1.7186 -0.6507
v  -1.6923 1.7078 -0.6915
v  -1.7109 1.7127 -0.6503
v  -1.6661 1.7303 -0.6486
v  -1.6854 1.7373 -0.6078
v  -1.6432 1.7557 -0.6028
v  -1.6637 1.7672 -0.5671
v  -1.6244 1.7907 -0.5586
v  -1.6444 1.8067 -0.5314
v  -1.7837 1.8429 -0.5687
v  -1.7607 1.8904 -0.5506
v  -1.7642 1.8427 -0.5446
v  -1.7382 1.9008 -0.5120
v  -1.7283 1.7399 -0.6091
v  -1.7421 1.7770 -0.5733
v  -1.7047 1.7660 -0.5699
v  -1.7196 1.8080 -0.5405
v  -1.7503 1.8174 -0.5518
v  -1.7288 1.8540 -0.5223
v  -1.6835 1.7981 -0.5347
v  -1.6977 1.8428 -0.5134
v  -1.6628 1.8380 -0.5068
v  -1.6754 1.8797 -0.4912
v  -1.7050 1.8885 -0.5004
v  -1.7050 1.9342 -0.4883
v  -1.6808 1.9206 -0.4803
v  -1.6808 1.9612 -0.4670
v  -1.7351 1.9415 -0.5479
v  -1.7035 1.9803 -0.5598
v  -1.7158 1.9657 -0.5114
v  -1.6855 2.0080 -0.5226
v  -1.6688 1.9913 -0.5795
v  -1.6532 2.0223 -0.5389
v  -1.6209 2.0165 -0.5533
v  -1.6329 1.9797 -0.5947
v  -1.6936 1.9870 -0.4838
v  -1.6682 2.0290 -0.4912
v  -1.6727 2.0087 -0.4588
v  -1.6504 2.0468 -0.4628
v  -1.6014 1.9626 -0.6024
v  -1.5918 2.0015 -0.5608
v  -1.5648 1.9842 -0.5631
v  -1.5722 1.9450 -0.6063
v  -1.6250 2.0634 -0.4749
v  -1.6389 2.0455 -0.5048
v  -1.5988 2.0623 -0.4875
v  -1.6095 2.0429 -0.5176
v  -1.5486 1.9190 -0.5971
v  -1.5446 1.9606 -0.5512
v  -1.5362 1.9353 -0.5329
v  -1.5390 1.8897 -0.5801
v  -1.5553 2.0382 -0.4952
v  -1.5595 2.0145 -0.5266
v  -1.5831 2.0310 -0.5255
v  -1.5752 2.0536 -0.4955
v  -1.5492 1.8927 -0.5057
v  -1.5508 1.8447 -0.5515
v  -1.5401 1.8648 -0.5646
v  -1.5384 1.9127 -0.5169
v  -1.5845 1.8657 -0.5116
v  -1.5922 1.8326 -0.5395
v  -1.5727 1.8363 -0.5480
v  -1.5687 1.8795 -0.5063
v  -1.5381 1.9995 -0.4674
v  -1.5367 1.9712 -0.4966
v  -1.5431 1.9934 -0.5145
v  -1.5426 2.0192 -0.4839
v  -1.6090 1.8382 -0.5207
v  -1.6266 1.8565 -0.5018
v  -1.5941 1.8836 -0.4934
v  -1.6087 1.9030 -0.4780
v  -1.5404 1.9504 -0.4795
v  -1.5446 1.9806 -0.4498
v  -1.5710 1.9637 -0.4422
v  -1.5560 1.9306 -0.4706
v  -1.5762 1.9123 -0.4775
v  -1.5896 1.9337 -0.4606
v  -1.6423 1.8833 -0.4848
v  -1.6531 1.9166 -0.4719
v  -1.6225 1.9213 -0.4662
v  -1.6294 1.9456 -0.4537
v  -1.6571 1.9516 -0.4593
v  -1.6568 1.9876 -0.4428
v  -1.6317 1.9756 -0.4393
v  -1.6300 2.0079 -0.4211
v  -1.6041 1.9425 -0.4538
v  -1.6019 1.9618 -0.4413
v  -1.6010 1.9882 -0.4243
v  -1.5996 2.0176 -0.4059
v  -1.5712 1.9963 -0.4189
v  -1.5714 2.0228 -0.3996
v  -1.5480 2.0068 -0.4254
v  -1.5401 2.0226 -0.4412
v  -1.5431 2.0429 -0.4182
v  -1.5507 2.0304 -0.4046
v  -1.5545 2.0526 -0.3872
v  -1.5721 2.0477 -0.3829
v  -1.5476 2.0620 -0.3988
v  -1.5519 2.0740 -0.3869
v  -1.5604 2.0721 -0.3750
v  -1.5741 2.0645 -0.3742
v  -1.5428 2.0399 -0.4558
v  -1.5526 2.0566 -0.4662
v  -1.5445 2.0575 -0.4307
v  -1.5523 2.0718 -0.4400
v  -1.5690 2.0702 -0.4684
v  -1.5667 2.0832 -0.4438
v  -1.5888 2.0772 -0.4615
v  -1.5826 2.0862 -0.4445
v  -1.5965 2.0471 -0.3885
v  -1.5888 2.0739 -0.3785
v  -1.6052 2.0821 -0.4021
v  -1.6247 2.0445 -0.4042
v  -1.6506 2.0304 -0.4302
v  -1.6305 2.0650 -0.4331
v  -1.6097 2.0794 -0.4471
v  -1.5931 2.0914 -0.4275
v  -1.5723 2.0946 -0.4205
v  -1.5780 2.0973 -0.3977
v  -1.5612 2.0937 -0.4026
v  -1.5560 2.0857 -0.4168
v  -1.5717 2.0902 -0.3767
v  -1.5552 2.0865 -0.3916
v  -1.5488 2.0738 -0.4091
v  -1.7926 1.8579 -1.1546
v  -1.7812 1.8538 -1.1335
v  -1.7486 1.8610 -1.1557
v  -1.7647 1.8718 -1.1759
v  -1.7485 1.8933 -1.1817
v  -1.7318 1.8831 -1.1627
v  -1.7159 1.8705 -1.1457
v  -1.7008 1.8570 -1.1295
v  -1.7281 1.8526 -1.1456
v  -1.7153 1.8392 -1.1315
v  -1.8382 1.8358 -1.0570
v  -1.8274 1.8302 -1.0356
v  -1.7963 1.8306 -1.0643
v  -1.8049 1.8378 -1.0864
v  -1.7761 1.8440 -1.1099
v  -1.7724 1.8318 -1.0861
v  -1.7536 1.8299 -1.1046
v  -1.7541 1.8450 -1.1274
v  -1.7388 1.8432 -1.1339
v  -1.7342 1.8301 -1.1199
v  -1.8142 1.8254 -1.0133
v  -1.7978 1.8222 -0.9916
v  -1.7693 1.8201 -1.0207
v  -1.7846 1.8245 -1.0421
v  -1.6856 1.8427 -1.1142
v  -1.7022 1.8251 -1.1159
v  -1.6871 1.8112 -1.0998
v  -1.6688 1.8289 -1.0993
v  -1.7643 1.8204 -1.0640
v  -1.7520 1.8101 -1.0431
v  -1.7360 1.8024 -1.0632
v  -1.7472 1.8162 -1.0832
v  -1.7255 1.8155 -1.1033
v  -1.7131 1.8004 -1.0859
v  -1.7780 1.8202 -0.9717
v  -1.7506 1.8151 -1.0011
v  -1.7541 1.8176 -0.9535
v  -1.7311 1.8035 -0.9821
v  -1.6489 1.8169 -1.0838
v  -1.6683 1.7978 -1.0837
v  -1.6466 1.7852 -1.0667
v  -1.6272 1.8059 -1.0662
v  -1.7372 1.7973 -1.0236
v  -1.7218 1.7859 -1.0449
v  -1.7214 1.7801 -1.0047
v  -1.7051 1.7665 -1.0278
v  -1.6968 1.7833 -1.0696
v  -1.6769 1.7652 -1.0541
v  -1.7275 1.8093 -0.9365
v  -1.7106 1.7865 -0.9634
v  -1.7009 1.7932 -0.9238
v  -1.6862 1.7689 -0.9494
v  -1.7013 1.7612 -0.9855
v  -1.6828 1.7488 -1.0099
v  -1.6759 1.7469 -0.9715
v  -1.6579 1.7389 -0.9947
v  -1.6246 1.7328 -0.9483
v  -1.6480 1.7502 -0.9171
v  -1.6242 1.7306 -0.9155
v  -1.6012 1.7179 -0.9412
v  -1.6739 1.7726 -0.9188
v  -1.6592 1.7506 -0.9443
v  -1.6487 1.7368 -0.9663
v  -1.6353 1.7346 -0.9862
v  -1.6221 1.7317 -0.9702
v  -1.6195 1.7328 -0.9832
v  -1.6044 1.7950 -1.0459
v  -1.6236 1.7748 -1.0465
v  -1.6031 1.7660 -1.0271
v  -1.5838 1.7832 -1.0265
v  -1.6530 1.7514 -1.0361
v  -1.6304 1.7443 -1.0182
v  -1.5751 1.7075 -0.9669
v  -1.5454 1.7085 -0.9828
v  -1.5621 1.7284 -0.9903
v  -1.5902 1.7236 -0.9747
v  -1.4821 1.7450 -0.9805
v  -1.5040 1.7302 -0.9860
v  -1.5054 1.7701 -0.9950
v  -1.5313 1.7550 -0.9986
v  -1.5960 1.7307 -0.9849
v  -1.6008 1.7362 -0.9952
v  -1.5719 1.7387 -0.9968
v  -1.5778 1.7472 -1.0037
v  -1.5427 1.7376 -0.9949
v  -1.5234 1.7175 -0.9868
v  -1.5558 1.7453 -0.9995
v  -1.5576 1.7548 -1.0036
v  -1.5677 1.7687 -1.0122
v  -1.5477 1.7796 -1.0095
v  -1.5882 1.7568 -1.0131
v  -1.5261 1.7939 -1.0067
v  -1.6130 1.7409 -1.0054
v  -2.4832 1.1769 -2.1612
v  -2.4840 1.1753 -2.1323
v  -2.4642 1.1656 -2.1493
v  -2.4685 1.1662 -2.1313
v  -2.4761 1.1739 -2.0992
v  -2.4559 1.1654 -2.1108
v  -2.4350 1.1701 -2.0776
v  -2.4595 1.1751 -2.0618
v  -2.4428 1.1624 -2.1261
v  -2.4177 1.1702 -2.0941
v  -2.4347 1.1835 -2.0222
v  -2.4084 1.1942 -1.9831
v  -2.4084 1.1818 -2.0380
v  -2.3810 1.1918 -1.9959
v  -2.3867 1.1959 -1.9449
v  -2.3577 1.1881 -1.9546
v  -2.3213 1.1908 -1.9675
v  -2.2974 1.1889 -1.9210
v  -2.3551 1.1946 -2.0113
v  -2.2906 1.1857 -1.8677
v  -2.2498 1.2062 -1.8718
v  -2.2157 1.2030 -1.8648
v  -2.3881 1.1856 -2.0552
v  -0.7307 0.7092 -0.8515
v  -0.7402 0.6766 -0.8984
v  -0.7884 0.7448 -0.9113
v  -0.7746 0.7785 -0.8691
v  -0.8093 0.7092 -0.9486
v  -0.7608 0.6400 -0.9386
v  -0.8604 0.7868 -0.9654
v  -0.8387 0.8214 -0.9317
v  -0.8224 0.8552 -0.8932
v  -0.8146 0.8814 -0.8583
v  -0.7700 0.8036 -0.8316
v  -0.7625 0.8277 -0.7989
v  -0.8073 0.9061 -0.8261
v  -0.7205 0.7585 -0.7768
v  -0.7297 0.7333 -0.8104
v  -0.8019 0.9305 -0.7914
v  -0.7542 0.8532 -0.7641
v  -0.7485 0.8788 -0.7266
v  -0.7997 0.9540 -0.7538
v  -0.7024 0.8141 -0.7022
v  -0.7105 0.7859 -0.7408
v  -0.8030 0.9756 -0.7132
v  -0.7485 0.9036 -0.6844
v  -0.7616 0.9216 -0.6406
v  -0.8158 0.9918 -0.6711
v  -0.7140 0.8603 -0.6137
v  -0.7005 0.8411 -0.6589
v  -0.8424 0.9985 -0.6331
v  -0.7885 0.9290 -0.6007
v  -0.8225 0.9290 -0.5665
v  -0.8729 1.0007 -0.5981
v  -0.7772 0.8677 -0.5382
v  -0.7416 0.8686 -0.5727
v  -0.9072 0.9010 -0.5335
v  -0.8648 0.9165 -0.5476
v  -0.9106 0.9948 -0.5712
v  -0.9537 0.9788 -0.5590
v  -0.8589 0.8424 -0.4939
v  -0.8172 0.8577 -0.5128
v  -0.9865 0.8730 -0.5017
v  -0.9476 0.8866 -0.5184
v  -0.9947 0.9636 -0.5464
v  -1.0335 0.9497 -0.5302
v  -0.9390 0.8127 -0.4594
v  -0.8994 0.8272 -0.4763
v  -1.0618 0.8440 -0.4700
v  -1.0240 0.8608 -0.4820
v  -1.0708 0.9356 -0.5131
v  -1.1077 0.9164 -0.5063
v  -1.0179 0.7796 -0.4332
v  -0.9784 0.7991 -0.4409
v  -1.1739 0.8656 -0.5254
v  -1.1289 0.7914 -0.4908
v  -1.0976 0.8189 -0.4757
v  -1.1425 0.8918 -0.5122
v  -1.0846 0.7249 -0.4627
v  -1.0539 0.7531 -0.4433
v  -1.2219 0.8148 -0.5658
v  -1.1740 0.7395 -0.5356
v  -1.1537 0.7648 -0.5120
v  -1.2001 0.8399 -0.5440
v  -1.1084 0.6982 -0.4871
v  -1.1284 0.6732 -0.5121
v  -1.2590 0.7654 -0.6101
v  -1.2099 0.6915 -0.5800
v  -1.1919 0.7153 -0.5584
v  -1.2409 0.7901 -0.5882
v  -1.1469 0.6495 -0.5345
v  -1.1662 0.6263 -0.5544
v  -1.2994 0.7156 -0.6509
v  -1.2535 0.6422 -0.6177
v  -1.2297 0.6673 -0.6000
v  -1.2777 0.7408 -0.6308
v  -1.1876 0.6021 -0.5725
v  -1.2118 0.5772 -0.5887
v  -1.3353 0.6644 -0.7079
v  -1.2920 0.5900 -0.6716
v  -1.2806 0.6152 -0.6378
v  -1.3235 0.6893 -0.6742
v  -1.2367 0.5505 -0.6085
v  -1.2471 0.5256 -0.6407
v  -1.3336 0.6216 -0.7843
v  -1.2916 0.5468 -0.7472
v  -1.2948 0.5669 -0.7086
v  -1.3381 0.6412 -0.7452
v  -1.2516 0.5024 -0.6752
v  -1.2517 0.4802 -0.7123
v  -0.8850 0.5368 -0.9788
v  -0.9075 0.5244 -0.9658
v  -0.9477 0.6009 -0.9840
v  -0.9251 0.6124 -0.9920
v  -0.9655 0.5938 -0.9739
v  -0.9236 0.5171 -0.9494
v  -1.0080 0.6722 -1.0058
v  -0.9898 0.6809 -1.0096
v  -0.9673 0.6937 -1.0114
v  -0.9845 0.5883 -0.9636
v  -0.9438 0.5097 -0.9368
v  -0.9638 0.4930 -0.9621
v  -1.0111 0.5743 -0.9638
v  -1.0471 0.6550 -0.9965
v  -1.0237 0.6660 -1.0022
v  -0.9912 0.4668 -0.9938
v  -1.0357 0.5464 -0.9965
v  -1.0385 0.4336 -0.9981
v  -1.0759 0.5111 -1.0151
v  -1.1154 0.5937 -1.0336
v  -1.0784 0.6289 -1.0097
v  -0.8146 0.5813 -0.9832
v  -0.8511 0.5565 -0.9856
v  -0.8936 0.6306 -0.9953
v  -0.8606 0.6538 -0.9893
v  -0.9387 0.7120 -1.0094
v  -0.9090 0.7343 -1.0018
v  -0.8835 0.7585 -0.9878
v  -0.8331 0.6794 -0.9736
v  -0.7854 0.6087 -0.9657
v  -1.1957 0.4784 -0.9251
v  -1.2529 0.5422 -0.9725
v  -1.2278 0.5242 -1.0254
v  -1.1412 0.4158 -0.8829
v  -1.1830 0.4501 -0.9766
v  -1.1343 0.3873 -0.9316
v  -1.1499 0.4466 -0.8418
v  -1.2135 0.5041 -0.8844
v  -1.2701 0.5662 -0.9277
v  -1.1296 0.4724 -1.0098
v  -1.1682 0.5542 -1.0394
v  -1.0941 0.3964 -0.9850
v  -1.2736 0.5353 -0.7870
v  -1.2344 0.4660 -0.7515
v  -1.3136 0.6111 -0.8228
v  -1.2760 0.6121 -0.8515
v  -1.2329 0.5400 -0.8130
v  -1.1931 0.4696 -0.7754
v  -1.1843 0.5486 -0.8450
v  -1.2480 0.6047 -0.8894
v  -1.1358 0.4848 -0.7982
v  -0.8971 0.4229 -0.9296
v  -0.9178 0.4080 -0.9420
v  -0.8826 0.4327 -0.9407
v  -0.8390 0.3476 -0.9285
v  -0.8484 0.3351 -0.9143
v  -0.8680 0.3202 -0.9223
v  -0.7245 0.2510 -0.9477
v  -0.7392 0.2189 -0.9198
v  -0.7841 0.2874 -0.9361
v  -0.7649 0.3171 -0.9589
v  -0.7927 0.2639 -0.9128
v  -0.7442 0.1922 -0.8934
v  -0.8277 0.3650 -0.9496
v  -0.8049 0.3898 -0.9665
v  -1.1085 0.3235 -0.6909
v  -1.0636 0.2545 -0.6458
v  -1.1020 0.2824 -0.6306
v  -1.1477 0.3406 -0.6711
v  -1.0609 0.2186 -0.5886
v  -1.0236 0.1836 -0.6003
v  -1.0799 0.2576 -0.5694
v  -1.1215 0.3170 -0.6080
v  -1.1649 0.3693 -0.6418
v  -0.9053 0.2993 -0.9581
v  -0.9472 0.3835 -0.9821
v  -0.9661 0.2789 -0.9512
v  -1.0021 0.3562 -0.9761
v  -1.0596 0.3261 -0.9556
v  -1.0939 0.3206 -0.8965
v  -1.0248 0.2570 -0.9256
v  -1.0589 0.2521 -0.8651
v  -0.8095 0.4866 -0.9833
v  -0.8452 0.4625 -0.9731
v  -0.7711 0.5150 -0.9797
v  -0.7298 0.4513 -0.9761
v  -0.7689 0.4189 -0.9807
v  -0.8690 0.4442 -0.9595
v  -0.7416 0.5441 -0.9607
v  -0.7169 0.5767 -0.9332
v  -0.6766 0.5156 -0.9293
v  -0.7012 0.4822 -0.9556
v  -1.0917 0.3748 -0.7931
v  -1.0928 0.3448 -0.8410
v  -1.0538 0.2684 -0.7979
v  -1.0365 0.2967 -0.7410
v  -1.1515 0.3964 -0.7343
v  -1.0980 0.4035 -0.7507
v  -1.0588 0.3175 -0.7033
v  -0.6974 0.6136 -0.8920
v  -0.6922 0.6450 -0.8416
v  -0.6579 0.5826 -0.8355
v  -0.6596 0.5523 -0.8876
v  -0.6931 0.6686 -0.7965
v  -0.6810 0.6961 -0.7598
v  -0.6429 0.6369 -0.7458
v  -0.6571 0.6071 -0.7872
v  -0.6694 0.7270 -0.7205
v  -0.6595 0.7594 -0.6795
v  -0.6192 0.7094 -0.6577
v  -0.6302 0.6720 -0.7020
v  -0.6580 0.7893 -0.6343
v  -0.6733 0.8100 -0.5876
v  -0.6348 0.7662 -0.5617
v  -0.6178 0.7432 -0.6104
v  -0.5766 0.6983 -0.5870
v  -0.5782 0.6599 -0.6367
v  -0.5939 0.7248 -0.5358
v  -0.5498 0.6874 -0.5057
v  -0.5335 0.6589 -0.5568
v  -0.5339 0.6185 -0.6073
v  -0.7006 0.8207 -0.5450
v  -0.6609 0.7812 -0.5170
v  -0.7335 0.8235 -0.5068
v  -0.6906 0.7885 -0.4749
v  -0.6187 0.7452 -0.4882
v  -0.6460 0.7577 -0.4424
v  -0.5991 0.7284 -0.4102
v  -0.5728 0.7124 -0.4574
v  -0.7705 0.8160 -0.4745
v  -0.7251 0.7806 -0.4375
v  -0.8112 0.7975 -0.4521
v  -0.7642 0.7578 -0.4118
v  -0.7187 0.7146 -0.3757
v  -0.6806 0.7443 -0.4031
v  -0.6342 0.7077 -0.3731
v  -0.6707 0.6716 -0.3481
v  -0.8520 0.7784 -0.4330
v  -0.8055 0.7343 -0.3895
v  -0.8926 0.7621 -0.4129
v  -0.8475 0.7123 -0.3699
v  -0.8037 0.6567 -0.3349
v  -0.7605 0.6849 -0.3529
v  -0.7537 0.6023 -0.3131
v  -0.7117 0.6352 -0.3292
v  -0.9333 0.7438 -0.3983
v  -0.8879 0.6875 -0.3619
v  -0.9722 0.7191 -0.4002
v  -0.9277 0.6617 -0.3653
v  -0.8848 0.6034 -0.3303
v  -0.8437 0.6293 -0.3276
v  -0.8342 0.5494 -0.2952
v  -0.7925 0.5750 -0.2997
v  -1.0097 0.6924 -0.4133
v  -0.9684 0.6349 -0.3810
v  -1.0413 0.6650 -0.4374
v  -1.0024 0.6082 -0.4107
v  -0.9290 0.5768 -0.3485
v  -0.9672 0.5511 -0.3821
v  -0.9242 0.4957 -0.3430
v  -0.8819 0.5222 -0.3096
v  -1.0669 0.6397 -0.4653
v  -1.0310 0.5846 -0.4424
v  -1.0895 0.6156 -0.4915
v  -1.0574 0.5620 -0.4701
v  -1.0001 0.5291 -0.4167
v  -1.0302 0.5083 -0.4458
v  -0.9957 0.4539 -0.4087
v  -0.9615 0.4739 -0.3789
v  -1.1104 0.5923 -0.5130
v  -1.0806 0.5394 -0.4912
v  -1.1310 0.5688 -0.5310
v  -1.1021 0.5156 -0.5077
v  -1.0777 0.4631 -0.4812
v  -1.0553 0.4868 -0.4665
v  -1.0461 0.4100 -0.4431
v  -1.0229 0.4333 -0.4289
v  -1.1528 0.5439 -0.5471
v  -1.1239 0.4895 -0.5214
v  -1.1762 0.5185 -0.5616
v  -1.1464 0.4630 -0.5340
v  -1.1176 0.4077 -0.5080
v  -1.0996 0.4357 -0.4931
v  -1.0668 0.3812 -0.4567
v  -1.0792 0.3519 -0.4756
v  -1.1984 0.4925 -0.5811
v  -1.1649 0.4375 -0.5536
v  -1.2071 0.4686 -0.6112
v  -1.1710 0.4149 -0.5823
v  -1.1292 0.3637 -0.5570
v  -1.1267 0.3841 -0.5310
v  -1.0866 0.3279 -0.4973
v  -1.0890 0.3067 -0.5214
v  -1.2100 0.4461 -0.6434
v  -1.1708 0.3935 -0.6124
v  -1.2082 0.4227 -0.6768
v  -1.1283 0.3430 -0.5834
v  -1.0873 0.2853 -0.5467
v  -1.1907 0.4023 -0.7113
v  -0.8603 0.9677 -0.8900
v  -0.8537 0.9896 -0.8564
v  -0.8707 0.9428 -0.9235
v  -0.9095 1.0283 -0.9564
v  -0.8996 1.0489 -0.9211
v  -0.8959 1.0687 -0.8865
v  -0.8512 1.0113 -0.8213
v  -0.8532 1.0326 -0.7844
v  -0.8981 1.0880 -0.8511
v  -0.9045 1.1071 -0.8153
v  -0.8603 1.0529 -0.7461
v  -0.8753 1.0696 -0.7076
v  -0.9157 1.1254 -0.7790
v  -0.9317 1.1424 -0.7435
v  -0.9018 1.0752 -0.6720
v  -0.9319 1.0766 -0.6397
v  -0.9564 1.1492 -0.7098
v  -0.9855 1.1508 -0.6786
v  -0.9652 1.0743 -0.6101
v  -1.0042 1.0638 -0.5903
v  -1.0177 1.1487 -0.6496
v  -1.0526 1.1424 -0.6248
v  -1.0443 1.0497 -0.5766
v  -1.0899 1.1296 -0.6059
v  -1.0832 1.0347 -0.5634
v  -1.1273 1.1137 -0.5931
v  -1.1208 1.0183 -0.5517
v  -1.1658 1.0961 -0.5852
v  -1.2026 1.0771 -0.5828
v  -1.1571 0.9983 -0.5477
v  -1.1911 0.9744 -0.5534
v  -1.2378 1.0538 -0.5883
v  -1.2676 1.0281 -0.6004
v  -1.2220 0.9490 -0.5656
v  -1.2486 0.9236 -0.5827
v  -1.2948 1.0026 -0.6177
v  -1.3168 0.9773 -0.6371
v  -1.2714 0.8986 -0.6031
v  -1.2912 0.8737 -0.6248
v  -1.3384 0.9523 -0.6588
v  -1.3555 0.9273 -0.6805
v  -1.3101 0.8490 -0.6463
v  -1.3283 0.8244 -0.6681
v  -1.3728 0.9031 -0.7053
v  -1.3860 0.8783 -0.7301
v  -1.3466 0.7997 -0.6913
v  -1.3641 0.7745 -0.7184
v  -1.4015 0.8540 -0.7594
v  -1.4104 0.8292 -0.7892
v  -1.3762 0.7498 -0.7502
v  -1.3798 0.7266 -0.7862
v  -1.4166 0.8068 -0.8252
v  -1.4093 0.7877 -0.8605
v  -1.3740 0.7077 -0.8243
v  -1.3559 0.6969 -0.8617
v  -1.3936 0.7778 -0.8965
v  -1.3569 0.7737 -0.9278
v  -1.3208 0.6946 -0.8928
v  -1.3172 0.6441 -0.9785
v  -1.3045 0.6773 -0.9356
v  -1.3602 0.7458 -0.9759
v  -1.3619 0.7143 -1.0239
v  -1.3003 0.6228 -1.0263
v  -1.3372 0.7022 -1.0727
v  -1.2613 0.6203 -1.0662
v  -1.2940 0.7058 -1.1074
v  -1.2060 0.6466 -1.0795
v  -1.1565 0.6857 -1.0643
v  -1.2416 0.7329 -1.1169
v  -1.1947 0.7695 -1.0964
v  -1.1589 0.8018 -1.0797
v  -1.1175 0.7185 -1.0484
v  -1.0872 0.7429 -1.0382
v  -1.1285 0.8257 -1.0703
v  -0.9846 0.8022 -1.0398
v  -0.9568 0.8246 -1.0296
v  -1.0125 0.7835 -1.0432
v  -1.0526 0.8683 -1.0776
v  -1.0250 0.8873 -1.0740
v  -0.9980 0.9104 -1.0620
v  -0.9325 0.8483 -1.0149
v  -0.9102 0.8757 -0.9931
v  -0.9742 0.9342 -1.0466
v  -0.9506 0.9615 -1.0253
v  -0.9266 0.9953 -0.9937
v  -0.8872 0.9097 -0.9609
v  -1.0356 0.7707 -1.0413
v  -1.0543 0.7616 -1.0386
v  -1.0957 0.8464 -1.0701
v  -1.0767 0.8558 -1.0735
v  -1.0684 0.7545 -1.0372
v  -1.1100 0.8382 -1.0691
v  -0.9534 1.0634 -1.0225
v  -0.9376 1.0947 -0.9842
v  -0.9774 1.0293 -1.0551
v  -1.0002 1.0901 -1.0823
v  -0.9753 1.1257 -1.0492
v  -0.9629 1.1586 -1.0100
v  -1.4485 0.8648 -1.0935
v  -1.4261 0.8580 -1.1458
v  -1.3901 0.8089 -1.1173
v  -1.4185 0.8166 -1.0720
v  -1.4601 0.8954 -1.1560
v  -1.4808 0.9111 -1.1069
v  -1.4250 0.9014 -1.1915
v  -1.3880 0.8630 -1.1773
v  -1.3535 0.8149 -1.1528
v  -1.1066 0.9220 -1.1004
v  -1.0819 0.9352 -1.1026
v  -1.1255 0.9111 -1.0979
v  -1.1495 0.9672 -1.1256
v  -1.1290 0.9792 -1.1276
v  -1.1050 0.9933 -1.1300
v  -1.0210 1.2965 -1.0501
v  -1.0244 1.3180 -1.0078
v  -0.9885 1.2498 -0.9938
v  -0.9886 1.2259 -1.0345
v  -0.9970 1.2685 -0.9562
v  -1.0358 1.3337 -0.9692
v  -0.9638 1.2035 -0.9365
v  -0.9592 1.1839 -0.9727
v  -1.0464 1.2305 -1.1355
v  -1.0236 1.2688 -1.0991
v  -0.9984 1.1924 -1.0782
v  -1.0228 1.1559 -1.1123
v  -0.9314 1.1182 -0.9482
v  -0.9316 1.1386 -0.9130
v  -1.0503 1.3472 -0.9345
v  -1.0103 1.2825 -0.9208
v  -1.0255 1.2952 -0.8883
v  -1.0662 1.3592 -0.9028
v  -0.9874 1.2334 -0.8674
v  -0.9739 1.2196 -0.9015
v  -0.9386 1.1557 -0.8779
v  -0.9488 1.1724 -0.8429
v  -1.0809 1.3706 -0.8731
v  -1.0414 1.3051 -0.8562
v  -1.0544 1.3155 -0.8245
v  -1.0930 1.3816 -0.8440
v  -1.0159 1.2558 -0.7991
v  -1.0020 1.2452 -0.8336
v  -0.9623 1.1870 -0.8076
v  -0.9765 1.2007 -0.7727
v  -1.1037 1.3917 -0.8134
v  -1.0675 1.3248 -0.7905
v  -1.0915 1.3288 -0.7590
v  -1.1258 1.3949 -0.7829
v  -1.0583 1.2679 -0.7338
v  -1.0317 1.2649 -0.7647
v  -0.9974 1.2091 -0.7391
v  -1.0250 1.2117 -0.7083
v  -1.1224 1.3264 -0.7291
v  -1.0892 1.2660 -0.7042
v  -1.1535 1.3933 -0.7547
v  -1.1835 1.3877 -0.7319
v  -1.1547 1.3208 -0.7048
v  -1.1233 1.2599 -0.6794
v  -1.0903 1.2027 -0.6536
v  -1.0572 1.2095 -0.6792
v  -1.1899 1.3088 -0.6911
v  -1.1590 1.2483 -0.6636
v  -1.2138 1.3758 -0.7188
v  -1.2447 1.3592 -0.7125
v  -1.2236 1.2927 -0.6832
v  -1.1955 1.2323 -0.6542
v  -1.1634 1.1748 -0.6243
v  -1.1262 1.1906 -0.6355
v  -1.2560 1.2755 -0.6757
v  -1.2309 1.2142 -0.6465
v  -1.2739 1.3420 -0.7056
v  -1.3039 1.3227 -0.6988
v  -1.2887 1.2559 -0.6695
v  -1.2658 1.1941 -0.6409
v  -1.2374 1.1365 -0.6121
v  -1.2008 1.1566 -0.6168
v  -1.3195 1.2342 -0.6686
v  -1.3000 1.1714 -0.6398
v  -1.3349 1.3010 -0.6948
v  -1.3621 1.2782 -0.6977
v  -1.3487 1.2106 -0.6735
v  -1.3301 1.1472 -0.6475
v  -1.3047 1.0893 -0.6218
v  -1.2723 1.1138 -0.6130
v  -1.3770 1.1850 -0.6831
v  -1.3584 1.1211 -0.6604
v  -1.3899 1.2537 -0.7039
v  -1.4169 1.2276 -0.7142
v  -1.4037 1.1578 -0.6970
v  -1.3847 1.0934 -0.6773
v  -1.3552 1.0375 -0.6587
v  -1.3319 1.0634 -0.6387
v  -1.4276 1.1296 -0.7153
v  -1.4081 1.0649 -0.6978
v  -1.4414 1.2005 -0.7285
v  -1.4639 1.1717 -0.7477
v  -1.4482 1.1006 -0.7383
v  -1.4256 1.0374 -0.7224
v  -1.3926 0.9858 -0.7045
v  -1.3756 1.0116 -0.6805
v  -1.4647 1.0712 -0.7666
v  -1.4377 1.0106 -0.7507
v  -1.4838 1.1418 -0.7724
v  -1.5000 1.1121 -0.8026
v  -1.4793 1.0427 -0.7971
v  -1.4486 0.9845 -0.7802
v  -1.4173 0.9357 -0.7583
v  -1.4054 0.9606 -0.7307
v  -1.4963 1.0159 -0.8250
v  -1.4649 0.9596 -0.8082
v  -1.5195 1.0820 -0.8326
v  -1.5355 1.0526 -0.8648
v  -1.5084 0.9901 -0.8563
v  -1.4761 0.9352 -0.8395
v  -1.4416 0.8861 -0.8179
v  -1.4309 0.9105 -0.7869
v  -1.5095 0.9669 -0.8915
v  -1.4770 0.9135 -0.8747
v  -1.5397 1.0245 -0.9006
v  -1.5321 1.0021 -0.9374
v  -1.4984 0.9494 -0.9270
v  -1.4662 0.8969 -0.9102
v  -1.4391 0.8458 -0.8889
v  -1.4450 0.8636 -0.8529
v  -1.4793 0.9380 -0.9590
v  -1.4472 0.8868 -0.9400
v  -1.5161 0.9863 -0.9732
v  -1.4973 0.9728 -1.0109
v  -1.4585 0.9272 -0.9912
v  -1.4250 0.8767 -0.9706
v  -1.3926 0.8294 -0.9520
v  -1.4211 0.8363 -0.9196
v  -1.4611 0.8922 -1.0370
v  -1.4299 0.8430 -1.0182
v  -1.4904 0.9424 -1.0539
v  -1.3918 0.7694 -1.0519
v  -1.3977 0.7972 -0.9998
v  -1.3403 0.8870 -1.1855
v  -1.3034 0.8377 -1.1696
v  -1.3839 0.9274 -1.1925
v  -1.3434 0.9624 -1.1782
v  -1.2960 0.9206 -1.1718
v  -1.2586 0.8715 -1.1537
v  -1.3626 0.7608 -1.0975
v  -1.3229 0.7665 -1.1324
v  -1.2715 0.7900 -1.1471
v  -1.2267 0.8262 -1.1267
v  -1.3012 0.9998 -1.1741
v  -1.2565 0.9587 -1.1593
v  -1.2691 1.0325 -1.1797
v  -1.2206 0.9926 -1.1551
v  -1.1901 0.9377 -1.1263
v  -1.2217 0.9073 -1.1356
v  -1.1910 0.8599 -1.1084
v  -1.1612 0.8864 -1.0990
v  -1.1573 1.1086 -1.1974
v  -1.1277 1.1351 -1.1938
v  -1.0994 1.0747 -1.1606
v  -1.1276 1.0536 -1.1637
v  -1.0723 1.1000 -1.1498
v  -1.0980 1.1655 -1.1831
v  -1.0502 1.0369 -1.1175
v  -1.0772 1.0130 -1.1274
v  -1.2111 1.0738 -1.1887
v  -1.1846 1.0895 -1.1938
v  -1.1520 1.0387 -1.1613
v  -1.1737 1.0260 -1.1578
v  -1.0539 0.9542 -1.1005
v  -1.0272 0.9775 -1.0897
v  -1.0709 1.1961 -1.1646
v  -1.0474 1.1260 -1.1346
v  -1.0254 1.0616 -1.1032
v  -1.0028 1.0015 -1.0753
v  -1.2389 1.0570 -1.1844
v  -1.1946 1.0127 -1.1559
v  -1.1677 0.9554 -1.1246
v  -1.1413 0.9011 -1.0974
v  -0.8057 0.2452 -0.8999
v  -0.8264 0.2321 -0.8939
v  -0.7555 0.1708 -0.8737
v  -0.7795 0.1528 -0.8713
v  -0.8708 0.2140 -0.9329
v  -0.8340 0.1322 -0.9072
v  -0.9101 0.1164 -0.9086
v  -0.9382 0.2000 -0.9299
v  -0.8052 0.0526 -0.8843
v  -0.8933 0.0215 -0.8835
v  -0.7390 0.0894 -0.8522
v  -0.6581 0.3218 -0.9613
v  -0.6972 0.2842 -0.9704
v  -0.7355 0.3486 -0.9765
v  -0.6962 0.3844 -0.9703
v  -0.9999 0.1857 -0.9006
v  -1.0363 0.1818 -0.8369
v  -0.9769 0.1072 -0.8715
v  -1.0080 0.1095 -0.7994
v  -0.9557 0.0216 -0.8250
v  -0.9761 0.0341 -0.7479
v  -1.0207 0.1935 -0.7572
v  -0.9937 0.2165 -0.6897
v  -0.9841 0.1187 -0.7124
v  -0.9532 0.1362 -0.6384
v  -0.9568 0.0422 -0.6642
v  -0.9481 0.0508 -0.5952
v  -1.0271 0.2333 -0.6577
v  -0.9874 0.1561 -0.6067
v  -0.7069 0.1590 -0.9126
v  -0.7109 0.1312 -0.8857
v  -0.6930 0.1916 -0.9405
v  -0.7129 0.1112 -0.8636
v  -0.9647 0.0748 -0.5644
v  -0.9992 0.1064 -0.5548
v  -1.0574 0.2124 -0.4965
v  -1.0572 0.2374 -0.4676
v  -1.0510 0.1825 -0.5226
v  -1.0329 0.1431 -0.5426
v  -1.0251 0.3226 -0.4031
v  -1.0010 0.3518 -0.3899
v  -1.0416 0.2914 -0.4209
v  -1.0510 0.2636 -0.4431
v  -0.9767 0.3746 -0.3747
v  -0.9483 0.3950 -0.3529
v  -0.9118 0.4168 -0.3195
v  -0.8701 0.4412 -0.2837
v  -0.8213 0.4693 -0.2656
v  -0.7740 0.4985 -0.2647
v  -0.7346 0.5255 -0.2808
v  -0.6990 0.5567 -0.2968
v  -0.6606 0.5930 -0.3116
v  -0.6230 0.6319 -0.3264
v  -0.5891 0.6691 -0.3466
v  -0.5547 0.6946 -0.3769
v  -0.5280 0.6781 -0.4217
v  -0.5077 0.6505 -0.4661
v  -0.4931 0.6242 -0.5115
v  -0.4902 0.5878 -0.5591
v  -0.6598 0.2282 -0.9611
v  -0.6198 0.2636 -0.9512
v  -0.6042 0.3834 -0.9137
v  -0.6298 0.3528 -0.9394
v  -0.6685 0.4166 -0.9491
v  -0.6443 0.4506 -0.9235
v  -0.6001 0.4353 -0.8141
v  -0.5866 0.4151 -0.8734
v  -0.6262 0.4884 -0.8840
v  -0.6337 0.5152 -0.8280
v  -0.5960 0.6133 -0.6837
v  -0.6100 0.5741 -0.7322
v  -0.5520 0.5671 -0.6566
v  -0.5652 0.5070 -0.7118
v  -0.5930 0.4679 -0.7643
v  -0.6275 0.5418 -0.7780
v  -0.5011 0.5374 -0.6091
v  -0.5122 0.4835 -0.6522
v  -0.5869 0.2877 -0.9274
v  -0.5550 0.3066 -0.8983
v  -1.3858 0.9950 -1.1980
v  -1.4301 0.9600 -1.2104
v  -1.4681 0.9398 -1.1981
v  -1.4985 0.9377 -1.1657
v  -1.5189 0.9539 -1.1226
v  -1.5309 0.9849 -1.0764
v  -1.5406 1.0122 -1.0313
v  -1.5559 1.0317 -0.9884
v  -1.5676 1.0551 -0.9476
v  -1.5706 1.0863 -0.9073
v  -1.5607 1.1255 -0.8671
v  -1.5372 1.1586 -0.8312
v  -1.5198 1.1884 -0.7985
v  -1.4989 1.2195 -0.7725
v  -1.4756 1.2499 -0.7529
v  -1.4505 1.2780 -0.7393
v  -1.4231 1.3037 -0.7311
v  -1.3965 1.3281 -0.7250
v  -1.3674 1.3513 -0.7235
v  -1.3373 1.3738 -0.7262
v  -1.3086 1.3948 -0.7313
v  -1.2814 1.4145 -0.7377
v  -1.2556 1.4328 -0.7427
v  -1.2320 1.4483 -0.7497
v  -1.2090 1.4597 -0.7631
v  -1.1850 1.4658 -0.7821
v  -1.1622 1.4665 -0.8045
v  -1.1426 1.4644 -0.8284
v  -1.1304 1.4528 -0.8539
v  -1.1206 1.4382 -0.8808
v  -1.1089 1.4232 -0.9090
v  -1.0952 1.4089 -0.9397
v  -1.0808 1.3950 -0.9738
v  -1.0681 1.3808 -1.0114
v  -1.0621 1.3620 -1.0523
v  -1.0654 1.3364 -1.0957
v  -1.0796 1.3031 -1.1378
v  -1.1027 1.2669 -1.1751
v  -1.1350 1.2291 -1.2043
v  -1.1668 1.1873 -1.2229
v  -1.2024 1.1498 -1.2255
v  -1.2416 1.1209 -1.2180
v  -1.2789 1.0968 -1.2124
v  -1.3135 1.0726 -1.2048
v  -1.3401 1.0427 -1.1948
v  -1.3485 1.0178 -1.1865
v  -0.5011 0.4213 -0.6722
v  -0.5301 0.4229 -0.7084
v  -0.5256 0.3240 -0.8546
v  -0.5408 0.3311 -0.7887
v  -0.5446 0.3739 -0.7366
# 6582 vertices

vn -0.0733 0.5216 -0.8500
vn 0.1952 0.4235 -0.8846
vn 0.2691 0.5090 -0.8176
vn 0.0669 0.6555 -0.7522
vn 0.4235 0.4425 -0.7905
vn 0.4113 0.3805 -0.8283
vn 0.3336 0.7945 -0.5074
vn 0.2577 0.8409 -0.4759
vn 0.2248 0.8834 -0.4112
vn 0.6472 0.2886 -0.7056
vn 0.7358 0.2230 -0.6394
vn 0.5717 0.3936 -0.7199
vn 0.5340 0.3612 -0.7644
vn 0.5225 0.6838 -0.5094
vn 0.6864 0.5537 -0.4715
vn 0.2044 0.1093 -0.9728
vn 0.3976 0.1477 -0.9056
vn -0.0996 0.0740 -0.9923
vn 0.0022 -0.4234 -0.9059
vn 0.1792 -0.3845 -0.9056
vn 0.3281 -0.3202 -0.8887
vn 0.5055 -0.1806 -0.8437
vn 0.5480 0.1871 -0.8153
vn 0.6794 0.2174 -0.7008
vn 0.6103 -0.0685 -0.7892
vn 0.6922 -0.1023 -0.7145
vn 0.7852 0.1043 -0.6104
vn 0.7553 0.3591 -0.5483
vn 0.6937 0.0211 -0.7199
vn 0.2033 0.9745 0.0946
vn 0.1967 0.9756 0.0975
vn 0.1968 0.9367 -0.2896
vn 0.1749 0.9764 0.1267
vn 0.2394 0.9651 0.1059
vn 0.2032 0.9769 0.0665
vn 0.3022 0.9530 -0.0221
vn 0.3126 0.9262 -0.2106
vn 0.2259 0.9716 -0.0705
vn 0.1675 0.9858 0.0152
vn 0.2831 0.9590 0.0127
vn 0.3960 0.9120 -0.1074
vn 0.3460 0.9281 -0.1376
vn 0.4593 0.8687 -0.1855
vn 0.4852 0.8600 -0.1583
vn 0.4709 0.8654 -0.1711
vn 0.5441 0.7733 -0.3256
vn 0.4446 0.8783 -0.1758
vn 0.7142 0.4478 -0.5379
vn 0.5424 0.8123 -0.2146
vn 0.1889 -0.7099 -0.6784
vn 0.2067 -0.6931 -0.6906
vn 0.2150 -0.6594 -0.7204
vn 0.1729 -0.7038 -0.6890
vn 0.2506 -0.5611 -0.7889
vn 0.3460 -0.5804 -0.7372
vn 0.3857 -0.4634 -0.7978
vn 0.5957 -0.3990 -0.6971
vn 0.7787 -0.2609 -0.5705
vn 0.5585 -0.3369 -0.7580
vn 0.8086 -0.1253 -0.5748
vn 0.6866 -0.1584 -0.7096
vn 0.8222 0.0105 -0.5691
vn 0.7452 0.2965 -0.5973
vn 0.8538 0.0814 -0.5142
vn 0.8119 0.4000 -0.4253
vn 0.9251 0.1028 -0.3656
vn 0.8215 0.4901 -0.2916
vn 0.5475 0.8276 -0.1239
vn 0.5076 0.8599 -0.0535
vn 0.9866 0.0483 -0.1561
vn 0.8618 0.5060 -0.0367
vn 0.9966 -0.0000 -0.0824
vn 0.8428 0.5376 0.0261
vn 0.3945 0.9135 0.0993
vn 0.4829 0.8733 0.0647
vn 0.8494 -0.2485 -0.4656
vn 0.7469 0.4389 -0.4995
vn 0.8341 0.5213 -0.1802
vn 0.9657 -0.1040 -0.2381
vn 0.3080 0.9493 -0.0636
vn 0.2109 0.9282 -0.3067
vn 0.0789 0.9936 0.0810
vn 0.1833 0.9734 0.1374
vn 0.1892 0.9777 0.0916
vn 0.1130 0.9891 -0.0946
vn 0.2029 0.9734 0.1066
vn 0.2000 0.9460 -0.2550
vn 0.2651 0.9379 -0.2237
vn 0.1356 0.9377 -0.3198
vn 0.3679 0.9293 -0.0313
vn 0.2398 0.9698 0.0438
vn 0.3416 0.8798 -0.3306
vn 0.5006 0.7630 -0.4090
vn 0.5081 0.8524 -0.1232
vn 0.6289 0.6751 -0.3857
vn 0.6093 0.7701 -0.1890
vn 0.7157 0.6100 -0.3401
vn 0.6290 0.7271 -0.2751
vn 0.6068 0.7288 -0.3172
vn 0.7112 0.5599 -0.4251
vn 0.7380 0.5782 -0.3480
vn 0.5470 0.7735 -0.3201
vn 0.5377 0.8126 -0.2247
vn 0.6600 0.5674 -0.4924
vn 0.6888 0.5333 -0.4911
vn 0.4743 0.8707 -0.1302
vn 0.5004 0.8453 -0.1875
vn 0.6131 0.6324 -0.4735
vn 0.5965 0.6992 -0.3942
vn 0.3623 0.9317 -0.0256
vn 0.4351 0.8991 -0.0480
vn 0.5667 0.7783 -0.2702
vn 0.5224 0.8274 -0.2061
vn 0.2361 0.9620 -0.1372
vn 0.1499 0.9435 -0.2956
vn 0.4878 0.8330 -0.2610
vn 0.4989 0.7801 -0.3774
vn 0.1947 0.6230 -0.7576
vn 0.1434 0.6923 -0.7072
vn 0.2165 0.5522 -0.8051
vn -0.0103 -0.1003 -0.9949
vn 0.0118 -0.0433 -0.9990
vn 0.0078 0.0190 -0.9998
vn 0.2182 0.4419 -0.8701
vn 0.3440 0.3511 -0.8709
vn -0.0161 -0.1131 -0.9935
vn -0.0750 -0.1260 -0.9892
vn 0.4706 -0.4915 -0.7328
vn 0.3638 -0.1088 -0.9251
vn 0.5713 0.2677 -0.7759
vn 0.7247 0.1194 -0.6786
vn 0.3366 -0.5196 -0.7853
vn 0.2218 -0.1625 -0.9615
vn 0.0589 -0.3971 -0.9159
vn -0.0656 -0.1915 -0.9793
vn 0.8053 0.0764 -0.5880
vn 0.8106 0.0819 -0.5799
vn 0.6092 -0.5140 -0.6039
vn 0.4977 -0.6015 -0.6249
vn 0.7056 0.0930 -0.7025
vn 0.7736 0.0547 -0.6313
vn 0.5860 -0.4174 -0.6945
vn 0.6430 -0.4379 -0.6283
vn 0.7024 0.2196 -0.6771
vn 0.6670 0.1503 -0.7297
vn 0.5637 -0.4774 -0.6740
vn 0.5370 -0.4372 -0.7215
vn 0.7299 -0.5188 -0.4452
vn 0.6396 -0.5185 -0.5675
vn 0.7756 0.2830 -0.5642
vn 0.8413 0.3157 -0.4388
vn 0.7313 -0.3318 -0.5960
vn 0.7369 -0.4152 -0.5335
vn 0.8844 -0.0615 -0.4627
vn 0.7867 -0.1454 -0.5999
vn 0.9344 -0.0226 -0.3555
vn 0.7455 -0.5112 -0.4277
vn 0.2515 -0.7280 -0.6378
vn 0.3015 -0.7425 -0.5981
vn 0.3127 -0.7747 -0.5496
vn 0.3517 -0.6971 -0.6248
vn 0.2726 -0.8469 -0.4565
vn 0.2912 -0.7715 -0.5656
vn 0.7214 -0.5091 -0.4695
vn 0.9263 0.0665 -0.3708
vn 0.8808 0.1484 -0.4496
vn 0.6368 -0.4450 -0.6297
vn 0.2174 -0.7815 -0.5848
vn 0.2100 -0.8749 -0.4364
vn 0.1576 -0.8623 -0.4812
vn 0.1980 -0.7848 -0.5873
vn 0.3979 -0.6282 -0.6686
vn 0.4027 -0.6343 -0.6599
vn 0.3708 -0.6182 -0.6931
vn 0.3942 -0.6332 -0.6661
vn 0.4054 -0.5955 -0.6935
vn 0.4746 -0.6113 -0.6333
vn 0.5848 -0.4021 -0.7045
vn 0.8581 0.1420 -0.4934
vn 0.9101 0.0329 -0.4130
vn 0.6244 -0.4827 -0.6142
vn 0.2947 -0.8002 -0.5224
vn 0.2397 -0.7941 -0.5586
vn 0.4275 -0.5760 -0.6967
vn 0.4445 -0.5791 -0.6834
vn 0.4780 -0.5536 -0.6820
vn 0.4762 -0.5384 -0.6952
vn 0.1554 -0.8410 -0.5182
vn 0.1853 -0.8480 -0.4965
vn 0.9603 -0.1295 -0.2472
vn 0.6508 -0.6316 -0.4213
vn 0.5660 -0.7699 -0.2946
vn 0.9370 -0.3007 -0.1777
vn 0.8253 -0.4996 -0.2633
vn 0.6910 -0.6311 -0.3526
vn 0.4371 -0.8717 -0.2215
vn 0.3925 -0.9103 -0.1312
vn 0.3428 -0.8153 -0.4667
vn 0.2329 -0.8886 -0.3951
vn 0.2507 -0.9212 -0.2976
vn 0.3377 -0.8225 -0.4576
vn 0.4922 -0.5358 -0.6860
vn 0.4654 -0.5936 -0.6566
vn 0.4638 -0.5916 -0.6595
vn 0.4769 -0.5109 -0.7152
vn 0.3254 -0.8287 -0.4554
vn 0.2500 -0.9423 -0.2226
vn 0.2655 -0.9583 -0.1058
vn 0.3540 -0.8555 -0.3778
vn 0.4633 -0.5236 -0.7150
vn 0.4628 -0.5892 -0.6623
vn 0.4778 -0.6190 -0.6234
vn 0.4900 -0.5651 -0.6637
vn 0.3241 -0.8857 -0.3323
vn 0.2257 -0.9722 -0.0619
vn 0.1072 -0.9835 -0.1457
vn 0.2059 -0.9037 -0.3754
vn 0.2066 -0.9306 -0.3022
vn 0.3452 -0.9273 -0.1449
vn 0.4859 -0.5434 -0.6846
vn 0.4495 -0.6387 -0.6245
vn 0.3807 -0.6327 -0.6744
vn 0.4443 -0.4860 -0.7526
vn 0.4829 -0.4876 -0.7273
vn 0.3866 -0.6453 -0.6589
vn 0.4559 -0.6476 -0.6106
vn 0.5209 -0.5133 -0.6821
vn 0.2237 -0.8963 -0.3829
vn 0.1508 -0.9024 -0.4037
vn 0.3234 -0.8767 -0.3562
vn 0.2732 -0.8907 -0.3633
vn 0.4794 -0.6446 -0.5955
vn 0.5067 -0.6492 -0.5673
vn 0.5241 -0.5404 -0.6582
vn 0.5535 -0.5371 -0.6366
vn 0.5811 -0.5201 -0.6259
vn 0.5130 -0.6748 -0.5306
vn 0.5687 -0.7025 -0.4278
vn 0.6544 -0.5541 -0.5144
vn 0.4455 -0.8359 -0.3206
vn 0.3763 -0.8527 -0.3624
vn 0.2603 -0.7667 -0.5869
vn -0.0606 -0.5528 -0.8311
vn 0.2884 -0.8294 -0.4785
vn 0.2133 -0.9301 -0.2991
vn 0.1223 -0.9263 -0.3565
vn -0.1637 -0.7991 -0.5784
vn 0.1670 -0.8771 -0.4503
vn 0.2700 -0.8196 -0.5053
vn 0.0774 -0.9020 -0.4248
vn 0.0769 -0.9283 -0.3637
vn 0.4144 -0.7383 -0.5322
vn 0.4279 -0.7022 -0.5690
vn 0.2367 -0.8782 -0.4155
vn 0.1832 -0.8910 -0.4154
vn 0.3733 -0.7417 -0.5573
vn 0.3439 -0.8080 -0.4784
vn 0.2074 -0.9133 -0.3505
vn 0.2180 -0.8916 -0.3969
vn 0.3124 -0.8122 -0.4926
vn 0.2364 -0.8562 -0.4594
vn 0.4098 -0.7469 -0.5237
vn 0.6300 -0.3020 -0.7155
vn 0.5476 -0.4195 -0.7240
vn 0.5175 -0.4873 -0.7034
vn 0.5021 -0.2138 -0.8380
vn 0.5507 -0.2456 -0.7977
vn 0.4649 -0.5650 -0.6816
vn 0.4261 -0.5401 -0.7258
vn 0.5546 -0.5835 -0.5933
vn 0.6277 -0.3105 -0.7139
vn 0.4936 -0.2400 -0.8359
vn 0.4871 -0.5277 -0.6959
vn 0.4885 -0.5453 -0.6812
vn 0.5684 -0.3142 -0.7604
vn 0.6338 -0.3568 -0.6863
vn 0.5318 -0.5490 -0.6448
vn 0.4626 -0.4721 -0.7504
vn 0.4805 -0.1960 -0.8548
vn 0.4583 -0.1606 -0.8742
vn 0.4409 -0.4711 -0.7640
vn 0.5169 -0.5362 -0.6673
vn 0.6066 -0.2662 -0.7491
vn 0.6376 -0.2640 -0.7237
vn 0.5402 -0.5010 -0.6762
vn 0.4929 -0.3985 -0.7735
vn 0.5672 -0.1435 -0.8110
vn 0.6049 -0.1239 -0.7866
vn 0.5421 -0.3851 -0.7469
vn 0.5371 -0.4028 -0.7411
vn 0.5940 -0.0934 -0.7990
vn 0.6866 -0.0956 -0.7207
vn 0.5942 -0.4101 -0.6919
vn 0.6286 -0.3257 -0.7063
vn 0.6705 -0.0284 -0.7413
vn 0.6819 0.0349 -0.7306
vn 0.6605 -0.2268 -0.7158
vn 0.7343 -0.2511 -0.6307
vn 0.7161 0.0179 -0.6978
vn 0.5711 0.5946 -0.5659
vn 0.5582 0.6058 -0.5670
vn 0.6631 0.0886 -0.7433
vn 0.6842 0.0529 -0.7274
vn 0.5127 0.2180 -0.8304
vn 0.3995 0.7022 -0.5893
vn 0.5843 -0.3193 -0.7461
vn 0.6207 -0.3758 -0.6881
vn 0.3504 0.7258 -0.5919
vn 0.5296 0.2258 -0.8176
vn 0.5989 0.1813 -0.7801
vn 0.3763 0.6985 -0.6087
vn 0.2706 0.7013 -0.6595
vn 0.4567 0.2314 -0.8590
vn 0.6144 0.0831 -0.7846
vn 0.4950 0.5775 -0.6492
vn 0.6648 0.4511 -0.5955
vn 0.7149 -0.0308 -0.6985
vn 0.5228 0.1572 -0.8378
vn 0.5232 0.5629 -0.6398
vn 0.3532 0.6711 -0.6518
vn 0.4385 0.2524 -0.8626
vn 0.6276 0.1383 -0.7661
vn 0.5260 0.6087 -0.5940
vn 0.5678 0.6077 -0.5552
vn 0.6750 0.1140 -0.7289
vn 0.5981 0.2347 -0.7663
vn 0.4720 0.6813 -0.5595
vn 0.4073 0.7176 -0.5649
vn 0.5880 0.2842 -0.7573
vn 0.5970 0.3179 -0.7365
vn 0.4401 0.7092 -0.5507
vn 0.4020 0.7044 -0.5851
vn 0.6362 0.3164 -0.7037
vn 0.6155 0.3134 -0.7232
vn 0.4228 0.6687 -0.6116
vn -0.0622 0.9961 0.0620
vn 0.0362 0.9850 0.1687
vn 0.2306 0.9447 -0.2332
vn 0.0329 0.9436 -0.3295
vn 0.2867 0.9386 -0.1919
vn 0.0270 0.9775 0.2091
vn 0.4637 0.6313 -0.6216
vn 0.1929 0.6844 -0.7031
vn -0.0219 0.9725 0.2319
vn 0.2651 0.9488 -0.1716
vn 0.1274 0.9771 -0.1704
vn -0.1185 0.9723 0.2015
vn -0.1597 0.9707 0.1796
vn 0.0595 0.9809 -0.1850
vn 0.0938 0.9737 -0.2076
vn -0.1371 0.9769 0.1639
vn -0.1308 0.9772 0.1674
vn 0.0534 0.9699 -0.2375
vn 0.1914 0.9518 -0.2396
vn -0.0602 0.9778 0.2007
vn -0.0019 0.9780 0.2087
vn 0.3547 0.9105 -0.2125
vn 0.3021 0.9312 -0.2040
vn -0.0505 0.9827 0.1780
vn -0.0903 0.9811 0.1709
vn 0.1563 0.9634 -0.2177
vn 0.2554 0.9467 -0.1961
vn -0.0490 0.9812 0.1867
vn -0.1304 0.9822 0.1349
vn 0.2339 0.9521 -0.1970
vn 0.1294 0.9650 -0.2283
vn -0.2203 0.9700 0.1027
vn -0.2778 0.9539 0.1136
vn 0.0808 0.9628 -0.2579
vn 0.1004 0.9573 -0.2710
vn -0.3126 0.9427 0.1165
vn -0.3409 0.9384 0.0558
vn 0.0628 0.9401 -0.3352
vn 0.0826 0.9215 -0.3796
vn -0.3422 0.9384 -0.0485
vn 0.7309 0.5334 -0.4258
vn 0.3275 0.9412 -0.0825
vn 0.2156 0.9743 -0.0649
vn 0.6264 0.6450 -0.4376
vn 0.3965 0.8995 -0.1835
vn 0.7900 0.3309 -0.5162
vn -0.0167 0.7936 -0.6082
vn -0.0929 0.5633 -0.8210
vn 0.2666 0.8580 -0.4391
vn 0.4107 0.4318 -0.8031
vn -0.1709 0.0064 -0.9853
vn 0.2205 -0.2696 -0.9374
vn 0.0929 -0.6824 -0.7251
vn -0.0579 -0.5463 -0.8356
vn 0.4408 -0.7060 -0.5542
vn 0.2539 -0.7830 -0.5678
vn 0.6497 -0.2938 -0.7011
vn 0.5303 -0.6505 -0.5438
vn 0.4162 -0.7469 -0.5186
vn 0.3111 -0.7759 -0.5489
vn 0.6639 0.5305 -0.5271
vn 0.4536 0.8618 -0.2269
vn 0.7152 0.0748 -0.6949
vn 0.7463 -0.3335 -0.5760
vn 0.1696 0.9851 0.0287
vn 0.0324 0.9993 -0.0175
vn 0.0459 0.9912 -0.1244
vn 0.1953 0.9663 -0.1676
vn -0.0889 0.9871 -0.1334
vn -0.0926 0.9928 -0.0763
vn 0.0880 0.8909 -0.4456
vn 0.1794 0.8884 -0.4226
vn 0.2712 0.8723 -0.4069
vn -0.1521 0.9821 -0.1113
vn -0.1374 0.9806 -0.1401
vn -0.1931 0.9668 -0.1676
vn -0.2312 0.9584 -0.1673
vn -0.0146 0.8661 -0.4997
vn 0.0417 0.8809 -0.4715
vn -0.3524 0.9074 -0.2290
vn -0.2928 0.9261 -0.2380
vn -0.3559 0.8767 -0.3236
vn -0.4332 0.8638 -0.2573
vn -0.1541 0.7808 -0.6055
vn -0.0998 0.8309 -0.5474
vn -0.3446 0.9011 -0.2631
vn -0.2473 0.8973 -0.3656
vn -0.0651 0.9297 -0.3625
vn -0.1875 0.9419 -0.2788
vn 0.0453 0.8470 -0.5296
vn -0.0849 0.7919 -0.6047
vn -0.1992 0.9724 -0.1212
vn -0.5450 0.8375 -0.0397
vn -0.5509 0.8018 -0.2315
vn -0.2588 0.9325 -0.2518
vn -0.9092 0.4002 -0.1150
vn -0.8935 0.4422 0.0787
vn -0.8046 0.4688 -0.3644
vn -0.3652 0.8628 -0.3497
vn -0.3878 0.5642 -0.7289
vn 0.0318 0.8509 -0.5244
vn -0.1239 0.9011 -0.4156
vn -0.5947 0.5851 -0.5514
vn 0.1049 0.9806 -0.1654
vn 0.3278 0.8301 -0.4511
vn 0.2525 0.9467 -0.2000
vn 0.0568 0.9973 -0.0475
vn 0.5880 0.6068 -0.5348
vn 0.4640 0.5651 -0.6822
vn 0.1061 0.9540 -0.2805
vn 0.0569 0.9845 -0.1656
vn 0.0736 0.9867 -0.1452
vn 0.1170 0.9410 -0.3174
vn -0.1142 -0.4522 -0.8846
vn -0.1234 -0.4266 -0.8960
vn -0.1635 -0.4290 -0.8884
vn -0.1315 -0.3917 -0.9106
vn -0.1465 -0.4561 -0.8778
vn -0.1955 -0.4766 -0.8571
vn -0.2313 -0.3433 -0.9103
vn -0.2766 -0.2475 -0.9286
vn -0.1453 -0.3114 -0.9391
vn -0.2384 -0.4034 -0.8834
vn -0.3375 -0.5271 -0.7799
vn -0.2679 -0.2655 -0.9261
vn -0.0353 -0.0775 -0.9964
vn 0.1101 0.6629 -0.7406
vn -0.0233 -0.3011 -0.9533
vn 0.0362 0.5739 -0.8181
vn 0.2564 0.6710 -0.6957
vn 0.1353 0.7614 -0.6340
vn 0.2976 0.2885 -0.9100
vn 0.3484 0.5413 -0.7652
vn 0.3411 0.4676 -0.8155
vn 0.3679 0.4792 -0.7969
vn 0.0701 0.0353 -0.9969
vn 0.0449 0.7130 -0.6997
vn -0.1220 -0.5148 -0.8486
vn -0.1867 -0.3858 -0.9035
vn 0.0746 -0.1847 -0.9800
vn 0.0345 -0.2265 -0.9734
vn 0.1466 -0.1137 -0.9826
vn 0.6082 0.3656 -0.7046
vn 0.5416 0.3833 -0.7481
vn 0.4716 0.4338 -0.7677
vn 0.1014 -0.3287 -0.9390
vn 0.1569 -0.3382 -0.9279
vn 0.4808 0.4042 -0.7781
vn 0.5288 0.4154 -0.7401
vn 0.2564 -0.0891 -0.9625
vn 0.5483 0.5880 -0.5946
vn 0.5084 0.7972 -0.3256
vn 0.4319 0.2885 -0.8545
vn 0.5397 0.5435 -0.6429
vn 0.5428 0.5724 -0.6146
vn 0.5198 0.8431 -0.1376
vn 0.4261 0.8756 -0.2274
vn 0.5465 0.5292 -0.6490
vn 0.4460 0.8123 -0.3758
vn 0.4696 0.7041 -0.5327
vn 0.4856 0.4635 -0.7412
vn 0.5261 0.7264 -0.4422
vn 0.3881 0.7239 -0.5703
vn 0.4362 0.8894 -0.1368
vn 0.4772 0.8782 -0.0322
vn 0.2353 0.6301 -0.7400
vn 0.3511 0.8288 -0.4356
vn 0.6899 0.6319 -0.3533
vn 0.6284 0.6826 -0.3731
vn 0.5377 0.8408 -0.0628
vn 0.5844 0.7987 -0.1434
vn 0.6460 0.6299 -0.4312
vn 0.6897 0.6135 -0.3847
vn 0.5874 0.7746 -0.2345
vn 0.6311 0.7241 -0.2780
vn 0.6638 0.6386 -0.3893
vn 0.7321 0.6209 -0.2802
vn 0.7652 0.5988 -0.2365
vn 0.6952 0.6534 -0.2997
vn 0.3517 0.7218 -0.5961
vn 0.3497 0.6890 -0.6348
vn 0.3930 0.5957 -0.7005
vn 0.4205 0.6827 -0.5976
vn 0.3401 0.6127 -0.7134
vn 0.3019 0.7056 -0.6411
vn 0.2955 0.7662 -0.5707
vn 0.3484 0.7900 -0.5046
vn 0.2394 0.7346 -0.6348
vn 0.2958 0.6738 -0.6771
vn 0.3656 0.6919 -0.6226
vn 0.4047 0.6725 -0.6197
vn 0.4177 0.4856 -0.7680
vn 0.4277 0.5187 -0.7403
vn 0.3810 0.6312 -0.6755
vn 0.3717 0.6312 -0.6807
vn 0.3502 0.6063 -0.7140
vn 0.3985 0.4777 -0.7830
vn 0.4212 0.5605 -0.7130
vn 0.4376 0.4754 -0.7632
vn 0.3620 0.5582 -0.7466
vn 0.3309 0.5820 -0.7428
vn 0.2707 0.6661 -0.6950
vn 0.3278 0.5480 -0.7696
vn 0.4259 0.5113 -0.7464
vn 0.1926 0.7048 -0.6827
vn 0.1381 0.6799 -0.7202
vn 0.2317 0.5562 -0.7981
vn 0.2558 0.6301 -0.7331
vn 0.2634 0.6558 -0.7075
vn 0.3340 0.5300 -0.7794
vn 0.2557 0.5465 -0.7975
vn 0.2273 0.6198 -0.7511
vn 0.3095 0.4366 -0.8447
vn 0.3398 0.5063 -0.7926
vn 0.6232 0.3044 -0.7204
vn 0.4931 0.2604 -0.8301
vn 0.6303 -0.0777 -0.7724
vn 0.7592 0.0455 -0.6493
vn 0.0678 0.6445 -0.7616
vn 0.0035 0.6043 -0.7967
vn 0.1234 0.4504 -0.8843
vn 0.1643 0.5111 -0.8437
vn 0.3016 0.4382 -0.8467
vn 0.2182 0.4912 -0.8433
vn 0.2852 0.3892 -0.8759
vn 0.4316 0.2268 -0.8731
vn 0.2581 0.3002 -0.9183
vn 0.2379 0.3987 -0.8857
vn 0.0317 0.6078 -0.7935
vn 0.1917 0.3815 -0.9043
vn 0.1288 0.6825 -0.7195
vn 0.3087 0.3836 -0.8704
vn 0.8071 -0.1798 -0.5623
vn 0.6650 -0.3025 -0.6829
vn 0.7354 -0.3450 -0.5833
vn 0.7886 -0.3405 -0.5121
vn 0.5293 0.0773 -0.8449
vn 0.3933 0.2676 -0.8796
vn 0.5527 0.2042 -0.8080
vn 0.6662 0.0873 -0.7407
vn 0.4893 0.0847 -0.8680
vn 0.3572 0.1618 -0.9199
vn -0.0063 0.4769 -0.8789
vn 0.1840 0.7281 -0.6603
vn 0.4820 0.3581 -0.7997
vn 0.4421 0.1402 -0.8859
vn 0.6688 -0.5158 -0.5354
vn 0.7462 -0.2854 -0.6015
vn 0.6288 -0.2655 -0.7308
vn 0.4938 -0.6155 -0.6143
vn 0.6041 -0.2851 -0.7441
vn 0.6910 -0.0321 -0.7221
vn 0.7336 0.1073 -0.6711
vn 0.6138 -0.1072 -0.7821
vn 0.5815 0.0813 -0.8095
vn 0.7248 0.1704 -0.6676
vn 0.6009 -0.3764 -0.7052
vn 0.6176 0.1023 -0.7798
vn 0.3708 0.2222 -0.9018
vn 0.4698 -0.2697 -0.8406
vn 0.6228 -0.3262 -0.7111
vn 0.4242 -0.5058 -0.7512
vn 0.4622 -0.6615 -0.5906
vn 0.6685 -0.3949 -0.6302
vn 0.4915 -0.6344 -0.5966
vn 0.4647 -0.6817 -0.5651
vn 0.3719 -0.7293 -0.5743
vn 0.3531 -0.8103 -0.4677
vn 0.4474 -0.6167 -0.6477
vn 0.3755 -0.7957 -0.4752
vn 0.3973 -0.6323 -0.6651
vn 0.4154 -0.6470 -0.6394
vn 0.3239 -0.6953 -0.6416
vn 0.3952 -0.6944 -0.6013
vn 0.3672 -0.7675 -0.5255
vn 0.3307 -0.8440 -0.4222
vn 0.3164 -0.8642 -0.3913
vn 0.4636 -0.5864 -0.6642
vn 0.2488 -0.1781 -0.9520
vn 0.1999 -0.5218 -0.8293
vn 0.7927 -0.5072 -0.3382
vn 0.8195 0.1346 -0.5570
vn 0.9340 -0.3367 0.1197
vn 0.9394 0.3323 -0.0844
vn 0.8361 -0.5406 -0.0929
vn 0.9564 0.1941 -0.2184
vn 0.3701 -0.8234 -0.4302
vn 0.7235 -0.2051 -0.6591
vn 0.0633 -0.7051 -0.7063
vn 0.3991 0.2023 -0.8943
vn 0.4379 0.2033 -0.8757
vn 0.5215 0.2239 -0.8233
vn 0.1826 -0.5681 -0.8024
vn 0.2414 -0.4688 -0.8497
vn 0.5944 0.2223 -0.7728
vn 0.6003 0.2260 -0.7672
vn 0.2652 -0.4126 -0.8715
vn 0.2611 -0.3854 -0.8850
vn 0.2553 -0.3547 -0.8994
vn 0.5585 0.2612 -0.7873
vn 0.4710 0.3231 -0.8209
vn 0.2352 -0.2931 -0.9267
vn 0.1533 -0.2054 -0.9666
vn 0.3225 0.3830 -0.8656
vn 0.1312 0.3234 -0.9371
vn -0.0128 -0.3128 -0.9497
vn -0.0583 -0.7389 -0.6713
vn -0.0169 -0.6870 -0.7264
vn -0.0322 -0.7649 -0.6433
vn -0.0236 -0.8358 -0.5486
vn -0.1832 -0.8594 -0.4773
vn -0.0971 -0.8591 -0.5025
vn -0.0836 -0.7818 -0.6180
vn -0.1285 -0.7737 -0.6204
vn -0.1579 -0.9351 -0.3173
vn -0.2015 -0.8829 -0.4240
vn -0.1298 -0.7956 -0.5917
vn -0.1098 -0.8348 -0.5395
vn -0.0166 -0.9434 -0.3313
vn -0.0597 -0.8938 -0.4444
vn -0.1119 -0.9752 -0.1908
vn -0.0784 -0.9898 -0.1188
vn 0.5342 -0.8389 0.1042
vn 0.1736 -0.9831 -0.0584
vn -0.0044 -0.9968 -0.0799
vn 0.1643 -0.9729 -0.1624
vn 0.4935 -0.8170 -0.2982
vn 0.6946 -0.7136 0.0908
vn 0.1582 -0.9752 -0.1551
vn 0.2547 -0.9625 -0.0937
vn 0.0888 -0.8188 -0.5672
vn -0.2259 -0.7841 -0.5780
vn -0.0622 -0.9838 -0.1679
vn 0.0781 -0.9819 -0.1725
vn -0.3238 -0.8384 -0.4384
vn -0.1994 -0.9552 -0.2185
vn -0.1972 -0.9761 -0.0912
vn -0.2032 -0.9719 -0.1185
vn -0.0455 -0.9932 -0.1069
vn 0.0568 -0.9857 -0.1588
vn -0.0887 -0.9745 -0.2063
vn -0.1320 -0.9851 -0.1101
vn 0.0183 -0.9303 -0.3663
vn 0.1116 -0.8498 -0.5152
vn 0.0369 -0.5546 -0.8313
vn -0.1287 -0.8668 -0.4818
vn 0.4632 -0.4805 -0.7447
vn 0.2172 -0.8503 -0.4794
vn 0.1240 0.6791 -0.7235
vn 0.2680 0.3158 -0.9102
vn 0.6351 0.2190 -0.7408
vn 0.4485 0.3555 -0.8201
vn 0.3668 0.1814 -0.9124
vn 0.4120 0.4234 -0.8068
vn 0.0847 0.6098 -0.7880
vn 0.5084 -0.2133 -0.8343
vn 0.0277 0.0279 -0.9992
vn 0.6006 -0.2957 -0.7428
vn 0.5853 -0.4844 -0.6502
vn 0.5798 -0.2633 -0.7711
vn 0.5686 -0.2845 -0.7719
vn 0.6220 -0.2012 -0.7567
vn 0.4882 -0.3797 -0.7858
vn 0.4283 -0.5313 -0.7309
vn 0.7300 -0.1367 -0.6696
vn 0.6796 -0.1162 -0.7243
vn 0.7653 0.0067 -0.6436
vn 0.8283 0.0708 -0.5558
vn 0.6864 -0.0246 -0.7268
vn 0.6152 -0.2109 -0.7596
vn 0.8618 0.2446 -0.4443
vn 0.9431 0.1762 -0.2819
vn 0.9213 0.3243 -0.2145
vn 0.9117 0.2208 -0.3465
vn 0.7920 0.2636 -0.5507
vn 0.8989 0.4220 -0.1182
vn 0.3547 -0.8575 -0.3728
vn 0.3918 -0.8741 -0.2871
vn 0.3202 -0.9156 -0.2431
vn 0.2499 -0.9212 -0.2983
vn 0.5747 -0.6262 -0.5269
vn 0.7386 -0.4961 -0.4564
vn 0.3446 -0.9245 -0.1631
vn 0.8125 -0.4844 -0.3243
vn 0.8042 -0.5401 -0.2479
vn 0.3206 -0.9434 -0.0852
vn 0.8652 0.2918 -0.4078
vn 0.8413 0.2316 -0.4884
vn 0.6862 -0.6256 -0.3710
vn 0.7724 -0.5172 -0.3688
vn 0.4320 -0.8761 -0.2140
vn 0.3827 -0.9113 -0.1521
vn 0.2819 -0.9567 -0.0731
vn 0.3273 -0.9422 -0.0713
vn 0.2855 -0.9468 -0.1485
vn 0.3006 -0.9442 -0.1345
vn 0.8028 -0.5286 -0.2760
vn 0.9495 0.0473 -0.3102
vn 0.7473 -0.5238 -0.4089
vn 0.8713 -0.0427 -0.4888
vn 0.7229 -0.1848 -0.6658
vn 0.7034 -0.3915 -0.5933
vn 0.7906 0.3220 -0.5208
vn 0.7405 0.4050 -0.5364
vn 0.2932 0.2932 -0.9100
vn 0.2161 0.4479 -0.8676
vn 0.4139 0.7570 -0.5057
vn 0.5164 0.4261 -0.7428
vn 0.4149 0.8213 -0.3915
vn 0.3887 0.8810 -0.2698
vn 0.4249 0.8034 -0.4171
vn 0.5640 0.4341 -0.7025
vn 0.4469 0.8592 -0.2490
vn 0.5204 0.8177 -0.2461
vn 0.4921 -0.4266 -0.7588
vn 0.4262 -0.2847 -0.8587
vn 0.3911 0.5325 -0.7507
vn 0.5777 0.4393 -0.6880
vn 0.1882 0.9364 -0.2961
vn 0.2430 0.9358 -0.2553
vn 0.2469 0.9079 -0.3388
vn 0.1949 0.9212 -0.3367
vn 0.3009 0.7783 -0.5511
vn 0.3251 0.7901 -0.5197
vn 0.5029 0.3817 -0.7755
vn 0.4817 0.3652 -0.7966
vn 0.5654 -0.1042 -0.8182
vn 0.6210 -0.0119 -0.7837
vn 0.4985 0.5447 -0.6744
vn 0.5625 0.4930 -0.6638
vn 0.2801 0.9389 -0.2001
vn 0.2397 0.9467 -0.2152
vn 0.2008 0.9602 -0.1943
vn 0.2537 0.9619 -0.1022
vn 0.5090 0.7782 -0.3677
vn 0.3746 0.8025 -0.4645
vn 0.5916 0.3644 -0.7192
vn 0.7186 0.3450 -0.6037
vn 0.5025 0.0285 -0.8641
vn 0.1669 0.0397 -0.9852
vn 0.6263 -0.0363 -0.7788
vn 0.6151 -0.2909 -0.7328
vn 0.3792 -0.2318 -0.8958
vn 0.0761 -0.1185 -0.9900
vn 0.5562 -0.1045 -0.8244
vn 0.5195 -0.0919 -0.8495
vn 0.4675 -0.4156 -0.7802
vn 0.5701 -0.3588 -0.7391
vn 0.6196 -0.0628 -0.7824
vn 0.7348 0.0087 -0.6782
vn 0.6607 -0.3372 -0.6706
vn 0.5221 -0.4163 -0.7444
vn 0.7274 0.3880 -0.5660
vn 0.7560 0.0859 -0.6489
vn 0.7425 0.1493 -0.6529
vn 0.7009 0.4303 -0.5689
vn 0.7296 -0.1988 -0.6543
vn 0.7195 -0.2521 -0.6471
vn 0.5676 -0.6408 -0.5170
vn 0.4932 -0.6865 -0.5342
vn 0.6080 -0.5878 -0.5337
vn 0.3951 -0.8811 -0.2598
vn 0.4010 -0.8663 -0.2980
vn 0.4013 -0.8522 -0.3357
vn -0.0762 0.8639 -0.4978
vn 0.3620 0.1907 -0.9125
vn 0.5111 0.3935 -0.7642
vn 0.3804 0.6578 -0.6500
vn 0.2617 0.5588 -0.7869
vn 0.0778 0.9730 -0.2172
vn 0.4017 0.0166 -0.9156
vn 0.2579 0.0397 -0.9654
vn 0.4226 0.2262 -0.8776
vn 0.5738 0.2566 -0.7778
vn 0.0644 -0.0266 -0.9976
vn 0.0453 0.0891 -0.9950
vn 0.0700 -0.2026 -0.9768
vn 0.1148 -0.0606 -0.9915
vn 0.3618 0.3903 -0.8466
vn 0.4192 0.3855 -0.8220
vn 0.2474 -0.4014 -0.8818
vn 0.5284 -0.4809 -0.6997
vn 0.7208 -0.1181 -0.6830
vn 0.4810 0.1322 -0.8667
vn 0.5634 -0.5326 -0.6316
vn 0.4610 -0.6044 -0.6498
vn 0.7083 -0.4077 -0.5763
vn 0.7498 -0.2738 -0.6023
vn 0.4708 -0.7393 -0.4814
vn 0.4258 -0.6700 -0.6081
vn 0.4681 0.7901 -0.3958
vn 0.3664 0.8935 -0.2596
vn 0.5639 0.6668 -0.4872
vn 0.6059 0.5958 -0.5272
vn 0.5709 0.7033 -0.4236
vn 0.4951 0.7363 -0.4613
vn 0.6509 0.5709 -0.5004
vn 0.6117 0.6094 -0.5045
vn 0.5712 0.7324 -0.3706
vn 0.6246 0.5792 -0.5238
vn 0.6296 0.2464 -0.7368
vn 0.6456 0.4266 -0.6335
vn 0.5887 0.4718 -0.6564
vn 0.5430 0.4151 -0.7300
vn 0.5003 0.6544 -0.5669
vn 0.4450 0.5378 -0.7161
vn 0.5341 0.7602 -0.3699
vn 0.4824 0.8399 -0.2488
vn 0.4602 0.8664 -0.1939
vn 0.4575 0.8552 -0.2436
vn 0.4883 0.6557 -0.5758
vn 0.4329 0.7301 -0.5287
vn 0.4078 0.5083 -0.7585
vn 0.4680 0.3829 -0.7964
vn 0.5746 0.7587 -0.3070
vn 0.7904 0.5301 -0.3071
vn 0.7579 0.6261 -0.1836
vn 0.5821 0.7900 -0.1927
vn 0.7135 0.2364 -0.6596
vn 0.5599 0.2722 -0.7826
vn 0.6219 0.5298 -0.5767
vn 0.7805 0.4085 -0.4732
vn 0.8820 0.3283 -0.3381
vn 0.8677 0.3050 -0.3925
vn 0.7921 0.5692 -0.2204
vn 0.8344 0.5407 -0.1073
vn 0.8020 0.4998 -0.3271
vn 0.8377 0.3305 -0.4348
vn 0.8575 0.4507 -0.2482
vn 0.7878 0.5783 -0.2118
vn -0.5835 0.6545 -0.4808
vn -0.3468 0.6429 -0.6830
vn -0.2547 0.4368 -0.8628
vn -0.6628 0.4485 -0.5996
vn -0.1652 0.3977 -0.9025
vn -0.1752 0.6512 -0.7384
vn -0.1507 0.3848 -0.9106
vn -0.2122 0.4181 -0.8833
vn -0.6612 0.4303 -0.6145
vn -0.0409 0.2859 -0.9574
vn -0.2722 0.4527 -0.8491
vn -0.3109 0.5419 -0.7808
vn -0.0628 0.4454 -0.8931
vn -0.6113 0.5825 -0.5357
vn -0.6445 0.4846 -0.5914
vn -0.3990 0.8809 -0.2547
vn -0.2125 0.8923 -0.3982
vn -0.0301 0.9004 -0.4341
vn 0.0156 0.9686 -0.2481
vn -0.1590 0.9535 -0.2560
vn -0.2107 0.7908 -0.5747
vn -0.0021 0.7252 -0.6886
vn -0.5084 0.7670 -0.3914
vn -0.3316 0.9286 -0.1664
vn -0.2592 0.8874 -0.3813
vn -0.4205 0.8677 -0.2653
vn -0.0626 0.9328 -0.3550
vn -0.0063 0.9207 -0.3902
vn 0.0447 0.4775 -0.8775
vn 0.0761 0.5771 -0.8131
vn -0.0167 0.9124 -0.4089
vn 0.0821 0.4340 -0.8972
vn 0.0252 0.2667 -0.9635
vn -0.0551 0.9414 -0.3329
vn -0.0019 0.9755 -0.2201
vn -0.0030 0.6833 -0.7302
vn 0.0123 0.6942 -0.7197
vn -0.0000 0.9824 -0.1867
vn -0.0379 0.9759 -0.2149
vn 0.0619 0.7831 -0.6188
vn -0.0301 0.7519 -0.6586
vn 0.0225 0.9268 -0.3748
vn 0.1067 0.5968 -0.7952
vn 0.1356 0.6908 -0.7102
vn 0.0541 0.9603 -0.2737
vn 0.1529 0.4742 -0.8670
vn 0.1286 0.4309 -0.8932
vn 0.4323 0.6147 -0.6598
vn 0.2351 0.9430 -0.2356
vn 0.1444 0.9510 -0.2733
vn 0.4015 0.4915 -0.7728
vn -0.0590 0.9982 0.0144
vn 0.0003 1.0000 0.0032
vn 0.0766 0.9863 -0.1462
vn 0.1644 0.8097 -0.5634
vn 0.1393 0.9070 -0.3975
vn 0.0635 0.9972 -0.0387
vn 0.2728 0.5349 -0.7997
vn 0.2058 0.5409 -0.8155
vn 0.0216 0.8663 -0.4991
vn -0.0317 0.9398 -0.3401
vn 0.0581 0.7173 -0.6943
vn 0.0691 0.6786 -0.7312
vn 0.2044 0.5834 -0.7861
vn 0.1654 0.5692 -0.8054
vn -0.0002 0.9465 -0.3227
vn 0.1256 0.8186 -0.5605
vn 0.3258 0.4896 -0.8088
vn 0.1838 0.7235 -0.6654
vn 0.2979 0.5040 -0.8107
vn 0.3826 0.2093 -0.8999
vn 0.4466 0.1026 -0.8888
vn 0.4437 0.2554 -0.8590
vn 0.3489 0.5454 -0.7621
vn 0.1119 0.9645 -0.2391
vn -0.0141 0.9999 0.0022
vn -0.0400 0.3938 -0.9183
vn 0.1583 0.3768 -0.9127
vn 0.2403 0.2736 -0.9313
vn -0.0461 0.3626 -0.9308
vn 0.3592 0.2435 -0.9009
vn 0.4832 0.0441 -0.8744
vn 0.5592 -0.3113 -0.7684
vn 0.5281 -0.0959 -0.8437
vn 0.5314 -0.3949 -0.7494
vn 0.6809 -0.3247 -0.6565
vn 0.6782 -0.1683 -0.7153
vn 0.4451 -0.1331 -0.8855
vn 0.7776 -0.0670 -0.6252
vn 0.5928 0.0574 -0.8033
vn 0.4037 -0.0706 -0.9122
vn 0.4382 -0.1024 -0.8930
vn 0.4124 -0.0121 -0.9109
vn 0.4201 -0.0087 -0.9074
vn 0.5295 -0.0978 -0.8426
vn 0.4965 -0.2689 -0.8253
vn 0.6267 0.4746 -0.6181
vn 0.5074 0.4434 -0.7389
vn 0.6199 0.2077 -0.7567
vn 0.4303 0.2653 -0.8628
vn 0.2744 0.1693 -0.9466
vn 0.3461 0.0694 -0.9356
vn 0.4241 -0.1426 -0.8943
vn 0.3492 0.0407 -0.9362
vn 0.3426 0.1586 -0.9260
vn 0.4185 0.2439 -0.8749
vn 0.2767 0.2201 -0.9354
vn 0.2948 0.1339 -0.9461
vn -0.1229 0.7143 0.6889
vn -0.1845 0.6627 0.7258
vn -0.1071 0.8594 0.5000
vn -0.1008 0.8937 0.4372
vn -0.1572 0.8390 0.5210
vn -0.2698 0.6422 0.7175
vn -0.3621 0.6460 0.6720
vn -0.2305 0.8381 0.4944
vn -0.2815 0.8489 0.4473
vn -0.3870 0.6557 0.6483
vn -0.3615 0.6608 0.6578
vn -0.2804 0.8470 0.4516
vn -0.2904 0.8465 0.4462
vn -0.3706 0.6617 0.6518
vn -0.3601 0.6600 0.6593
vn -0.2724 0.8407 0.4680
vn -0.2430 0.8369 0.4905
vn -0.3615 0.6690 0.6494
vn -0.3497 0.6728 0.6520
vn -0.2313 0.8411 0.4889
vn -0.2704 0.8368 0.4761
vn -0.3658 0.6613 0.6549
vn -0.4058 0.6471 0.6455
vn -0.2919 0.8275 0.4797
vn -0.3214 0.8277 0.4600
vn -0.4699 0.6351 0.6131
vn -0.5294 0.5973 0.6025
vn -0.4042 0.8160 0.4133
vn -0.4736 0.7731 0.4218
vn -0.5898 0.5464 0.5946
vn -0.6436 0.5449 0.5375
vn -0.5340 0.7232 0.4381
vn -0.5731 0.7041 0.4192
vn -0.6546 0.6148 0.4399
vn -0.6770 0.6382 0.3666
vn -0.6329 0.7207 0.2830
vn -0.5946 0.7177 0.3624
vn -0.6520 0.6419 0.4036
vn -0.6646 0.4893 0.5647
vn -0.6431 0.6755 0.3607
vn -0.6935 0.6250 0.3583
vn -0.7524 0.4272 0.5015
vn -0.6752 0.4526 0.5824
vn -0.6691 0.6548 0.3516
vn -0.2172 0.8339 0.5073
vn -0.2482 0.6967 0.6730
vn -0.1835 0.6246 0.7591
vn -0.1852 0.7417 0.6446
vn -0.1351 0.6031 0.7861
vn -0.1203 0.7035 0.7005
vn -0.2697 0.8913 0.3644
vn -0.3754 0.7094 0.5965
vn -0.3388 0.7117 0.6154
vn -0.2530 0.8795 0.4031
vn -0.2418 0.8976 0.3687
vn -0.3341 0.7419 0.5814
vn -0.3605 0.7214 0.5913
vn -0.2729 0.8922 0.3600
vn -0.1923 0.8766 0.4412
vn -0.3220 0.7582 0.5670
vn -0.3307 0.7556 0.5654
vn -0.2165 0.8941 0.3920
vn -0.1917 0.8397 0.5080
vn -0.3046 0.7273 0.6151
vn -0.2984 0.7413 0.6013
vn -0.1760 0.8528 0.4916
vn -0.2603 0.8600 0.4389
vn -0.3869 0.7077 0.5912
vn -0.3440 0.7174 0.6058
vn -0.2345 0.8428 0.4845
vn -0.2529 0.8901 0.3791
vn -0.4085 0.7032 0.5819
vn -0.4258 0.7352 0.5273
vn -0.2184 0.9055 0.3638
vn -0.2080 0.8601 0.4659
vn -0.2762 0.7542 0.5957
vn -0.5418 0.7062 0.4557
vn -0.4871 0.7385 0.4663
vn -0.3386 0.6329 0.6963
vn -0.6373 0.5951 0.4896
vn -0.6871 0.4027 0.6047
vn -0.3079 0.5271 0.7920
vn -0.0250 0.8833 0.4682
vn -0.1373 0.8861 0.4428
vn -0.0433 0.9616 0.2710
vn 0.0513 0.9482 0.3135
vn -0.1245 0.9693 0.2119
vn -0.2069 0.9050 0.3718
vn -0.2334 0.9264 0.2954
vn -0.1585 0.9795 0.1247
vn -0.1344 0.9887 0.0669
vn -0.2190 0.9451 0.2425
vn -0.1993 0.9502 0.2398
vn -0.0901 0.9929 0.0780
vn -0.0664 0.9919 0.1083
vn -0.1665 0.9486 0.2691
vn -0.1157 0.9432 0.3115
vn -0.0257 0.9902 0.1375
vn 0.0429 0.9775 0.2065
vn -0.0713 0.9287 0.3640
vn 0.4099 0.8379 -0.3603
vn 0.0760 0.9964 -0.0380
vn 0.1884 0.9819 0.0200
vn 0.4559 0.8455 -0.2779
vn 0.2186 0.9702 0.1043
vn 0.4075 0.8969 -0.1719
vn 0.0211 0.9853 -0.1696
vn 0.0132 0.9920 -0.1253
vn 0.3547 0.8143 -0.4595
vn 0.3463 0.8058 -0.4804
vn 0.1158 0.9921 -0.0473
vn 0.0864 0.9869 -0.1361
vn 0.3827 0.8397 -0.3853
vn 0.4279 0.8665 -0.2571
vn -0.1103 0.9927 0.0494
vn -0.0635 0.9913 0.1156
vn 0.0972 0.9936 -0.0569
vn 0.1144 0.9811 -0.1563
vn -0.0386 0.9992 -0.0046
vn -0.1041 0.9914 0.0797
vn 0.2200 0.9505 -0.2195
vn 0.1316 0.9691 -0.2085
vn 0.2717 0.9202 -0.2819
vn -0.1884 0.9821 -0.0083
vn -0.1091 0.9913 -0.0734
vn -0.1313 0.9725 -0.1925
vn -0.2567 0.9628 -0.0846
vn 0.1716 0.8862 -0.4303
vn 0.1471 0.9470 -0.2857
vn -0.2916 0.9485 -0.1241
vn -0.1140 0.9597 -0.2569
vn 0.0630 0.9456 -0.3192
vn -0.2430 0.9680 -0.0623
vn 0.3217 0.8131 -0.4852
vn 0.2036 0.8569 -0.4736
vn -0.0754 0.9915 0.1056
vn 0.2979 0.9237 -0.2409
vn 0.4769 0.8704 -0.1222
vn 0.0998 0.9548 0.2800
vn 0.6149 0.7325 -0.2919
vn 0.4854 0.7813 -0.3924
vn 0.2299 0.8911 0.3912
vn 0.5616 0.8271 -0.0210
vn 0.5762 0.8136 0.0780
vn 0.2881 0.8380 0.4634
vn 0.6622 0.7325 -0.1581
vn 0.6640 0.7127 -0.2262
vn 0.2861 0.8140 0.5056
vn 0.5355 0.8233 0.1881
vn 0.2536 0.8465 0.4681
vn 0.4854 0.8483 0.2118
vn 0.6326 0.7729 -0.0487
vn 0.6438 0.7612 -0.0776
vn 0.1895 0.9029 0.3857
vn 0.4575 0.8835 0.1005
vn 0.4671 0.8694 0.1613
vn 0.2208 0.8792 0.4221
vn 0.6041 0.7893 -0.1094
vn 0.6282 0.7747 -0.0726
vn 0.1559 0.9211 0.3566
vn 0.4321 0.9000 0.0570
vn 0.4341 0.8973 0.0800
vn 0.1738 0.9110 0.3741
vn 0.5468 0.8300 -0.1101
vn 0.5609 0.8183 -0.1260
vn 0.3274 0.7870 0.5229
vn 0.5956 0.7747 0.2123
vn 0.4933 0.8573 0.1471
vn 0.2323 0.8671 0.4407
vn 0.7217 0.6921 0.0088
vn 0.6127 0.7890 -0.0451
vn 0.4070 0.7162 0.5670
vn 0.6620 0.7085 0.2444
vn 0.6422 0.7198 0.2636
vn 0.4005 0.7315 0.5518
vn 0.8125 0.5790 -0.0680
vn 0.7956 0.6057 -0.0099
vn 0.3832 0.8473 -0.3678
vn 0.3007 0.8844 -0.3569
vn 0.3702 0.8242 -0.4285
vn 0.4412 0.7883 -0.4289
vn 0.3865 0.7376 -0.5537
vn 0.4698 0.6986 -0.5397
vn 0.4783 0.6247 -0.6172
vn 0.5194 0.5950 -0.6133
vn 0.5400 0.6633 -0.5182
vn 0.5405 0.5841 -0.6056
vn 0.5265 0.6014 -0.6009
vn 0.4043 0.6965 -0.5928
vn 0.4534 0.6953 -0.5577
vn 0.6208 0.5765 -0.5313
vn 0.6048 0.5976 -0.5264
vn 0.6339 0.6228 -0.4585
vn 0.6769 0.5921 -0.4373
vn 0.5567 0.6952 -0.4548
vn 0.6491 0.6783 -0.3444
vn 0.6728 0.6587 -0.3368
vn 0.6816 0.6329 -0.3672
vn 0.6731 0.6808 -0.2887
vn 0.6664 0.6998 -0.2572
vn 0.7027 0.6817 -0.2036
vn 0.6747 0.7038 -0.2223
vn 0.7254 0.6282 -0.2815
vn 0.6982 0.6447 -0.3114
vn 0.7374 0.6121 -0.2857
vn 0.7464 0.6142 -0.2562
vn 0.7134 0.6630 -0.2269
vn 0.6897 0.6690 -0.2771
vn 0.6981 0.5894 -0.4065
vn 0.7165 0.6042 -0.3487
vn 0.6563 0.6877 -0.3105
vn 0.6437 0.6957 -0.3188
vn 0.7882 0.5334 -0.3069
vn 0.7100 0.5696 -0.4141
vn 0.6959 0.6658 -0.2691
vn 0.7977 0.5806 -0.1628
vn 0.3372 0.9200 -0.1998
vn 0.2995 0.9531 0.0443
vn -0.0275 0.9144 0.4038
vn 0.3274 0.8861 -0.3280
vn 0.1783 0.9716 -0.1555
vn 0.3068 0.9019 -0.3040
vn 0.4372 0.8384 -0.3254
vn 0.2923 0.9009 -0.3207
vn 0.3200 0.8931 -0.3163
vn 0.5068 0.7512 -0.4229
vn 0.1295 -0.8452 -0.5186
vn 0.0810 -0.7292 -0.6795
vn 0.0224 -0.7089 -0.7050
vn 0.0389 -0.8685 -0.4941
vn 0.1029 -0.7619 -0.6395
vn 0.0857 -0.7128 -0.6961
vn 0.3201 -0.4028 -0.8575
vn -0.0106 -0.6948 -0.7191
vn 0.2071 -0.7553 -0.6217
vn 0.3658 -0.6184 -0.6956
vn 0.1800 -0.9033 -0.3895
vn 0.2346 -0.9255 -0.2973
vn 0.2771 -0.8417 -0.4635
vn 0.2185 -0.7184 -0.6604
vn 0.0047 -0.9327 -0.3607
vn 0.0419 -0.9611 -0.2730
vn 0.0893 -0.9290 -0.3592
vn -0.0901 -0.8984 -0.4299
vn 0.1487 -0.9130 -0.3800
vn 0.1483 -0.9545 -0.2588
vn 0.2545 -0.3409 -0.9050
vn 0.2505 -0.5353 -0.8066
vn -0.1494 -0.7687 -0.6219
vn -0.0979 -0.7311 -0.6752
vn 0.2751 -0.8253 -0.4932
vn 0.3080 -0.8672 -0.3914
vn 0.3645 -0.7487 -0.5537
vn 0.2749 -0.6740 -0.6857
vn -0.0769 -0.6548 -0.7519
vn -0.0566 -0.8093 -0.5846
vn -0.2053 -0.8326 -0.5144
vn -0.2289 -0.7507 -0.6198
vn 0.1474 -0.7814 -0.6063
vn 0.1348 -0.6266 -0.7676
vn 0.4076 -0.4957 -0.7669
vn 0.2511 -0.4021 -0.8805
vn 0.3532 -0.0852 -0.9317
vn 0.1976 -0.0272 -0.9799
vn -0.1868 -0.4024 -0.8962
vn -0.1509 -0.6907 -0.7072
vn 0.2145 -0.6239 -0.7515
vn 0.0222 -0.3066 -0.9516
vn -0.2144 -0.5742 -0.7902
vn -0.1889 -0.2778 -0.9419
vn -0.0559 -0.1336 -0.9895
vn -0.0681 -0.4352 -0.8978
vn 0.1075 -0.3737 -0.9213
vn 0.0819 -0.0498 -0.9954
vn -0.6379 0.2335 -0.7339
vn -0.3834 0.0079 -0.9235
vn -0.3763 0.0954 -0.9216
vn -0.5939 0.4789 -0.6465
vn -0.7896 0.2590 -0.5562
vn -0.8443 0.3434 -0.4114
vn 0.1314 0.3295 -0.9350
vn 0.2067 0.3306 -0.9209
vn 0.0807 0.6926 -0.7168
vn -0.0538 0.6914 -0.7205
vn -0.2631 0.7422 -0.6164
vn -0.1275 0.3511 -0.9276
vn -0.2230 0.2643 -0.9383
vn -0.2577 0.7065 -0.6591
vn -0.0175 0.3363 -0.9416
vn -0.3163 0.6776 -0.6639
vn -0.9260 0.3482 -0.1457
vn -0.9365 0.3413 0.0810
vn -0.7484 0.6632 0.0114
vn -0.6955 0.6547 -0.2962
vn -0.2992 0.9521 -0.0625
vn -0.1184 0.9925 -0.0317
vn -0.0328 0.9225 -0.3847
vn -0.2207 0.8895 -0.4002
vn -0.3533 0.9336 -0.0601
vn -0.2628 0.8976 -0.3538
vn -0.3142 0.8852 -0.3431
vn -0.3304 0.9355 -0.1250
vn -0.5047 0.7844 -0.3606
vn -0.5042 0.8574 -0.1033
vn -0.6201 0.7526 0.2216
vn -0.6777 0.7323 0.0659
vn -0.3386 0.9386 -0.0660
vn -0.1937 0.9795 -0.0557
vn -0.7842 0.5326 0.3183
vn -0.8778 0.4454 0.1764
vn -0.2298 0.7825 0.5787
vn -0.1347 0.7515 0.6458
vn -0.1436 0.9277 0.3445
vn -0.2825 0.9179 0.2787
vn -0.9181 0.3468 0.1920
vn -0.7900 0.5691 0.2280
vn -0.4645 0.6955 0.5482
vn -0.3531 0.6727 0.6503
vn -0.1454 0.9318 0.3325
vn -0.3828 0.7795 0.4958
vn -0.5688 0.6880 0.4507
vn 0.1867 0.9797 -0.0734
vn 0.2428 0.9478 -0.2065
vn -0.1900 0.6527 0.7334
vn -0.1477 0.6008 0.7856
vn -0.0321 0.7683 0.6393
vn -0.2799 0.6694 0.6881
vn -0.2999 0.8015 0.5174
vn 0.1455 0.9366 0.3189
vn -0.3964 0.8919 0.2177
vn -0.3799 0.9069 0.1822
vn -0.5085 0.8340 0.2142
vn 0.2222 0.9243 -0.3104
vn 0.1468 0.9186 -0.3668
vn -0.0486 0.9595 -0.2776
vn 0.1073 0.9278 -0.3572
vn -0.0105 0.9599 -0.2803
vn 0.0758 0.9627 -0.2599
vn -0.1680 0.9858 0.0064
vn -0.2400 0.9682 -0.0706
vn 0.3264 0.8339 -0.4451
vn 0.1347 0.9820 -0.1321
vn 0.1945 0.9809 -0.0041
vn 0.3197 0.9195 -0.2286
vn 0.0365 0.9738 -0.2246
vn 0.3832 0.7585 -0.5272
vn 0.3947 0.7375 -0.5480
vn -0.0309 0.9585 -0.2835
vn -0.1447 0.9242 -0.3535
vn 0.2964 0.8115 -0.5037
vn -0.2739 0.8867 -0.3725
vn -0.3496 0.8767 -0.3305
vn -0.1341 0.8956 -0.4242
vn -0.1499 0.9634 -0.2223
vn -0.3082 0.9107 -0.2749
vn -0.1558 0.9767 -0.1475
vn -0.1605 0.9782 -0.1314
vn -0.0469 0.9780 -0.2033
vn 0.2236 0.8560 -0.4662
vn 0.2428 0.8150 -0.5262
vn 0.0656 0.9021 -0.4266
vn 0.3158 0.8642 -0.3918
vn 0.1880 0.9467 -0.2616
vn 0.4918 0.7239 -0.4839
vn 0.2086 0.9162 -0.3422
vn 0.3959 0.8004 -0.4501
vn -0.1454 0.9882 0.0474
vn -0.0096 0.9813 0.1923
vn 0.4381 0.8225 -0.3627
vn 0.4456 0.7542 -0.4823
vn 0.1283 0.8630 -0.4887
vn 0.0729 0.9290 -0.3628
vn -0.2412 0.9676 -0.0745
vn -0.3260 0.9292 -0.1739
vn 0.0741 0.2180 -0.9731
vn -0.1563 0.2098 -0.9652
vn -0.1436 0.5380 -0.8306
vn -0.1012 0.4610 -0.8816
vn -0.6198 0.5579 -0.5520
vn -0.6870 0.0677 -0.7235
vn 0.3787 -0.2884 -0.8794
vn 0.1902 -0.0035 -0.9817
vn -0.0142 0.3427 -0.9393
vn 0.2154 0.1720 -0.9613
vn 0.5501 -0.0715 -0.8320
vn 0.7425 -0.2092 -0.6364
vn 0.6388 -0.5873 -0.4971
vn 0.5555 -0.5190 -0.6497
vn 0.6443 -0.0783 -0.7608
vn 0.3751 0.0622 -0.9249
vn 0.3061 -0.2420 -0.9207
vn 0.5375 -0.4551 -0.7099
vn 0.2568 0.1839 -0.9488
vn 0.2476 0.2479 -0.9366
vn 0.3496 -0.0962 -0.9319
vn 0.2610 -0.1054 -0.9596
vn 0.3329 0.1723 -0.9271
vn 0.5042 0.0322 -0.8630
vn 0.5754 -0.3131 -0.7556
vn 0.4826 -0.2041 -0.8517
vn 0.6149 -0.0332 -0.7879
vn 0.5509 0.0905 -0.8296
vn 0.4215 -0.2299 -0.8772
vn 0.5538 -0.3094 -0.7730
vn 0.4467 0.2915 -0.8458
vn 0.2741 -0.1354 -0.9521
vn 0.4047 0.3832 -0.8303
vn 0.2358 -0.1094 -0.9656
vn 0.4496 0.2515 -0.8571
vn 0.4011 0.3438 -0.8491
vn 0.2262 -0.1263 -0.9659
vn 0.2530 -0.1724 -0.9520
vn 0.5269 0.1842 -0.8297
vn 0.6570 0.1858 -0.7306
vn 0.3119 -0.1936 -0.9302
vn 0.4148 -0.1954 -0.8887
vn 0.7937 0.4148 -0.4450
vn 0.7843 0.2732 -0.5570
vn 0.5497 -0.1920 -0.8130
vn 0.6750 -0.0764 -0.7339
vn 0.2655 -0.6706 -0.6927
vn 0.1914 -0.7136 -0.6739
vn 0.3867 -0.6609 -0.6432
vn 0.2837 -0.9084 -0.3071
vn 0.1631 -0.9616 -0.2209
vn 0.1009 -0.9677 -0.2310
vn 0.4944 -0.6615 -0.5639
vn 0.5338 -0.6246 -0.5700
vn 0.4512 -0.7380 -0.5018
vn 0.3973 -0.8221 -0.4077
vn 0.4770 -0.5706 -0.6685
vn 0.3190 -0.5431 -0.7767
vn 0.2751 -0.6825 -0.6772
vn 0.4041 -0.6944 -0.5954
vn 0.1340 -0.5459 -0.8271
vn 0.0283 -0.5462 -0.8372
vn 0.1097 -0.6759 -0.7288
vn -0.0258 -0.6763 -0.7362
vn -0.0789 -0.7192 -0.6903
vn -0.0416 -0.6367 -0.7700
vn -0.2769 -0.8871 -0.3694
vn -0.1903 -0.8636 -0.4668
vn -0.1380 -0.7956 -0.5899
vn -0.0221 -0.5760 -0.8171
vn 0.0388 -0.7638 -0.6442
vn -0.0741 -0.7860 -0.6137
vn -0.3417 -0.8814 -0.3262
vn -0.3462 -0.8663 -0.3602
vn 0.5453 0.7587 -0.3563
vn 0.3177 0.9347 -0.1593
vn 0.4023 0.8857 -0.2318
vn 0.5537 0.7302 -0.4003
vn 0.7614 -0.2144 -0.6118
vn 0.6410 -0.5681 -0.5161
vn 0.7319 -0.6017 -0.3199
vn 0.8939 -0.2011 -0.4007
vn 0.5108 -0.8447 -0.1597
vn 0.4131 -0.8794 -0.2368
vn 0.8021 0.4591 -0.3819
vn 0.9061 0.1782 -0.3837
vn 0.7650 0.1517 -0.6259
vn 0.7006 0.4575 -0.5475
vn 0.7157 0.3980 -0.5739
vn 0.6387 0.7505 0.1697
vn 0.4341 0.8917 -0.1283
vn 0.4454 0.8346 -0.3242
vn 0.4638 0.7811 0.4181
vn 0.7402 0.6709 -0.0445
vn 0.6258 0.7077 -0.3280
vn 0.4533 0.8914 0.0020
vn 0.4173 -0.0519 0.9073
vn 0.9559 -0.1175 0.2690
vn 0.9089 0.3858 0.1586
vn 0.4962 0.4409 0.7479
vn 0.6493 -0.6946 0.3097
vn 0.1239 -0.5548 0.8227
vn 0.2823 -0.9235 0.2597
vn -0.0208 -0.7796 0.6260
vn 0.3262 -0.9429 -0.0669
vn 0.5995 -0.7754 -0.1984
vn 0.6466 -0.7474 0.1526
vn 0.2730 -0.9213 0.2769
vn 0.9928 -0.1053 0.0576
vn 0.8826 -0.2266 -0.4120
vn 0.8390 0.4908 -0.2350
vn 0.8017 0.5868 0.1139
vn 0.5795 0.8144 -0.0307
vn 0.7360 0.6416 -0.2159
vn 0.7135 0.6249 -0.3168
vn 0.7233 0.5260 -0.4474
vn 0.5881 0.7769 -0.2251
vn 0.6650 0.5958 -0.4504
vn 0.6843 0.3997 -0.6099
vn 0.7283 0.4338 -0.5305
vn 0.6693 0.1252 -0.7324
vn 0.6329 0.0475 -0.7728
vn 0.2782 -0.5694 -0.7736
vn 0.2229 -0.5811 -0.7827
vn -0.1561 -0.8362 -0.5258
vn -0.2420 -0.8486 -0.4705
vn 0.7510 -0.1424 -0.6448
vn 0.3350 -0.7703 -0.5426
vn 0.8895 -0.4564 -0.0231
vn 0.0517 -0.9852 0.1632
vn -0.0374 -0.9403 -0.3384
vn 0.4124 -0.8917 0.1865
vn 0.8731 0.3592 -0.3296
vn 0.9156 -0.0709 0.3958
vn 0.8124 0.5784 -0.0737
vn 0.7748 0.1745 0.6076
vn 0.3493 -0.3341 0.8754
vn 0.4419 -0.6064 0.6611
vn 0.0758 -0.8011 0.5937
vn 0.0875 -0.5658 0.8199
vn 0.6241 0.7638 0.1645
vn 0.4764 0.8103 0.3413
vn 0.2911 0.4753 0.8303
vn 0.5020 0.3690 0.7822
vn -0.2135 -0.9706 0.1116
vn -0.2036 -0.9375 -0.2822
vn -0.2565 -0.8715 -0.4179
vn -0.3670 -0.9301 -0.0156
vn 0.0349 -0.0032 0.9994
vn 0.1402 -0.1478 0.9790
vn -0.1056 -0.4948 0.8626
vn -0.2079 -0.4213 0.8828
vn -0.1973 -0.7968 0.5712
vn -0.3700 -0.7407 0.5608
vn 0.5844 -0.6677 -0.4611
vn 0.4157 -0.6504 -0.6357
vn 0.5037 -0.2847 -0.8156
vn 0.6722 -0.3216 -0.6668
vn 0.0169 -0.9732 -0.2292
vn 0.0439 -0.9727 -0.2278
vn 0.1451 -0.8925 -0.4270
vn 0.1336 -0.8950 -0.4256
vn 0.2119 -0.9081 -0.3611
vn 0.1910 -0.8995 -0.3929
vn 0.1034 -0.9725 -0.2086
vn 0.1477 -0.9647 -0.2179
vn 0.5536 0.3322 -0.7636
vn 0.1180 0.8704 -0.4779
vn 0.3610 0.3006 -0.8828
vn 0.0653 0.8096 -0.5833
vn 0.3011 -0.6190 -0.7254
vn 0.3276 -0.6396 -0.6954
vn 0.4433 -0.1340 -0.8863
vn 0.3868 -0.2383 -0.8908
vn 0.3732 -0.6600 -0.6520
vn 0.4349 -0.6610 -0.6115
vn 0.6210 -0.1177 -0.7749
vn 0.5240 -0.0670 -0.8491
vn 0.2570 0.3765 -0.8901
vn 0.1343 0.7819 -0.6088
vn 0.3348 0.5241 -0.7831
vn 0.2923 0.7588 -0.5821
vn 0.2639 0.8265 -0.4972
vn 0.1681 0.8960 -0.4109
vn 0.5395 0.6826 -0.4929
vn 0.6023 0.5853 -0.5429
vn 0.6290 0.5426 -0.5568
vn 0.4507 0.6132 -0.6487
vn 0.4294 0.7633 -0.4827
vn 0.5554 0.7671 -0.3210
vn 0.8041 0.2068 -0.5574
vn 0.6901 -0.5488 -0.4718
vn 0.7801 0.1843 -0.5980
vn 0.6756 -0.4391 -0.5922
vn 0.4926 0.6631 -0.5636
vn 0.3943 0.7507 -0.5300
vn 0.6529 0.5127 -0.5575
vn 0.6809 0.4590 -0.5707
vn 0.6446 0.6847 -0.3401
vn 0.5827 0.6471 -0.4917
vn 0.7328 0.4522 -0.5084
vn 0.8053 0.4658 -0.3669
vn 0.2726 -0.9367 -0.2199
vn 0.2590 -0.9299 -0.2611
vn 0.2564 -0.8938 -0.3680
vn 0.2515 -0.8211 -0.5124
vn 0.7664 0.2312 -0.5994
vn 0.7653 0.1962 -0.6131
vn 0.7239 -0.2990 -0.6217
vn 0.7675 -0.1844 -0.6140
vn 0.8272 0.2637 -0.4962
vn 0.8935 -0.0848 -0.4409
vn 0.9080 0.2627 -0.3263
vn 0.9712 -0.0320 -0.2362
vn 0.6145 -0.4545 -0.6448
vn 0.6692 -0.0717 -0.7396
vn 0.4494 -0.3255 -0.8319
vn 0.4802 -0.1302 -0.8674
vn 0.3957 -0.8011 -0.4490
vn 0.5698 -0.6949 -0.4387
vn 0.5493 -0.6243 -0.5555
vn 0.3448 -0.7117 -0.6121
vn 0.9429 -0.2414 -0.2295
vn 0.7953 -0.5231 -0.3065
vn 0.8853 0.0299 -0.4640
vn 0.7910 -0.3864 -0.4743
vn 0.6233 -0.1618 -0.7651
vn 0.4756 -0.2508 -0.8432
vn 0.4965 -0.1471 -0.8555
vn 0.6106 -0.0941 -0.7863
vn 0.7478 -0.0144 -0.6638
vn 0.7022 -0.0166 -0.7118
vn 0.7689 0.1872 -0.6114
vn 0.7429 0.0884 -0.6636
vn 0.2479 0.6010 -0.7598
vn 0.4314 0.0973 -0.8969
vn 0.1216 0.4409 -0.8893
vn 0.3175 -0.1765 -0.9317
vn 0.5629 0.2364 -0.7920
vn 0.3948 0.7617 -0.5137
vn 0.7224 0.3325 -0.6063
vn 0.4949 0.8104 -0.3135
vn 0.8398 0.3937 -0.3739
vn 0.5539 0.7576 -0.3453
vn 0.6941 -0.1267 -0.7086
vn 0.7889 0.0324 -0.6137
vn 0.6530 0.2442 -0.7169
vn 0.5951 0.0697 -0.8006
vn 0.6991 0.4147 -0.5825
vn 0.8824 0.2009 -0.4255
vn 0.5294 0.7234 -0.4432
vn 0.8528 0.4575 -0.2520
vn 0.7754 0.5465 -0.3163
vn 0.4491 0.7460 -0.4917
vn 0.4807 0.5885 -0.6501
vn 0.3691 0.7398 -0.5625
vn 0.9231 0.2937 -0.2483
vn 0.7431 0.5185 -0.4231
vn 0.7546 0.5762 -0.3140
vn 0.9213 0.3539 -0.1613
vn 0.6682 0.5700 -0.4782
vn 0.4019 0.6230 -0.6711
vn 0.4749 0.4424 -0.7608
vn 0.7866 0.4491 -0.4237
vn 0.8870 0.4335 -0.1592
vn 0.7280 0.6330 -0.2633
vn 0.6420 0.7136 -0.2804
vn 0.7984 0.5548 -0.2339
vn 0.5799 0.7288 -0.3641
vn 0.3659 0.7854 -0.4993
vn 0.3567 0.8512 -0.3850
vn 0.5147 0.8056 -0.2934
vn 0.1327 0.5791 -0.8044
vn 0.4177 0.3161 -0.8518
vn 0.3223 0.2014 -0.9250
vn 0.0555 0.5055 -0.8610
vn 0.5045 -0.0582 -0.8614
vn 0.4153 -0.0943 -0.9048
vn 0.2344 0.1783 -0.9557
vn 0.0207 0.4608 -0.8873
vn 0.2808 0.7259 -0.6279
vn 0.5078 0.5801 -0.6368
vn 0.4829 0.4565 -0.7473
vn 0.2236 0.6532 -0.7235
vn 0.2459 0.8185 -0.5192
vn 0.5213 0.7168 -0.4630
vn 0.5190 0.6647 -0.5374
vn 0.2903 0.7752 -0.5611
vn 0.4178 0.8278 -0.3743
vn 0.4951 0.7710 -0.4007
vn 0.1850 0.8359 -0.5167
vn 0.1413 0.8361 -0.5300
vn -0.2210 0.7557 -0.6165
vn -0.2378 0.7897 -0.5655
vn -0.3943 0.8870 -0.2402
vn -0.3691 0.8867 -0.2783
vn -0.4278 0.8674 -0.2543
vn -0.2333 0.8095 -0.5388
vn -0.2080 0.8196 -0.5339
vn -0.4567 0.8409 -0.2904
vn -0.4796 0.8221 -0.3069
vn -0.1701 0.8463 -0.5049
vn -0.1607 0.8536 -0.4955
vn -0.4986 0.7974 -0.3400
vn -0.5601 0.7266 -0.3980
vn -0.2093 0.8383 -0.5035
vn -0.2717 0.7746 -0.5711
vn -0.2969 0.6352 -0.7130
vn -0.6132 0.6131 -0.4981
vn -0.6049 0.3776 -0.7011
vn -0.5696 0.1058 -0.8151
vn -0.2247 0.4557 -0.8613
vn -0.1493 0.1638 -0.9751
vn -0.4805 -0.2395 -0.8437
vn 0.2320 0.6532 -0.7208
vn 0.1761 0.7753 -0.6065
vn -0.0426 -0.2256 -0.9733
vn 0.1631 -0.4996 -0.8508
vn -0.2633 -0.5766 -0.7735
vn 0.0477 -0.7578 -0.6507
vn 0.2781 0.1214 -0.9529
vn 0.2381 0.4145 -0.8784
vn 0.3328 0.0147 -0.9429
vn 0.3469 -0.0018 -0.9379
vn 0.3779 -0.5814 -0.7205
vn 0.5224 -0.5498 -0.6518
vn 0.3283 -0.7799 -0.5329
vn 0.5322 -0.7365 -0.4174
vn 0.6175 -0.6928 -0.3724
vn 0.5566 -0.5297 -0.6400
vn 0.5981 -0.5103 -0.6179
vn 0.6943 -0.5962 -0.4032
vn 0.3517 -0.1570 -0.9229
vn 0.2896 -0.0250 -0.9568
vn 0.7038 -0.3152 -0.6367
vn 0.8367 -0.3194 -0.4448
vn 0.8219 0.1964 -0.5347
vn 0.4818 0.0858 -0.8721
vn 0.4688 -0.1917 -0.8623
vn 0.6870 0.1763 -0.7049
vn 0.4305 0.5926 -0.6808
vn 0.2440 0.4953 -0.8338
vn 0.5586 0.6527 -0.5119
vn 0.2185 0.8977 -0.3827
vn 0.1216 0.8388 -0.5306
vn 0.0235 0.7457 -0.6658
vn -0.1975 0.9125 -0.3583
vn -0.2366 0.8038 -0.5458
vn -0.1186 0.9696 -0.2139
vn -0.3514 0.8831 -0.3108
vn -0.3279 0.9388 -0.1054
vn -0.3489 0.7269 -0.5915
vn -0.4005 0.9084 -0.1197
vn -0.3462 0.8481 -0.4010
vn -0.2809 0.7932 -0.5403
vn -0.4025 0.8899 -0.2146
vn -0.0955 0.5593 -0.8234
vn -0.2404 0.6482 -0.7225
vn -0.2322 0.7503 -0.6190
vn -0.0239 0.4809 -0.8764
vn -0.3782 0.8785 -0.2919
vn -0.4337 -0.6342 -0.6401
vn -0.6726 -0.2858 -0.6826
vn -0.8062 -0.1887 -0.5608
vn -0.0781 -0.8128 -0.5773
vn -0.0246 -0.8218 -0.5692
vn -0.5783 -0.5618 -0.5916
vn 0.2960 -0.8223 -0.4861
vn 0.2677 -0.8335 -0.4833
vn 0.4874 -0.7734 -0.4053
vn 0.5083 -0.7671 -0.3913
vn 0.6247 -0.6978 -0.3505
vn 0.6262 -0.7039 -0.3352
vn 0.7661 -0.5436 -0.3428
vn 0.7339 -0.5900 -0.3365
vn 0.8786 -0.2933 -0.3768
vn 0.8962 -0.2044 -0.3939
vn 0.8870 0.3013 -0.3500
vn 0.8902 0.2310 -0.3926
vn 0.6476 0.6800 -0.3438
vn 0.6521 0.7208 -0.2350
vn 0.2967 0.9472 -0.1215
vn 0.2987 0.9213 -0.2490
vn -0.0640 0.9919 -0.1097
vn -0.0577 0.9982 -0.0130
vn -0.3006 0.9513 0.0677
vn -0.3059 0.9521 0.0008
vn -0.4572 0.8893 -0.0082
vn -0.4413 0.8965 -0.0398
vn -0.4750 0.8756 0.0883
vn -0.4500 0.8882 0.0931
vn -0.4449 0.8901 0.0984
vn -0.4292 0.9029 -0.0223
vn -0.4395 0.8933 0.0942
vn -0.4228 0.9059 0.0251
vn -0.1656 -0.6430 -0.7477
vn 0.2138 -0.7734 -0.5967
vn -0.2623 -0.2889 -0.9207
vn 0.1319 -0.5127 -0.8484
vn 0.4318 -0.4963 -0.7531
vn 0.4758 -0.7413 -0.4734
vn 0.6129 -0.3922 -0.6860
vn 0.6254 -0.6487 -0.4336
vn 0.7310 -0.0685 -0.6789
vn 0.8029 -0.3844 -0.4556
vn 0.8882 -0.0033 -0.4595
vn 0.7781 0.2297 -0.5846
vn 0.6501 0.6256 -0.4312
vn 0.8157 0.4482 -0.3657
vn 0.5576 0.8059 -0.1989
vn 0.4006 0.8862 -0.2327
vn 0.0384 0.9978 -0.0546
vn 0.2003 0.9784 -0.0517
vn -0.1233 0.9909 0.0534
vn -0.2277 0.9718 0.0608
vn -0.3948 0.9134 0.0991
vn -0.3389 0.9351 0.1039
vn -0.4591 0.8803 0.1196
vn -0.4609 0.8791 0.1218
vn -0.4672 0.8738 0.1348
vn -0.4481 0.8845 0.1295
vn -0.5545 0.8209 -0.1367
vn -0.5070 0.8597 -0.0628
vn -0.5285 0.8489 0.0100
vn -0.5949 0.8009 -0.0686
vn -0.6166 0.7780 -0.1203
vn -0.5721 0.8016 -0.1734
vn -0.1930 0.7997 -0.5685
vn -0.4176 0.9082 -0.0275
vn -0.4335 0.9002 0.0411
vn -0.4205 0.9066 -0.0355
vn 0.2488 0.7808 -0.5731
vn 0.4805 0.4854 -0.7304
vn 0.3720 0.3732 -0.8499
vn -0.6383 0.7565 -0.1426
vn -0.6186 0.7563 -0.2129
vn -0.7030 0.6846 -0.1928
vn -0.6705 0.6799 -0.2968
vn 0.1907 0.1263 -0.9735
vn 0.0844 -0.0122 -0.9964
vn -0.1947 0.3473 -0.9173
vn 0.4348 0.0158 -0.9004
vn -0.1749 0.9664 -0.1885
vn 0.1607 0.9299 -0.3308
vn -0.3057 0.9518 -0.0261
vn -0.4534 0.8804 0.1388
vn -0.4500 0.8813 0.1446
vn -0.4760 0.8717 0.1168
vn -0.4576 0.8796 0.1302
vn -0.4390 0.8985 0.0078
vn -0.4377 0.8980 0.0449
vn -0.5479 0.7741 -0.3172
vn -0.4331 0.5422 -0.7200
vn -0.6606 0.1199 -0.7411
vn -0.7844 0.5477 -0.2910
vn -0.4498 0.8929 -0.0214
vn -0.4668 0.8816 0.0694
vn -0.5584 0.8293 0.0220
vn -0.6379 0.7665 -0.0737
vn -0.6199 0.7846 -0.0133
vn -0.6778 0.7293 -0.0931
vn -0.5022 0.8605 0.0859
vn -0.5438 0.8364 0.0685
vn -0.7938 0.5268 -0.3040
vn -0.7074 0.5656 -0.4238
vn -0.8488 0.3546 -0.3923
vn -0.7504 0.3221 -0.5772
vn -0.8731 0.1005 -0.4770
vn -0.7560 0.0373 -0.6535
vn -0.6858 0.7250 -0.0632
vn -0.7616 0.6268 -0.1646
vn -0.8458 0.4806 -0.2316
vn -0.9103 0.2407 -0.3367
vn -0.8829 0.0850 -0.4617
vn -0.6627 -0.3138 -0.6800
vn -0.5721 0.8200 0.0171
vn 0.5206 -0.4022 -0.7531
vn 0.5985 -0.2745 -0.7526
vn 0.1605 0.2412 -0.9571
vn 0.3634 -0.0572 -0.9299
vn 0.0665 0.3432 -0.9369
vn 0.2525 -0.0294 -0.9671
vn 0.0057 0.0045 -1.0000
vn -0.1277 0.4006 -0.9073
vn -0.3012 0.5042 -0.8094
vn -0.2452 0.1545 -0.9571
vn -0.3187 0.3432 -0.8835
vn -0.2623 0.6212 -0.7385
vn -0.0822 0.5974 -0.7977
vn -0.2837 0.3839 -0.8787
vn -0.1030 0.2415 -0.9649
vn 0.1173 0.3930 -0.9120
vn 0.2635 0.0659 -0.9624
vn 0.0755 0.1144 -0.9906
vn -0.2277 -0.0413 -0.9729
vn -0.3419 0.1384 -0.9295
vn -0.6950 0.0890 -0.7135
vn -0.6575 -0.1486 -0.7386
vn -0.4013 0.3319 -0.8537
vn -0.6838 0.2828 -0.6726
vn 0.2264 0.0762 -0.9710
vn 0.1291 0.2776 -0.9520
vn 0.1219 0.2436 -0.9622
vn 0.0302 0.4901 -0.8712
vn -0.0910 0.6293 -0.7718
vn 0.0440 0.3830 -0.9227
vn 0.1178 0.4586 -0.8808
vn -0.0257 0.7300 -0.6830
vn 0.1749 0.8009 -0.5727
vn 0.2469 0.4961 -0.8324
vn 0.3352 0.5956 -0.7300
vn 0.3489 0.8554 -0.3829
vn 0.3748 0.8336 -0.4058
vn 0.3951 0.7903 -0.4684
vn 0.4633 0.8525 -0.2421
vn 0.5196 0.8015 -0.2959
vn 0.6488 0.7280 -0.2216
vn 0.5388 0.8228 -0.1808
vn 0.4072 0.8694 -0.2800
vn 0.3882 0.7222 -0.5725
vn 0.3263 0.9286 -0.1766
vn 0.2594 0.9643 0.0536
vn 0.4034 0.9049 -0.1356
vn 0.3144 0.9472 0.0630
vn 0.4016 0.9146 -0.0475
vn 0.4178 0.9059 -0.0695
vn 0.3508 0.9349 0.0533
vn 0.3564 0.9337 0.0347
vn 0.3187 0.9370 0.1428
vn 0.2590 0.9597 0.1090
vn 0.3373 0.9413 -0.0142
vn 0.3394 0.9351 0.1019
vn 0.3089 0.9490 0.0636
vn 0.3156 0.9422 0.1126
vn 0.2874 0.9530 0.0954
vn 0.2435 0.9665 0.0809
vn 0.2812 0.9590 -0.0359
vn 0.3540 0.9343 -0.0410
vn 0.1063 0.9662 -0.2350
vn -0.0991 0.8730 -0.4776
vn 0.1068 0.7754 -0.6223
vn 0.2670 0.9502 -0.1607
vn -0.1022 0.7450 -0.6592
vn 0.0123 0.6078 -0.7940
vn 0.0248 0.5889 -0.8078
vn 0.0812 0.6282 -0.7738
vn -0.1333 0.4462 -0.8850
vn -0.0005 0.5367 -0.8438
vn -0.1950 0.6800 -0.7068
vn -0.5838 0.6344 -0.5066
vn -0.2563 0.2162 -0.9421
vn -0.6743 0.2777 -0.6843
vn -0.2919 0.7229 -0.6263
vn -0.0624 0.6535 -0.7543
vn -0.5458 0.7116 -0.4423
vn -0.5091 0.7645 -0.3954
vn -0.3347 0.7701 -0.5430
vn -0.1750 0.7433 -0.6456
vn -0.0560 0.7483 -0.6610
vn 0.1367 0.5815 -0.8020
vn 0.3044 0.6188 -0.7241
vn 0.1971 0.7141 -0.6718
vn -0.2847 0.8166 -0.5021
vn -0.4763 0.8065 -0.3503
vn -0.4494 0.8357 -0.3156
vn -0.2104 0.8406 -0.4991
vn 0.7018 0.4381 -0.5618
vn 0.6026 0.6698 -0.4340
vn 0.8669 0.4443 -0.2258
vn 0.5584 0.8207 -0.1212
vn -0.4530 0.8356 -0.3106
vn -0.1896 0.8449 -0.5002
vn -0.1953 0.8120 -0.5500
vn -0.5281 0.7660 -0.3665
vn 0.3771 0.7259 -0.5752
vn 0.2696 0.7320 -0.6257
vn -0.1722 0.7384 -0.6520
vn 0.4790 0.7730 -0.4160
vn -0.4662 0.7028 -0.5373
vn -0.0684 0.9558 -0.2859
vn -0.0032 0.9241 0.3822
vn 0.9492 0.3144 -0.0096
vn 0.9514 0.2055 -0.2292
vn 0.5535 0.4617 0.6931
vn 0.6681 -0.0448 0.7427
vn 0.9609 -0.0908 0.2615
vn 0.9916 0.0787 0.1026
vn 0.8468 0.2958 -0.4421
vn 0.9672 0.2078 -0.1461
vn 0.8648 -0.1911 0.4643
vn 0.9181 0.0902 0.3859
vn 0.8916 0.1026 0.4410
vn 0.7778 -0.2359 0.5826
vn 0.6720 -0.0545 0.7386
vn 0.3001 0.8204 0.4868
vn 0.6280 0.7628 0.1539
vn 0.1509 0.9448 -0.2908
vn -0.1762 0.9842 -0.0145
vn 0.3720 0.8383 -0.3987
vn 0.7444 0.6672 -0.0283
vn 0.8103 0.3747 0.4506
vn 0.6767 0.4713 0.5656
vn 0.5658 0.8138 0.1324
vn 0.6706 0.7415 0.0236
vn 0.4238 0.7280 0.5388
vn 0.4276 0.6913 0.5825
vn 0.3657 0.7653 -0.5296
vn 0.2390 0.7288 -0.6417
vn 0.2438 0.9399 -0.2389
vn 0.4838 0.8713 0.0822
vn 0.1275 0.8441 -0.5207
vn 0.2656 0.7114 -0.6507
vn -0.2989 0.9450 -0.1330
vn 0.0349 0.9723 0.2310
vn 0.9168 0.3909 0.0818
vn 0.7537 0.6516 0.0852
vn 0.5165 0.6805 -0.5198
vn 0.7627 0.4805 -0.4330
vn 0.8133 0.5816 -0.0147
vn 0.8386 0.4229 -0.3434
vn 0.2405 0.6860 -0.6867
vn 0.3197 0.6702 -0.6698
vn 0.2530 0.6900 -0.6782
vn 0.2631 0.6820 -0.6824
vn 0.5320 0.4372 -0.7252
vn 0.6554 0.4246 -0.6246
vn 0.7597 0.3121 -0.5704
vn 0.6492 0.3101 -0.6945
vn 0.1224 0.7872 -0.6044
vn 0.1265 0.8122 -0.5694
vn 0.2802 0.6896 -0.6678
vn 0.2804 0.6702 -0.6872
vn -0.3570 0.9130 -0.1974
vn -0.3864 0.8934 -0.2293
vn 0.2402 0.6992 -0.6734
vn 0.2491 0.6964 -0.6731
vn 0.3166 0.6695 -0.6720
vn 0.2726 0.6818 -0.6789
vn 0.2758 0.6776 -0.6817
vn 0.2704 0.6763 -0.6852
vn 0.3181 0.6972 -0.6424
vn 0.1610 0.8177 -0.5526
vn 0.1277 0.7860 -0.6048
vn 0.2876 0.6736 -0.6809
vn -0.3764 0.8976 -0.2294
vn -0.3096 0.9320 -0.1886
vn 0.4174 0.4892 -0.7658
vn 0.4252 0.4549 -0.7825
vn 0.4981 0.4273 -0.7545
vn 0.4488 0.6611 -0.6013
vn 0.1791 0.8707 -0.4580
vn -0.2605 0.9583 -0.1173
vn 0.3706 0.7393 -0.5622
vn 0.4265 0.9045 -0.0013
vn 0.4407 0.8950 -0.0692
vn 0.6667 0.7326 -0.1372
vn 0.5531 0.7453 -0.3724
vn 0.3255 0.6723 -0.6649
vn 0.2544 0.6919 -0.6757
vn 0.2606 0.6723 -0.6929
vn 0.3215 0.6211 -0.7147
vn 0.4472 0.8431 -0.2986
vn 0.5110 0.6153 -0.6002
vn 0.4682 0.6422 -0.6069
vn 0.4195 0.6007 -0.6805
vn 0.7688 0.6151 -0.1751
vn 0.5010 0.7534 -0.4259
vn 0.4234 0.7082 -0.5650
vn 0.3378 0.6799 -0.6508
vn 0.2839 0.6743 -0.6817
vn -0.0213 -0.3785 -0.9254
vn 0.0029 0.1159 -0.9933
vn 0.1116 -0.0901 -0.9897
vn 0.1330 -0.3445 -0.9293
vn 0.0749 -0.8185 -0.5695
vn 0.0467 -0.6902 -0.7221
vn 0.1373 -0.6782 -0.7219
vn 0.0831 -0.8195 -0.5670
vn 0.4847 -0.5062 -0.7133
vn 0.4326 -0.4820 -0.7619
vn 0.5473 -0.5222 -0.6541
vn 0.4840 -0.5837 -0.6520
vn 0.2817 -0.6374 -0.7172
vn 0.1686 -0.3996 -0.9011
vn -0.1468 -0.2488 -0.9574
vn -0.0033 -0.6033 -0.7975
vn -0.3395 -0.4472 -0.8275
vn -0.3601 -0.0418 -0.9320
vn -0.4336 0.0467 -0.8999
vn -0.6169 -0.3319 -0.7137
vn -0.6881 0.0103 -0.7255
vn -0.4788 0.1605 -0.8631
vn 0.2786 -0.5382 -0.7954
vn 0.3548 -0.3337 -0.8734
vn 0.3129 -0.7799 -0.5421
vn 0.4199 -0.6322 -0.6512
vn 0.1190 -0.8936 -0.4328
vn 0.2070 -0.7974 -0.5668
vn 0.1917 -0.9074 -0.3740
vn 0.1017 -0.9440 -0.3138
vn 0.3079 -0.8069 -0.5040
vn 0.2208 -0.9490 -0.2249
vn 0.1757 -0.8716 -0.4576
vn 0.2468 -0.9080 -0.3387
vn 0.0183 -0.9861 -0.1651
vn -0.3313 -0.8005 -0.4994
vn -0.1158 -0.8514 -0.5116
vn 0.1079 -0.9775 -0.1814
vn 0.0491 -0.9056 -0.4213
vn 0.0170 -0.9048 -0.4255
vn 0.0048 -0.9369 -0.3497
vn 0.0290 -0.9416 -0.3354
vn -0.0019 -0.9220 -0.3872
vn -0.0492 -0.9391 -0.3401
vn 0.0463 -0.9609 -0.2729
vn 0.0297 -0.9443 -0.3278
vn -0.1011 -0.9856 -0.1357
vn -0.1038 -0.9605 -0.2581
vn 0.0559 -0.9852 -0.1622
vn 0.0422 -0.9968 -0.0681
vn 0.0139 -0.9934 0.1140
vn 0.0155 -0.9953 0.0956
vn 0.0785 -0.9870 0.1403
vn 0.0196 -0.9931 0.1160
vn 0.0870 -0.9883 0.1253
vn -0.0077 -0.9977 0.0673
vn -0.1002 -0.9944 0.0345
vn -0.0152 -0.9946 0.1023
vn -0.2957 -0.9448 -0.1410
vn -0.1251 -0.9921 0.0059
vn -0.3912 -0.7368 -0.5515
vn -0.2805 -0.8442 -0.4567
vn -0.2964 -0.9221 -0.2489
vn -0.4357 -0.8172 -0.3773
vn -0.0320 -0.9752 -0.2192
vn -0.0505 -0.9968 -0.0627
vn -0.2533 -0.9639 -0.0824
vn -0.3202 -0.9294 -0.1833
vn -0.4543 -0.8162 -0.3569
vn -0.4267 -0.8613 -0.2758
vn -0.4824 -0.7324 -0.4805
vn -0.4905 -0.7434 -0.4546
vn -0.4151 -0.7088 -0.5703
vn -0.4214 -0.7005 -0.5760
vn -0.2621 -0.9307 -0.2551
vn -0.2365 -0.9037 -0.3570
vn -0.3869 -0.8008 -0.4572
vn -0.4180 -0.8158 -0.3998
vn -0.4649 -0.7343 -0.4947
vn -0.4518 -0.7224 -0.5235
vn -0.4663 -0.6388 -0.6119
vn -0.4330 -0.6863 -0.5844
vn -0.3563 -0.7384 -0.5726
vn -0.5049 -0.2623 -0.8224
vn -0.6724 -0.3154 -0.6696
vn -0.4525 -0.6916 -0.5629
vn -0.0707 -0.9974 -0.0101
vn -0.0799 -0.9953 -0.0553
vn 0.0223 -0.9996 -0.0182
vn 0.0309 -0.9990 0.0309
vn -0.0512 -0.9983 0.0274
vn 0.0592 -0.9948 0.0827
vn 0.1187 -0.9913 0.0565
vn 0.1669 -0.9859 -0.0123
vn 0.2363 -0.9695 0.0645
vn 0.1884 -0.9775 0.0950
vn 0.0322 -0.9877 -0.1533
vn 0.1044 -0.9627 -0.2495
vn 0.1665 -0.9789 -0.1185
vn 0.1432 -0.9890 -0.0373
vn 0.1543 -0.9868 -0.0484
vn 0.1679 -0.9857 -0.0108
vn 0.1470 -0.9889 0.0225
vn 0.1250 -0.9918 -0.0250
vn 0.1597 -0.9870 -0.0195
vn 0.1936 -0.9809 0.0181
vn 0.1842 -0.9800 0.0756
vn 0.2349 -0.9699 0.0640
vn -0.0335 -0.9365 -0.3490
vn 0.0005 -0.9535 -0.3015
vn -0.0268 -0.9623 -0.2705
vn -0.1093 -0.9491 -0.2954
vn 0.0820 -0.9737 -0.2127
vn 0.0904 -0.9620 -0.2578
vn 0.1665 -0.9530 -0.2531
vn 0.1665 -0.9675 -0.1903
vn 0.1371 -0.9813 -0.1349
vn 0.0847 -0.9816 -0.1714
vn 0.0478 -0.9892 -0.1387
vn 0.0893 -0.9914 -0.0952
vn 0.0215 -0.9778 -0.2085
vn -0.0388 -0.9730 -0.2275
vn 0.0217 -0.9416 -0.3360
vn -0.0755 -0.9622 -0.2618
vn -0.0767 0.8918 0.4459
vn -0.1928 0.9026 0.3850
vn -0.1010 0.9898 0.1004
vn -0.0011 0.9927 0.1202
vn -0.1176 0.9923 0.0394
vn -0.1929 0.9002 0.3905
vn -0.0593 0.9979 0.0243
vn -0.1462 0.8995 0.4117
vn -0.1186 0.9027 0.4135
vn -0.0133 0.9982 0.0577
vn 0.0075 0.9940 0.1087
vn -0.1223 0.9061 0.4050
vn -0.1207 0.9150 0.3849
vn 0.0065 0.9907 0.1356
vn -0.0626 0.9914 0.1147
vn -0.2055 0.9142 0.3492
vn -0.1504 0.9791 0.1368
vn -0.2944 0.9118 0.2863
vn 0.2499 0.8712 0.4225
vn 0.1110 0.8756 0.4702
vn 0.0146 0.9959 0.0894
vn -0.0566 0.9904 0.1261
vn 0.4243 0.7003 0.5741
vn -0.1033 0.4592 0.8823
vn 0.0089 0.6338 0.7734
vn 0.3957 0.7230 0.5663
vn -0.2081 0.6351 0.7439
vn -0.2658 0.4000 0.8771
vn -0.2706 0.3881 0.8810
vn -0.2587 0.6385 0.7249
vn -0.2425 0.6122 0.7526
vn -0.2936 0.4540 0.8412
vn -0.2765 0.6169 0.7369
vn -0.2231 0.6732 0.7050
vn -0.2186 0.6343 0.7415
vn -0.2752 0.5390 0.7961
vn -0.3433 0.7314 0.5893
vn -0.2888 0.7456 0.6005
vn -0.2549 0.7116 0.6547
vn -0.2845 0.6921 0.6634
vn -0.3989 0.8643 0.3064
vn -0.3347 0.7993 0.4991
vn -0.3618 0.8178 0.4475
vn -0.4043 0.8848 0.2318
vn 0.1291 0.9410 0.3127
vn -0.2248 0.6035 0.7650
vn -0.2936 0.7304 0.6166
vn -0.0459 0.9886 0.1434
vn -0.2242 0.9357 0.2723
vn -0.2945 0.7702 0.5658
vn -0.2898 0.7375 0.6100
vn -0.2129 0.9419 0.2597
vn -0.1475 0.9885 0.0332
vn -0.1593 0.9829 0.0920
vn -0.1595 0.9830 0.0912
vn -0.1349 0.9899 0.0439
vn -0.2314 0.9555 0.1829
vn -0.2962 0.8620 0.4113
vn -0.2883 0.8089 0.5125
vn -0.2299 0.9363 0.2654
vn -0.1862 0.9825 -0.0109
vn -0.1722 0.9850 0.0111
vn -0.1501 0.9860 0.0725
vn -0.1508 0.9881 0.0288
vn -0.2265 0.9713 0.0733
vn -0.3081 0.9128 0.2680
vn -0.3001 0.9471 0.1135
vn -0.2012 0.9795 0.0092
vn -0.1432 0.9895 -0.0179
vn -0.1757 0.9831 -0.0522
vn -0.2087 0.9774 -0.0341
vn -0.1494 0.9884 0.0282
vn -0.0709 0.9915 0.1088
vn -0.1070 0.9885 0.1064
vn -0.1218 0.9781 0.1685
vn -0.0480 0.9902 0.1314
vn -0.1661 0.9738 0.1555
vn -0.1662 0.9817 0.0926
vn -0.2517 0.9606 0.1178
vn -0.3272 0.9284 0.1760
vn -0.2236 0.9580 0.1797
vn -0.2679 0.9396 0.2129
vn -0.0561 0.9908 0.1233
vn -0.1653 0.9654 0.2017
vn -0.2092 0.9537 0.2160
vn -0.0842 0.9917 0.0968
vn -0.2946 0.9255 0.2379
vn -0.3345 0.9181 0.2124
vn -0.3111 0.9240 0.2223
vn -0.3639 0.9088 0.2042
vn -0.2021 0.9677 0.1508
vn -0.2717 0.9589 0.0817
vn -0.1413 0.9892 0.0389
vn -0.2716 0.9412 0.2008
vn -0.3781 0.9149 0.1413
vn -0.2472 0.9659 -0.0764
vn -0.3687 0.9279 -0.0556
vn -0.4793 0.8726 0.0938
vn -0.5278 0.8492 -0.0151
vn -0.3946 0.8923 -0.2191
vn -0.4321 0.8522 -0.2952
vn -0.5681 0.8204 -0.0654
vn -0.4992 0.8660 0.0303
vn -0.3651 0.9061 -0.2137
vn -0.3591 0.8787 -0.3146
vn -0.5482 0.8328 -0.0762
vn -0.6348 0.7385 -0.2271
vn -0.3719 0.7847 -0.4960
vn -0.5023 0.3671 -0.7829
vn -0.7818 0.3154 -0.5379
vn -0.5850 0.7998 -0.1343
vn -0.4625 0.8218 -0.3328
vn -0.5831 0.6458 -0.4929
vn -0.6802 0.6696 -0.2983
vn -0.4838 -0.6567 -0.5785
vn -0.6400 -0.4064 -0.6521
vn -0.5919 -0.3989 -0.7004
vn -0.5079 -0.5728 -0.6434
vn -0.7943 0.1772 -0.5811
vn -0.6938 0.1093 -0.7118
vn 0.8157 0.5772 -0.0389
vn 0.7692 0.2053 -0.6051
vn 0.8706 -0.1089 -0.4799
vn 0.9804 0.0786 -0.1807
vn 0.9917 0.1278 0.0167
vn 0.8740 -0.0835 -0.4786
vn 0.4959 -0.0410 -0.8674
vn 0.6301 -0.0725 -0.7731
vn 0.5811 0.0417 -0.8128
vn 0.5147 0.0976 -0.8518
vn 0.6046 -0.0434 -0.7954
vn 0.5244 -0.0535 -0.8498
vn 0.5606 0.0805 -0.8242
vn 0.6034 0.0808 -0.7934
vn 0.6949 0.0855 -0.7140
vn 0.6591 0.0107 -0.7520
vn 0.6289 0.1023 -0.7707
vn 0.6619 0.1247 -0.7391
vn 0.1966 0.9008 0.3871
vn 0.1770 0.6569 0.7329
vn -0.0438 0.3226 0.9455
vn 0.0927 0.6299 0.7712
vn 0.0441 0.2970 0.9539
vn -0.1741 0.0781 0.9816
vn -0.2132 -0.1583 0.9641
vn -0.0422 -0.0888 0.9952
vn 0.9111 0.2694 0.3120
vn 0.9056 -0.0939 -0.4136
vn 0.9187 -0.2863 -0.2719
vn 0.6793 0.2736 0.6810
vn 0.5476 0.1211 -0.8279
vn 0.5283 0.1928 -0.8269
vn 0.5057 0.1263 -0.8534
vn 0.4829 0.0462 -0.8744
vn 0.5697 0.1613 -0.8059
vn 0.6000 0.1585 -0.7841
vn 0.5694 0.1043 -0.8154
vn 0.6140 0.0550 -0.7874
vn 0.6600 0.0905 -0.7458
vn 0.6367 0.1179 -0.7620
vn 0.6560 -0.0594 -0.7524
vn 0.6529 -0.0319 -0.7568
vn 0.3654 -0.4005 -0.8403
vn 0.5086 -0.4290 -0.7466
vn 0.5756 -0.2411 -0.7814
vn 0.5024 -0.1565 -0.8504
vn 0.6134 -0.2651 -0.7439
vn 0.5372 -0.4201 -0.7313
vn 0.6543 -0.0281 -0.7557
vn 0.6258 0.0780 -0.7761
vn 0.5166 -0.4289 -0.7411
vn 0.6144 -0.2578 -0.7457
vn 0.5766 -0.2040 -0.7912
vn 0.4975 -0.4141 -0.7622
vn 0.5276 -0.1352 -0.8387
vn 0.4414 -0.0883 -0.8930
vn 0.4792 -0.3413 -0.8086
vn 0.3856 -0.2679 -0.8829
vn -0.1341 -0.7623 0.6332
vn 0.1031 -0.9642 0.2443
vn 0.0920 -0.9679 0.2338
vn -0.0998 -0.7363 0.6692
vn -0.2206 -0.4417 0.8696
vn -0.1613 -0.4966 0.8529
vn 0.0901 -0.8553 0.5103
vn 0.2329 -0.9678 0.0960
vn -0.1646 -0.2980 0.9403
vn 0.1136 -0.2200 0.9689
vn 0.5828 -0.8115 0.0421
vn 0.0638 -0.6304 0.7736
vn 0.3938 0.0369 0.9185
vn 0.8608 -0.5025 -0.0808
vn 0.4059 -0.2935 -0.8655
vn 0.4310 -0.0956 -0.8973
vn 0.3576 -0.8490 0.3889
vn 0.1624 -0.7812 0.6028
vn 0.2716 -0.8204 0.5031
vn 0.2387 -0.8177 0.5239
vn 0.4534 0.4277 0.7820
vn 0.6479 0.6102 0.4559
vn 0.8568 -0.0326 0.5147
vn 0.4135 -0.2115 0.8856
vn 0.5579 -0.6852 0.4682
vn 0.2812 -0.6626 0.6942
vn 0.1207 0.0074 0.9927
vn -0.2725 -0.4175 0.8668
vn -0.0646 -0.3071 0.9495
vn -0.3532 -0.5240 0.7750
vn -0.5151 -0.6948 0.5019
vn -0.4854 -0.6905 0.5363
vn -0.4813 -0.8761 -0.0296
vn -0.5077 -0.8608 0.0367
vn -0.3146 -0.8421 -0.4380
vn -0.3822 -0.8508 -0.3606
vn -0.3084 -0.8871 -0.3434
vn -0.3984 -0.9072 -0.1352
vn -0.2484 -0.9063 -0.3420
vn -0.3079 -0.9286 -0.2070
vn -0.1799 -0.9221 -0.3426
vn -0.2344 -0.9495 -0.2084
vn -0.2054 -0.9555 -0.2118
vn -0.1381 -0.9089 -0.3935
vn -0.0911 -0.8819 -0.4625
vn -0.1078 -0.7150 -0.6908
vn -0.1569 -0.9630 -0.2193
vn -0.0665 -0.9712 -0.2289
vn -0.0029 -0.8460 -0.5332
vn 0.0323 -0.9670 -0.2526
vn 0.1051 -0.8176 -0.5662
vn 0.2335 -0.8081 -0.5408
vn 0.1213 -0.9544 -0.2728
vn 0.1498 -0.9489 -0.2779
vn 0.3099 -0.8165 -0.4872
vn 0.2881 -0.8624 -0.4163
vn 0.1028 -0.9583 -0.2666
vn -0.0212 -0.9702 -0.2412
vn 0.1845 -0.9337 -0.3068
vn -0.1390 -0.9844 -0.1074
vn 0.0714 -0.9915 -0.1091
vn 0.4197 -0.6379 -0.6457
vn 0.3378 -0.9345 0.1123
vn 0.3685 -0.9296 0.0096
vn 0.4241 -0.7426 -0.5184
vn 0.2594 -0.3600 -0.8962
vn 0.2653 -0.3632 -0.8931
vn 0.2866 -0.4319 -0.8552
vn 0.3240 -0.3508 -0.8786
vn 0.5300 -0.5383 -0.6552
vn 0.4388 -0.4686 -0.7667
vn 0.4486 -0.4328 -0.7820
vn 0.4678 -0.5099 -0.7219
vn 0.4242 -0.6231 -0.6571
vn 0.4855 -0.5836 -0.6509
vn 0.4438 -0.5432 -0.7127
vn 0.4430 -0.5602 -0.7000
vn 0.3606 -0.5329 -0.7655
vn 0.4617 -0.5697 -0.6799
vn 0.3404 -0.6083 -0.7170
vn 0.3842 -0.6460 -0.6595
vn 0.2903 -0.7956 0.5318
vn 0.5264 -0.8361 -0.1543
vn 0.4118 -0.8856 0.2150
vn 0.1009 -0.6437 0.7586
vn -0.1435 -0.5864 0.7972
vn -0.3058 -0.6597 0.6865
vn 0.3285 -0.8585 0.3937
vn 0.1663 -0.9187 0.3582
vn -0.0533 -0.9810 0.1866
vn -0.4246 -0.7567 0.4971
vn -0.4796 -0.8208 0.3103
vn -0.1892 -0.9787 0.0796
vn -0.2402 -0.9702 0.0317
vn -0.4483 -0.8756 0.1800
vn -0.3988 -0.9132 0.0838
vn -0.2882 -0.9575 -0.0084
vn -0.2582 -0.9658 -0.0242
vn -0.3820 -0.9230 0.0462
vn -0.3074 -0.9514 0.0200
vn -0.1251 -0.9921 -0.0048
vn 0.0979 -0.9918 -0.0822
vn -0.0873 -0.9957 -0.0314
vn -0.2196 -0.9752 -0.0284
vn -0.0136 -0.9993 -0.0358
vn 0.1892 -0.9741 -0.1239
vn 0.1092 -0.9920 -0.0638
vn 0.0358 -0.9987 -0.0349
vn 0.1733 -0.9782 -0.1145
vn 0.0869 -0.9788 -0.1853
vn 0.0620 -0.9830 -0.1726
vn 0.1093 -0.9862 -0.1242
vn 0.1497 -0.9789 -0.1394
vn -0.1095 -0.9390 -0.3260
vn -0.1786 -0.9250 -0.3353
vn -0.0421 -0.9629 -0.2666
vn 0.0075 -0.9732 -0.2297
vn -0.0487 -0.9687 -0.2433
vn 0.0055 -0.9644 -0.2644
vn 0.1079 -0.9702 -0.2170
vn 0.0340 -0.9869 -0.1575
vn -0.1638 -0.9168 -0.3643
vn -0.1836 -0.9108 -0.3699
vn 0.3546 -0.8279 -0.4346
vn 0.2705 -0.8958 -0.3528
vn 0.3113 -0.8791 -0.3610
vn 0.3001 -0.8901 -0.3431
vn 0.2273 -0.9263 -0.3005
vn 0.0124 -0.9853 -0.1705
vn 0.1814 -0.9606 -0.2104
vn 0.0388 -0.9878 -0.1510
vn 0.2517 -0.8774 -0.4084
vn 0.3200 -0.8593 -0.3991
vn 0.2699 -0.9022 -0.3365
vn 0.1734 -0.9173 -0.3585
vn 0.2439 -0.9403 -0.2376
vn 0.1729 -0.9592 -0.2236
vn 0.0778 -0.9932 -0.0871
vn 0.0895 -0.9930 -0.0772
vn 0.0497 -0.8876 -0.4579
vn 0.1344 -0.8837 -0.4484
vn 0.0263 -0.9184 -0.3947
vn -0.0322 -0.9163 -0.3992
vn 0.0473 -0.9578 -0.2835
vn -0.0413 -0.9372 -0.3464
vn -0.1132 -0.9493 -0.2933
vn -0.0234 -0.9797 -0.1992
vn 0.1477 -0.8930 -0.4251
vn 0.0647 -0.8923 -0.4468
vn 0.0396 -0.9246 -0.3788
vn 0.1654 -0.9213 -0.3519
vn 0.0290 -0.9179 -0.3958
vn -0.0440 -0.9203 -0.3888
vn -0.1532 -0.9323 -0.3277
vn -0.1343 -0.9438 -0.3020
vn 0.3335 -0.8957 -0.2941
vn 0.5757 -0.7914 -0.2053
vn 0.4428 -0.8153 -0.3732
vn 0.2797 -0.8773 -0.3900
vn 0.2394 -0.8668 -0.4375
vn 0.1356 -0.9089 -0.3944
vn -0.0993 -0.9588 -0.2663
vn -0.0919 -0.9606 -0.2623
vn 0.7444 -0.6382 -0.1966
vn 0.7620 -0.5329 -0.3680
vn 0.6917 -0.4720 -0.5466
vn 0.5960 -0.6643 -0.4512
vn 0.3883 -0.7326 -0.5590
vn -0.0999 -0.9601 -0.2613
vn 0.2928 -0.8093 -0.5093
vn -0.1078 -0.9568 -0.2699
vn 0.5540 -0.3251 -0.7664
vn 0.6516 -0.3453 -0.6754
vn 0.6652 -0.4290 -0.6111
vn 0.4836 -0.3383 -0.8073
vn 0.4520 -0.6407 -0.6206
vn 0.4409 -0.6433 -0.6259
vn -0.0337 -0.9781 -0.2055
vn -0.0745 -0.9689 -0.2359
vn 0.3270 -0.3126 -0.8918
vn 0.2633 -0.4012 -0.8773
vn 0.2642 -0.5655 -0.7813
vn 0.3855 -0.4370 -0.8126
vn 0.3137 -0.7326 -0.6041
vn 0.1636 -0.8003 -0.5768
vn -0.0755 -0.9572 -0.2794
vn -0.0110 -0.9708 -0.2397
vn 0.3375 -0.5214 -0.7838
vn 0.4777 -0.5608 -0.6763
vn 0.2861 -0.6778 -0.6773
vn 0.2285 -0.6530 -0.7221
vn 0.0755 -0.8255 -0.5593
vn 0.0591 -0.8250 -0.5621
vn -0.1968 -0.9130 -0.3574
vn -0.1540 -0.9337 -0.3233
vn 0.5504 -0.5295 -0.6455
vn 0.5545 -0.5162 -0.6527
vn 0.4691 -0.5679 -0.6763
vn 0.3763 -0.6375 -0.6723
vn 0.0895 -0.8093 -0.5805
vn 0.1382 -0.7923 -0.5943
vn -0.1783 -0.9195 -0.3503
vn -0.1999 -0.9101 -0.3630
vn 0.5067 -0.5411 -0.6712
vn 0.3922 -0.5568 -0.7322
vn 0.4915 -0.4029 -0.7720
vn 0.5444 -0.4927 -0.6789
vn 0.2171 -0.7477 -0.6275
vn 0.2787 -0.6047 -0.7461
vn -0.1858 -0.8541 -0.4858
vn -0.1560 -0.9171 -0.3669
vn 0.7242 0.1745 -0.6672
vn 0.6910 0.1107 -0.7143
vn 0.7054 0.2086 -0.6775
vn 0.7911 0.3079 -0.5286
vn 0.7468 0.4225 -0.5136
vn 0.7072 0.3084 -0.6362
vn 0.7252 0.3970 -0.5626
vn 0.6702 0.2533 -0.6976
vn 0.3182 0.8164 0.4820
vn 0.6048 0.7814 0.1539
vn 0.6282 0.7780 -0.0025
vn 0.2832 0.8486 0.4469
vn 0.7633 0.5494 -0.3400
vn 0.7894 0.5816 -0.1964
vn 0.6966 0.7065 0.1250
vn 0.5976 0.7218 0.3492
vn 0.6018 0.6007 0.5263
vn 0.6855 0.6396 0.3478
vn 0.3871 0.7034 0.5961
vn 0.4278 0.5676 0.7035
vn 0.5246 0.5461 0.6531
vn 0.4546 0.5215 0.7221
vn 0.5657 0.5917 0.5744
vn 0.7398 0.6594 -0.1339
vn 0.7682 0.5301 -0.3590
vn 0.8229 0.4867 -0.2933
vn 0.7336 0.6766 -0.0629
vn 0.7685 0.6077 -0.2002
vn 0.7546 0.5144 -0.4074
vn 0.7328 0.6805 0.0044
vn 0.7449 0.6668 -0.0226
vn 0.6920 0.7219 0.0034
vn 0.6983 0.7133 -0.0605
vn 0.6806 0.7324 0.0183
vn 0.6908 0.7193 -0.0732
vn 0.8003 0.5743 -0.1721
vn 0.7588 0.6461 -0.0819
vn 0.7235 0.6550 -0.2178
vn 0.7232 0.6289 -0.2853
vn 0.6892 0.6917 -0.2157
vn 0.6751 0.6659 -0.3175
vn 0.6830 0.6493 -0.3346
vn 0.7205 0.6564 -0.2238
vn 0.7053 0.7089 -0.0057
vn 0.6994 0.6846 -0.2052
vn 0.7820 0.6116 0.1202
vn 0.8263 0.5472 -0.1336
vn 0.7086 0.7043 -0.0427
vn 0.6952 0.6921 0.1940
vn 0.6482 0.6320 0.4249
vn 0.7114 0.6779 -0.1855
vn 0.6655 0.7424 0.0778
vn 0.7034 0.7082 -0.0608
vn 0.7581 0.5707 -0.3155
vn 0.3335 0.8035 0.4931
vn 0.3693 0.7580 0.5376
vn 0.6335 0.7489 -0.1943
vn 0.5653 0.8249 -0.0029
vn 0.6115 0.7850 0.0993
vn 0.7179 0.6918 -0.0775
vn 0.5980 0.7939 0.1102
vn 0.5751 0.8165 0.0512
vn 0.7266 0.6425 0.2433
vn 0.7136 0.6432 0.2776
vn 0.7896 0.5800 0.2006
vn 0.3168 0.8189 0.4786
vn 0.6855 0.7269 -0.0410
vn 0.7680 0.5193 -0.3748
vn 0.7610 0.4275 -0.4880
vn 0.7957 0.4231 -0.4335
vn 0.7392 0.5150 -0.4341
vn 0.7093 0.5514 -0.4392
vn 0.7650 0.4693 -0.4411
vn 0.8313 0.4429 -0.3357
vn 0.6917 0.6566 -0.3009
vn 0.6621 0.6610 -0.3532
vn 0.7705 0.5484 -0.3250
vn 0.8472 0.5101 -0.1485
vn 0.6863 0.6174 -0.3845
vn 0.6239 0.7720 -0.1218
vn 0.6458 0.7634 -0.0170
vn 0.6277 0.7319 -0.2650
vn 0.6457 0.6737 -0.3593
vn 0.7741 0.4090 -0.4832
vn 0.8095 0.3232 -0.4902
vn 0.7356 0.1927 -0.6494
vn 0.7623 0.2300 -0.6050
vn 0.8240 0.2607 0.5031
vn 0.6962 0.3960 0.5988
vn 0.5147 0.1406 0.8458
vn 0.7295 -0.1719 0.6620
vn 0.5938 0.4749 0.6495
vn 0.3165 0.3792 0.8695
vn 0.8979 0.0562 -0.4366
vn 0.7563 0.3127 -0.5747
vn 0.6590 -0.2796 -0.6982
vn 0.7484 -0.4647 -0.4732
vn 0.8406 0.4875 -0.2362
vn 0.6273 0.7081 -0.3243
vn 0.2238 -0.9207 -0.3198
vn 0.4446 -0.6868 -0.5750
vn 0.4668 -0.7595 -0.4531
vn 0.2839 -0.9265 -0.2470
vn 0.2074 -0.9511 -0.2291
vn 0.2773 -0.9428 -0.1849
vn 0.4965 -0.8390 -0.2227
vn 0.3243 -0.9428 -0.0772
vn 0.3442 -0.9378 0.0461
vn 0.5000 -0.8633 -0.0687
vn 0.3792 -0.9244 -0.0402
vn 0.3492 -0.9279 -0.1310
vn 0.4521 -0.8440 -0.2885
vn 0.4881 -0.8520 -0.1891
vn 0.5261 -0.8376 -0.1472
vn 0.5968 -0.7566 -0.2671
vn 0.4989 -0.8631 0.0782
vn 0.6175 -0.7862 -0.0244
vn 0.6477 -0.7469 0.1505
vn 0.5201 -0.7978 0.3049
vn 0.8560 -0.5120 0.0717
vn 0.8298 -0.5503 -0.0930
vn 0.6901 -0.6070 0.3941
vn 0.8584 -0.4104 0.3078
vn 0.5631 -0.6073 0.5604
vn 0.6133 -0.3151 0.7243
vn 0.4909 -0.2141 0.8445
vn 0.3834 0.1118 0.9168
vn 0.1755 0.4491 0.8761
vn 0.2575 0.2271 0.9392
vn 0.0206 0.4670 0.8840
vn -0.1780 0.5049 0.8446
vn -0.6146 0.2817 0.7368
vn -0.4267 0.2303 0.8746
vn -0.5493 -0.0294 0.8351
vn -0.7006 0.1646 0.6943
vn -0.1272 0.1295 0.9834
vn 0.1914 -0.1168 0.9745
vn -0.1401 -0.2686 0.9530
vn -0.3662 -0.1794 0.9131
vn 0.7462 0.4803 -0.4610
vn 0.7551 0.4579 -0.4691
vn 0.7583 0.3283 -0.5632
vn 0.7849 0.3550 -0.5078
vn 0.7975 0.5492 -0.2499
vn 0.7028 0.7110 -0.0228
vn 0.7518 0.5962 -0.2816
vn 0.6813 0.7309 -0.0403
vn 0.6611 0.7493 0.0396
vn 0.6118 0.7888 0.0589
vn 0.7042 0.6383 -0.3109
vn 0.6980 0.6882 -0.1977
vn 0.7386 0.5736 -0.3541
vn 0.7292 0.5692 -0.3798
vn 0.6070 0.7908 0.0782
vn 0.7606 0.6366 0.1275
vn 0.6325 0.7744 -0.0182
vn 0.7616 0.6469 -0.0388
vn 0.9887 0.1492 0.0141
vn 0.9957 0.0267 -0.0888
vn 0.8666 0.4930 -0.0775
vn 0.9581 0.1415 0.2490
vn 0.6886 0.6799 -0.2522
vn 0.8579 0.4625 -0.2237
vn 0.8194 0.5569 -0.1362
vn 0.8833 0.4528 -0.1216
vn 0.9443 0.2958 -0.1443
vn 0.9540 0.2343 -0.1872
vn 0.9843 0.0272 -0.1743
vn 0.9365 0.2545 -0.2411
vn 0.9315 0.1214 -0.3429
vn 0.8256 0.3988 -0.3992
vn 0.8546 0.4566 -0.2472
vn 0.9152 0.3791 -0.1365
vn 0.8807 0.4566 -0.1263
vn 0.8092 0.5454 -0.2185
vn 0.7581 0.5475 -0.3542
vn 0.7167 0.6334 -0.2916
vn 0.6748 0.7196 -0.1640
vn 0.7497 0.6460 -0.1439
vn 0.8357 0.5382 -0.1093
vn 0.4405 0.6172 -0.6520
vn 0.6389 0.2947 -0.7106
vn 0.6327 0.2826 -0.7210
vn 0.4715 0.5632 -0.6786
vn -0.3250 0.9230 -0.2061
vn 0.0861 0.8747 -0.4769
vn 0.1310 0.8111 -0.5700
vn -0.3055 0.8854 -0.3503
vn -0.7938 0.5569 0.2445
vn -0.6725 0.7400 0.0124
vn -0.6622 0.7275 0.1796
vn -0.7310 0.6060 0.3138
vn -0.7279 0.3863 0.5664
vn -0.7830 0.5411 0.3067
vn -0.7165 0.6170 0.3254
vn -0.6992 0.4259 0.5743
vn 0.3233 -0.7514 0.5752
vn 0.0568 -0.6478 0.7597
vn -0.0578 -0.4711 0.8802
vn 0.3433 -0.4829 0.8056
vn 0.4746 -0.8736 0.1078
vn 0.2697 -0.8247 0.4971
vn 0.3778 -0.8895 0.2571
vn 0.4927 -0.8685 -0.0538
vn -0.2996 -0.3383 0.8921
vn -0.5449 0.0361 0.8377
vn -0.5684 0.1210 0.8138
vn -0.3853 -0.1708 0.9068
vn -0.1157 -0.5264 0.8423
vn -0.2340 -0.3607 0.9029
vn -0.2624 -0.2456 0.9332
vn -0.5205 0.0451 0.8527
vn -0.5384 0.0294 0.8422
vn -0.3093 -0.2993 0.9026
vn 0.4182 -0.9083 -0.0100
vn 0.5154 -0.8447 -0.1447
vn 0.5292 -0.8440 -0.0871
vn 0.4329 -0.9012 0.0203
vn 0.0798 -0.7374 0.6707
vn -0.0521 -0.6217 0.7816
vn 0.3821 -0.8754 0.2962
vn 0.3168 -0.8334 0.4529
vn 0.3367 -0.7782 0.5301
vn -0.0547 -0.5518 0.8322
vn 0.4244 -0.7027 0.5711
vn 0.0085 -0.4776 0.8785
vn 0.3255 -0.9363 0.1319
vn 0.3579 -0.9245 0.1309
vn 0.5344 -0.8452 0.0095
vn 0.4670 -0.8808 0.0783
vn 0.5371 -0.8359 0.1132
vn 0.4965 -0.8554 0.1473
vn 0.5128 -0.8214 0.2497
vn 0.5593 -0.8042 0.2010
vn 0.6308 -0.7305 0.2618
vn 0.5888 -0.7315 0.3438
vn 0.7792 -0.4804 -0.4025
vn 0.7291 -0.5471 -0.4113
vn 0.7939 -0.3097 -0.5232
vn 0.8208 -0.3168 -0.4753
vn 0.7797 -0.0842 -0.6205
vn 0.8197 -0.1532 -0.5520
vn 0.6324 -0.6971 -0.3378
vn 0.6728 -0.6765 -0.2995
vn 0.5592 -0.8289 -0.0179
vn 0.3981 -0.9001 0.1769
vn 0.4373 -0.8676 0.2369
vn 0.6256 -0.7795 0.0322
vn 0.7266 -0.6815 0.0872
vn 0.5103 -0.8053 0.3017
vn 0.6484 -0.6756 0.3509
vn 0.8336 -0.5290 0.1586
vn 0.4607 0.5160 -0.7221
vn 0.6632 0.2565 -0.7031
vn 0.7963 0.0630 -0.6016
vn 0.7028 0.2983 -0.6458
vn 0.8296 -0.3916 -0.3980
vn 0.7335 -0.6287 -0.2584
vn 0.8025 -0.5554 -0.2179
vn 0.8859 -0.2879 -0.3638
vn 0.8710 -0.2328 -0.4326
vn 0.9118 -0.1021 -0.3977
vn 0.9360 -0.1880 -0.2975
vn 0.8856 -0.4416 -0.1441
vn 0.9443 -0.3256 -0.0486
vn 0.9619 -0.1386 -0.2355
vn 0.8023 0.2190 -0.5554
vn 0.9299 -0.0404 -0.3657
vn 0.9339 -0.0522 -0.3537
vn 0.8225 0.1222 -0.5554
vn -0.3148 0.7984 -0.5133
vn 0.1203 0.7057 -0.6982
vn 0.2365 0.6242 -0.7446
vn -0.2388 0.7897 -0.5651
vn -0.6487 0.7426 -0.1664
vn -0.8049 0.5655 0.1798
vn -0.7658 0.6293 0.1324
vn -0.5863 0.7796 -0.2201
vn -0.1353 0.7986 -0.5865
vn 0.3775 0.5561 -0.7404
vn 0.4386 0.4996 -0.7470
vn -0.0595 0.8032 -0.5927
vn -0.8138 0.4829 0.3233
vn -0.7338 0.3452 0.5851
vn -0.6994 0.3289 0.6346
vn -0.7953 0.4958 0.3489
vn -0.7095 0.6976 0.0994
vn -0.5055 0.8264 -0.2480
vn -0.6454 0.7586 0.0890
vn -0.4285 0.8640 -0.2643
vn -0.4806 0.0601 0.8749
vn -0.1889 -0.1862 0.9642
vn -0.1102 -0.1548 0.9818
vn -0.4165 0.0616 0.9070
vn -0.5625 0.3103 0.7663
vn -0.6996 0.5750 0.4243
vn -0.7586 0.5317 0.3766
vn -0.6392 0.3159 0.7011
vn 0.6272 -0.4953 0.6011
vn 0.2250 -0.3309 0.9165
vn 0.0982 -0.3773 0.9209
vn 0.5284 -0.5941 0.6065
vn 0.7882 -0.5421 0.2913
vn 0.7990 -0.5399 0.2648
vn 0.7248 -0.6320 0.2743
vn 0.7053 -0.6150 0.3527
vn -0.3491 0.0495 0.9358
vn -0.0399 -0.1503 0.9878
vn 0.0156 -0.1808 0.9834
vn -0.2944 0.0449 0.9546
vn 0.9034 -0.4003 0.1537
vn 0.7906 -0.5295 0.3075
vn 0.8694 -0.4531 0.1972
vn 0.9220 -0.3772 0.0875
vn 0.3882 -0.3353 0.8584
vn 0.7600 -0.4446 0.4741
vn 0.8598 -0.4495 0.2422
vn 0.5122 -0.4211 0.7485
vn 0.9068 -0.4169 0.0630
vn 0.8687 -0.4654 0.1698
vn 0.9650 -0.1733 -0.1967
vn 0.9607 -0.2775 -0.0100
vn 0.9469 -0.3202 -0.0284
vn 0.9521 -0.2596 -0.1613
vn 0.8559 0.0085 -0.5170
vn 0.9346 -0.1406 -0.3268
vn 0.9346 -0.2466 -0.2564
vn 0.9080 -0.1302 -0.3982
vn 0.9312 -0.3565 -0.0756
vn 0.9272 -0.3738 -0.0233
vn 0.9315 -0.2846 -0.2265
vn 0.9246 -0.3529 -0.1435
vn 0.8729 -0.4593 0.1647
vn 0.9023 -0.4195 0.0996
vn 0.5852 -0.4323 0.6860
vn 0.6406 -0.3999 0.6555
vn 0.1628 -0.1643 0.9729
vn 0.0909 -0.1818 0.9791
vn 0.9377 -0.3445 0.0452
vn 0.7255 -0.3150 0.6119
vn 0.9997 -0.0147 -0.0182
vn 0.8344 0.1281 0.5360
vn 0.3490 0.1099 0.9307
vn 0.2341 -0.1028 0.9668
vn -0.2287 0.0459 0.9724
vn -0.1501 0.0679 0.9863
vn -0.4816 0.3115 0.8192
vn -0.4035 0.3593 0.8415
vn -0.5572 0.6554 0.5098
vn -0.6332 0.6073 0.4798
vn -0.6034 0.7894 0.1127
vn -0.5675 0.8075 0.1606
vn 0.9213 -0.0226 -0.3881
vn 0.7634 0.2955 -0.5743
vn 0.3087 0.8064 -0.5044
vn 0.7785 0.4648 -0.4217
vn 0.0670 0.8116 -0.5804
vn 0.5601 0.4327 -0.7065
vn -0.3283 0.9331 -0.1469
vn -0.3615 0.8967 -0.2555
vn -0.4308 0.8375 0.3361
vn -0.3279 0.5051 0.7983
vn -0.1829 0.7321 0.6562
vn 0.0184 0.9997 0.0165
vn 0.5670 0.8021 0.1873
vn 0.1273 0.4869 0.8641
vn -0.0939 0.1792 0.9793
vn 0.0908 0.9948 0.0466
vn 0.4445 0.8799 -0.1677
vn 0.5054 0.8628 0.0116
vn 0.1403 0.9678 0.2090
vn 0.6449 0.6876 -0.3335
vn 0.6332 0.6668 -0.3930
vn 0.7234 0.5904 -0.3580
vn 0.7196 0.6102 -0.3314
vn 0.7003 0.7077 -0.0934
vn 0.6605 0.7451 -0.0925
vn -0.0611 0.9080 0.4146
vn 0.0770 0.9489 0.3062
vn 0.0301 0.9238 0.3817
vn -0.0964 0.8984 0.4284
vn 0.2107 0.8972 0.3881
vn 0.3252 0.8235 0.4648
vn 0.2657 0.7760 0.5720
vn 0.1686 0.8481 0.5024
vn 0.4297 0.8133 0.3923
vn 0.4525 0.8187 0.3535
vn -0.1634 0.9016 0.4005
vn -0.0838 0.9016 0.4244
vn -0.1952 0.8541 0.4822
vn -0.2226 0.9028 0.3679
vn 0.7384 0.5983 -0.3111
vn 0.7474 0.6088 -0.2659
vn 0.6477 0.7604 -0.0481
vn 0.6335 0.7698 -0.0785
vn 0.0441 0.8096 0.5853
vn 0.1672 0.7716 0.6137
vn 0.1033 0.7411 0.6634
vn -0.0810 0.7274 0.6814
vn 0.3699 0.8245 0.4282
vn 0.3793 0.8328 0.4033
vn -0.2969 0.7605 0.5775
vn -0.2623 0.9018 0.3433
vn -0.3187 0.5652 0.7609
vn -0.2624 0.8529 0.4514
vn 0.7367 0.6107 -0.2904
vn 0.7085 0.6125 -0.3506
vn 0.6534 0.7371 -0.1726
vn 0.6677 0.7404 -0.0773
vn 0.0788 0.6875 0.7219
vn -0.2058 0.5897 0.7810
vn -0.2396 0.4717 0.8486
vn 0.0570 0.7052 0.7067
vn 0.4068 0.8094 0.4236
vn 0.4149 0.8525 0.3181
vn -0.2758 0.7346 0.6200
vn -0.3105 0.6321 0.7100
vn -0.4192 0.4553 0.7855
vn -0.4998 0.4996 0.7076
vn -0.0142 0.8249 0.5650
vn -0.3394 0.5450 0.7666
vn -0.4027 0.6815 0.6111
vn -0.0532 0.9148 0.4004
vn -0.1877 0.7894 0.5845
vn 0.1205 0.6249 0.7713
vn -0.0050 0.6189 0.7854
vn -0.1954 0.6264 0.7546
vn -0.4667 0.6314 0.6193
vn -0.3147 0.5891 0.7442
vn -0.0185 0.9554 0.2946
vn -0.3377 0.8204 0.4615
vn -0.1345 0.9188 0.3712
vn 0.0479 0.9610 0.2722
vn 0.6899 0.6173 -0.3781
vn 0.7255 0.6101 -0.3184
vn 0.6129 0.7568 -0.2272
vn 0.6131 0.7491 -0.2509
vn 0.3627 0.9202 0.1474
vn 0.3279 0.9438 0.0409
vn 0.4666 0.5817 0.6663
vn 0.3243 0.7873 0.5244
vn 0.7109 0.6287 0.3151
vn 0.7680 0.5463 0.3343
vn 0.8829 0.4288 -0.1913
vn 0.8475 0.4290 -0.3126
vn 0.8763 0.4422 -0.1912
vn 0.8881 0.4483 -0.1017
vn 0.3020 0.9098 0.2849
vn 0.3836 0.9110 0.1515
vn 0.7076 0.7062 0.0234
vn 0.6694 0.7242 0.1657
vn 0.8801 0.4748 0.0025
vn 0.8599 0.5070 0.0599
vn 0.8344 0.5501 -0.0333
vn 0.8184 0.5670 0.0933
vn 0.8596 0.4836 -0.1651
vn 0.7922 0.5865 -0.1686
vn 0.6569 0.7467 -0.1049
vn 0.8627 0.4882 -0.1317
vn 0.3544 0.9339 0.0480
vn 0.1864 -0.4265 -0.8851
vn -0.1256 -0.5100 -0.8509
vn 0.0402 -0.8981 -0.4380
vn 0.1987 -0.8360 -0.5115
vn -0.1386 -0.9397 -0.3128
vn -0.4773 -0.6193 -0.6234
vn 0.3690 -0.5842 -0.7228
vn 0.4280 -0.7647 -0.4817
vn 0.3606 -0.9241 -0.1265
vn 0.3562 -0.8843 -0.3020
vn 0.2434 -0.9593 -0.1432
vn 0.2994 -0.9532 0.0424
vn 0.2730 -0.9566 0.1020
vn 0.1250 -0.9906 -0.0564
vn 0.4533 -0.8412 -0.2948
vn 0.4568 -0.8462 -0.2742
vn 0.3368 -0.9412 -0.0275
vn 0.2523 -0.9564 -0.1470
vn 0.3016 -0.7661 -0.5676
vn 0.1036 -0.9484 -0.2996
vn 0.0515 -0.9888 0.1400
vn 0.0287 -0.9983 -0.0517
vn 0.1737 -0.9848 -0.0022
vn 0.1579 -0.9873 -0.0144
vn 0.1410 -0.9895 -0.0321
vn 0.1446 -0.9882 -0.0507
vn 0.0283 -0.9943 0.1029
vn -0.0940 -0.9949 0.0354
vn -0.1169 -0.9453 -0.3044
vn -0.1827 -0.9311 -0.3156
vn 0.2507 -0.9643 0.0855
vn 0.2469 -0.9640 0.0991
vn -0.9271 0.3733 -0.0344
vn -0.8651 0.4849 0.1285
vn -0.9066 0.2933 0.3035
vn -0.9507 0.2219 0.2167
vn -0.5799 0.7371 0.3469
vn -0.6294 0.6818 0.3727
vn -0.6517 0.6180 0.4397
vn -0.8713 0.2067 0.4451
vn -0.8948 0.1526 0.4196
vn -0.7723 0.0343 0.6343
vn -0.8344 0.1162 0.5388
vn -0.7978 0.1430 0.5857
vn -0.6950 -0.0369 0.7181
vn -0.6468 0.4682 0.6020
vn -0.5902 0.3169 0.7424
vn -0.8151 -0.5620 -0.1405
vn -0.9859 -0.0789 -0.1475
vn -0.9820 -0.1025 0.1589
vn -0.8227 -0.5667 0.0456
vn -0.9306 -0.0899 0.3548
vn -0.8238 -0.5299 0.2014
vn -0.7536 -0.0429 0.6559
vn -0.8571 -0.0663 0.5108
vn -0.8131 -0.4205 0.4026
vn -0.7804 -0.3166 0.5392
vn -0.6421 -0.1567 0.7504
vn -0.7025 -0.3537 0.6175
vn -0.6284 0.1133 0.7696
vn -0.7337 -0.2240 0.6414
vn -0.4710 0.8182 0.3298
vn -0.0974 0.9264 0.3638
vn -0.0987 0.9218 0.3748
vn -0.2126 0.8643 0.4558
vn -0.3893 0.8050 0.4477
vn -0.1272 0.9192 0.3727
vn -0.0745 0.9338 0.3500
vn -0.1036 0.9032 0.4165
vn -0.1760 0.9225 0.3434
vn -0.2501 0.8841 0.3948
vn -0.1876 0.8745 0.4473
vn -0.2915 0.7852 0.5463
vn -0.3146 0.8056 0.5021
vn -0.3400 0.7174 0.6081
vn -0.3334 0.7137 0.6160
vn -0.3654 0.7185 0.5918
vn -0.4814 0.5894 0.6487
vn -0.6293 0.2217 0.7449
vn -0.3534 0.7335 0.5806
vn -0.3843 0.6461 0.6594
vn -0.5581 -0.8297 0.0122
vn -0.5521 -0.8338 -0.0042
vn -0.5908 -0.8056 0.0447
vn -0.5553 -0.8310 0.0323
vn -0.6787 -0.7277 0.0986
vn -0.6218 -0.7619 0.1812
vn -0.7035 -0.5577 0.4406
vn -0.7083 -0.6595 0.2518
vn -0.5537 -0.5042 0.6627
vn -0.6298 -0.6276 0.4577
vn -0.6726 0.0448 0.7386
vn -0.6926 -0.3982 0.6015
vn -0.5893 -0.2481 0.7689
vn -0.5732 -0.3830 0.7244
vn -0.5146 0.1728 0.8398
vn -0.5477 -0.1742 0.8183
vn -0.2952 0.6803 0.6709
vn -0.3991 0.2634 0.8783
vn -0.2204 0.7351 0.6411
vn -0.4109 -0.1428 0.9004
vn -0.1658 0.3232 0.9317
vn -0.1947 -0.1650 0.9669
vn -0.1110 0.7744 0.6229
vn -0.0884 0.8264 0.5562
vn -0.1076 0.3742 0.9211
vn -0.1177 -0.1989 0.9729
vn -0.4447 -0.4783 0.7573
vn -0.2562 -0.3181 0.9128
vn -0.3125 0.3328 0.8897
vn -0.6015 0.2119 0.7703
vn -0.2597 0.8499 0.4586
vn -0.4830 0.8069 0.3401
vn -0.1058 0.9597 0.2605
vn -0.2663 0.9248 0.2716
vn -0.0885 0.9271 0.3642
vn -0.0543 0.9316 0.3594
vn -0.4943 0.8247 0.2749
vn -0.4338 0.8309 0.3486
vn -0.0831 0.9192 0.3848
vn -0.3942 0.8172 0.4205
vn -0.1507 0.8967 0.4161
vn -0.2219 0.8259 0.5183
vn -0.4878 0.7328 0.4744
vn -0.5513 0.5837 0.5961
vn -0.3026 0.7114 0.6343
vn -0.3510 0.5962 0.7220
vn -0.5243 0.4700 0.7101
vn -0.4738 0.3956 0.7868
vn -0.4258 0.5378 0.7276
vn -0.4747 0.3607 0.8028
vn -0.5449 0.3362 0.7682
vn -0.4652 0.5386 0.7025
vn -0.4754 0.5907 0.6520
vn -0.6029 0.3021 0.7384
vn -0.6120 0.3412 0.7135
vn -0.3922 0.6457 0.6552
vn -0.3647 0.6916 0.6234
vn -0.3097 0.7289 0.6106
vn -0.6068 0.4120 0.6797
vn -0.5398 0.4905 0.6841
vn -0.2219 0.7768 0.5893
vn -0.2089 0.8281 0.5202
vn -0.4268 0.5958 0.6803
vn -0.3739 0.6672 0.6442
vn -0.3320 0.8585 0.3908
vn -0.4323 0.6661 0.6078
vn -0.4789 0.8263 0.2963
vn -0.5357 0.5903 0.6039
vn -0.8331 0.5106 0.2129
vn -0.8702 0.4263 0.2470
vn -0.9731 -0.2217 -0.0631
vn -0.9858 -0.1587 -0.0556
vn -0.9574 -0.2708 -0.1005
vn -0.9007 0.3516 0.2550
vn -0.9405 0.2393 0.2412
vn -0.9456 -0.2814 -0.1633
vn -0.9549 -0.2798 -0.0995
vn -0.9257 0.1390 0.3518
vn -0.6476 -0.6899 0.3235
vn -0.7166 -0.1414 0.6830
vn -0.8280 0.0242 0.5602
vn -0.9026 -0.3313 0.2748
vn -0.9179 -0.3779 0.1212
vn -0.6849 -0.7050 0.1841
vn -0.9220 -0.3497 -0.1663
vn -0.8218 -0.5658 -0.0680
vn -0.5187 -0.7139 0.4704
vn -0.6124 -0.1748 0.7710
vn -0.6186 -0.1792 0.7650
vn -0.5235 -0.7777 0.3480
vn -0.6553 -0.2008 0.7282
vn -0.7323 -0.1664 0.6603
vn -0.5573 -0.6527 0.5132
vn -0.6231 -0.6376 0.4530
vn -0.7675 -0.1100 0.6315
vn -0.7313 -0.0439 0.6806
vn -0.6446 -0.6512 0.4005
vn -0.5915 -0.6867 0.4226
vn -0.3629 -0.7199 0.5916
vn -0.5196 0.0667 0.8518
vn -0.6311 0.0248 0.7753
vn -0.4807 -0.7224 0.4970
vn -0.5451 -0.5726 0.6124
vn -0.5908 -0.4196 0.6891
vn -0.4771 -0.3242 0.8168
vn -0.4712 -0.6333 0.6139
vn -0.3907 -0.2712 0.8797
vn -0.3652 -0.7076 0.6049
vn -0.4878 -0.8696 0.0770
vn -0.4881 -0.8521 0.1890
vn -0.4075 -0.9039 0.1303
vn -0.4595 -0.8813 0.1100
vn -0.3134 -0.9463 0.0790
vn -0.4279 -0.8980 0.1023
vn -0.4132 -0.1894 0.8907
vn -0.3877 -0.7193 0.5764
vn -0.4999 -0.1136 0.8586
vn -0.5550 -0.6669 0.4973
vn -0.2787 -0.9603 0.0154
vn -0.4341 -0.8996 0.0484
vn -0.3147 -0.9489 -0.0216
vn -0.4155 -0.9083 0.0483
vn -0.5527 -0.7971 0.2431
vn -0.5515 -0.7994 0.2383
vn -0.5753 -0.7876 0.2205
vn -0.5452 -0.8037 0.2384
vn -0.5669 -0.7842 0.2522
vn -0.5213 -0.7944 0.3118
vn -0.5448 -0.1218 0.8297
vn -0.6463 -0.6184 0.4471
vn -0.4456 -0.2302 0.8651
vn -0.5357 -0.6943 0.4805
vn -0.3955 -0.9120 0.1087
vn -0.5722 -0.7715 0.2782
vn -0.5751 -0.7736 0.2661
vn -0.3985 -0.9141 0.0750
vn -0.5787 -0.7508 0.3184
vn -0.5936 -0.7372 0.3228
vn -0.3656 -0.9308 -0.0045
vn -0.3652 -0.9309 0.0081
vn -0.2442 -0.3674 0.8974
vn -0.2989 -0.8151 0.4962
vn -0.1441 -0.5034 0.8520
vn -0.1423 -0.9040 0.4031
vn -0.1967 -0.6866 0.6999
vn -0.0585 -0.9636 0.2608
vn -0.2585 -0.8009 0.5402
vn 0.0286 -0.9751 0.2201
vn -0.2506 -0.9670 0.0453
vn -0.3453 -0.9249 0.1590
vn -0.1246 -0.9897 0.0706
vn -0.3268 -0.9328 0.1517
vn -0.5503 -0.7798 0.2985
vn -0.5859 -0.7333 0.3450
vn -0.5623 -0.7704 0.3005
vn -0.6255 -0.7090 0.3256
vn -0.0358 -0.9966 0.0743
vn -0.3052 -0.9409 0.1470
vn 0.0757 -0.9931 0.0891
vn -0.2168 -0.9603 0.1756
vn -0.5583 -0.7720 0.3038
vn -0.6234 -0.7176 0.3106
vn -0.5132 -0.7997 0.3115
vn -0.5698 -0.7502 0.3354
vn 0.1156 -0.9924 0.0427
vn -0.1710 -0.9760 0.1349
vn 0.0165 -0.9852 0.1707
vn -0.1353 -0.9907 0.0158
vn 0.0356 -0.9956 -0.0868
vn -0.2074 -0.9781 0.0178
vn -0.5057 -0.8145 0.2843
vn -0.5884 -0.7340 0.3391
vn -0.5513 -0.8050 0.2193
vn -0.6614 -0.6863 0.3025
vn -0.5413 -0.8113 0.2210
vn -0.6381 -0.6914 0.3388
vn -0.2400 -0.9701 -0.0373
vn -0.2228 -0.9742 0.0363
vn -0.4991 -0.8148 0.2951
vn -0.5923 -0.7148 0.3719
vn -0.1943 -0.9710 0.1396
vn -0.4531 -0.8230 0.3427
vn -0.4835 -0.8164 0.3159
vn -0.2001 -0.9756 0.0904
vn -0.5632 -0.7397 0.3684
vn -0.5377 -0.7406 0.4030
vn -0.4125 -0.8413 0.3493
vn -0.5345 -0.7212 0.4406
vn -0.2040 -0.9602 0.1906
vn -0.1730 -0.9486 0.2652
vn -0.3086 -0.8588 0.4089
vn -0.4228 -0.7487 0.5106
vn -0.7126 -0.6717 -0.2026
vn -0.4413 -0.8937 0.0813
vn -0.1846 -0.9811 -0.0583
vn -0.4250 -0.8377 -0.3430
vn -0.1337 -0.9909 0.0183
vn -0.3324 -0.9381 0.0973
vn -0.2933 -0.9559 -0.0156
vn -0.1848 -0.9754 -0.1202
vn -0.2441 -0.9635 -0.1096
vn -0.3516 -0.9313 0.0950
vn -0.3981 -0.8848 0.2421
vn -0.2451 -0.9695 -0.0076
vn -0.2534 -0.9659 0.0528
vn -0.4416 -0.8589 0.2593
vn -0.4220 -0.8847 0.1978
vn -0.2330 -0.9720 0.0312
vn -0.1857 -0.9823 0.0231
vn -0.3321 -0.9284 0.1669
vn -0.3010 -0.9522 0.0527
vn -0.3433 -0.9302 0.1300
vn -0.6500 -0.6371 0.4143
vn -0.6167 -0.6948 0.3700
vn -0.6677 -0.5360 0.5166
vn -0.3926 -0.8887 0.2369
vn -0.8000 -0.4471 0.4002
vn -0.6251 -0.7305 0.2750
vn -0.5846 -0.7502 0.3088
vn -0.7613 -0.4729 0.4436
vn -0.4948 -0.7701 0.4027
vn -0.6702 -0.5385 0.5108
vn -0.6015 -0.7219 0.3422
vn -0.7907 -0.4746 0.3867
vn -0.5851 -0.7363 0.3398
vn -0.7114 -0.5419 0.4475
vn -0.5531 -0.7426 0.3775
vn -0.6326 -0.5820 0.5109
vn -0.6632 -0.6760 0.3213
vn -0.8167 -0.4320 0.3825
vn -0.6782 -0.6694 0.3032
vn -0.8479 -0.3912 0.3579
vn -0.5762 -0.7290 0.3694
vn -0.7092 -0.5018 0.4953
vn -0.5896 -0.7034 0.3971
vn -0.6824 -0.5021 0.5313
vn -0.7011 -0.6144 0.3618
vn -0.7887 -0.3863 0.4783
vn -0.6802 -0.6054 0.4133
vn -0.7705 -0.3697 0.5192
vn -0.6752 -0.6184 0.4020
vn -0.7923 -0.3346 0.5102
vn -0.6272 -0.6283 0.4603
vn -0.7186 -0.3377 0.6079
vn -0.6493 -0.5599 0.5147
vn -0.7440 -0.2812 0.6061
vn -0.6777 -0.4734 0.5626
vn -0.7465 -0.2250 0.6262
vn -0.5950 -0.4966 0.6320
vn -0.7127 -0.2403 0.6590
vn -0.6840 0.3722 0.6274
vn -0.7473 -0.1995 0.6338
vn -0.7694 -0.1655 0.6170
vn -0.6900 0.3817 0.6150
vn -0.6932 -0.5472 0.4692
vn -0.6288 -0.5998 0.4949
vn -0.8717 -0.0308 0.4891
vn -0.7283 0.4978 0.4709
vn -0.8683 -0.0194 0.4957
vn -0.7328 0.5305 0.4261
vn -0.8261 -0.0760 0.5583
vn -0.7373 0.4957 0.4590
vn -0.9016 -0.0163 0.4322
vn -0.7823 0.5107 0.3566
vn -0.8097 -0.1675 0.5625
vn -0.7536 0.3504 0.5562
vn -0.7035 -0.2828 0.6520
vn -0.6846 0.2038 0.6999
vn -0.8695 -0.0848 0.4866
vn -0.7541 0.3446 0.5591
vn -0.9109 0.0215 0.4120
vn -0.7787 0.4753 0.4095
vn -0.8006 -0.1119 0.5886
vn -0.7156 0.3859 0.5822
vn -0.7595 -0.1427 0.6346
vn -0.6772 0.3849 0.6271
vn -0.8169 -0.0187 0.5765
vn -0.6929 0.4728 0.5443
vn -0.8166 0.0330 0.5762
vn -0.7034 0.5166 0.4883
vn -0.8037 0.0689 0.5910
vn -0.6905 0.5052 0.5177
vn -0.7737 0.0663 0.6300
vn -0.7229 0.5024 0.4744
vn -0.7908 0.0596 0.6092
vn -0.7399 0.4568 0.4939
vn -0.1232 0.9851 0.1202
vn -0.5000 0.8480 0.1757
vn -0.4117 0.8287 0.3791
vn -0.0212 0.9745 0.2232
vn -0.7416 0.4186 0.5242
vn -0.8242 0.5034 0.2595
vn -0.3737 0.8199 0.4338
vn 0.0192 0.9766 0.2141
vn -0.3558 0.8382 0.4133
vn 0.0462 0.9853 0.1646
vn -0.3543 0.8917 0.2817
vn 0.0227 0.9974 0.0685
vn -0.3619 0.9058 0.2204
vn 0.0023 0.9996 0.0294
vn -0.3828 0.8873 0.2572
vn -0.0161 0.9985 0.0525
vn -0.4125 0.8852 0.2150
vn -0.0133 0.9982 0.0589
vn -0.4199 0.8369 0.3511
vn 0.0157 0.9914 0.1301
vn -0.3947 0.7734 0.4960
vn 0.0200 0.9834 0.1802
vn -0.3862 0.8109 0.4396
vn -0.0063 0.9906 0.1366
vn -0.3974 0.8634 0.3109
vn -0.0138 0.9948 0.1011
vn -0.3764 0.8319 0.4078
vn -0.0025 0.9902 0.1395
vn -0.3796 0.8430 0.3810
vn -0.0471 0.9975 0.0525
vn -0.4107 0.8681 0.2786
vn -0.0692 0.9968 -0.0407
vn -0.4345 0.8707 0.2304
vn -0.0547 0.9936 -0.0989
vn -0.4472 0.8601 0.2454
vn -0.0500 0.9895 -0.1356
vn -0.5048 0.8403 0.1977
vn -0.1064 0.9798 -0.1695
vn -0.5457 0.8088 0.2192
vn -0.2044 0.9633 -0.1739
vn -0.2611 0.8833 0.3895
vn -0.2730 0.8266 0.4922
vn -0.5470 0.2886 0.7858
vn -0.5757 0.4184 0.7025
vn -0.3624 0.7607 0.5385
vn -0.5929 0.0855 0.8007
vn -0.7427 0.6649 0.0787
vn -0.6017 0.7007 0.3833
vn -0.9039 0.4252 -0.0470
vn -0.8826 0.1967 0.4269
vn -0.9655 -0.1284 -0.2267
vn -0.7282 -0.6537 -0.2058
vn -0.5881 -0.8055 -0.0725
vn -0.8765 -0.4674 0.1150
vn -0.4179 -0.9042 0.0879
vn -0.4239 -0.8645 0.2700
vn -0.3824 -0.8926 0.2387
vn -0.3964 -0.9059 0.1488
vn -0.4279 -0.8236 0.3722
vn -0.6514 -0.5353 0.5377
vn -0.4063 0.7080 0.5776
vn -0.6429 0.2992 0.7051
vn -0.5324 -0.5474 0.6457
vn -0.7387 -0.1711 0.6520
vn -0.1616 0.9258 0.3418
vn -0.3511 0.8690 0.3486
vn -0.3113 0.9265 0.2112
vn -0.2008 0.9580 0.2049
vn -0.5879 0.7490 0.3055
vn -0.5695 0.7225 0.3920
vn -0.6045 0.7670 0.2153
vn -0.3088 0.9474 0.0842
vn -0.2551 0.9635 0.0817
vn -0.3133 0.9492 0.0303
vn -0.2890 0.9572 0.0175
vn -0.6244 0.7634 0.1655
vn -0.6504 0.7530 0.1000
vn -0.3400 0.9397 -0.0367
vn -0.3353 0.9394 -0.0709
vn -0.7350 0.6760 -0.0521
vn -0.4680 0.8572 -0.2148
vn -0.3943 0.9079 -0.1424
vn -0.6916 0.7222 0.0092
vn -0.3800 0.9025 -0.2027
vn -0.3973 0.8703 -0.2911
vn -0.5188 0.8474 -0.1133
vn -0.4119 0.8898 -0.1967
vn -0.7393 0.6733 0.0129
vn -0.6855 0.7121 0.1513
vn -0.5275 0.8475 0.0594
vn -0.4364 0.8985 -0.0477
vn -0.2913 0.9563 -0.0239
vn -0.4125 0.9043 -0.1100
vn -0.3562 0.8378 -0.4139
vn -0.1758 0.9128 -0.3687
vn -0.4787 0.8448 -0.2390
vn -0.4076 0.5504 -0.7287
vn -0.1511 0.5351 -0.8312
vn 0.0308 0.6113 -0.7908
vn -0.8219 0.4735 -0.3167
vn -0.6222 0.5920 -0.5123
vn -0.5718 0.8203 -0.0141
vn -0.6974 0.7036 0.1362
vn -0.3608 0.8949 0.2626
vn -0.2371 0.9422 0.2367
vn -0.3826 0.8313 0.4032
vn -0.6112 0.6592 0.4380
vn -0.6582 0.3838 0.6476
vn -0.7922 0.3343 0.5106
vn -0.4516 0.8558 0.2522
vn -0.4903 0.8323 0.2585
vn -0.3249 0.9150 0.2394
vn -0.3520 0.9115 0.2127
vn -0.8019 -0.5427 -0.2498
vn -0.7826 -0.5703 -0.2495
vn -0.7762 -0.5664 -0.2768
vn -0.7493 -0.5731 -0.3318
vn -0.8220 -0.5125 -0.2485
vn -0.7885 -0.5396 -0.2952
vn -0.8224 -0.4486 -0.3499
vn -0.8573 -0.4474 -0.2547
vn -0.8549 -0.3546 -0.3786
vn -0.7806 -0.5053 -0.3679
vn -0.8526 -0.3681 -0.3710
vn -0.6589 -0.5749 -0.4852
vn -0.8521 0.4926 0.1766
vn -0.9652 -0.2360 -0.1124
vn -0.9077 0.4109 0.0848
vn -0.8777 -0.4592 -0.1372
vn -0.8224 0.4657 0.3267
vn -0.9022 0.2304 0.3647
vn -0.9569 0.0614 0.2839
vn -0.7728 0.5934 0.2253
vn -0.8663 0.3150 0.3877
vn -0.8872 0.2387 0.3949
vn -0.8448 0.5225 0.1154
vn -0.9871 -0.1599 0.0027
vn -0.8133 -0.4908 -0.3127
vn -0.7386 -0.6190 -0.2670
vn -0.7661 0.1490 0.6252
vn -0.9520 -0.2922 0.0910
vn -0.9392 -0.3429 -0.0164
vn -0.8249 0.1748 0.5376
vn -0.9190 -0.3886 -0.0670
vn -0.8496 0.2066 0.4852
vn -0.8688 -0.4948 -0.0202
vn -0.8538 0.1712 0.4916
vn -0.8568 -0.5147 0.0316
vn -0.8224 0.1724 0.5421
vn -0.9388 -0.2981 0.1724
vn -0.7190 0.3602 0.5944
vn -0.9091 0.0343 0.4151
vn -0.4926 0.6134 0.6173
vn -0.7426 0.3272 0.5844
vn -0.2963 0.7013 0.6484
vn -0.7155 0.3554 0.6015
vn -0.4025 0.7241 0.5600
vn -0.7521 0.2836 0.5949
vn -0.5282 0.6416 0.5562
vn -0.8305 0.2268 0.5088
vn -0.6594 0.5123 0.5502
vn -0.5894 0.5259 0.6132
vn -0.2075 0.7548 0.6223
vn -0.3180 0.7533 0.5756
vn -0.7080 0.5273 0.4698
vn -0.6029 0.6525 0.4591
vn -0.8519 0.4344 0.2925
vn -0.4923 0.4219 0.7613
vn -0.3094 0.6372 0.7059
vn -0.2377 0.7020 0.6713
vn -0.5159 0.4761 0.7121
vn -0.5601 0.4048 0.7228
vn -0.4314 0.5372 0.7248
vn -0.3875 0.5957 0.7036
vn -0.5151 0.3934 0.7615
vn -0.3858 0.3995 0.8316
vn -0.4275 0.4411 0.7891
vn -0.5383 0.4255 0.7275
vn -0.4739 0.4244 0.7716
vn -0.7279 0.5341 0.4299
vn -0.7272 0.4759 0.4947
vn -0.8189 0.3683 0.4402
vn -0.7761 0.4742 0.4157
vn -0.8319 0.3871 0.3975
vn -0.7918 0.4738 0.3854
vn -0.6570 0.6088 0.4446
vn -0.7111 0.5869 0.3872
vn -0.7505 0.4974 0.4352
vn -0.7510 0.4665 0.4672
vn -0.7922 0.4937 0.3586
vn -0.7679 0.5549 0.3200
vn -0.8648 0.2651 0.4264
vn -0.7916 0.4523 0.4109
vn -0.8020 0.4218 0.4228
vn -0.8374 0.3222 0.4415
vn -0.8352 0.3768 0.4005
vn -0.8591 0.3035 0.4120
vn -0.8579 0.2454 0.4514
vn -0.8164 0.3604 0.4513
vn -0.8321 0.3903 0.3941
vn -0.8475 0.3690 0.3815
vn -0.8425 0.2823 0.4588
vn -0.8749 0.3064 0.3751
vn -0.8261 0.4437 0.3474
vn -0.8883 0.3731 0.2677
vn -0.8367 0.5066 0.2079
vn -0.8048 0.5298 0.2676
vn -0.8401 0.4433 0.3126
vn -0.8376 0.4300 0.3371
vn -0.8722 0.3843 0.3025
vn -0.8826 0.3609 0.3013
vn -0.8659 0.3415 0.3656
vn -0.8709 0.3302 0.3641
vn -0.9087 0.2704 0.3181
vn -0.7858 0.0458 0.6168
vn -0.6674 -0.2193 0.7117
vn -0.7635 -0.3327 0.5535
vn -0.8803 0.0051 0.4744
vn -0.8712 0.4737 0.1287
vn -0.9291 0.3097 0.2021
vn -0.9585 0.2489 0.1392
vn -0.8966 0.4395 0.0539
vn -0.9202 0.2209 0.3232
vn -0.9146 -0.0117 0.4042
vn -0.9417 0.1742 0.2878
vn -0.9161 0.3123 0.2514
vn -0.9457 0.2023 0.2545
vn -0.9672 0.0769 0.2421
vn -0.8932 0.4419 0.0826
vn -0.8366 0.5095 0.2013
vn -0.9665 0.1720 0.1906
vn -0.9353 0.1644 0.3133
vn -0.5475 -0.4238 0.7216
vn -0.4665 -0.5655 0.6802
vn -0.5255 -0.5786 0.6237
vn -0.6296 -0.5414 0.5572
vn -0.8596 -0.1787 0.4787
vn -0.7622 -0.1782 0.6223
vn -0.8499 -0.0432 0.5251
vn -0.9291 0.0356 0.3682
vn -0.9485 -0.0686 0.3093
vn -0.8852 -0.1556 0.4385
vn -0.7984 0.5417 0.2628
vn -0.9577 0.2867 0.0248
vn -0.8713 0.1190 0.4761
vn -0.9120 -0.0933 0.3994
vn -0.4592 -0.7132 0.5296
vn -0.5093 -0.7948 0.3301
vn -0.6891 -0.5100 0.5148
vn -0.5574 -0.5297 0.6393
vn -0.7340 -0.2811 0.6182
vn -0.7030 -0.5117 0.4939
vn -0.7085 -0.1513 0.6894
vn -0.7654 -0.3580 0.5348
vn -0.7094 -0.1044 0.6970
vn -0.8233 -0.1868 0.5360
vn -0.8064 -0.1528 0.5713
vn -0.6440 -0.6015 0.4727
vn -0.9399 -0.0138 0.3412
vn -0.7921 -0.4940 0.3585
vn -0.6592 -0.5681 0.4927
vn -0.5714 -0.6242 0.5328
vn -0.4701 -0.8365 0.2815
vn -0.6662 -0.7006 0.2557
vn -0.4505 -0.8400 0.3025
vn -0.4905 -0.8062 0.3308
vn -0.5397 -0.7902 0.2905
vn -0.3273 -0.9282 0.1767
vn -0.3353 -0.9211 0.1977
vn -0.4436 -0.8742 0.1973
vn -0.5483 -0.8050 0.2265
vn -0.5066 -0.8490 0.1501
vn -0.5219 -0.8144 0.2539
vn -0.3882 -0.9024 0.1872
vn -0.4780 -0.8487 0.2262
vn -0.2327 -0.9647 0.1233
vn -0.2698 -0.9519 0.1451
vn -0.5590 -0.7687 0.3109
vn -0.8893 -0.4198 0.1815
vn -0.5565 -0.1766 0.8119
vn -0.2239 -0.7434 0.6302
vn -0.7084 -0.7045 0.0433
vn -0.1780 0.0762 0.9811
vn 0.1658 -0.5231 0.8360
vn -0.3001 -0.0405 0.9530
vn -0.0008 -0.6989 0.7152
vn -0.2707 -0.9389 0.2124
vn -0.9305 -0.1028 0.3516
vn -0.6256 -0.4270 0.6529
vn -0.5481 -0.8310 -0.0951
vn -0.9110 -0.0640 0.4075
vn -0.6752 -0.7371 0.0280
vn -0.8648 -0.0421 0.5004
vn -0.7450 -0.6598 0.0980
vn -0.8219 -0.0367 0.5684
vn -0.7838 -0.6078 0.1276
vn -0.8164 -0.0274 0.5769
vn -0.8055 -0.5792 0.1256
vn -0.8411 0.0111 0.5408
vn -0.8277 -0.5472 0.1243
vn -0.8840 0.0805 0.4606
vn -0.8671 -0.4858 0.1100
vn -0.9342 0.1536 0.3219
vn -0.9164 -0.3968 0.0525
vn -0.9840 0.1250 0.1268
vn -0.8771 -0.4637 -0.1254
vn -0.4942 -0.8436 -0.2099
vn -0.5915 -0.7866 -0.1771
vn -0.5187 -0.8232 -0.2307
vn -0.3798 -0.9010 -0.2097
vn -0.2998 -0.8829 -0.3614
vn -0.4565 -0.8364 -0.3033
vn -0.4607 -0.8481 -0.2616
vn -0.3302 -0.9005 -0.2829
vn -0.1253 -0.9346 -0.3328
vn -0.3616 -0.8850 -0.2932
vn -0.4198 -0.8543 -0.3065
vn -0.2398 -0.8954 -0.3753
vn -0.2604 -0.9324 -0.2506
vn -0.1411 -0.9686 -0.2049
vn 0.0009 -0.9569 -0.2905
vn 0.0657 -0.9627 -0.2624
vn 0.0981 -0.9775 -0.1866
vn 0.1109 -0.9938 -0.0017
vn 0.2542 -0.8824 0.3960
vn 0.0343 -0.9994 -0.0036
vn 0.1930 -0.8112 0.5520
vn -0.1620 -0.9379 0.3066
vn 0.0683 -0.9945 0.0792
vn 0.0152 -0.9992 -0.0379
vn -0.4097 -0.9059 -0.1067
vn 0.0040 -0.9931 -0.1176
vn 0.0208 -0.9685 -0.2482
vn -0.4153 -0.8161 -0.4019
vn -0.2647 -0.8234 -0.5019
vn 0.0709 -0.9220 -0.3807
vn 0.0986 -0.9212 -0.3763
vn -0.0335 -0.9202 -0.3899
vn 0.0811 -0.9708 -0.2257
vn 0.0804 -0.9452 -0.3165
vn -0.0193 -0.9612 -0.2751
vn 0.0220 -0.9915 -0.1280
vn -0.1881 -0.9663 -0.1756
vn -0.3038 -0.8995 -0.3140
vn -0.7109 -0.6939 -0.1147
vn -0.3470 -0.9352 -0.0709
vn -0.3183 -0.9476 0.0278
vn -0.6549 -0.6859 0.3173
vn -0.7905 -0.0348 0.6115
vn -0.9610 0.1017 0.2570
vn -0.8477 0.4951 0.1905
vn -0.9438 -0.0553 0.3259
vn -0.8878 0.1842 0.4218
vn -0.8898 0.4335 0.1426
vn -0.8884 0.1133 0.4448
vn -0.9876 -0.1532 -0.0334
vn -0.7938 -0.4509 0.4082
vn -0.7279 -0.4974 0.4720
vn -0.5732 -0.6872 0.4463
vn -0.6945 -0.5325 0.4838
vn -0.7246 -0.5182 0.4544
vn -0.6413 -0.7124 0.2849
vn -0.7203 -0.5902 0.3645
vn -0.7273 -0.4449 0.5226
vn -0.7115 -0.3665 0.5995
vn -0.6552 -0.3898 0.6472
vn -0.7264 -0.4525 0.5173
vn -0.7341 -0.2766 0.6202
vn -0.6598 -0.2487 0.7091
vn -0.5876 -0.1812 0.7886
vn -0.5157 -0.0031 0.8568
vn -0.4174 -0.0080 0.9087
vn -0.3072 0.1049 0.9458
vn -0.6213 0.0105 0.7835
vn -0.2332 0.2181 0.9477
vn -0.3485 -0.0503 0.9360
vn -0.0816 -0.9868 0.1402
vn -0.1334 -0.9681 0.2121
vn -0.2188 -0.9603 0.1730
vn -0.1361 -0.9878 0.0763
vn -0.4216 -0.8007 0.4255
vn -0.3815 -0.6915 0.6135
vn -0.2629 -0.6665 0.6976
vn -0.0023 -0.9860 0.1666
vn -0.1781 -0.7129 0.6783
vn 0.0791 -0.9860 0.1468
vn -0.4877 0.0455 0.8718
vn -0.2948 -0.7133 0.6358
vn -0.2663 -0.8019 0.5348
vn -0.5503 -0.0188 0.8347
vn -0.0644 -0.9642 0.2573
vn 0.0039 -0.9797 0.2006
vn 0.1029 -0.9818 0.1596
vn 0.1063 -0.9891 0.1017
vn 0.0383 -0.9910 0.1282
vn 0.0375 -0.9949 0.0935
vn -0.3436 -0.1783 0.9220
vn -0.1973 -0.7001 0.6862
vn -0.3322 -0.7026 0.6293
vn -0.5040 -0.2746 0.8189
vn -0.6438 -0.4257 0.6358
vn -0.6305 0.1681 0.7578
vn -0.6077 0.0297 0.7936
vn -0.5358 -0.6195 0.5737
vn -0.9595 0.0654 0.2741
vn -0.8246 0.1848 0.5347
vn -0.6529 0.5643 0.5053
vn -0.9476 0.2292 0.2226
vn -0.5616 0.6344 0.5312
vn -0.7866 0.1986 0.5846
vn -0.4366 0.7268 0.5302
vn -0.5534 0.6417 0.5310
vn -0.4220 0.6424 0.6398
vn -0.4435 0.6636 0.6025
vn -0.6816 -0.6421 0.3509
vn -0.7911 0.1264 0.5984
vn -0.8553 0.2774 0.4376
vn -0.7989 -0.5119 0.3158
vn -0.4760 0.7743 0.4170
vn -0.4880 0.8041 0.3394
vn -0.5141 0.7689 0.3801
vn -0.5130 0.7918 0.3316
vn -0.6630 0.6199 0.4198
vn -0.6936 0.6035 0.3932
vn -0.8490 0.1450 0.5081
vn -0.8666 0.1290 0.4821
vn -0.7965 -0.3701 0.4781
vn -0.7843 0.3022 0.5418
vn -0.7916 -0.2609 0.5526
vn -0.7667 0.2536 0.5899
vn -0.3943 0.8346 0.3846
vn -0.3901 0.8154 0.4277
vn -0.3779 0.8560 0.3527
vn -0.2941 0.8623 0.4122
vn -0.6160 0.6271 0.4767
vn -0.5232 0.5944 0.6107
vn -0.7933 0.1187 0.5971
vn -0.6807 0.0994 0.7258
vn -0.9807 -0.1638 0.1068
vn -0.8711 -0.2163 0.4409
vn -0.8494 -0.4513 0.2735
vn -0.9550 -0.2965 -0.0074
vn -0.6855 -0.5276 0.5018
vn -0.7801 -0.2847 0.5571
vn -0.8098 -0.3470 0.4731
vn -0.6783 -0.5833 0.4469
vn -0.7051 -0.6263 0.3324
vn -0.8363 -0.3337 0.4351
vn -0.7784 -0.3116 0.5450
vn -0.6726 -0.6298 0.3886
vn -0.6192 -0.5658 0.5445
vn -0.6931 -0.2449 0.6780
vn -0.6799 -0.1683 0.7138
vn -0.6539 0.1451 0.7425
vn -0.6140 -0.4905 0.6184
vn -0.6322 -0.4421 0.6363
vn -0.6955 -0.1066 0.7106
vn -0.6633 0.1878 0.7244
vn -0.4131 -0.8508 0.3248
vn -0.4079 -0.8167 0.4083
vn -0.1460 -0.9646 0.2196
vn -0.1850 -0.9580 0.2193
vn -0.1050 -0.9711 0.2142
vn -0.4367 -0.7753 0.4563
vn -0.9417 -0.0370 0.3343
vn -0.6426 0.7650 0.0424
vn -0.3889 0.8932 0.2256
vn -0.7738 0.4533 0.4424
vn -0.8379 0.1494 0.5250
vn -0.8863 0.3465 0.3073
vn -0.9177 -0.2098 0.3374
vn -0.8344 0.0084 0.5510
vn -0.9198 -0.0169 0.3921
vn -0.9647 -0.1719 0.1993
vn -0.9954 -0.0958 -0.0053
vn -0.9782 -0.2078 -0.0044
vn -0.9690 -0.2450 0.0303
vn -0.9257 -0.3773 -0.0274
vn -0.8966 0.1446 0.4186
vn -0.9163 0.1593 0.3675
vn -0.7966 -0.5936 0.1144
vn -0.8900 -0.1304 0.4370
vn -0.6727 -0.3691 0.6413
vn -0.6134 -0.6916 0.3814
vn -0.5404 -0.7313 0.4161
vn -0.5690 -0.5064 0.6479
vn -0.5191 -0.6229 0.5853
vn -0.5420 -0.7843 0.3017
vn -0.4864 -0.8345 0.2588
vn -0.3504 -0.8866 0.3019
vn -0.4293 0.7590 0.4894
vn -0.5438 0.6117 0.5745
vn -0.5705 0.4889 0.6599
vn -0.6212 0.5311 0.5762
vn -0.6488 0.3624 0.6691
vn -0.6171 0.4536 0.6430
vn -0.6216 0.3396 0.7059
vn -0.6417 0.3488 0.6830
vn -0.5155 0.5379 0.6670
vn -0.6431 0.3773 0.6664
vn -0.7918 -0.0112 0.6107
vn -0.8140 0.1681 0.5560
vn -0.7540 0.2301 0.6153
vn -0.7257 0.1691 0.6669
vn -0.6915 0.4418 0.5715
vn -0.8232 0.3022 0.4807
vn -0.5333 0.5654 0.6292
vn -0.4125 0.7009 0.5819
vn -0.3738 0.7181 0.5870
vn -0.4239 0.6775 0.6011
vn -0.6671 0.5358 0.5176
vn -0.7083 0.4384 0.5533
vn -0.8561 0.2788 0.4351
vn -0.8712 0.1394 0.4707
vn -0.4612 0.5671 0.6824
vn -0.3569 0.6201 0.6987
vn -0.3160 0.4347 0.8433
vn -0.4203 0.3177 0.8499
vn -0.7128 -0.0380 0.7003
vn -0.5662 0.1660 0.8074
vn -0.6896 0.2902 0.6635
vn -0.8388 0.0188 0.5441
vn -0.4252 0.0988 0.8997
vn -0.2363 0.3479 0.9073
vn -0.3502 0.3610 0.8643
vn -0.4731 0.0621 0.8788
vn -0.4386 0.2792 0.8542
vn -0.3432 0.3704 0.8631
vn -0.3582 0.2293 0.9050
vn -0.5317 0.0866 0.8425
vn -0.9219 0.3164 -0.2236
vn -0.7814 0.5666 -0.2614
vn -0.9388 0.2866 -0.1911
vn -0.9605 0.2393 -0.1421
vn -0.9535 0.2602 -0.1521
vn -0.8364 0.5382 -0.1035
vn -0.9873 0.1484 -0.0565
vn -0.9522 0.3022 -0.0437
vn -0.8524 0.4525 -0.2619
vn -0.9026 0.3467 -0.2552
vn -0.5464 0.8339 -0.0779
vn -0.5935 0.7985 0.1008
vn -0.4732 0.8685 0.1474
vn -0.8267 0.5597 0.0568
vn -0.7144 0.6889 -0.1226
vn -0.4417 0.8971 -0.0126
vn -0.5398 0.8339 -0.1148
vn -0.5282 0.8459 0.0741
vn -0.9434 0.3230 0.0755
vn -0.5609 0.8176 0.1298
vn -0.9921 0.1240 0.0182
vn -0.9633 0.2470 0.1053
vn -0.9086 0.3992 0.1231
vn -0.5730 0.8112 0.1169
vn -0.4978 0.8616 0.0994
vn -0.8302 0.5481 0.1015
vn -0.8600 0.5062 0.0646
vn -0.4508 0.8807 0.1454
vn -0.3783 0.9131 0.1518
vn -0.7843 0.6183 0.0513
vn -0.7578 0.6337 0.1558
vn -0.3902 0.9125 0.1227
vn -0.9053 0.3960 0.1536
vn -0.5440 0.8240 0.1583
vn -0.9657 0.2183 0.1405
vn -0.9465 0.2770 0.1656
vn -0.8369 0.5081 0.2037
vn -0.4447 0.8719 0.2049
vn -0.4130 0.8350 0.3636
vn -0.7815 0.4082 0.4718
vn -0.1820 0.9686 0.1695
vn -0.1836 0.9752 0.1237
vn -0.4661 0.8364 0.2884
vn -0.8635 0.2790 0.4202
vn -0.7019 0.6566 0.2762
vn -0.3268 0.9136 0.2418
vn -0.9093 0.3304 0.2529
vn -0.8883 0.3266 0.3228
vn -0.5755 0.7655 0.2877
vn -0.2364 0.9407 0.2434
vn -0.6454 0.7519 0.1346
vn -0.8308 0.5422 0.1258
vn -0.8038 0.5793 0.1354
vn -0.4829 0.8686 0.1107
vn -0.9078 0.3632 0.2098
vn -0.8913 0.3689 0.2636
vn -0.4830 0.8634 0.1457
vn -0.7954 0.5452 0.2649
vn -0.8953 0.2703 0.3540
vn -0.7098 0.6656 0.2305
vn -0.8973 0.2905 0.3322
vn -0.9042 0.0118 0.4270
vn -0.9075 -0.1332 0.3985
vn -0.9333 -0.0112 0.3590
vn -0.4413 0.8527 0.2794
vn -0.8533 0.3409 0.3945
vn -0.1976 0.9649 0.1731
vn -0.9730 0.2281 -0.0341
vn -0.9797 0.1954 -0.0450
vn -0.9739 0.0523 0.2208
vn -0.9733 0.1646 0.1597
vn -0.9423 -0.0078 0.3347
vn -0.8256 -0.3502 0.4423
vn -0.7157 -0.5417 0.4409
vn -0.8816 -0.2040 0.4256
vn -0.6131 -0.5525 0.5646
vn -0.6842 -0.6106 0.3988
vn -0.8215 -0.1955 0.5356
vn -0.6312 -0.3156 0.7085
vn -0.6981 -0.4135 0.5845
vn -0.8600 -0.3687 0.3529
vn -0.8993 -0.2945 0.3234
vn -0.9117 -0.2138 0.3507
vn -0.9106 -0.2111 0.3552
vn -0.8757 -0.3260 0.3562
vn -0.8270 -0.3404 0.4474
vn -0.7813 -0.4911 0.3852
vn -0.7252 0.2155 0.6540
vn -0.8039 -0.0508 0.5926
vn -0.8322 0.1905 0.5208
vn -0.9119 0.0242 0.4097
vn -0.9697 -0.0578 0.2374
vn -0.9390 -0.1897 0.2870
vn -0.8671 -0.3718 0.3316
vn -0.9433 -0.1629 0.2892
vn -0.9218 0.0117 0.3875
vn -0.9507 -0.0729 0.3015
vn -0.9636 -0.0937 0.2505
vn -0.9690 -0.0112 0.2470
vn 0.5481 0.8349 0.0508
vn 0.2658 0.9600 0.0881
vn 0.3340 0.9391 0.0810
vn 0.5975 0.8018 -0.0140
vn 0.3612 0.9320 0.0315
vn 0.6002 0.7933 -0.1023
vn 0.3395 0.9395 -0.0453
vn 0.5567 0.8066 -0.1987
vn 0.2918 0.9514 -0.0987
vn 0.5320 0.8164 -0.2246
vn 0.2972 0.9508 -0.0876
vn 0.5474 0.8139 -0.1950
vn 0.5404 0.8152 -0.2084
vn 0.2868 0.9521 -0.1057
vn 0.3156 0.9451 -0.0848
vn 0.5389 0.8208 -0.1894
vn 0.3351 0.9403 -0.0601
vn 0.5321 0.8244 -0.1928
vn 0.3320 0.9417 -0.0536
vn 0.5259 0.8282 -0.1936
vn 0.3174 0.9440 -0.0899
vn 0.5242 0.8249 -0.2116
vn 0.3224 0.9407 -0.1056
vn 0.5314 0.8139 -0.2347
vn 0.3120 0.9406 -0.1341
vn 0.5109 0.8046 -0.3027
vn 0.2711 0.9355 -0.2265
vn 0.4868 0.7850 -0.3831
vn 0.2808 0.9118 -0.2997
vn 0.4930 0.7498 -0.4412
vn 0.3116 0.8778 -0.3638
vn 0.4519 0.7419 -0.4954
vn 0.3019 0.8616 -0.4080
vn 0.3401 0.7971 -0.4989
vn 0.2663 0.8087 -0.5244
vn 0.3016 0.8189 -0.4883
vn 0.2537 0.8640 -0.4349
vn 0.1798 0.8610 -0.4757
vn 0.2591 0.7990 -0.5426
vn 0.2445 0.8455 -0.4748
vn 0.4904 0.6988 -0.5208
vn 0.4425 0.6412 -0.6269
vn 0.2384 0.8268 -0.5095
vn 0.5114 0.6705 -0.5375
vn 0.3464 0.9377 -0.0262
vn 0.5010 0.8654 -0.0043
vn 0.6360 0.7715 -0.0153
vn 0.5404 0.8384 -0.0707
vn 0.6616 0.7493 0.0284
vn 0.5600 0.8269 0.0508
vn 0.1949 0.9777 -0.0784
vn 0.2329 0.9706 -0.0605
vn 0.4834 0.8598 -0.1645
vn 0.4685 0.8599 -0.2027
vn 0.1891 0.9806 -0.0515
vn 0.1904 0.9783 -0.0815
vn 0.4637 0.8670 -0.1826
vn 0.4432 0.8809 -0.1659
vn 0.2712 0.9625 0.0057
vn 0.2164 0.9759 -0.0274
vn 0.4237 0.8925 -0.1547
vn 0.4283 0.8936 -0.1340
vn 0.3434 0.9392 -0.0083
vn 0.3181 0.9480 0.0125
vn 0.4509 0.8827 -0.1326
vn 0.4717 0.8699 -0.1443
vn 0.2756 0.9587 -0.0698
vn 0.3306 0.9427 -0.0448
vn 0.4820 0.8611 -0.1616
vn 0.4606 0.8629 -0.2079
vn 0.4352 0.8641 -0.2527
vn 0.2108 0.9747 -0.0739
vn 0.4019 0.8788 -0.2574
vn 0.2032 0.9786 -0.0336
vn 0.3287 0.8644 -0.3806
vn 0.4452 0.8902 -0.0968
vn 0.3027 0.9529 -0.0177
vn 0.3474 0.8832 -0.3152
vn 0.3857 0.7827 -0.4885
vn 0.5721 0.8015 -0.1741
vn 0.5423 0.6278 -0.5583
vn 0.6884 0.7086 -0.1547
vn 0.2759 0.9597 0.0530
vn 0.2969 0.9422 0.1554
vn 0.2020 0.9793 -0.0159
vn 0.0326 0.9975 0.0632
vn 0.0930 0.9851 0.1444
vn 0.1314 0.9627 0.2367
vn 0.1224 0.9915 -0.0441
vn 0.0658 0.9974 -0.0286
vn -0.1136 0.9924 0.0470
vn -0.0548 0.9982 0.0256
vn 0.0610 0.9981 -0.0075
vn 0.0884 0.9958 0.0227
vn -0.0767 0.9900 0.1184
vn -0.1048 0.9902 0.0927
vn 0.1313 0.9887 0.0729
vn 0.1869 0.9748 0.1216
vn 0.0184 0.9732 0.2293
vn -0.0494 0.9864 0.1570
vn -0.5259 0.6673 0.5274
vn -0.4467 0.6809 0.5803
vn -0.1662 0.9185 0.3587
vn -0.2238 0.9433 0.2451
vn -0.0849 0.9168 0.3902
vn -0.3507 0.7581 0.5499
vn -0.6317 0.6330 0.4474
vn -0.6159 0.6434 0.4546
vn -0.3105 0.9339 0.1774
vn -0.3527 0.9170 0.1865
vn -0.5423 0.6773 0.4972
vn -0.3207 0.9133 0.2509
vn -0.2358 0.9283 0.2874
vn -0.4305 0.7122 0.5545
vn -0.3340 0.9020 0.2735
vn -0.2396 0.9337 0.2660
vn -0.4622 0.7815 0.4191
vn -0.3998 0.8380 0.3713
vn -0.1898 0.9717 0.1403
vn -0.3895 0.8753 0.2865
vn -0.2518 0.9657 0.0630
vn -0.4597 0.8393 0.2903
vn -0.5901 0.7520 0.2937
vn -0.3659 0.9302 0.0301
vn -0.4259 0.9038 0.0417
vn -0.6312 0.7070 0.3189
vn -0.6356 0.6449 0.4244
vn -0.4945 0.8438 0.2084
vn -0.4210 0.7948 0.4371
vn -0.5492 0.5961 0.5857
vn -0.4516 0.5420 0.7087
vn -0.3000 0.7359 0.6070
vn -0.1713 0.7069 0.6862
vn -0.3782 0.5288 0.7598
vn -0.2978 0.5563 0.7758
vn -0.0714 0.6942 0.7162
vn 0.0071 0.7179 0.6961
vn -0.2164 0.6060 0.7655
vn -0.2012 0.6317 0.7486
vn 0.0143 0.7628 0.6464
vn -0.0224 0.7808 0.6243
vn -0.0833 0.7859 0.6127
vn -0.2325 0.6274 0.7432
vn -0.2672 0.6330 0.7266
vn -0.2722 0.6815 0.6793
vn -0.1135 0.7903 0.6021
vn -0.1317 0.7927 0.5952
vn -0.2861 0.6657 0.6892
vn -0.0502 0.7489 0.6608
vn 0.0236 0.6734 0.7389
vn -0.2031 0.6440 0.7376
vn -0.1431 0.5504 0.8225
vn 0.0966 0.6127 0.7844
vn -0.1435 0.4496 0.8816
vn -0.1866 0.4005 0.8971
vn 0.1157 0.6265 0.7708
vn -0.5320 0.6825 0.5011
vn -0.5828 0.6036 0.5440
vn -0.5878 0.6509 0.4804
vn -0.5250 0.7365 0.4266
vn -0.6764 0.4900 0.5499
vn -0.6942 0.5426 0.4729
vn -0.6506 0.4467 0.6142
vn -0.7319 0.3706 0.5719
vn -0.7401 0.4017 0.5393
vn -0.7198 0.3640 0.5911
vn -0.7191 0.3772 0.5837
vn -0.6926 0.4887 0.5305
vn -0.7256 0.4923 0.4808
vn -0.6486 0.3757 0.6620
vn -0.6525 0.3443 0.6751
vn -0.5883 0.4054 0.6997
vn -0.5637 0.3695 0.7387
vn -0.4895 0.4723 0.7330
vn -0.5964 0.4865 0.6384
vn -0.4441 0.4718 0.7617
vn -0.5029 0.4166 0.7573
vn -0.4779 0.4484 0.7554
vn -0.4101 0.4954 0.7658
vn -0.3684 0.5121 0.7759
vn -0.3472 0.4951 0.7965
vn -0.4472 0.4415 0.7779
vn -0.4144 0.4208 0.8069
vn -0.4190 0.4032 0.8136
vn -0.4177 0.4685 0.7785
vn -0.3701 0.4690 0.8019
vn -0.3936 0.4077 0.8239
vn -0.5310 0.3674 0.7636
vn -0.4576 0.5017 0.7341
vn -0.4501 0.4900 0.7466
vn -0.4783 0.3888 0.7875
vn -0.4276 0.3151 0.8473
vn -0.2838 0.3965 0.8731
vn -0.4000 0.4768 0.7827
vn -0.5360 0.3444 0.7708
vn -0.3790 0.7914 0.4797
vn -0.3409 0.8776 0.3370
vn 0.2247 0.9603 0.1655
vn -0.4899 0.6713 0.5562
vn -0.1438 0.8726 0.4668
vn -0.4977 0.7380 0.4557
vn -0.4760 0.7619 0.4393
vn -0.4928 0.7590 0.4255
vn -0.4886 0.7458 0.4528
vn -0.5726 0.5560 0.6025
vn -0.5442 -0.8339 -0.0921
vn -0.3460 -0.9373 -0.0420
vn -0.5701 -0.8055 -0.1616
vn -0.3319 -0.9302 -0.1567
vn -0.5619 -0.8225 -0.0878
vn -0.5244 -0.8500 -0.0503
vn -0.7814 -0.5972 0.1811
vn -0.5829 -0.7882 0.1973
vn -0.4805 -0.8766 0.0260
vn -0.5874 -0.7871 -0.1881
vn -0.2582 -0.9644 0.0577
vn -0.1062 -0.9933 0.0447
vn -0.2184 -0.9758 0.0052
vn -0.5181 -0.8540 0.0474
vn -0.1660 -0.9700 -0.1774
vn -0.2514 -0.9291 -0.2713
vn -0.1651 -0.9836 -0.0727
vn -0.0769 -0.9858 -0.1493
vn -0.0747 -0.9962 -0.0455
vn -0.1926 -0.9804 -0.0415
vn -0.8326 -0.5372 0.1351
vn -0.5245 -0.8072 -0.2707
vn -0.4600 -0.8296 -0.3164
vn -0.7039 -0.7020 0.1082
vn -0.2078 -0.9725 0.1053
vn -0.3239 -0.9425 0.0821
vn -0.4192 -0.8885 0.1865
vn -0.5593 -0.8230 0.0995
vn -0.6118 -0.7530 -0.2421
vn -0.4577 -0.7922 -0.4036
vn -0.3459 -0.8536 -0.3895
vn -0.4157 -0.8782 -0.2366
vn -0.4470 -0.8938 -0.0368
vn -0.6465 -0.7622 -0.0329
vn -0.6796 -0.6864 0.2587
vn -0.9135 -0.3070 0.2670
vn -0.8019 -0.5870 0.1110
vn -0.9634 -0.2385 0.1220
vn -0.7973 -0.5144 -0.3158
vn -0.8807 -0.4651 -0.0896
vn -0.6398 -0.7663 0.0583
vn -0.5593 -0.7671 -0.3143
vn -0.9451 -0.2898 -0.1511
vn -0.8650 -0.4008 -0.3020
vn -0.6569 -0.6576 -0.3688
vn -0.7954 -0.5709 -0.2035
vn -0.9697 -0.2441 0.0069
vn -0.8387 -0.5442 -0.0196
vn -0.9003 -0.0963 -0.4245
vn -0.7572 0.2245 -0.6134
vn -0.9117 -0.0065 -0.4108
vn -0.7018 0.4627 -0.5416
vn -0.4318 0.4218 -0.7973
vn -0.5737 0.3166 -0.7554
vn -0.9725 0.1223 0.1983
vn -0.9836 0.1300 0.1247
vn -0.8356 0.5277 0.1526
vn -0.8336 0.5518 0.0246
vn -0.7417 0.6499 -0.1658
vn -0.7790 0.6005 -0.1807
vn -0.9633 0.1288 -0.2357
vn -0.9705 0.2026 -0.1310
vn -0.9865 0.1620 -0.0238
vn -0.7661 0.5957 -0.2413
vn -0.1708 0.4789 -0.8611
vn -0.3882 0.7059 -0.5925
vn -0.0840 0.7831 -0.6162
vn 0.0578 0.5120 -0.8570
vn -0.2276 0.9653 -0.1278
vn -0.5515 0.8299 -0.0842
vn -0.5492 0.8291 0.1049
vn -0.2136 0.9753 0.0570
vn -0.4959 0.8591 -0.1266
vn -0.2238 0.9576 -0.1812
vn -0.4791 0.8612 -0.1695
vn -0.2877 0.9428 -0.1685
vn -0.4803 0.7859 -0.3894
vn -0.2438 0.9032 -0.3533
vn -0.2331 0.9607 -0.1505
vn -0.0570 0.8539 -0.5174
vn 0.0949 0.8820 -0.4615
vn -0.2407 0.9705 -0.0166
vn 0.1146 0.6234 -0.7735
vn 0.2483 0.7064 -0.6628
vn 0.4325 0.9004 -0.0476
vn 0.1109 0.9894 -0.0942
vn 0.1705 0.9843 0.0458
vn 0.5002 0.8648 0.0444
vn 0.1602 0.5314 -0.8318
vn 0.1461 0.7330 -0.6644
vn 0.4227 0.8550 -0.3005
vn 0.1568 0.9865 0.0466
vn 0.3373 0.8458 -0.4133
vn 0.3562 0.9121 -0.2029
vn 0.5261 0.8315 -0.1785
vn -0.3902 0.8335 0.3911
vn -0.2589 0.8996 0.3517
vn 0.6649 0.7468 0.0108
vn 0.6063 0.7950 -0.0204
vn 0.4917 0.8590 0.1425
vn 0.3701 0.9218 -0.1153
vn 0.5621 0.8203 -0.1052
vn 0.1393 0.9343 0.3282
vn 0.0620 0.9745 -0.2156
vn 0.0229 0.9793 -0.2013
vn 0.0713 0.9380 -0.3391
vn -0.4871 0.7953 0.3608
vn -0.4526 0.8852 0.1073
vn -0.5394 0.7933 0.2823
vn -0.5290 0.8130 0.2432
vn -0.4378 0.8703 0.2257
vn -0.4573 0.8785 0.1385
vn -0.1956 0.9097 0.3663
vn -0.3203 0.8989 0.2988
vn -0.6057 0.6682 0.4319
vn -0.4073 0.7916 0.4556
vn -0.4099 0.8909 0.1954
vn -0.6706 0.5733 0.4708
vn -0.4597 0.8790 0.1265
vn -0.6903 0.5341 0.4881
vn -0.5148 0.8573 0.0009
vn -0.6548 0.6377 0.4057
vn -0.5215 0.8423 -0.1363
vn -0.5782 0.8159 -0.0020
vn -0.4750 0.8540 -0.2123
vn -0.3911 0.9203 0.0060
vn -0.4293 0.8882 -0.1640
vn -0.3208 0.9471 0.0046
vn -0.3045 0.9524 0.0107
vn -0.3776 0.9194 0.1101
vn -0.6170 0.7059 0.3478
vn -0.5512 0.7056 0.4453
vn -0.5853 0.7866 0.1967
vn -0.6747 0.6476 0.3541
vn -0.4372 0.8356 0.3326
vn -0.6268 0.5198 0.5804
vn -0.5142 0.7864 0.3423
vn -0.6072 0.6231 0.4929
vn -0.5333 0.6404 0.5526
vn -0.6358 0.5524 0.5391
vn -0.6424 0.7254 0.2471
vn -0.5299 0.8202 0.2158
vn -0.9985 0.0257 0.0474
vn -0.9473 0.3110 -0.0770
vn -0.9095 0.4034 -0.1003
vn -0.9812 0.0561 -0.1845
vn -0.8243 -0.5021 0.2614
vn -0.9825 -0.0465 0.1801
vn -0.9851 0.1708 -0.0186
vn -0.9710 -0.2075 0.1186
vn -0.8172 -0.3267 0.4748
vn -0.5561 -0.7255 0.4055
vn -0.4009 -0.7730 0.4917
vn -0.6115 -0.4485 0.6519
vn -0.7550 -0.3316 0.5657
vn -0.6356 -0.6594 0.4015
vn -0.8709 -0.4515 0.1941
vn -0.9331 -0.1747 0.3143
vn -0.9748 -0.0342 0.2206
vn -0.9323 -0.3190 0.1706
vn -0.9093 -0.3207 0.2650
vn -0.9735 0.0324 0.2266
vn -0.9546 -0.0587 0.2920
vn -0.8154 -0.4340 0.3831
vn -0.7042 -0.5435 0.4568
vn -0.8728 -0.2137 0.4388
vn -0.7882 -0.2842 0.5459
vn -0.7195 -0.5396 0.4371
vn -0.8311 -0.4564 0.3177
vn -0.8502 -0.1621 0.5009
vn -0.9006 0.0382 0.4330
vn -0.9033 0.1440 0.4041
vn -0.9179 -0.3488 0.1893
vn -0.9386 -0.3131 0.1450
vn -0.9138 0.1075 0.3918
vn -0.9038 0.0118 0.4278
vn -0.9356 -0.3281 0.1302
vn -0.9117 -0.3821 0.1513
vn -0.8665 -0.0636 0.4951
vn -0.8876 -0.4098 0.2101
vn -0.7643 -0.0714 0.6409
vn -0.8505 -0.4217 0.3143
vn -0.6254 0.0452 0.7790
vn -0.5393 0.1743 0.8239
vn -0.7821 -0.4260 0.4549
vn -0.7273 -0.3505 0.5901
vn -0.5337 -0.8455 0.0168
vn -0.5632 -0.8209 0.0944
vn -0.0423 -0.9988 -0.0236
vn -0.0465 -0.9948 -0.0906
vn -0.1409 -0.9853 0.0965
vn -0.5210 -0.8251 0.2186
vn -0.4452 -0.8320 0.3311
vn -0.2612 -0.9404 0.2179
vn -0.3708 -0.8857 0.2794
vn -0.4599 -0.8043 0.3762
vn -0.5653 -0.7596 0.3217
vn -0.4696 -0.8512 0.2344
vn -0.5476 -0.8303 0.1036
vn -0.6716 -0.7228 0.1630
vn -0.5941 -0.8020 -0.0620
vn -0.7195 -0.6943 -0.0153
vn -0.7273 -0.6750 -0.1242
vn -0.5958 -0.7789 -0.1957
vn -0.7288 -0.6629 -0.1714
vn -0.6919 -0.6993 -0.1798
vn -0.5407 -0.7934 -0.2796
vn -0.4279 -0.8465 -0.3168
vn -0.6360 -0.7440 -0.2050
vn -0.5438 -0.8018 -0.2479
vn -0.2930 -0.8813 -0.3709
vn -0.1882 -0.8718 -0.4522
vn -0.4501 -0.8565 -0.2527
vn -0.4844 -0.8623 -0.1476
vn -0.1446 -0.8473 -0.5111
vn -0.1867 -0.8377 -0.5132
vn -0.5125 0.5694 0.6428
vn -0.5509 0.5300 0.6447
vn -0.4204 0.7262 0.5440
vn -0.3539 0.8080 0.4711
vn -0.4250 -0.7600 0.4917
vn -0.5895 -0.4532 0.6686
vn -0.0778 -0.9710 0.2260
vn -0.0037 -0.9421 0.3354
vn -0.2319 -0.7755 0.5872
vn -0.3932 -0.4245 0.8156
vn -0.4952 0.2283 0.8382
vn -0.6485 0.2145 0.7304
vn -0.6705 -0.1010 0.7350
vn -0.4429 -0.0627 0.8944
vn -0.6623 0.1510 0.7339
vn -0.5017 0.6538 0.5664
vn -0.3155 0.7514 0.5795
vn 0.0012 0.6360 0.7717
vn 0.2618 0.7378 0.6222
vn -0.1752 0.7727 0.6101
vn -0.4784 0.5043 0.7189
vn -0.1950 0.5083 0.8388
vn 0.8842 0.0355 0.4658
vn 0.6403 0.4641 0.6121
vn 0.0573 0.2420 0.9686
vn 0.2425 -0.2355 0.9411
vn 0.9036 -0.4173 0.0963
vn 0.3906 -0.7360 0.5529
vn 0.4265 -0.8955 0.1271
vn 0.7585 -0.6409 -0.1177
vn -0.0680 -0.8938 0.4432
vn 0.0941 -0.9841 0.1507
vn -0.3895 -0.4535 0.8017
vn 0.0519 -0.2748 0.9601
vn 0.2647 -0.8147 0.5159
vn 0.4359 -0.8914 0.1239
vn -0.3509 0.2718 0.8961
vn -0.0276 0.4371 0.8990
vn -0.3580 0.4401 0.8235
vn -0.2130 0.6652 0.7157
vn -0.5562 0.2982 0.7757
vn -0.4491 0.4141 0.7917
vn -0.3918 0.5990 0.6983
vn -0.5728 0.3848 0.7238
vn -0.6233 0.1929 0.7578
vn -0.6941 0.1619 0.7014
vn -0.7679 -0.1348 0.6262
vn -0.7900 -0.2076 0.5769
vn -0.3003 -0.8574 -0.4179
vn -0.6690 -0.7412 0.0552
vn -0.3545 -0.8714 -0.3391
vn -0.6653 -0.7363 0.1232
vn 0.3385 -0.9344 -0.1109
vn 0.3325 -0.9055 0.2637
vn -0.3995 -0.9040 0.1524
vn -0.1602 -0.9606 -0.2269
vn 0.0281 -0.6018 0.7982
vn -0.6337 -0.4008 0.6617
vn -0.4518 0.1178 0.8843
vn -0.2193 0.4116 0.8846
vn 0.3694 -0.1885 0.9099
vn 0.5590 0.1390 0.8174
vn 0.7474 -0.5492 0.3739
vn 0.9103 -0.2341 0.3414
vn 0.7301 -0.6829 -0.0236
vn 0.9078 -0.4174 0.0416
vn 0.7223 0.5471 0.4230
vn 0.1636 0.7528 0.6376
vn -0.0074 0.6494 0.7604
vn 0.6801 0.4022 0.6130
vn -0.0925 -0.9175 -0.3867
vn 0.2979 -0.8796 -0.3709
vn -0.2365 -0.8687 -0.4352
vn 0.1713 -0.8335 -0.5252
vn 0.9839 0.0017 0.1787
vn 0.9811 0.1657 0.1001
vn 0.9430 -0.3072 -0.1279
vn 0.9528 -0.2127 -0.2166
vn 0.7168 -0.6336 -0.2910
vn 0.6992 -0.5499 -0.4569
vn -0.3510 -0.8332 0.4273
vn -0.6145 -0.5556 0.5600
vn -0.7587 -0.5218 0.3900
vn -0.5205 -0.8143 0.2570
vn -0.0466 -0.9844 -0.1699
vn -0.2530 -0.9653 -0.0643
vn -0.2513 -0.9668 -0.0470
vn -0.0416 -0.9886 -0.1449
vn -0.1907 -0.9813 0.0253
vn -0.0340 -0.9987 -0.0391
vn -0.0203 -0.9962 -0.0842
vn -0.2214 -0.9752 0.0016
vn -0.8283 0.0941 0.5523
vn -0.9316 0.0664 0.3574
vn -0.6281 0.7405 0.2390
vn -0.7149 0.6749 0.1826
vn -0.6064 -0.7831 0.1382
vn -0.8357 -0.4729 0.2793
vn -0.8552 -0.3833 0.3488
vn -0.5699 -0.8064 0.1578
vn -0.5304 -0.8241 0.1988
vn -0.8408 -0.3220 0.4353
vn -0.7627 -0.3690 0.5312
vn -0.4942 -0.8265 0.2696
vn -0.9521 0.1429 0.2703
vn -0.8836 0.2907 0.3672
vn -0.7434 0.6255 0.2369
vn -0.7235 0.5782 0.3773
vn -0.5756 0.7592 0.3039
vn -0.6393 0.6689 0.3793
vn -0.6286 0.4688 0.6206
vn -0.6608 0.3593 0.6590
vn -0.7738 0.3827 0.5048
vn -0.6766 0.3015 0.6718
vn -0.6300 0.5734 0.5237
vn -0.4830 0.5790 0.6569
vn -0.6119 -0.0507 0.7893
vn -0.6481 -0.0729 0.7581
vn -0.3778 -0.7494 0.5437
vn -0.5260 -0.6534 0.5445
vn -0.6696 0.5631 0.4843
vn -0.6885 0.4573 0.5629
vn -0.6648 0.2765 0.6939
vn -0.6686 0.2189 0.7107
vn -0.6199 0.4376 0.6513
vn -0.4826 0.4853 0.7291
vn -0.6075 0.2149 0.7647
vn -0.4749 0.2404 0.8466
vn -0.0584 -0.9957 0.0722
vn -0.2116 -0.9739 0.0817
vn -0.0951 -0.9942 0.0505
vn -0.3497 -0.9353 0.0539
vn -0.6653 -0.0610 0.7441
vn -0.6602 -0.0195 0.7508
vn -0.5872 -0.5270 0.6144
vn -0.5977 -0.4267 0.6787
vn -0.5657 0.0209 0.8243
vn -0.4018 0.0339 0.9151
vn -0.4521 -0.3168 0.8338
vn -0.2632 -0.2457 0.9329
vn -0.5819 -0.6578 0.4782
vn -0.7773 -0.5428 0.3181
vn -0.7425 -0.3112 0.5932
vn -0.8471 -0.3665 0.3849
vn -0.3136 -0.9227 0.2242
vn -0.4866 -0.8565 0.1718
vn -0.4619 -0.7906 0.4020
vn -0.3270 -0.8501 0.4127
vn -0.2350 -0.6997 0.6747
vn -0.2157 -0.4478 0.8677
vn -0.4147 -0.5962 0.6874
vn -0.4939 -0.2110 0.8435
vn -0.8018 -0.4776 0.3592
vn -0.7416 -0.4032 0.5362
vn -0.8297 -0.3903 0.3990
vn -0.7727 -0.3455 0.5325
vn -0.6713 -0.2595 0.6942
vn -0.6634 -0.0547 0.7463
vn -0.7213 -0.2630 0.6407
vn -0.6940 -0.1566 0.7028
vn -0.8689 0.3910 0.3037
vn -0.9595 0.2443 0.1406
vn -0.6697 0.5548 0.4937
vn -0.8446 -0.0223 0.5349
vn -0.9150 -0.1454 0.3764
vn -0.8949 -0.3909 0.2151
vn -0.6845 0.1008 0.7220
vn -0.4817 0.6263 0.6130
vn -0.4925 0.5766 0.6519
vn -0.4666 0.1934 0.8631
vn -0.6682 0.1615 0.7263
vn -0.7697 -0.0086 0.6384
vn -0.6424 -0.2004 0.7397
vn -0.4956 -0.0269 0.8681
vn -0.7069 -0.3633 0.6069
vn -0.8246 -0.1790 0.5367
vn -0.5850 0.5200 0.6224
vn -0.6315 0.5439 0.5527
vn -0.4346 0.3195 0.8421
vn -0.3706 0.2338 0.8989
vn -0.6690 0.5809 0.4637
vn -0.7438 0.3810 0.5492
vn -0.3483 0.0602 0.9354
vn -0.2695 0.1369 0.9532
vn -0.4524 0.3576 0.8170
vn -0.5481 0.2693 0.7919
vn -0.5944 0.3362 0.7305
vn -0.5164 0.2119 0.8297
vn -0.8364 0.2033 0.5090
vn -0.7818 0.4004 0.4781
vn -0.2688 0.2402 0.9328
vn -0.3751 0.3624 0.8532
vn -0.4317 0.5298 0.7300
vn -0.3993 0.4437 0.8023
vn -0.6444 0.5984 0.4761
vn -0.5077 0.5404 0.6710
vn -0.5445 0.6882 0.4795
vn -0.4549 0.6349 0.6245
vn -0.9008 0.3926 0.1855
vn -0.9436 0.3197 0.0861
vn -0.9568 -0.0316 0.2889
vn -0.9079 0.0725 0.4128
vn -0.9786 -0.0397 0.2018
vn -0.9574 0.2851 0.0451
vn -0.8859 -0.3249 0.3310
vn -0.8549 -0.2966 0.4257
vn -0.7768 0.5282 0.3430
vn -0.8334 0.4742 0.2839
vn -0.8388 0.2145 0.5004
vn -0.7523 0.3429 0.5626
vn -0.6681 0.6529 0.3569
vn -0.7108 0.5886 0.3850
vn -0.6721 0.4374 0.5974
vn -0.6060 0.5116 0.6091
vn -0.6454 0.7043 0.2958
vn -0.5459 0.5935 0.5914
vn -0.5326 0.6614 0.5282
vn -0.6775 0.6889 0.2576
vn -0.6993 0.7027 -0.1312
vn -0.7411 0.6602 -0.1223
vn -0.6642 0.7384 -0.1167
vn -0.3729 0.8855 -0.2773
vn -0.3827 0.8894 -0.2499
vn -0.4123 0.8805 -0.2341
vn -0.6494 0.7557 -0.0844
vn -0.6694 0.7396 -0.0698
vn -0.4313 0.8279 -0.3586
vn -0.3983 0.8647 -0.3059
vn -0.6484 0.7585 -0.0656
vn -0.6415 0.7582 -0.1164
vn -0.5187 0.7212 -0.4591
vn -0.4755 0.7832 -0.4005
vn -0.6827 0.7078 -0.1816
vn -0.6042 0.6074 -0.5157
vn -0.8125 0.5436 -0.2104
vn -0.7446 0.3686 -0.5565
vn -0.9279 0.3259 -0.1811
vn -0.8064 0.0607 -0.5882
vn -0.7493 0.6000 0.2804
vn -0.8330 0.4665 0.2975
vn -0.9833 0.0195 -0.1810
vn -0.7528 -0.2961 -0.5879
vn -0.9110 -0.3780 -0.1646
vn -0.6212 -0.6550 -0.4302
vn -0.9462 0.2189 0.2383
vn -0.9677 -0.0853 0.2372
vn -0.7481 -0.6631 0.0255
vn -0.4766 -0.8704 -0.1236
vn -0.6193 -0.7530 0.2224
vn -0.3791 -0.9116 0.1588
vn -0.9370 -0.2077 0.2809
vn -0.9459 -0.2132 0.2445
vn -0.5740 -0.7470 0.3354
vn -0.3164 -0.8915 0.3241
vn -0.5252 -0.7515 0.3993
vn -0.2840 -0.8529 0.4380
vn -0.9305 -0.2920 0.2213
vn -0.8770 -0.3861 0.2861
vn -0.5065 -0.7107 0.4883
vn -0.2982 -0.7683 0.5664
vn -0.5735 -0.5450 0.6117
vn -0.7568 -0.0675 0.6501
vn -0.6049 -0.0316 0.7957
vn -0.4047 -0.5178 0.7537
vn -0.8208 -0.4278 0.3786
vn -0.8881 -0.1626 0.4298
vn -0.7996 0.3764 0.4679
vn -0.6865 0.6933 0.2192
vn -0.9191 0.2882 0.2687
vn -0.7958 0.5968 0.1024
vn -0.5578 0.7588 0.3364
vn -0.6586 0.4408 0.6099
vn -0.6757 0.7266 -0.1248
vn -0.5227 0.8503 -0.0613
vn -0.6995 0.6676 -0.2551
vn -0.4598 0.8609 -0.2180
vn -0.3946 0.9182 0.0357
vn -0.2673 0.9499 -0.1620
vn -0.5338 0.8169 -0.2184
vn -0.2550 0.9394 -0.2291
vn -0.8250 0.5361 -0.1787
vn -0.9070 0.4184 -0.0487
vn -0.6578 0.7336 -0.1707
vn -0.3490 0.9023 -0.2532
vn -0.4144 0.8754 -0.2490
vn -0.7361 0.6609 -0.1461
vn -0.9508 0.3098 0.0007
vn -0.4745 -0.6460 -0.5980
vn -0.4493 -0.5293 -0.7197
vn -0.4654 -0.1292 -0.8756
vn -0.5747 -0.2644 -0.7745
vn -0.3773 -0.9046 -0.1983
vn -0.4065 -0.8767 -0.2571
vn -0.3142 -0.9398 0.1340
vn -0.2777 -0.9096 0.3092
vn -0.2625 -0.9147 0.3073
vn -0.3064 -0.9453 0.1122
vn -0.2637 -0.8579 0.4410
vn -0.2581 -0.8596 0.4410
vn -0.2638 -0.7552 0.6001
vn -0.2855 -0.7168 0.6362
vn -0.3644 -0.4765 0.8001
vn -0.4761 0.0242 0.8791
vn -0.4309 0.0887 0.8980
vn -0.3967 -0.3987 0.8268
vn -0.5018 0.4742 0.7234
vn -0.4330 0.7860 0.4413
vn -0.3166 0.8258 0.4667
vn -0.3913 0.5265 0.7547
vn -0.2897 0.9504 0.1135
vn -0.1645 0.9789 -0.1209
vn -0.1048 0.9878 -0.1150
vn -0.1979 0.9717 0.1288
vn -0.0546 0.9559 -0.2886
vn -0.0521 0.9575 -0.2836
vn -0.1650 0.9451 -0.2822
vn -0.1535 0.9474 -0.2807
vn -0.0529 0.9557 -0.2895
vn -0.1485 0.9464 -0.2868
vn -0.1243 0.9617 -0.2442
vn -0.0598 0.9646 -0.2568
vn -0.4554 -0.8881 0.0621
vn -0.6210 -0.7128 -0.3261
vn -0.3316 -0.8949 0.2987
vn -0.7463 -0.6656 0.0055
vn -0.6655 -0.6940 0.2746
vn -0.8586 -0.3739 -0.3508
vn -0.3238 -0.8260 0.4614
vn -0.6333 -0.6055 0.4820
vn -0.4129 -0.5850 0.6981
vn -0.6842 -0.2844 0.6716
vn -0.4903 -0.2200 0.8433
vn -0.4687 0.2318 0.8524
vn -0.5772 0.4231 0.6985
vn -0.6521 0.0184 0.7579
vn -0.2654 0.9404 0.2126
vn -0.4211 0.7433 0.5197
vn -0.3696 0.6330 0.6802
vn -0.2563 0.8899 0.3774
vn -0.1321 0.9893 0.0618
vn -0.0621 0.9860 -0.1550
vn -0.0729 0.9763 -0.2040
vn -0.1358 0.9899 -0.0404
vn -0.0304 0.9629 -0.2680
vn -0.0446 0.9605 -0.2747
vn -0.0219 0.9580 -0.2860
vn -0.0429 0.9588 -0.2807
vn -0.1830 0.9210 -0.3438
vn -0.2377 0.8892 -0.3910
vn -0.2922 0.8544 -0.4297
vn -0.2290 0.8518 -0.4711
vn -0.1740 0.8882 -0.4253
vn -0.1198 0.9231 -0.3655
vn -0.7008 0.7096 -0.0731
vn -0.2062 0.9507 -0.2318
vn -0.1250 0.9568 -0.2625
vn -0.1949 0.9434 -0.2683
vn -0.9048 0.1888 0.3818
vn -0.8055 0.3130 0.5031
vn -0.7158 0.6039 0.3507
vn -0.3552 0.7885 -0.5020
vn -0.2851 0.8100 -0.5124
vn -0.4245 0.7066 -0.5661
vn -0.3331 0.7342 -0.5916
vn -0.9560 0.2275 -0.1854
vn -0.9812 -0.1913 0.0268
vn -0.9871 -0.0692 0.1441
vn -0.9155 -0.1897 0.3547
vn -0.5356 0.7882 0.3032
vn -0.3828 0.9235 0.0231
vn -0.2202 0.9703 -0.1003
vn -0.0229 0.9572 -0.2885
vn -0.0369 0.9563 -0.2901
vn -0.0342 0.9529 -0.3013
vn -0.0478 0.9479 -0.3150
vn -0.1221 0.9526 -0.2786
vn -0.1551 0.9497 -0.2721
vn -0.7329 0.1266 -0.6685
vn -0.7758 0.5011 -0.3834
vn -0.4324 0.7954 -0.4246
vn -0.3573 0.6384 -0.6818
vn -0.1555 0.9424 -0.2962
vn -0.0751 0.9469 -0.3126
vn -0.1997 0.8531 -0.4820
vn -0.1212 0.9107 -0.3948
vn -0.2348 0.8039 -0.5465
vn -0.1541 0.8654 -0.4768
vn -0.0810 0.9157 -0.3936
vn -0.0718 0.9360 -0.3446
vn -0.5253 0.5666 -0.6348
vn -0.3892 0.5839 -0.7125
vn -0.5894 0.3462 -0.7299
vn -0.4119 0.4786 -0.7754
vn -0.4610 0.1771 -0.8695
vn -0.6148 0.0161 -0.7885
vn -0.2513 0.7176 -0.6495
vn -0.1752 0.8153 -0.5519
vn -0.2728 0.5921 -0.7582
vn -0.3252 0.3513 -0.8780
vn -0.4301 0.1842 -0.8838
vn -0.5863 -0.2919 -0.7557
vn -0.1285 0.8989 -0.4189
vn -0.7173 -0.4999 0.4855
vn -0.6917 -0.6102 0.3863
vn -0.9902 0.0305 0.1360
vn -0.9865 0.1513 0.0630
vn -0.9129 -0.2918 0.2855
vn -0.9517 -0.2516 0.1759
vn -0.9613 0.2470 -0.1217
vn -0.9823 -0.1751 -0.0665
vn -0.8773 0.4004 -0.2647
vn -0.9597 0.0252 -0.2798
vn -0.8305 0.5201 -0.1993
vn -0.9209 0.2338 -0.3120
vn -0.8915 0.4520 -0.0300
vn -0.9264 0.2680 -0.2644
vn -0.9731 0.1942 0.1241
vn -0.9892 0.0788 -0.1237
vn -0.9648 -0.1591 0.2092
vn -0.9963 -0.0800 0.0324
vn -0.9256 0.0317 -0.3772
vn -0.9382 -0.1706 -0.3012
vn -0.8867 0.2448 -0.3923
vn -0.9906 0.0726 0.1160
vn -0.9754 -0.1377 0.1720
vn -0.9933 0.0379 0.1092
vn -0.9461 0.3177 0.0624
vn -0.9813 0.1853 0.0520
vn -0.8746 0.4840 -0.0290
vn -0.9540 0.2697 0.1312
vn -0.8032 0.5930 0.0561
vn -0.9138 0.2982 0.2758
vn -0.7172 0.6401 0.2756
vn -0.8373 0.3892 0.3841
vn -0.5502 0.6939 0.4645
vn -0.5665 0.6586 0.4953
vn -0.4583 0.6263 0.6306
vn -0.4124 0.6900 0.5948
vn -0.6161 0.6056 0.5036
vn -0.3818 0.5539 0.7399
vn -0.3557 0.6644 0.6573
vn -0.7139 0.5286 0.4592
vn -0.4584 0.7134 0.5300
vn -0.3534 0.8051 0.4764
vn -0.3137 0.7776 0.5449
vn -0.1341 0.8932 0.4292
vn -0.1217 0.8690 0.4796
vn -0.1301 0.8467 0.5159
vn -0.2544 0.7838 0.5665
vn -0.2343 0.7954 0.5590
vn -0.1445 0.8424 0.5192
vn -0.0811 0.8987 0.4310
vn -0.0444 0.8702 0.4907
vn -0.2023 0.8410 0.5018
vn -0.0887 0.8538 0.5129
vn -0.0725 0.8711 0.4857
vn -0.1209 0.8720 0.4744
vn -0.0976 0.8823 0.4604
vn -0.1131 0.9021 0.4164
vn -0.2298 0.8306 0.5072
vn -0.2321 0.8668 0.4414
vn -0.4229 0.8681 0.2599
vn -0.3543 0.8332 0.4245
vn -0.7637 0.6121 0.2051
vn -0.6304 0.7758 0.0278
vn -0.7900 0.6131 -0.0079
vn -0.8829 0.4469 0.1438
vn -0.9061 0.4162 0.0754
vn -0.8943 0.4418 0.0716
vn -0.9273 0.3718 0.0425
vn -0.9445 0.3057 -0.1200
vn -0.8112 0.5724 -0.1194
vn -0.9496 0.1001 -0.2972
vn -0.8588 0.5124 0.0013
vn -0.7368 0.6444 -0.2045
vn -0.6618 0.7126 -0.2328
vn -0.7623 0.6413 -0.0876
vn -0.9000 0.3959 0.1825
vn -0.7835 0.6207 0.0298
vn -0.8380 0.4118 0.3581
vn -0.8002 0.5343 0.2723
vn -0.6328 0.7551 -0.1716
vn -0.6392 0.7632 -0.0942
vn -0.2948 0.6643 0.6869
vn -0.3391 0.2275 0.9128
vn -0.6545 0.1885 0.7322
vn -0.5732 0.4558 0.6809
vn -0.6357 0.7687 -0.0707
vn -0.7600 0.5465 0.3518
vn -0.7097 0.5220 0.4732
vn -0.6826 0.7279 -0.0653
vn -0.7218 0.6791 -0.1338
vn -0.7464 0.6639 -0.0454
vn -0.6020 0.5959 0.5315
vn -0.6627 0.7168 -0.2169
vn -0.2855 -0.0385 0.9576
vn -0.1245 0.1457 0.9815
vn 0.2796 -0.2454 0.9282
vn 0.0592 -0.0791 0.9951
vn -0.5161 0.0438 0.8554
vn -0.2202 0.0012 0.9755
vn 0.5377 -0.2580 0.8027
vn 0.4308 -0.2905 0.8544
vn 0.2935 0.0341 0.9553
vn 0.6487 -0.2402 0.7221
vn -0.0376 0.6928 0.7201
vn -0.1750 0.5220 0.8348
vn -0.5707 0.6640 0.4831
vn -0.4708 0.8350 0.2847
vn 0.3461 0.2996 0.8891
vn -0.1108 0.5953 0.7958
vn -0.0060 0.7339 0.6792
vn 0.4407 0.4380 0.7835
vn -0.6584 0.5882 0.4696
vn -0.0824 0.7645 0.6393
vn -0.4193 0.8174 0.3950
vn -0.7694 0.5508 0.3235
vn -0.6716 0.7015 0.2385
vn -0.7804 0.5247 0.3402
vn -0.0635 0.5176 0.8533
vn -0.0310 0.2371 0.9710
vn -0.6540 0.4856 0.5801
vn -0.5518 0.2515 0.7951
vn -0.1439 0.3965 0.9067
vn -0.4447 0.1859 0.8762
vn -0.8119 0.4999 0.3016
vn -0.8079 0.4875 0.3312
vn -0.8018 0.5099 0.3117
vn -0.7969 0.4808 0.3659
vn -0.8167 0.1856 0.5464
vn -0.7676 0.0641 0.6377
vn -0.6509 0.0550 0.7571
vn -0.7231 0.1793 0.6671
vn -0.7950 0.4960 0.3491
vn -0.7168 0.6588 0.2283
vn -0.7446 0.6295 0.2220
vn -0.8062 0.4804 0.3455
vn -0.8011 0.5095 0.3142
vn -0.8090 0.4757 0.3452
vn -0.7989 0.4712 0.3738
vn -0.7980 0.5113 0.3190
vn -0.8026 0.4860 0.3459
vn -0.8071 0.4836 0.3387
vn -0.7726 0.4905 0.4032
vn -0.8021 0.4802 0.3550
vn -0.7403 0.6319 0.2294
vn -0.6962 0.6680 0.2626
vn -0.8569 0.2508 0.4503
vn -0.7261 0.4509 0.5191
vn -0.8379 0.1910 0.5112
vn -0.8668 0.2125 0.4512
vn -0.6149 0.7333 0.2902
vn -0.7060 0.5383 0.4602
vn -0.1903 0.7933 0.5783
vn -0.2909 0.5673 0.7704
vn -0.2431 0.7717 0.5877
vn -0.5142 0.5613 0.6485
vn -0.7891 0.4718 0.3933
vn -0.8294 0.4090 0.3805
vn -0.8158 0.4722 0.3339
vn -0.8017 0.5002 0.3271
vn -0.7152 0.4019 0.5718
vn -0.4584 0.6792 0.5732
vn -0.7933 0.3831 0.4732
vn -0.7313 0.4261 0.5326
vn -0.3076 0.4294 0.8491
vn -0.5785 0.5568 0.5961
vn -0.7779 0.4773 0.4087
vn -0.7024 0.5018 0.5048
vn -0.8052 0.4773 0.3519
vn -0.9969 -0.0647 -0.0445
vn -0.8379 -0.5244 -0.1515
vn -0.9582 -0.2848 0.0266
vn -0.8533 -0.5215 0.0042
vn -0.5763 -0.8073 -0.1269
vn -0.4033 -0.9082 -0.1118
vn -0.5806 -0.8134 -0.0351
vn -0.3985 -0.9119 -0.0985
vn -0.6200 -0.7086 0.3369
vn -0.5648 -0.7215 0.4006
vn -0.6716 -0.6834 0.2861
vn -0.5495 -0.7688 0.3272
vn -0.8164 -0.5768 0.0294
vn -0.5949 -0.7951 0.1175
vn -0.8939 -0.3727 -0.2492
vn -0.6746 -0.7199 -0.1634
vn -0.8786 -0.0345 -0.4764
vn -0.8958 -0.1373 -0.4227
vn -0.7174 -0.5132 -0.4712
vn -0.8593 0.0871 -0.5041
vn -0.8079 -0.5443 0.2261
vn -0.6886 -0.7150 0.1209
vn -0.5375 -0.8034 0.2561
vn -0.3979 -0.9078 0.1325
vn -0.4111 -0.9114 0.0212
vn -0.2635 -0.9623 -0.0672
vn -0.2087 -0.9780 0.0032
vn -0.1374 -0.9867 -0.0868
vn -0.3533 -0.9266 0.1289
vn -0.1748 -0.9826 0.0622
vn -0.2899 -0.9570 -0.0140
vn -0.0541 -0.9980 0.0325
vn -0.0010 -0.9968 -0.0804
vn -0.3387 -0.8918 -0.3001
vn -0.2495 -0.9584 -0.1388
vn -0.1570 -0.9747 -0.1590
vn -0.1708 -0.9679 -0.1845
vn -0.2526 -0.9521 -0.1725
vn -0.2098 -0.9587 -0.1922
vn -0.1479 -0.9760 -0.1600
vn -0.0899 -0.9858 -0.1419
vn -0.1569 -0.9590 -0.2361
vn -0.0706 -0.9560 -0.2849
vn 0.0506 -0.9596 -0.2769
vn 0.0212 -0.9914 -0.1295
vn 0.1156 -0.9837 -0.1377
vn 0.2753 -0.9493 -0.1516
vn 0.2931 -0.9436 -0.1543
vn 0.2499 -0.9525 -0.1742
vn 0.3024 -0.9497 -0.0811
vn 0.3167 -0.9444 -0.0881
vn 0.2969 -0.9438 -0.1453
vn 0.2980 -0.9376 -0.1791
vn 0.2324 -0.9312 -0.2808
vn 0.1868 -0.9406 -0.2834
vn 0.0339 -0.8851 -0.4641
vn -0.2011 -0.7796 -0.5931
vn -0.0625 -0.8808 -0.4694
vn 0.1253 -0.9651 -0.2299
vn -0.1849 -0.7638 -0.6184
vn 0.0024 -0.8682 -0.4961
vn 0.1077 -0.8982 -0.4263
vn -0.0970 -0.8014 -0.5902
vn -0.2915 -0.7104 -0.6405
vn -0.3198 -0.7036 -0.6346
vn -0.0693 -0.8933 -0.4442
vn -0.2263 -0.7798 -0.5837
vn -0.2855 -0.7821 -0.5539
vn -0.1735 -0.8912 -0.4191
vn -0.3339 -0.7097 -0.6203
vn -0.3653 -0.7040 -0.6091
vn -0.4068 -0.7515 -0.5193
vn -0.4060 -0.6843 -0.6057
vn -0.5750 -0.2998 -0.7613
vn -0.7383 -0.3095 -0.5992
vn 0.1288 -0.9589 -0.2527
vn 0.1714 -0.9542 -0.2453
vn 0.1652 -0.9741 -0.1546
vn 0.2131 -0.9664 -0.1434
vn 0.2097 -0.9520 -0.2231
vn 0.2653 -0.9580 -0.1085
vn 0.2352 -0.9704 -0.0555
vn 0.2665 -0.9637 0.0148
vn 0.0597 -0.9980 -0.0184
vn 0.1307 -0.9911 -0.0266
vn -0.0690 -0.9940 -0.0844
vn 0.1562 -0.9862 -0.0541
vn 0.2024 -0.9789 -0.0283
vn 0.2506 -0.9680 0.0139
vn -0.1199 -0.9750 -0.1872
vn -0.1668 -0.9607 -0.2220
vn -0.0772 -0.9922 -0.0979
vn -0.0300 -0.9941 -0.1042
vn -0.0855 -0.9728 -0.2155
vn -0.0802 -0.9966 -0.0190
vn -0.0140 -0.9997 -0.0186
vn 0.0457 -0.9976 -0.0514
vn 0.0132 -0.9948 -0.1013
vn -0.0235 -0.9854 -0.1686
vn -0.1549 -0.9734 -0.1686
vn 0.2737 0.9549 0.1154
vn -0.0677 0.9804 0.1849
vn -0.0855 0.9929 0.0829
vn 0.2178 0.9760 -0.0046
vn -0.1450 0.9874 0.0628
vn 0.2260 0.9741 -0.0031
vn -0.1567 0.9805 0.1188
vn -0.1306 0.9769 0.1690
vn 0.2381 0.9685 0.0735
vn 0.2361 0.9708 0.0424
vn -0.0780 0.9785 0.1910
vn -0.0489 0.9806 0.1897
vn 0.2144 0.9743 0.0692
vn 0.2348 0.9695 0.0705
vn -0.0691 0.9902 0.1217
vn -0.0448 0.9984 0.0343
vn 0.1785 0.9838 -0.0167
vn 0.1222 0.9865 -0.1094
vn -0.0972 0.9761 0.1943
vn 0.2924 0.9103 0.2930
vn 0.7833 0.6202 0.0428
vn 0.6470 0.7427 0.1723
vn 0.6215 0.7824 -0.0401
vn 0.7981 0.5862 -0.1393
vn 0.6008 0.7940 -0.0924
vn 0.8033 0.5791 -0.1390
vn 0.6358 0.7678 -0.0794
vn 0.7542 0.6389 -0.1517
vn 0.6265 0.7710 -0.1142
vn 0.6972 0.7061 -0.1240
vn 0.6149 0.7867 -0.0554
vn 0.5765 0.8156 -0.0494
vn 0.4521 0.8762 -0.1668
vn 0.5351 0.8372 -0.1130
vn 0.5230 0.8487 -0.0792
vn 0.4598 0.8813 -0.1090
vn 0.2986 0.9372 -0.1801
vn 0.3506 0.9238 -0.1540
vn 0.1525 0.9644 -0.2161
vn 0.0745 0.9715 -0.2249
vn 0.6510 0.7566 -0.0610
vn 0.4762 0.8716 -0.1162
vn 0.0968 0.9947 -0.0350
vn 0.0824 0.9963 -0.0244
vn 0.4694 0.8757 -0.1132
vn 0.4249 0.8977 -0.1169
vn -0.0850 0.9961 0.0251
vn -0.0867 0.9960 0.0237
vn 0.0112 0.9989 -0.0459
vn 0.0911 0.9949 -0.0422
vn 0.3614 0.9262 -0.1073
vn 0.2538 0.9606 -0.1136
vn -0.1084 0.9936 0.0306
vn -0.1658 0.9861 0.0067
vn 0.1039 0.9869 -0.1234
vn -0.0993 0.9939 -0.0478
vn -0.0562 0.9910 -0.1214
vn -0.1678 0.9855 -0.0265
vn -0.2293 0.9734 -0.0015
vn -0.1984 0.9796 0.0313
vn -0.0769 0.9942 0.0746
vn -0.0879 0.9961 0.0118
vn -0.0255 0.9996 0.0102
vn -0.0079 0.9983 0.0581
vn -0.0580 0.9957 -0.0724
vn 0.0065 0.9991 -0.0417
vn 0.0059 0.9899 -0.1419
vn 0.0429 0.9959 -0.0800
vn 0.0308 0.9994 0.0177
vn 0.0475 0.9986 -0.0225
vn 0.0434 0.9883 -0.1460
vn 0.0706 0.9923 -0.1014
vn 0.0576 0.9905 -0.1252
vn 0.0427 0.9828 -0.1795
vn -0.0221 0.9996 -0.0189
vn -0.0859 0.9917 -0.0952
vn 0.0352 0.9960 -0.0819
vn -0.0196 0.9797 -0.1993
vn -0.2105 0.9551 -0.2086
vn -0.3694 0.8970 -0.2427
vn -0.1546 0.9158 -0.3706
vn -0.0549 0.9478 -0.3140
vn -0.1159 0.9343 -0.3372
vn -0.1963 0.8866 -0.4188
vn -0.4645 0.8580 -0.2191
vn -0.6173 0.7455 -0.2514
vn -0.3345 0.7943 -0.5072
vn -0.2091 0.8942 -0.3959
vn -0.8175 0.3204 -0.4786
vn -0.5581 0.3596 -0.7478
vn -0.2586 0.8590 -0.4418
vn -0.3919 0.7233 -0.5685
vn -0.5423 -0.3900 -0.7442
vn -0.4297 -0.6461 -0.6308
vn -0.5756 0.2204 -0.7875
vn -0.6588 -0.0458 0.7509
vn -0.1684 0.4093 0.8967
vn -0.2320 -0.1259 0.9645
vn -0.4836 -0.3402 0.8064
vn -0.0455 -0.0378 0.9982
vn -0.4845 -0.3201 0.8141
vn -0.7698 -0.3204 0.5520
vn -0.8632 -0.2823 0.4185
vn -0.8289 -0.2050 0.5204
vn -0.8748 -0.1441 0.4626
vn -0.8447 -0.2958 0.4462
vn -0.7955 -0.2887 0.5328
vn -0.8463 -0.1640 0.5068
vn -0.8170 -0.1641 0.5528
vn -0.7644 -0.2365 0.5998
vn -0.7393 -0.1613 0.6538
vn -0.8000 -0.1371 0.5841
vn -0.7489 -0.1219 0.6514
vn 0.2038 0.9010 0.3831
vn 0.6428 0.7246 0.2485
vn 0.8703 0.4865 0.0766
vn 0.5902 0.7316 0.3412
vn 0.8827 0.4420 0.1596
vn 0.9951 0.0982 0.0092
vn 0.9836 0.0530 -0.1722
vn 0.9561 0.2790 -0.0892
vn 0.2156 0.1343 0.9672
vn -0.4341 -0.3276 0.8392
vn 0.5844 0.2402 0.7751
vn -0.2747 -0.4791 0.8337
vn -0.8578 -0.1220 0.4992
vn -0.8900 -0.1876 0.4156
vn -0.8817 -0.1070 0.4595
vn -0.8679 -0.0445 0.4947
vn -0.8435 -0.0774 0.5315
vn -0.8459 -0.1269 0.5181
vn -0.8244 -0.0724 0.5614
vn -0.8227 -0.1590 0.5458
vn -0.7949 -0.0823 0.6012
vn -0.7239 -0.1670 0.6694
vn -0.7592 -0.2625 0.5956
vn -0.6547 -0.3517 0.6691
vn -0.7026 -0.4324 0.5651
vn -0.5980 -0.5274 0.6035
vn -0.6468 -0.6001 0.4706
vn -0.7283 -0.5614 0.3931
vn -0.6235 -0.3628 0.6925
vn -0.5579 -0.4063 0.7236
vn -0.6069 -0.5615 0.5625
vn -0.6226 -0.6284 0.4663
vn -0.6848 -0.5158 0.5147
vn -0.6488 -0.6314 0.4248
vn -0.7740 -0.4035 0.4880
vn -0.7030 -0.5931 0.3924
vn -0.8322 -0.3365 0.4407
vn -0.7742 -0.5281 0.3490
vn -0.8839 -0.3046 0.3550
vn -0.8435 -0.4691 0.2617
vn 0.4212 -0.9051 -0.0588
vn 0.7692 -0.5991 -0.2222
vn 0.4061 -0.9118 -0.0610
vn 0.7988 -0.5729 -0.1836
vn 0.9361 -0.2985 -0.1860
vn 0.9435 -0.2326 -0.2360
vn 0.2674 -0.9615 0.0635
vn 0.9844 -0.0886 -0.1519
vn 0.9842 -0.0824 0.1570
vn 0.8769 -0.4807 -0.0010
vn 0.1678 -0.8907 0.4226
vn 0.8645 0.1228 0.4875
vn -0.0950 -0.6568 0.7481
vn -0.8878 -0.3131 0.3372
vn -0.8200 -0.4958 0.2860
vn 0.7349 -0.6755 0.0602
vn 0.5244 -0.8199 0.2297
vn 0.6610 -0.7497 -0.0320
vn 0.6424 -0.7505 0.1551
vn 0.6586 -0.7414 0.1289
vn 0.4948 -0.1023 0.8630
vn 0.3040 0.5524 0.7762
vn 0.6742 0.4662 0.5728
vn 0.8959 -0.1245 0.4264
vn 0.5718 -0.6801 0.4588
vn 0.7904 -0.5751 0.2110
vn 0.9690 0.1626 0.1861
vn 0.9926 -0.1129 -0.0447
vn 0.9390 -0.1981 -0.2812
vn 0.8722 -0.3016 -0.3851
vn 0.6706 -0.4828 -0.5632
vn 0.6382 -0.4861 -0.5970
vn 0.1511 -0.7613 -0.6306
vn 0.2135 -0.7288 -0.6506
vn -0.2616 -0.8329 -0.4877
vn -0.1815 -0.8142 -0.5514
vn -0.1570 -0.8596 -0.4863
vn -0.1550 -0.8907 -0.4273
vn 0.0524 -0.8265 -0.5606
vn -0.0131 -0.8767 -0.4809
vn -0.0181 -0.9223 -0.3861
vn -0.0148 -0.9102 -0.4140
vn -0.1568 -0.9181 -0.3641
vn -0.2118 -0.9220 -0.3240
vn -0.2867 -0.9171 -0.2770
vn -0.3654 -0.9115 -0.1888
vn -0.0402 -0.9660 -0.2554
vn -0.0297 -0.9399 -0.3400
vn -0.4078 -0.9095 -0.0810
vn -0.0650 -0.9856 -0.1558
vn -0.3891 -0.9199 0.0495
vn -0.0945 -0.9933 -0.0668
vn -0.3378 -0.9325 0.1282
vn -0.1000 -0.9943 -0.0376
vn -0.2597 -0.9600 0.1045
vn -0.0872 -0.9925 -0.0852
vn -0.1345 -0.9909 -0.0054
vn -0.0582 -0.9768 -0.2060
vn 0.0740 -0.9911 -0.1110
vn 0.0771 -0.9454 -0.3168
vn -0.5436 -0.8002 0.2533
vn -0.3935 -0.8835 0.2542
vn 0.1658 -0.9641 0.2076
vn 0.2533 -0.9497 0.1844
vn -0.8186 -0.5575 0.1381
vn -0.8102 -0.5581 0.1790
vn -0.7727 -0.6179 0.1458
vn -0.8215 -0.5523 0.1418
vn -0.6875 -0.6712 0.2771
vn -0.6821 -0.6503 0.3344
vn -0.7317 -0.6202 0.2827
vn -0.7371 -0.6387 0.2208
vn -0.5993 -0.7145 0.3609
vn -0.6256 -0.6743 0.3924
vn -0.6567 -0.6590 0.3667
vn -0.6525 -0.6882 0.3171
vn -0.6289 -0.6805 0.3760
vn -0.6721 -0.6804 0.2921
vn -0.5730 -0.7361 0.3603
vn -0.5844 -0.7534 0.3014
vn 0.8562 -0.5146 0.0447
vn 0.3512 -0.9034 0.2459
vn -0.0442 -0.9256 0.3760
vn 0.6428 -0.7402 0.1971
vn 0.8958 -0.4013 -0.1909
vn 0.5362 -0.8349 0.1241
vn 0.8045 -0.4559 -0.3808
vn 0.5494 -0.8345 -0.0420
vn 0.6458 -0.5586 -0.5205
vn 0.4149 -0.8829 -0.2199
vn 0.4748 -0.6489 -0.5945
vn 0.2756 -0.8942 -0.3529
vn 0.3566 -0.7300 -0.5830
vn 0.2141 -0.8888 -0.4051
vn 0.2736 -0.7885 -0.5509
vn 0.1758 -0.8801 -0.4410
vn 0.2328 -0.8239 -0.5168
vn 0.1850 -0.8916 -0.4132
vn 0.1928 -0.8599 -0.4727
vn 0.1919 -0.9277 -0.3202
vn 0.1143 -0.9898 -0.0850
vn 0.1626 -0.9676 -0.1931
vn 0.1678 -0.9072 -0.3859
vn 0.1552 -0.9513 -0.2664
vn 0.0536 -0.9985 0.0112
vn 0.0619 -0.9981 -0.0063
vn 0.1497 -0.9784 -0.1427
vn 0.1205 -0.9905 -0.0670
vn -0.0053 -0.9953 -0.0966
vn 0.0377 -0.9987 -0.0330
vn 0.0555 -0.9957 -0.0748
vn 0.0116 -0.9926 -0.1205
vn -0.1350 -0.9448 -0.2986
vn -0.0449 -0.9831 -0.1776
vn -0.0803 -0.9712 -0.2244
vn -0.1517 -0.9186 -0.3648
vn -0.1760 -0.9181 -0.3551
vn -0.0746 -0.9793 -0.1884
vn -0.0327 -0.9960 -0.0828
vn -0.2715 -0.9417 0.1989
vn -0.1596 -0.9787 0.1294
vn -0.1909 -0.9723 0.1352
vn -0.1843 -0.9780 0.0977
vn -0.1279 -0.9910 0.0388
vn -0.0304 -0.9995 -0.0067
vn -0.2562 -0.9651 0.0536
vn -0.1758 -0.9834 -0.0450
vn -0.1494 -0.9863 0.0705
vn -0.2421 -0.9575 0.1569
vn -0.0823 -0.9932 0.0819
vn -0.0769 -0.9970 0.0089
vn -0.2846 -0.9472 -0.1478
vn -0.2282 -0.9509 -0.2092
vn -0.2218 -0.9595 -0.1738
vn -0.2910 -0.9533 -0.0808
vn -0.1669 -0.9588 -0.2300
vn -0.1229 -0.9825 -0.1400
vn -0.2469 -0.9682 -0.0397
vn -0.1721 -0.9850 -0.0107
vn -0.2053 -0.9692 -0.1363
vn -0.2668 -0.9565 -0.1177
vn -0.2045 -0.9530 -0.2237
vn -0.2184 -0.9644 -0.1491
vn -0.0921 -0.9757 0.1990
vn -0.2193 -0.9686 0.1173
vn -0.2508 -0.9134 0.3207
vn -0.0328 -0.8996 0.4355
vn -0.2332 -0.9715 -0.0415
vn -0.2946 -0.9529 0.0719
vn -0.5063 -0.6765 0.5349
vn -0.3180 -0.7482 0.5822
vn -0.1239 -0.8249 0.5516
vn -0.3880 -0.8015 0.4550
vn -0.4456 -0.8681 0.2189
vn -0.3789 -0.9164 0.1292
vn -0.7360 -0.5406 0.4074
vn -0.7578 -0.5463 0.3568
vn -0.5485 -0.6456 0.5314
vn -0.6294 -0.5828 0.5140
vn -0.5207 -0.8033 0.2890
vn -0.5347 -0.8042 0.2593
vn -0.8378 -0.5001 0.2189
vn -0.7347 -0.6332 0.2435
vn -0.6498 -0.7468 0.1418
vn -0.7908 -0.5927 0.1528
vn -0.4595 -0.8835 0.0911
vn -0.3902 -0.9207 -0.0075
vn -0.6990 -0.6950 0.1685
vn -0.5856 -0.8056 0.0898
vn -0.5671 -0.8199 0.0783
vn -0.6490 -0.7354 0.1949
vn -0.3999 -0.9131 -0.0790
vn -0.4293 -0.8971 -0.1045
vn -0.6183 -0.7539 0.2223
vn -0.5585 -0.8237 0.0978
vn -0.5442 -0.8290 0.1292
vn -0.5841 -0.7675 0.2643
vn -0.4408 -0.8929 -0.0914
vn -0.4294 -0.9007 -0.0664
vn -0.5567 -0.7702 0.3113
vn -0.5372 -0.8288 0.1567
vn -0.5664 -0.8045 0.1790
vn -0.5587 -0.7620 0.3275
vn -0.4207 -0.9050 -0.0627
vn -0.4673 -0.8763 -0.1174
vn -0.6224 -0.2146 0.7527
vn -0.6305 -0.1184 0.7671
vn -0.6165 -0.2107 0.7586
vn -0.5481 -0.0142 0.8363
vn -0.6144 -0.1776 0.7687
vn -0.5257 0.0137 0.8506
vn -0.6523 -0.3028 0.6948
vn -0.5493 -0.1872 0.8144
vn -0.0000 0.6738 0.7389
vn -0.3122 0.3862 0.8680
vn -0.4364 0.3394 0.8333
vn -0.1449 0.6377 0.7565
vn -0.1084 0.5234 0.8451
vn 0.0368 0.5152 0.8563
vn 0.2366 0.5412 0.8069
vn 0.1251 0.6140 0.7793
vn 0.2835 0.5028 0.8166
vn 0.0383 0.4451 0.8947
vn -0.3766 0.1587 0.9127
vn -0.4118 0.1446 0.8997
vn -0.2647 0.2691 0.9260
vn -0.1871 0.3689 0.9104
vn -0.4452 -0.0203 0.8952
vn -0.3452 0.1238 0.9303
vn -0.1452 0.3882 0.9101
vn -0.0747 0.5201 0.8508
vn -0.2538 0.2388 0.9373
vn -0.2142 0.3428 0.9147
vn -0.1115 0.4773 0.8716
vn -0.0893 0.5684 0.8179
vn -0.1764 0.5096 0.8421
vn -0.1996 0.5391 0.8183
vn -0.2092 0.4228 0.8818
vn -0.2230 0.4610 0.8589
vn -0.2870 0.4749 0.8319
vn -0.3426 0.4613 0.8184
vn -0.3546 0.4151 0.8378
vn -0.4153 0.4055 0.8143
vn -0.2394 0.4489 0.8609
vn -0.2289 0.4077 0.8840
vn -0.3088 0.4062 0.8600
vn -0.3770 0.4207 0.8252
vn -0.1560 0.4620 0.8730
vn -0.2620 0.4715 0.8421
vn -0.1490 0.3966 0.9058
vn -0.0707 0.5923 0.8026
vn -0.2913 0.4751 0.8303
vn -0.1865 0.5379 0.8221
vn -0.3967 0.3638 0.8428
vn -0.3136 0.5598 0.7670
vn -0.2139 0.5491 0.8079
vn -0.0893 0.6540 0.7512
vn -0.1724 0.6407 0.7482
vn 0.1207 0.5451 0.8296
vn 0.0650 0.4664 0.8822
vn 0.0911 0.5284 0.8441
vn -0.0648 0.6621 0.7466
vn -0.0969 0.6688 0.7371
vn -0.1788 0.5666 0.8043
vn -0.4510 0.3080 0.8377
vn -0.5187 0.1919 0.8331
vn -0.5531 0.2060 0.8073
vn -0.5285 0.2538 0.8101
vn -0.4267 0.2275 0.8753
vn -0.5017 0.3464 0.7927
vn -0.4883 0.3103 0.8156
vn -0.3881 0.4332 0.8135
vn -0.4451 0.4152 0.7934
vn -0.2523 0.3369 0.9071
vn -0.4091 0.3809 0.8292
vn -0.4447 0.4400 0.7801
vn -0.0931 0.6276 0.7729
vn -0.2031 0.5849 0.7853
vn -0.3494 0.5027 0.7907
vn -0.4381 0.4354 0.7864
vn -0.5325 0.1428 0.8343
vn -0.6596 -0.0122 0.7515
vn -0.6386 -0.0881 0.7644
vn -0.4993 0.0313 0.8659
vn 0.4928 0.3664 0.7892
vn 0.4152 0.1898 0.8897
vn 0.5247 0.4793 0.7036
vn 0.7802 0.2018 0.5921
vn 0.7611 0.4811 0.4350
vn 0.6459 -0.1801 0.7419
vn -0.6586 -0.5093 0.5539
vn -0.6510 0.0566 0.7570
vn -0.4730 -0.1877 0.8608
vn -0.4045 -0.6658 0.6270
vn -0.4801 0.4997 0.7210
vn -0.3594 0.2624 0.8955
vn -0.4508 -0.8489 0.2758
vn -0.1479 -0.9884 0.0356
vn -0.3160 -0.9041 0.2878
vn -0.0835 -0.9918 0.0972
vn -0.0517 -0.9984 0.0212
vn -0.0186 -0.9958 0.0895
vn 0.0886 -0.9850 0.1479
vn -0.0782 -0.9414 0.3280
vn 0.0254 -0.9854 0.1683
vn 0.1179 -0.9700 0.2126
vn 0.2132 -0.9600 0.1814
vn 0.0811 -0.9384 0.3359
vn -0.1420 -0.9528 0.2683
vn -0.1431 -0.8883 0.4364
vn 0.0108 -0.9337 0.3578
vn -0.0368 -0.9501 0.3097
vn 0.0998 -0.8734 0.4767
vn 0.2202 -0.9069 0.3592
vn -0.0224 -0.7010 0.7128
vn 0.1322 -0.6407 0.7563
vn 0.2539 -0.8132 0.5237
vn 0.4057 -0.8137 0.4164
vn 0.6269 -0.5929 0.5054
vn 0.4714 -0.6461 0.6003
vn 0.7439 -0.2903 0.6019
vn 0.8416 -0.1377 0.5222
vn 0.3379 -0.5029 0.7956
vn 0.7591 0.5723 0.3102
vn 0.8607 0.2109 0.4634
vn 0.8590 0.3501 0.3736
vn 0.7758 0.6067 0.1733
vn 0.6939 0.5190 -0.4992
vn 0.7369 0.6754 -0.0290
vn 0.6792 0.4141 -0.6060
vn 0.8515 0.2157 -0.4779
vn 0.8372 0.4545 -0.3042
vn 0.9468 0.3217 -0.0066
vn 0.9465 0.0474 -0.3193
vn 0.9923 -0.0635 -0.1067
vn 0.9638 0.0316 0.2646
vn -0.5644 0.2566 0.7846
vn -0.5891 0.1136 0.8000
vn -0.6382 0.0889 0.7648
vn -0.5683 0.2310 0.7897
vn -0.3585 0.2465 0.9004
vn -0.3945 0.3411 0.8532
vn -0.1660 0.5006 0.8496
vn -0.1937 0.5844 0.7880
vn -0.0691 0.6193 0.7821
vn -0.0840 0.6676 0.7397
vn -0.4509 0.4334 0.7803
vn -0.5044 0.3566 0.7864
vn -0.4777 0.3629 0.8001
vn -0.3565 0.5012 0.7885
vn -0.0904 0.6567 0.7487
vn -0.1898 0.6279 0.7548
vn -0.0254 0.4904 0.8711
vn -0.1919 0.4728 0.8600
vn -0.1325 -0.1692 0.9766
vn -0.0555 -0.0336 0.9979
vn -0.2023 0.2962 0.9334
vn 0.1696 0.0009 0.9855
vn -0.4018 0.4854 0.7765
vn -0.2709 0.3540 0.8952
vn -0.3375 0.2526 0.9068
vn -0.2327 0.2488 0.9402
vn -0.2669 0.0332 0.9632
vn -0.2203 0.0902 0.9713
vn -0.2159 -0.1678 0.9619
vn -0.3095 0.0494 0.9496
vn -0.3870 -0.1102 0.9155
vn -0.4930 0.1826 0.8507
vn -0.2420 0.2438 0.9391
vn -0.2352 0.1637 0.9581
vn -0.3609 0.2410 0.9009
vn -0.3496 0.3308 0.8766
vn -0.4775 0.3352 0.8122
vn -0.4346 0.4262 0.7934
vn -0.3237 0.5376 0.7786
vn -0.2924 0.4507 0.8434
vn -0.2411 0.3288 0.9131
vn -0.7728 0.0362 0.6336
vn -0.7668 0.3966 0.5047
vn -0.7815 0.0288 0.6232
vn -0.7877 0.3351 0.5169
vn -0.6325 0.7453 0.2109
vn -0.3570 0.9178 -0.1740
vn -0.7179 0.6564 0.2319
vn -0.4949 0.8515 -0.1733
vn 0.1638 0.7285 -0.6652
vn 0.2197 0.7773 -0.5896
vn 0.0759 0.8565 -0.5106
vn -0.0919 0.8410 -0.5331
vn 0.5061 0.6138 -0.6059
vn 0.5051 0.6466 -0.5716
vn 0.2191 0.7917 -0.5703
vn 0.2196 0.7276 -0.6500
vn 0.9527 -0.2962 -0.0675
vn 0.8553 -0.5180 0.0085
vn 0.6745 -0.6930 0.2546
vn 0.8530 -0.3924 0.3441
vn 0.2672 -0.9120 0.3113
vn 0.1195 -0.9408 0.3171
vn 0.4042 -0.8821 0.2419
vn 0.6226 -0.7660 0.1601
vn 0.9496 -0.1190 -0.2901
vn 0.9393 0.0625 -0.3373
vn 0.8005 0.3655 -0.4749
vn 0.8354 0.2860 -0.4694
vn 0.9630 -0.1527 -0.2221
vn 0.9272 -0.3481 -0.1381
vn 0.9700 -0.0133 -0.2427
vn 0.9507 -0.0714 -0.3017
vn 0.8357 0.2853 -0.4693
vn 0.8421 0.3013 -0.4474
vn 0.0105 -0.9385 0.3450
vn 0.1412 -0.9549 0.2612
vn 0.0681 -0.9287 0.3644
vn 0.1720 -0.9451 0.2778
vn 0.7863 -0.6178 0.0048
vn 0.4432 -0.8643 0.2378
vn 0.8809 -0.4606 -0.1089
vn 0.5904 -0.7868 0.1799
vn 0.9208 -0.3753 -0.1063
vn 0.6544 -0.7230 0.2215
vn 0.9502 -0.3111 -0.0153
vn 0.6728 -0.6612 0.3319
vn 0.2944 -0.9402 0.1713
vn 0.2969 -0.9340 0.1985
vn 0.1532 -0.9142 0.3753
vn 0.2400 -0.8913 0.3846
vn 0.2216 -0.9227 0.3153
vn 0.2771 -0.8964 0.3459
vn 0.3699 -0.7808 0.5035
vn 0.3100 -0.8506 0.4248
vn 0.3779 -0.8500 0.3669
vn 0.4651 -0.7596 0.4546
vn -0.3294 -0.6855 0.6493
vn -0.4349 -0.5437 0.7178
vn -0.4819 -0.5436 0.6873
vn -0.3224 -0.7416 0.5883
vn -0.6207 -0.3349 0.7089
vn -0.5412 -0.3970 0.7413
vn -0.2231 -0.8494 0.4783
vn -0.1893 -0.8328 0.5203
vn 0.3337 -0.9112 0.2416
vn 0.1169 -0.9093 0.3994
vn 0.3779 -0.8819 0.2817
vn 0.1476 -0.8705 0.4695
vn 0.4279 -0.8259 0.3670
vn 0.1761 -0.7852 0.5937
vn 0.4497 -0.7180 0.5313
vn 0.2161 -0.6420 0.7356
vn -0.7627 0.0011 0.6468
vn -0.8233 0.2837 0.4917
vn -0.6319 -0.1941 0.7504
vn -0.7119 0.0406 0.7011
vn -0.1647 -0.7946 0.5844
vn -0.3508 -0.6040 0.7156
vn -0.1487 -0.7278 0.6695
vn -0.3438 -0.5042 0.7922
vn -0.4126 -0.4638 0.7840
vn -0.4043 -0.3382 0.8498
vn -0.1065 -0.6166 0.7801
vn -0.3040 -0.4017 0.8638
vn -0.0379 -0.4941 0.8686
vn -0.2551 -0.3452 0.9032
vn -0.3845 -0.2748 0.8813
vn -0.6099 -0.0380 0.7916
vn -0.3760 -0.2835 0.8822
vn -0.5966 -0.1340 0.7913
vn -0.8225 0.5340 0.1957
vn -0.6374 0.7428 -0.2047
vn -0.8542 0.4264 0.2975
vn -0.6900 0.7116 -0.1325
vn -0.2687 0.8095 -0.5220
vn -0.3347 0.8250 -0.4553
vn 0.0477 0.7726 -0.6330
vn 0.1032 0.7251 -0.6808
vn -0.8413 0.3334 0.4255
vn -0.7190 0.6943 -0.0308
vn -0.8412 0.2678 0.4697
vn -0.7309 0.6811 0.0433
vn 0.2548 0.6775 -0.6900
vn 0.2888 0.6883 -0.6655
vn 0.5895 0.5620 -0.5802
vn 0.5338 0.5807 -0.6146
vn -0.4042 0.8653 -0.2966
vn -0.3741 0.8499 -0.3711
vn -0.0284 0.8618 -0.5065
vn 0.0052 0.8210 -0.5710
vn 0.8590 0.3161 -0.4027
vn 0.8868 0.3108 -0.3421
vn 0.9958 0.0560 -0.0725
vn 0.9871 0.0384 -0.1552
vn 0.7082 0.5353 -0.4603
vn 0.6472 0.5501 -0.5277
vn 0.3107 0.7145 -0.6269
vn 0.3354 0.7497 -0.5705
vn 0.6845 -0.4695 0.5577
vn 0.6952 -0.5626 0.4474
vn 0.9724 -0.2144 0.0920
vn 0.9590 -0.1826 0.2167
vn 0.3595 -0.6183 0.6989
vn 0.4471 -0.6651 0.5981
vn 0.3800 -0.6985 0.6063
vn 0.3485 -0.6176 0.7051
vn 0.9989 -0.0014 0.0477
vn 0.9990 0.0449 -0.0039
vn 0.9136 0.2913 -0.2836
vn 0.9352 0.2693 -0.2299
vn 0.3719 -0.6046 0.7044
vn 0.1915 -0.5254 0.8290
vn 0.2465 -0.5601 0.7909
vn 0.1239 -0.5158 0.8477
vn 0.8973 -0.2327 0.3750
vn 0.7996 -0.3629 0.4784
vn 0.3059 -0.5419 0.7828
vn 0.5408 -0.4696 0.6978
vn 0.2325 -0.5728 0.7860
vn 0.1152 -0.5525 0.8255
vn -0.0096 -0.4400 0.8979
vn -0.2118 -0.3719 0.9038
vn -0.0137 -0.4789 0.8778
vn -0.1569 -0.4480 0.8801
vn -0.3344 -0.3635 0.8695
vn -0.5428 -0.2392 0.8051
vn -0.2488 -0.4520 0.8566
vn -0.4024 -0.3596 0.8419
vn 0.0083 -0.5320 0.8467
vn -0.0397 -0.5265 0.8493
vn -0.1046 -0.5300 0.8415
vn -0.1995 -0.4875 0.8500
vn 0.2308 -0.5687 0.7895
vn 0.1507 -0.5615 0.8136
vn 0.7376 -0.3988 0.5448
vn 0.9914 -0.0218 0.1290
vn 0.9793 -0.0216 0.2011
vn 0.6990 -0.3945 0.5965
vn 0.6545 -0.3350 0.6778
vn 0.0557 -0.4804 0.8753
vn 0.9642 0.0237 0.2640
vn 0.8862 0.1802 0.4268
vn 0.4951 0.0300 0.8683
vn -0.1228 -0.2752 0.9535
vn 0.9535 0.2597 -0.1530
vn 0.7662 0.5261 -0.3689
vn 0.9617 0.2657 -0.0674
vn 0.7921 0.5454 -0.2740
vn 0.3857 0.7762 -0.4987
vn 0.4222 0.8093 -0.4084
vn -0.0235 0.8837 -0.4674
vn 0.0165 0.9039 -0.4275
vn -0.3958 -0.2589 0.8811
vn -0.5591 0.1736 0.8107
vn -0.6688 0.6141 0.4190
vn -0.6399 0.0391 0.7675
vn -0.7918 0.1893 0.5807
vn -0.7263 0.6639 0.1784
vn -0.4178 0.8805 -0.2240
vn -0.3301 0.9311 -0.1549
vn 0.2040 0.9493 -0.2392
vn -0.1544 0.9609 0.2298
vn 0.5212 0.8520 0.0497
vn 0.7323 0.6588 -0.1724
vn 0.0040 0.6853 0.7282
vn 0.7380 0.6166 0.2741
vn 0.9374 0.3482 0.0079
vn -0.1436 0.9525 0.2684
vn 0.0189 0.9470 0.3206
vn -0.1324 0.7473 0.6512
vn -0.3433 0.7363 0.5831
vn -0.5288 0.4581 0.7145
vn -0.4747 0.4627 0.7487
vn -0.5050 0.3846 0.7727
vn -0.4825 0.3660 0.7957
vn -0.2517 0.5800 0.7748
vn -0.2473 0.5821 0.7746
vn 0.2374 0.9627 0.1299
vn 0.2549 0.9626 0.0919
vn 0.2011 0.9548 0.2188
vn 0.1206 0.9566 0.2654
vn 0.2063 0.8965 0.3921
vn 0.3289 0.8769 0.3506
vn 0.4084 0.8010 0.4377
vn 0.2914 0.8174 0.4969
vn 0.1814 0.7695 0.6123
vn 0.2196 0.7735 0.5946
vn 0.2309 0.9726 0.0274
vn 0.1970 0.9799 -0.0320
vn 0.3195 0.9475 -0.0104
vn 0.2507 0.9624 0.1045
vn -0.4425 0.3874 0.8088
vn -0.2382 0.6139 0.7526
vn -0.2093 0.6057 0.7677
vn -0.4007 0.4021 0.8233
vn 0.4205 0.8787 0.2261
vn 0.5348 0.8397 0.0941
vn 0.5095 0.8142 0.2783
vn 0.4524 0.8238 0.3416
vn 0.2280 0.8053 0.5473
vn 0.2563 0.8043 0.5361
vn 0.1733 0.9821 -0.0743
vn 0.4325 0.8934 -0.1214
vn 0.2907 0.9540 -0.0736
vn 0.6522 0.7405 -0.1622
vn -0.4237 0.4011 0.8121
vn -0.2359 0.5780 0.7812
vn -0.3273 0.5611 0.7603
vn -0.4797 0.3979 0.7820
vn 0.6635 0.7467 -0.0476
vn 0.5780 0.7774 0.2480
vn 0.7536 0.6502 -0.0960
vn 0.5606 0.7962 0.2275
vn 0.2530 0.7814 0.5704
vn 0.1409 0.8036 0.5782
vn 0.4774 0.8734 -0.0968
vn 0.7002 0.6567 -0.2802
vn 0.5848 0.7979 -0.1463
vn 0.6173 0.6993 -0.3605
vn 0.6631 0.7242 -0.1895
vn 0.4027 0.8997 0.1686
vn 0.4893 0.8389 -0.2383
vn 0.2258 0.9649 0.1340
vn 0.4219 0.9066 -0.0113
vn 0.6271 0.7781 -0.0375
vn 0.6471 0.7473 0.1511
vn 0.6215 0.7338 0.2744
vn 0.6316 0.7586 -0.1602
vn 0.5048 0.8060 -0.3090
vn 0.3085 0.9382 -0.1567
vn 0.1090 0.9795 0.1692
vn 0.1856 0.9814 0.0483
vn 0.0813 0.9708 0.2258
vn -0.5084 0.3995 0.7629
vn -0.4020 0.5659 0.7199
vn -0.3825 0.5781 0.7208
vn -0.4536 0.3965 0.7982
vn -0.0382 0.8473 0.5297
vn -0.1455 0.8596 0.4898
vn 0.5168 0.6164 0.5941
vn 0.1984 0.4636 0.8635
vn 0.1550 0.5510 0.8200
vn 0.3372 0.8109 0.4783
vn -0.4050 0.2048 0.8911
vn -0.2834 0.2265 0.9319
vn -0.2949 0.2304 0.9273
vn -0.2123 0.2580 0.9425
vn 0.0896 0.8822 0.4623
vn -0.0332 0.8427 0.5374
vn 0.0105 0.6405 0.7679
vn -0.1177 0.5625 0.8184
vn -0.0707 0.3576 0.9312
vn -0.1025 0.3127 0.9443
vn -0.0843 0.4360 0.8960
vn -0.1812 0.3580 0.9160
vn -0.3053 0.3879 0.8697
vn -0.2814 0.2800 0.9178
vn -0.2668 0.5828 0.7675
vn -0.2536 0.2920 0.9222
vn -0.1425 0.8465 0.5130
vn -0.7285 -0.6312 -0.2662
vn -0.7878 -0.6141 0.0484
vn -0.2704 -0.9530 -0.1366
vn -0.3499 -0.9366 0.0197
vn -0.6151 -0.7621 0.2023
vn -0.1538 -0.9726 0.1742
vn 0.0379 -0.9846 0.1705
vn -0.3616 -0.8990 0.2471
vn 0.0158 -0.9979 0.0629
vn 0.2070 -0.9689 0.1357
vn -0.1295 -0.9483 0.2897
vn -0.1469 -0.9508 0.2727
vn 0.1605 -0.9743 0.1583
vn 0.0286 -0.9978 0.0606
vn -0.4255 -0.8969 0.1207
vn -0.1168 -0.9891 -0.0896
vn 0.1332 -0.9796 -0.1504
vn 0.3188 -0.9405 -0.1174
vn 0.1231 -0.9916 -0.0404
vn 0.2849 -0.9477 -0.1436
vn 0.2234 -0.9369 -0.2688
vn -0.1289 -0.9199 -0.3703
vn 0.2529 -0.9633 0.0904
vn 0.8203 0.4350 -0.3712
vn 0.7227 0.4077 -0.5582
vn 0.7204 0.3439 -0.6023
vn 0.8100 0.3767 -0.4494
vn 0.6098 0.2792 -0.7418
vn 0.5919 0.3273 -0.7366
vn 0.6469 0.1923 -0.7379
vn 0.7395 0.2534 -0.6236
vn 0.8129 0.3032 -0.4973
vn 0.8437 0.3162 -0.4339
vn 0.8365 0.3612 -0.4121
vn 0.8259 0.3419 -0.4483
vn 0.8487 0.3352 -0.4091
vn 0.8004 0.3514 -0.4856
vn 0.8320 0.3899 -0.3947
vn 0.8488 0.3943 -0.3522
vn 0.8246 0.3733 -0.4250
vn 0.8271 0.4459 -0.3422
vn 0.8408 0.4735 -0.2625
vn 0.8062 0.4409 -0.3946
vn 0.7966 0.3740 -0.4750
vn 0.8181 0.5671 -0.0955
vn 0.8184 0.5558 -0.1461
vn 0.7452 0.6470 0.1617
vn 0.7392 0.6485 0.1817
vn 0.7400 0.6586 0.1366
vn 0.8111 0.5564 -0.1805
vn 0.6192 0.6665 0.4151
vn 0.6048 0.6661 0.4365
vn 0.3931 0.6211 0.6781
vn 0.4889 0.6248 0.6087
vn 0.3894 0.7030 0.5951
vn 0.5844 0.7038 0.4039
vn 0.1212 0.5004 0.8573
vn 0.1779 0.5247 0.8325
vn 0.2715 0.5109 0.8156
vn 0.1307 0.4193 0.8984
vn 0.0800 0.6527 0.7534
vn 0.1680 0.6702 0.7229
vn 0.1950 0.5513 0.8112
vn 0.1438 0.5281 0.8369
vn 0.1711 0.4243 0.8892
vn 0.2111 0.4565 0.8643
vn 0.0893 0.6579 0.7478
vn 0.0771 0.6598 0.7475
vn -0.1490 0.3668 0.9183
vn 0.1377 0.5203 0.8428
vn 0.0842 0.4465 0.8908
vn -0.1971 0.3359 0.9210
vn -0.2346 0.3459 0.9085
vn 0.0117 0.5693 0.8220
vn -0.5391 0.0799 0.8384
vn -0.5506 0.0134 0.8347
vn -0.4134 0.1639 0.8957
vn -0.4084 0.1976 0.8912
vn -0.5802 -0.0627 0.8121
vn -0.4725 0.1041 0.8752
vn -0.6743 -0.1004 0.7316
vn -0.6674 -0.1663 0.7259
vn -0.6392 -0.1072 0.7616
vn -0.6295 -0.0287 0.7765
vn -0.6415 -0.1695 0.7481
vn -0.6578 -0.1892 0.7291
vn -0.6772 -0.1244 0.7252
vn -0.6484 -0.1356 0.7491
vn -0.6664 -0.1716 0.7255
vn -0.6848 -0.1293 0.7172
vn -0.6463 -0.1518 0.7478
vn -0.6230 -0.0891 0.7771
vn -0.6675 -0.0402 0.7435
vn -0.5947 -0.0091 0.8039
vn -0.6116 -0.0645 0.7886
vn -0.6599 -0.0840 0.7466
vn -0.5873 -0.0198 0.8091
vn -0.5842 -0.0019 0.8116
vn -0.8822 -0.2841 0.3754
vn -0.8474 -0.3444 0.4042
vn -0.7343 -0.1455 0.6630
vn -0.7827 -0.1172 0.6112
vn -0.7267 -0.1754 0.6642
vn -0.8287 -0.3549 0.4328
vn -0.8681 -0.4904 -0.0771
vn -0.8584 -0.5126 -0.0188
vn -0.8719 -0.4264 0.2407
vn -0.9023 -0.3852 0.1935
vn -0.8536 -0.4185 0.3102
vn -0.8460 -0.5297 0.0601
vn -0.2206 -0.2419 -0.9449
vn -0.4399 -0.3683 -0.8190
vn -0.2366 -0.3778 -0.8951
vn -0.0798 -0.2494 -0.9651
vn -0.3172 -0.4567 -0.8312
vn -0.4704 -0.4006 -0.7863
vn -0.0511 -0.3885 -0.9200
vn 0.0086 -0.3022 -0.9532
vn 0.1122 -0.2149 -0.9702
vn -0.0677 -0.3251 -0.9433
vn 0.1911 -0.1043 -0.9760
vn 0.6231 0.2221 -0.7499
vn 0.3780 0.0343 -0.9252
vn 0.2519 -0.3034 -0.9190
vn -0.0181 -0.4270 -0.9041
vn 0.4279 0.1067 -0.8975
vn 0.5159 0.1871 -0.8360
vn 0.0636 -0.2052 -0.9767
vn 0.2219 -0.0954 -0.9704
vn 0.3934 -0.0781 -0.9160
vn 0.5175 -0.0389 -0.8548
vn 0.2429 0.0786 -0.9669
vn -0.0026 -0.0923 -0.9957
vn 0.0964 -0.0989 -0.9904
vn 0.2971 0.0632 -0.9528
vn 0.2343 -0.1175 -0.9650
vn 0.3766 -0.0087 -0.9263
vn 0.5226 0.0992 -0.8468
vn 0.4747 0.1859 -0.8603
vn 0.4548 0.2288 -0.8607
vn -0.7820 -0.6162 0.0933
vn -0.7815 -0.6208 -0.0620
vn -0.4937 -0.6075 -0.6222
vn -0.8358 -0.5099 0.2036
vn -0.6704 -0.6496 -0.3586
vn -0.7737 -0.6089 -0.1748
vn -0.8351 -0.4166 0.3592
vn -0.7703 -0.4719 0.4289
vn -0.8423 -0.4314 0.3233
vn -0.0899 -0.3835 -0.9192
vn 0.0985 -0.3077 -0.9464
vn -0.2972 -0.4865 -0.8216
vn -0.6394 -0.6031 -0.4768
vn -0.6183 -0.6486 -0.4439
vn -0.6703 -0.5756 -0.4684
vn -0.5939 -0.6248 -0.5069
vn -0.3821 -0.6337 -0.6727
vn -0.2841 -0.6116 -0.7384
vn -0.7376 -0.6751 0.0141
vn -0.8197 -0.5499 0.1602
vn -0.7569 -0.6090 -0.2370
vn 0.0345 -0.1298 -0.9909
vn 0.5868 0.1440 -0.7968
vn -0.5275 -0.3582 -0.7703
vn -0.5617 -0.4284 -0.7078
vn -0.0926 -0.2359 -0.9674
vn 0.5013 0.0514 -0.8638
vn -0.3888 -0.3790 -0.8398
vn -0.5518 -0.4625 -0.6940
vn -0.4905 -0.4349 -0.7552
vn -0.3441 -0.3201 -0.8827
vn -0.4513 -0.4319 -0.7809
vn -0.5400 -0.4758 -0.6942
vn -0.4883 -0.3683 -0.7912
vn -0.2902 -0.2433 -0.9255
vn -0.4130 -0.6563 -0.6314
vn -0.5756 -0.6360 -0.5141
vn -0.7613 -0.6306 -0.1512
vn -0.7152 -0.6627 -0.2220
vn -0.8141 -0.5367 -0.2216
vn -0.6248 -0.5923 -0.5087
vn -0.9017 -0.4196 0.1046
vn -0.8371 -0.5128 0.1905
vn -0.8194 -0.5493 0.1639
vn 0.3690 -0.0791 -0.9261
vn 0.4182 -0.0091 -0.9083
vn -0.1105 -0.3314 -0.9370
vn -0.0348 -0.3215 -0.9463
vn -0.4277 -0.5279 -0.7338
vn -0.8343 -0.5349 -0.1335
vn -0.5127 -0.4865 -0.7074
vn -0.8879 -0.4311 -0.1608
vn -0.0408 -0.0684 -0.9968
vn -0.2579 -0.2080 -0.9435
vn 0.2424 0.1041 -0.9646
vn 0.2884 0.0937 -0.9529
vn -0.0448 -0.0861 -0.9953
vn -0.4829 -0.3248 -0.8132
vn 0.4534 0.2386 -0.8588
vn 0.5930 0.3399 -0.7299
vn 0.6269 0.3069 -0.7161
vn 0.4903 0.2071 -0.8466
vn -0.8750 -0.4362 0.2100
vn -0.8894 -0.3974 0.2258
vn -0.9165 -0.2933 0.2720
vn -0.8952 -0.4337 0.1027
vn -0.3272 -0.6194 -0.7136
vn -0.6919 -0.6118 -0.3834
vn -0.6290 -0.6099 -0.4820
vn 0.7454 0.4289 -0.5104
vn 0.8338 0.4572 -0.3093
vn 0.8806 0.3958 -0.2606
vn 0.8077 0.4054 -0.4281
vn 0.8249 0.4131 -0.3860
vn 0.7768 0.3609 -0.5160
vn 0.7887 0.3430 -0.5102
vn 0.8435 0.3823 -0.3772
vn 0.7761 0.3760 -0.5063
vn 0.7888 0.4439 -0.4251
vn 0.7764 0.4423 -0.4490
vn 0.7781 0.3526 -0.5199
vn 0.7948 0.5745 -0.1958
vn 0.7257 0.6814 0.0948
vn 0.7118 0.7016 0.0324
vn 0.7796 0.5867 -0.2190
vn 0.7602 0.5919 -0.2679
vn 0.7604 0.4141 -0.5004
vn 0.6930 0.7189 -0.0533
vn 0.6980 0.7071 -0.1130
vn 0.7597 0.5873 -0.2792
vn 0.7605 0.4092 -0.5042
vn 0.5873 0.7517 0.3001
vn 0.5942 0.7846 0.1770
vn 0.3988 0.7944 0.4581
vn 0.4006 0.8467 0.3502
vn 0.5953 0.8016 0.0557
vn 0.3892 0.8699 0.3031
vn 0.3940 0.8597 0.3252
vn 0.6101 0.7922 -0.0130
vn 0.1594 0.7677 0.6207
vn 0.1586 0.7910 0.5908
vn 0.0275 0.7101 0.7035
vn 0.0194 0.6969 0.7169
vn 0.0277 0.6156 0.7876
vn 0.1338 0.7512 0.6464
vn 0.0966 0.6751 0.7314
vn 0.0098 0.5010 0.8654
vn 0.0364 0.6966 0.7166
vn 0.0088 0.6624 0.7491
vn 0.0205 0.6553 0.7551
vn -0.0612 0.5773 0.8143
vn -0.0225 0.4511 0.8922
vn 0.0291 0.5302 0.8474
vn 0.0427 0.4054 0.9131
vn 0.0226 0.4217 0.9065
vn -0.1331 0.5071 0.8516
vn -0.2007 0.4237 0.8833
vn -0.3440 0.2830 0.8953
vn -0.3742 0.2588 0.8905
vn -0.3681 0.2627 0.8919
vn -0.1801 0.3717 0.9107
vn -0.2660 0.3096 0.9129
vn -0.0424 0.3896 0.9200
vn -0.5183 0.0722 0.8521
vn -0.5551 0.0788 0.8280
vn -0.6236 -0.0856 0.7770
vn -0.6680 -0.0626 0.7415
vn -0.5685 0.0917 0.8176
vn -0.6817 -0.0260 0.7312
vn -0.6779 0.0570 0.7330
vn -0.5216 0.1682 0.8364
vn -0.6617 -0.1505 0.7345
vn -0.6887 -0.0928 0.7191
vn -0.6632 -0.1378 0.7357
vn -0.6756 -0.0600 0.7348
vn -0.6989 -0.0235 0.7148
vn -0.6816 0.0299 0.7311
vn -0.6709 0.1031 0.7344
vn -0.6965 0.0552 0.7154
vn -0.6385 -0.0803 0.7654
vn -0.6439 0.0008 0.7651
vn -0.6130 -0.0202 0.7898
vn -0.6163 0.0581 0.7853
vn -0.6257 0.1382 0.7677
vn -0.6509 0.0933 0.7534
vn -0.6479 0.1580 0.7452
vn -0.6459 0.1497 0.7486
vn -0.5847 0.0351 0.8105
vn -0.5953 0.1037 0.7968
vn -0.6081 0.0259 0.7934
vn -0.6478 0.0337 0.7611
vn -0.7366 -0.1091 0.6675
vn -0.6433 0.1014 0.7588
vn -0.7243 0.0384 0.6884
vn -0.8137 -0.1295 0.5666
vn -0.7564 -0.1661 0.6327
vn -0.7784 -0.2169 0.5891
vn -0.8384 -0.3531 0.4153
vn -0.8248 -0.4097 0.3896
vn -0.8273 -0.4294 0.3622
vn -0.8052 -0.3345 0.4897
vn -0.8701 -0.2476 0.4262
vn -0.8967 -0.3241 0.3015
vn -0.8430 -0.4364 0.3144
vn -0.8221 -0.4865 0.2957
vn -0.8247 -0.5539 0.1147
vn -0.8345 -0.4652 0.2953
vn -0.9028 -0.3725 0.2147
vn -0.6579 -0.6700 -0.3439
vn 0.8654 0.2824 -0.4140
vn 0.8734 0.3504 -0.3381
vn 0.8358 0.2325 -0.4973
vn 0.8681 0.1972 -0.4555
vn 0.8938 0.2915 -0.3408
vn 0.8939 0.3815 -0.2354
vn 0.8654 0.4280 -0.2607
vn 0.8450 0.5051 -0.1757
vn 0.8717 0.4677 -0.1460
vn 0.8383 0.5399 -0.0757
vn 0.8110 0.5834 -0.0434
vn 0.7238 0.6584 0.2062
vn 0.7980 0.6025 0.0137
vn 0.7262 0.6561 0.2053
vn 0.5997 0.6777 0.4256
vn 0.5125 0.6618 0.5472
vn 0.6210 0.6620 0.4198
vn 0.5342 0.6451 0.5463
vn 0.3657 0.5944 0.7162
vn 0.2164 0.4864 0.8465
vn 0.4371 0.6112 0.6598
vn 0.3188 0.5428 0.7770
vn 0.1594 0.4304 0.8884
vn 0.1792 0.4754 0.8613
vn 0.1248 0.4265 0.8958
vn 0.0564 0.4393 0.8966
vn -0.0108 0.4039 0.9147
vn -0.0691 0.3952 0.9160
vn -0.2030 0.3080 0.9295
vn -0.2152 0.3113 0.9256
vn -0.3947 0.1906 0.8988
vn -0.3658 0.1657 0.9158
vn -0.4915 0.0507 0.8694
vn -0.5190 0.0936 0.8496
vn -0.6108 0.0053 0.7918
vn -0.5805 -0.0272 0.8138
vn -0.6357 -0.0791 0.7678
vn -0.6653 -0.0614 0.7440
vn -0.6883 -0.0948 0.7192
vn -0.6766 -0.1175 0.7269
vn -0.7226 -0.1427 0.6763
vn -0.7013 -0.1016 0.7056
vn -0.7227 -0.0992 0.6840
vn -0.7707 -0.1519 0.6188
vn -0.8056 -0.1489 0.5734
vn -0.7610 -0.0953 0.6417
vn -0.8321 -0.1280 0.5396
vn -0.8456 -0.1771 0.5036
vn -0.8916 -0.2431 0.3820
vn -0.8995 -0.2279 0.3728
vn -0.9216 -0.3502 0.1675
vn -0.9192 -0.3494 0.1817
vn -0.8821 -0.4600 -0.1017
vn -0.8857 -0.4540 -0.0973
vn -0.7171 -0.5370 -0.4444
vn -0.7340 -0.5348 -0.4186
vn -0.8294 -0.5339 -0.1645
vn -0.7449 -0.5753 -0.3378
vn -0.8741 -0.4424 0.2005
vn -0.8537 -0.4744 0.2147
vn -0.8662 -0.4217 0.2681
vn -0.8812 -0.4728 -0.0018
vn -0.7640 -0.5676 -0.3068
vn -0.6847 -0.5352 -0.4947
vn -0.3301 -0.5021 -0.7993
vn -0.2490 -0.4748 -0.8441
vn 0.1964 -0.3110 -0.9299
vn 0.4546 -0.1383 -0.8799
vn 0.2647 -0.2906 -0.9195
vn 0.4974 -0.1334 -0.8572
vn 0.4613 -0.1443 -0.8754
vn 0.4582 -0.1504 -0.8760
vn 0.3139 -0.2254 -0.9223
vn 0.3295 -0.2233 -0.9174
vn 0.3380 -0.1692 -0.9258
vn 0.4754 -0.0626 -0.8775
vn 0.1720 -0.2662 -0.9484
vn 0.1595 -0.2996 -0.9406
vn 0.3799 -0.1802 -0.9073
vn 0.5299 -0.0860 -0.8437
vn 0.5902 0.0325 -0.8066
vn 0.6907 0.1094 -0.7148
vn 0.6246 -0.0257 -0.7805
vn 0.7165 0.0292 -0.6970
vn 0.8063 0.1065 -0.5818
vn 0.7740 0.1741 -0.6088
vn 0.0573 -0.3164 -0.9469
vn 0.0459 -0.3248 -0.9447
vn 0.0713 -0.3458 -0.9356
vn 0.0294 -0.3621 -0.9317
vn 0.1379 -0.2930 -0.9461
vn 0.1826 -0.2983 -0.9368
vn 0.8320 0.0821 -0.5486
vn 0.8941 0.2006 -0.4005
vn 0.7323 -0.0204 -0.6807
vn 0.7483 -0.0362 -0.6624
vn 0.8517 0.0796 -0.5180
vn 0.9128 0.2179 -0.3454
vn -0.7990 -0.5954 -0.0840
vn -0.5834 -0.6799 -0.4442
vn -0.6222 -0.6163 -0.4828
vn -0.8172 -0.5602 -0.1355
vn -0.6429 -0.6660 -0.3782
vn -0.7962 -0.6047 0.0203
vn -0.2031 -0.4854 -0.8504
vn -0.1979 -0.5064 -0.8393
vn -0.2919 -0.5345 -0.7931
vn 0.0980 -0.3644 -0.9261
vn 0.1869 -0.3191 -0.9291
vn 0.1377 -0.3590 -0.9231
vn 0.1697 -0.3936 -0.9035
vn 0.1458 -0.4069 -0.9018
vn 0.2328 -0.3708 -0.8990
vn 0.8582 0.4510 -0.2451
vn 0.8550 0.5126 -0.0788
vn 0.9055 0.4067 -0.1209
vn 0.9147 0.2879 -0.2836
vn 0.8705 0.4905 0.0409
vn 0.8275 0.5568 0.0727
vn 0.8981 0.4386 -0.0321
vn 0.9232 0.3349 -0.1886
vn 0.7185 0.1508 -0.6790
vn 0.8087 0.3199 -0.4936
vn 0.8587 0.1193 -0.4984
vn 0.7581 -0.0099 -0.6521
vn 0.9147 0.3053 -0.2648
vn 0.9037 0.4092 -0.1261
vn 0.8081 0.5704 0.1471
vn 0.8327 0.5366 0.1364
vn 0.8062 0.5612 0.1871
vn 0.8064 0.5624 0.1830
vn 0.8191 0.5594 0.1269
vn 0.8572 0.5101 0.0709
vn 0.8698 0.4926 -0.0274
vn 0.8304 0.5562 0.0336
vn 0.8278 0.5363 0.1649
vn 0.8038 0.5666 0.1816
vn 0.8167 0.5540 0.1615
vn 0.8500 0.5071 0.1426
vn 0.7824 0.5973 0.1762
vn 0.7965 0.5880 0.1410
vn 0.7959 0.6005 0.0770
vn 0.7503 0.6326 0.1921
vn 0.8033 0.5109 0.3061
vn 0.7679 0.5572 0.3161
vn 0.6338 0.5495 0.5444
vn 0.6604 0.5120 0.5492
vn 0.5974 0.5826 0.5510
vn 0.7217 0.5972 0.3499
vn 0.6721 0.6305 0.3882
vn 0.5641 0.6127 0.5536
vn 0.5111 0.5289 0.6775
vn 0.4902 0.5605 0.6675
vn 0.5358 0.4997 0.6806
vn 0.3411 0.4689 0.8147
vn 0.3252 0.4855 0.8115
vn 0.3204 0.5281 0.7864
vn 0.3304 0.5522 0.7655
vn 0.4683 0.5901 0.6577
vn 0.0997 0.4316 0.8965
vn 0.1178 0.4773 0.8708
vn 0.0951 0.4085 0.9078
vn -0.0182 0.3903 0.9205
vn 0.0030 0.4170 0.9089
vn 0.0056 0.4452 0.8954
vn 0.0152 0.4615 0.8870
vn 0.1439 0.4991 0.8545
vn -0.0377 0.4085 0.9120
vn -0.0572 0.4203 0.9056
vn -0.0372 0.4022 0.9148
vn -0.1014 0.3918 0.9144
vn -0.1348 0.3666 0.9206
vn -0.1519 0.3774 0.9135
vn -0.1657 0.3614 0.9176
vn -0.0706 0.4216 0.9040
vn -0.2868 0.3023 0.9091
vn -0.3130 0.2929 0.9035
vn -0.2410 0.3334 0.9115
vn -0.3605 0.2568 0.8967
vn -0.4183 0.2317 0.8782
vn -0.4636 0.1916 0.8651
vn -0.4701 0.1025 0.8766
vn -0.3172 0.2464 0.9158
vn -0.5102 0.1542 0.8461
vn -0.5544 0.0985 0.8264
vn -0.4414 0.1932 0.8763
vn -0.5171 0.1160 0.8480
vn -0.5923 0.0749 0.8022
vn -0.6150 0.0087 0.7885
vn -0.6177 -0.0994 0.7801
vn -0.5690 -0.0189 0.8221
vn -0.6739 -0.0053 0.7388
vn -0.6843 -0.0918 0.7234
vn -0.5977 0.0281 0.8012
vn -0.6740 -0.0594 0.7364
vn -0.7501 -0.0969 0.6542
vn -0.7539 -0.1942 0.6276
vn -0.7278 -0.2170 0.6505
vn -0.6650 -0.1628 0.7289
vn -0.7931 -0.1771 0.5828
vn -0.7873 -0.2562 0.5608
vn -0.7413 -0.1512 0.6539
vn -0.7598 -0.1891 0.6221
vn -0.7694 -0.2017 0.6061
vn -0.7707 -0.2410 0.5898
vn -0.7928 -0.2181 0.5691
vn -0.7781 -0.2342 0.5828
vn -0.7718 -0.2354 0.5907
vn -0.7729 -0.2686 0.5748
vn -0.7530 -0.1990 0.6272
vn -0.8220 -0.2890 0.4907
vn -0.8395 -0.3445 0.4202
vn -0.8281 -0.3815 0.4107
vn -0.8525 -0.3284 0.4067
vn -0.8074 -0.2443 0.5370
vn -0.8687 -0.4716 0.1515
vn -0.8595 -0.4901 0.1450
vn -0.8692 -0.4224 0.2571
vn -0.8341 -0.5510 0.0255
vn -0.8177 -0.5639 -0.1159
vn -0.8239 -0.5466 -0.1495
vn -0.8583 -0.4982 -0.1228
vn -0.8922 -0.4100 0.1894
vn -0.7503 -0.6148 -0.2431
vn -0.7590 -0.5678 -0.3187
vn -0.7550 -0.6490 -0.0935
vn -0.7508 -0.6569 0.0697
vn -0.8234 -0.5664 0.0341
vn -0.8414 -0.5404 0.0009
vn -0.8308 -0.5529 -0.0639
vn -0.7497 -0.5478 -0.3713
vn -0.8601 -0.4602 0.2200
vn -0.8501 -0.4754 0.2266
vn -0.8096 -0.5364 0.2384
vn -0.8391 -0.5347 -0.1000
vn -0.8461 -0.4697 0.2519
vn 0.1335 -0.1456 -0.9803
vn 0.1548 -0.2672 -0.9511
vn 0.2069 -0.1205 -0.9709
vn 0.2517 -0.0236 -0.9675
vn 0.3091 -0.0154 -0.9509
vn 0.4561 -0.0827 -0.8861
vn -0.6433 -0.5620 -0.5199
vn -0.2738 -0.5131 -0.8135
vn 0.2443 -0.3224 -0.9145
vn 0.5235 -0.1393 -0.8406
vn 0.1586 -0.1893 -0.9690
vn 0.3306 -0.1538 -0.9311
vn 0.1631 -0.3351 -0.9280
vn 0.2821 -0.3019 -0.9107
vn 0.3638 -0.2522 -0.8967
vn 0.4571 -0.1358 -0.8790
vn 0.4911 -0.1579 -0.8567
vn 0.3680 -0.2449 -0.8970
vn 0.2779 -0.3508 -0.8943
vn 0.4295 -0.2275 -0.8740
vn 0.4473 -0.2796 -0.8496
vn 0.2701 -0.3904 -0.8801
vn 0.5776 -0.1873 -0.7946
vn 0.5489 -0.0965 -0.8303
vn 0.5598 -0.1924 -0.8060
vn 0.4164 -0.2781 -0.8656
vn 0.1316 -0.4610 -0.8776
vn 0.1492 -0.4498 -0.8806
vn 0.1531 -0.4486 -0.8805
vn 0.1556 -0.4389 -0.8849
vn 0.3835 -0.2281 -0.8949
vn 0.5414 -0.1430 -0.8285
vn 0.6474 0.0350 -0.7613
vn 0.6704 -0.1096 -0.7339
vn 0.6510 -0.1236 -0.7490
vn 0.6318 -0.0948 -0.7693
vn 0.1550 -0.4222 -0.8932
vn 0.2111 -0.3910 -0.8959
vn 0.2496 -0.3460 -0.9044
vn 0.2365 -0.3184 -0.9180
vn -0.1677 -0.3616 -0.9171
vn 0.3237 -0.1447 -0.9350
vn -0.2384 -0.3482 -0.9066
vn 0.2828 -0.1033 -0.9536
vn 0.3606 -0.1146 -0.9257
vn 0.3401 -0.1221 -0.9324
vn -0.1655 -0.3054 -0.9377
vn -0.1571 -0.3138 -0.9364
vn 0.2760 -0.1510 -0.9492
vn -0.2719 -0.4078 -0.8716
vn 0.1112 -0.1713 -0.9789
vn 0.3525 0.0824 -0.9322
vn -0.0477 -0.1717 -0.9840
vn -0.0590 -0.1267 -0.9902
vn 0.3195 0.0732 -0.9448
vn -0.5796 -0.4243 -0.6957
vn -0.9165 -0.3776 -0.1320
vn -0.6563 -0.4342 -0.6170
vn -0.9276 -0.3726 -0.0269
vn -0.7678 -0.4753 -0.4296
vn -0.9427 -0.3279 0.0617
vn -0.9152 -0.2363 0.3265
vn -0.8912 -0.4533 0.0171
vn -0.9216 -0.1859 0.3407
vn -0.9423 -0.3308 -0.0515
vn -0.9703 -0.1384 0.1986
vn -0.9783 -0.2028 -0.0414
vn -0.6359 -0.6099 -0.4730
vn -0.6431 -0.5584 -0.5241
vn -0.6180 -0.4295 -0.6585
vn -0.6613 -0.4826 -0.5743
vn -0.4163 -0.3368 -0.8446
vn -0.4620 -0.3979 -0.7926
vn -0.7825 -0.4391 -0.4416
vn -0.6834 -0.5202 -0.5122
vn -0.9433 -0.2793 0.1794
vn -0.9286 -0.2084 0.3072
vn -0.9362 -0.3504 0.0282
vn -0.8421 -0.4714 -0.2620
vn -0.7273 0.1360 0.6727
vn -0.6464 0.2047 0.7350
vn -0.8395 -0.0117 0.5432
vn -0.8943 -0.1196 0.4312
vn -0.6593 0.1809 0.7298
vn -0.6885 0.1423 0.7111
vn -0.6878 0.1109 0.7174
vn -0.5579 0.1363 0.8186
vn -0.3259 0.2295 0.9171
vn -0.1016 0.3771 0.9206
vn 0.0122 0.4614 0.8871
vn -0.0111 0.4386 0.8986
vn -0.0534 0.4212 0.9054
vn -0.0676 0.4612 0.8847
vn 0.0269 0.6093 0.7925
vn 0.3400 0.8541 0.3936
vn 0.5763 0.8136 -0.0767
vn 0.6448 0.7386 -0.1966
vn 0.6985 0.6495 -0.3003
vn 0.7496 0.4597 -0.4763
vn -0.0213 -0.1514 -0.9882
vn 0.3645 0.0950 -0.9264
vn 0.6461 0.2811 -0.7096
vn 0.5221 0.1876 -0.8320
vn 0.5156 0.1827 -0.8371
vn 0.6461 0.2613 -0.7172
vn 0.8957 0.4153 -0.1588
vn 0.8418 0.4487 -0.3000
vn 0.8490 0.3901 -0.3565
vn 0.9110 0.3586 -0.2036
vn 0.7659 0.3345 -0.5491
vn 0.7840 0.3343 -0.5231
vn 0.7438 0.3357 -0.5780
vn 0.7618 0.3085 -0.5696
vn 0.8281 0.2978 -0.4749
vn 0.8527 0.3252 -0.4089
vn 0.7406 0.3414 -0.5787
vn 0.6856 0.3950 -0.6115
vn 0.5251 0.2173 -0.8228
vn 0.6245 0.3182 -0.7132
vn 0.4044 -0.2100 -0.8901
vn 0.2300 -0.3441 -0.9103
vn -0.2704 -0.6618 -0.6992
vn -0.5863 -0.7702 -0.2513
vn -0.6881 -0.7147 0.1251
vn -0.6699 -0.6872 0.2811
vn -0.6560 -0.7324 0.1825
vn -0.7301 -0.6737 0.1142
vn -0.8088 -0.5444 0.2225
vn -0.8176 -0.3999 0.4143
vn -0.7486 -0.2787 0.6016
vn -0.7110 -0.2554 0.6552
vn -0.6869 -0.2334 0.6882
vn -0.6073 -0.1367 0.7826
vn -0.5306 -0.0280 0.8471
vn -0.4536 0.0896 0.8867
vn -0.4010 0.1895 0.8963
vn -0.3570 0.2807 0.8909
vn -0.2725 0.3672 0.8893
vn -0.1872 0.4132 0.8912
vn -0.1213 0.4167 0.9009
vn -0.0864 0.3921 0.9158
vn -0.0398 0.3840 0.9225
vn 0.1423 0.4329 0.8901
vn 0.3673 0.4895 0.7909
vn 0.5223 0.5172 0.6780
vn 0.6353 0.5208 0.5702
vn 0.7788 0.5098 0.3655
vn 0.8674 0.4839 0.1158
vn 0.8575 0.5121 0.0490
vn 0.8184 0.5712 0.0627
vn 0.7867 0.6124 0.0777
vn 0.7798 0.6236 0.0550
vn 0.7963 0.6025 -0.0538
vn 0.7995 0.5443 -0.2540
vn 0.7542 0.4762 -0.4522
vn 0.6875 0.3462 -0.6383
vn 0.6320 0.2031 -0.7479
vn 0.5446 0.0566 -0.8368
vn 0.4230 -0.1340 -0.8962
vn 0.2577 -0.3446 -0.9027
vn 0.1796 -0.4643 -0.8673
vn 0.2053 -0.5040 -0.8389
vn 0.2176 -0.5154 -0.8289
vn 0.2753 -0.4206 -0.8645
vn 0.3202 -0.2964 -0.8998
vn 0.2091 0.8721 -0.4423
vn 0.3799 0.6171 -0.6891
vn 0.8272 0.5097 -0.2367
vn 0.7107 0.6083 -0.3534
vn 0.3871 0.5347 -0.7512
# 6582 vertex normals

vt 0.2013 0.2359 0.0000
# 1 texture coords

o Cabeza2
g Cabeza2
usemtl 02___Default
s 1
f 1/1/1 2/1/2 3/1/3 4/1/4 
f 5/1/5 3/1/3 2/1/2 6/1/6 
f 7/1/7 8/1/8 3/1/3 5/1/5 
f 9/1/9 4/1/4 3/1/3 8/1/8 
f 10/1/10 11/1/11 12/1/12 13/1/13 
f 14/1/14 12/1/12 11/1/11 15/1/15 
f 5/1/5 12/1/12 14/1/14 7/1/7 
f 13/1/13 12/1/12 5/1/5 6/1/6 
f 16/1/16 17/1/17 6/1/6 2/1/2 
f 18/1/18 16/1/16 2/1/2 1/1/1 
f 19/1/19 20/1/20 16/1/16 18/1/18 
f 21/1/21 17/1/17 16/1/16 20/1/20 
f 21/1/21 22/1/22 23/1/23 17/1/17 
f 24/1/24 23/1/23 22/1/22 25/1/25 
f 10/1/10 13/1/13 23/1/23 24/1/24 
f 13/1/13 6/1/6 17/1/17 23/1/23 
f 25/1/25 26/1/26 27/1/27 24/1/24 
f 28/1/28 27/1/27 26/1/26 29/1/29 
f 15/1/15 11/1/11 27/1/27 28/1/28 
f 24/1/24 27/1/27 11/1/11 10/1/10 
f 9/1/9 30/1/30 31/1/31 32/1/32 
f 33/1/33 31/1/31 30/1/30 34/1/34 
f 35/1/35 36/1/36 31/1/31 33/1/33 
f 32/1/32 31/1/31 36/1/36 37/1/37 
f 7/1/7 38/1/38 39/1/39 8/1/8 
f 40/1/40 39/1/39 38/1/38 41/1/41 
f 34/1/34 30/1/30 39/1/39 40/1/40 
f 8/1/8 39/1/39 30/1/30 9/1/9 
f 42/1/42 38/1/38 7/1/7 
f 43/1/43 42/1/42 14/1/14 15/1/15 
f 44/1/44 45/1/45 42/1/42 43/1/43 
f 38/1/38 42/1/42 45/1/45 41/1/41 
f 43/1/43 46/1/46 47/1/47 44/1/44 
f 43/1/43 15/1/15 28/1/28 
f 46/1/46 28/1/28 29/1/29 
f 48/1/48 49/1/49 47/1/47 
f 50/1/50 51/1/51 52/1/52 53/1/53 
f 54/1/54 52/1/52 51/1/51 55/1/55 
f 25/1/25 22/1/22 52/1/52 54/1/54 
f 53/1/53 52/1/52 22/1/22 21/1/21 
f 56/1/56 54/1/54 55/1/55 
f 57/1/57 58/1/58 59/1/59 
f 29/1/29 26/1/26 56/1/56 59/1/59 
f 54/1/54 56/1/56 26/1/26 25/1/25 
f 60/1/60 61/1/61 59/1/59 58/1/58 
f 62/1/62 63/1/63 61/1/61 60/1/60 
f 63/1/63 49/1/49 48/1/48 
f 48/1/48 29/1/29 59/1/59 
f 62/1/62 64/1/64 65/1/65 63/1/63 
f 64/1/64 66/1/66 67/1/67 
f 68/1/68 65/1/65 67/1/67 69/1/69 
f 63/1/63 65/1/65 68/1/68 49/1/49 
f 66/1/66 70/1/70 71/1/71 67/1/67 
f 72/1/72 73/1/73 71/1/71 70/1/70 
f 74/1/74 75/1/75 71/1/71 73/1/73 
f 67/1/67 71/1/71 75/1/75 69/1/69 
f 76/1/76 77/1/77 78/1/78 79/1/79 
f 80/1/80 78/1/78 77/1/77 81/1/81 
f 73/1/73 78/1/78 80/1/80 74/1/74 
f 79/1/79 78/1/78 73/1/73 72/1/72 
f 82/1/82 83/1/83 84/1/84 85/1/85 
f 86/1/86 84/1/84 83/1/83 35/1/35 
f 87/1/87 84/1/84 86/1/86 88/1/88 
f 89/1/89 85/1/85 84/1/84 87/1/87 
f 34/1/34 90/1/90 91/1/91 33/1/33 
f 92/1/92 91/1/91 90/1/90 93/1/93 
f 88/1/88 86/1/86 91/1/91 92/1/92 
f 33/1/33 91/1/91 86/1/86 35/1/35 
f 94/1/94 40/1/40 41/1/41 
f 95/1/95 94/1/94 96/1/96 97/1/97 
f 93/1/93 90/1/90 94/1/94 95/1/95 
f 40/1/40 94/1/94 90/1/90 34/1/34 
f 41/1/41 45/1/45 98/1/98 96/1/96 
f 99/1/99 98/1/98 45/1/45 44/1/44 
f 100/1/100 101/1/101 98/1/98 99/1/99 
f 96/1/96 98/1/98 101/1/101 97/1/97 
f 44/1/44 47/1/47 102/1/102 99/1/99 
f 103/1/103 102/1/102 47/1/47 49/1/49 
f 104/1/104 105/1/105 102/1/102 103/1/103 
f 99/1/99 102/1/102 105/1/105 100/1/100 
f 69/1/69 106/1/106 107/1/107 68/1/68 
f 108/1/108 107/1/107 106/1/106 109/1/109 
f 104/1/104 103/1/103 107/1/107 108/1/108 
f 68/1/68 107/1/107 103/1/103 49/1/49 
f 110/1/110 111/1/111 75/1/75 74/1/74 
f 112/1/112 111/1/111 110/1/110 113/1/113 
f 109/1/109 106/1/106 111/1/111 112/1/112 
f 75/1/75 111/1/111 106/1/106 69/1/69 
f 74/1/74 80/1/80 114/1/114 110/1/110 
f 81/1/81 115/1/115 114/1/114 80/1/80 
f 116/1/116 114/1/114 115/1/115 117/1/117 
f 113/1/113 110/1/110 114/1/114 116/1/116 
f 89/1/89 87/1/87 118/1/118 119/1/119 
f 120/1/120 118/1/118 87/1/87 88/1/88 
f 121/1/121 122/1/122 118/1/118 120/1/120 
f 119/1/119 118/1/118 122/1/122 123/1/123 
f 92/1/92 124/1/124 120/1/120 88/1/88 
f 93/1/93 125/1/125 124/1/124 92/1/92 
f 126/1/126 127/1/127 124/1/124 125/1/125 
f 120/1/120 124/1/124 127/1/127 121/1/121 
f 128/1/128 129/1/129 130/1/130 131/1/131 
f 125/1/125 130/1/130 129/1/129 126/1/126 
f 95/1/95 130/1/130 125/1/125 93/1/93 
f 130/1/130 95/1/95 97/1/97 131/1/131 
f 132/1/132 133/1/133 129/1/129 128/1/128 
f 133/1/133 132/1/132 134/1/134 
f 129/1/129 133/1/133 135/1/135 126/1/126 
f 97/1/97 101/1/101 136/1/136 131/1/131 
f 137/1/137 136/1/136 101/1/101 100/1/100 
f 138/1/138 139/1/139 136/1/136 137/1/137 
f 131/1/131 136/1/136 139/1/139 128/1/128 
f 104/1/104 140/1/140 141/1/141 105/1/105 
f 142/1/142 143/1/143 141/1/141 140/1/140 
f 137/1/137 141/1/141 143/1/143 138/1/138 
f 105/1/105 141/1/141 137/1/137 100/1/100 
f 109/1/109 144/1/144 145/1/145 108/1/108 
f 146/1/146 147/1/147 145/1/145 144/1/144 
f 145/1/145 147/1/147 142/1/142 140/1/140 
f 108/1/108 145/1/145 140/1/140 104/1/104 
f 148/1/148 149/1/149 150/1/150 151/1/151 
f 144/1/144 150/1/150 149/1/149 146/1/146 
f 112/1/112 150/1/150 144/1/144 109/1/109 
f 113/1/113 151/1/151 150/1/150 112/1/112 
f 152/1/152 153/1/153 154/1/154 155/1/155 
f 156/1/156 154/1/154 153/1/153 157/1/157 
f 58/1/58 57/1/57 154/1/154 156/1/156 
f 57/1/57 55/1/55 155/1/155 
f 158/1/158 159/1/159 160/1/160 161/1/161 
f 162/1/162 160/1/160 159/1/159 163/1/163 
f 157/1/157 153/1/153 160/1/160 162/1/162 
f 161/1/161 160/1/160 153/1/153 152/1/152 
f 157/1/157 164/1/164 165/1/165 156/1/156 
f 166/1/166 165/1/165 164/1/164 167/1/167 
f 62/1/62 60/1/60 165/1/165 166/1/166 
f 156/1/156 165/1/165 60/1/60 58/1/58 
f 163/1/163 168/1/168 169/1/169 162/1/162 
f 170/1/170 169/1/169 168/1/168 171/1/171 
f 167/1/167 164/1/164 169/1/169 170/1/170 
f 162/1/162 169/1/169 164/1/164 157/1/157 
f 172/1/172 173/1/173 174/1/174 175/1/175 
f 176/1/176 174/1/174 173/1/173 177/1/177 
f 171/1/171 168/1/168 174/1/174 176/1/176 
f 175/1/175 174/1/174 168/1/168 163/1/163 
f 167/1/167 178/1/178 179/1/179 166/1/166 
f 180/1/180 179/1/179 178/1/178 181/1/181 
f 66/1/66 64/1/64 179/1/179 180/1/180 
f 166/1/166 179/1/179 64/1/64 62/1/62 
f 182/1/182 183/1/183 184/1/184 185/1/185 
f 176/1/176 184/1/184 183/1/183 171/1/171 
f 177/1/177 186/1/186 184/1/184 176/1/176 
f 185/1/185 184/1/184 186/1/186 187/1/187 
f 171/1/171 183/1/183 188/1/188 170/1/170 
f 189/1/189 188/1/188 183/1/183 182/1/182 
f 181/1/181 178/1/178 188/1/188 189/1/189 
f 170/1/170 188/1/188 178/1/178 167/1/167 
f 190/1/190 180/1/180 181/1/181 
f 191/1/191 192/1/192 193/1/193 
f 72/1/72 70/1/70 190/1/190 193/1/193 
f 180/1/180 190/1/190 70/1/70 66/1/66 
f 194/1/194 193/1/193 192/1/192 
f 195/1/195 194/1/194 196/1/196 197/1/197 
f 76/1/76 79/1/79 194/1/194 195/1/195 
f 193/1/193 194/1/194 79/1/79 72/1/72 
f 182/1/182 198/1/198 199/1/199 189/1/189 
f 200/1/200 199/1/199 198/1/198 201/1/201 
f 192/1/192 191/1/191 199/1/199 200/1/200 
f 189/1/189 199/1/199 191/1/191 181/1/181 
f 187/1/187 202/1/202 203/1/203 185/1/185 
f 204/1/204 203/1/203 202/1/202 205/1/205 
f 201/1/201 198/1/198 203/1/203 204/1/204 
f 185/1/185 203/1/203 198/1/198 182/1/182 
f 201/1/201 206/1/206 207/1/207 200/1/200 
f 208/1/208 207/1/207 206/1/206 209/1/209 
f 197/1/197 196/1/196 207/1/207 208/1/208 
f 200/1/200 207/1/207 196/1/196 192/1/192 
f 205/1/205 210/1/210 211/1/211 204/1/204 
f 212/1/212 211/1/211 210/1/210 213/1/213 
f 209/1/209 206/1/206 211/1/211 212/1/212 
f 204/1/204 211/1/211 206/1/206 201/1/201 
f 209/1/209 214/1/214 215/1/215 208/1/208 
f 216/1/216 215/1/215 214/1/214 217/1/217 
f 218/1/218 219/1/219 215/1/215 216/1/216 
f 208/1/208 215/1/215 219/1/219 197/1/197 
f 213/1/213 220/1/220 221/1/221 212/1/212 
f 222/1/222 221/1/221 220/1/220 223/1/223 
f 217/1/217 214/1/214 221/1/221 222/1/222 
f 212/1/212 221/1/221 214/1/214 209/1/209 
f 223/1/223 224/1/224 225/1/225 222/1/222 
f 226/1/226 225/1/225 224/1/224 227/1/227 
f 228/1/228 229/1/229 225/1/225 226/1/226 
f 222/1/222 225/1/225 229/1/229 217/1/217 
f 230/1/230 231/1/231 232/1/232 233/1/233 
f 226/1/226 232/1/232 231/1/231 228/1/228 
f 227/1/227 234/1/234 232/1/232 226/1/226 
f 233/1/233 232/1/232 234/1/234 235/1/235 
f 235/1/235 236/1/236 237/1/237 233/1/233 
f 238/1/238 237/1/237 236/1/236 239/1/239 
f 240/1/240 241/1/241 237/1/237 238/1/238 
f 233/1/233 237/1/237 241/1/241 230/1/230 
f 134/1/134 132/1/132 242/1/242 243/1/243 
f 244/1/244 242/1/242 132/1/132 128/1/128 
f 245/1/245 246/1/246 242/1/242 244/1/244 
f 243/1/243 242/1/242 246/1/246 247/1/247 
f 139/1/139 248/1/248 244/1/244 128/1/128 
f 249/1/249 248/1/248 139/1/139 138/1/138 
f 250/1/250 251/1/251 248/1/248 249/1/249 
f 244/1/244 248/1/248 251/1/251 245/1/245 
f 138/1/138 143/1/143 252/1/252 249/1/249 
f 253/1/253 252/1/252 143/1/143 142/1/142 
f 254/1/254 255/1/255 252/1/252 253/1/253 
f 249/1/249 252/1/252 255/1/255 250/1/250 
f 142/1/142 147/1/147 256/1/256 253/1/253 
f 257/1/257 256/1/256 147/1/147 146/1/146 
f 258/1/258 259/1/259 256/1/256 257/1/257 
f 253/1/253 256/1/256 259/1/259 254/1/254 
f 254/1/254 259/1/259 260/1/260 261/1/261 
f 262/1/262 260/1/260 259/1/259 258/1/258 
f 263/1/263 264/1/264 260/1/260 262/1/262 
f 261/1/261 260/1/260 264/1/264 265/1/265 
f 266/1/266 267/1/267 268/1/268 269/1/269 
f 270/1/270 268/1/268 267/1/267 271/1/271 
f 177/1/177 173/1/173 268/1/268 270/1/270 
f 269/1/269 268/1/268 173/1/173 172/1/172 
f 271/1/271 272/1/272 273/1/273 270/1/270 
f 274/1/274 273/1/273 272/1/272 275/1/275 
f 187/1/187 186/1/186 273/1/273 274/1/274 
f 270/1/270 273/1/273 186/1/186 177/1/177 
f 275/1/275 276/1/276 277/1/277 274/1/274 
f 278/1/278 277/1/277 276/1/276 279/1/279 
f 205/1/205 202/1/202 277/1/277 278/1/278 
f 274/1/274 277/1/277 202/1/202 187/1/187 
f 279/1/279 280/1/280 281/1/281 278/1/278 
f 282/1/282 281/1/281 280/1/280 283/1/283 
f 213/1/213 210/1/210 281/1/281 282/1/282 
f 278/1/278 281/1/281 210/1/210 205/1/205 
f 283/1/283 284/1/284 285/1/285 282/1/282 
f 286/1/286 285/1/285 284/1/284 287/1/287 
f 223/1/223 220/1/220 285/1/285 286/1/286 
f 282/1/282 285/1/285 220/1/220 213/1/213 
f 287/1/287 288/1/288 289/1/289 286/1/286 
f 290/1/290 289/1/289 288/1/288 291/1/291 
f 227/1/227 224/1/224 289/1/289 290/1/290 
f 286/1/286 289/1/289 224/1/224 223/1/223 
f 291/1/291 292/1/292 293/1/293 290/1/290 
f 294/1/294 293/1/293 292/1/292 295/1/295 
f 235/1/235 234/1/234 293/1/293 294/1/294 
f 290/1/290 293/1/293 234/1/234 227/1/227 
f 295/1/295 296/1/296 297/1/297 294/1/294 
f 298/1/298 297/1/297 296/1/296 299/1/299 
f 239/1/239 236/1/236 297/1/297 298/1/298 
f 294/1/294 297/1/297 236/1/236 235/1/235 
f 300/1/300 301/1/301 302/1/302 303/1/303 
f 304/1/304 302/1/302 301/1/301 305/1/305 
f 266/1/266 306/1/306 302/1/302 304/1/304 
f 303/1/303 302/1/302 306/1/306 307/1/307 
f 305/1/305 308/1/308 309/1/309 304/1/304 
f 310/1/310 309/1/309 308/1/308 311/1/311 
f 271/1/271 267/1/267 309/1/309 310/1/310 
f 304/1/304 309/1/309 267/1/267 266/1/266 
f 311/1/311 312/1/312 313/1/313 310/1/310 
f 314/1/314 313/1/313 312/1/312 315/1/315 
f 275/1/275 272/1/272 313/1/313 314/1/314 
f 310/1/310 313/1/313 272/1/272 271/1/271 
f 315/1/315 316/1/316 317/1/317 314/1/314 
f 318/1/318 317/1/317 316/1/316 319/1/319 
f 279/1/279 276/1/276 317/1/317 318/1/318 
f 314/1/314 317/1/317 276/1/276 275/1/275 
f 319/1/319 320/1/320 321/1/321 318/1/318 
f 322/1/322 321/1/321 320/1/320 323/1/323 
f 283/1/283 280/1/280 321/1/321 322/1/322 
f 318/1/318 321/1/321 280/1/280 279/1/279 
f 323/1/323 324/1/324 325/1/325 322/1/322 
f 326/1/326 325/1/325 324/1/324 327/1/327 
f 287/1/287 284/1/284 325/1/325 326/1/326 
f 322/1/322 325/1/325 284/1/284 283/1/283 
f 327/1/327 328/1/328 329/1/329 326/1/326 
f 330/1/330 329/1/329 328/1/328 331/1/331 
f 291/1/291 288/1/288 329/1/329 330/1/330 
f 326/1/326 329/1/329 288/1/288 287/1/287 
f 331/1/331 332/1/332 333/1/333 330/1/330 
f 334/1/334 333/1/333 332/1/332 335/1/335 
f 295/1/295 292/1/292 333/1/333 334/1/334 
f 330/1/330 333/1/333 292/1/292 291/1/291 
f 336/1/336 337/1/337 338/1/338 339/1/339 
f 340/1/340 338/1/338 337/1/337 341/1/341 
f 300/1/300 342/1/342 338/1/338 340/1/340 
f 339/1/339 338/1/338 342/1/342 343/1/343 
f 341/1/341 344/1/344 345/1/345 340/1/340 
f 346/1/346 345/1/345 344/1/344 347/1/347 
f 305/1/305 301/1/301 345/1/345 346/1/346 
f 340/1/340 345/1/345 301/1/301 300/1/300 
f 347/1/347 348/1/348 349/1/349 346/1/346 
f 350/1/350 349/1/349 348/1/348 351/1/351 
f 311/1/311 308/1/308 349/1/349 350/1/350 
f 346/1/346 349/1/349 308/1/308 305/1/305 
f 351/1/351 352/1/352 353/1/353 350/1/350 
f 354/1/354 353/1/353 352/1/352 355/1/355 
f 315/1/315 312/1/312 353/1/353 354/1/354 
f 350/1/350 353/1/353 312/1/312 311/1/311 
f 355/1/355 356/1/356 357/1/357 354/1/354 
f 358/1/358 357/1/357 356/1/356 359/1/359 
f 319/1/319 316/1/316 357/1/357 358/1/358 
f 354/1/354 357/1/357 316/1/316 315/1/315 
f 359/1/359 360/1/360 361/1/361 358/1/358 
f 362/1/362 361/1/361 360/1/360 363/1/363 
f 323/1/323 320/1/320 361/1/361 362/1/362 
f 358/1/358 361/1/361 320/1/320 319/1/319 
f 363/1/363 364/1/364 365/1/365 362/1/362 
f 366/1/366 365/1/365 364/1/364 367/1/367 
f 327/1/327 324/1/324 365/1/365 366/1/366 
f 362/1/362 365/1/365 324/1/324 323/1/323 
f 367/1/367 368/1/368 369/1/369 366/1/366 
f 370/1/370 369/1/369 368/1/368 371/1/371 
f 331/1/331 328/1/328 369/1/369 370/1/370 
f 366/1/366 369/1/369 328/1/328 327/1/327 
f 371/1/371 372/1/372 373/1/373 370/1/370 
f 374/1/374 373/1/373 372/1/372 375/1/375 
f 335/1/335 332/1/332 373/1/373 374/1/374 
f 370/1/370 373/1/373 332/1/332 331/1/331 
f 376/1/376 377/1/377 378/1/378 379/1/379 
f 380/1/380 377/1/377 376/1/376 381/1/381 
f 35/1/35 83/1/83 377/1/377 380/1/380 
f 378/1/378 377/1/377 83/1/83 82/1/82 
f 382/1/382 32/1/32 37/1/37 
f 383/1/383 382/1/382 384/1/384 385/1/385 
f 1/1/1 4/1/4 382/1/382 383/1/383 
f 4/1/4 9/1/9 32/1/32 
f 1/1/1 383/1/383 386/1/386 18/1/18 
f 387/1/387 386/1/386 383/1/383 385/1/385 
f 388/1/388 389/1/389 386/1/386 387/1/387 
f 18/1/18 386/1/386 389/1/389 19/1/19 
f 388/1/388 387/1/387 390/1/390 391/1/391 
f 387/1/387 385/1/385 392/1/392 
f 393/1/393 394/1/394 390/1/390 392/1/392 
f 391/1/391 390/1/390 394/1/394 395/1/395 
f 381/1/381 396/1/396 397/1/397 380/1/380 
f 384/1/384 397/1/397 396/1/396 385/1/385 
f 37/1/37 36/1/36 397/1/397 384/1/384 
f 380/1/380 397/1/397 36/1/36 35/1/35 
f 398/1/398 399/1/399 393/1/393 
f 392/1/392 385/1/385 396/1/396 
f 396/1/396 381/1/381 399/1/399 
f 400/1/400 401/1/401 402/1/402 403/1/403 
f 404/1/404 402/1/402 401/1/401 405/1/405 
f 406/1/406 407/1/407 402/1/402 404/1/404 
f 403/1/403 402/1/402 407/1/407 408/1/408 
f 405/1/405 409/1/409 410/1/410 404/1/404 
f 411/1/411 410/1/410 409/1/409 412/1/412 
f 413/1/413 414/1/414 410/1/410 411/1/411 
f 404/1/404 410/1/410 414/1/414 406/1/406 
f 412/1/412 415/1/415 416/1/416 411/1/411 
f 417/1/417 416/1/416 415/1/415 418/1/418 
f 419/1/419 420/1/420 416/1/416 417/1/417 
f 411/1/411 416/1/416 420/1/420 413/1/413 
f 418/1/418 421/1/421 422/1/422 417/1/417 
f 423/1/423 422/1/422 421/1/421 424/1/424 
f 425/1/425 426/1/426 422/1/422 423/1/423 
f 417/1/417 422/1/422 426/1/426 419/1/419 
f 427/1/427 428/1/428 429/1/429 430/1/430 
f 431/1/431 429/1/429 428/1/428 432/1/432 
f 433/1/433 434/1/434 429/1/429 431/1/431 
f 430/1/430 429/1/429 434/1/434 424/1/424 
f 435/1/435 436/1/436 437/1/437 438/1/438 
f 423/1/423 437/1/437 436/1/436 425/1/425 
f 424/1/424 434/1/434 437/1/437 423/1/423 
f 434/1/434 433/1/433 438/1/438 
f 439/1/439 440/1/440 441/1/441 442/1/442 
f 443/1/443 441/1/441 440/1/440 444/1/444 
f 379/1/379 378/1/378 441/1/441 443/1/443 
f 442/1/442 441/1/441 378/1/378 82/1/82 
f 445/1/445 446/1/446 447/1/447 448/1/448 
f 442/1/442 447/1/447 446/1/446 439/1/439 
f 82/1/82 85/1/85 447/1/447 442/1/442 
f 448/1/448 447/1/447 85/1/85 89/1/89 
f 123/1/123 122/1/122 449/1/449 450/1/450 
f 451/1/451 449/1/449 122/1/122 121/1/121 
f 452/1/452 453/1/453 449/1/449 451/1/451 
f 450/1/450 449/1/449 453/1/453 454/1/454 
f 121/1/121 127/1/127 455/1/455 451/1/451 
f 456/1/456 455/1/455 127/1/127 126/1/126 
f 457/1/457 455/1/455 456/1/456 458/1/458 
f 451/1/451 455/1/455 457/1/457 452/1/452 
f 247/1/247 459/1/459 460/1/460 243/1/243 
f 456/1/456 460/1/460 459/1/459 458/1/458 
f 126/1/126 135/1/135 460/1/460 456/1/456 
f 243/1/243 460/1/460 135/1/135 134/1/134 
f 123/1/123 461/1/461 462/1/462 119/1/119 
f 461/1/461 463/1/463 464/1/464 
f 445/1/445 448/1/448 462/1/462 464/1/464 
f 119/1/119 462/1/462 448/1/448 89/1/89 
f 465/1/465 466/1/466 467/1/467 
f 468/1/468 465/1/465 469/1/469 470/1/470 
f 444/1/444 440/1/440 465/1/465 468/1/468 
f 466/1/466 465/1/465 440/1/440 439/1/439 
f 463/1/463 471/1/471 472/1/472 464/1/464 
f 471/1/471 467/1/467 466/1/466 
f 439/1/439 446/1/446 472/1/472 466/1/466 
f 464/1/464 472/1/472 446/1/446 445/1/445 
f 454/1/454 473/1/473 474/1/474 450/1/450 
f 473/1/473 463/1/463 461/1/461 
f 450/1/450 474/1/474 461/1/461 123/1/123 
f 454/1/454 453/1/453 475/1/475 476/1/476 
f 477/1/477 475/1/475 453/1/453 452/1/452 
f 478/1/478 479/1/479 475/1/475 477/1/477 
f 476/1/476 475/1/475 479/1/479 480/1/480 
f 463/1/463 473/1/473 481/1/481 482/1/482 
f 476/1/476 481/1/481 473/1/473 454/1/454 
f 480/1/480 483/1/483 481/1/481 476/1/476 
f 482/1/482 481/1/481 483/1/483 484/1/484 
f 485/1/485 482/1/482 484/1/484 
f 486/1/486 487/1/487 488/1/488 
f 485/1/485 488/1/488 467/1/467 
f 482/1/482 485/1/485 471/1/471 463/1/463 
f 489/1/489 488/1/488 487/1/487 
f 490/1/490 489/1/489 491/1/491 492/1/492 
f 467/1/467 488/1/488 489/1/489 490/1/490 
f 493/1/493 490/1/490 492/1/492 
f 494/1/494 495/1/495 496/1/496 
f 470/1/470 469/1/469 493/1/493 496/1/496 
f 490/1/490 493/1/493 469/1/469 467/1/467 
f 497/1/497 498/1/498 499/1/499 500/1/500 
f 498/1/498 501/1/501 502/1/502 
f 492/1/492 491/1/491 499/1/499 502/1/502 
f 500/1/500 499/1/499 491/1/491 487/1/487 
f 503/1/503 504/1/504 505/1/505 506/1/506 
f 500/1/500 505/1/505 504/1/504 497/1/497 
f 487/1/487 486/1/486 505/1/505 500/1/500 
f 506/1/506 505/1/505 486/1/486 484/1/484 
f 507/1/507 508/1/508 509/1/509 510/1/510 
f 506/1/506 509/1/509 508/1/508 503/1/503 
f 484/1/484 483/1/483 509/1/509 506/1/506 
f 510/1/510 509/1/509 483/1/483 480/1/480 
f 511/1/511 512/1/512 513/1/513 514/1/514 
f 510/1/510 512/1/512 511/1/511 507/1/507 
f 480/1/480 479/1/479 512/1/512 510/1/510 
f 478/1/478 513/1/513 512/1/512 479/1/479 
f 515/1/515 516/1/516 517/1/517 518/1/518 
f 519/1/519 517/1/517 516/1/516 520/1/520 
f 496/1/496 517/1/517 519/1/519 470/1/470 
f 518/1/518 517/1/517 496/1/496 495/1/495 
f 408/1/408 407/1/407 521/1/521 522/1/522 
f 523/1/523 521/1/521 407/1/407 406/1/406 
f 524/1/524 525/1/525 521/1/521 523/1/523 
f 522/1/522 521/1/521 525/1/525 526/1/526 
f 527/1/527 528/1/528 529/1/529 530/1/530 
f 531/1/531 529/1/529 528/1/528 532/1/532 
f 520/1/520 516/1/516 529/1/529 531/1/531 
f 530/1/530 529/1/529 516/1/516 515/1/515 
f 526/1/526 525/1/525 533/1/533 534/1/534 
f 535/1/535 533/1/533 525/1/525 524/1/524 
f 532/1/532 528/1/528 533/1/533 535/1/535 
f 534/1/534 533/1/533 528/1/528 527/1/527 
f 470/1/470 519/1/519 536/1/536 468/1/468 
f 537/1/537 536/1/536 519/1/519 520/1/520 
f 538/1/538 539/1/539 536/1/536 537/1/537 
f 468/1/468 536/1/536 539/1/539 444/1/444 
f 406/1/406 414/1/414 540/1/540 523/1/523 
f 541/1/541 540/1/540 414/1/414 413/1/413 
f 542/1/542 543/1/543 540/1/540 541/1/541 
f 523/1/523 540/1/540 543/1/543 524/1/524 
f 520/1/520 531/1/531 544/1/544 537/1/537 
f 545/1/545 544/1/544 531/1/531 532/1/532 
f 546/1/546 547/1/547 544/1/544 545/1/545 
f 537/1/537 544/1/544 547/1/547 538/1/538 
f 542/1/542 548/1/548 549/1/549 543/1/543 
f 545/1/545 549/1/549 548/1/548 546/1/546 
f 532/1/532 535/1/535 549/1/549 545/1/545 
f 543/1/543 549/1/549 535/1/535 524/1/524 
f 444/1/444 539/1/539 550/1/550 443/1/443 
f 539/1/539 538/1/538 551/1/551 
f 550/1/550 551/1/551 552/1/552 
f 443/1/443 550/1/550 553/1/553 379/1/379 
f 413/1/413 420/1/420 554/1/554 541/1/541 
f 555/1/555 554/1/554 420/1/420 419/1/419 
f 556/1/556 557/1/557 554/1/554 555/1/555 
f 541/1/541 554/1/554 557/1/557 542/1/542 
f 558/1/558 551/1/551 538/1/538 
f 559/1/559 558/1/558 547/1/547 546/1/546 
f 560/1/560 561/1/561 558/1/558 559/1/559 
f 561/1/561 552/1/552 551/1/551 
f 556/1/556 562/1/562 563/1/563 557/1/557 
f 559/1/559 563/1/563 562/1/562 560/1/560 
f 546/1/546 548/1/548 563/1/563 559/1/559 
f 557/1/557 563/1/563 548/1/548 542/1/542 
f 556/1/556 555/1/555 564/1/564 565/1/565 
f 419/1/419 426/1/426 564/1/564 555/1/555 
f 566/1/566 564/1/564 426/1/426 425/1/425 
f 565/1/565 564/1/564 566/1/566 567/1/567 
f 379/1/379 553/1/553 568/1/568 376/1/376 
f 553/1/553 552/1/552 569/1/569 
f 568/1/568 569/1/569 570/1/570 
f 376/1/376 568/1/568 571/1/571 381/1/381 
f 552/1/552 561/1/561 572/1/572 569/1/569 
f 573/1/573 572/1/572 561/1/561 560/1/560 
f 574/1/574 575/1/575 572/1/572 573/1/573 
f 569/1/569 572/1/572 575/1/575 570/1/570 
f 567/1/567 576/1/576 577/1/577 565/1/565 
f 573/1/573 577/1/577 576/1/576 574/1/574 
f 560/1/560 562/1/562 577/1/577 573/1/573 
f 565/1/565 577/1/577 562/1/562 556/1/556 
f 578/1/578 579/1/579 436/1/436 435/1/435 
f 580/1/580 579/1/579 578/1/578 581/1/581 
f 567/1/567 566/1/566 579/1/579 580/1/580 
f 425/1/425 436/1/436 579/1/579 566/1/566 
f 582/1/582 583/1/583 584/1/584 
f 399/1/399 582/1/582 585/1/585 393/1/393 
f 582/1/582 399/1/399 381/1/381 
f 583/1/583 582/1/582 571/1/571 570/1/570 
f 581/1/581 586/1/586 587/1/587 580/1/580 
f 588/1/588 587/1/587 586/1/586 589/1/589 
f 587/1/587 588/1/588 574/1/574 
f 580/1/580 587/1/587 576/1/576 567/1/567 
f 589/1/589 590/1/590 591/1/591 588/1/588 
f 583/1/583 591/1/591 590/1/590 584/1/584 
f 570/1/570 575/1/575 591/1/591 583/1/583 
f 588/1/588 591/1/591 575/1/575 574/1/574 
f 307/1/307 592/1/592 593/1/593 303/1/303 
f 594/1/594 593/1/593 592/1/592 595/1/595 
f 343/1/343 342/1/342 593/1/593 594/1/594 
f 303/1/303 593/1/593 342/1/342 300/1/300 
f 596/1/596 597/1/597 598/1/598 
f 155/1/155 596/1/596 599/1/599 152/1/152 
f 596/1/596 155/1/155 55/1/55 
f 597/1/597 596/1/596 51/1/51 50/1/50 
f 600/1/600 601/1/601 592/1/592 307/1/307 
f 602/1/602 603/1/603 601/1/601 600/1/600 
f 604/1/604 601/1/601 603/1/603 605/1/605 
f 595/1/595 592/1/592 601/1/601 604/1/604 
f 175/1/175 606/1/606 607/1/607 172/1/172 
f 163/1/163 159/1/159 606/1/606 175/1/175 
f 158/1/158 608/1/608 606/1/606 159/1/159 
f 607/1/607 606/1/606 608/1/608 602/1/602 
f 602/1/602 608/1/608 609/1/609 610/1/610 
f 161/1/161 609/1/609 608/1/608 158/1/158 
f 152/1/152 599/1/599 609/1/609 161/1/161 
f 610/1/610 609/1/609 599/1/599 598/1/598 
f 605/1/605 603/1/603 611/1/611 612/1/612 
f 610/1/610 611/1/611 603/1/603 602/1/602 
f 598/1/598 612/1/612 611/1/611 610/1/610 
f 172/1/172 607/1/607 613/1/613 269/1/269 
f 600/1/600 613/1/613 607/1/607 602/1/602 
f 307/1/307 306/1/306 613/1/613 600/1/600 
f 269/1/269 613/1/613 306/1/306 266/1/266 
f 452/1/452 457/1/457 614/1/614 477/1/477 
f 615/1/615 614/1/614 457/1/457 458/1/458 
f 616/1/616 617/1/617 614/1/614 615/1/615 
f 617/1/617 478/1/478 477/1/477 
f 618/1/618 619/1/619 617/1/617 616/1/616 
f 620/1/620 621/1/621 619/1/619 618/1/618 
f 514/1/514 513/1/513 619/1/619 621/1/621 
f 617/1/617 619/1/619 513/1/513 478/1/478 
f 621/1/621 620/1/620 622/1/622 
f 623/1/623 622/1/622 624/1/624 
f 621/1/621 623/1/623 625/1/625 514/1/514 
f 507/1/507 511/1/511 626/1/626 627/1/627 
f 514/1/514 625/1/625 626/1/626 511/1/511 
f 626/1/626 625/1/625 624/1/624 
f 628/1/628 629/1/629 627/1/627 
f 503/1/503 508/1/508 630/1/630 631/1/631 
f 627/1/627 630/1/630 508/1/508 507/1/507 
f 629/1/629 632/1/632 630/1/630 627/1/627 
f 631/1/631 630/1/630 632/1/632 633/1/633 
f 633/1/633 634/1/634 635/1/635 631/1/631 
f 636/1/636 635/1/635 634/1/634 637/1/637 
f 497/1/497 504/1/504 635/1/635 636/1/636 
f 631/1/631 635/1/635 504/1/504 503/1/503 
f 637/1/637 638/1/638 639/1/639 636/1/636 
f 640/1/640 639/1/639 638/1/638 641/1/641 
f 501/1/501 498/1/498 639/1/639 640/1/640 
f 636/1/636 639/1/639 498/1/498 497/1/497 
f 642/1/642 643/1/643 644/1/644 645/1/645 
f 641/1/641 638/1/638 643/1/643 642/1/642 
f 644/1/644 643/1/643 638/1/638 637/1/637 
f 646/1/646 647/1/647 648/1/648 649/1/649 
f 644/1/644 648/1/648 647/1/647 645/1/645 
f 637/1/637 634/1/634 648/1/648 644/1/644 
f 649/1/649 648/1/648 634/1/634 633/1/633 
f 650/1/650 651/1/651 652/1/652 653/1/653 
f 649/1/649 652/1/652 651/1/651 646/1/646 
f 633/1/633 632/1/632 652/1/652 649/1/649 
f 653/1/653 652/1/652 632/1/632 629/1/629 
f 654/1/654 655/1/655 628/1/628 624/1/624 
f 656/1/656 655/1/655 654/1/654 657/1/657 
f 650/1/650 653/1/653 655/1/655 656/1/656 
f 629/1/629 628/1/628 655/1/655 653/1/653 
f 658/1/658 659/1/659 660/1/660 
f 654/1/654 661/1/661 660/1/660 657/1/657 
f 624/1/624 622/1/622 661/1/661 654/1/654 
f 620/1/620 658/1/658 661/1/661 622/1/622 
f 616/1/616 662/1/662 663/1/663 618/1/618 
f 662/1/662 664/1/664 665/1/665 
f 663/1/663 665/1/665 659/1/659 
f 618/1/618 663/1/663 658/1/658 620/1/620 
f 615/1/615 666/1/666 662/1/662 616/1/616 
f 667/1/667 666/1/666 615/1/615 458/1/458 
f 666/1/666 667/1/667 668/1/668 
f 664/1/664 662/1/662 666/1/666 669/1/669 
f 670/1/670 667/1/667 458/1/458 
f 459/1/459 247/1/247 671/1/671 
f 672/1/672 673/1/673 670/1/670 671/1/671 
f 673/1/673 668/1/668 667/1/667 
f 247/1/247 246/1/246 674/1/674 671/1/671 
f 675/1/675 674/1/674 246/1/246 245/1/245 
f 676/1/676 677/1/677 674/1/674 675/1/675 
f 671/1/671 674/1/674 677/1/677 672/1/672 
f 245/1/245 251/1/251 678/1/678 675/1/675 
f 679/1/679 678/1/678 251/1/251 250/1/250 
f 678/1/678 679/1/679 680/1/680 
f 675/1/675 678/1/678 681/1/681 676/1/676 
f 265/1/265 682/1/682 683/1/683 261/1/261 
f 679/1/679 683/1/683 682/1/682 680/1/680 
f 250/1/250 255/1/255 683/1/683 679/1/679 
f 261/1/261 683/1/683 255/1/255 254/1/254 
f 684/1/684 685/1/685 686/1/686 
f 687/1/687 688/1/688 689/1/689 686/1/686 
f 684/1/684 689/1/689 688/1/688 690/1/690 
f 680/1/680 682/1/682 691/1/691 692/1/692 
f 693/1/693 691/1/691 682/1/682 265/1/265 
f 694/1/694 695/1/695 691/1/691 693/1/693 
f 692/1/692 691/1/691 695/1/695 685/1/685 
f 265/1/265 264/1/264 696/1/696 693/1/693 
f 697/1/697 696/1/696 264/1/264 263/1/263 
f 698/1/698 699/1/699 696/1/696 697/1/697 
f 693/1/693 696/1/696 699/1/699 694/1/694 
f 263/1/263 700/1/700 701/1/701 697/1/697 
f 702/1/702 701/1/701 700/1/700 703/1/703 
f 704/1/704 705/1/705 701/1/701 702/1/702 
f 697/1/697 701/1/701 705/1/705 698/1/698 
f 706/1/706 702/1/702 703/1/703 
f 707/1/707 708/1/708 706/1/706 709/1/709 
f 710/1/710 706/1/706 708/1/708 711/1/711 
f 706/1/706 710/1/710 704/1/704 
f 146/1/146 149/1/149 712/1/712 257/1/257 
f 713/1/713 712/1/712 149/1/149 148/1/148 
f 714/1/714 715/1/715 712/1/712 713/1/713 
f 257/1/257 712/1/712 715/1/715 258/1/258 
f 258/1/258 715/1/715 716/1/716 262/1/262 
f 717/1/717 716/1/716 715/1/715 714/1/714 
f 716/1/716 717/1/717 703/1/703 
f 700/1/700 263/1/263 262/1/262 
f 714/1/714 718/1/718 719/1/719 717/1/717 
f 720/1/720 719/1/719 718/1/718 721/1/721 
f 707/1/707 709/1/709 719/1/719 720/1/720 
f 717/1/717 719/1/719 709/1/709 703/1/703 
f 113/1/113 116/1/116 722/1/722 151/1/151 
f 117/1/117 723/1/723 722/1/722 116/1/116 
f 724/1/724 725/1/725 722/1/722 723/1/723 
f 151/1/151 722/1/722 725/1/725 148/1/148 
f 148/1/148 725/1/725 726/1/726 713/1/713 
f 727/1/727 726/1/726 725/1/725 724/1/724 
f 721/1/721 718/1/718 726/1/726 727/1/727 
f 713/1/713 726/1/726 718/1/718 714/1/714 
f 721/1/721 727/1/727 728/1/728 729/1/729 
f 724/1/724 730/1/730 728/1/728 727/1/727 
f 731/1/731 729/1/729 728/1/728 730/1/730 
f 707/1/707 720/1/720 732/1/732 733/1/733 
f 729/1/729 732/1/732 720/1/720 721/1/721 
f 731/1/731 734/1/734 732/1/732 729/1/729 
f 733/1/733 732/1/732 734/1/734 735/1/735 
f 736/1/736 686/1/686 685/1/685 
f 737/1/737 736/1/736 695/1/695 694/1/694 
f 738/1/738 739/1/739 736/1/736 737/1/737 
f 739/1/739 687/1/687 686/1/686 
f 740/1/740 741/1/741 742/1/742 743/1/743 
f 744/1/744 742/1/742 741/1/741 687/1/687 
f 745/1/745 746/1/746 742/1/742 744/1/744 
f 743/1/743 742/1/742 746/1/746 747/1/747 
f 738/1/738 748/1/748 749/1/749 739/1/739 
f 744/1/744 749/1/749 748/1/748 745/1/745 
f 744/1/744 687/1/687 739/1/739 
f 694/1/694 699/1/699 750/1/750 737/1/737 
f 751/1/751 750/1/750 699/1/699 698/1/698 
f 752/1/752 753/1/753 750/1/750 751/1/751 
f 737/1/737 750/1/750 753/1/753 738/1/738 
f 752/1/752 754/1/754 755/1/755 753/1/753 
f 756/1/756 755/1/755 754/1/754 757/1/757 
f 745/1/745 748/1/748 755/1/755 756/1/756 
f 753/1/753 755/1/755 748/1/748 738/1/738 
f 757/1/757 758/1/758 759/1/759 756/1/756 
f 760/1/760 759/1/759 758/1/758 761/1/761 
f 747/1/747 746/1/746 759/1/759 760/1/760 
f 756/1/756 759/1/759 746/1/746 745/1/745 
f 762/1/762 751/1/751 698/1/698 
f 704/1/704 763/1/763 762/1/762 705/1/705 
f 764/1/764 762/1/762 763/1/763 765/1/765 
f 751/1/751 762/1/762 764/1/764 752/1/752 
f 765/1/765 766/1/766 767/1/767 764/1/764 
f 768/1/768 767/1/767 766/1/766 769/1/769 
f 757/1/757 754/1/754 767/1/767 768/1/768 
f 764/1/764 767/1/767 754/1/754 752/1/752 
f 769/1/769 770/1/770 771/1/771 768/1/768 
f 772/1/772 771/1/771 770/1/770 773/1/773 
f 761/1/761 758/1/758 771/1/771 772/1/772 
f 768/1/768 771/1/771 758/1/758 757/1/757 
f 740/1/740 743/1/743 774/1/774 775/1/775 
f 747/1/747 776/1/776 774/1/774 743/1/743 
f 777/1/777 778/1/778 774/1/774 776/1/776 
f 775/1/775 774/1/774 778/1/778 779/1/779 
f 760/1/760 780/1/780 776/1/776 747/1/747 
f 781/1/781 780/1/780 760/1/760 761/1/761 
f 782/1/782 783/1/783 780/1/780 781/1/781 
f 776/1/776 780/1/780 783/1/783 777/1/777 
f 761/1/761 772/1/772 784/1/784 781/1/781 
f 785/1/785 784/1/784 772/1/772 773/1/773 
f 786/1/786 787/1/787 784/1/784 785/1/785 
f 781/1/781 784/1/784 787/1/787 782/1/782 
f 773/1/773 788/1/788 789/1/789 785/1/785 
f 790/1/790 789/1/789 788/1/788 791/1/791 
f 792/1/792 793/1/793 789/1/789 790/1/790 
f 785/1/785 789/1/789 793/1/793 786/1/786 
f 786/1/786 793/1/793 794/1/794 795/1/795 
f 796/1/796 794/1/794 793/1/793 792/1/792 
f 797/1/797 798/1/798 794/1/794 796/1/796 
f 795/1/795 794/1/794 798/1/798 799/1/799 
f 800/1/800 690/1/690 801/1/801 
f 802/1/802 803/1/803 804/1/804 801/1/801 
f 803/1/803 805/1/805 800/1/800 
f 690/1/690 688/1/688 806/1/806 801/1/801 
f 807/1/807 806/1/806 688/1/688 687/1/687 
f 808/1/808 809/1/809 806/1/806 807/1/807 
f 801/1/801 806/1/806 809/1/809 802/1/802 
f 779/1/779 810/1/810 811/1/811 775/1/775 
f 807/1/807 811/1/811 810/1/810 808/1/808 
f 687/1/687 741/1/741 811/1/811 807/1/807 
f 775/1/775 811/1/811 741/1/741 740/1/740 
f 812/1/812 813/1/813 810/1/810 779/1/779 
f 814/1/814 815/1/815 813/1/813 812/1/812 
f 810/1/810 813/1/813 815/1/815 808/1/808 
f 779/1/779 778/1/778 816/1/816 812/1/812 
f 817/1/817 816/1/816 778/1/778 777/1/777 
f 818/1/818 819/1/819 816/1/816 817/1/817 
f 812/1/812 816/1/816 819/1/819 814/1/814 
f 777/1/777 783/1/783 820/1/820 817/1/817 
f 821/1/821 820/1/820 783/1/783 782/1/782 
f 822/1/822 823/1/823 820/1/820 821/1/821 
f 817/1/817 820/1/820 823/1/823 818/1/818 
f 799/1/799 824/1/824 825/1/825 795/1/795 
f 821/1/821 825/1/825 824/1/824 822/1/822 
f 782/1/782 787/1/787 825/1/825 821/1/821 
f 795/1/795 825/1/825 787/1/787 786/1/786 
f 805/1/805 803/1/803 826/1/826 827/1/827 
f 828/1/828 826/1/826 803/1/803 802/1/802 
f 829/1/829 830/1/830 826/1/826 828/1/828 
f 827/1/827 826/1/826 830/1/830 831/1/831 
f 802/1/802 809/1/809 832/1/832 828/1/828 
f 833/1/833 832/1/832 809/1/809 808/1/808 
f 834/1/834 835/1/835 832/1/832 833/1/833 
f 828/1/828 832/1/832 835/1/835 829/1/829 
f 836/1/836 837/1/837 838/1/838 839/1/839 
f 829/1/829 835/1/835 838/1/838 837/1/837 
f 835/1/835 834/1/834 840/1/840 
f 839/1/839 838/1/838 840/1/840 841/1/841 
f 808/1/808 815/1/815 842/1/842 833/1/833 
f 843/1/843 842/1/842 815/1/815 814/1/814 
f 844/1/844 845/1/845 842/1/842 843/1/843 
f 833/1/833 842/1/842 845/1/845 834/1/834 
f 846/1/846 847/1/847 845/1/845 844/1/844 
f 848/1/848 847/1/847 846/1/846 849/1/849 
f 841/1/841 840/1/840 847/1/847 848/1/848 
f 834/1/834 845/1/845 847/1/847 840/1/840 
f 814/1/814 819/1/819 850/1/850 843/1/843 
f 851/1/851 850/1/850 819/1/819 818/1/818 
f 852/1/852 853/1/853 850/1/850 851/1/851 
f 843/1/843 850/1/850 853/1/853 844/1/844 
f 854/1/854 855/1/855 856/1/856 857/1/857 
f 846/1/846 856/1/856 855/1/855 849/1/849 
f 844/1/844 853/1/853 856/1/856 846/1/846 
f 857/1/857 856/1/856 853/1/853 852/1/852 
f 818/1/818 823/1/823 858/1/858 851/1/851 
f 859/1/859 858/1/858 823/1/823 822/1/822 
f 860/1/860 861/1/861 858/1/858 859/1/859 
f 851/1/851 858/1/858 861/1/861 852/1/852 
f 862/1/862 863/1/863 864/1/864 865/1/865 
f 863/1/863 854/1/854 857/1/857 
f 852/1/852 861/1/861 864/1/864 857/1/857 
f 865/1/865 864/1/864 861/1/861 860/1/860 
f 866/1/866 867/1/867 868/1/868 869/1/869 
f 870/1/870 868/1/868 867/1/867 871/1/871 
f 872/1/872 873/1/873 868/1/868 870/1/870 
f 869/1/869 868/1/868 873/1/873 874/1/874 
f 875/1/875 876/1/876 877/1/877 878/1/878 
f 879/1/879 877/1/877 876/1/876 880/1/880 
f 881/1/881 882/1/882 877/1/877 879/1/879 
f 878/1/878 877/1/877 882/1/882 883/1/883 
f 884/1/884 885/1/885 886/1/886 887/1/887 
f 888/1/888 886/1/886 885/1/885 889/1/889 
f 880/1/880 876/1/876 886/1/886 888/1/888 
f 887/1/887 886/1/886 876/1/876 875/1/875 
f 889/1/889 885/1/885 890/1/890 891/1/891 
f 892/1/892 890/1/890 885/1/885 884/1/884 
f 871/1/871 867/1/867 890/1/890 892/1/892 
f 891/1/891 890/1/890 867/1/867 866/1/866 
f 883/1/883 893/1/893 894/1/894 878/1/878 
f 895/1/895 894/1/894 893/1/893 896/1/896 
f 897/1/897 898/1/898 894/1/894 895/1/895 
f 878/1/878 894/1/894 898/1/898 875/1/875 
f 899/1/899 900/1/900 901/1/901 902/1/902 
f 887/1/887 901/1/901 900/1/900 884/1/884 
f 875/1/875 898/1/898 901/1/901 887/1/887 
f 902/1/902 901/1/901 898/1/898 897/1/897 
f 884/1/884 900/1/900 903/1/903 892/1/892 
f 904/1/904 903/1/903 900/1/900 899/1/899 
f 905/1/905 906/1/906 903/1/903 904/1/904 
f 906/1/906 871/1/871 892/1/892 
f 896/1/896 907/1/907 908/1/908 895/1/895 
f 909/1/909 908/1/908 907/1/907 910/1/910 
f 911/1/911 912/1/912 908/1/908 909/1/909 
f 895/1/895 908/1/908 912/1/912 897/1/897 
f 831/1/831 913/1/913 914/1/914 827/1/827 
f 915/1/915 914/1/914 913/1/913 916/1/916 
f 917/1/917 918/1/918 914/1/914 915/1/915 
f 827/1/827 914/1/914 918/1/918 805/1/805 
f 910/1/910 919/1/919 920/1/920 909/1/909 
f 921/1/921 920/1/920 919/1/919 922/1/922 
f 923/1/923 924/1/924 920/1/920 921/1/921 
f 909/1/909 920/1/920 924/1/924 911/1/911 
f 925/1/925 926/1/926 927/1/927 928/1/928 
f 902/1/902 927/1/927 926/1/926 899/1/899 
f 897/1/897 912/1/912 927/1/927 902/1/902 
f 928/1/928 927/1/927 912/1/912 911/1/911 
f 923/1/923 929/1/929 930/1/930 924/1/924 
f 930/1/930 929/1/929 925/1/925 
f 911/1/911 924/1/924 930/1/930 928/1/928 
f 899/1/899 926/1/926 931/1/931 904/1/904 
f 932/1/932 931/1/931 926/1/926 925/1/925 
f 931/1/931 932/1/932 933/1/933 
f 904/1/904 931/1/931 934/1/934 905/1/905 
f 935/1/935 932/1/932 925/1/925 
f 929/1/929 923/1/923 936/1/936 
f 937/1/937 938/1/938 935/1/935 936/1/936 
f 938/1/938 933/1/933 932/1/932 
f 916/1/916 939/1/939 940/1/940 915/1/915 
f 921/1/921 940/1/940 939/1/939 923/1/923 
f 922/1/922 941/1/941 940/1/940 921/1/921 
f 915/1/915 940/1/940 941/1/941 917/1/917 
f 871/1/871 906/1/906 942/1/942 870/1/870 
f 943/1/943 942/1/942 906/1/906 905/1/905 
f 944/1/944 945/1/945 942/1/942 943/1/943 
f 870/1/870 942/1/942 945/1/945 872/1/872 
f 905/1/905 934/1/934 946/1/946 943/1/943 
f 947/1/947 946/1/946 934/1/934 933/1/933 
f 948/1/948 949/1/949 946/1/946 947/1/947 
f 943/1/943 946/1/946 949/1/949 944/1/944 
f 948/1/948 950/1/950 951/1/951 949/1/949 
f 952/1/952 951/1/951 950/1/950 953/1/953 
f 954/1/954 955/1/955 951/1/951 952/1/952 
f 955/1/955 944/1/944 949/1/949 
f 956/1/956 957/1/957 958/1/958 959/1/959 
f 936/1/936 958/1/958 957/1/957 937/1/937 
f 923/1/923 939/1/939 958/1/958 936/1/936 
f 959/1/959 958/1/958 939/1/939 916/1/916 
f 937/1/937 957/1/957 960/1/960 938/1/938 
f 961/1/961 960/1/960 957/1/957 956/1/956 
f 948/1/948 947/1/947 960/1/960 961/1/961 
f 938/1/938 960/1/960 947/1/947 933/1/933 
f 831/1/831 830/1/830 962/1/962 963/1/963 
f 837/1/837 962/1/962 830/1/830 829/1/829 
f 836/1/836 964/1/964 962/1/962 837/1/837 
f 963/1/963 962/1/962 964/1/964 965/1/965 
f 966/1/966 967/1/967 968/1/968 969/1/969 
f 967/1/967 953/1/953 950/1/950 
f 961/1/961 968/1/968 950/1/950 948/1/948 
f 961/1/961 956/1/956 969/1/969 
f 965/1/965 970/1/970 971/1/971 963/1/963 
f 959/1/959 971/1/971 970/1/970 956/1/956 
f 971/1/971 959/1/959 916/1/916 
f 913/1/913 831/1/831 963/1/963 
f 972/1/972 973/1/973 970/1/970 965/1/965 
f 966/1/966 969/1/969 973/1/973 972/1/972 
f 956/1/956 970/1/970 973/1/973 969/1/969 
f 974/1/974 975/1/975 976/1/976 977/1/977 
f 978/1/978 976/1/976 975/1/975 979/1/979 
f 341/1/341 337/1/337 976/1/976 978/1/978 
f 977/1/977 976/1/976 337/1/337 336/1/336 
f 979/1/979 980/1/980 981/1/981 978/1/978 
f 982/1/982 981/1/981 980/1/980 983/1/983 
f 347/1/347 344/1/344 981/1/981 982/1/982 
f 978/1/978 981/1/981 344/1/344 341/1/341 
f 984/1/984 985/1/985 986/1/986 987/1/987 
f 351/1/351 348/1/348 986/1/986 985/1/985 
f 982/1/982 986/1/986 348/1/348 347/1/347 
f 987/1/987 986/1/986 982/1/982 983/1/983 
f 984/1/984 988/1/988 989/1/989 985/1/985 
f 990/1/990 989/1/989 988/1/988 991/1/991 
f 355/1/355 352/1/352 989/1/989 990/1/990 
f 985/1/985 989/1/989 352/1/352 351/1/351 
f 991/1/991 992/1/992 993/1/993 990/1/990 
f 994/1/994 993/1/993 992/1/992 995/1/995 
f 359/1/359 356/1/356 993/1/993 994/1/994 
f 990/1/990 993/1/993 356/1/356 355/1/355 
f 995/1/995 996/1/996 997/1/997 994/1/994 
f 998/1/998 997/1/997 996/1/996 999/1/999 
f 363/1/363 360/1/360 997/1/997 998/1/998 
f 994/1/994 997/1/997 360/1/360 359/1/359 
f 999/1/999 1000/1/1000 1001/1/1001 998/1/998 
f 1002/1/1002 1001/1/1001 1000/1/1000 1003/1/1003 
f 367/1/367 364/1/364 1001/1/1001 1002/1/1002 
f 998/1/998 1001/1/1001 364/1/364 363/1/363 
f 1003/1/1003 1004/1/1004 1005/1/1005 1002/1/1002 
f 1006/1/1006 1005/1/1005 1004/1/1004 1007/1/1007 
f 371/1/371 368/1/368 1005/1/1005 1006/1/1006 
f 1002/1/1002 1005/1/1005 368/1/368 367/1/367 
f 1008/1/1008 1009/1/1009 1010/1/1010 1011/1/1011 
f 375/1/375 372/1/372 1010/1/1010 1009/1/1009 
f 1006/1/1006 1010/1/1010 372/1/372 371/1/371 
f 1011/1/1011 1010/1/1010 1006/1/1006 1007/1/1007 
f 1012/1/1012 1013/1/1013 1014/1/1014 1015/1/1015 
f 1016/1/1016 1017/1/1017 1013/1/1013 1012/1/1012 
f 1011/1/1011 1013/1/1013 1017/1/1017 1008/1/1008 
f 1014/1/1014 1013/1/1013 1011/1/1011 1007/1/1007 
f 1018/1/1018 1019/1/1019 1020/1/1020 1021/1/1021 
f 975/1/975 1020/1/1020 1019/1/1019 979/1/979 
f 974/1/974 1022/1/1022 1020/1/1020 975/1/975 
f 1021/1/1021 1020/1/1020 1022/1/1022 1023/1/1023 
f 1024/1/1024 1025/1/1025 1026/1/1026 1027/1/1027 
f 980/1/980 1026/1/1026 1025/1/1025 983/1/983 
f 979/1/979 1019/1/1019 1026/1/1026 980/1/980 
f 1027/1/1027 1026/1/1026 1019/1/1019 1018/1/1018 
f 1028/1/1028 1029/1/1029 1030/1/1030 1031/1/1031 
f 987/1/987 1030/1/1030 1029/1/1029 984/1/984 
f 983/1/983 1025/1/1025 1030/1/1030 987/1/987 
f 1031/1/1031 1030/1/1030 1025/1/1025 1024/1/1024 
f 1032/1/1032 1033/1/1033 1034/1/1034 1035/1/1035 
f 991/1/991 988/1/988 1034/1/1034 1033/1/1033 
f 984/1/984 1029/1/1029 1034/1/1034 988/1/988 
f 1035/1/1035 1034/1/1034 1029/1/1029 1028/1/1028 
f 1036/1/1036 1037/1/1037 1038/1/1038 1039/1/1039 
f 995/1/995 992/1/992 1038/1/1038 1037/1/1037 
f 1033/1/1033 1038/1/1038 992/1/992 991/1/991 
f 1039/1/1039 1038/1/1038 1033/1/1033 1032/1/1032 
f 1040/1/1040 1041/1/1041 1042/1/1042 1043/1/1043 
f 999/1/999 996/1/996 1042/1/1042 1041/1/1041 
f 1037/1/1037 1042/1/1042 996/1/996 995/1/995 
f 1043/1/1043 1042/1/1042 1037/1/1037 1036/1/1036 
f 1040/1/1040 1044/1/1044 1045/1/1045 1041/1/1041 
f 1046/1/1046 1045/1/1045 1044/1/1044 1047/1/1047 
f 1003/1/1003 1000/1/1000 1045/1/1045 1046/1/1046 
f 1041/1/1041 1045/1/1045 1000/1/1000 999/1/999 
f 1048/1/1048 1049/1/1049 1050/1/1050 
f 1004/1/1004 1051/1/1051 1050/1/1050 1007/1/1007 
f 1046/1/1046 1051/1/1051 1004/1/1004 1003/1/1003 
f 1047/1/1047 1048/1/1048 1051/1/1051 1046/1/1046 
f 1049/1/1049 1052/1/1052 1053/1/1053 1050/1/1050 
f 1054/1/1054 1053/1/1053 1052/1/1052 1055/1/1055 
f 1015/1/1015 1014/1/1014 1053/1/1053 1054/1/1054 
f 1050/1/1050 1053/1/1053 1014/1/1014 1007/1/1007 
f 1023/1/1023 1056/1/1056 1057/1/1057 1021/1/1021 
f 1058/1/1058 1057/1/1057 1056/1/1056 1059/1/1059 
f 1060/1/1060 1061/1/1061 1057/1/1057 1058/1/1058 
f 1021/1/1021 1057/1/1057 1061/1/1061 1018/1/1018 
f 1018/1/1018 1061/1/1061 1062/1/1062 1027/1/1027 
f 1063/1/1063 1062/1/1062 1061/1/1061 1060/1/1060 
f 1064/1/1064 1065/1/1065 1062/1/1062 1063/1/1063 
f 1027/1/1027 1062/1/1062 1065/1/1065 1024/1/1024 
f 1024/1/1024 1065/1/1065 1066/1/1066 1031/1/1031 
f 1067/1/1067 1066/1/1066 1065/1/1065 1064/1/1064 
f 1068/1/1068 1069/1/1069 1066/1/1066 1067/1/1067 
f 1031/1/1031 1066/1/1066 1069/1/1069 1028/1/1028 
f 1028/1/1028 1069/1/1069 1070/1/1070 1035/1/1035 
f 1071/1/1071 1070/1/1070 1069/1/1069 1068/1/1068 
f 1072/1/1072 1073/1/1073 1070/1/1070 1071/1/1071 
f 1035/1/1035 1070/1/1070 1073/1/1073 1032/1/1032 
f 1074/1/1074 1075/1/1075 1076/1/1076 1077/1/1077 
f 1058/1/1058 1076/1/1076 1075/1/1075 1060/1/1060 
f 1059/1/1059 1078/1/1078 1076/1/1076 1058/1/1058 
f 1077/1/1077 1076/1/1076 1078/1/1078 1079/1/1079 
f 1080/1/1080 1081/1/1081 1082/1/1082 1083/1/1083 
f 1063/1/1063 1081/1/1081 1080/1/1080 1064/1/1064 
f 1060/1/1060 1075/1/1075 1081/1/1081 1063/1/1063 
f 1082/1/1082 1081/1/1081 1075/1/1075 1074/1/1074 
f 1084/1/1084 1085/1/1085 1086/1/1086 1087/1/1087 
f 1067/1/1067 1085/1/1085 1084/1/1084 1068/1/1068 
f 1064/1/1064 1080/1/1080 1085/1/1085 1067/1/1067 
f 1083/1/1083 1086/1/1086 1085/1/1085 1080/1/1080 
f 1088/1/1088 1089/1/1089 1090/1/1090 1091/1/1091 
f 1092/1/1092 1090/1/1090 1089/1/1089 1093/1/1093 
f 1094/1/1094 1090/1/1090 1092/1/1092 1095/1/1095 
f 1096/1/1096 1091/1/1091 1090/1/1090 1094/1/1094 
f 1093/1/1093 1097/1/1097 1098/1/1098 1092/1/1092 
f 1099/1/1099 1098/1/1098 1097/1/1097 1100/1/1100 
f 1101/1/1101 1102/1/1102 1098/1/1098 1099/1/1099 
f 1092/1/1092 1098/1/1098 1102/1/1102 1095/1/1095 
f 1100/1/1100 1103/1/1103 1104/1/1104 1099/1/1099 
f 1105/1/1105 1104/1/1104 1103/1/1103 1106/1/1106 
f 1107/1/1107 1108/1/1108 1104/1/1104 1105/1/1105 
f 1099/1/1099 1104/1/1104 1108/1/1108 1101/1/1101 
f 1106/1/1106 1109/1/1109 1110/1/1110 1105/1/1105 
f 1111/1/1111 1110/1/1110 1109/1/1109 1112/1/1112 
f 1113/1/1113 1114/1/1114 1110/1/1110 1111/1/1111 
f 1105/1/1105 1110/1/1110 1114/1/1114 1107/1/1107 
f 1112/1/1112 1115/1/1115 1116/1/1116 1111/1/1111 
f 1117/1/1117 1116/1/1116 1115/1/1115 1118/1/1118 
f 1119/1/1119 1120/1/1120 1116/1/1116 1117/1/1117 
f 1111/1/1111 1116/1/1116 1120/1/1120 1113/1/1113 
f 1118/1/1118 1121/1/1121 1122/1/1122 1117/1/1117 
f 1123/1/1123 1124/1/1124 1122/1/1122 1121/1/1121 
f 1125/1/1125 1126/1/1126 1122/1/1122 1124/1/1124 
f 1117/1/1117 1122/1/1122 1126/1/1126 1119/1/1119 
f 1127/1/1127 1128/1/1128 1129/1/1129 1130/1/1130 
f 1131/1/1131 1132/1/1132 1129/1/1129 1128/1/1128 
f 1124/1/1124 1129/1/1129 1132/1/1132 1125/1/1125 
f 1123/1/1123 1130/1/1130 1129/1/1129 1124/1/1124 
f 1127/1/1127 1133/1/1133 1134/1/1134 1128/1/1128 
f 1135/1/1135 1134/1/1134 1133/1/1133 1136/1/1136 
f 1137/1/1137 1138/1/1138 1134/1/1134 1135/1/1135 
f 1128/1/1128 1134/1/1134 1138/1/1138 1131/1/1131 
f 1139/1/1139 1140/1/1140 1141/1/1141 1142/1/1142 
f 1143/1/1143 1144/1/1144 1141/1/1141 1140/1/1140 
f 1135/1/1135 1141/1/1141 1144/1/1144 1137/1/1137 
f 1142/1/1142 1141/1/1141 1135/1/1135 1136/1/1136 
f 1139/1/1139 1145/1/1145 1146/1/1146 1140/1/1140 
f 1147/1/1147 1146/1/1146 1145/1/1145 1148/1/1148 
f 1149/1/1149 1150/1/1150 1146/1/1146 1147/1/1147 
f 1140/1/1140 1146/1/1146 1150/1/1150 1143/1/1143 
f 1151/1/1151 1152/1/1152 1153/1/1153 1154/1/1154 
f 1102/1/1102 1153/1/1153 1152/1/1152 1095/1/1095 
f 1155/1/1155 1153/1/1153 1102/1/1102 1101/1/1101 
f 1156/1/1156 1154/1/1154 1153/1/1153 1155/1/1155 
f 1156/1/1156 1157/1/1157 1158/1/1158 1159/1/1159 
f 1160/1/1160 1158/1/1158 1157/1/1157 1161/1/1161 
f 1083/1/1083 1082/1/1082 1158/1/1158 1160/1/1160 
f 1159/1/1159 1158/1/1158 1082/1/1082 1074/1/1074 
f 1161/1/1161 1157/1/1157 1162/1/1162 1163/1/1163 
f 1155/1/1155 1162/1/1162 1157/1/1157 1156/1/1156 
f 1101/1/1101 1108/1/1108 1162/1/1162 1155/1/1155 
f 1163/1/1163 1162/1/1162 1108/1/1108 1107/1/1107 
f 1161/1/1161 1164/1/1164 1165/1/1165 1160/1/1160 
f 1166/1/1166 1165/1/1165 1164/1/1164 1167/1/1167 
f 1087/1/1087 1086/1/1086 1165/1/1165 1166/1/1166 
f 1160/1/1160 1165/1/1165 1086/1/1086 1083/1/1083 
f 1167/1/1167 1164/1/1164 1168/1/1168 1169/1/1169 
f 1163/1/1163 1168/1/1168 1164/1/1164 1161/1/1161 
f 1107/1/1107 1114/1/1114 1168/1/1168 1163/1/1163 
f 1169/1/1169 1168/1/1168 1114/1/1114 1113/1/1113 
f 1170/1/1170 1171/1/1171 1172/1/1172 1173/1/1173 
f 1169/1/1169 1172/1/1172 1171/1/1171 1167/1/1167 
f 1113/1/1113 1120/1/1120 1172/1/1172 1169/1/1169 
f 1173/1/1173 1172/1/1172 1120/1/1120 1119/1/1119 
f 1174/1/1174 1175/1/1175 1126/1/1126 1125/1/1125 
f 1176/1/1176 1177/1/1177 1175/1/1175 1174/1/1174 
f 1173/1/1173 1175/1/1175 1177/1/1177 1170/1/1170 
f 1119/1/1119 1126/1/1126 1175/1/1175 1173/1/1173 
f 1178/1/1178 1179/1/1179 1180/1/1180 1181/1/1181 
f 1174/1/1174 1180/1/1180 1179/1/1179 1176/1/1176 
f 1125/1/1125 1132/1/1132 1180/1/1180 1174/1/1174 
f 1181/1/1181 1180/1/1180 1132/1/1132 1131/1/1131 
f 1182/1/1182 1183/1/1183 1184/1/1184 1185/1/1185 
f 1181/1/1181 1184/1/1184 1183/1/1183 1178/1/1178 
f 1131/1/1131 1138/1/1138 1184/1/1184 1181/1/1181 
f 1185/1/1185 1184/1/1184 1138/1/1138 1137/1/1137 
f 1186/1/1186 1187/1/1187 1188/1/1188 1189/1/1189 
f 1185/1/1185 1188/1/1188 1187/1/1187 1182/1/1182 
f 1137/1/1137 1144/1/1144 1188/1/1188 1185/1/1185 
f 1189/1/1189 1188/1/1188 1144/1/1144 1143/1/1143 
f 1190/1/1190 1191/1/1191 1192/1/1192 
f 1193/1/1193 1190/1/1190 1194/1/1194 1195/1/1195 
f 1151/1/1151 1196/1/1196 1190/1/1190 1193/1/1193 
f 1191/1/1191 1190/1/1190 1196/1/1196 1079/1/1079 
f 1095/1/1095 1152/1/1152 1197/1/1197 1094/1/1094 
f 1193/1/1193 1197/1/1197 1152/1/1152 1151/1/1151 
f 1195/1/1195 1198/1/1198 1197/1/1197 1193/1/1193 
f 1094/1/1094 1197/1/1197 1198/1/1198 1096/1/1096 
f 1079/1/1079 1196/1/1196 1199/1/1199 1077/1/1077 
f 1154/1/1154 1199/1/1199 1196/1/1196 1151/1/1151 
f 1156/1/1156 1159/1/1159 1199/1/1199 1154/1/1154 
f 1077/1/1077 1199/1/1199 1159/1/1159 1074/1/1074 
f 395/1/395 1200/1/1200 1201/1/1201 391/1/391 
f 1202/1/1202 1201/1/1201 1200/1/1200 1203/1/1203 
f 19/1/19 389/1/389 1201/1/1201 1202/1/1202 
f 391/1/391 1201/1/1201 389/1/389 388/1/388 
f 1204/1/1204 1205/1/1205 1202/1/1202 1203/1/1203 
f 53/1/53 1205/1/1205 1204/1/1204 50/1/50 
f 21/1/21 20/1/20 1205/1/1205 53/1/53 
f 1202/1/1202 1205/1/1205 20/1/20 19/1/19 
f 585/1/585 584/1/584 1206/1/1206 
f 1207/1/1207 1208/1/1208 1209/1/1209 1206/1/1206 
f 395/1/395 394/1/394 1209/1/1209 1208/1/1208 
f 585/1/585 1209/1/1209 394/1/394 393/1/393 
f 1210/1/1210 1211/1/1211 1212/1/1212 
f 1212/1/1212 598/1/598 597/1/597 
f 50/1/50 1204/1/1204 1213/1/1213 597/1/597 
f 1204/1/1204 1203/1/1203 1210/1/1210 
f 1214/1/1214 1215/1/1215 1216/1/1216 1217/1/1217 
f 1200/1/1200 1216/1/1216 1215/1/1215 1203/1/1203 
f 395/1/395 1208/1/1208 1216/1/1216 1200/1/1200 
f 1208/1/1208 1207/1/1207 1217/1/1217 
f 1218/1/1218 1219/1/1219 1215/1/1215 1214/1/1214 
f 1211/1/1211 1210/1/1210 1219/1/1219 1218/1/1218 
f 1203/1/1203 1215/1/1215 1219/1/1219 1210/1/1210 
f 584/1/584 590/1/590 1220/1/1220 1206/1/1206 
f 1221/1/1221 1220/1/1220 590/1/590 589/1/589 
f 1222/1/1222 1223/1/1223 1220/1/1220 1221/1/1221 
f 1223/1/1223 1207/1/1207 1206/1/1206 
f 1211/1/1211 1224/1/1224 1225/1/1225 1212/1/1212 
f 1226/1/1226 1225/1/1225 1224/1/1224 1227/1/1227 
f 605/1/605 612/1/612 1225/1/1225 1226/1/1226 
f 1212/1/1212 1225/1/1225 612/1/612 598/1/598 
f 1228/1/1228 1229/1/1229 1230/1/1230 1231/1/1231 
f 1217/1/1217 1230/1/1230 1229/1/1229 1214/1/1214 
f 1207/1/1207 1223/1/1223 1230/1/1230 1217/1/1217 
f 1231/1/1231 1230/1/1230 1223/1/1223 1222/1/1222 
f 1214/1/1214 1229/1/1229 1232/1/1232 1218/1/1218 
f 1233/1/1233 1232/1/1232 1229/1/1229 1228/1/1228 
f 1227/1/1227 1224/1/1224 1232/1/1232 1233/1/1233 
f 1218/1/1218 1232/1/1232 1224/1/1224 1211/1/1211 
f 605/1/605 1226/1/1226 1234/1/1234 604/1/604 
f 1227/1/1227 1235/1/1235 1234/1/1234 1226/1/1226 
f 1236/1/1236 1234/1/1234 1235/1/1235 1237/1/1237 
f 604/1/604 1234/1/1234 1236/1/1236 595/1/595 
f 1238/1/1238 1239/1/1239 1240/1/1240 1241/1/1241 
f 1221/1/1221 1240/1/1240 1239/1/1239 1222/1/1222 
f 589/1/589 586/1/586 1240/1/1240 1221/1/1221 
f 1241/1/1241 1240/1/1240 586/1/586 581/1/581 
f 1222/1/1222 1239/1/1239 1242/1/1242 1231/1/1231 
f 1243/1/1243 1242/1/1242 1239/1/1239 1238/1/1238 
f 1244/1/1244 1245/1/1245 1242/1/1242 1243/1/1243 
f 1231/1/1231 1242/1/1242 1245/1/1245 1228/1/1228 
f 1228/1/1228 1245/1/1245 1246/1/1246 1233/1/1233 
f 1247/1/1247 1246/1/1246 1245/1/1245 1244/1/1244 
f 1237/1/1237 1235/1/1235 1246/1/1246 1247/1/1247 
f 1233/1/1233 1246/1/1246 1235/1/1235 1227/1/1227 
f 435/1/435 1248/1/1248 1249/1/1249 578/1/578 
f 1250/1/1250 1249/1/1249 1248/1/1248 1251/1/1251 
f 1238/1/1238 1241/1/1241 1249/1/1249 1250/1/1250 
f 1241/1/1241 581/1/581 578/1/578 
f 1251/1/1251 1248/1/1248 1252/1/1252 1253/1/1253 
f 438/1/438 1252/1/1252 1248/1/1248 435/1/435 
f 433/1/433 1253/1/1253 1252/1/1252 438/1/438 
f 1237/1/1237 1254/1/1254 1255/1/1255 1236/1/1236 
f 1256/1/1256 1255/1/1255 1254/1/1254 1257/1/1257 
f 594/1/594 1255/1/1255 1256/1/1256 343/1/343 
f 1255/1/1255 594/1/594 595/1/595 
f 1258/1/1258 1259/1/1259 1260/1/1260 1261/1/1261 
f 1243/1/1243 1260/1/1260 1259/1/1259 1244/1/1244 
f 1238/1/1238 1250/1/1250 1260/1/1260 1243/1/1243 
f 1261/1/1261 1260/1/1260 1250/1/1250 1251/1/1251 
f 1244/1/1244 1259/1/1259 1262/1/1262 1247/1/1247 
f 1259/1/1259 1258/1/1258 1263/1/1263 
f 1257/1/1257 1254/1/1254 1262/1/1262 1263/1/1263 
f 1247/1/1247 1262/1/1262 1254/1/1254 1237/1/1237 
f 433/1/433 431/1/431 1264/1/1264 1253/1/1253 
f 1265/1/1265 1264/1/1264 431/1/431 432/1/432 
f 1266/1/1266 1267/1/1267 1264/1/1264 1265/1/1265 
f 1253/1/1253 1264/1/1264 1267/1/1267 1251/1/1251 
f 1268/1/1268 1269/1/1269 1270/1/1270 1271/1/1271 
f 339/1/339 1270/1/1270 1269/1/1269 336/1/336 
f 343/1/343 1256/1/1256 1270/1/1270 339/1/339 
f 1271/1/1271 1270/1/1270 1256/1/1256 1257/1/1257 
f 1272/1/1272 1273/1/1273 1267/1/1267 1266/1/1266 
f 1274/1/1274 1273/1/1273 1272/1/1272 1275/1/1275 
f 1261/1/1261 1273/1/1273 1274/1/1274 1258/1/1258 
f 1267/1/1267 1273/1/1273 1261/1/1261 1251/1/1251 
f 1258/1/1258 1274/1/1274 1276/1/1276 1263/1/1263 
f 1277/1/1277 1276/1/1276 1274/1/1274 1275/1/1275 
f 1271/1/1271 1276/1/1276 1277/1/1277 1268/1/1268 
f 1257/1/1257 1263/1/1263 1276/1/1276 1271/1/1271 
f 1278/1/1278 1279/1/1279 1280/1/1280 1281/1/1281 
f 1282/1/1282 1283/1/1283 1279/1/1279 1278/1/1278 
f 432/1/432 428/1/428 1279/1/1279 1283/1/1283 
f 1280/1/1280 1279/1/1279 428/1/428 427/1/427 
f 1284/1/1284 1285/1/1285 1286/1/1286 1287/1/1287 
f 977/1/977 1286/1/1286 1285/1/1285 974/1/974 
f 336/1/336 1269/1/1269 1286/1/1286 977/1/977 
f 1287/1/1287 1286/1/1286 1269/1/1269 1268/1/1268 
f 432/1/432 1283/1/1283 1288/1/1288 1265/1/1265 
f 1289/1/1289 1288/1/1288 1283/1/1283 1282/1/1282 
f 1266/1/1266 1265/1/1265 1288/1/1288 1289/1/1289 
f 1290/1/1290 1278/1/1278 1281/1/1281 
f 1291/1/1291 1290/1/1290 1292/1/1292 1192/1/1192 
f 1293/1/1293 1294/1/1294 1290/1/1290 1291/1/1291 
f 1278/1/1278 1290/1/1290 1294/1/1294 1282/1/1282 
f 1195/1/1195 1194/1/1194 1295/1/1295 1296/1/1296 
f 1192/1/1192 1292/1/1292 1295/1/1295 1194/1/1194 
f 1292/1/1292 1281/1/1281 1296/1/1296 
f 1297/1/1297 1298/1/1298 1285/1/1285 1284/1/1284 
f 1299/1/1299 1298/1/1298 1297/1/1297 1192/1/1192 
f 1023/1/1023 1022/1/1022 1298/1/1298 1299/1/1299 
f 974/1/974 1285/1/1285 1298/1/1298 1022/1/1022 
f 1291/1/1291 1300/1/1300 1301/1/1301 1293/1/1293 
f 1297/1/1297 1300/1/1300 1291/1/1291 1192/1/1192 
f 1284/1/1284 1301/1/1301 1300/1/1300 1297/1/1297 
f 1023/1/1023 1299/1/1299 1302/1/1302 1056/1/1056 
f 1299/1/1299 1192/1/1192 1191/1/1191 
f 1079/1/1079 1078/1/1078 1302/1/1302 1191/1/1191 
f 1056/1/1056 1302/1/1302 1078/1/1078 1059/1/1059 
f 1268/1/1268 1277/1/1277 1303/1/1303 1287/1/1287 
f 1304/1/1304 1303/1/1303 1277/1/1277 1275/1/1275 
f 1293/1/1293 1301/1/1301 1303/1/1303 1304/1/1304 
f 1287/1/1287 1303/1/1303 1301/1/1301 1284/1/1284 
f 1282/1/1282 1294/1/1294 1305/1/1305 1289/1/1289 
f 1304/1/1304 1305/1/1305 1294/1/1294 1293/1/1293 
f 1275/1/1275 1272/1/1272 1305/1/1305 1304/1/1304 
f 1289/1/1289 1305/1/1305 1272/1/1272 1266/1/1266 
f 1306/1/1306 1296/1/1296 1281/1/1281 
f 1307/1/1307 1306/1/1306 1308/1/1308 1309/1/1309 
f 1096/1/1096 1198/1/1198 1306/1/1306 1307/1/1307 
f 1296/1/1296 1306/1/1306 1198/1/1198 1195/1/1195 
f 1307/1/1307 1310/1/1310 1091/1/1091 1096/1/1096 
f 1311/1/1311 1310/1/1310 1307/1/1307 1309/1/1309 
f 1312/1/1312 1313/1/1313 1310/1/1310 1311/1/1311 
f 1091/1/1091 1310/1/1310 1313/1/1313 1088/1/1088 
f 1314/1/1314 1315/1/1315 1316/1/1316 1317/1/1317 
f 1318/1/1318 1315/1/1315 1314/1/1314 1319/1/1319 
f 405/1/405 401/1/401 1315/1/1315 1318/1/1318 
f 400/1/400 1316/1/1316 1315/1/1315 401/1/401 
f 1319/1/1319 1320/1/1320 1321/1/1321 1318/1/1318 
f 1322/1/1322 1321/1/1321 1320/1/1320 1323/1/1323 
f 412/1/412 409/1/409 1321/1/1321 1322/1/1322 
f 1318/1/1318 1321/1/1321 409/1/409 405/1/405 
f 418/1/418 415/1/415 1324/1/1324 1325/1/1325 
f 1322/1/1322 1324/1/1324 415/1/415 412/1/412 
f 1323/1/1323 1326/1/1326 1324/1/1324 1322/1/1322 
f 1325/1/1325 1324/1/1324 1326/1/1326 1327/1/1327 
f 424/1/424 421/1/421 1328/1/1328 430/1/430 
f 1325/1/1325 1328/1/1328 421/1/421 418/1/418 
f 1327/1/1327 1329/1/1329 1328/1/1328 1325/1/1325 
f 430/1/430 1328/1/1328 1329/1/1329 427/1/427 
f 427/1/427 1329/1/1329 1330/1/1330 1280/1/1280 
f 1331/1/1331 1330/1/1330 1329/1/1329 1327/1/1327 
f 1309/1/1309 1308/1/1308 1330/1/1330 1331/1/1331 
f 1280/1/1280 1330/1/1330 1308/1/1308 1281/1/1281 
f 1332/1/1332 1333/1/1333 1334/1/1334 1335/1/1335 
f 1336/1/1336 1334/1/1334 1333/1/1333 1337/1/1337 
f 1334/1/1334 1336/1/1336 1327/1/1327 
f 1335/1/1335 1334/1/1334 1326/1/1326 1323/1/1323 
f 1336/1/1336 1338/1/1338 1331/1/1331 1327/1/1327 
f 1337/1/1337 1339/1/1339 1338/1/1338 1336/1/1336 
f 1331/1/1331 1338/1/1338 1339/1/1339 1309/1/1309 
f 1340/1/1340 1341/1/1341 1342/1/1342 1343/1/1343 
f 1341/1/1341 1312/1/1312 1311/1/1311 
f 1342/1/1342 1311/1/1311 1309/1/1309 
f 1343/1/1343 1342/1/1342 1339/1/1339 1337/1/1337 
f 1337/1/1337 1333/1/1333 1344/1/1344 1343/1/1343 
f 1345/1/1345 1344/1/1344 1333/1/1333 1332/1/1332 
f 1346/1/1346 1347/1/1347 1344/1/1344 1345/1/1345 
f 1347/1/1347 1340/1/1340 1343/1/1343 
f 1348/1/1348 1349/1/1349 1350/1/1350 1351/1/1351 
f 1352/1/1352 1350/1/1350 1349/1/1349 1353/1/1353 
f 874/1/874 873/1/873 1350/1/1350 1352/1/1352 
f 1351/1/1351 1350/1/1350 873/1/873 872/1/872 
f 1354/1/1354 1355/1/1355 1356/1/1356 1357/1/1357 
f 1351/1/1351 1356/1/1356 1355/1/1355 1348/1/1348 
f 872/1/872 945/1/945 1356/1/1356 1351/1/1351 
f 1357/1/1357 1356/1/1356 945/1/945 944/1/944 
f 944/1/944 955/1/955 1358/1/1358 1357/1/1357 
f 1359/1/1359 1358/1/1358 955/1/955 954/1/954 
f 1360/1/1360 1361/1/1361 1358/1/1358 1359/1/1359 
f 1357/1/1357 1358/1/1358 1361/1/1361 1354/1/1354 
f 954/1/954 952/1/952 1362/1/1362 1359/1/1359 
f 1363/1/1363 1362/1/1362 952/1/952 953/1/953 
f 1364/1/1364 1365/1/1365 1362/1/1362 1363/1/1363 
f 1365/1/1365 1360/1/1360 1359/1/1359 
f 953/1/953 967/1/967 1366/1/1366 1363/1/1363 
f 1367/1/1367 1366/1/1366 967/1/967 966/1/966 
f 1368/1/1368 1369/1/1369 1366/1/1366 1367/1/1367 
f 1363/1/1363 1366/1/1366 1369/1/1369 1364/1/1364 
f 1370/1/1370 1371/1/1371 1372/1/1372 
f 1367/1/1367 1370/1/1370 1373/1/1373 1368/1/1368 
f 966/1/966 972/1/972 1370/1/1370 1367/1/1367 
f 1371/1/1371 1370/1/1370 972/1/972 965/1/965 
f 964/1/964 1374/1/1374 1371/1/1371 965/1/965 
f 836/1/836 1375/1/1375 1374/1/1374 964/1/964 
f 1376/1/1376 1377/1/1377 1374/1/1374 1375/1/1375 
f 1371/1/1371 1374/1/1374 1377/1/1377 1372/1/1372 
f 1376/1/1376 1375/1/1375 1378/1/1378 1379/1/1379 
f 1375/1/1375 836/1/836 839/1/839 
f 841/1/841 1380/1/1380 1378/1/1378 839/1/839 
f 1379/1/1379 1378/1/1378 1380/1/1380 1381/1/1381 
f 849/1/849 1382/1/1382 1383/1/1383 848/1/848 
f 1384/1/1384 1383/1/1383 1382/1/1382 1385/1/1385 
f 1381/1/1381 1380/1/1380 1383/1/1383 1384/1/1384 
f 848/1/848 1383/1/1383 1380/1/1380 841/1/841 
f 849/1/849 855/1/855 1386/1/1386 1382/1/1382 
f 1387/1/1387 1386/1/1386 855/1/855 854/1/854 
f 1388/1/1388 1386/1/1386 1387/1/1387 1389/1/1389 
f 1385/1/1385 1382/1/1382 1386/1/1386 1388/1/1388 
f 862/1/862 1390/1/1390 1391/1/1391 863/1/863 
f 1392/1/1392 1391/1/1391 1390/1/1390 1393/1/1393 
f 1389/1/1389 1387/1/1387 1391/1/1391 1392/1/1392 
f 854/1/854 863/1/863 1391/1/1391 1387/1/1387 
f 1364/1/1364 1369/1/1369 1394/1/1394 1395/1/1395 
f 1396/1/1396 1394/1/1394 1369/1/1369 1368/1/1368 
f 1397/1/1397 1398/1/1398 1394/1/1394 1396/1/1396 
f 1395/1/1395 1394/1/1394 1398/1/1398 1399/1/1399 
f 1368/1/1368 1373/1/1373 1400/1/1400 1396/1/1396 
f 1401/1/1401 1400/1/1400 1373/1/1373 1372/1/1372 
f 1402/1/1402 1403/1/1403 1400/1/1400 1401/1/1401 
f 1396/1/1396 1400/1/1400 1403/1/1403 1397/1/1397 
f 1372/1/1372 1377/1/1377 1404/1/1404 1401/1/1401 
f 1405/1/1405 1404/1/1404 1377/1/1377 1376/1/1376 
f 1406/1/1406 1407/1/1407 1404/1/1404 1405/1/1405 
f 1401/1/1401 1404/1/1404 1407/1/1407 1402/1/1402 
f 1376/1/1376 1379/1/1379 1408/1/1408 1405/1/1405 
f 1381/1/1381 1409/1/1409 1408/1/1408 1379/1/1379 
f 1410/1/1410 1408/1/1408 1409/1/1409 1411/1/1411 
f 1405/1/1405 1408/1/1408 1410/1/1410 1406/1/1406 
f 1389/1/1389 1412/1/1412 1413/1/1413 1388/1/1388 
f 1412/1/1412 1414/1/1414 1415/1/1415 
f 1416/1/1416 1417/1/1417 1413/1/1413 1415/1/1415 
f 1388/1/1388 1413/1/1413 1417/1/1417 1385/1/1385 
f 1393/1/1393 1418/1/1418 1419/1/1419 1392/1/1392 
f 1420/1/1420 1419/1/1419 1418/1/1418 1421/1/1421 
f 1414/1/1414 1412/1/1412 1419/1/1419 1420/1/1420 
f 1392/1/1392 1419/1/1419 1412/1/1412 1389/1/1389 
f 773/1/773 770/1/770 1422/1/1422 788/1/788 
f 1423/1/1423 1422/1/1422 770/1/770 769/1/769 
f 1424/1/1424 1425/1/1425 1422/1/1422 1423/1/1423 
f 788/1/788 1422/1/1422 1425/1/1425 791/1/791 
f 792/1/792 1426/1/1426 1427/1/1427 796/1/796 
f 1428/1/1428 1427/1/1427 1426/1/1426 1429/1/1429 
f 1430/1/1430 1431/1/1431 1427/1/1427 1428/1/1428 
f 796/1/796 1427/1/1427 1431/1/1431 797/1/797 
f 1432/1/1432 1433/1/1433 1434/1/1434 1435/1/1435 
f 1429/1/1429 1426/1/1426 1434/1/1434 1433/1/1433 
f 790/1/790 1434/1/1434 1426/1/1426 792/1/792 
f 1435/1/1435 1434/1/1434 790/1/790 791/1/791 
f 766/1/766 765/1/765 1436/1/1436 
f 1437/1/1437 1438/1/1438 1439/1/1439 
f 1423/1/1423 1439/1/1439 1438/1/1438 1424/1/1424 
f 769/1/769 766/1/766 1439/1/1439 1423/1/1423 
f 1440/1/1440 1441/1/1441 1442/1/1442 1443/1/1443 
f 1432/1/1432 1435/1/1435 1442/1/1442 1441/1/1441 
f 791/1/791 1425/1/1425 1442/1/1442 1435/1/1435 
f 1443/1/1443 1442/1/1442 1425/1/1425 1424/1/1424 
f 1444/1/1444 1445/1/1445 1446/1/1446 1447/1/1447 
f 1429/1/1429 1433/1/1433 1446/1/1446 1445/1/1445 
f 1441/1/1441 1446/1/1446 1433/1/1433 1432/1/1432 
f 1447/1/1447 1446/1/1446 1441/1/1441 1440/1/1440 
f 1429/1/1429 1445/1/1445 1448/1/1448 1428/1/1428 
f 1444/1/1444 1449/1/1449 1448/1/1448 1445/1/1445 
f 1450/1/1450 1448/1/1448 1449/1/1449 1451/1/1451 
f 1450/1/1450 1430/1/1430 1428/1/1428 
f 799/1/799 1452/1/1452 1453/1/1453 824/1/824 
f 1454/1/1454 1453/1/1453 1452/1/1452 1455/1/1455 
f 1453/1/1453 1454/1/1454 1456/1/1456 
f 1457/1/1457 822/1/822 824/1/824 
f 1458/1/1458 1457/1/1457 1456/1/1456 
f 1459/1/1459 1460/1/1460 1461/1/1461 
f 860/1/860 859/1/859 1458/1/1458 1461/1/1461 
f 859/1/859 822/1/822 1457/1/1457 
f 1462/1/1462 1461/1/1461 1460/1/1460 
f 1463/1/1463 1462/1/1462 1464/1/1464 1465/1/1465 
f 862/1/862 865/1/865 1462/1/1462 1463/1/1463 
f 1461/1/1461 1462/1/1462 865/1/865 860/1/860 
f 1465/1/1465 1466/1/1466 1467/1/1467 1463/1/1463 
f 1468/1/1468 1467/1/1467 1466/1/1466 1469/1/1469 
f 1393/1/1393 1390/1/1390 1467/1/1467 1468/1/1468 
f 1463/1/1463 1467/1/1467 1390/1/1390 862/1/862 
f 1418/1/1418 1393/1/1393 1468/1/1468 
f 1469/1/1469 1470/1/1470 1471/1/1471 1468/1/1468 
f 1472/1/1472 1473/1/1473 1471/1/1471 1470/1/1470 
f 1418/1/1418 1471/1/1471 1473/1/1473 1421/1/1421 
f 1469/1/1469 1474/1/1474 1475/1/1475 1470/1/1470 
f 1475/1/1475 1474/1/1474 1476/1/1476 
f 1477/1/1477 1478/1/1478 1475/1/1475 1479/1/1479 
f 1470/1/1470 1475/1/1475 1478/1/1478 1472/1/1472 
f 1480/1/1480 1481/1/1481 1476/1/1476 
f 1469/1/1469 1466/1/1466 1480/1/1480 1474/1/1474 
f 1482/1/1482 1480/1/1480 1466/1/1466 1465/1/1465 
f 1483/1/1483 1481/1/1481 1480/1/1480 1482/1/1482 
f 1483/1/1483 1484/1/1484 1485/1/1485 1481/1/1481 
f 1486/1/1486 1485/1/1485 1484/1/1484 1487/1/1487 
f 1477/1/1477 1479/1/1479 1485/1/1485 1486/1/1486 
f 1481/1/1481 1485/1/1485 1479/1/1479 1476/1/1476 
f 1465/1/1465 1464/1/1464 1488/1/1488 1482/1/1482 
f 1489/1/1489 1488/1/1488 1464/1/1464 1460/1/1460 
f 1490/1/1490 1491/1/1491 1488/1/1488 1489/1/1489 
f 1482/1/1482 1488/1/1488 1491/1/1491 1483/1/1483 
f 1477/1/1477 1492/1/1492 1493/1/1493 1478/1/1478 
f 1494/1/1494 1493/1/1493 1492/1/1492 1495/1/1495 
f 1472/1/1472 1478/1/1478 1493/1/1493 1494/1/1494 
f 1490/1/1490 1496/1/1496 1497/1/1497 1491/1/1491 
f 1498/1/1498 1497/1/1497 1496/1/1496 1499/1/1499 
f 1487/1/1487 1484/1/1484 1497/1/1497 1498/1/1498 
f 1491/1/1491 1497/1/1497 1484/1/1484 1483/1/1483 
f 1487/1/1487 1498/1/1498 1500/1/1500 1486/1/1486 
f 1499/1/1499 1501/1/1501 1500/1/1500 1498/1/1498 
f 1495/1/1495 1492/1/1492 1500/1/1500 1501/1/1501 
f 1486/1/1486 1500/1/1500 1492/1/1492 1477/1/1477 
f 197/1/197 219/1/219 1502/1/1502 195/1/195 
f 1503/1/1503 1502/1/1502 219/1/219 218/1/218 
f 1504/1/1504 1505/1/1505 1502/1/1502 1503/1/1503 
f 195/1/195 1502/1/1502 1505/1/1505 76/1/76 
f 217/1/217 229/1/229 1506/1/1506 216/1/216 
f 1507/1/1507 1506/1/1506 229/1/229 228/1/228 
f 1508/1/1508 1509/1/1509 1506/1/1506 1507/1/1507 
f 216/1/216 1506/1/1506 1509/1/1509 218/1/218 
f 1510/1/1510 1511/1/1511 1512/1/1512 1513/1/1513 
f 1507/1/1507 1512/1/1512 1511/1/1511 1508/1/1508 
f 228/1/228 231/1/231 1512/1/1512 1507/1/1507 
f 1513/1/1513 1512/1/1512 231/1/231 230/1/230 
f 81/1/81 77/1/77 1514/1/1514 1515/1/1515 
f 76/1/76 1505/1/1505 1514/1/1514 77/1/77 
f 1516/1/1516 1514/1/1514 1505/1/1505 1504/1/1504 
f 1515/1/1515 1514/1/1514 1516/1/1516 1517/1/1517 
f 218/1/218 1509/1/1509 1518/1/1518 1503/1/1503 
f 1519/1/1519 1518/1/1518 1509/1/1509 1508/1/1508 
f 1520/1/1520 1521/1/1521 1518/1/1518 1519/1/1519 
f 1503/1/1503 1518/1/1518 1521/1/1521 1504/1/1504 
f 1508/1/1508 1511/1/1511 1522/1/1522 1519/1/1519 
f 1523/1/1523 1522/1/1522 1511/1/1511 1510/1/1510 
f 1524/1/1524 1525/1/1525 1522/1/1522 1523/1/1523 
f 1519/1/1519 1522/1/1522 1525/1/1525 1520/1/1520 
f 1517/1/1517 1516/1/1516 1526/1/1526 1527/1/1527 
f 1521/1/1521 1526/1/1526 1516/1/1516 1504/1/1504 
f 1526/1/1526 1521/1/1521 1520/1/1520 
f 1527/1/1527 1526/1/1526 1528/1/1528 1529/1/1529 
f 1517/1/1517 1530/1/1530 1531/1/1531 1515/1/1515 
f 1532/1/1532 1531/1/1531 1530/1/1530 1533/1/1533 
f 117/1/117 115/1/115 1531/1/1531 1532/1/1532 
f 1515/1/1515 1531/1/1531 115/1/115 81/1/81 
f 1524/1/1524 1534/1/1534 1535/1/1535 1525/1/1525 
f 1536/1/1536 1535/1/1535 1534/1/1534 1537/1/1537 
f 1529/1/1529 1528/1/1528 1535/1/1535 1536/1/1536 
f 1525/1/1525 1535/1/1535 1528/1/1528 1520/1/1520 
f 723/1/723 1538/1/1538 1539/1/1539 724/1/724 
f 1532/1/1532 1538/1/1538 723/1/723 117/1/117 
f 1533/1/1533 1540/1/1540 1538/1/1538 1532/1/1532 
f 1539/1/1539 1538/1/1538 1540/1/1540 1541/1/1541 
f 1529/1/1529 1542/1/1542 1543/1/1543 1527/1/1527 
f 1544/1/1544 1543/1/1543 1542/1/1542 1545/1/1545 
f 1533/1/1533 1530/1/1530 1543/1/1543 1544/1/1544 
f 1530/1/1530 1517/1/1517 1527/1/1527 
f 1537/1/1537 1546/1/1546 1547/1/1547 1536/1/1536 
f 1548/1/1548 1547/1/1547 1546/1/1546 1549/1/1549 
f 1545/1/1545 1542/1/1542 1547/1/1547 1548/1/1548 
f 1536/1/1536 1547/1/1547 1542/1/1542 1529/1/1529 
f 731/1/731 730/1/730 1550/1/1550 1551/1/1551 
f 1539/1/1539 1550/1/1550 730/1/730 724/1/724 
f 1541/1/1541 1552/1/1552 1550/1/1550 1539/1/1539 
f 1551/1/1551 1550/1/1550 1552/1/1552 1553/1/1553 
f 1545/1/1545 1554/1/1554 1555/1/1555 1544/1/1544 
f 1556/1/1556 1555/1/1555 1554/1/1554 1557/1/1557 
f 1541/1/1541 1540/1/1540 1555/1/1555 1556/1/1556 
f 1544/1/1544 1555/1/1555 1540/1/1540 1533/1/1533 
f 1557/1/1557 1554/1/1554 1558/1/1558 1559/1/1559 
f 1548/1/1548 1558/1/1558 1554/1/1554 1545/1/1545 
f 1549/1/1549 1560/1/1560 1558/1/1558 1548/1/1548 
f 1559/1/1559 1558/1/1558 1560/1/1560 1561/1/1561 
f 1562/1/1562 1551/1/1551 1553/1/1553 
f 1563/1/1563 1562/1/1562 1564/1/1564 1565/1/1565 
f 735/1/735 734/1/734 1562/1/1562 1563/1/1563 
f 1551/1/1551 1562/1/1562 734/1/734 731/1/731 
f 1566/1/1566 1552/1/1552 1541/1/1541 
f 1557/1/1557 1567/1/1567 1566/1/1566 1556/1/1556 
f 1568/1/1568 1569/1/1569 1566/1/1566 1567/1/1567 
f 1552/1/1552 1566/1/1566 1569/1/1569 1553/1/1553 
f 1561/1/1561 1570/1/1570 1571/1/1571 1559/1/1559 
f 1570/1/1570 1572/1/1572 1573/1/1573 
f 1571/1/1571 1573/1/1573 1568/1/1568 
f 1559/1/1559 1571/1/1571 1567/1/1567 1557/1/1557 
f 1568/1/1568 1574/1/1574 1575/1/1575 1569/1/1569 
f 1576/1/1576 1575/1/1575 1574/1/1574 1577/1/1577 
f 1565/1/1565 1564/1/1564 1575/1/1575 1576/1/1576 
f 1569/1/1569 1575/1/1575 1564/1/1564 1553/1/1553 
f 1578/1/1578 1573/1/1573 1572/1/1572 
f 1579/1/1579 1578/1/1578 1580/1/1580 1581/1/1581 
f 1577/1/1577 1574/1/1574 1578/1/1578 1579/1/1579 
f 1573/1/1573 1578/1/1578 1574/1/1574 1568/1/1568 
f 1582/1/1582 502/1/502 501/1/501 
f 1583/1/1583 1582/1/1582 1584/1/1584 1585/1/1585 
f 1586/1/1586 1587/1/1587 1582/1/1582 1583/1/1583 
f 1587/1/1587 492/1/492 502/1/502 
f 1587/1/1587 1586/1/1586 1588/1/1588 
f 1589/1/1589 1588/1/1588 1590/1/1590 
f 495/1/495 494/1/494 1589/1/1589 1591/1/1591 
f 1587/1/1587 1589/1/1589 494/1/494 492/1/492 
f 1586/1/1586 1592/1/1592 1593/1/1593 1588/1/1588 
f 1594/1/1594 1593/1/1593 1592/1/1592 1595/1/1595 
f 1596/1/1596 1597/1/1597 1593/1/1593 1594/1/1594 
f 1588/1/1588 1593/1/1593 1597/1/1597 1590/1/1590 
f 495/1/495 1591/1/1591 1598/1/1598 518/1/518 
f 1599/1/1599 1598/1/1598 1591/1/1591 1590/1/1590 
f 1600/1/1600 1601/1/1601 1598/1/1598 1599/1/1599 
f 518/1/518 1598/1/1598 1601/1/1601 515/1/515 
f 1600/1/1600 1602/1/1602 1603/1/1603 1601/1/1601 
f 1603/1/1603 1602/1/1602 527/1/527 530/1/530 
f 515/1/515 1601/1/1601 1603/1/1603 530/1/530 
f 1590/1/1590 1597/1/1597 1604/1/1604 1599/1/1599 
f 1605/1/1605 1604/1/1604 1597/1/1597 1596/1/1596 
f 1606/1/1606 1607/1/1607 1604/1/1604 1605/1/1605 
f 1599/1/1599 1604/1/1604 1607/1/1607 1600/1/1600 
f 1608/1/1608 1609/1/1609 1610/1/1610 1611/1/1611 
f 534/1/534 1610/1/1610 1609/1/1609 526/1/526 
f 527/1/527 1602/1/1602 1610/1/1610 534/1/534 
f 1611/1/1611 1610/1/1610 1602/1/1602 1600/1/1600 
f 1600/1/1600 1607/1/1607 1612/1/1612 1611/1/1611 
f 1613/1/1613 1612/1/1612 1607/1/1607 1606/1/1606 
f 1614/1/1614 1615/1/1615 1612/1/1612 1613/1/1613 
f 1615/1/1615 1608/1/1608 1611/1/1611 
f 1608/1/1608 1616/1/1616 1617/1/1617 1609/1/1609 
f 1618/1/1618 1617/1/1617 1616/1/1616 1619/1/1619 
f 408/1/408 522/1/522 1617/1/1617 1618/1/1618 
f 526/1/526 1609/1/1609 1617/1/1617 522/1/522 
f 1620/1/1620 1621/1/1621 1622/1/1622 1623/1/1623 
f 1624/1/1624 1622/1/1622 1621/1/1621 1595/1/1595 
f 1625/1/1625 1626/1/1626 1622/1/1622 1624/1/1624 
f 1623/1/1623 1622/1/1622 1626/1/1626 1627/1/1627 
f 1628/1/1628 1629/1/1629 1630/1/1630 1631/1/1631 
f 1594/1/1594 1630/1/1630 1629/1/1629 1596/1/1596 
f 1595/1/1595 1621/1/1621 1630/1/1630 1594/1/1594 
f 1631/1/1631 1630/1/1630 1621/1/1621 1620/1/1620 
f 1632/1/1632 1633/1/1633 1634/1/1634 1635/1/1635 
f 1605/1/1605 1634/1/1634 1633/1/1633 1606/1/1606 
f 1596/1/1596 1629/1/1629 1634/1/1634 1605/1/1605 
f 1635/1/1635 1634/1/1634 1629/1/1629 1628/1/1628 
f 1636/1/1636 1637/1/1637 1638/1/1638 1639/1/1639 
f 1614/1/1614 1613/1/1613 1637/1/1637 1636/1/1636 
f 1606/1/1606 1633/1/1633 1637/1/1637 1613/1/1613 
f 1632/1/1632 1638/1/1638 1637/1/1637 1633/1/1633 
f 1627/1/1627 1640/1/1640 1641/1/1641 1623/1/1623 
f 1642/1/1642 1641/1/1641 1640/1/1640 1643/1/1643 
f 1644/1/1644 1645/1/1645 1641/1/1641 1642/1/1642 
f 1623/1/1623 1641/1/1641 1645/1/1645 1620/1/1620 
f 1620/1/1620 1645/1/1645 1646/1/1646 1631/1/1631 
f 1647/1/1647 1646/1/1646 1645/1/1645 1644/1/1644 
f 1648/1/1648 1649/1/1649 1646/1/1646 1647/1/1647 
f 1631/1/1631 1646/1/1646 1649/1/1649 1628/1/1628 
f 1628/1/1628 1649/1/1649 1650/1/1650 1635/1/1635 
f 1648/1/1648 1651/1/1651 1650/1/1650 1649/1/1649 
f 1652/1/1652 1653/1/1653 1650/1/1650 1651/1/1651 
f 1632/1/1632 1635/1/1635 1650/1/1650 1653/1/1653 
f 1639/1/1639 1638/1/1638 1654/1/1654 1655/1/1655 
f 1654/1/1654 1638/1/1638 1632/1/1632 1653/1/1653 
f 1652/1/1652 1656/1/1656 1654/1/1654 1653/1/1653 
f 1657/1/1657 1655/1/1655 1654/1/1654 1656/1/1656 
f 1657/1/1657 1658/1/1658 1659/1/1659 1655/1/1655 
f 1660/1/1660 1659/1/1659 1658/1/1658 1661/1/1661 
f 1662/1/1662 1663/1/1663 1659/1/1659 1660/1/1660 
f 1655/1/1655 1659/1/1659 1663/1/1663 1639/1/1639 
f 1664/1/1664 1660/1/1660 1661/1/1661 
f 1665/1/1665 1664/1/1664 1666/1/1666 1667/1/1667 
f 1664/1/1664 1665/1/1665 1668/1/1668 
f 1669/1/1669 1662/1/1662 1660/1/1660 
f 1670/1/1670 1671/1/1671 1672/1/1672 1673/1/1673 
f 1665/1/1665 1672/1/1672 1671/1/1671 1668/1/1668 
f 1667/1/1667 1674/1/1674 1672/1/1672 1665/1/1665 
f 1675/1/1675 1673/1/1673 1672/1/1672 1674/1/1674 
f 1675/1/1675 1676/1/1676 1677/1/1677 1673/1/1673 
f 1678/1/1678 1677/1/1677 1676/1/1676 1679/1/1679 
f 1680/1/1680 1681/1/1681 1677/1/1677 1678/1/1678 
f 1673/1/1673 1677/1/1677 1681/1/1681 1670/1/1670 
f 1682/1/1682 1683/1/1683 1684/1/1684 
f 1685/1/1685 1686/1/1686 1682/1/1682 1687/1/1687 
f 1678/1/1678 1682/1/1682 1686/1/1686 1680/1/1680 
f 1679/1/1679 1683/1/1683 1682/1/1682 1678/1/1678 
f 1688/1/1688 1689/1/1689 1685/1/1685 
f 1690/1/1690 1688/1/1688 1687/1/1687 1684/1/1684 
f 1691/1/1691 1692/1/1692 1688/1/1688 1690/1/1690 
f 1689/1/1689 1688/1/1688 1692/1/1692 1693/1/1693 
f 1692/1/1692 1694/1/1694 1695/1/1695 1693/1/1693 
f 1696/1/1696 1694/1/1694 1692/1/1692 1691/1/1691 
f 1697/1/1697 1694/1/1694 1696/1/1696 1698/1/1698 
f 1699/1/1699 1695/1/1695 1694/1/1694 1697/1/1697 
f 1698/1/1698 1700/1/1700 1701/1/1701 1697/1/1697 
f 1702/1/1702 1701/1/1701 1700/1/1700 1703/1/1703 
f 1704/1/1704 1705/1/1705 1701/1/1701 1702/1/1702 
f 1697/1/1697 1701/1/1701 1705/1/1705 1699/1/1699 
f 1702/1/1702 1706/1/1706 1707/1/1707 1704/1/1704 
f 1703/1/1703 1708/1/1708 1706/1/1706 1702/1/1702 
f 1643/1/1643 1640/1/1640 1706/1/1706 1708/1/1708 
f 1707/1/1707 1706/1/1706 1640/1/1640 1627/1/1627 
f 1709/1/1709 1710/1/1710 1711/1/1711 
f 1712/1/1712 1713/1/1713 1709/1/1709 1714/1/1714 
f 1667/1/1667 1666/1/1666 1709/1/1709 1713/1/1713 
f 1666/1/1666 1661/1/1661 1710/1/1710 
f 1667/1/1667 1713/1/1713 1715/1/1715 1674/1/1674 
f 1716/1/1716 1715/1/1715 1713/1/1713 1712/1/1712 
f 1717/1/1717 1718/1/1718 1715/1/1715 1716/1/1716 
f 1674/1/1674 1715/1/1715 1718/1/1718 1675/1/1675 
f 1717/1/1717 1719/1/1719 1720/1/1720 1718/1/1718 
f 1720/1/1720 1719/1/1719 1721/1/1721 1722/1/1722 
f 1679/1/1679 1676/1/1676 1720/1/1720 1722/1/1722 
f 1718/1/1718 1720/1/1720 1676/1/1676 1675/1/1675 
f 1679/1/1679 1722/1/1722 1723/1/1723 1683/1/1683 
f 1724/1/1724 1723/1/1723 1722/1/1722 1721/1/1721 
f 1725/1/1725 1726/1/1726 1723/1/1723 1724/1/1724 
f 1683/1/1683 1723/1/1723 1726/1/1726 1684/1/1684 
f 1684/1/1684 1726/1/1726 1727/1/1727 1690/1/1690 
f 1728/1/1728 1727/1/1727 1726/1/1726 1725/1/1725 
f 1729/1/1729 1730/1/1730 1727/1/1727 1728/1/1728 
f 1690/1/1690 1727/1/1727 1730/1/1730 1691/1/1691 
f 1691/1/1691 1730/1/1730 1731/1/1731 1696/1/1696 
f 1732/1/1732 1731/1/1731 1730/1/1730 1729/1/1729 
f 1733/1/1733 1734/1/1734 1731/1/1731 1732/1/1732 
f 1696/1/1696 1731/1/1731 1734/1/1734 1698/1/1698 
f 1735/1/1735 1736/1/1736 1708/1/1708 1703/1/1703 
f 1737/1/1737 1738/1/1738 1736/1/1736 1735/1/1735 
f 1739/1/1739 1740/1/1740 1736/1/1736 1738/1/1738 
f 1708/1/1708 1736/1/1736 1740/1/1740 1643/1/1643 
f 1733/1/1733 1741/1/1741 1742/1/1742 1734/1/1734 
f 1735/1/1735 1742/1/1742 1741/1/1741 1737/1/1737 
f 1703/1/1703 1700/1/1700 1742/1/1742 1735/1/1735 
f 1734/1/1734 1742/1/1742 1700/1/1700 1698/1/1698 
f 1712/1/1712 1743/1/1743 1744/1/1744 1716/1/1716 
f 1745/1/1745 1746/1/1746 1744/1/1744 
f 1747/1/1747 1748/1/1748 1744/1/1744 1746/1/1746 
f 1716/1/1716 1744/1/1744 1748/1/1748 1717/1/1717 
f 1747/1/1747 1749/1/1749 1750/1/1750 1748/1/1748 
f 1749/1/1749 1751/1/1751 1752/1/1752 
f 1721/1/1721 1719/1/1719 1750/1/1750 1752/1/1752 
f 1748/1/1748 1750/1/1750 1719/1/1719 1717/1/1717 
f 1721/1/1721 1752/1/1752 1753/1/1753 1724/1/1724 
f 1754/1/1754 1753/1/1753 1752/1/1752 1751/1/1751 
f 1755/1/1755 1756/1/1756 1753/1/1753 1754/1/1754 
f 1724/1/1724 1753/1/1753 1756/1/1756 1725/1/1725 
f 1725/1/1725 1756/1/1756 1757/1/1757 1728/1/1728 
f 1758/1/1758 1757/1/1757 1756/1/1756 1755/1/1755 
f 1759/1/1759 1760/1/1760 1757/1/1757 1758/1/1758 
f 1728/1/1728 1757/1/1757 1760/1/1760 1729/1/1729 
f 1729/1/1729 1760/1/1760 1761/1/1761 1732/1/1732 
f 1762/1/1762 1761/1/1761 1760/1/1760 1759/1/1759 
f 1763/1/1763 1764/1/1764 1761/1/1761 1762/1/1762 
f 1732/1/1732 1761/1/1761 1764/1/1764 1733/1/1733 
f 1763/1/1763 1765/1/1765 1766/1/1766 1764/1/1764 
f 1767/1/1767 1766/1/1766 1765/1/1765 1768/1/1768 
f 1737/1/1737 1741/1/1741 1766/1/1766 1767/1/1767 
f 1764/1/1764 1766/1/1766 1741/1/1741 1733/1/1733 
f 1769/1/1769 1647/1/1647 1644/1/1644 1770/1/1770 
f 1769/1/1769 1770/1/1770 1771/1/1771 1772/1/1772 
f 1773/1/1773 1774/1/1774 1769/1/1769 1772/1/1772 
f 1648/1/1648 1647/1/1647 1769/1/1769 1774/1/1774 
f 1775/1/1775 1776/1/1776 1777/1/1777 1778/1/1778 
f 1768/1/1768 1765/1/1765 1777/1/1777 1776/1/1776 
f 1763/1/1763 1778/1/1778 1777/1/1777 1765/1/1765 
f 1775/1/1775 1779/1/1779 1780/1/1780 1781/1/1781 
f 1755/1/1755 1754/1/1754 1780/1/1780 1779/1/1779 
f 1751/1/1751 1781/1/1781 1780/1/1780 1754/1/1754 
f 1773/1/1773 1782/1/1782 1783/1/1783 1774/1/1774 
f 1784/1/1784 1785/1/1785 1783/1/1783 1782/1/1782 
f 1652/1/1652 1651/1/1651 1783/1/1783 1785/1/1785 
f 1648/1/1648 1774/1/1774 1783/1/1783 1651/1/1651 
f 1786/1/1786 1787/1/1787 1788/1/1788 1775/1/1775 
f 1747/1/1747 1746/1/1746 1787/1/1787 1786/1/1786 
f 1745/1/1745 1788/1/1788 1787/1/1787 1746/1/1746 
f 1786/1/1786 1775/1/1775 1781/1/1781 
f 1751/1/1751 1749/1/1749 1789/1/1789 1781/1/1781 
f 1747/1/1747 1786/1/1786 1789/1/1789 1749/1/1749 
f 1775/1/1775 1790/1/1790 1791/1/1791 1779/1/1779 
f 1759/1/1759 1758/1/1758 1791/1/1791 1790/1/1790 
f 1755/1/1755 1779/1/1779 1791/1/1791 1758/1/1758 
f 1775/1/1775 1778/1/1778 1792/1/1792 1790/1/1790 
f 1763/1/1763 1762/1/1762 1792/1/1792 1778/1/1778 
f 1759/1/1759 1790/1/1790 1792/1/1792 1762/1/1762 
f 1793/1/1793 1794/1/1794 1767/1/1767 1768/1/1768 
f 1795/1/1795 1796/1/1796 1794/1/1794 1793/1/1793 
f 1738/1/1738 1794/1/1794 1796/1/1796 1739/1/1739 
f 1767/1/1767 1794/1/1794 1738/1/1738 1737/1/1737 
f 1775/1/1775 1797/1/1797 1798/1/1798 1776/1/1776 
f 1795/1/1795 1793/1/1793 1798/1/1798 1797/1/1797 
f 1768/1/1768 1776/1/1776 1798/1/1798 1793/1/1793 
f 1799/1/1799 1800/1/1800 1801/1/1801 1802/1/1802 
f 1799/1/1799 1775/1/1775 1788/1/1788 
f 1745/1/1745 1801/1/1801 1800/1/1800 1788/1/1788 
f 1643/1/1643 1740/1/1740 1803/1/1803 1642/1/1642 
f 1804/1/1804 1803/1/1803 1740/1/1740 1739/1/1739 
f 1771/1/1771 1770/1/1770 1803/1/1803 1804/1/1804 
f 1642/1/1642 1803/1/1803 1770/1/1770 1644/1/1644 
f 1772/1/1772 1771/1/1771 1805/1/1805 1806/1/1806 
f 1807/1/1807 1808/1/1808 1806/1/1806 1805/1/1805 
f 1784/1/1784 1782/1/1782 1806/1/1806 1808/1/1808 
f 1773/1/1773 1772/1/1772 1806/1/1806 1782/1/1782 
f 1807/1/1807 1805/1/1805 1809/1/1809 1810/1/1810 
f 1804/1/1804 1809/1/1809 1805/1/1805 1771/1/1771 
f 1739/1/1739 1796/1/1796 1809/1/1809 1804/1/1804 
f 1810/1/1810 1809/1/1809 1796/1/1796 1795/1/1795 
f 1784/1/1784 1811/1/1811 1812/1/1812 1785/1/1785 
f 1813/1/1813 1814/1/1814 1812/1/1812 1811/1/1811 
f 1814/1/1814 1657/1/1657 1656/1/1656 1812/1/1812 
f 1652/1/1652 1785/1/1785 1812/1/1812 1656/1/1656 
f 1815/1/1815 1816/1/1816 1814/1/1814 1813/1/1813 
f 1710/1/1710 1816/1/1816 1815/1/1815 1711/1/1711 
f 1816/1/1816 1710/1/1710 1661/1/1661 
f 1814/1/1814 1816/1/1816 1658/1/1658 1657/1/1657 
f 1807/1/1807 1817/1/1817 1818/1/1818 1808/1/1808 
f 1819/1/1819 1818/1/1818 1817/1/1817 1802/1/1802 
f 1813/1/1813 1811/1/1811 1818/1/1818 1819/1/1819 
f 1784/1/1784 1808/1/1808 1818/1/1818 1811/1/1811 
f 1815/1/1815 1813/1/1813 1819/1/1819 1820/1/1820 
f 1802/1/1802 1821/1/1821 1820/1/1820 1819/1/1819 
f 1711/1/1711 1815/1/1815 1820/1/1820 1821/1/1821 
f 1821/1/1821 1802/1/1802 1801/1/1801 
f 1801/1/1801 1745/1/1745 1743/1/1743 
f 1714/1/1714 1822/1/1822 1743/1/1743 1712/1/1712 
f 1714/1/1714 1711/1/1711 1821/1/1821 
f 1802/1/1802 1817/1/1817 1823/1/1823 1799/1/1799 
f 1810/1/1810 1823/1/1823 1817/1/1817 1807/1/1807 
f 1795/1/1795 1797/1/1797 1823/1/1823 1810/1/1810 
f 1799/1/1799 1823/1/1823 1797/1/1797 1775/1/1775 
f 1585/1/1585 1824/1/1824 1825/1/1825 1583/1/1583 
f 1624/1/1624 1825/1/1825 1824/1/1824 1625/1/1625 
f 1595/1/1595 1592/1/1592 1825/1/1825 1624/1/1624 
f 1583/1/1583 1825/1/1825 1592/1/1592 1586/1/1586 
f 1627/1/1627 1626/1/1626 1826/1/1826 1707/1/1707 
f 1827/1/1827 1826/1/1826 1626/1/1626 1625/1/1625 
f 1828/1/1828 1826/1/1826 1827/1/1827 1829/1/1829 
f 1704/1/1704 1707/1/1707 1826/1/1826 1828/1/1828 
f 1829/1/1829 1830/1/1830 1831/1/1831 1828/1/1828 
f 1832/1/1832 1831/1/1831 1830/1/1830 1833/1/1833 
f 1699/1/1699 1705/1/1705 1831/1/1831 1832/1/1832 
f 1828/1/1828 1831/1/1831 1705/1/1705 1704/1/1704 
f 1833/1/1833 1834/1/1834 1835/1/1835 1832/1/1832 
f 1836/1/1836 1835/1/1835 1834/1/1834 1837/1/1837 
f 1693/1/1693 1695/1/1695 1835/1/1835 1836/1/1836 
f 1832/1/1832 1835/1/1835 1695/1/1695 1699/1/1699 
f 1838/1/1838 1839/1/1839 1836/1/1836 1837/1/1837 
f 1840/1/1840 1839/1/1839 1838/1/1838 1841/1/1841 
f 1839/1/1839 1840/1/1840 1685/1/1685 
f 1836/1/1836 1839/1/1839 1689/1/1689 1693/1/1693 
f 1842/1/1842 1843/1/1843 1844/1/1844 1845/1/1845 
f 1838/1/1838 1843/1/1843 1842/1/1842 1841/1/1841 
f 1846/1/1846 1843/1/1843 1838/1/1838 1837/1/1837 
f 1844/1/1844 1843/1/1843 1846/1/1846 1847/1/1847 
f 1840/1/1840 1848/1/1848 1686/1/1686 1685/1/1685 
f 1849/1/1849 1848/1/1848 1840/1/1840 1841/1/1841 
f 1850/1/1850 1848/1/1848 1849/1/1849 1851/1/1851 
f 1848/1/1848 1850/1/1850 1680/1/1680 
f 1851/1/1851 1852/1/1852 1853/1/1853 1850/1/1850 
f 1854/1/1854 1853/1/1853 1852/1/1852 1855/1/1855 
f 1670/1/1670 1681/1/1681 1853/1/1853 1854/1/1854 
f 1850/1/1850 1853/1/1853 1681/1/1681 1680/1/1680 
f 1855/1/1855 1856/1/1856 1857/1/1857 1854/1/1854 
f 1858/1/1858 1857/1/1857 1856/1/1856 1859/1/1859 
f 1668/1/1668 1671/1/1671 1857/1/1857 1858/1/1858 
f 1854/1/1854 1857/1/1857 1671/1/1671 1670/1/1670 
f 1639/1/1639 1663/1/1663 1860/1/1860 1636/1/1636 
f 1861/1/1861 1860/1/1860 1663/1/1663 1662/1/1662 
f 1862/1/1862 1863/1/1863 1860/1/1860 1861/1/1861 
f 1636/1/1636 1860/1/1860 1863/1/1863 1614/1/1614 
f 1619/1/1619 1616/1/1616 1864/1/1864 1865/1/1865 
f 1615/1/1615 1864/1/1864 1616/1/1616 1608/1/1608 
f 1614/1/1614 1863/1/1863 1864/1/1864 1615/1/1615 
f 1865/1/1865 1864/1/1864 1863/1/1863 1862/1/1862 
f 1859/1/1859 1866/1/1866 1867/1/1867 1858/1/1858 
f 1861/1/1861 1867/1/1867 1866/1/1866 1862/1/1862 
f 1662/1/1662 1669/1/1669 1867/1/1867 1861/1/1861 
f 1858/1/1858 1867/1/1867 1669/1/1669 1668/1/1668 
f 400/1/400 403/1/403 1868/1/1868 1869/1/1869 
f 1618/1/1618 1868/1/1868 403/1/403 408/1/408 
f 1619/1/1619 1870/1/1870 1868/1/1868 1618/1/1618 
f 1869/1/1869 1868/1/1868 1870/1/1870 1871/1/1871 
f 1862/1/1862 1872/1/1872 1873/1/1873 1865/1/1865 
f 1874/1/1874 1873/1/1873 1872/1/1872 1875/1/1875 
f 1871/1/1871 1870/1/1870 1873/1/1873 1874/1/1874 
f 1865/1/1865 1873/1/1873 1870/1/1870 1619/1/1619 
f 1871/1/1871 1876/1/1876 1877/1/1877 1869/1/1869 
f 1878/1/1878 1877/1/1877 1876/1/1876 1879/1/1879 
f 1317/1/1317 1316/1/1316 1877/1/1877 1878/1/1878 
f 1869/1/1869 1877/1/1877 1316/1/1316 400/1/400 
f 1875/1/1875 1880/1/1880 1881/1/1881 1874/1/1874 
f 1882/1/1882 1881/1/1881 1880/1/1880 1883/1/1883 
f 1879/1/1879 1876/1/1876 1881/1/1881 1882/1/1882 
f 1874/1/1874 1881/1/1881 1876/1/1876 1871/1/1871 
f 1859/1/1859 1884/1/1884 1885/1/1885 1866/1/1866 
f 1880/1/1880 1885/1/1885 1884/1/1884 1883/1/1883 
f 1875/1/1875 1872/1/1872 1885/1/1885 1880/1/1880 
f 1866/1/1866 1885/1/1885 1872/1/1872 1862/1/1862 
f 1859/1/1859 1856/1/1856 1886/1/1886 1884/1/1884 
f 1887/1/1887 1886/1/1886 1856/1/1856 1855/1/1855 
f 1886/1/1886 1887/1/1887 1888/1/1888 
f 1884/1/1884 1886/1/1886 1889/1/1889 1883/1/1883 
f 1890/1/1890 1891/1/1891 1892/1/1892 
f 1893/1/1893 1888/1/1888 1887/1/1887 
f 1855/1/1855 1852/1/1852 1890/1/1890 1887/1/1887 
f 1852/1/1852 1851/1/1851 1891/1/1891 
f 1894/1/1894 1895/1/1895 1849/1/1849 1841/1/1841 
f 1896/1/1896 1895/1/1895 1894/1/1894 1897/1/1897 
f 1891/1/1891 1895/1/1895 1896/1/1896 1892/1/1892 
f 1895/1/1895 1891/1/1891 1851/1/1851 
f 1894/1/1894 1898/1/1898 1899/1/1899 1897/1/1897 
f 1841/1/1841 1842/1/1842 1898/1/1898 1894/1/1894 
f 1845/1/1845 1899/1/1899 1898/1/1898 1842/1/1842 
f 1892/1/1892 1896/1/1896 1900/1/1900 1901/1/1901 
f 1902/1/1902 1900/1/1900 1896/1/1896 1897/1/1897 
f 1903/1/1903 1904/1/1904 1900/1/1900 1902/1/1902 
f 1901/1/1901 1900/1/1900 1904/1/1904 1905/1/1905 
f 1905/1/1905 1906/1/1906 1907/1/1907 1901/1/1901 
f 1908/1/1908 1907/1/1907 1906/1/1906 1909/1/1909 
f 1888/1/1888 1893/1/1893 1907/1/1907 1908/1/1908 
f 1901/1/1901 1907/1/1907 1893/1/1893 1892/1/1892 
f 1905/1/1905 1904/1/1904 1910/1/1910 1906/1/1906 
f 1911/1/1911 1910/1/1910 1904/1/1904 1903/1/1903 
f 1912/1/1912 1913/1/1913 1910/1/1910 1911/1/1911 
f 1906/1/1906 1910/1/1910 1913/1/1913 1909/1/1909 
f 1889/1/1889 1888/1/1888 1908/1/1908 
f 1909/1/1909 1914/1/1914 1915/1/1915 1908/1/1908 
f 1914/1/1914 1916/1/1916 1917/1/1917 
f 1917/1/1917 1883/1/1883 1889/1/1889 
f 1912/1/1912 1918/1/1918 1919/1/1919 1913/1/1913 
f 1920/1/1920 1919/1/1919 1918/1/1918 1921/1/1921 
f 1922/1/1922 1923/1/1923 1919/1/1919 1920/1/1920 
f 1913/1/1913 1919/1/1919 1923/1/1923 1909/1/1909 
f 1920/1/1920 1924/1/1924 1925/1/1925 1922/1/1922 
f 1921/1/1921 1926/1/1926 1924/1/1924 1920/1/1920 
f 1927/1/1927 1924/1/1924 1926/1/1926 
f 1927/1/1927 1928/1/1928 1925/1/1925 
f 1922/1/1922 1925/1/1925 1929/1/1929 1930/1/1930 
f 1931/1/1931 1929/1/1929 1925/1/1925 1928/1/1928 
f 1932/1/1932 1933/1/1933 1929/1/1929 1931/1/1931 
f 1930/1/1930 1929/1/1929 1933/1/1933 1934/1/1934 
f 1922/1/1922 1930/1/1930 1935/1/1935 1923/1/1923 
f 1930/1/1930 1934/1/1934 1936/1/1936 
f 1935/1/1935 1936/1/1936 1916/1/1916 
f 1923/1/1923 1935/1/1935 1914/1/1914 1909/1/1909 
f 1933/1/1933 1937/1/1937 1938/1/1938 1934/1/1934 
f 1939/1/1939 1937/1/1937 1933/1/1933 
f 1940/1/1940 1937/1/1937 1939/1/1939 
f 1941/1/1941 1938/1/1938 1937/1/1937 1940/1/1940 
f 1942/1/1942 1943/1/1943 1938/1/1938 1941/1/1941 
f 1944/1/1944 1943/1/1943 1942/1/1942 1945/1/1945 
f 1946/1/1946 1947/1/1947 1943/1/1943 1944/1/1944 
f 1938/1/1938 1943/1/1943 1947/1/1947 1934/1/1934 
f 1948/1/1948 1949/1/1949 1950/1/1950 1951/1/1951 
f 1952/1/1952 1950/1/1950 1949/1/1949 1953/1/1953 
f 1950/1/1950 1952/1/1952 1346/1/1346 
f 1332/1/1332 1951/1/1951 1950/1/1950 1345/1/1345 
f 1954/1/1954 1955/1/1955 1956/1/1956 1957/1/1957 
f 1958/1/1958 1956/1/1956 1955/1/1955 1959/1/1959 
f 1960/1/1960 1961/1/1961 1956/1/1956 1958/1/1958 
f 1956/1/1956 1961/1/1961 1953/1/1953 
f 1948/1/1948 1962/1/1962 1963/1/1963 1949/1/1949 
f 1964/1/1964 1963/1/1963 1962/1/1962 1965/1/1965 
f 1954/1/1954 1957/1/1957 1963/1/1963 1964/1/1964 
f 1949/1/1949 1963/1/1963 1957/1/1957 1953/1/1953 
f 1948/1/1948 1951/1/1951 1966/1/1966 1962/1/1962 
f 1951/1/1951 1332/1/1332 1335/1/1335 
f 1967/1/1967 1966/1/1966 1335/1/1335 1323/1/1323 
f 1965/1/1965 1962/1/1962 1966/1/1966 1967/1/1967 
f 1954/1/1954 1964/1/1964 1968/1/1968 1955/1/1955 
f 1969/1/1969 1968/1/1968 1964/1/1964 1965/1/1965 
f 1970/1/1970 1971/1/1971 1968/1/1968 1969/1/1969 
f 1959/1/1959 1955/1/1955 1968/1/1968 1971/1/1971 
f 1972/1/1972 1973/1/1973 1974/1/1974 1975/1/1975 
f 1967/1/1967 1974/1/1974 1973/1/1973 1965/1/1965 
f 1323/1/1323 1320/1/1320 1974/1/1974 1967/1/1967 
f 1975/1/1975 1974/1/1974 1320/1/1320 1319/1/1319 
f 1976/1/1976 1977/1/1977 1978/1/1978 1979/1/1979 
f 1980/1/1980 1977/1/1977 1976/1/1976 1981/1/1981 
f 1958/1/1958 1977/1/1977 1980/1/1980 1960/1/1960 
f 1959/1/1959 1978/1/1978 1977/1/1977 1958/1/1958 
f 1982/1/1982 1983/1/1983 1984/1/1984 1985/1/1985 
f 1969/1/1969 1984/1/1984 1983/1/1983 1970/1/1970 
f 1965/1/1965 1973/1/1973 1984/1/1984 1969/1/1969 
f 1985/1/1985 1984/1/1984 1973/1/1973 1972/1/1972 
f 1970/1/1970 1983/1/1983 1986/1/1986 1971/1/1971 
f 1987/1/1987 1986/1/1986 1983/1/1983 1982/1/1982 
f 1979/1/1979 1978/1/1978 1986/1/1986 1987/1/1987 
f 1971/1/1971 1986/1/1986 1978/1/1978 1959/1/1959 
f 1988/1/1988 1989/1/1989 1990/1/1990 1991/1/1991 
f 1992/1/1992 1990/1/1990 1989/1/1989 1993/1/1993 
f 1981/1/1981 1976/1/1976 1990/1/1990 1992/1/1992 
f 1991/1/1991 1990/1/1990 1976/1/1976 1979/1/1979 
f 1994/1/1994 1995/1/1995 1996/1/1996 1997/1/1997 
f 1975/1/1975 1996/1/1996 1995/1/1995 1972/1/1972 
f 1319/1/1319 1314/1/1314 1996/1/1996 1975/1/1975 
f 1314/1/1314 1317/1/1317 1997/1/1997 
f 1993/1/1993 1989/1/1989 1998/1/1998 1999/1/1999 
f 2000/1/2000 1998/1/1998 1989/1/1989 1988/1/1988 
f 1946/1/1946 1944/1/1944 1998/1/1998 2000/1/2000 
f 1999/1/1999 1998/1/1998 1944/1/1944 1945/1/1945 
f 2001/1/2001 1917/1/1917 1916/1/1916 
f 2002/1/2002 2001/1/2001 2003/1/2003 2004/1/2004 
f 1882/1/1882 2001/1/2001 2002/1/2002 1879/1/1879 
f 1883/1/1883 1917/1/1917 2001/1/2001 1882/1/1882 
f 2005/1/2005 2006/1/2006 2007/1/2007 2008/1/2008 
f 1985/1/1985 2007/1/2007 2006/1/2006 1982/1/1982 
f 1972/1/1972 1995/1/1995 2007/1/2007 1985/1/1985 
f 2008/1/2008 2007/1/2007 1995/1/1995 1994/1/1994 
f 1997/1/1997 1317/1/1317 1878/1/1878 
f 1879/1/1879 2002/1/2002 2009/1/2009 1878/1/1878 
f 2009/1/2009 2002/1/2002 2004/1/2004 
f 2010/1/2010 1994/1/1994 1997/1/1997 
f 2011/1/2011 2012/1/2012 2010/1/2010 2004/1/2004 
f 2005/1/2005 2008/1/2008 2012/1/2012 2011/1/2011 
f 1994/1/1994 2010/1/2010 2012/1/2012 2008/1/2008 
f 2013/1/2013 1936/1/1936 1934/1/1934 
f 2014/1/2014 2013/1/2013 1947/1/1947 1946/1/1946 
f 2004/1/2004 2003/1/2003 2013/1/2013 2014/1/2014 
f 2003/1/2003 1916/1/1916 1936/1/1936 
f 2011/1/2011 2015/1/2015 2016/1/2016 2005/1/2005 
f 2004/1/2004 2014/1/2014 2015/1/2015 2011/1/2011 
f 1946/1/1946 2000/1/2000 2015/1/2015 2014/1/2014 
f 2016/1/2016 2015/1/2015 2000/1/2000 1988/1/1988 
f 1982/1/1982 2006/1/2006 2017/1/2017 1987/1/1987 
f 2016/1/2016 2017/1/2017 2006/1/2006 2005/1/2005 
f 1988/1/1988 1991/1/1991 2017/1/2017 2016/1/2016 
f 1987/1/1987 2017/1/2017 1991/1/1991 1979/1/1979 
f 641/1/641 2018/1/2018 2019/1/2019 640/1/640 
f 2020/1/2020 2019/1/2019 2018/1/2018 2021/1/2021 
f 2019/1/2019 2020/1/2020 1585/1/1585 
f 640/1/640 2019/1/2019 1584/1/1584 501/1/501 
f 645/1/645 2022/1/2022 2023/1/2023 642/1/642 
f 2024/1/2024 2023/1/2023 2022/1/2022 2025/1/2025 
f 2021/1/2021 2018/1/2018 2023/1/2023 2024/1/2024 
f 642/1/642 2023/1/2023 2018/1/2018 641/1/641 
f 1824/1/1824 1585/1/1585 2026/1/2026 
f 2027/1/2027 2028/1/2028 2026/1/2026 2029/1/2029 
f 1829/1/1829 1827/1/1827 2028/1/2028 2027/1/2027 
f 1625/1/1625 1824/1/1824 2028/1/2028 1827/1/1827 
f 2029/1/2029 2030/1/2030 2031/1/2031 2027/1/2027 
f 2032/1/2032 2031/1/2031 2030/1/2030 2033/1/2033 
f 1833/1/1833 1830/1/1830 2031/1/2031 2032/1/2032 
f 2027/1/2027 2031/1/2031 1830/1/1830 1829/1/1829 
f 2033/1/2033 2034/1/2034 2035/1/2035 2032/1/2032 
f 2036/1/2036 2035/1/2035 2034/1/2034 2037/1/2037 
f 1837/1/1837 1834/1/1834 2035/1/2035 2036/1/2036 
f 2032/1/2032 2035/1/2035 1834/1/1834 1833/1/1833 
f 2038/1/2038 2039/1/2039 2036/1/2036 2037/1/2037 
f 1847/1/1847 1846/1/1846 2039/1/2039 2038/1/2038 
f 2036/1/2036 2039/1/2039 1846/1/1846 1837/1/1837 
f 2021/1/2021 2040/1/2040 2041/1/2041 2020/1/2020 
f 2040/1/2040 2042/1/2042 2043/1/2043 
f 2041/1/2041 2043/1/2043 2029/1/2029 
f 2020/1/2020 2041/1/2041 2026/1/2026 1585/1/1585 
f 2044/1/2044 2045/1/2045 2024/1/2024 2025/1/2025 
f 2046/1/2046 2045/1/2045 2044/1/2044 2047/1/2047 
f 2045/1/2045 2046/1/2046 2042/1/2042 
f 2024/1/2024 2045/1/2045 2040/1/2040 2021/1/2021 
f 2048/1/2048 2043/1/2043 2042/1/2042 
f 2049/1/2049 2050/1/2050 2048/1/2048 2051/1/2051 
f 2033/1/2033 2030/1/2030 2048/1/2048 2050/1/2050 
f 2043/1/2043 2048/1/2048 2030/1/2030 2029/1/2029 
f 2052/1/2052 2053/1/2053 2054/1/2054 2055/1/2055 
f 2034/1/2034 2054/1/2054 2053/1/2053 2037/1/2037 
f 2054/1/2054 2034/1/2034 2033/1/2033 
f 2055/1/2055 2054/1/2054 2050/1/2050 2049/1/2049 
f 2025/1/2025 2022/1/2022 2056/1/2056 2044/1/2044 
f 2057/1/2057 2056/1/2056 2022/1/2022 645/1/645 
f 2058/1/2058 2059/1/2059 2056/1/2056 2057/1/2057 
f 2044/1/2044 2056/1/2056 2059/1/2059 2047/1/2047 
f 645/1/645 647/1/647 2060/1/2060 2057/1/2057 
f 2061/1/2061 2060/1/2060 647/1/647 646/1/646 
f 2062/1/2062 2063/1/2063 2060/1/2060 2061/1/2061 
f 2057/1/2057 2060/1/2060 2063/1/2063 2058/1/2058 
f 650/1/650 2064/1/2064 2065/1/2065 651/1/651 
f 2066/1/2066 2065/1/2065 2064/1/2064 2067/1/2067 
f 2062/1/2062 2061/1/2061 2065/1/2065 2066/1/2066 
f 2065/1/2065 2061/1/2061 646/1/646 
f 664/1/664 2068/1/2068 2069/1/2069 665/1/665 
f 2070/1/2070 2069/1/2069 2068/1/2068 2071/1/2071 
f 2072/1/2072 2073/1/2073 2069/1/2069 2070/1/2070 
f 665/1/665 2069/1/2069 2073/1/2073 659/1/659 
f 668/1/668 2074/1/2074 2075/1/2075 669/1/669 
f 2076/1/2076 2077/1/2077 2075/1/2075 2074/1/2074 
f 2071/1/2071 2068/1/2068 2075/1/2075 2077/1/2077 
f 669/1/669 2075/1/2075 2068/1/2068 664/1/664 
f 2078/1/2078 2079/1/2079 2080/1/2080 2081/1/2081 
f 2082/1/2082 2083/1/2083 2080/1/2080 2079/1/2079 
f 2077/1/2077 2080/1/2080 2083/1/2083 2071/1/2071 
f 2077/1/2077 2076/1/2076 2081/1/2081 
f 668/1/668 673/1/673 2084/1/2084 2074/1/2074 
f 2085/1/2085 2084/1/2084 673/1/673 672/1/672 
f 2086/1/2086 2087/1/2087 2084/1/2084 2085/1/2085 
f 2087/1/2087 2076/1/2076 2074/1/2074 
f 2088/1/2088 2089/1/2089 2087/1/2087 2086/1/2086 
f 2090/1/2090 2091/1/2091 2089/1/2089 2088/1/2088 
f 2078/1/2078 2081/1/2081 2089/1/2089 2091/1/2091 
f 2076/1/2076 2087/1/2087 2089/1/2089 2081/1/2081 
f 672/1/672 677/1/677 2092/1/2092 2085/1/2085 
f 2093/1/2093 2092/1/2092 677/1/677 676/1/676 
f 2094/1/2094 2095/1/2095 2092/1/2092 2093/1/2093 
f 2085/1/2085 2092/1/2092 2095/1/2095 2086/1/2086 
f 2086/1/2086 2095/1/2095 2096/1/2096 2088/1/2088 
f 2097/1/2097 2096/1/2096 2095/1/2095 2094/1/2094 
f 2098/1/2098 2099/1/2099 2096/1/2096 2097/1/2097 
f 2088/1/2088 2096/1/2096 2099/1/2099 2090/1/2090 
f 2100/1/2100 2093/1/2093 676/1/676 
f 681/1/681 680/1/680 2101/1/2101 
f 2102/1/2102 2103/1/2103 2100/1/2100 2101/1/2101 
f 2093/1/2093 2100/1/2100 2103/1/2103 2094/1/2094 
f 657/1/657 2104/1/2104 2105/1/2105 656/1/656 
f 2106/1/2106 2105/1/2105 2104/1/2104 2107/1/2107 
f 2067/1/2067 2064/1/2064 2105/1/2105 2106/1/2106 
f 656/1/656 2105/1/2105 2064/1/2064 650/1/650 
f 659/1/659 2073/1/2073 2108/1/2108 660/1/660 
f 2109/1/2109 2108/1/2108 2073/1/2073 2072/1/2072 
f 2107/1/2107 2104/1/2104 2108/1/2108 2109/1/2109 
f 660/1/660 2108/1/2108 2104/1/2104 657/1/657 
f 2071/1/2071 2083/1/2083 2110/1/2110 2070/1/2070 
f 2111/1/2111 2110/1/2110 2083/1/2083 2082/1/2082 
f 2112/1/2112 2113/1/2113 2110/1/2110 2111/1/2111 
f 2070/1/2070 2110/1/2110 2113/1/2113 2072/1/2072 
f 2114/1/2114 2115/1/2115 2116/1/2116 2117/1/2117 
f 2066/1/2066 2116/1/2116 2115/1/2115 2062/1/2062 
f 2067/1/2067 2118/1/2118 2116/1/2116 2066/1/2066 
f 2117/1/2117 2116/1/2116 2118/1/2118 2119/1/2119 
f 2107/1/2107 2120/1/2120 2121/1/2121 2106/1/2106 
f 2122/1/2122 2121/1/2121 2120/1/2120 2123/1/2123 
f 2119/1/2119 2118/1/2118 2121/1/2121 2122/1/2122 
f 2106/1/2106 2121/1/2121 2118/1/2118 2067/1/2067 
f 2072/1/2072 2113/1/2113 2124/1/2124 2109/1/2109 
f 2125/1/2125 2124/1/2124 2113/1/2113 2112/1/2112 
f 2123/1/2123 2120/1/2120 2124/1/2124 2125/1/2125 
f 2109/1/2109 2124/1/2124 2120/1/2120 2107/1/2107 
f 2058/1/2058 2126/1/2126 2127/1/2127 2059/1/2059 
f 2128/1/2128 2127/1/2127 2126/1/2126 2129/1/2129 
f 2130/1/2130 2131/1/2131 2127/1/2127 2128/1/2128 
f 2059/1/2059 2127/1/2127 2131/1/2131 2047/1/2047 
f 2047/1/2047 2131/1/2131 2132/1/2132 2046/1/2046 
f 2133/1/2133 2132/1/2132 2131/1/2131 2130/1/2130 
f 2051/1/2051 2132/1/2132 2133/1/2133 2049/1/2049 
f 2046/1/2046 2132/1/2132 2051/1/2051 2042/1/2042 
f 2049/1/2049 2133/1/2133 2134/1/2134 2055/1/2055 
f 2135/1/2135 2134/1/2134 2133/1/2133 2130/1/2130 
f 2136/1/2136 2137/1/2137 2134/1/2134 2135/1/2135 
f 2055/1/2055 2134/1/2134 2137/1/2137 2052/1/2052 
f 2130/1/2130 2128/1/2128 2138/1/2138 2135/1/2135 
f 2139/1/2139 2138/1/2138 2128/1/2128 2129/1/2129 
f 2136/1/2136 2135/1/2135 2138/1/2138 2139/1/2139 
f 2063/1/2063 2140/1/2140 2126/1/2126 2058/1/2058 
f 2115/1/2115 2140/1/2140 2063/1/2063 2062/1/2062 
f 2114/1/2114 2141/1/2141 2140/1/2140 2115/1/2115 
f 2126/1/2126 2140/1/2140 2141/1/2141 2129/1/2129 
f 2142/1/2142 2143/1/2143 2144/1/2144 2145/1/2145 
f 2146/1/2146 2144/1/2144 2143/1/2143 2147/1/2147 
f 896/1/896 893/1/893 2144/1/2144 2146/1/2146 
f 2145/1/2145 2144/1/2144 893/1/893 883/1/883 
f 2146/1/2146 2148/1/2148 907/1/907 896/1/896 
f 2147/1/2147 2149/1/2149 2148/1/2148 2146/1/2146 
f 2150/1/2150 2151/1/2151 2148/1/2148 2149/1/2149 
f 907/1/907 2148/1/2148 2151/1/2151 910/1/910 
f 910/1/910 2151/1/2151 2152/1/2152 919/1/919 
f 2153/1/2153 2152/1/2152 2151/1/2151 2150/1/2150 
f 2154/1/2154 2155/1/2155 2152/1/2152 2153/1/2153 
f 919/1/919 2152/1/2152 2155/1/2155 922/1/922 
f 922/1/922 2155/1/2155 2156/1/2156 941/1/941 
f 2157/1/2157 2156/1/2156 2155/1/2155 2154/1/2154 
f 2158/1/2158 2156/1/2156 2157/1/2157 2159/1/2159 
f 917/1/917 941/1/941 2156/1/2156 2158/1/2158 
f 2160/1/2160 2161/1/2161 2162/1/2162 2163/1/2163 
f 2145/1/2145 2162/1/2162 2161/1/2161 2142/1/2142 
f 883/1/883 882/1/882 2162/1/2162 2145/1/2145 
f 2163/1/2163 2162/1/2162 882/1/882 881/1/881 
f 2161/1/2161 2160/1/2160 2164/1/2164 
f 2165/1/2165 2166/1/2166 2164/1/2164 2167/1/2167 
f 2168/1/2168 2166/1/2166 2165/1/2165 2169/1/2169 
f 2166/1/2166 2168/1/2168 2142/1/2142 
f 2169/1/2169 2170/1/2170 2171/1/2171 2168/1/2168 
f 2172/1/2172 2171/1/2171 2170/1/2170 2173/1/2173 
f 2147/1/2147 2143/1/2143 2171/1/2171 2172/1/2172 
f 2168/1/2168 2171/1/2171 2143/1/2143 2142/1/2142 
f 2174/1/2174 2175/1/2175 2176/1/2176 2177/1/2177 
f 2149/1/2149 2176/1/2176 2175/1/2175 2150/1/2150 
f 2172/1/2172 2176/1/2176 2149/1/2149 2147/1/2147 
f 2176/1/2176 2172/1/2172 2173/1/2173 2177/1/2177 
f 2178/1/2178 2179/1/2179 2180/1/2180 2181/1/2181 
f 2153/1/2153 2180/1/2180 2179/1/2179 2154/1/2154 
f 2150/1/2150 2175/1/2175 2180/1/2180 2153/1/2153 
f 2181/1/2181 2180/1/2180 2175/1/2175 2174/1/2174 
f 2182/1/2182 2183/1/2183 2184/1/2184 2185/1/2185 
f 2159/1/2159 2157/1/2157 2183/1/2183 2182/1/2182 
f 2154/1/2154 2179/1/2179 2183/1/2183 2157/1/2157 
f 2184/1/2184 2183/1/2183 2179/1/2179 2178/1/2178 
f 2167/1/2167 2186/1/2186 2187/1/2187 2165/1/2165 
f 2188/1/2188 2187/1/2187 2186/1/2186 2189/1/2189 
f 2173/1/2173 2170/1/2170 2187/1/2187 2188/1/2188 
f 2165/1/2165 2187/1/2187 2170/1/2170 2169/1/2169 
f 2190/1/2190 2191/1/2191 2192/1/2192 2193/1/2193 
f 2177/1/2177 2192/1/2192 2191/1/2191 2174/1/2174 
f 2173/1/2173 2188/1/2188 2192/1/2192 2177/1/2177 
f 2193/1/2193 2192/1/2192 2188/1/2188 2189/1/2189 
f 2194/1/2194 2195/1/2195 2196/1/2196 2197/1/2197 
f 2195/1/2195 2190/1/2190 2193/1/2193 2196/1/2196 
f 2197/1/2197 2196/1/2196 2193/1/2193 2189/1/2189 
f 2198/1/2198 2199/1/2199 2200/1/2200 2201/1/2201 
f 2181/1/2181 2200/1/2200 2199/1/2199 2178/1/2178 
f 2174/1/2174 2191/1/2191 2200/1/2200 2181/1/2181 
f 2201/1/2201 2200/1/2200 2191/1/2191 2190/1/2190 
f 2202/1/2202 2203/1/2203 2204/1/2204 2205/1/2205 
f 2201/1/2201 2204/1/2204 2203/1/2203 2198/1/2198 
f 2190/1/2190 2195/1/2195 2204/1/2204 2201/1/2201 
f 2205/1/2205 2204/1/2204 2195/1/2195 2194/1/2194 
f 2206/1/2206 2207/1/2207 2199/1/2199 2198/1/2198 
f 2208/1/2208 2207/1/2207 2206/1/2206 2209/1/2209 
f 2185/1/2185 2184/1/2184 2207/1/2207 2208/1/2208 
f 2178/1/2178 2199/1/2199 2207/1/2207 2184/1/2184 
f 2210/1/2210 2211/1/2211 2212/1/2212 2213/1/2213 
f 2209/1/2209 2206/1/2206 2211/1/2211 2210/1/2210 
f 2198/1/2198 2203/1/2203 2211/1/2211 2206/1/2206 
f 2212/1/2212 2211/1/2211 2203/1/2203 2202/1/2202 
f 2213/1/2213 2214/1/2214 2215/1/2215 2210/1/2210 
f 2216/1/2216 2215/1/2215 2214/1/2214 2217/1/2217 
f 2218/1/2218 2219/1/2219 2215/1/2215 2216/1/2216 
f 2210/1/2210 2215/1/2215 2219/1/2219 2209/1/2209 
f 2208/1/2208 2220/1/2220 2221/1/2221 2185/1/2185 
f 2209/1/2209 2219/1/2219 2220/1/2220 2208/1/2208 
f 2218/1/2218 2222/1/2222 2220/1/2220 2219/1/2219 
f 2221/1/2221 2220/1/2220 2222/1/2222 2223/1/2223 
f 2217/1/2217 2224/1/2224 2225/1/2225 2216/1/2216 
f 2226/1/2226 2225/1/2225 2224/1/2224 2227/1/2227 
f 2223/1/2223 2222/1/2222 2225/1/2225 2226/1/2226 
f 2216/1/2216 2225/1/2225 2222/1/2222 2218/1/2218 
f 2223/1/2223 2228/1/2228 2229/1/2229 2221/1/2221 
f 2230/1/2230 2229/1/2229 2228/1/2228 2231/1/2231 
f 2182/1/2182 2229/1/2229 2230/1/2230 2159/1/2159 
f 2221/1/2221 2229/1/2229 2182/1/2182 2185/1/2185 
f 2159/1/2159 2230/1/2230 2232/1/2232 2158/1/2158 
f 2233/1/2233 2232/1/2232 2230/1/2230 2231/1/2231 
f 805/1/805 918/1/918 2232/1/2232 2233/1/2233 
f 2158/1/2158 2232/1/2232 918/1/918 917/1/917 
f 2227/1/2227 2234/1/2234 2235/1/2235 2226/1/2226 
f 2236/1/2236 2235/1/2235 2234/1/2234 2237/1/2237 
f 2231/1/2231 2228/1/2228 2235/1/2235 2236/1/2236 
f 2226/1/2226 2235/1/2235 2228/1/2228 2223/1/2223 
f 805/1/805 2233/1/2233 2238/1/2238 800/1/800 
f 2239/1/2239 2238/1/2238 2233/1/2233 2231/1/2231 
f 2240/1/2240 2241/1/2241 2238/1/2238 2239/1/2239 
f 800/1/800 2238/1/2238 2241/1/2241 690/1/690 
f 2242/1/2242 2243/1/2243 2244/1/2244 2245/1/2245 
f 2239/1/2239 2244/1/2244 2243/1/2243 2240/1/2240 
f 2236/1/2236 2244/1/2244 2239/1/2239 2231/1/2231 
f 2237/1/2237 2245/1/2245 2244/1/2244 2236/1/2236 
f 690/1/690 2241/1/2241 2246/1/2246 684/1/684 
f 2247/1/2247 2246/1/2246 2241/1/2241 2240/1/2240 
f 2248/1/2248 2249/1/2249 2246/1/2246 2247/1/2247 
f 684/1/684 2246/1/2246 2249/1/2249 685/1/685 
f 685/1/685 2249/1/2249 2250/1/2250 692/1/692 
f 2251/1/2251 2250/1/2250 2249/1/2249 2248/1/2248 
f 2102/1/2102 2101/1/2101 2250/1/2250 2251/1/2251 
f 692/1/692 2250/1/2250 2101/1/2101 680/1/680 
f 2240/1/2240 2243/1/2243 2252/1/2252 2247/1/2247 
f 2253/1/2253 2252/1/2252 2243/1/2243 2242/1/2242 
f 2254/1/2254 2255/1/2255 2252/1/2252 2253/1/2253 
f 2247/1/2247 2252/1/2252 2255/1/2255 2248/1/2248 
f 2094/1/2094 2103/1/2103 2256/1/2256 2097/1/2097 
f 2257/1/2257 2256/1/2256 2103/1/2103 2102/1/2102 
f 2258/1/2258 2259/1/2259 2256/1/2256 2257/1/2257 
f 2097/1/2097 2256/1/2256 2259/1/2259 2098/1/2098 
f 2248/1/2248 2255/1/2255 2260/1/2260 2251/1/2251 
f 2261/1/2261 2260/1/2260 2255/1/2255 2254/1/2254 
f 2258/1/2258 2257/1/2257 2260/1/2260 2261/1/2261 
f 2251/1/2251 2260/1/2260 2257/1/2257 2102/1/2102 
f 711/1/711 2262/1/2262 2263/1/2263 710/1/710 
f 2262/1/2262 1437/1/1437 1436/1/1436 
f 765/1/765 763/1/763 2263/1/2263 1436/1/1436 
f 710/1/710 2263/1/2263 763/1/763 704/1/704 
f 735/1/735 2264/1/2264 2265/1/2265 733/1/733 
f 2266/1/2266 2265/1/2265 2264/1/2264 2267/1/2267 
f 2265/1/2265 2266/1/2266 711/1/711 
f 708/1/708 707/1/707 733/1/733 
f 1565/1/1565 2268/1/2268 2269/1/2269 1563/1/1563 
f 2270/1/2270 2269/1/2269 2268/1/2268 2271/1/2271 
f 2267/1/2267 2264/1/2264 2269/1/2269 2270/1/2270 
f 1563/1/1563 2269/1/2269 2264/1/2264 735/1/735 
f 1577/1/1577 2272/1/2272 2273/1/2273 1576/1/1576 
f 2274/1/2274 2273/1/2273 2272/1/2272 2275/1/2275 
f 2271/1/2271 2268/1/2268 2273/1/2273 2274/1/2274 
f 1576/1/1576 2273/1/2273 2268/1/2268 1565/1/1565 
f 1581/1/1581 2276/1/2276 2277/1/2277 1579/1/1579 
f 2278/1/2278 2277/1/2277 2276/1/2276 2279/1/2279 
f 2275/1/2275 2272/1/2272 2277/1/2277 2278/1/2278 
f 1579/1/1579 2277/1/2277 2272/1/2272 1577/1/1577 
f 2280/1/2280 2281/1/2281 2282/1/2282 
f 2283/1/2283 1440/1/1440 1443/1/1443 
f 2280/1/2280 1443/1/1443 1424/1/1424 
f 1438/1/1438 1437/1/1437 2281/1/2281 
f 1440/1/1440 2283/1/2283 2284/1/2284 1447/1/1447 
f 2285/1/2285 2284/1/2284 2283/1/2283 2282/1/2282 
f 2286/1/2286 2287/1/2287 2284/1/2284 2285/1/2285 
f 1447/1/1447 2284/1/2284 2287/1/2287 1444/1/1444 
f 2288/1/2288 2266/1/2266 2267/1/2267 
f 2289/1/2289 2290/1/2290 2291/1/2291 
f 2288/1/2288 2291/1/2291 1437/1/1437 
f 2262/1/2262 711/1/711 2266/1/2266 
f 2270/1/2270 2292/1/2292 2289/1/2289 2267/1/2267 
f 2271/1/2271 2293/1/2293 2292/1/2292 2270/1/2270 
f 2294/1/2294 2295/1/2295 2292/1/2292 2293/1/2293 
f 2289/1/2289 2292/1/2292 2295/1/2295 2290/1/2290 
f 2274/1/2274 2296/1/2296 2293/1/2293 2271/1/2271 
f 2275/1/2275 2297/1/2297 2296/1/2296 2274/1/2274 
f 2298/1/2298 2296/1/2296 2297/1/2297 2299/1/2299 
f 2293/1/2293 2296/1/2296 2298/1/2298 2294/1/2294 
f 2279/1/2279 2300/1/2300 2301/1/2301 2278/1/2278 
f 2302/1/2302 2303/1/2303 2301/1/2301 2300/1/2300 
f 2299/1/2299 2297/1/2297 2301/1/2301 2303/1/2303 
f 2278/1/2278 2301/1/2301 2297/1/2297 2275/1/2275 
f 2304/1/2304 2305/1/2305 2306/1/2306 2307/1/2307 
f 2308/1/2308 2306/1/2306 2305/1/2305 2309/1/2309 
f 2302/1/2302 2310/1/2310 2306/1/2306 2308/1/2308 
f 2307/1/2307 2306/1/2306 2310/1/2310 2311/1/2311 
f 2309/1/2309 2312/1/2312 2313/1/2313 2308/1/2308 
f 2314/1/2314 2313/1/2313 2312/1/2312 2315/1/2315 
f 2299/1/2299 2303/1/2303 2313/1/2313 2314/1/2314 
f 2308/1/2308 2313/1/2313 2303/1/2303 2302/1/2302 
f 2294/1/2294 2298/1/2298 2316/1/2316 2317/1/2317 
f 2314/1/2314 2316/1/2316 2298/1/2298 2299/1/2299 
f 2315/1/2315 2318/1/2318 2316/1/2316 2314/1/2314 
f 2317/1/2317 2316/1/2316 2318/1/2318 2319/1/2319 
f 1451/1/1451 2320/1/2320 2321/1/2321 1450/1/1450 
f 2322/1/2322 2321/1/2321 2320/1/2320 2323/1/2323 
f 797/1/797 1431/1/1431 2321/1/2321 2322/1/2322 
f 1450/1/1450 2321/1/2321 1431/1/1431 1430/1/1430 
f 2286/1/2286 2324/1/2324 2325/1/2325 2287/1/2287 
f 2320/1/2320 2325/1/2325 2324/1/2324 2323/1/2323 
f 1451/1/1451 1449/1/1449 2325/1/2325 2320/1/2320 
f 2287/1/2287 2325/1/2325 1449/1/1449 1444/1/1444 
f 2323/1/2323 2326/1/2326 2327/1/2327 
f 2327/1/2327 2326/1/2326 1455/1/1455 
f 799/1/799 798/1/798 2327/1/2327 1452/1/1452 
f 2322/1/2322 2327/1/2327 798/1/798 797/1/797 
f 2328/1/2328 2285/1/2285 2282/1/2282 
f 2329/1/2329 2330/1/2330 2331/1/2331 
f 2328/1/2328 2331/1/2331 2323/1/2323 
f 2324/1/2324 2286/1/2286 2285/1/2285 
f 2332/1/2332 2291/1/2291 2290/1/2290 
f 2333/1/2333 2330/1/2330 2329/1/2329 
f 2332/1/2332 2329/1/2329 2282/1/2282 
f 2281/1/2281 1437/1/1437 2291/1/2291 
f 2319/1/2319 2334/1/2334 2335/1/2335 2317/1/2317 
f 2333/1/2333 2335/1/2335 2334/1/2334 2330/1/2330 
f 2290/1/2290 2295/1/2295 2335/1/2335 2333/1/2333 
f 2317/1/2317 2335/1/2335 2295/1/2295 2294/1/2294 
f 2330/1/2330 2336/1/2336 2337/1/2337 2331/1/2331 
f 2338/1/2338 2337/1/2337 2336/1/2336 2339/1/2339 
f 2337/1/2337 2338/1/2338 1455/1/1455 
f 2326/1/2326 2323/1/2323 2331/1/2331 
f 2340/1/2340 2341/1/2341 2342/1/2342 2343/1/2343 
f 1489/1/1489 2341/1/2341 2340/1/2340 1490/1/1490 
f 2341/1/2341 1489/1/1489 1460/1/1460 
f 1459/1/1459 1456/1/1456 2342/1/2342 
f 2344/1/2344 1454/1/1454 1455/1/1455 
f 2345/1/2345 2344/1/2344 2338/1/2338 2339/1/2339 
f 2344/1/2344 2345/1/2345 2343/1/2343 
f 2342/1/2342 1456/1/1456 1454/1/1454 
f 2346/1/2346 2340/1/2340 2343/1/2343 
f 2347/1/2347 2346/1/2346 2348/1/2348 2349/1/2349 
f 1499/1/1499 1496/1/1496 2346/1/2346 2347/1/2347 
f 2340/1/2340 2346/1/2346 1496/1/1496 1490/1/1490 
f 2349/1/2349 2350/1/2350 2351/1/2351 2347/1/2347 
f 2352/1/2352 2351/1/2351 2350/1/2350 2353/1/2353 
f 1495/1/1495 1501/1/1501 2351/1/2351 2352/1/2352 
f 2347/1/2347 2351/1/2351 1501/1/1501 1499/1/1499 
f 1495/1/1495 2352/1/2352 2354/1/2354 1494/1/1494 
f 2355/1/2355 2354/1/2354 2352/1/2352 2353/1/2353 
f 1421/1/1421 1473/1/1473 2354/1/2354 2355/1/2355 
f 1494/1/1494 2354/1/2354 1473/1/1473 1472/1/1472 
f 2355/1/2355 2356/1/2356 1420/1/1420 1421/1/1421 
f 2353/1/2353 2357/1/2357 2356/1/2356 2355/1/2355 
f 2358/1/2358 2356/1/2356 2357/1/2357 2359/1/2359 
f 1420/1/1420 2356/1/2356 2358/1/2358 1414/1/1414 
f 1414/1/1414 2358/1/2358 2360/1/2360 1415/1/1415 
f 2359/1/2359 2361/1/2361 2360/1/2360 2358/1/2358 
f 2362/1/2362 2363/1/2363 2360/1/2360 2361/1/2361 
f 1415/1/1415 2360/1/2360 2363/1/2363 1416/1/1416 
f 1416/1/1416 2363/1/2363 2364/1/2364 2365/1/2365 
f 2366/1/2366 2364/1/2364 2363/1/2363 2362/1/2362 
f 2367/1/2367 2368/1/2368 2364/1/2364 2366/1/2366 
f 2368/1/2368 1411/1/1411 2365/1/2365 
f 2369/1/2369 2370/1/2370 2368/1/2368 2367/1/2367 
f 2371/1/2371 2370/1/2370 2369/1/2369 2372/1/2372 
f 1406/1/1406 1410/1/1410 2370/1/2370 2371/1/2371 
f 1411/1/1411 2368/1/2368 2370/1/2370 1410/1/1410 
f 2372/1/2372 2373/1/2373 2374/1/2374 2371/1/2371 
f 2375/1/2375 2374/1/2374 2373/1/2373 2376/1/2376 
f 1402/1/1402 1407/1/1407 2374/1/2374 2375/1/2375 
f 2371/1/2371 2374/1/2374 1407/1/1407 1406/1/1406 
f 2376/1/2376 2377/1/2377 2378/1/2378 2375/1/2375 
f 2377/1/2377 2379/1/2379 2380/1/2380 
f 2378/1/2378 2380/1/2380 1397/1/1397 
f 2375/1/2375 2378/1/2378 1403/1/1403 1402/1/1402 
f 2381/1/2381 2382/1/2382 2383/1/2383 2384/1/2384 
f 2339/1/2339 2336/1/2336 2383/1/2383 2382/1/2382 
f 2336/1/2336 2330/1/2330 2384/1/2384 
f 2385/1/2385 2386/1/2386 2387/1/2387 2388/1/2388 
f 2384/1/2384 2387/1/2387 2386/1/2386 2381/1/2381 
f 2330/1/2330 2334/1/2334 2387/1/2387 2384/1/2384 
f 2388/1/2388 2387/1/2387 2334/1/2334 2319/1/2319 
f 2389/1/2389 2390/1/2390 2391/1/2391 2392/1/2392 
f 2388/1/2388 2391/1/2391 2390/1/2390 2385/1/2385 
f 2319/1/2319 2318/1/2318 2391/1/2391 2388/1/2388 
f 2392/1/2392 2391/1/2391 2318/1/2318 2315/1/2315 
f 2393/1/2393 2394/1/2394 2395/1/2395 2396/1/2396 
f 2392/1/2392 2395/1/2395 2394/1/2394 2389/1/2389 
f 2315/1/2315 2312/1/2312 2395/1/2395 2392/1/2392 
f 2396/1/2396 2395/1/2395 2312/1/2312 2309/1/2309 
f 2397/1/2397 2398/1/2398 2305/1/2305 2304/1/2304 
f 2399/1/2399 2400/1/2400 2398/1/2398 2397/1/2397 
f 2396/1/2396 2398/1/2398 2400/1/2400 2393/1/2393 
f 2309/1/2309 2305/1/2305 2398/1/2398 2396/1/2396 
f 2339/1/2339 2382/1/2382 2401/1/2401 2345/1/2345 
f 2382/1/2382 2381/1/2381 2402/1/2402 
f 2402/1/2402 2403/1/2403 2404/1/2404 
f 2404/1/2404 2343/1/2343 2345/1/2345 
f 2405/1/2405 2404/1/2404 2403/1/2403 
f 2406/1/2406 2405/1/2405 2407/1/2407 2408/1/2408 
f 2349/1/2349 2348/1/2348 2405/1/2405 2406/1/2406 
f 2348/1/2348 2343/1/2343 2404/1/2404 
f 2408/1/2408 2409/1/2409 2410/1/2410 2406/1/2406 
f 2411/1/2411 2410/1/2410 2409/1/2409 2412/1/2412 
f 2353/1/2353 2350/1/2350 2410/1/2410 2411/1/2411 
f 2406/1/2406 2410/1/2410 2350/1/2350 2349/1/2349 
f 2412/1/2412 2413/1/2413 2414/1/2414 2411/1/2411 
f 2415/1/2415 2414/1/2414 2413/1/2413 2416/1/2416 
f 2359/1/2359 2357/1/2357 2414/1/2414 2415/1/2415 
f 2411/1/2411 2414/1/2414 2357/1/2357 2353/1/2353 
f 2416/1/2416 2417/1/2417 2418/1/2418 2415/1/2415 
f 2419/1/2419 2418/1/2418 2417/1/2417 2420/1/2420 
f 2361/1/2361 2418/1/2418 2419/1/2419 2362/1/2362 
f 2415/1/2415 2418/1/2418 2361/1/2361 2359/1/2359 
f 2421/1/2421 2422/1/2422 2423/1/2423 2424/1/2424 
f 2366/1/2366 2423/1/2423 2422/1/2422 2367/1/2367 
f 2362/1/2362 2419/1/2419 2423/1/2423 2366/1/2366 
f 2424/1/2424 2423/1/2423 2419/1/2419 2420/1/2420 
f 2425/1/2425 2426/1/2426 2427/1/2427 2428/1/2428 
f 2369/1/2369 2427/1/2427 2426/1/2426 2372/1/2372 
f 2367/1/2367 2422/1/2422 2427/1/2427 2369/1/2369 
f 2428/1/2428 2427/1/2427 2422/1/2422 2421/1/2421 
f 2429/1/2429 2430/1/2430 2431/1/2431 2432/1/2432 
f 2373/1/2373 2431/1/2431 2430/1/2430 2376/1/2376 
f 2372/1/2372 2426/1/2426 2431/1/2431 2373/1/2373 
f 2432/1/2432 2431/1/2431 2426/1/2426 2425/1/2425 
f 2433/1/2433 2434/1/2434 2435/1/2435 2436/1/2436 
f 2377/1/2377 2435/1/2435 2434/1/2434 2379/1/2379 
f 2376/1/2376 2430/1/2430 2435/1/2435 2377/1/2377 
f 2436/1/2436 2435/1/2435 2430/1/2430 2429/1/2429 
f 2437/1/2437 2438/1/2438 2439/1/2439 2440/1/2440 
f 2441/1/2441 2438/1/2438 2437/1/2437 2442/1/2442 
f 2433/1/2433 2436/1/2436 2438/1/2438 2441/1/2441 
f 2429/1/2429 2439/1/2439 2438/1/2438 2436/1/2436 
f 2443/1/2443 2444/1/2444 2445/1/2445 2446/1/2446 
f 2447/1/2447 2445/1/2445 2444/1/2444 2448/1/2448 
f 2428/1/2428 2445/1/2445 2447/1/2447 2425/1/2425 
f 2446/1/2446 2445/1/2445 2428/1/2428 2421/1/2421 
f 2425/1/2425 2447/1/2447 2449/1/2449 2432/1/2432 
f 2450/1/2450 2449/1/2449 2447/1/2447 2448/1/2448 
f 2440/1/2440 2439/1/2439 2449/1/2449 2450/1/2450 
f 2432/1/2432 2449/1/2449 2439/1/2439 2429/1/2429 
f 2451/1/2451 2452/1/2452 2453/1/2453 2454/1/2454 
f 2446/1/2446 2453/1/2453 2452/1/2452 2443/1/2443 
f 2421/1/2421 2424/1/2424 2453/1/2453 2446/1/2446 
f 2454/1/2454 2453/1/2453 2424/1/2424 2420/1/2420 
f 2443/1/2443 2452/1/2452 2455/1/2455 2444/1/2444 
f 2456/1/2456 2455/1/2455 2452/1/2452 2451/1/2451 
f 2457/1/2457 2458/1/2458 2455/1/2455 2456/1/2456 
f 2444/1/2444 2455/1/2455 2458/1/2458 2448/1/2448 
f 2459/1/2459 2460/1/2460 2461/1/2461 2462/1/2462 
f 2454/1/2454 2461/1/2461 2460/1/2460 2451/1/2451 
f 2420/1/2420 2417/1/2417 2461/1/2461 2454/1/2454 
f 2462/1/2462 2461/1/2461 2417/1/2417 2416/1/2416 
f 2451/1/2451 2460/1/2460 2463/1/2463 2456/1/2456 
f 2464/1/2464 2463/1/2463 2460/1/2460 2459/1/2459 
f 2465/1/2465 2466/1/2466 2463/1/2463 2464/1/2464 
f 2456/1/2456 2463/1/2463 2466/1/2466 2457/1/2457 
f 2467/1/2467 2468/1/2468 2469/1/2469 2470/1/2470 
f 2462/1/2462 2469/1/2469 2468/1/2468 2459/1/2459 
f 2416/1/2416 2413/1/2413 2469/1/2469 2462/1/2462 
f 2470/1/2470 2469/1/2469 2413/1/2413 2412/1/2412 
f 2467/1/2467 2471/1/2471 2472/1/2472 2468/1/2468 
f 2473/1/2473 2472/1/2472 2471/1/2471 2474/1/2474 
f 2465/1/2465 2464/1/2464 2472/1/2472 2473/1/2473 
f 2468/1/2468 2472/1/2472 2464/1/2464 2459/1/2459 
f 2412/1/2412 2409/1/2409 2475/1/2475 2470/1/2470 
f 2476/1/2476 2475/1/2475 2409/1/2409 2408/1/2408 
f 2477/1/2477 2478/1/2478 2475/1/2475 2476/1/2476 
f 2470/1/2470 2475/1/2475 2478/1/2478 2467/1/2467 
f 2477/1/2477 2479/1/2479 2480/1/2480 2478/1/2478 
f 2481/1/2481 2480/1/2480 2479/1/2479 2482/1/2482 
f 2474/1/2474 2471/1/2471 2480/1/2480 2481/1/2481 
f 2478/1/2478 2480/1/2480 2471/1/2471 2467/1/2467 
f 2483/1/2483 2484/1/2484 2485/1/2485 
f 2486/1/2486 2477/1/2477 2476/1/2476 
f 2408/1/2408 2407/1/2407 2483/1/2483 2476/1/2476 
f 2484/1/2484 2483/1/2483 2407/1/2407 2403/1/2403 
f 2486/1/2486 2485/1/2485 2487/1/2487 
f 2488/1/2488 2489/1/2489 2487/1/2487 2490/1/2490 
f 2482/1/2482 2479/1/2479 2489/1/2489 2488/1/2488 
f 2479/1/2479 2477/1/2477 2486/1/2486 
f 2491/1/2491 2492/1/2492 2493/1/2493 2494/1/2494 
f 2484/1/2484 2493/1/2493 2492/1/2492 2485/1/2485 
f 2403/1/2403 2402/1/2402 2493/1/2493 2484/1/2484 
f 2494/1/2494 2493/1/2493 2402/1/2402 2381/1/2381 
f 2485/1/2485 2492/1/2492 2495/1/2495 2487/1/2487 
f 2496/1/2496 2495/1/2495 2492/1/2492 2491/1/2491 
f 2497/1/2497 2498/1/2498 2495/1/2495 2496/1/2496 
f 2487/1/2487 2495/1/2495 2498/1/2498 2490/1/2490 
f 2381/1/2381 2386/1/2386 2499/1/2499 2494/1/2494 
f 2500/1/2500 2499/1/2499 2386/1/2386 2385/1/2385 
f 2501/1/2501 2502/1/2502 2499/1/2499 2500/1/2500 
f 2494/1/2494 2499/1/2499 2502/1/2502 2491/1/2491 
f 2491/1/2491 2502/1/2502 2503/1/2503 2496/1/2496 
f 2504/1/2504 2503/1/2503 2502/1/2502 2501/1/2501 
f 2505/1/2505 2506/1/2506 2503/1/2503 2504/1/2504 
f 2496/1/2496 2503/1/2503 2506/1/2506 2497/1/2497 
f 2385/1/2385 2390/1/2390 2507/1/2507 2500/1/2500 
f 2508/1/2508 2507/1/2507 2390/1/2390 2389/1/2389 
f 2509/1/2509 2510/1/2510 2507/1/2507 2508/1/2508 
f 2500/1/2500 2507/1/2507 2510/1/2510 2501/1/2501 
f 2501/1/2501 2510/1/2510 2511/1/2511 2504/1/2504 
f 2512/1/2512 2511/1/2511 2510/1/2510 2509/1/2509 
f 2513/1/2513 2514/1/2514 2511/1/2511 2512/1/2512 
f 2504/1/2504 2511/1/2511 2514/1/2514 2505/1/2505 
f 2389/1/2389 2394/1/2394 2515/1/2515 2508/1/2508 
f 2516/1/2516 2515/1/2515 2394/1/2394 2393/1/2393 
f 2517/1/2517 2518/1/2518 2515/1/2515 2516/1/2516 
f 2508/1/2508 2515/1/2515 2518/1/2518 2509/1/2509 
f 2509/1/2509 2518/1/2518 2519/1/2519 2512/1/2512 
f 2520/1/2520 2519/1/2519 2518/1/2518 2517/1/2517 
f 2521/1/2521 2522/1/2522 2519/1/2519 2520/1/2520 
f 2512/1/2512 2519/1/2519 2522/1/2522 2513/1/2513 
f 2393/1/2393 2400/1/2400 2523/1/2523 2516/1/2516 
f 2524/1/2524 2523/1/2523 2400/1/2400 2399/1/2399 
f 2525/1/2525 2526/1/2526 2523/1/2523 2524/1/2524 
f 2516/1/2516 2523/1/2523 2526/1/2526 2517/1/2517 
f 2517/1/2517 2526/1/2526 2527/1/2527 2520/1/2520 
f 2528/1/2528 2527/1/2527 2526/1/2526 2525/1/2525 
f 2529/1/2529 2530/1/2530 2527/1/2527 2528/1/2528 
f 2520/1/2520 2527/1/2527 2530/1/2530 2521/1/2521 
f 2279/1/2279 2531/1/2531 2532/1/2532 2300/1/2300 
f 2533/1/2533 2532/1/2532 2531/1/2531 2534/1/2534 
f 2311/1/2311 2310/1/2310 2532/1/2532 2533/1/2533 
f 2300/1/2300 2532/1/2532 2310/1/2310 2302/1/2302 
f 2534/1/2534 2535/1/2535 2536/1/2536 2533/1/2533 
f 2537/1/2537 2538/1/2538 2536/1/2536 2535/1/2535 
f 2533/1/2533 2536/1/2536 2538/1/2538 2311/1/2311 
f 1148/1/1148 2539/1/2539 2540/1/2540 1147/1/1147 
f 2541/1/2541 2540/1/2540 2539/1/2539 2542/1/2542 
f 2543/1/2543 2544/1/2544 2540/1/2540 2541/1/2541 
f 1147/1/1147 2540/1/2540 2544/1/2544 1149/1/1149 
f 2545/1/2545 2546/1/2546 2547/1/2547 2548/1/2548 
f 2549/1/2549 2550/1/2550 2547/1/2547 2546/1/2546 
f 2551/1/2551 2547/1/2547 2550/1/2550 2552/1/2552 
f 2548/1/2548 2547/1/2547 2551/1/2551 2553/1/2553 
f 2554/1/2554 2555/1/2555 2556/1/2556 2557/1/2557 
f 2558/1/2558 2559/1/2559 2555/1/2555 2554/1/2554 
f 2535/1/2535 2555/1/2555 2559/1/2559 2537/1/2537 
f 2556/1/2556 2555/1/2555 2535/1/2535 2534/1/2534 
f 2560/1/2560 2561/1/2561 2562/1/2562 2563/1/2563 
f 2554/1/2554 2562/1/2562 2561/1/2561 2558/1/2558 
f 2557/1/2557 2564/1/2564 2562/1/2562 2554/1/2554 
f 2563/1/2563 2562/1/2562 2564/1/2564 2565/1/2565 
f 2566/1/2566 2567/1/2567 2568/1/2568 2569/1/2569 
f 2563/1/2563 2568/1/2568 2567/1/2567 2560/1/2560 
f 2565/1/2565 2570/1/2570 2568/1/2568 2563/1/2563 
f 2569/1/2569 2568/1/2568 2570/1/2570 2571/1/2571 
f 2571/1/2571 2572/1/2572 2573/1/2573 2569/1/2569 
f 2574/1/2574 2573/1/2573 2572/1/2572 2575/1/2575 
f 2576/1/2576 2577/1/2577 2573/1/2573 2574/1/2574 
f 2569/1/2569 2573/1/2573 2577/1/2577 2566/1/2566 
f 2575/1/2575 2578/1/2578 2579/1/2579 2574/1/2574 
f 2548/1/2548 2579/1/2579 2578/1/2578 2545/1/2545 
f 2579/1/2579 2548/1/2548 2553/1/2553 
f 2574/1/2574 2579/1/2579 2580/1/2580 2576/1/2576 
f 2545/1/2545 2581/1/2581 2582/1/2582 
f 2583/1/2583 2582/1/2582 2581/1/2581 2584/1/2584 
f 2585/1/2585 2586/1/2586 2582/1/2582 2583/1/2583 
f 2549/1/2549 2546/1/2546 2582/1/2582 2586/1/2586 
f 2587/1/2587 2588/1/2588 2589/1/2589 2590/1/2590 
f 2591/1/2591 2589/1/2589 2588/1/2588 2592/1/2592 
f 2593/1/2593 2594/1/2594 2589/1/2589 2591/1/2591 
f 2590/1/2590 2589/1/2589 2594/1/2594 2595/1/2595 
f 2542/1/2542 2596/1/2596 2597/1/2597 2541/1/2541 
f 2583/1/2583 2597/1/2597 2596/1/2596 2585/1/2585 
f 2584/1/2584 2598/1/2598 2597/1/2597 2583/1/2583 
f 2541/1/2541 2597/1/2597 2598/1/2598 2543/1/2543 
f 2543/1/2543 2598/1/2598 2599/1/2599 2600/1/2600 
f 2601/1/2601 2599/1/2599 2598/1/2598 2584/1/2584 
f 2602/1/2602 2603/1/2603 2599/1/2599 2601/1/2601 
f 2600/1/2600 2599/1/2599 2603/1/2603 2604/1/2604 
f 2584/1/2584 2581/1/2581 2605/1/2605 2601/1/2601 
f 2581/1/2581 2545/1/2545 2578/1/2578 
f 2575/1/2575 2606/1/2606 2605/1/2605 2578/1/2578 
f 2601/1/2601 2605/1/2605 2606/1/2606 2602/1/2602 
f 2604/1/2604 2603/1/2603 2607/1/2607 2608/1/2608 
f 2609/1/2609 2607/1/2607 2603/1/2603 2602/1/2602 
f 2587/1/2587 2590/1/2590 2607/1/2607 2609/1/2609 
f 2608/1/2608 2607/1/2607 2590/1/2590 2595/1/2595 
f 2592/1/2592 2588/1/2588 2610/1/2610 2611/1/2611 
f 2612/1/2612 2610/1/2610 2588/1/2588 2587/1/2587 
f 2571/1/2571 2570/1/2570 2610/1/2610 2612/1/2612 
f 2611/1/2611 2610/1/2610 2570/1/2570 2565/1/2565 
f 2571/1/2571 2612/1/2612 2613/1/2613 2572/1/2572 
f 2609/1/2609 2613/1/2613 2612/1/2612 2587/1/2587 
f 2602/1/2602 2606/1/2606 2613/1/2613 2609/1/2609 
f 2572/1/2572 2613/1/2613 2606/1/2606 2575/1/2575 
f 2614/1/2614 2615/1/2615 2616/1/2616 2617/1/2617 
f 2531/1/2531 2616/1/2616 2615/1/2615 2534/1/2534 
f 2279/1/2279 2276/1/2276 2616/1/2616 2531/1/2531 
f 2617/1/2617 2616/1/2616 2276/1/2276 1581/1/1581 
f 2593/1/2593 2618/1/2618 2619/1/2619 2594/1/2594 
f 2620/1/2620 2619/1/2619 2618/1/2618 2621/1/2621 
f 2622/1/2622 2619/1/2619 2620/1/2620 2623/1/2623 
f 2595/1/2595 2594/1/2594 2619/1/2619 2622/1/2622 
f 2624/1/2624 2625/1/2625 2626/1/2626 2627/1/2627 
f 2624/1/2624 2628/1/2628 2629/1/2629 
f 1537/1/1537 1534/1/1534 2625/1/2625 2629/1/2629 
f 1534/1/1534 1524/1/1524 2626/1/2626 
f 1510/1/1510 2630/1/2630 2631/1/2631 1523/1/1523 
f 2632/1/2632 2631/1/2631 2630/1/2630 2633/1/2633 
f 2626/1/2626 2631/1/2631 2632/1/2632 2627/1/2627 
f 1523/1/1523 2631/1/2631 2626/1/2626 1524/1/1524 
f 230/1/230 241/1/241 2634/1/2634 1513/1/1513 
f 2635/1/2635 2634/1/2634 241/1/241 240/1/240 
f 2633/1/2633 2630/1/2630 2634/1/2634 2635/1/2635 
f 1513/1/1513 2634/1/2634 2630/1/2630 1510/1/1510 
f 240/1/240 2636/1/2636 2637/1/2637 2635/1/2635 
f 2638/1/2638 2637/1/2637 2636/1/2636 2639/1/2639 
f 2640/1/2640 2641/1/2641 2637/1/2637 2638/1/2638 
f 2635/1/2635 2637/1/2637 2641/1/2641 2633/1/2633 
f 2633/1/2633 2641/1/2641 2642/1/2642 2632/1/2632 
f 2643/1/2643 2642/1/2642 2641/1/2641 2640/1/2640 
f 2644/1/2644 2645/1/2645 2642/1/2642 2643/1/2643 
f 2645/1/2645 2627/1/2627 2632/1/2632 
f 2644/1/2644 2646/1/2646 2647/1/2647 2645/1/2645 
f 2648/1/2648 2647/1/2647 2646/1/2646 2649/1/2649 
f 2650/1/2650 2651/1/2651 2647/1/2647 2648/1/2648 
f 2645/1/2645 2647/1/2647 2651/1/2651 2627/1/2627 
f 2648/1/2648 2652/1/2652 2653/1/2653 2650/1/2650 
f 2649/1/2649 2654/1/2654 2652/1/2652 2648/1/2648 
f 2655/1/2655 2652/1/2652 2654/1/2654 2656/1/2656 
f 2653/1/2653 2652/1/2652 2655/1/2655 2621/1/2621 
f 2623/1/2623 2620/1/2620 2657/1/2657 2658/1/2658 
f 2655/1/2655 2657/1/2657 2620/1/2620 2621/1/2621 
f 2656/1/2656 2659/1/2659 2657/1/2657 2655/1/2655 
f 2658/1/2658 2657/1/2657 2659/1/2659 2660/1/2660 
f 1055/1/1055 2661/1/2661 2662/1/2662 1054/1/1054 
f 2663/1/2663 2662/1/2662 2661/1/2661 2660/1/2660 
f 2664/1/2664 2665/1/2665 2662/1/2662 2663/1/2663 
f 1054/1/1054 2662/1/2662 2665/1/2665 1015/1/1015 
f 2666/1/2666 2667/1/2667 2668/1/2668 
f 2669/1/2669 2664/1/2664 2663/1/2663 
f 2660/1/2660 2659/1/2659 2666/1/2666 2663/1/2663 
f 2667/1/2667 2666/1/2666 2659/1/2659 2656/1/2656 
f 2670/1/2670 2671/1/2671 2672/1/2672 2673/1/2673 
f 2617/1/2617 2672/1/2672 2671/1/2671 2614/1/2614 
f 1581/1/1581 1580/1/1580 2672/1/2672 2617/1/2617 
f 2673/1/2673 2672/1/2672 1580/1/1580 1572/1/1572 
f 2557/1/2557 2556/1/2556 2674/1/2674 2675/1/2675 
f 2615/1/2615 2674/1/2674 2556/1/2556 2534/1/2534 
f 2676/1/2676 2674/1/2674 2615/1/2615 2614/1/2614 
f 2675/1/2675 2674/1/2674 2676/1/2676 2677/1/2677 
f 2565/1/2565 2564/1/2564 2678/1/2678 2611/1/2611 
f 2675/1/2675 2678/1/2678 2564/1/2564 2557/1/2557 
f 2679/1/2679 2678/1/2678 2675/1/2675 2677/1/2677 
f 2611/1/2611 2678/1/2678 2679/1/2679 2592/1/2592 
f 2680/1/2680 2681/1/2681 2682/1/2682 2683/1/2683 
f 2676/1/2676 2682/1/2682 2681/1/2681 2677/1/2677 
f 2614/1/2614 2671/1/2671 2682/1/2682 2676/1/2676 
f 2683/1/2683 2682/1/2682 2671/1/2671 2670/1/2670 
f 2593/1/2593 2591/1/2591 2684/1/2684 2685/1/2685 
f 2592/1/2592 2679/1/2679 2684/1/2684 2591/1/2591 
f 2686/1/2686 2684/1/2684 2679/1/2679 2677/1/2677 
f 2685/1/2685 2684/1/2684 2686/1/2686 2687/1/2687 
f 2650/1/2650 2688/1/2688 2689/1/2689 2651/1/2651 
f 2690/1/2690 2689/1/2689 2688/1/2688 2687/1/2687 
f 2628/1/2628 2624/1/2624 2689/1/2689 2690/1/2690 
f 2627/1/2627 2651/1/2651 2689/1/2689 2624/1/2624 
f 2621/1/2621 2618/1/2618 2691/1/2691 2653/1/2653 
f 2685/1/2685 2691/1/2691 2618/1/2618 2593/1/2593 
f 2687/1/2687 2688/1/2688 2691/1/2691 2685/1/2685 
f 2653/1/2653 2691/1/2691 2688/1/2688 2650/1/2650 
f 2692/1/2692 2629/1/2629 2628/1/2628 
f 2693/1/2693 2692/1/2692 2694/1/2694 2695/1/2695 
f 1549/1/1549 1546/1/1546 2692/1/2692 2693/1/2693 
f 2629/1/2629 2692/1/2692 1546/1/1546 1537/1/1537 
f 2695/1/2695 2696/1/2696 2697/1/2697 2693/1/2693 
f 2698/1/2698 2697/1/2697 2696/1/2696 2699/1/2699 
f 1561/1/1561 1560/1/1560 2697/1/2697 2698/1/2698 
f 2693/1/2693 2697/1/2697 1560/1/1560 1549/1/1549 
f 2700/1/2700 2698/1/2698 2699/1/2699 
f 2673/1/2673 2700/1/2700 2701/1/2701 2670/1/2670 
f 2700/1/2700 2673/1/2673 1572/1/1572 
f 2698/1/2698 2700/1/2700 1570/1/1570 1561/1/1561 
f 2702/1/2702 2703/1/2703 2704/1/2704 2705/1/2705 
f 2699/1/2699 2696/1/2696 2703/1/2703 2702/1/2702 
f 2695/1/2695 2704/1/2704 2703/1/2703 2696/1/2696 
f 2670/1/2670 2701/1/2701 2706/1/2706 2683/1/2683 
f 2702/1/2702 2706/1/2706 2701/1/2701 2699/1/2699 
f 2705/1/2705 2707/1/2707 2706/1/2706 2702/1/2702 
f 2683/1/2683 2706/1/2706 2707/1/2707 2680/1/2680 
f 2680/1/2680 2707/1/2707 2708/1/2708 2681/1/2681 
f 2709/1/2709 2708/1/2708 2707/1/2707 2705/1/2705 
f 2687/1/2687 2686/1/2686 2708/1/2708 2709/1/2709 
f 2681/1/2681 2708/1/2708 2686/1/2686 2677/1/2677 
f 2705/1/2705 2704/1/2704 2710/1/2710 2709/1/2709 
f 2694/1/2694 2710/1/2710 2704/1/2704 2695/1/2695 
f 2690/1/2690 2710/1/2710 2694/1/2694 2628/1/2628 
f 2709/1/2709 2710/1/2710 2690/1/2690 2687/1/2687 
f 335/1/335 2711/1/2711 2712/1/2712 334/1/334 
f 2713/1/2713 2712/1/2712 2711/1/2711 2714/1/2714 
f 299/1/299 296/1/296 2712/1/2712 2713/1/2713 
f 334/1/334 2712/1/2712 296/1/296 295/1/295 
f 375/1/375 2715/1/2715 2716/1/2716 374/1/374 
f 2717/1/2717 2716/1/2716 2715/1/2715 2718/1/2718 
f 2714/1/2714 2711/1/2711 2716/1/2716 2717/1/2717 
f 374/1/374 2716/1/2716 2711/1/2711 335/1/335 
f 2719/1/2719 2720/1/2720 2721/1/2721 2722/1/2722 
f 2715/1/2715 2721/1/2721 2720/1/2720 2718/1/2718 
f 375/1/375 1009/1/1009 2721/1/2721 2715/1/2715 
f 2722/1/2722 2721/1/2721 1009/1/1009 1008/1/1008 
f 2723/1/2723 2724/1/2724 2725/1/2725 2726/1/2726 
f 2722/1/2722 2725/1/2725 2724/1/2724 2719/1/2719 
f 1008/1/1008 1017/1/1017 2725/1/2725 2722/1/2722 
f 2726/1/2726 2725/1/2725 1017/1/1017 1016/1/1016 
f 2727/1/2727 2728/1/2728 2729/1/2729 
f 2668/1/2668 2667/1/2667 2730/1/2730 2729/1/2729 
f 2730/1/2730 2667/1/2667 2656/1/2656 
f 2654/1/2654 2649/1/2649 2727/1/2727 
f 2731/1/2731 2732/1/2732 2733/1/2733 2734/1/2734 
f 2732/1/2732 2728/1/2728 2727/1/2727 
f 2733/1/2733 2727/1/2727 2649/1/2649 
f 2734/1/2734 2733/1/2733 2646/1/2646 2644/1/2644 
f 2735/1/2735 2736/1/2736 2737/1/2737 2738/1/2738 
f 1012/1/1012 2737/1/2737 2736/1/2736 1016/1/1016 
f 1015/1/1015 2665/1/2665 2737/1/2737 1012/1/1012 
f 2738/1/2738 2737/1/2737 2665/1/2665 2664/1/2664 
f 2728/1/2728 2739/1/2739 2740/1/2740 2729/1/2729 
f 2738/1/2738 2740/1/2740 2739/1/2739 2735/1/2735 
f 2664/1/2664 2669/1/2669 2740/1/2740 2738/1/2738 
f 2729/1/2729 2740/1/2740 2669/1/2669 2668/1/2668 
f 2741/1/2741 2742/1/2742 2743/1/2743 2744/1/2744 
f 2726/1/2726 2743/1/2743 2742/1/2742 2723/1/2723 
f 1016/1/1016 2736/1/2736 2743/1/2743 2726/1/2726 
f 2744/1/2744 2743/1/2743 2736/1/2736 2735/1/2735 
f 2640/1/2640 2745/1/2745 2746/1/2746 2643/1/2643 
f 2747/1/2747 2746/1/2746 2745/1/2745 2748/1/2748 
f 2731/1/2731 2734/1/2734 2746/1/2746 2747/1/2747 
f 2643/1/2643 2746/1/2746 2734/1/2734 2644/1/2644 
f 2749/1/2749 2732/1/2732 2731/1/2731 
f 2750/1/2750 2749/1/2749 2751/1/2751 2752/1/2752 
f 2735/1/2735 2739/1/2739 2749/1/2749 2750/1/2750 
f 2739/1/2739 2728/1/2728 2732/1/2732 
f 2752/1/2752 2753/1/2753 2754/1/2754 2750/1/2750 
f 2755/1/2755 2756/1/2756 2754/1/2754 2753/1/2753 
f 2744/1/2744 2754/1/2754 2756/1/2756 2741/1/2741 
f 2750/1/2750 2754/1/2754 2744/1/2744 2735/1/2735 
f 2638/1/2638 2757/1/2757 2745/1/2745 2640/1/2640 
f 2758/1/2758 2757/1/2757 2638/1/2638 2639/1/2639 
f 2748/1/2748 2745/1/2745 2757/1/2757 2758/1/2758 
f 2747/1/2747 2759/1/2759 2751/1/2751 2731/1/2731 
f 2748/1/2748 2760/1/2760 2759/1/2759 2747/1/2747 
f 2761/1/2761 2759/1/2759 2760/1/2760 2762/1/2762 
f 2752/1/2752 2751/1/2751 2759/1/2759 2761/1/2761 
f 2762/1/2762 2763/1/2763 2764/1/2764 2761/1/2761 
f 2765/1/2765 2764/1/2764 2763/1/2763 2766/1/2766 
f 2753/1/2753 2764/1/2764 2765/1/2765 2755/1/2755 
f 2761/1/2761 2764/1/2764 2753/1/2753 2752/1/2752 
f 2767/1/2767 2768/1/2768 2769/1/2769 2770/1/2770 
f 298/1/298 2769/1/2769 2768/1/2768 239/1/239 
f 299/1/299 2771/1/2771 2769/1/2769 298/1/298 
f 2770/1/2770 2769/1/2769 2771/1/2771 2772/1/2772 
f 239/1/239 2768/1/2768 2773/1/2773 238/1/238 
f 2774/1/2774 2773/1/2773 2768/1/2768 2767/1/2767 
f 2639/1/2639 2636/1/2636 2773/1/2773 2774/1/2774 
f 238/1/238 2773/1/2773 2636/1/2636 240/1/240 
f 2639/1/2639 2775/1/2775 2776/1/2776 2758/1/2758 
f 2777/1/2777 2776/1/2776 2775/1/2775 2778/1/2778 
f 2762/1/2762 2760/1/2760 2776/1/2776 2777/1/2777 
f 2758/1/2758 2776/1/2776 2760/1/2760 2748/1/2748 
f 2778/1/2778 2779/1/2779 2780/1/2780 2777/1/2777 
f 2781/1/2781 2780/1/2780 2779/1/2779 2782/1/2782 
f 2766/1/2766 2763/1/2763 2780/1/2780 2781/1/2781 
f 2777/1/2777 2780/1/2780 2763/1/2763 2762/1/2762 
f 2714/1/2714 2783/1/2783 2784/1/2784 2713/1/2713 
f 2785/1/2785 2784/1/2784 2783/1/2783 2786/1/2786 
f 2772/1/2772 2771/1/2771 2784/1/2784 2785/1/2785 
f 2713/1/2713 2784/1/2784 2771/1/2771 299/1/299 
f 2767/1/2767 2787/1/2787 2788/1/2788 2774/1/2774 
f 2789/1/2789 2788/1/2788 2787/1/2787 2790/1/2790 
f 2778/1/2778 2775/1/2775 2788/1/2788 2789/1/2789 
f 2774/1/2774 2788/1/2788 2775/1/2775 2639/1/2639 
f 2772/1/2772 2785/1/2785 2791/1/2791 2770/1/2770 
f 2792/1/2792 2791/1/2791 2785/1/2785 2786/1/2786 
f 2790/1/2790 2787/1/2787 2791/1/2791 2792/1/2792 
f 2770/1/2770 2791/1/2791 2787/1/2787 2767/1/2767 
f 2790/1/2790 2793/1/2793 2794/1/2794 2789/1/2789 
f 2795/1/2795 2794/1/2794 2793/1/2793 2796/1/2796 
f 2782/1/2782 2779/1/2779 2794/1/2794 2795/1/2795 
f 2789/1/2789 2794/1/2794 2779/1/2779 2778/1/2778 
f 2786/1/2786 2797/1/2797 2798/1/2798 2792/1/2792 
f 2799/1/2799 2798/1/2798 2797/1/2797 2800/1/2800 
f 2796/1/2796 2793/1/2793 2798/1/2798 2799/1/2799 
f 2792/1/2792 2798/1/2798 2793/1/2793 2790/1/2790 
f 2718/1/2718 2801/1/2801 2802/1/2802 2717/1/2717 
f 2803/1/2803 2802/1/2802 2801/1/2801 2804/1/2804 
f 2786/1/2786 2783/1/2783 2802/1/2802 2803/1/2803 
f 2717/1/2717 2802/1/2802 2783/1/2783 2714/1/2714 
f 2720/1/2720 2805/1/2805 2801/1/2801 2718/1/2718 
f 2806/1/2806 2805/1/2805 2720/1/2720 2719/1/2719 
f 2807/1/2807 2808/1/2808 2805/1/2805 2806/1/2806 
f 2804/1/2804 2801/1/2801 2805/1/2805 2808/1/2808 
f 2804/1/2804 2809/1/2809 2810/1/2810 2803/1/2803 
f 2811/1/2811 2810/1/2810 2809/1/2809 2812/1/2812 
f 2800/1/2800 2797/1/2797 2810/1/2810 2811/1/2811 
f 2803/1/2803 2810/1/2810 2797/1/2797 2786/1/2786 
f 2719/1/2719 2724/1/2724 2813/1/2813 2806/1/2806 
f 2814/1/2814 2813/1/2813 2724/1/2724 2723/1/2723 
f 2815/1/2815 2816/1/2816 2813/1/2813 2814/1/2814 
f 2806/1/2806 2813/1/2813 2816/1/2816 2807/1/2807 
f 2817/1/2817 2818/1/2818 2808/1/2808 2807/1/2807 
f 2819/1/2819 2820/1/2820 2818/1/2818 2817/1/2817 
f 2812/1/2812 2809/1/2809 2818/1/2818 2820/1/2820 
f 2808/1/2808 2818/1/2818 2809/1/2809 2804/1/2804 
f 2723/1/2723 2742/1/2742 2821/1/2821 2814/1/2814 
f 2822/1/2822 2821/1/2821 2742/1/2742 2741/1/2741 
f 2823/1/2823 2824/1/2824 2821/1/2821 2822/1/2822 
f 2814/1/2814 2821/1/2821 2824/1/2824 2815/1/2815 
f 2825/1/2825 2826/1/2826 2827/1/2827 2828/1/2828 
f 2817/1/2817 2827/1/2827 2826/1/2826 2819/1/2819 
f 2807/1/2807 2816/1/2816 2827/1/2827 2817/1/2817 
f 2828/1/2828 2827/1/2827 2816/1/2816 2815/1/2815 
f 2829/1/2829 2830/1/2830 2831/1/2831 2832/1/2832 
f 2822/1/2822 2831/1/2831 2830/1/2830 2823/1/2823 
f 2741/1/2741 2756/1/2756 2831/1/2831 2822/1/2822 
f 2832/1/2832 2831/1/2831 2756/1/2756 2755/1/2755 
f 2833/1/2833 2834/1/2834 2835/1/2835 2836/1/2836 
f 2832/1/2832 2835/1/2835 2834/1/2834 2829/1/2829 
f 2755/1/2755 2765/1/2765 2835/1/2835 2832/1/2832 
f 2766/1/2766 2836/1/2836 2835/1/2835 2765/1/2765 
f 2815/1/2815 2824/1/2824 2837/1/2837 2828/1/2828 
f 2838/1/2838 2837/1/2837 2824/1/2824 2823/1/2823 
f 2839/1/2839 2840/1/2840 2837/1/2837 2838/1/2838 
f 2828/1/2828 2837/1/2837 2840/1/2840 2825/1/2825 
f 2782/1/2782 2841/1/2841 2842/1/2842 2781/1/2781 
f 2843/1/2843 2842/1/2842 2841/1/2841 2844/1/2844 
f 2833/1/2833 2836/1/2836 2842/1/2842 2843/1/2843 
f 2781/1/2781 2842/1/2842 2836/1/2836 2766/1/2766 
f 2845/1/2845 2846/1/2846 2847/1/2847 
f 2838/1/2838 2845/1/2845 2848/1/2848 2839/1/2839 
f 2823/1/2823 2830/1/2830 2845/1/2845 2838/1/2838 
f 2846/1/2846 2845/1/2845 2830/1/2830 2829/1/2829 
f 2844/1/2844 2849/1/2849 2850/1/2850 2843/1/2843 
f 2846/1/2846 2850/1/2850 2849/1/2849 2847/1/2847 
f 2829/1/2829 2834/1/2834 2850/1/2850 2846/1/2846 
f 2843/1/2843 2850/1/2850 2834/1/2834 2833/1/2833 
f 2796/1/2796 2851/1/2851 2852/1/2852 2795/1/2795 
f 2853/1/2853 2852/1/2852 2851/1/2851 2854/1/2854 
f 2844/1/2844 2841/1/2841 2852/1/2852 2853/1/2853 
f 2795/1/2795 2852/1/2852 2841/1/2841 2782/1/2782 
f 2800/1/2800 2855/1/2855 2856/1/2856 2799/1/2799 
f 2857/1/2857 2856/1/2856 2855/1/2855 2858/1/2858 
f 2854/1/2854 2851/1/2851 2856/1/2856 2857/1/2857 
f 2799/1/2799 2856/1/2856 2851/1/2851 2796/1/2796 
f 2854/1/2854 2859/1/2859 2860/1/2860 2853/1/2853 
f 2849/1/2849 2860/1/2860 2859/1/2859 2847/1/2847 
f 2853/1/2853 2860/1/2860 2849/1/2849 2844/1/2844 
f 2858/1/2858 2861/1/2861 2862/1/2862 2857/1/2857 
f 2863/1/2863 2862/1/2862 2861/1/2861 2864/1/2864 
f 2847/1/2847 2859/1/2859 2862/1/2862 2863/1/2863 
f 2857/1/2857 2862/1/2862 2859/1/2859 2854/1/2854 
f 2863/1/2863 2865/1/2865 2848/1/2848 2847/1/2847 
f 2864/1/2864 2866/1/2866 2865/1/2865 2863/1/2863 
f 2867/1/2867 2868/1/2868 2865/1/2865 2866/1/2866 
f 2848/1/2848 2865/1/2865 2868/1/2868 2839/1/2839 
f 2869/1/2869 2870/1/2870 2866/1/2866 2864/1/2864 
f 2871/1/2871 2872/1/2872 2870/1/2870 2869/1/2869 
f 2873/1/2873 2874/1/2874 2870/1/2870 2872/1/2872 
f 2866/1/2866 2870/1/2870 2874/1/2874 2867/1/2867 
f 2839/1/2839 2868/1/2868 2875/1/2875 2840/1/2840 
f 2876/1/2876 2875/1/2875 2868/1/2868 2867/1/2867 
f 2877/1/2877 2875/1/2875 2876/1/2876 2878/1/2878 
f 2825/1/2825 2840/1/2840 2875/1/2875 2877/1/2877 
f 2878/1/2878 2879/1/2879 2880/1/2880 2877/1/2877 
f 2881/1/2881 2880/1/2880 2879/1/2879 2882/1/2882 
f 2819/1/2819 2826/1/2826 2880/1/2880 2881/1/2881 
f 2877/1/2877 2880/1/2880 2826/1/2826 2825/1/2825 
f 2883/1/2883 2884/1/2884 2885/1/2885 
f 2883/1/2883 2886/1/2886 2871/1/2871 
f 2864/1/2864 2861/1/2861 2883/1/2883 2869/1/2869 
f 2884/1/2884 2883/1/2883 2861/1/2861 2858/1/2858 
f 2812/1/2812 2887/1/2887 2888/1/2888 2811/1/2811 
f 2884/1/2884 2888/1/2888 2887/1/2887 2885/1/2885 
f 2858/1/2858 2855/1/2855 2888/1/2888 2884/1/2884 
f 2811/1/2811 2888/1/2888 2855/1/2855 2800/1/2800 
f 2882/1/2882 2889/1/2889 2890/1/2890 2881/1/2881 
f 2889/1/2889 2885/1/2885 2887/1/2887 2890/1/2890 
f 2820/1/2820 2890/1/2890 2887/1/2887 2812/1/2812 
f 2881/1/2881 2890/1/2890 2820/1/2820 2819/1/2819 
f 2891/1/2891 2892/1/2892 2893/1/2893 
f 2894/1/2894 2885/1/2885 2889/1/2889 
f 2891/1/2891 2889/1/2889 2882/1/2882 
f 2892/1/2892 2891/1/2891 2879/1/2879 2878/1/2878 
f 2871/1/2871 2886/1/2886 2895/1/2895 2872/1/2872 
f 2894/1/2894 2895/1/2895 2886/1/2886 2885/1/2885 
f 2893/1/2893 2896/1/2896 2895/1/2895 2894/1/2894 
f 2872/1/2872 2895/1/2895 2896/1/2896 2873/1/2873 
f 2873/1/2873 2896/1/2896 2897/1/2897 2874/1/2874 
f 2893/1/2893 2892/1/2892 2897/1/2897 2896/1/2896 
f 2878/1/2878 2876/1/2876 2897/1/2897 2892/1/2892 
f 2867/1/2867 2874/1/2874 2897/1/2897 2876/1/2876 
f 2898/1/2898 2899/1/2899 2900/1/2900 
f 1071/1/1071 2898/1/2898 2901/1/2901 1072/1/1072 
f 1068/1/1068 1084/1/1084 2898/1/2898 1071/1/1071 
f 2899/1/2899 2898/1/2898 1084/1/1084 1087/1/1087 
f 1170/1/1170 2902/1/2902 2903/1/2903 1171/1/1171 
f 2899/1/2899 2903/1/2903 2902/1/2902 2900/1/2900 
f 1166/1/1166 2903/1/2903 2899/1/2899 1087/1/1087 
f 1167/1/1167 1171/1/1171 2903/1/2903 1166/1/1166 
f 1176/1/1176 2904/1/2904 2905/1/2905 1177/1/1177 
f 2906/1/2906 2905/1/2905 2904/1/2904 2907/1/2907 
f 2900/1/2900 2902/1/2902 2905/1/2905 
f 1177/1/1177 2905/1/2905 2902/1/2902 1170/1/1170 
f 1032/1/1032 1073/1/1073 2908/1/2908 1039/1/1039 
f 2909/1/2909 2908/1/2908 1073/1/1073 1072/1/1072 
f 2910/1/2910 2911/1/2911 2908/1/2908 2909/1/2909 
f 1039/1/1039 2908/1/2908 2911/1/2911 1036/1/1036 
f 1072/1/1072 2901/1/2901 2912/1/2912 2909/1/2909 
f 2913/1/2913 2912/1/2912 2901/1/2901 2900/1/2900 
f 2914/1/2914 2915/1/2915 2912/1/2912 2913/1/2913 
f 2909/1/2909 2912/1/2912 2915/1/2915 2910/1/2910 
f 2907/1/2907 2916/1/2916 2917/1/2917 2906/1/2906 
f 2913/1/2913 2917/1/2917 2916/1/2916 2914/1/2914 
f 2917/1/2917 2913/1/2913 2900/1/2900 
f 1036/1/1036 2911/1/2911 2918/1/2918 1043/1/1043 
f 2919/1/2919 2918/1/2918 2911/1/2911 2910/1/2910 
f 2920/1/2920 2921/1/2921 2918/1/2918 2919/1/2919 
f 1043/1/1043 2918/1/2918 2921/1/2921 1040/1/1040 
f 1176/1/1176 1179/1/1179 2922/1/2922 2904/1/2904 
f 2923/1/2923 2922/1/2922 1179/1/1179 1178/1/1178 
f 2924/1/2924 2925/1/2925 2922/1/2922 2923/1/2923 
f 2907/1/2907 2904/1/2904 2922/1/2922 2925/1/2925 
f 2910/1/2910 2915/1/2915 2926/1/2926 2919/1/2919 
f 2927/1/2927 2926/1/2926 2915/1/2915 2914/1/2914 
f 2928/1/2928 2929/1/2929 2926/1/2926 2927/1/2927 
f 2929/1/2929 2920/1/2920 2919/1/2919 
f 2924/1/2924 2930/1/2930 2931/1/2931 2925/1/2925 
f 2927/1/2927 2931/1/2931 2930/1/2930 2928/1/2928 
f 2914/1/2914 2916/1/2916 2931/1/2931 2927/1/2927 
f 2925/1/2925 2931/1/2931 2916/1/2916 2907/1/2907 
f 2932/1/2932 2933/1/2933 2921/1/2921 2920/1/2920 
f 2932/1/2932 2934/1/2934 2935/1/2935 
f 1047/1/1047 1044/1/1044 2933/1/2933 2935/1/2935 
f 2933/1/2933 1044/1/1044 1040/1/1040 2921/1/2921 
f 1178/1/1178 1183/1/1183 2936/1/2936 2923/1/2923 
f 2937/1/2937 2936/1/2936 1183/1/1183 1182/1/1182 
f 2938/1/2938 2939/1/2939 2936/1/2936 2937/1/2937 
f 2923/1/2923 2936/1/2936 2939/1/2939 2924/1/2924 
f 2940/1/2940 2941/1/2941 2929/1/2929 2928/1/2928 
f 2942/1/2942 2941/1/2941 2940/1/2940 2943/1/2943 
f 2941/1/2941 2942/1/2942 2934/1/2934 
f 2941/1/2941 2932/1/2932 2920/1/2920 
f 2924/1/2924 2939/1/2939 2944/1/2944 2930/1/2930 
f 2945/1/2945 2944/1/2944 2939/1/2939 2938/1/2938 
f 2943/1/2943 2940/1/2940 2944/1/2944 2945/1/2945 
f 2928/1/2928 2930/1/2930 2944/1/2944 2940/1/2940 
f 2946/1/2946 2935/1/2935 2934/1/2934 
f 2947/1/2947 2946/1/2946 2948/1/2948 2949/1/2949 
f 1049/1/1049 1048/1/1048 2946/1/2946 2947/1/2947 
f 2935/1/2935 2946/1/2946 1048/1/1048 1047/1/1047 
f 2943/1/2943 2950/1/2950 2951/1/2951 2942/1/2942 
f 2952/1/2952 2951/1/2951 2950/1/2950 2953/1/2953 
f 2949/1/2949 2948/1/2948 2951/1/2951 2952/1/2952 
f 2942/1/2942 2951/1/2951 2948/1/2948 2934/1/2934 
f 2954/1/2954 2955/1/2955 2956/1/2956 2957/1/2957 
f 2658/1/2658 2956/1/2956 2955/1/2955 2623/1/2623 
f 2660/1/2660 2661/1/2661 2956/1/2956 2658/1/2658 
f 2957/1/2957 2956/1/2956 2661/1/2661 1055/1/1055 
f 2949/1/2949 2958/1/2958 2959/1/2959 2947/1/2947 
f 2958/1/2958 2954/1/2954 2957/1/2957 
f 1055/1/1055 1052/1/1052 2959/1/2959 2957/1/2957 
f 2947/1/2947 2959/1/2959 1052/1/1052 1049/1/1049 
f 2953/1/2953 2960/1/2960 2961/1/2961 2952/1/2952 
f 2962/1/2962 2961/1/2961 2960/1/2960 2963/1/2963 
f 2961/1/2961 2962/1/2962 2954/1/2954 
f 2952/1/2952 2961/1/2961 2958/1/2958 2949/1/2949 
f 1182/1/1182 1187/1/1187 2964/1/2964 2937/1/2937 
f 2965/1/2965 2964/1/2964 1187/1/1187 1186/1/1186 
f 2966/1/2966 2967/1/2967 2964/1/2964 2965/1/2965 
f 2937/1/2937 2964/1/2964 2967/1/2967 2938/1/2938 
f 2938/1/2938 2967/1/2967 2968/1/2968 2945/1/2945 
f 2969/1/2969 2968/1/2968 2967/1/2967 2966/1/2966 
f 2953/1/2953 2950/1/2950 2968/1/2968 2969/1/2969 
f 2945/1/2945 2968/1/2968 2950/1/2950 2943/1/2943 
f 2623/1/2623 2955/1/2955 2970/1/2970 2622/1/2622 
f 2971/1/2971 2970/1/2970 2955/1/2955 2954/1/2954 
f 2972/1/2972 2973/1/2973 2970/1/2970 2971/1/2971 
f 2622/1/2622 2970/1/2970 2973/1/2973 2595/1/2595 
f 2604/1/2604 2974/1/2974 2975/1/2975 2600/1/2600 
f 2976/1/2976 2975/1/2975 2974/1/2974 2977/1/2977 
f 1149/1/1149 2544/1/2544 2975/1/2975 2976/1/2976 
f 2600/1/2600 2975/1/2975 2544/1/2544 2543/1/2543 
f 2978/1/2978 2962/1/2962 2963/1/2963 
f 2979/1/2979 2980/1/2980 2981/1/2981 
f 2981/1/2981 2972/1/2972 2971/1/2971 
f 2971/1/2971 2954/1/2954 2962/1/2962 
f 2977/1/2977 2974/1/2974 2982/1/2982 2983/1/2983 
f 2608/1/2608 2982/1/2982 2974/1/2974 2604/1/2604 
f 2595/1/2595 2973/1/2973 2982/1/2982 2608/1/2608 
f 2983/1/2983 2982/1/2982 2973/1/2973 2972/1/2972 
f 2981/1/2981 2980/1/2980 2984/1/2984 2985/1/2985 
f 2983/1/2983 2985/1/2985 2984/1/2984 2977/1/2977 
f 2972/1/2972 2981/1/2981 2985/1/2985 2983/1/2983 
f 1186/1/1186 2986/1/2986 2987/1/2987 2965/1/2965 
f 2984/1/2984 2987/1/2987 2986/1/2986 2977/1/2977 
f 2980/1/2980 2988/1/2988 2987/1/2987 2984/1/2984 
f 2965/1/2965 2987/1/2987 2988/1/2988 2966/1/2966 
f 1143/1/1143 1150/1/1150 2989/1/2989 1189/1/1189 
f 2976/1/2976 2989/1/2989 1150/1/1150 1149/1/1149 
f 2977/1/2977 2986/1/2986 2989/1/2989 2976/1/2976 
f 1189/1/1189 2989/1/2989 2986/1/2986 1186/1/1186 
f 2966/1/2966 2988/1/2988 2990/1/2990 2969/1/2969 
f 2979/1/2979 2990/1/2990 2988/1/2988 2980/1/2980 
f 2963/1/2963 2960/1/2960 2990/1/2990 2979/1/2979 
f 2969/1/2969 2990/1/2990 2960/1/2960 2953/1/2953 
f 2991/1/2991 2992/1/2992 1349/1/1349 1348/1/1348 
f 2993/1/2993 2992/1/2992 2991/1/2991 2994/1/2994 
f 2995/1/2995 2996/1/2996 2992/1/2992 2993/1/2993 
f 1349/1/1349 2992/1/2992 2996/1/2996 1353/1/1353 
f 2997/1/2997 2991/1/2991 1348/1/1348 
f 1355/1/1355 1354/1/1354 2998/1/2998 
f 2999/1/2999 3000/1/3000 2997/1/2997 2998/1/2998 
f 2994/1/2994 2991/1/2991 2997/1/2997 3000/1/3000 
f 2994/1/2994 3000/1/3000 3001/1/3001 2993/1/2993 
f 3002/1/3002 3001/1/3001 3000/1/3000 2999/1/2999 
f 3003/1/3003 3004/1/3004 3001/1/3001 3002/1/3002 
f 2993/1/2993 3001/1/3001 3004/1/3004 2995/1/2995 
f 3005/1/3005 3006/1/3006 1361/1/1361 1360/1/1360 
f 3007/1/3007 3006/1/3006 3005/1/3005 3008/1/3008 
f 2998/1/2998 3006/1/3006 3007/1/3007 2999/1/2999 
f 1354/1/1354 1361/1/1361 3006/1/3006 2998/1/2998 
f 1364/1/1364 1395/1/1395 3009/1/3009 1365/1/1365 
f 3010/1/3010 3009/1/3009 1395/1/1395 1399/1/1399 
f 3008/1/3008 3005/1/3005 3009/1/3009 3010/1/3010 
f 3005/1/3005 1360/1/1360 1365/1/1365 
f 1399/1/1399 3011/1/3011 3012/1/3012 3010/1/3010 
f 3011/1/3011 3013/1/3013 3014/1/3014 
f 3015/1/3015 3016/1/3016 3012/1/3012 3014/1/3014 
f 3010/1/3010 3012/1/3012 3016/1/3016 3008/1/3008 
f 3017/1/3017 2380/1/2380 2379/1/2379 
f 3011/1/3011 3017/1/3017 3018/1/3018 3013/1/3013 
f 1399/1/1399 1398/1/1398 3017/1/3017 3011/1/3011 
f 2380/1/2380 3017/1/3017 1398/1/1398 1397/1/1397 
f 2442/1/2442 3019/1/3019 3020/1/3020 2441/1/2441 
f 3018/1/3018 3020/1/3020 3019/1/3019 3013/1/3013 
f 2379/1/2379 2434/1/2434 3020/1/3020 3018/1/3018 
f 2441/1/2441 3020/1/3020 2434/1/2434 2433/1/2433 
f 2999/1/2999 3007/1/3007 3021/1/3021 3002/1/3002 
f 3008/1/3008 3016/1/3016 3021/1/3021 3007/1/3007 
f 3015/1/3015 3022/1/3022 3021/1/3021 3016/1/3016 
f 3002/1/3002 3021/1/3021 3022/1/3022 3003/1/3003 
f 3023/1/3023 3024/1/3024 3025/1/3025 3026/1/3026 
f 3027/1/3027 3028/1/3028 3025/1/3025 3024/1/3024 
f 3029/1/3029 3030/1/3030 3025/1/3025 3028/1/3028 
f 3026/1/3026 3025/1/3025 3030/1/3030 3031/1/3031 
f 3032/1/3032 3033/1/3033 3034/1/3034 3035/1/3035 
f 3030/1/3030 3034/1/3034 3033/1/3033 3031/1/3031 
f 3036/1/3036 3034/1/3034 3030/1/3030 3029/1/3029 
f 3036/1/3036 3037/1/3037 3035/1/3035 
f 3038/1/3038 3039/1/3039 3040/1/3040 3041/1/3041 
f 3026/1/3026 3040/1/3040 3039/1/3039 3023/1/3023 
f 3031/1/3031 3042/1/3042 3040/1/3040 3026/1/3026 
f 3043/1/3043 3041/1/3041 3040/1/3040 3042/1/3042 
f 3032/1/3032 3044/1/3044 3045/1/3045 3033/1/3033 
f 3046/1/3046 3045/1/3045 3044/1/3044 3047/1/3047 
f 3043/1/3043 3042/1/3042 3045/1/3045 3046/1/3046 
f 3031/1/3031 3033/1/3033 3045/1/3045 3042/1/3042 
f 3047/1/3047 3044/1/3044 3048/1/3048 3049/1/3049 
f 3035/1/3035 3048/1/3048 3044/1/3044 3032/1/3032 
f 3037/1/3037 3050/1/3050 3048/1/3048 3035/1/3035 
f 3049/1/3049 3048/1/3048 3050/1/3050 3051/1/3051 
f 3027/1/3027 3052/1/3052 3053/1/3053 3054/1/3054 
f 3055/1/3055 3053/1/3053 3052/1/3052 3056/1/3056 
f 3057/1/3057 3058/1/3058 3053/1/3053 3055/1/3055 
f 3054/1/3054 3053/1/3053 3058/1/3058 3059/1/3059 
f 3029/1/3029 3028/1/3028 3060/1/3060 3061/1/3061 
f 3054/1/3054 3060/1/3060 3028/1/3028 3027/1/3027 
f 3059/1/3059 3062/1/3062 3060/1/3060 3054/1/3054 
f 3061/1/3061 3060/1/3060 3062/1/3062 3063/1/3063 
f 3064/1/3064 3036/1/3036 3029/1/3029 
f 3065/1/3065 3064/1/3064 3061/1/3061 3063/1/3063 
f 3066/1/3066 3067/1/3067 3064/1/3064 3065/1/3065 
f 3036/1/3036 3064/1/3064 3067/1/3067 3037/1/3037 
f 3068/1/3068 3069/1/3069 3051/1/3051 
f 3050/1/3050 3037/1/3037 3067/1/3067 
f 3070/1/3070 3068/1/3068 3067/1/3067 3066/1/3066 
f 3069/1/3069 3068/1/3068 3070/1/3070 3071/1/3071 
f 3072/1/3072 3073/1/3073 3074/1/3074 3075/1/3075 
f 3046/1/3046 3074/1/3074 3073/1/3073 3043/1/3043 
f 3047/1/3047 3076/1/3076 3074/1/3074 3046/1/3046 
f 3075/1/3075 3074/1/3074 3076/1/3076 3077/1/3077 
f 3051/1/3051 3078/1/3078 3079/1/3079 3049/1/3049 
f 3078/1/3078 3080/1/3080 3081/1/3081 
f 3079/1/3079 3081/1/3081 3077/1/3077 
f 3049/1/3049 3079/1/3079 3076/1/3076 3047/1/3047 
f 3069/1/3069 3071/1/3071 3082/1/3082 
f 3083/1/3083 3082/1/3082 3084/1/3084 
f 3078/1/3078 3083/1/3083 3085/1/3085 3080/1/3080 
f 3078/1/3078 3051/1/3051 3069/1/3069 
f 3084/1/3084 3082/1/3082 3086/1/3086 3087/1/3087 
f 3082/1/3082 3071/1/3071 3088/1/3088 
f 3089/1/3089 3086/1/3086 3088/1/3088 3090/1/3090 
f 3087/1/3087 3086/1/3086 3089/1/3089 3091/1/3091 
f 3091/1/3091 3089/1/3089 3092/1/3092 3093/1/3093 
f 3090/1/3090 3094/1/3094 3092/1/3092 3089/1/3089 
f 3095/1/3095 3096/1/3096 3092/1/3092 3094/1/3094 
f 3097/1/3097 3093/1/3093 3092/1/3092 3096/1/3096 
f 3098/1/3098 3099/1/3099 3100/1/3100 3101/1/3101 
f 3096/1/3096 3100/1/3100 3099/1/3099 3097/1/3097 
f 3102/1/3102 3100/1/3100 3096/1/3096 3095/1/3095 
f 3101/1/3101 3100/1/3100 3102/1/3102 3103/1/3103 
f 3104/1/3104 3105/1/3105 3106/1/3106 3107/1/3107 
f 3108/1/3108 3109/1/3109 3106/1/3106 3105/1/3105 
f 3110/1/3110 3106/1/3106 3109/1/3109 3111/1/3111 
f 3107/1/3107 3106/1/3106 3110/1/3110 3057/1/3057 
f 3059/1/3059 3058/1/3058 3112/1/3112 3113/1/3113 
f 3110/1/3110 3112/1/3112 3058/1/3058 3057/1/3057 
f 3111/1/3111 3114/1/3114 3112/1/3112 3110/1/3110 
f 3113/1/3113 3112/1/3112 3114/1/3114 3115/1/3115 
f 3116/1/3116 3117/1/3117 3063/1/3063 
f 3113/1/3113 3116/1/3116 3062/1/3062 3059/1/3059 
f 3115/1/3115 3118/1/3118 3116/1/3116 3113/1/3113 
f 3117/1/3117 3116/1/3116 3118/1/3118 3119/1/3119 
f 3063/1/3063 3117/1/3117 3120/1/3120 3065/1/3065 
f 3121/1/3121 3120/1/3120 3117/1/3117 3119/1/3119 
f 3122/1/3122 3123/1/3123 3120/1/3120 3121/1/3121 
f 3065/1/3065 3120/1/3120 3123/1/3123 3066/1/3066 
f 3066/1/3066 3123/1/3123 3124/1/3124 3070/1/3070 
f 3125/1/3125 3124/1/3124 3123/1/3123 3122/1/3122 
f 3126/1/3126 3127/1/3127 3124/1/3124 3125/1/3125 
f 3070/1/3070 3124/1/3124 3127/1/3127 3071/1/3071 
f 3090/1/3090 3088/1/3088 3128/1/3128 3129/1/3129 
f 3127/1/3127 3128/1/3128 3088/1/3088 3071/1/3071 
f 3126/1/3126 3130/1/3130 3128/1/3128 3127/1/3127 
f 3129/1/3129 3128/1/3128 3130/1/3130 3131/1/3131 
f 3094/1/3094 3132/1/3132 3133/1/3133 3095/1/3095 
f 3129/1/3129 3132/1/3132 3094/1/3094 3090/1/3090 
f 3131/1/3131 3134/1/3134 3132/1/3132 3129/1/3129 
f 3133/1/3133 3132/1/3132 3134/1/3134 3135/1/3135 
f 3095/1/3095 3133/1/3133 3136/1/3136 3102/1/3102 
f 3135/1/3135 3137/1/3137 3136/1/3136 3133/1/3133 
f 3138/1/3138 3136/1/3136 3137/1/3137 3139/1/3139 
f 3103/1/3103 3102/1/3102 3136/1/3136 3138/1/3138 
f 3108/1/3108 3140/1/3140 3141/1/3141 3109/1/3109 
f 3142/1/3142 3141/1/3141 3140/1/3140 3143/1/3143 
f 3144/1/3144 3145/1/3145 3141/1/3141 3142/1/3142 
f 3109/1/3109 3141/1/3141 3145/1/3145 3111/1/3111 
f 3145/1/3145 3146/1/3146 3114/1/3114 3111/1/3111 
f 3147/1/3147 3146/1/3146 3145/1/3145 3144/1/3144 
f 3148/1/3148 3149/1/3149 3146/1/3146 3147/1/3147 
f 3115/1/3115 3114/1/3114 3146/1/3146 3149/1/3149 
f 3150/1/3150 3151/1/3151 3152/1/3152 3153/1/3153 
f 3119/1/3119 3118/1/3118 3152/1/3152 3151/1/3151 
f 3149/1/3149 3152/1/3152 3118/1/3118 3115/1/3115 
f 3153/1/3153 3152/1/3152 3149/1/3149 3148/1/3148 
f 3153/1/3153 3154/1/3154 3155/1/3155 3150/1/3150 
f 3156/1/3156 3154/1/3154 3153/1/3153 3148/1/3148 
f 3154/1/3154 3156/1/3156 3157/1/3157 
f 3158/1/3158 3159/1/3159 3160/1/3160 3161/1/3161 
f 3121/1/3121 3160/1/3160 3159/1/3159 3122/1/3122 
f 3119/1/3119 3151/1/3151 3160/1/3160 3121/1/3121 
f 3161/1/3161 3160/1/3160 3151/1/3151 3150/1/3150 
f 3126/1/3126 3125/1/3125 3162/1/3162 3163/1/3163 
f 3159/1/3159 3162/1/3162 3125/1/3125 3122/1/3122 
f 3164/1/3164 3162/1/3162 3159/1/3159 3158/1/3158 
f 3165/1/3165 3163/1/3163 3162/1/3162 3164/1/3164 
f 3131/1/3131 3130/1/3130 3166/1/3166 3167/1/3167 
f 3163/1/3163 3166/1/3166 3130/1/3130 3126/1/3126 
f 3168/1/3168 3166/1/3166 3163/1/3163 3165/1/3165 
f 3169/1/3169 3167/1/3167 3166/1/3166 3168/1/3168 
f 3170/1/3170 3171/1/3171 3172/1/3172 3173/1/3173 
f 3135/1/3135 3134/1/3134 3172/1/3172 3171/1/3171 
f 3167/1/3167 3172/1/3172 3134/1/3134 3131/1/3131 
f 3173/1/3173 3172/1/3172 3167/1/3167 3169/1/3169 
f 3174/1/3174 3175/1/3175 3176/1/3176 3177/1/3177 
f 3175/1/3175 3077/1/3077 3081/1/3081 
f 3080/1/3080 3178/1/3178 3176/1/3176 3081/1/3081 
f 3177/1/3177 3176/1/3176 3178/1/3178 3179/1/3179 
f 3180/1/3180 3181/1/3181 3182/1/3182 3183/1/3183 
f 3177/1/3177 3182/1/3182 3181/1/3181 3174/1/3174 
f 3179/1/3179 3184/1/3184 3182/1/3182 3177/1/3177 
f 3183/1/3183 3182/1/3182 3184/1/3184 3185/1/3185 
f 3179/1/3179 3178/1/3178 3186/1/3186 3187/1/3187 
f 3085/1/3085 3186/1/3186 3178/1/3178 3080/1/3080 
f 3084/1/3084 3188/1/3188 3186/1/3186 3085/1/3085 
f 3187/1/3187 3186/1/3186 3188/1/3188 3189/1/3189 
f 3185/1/3185 3184/1/3184 3190/1/3190 3191/1/3191 
f 3187/1/3187 3190/1/3190 3184/1/3184 3179/1/3179 
f 3189/1/3189 3192/1/3192 3190/1/3190 3187/1/3187 
f 3191/1/3191 3190/1/3190 3192/1/3192 3193/1/3193 
f 3194/1/3194 3195/1/3195 3196/1/3196 3197/1/3197 
f 3191/1/3191 3196/1/3196 3195/1/3195 3185/1/3185 
f 3193/1/3193 3198/1/3198 3196/1/3196 3191/1/3191 
f 3197/1/3197 3196/1/3196 3198/1/3198 3199/1/3199 
f 3189/1/3189 3188/1/3188 3200/1/3200 3201/1/3201 
f 3087/1/3087 3200/1/3200 3188/1/3188 3084/1/3084 
f 3091/1/3091 3202/1/3202 3200/1/3200 3087/1/3087 
f 3201/1/3201 3200/1/3200 3202/1/3202 3203/1/3203 
f 3204/1/3204 3205/1/3205 3206/1/3206 3207/1/3207 
f 3208/1/3208 3206/1/3206 3205/1/3205 3209/1/3209 
f 3199/1/3199 3198/1/3198 3206/1/3206 3208/1/3208 
f 3207/1/3207 3206/1/3206 3198/1/3198 3193/1/3193 
f 3193/1/3193 3192/1/3192 3210/1/3210 3207/1/3207 
f 3201/1/3201 3210/1/3210 3192/1/3192 3189/1/3189 
f 3203/1/3203 3211/1/3211 3210/1/3210 3201/1/3201 
f 3207/1/3207 3210/1/3210 3211/1/3211 3204/1/3204 
f 3203/1/3203 3202/1/3202 3212/1/3212 3213/1/3213 
f 3093/1/3093 3212/1/3212 3202/1/3202 3091/1/3091 
f 3097/1/3097 3214/1/3214 3212/1/3212 3093/1/3093 
f 3214/1/3214 3215/1/3215 3213/1/3213 
f 3216/1/3216 3217/1/3217 3215/1/3215 
f 3099/1/3099 3216/1/3216 3214/1/3214 3097/1/3097 
f 3098/1/3098 3218/1/3218 3216/1/3216 3099/1/3099 
f 3217/1/3217 3216/1/3216 3218/1/3218 3219/1/3219 
f 3204/1/3204 3211/1/3211 3220/1/3220 3221/1/3221 
f 3213/1/3213 3220/1/3220 3211/1/3211 3203/1/3203 
f 3215/1/3215 3222/1/3222 3220/1/3220 3213/1/3213 
f 3221/1/3221 3220/1/3220 3222/1/3222 3223/1/3223 
f 3209/1/3209 3205/1/3205 3224/1/3224 3225/1/3225 
f 3221/1/3221 3224/1/3224 3205/1/3205 3204/1/3204 
f 3223/1/3223 3226/1/3226 3224/1/3224 3221/1/3221 
f 3225/1/3225 3224/1/3224 3226/1/3226 3227/1/3227 
f 3223/1/3223 3222/1/3222 3228/1/3228 3229/1/3229 
f 3217/1/3217 3228/1/3228 3222/1/3222 3215/1/3215 
f 3219/1/3219 3230/1/3230 3228/1/3228 3217/1/3217 
f 3229/1/3229 3228/1/3228 3230/1/3230 3231/1/3231 
f 3227/1/3227 3226/1/3226 3232/1/3232 3233/1/3233 
f 3229/1/3229 3232/1/3232 3226/1/3226 3223/1/3223 
f 3231/1/3231 3234/1/3234 3232/1/3232 3229/1/3229 
f 3233/1/3233 3232/1/3232 3234/1/3234 3235/1/3235 
f 3231/1/3231 3230/1/3230 3236/1/3236 3237/1/3237 
f 3238/1/3238 3236/1/3236 3230/1/3230 3219/1/3219 
f 3239/1/3239 3240/1/3240 3236/1/3236 3238/1/3238 
f 3237/1/3237 3236/1/3236 3240/1/3240 3241/1/3241 
f 3235/1/3235 3234/1/3234 3242/1/3242 3243/1/3243 
f 3237/1/3237 3242/1/3242 3234/1/3234 3231/1/3231 
f 3241/1/3241 3244/1/3244 3242/1/3242 3237/1/3237 
f 3243/1/3243 3242/1/3242 3244/1/3244 3245/1/3245 
f 3245/1/3245 3244/1/3244 3246/1/3246 3247/1/3247 
f 3248/1/3248 3246/1/3246 3244/1/3244 3241/1/3241 
f 3249/1/3249 3250/1/3250 3246/1/3246 3248/1/3248 
f 3247/1/3247 3246/1/3246 3250/1/3250 3251/1/3251 
f 3252/1/3252 3253/1/3253 3254/1/3254 3255/1/3255 
f 3256/1/3256 3254/1/3254 3253/1/3253 3257/1/3257 
f 3251/1/3251 3250/1/3250 3254/1/3254 3256/1/3256 
f 3255/1/3255 3254/1/3254 3250/1/3250 3249/1/3249 
f 3257/1/3257 3253/1/3253 3258/1/3258 3259/1/3259 
f 3260/1/3260 3258/1/3258 3253/1/3253 3252/1/3252 
f 3261/1/3261 3262/1/3262 3258/1/3258 3260/1/3260 
f 3259/1/3259 3258/1/3258 3262/1/3262 3263/1/3263 
f 3157/1/3157 3264/1/3264 3265/1/3265 3155/1/3155 
f 3266/1/3266 3265/1/3265 3264/1/3264 3267/1/3267 
f 3268/1/3268 3269/1/3269 3265/1/3265 3266/1/3266 
f 3155/1/3155 3265/1/3265 3269/1/3269 3150/1/3150 
f 3269/1/3269 3270/1/3270 3161/1/3161 3150/1/3150 
f 3271/1/3271 3270/1/3270 3269/1/3269 3268/1/3268 
f 3272/1/3272 3273/1/3273 3270/1/3270 3271/1/3271 
f 3161/1/3161 3270/1/3270 3273/1/3273 3158/1/3158 
f 3158/1/3158 3273/1/3273 3274/1/3274 3164/1/3164 
f 3275/1/3275 3274/1/3274 3273/1/3273 3272/1/3272 
f 3276/1/3276 3277/1/3277 3274/1/3274 3275/1/3275 
f 3164/1/3164 3274/1/3274 3277/1/3277 3165/1/3165 
f 3165/1/3165 3277/1/3277 3278/1/3278 3168/1/3168 
f 3279/1/3279 3278/1/3278 3277/1/3277 3276/1/3276 
f 3280/1/3280 3281/1/3281 3278/1/3278 3279/1/3279 
f 3168/1/3168 3278/1/3278 3281/1/3281 3169/1/3169 
f 3276/1/3276 3282/1/3282 3283/1/3283 3279/1/3279 
f 3284/1/3284 3283/1/3283 3282/1/3282 3285/1/3285 
f 3286/1/3286 3287/1/3287 3283/1/3283 3284/1/3284 
f 3279/1/3279 3283/1/3283 3287/1/3287 3280/1/3280 
f 3288/1/3288 3289/1/3289 3290/1/3290 3291/1/3291 
f 3197/1/3197 3290/1/3290 3289/1/3289 3194/1/3194 
f 3199/1/3199 3292/1/3292 3290/1/3290 3197/1/3197 
f 3291/1/3291 3290/1/3290 3292/1/3292 3293/1/3293 
f 3293/1/3293 3292/1/3292 3294/1/3294 3295/1/3295 
f 3208/1/3208 3294/1/3294 3292/1/3292 3199/1/3199 
f 3209/1/3209 3296/1/3296 3294/1/3294 3208/1/3208 
f 3295/1/3295 3294/1/3294 3296/1/3296 3297/1/3297 
f 3297/1/3297 3296/1/3296 3298/1/3298 3299/1/3299 
f 3225/1/3225 3298/1/3298 3296/1/3296 3209/1/3209 
f 3227/1/3227 3300/1/3300 3298/1/3298 3225/1/3225 
f 3299/1/3299 3298/1/3298 3300/1/3300 3301/1/3301 
f 3301/1/3301 3300/1/3300 3302/1/3302 3303/1/3303 
f 3233/1/3233 3302/1/3302 3300/1/3300 3227/1/3227 
f 3235/1/3235 3304/1/3304 3302/1/3302 3233/1/3233 
f 3303/1/3303 3302/1/3302 3304/1/3304 3305/1/3305 
f 3305/1/3305 3304/1/3304 3306/1/3306 3307/1/3307 
f 3243/1/3243 3306/1/3306 3304/1/3304 3235/1/3235 
f 3245/1/3245 3308/1/3308 3306/1/3306 3243/1/3243 
f 3307/1/3307 3306/1/3306 3308/1/3308 3309/1/3309 
f 3309/1/3309 3308/1/3308 3310/1/3310 3311/1/3311 
f 3247/1/3247 3310/1/3310 3308/1/3308 3245/1/3245 
f 3251/1/3251 3312/1/3312 3310/1/3310 3247/1/3247 
f 3311/1/3311 3310/1/3310 3312/1/3312 3313/1/3313 
f 3313/1/3313 3312/1/3312 3314/1/3314 3315/1/3315 
f 3256/1/3256 3314/1/3314 3312/1/3312 3251/1/3251 
f 3257/1/3257 3316/1/3316 3314/1/3314 3256/1/3256 
f 3315/1/3315 3314/1/3314 3316/1/3316 3317/1/3317 
f 3317/1/3317 3316/1/3316 3318/1/3318 3319/1/3319 
f 3259/1/3259 3318/1/3318 3316/1/3316 3257/1/3257 
f 3263/1/3263 3320/1/3320 3318/1/3318 3259/1/3259 
f 3319/1/3319 3318/1/3318 3320/1/3320 3321/1/3321 
f 3322/1/3322 3323/1/3323 3324/1/3324 3325/1/3325 
f 3326/1/3326 3324/1/3324 3323/1/3323 3327/1/3327 
f 3288/1/3288 3328/1/3328 3324/1/3324 3326/1/3326 
f 3325/1/3325 3324/1/3324 3328/1/3328 3329/1/3329 
f 3329/1/3329 3328/1/3328 3330/1/3330 3331/1/3331 
f 3291/1/3291 3330/1/3330 3328/1/3328 3288/1/3288 
f 3293/1/3293 3332/1/3332 3330/1/3330 3291/1/3291 
f 3331/1/3331 3330/1/3330 3332/1/3332 3333/1/3333 
f 3333/1/3333 3332/1/3332 3334/1/3334 3335/1/3335 
f 3295/1/3295 3334/1/3334 3332/1/3332 3293/1/3293 
f 3297/1/3297 3336/1/3336 3334/1/3334 3295/1/3295 
f 3335/1/3335 3334/1/3334 3336/1/3336 3337/1/3337 
f 3337/1/3337 3336/1/3336 3338/1/3338 3339/1/3339 
f 3299/1/3299 3338/1/3338 3336/1/3336 3297/1/3297 
f 3301/1/3301 3340/1/3340 3338/1/3338 3299/1/3299 
f 3339/1/3339 3338/1/3338 3340/1/3340 3341/1/3341 
f 3341/1/3341 3340/1/3340 3342/1/3342 3343/1/3343 
f 3303/1/3303 3342/1/3342 3340/1/3340 3301/1/3301 
f 3305/1/3305 3344/1/3344 3342/1/3342 3303/1/3303 
f 3343/1/3343 3342/1/3342 3344/1/3344 3345/1/3345 
f 3345/1/3345 3344/1/3344 3346/1/3346 3347/1/3347 
f 3307/1/3307 3346/1/3346 3344/1/3344 3305/1/3305 
f 3309/1/3309 3348/1/3348 3346/1/3346 3307/1/3307 
f 3347/1/3347 3346/1/3346 3348/1/3348 3349/1/3349 
f 3349/1/3349 3348/1/3348 3350/1/3350 3351/1/3351 
f 3311/1/3311 3350/1/3350 3348/1/3348 3309/1/3309 
f 3313/1/3313 3352/1/3352 3350/1/3350 3311/1/3311 
f 3351/1/3351 3350/1/3350 3352/1/3352 3353/1/3353 
f 3353/1/3353 3352/1/3352 3354/1/3354 3355/1/3355 
f 3315/1/3315 3354/1/3354 3352/1/3352 3313/1/3313 
f 3317/1/3317 3356/1/3356 3354/1/3354 3315/1/3315 
f 3355/1/3355 3354/1/3354 3356/1/3356 3357/1/3357 
f 3358/1/3358 3359/1/3359 3360/1/3360 3361/1/3361 
f 3362/1/3362 3360/1/3360 3359/1/3359 3363/1/3363 
f 3322/1/3322 3364/1/3364 3360/1/3360 3362/1/3362 
f 3361/1/3361 3360/1/3360 3364/1/3364 3365/1/3365 
f 3365/1/3365 3364/1/3364 3366/1/3366 3367/1/3367 
f 3325/1/3325 3366/1/3366 3364/1/3364 3322/1/3322 
f 3329/1/3329 3368/1/3368 3366/1/3366 3325/1/3325 
f 3367/1/3367 3366/1/3366 3368/1/3368 3369/1/3369 
f 3369/1/3369 3368/1/3368 3370/1/3370 3371/1/3371 
f 3331/1/3331 3370/1/3370 3368/1/3368 3329/1/3329 
f 3333/1/3333 3372/1/3372 3370/1/3370 3331/1/3331 
f 3371/1/3371 3370/1/3370 3372/1/3372 3373/1/3373 
f 3373/1/3373 3372/1/3372 3374/1/3374 3375/1/3375 
f 3335/1/3335 3374/1/3374 3372/1/3372 3333/1/3333 
f 3337/1/3337 3376/1/3376 3374/1/3374 3335/1/3335 
f 3375/1/3375 3374/1/3374 3376/1/3376 3377/1/3377 
f 3377/1/3377 3376/1/3376 3378/1/3378 3379/1/3379 
f 3339/1/3339 3378/1/3378 3376/1/3376 3337/1/3337 
f 3341/1/3341 3380/1/3380 3378/1/3378 3339/1/3339 
f 3379/1/3379 3378/1/3378 3380/1/3380 3381/1/3381 
f 3381/1/3381 3380/1/3380 3382/1/3382 3383/1/3383 
f 3343/1/3343 3382/1/3382 3380/1/3380 3341/1/3341 
f 3345/1/3345 3384/1/3384 3382/1/3382 3343/1/3343 
f 3383/1/3383 3382/1/3382 3384/1/3384 3385/1/3385 
f 3385/1/3385 3384/1/3384 3386/1/3386 3387/1/3387 
f 3347/1/3347 3386/1/3386 3384/1/3384 3345/1/3345 
f 3349/1/3349 3388/1/3388 3386/1/3386 3347/1/3347 
f 3387/1/3387 3386/1/3386 3388/1/3388 3389/1/3389 
f 3389/1/3389 3388/1/3388 3390/1/3390 3391/1/3391 
f 3351/1/3351 3390/1/3390 3388/1/3388 3349/1/3349 
f 3353/1/3353 3392/1/3392 3390/1/3390 3351/1/3351 
f 3391/1/3391 3390/1/3390 3392/1/3392 3393/1/3393 
f 3393/1/3393 3392/1/3392 3394/1/3394 3395/1/3395 
f 3355/1/3355 3394/1/3394 3392/1/3392 3353/1/3353 
f 3357/1/3357 3396/1/3396 3394/1/3394 3355/1/3355 
f 3395/1/3395 3394/1/3394 3396/1/3396 3397/1/3397 
f 3398/1/3398 3399/1/3399 3400/1/3400 3401/1/3401 
f 3107/1/3107 3399/1/3399 3398/1/3398 3104/1/3104 
f 3057/1/3057 3402/1/3402 3399/1/3399 3107/1/3107 
f 3400/1/3400 3399/1/3399 3402/1/3402 3403/1/3403 
f 3404/1/3404 3405/1/3405 3056/1/3056 
f 3052/1/3052 3027/1/3027 3024/1/3024 
f 3023/1/3023 3406/1/3406 3404/1/3404 3024/1/3024 
f 3405/1/3405 3404/1/3404 3406/1/3406 3407/1/3407 
f 3023/1/3023 3039/1/3039 3408/1/3408 3406/1/3406 
f 3409/1/3409 3408/1/3408 3039/1/3039 3038/1/3038 
f 3410/1/3410 3411/1/3411 3408/1/3408 3409/1/3409 
f 3406/1/3406 3408/1/3408 3411/1/3411 3407/1/3407 
f 3410/1/3410 3412/1/3412 3413/1/3413 3411/1/3411 
f 3414/1/3414 3413/1/3413 3412/1/3412 3415/1/3415 
f 3416/1/3416 3417/1/3417 3413/1/3413 3414/1/3414 
f 3417/1/3417 3407/1/3407 3411/1/3411 
f 3403/1/3403 3402/1/3402 3418/1/3418 3419/1/3419 
f 3055/1/3055 3418/1/3418 3402/1/3402 3057/1/3057 
f 3056/1/3056 3405/1/3405 3418/1/3418 3055/1/3055 
f 3419/1/3419 3418/1/3418 3405/1/3405 3407/1/3407 
f 3416/1/3416 3420/1/3420 3421/1/3421 3417/1/3417 
f 3420/1/3420 3403/1/3403 3419/1/3419 
f 3419/1/3419 3407/1/3407 3417/1/3417 
f 3422/1/3422 3423/1/3423 3424/1/3424 3425/1/3425 
f 3426/1/3426 3424/1/3424 3423/1/3423 3427/1/3427 
f 3428/1/3428 3429/1/3429 3424/1/3424 3426/1/3426 
f 3425/1/3425 3424/1/3424 3429/1/3429 3430/1/3430 
f 3430/1/3430 3429/1/3429 3431/1/3431 3432/1/3432 
f 3433/1/3433 3431/1/3431 3429/1/3429 3428/1/3428 
f 3434/1/3434 3435/1/3435 3431/1/3431 3433/1/3433 
f 3432/1/3432 3431/1/3431 3435/1/3435 3436/1/3436 
f 3437/1/3437 3438/1/3438 3439/1/3439 3440/1/3440 
f 3441/1/3441 3439/1/3439 3438/1/3438 3442/1/3442 
f 3436/1/3436 3435/1/3435 3439/1/3439 3441/1/3441 
f 3440/1/3440 3439/1/3439 3435/1/3435 3434/1/3434 
f 3442/1/3442 3438/1/3438 3443/1/3443 3444/1/3444 
f 3445/1/3445 3443/1/3443 3438/1/3438 3437/1/3437 
f 3446/1/3446 3447/1/3447 3443/1/3443 3445/1/3445 
f 3444/1/3444 3443/1/3443 3447/1/3447 3448/1/3448 
f 3449/1/3449 3450/1/3450 3451/1/3451 3452/1/3452 
f 3453/1/3453 3451/1/3451 3450/1/3450 3448/1/3448 
f 3454/1/3454 3455/1/3455 3451/1/3451 3453/1/3453 
f 3452/1/3452 3451/1/3451 3455/1/3455 3456/1/3456 
f 3457/1/3457 3458/1/3458 3459/1/3459 3460/1/3460 
f 3458/1/3458 3454/1/3454 3453/1/3453 
f 3448/1/3448 3447/1/3447 3459/1/3459 3453/1/3453 
f 3460/1/3460 3459/1/3459 3447/1/3447 3446/1/3446 
f 3461/1/3461 3462/1/3462 3463/1/3463 3464/1/3464 
f 3398/1/3398 3463/1/3463 3462/1/3462 3104/1/3104 
f 3401/1/3401 3465/1/3465 3463/1/3463 3398/1/3398 
f 3464/1/3464 3463/1/3463 3465/1/3465 3466/1/3466 
f 3467/1/3467 3468/1/3468 3469/1/3469 3470/1/3470 
f 3105/1/3105 3469/1/3469 3468/1/3468 3108/1/3108 
f 3104/1/3104 3462/1/3462 3469/1/3469 3105/1/3105 
f 3470/1/3470 3469/1/3469 3462/1/3462 3461/1/3461 
f 3143/1/3143 3471/1/3471 3472/1/3472 3142/1/3142 
f 3473/1/3473 3472/1/3472 3471/1/3471 3474/1/3474 
f 3475/1/3475 3476/1/3476 3472/1/3472 3473/1/3473 
f 3142/1/3142 3472/1/3472 3476/1/3476 3144/1/3144 
f 3144/1/3144 3476/1/3476 3477/1/3477 3147/1/3147 
f 3478/1/3478 3477/1/3477 3476/1/3476 3475/1/3475 
f 3479/1/3479 3477/1/3477 3478/1/3478 3480/1/3480 
f 3147/1/3147 3477/1/3477 3479/1/3479 3148/1/3148 
f 3267/1/3267 3264/1/3264 3481/1/3481 3482/1/3482 
f 3156/1/3156 3481/1/3481 3264/1/3264 3157/1/3157 
f 3148/1/3148 3479/1/3479 3481/1/3481 3156/1/3156 
f 3482/1/3482 3481/1/3481 3479/1/3479 3480/1/3480 
f 3143/1/3143 3140/1/3140 3483/1/3483 3484/1/3484 
f 3468/1/3468 3483/1/3483 3140/1/3140 3108/1/3108 
f 3467/1/3467 3485/1/3485 3483/1/3483 3468/1/3468 
f 3485/1/3485 3486/1/3486 3484/1/3484 
f 3487/1/3487 3488/1/3488 3489/1/3489 
f 3464/1/3464 3487/1/3487 3490/1/3490 3461/1/3461 
f 3466/1/3466 3491/1/3491 3487/1/3487 3464/1/3464 
f 3488/1/3488 3487/1/3487 3491/1/3491 3492/1/3492 
f 3486/1/3486 3485/1/3485 3493/1/3493 3494/1/3494 
f 3470/1/3470 3493/1/3493 3485/1/3485 3467/1/3467 
f 3461/1/3461 3490/1/3490 3493/1/3493 3470/1/3470 
f 3490/1/3490 3489/1/3489 3494/1/3494 
f 3474/1/3474 3471/1/3471 3495/1/3495 3496/1/3496 
f 3484/1/3484 3495/1/3495 3471/1/3471 3143/1/3143 
f 3484/1/3484 3486/1/3486 3496/1/3496 
f 3497/1/3497 3498/1/3498 3499/1/3499 3500/1/3500 
f 3473/1/3473 3499/1/3499 3498/1/3498 3475/1/3475 
f 3474/1/3474 3501/1/3501 3499/1/3499 3473/1/3473 
f 3500/1/3500 3499/1/3499 3501/1/3501 3502/1/3502 
f 3502/1/3502 3501/1/3501 3503/1/3503 3504/1/3504 
f 3496/1/3496 3503/1/3503 3501/1/3501 3474/1/3474 
f 3486/1/3486 3505/1/3505 3503/1/3503 3496/1/3496 
f 3504/1/3504 3503/1/3503 3505/1/3505 3506/1/3506 
f 3507/1/3507 3508/1/3508 3506/1/3506 
f 3505/1/3505 3486/1/3486 3494/1/3494 
f 3507/1/3507 3494/1/3494 3489/1/3489 
f 3509/1/3509 3510/1/3510 3508/1/3508 
f 3511/1/3511 3512/1/3512 3510/1/3510 
f 3489/1/3489 3513/1/3513 3511/1/3511 3509/1/3509 
f 3512/1/3512 3511/1/3511 3513/1/3513 3514/1/3514 
f 3515/1/3515 3516/1/3516 3514/1/3514 
f 3488/1/3488 3515/1/3515 3513/1/3513 3489/1/3489 
f 3492/1/3492 3517/1/3517 3515/1/3515 3488/1/3488 
f 3517/1/3517 3518/1/3518 3516/1/3516 
f 3519/1/3519 3520/1/3520 3521/1/3521 3522/1/3522 
f 3512/1/3512 3521/1/3521 3520/1/3520 3510/1/3510 
f 3521/1/3521 3512/1/3512 3514/1/3514 
f 3523/1/3523 3524/1/3524 3522/1/3522 
f 3525/1/3525 3526/1/3526 3527/1/3527 3528/1/3528 
f 3508/1/3508 3527/1/3527 3526/1/3526 3506/1/3506 
f 3510/1/3510 3520/1/3520 3527/1/3527 3508/1/3508 
f 3528/1/3528 3527/1/3527 3520/1/3520 3519/1/3519 
f 3529/1/3529 3530/1/3530 3531/1/3531 3532/1/3532 
f 3504/1/3504 3531/1/3531 3530/1/3530 3502/1/3502 
f 3506/1/3506 3526/1/3526 3531/1/3531 3504/1/3504 
f 3532/1/3532 3531/1/3531 3526/1/3526 3525/1/3525 
f 3533/1/3533 3534/1/3534 3535/1/3535 3536/1/3536 
f 3497/1/3497 3500/1/3500 3534/1/3534 3533/1/3533 
f 3502/1/3502 3530/1/3530 3534/1/3534 3500/1/3500 
f 3535/1/3535 3534/1/3534 3530/1/3530 3529/1/3529 
f 3537/1/3537 3538/1/3538 3539/1/3539 3540/1/3540 
f 3517/1/3517 3539/1/3539 3538/1/3538 3518/1/3518 
f 3541/1/3541 3539/1/3539 3517/1/3517 3492/1/3492 
f 3540/1/3540 3539/1/3539 3541/1/3541 3542/1/3542 
f 3427/1/3427 3543/1/3543 3544/1/3544 3426/1/3426 
f 3545/1/3545 3544/1/3544 3543/1/3543 3546/1/3546 
f 3547/1/3547 3548/1/3548 3544/1/3544 3545/1/3545 
f 3426/1/3426 3544/1/3544 3548/1/3548 3428/1/3428 
f 3549/1/3549 3550/1/3550 3551/1/3551 3552/1/3552 
f 3540/1/3540 3551/1/3551 3550/1/3550 3537/1/3537 
f 3542/1/3542 3553/1/3553 3551/1/3551 3540/1/3540 
f 3552/1/3552 3551/1/3551 3553/1/3553 3554/1/3554 
f 3546/1/3546 3555/1/3555 3556/1/3556 3545/1/3545 
f 3552/1/3552 3556/1/3556 3555/1/3555 3549/1/3549 
f 3554/1/3554 3557/1/3557 3556/1/3556 3552/1/3552 
f 3545/1/3545 3556/1/3556 3557/1/3557 3547/1/3547 
f 3492/1/3492 3491/1/3491 3558/1/3558 3541/1/3541 
f 3559/1/3559 3558/1/3558 3491/1/3491 3466/1/3466 
f 3560/1/3560 3561/1/3561 3558/1/3558 3559/1/3559 
f 3541/1/3541 3558/1/3558 3561/1/3561 3542/1/3542 
f 3562/1/3562 3563/1/3563 3564/1/3564 3565/1/3565 
f 3433/1/3433 3564/1/3564 3563/1/3563 3434/1/3434 
f 3428/1/3428 3548/1/3548 3564/1/3564 3433/1/3433 
f 3565/1/3565 3564/1/3564 3548/1/3548 3547/1/3547 
f 3542/1/3542 3561/1/3561 3566/1/3566 3553/1/3553 
f 3567/1/3567 3566/1/3566 3561/1/3561 3560/1/3560 
f 3568/1/3568 3569/1/3569 3566/1/3566 3567/1/3567 
f 3553/1/3553 3566/1/3566 3569/1/3569 3554/1/3554 
f 3562/1/3562 3565/1/3565 3570/1/3570 3571/1/3571 
f 3557/1/3557 3570/1/3570 3565/1/3565 3547/1/3547 
f 3554/1/3554 3569/1/3569 3570/1/3570 3557/1/3557 
f 3571/1/3571 3570/1/3570 3569/1/3569 3568/1/3568 
f 3466/1/3466 3465/1/3465 3572/1/3572 3559/1/3559 
f 3573/1/3573 3572/1/3572 3465/1/3465 3401/1/3401 
f 3572/1/3572 3573/1/3573 3574/1/3574 
f 3575/1/3575 3560/1/3560 3559/1/3559 
f 3434/1/3434 3563/1/3563 3576/1/3576 3440/1/3440 
f 3577/1/3577 3576/1/3576 3563/1/3563 3562/1/3562 
f 3578/1/3578 3579/1/3579 3576/1/3576 3577/1/3577 
f 3440/1/3440 3576/1/3576 3579/1/3579 3437/1/3437 
f 3580/1/3580 3567/1/3567 3560/1/3560 
f 3575/1/3575 3574/1/3574 3581/1/3581 
f 3582/1/3582 3583/1/3583 3580/1/3580 3581/1/3581 
f 3567/1/3567 3580/1/3580 3583/1/3583 3568/1/3568 
f 3578/1/3578 3577/1/3577 3584/1/3584 3585/1/3585 
f 3571/1/3571 3584/1/3584 3577/1/3577 3562/1/3562 
f 3568/1/3568 3583/1/3583 3584/1/3584 3571/1/3571 
f 3585/1/3585 3584/1/3584 3583/1/3583 3582/1/3582 
f 3445/1/3445 3586/1/3586 3587/1/3587 3446/1/3446 
f 3437/1/3437 3579/1/3579 3586/1/3586 3445/1/3445 
f 3578/1/3578 3588/1/3588 3586/1/3586 3579/1/3579 
f 3587/1/3587 3586/1/3586 3588/1/3588 3589/1/3589 
f 3401/1/3401 3400/1/3400 3590/1/3590 3573/1/3573 
f 3591/1/3591 3590/1/3590 3400/1/3400 3403/1/3403 
f 3590/1/3590 3591/1/3591 3592/1/3592 
f 3593/1/3593 3574/1/3574 3573/1/3573 
f 3574/1/3574 3593/1/3593 3594/1/3594 3581/1/3581 
f 3595/1/3595 3594/1/3594 3593/1/3593 3592/1/3592 
f 3596/1/3596 3597/1/3597 3594/1/3594 3595/1/3595 
f 3581/1/3581 3594/1/3594 3597/1/3597 3582/1/3582 
f 3589/1/3589 3588/1/3588 3598/1/3598 3599/1/3599 
f 3585/1/3585 3598/1/3598 3588/1/3588 3578/1/3578 
f 3582/1/3582 3597/1/3597 3598/1/3598 3585/1/3585 
f 3599/1/3599 3598/1/3598 3597/1/3597 3596/1/3596 
f 3460/1/3460 3600/1/3600 3601/1/3601 3457/1/3457 
f 3446/1/3446 3587/1/3587 3600/1/3600 3460/1/3460 
f 3589/1/3589 3602/1/3602 3600/1/3600 3587/1/3587 
f 3601/1/3601 3600/1/3600 3602/1/3602 3603/1/3603 
f 3604/1/3604 3605/1/3605 3606/1/3606 
f 3591/1/3591 3604/1/3604 3607/1/3607 3592/1/3592 
f 3604/1/3604 3591/1/3591 3403/1/3403 
f 3605/1/3605 3604/1/3604 3420/1/3420 3416/1/3416 
f 3603/1/3603 3602/1/3602 3608/1/3608 3609/1/3609 
f 3599/1/3599 3608/1/3608 3602/1/3602 3589/1/3589 
f 3608/1/3608 3599/1/3599 3596/1/3596 
f 3609/1/3609 3608/1/3608 3610/1/3610 3611/1/3611 
f 3611/1/3611 3610/1/3610 3612/1/3612 3613/1/3613 
f 3595/1/3595 3612/1/3612 3610/1/3610 3596/1/3596 
f 3592/1/3592 3607/1/3607 3612/1/3612 3595/1/3595 
f 3613/1/3613 3612/1/3612 3607/1/3607 3606/1/3606 
f 3327/1/3327 3323/1/3323 3614/1/3614 3615/1/3615 
f 3362/1/3362 3614/1/3614 3323/1/3323 3322/1/3322 
f 3363/1/3363 3616/1/3616 3614/1/3614 3362/1/3362 
f 3615/1/3615 3614/1/3614 3616/1/3616 3617/1/3617 
f 3618/1/3618 3619/1/3619 3620/1/3620 
f 3075/1/3075 3618/1/3618 3621/1/3621 3072/1/3072 
f 3618/1/3618 3075/1/3075 3077/1/3077 
f 3619/1/3619 3618/1/3618 3175/1/3175 3174/1/3174 
f 3615/1/3615 3622/1/3622 3623/1/3623 3327/1/3327 
f 3617/1/3617 3624/1/3624 3622/1/3622 3615/1/3615 
f 3625/1/3625 3622/1/3622 3624/1/3624 3626/1/3626 
f 3627/1/3627 3623/1/3623 3622/1/3622 3625/1/3625 
f 3180/1/3180 3183/1/3183 3628/1/3628 3629/1/3629 
f 3185/1/3185 3195/1/3195 3628/1/3628 3183/1/3183 
f 3630/1/3630 3628/1/3628 3195/1/3195 3194/1/3194 
f 3629/1/3629 3628/1/3628 3630/1/3630 3627/1/3627 
f 3627/1/3627 3631/1/3631 3632/1/3632 3629/1/3629 
f 3619/1/3619 3632/1/3632 3631/1/3631 3620/1/3620 
f 3174/1/3174 3181/1/3181 3632/1/3632 3619/1/3619 
f 3629/1/3629 3632/1/3632 3181/1/3181 3180/1/3180 
f 3626/1/3626 3633/1/3633 3634/1/3634 3625/1/3625 
f 3620/1/3620 3631/1/3631 3634/1/3634 3633/1/3633 
f 3625/1/3625 3634/1/3634 3631/1/3631 3627/1/3627 
f 3194/1/3194 3289/1/3289 3635/1/3635 3630/1/3630 
f 3326/1/3326 3635/1/3635 3289/1/3289 3288/1/3288 
f 3327/1/3327 3623/1/3623 3635/1/3635 3326/1/3326 
f 3630/1/3630 3635/1/3635 3623/1/3623 3627/1/3627 
f 3475/1/3475 3498/1/3498 3636/1/3636 3478/1/3478 
f 3498/1/3498 3497/1/3497 3637/1/3637 
f 3638/1/3638 3639/1/3639 3636/1/3636 3637/1/3637 
f 3478/1/3478 3636/1/3636 3639/1/3639 3480/1/3480 
f 3637/1/3637 3640/1/3640 3641/1/3641 3638/1/3638 
f 3533/1/3533 3640/1/3640 3637/1/3637 3497/1/3497 
f 3536/1/3536 3642/1/3642 3640/1/3640 3533/1/3533 
f 3643/1/3643 3641/1/3641 3640/1/3640 3642/1/3642 
f 3644/1/3644 3643/1/3643 3642/1/3642 
f 3645/1/3645 3646/1/3646 3642/1/3642 3536/1/3536 
f 3647/1/3647 3644/1/3644 3646/1/3646 
f 3648/1/3648 3649/1/3649 3647/1/3647 
f 3536/1/3536 3535/1/3535 3648/1/3648 3645/1/3645 
f 3529/1/3529 3650/1/3650 3648/1/3648 3535/1/3535 
f 3650/1/3650 3651/1/3651 3649/1/3649 
f 3651/1/3651 3650/1/3650 3652/1/3652 3653/1/3653 
f 3532/1/3532 3652/1/3652 3650/1/3650 3529/1/3529 
f 3525/1/3525 3654/1/3654 3652/1/3652 3532/1/3532 
f 3653/1/3653 3652/1/3652 3654/1/3654 3655/1/3655 
f 3655/1/3655 3654/1/3654 3656/1/3656 3657/1/3657 
f 3528/1/3528 3656/1/3656 3654/1/3654 3525/1/3525 
f 3519/1/3519 3658/1/3658 3656/1/3656 3528/1/3528 
f 3657/1/3657 3656/1/3656 3658/1/3658 3659/1/3659 
f 3659/1/3659 3658/1/3658 3660/1/3660 3661/1/3661 
f 3522/1/3522 3660/1/3660 3658/1/3658 3519/1/3519 
f 3524/1/3524 3662/1/3662 3660/1/3660 3522/1/3522 
f 3661/1/3661 3660/1/3660 3662/1/3662 3663/1/3663 
f 3664/1/3664 3665/1/3665 3666/1/3666 3667/1/3667 
f 3661/1/3661 3665/1/3665 3664/1/3664 3659/1/3659 
f 3663/1/3663 3666/1/3666 3665/1/3665 3661/1/3661 
f 3668/1/3668 3669/1/3669 3670/1/3670 3671/1/3671 
f 3657/1/3657 3670/1/3670 3669/1/3669 3655/1/3655 
f 3659/1/3659 3664/1/3664 3670/1/3670 3657/1/3657 
f 3671/1/3671 3670/1/3670 3664/1/3664 3667/1/3667 
f 3672/1/3672 3673/1/3673 3674/1/3674 3675/1/3675 
f 3653/1/3653 3674/1/3674 3673/1/3673 3651/1/3651 
f 3655/1/3655 3669/1/3669 3674/1/3674 3653/1/3653 
f 3675/1/3675 3674/1/3674 3669/1/3669 3668/1/3668 
f 3649/1/3649 3676/1/3676 3677/1/3677 3647/1/3647 
f 3651/1/3651 3673/1/3673 3676/1/3676 3649/1/3649 
f 3672/1/3672 3678/1/3678 3676/1/3676 3673/1/3673 
f 3677/1/3677 3676/1/3676 3678/1/3678 3679/1/3679 
f 3680/1/3680 3681/1/3681 3682/1/3682 
f 3643/1/3643 3644/1/3644 3683/1/3683 3682/1/3682 
f 3647/1/3647 3677/1/3677 3683/1/3683 3644/1/3644 
f 3679/1/3679 3680/1/3680 3683/1/3683 3677/1/3677 
f 3638/1/3638 3641/1/3641 3684/1/3684 3685/1/3685 
f 3682/1/3682 3684/1/3684 3641/1/3641 3643/1/3643 
f 3684/1/3684 3682/1/3682 3681/1/3681 
f 3686/1/3686 3687/1/3687 3685/1/3685 
f 3688/1/3688 3689/1/3689 3690/1/3690 
f 3639/1/3639 3688/1/3688 3691/1/3691 3480/1/3480 
f 3685/1/3685 3688/1/3688 3639/1/3639 3638/1/3638 
f 3687/1/3687 3689/1/3689 3688/1/3688 3685/1/3685 
f 3692/1/3692 3482/1/3482 3480/1/3480 
f 3691/1/3691 3690/1/3690 3693/1/3693 
f 3694/1/3694 3695/1/3695 3692/1/3692 3693/1/3693 
f 3695/1/3695 3267/1/3267 3482/1/3482 
f 3267/1/3267 3695/1/3695 3696/1/3696 3266/1/3266 
f 3697/1/3697 3696/1/3696 3695/1/3695 3694/1/3694 
f 3698/1/3698 3699/1/3699 3696/1/3696 3697/1/3697 
f 3266/1/3266 3696/1/3696 3699/1/3699 3268/1/3268 
f 3268/1/3268 3699/1/3699 3700/1/3700 3271/1/3271 
f 3701/1/3701 3700/1/3700 3699/1/3699 3698/1/3698 
f 3700/1/3700 3701/1/3701 3702/1/3702 
f 3271/1/3271 3700/1/3700 3703/1/3703 3272/1/3272 
f 3285/1/3285 3282/1/3282 3704/1/3704 3705/1/3705 
f 3275/1/3275 3704/1/3704 3282/1/3282 3276/1/3276 
f 3272/1/3272 3703/1/3703 3704/1/3704 3275/1/3275 
f 3705/1/3705 3704/1/3704 3703/1/3703 3702/1/3702 
f 3706/1/3706 3707/1/3707 3708/1/3708 
f 3709/1/3709 3710/1/3710 3708/1/3708 3711/1/3711 
f 3712/1/3712 3706/1/3706 3710/1/3710 3709/1/3709 
f 3702/1/3702 3713/1/3713 3714/1/3714 3705/1/3705 
f 3715/1/3715 3714/1/3714 3713/1/3713 3707/1/3707 
f 3716/1/3716 3717/1/3717 3714/1/3714 3715/1/3715 
f 3705/1/3705 3714/1/3714 3717/1/3717 3285/1/3285 
f 3285/1/3285 3717/1/3717 3718/1/3718 3284/1/3284 
f 3719/1/3719 3718/1/3718 3717/1/3717 3716/1/3716 
f 3720/1/3720 3721/1/3721 3718/1/3718 3719/1/3719 
f 3284/1/3284 3718/1/3718 3721/1/3721 3286/1/3286 
f 3286/1/3286 3721/1/3721 3722/1/3722 3723/1/3723 
f 3724/1/3724 3722/1/3722 3721/1/3721 3720/1/3720 
f 3725/1/3725 3726/1/3726 3722/1/3722 3724/1/3724 
f 3723/1/3723 3722/1/3722 3726/1/3726 3727/1/3727 
f 3728/1/3728 3729/1/3729 3727/1/3727 
f 3728/1/3728 3726/1/3726 3725/1/3725 
f 3730/1/3730 3728/1/3728 3731/1/3731 3732/1/3732 
f 3728/1/3728 3730/1/3730 3733/1/3733 3729/1/3729 
f 3734/1/3734 3735/1/3735 3736/1/3736 3737/1/3737 
f 3173/1/3173 3736/1/3736 3735/1/3735 3170/1/3170 
f 3169/1/3169 3281/1/3281 3736/1/3736 3173/1/3173 
f 3737/1/3737 3736/1/3736 3281/1/3281 3280/1/3280 
f 3280/1/3280 3287/1/3287 3738/1/3738 3737/1/3737 
f 3287/1/3287 3286/1/3286 3723/1/3723 
f 3738/1/3738 3723/1/3723 3727/1/3727 
f 3737/1/3737 3738/1/3738 3739/1/3739 3734/1/3734 
f 3734/1/3734 3739/1/3739 3740/1/3740 3741/1/3741 
f 3729/1/3729 3740/1/3740 3739/1/3739 3727/1/3727 
f 3733/1/3733 3742/1/3742 3740/1/3740 3729/1/3729 
f 3741/1/3741 3740/1/3740 3742/1/3742 3743/1/3743 
f 3135/1/3135 3171/1/3171 3744/1/3744 3137/1/3137 
f 3745/1/3745 3744/1/3744 3171/1/3171 3170/1/3170 
f 3746/1/3746 3747/1/3747 3744/1/3744 3745/1/3745 
f 3139/1/3139 3137/1/3137 3744/1/3744 3747/1/3747 
f 3170/1/3170 3735/1/3735 3748/1/3748 3745/1/3745 
f 3741/1/3741 3748/1/3748 3735/1/3735 3734/1/3734 
f 3743/1/3743 3749/1/3749 3748/1/3748 3741/1/3741 
f 3745/1/3745 3748/1/3748 3749/1/3749 3746/1/3746 
f 3743/1/3743 3750/1/3750 3751/1/3751 3749/1/3749 
f 3752/1/3752 3753/1/3753 3751/1/3751 3750/1/3750 
f 3746/1/3746 3749/1/3749 3751/1/3751 3753/1/3753 
f 3733/1/3733 3754/1/3754 3755/1/3755 3742/1/3742 
f 3756/1/3756 3755/1/3755 3754/1/3754 3757/1/3757 
f 3752/1/3752 3750/1/3750 3755/1/3755 3756/1/3756 
f 3742/1/3742 3755/1/3755 3750/1/3750 3743/1/3743 
f 3758/1/3758 3715/1/3715 3707/1/3707 
f 3706/1/3706 3712/1/3712 3759/1/3759 
f 3760/1/3760 3761/1/3761 3758/1/3758 3759/1/3759 
f 3715/1/3715 3758/1/3758 3761/1/3761 3716/1/3716 
f 3762/1/3762 3763/1/3763 3764/1/3764 3765/1/3765 
f 3766/1/3766 3764/1/3764 3763/1/3763 3767/1/3767 
f 3768/1/3768 3769/1/3769 3764/1/3764 3766/1/3766 
f 3765/1/3765 3764/1/3764 3769/1/3769 3712/1/3712 
f 3760/1/3760 3759/1/3759 3770/1/3770 3771/1/3771 
f 3759/1/3759 3712/1/3712 3769/1/3769 
f 3771/1/3771 3770/1/3770 3769/1/3769 3768/1/3768 
f 3716/1/3716 3761/1/3761 3772/1/3772 3719/1/3719 
f 3773/1/3773 3772/1/3772 3761/1/3761 3760/1/3760 
f 3774/1/3774 3775/1/3775 3772/1/3772 3773/1/3773 
f 3719/1/3719 3772/1/3772 3775/1/3775 3720/1/3720 
f 3774/1/3774 3773/1/3773 3776/1/3776 3777/1/3777 
f 3771/1/3771 3776/1/3776 3773/1/3773 3760/1/3760 
f 3768/1/3768 3778/1/3778 3776/1/3776 3771/1/3771 
f 3777/1/3777 3776/1/3776 3778/1/3778 3779/1/3779 
f 3779/1/3779 3778/1/3778 3780/1/3780 3781/1/3781 
f 3766/1/3766 3780/1/3780 3778/1/3778 3768/1/3768 
f 3767/1/3767 3782/1/3782 3780/1/3780 3766/1/3766 
f 3781/1/3781 3780/1/3780 3782/1/3782 3783/1/3783 
f 3784/1/3784 3724/1/3724 3720/1/3720 
f 3785/1/3785 3784/1/3784 3775/1/3775 3774/1/3774 
f 3786/1/3786 3784/1/3784 3785/1/3785 3787/1/3787 
f 3725/1/3725 3724/1/3724 3784/1/3784 3786/1/3786 
f 3787/1/3787 3785/1/3785 3788/1/3788 3789/1/3789 
f 3777/1/3777 3788/1/3788 3785/1/3785 3774/1/3774 
f 3779/1/3779 3790/1/3790 3788/1/3788 3777/1/3777 
f 3789/1/3789 3788/1/3788 3790/1/3790 3791/1/3791 
f 3791/1/3791 3790/1/3790 3792/1/3792 3793/1/3793 
f 3781/1/3781 3792/1/3792 3790/1/3790 3779/1/3779 
f 3783/1/3783 3794/1/3794 3792/1/3792 3781/1/3781 
f 3793/1/3793 3792/1/3792 3794/1/3794 3795/1/3795 
f 3762/1/3762 3796/1/3796 3797/1/3797 3763/1/3763 
f 3798/1/3798 3797/1/3797 3796/1/3796 3799/1/3799 
f 3800/1/3800 3801/1/3801 3797/1/3797 3798/1/3798 
f 3767/1/3767 3763/1/3763 3797/1/3797 3801/1/3801 
f 3801/1/3801 3802/1/3802 3782/1/3782 3767/1/3767 
f 3803/1/3803 3802/1/3802 3801/1/3801 3800/1/3800 
f 3804/1/3804 3805/1/3805 3802/1/3802 3803/1/3803 
f 3782/1/3782 3802/1/3802 3805/1/3805 3783/1/3783 
f 3783/1/3783 3805/1/3805 3806/1/3806 3794/1/3794 
f 3807/1/3807 3806/1/3806 3805/1/3805 3804/1/3804 
f 3808/1/3808 3809/1/3809 3806/1/3806 3807/1/3807 
f 3794/1/3794 3806/1/3806 3809/1/3809 3795/1/3795 
f 3795/1/3795 3809/1/3809 3810/1/3810 3811/1/3811 
f 3812/1/3812 3810/1/3810 3809/1/3809 3808/1/3808 
f 3813/1/3813 3814/1/3814 3810/1/3810 3812/1/3812 
f 3811/1/3811 3810/1/3810 3814/1/3814 3815/1/3815 
f 3808/1/3808 3816/1/3816 3817/1/3817 3812/1/3812 
f 3818/1/3818 3817/1/3817 3816/1/3816 3819/1/3819 
f 3820/1/3820 3821/1/3821 3817/1/3817 3818/1/3818 
f 3812/1/3812 3817/1/3817 3821/1/3821 3813/1/3813 
f 3822/1/3822 3711/1/3711 3823/1/3823 
f 3823/1/3823 3824/1/3824 3825/1/3825 
f 3826/1/3826 3822/1/3822 3827/1/3827 3825/1/3825 
f 3711/1/3711 3822/1/3822 3828/1/3828 3709/1/3709 
f 3829/1/3829 3828/1/3828 3822/1/3822 3826/1/3826 
f 3830/1/3830 3831/1/3831 3828/1/3828 3829/1/3829 
f 3709/1/3709 3828/1/3828 3831/1/3831 3712/1/3712 
f 3799/1/3799 3796/1/3796 3832/1/3832 3833/1/3833 
f 3765/1/3765 3832/1/3832 3796/1/3796 3762/1/3762 
f 3712/1/3712 3831/1/3831 3832/1/3832 3765/1/3765 
f 3833/1/3833 3832/1/3832 3831/1/3831 3830/1/3830 
f 3833/1/3833 3834/1/3834 3835/1/3835 3799/1/3799 
f 3836/1/3836 3834/1/3834 3833/1/3833 3830/1/3830 
f 3837/1/3837 3835/1/3835 3834/1/3834 3836/1/3836 
f 3799/1/3799 3835/1/3835 3838/1/3838 3798/1/3798 
f 3839/1/3839 3838/1/3838 3835/1/3835 3837/1/3837 
f 3840/1/3840 3841/1/3841 3838/1/3838 3839/1/3839 
f 3798/1/3798 3838/1/3838 3841/1/3841 3800/1/3800 
f 3800/1/3800 3841/1/3841 3842/1/3842 3803/1/3803 
f 3843/1/3843 3842/1/3842 3841/1/3841 3840/1/3840 
f 3844/1/3844 3845/1/3845 3842/1/3842 3843/1/3843 
f 3803/1/3803 3842/1/3842 3845/1/3845 3804/1/3804 
f 3819/1/3819 3816/1/3816 3846/1/3846 3847/1/3847 
f 3807/1/3807 3846/1/3846 3816/1/3816 3808/1/3808 
f 3804/1/3804 3845/1/3845 3846/1/3846 3807/1/3807 
f 3847/1/3847 3846/1/3846 3845/1/3845 3844/1/3844 
f 3824/1/3824 3848/1/3848 3849/1/3849 3825/1/3825 
f 3850/1/3850 3849/1/3849 3848/1/3848 3851/1/3851 
f 3852/1/3852 3853/1/3853 3849/1/3849 3850/1/3850 
f 3825/1/3825 3849/1/3849 3853/1/3853 3826/1/3826 
f 3826/1/3826 3853/1/3853 3854/1/3854 3829/1/3829 
f 3855/1/3855 3854/1/3854 3853/1/3853 3852/1/3852 
f 3856/1/3856 3857/1/3857 3854/1/3854 3855/1/3855 
f 3829/1/3829 3854/1/3854 3857/1/3857 3830/1/3830 
f 3858/1/3858 3859/1/3859 3860/1/3860 3861/1/3861 
f 3862/1/3862 3860/1/3860 3859/1/3859 3863/1/3863 
f 3862/1/3862 3856/1/3856 3855/1/3855 
f 3852/1/3852 3861/1/3861 3860/1/3860 3855/1/3855 
f 3830/1/3830 3857/1/3857 3864/1/3864 3836/1/3836 
f 3865/1/3865 3864/1/3864 3857/1/3857 3856/1/3856 
f 3866/1/3866 3867/1/3867 3864/1/3864 3865/1/3865 
f 3836/1/3836 3864/1/3864 3867/1/3867 3837/1/3837 
f 3865/1/3865 3868/1/3868 3869/1/3869 3866/1/3866 
f 3856/1/3856 3862/1/3862 3868/1/3868 3865/1/3865 
f 3863/1/3863 3870/1/3870 3868/1/3868 3862/1/3862 
f 3869/1/3869 3868/1/3868 3870/1/3870 3871/1/3871 
f 3837/1/3837 3867/1/3867 3872/1/3872 3839/1/3839 
f 3873/1/3873 3872/1/3872 3867/1/3867 3866/1/3866 
f 3874/1/3874 3875/1/3875 3872/1/3872 3873/1/3873 
f 3839/1/3839 3872/1/3872 3875/1/3875 3840/1/3840 
f 3876/1/3876 3877/1/3877 3878/1/3878 3879/1/3879 
f 3873/1/3873 3878/1/3878 3877/1/3877 3874/1/3874 
f 3866/1/3866 3869/1/3869 3878/1/3878 3873/1/3873 
f 3879/1/3879 3878/1/3878 3869/1/3869 3871/1/3871 
f 3840/1/3840 3875/1/3875 3880/1/3880 3843/1/3843 
f 3881/1/3881 3880/1/3880 3875/1/3875 3874/1/3874 
f 3882/1/3882 3883/1/3883 3880/1/3880 3881/1/3881 
f 3843/1/3843 3880/1/3880 3883/1/3883 3844/1/3844 
f 3884/1/3884 3885/1/3885 3886/1/3886 3887/1/3887 
f 3881/1/3881 3886/1/3886 3885/1/3885 3882/1/3882 
f 3874/1/3874 3877/1/3877 3886/1/3886 3881/1/3881 
f 3877/1/3877 3876/1/3876 3887/1/3887 
f 866/1/866 869/1/869 3888/1/3888 3889/1/3889 
f 3890/1/3890 3888/1/3888 869/1/869 874/1/874 
f 3891/1/3891 3892/1/3892 3888/1/3888 3890/1/3890 
f 3889/1/3889 3888/1/3888 3892/1/3892 3893/1/3893 
f 3894/1/3894 3895/1/3895 3896/1/3896 3897/1/3897 
f 3898/1/3898 3896/1/3896 3895/1/3895 3899/1/3899 
f 881/1/881 879/1/879 3896/1/3896 3898/1/3898 
f 3897/1/3897 3896/1/3896 879/1/879 880/1/880 
f 3900/1/3900 3901/1/3901 3902/1/3902 3903/1/3903 
f 3897/1/3897 3902/1/3902 3901/1/3901 3894/1/3894 
f 880/1/880 888/1/888 3902/1/3902 3897/1/3897 
f 3903/1/3903 3902/1/3902 888/1/888 889/1/889 
f 889/1/889 891/1/891 3904/1/3904 3903/1/3903 
f 3889/1/3889 3904/1/3904 891/1/891 866/1/866 
f 3893/1/3893 3905/1/3905 3904/1/3904 3889/1/3889 
f 3903/1/3903 3904/1/3904 3905/1/3905 3900/1/3900 
f 3899/1/3899 3895/1/3895 3906/1/3906 3907/1/3907 
f 3908/1/3908 3906/1/3906 3895/1/3895 3894/1/3894 
f 3909/1/3909 3910/1/3910 3906/1/3906 3908/1/3908 
f 3907/1/3907 3906/1/3906 3910/1/3910 3911/1/3911 
f 3912/1/3912 3913/1/3913 3914/1/3914 3915/1/3915 
f 3908/1/3908 3914/1/3914 3913/1/3913 3909/1/3909 
f 3894/1/3894 3901/1/3901 3914/1/3914 3908/1/3908 
f 3915/1/3915 3914/1/3914 3901/1/3901 3900/1/3900 
f 3900/1/3900 3905/1/3905 3916/1/3916 3915/1/3915 
f 3905/1/3905 3893/1/3893 3917/1/3917 
f 3918/1/3918 3919/1/3919 3916/1/3916 3917/1/3917 
f 3915/1/3915 3916/1/3916 3919/1/3919 3912/1/3912 
f 3911/1/3911 3910/1/3910 3920/1/3920 3921/1/3921 
f 3922/1/3922 3920/1/3920 3910/1/3910 3909/1/3909 
f 3923/1/3923 3924/1/3924 3920/1/3920 3922/1/3922 
f 3921/1/3921 3920/1/3920 3924/1/3924 3925/1/3925 
f 3851/1/3851 3848/1/3848 3926/1/3926 3927/1/3927 
f 3928/1/3928 3926/1/3926 3848/1/3848 3824/1/3824 
f 3929/1/3929 3930/1/3930 3926/1/3926 3928/1/3928 
f 3927/1/3927 3926/1/3926 3930/1/3930 3931/1/3931 
f 3925/1/3925 3924/1/3924 3932/1/3932 3933/1/3933 
f 3934/1/3934 3932/1/3932 3924/1/3924 3923/1/3923 
f 3935/1/3935 3936/1/3936 3932/1/3932 3934/1/3934 
f 3933/1/3933 3932/1/3932 3936/1/3936 3937/1/3937 
f 3938/1/3938 3939/1/3939 3940/1/3940 3941/1/3941 
f 3922/1/3922 3940/1/3940 3939/1/3939 3923/1/3923 
f 3909/1/3909 3913/1/3913 3940/1/3940 3922/1/3922 
f 3941/1/3941 3940/1/3940 3913/1/3913 3912/1/3912 
f 3935/1/3935 3934/1/3934 3942/1/3942 3943/1/3943 
f 3923/1/3923 3939/1/3939 3942/1/3942 3934/1/3934 
f 3942/1/3942 3939/1/3939 3938/1/3938 
f 3912/1/3912 3919/1/3919 3944/1/3944 3941/1/3941 
f 3945/1/3945 3944/1/3944 3919/1/3919 3918/1/3918 
f 3944/1/3944 3945/1/3945 3946/1/3946 
f 3941/1/3941 3944/1/3944 3947/1/3947 3938/1/3938 
f 3948/1/3948 3943/1/3943 3938/1/3938 
f 3947/1/3947 3946/1/3946 3949/1/3949 
f 3950/1/3950 3951/1/3951 3948/1/3948 3949/1/3949 
f 3951/1/3951 3935/1/3935 3943/1/3943 
f 3931/1/3931 3930/1/3930 3952/1/3952 3953/1/3953 
f 3954/1/3954 3952/1/3952 3930/1/3930 3929/1/3929 
f 3937/1/3937 3936/1/3936 3952/1/3952 3954/1/3954 
f 3953/1/3953 3952/1/3952 3936/1/3936 3935/1/3935 
f 3893/1/3893 3892/1/3892 3955/1/3955 3917/1/3917 
f 3956/1/3956 3955/1/3955 3892/1/3892 3891/1/3891 
f 3957/1/3957 3958/1/3958 3955/1/3955 3956/1/3956 
f 3917/1/3917 3955/1/3955 3958/1/3958 3918/1/3918 
f 3918/1/3918 3958/1/3958 3959/1/3959 3945/1/3945 
f 3958/1/3958 3957/1/3957 3960/1/3960 
f 3961/1/3961 3962/1/3962 3959/1/3959 3960/1/3960 
f 3945/1/3945 3959/1/3959 3962/1/3962 3946/1/3946 
f 3961/1/3961 3960/1/3960 3963/1/3963 3964/1/3964 
f 3960/1/3960 3957/1/3957 3965/1/3965 
f 3966/1/3966 3967/1/3967 3963/1/3963 3965/1/3965 
f 3964/1/3964 3963/1/3963 3967/1/3967 3968/1/3968 
f 3969/1/3969 3970/1/3970 3971/1/3971 3972/1/3972 
f 3953/1/3953 3971/1/3971 3970/1/3970 3931/1/3931 
f 3935/1/3935 3951/1/3951 3971/1/3971 3953/1/3953 
f 3972/1/3972 3971/1/3971 3951/1/3951 3950/1/3950 
f 3950/1/3950 3949/1/3949 3973/1/3973 3972/1/3972 
f 3962/1/3962 3973/1/3973 3949/1/3949 3946/1/3946 
f 3961/1/3961 3974/1/3974 3973/1/3973 3962/1/3962 
f 3972/1/3972 3973/1/3973 3974/1/3974 3969/1/3969 
f 3858/1/3858 3861/1/3861 3975/1/3975 3976/1/3976 
f 3850/1/3850 3975/1/3975 3861/1/3861 3852/1/3852 
f 3851/1/3851 3977/1/3977 3975/1/3975 3850/1/3850 
f 3976/1/3976 3975/1/3975 3977/1/3977 3978/1/3978 
f 3979/1/3979 3980/1/3980 3981/1/3981 3982/1/3982 
f 3980/1/3980 3969/1/3969 3974/1/3974 
f 3974/1/3974 3961/1/3961 3964/1/3964 
f 3964/1/3964 3968/1/3968 3982/1/3982 
f 3978/1/3978 3977/1/3977 3983/1/3983 3984/1/3984 
f 3977/1/3977 3851/1/3851 3927/1/3927 
f 3931/1/3931 3970/1/3970 3983/1/3983 3927/1/3927 
f 3984/1/3984 3983/1/3983 3970/1/3970 3969/1/3969 
f 3984/1/3984 3985/1/3985 3986/1/3986 3978/1/3978 
f 3969/1/3969 3980/1/3980 3985/1/3985 3984/1/3984 
f 3979/1/3979 3986/1/3986 3985/1/3985 3980/1/3980 
f 3987/1/3987 3988/1/3988 3989/1/3989 3990/1/3990 
f 3361/1/3361 3989/1/3989 3988/1/3988 3358/1/3358 
f 3365/1/3365 3991/1/3991 3989/1/3989 3361/1/3361 
f 3990/1/3990 3989/1/3989 3991/1/3991 3992/1/3992 
f 3992/1/3992 3991/1/3991 3993/1/3993 3994/1/3994 
f 3367/1/3367 3993/1/3993 3991/1/3991 3365/1/3365 
f 3369/1/3369 3995/1/3995 3993/1/3993 3367/1/3367 
f 3994/1/3994 3993/1/3993 3995/1/3995 3996/1/3996 
f 3997/1/3997 3998/1/3998 3999/1/3999 4000/1/4000 
f 3995/1/3995 4000/1/4000 3999/1/3999 3996/1/3996 
f 3371/1/3371 4000/1/4000 3995/1/3995 3369/1/3369 
f 3373/1/3373 3997/1/3997 4000/1/4000 3371/1/3371 
f 3998/1/3998 3997/1/3997 4001/1/4001 4002/1/4002 
f 3375/1/3375 4001/1/4001 3997/1/3997 3373/1/3373 
f 3377/1/3377 4003/1/4003 4001/1/4001 3375/1/3375 
f 4002/1/4002 4001/1/4001 4003/1/4003 4004/1/4004 
f 4004/1/4004 4003/1/4003 4005/1/4005 4006/1/4006 
f 3379/1/3379 4005/1/4005 4003/1/4003 3377/1/3377 
f 3381/1/3381 4007/1/4007 4005/1/4005 3379/1/3379 
f 4006/1/4006 4005/1/4005 4007/1/4007 4008/1/4008 
f 4008/1/4008 4007/1/4007 4009/1/4009 4010/1/4010 
f 3383/1/3383 4009/1/4009 4007/1/4007 3381/1/3381 
f 3385/1/3385 4011/1/4011 4009/1/4009 3383/1/3383 
f 4010/1/4010 4009/1/4009 4011/1/4011 4012/1/4012 
f 4012/1/4012 4011/1/4011 4013/1/4013 4014/1/4014 
f 3387/1/3387 4013/1/4013 4011/1/4011 3385/1/3385 
f 3389/1/3389 4015/1/4015 4013/1/4013 3387/1/3387 
f 4014/1/4014 4013/1/4013 4015/1/4015 4016/1/4016 
f 4016/1/4016 4015/1/4015 4017/1/4017 4018/1/4018 
f 3391/1/3391 4017/1/4017 4015/1/4015 3389/1/3389 
f 3393/1/3393 4019/1/4019 4017/1/4017 3391/1/3391 
f 4018/1/4018 4017/1/4017 4019/1/4019 4020/1/4020 
f 4021/1/4021 4022/1/4022 4023/1/4023 4024/1/4024 
f 4019/1/4019 4023/1/4023 4022/1/4022 4020/1/4020 
f 3395/1/3395 4023/1/4023 4019/1/4019 3393/1/3393 
f 3397/1/3397 4024/1/4024 4023/1/4023 3395/1/3395 
f 4025/1/4025 4026/1/4026 4027/1/4027 4028/1/4028 
f 4022/1/4022 4026/1/4026 4025/1/4025 4020/1/4020 
f 4029/1/4029 4026/1/4026 4022/1/4022 4021/1/4021 
f 4030/1/4030 4027/1/4027 4026/1/4026 4029/1/4029 
f 4031/1/4031 4032/1/4032 4033/1/4033 4034/1/4034 
f 4035/1/4035 4033/1/4033 4032/1/4032 4036/1/4036 
f 3987/1/3987 3990/1/3990 4033/1/4033 4035/1/4035 
f 4034/1/4034 4033/1/4033 3990/1/3990 3992/1/3992 
f 4037/1/4037 4038/1/4038 4039/1/4039 4040/1/4040 
f 4034/1/4034 4039/1/4039 4038/1/4038 4031/1/4031 
f 3992/1/3992 3994/1/3994 4039/1/4039 4034/1/4034 
f 4040/1/4040 4039/1/4039 3994/1/3994 3996/1/3996 
f 4041/1/4041 4042/1/4042 4043/1/4043 4044/1/4044 
f 4040/1/4040 4043/1/4043 4042/1/4042 4037/1/4037 
f 3996/1/3996 3999/1/3999 4043/1/4043 4040/1/4040 
f 4044/1/4044 4043/1/4043 3999/1/3999 3998/1/3998 
f 4045/1/4045 4046/1/4046 4047/1/4047 4048/1/4048 
f 4044/1/4044 4047/1/4047 4046/1/4046 4041/1/4041 
f 3998/1/3998 4002/1/4002 4047/1/4047 4044/1/4044 
f 4004/1/4004 4048/1/4048 4047/1/4047 4002/1/4002 
f 4049/1/4049 4050/1/4050 4051/1/4051 4052/1/4052 
f 4048/1/4048 4051/1/4051 4050/1/4050 4045/1/4045 
f 4006/1/4006 4051/1/4051 4048/1/4048 4004/1/4004 
f 4008/1/4008 4052/1/4052 4051/1/4051 4006/1/4006 
f 4053/1/4053 4054/1/4054 4055/1/4055 4056/1/4056 
f 4052/1/4052 4055/1/4055 4054/1/4054 4049/1/4049 
f 4010/1/4010 4055/1/4055 4052/1/4052 4008/1/4008 
f 4012/1/4012 4056/1/4056 4055/1/4055 4010/1/4010 
f 4053/1/4053 4056/1/4056 4057/1/4057 4058/1/4058 
f 4014/1/4014 4057/1/4057 4056/1/4056 4012/1/4012 
f 4016/1/4016 4059/1/4059 4057/1/4057 4014/1/4014 
f 4058/1/4058 4057/1/4057 4059/1/4059 4060/1/4060 
f 4061/1/4061 4062/1/4062 4063/1/4063 
f 4060/1/4060 4059/1/4059 4064/1/4064 4063/1/4063 
f 4018/1/4018 4064/1/4064 4059/1/4059 4016/1/4016 
f 4061/1/4061 4064/1/4064 4018/1/4018 4020/1/4020 
f 4062/1/4062 4061/1/4061 4065/1/4065 4066/1/4066 
f 4025/1/4025 4065/1/4065 4061/1/4061 4020/1/4020 
f 4028/1/4028 4067/1/4067 4065/1/4065 4025/1/4025 
f 4066/1/4066 4065/1/4065 4067/1/4067 4068/1/4068 
f 4036/1/4036 4032/1/4032 4069/1/4069 4070/1/4070 
f 4071/1/4071 4069/1/4069 4032/1/4032 4031/1/4031 
f 4072/1/4072 4073/1/4073 4069/1/4069 4071/1/4071 
f 4070/1/4070 4069/1/4069 4073/1/4073 4074/1/4074 
f 4031/1/4031 4038/1/4038 4075/1/4075 4071/1/4071 
f 4076/1/4076 4075/1/4075 4038/1/4038 4037/1/4037 
f 4077/1/4077 4078/1/4078 4075/1/4075 4076/1/4076 
f 4071/1/4071 4075/1/4075 4078/1/4078 4072/1/4072 
f 4037/1/4037 4042/1/4042 4079/1/4079 4076/1/4076 
f 4080/1/4080 4079/1/4079 4042/1/4042 4041/1/4041 
f 4081/1/4081 4082/1/4082 4079/1/4079 4080/1/4080 
f 4076/1/4076 4079/1/4079 4082/1/4082 4077/1/4077 
f 4041/1/4041 4046/1/4046 4083/1/4083 4080/1/4080 
f 4084/1/4084 4083/1/4083 4046/1/4046 4045/1/4045 
f 4085/1/4085 4086/1/4086 4083/1/4083 4084/1/4084 
f 4080/1/4080 4083/1/4083 4086/1/4086 4081/1/4081 
f 4087/1/4087 4088/1/4088 4089/1/4089 4090/1/4090 
f 4091/1/4091 4089/1/4089 4088/1/4088 4092/1/4092 
f 4074/1/4074 4073/1/4073 4089/1/4089 4091/1/4091 
f 4090/1/4090 4089/1/4089 4073/1/4073 4072/1/4072 
f 4093/1/4093 4094/1/4094 4095/1/4095 4096/1/4096 
f 4090/1/4090 4095/1/4095 4094/1/4094 4087/1/4087 
f 4072/1/4072 4078/1/4078 4095/1/4095 4090/1/4090 
f 4096/1/4096 4095/1/4095 4078/1/4078 4077/1/4077 
f 4097/1/4097 4098/1/4098 4099/1/4099 4100/1/4100 
f 4093/1/4093 4096/1/4096 4098/1/4098 4097/1/4097 
f 4077/1/4077 4082/1/4082 4098/1/4098 4096/1/4096 
f 4099/1/4099 4098/1/4098 4082/1/4082 4081/1/4081 
f 1088/1/1088 4101/1/4101 4102/1/4102 1089/1/1089 
f 4103/1/4103 4104/1/4104 4102/1/4102 4101/1/4101 
f 4105/1/4105 4102/1/4102 4104/1/4104 4106/1/4106 
f 1089/1/1089 4102/1/4102 4105/1/4105 1093/1/1093 
f 1093/1/1093 4105/1/4105 4107/1/4107 1097/1/1097 
f 4108/1/4108 4107/1/4107 4105/1/4105 4106/1/4106 
f 4109/1/4109 4110/1/4110 4107/1/4107 4108/1/4108 
f 1097/1/1097 4107/1/4107 4110/1/4110 1100/1/1100 
f 1100/1/1100 4110/1/4110 4111/1/4111 1103/1/1103 
f 4112/1/4112 4111/1/4111 4110/1/4110 4109/1/4109 
f 4113/1/4113 4114/1/4114 4111/1/4111 4112/1/4112 
f 1103/1/1103 4111/1/4111 4114/1/4114 1106/1/1106 
f 1106/1/1106 4114/1/4114 4115/1/4115 1109/1/1109 
f 4116/1/4116 4115/1/4115 4114/1/4114 4113/1/4113 
f 4117/1/4117 4118/1/4118 4115/1/4115 4116/1/4116 
f 1109/1/1109 4115/1/4115 4118/1/4118 1112/1/1112 
f 1112/1/1112 4118/1/4118 4119/1/4119 1115/1/1115 
f 4120/1/4120 4119/1/4119 4118/1/4118 4117/1/4117 
f 4121/1/4121 4122/1/4122 4119/1/4119 4120/1/4120 
f 1115/1/1115 4119/1/4119 4122/1/4122 1118/1/1118 
f 1118/1/1118 4122/1/4122 4123/1/4123 1121/1/1121 
f 4124/1/4124 4123/1/4123 4122/1/4122 4121/1/4121 
f 4125/1/4125 4126/1/4126 4123/1/4123 4124/1/4124 
f 1123/1/1123 1121/1/1121 4123/1/4123 4126/1/4126 
f 1130/1/1130 4127/1/4127 4128/1/4128 1127/1/1127 
f 1123/1/1123 4126/1/4126 4127/1/4127 1130/1/1130 
f 4129/1/4129 4127/1/4127 4126/1/4126 4125/1/4125 
f 4130/1/4130 4128/1/4128 4127/1/4127 4129/1/4129 
f 4131/1/4131 4132/1/4132 4133/1/4133 4134/1/4134 
f 1133/1/1133 4133/1/4133 4132/1/4132 1136/1/1136 
f 1127/1/1127 4128/1/4128 4133/1/4133 1133/1/1133 
f 4134/1/4134 4133/1/4133 4128/1/4128 4130/1/4130 
f 1139/1/1139 1142/1/1142 4135/1/4135 4136/1/4136 
f 1142/1/1142 1136/1/1136 4132/1/4132 4135/1/4135 
f 4137/1/4137 4135/1/4135 4132/1/4132 4131/1/4131 
f 4138/1/4138 4136/1/4136 4135/1/4135 4137/1/4137 
f 1139/1/1139 4136/1/4136 4139/1/4139 1145/1/1145 
f 4140/1/4140 4139/1/4139 4136/1/4136 4138/1/4138 
f 4141/1/4141 4142/1/4142 4139/1/4139 4140/1/4140 
f 1145/1/1145 4139/1/4139 4142/1/4142 1148/1/1148 
f 4143/1/4143 4144/1/4144 4145/1/4145 4146/1/4146 
f 4147/1/4147 4148/1/4148 4145/1/4145 4144/1/4144 
f 4108/1/4108 4145/1/4145 4148/1/4148 4109/1/4109 
f 4146/1/4146 4145/1/4145 4108/1/4108 4106/1/4106 
f 4147/1/4147 4149/1/4149 4150/1/4150 4151/1/4151 
f 4094/1/4094 4150/1/4150 4149/1/4149 4087/1/4087 
f 4093/1/4093 4152/1/4152 4150/1/4150 4094/1/4094 
f 4151/1/4151 4150/1/4150 4152/1/4152 4153/1/4153 
f 4153/1/4153 4154/1/4154 4155/1/4155 4151/1/4151 
f 4112/1/4112 4155/1/4155 4154/1/4154 4113/1/4113 
f 4109/1/4109 4148/1/4148 4155/1/4155 4112/1/4112 
f 4151/1/4151 4155/1/4155 4148/1/4148 4147/1/4147 
f 4153/1/4153 4152/1/4152 4156/1/4156 4157/1/4157 
f 4097/1/4097 4156/1/4156 4152/1/4152 4093/1/4093 
f 4100/1/4100 4158/1/4158 4156/1/4156 4097/1/4097 
f 4157/1/4157 4156/1/4156 4158/1/4158 4159/1/4159 
f 4159/1/4159 4160/1/4160 4161/1/4161 4157/1/4157 
f 4116/1/4116 4161/1/4161 4160/1/4160 4117/1/4117 
f 4113/1/4113 4154/1/4154 4161/1/4161 4116/1/4116 
f 4157/1/4157 4161/1/4161 4154/1/4154 4153/1/4153 
f 4117/1/4117 4160/1/4160 4162/1/4162 4120/1/4120 
f 4163/1/4163 4162/1/4162 4160/1/4160 4159/1/4159 
f 4164/1/4164 4165/1/4165 4162/1/4162 4163/1/4163 
f 4120/1/4120 4162/1/4162 4165/1/4165 4121/1/4121 
f 4124/1/4124 4166/1/4166 4167/1/4167 4125/1/4125 
f 4121/1/4121 4165/1/4165 4166/1/4166 4124/1/4124 
f 4168/1/4168 4166/1/4166 4165/1/4165 4164/1/4164 
f 4169/1/4169 4167/1/4167 4166/1/4166 4168/1/4168 
f 4170/1/4170 4171/1/4171 4172/1/4172 4173/1/4173 
f 4129/1/4129 4172/1/4172 4171/1/4171 4130/1/4130 
f 4125/1/4125 4167/1/4167 4172/1/4172 4129/1/4129 
f 4173/1/4173 4172/1/4172 4167/1/4167 4169/1/4169 
f 4174/1/4174 4175/1/4175 4176/1/4176 4177/1/4177 
f 4134/1/4134 4176/1/4176 4175/1/4175 4131/1/4131 
f 4130/1/4130 4171/1/4171 4176/1/4176 4134/1/4134 
f 4177/1/4177 4176/1/4176 4171/1/4171 4170/1/4170 
f 4178/1/4178 4179/1/4179 4180/1/4180 4181/1/4181 
f 4137/1/4137 4180/1/4180 4179/1/4179 4138/1/4138 
f 4131/1/4131 4175/1/4175 4180/1/4180 4137/1/4137 
f 4181/1/4181 4180/1/4180 4175/1/4175 4174/1/4174 
f 4182/1/4182 4183/1/4183 4184/1/4184 
f 4185/1/4185 4182/1/4182 4186/1/4186 4092/1/4092 
f 4143/1/4143 4187/1/4187 4182/1/4182 4185/1/4185 
f 4183/1/4183 4182/1/4182 4187/1/4187 4188/1/4188 
f 4106/1/4106 4104/1/4104 4189/1/4189 4146/1/4146 
f 4190/1/4190 4189/1/4189 4104/1/4104 4103/1/4103 
f 4188/1/4188 4187/1/4187 4189/1/4189 4190/1/4190 
f 4146/1/4146 4189/1/4189 4187/1/4187 4143/1/4143 
f 4092/1/4092 4088/1/4088 4191/1/4191 4185/1/4185 
f 4149/1/4149 4191/1/4191 4088/1/4088 4087/1/4087 
f 4147/1/4147 4144/1/4144 4191/1/4191 4149/1/4149 
f 4185/1/4185 4191/1/4191 4144/1/4144 4143/1/4143 
f 3415/1/3415 3412/1/3412 4192/1/4192 4193/1/4193 
f 3409/1/3409 4192/1/4192 3412/1/3412 3410/1/3410 
f 3038/1/3038 4194/1/4194 4192/1/4192 3409/1/3409 
f 4193/1/4193 4192/1/4192 4194/1/4194 4195/1/4195 
f 4194/1/4194 4196/1/4196 4197/1/4197 4195/1/4195 
f 3041/1/3041 4196/1/4196 4194/1/4194 3038/1/3038 
f 3043/1/3043 3073/1/3073 4196/1/4196 3041/1/3041 
f 4197/1/4197 4196/1/4196 3073/1/3073 3072/1/3072 
f 4198/1/4198 3606/1/3606 3605/1/3605 
f 3414/1/3414 4199/1/4199 3605/1/3605 3416/1/3416 
f 3415/1/3415 4200/1/4200 4199/1/4199 3414/1/3414 
f 4201/1/4201 4198/1/4198 4199/1/4199 4200/1/4200 
f 4202/1/4202 4203/1/4203 4204/1/4204 
f 4204/1/4204 4195/1/4195 4197/1/4197 
f 3072/1/3072 3621/1/3621 4205/1/4205 4197/1/4197 
f 3621/1/3621 3620/1/3620 4202/1/4202 
f 4206/1/4206 4207/1/4207 4208/1/4208 4209/1/4209 
f 4207/1/4207 4201/1/4201 4200/1/4200 
f 3415/1/3415 4193/1/4193 4208/1/4208 4200/1/4200 
f 4209/1/4209 4208/1/4208 4193/1/4193 4195/1/4195 
f 4209/1/4209 4210/1/4210 4211/1/4211 4206/1/4206 
f 4195/1/4195 4204/1/4204 4210/1/4210 4209/1/4209 
f 4203/1/4203 4211/1/4211 4210/1/4210 4204/1/4204 
f 3606/1/3606 4198/1/4198 4212/1/4212 3613/1/3613 
f 4198/1/4198 4201/1/4201 4213/1/4213 
f 4214/1/4214 4215/1/4215 4212/1/4212 4213/1/4213 
f 3613/1/3613 4212/1/4212 4215/1/4215 3611/1/3611 
f 4203/1/4203 4202/1/4202 4216/1/4216 4217/1/4217 
f 3633/1/3633 4216/1/4216 4202/1/4202 3620/1/3620 
f 3626/1/3626 4218/1/4218 4216/1/4216 3633/1/3633 
f 4217/1/4217 4216/1/4216 4218/1/4218 4219/1/4219 
f 4220/1/4220 4221/1/4221 4222/1/4222 4223/1/4223 
f 4213/1/4213 4222/1/4222 4221/1/4221 4214/1/4214 
f 4201/1/4201 4207/1/4207 4222/1/4222 4213/1/4213 
f 4223/1/4223 4222/1/4222 4207/1/4207 4206/1/4206 
f 4206/1/4206 4211/1/4211 4224/1/4224 4223/1/4223 
f 4217/1/4217 4224/1/4224 4211/1/4211 4203/1/4203 
f 4219/1/4219 4225/1/4225 4224/1/4224 4217/1/4217 
f 4223/1/4223 4224/1/4224 4225/1/4225 4220/1/4220 
f 3626/1/3626 3624/1/3624 4226/1/4226 4218/1/4218 
f 4227/1/4227 4226/1/4226 3624/1/3624 3617/1/3617 
f 4228/1/4228 4226/1/4226 4227/1/4227 4229/1/4229 
f 4219/1/4219 4218/1/4218 4226/1/4226 4228/1/4228 
f 4230/1/4230 4231/1/4231 4232/1/4232 4233/1/4233 
f 3609/1/3609 4232/1/4232 4231/1/4231 3603/1/3603 
f 3611/1/3611 4215/1/4215 4232/1/4232 3609/1/3609 
f 4233/1/4233 4232/1/4232 4215/1/4215 4214/1/4214 
f 4234/1/4234 4235/1/4235 4236/1/4236 4237/1/4237 
f 4233/1/4233 4236/1/4236 4235/1/4235 4230/1/4230 
f 4214/1/4214 4221/1/4221 4236/1/4236 4233/1/4233 
f 4237/1/4237 4236/1/4236 4221/1/4221 4220/1/4220 
f 4229/1/4229 4238/1/4238 4239/1/4239 4228/1/4228 
f 4237/1/4237 4239/1/4239 4238/1/4238 4234/1/4234 
f 4220/1/4220 4225/1/4225 4239/1/4239 4237/1/4237 
f 4228/1/4228 4239/1/4239 4225/1/4225 4219/1/4219 
f 3457/1/3457 3601/1/3601 4240/1/4240 4241/1/4241 
f 3601/1/3601 3603/1/3603 4231/1/4231 
f 4230/1/4230 4242/1/4242 4240/1/4240 4231/1/4231 
f 4241/1/4241 4240/1/4240 4242/1/4242 4243/1/4243 
f 4243/1/4243 4244/1/4244 4245/1/4245 4241/1/4241 
f 3454/1/3454 3458/1/3458 4245/1/4245 4244/1/4244 
f 4241/1/4241 4245/1/4245 3458/1/3458 3457/1/3457 
f 4229/1/4229 4227/1/4227 4246/1/4246 4247/1/4247 
f 4246/1/4246 4227/1/4227 3617/1/3617 
f 4248/1/4248 4246/1/4246 3616/1/3616 3363/1/3363 
f 4247/1/4247 4246/1/4246 4248/1/4248 4249/1/4249 
f 4250/1/4250 4251/1/4251 4252/1/4252 4253/1/4253 
f 4242/1/4242 4252/1/4252 4251/1/4251 4243/1/4243 
f 4230/1/4230 4235/1/4235 4252/1/4252 4242/1/4242 
f 4253/1/4253 4252/1/4252 4235/1/4235 4234/1/4234 
f 4234/1/4234 4238/1/4238 4254/1/4254 4253/1/4253 
f 4247/1/4247 4254/1/4254 4238/1/4238 4229/1/4229 
f 4249/1/4249 4255/1/4255 4254/1/4254 4247/1/4247 
f 4255/1/4255 4250/1/4250 4253/1/4253 
f 3454/1/3454 4244/1/4244 4256/1/4256 3455/1/3455 
f 4257/1/4257 4256/1/4256 4244/1/4244 4243/1/4243 
f 4258/1/4258 4259/1/4259 4256/1/4256 4257/1/4257 
f 3455/1/3455 4256/1/4256 4259/1/4259 3456/1/3456 
f 4260/1/4260 4261/1/4261 4262/1/4262 4263/1/4263 
f 4248/1/4248 4262/1/4262 4261/1/4261 4249/1/4249 
f 3363/1/3363 3359/1/3359 4262/1/4262 4248/1/4248 
f 4263/1/4263 4262/1/4262 3359/1/3359 3358/1/3358 
f 4258/1/4258 4257/1/4257 4264/1/4264 4265/1/4265 
f 4251/1/4251 4264/1/4264 4257/1/4257 4243/1/4243 
f 4250/1/4250 4266/1/4266 4264/1/4264 4251/1/4251 
f 4265/1/4265 4264/1/4264 4266/1/4266 4267/1/4267 
f 4250/1/4250 4255/1/4255 4268/1/4268 4266/1/4266 
f 4249/1/4249 4261/1/4261 4268/1/4268 4255/1/4255 
f 4269/1/4269 4268/1/4268 4261/1/4261 4260/1/4260 
f 4266/1/4266 4268/1/4268 4269/1/4269 4267/1/4267 
f 4270/1/4270 4271/1/4271 4272/1/4272 4273/1/4273 
f 3452/1/3452 4271/1/4271 4270/1/4270 3449/1/3449 
f 3456/1/3456 4274/1/4274 4271/1/4271 3452/1/3452 
f 4275/1/4275 4272/1/4272 4271/1/4271 4274/1/4274 
f 4276/1/4276 4277/1/4277 4278/1/4278 4279/1/4279 
f 4263/1/4263 4278/1/4278 4277/1/4277 4260/1/4260 
f 3358/1/3358 3988/1/3988 4278/1/4278 4263/1/4263 
f 4279/1/4279 4278/1/4278 3988/1/3988 3987/1/3987 
f 3456/1/3456 4259/1/4259 4280/1/4280 4274/1/4274 
f 4258/1/4258 4281/1/4281 4280/1/4280 4259/1/4259 
f 4274/1/4274 4280/1/4280 4281/1/4281 4275/1/4275 
f 4282/1/4282 4283/1/4283 4273/1/4273 
f 4284/1/4284 4282/1/4282 4272/1/4272 4275/1/4275 
f 4285/1/4285 4286/1/4286 4282/1/4282 4284/1/4284 
f 4283/1/4283 4282/1/4282 4286/1/4286 4184/1/4184 
f 4188/1/4188 4287/1/4287 4288/1/4288 4183/1/4183 
f 4287/1/4287 4273/1/4273 4283/1/4283 
f 4184/1/4184 4183/1/4183 4288/1/4288 4283/1/4283 
f 4279/1/4279 4289/1/4289 4290/1/4290 4276/1/4276 
f 3987/1/3987 4035/1/4035 4289/1/4289 4279/1/4279 
f 4036/1/4036 4291/1/4291 4289/1/4289 4035/1/4035 
f 4290/1/4290 4289/1/4289 4291/1/4291 4184/1/4184 
f 4292/1/4292 4293/1/4293 4286/1/4286 4285/1/4285 
f 4276/1/4276 4290/1/4290 4293/1/4293 4292/1/4292 
f 4286/1/4286 4293/1/4293 4290/1/4290 4184/1/4184 
f 4036/1/4036 4070/1/4070 4294/1/4294 4291/1/4291 
f 4091/1/4091 4294/1/4294 4070/1/4070 4074/1/4074 
f 4092/1/4092 4186/1/4186 4294/1/4294 4091/1/4091 
f 4186/1/4186 4184/1/4184 4291/1/4291 
f 4260/1/4260 4277/1/4277 4295/1/4295 4269/1/4269 
f 4292/1/4292 4295/1/4295 4277/1/4277 4276/1/4276 
f 4285/1/4285 4296/1/4296 4295/1/4295 4292/1/4292 
f 4269/1/4269 4295/1/4295 4296/1/4296 4267/1/4267 
f 4275/1/4275 4281/1/4281 4297/1/4297 4284/1/4284 
f 4265/1/4265 4297/1/4297 4281/1/4281 4258/1/4258 
f 4267/1/4267 4296/1/4296 4297/1/4297 4265/1/4265 
f 4284/1/4284 4297/1/4297 4296/1/4296 4285/1/4285 
f 4298/1/4298 4299/1/4299 4273/1/4273 
f 4190/1/4190 4298/1/4298 4287/1/4287 4188/1/4188 
f 4103/1/4103 4300/1/4300 4298/1/4298 4190/1/4190 
f 4299/1/4299 4298/1/4298 4300/1/4300 4301/1/4301 
f 1312/1/1312 4302/1/4302 4303/1/4303 1313/1/1313 
f 4300/1/4300 4303/1/4303 4302/1/4302 4301/1/4301 
f 4101/1/4101 4303/1/4303 4300/1/4300 4103/1/4103 
f 1313/1/1313 4303/1/4303 4101/1/4101 1088/1/1088 
f 4304/1/4304 4305/1/4305 4306/1/4306 4307/1/4307 
f 3422/1/3422 3425/1/3425 4305/1/4305 4304/1/4304 
f 3430/1/3430 4308/1/4308 4305/1/4305 3425/1/3425 
f 4306/1/4306 4305/1/4305 4308/1/4308 4309/1/4309 
f 4309/1/4309 4308/1/4308 4310/1/4310 4311/1/4311 
f 3432/1/3432 4310/1/4310 4308/1/4308 3430/1/3430 
f 3436/1/3436 4312/1/4312 4310/1/4310 3432/1/3432 
f 4311/1/4311 4310/1/4310 4312/1/4312 4313/1/4313 
f 4313/1/4313 4312/1/4312 4314/1/4314 4315/1/4315 
f 3441/1/3441 4314/1/4314 4312/1/4312 3436/1/3436 
f 3442/1/3442 4316/1/4316 4314/1/4314 3441/1/3441 
f 4315/1/4315 4314/1/4314 4316/1/4316 4317/1/4317 
f 4317/1/4317 4316/1/4316 4318/1/4318 4319/1/4319 
f 3444/1/3444 4318/1/4318 4316/1/4316 3442/1/3442 
f 3448/1/3448 3450/1/3450 4318/1/4318 3444/1/3444 
f 4319/1/4319 4318/1/4318 3450/1/3450 3449/1/3449 
f 3449/1/3449 4270/1/4270 4320/1/4320 4319/1/4319 
f 4299/1/4299 4320/1/4320 4270/1/4270 4273/1/4273 
f 4301/1/4301 4321/1/4321 4320/1/4320 4299/1/4299 
f 4319/1/4319 4320/1/4320 4321/1/4321 4317/1/4317 
f 4322/1/4322 4323/1/4323 4324/1/4324 4325/1/4325 
f 4315/1/4315 4324/1/4324 4323/1/4323 4313/1/4313 
f 4324/1/4324 4315/1/4315 4317/1/4317 
f 4325/1/4325 4324/1/4324 4326/1/4326 4327/1/4327 
f 4321/1/4321 4328/1/4328 4326/1/4326 4317/1/4317 
f 4329/1/4329 4328/1/4328 4321/1/4321 4301/1/4301 
f 4327/1/4327 4326/1/4326 4328/1/4328 4329/1/4329 
f 4330/1/4330 4329/1/4329 4301/1/4301 
f 4302/1/4302 1312/1/1312 1341/1/1341 
f 1340/1/1340 4331/1/4331 4330/1/4330 1341/1/1341 
f 4329/1/4329 4330/1/4330 4331/1/4331 4327/1/4327 
f 4327/1/4327 4331/1/4331 4332/1/4332 4325/1/4325 
f 4331/1/4331 1340/1/1340 1347/1/1347 
f 1346/1/1346 4333/1/4333 4332/1/4332 1347/1/1347 
f 4325/1/4325 4332/1/4332 4333/1/4333 4322/1/4322 
f 4334/1/4334 4335/1/4335 4336/1/4336 4337/1/4337 
f 3890/1/3890 4336/1/4336 4335/1/4335 3891/1/3891 
f 874/1/874 1352/1/1352 4336/1/4336 3890/1/3890 
f 4337/1/4337 4336/1/4336 1352/1/1352 1353/1/1353 
f 4338/1/4338 4339/1/4339 4340/1/4340 4341/1/4341 
f 3956/1/3956 4340/1/4340 4339/1/4339 3957/1/3957 
f 3891/1/3891 4335/1/4335 4340/1/4340 3956/1/3956 
f 4341/1/4341 4340/1/4340 4335/1/4335 4334/1/4334 
f 3957/1/3957 4339/1/4339 4342/1/4342 3965/1/3965 
f 4343/1/4343 4342/1/4342 4339/1/4339 4338/1/4338 
f 4344/1/4344 4345/1/4345 4342/1/4342 4343/1/4343 
f 3965/1/3965 4342/1/4342 4345/1/4345 3966/1/3966 
f 3966/1/3966 4345/1/4345 4346/1/4346 3967/1/3967 
f 4345/1/4345 4344/1/4344 4347/1/4347 
f 4348/1/4348 4349/1/4349 4346/1/4346 4347/1/4347 
f 3967/1/3967 4346/1/4346 4349/1/4349 3968/1/3968 
f 3968/1/3968 4349/1/4349 4350/1/4350 3982/1/3982 
f 4351/1/4351 4350/1/4350 4349/1/4349 4348/1/4348 
f 4352/1/4352 4353/1/4353 4350/1/4350 4351/1/4351 
f 3982/1/3982 4350/1/4350 4353/1/4353 3979/1/3979 
f 4354/1/4354 4355/1/4355 4356/1/4356 
f 3986/1/3986 4354/1/4354 4357/1/4357 3978/1/3978 
f 3979/1/3979 4353/1/4353 4354/1/4354 3986/1/3986 
f 4355/1/4355 4354/1/4354 4353/1/4353 4352/1/4352 
f 4357/1/4357 4358/1/4358 3976/1/3976 3978/1/3978 
f 4359/1/4359 4358/1/4358 4357/1/4357 4356/1/4356 
f 4360/1/4360 4361/1/4361 4358/1/4358 4359/1/4359 
f 3858/1/3858 3976/1/3976 4358/1/4358 4361/1/4361 
f 3863/1/3863 3859/1/3859 4362/1/4362 4363/1/4363 
f 4361/1/4361 4362/1/4362 3859/1/3859 3858/1/3858 
f 4360/1/4360 4364/1/4364 4362/1/4362 4361/1/4361 
f 4363/1/4363 4362/1/4362 4364/1/4364 4365/1/4365 
f 3871/1/3871 3870/1/3870 4366/1/4366 4367/1/4367 
f 4363/1/4363 4366/1/4366 3870/1/3870 3863/1/3863 
f 4365/1/4365 4368/1/4368 4366/1/4366 4363/1/4363 
f 4367/1/4367 4366/1/4366 4368/1/4368 4369/1/4369 
f 3871/1/3871 4367/1/4367 4370/1/4370 3879/1/3879 
f 4369/1/4369 4371/1/4371 4370/1/4370 4367/1/4367 
f 4372/1/4372 4370/1/4370 4371/1/4371 4373/1/4373 
f 3879/1/3879 4370/1/4370 4372/1/4372 3876/1/3876 
f 3884/1/3884 3887/1/3887 4374/1/4374 4375/1/4375 
f 3887/1/3887 3876/1/3876 4372/1/4372 4374/1/4374 
f 4373/1/4373 4376/1/4376 4374/1/4374 4372/1/4372 
f 4375/1/4375 4374/1/4374 4376/1/4376 4377/1/4377 
f 4348/1/4348 4378/1/4378 4379/1/4379 4351/1/4351 
f 4380/1/4380 4379/1/4379 4378/1/4378 4381/1/4381 
f 4382/1/4382 4383/1/4383 4379/1/4379 4380/1/4380 
f 4351/1/4351 4379/1/4379 4383/1/4383 4352/1/4352 
f 4352/1/4352 4383/1/4383 4384/1/4384 4355/1/4355 
f 4385/1/4385 4384/1/4384 4383/1/4383 4382/1/4382 
f 4386/1/4386 4387/1/4387 4384/1/4384 4385/1/4385 
f 4355/1/4355 4384/1/4384 4387/1/4387 4356/1/4356 
f 4356/1/4356 4387/1/4387 4388/1/4388 4359/1/4359 
f 4389/1/4389 4388/1/4388 4387/1/4387 4386/1/4386 
f 4390/1/4390 4391/1/4391 4388/1/4388 4389/1/4389 
f 4359/1/4359 4388/1/4388 4391/1/4391 4360/1/4360 
f 4392/1/4392 4393/1/4393 4391/1/4391 4390/1/4390 
f 4394/1/4394 4393/1/4393 4392/1/4392 4395/1/4395 
f 4365/1/4365 4364/1/4364 4393/1/4393 4394/1/4394 
f 4360/1/4360 4391/1/4391 4393/1/4393 4364/1/4364 
f 4369/1/4369 4368/1/4368 4396/1/4396 4397/1/4397 
f 4394/1/4394 4396/1/4396 4368/1/4368 4365/1/4365 
f 4395/1/4395 4398/1/4398 4396/1/4396 4394/1/4394 
f 4397/1/4397 4396/1/4396 4398/1/4398 4399/1/4399 
f 4373/1/4373 4371/1/4371 4400/1/4400 4401/1/4401 
f 4397/1/4397 4400/1/4400 4371/1/4371 4369/1/4369 
f 4399/1/4399 4402/1/4402 4400/1/4400 4397/1/4397 
f 4402/1/4402 4403/1/4403 4401/1/4401 
f 4377/1/4377 4376/1/4376 4404/1/4404 4405/1/4405 
f 4401/1/4401 4404/1/4404 4376/1/4376 4373/1/4373 
f 4403/1/4403 4406/1/4406 4404/1/4404 4401/1/4401 
f 4405/1/4405 4404/1/4404 4406/1/4406 4407/1/4407 
f 3795/1/3795 3811/1/3811 4408/1/4408 3793/1/3793 
f 4409/1/4409 4408/1/4408 3811/1/3811 3815/1/3815 
f 4410/1/4410 4411/1/4411 4408/1/4408 4409/1/4409 
f 3793/1/3793 4408/1/4408 4411/1/4411 3791/1/3791 
f 3813/1/3813 3821/1/3821 4412/1/4412 4413/1/4413 
f 4414/1/4414 4412/1/4412 3821/1/3821 3820/1/3820 
f 4415/1/4415 4416/1/4416 4412/1/4412 4414/1/4414 
f 4413/1/4413 4412/1/4412 4416/1/4416 4417/1/4417 
f 4418/1/4418 4419/1/4419 4420/1/4420 4421/1/4421 
f 3814/1/3814 4420/1/4420 4419/1/4419 3815/1/3815 
f 4413/1/4413 4420/1/4420 3814/1/3814 3813/1/3813 
f 4417/1/4417 4421/1/4421 4420/1/4420 4413/1/4413 
f 4422/1/4422 3787/1/3787 3789/1/3789 
f 3791/1/3791 4411/1/4411 4423/1/4423 3789/1/3789 
f 4424/1/4424 4423/1/4423 4411/1/4411 4410/1/4410 
f 4425/1/4425 4422/1/4422 4423/1/4423 
f 4426/1/4426 4427/1/4427 4428/1/4428 4429/1/4429 
f 4409/1/4409 4428/1/4428 4427/1/4427 4410/1/4410 
f 3815/1/3815 4419/1/4419 4428/1/4428 4409/1/4409 
f 4418/1/4418 4429/1/4429 4428/1/4428 4419/1/4419 
f 4430/1/4430 4431/1/4431 4432/1/4432 4433/1/4433 
f 4429/1/4429 4432/1/4432 4431/1/4431 4426/1/4426 
f 4421/1/4421 4432/1/4432 4429/1/4429 4418/1/4418 
f 4417/1/4417 4433/1/4433 4432/1/4432 4421/1/4421 
f 4434/1/4434 4435/1/4435 4436/1/4436 4437/1/4437 
f 4430/1/4430 4433/1/4433 4435/1/4435 4434/1/4434 
f 4417/1/4417 4416/1/4416 4435/1/4435 4433/1/4433 
f 4416/1/4416 4415/1/4415 4436/1/4436 
f 3819/1/3819 3847/1/3847 4438/1/4438 4439/1/4439 
f 3847/1/3847 3844/1/3844 4440/1/4440 
f 4438/1/4438 4440/1/4440 4441/1/4441 
f 4439/1/4439 4438/1/4438 4442/1/4442 4443/1/4443 
f 4444/1/4444 4445/1/4445 4441/1/4441 
f 4440/1/4440 3844/1/3844 3883/1/3883 
f 3882/1/3882 4446/1/4446 4444/1/4444 3883/1/3883 
f 4446/1/4446 4447/1/4447 4445/1/4445 
f 3884/1/3884 4448/1/4448 4449/1/4449 3885/1/3885 
f 4450/1/4450 4449/1/4449 4448/1/4448 4451/1/4451 
f 4449/1/4449 4450/1/4450 4447/1/4447 
f 3885/1/3885 4449/1/4449 4446/1/4446 3882/1/3882 
f 4451/1/4451 4448/1/4448 4452/1/4452 4453/1/4453 
f 4375/1/4375 4452/1/4452 4448/1/4448 3884/1/3884 
f 4377/1/4377 4454/1/4454 4452/1/4452 4375/1/4375 
f 4453/1/4453 4452/1/4452 4454/1/4454 4455/1/4455 
f 4454/1/4454 4377/1/4377 4405/1/4405 
f 4456/1/4456 4457/1/4457 4405/1/4405 4407/1/4407 
f 4458/1/4458 4459/1/4459 4457/1/4457 4456/1/4456 
f 4455/1/4455 4454/1/4454 4457/1/4457 4459/1/4459 
f 4460/1/4460 4461/1/4461 4462/1/4462 4463/1/4463 
f 4462/1/4462 4461/1/4461 4464/1/4464 
f 4455/1/4455 4459/1/4459 4462/1/4462 4465/1/4465 
f 4463/1/4463 4462/1/4462 4459/1/4459 4458/1/4458 
f 4466/1/4466 4465/1/4465 4464/1/4464 
f 4467/1/4467 4466/1/4466 4468/1/4468 4469/1/4469 
f 4453/1/4453 4466/1/4466 4467/1/4467 4451/1/4451 
f 4455/1/4455 4465/1/4465 4466/1/4466 4453/1/4453 
f 4469/1/4469 4468/1/4468 4470/1/4470 4471/1/4471 
f 4461/1/4461 4470/1/4470 4468/1/4468 4464/1/4464 
f 4460/1/4460 4472/1/4472 4470/1/4470 4461/1/4461 
f 4471/1/4471 4470/1/4470 4472/1/4472 4473/1/4473 
f 4474/1/4474 4475/1/4475 4476/1/4476 4477/1/4477 
f 4450/1/4450 4476/1/4476 4475/1/4475 4447/1/4447 
f 4451/1/4451 4467/1/4467 4476/1/4476 4450/1/4450 
f 4477/1/4477 4476/1/4476 4467/1/4467 4469/1/4469 
f 4460/1/4460 4463/1/4463 4478/1/4478 4479/1/4479 
f 4458/1/4458 4480/1/4480 4478/1/4478 4463/1/4463 
f 4479/1/4479 4478/1/4478 4480/1/4480 4481/1/4481 
f 4474/1/4474 4477/1/4477 4482/1/4482 4483/1/4483 
f 4471/1/4471 4482/1/4482 4477/1/4477 4469/1/4469 
f 4473/1/4473 4484/1/4484 4482/1/4482 4471/1/4471 
f 4483/1/4483 4482/1/4482 4484/1/4484 4485/1/4485 
f 4473/1/4473 4472/1/4472 4486/1/4486 4484/1/4484 
f 4479/1/4479 4486/1/4486 4472/1/4472 4460/1/4460 
f 4481/1/4481 4487/1/4487 4486/1/4486 4479/1/4479 
f 4485/1/4485 4484/1/4484 4486/1/4486 4487/1/4487 
f 3219/1/3219 3218/1/3218 4488/1/4488 3238/1/3238 
f 4489/1/4489 4488/1/4488 3218/1/3218 3098/1/3098 
f 4490/1/4490 4491/1/4491 4488/1/4488 4489/1/4489 
f 3238/1/3238 4488/1/4488 4491/1/4491 3239/1/3239 
f 3241/1/3241 3240/1/3240 4492/1/4492 3248/1/3248 
f 4493/1/4493 4492/1/4492 3240/1/3240 3239/1/3239 
f 4494/1/4494 4495/1/4495 4492/1/4492 4493/1/4493 
f 3248/1/3248 4492/1/4492 4495/1/4495 3249/1/3249 
f 4496/1/4496 4497/1/4497 4498/1/4498 4499/1/4499 
f 3255/1/3255 4498/1/4498 4497/1/4497 3252/1/3252 
f 3249/1/3249 4495/1/4495 4498/1/4498 3255/1/3255 
f 4499/1/4499 4498/1/4498 4495/1/4495 4494/1/4494 
f 4489/1/4489 4500/1/4500 4501/1/4501 4490/1/4490 
f 4500/1/4500 4489/1/4489 3098/1/3098 3101/1/3101 
f 3103/1/3103 4502/1/4502 4500/1/4500 3101/1/3101 
f 4501/1/4501 4500/1/4500 4502/1/4502 4503/1/4503 
f 3239/1/3239 4491/1/4491 4504/1/4504 4493/1/4493 
f 4505/1/4505 4504/1/4504 4491/1/4491 4490/1/4490 
f 4506/1/4506 4507/1/4507 4504/1/4504 4505/1/4505 
f 4493/1/4493 4504/1/4504 4507/1/4507 4494/1/4494 
f 4494/1/4494 4507/1/4507 4508/1/4508 4499/1/4499 
f 4509/1/4509 4508/1/4508 4507/1/4507 4506/1/4506 
f 4510/1/4510 4511/1/4511 4508/1/4508 4509/1/4509 
f 4499/1/4499 4508/1/4508 4511/1/4511 4496/1/4496 
f 4512/1/4512 4513/1/4513 4506/1/4506 
f 4501/1/4501 4512/1/4512 4505/1/4505 4490/1/4490 
f 4503/1/4503 4514/1/4514 4512/1/4512 4501/1/4501 
f 4513/1/4513 4512/1/4512 4514/1/4514 4515/1/4515 
f 4503/1/4503 4502/1/4502 4516/1/4516 4517/1/4517 
f 3138/1/3138 4516/1/4516 4502/1/4502 3103/1/3103 
f 3139/1/3139 4518/1/4518 4516/1/4516 3138/1/3138 
f 4517/1/4517 4516/1/4516 4518/1/4518 4519/1/4519 
f 4510/1/4510 4509/1/4509 4520/1/4520 4521/1/4521 
f 4513/1/4513 4520/1/4520 4509/1/4509 4506/1/4506 
f 4515/1/4515 4522/1/4522 4520/1/4520 4513/1/4513 
f 4521/1/4521 4520/1/4520 4522/1/4522 4523/1/4523 
f 4519/1/4519 4518/1/4518 4524/1/4524 4525/1/4525 
f 3747/1/3747 4524/1/4524 4518/1/4518 3139/1/3139 
f 4526/1/4526 4524/1/4524 3747/1/3747 3746/1/3746 
f 4525/1/4525 4524/1/4524 4526/1/4526 4527/1/4527 
f 4515/1/4515 4514/1/4514 4528/1/4528 4529/1/4529 
f 4514/1/4514 4503/1/4503 4517/1/4517 
f 4519/1/4519 4530/1/4530 4528/1/4528 4517/1/4517 
f 4529/1/4529 4528/1/4528 4530/1/4530 4531/1/4531 
f 4523/1/4523 4522/1/4522 4532/1/4532 4533/1/4533 
f 4529/1/4529 4532/1/4532 4522/1/4522 4515/1/4515 
f 4531/1/4531 4534/1/4534 4532/1/4532 4529/1/4529 
f 4533/1/4533 4532/1/4532 4534/1/4534 4535/1/4535 
f 4527/1/4527 4526/1/4526 4536/1/4536 4537/1/4537 
f 3753/1/3753 4536/1/4536 4526/1/4526 3746/1/3746 
f 3752/1/3752 4538/1/4538 4536/1/4536 3753/1/3753 
f 4539/1/4539 4537/1/4537 4536/1/4536 4538/1/4538 
f 4531/1/4531 4530/1/4530 4540/1/4540 4541/1/4541 
f 4525/1/4525 4540/1/4540 4530/1/4530 4519/1/4519 
f 4527/1/4527 4542/1/4542 4540/1/4540 4525/1/4525 
f 4541/1/4541 4540/1/4540 4542/1/4542 4543/1/4543 
f 4535/1/4535 4534/1/4534 4544/1/4544 4545/1/4545 
f 4541/1/4541 4544/1/4544 4534/1/4534 4531/1/4531 
f 4543/1/4543 4546/1/4546 4544/1/4544 4541/1/4541 
f 4545/1/4545 4544/1/4544 4546/1/4546 4547/1/4547 
f 4548/1/4548 4549/1/4549 4539/1/4539 
f 3756/1/3756 4548/1/4548 4538/1/4538 3752/1/3752 
f 3757/1/3757 4550/1/4550 4548/1/4548 3756/1/3756 
f 4549/1/4549 4548/1/4548 4550/1/4550 4551/1/4551 
f 4552/1/4552 4542/1/4542 4527/1/4527 
f 4553/1/4553 4552/1/4552 4537/1/4537 4539/1/4539 
f 4554/1/4554 4555/1/4555 4552/1/4552 4553/1/4553 
f 4543/1/4543 4542/1/4542 4552/1/4552 4555/1/4555 
f 4547/1/4547 4546/1/4546 4556/1/4556 4557/1/4557 
f 4555/1/4555 4556/1/4556 4546/1/4546 4543/1/4543 
f 4554/1/4554 4558/1/4558 4556/1/4556 4555/1/4555 
f 4558/1/4558 4559/1/4559 4557/1/4557 
f 4554/1/4554 4553/1/4553 4560/1/4560 4561/1/4561 
f 4549/1/4549 4560/1/4560 4553/1/4553 4539/1/4539 
f 4551/1/4551 4562/1/4562 4560/1/4560 4549/1/4549 
f 4561/1/4561 4560/1/4560 4562/1/4562 4563/1/4563 
f 4564/1/4564 4565/1/4565 4559/1/4559 
f 4561/1/4561 4564/1/4564 4558/1/4558 4554/1/4554 
f 4563/1/4563 4566/1/4566 4564/1/4564 4561/1/4561 
f 4565/1/4565 4564/1/4564 4566/1/4566 4567/1/4567 
f 4568/1/4568 4569/1/4569 3524/1/3524 
f 3523/1/3523 3514/1/3514 4570/1/4570 
f 4568/1/4568 4570/1/4570 4571/1/4571 
f 4569/1/4569 4568/1/4568 4572/1/4572 4573/1/4573 
f 4574/1/4574 4571/1/4571 4570/1/4570 
f 3516/1/3516 4575/1/4575 4570/1/4570 3514/1/3514 
f 3518/1/3518 4576/1/4576 4575/1/4575 3516/1/3516 
f 4575/1/4575 4576/1/4576 4577/1/4577 
f 4578/1/4578 4579/1/4579 4580/1/4580 4581/1/4581 
f 4582/1/4582 4580/1/4580 4579/1/4579 4583/1/4583 
f 4571/1/4571 4574/1/4574 4580/1/4580 4582/1/4582 
f 4581/1/4581 4580/1/4580 4574/1/4574 4577/1/4577 
f 3518/1/3518 3538/1/3538 4584/1/4584 4576/1/4576 
f 4585/1/4585 4584/1/4584 3538/1/3538 3537/1/3537 
f 4586/1/4586 4587/1/4587 4584/1/4584 4585/1/4585 
f 4576/1/4576 4584/1/4584 4587/1/4587 4577/1/4577 
f 4586/1/4586 4585/1/4585 4588/1/4588 4589/1/4589 
f 3537/1/3537 3550/1/3550 4588/1/4588 4585/1/4585 
f 3550/1/3550 3549/1/3549 4589/1/4589 4588/1/4588 
f 4577/1/4577 4587/1/4587 4590/1/4590 4581/1/4581 
f 4591/1/4591 4590/1/4590 4587/1/4587 4586/1/4586 
f 4592/1/4592 4593/1/4593 4590/1/4590 4591/1/4591 
f 4581/1/4581 4590/1/4590 4593/1/4593 4578/1/4578 
f 4594/1/4594 4595/1/4595 4596/1/4596 4597/1/4597 
f 4589/1/4589 4596/1/4596 4595/1/4595 4586/1/4586 
f 3549/1/3549 3555/1/3555 4596/1/4596 4589/1/4589 
f 4597/1/4597 4596/1/4596 3555/1/3555 3546/1/3546 
f 4586/1/4586 4595/1/4595 4598/1/4598 4591/1/4591 
f 4595/1/4595 4594/1/4594 4599/1/4599 
f 4600/1/4600 4601/1/4601 4598/1/4598 4599/1/4599 
f 4591/1/4591 4598/1/4598 4601/1/4601 4592/1/4592 
f 4594/1/4594 4597/1/4597 4602/1/4602 4603/1/4603 
f 3546/1/3546 3543/1/3543 4602/1/4602 4597/1/4597 
f 3427/1/3427 4604/1/4604 4602/1/4602 3543/1/3543 
f 4603/1/4603 4602/1/4602 4604/1/4604 4605/1/4605 
f 4606/1/4606 4607/1/4607 4608/1/4608 4609/1/4609 
f 4610/1/4610 4608/1/4608 4607/1/4607 4611/1/4611 
f 4612/1/4612 4613/1/4613 4608/1/4608 4610/1/4610 
f 4609/1/4609 4608/1/4608 4613/1/4613 4583/1/4583 
f 4614/1/4614 4615/1/4615 4616/1/4616 4617/1/4617 
f 4609/1/4609 4616/1/4616 4615/1/4615 4606/1/4606 
f 4583/1/4583 4579/1/4579 4616/1/4616 4609/1/4609 
f 4617/1/4617 4616/1/4616 4579/1/4579 4578/1/4578 
f 4618/1/4618 4619/1/4619 4620/1/4620 4621/1/4621 
f 4617/1/4617 4620/1/4620 4619/1/4619 4614/1/4614 
f 4578/1/4578 4593/1/4593 4620/1/4620 4617/1/4617 
f 4621/1/4621 4620/1/4620 4593/1/4593 4592/1/4592 
f 4622/1/4622 4623/1/4623 4624/1/4624 4625/1/4625 
f 4618/1/4618 4621/1/4621 4623/1/4623 4622/1/4622 
f 4592/1/4592 4601/1/4601 4623/1/4623 4621/1/4621 
f 4600/1/4600 4624/1/4624 4623/1/4623 4601/1/4601 
f 4611/1/4611 4607/1/4607 4626/1/4626 4627/1/4627 
f 4628/1/4628 4626/1/4626 4607/1/4607 4606/1/4606 
f 4629/1/4629 4630/1/4630 4626/1/4626 4628/1/4628 
f 4627/1/4627 4626/1/4626 4630/1/4630 4631/1/4631 
f 4606/1/4606 4615/1/4615 4632/1/4632 4628/1/4628 
f 4633/1/4633 4632/1/4632 4615/1/4615 4614/1/4614 
f 4634/1/4634 4635/1/4635 4632/1/4632 4633/1/4633 
f 4628/1/4628 4632/1/4632 4635/1/4635 4629/1/4629 
f 4614/1/4614 4619/1/4619 4636/1/4636 4633/1/4633 
f 4618/1/4618 4637/1/4637 4636/1/4636 4619/1/4619 
f 4638/1/4638 4639/1/4639 4636/1/4636 4637/1/4637 
f 4634/1/4634 4633/1/4633 4636/1/4636 4639/1/4639 
f 4638/1/4638 4637/1/4637 4640/1/4640 4641/1/4641 
f 4637/1/4637 4618/1/4618 4622/1/4622 4640/1/4640 
f 4625/1/4625 4642/1/4642 4640/1/4640 4622/1/4622 
f 4641/1/4641 4640/1/4640 4642/1/4642 4643/1/4643 
f 4643/1/4643 4642/1/4642 4644/1/4644 4645/1/4645 
f 4646/1/4646 4644/1/4644 4642/1/4642 4625/1/4625 
f 4647/1/4647 4648/1/4648 4644/1/4644 4646/1/4646 
f 4648/1/4648 4649/1/4649 4645/1/4645 
f 4650/1/4650 4651/1/4651 4649/1/4649 
f 4648/1/4648 4647/1/4647 4652/1/4652 
f 4650/1/4650 4652/1/4652 4653/1/4653 
f 4651/1/4651 4650/1/4650 4654/1/4654 4655/1/4655 
f 4655/1/4655 4654/1/4654 4656/1/4656 4657/1/4657 
f 4658/1/4658 4656/1/4656 4654/1/4654 4653/1/4653 
f 4659/1/4659 4660/1/4660 4656/1/4656 4658/1/4658 
f 4661/1/4661 4657/1/4657 4656/1/4656 4660/1/4660 
f 4661/1/4661 4660/1/4660 4662/1/4662 4663/1/4663 
f 4664/1/4664 4662/1/4662 4660/1/4660 4659/1/4659 
f 4665/1/4665 4666/1/4666 4662/1/4662 4664/1/4664 
f 4663/1/4663 4662/1/4662 4666/1/4666 4667/1/4667 
f 4668/1/4668 4669/1/4669 4670/1/4670 
f 4667/1/4667 4666/1/4666 4668/1/4668 4671/1/4671 
f 4672/1/4672 4668/1/4668 4666/1/4666 4665/1/4665 
f 4668/1/4668 4672/1/4672 4673/1/4673 
f 4674/1/4674 4669/1/4669 4673/1/4673 
f 4675/1/4675 4674/1/4674 4676/1/4676 4677/1/4677 
f 4678/1/4678 4679/1/4679 4674/1/4674 4675/1/4675 
f 4679/1/4679 4670/1/4670 4669/1/4669 
f 4680/1/4680 4681/1/4681 4675/1/4675 4677/1/4677 
f 4682/1/4682 4683/1/4683 4681/1/4681 4680/1/4680 
f 4684/1/4684 4681/1/4681 4683/1/4683 4685/1/4685 
f 4675/1/4675 4681/1/4681 4684/1/4684 4678/1/4678 
f 4685/1/4685 4683/1/4683 4686/1/4686 4687/1/4687 
f 4688/1/4688 4686/1/4686 4683/1/4683 4682/1/4682 
f 4689/1/4689 4690/1/4690 4686/1/4686 4688/1/4688 
f 4687/1/4687 4686/1/4686 4690/1/4690 4691/1/4691 
f 4631/1/4631 4692/1/4692 4693/1/4693 4627/1/4627 
f 4691/1/4691 4690/1/4690 4693/1/4693 4692/1/4692 
f 4694/1/4694 4693/1/4693 4690/1/4690 4689/1/4689 
f 4627/1/4627 4693/1/4693 4694/1/4694 4611/1/4611 
f 4695/1/4695 4696/1/4696 4697/1/4697 
f 4698/1/4698 4649/1/4649 4651/1/4651 
f 4655/1/4655 4699/1/4699 4695/1/4695 4651/1/4651 
f 4700/1/4700 4696/1/4696 4695/1/4695 4699/1/4699 
f 4655/1/4655 4657/1/4657 4701/1/4701 4699/1/4699 
f 4702/1/4702 4701/1/4701 4657/1/4657 4661/1/4661 
f 4703/1/4703 4704/1/4704 4701/1/4701 4702/1/4702 
f 4699/1/4699 4701/1/4701 4704/1/4704 4700/1/4700 
f 4703/1/4703 4702/1/4702 4705/1/4705 4706/1/4706 
f 4663/1/4663 4705/1/4705 4702/1/4702 4661/1/4661 
f 4667/1/4667 4707/1/4707 4705/1/4705 4663/1/4663 
f 4706/1/4706 4705/1/4705 4707/1/4707 4708/1/4708 
f 4667/1/4667 4671/1/4671 4709/1/4709 4707/1/4707 
f 4710/1/4710 4709/1/4709 4671/1/4671 4670/1/4670 
f 4711/1/4711 4712/1/4712 4709/1/4709 4710/1/4710 
f 4707/1/4707 4709/1/4709 4712/1/4712 4708/1/4708 
f 4670/1/4670 4679/1/4679 4713/1/4713 4710/1/4710 
f 4714/1/4714 4713/1/4713 4679/1/4679 4678/1/4678 
f 4715/1/4715 4716/1/4716 4713/1/4713 4714/1/4714 
f 4710/1/4710 4713/1/4713 4716/1/4716 4711/1/4711 
f 4678/1/4678 4684/1/4684 4717/1/4717 4714/1/4714 
f 4718/1/4718 4717/1/4717 4684/1/4684 4685/1/4685 
f 4719/1/4719 4720/1/4720 4717/1/4717 4718/1/4718 
f 4714/1/4714 4717/1/4717 4720/1/4720 4715/1/4715 
f 4721/1/4721 4722/1/4722 4723/1/4723 4724/1/4724 
f 4725/1/4725 4726/1/4726 4723/1/4723 4722/1/4722 
f 4692/1/4692 4723/1/4723 4726/1/4726 4691/1/4691 
f 4724/1/4724 4723/1/4723 4692/1/4692 4631/1/4631 
f 4719/1/4719 4718/1/4718 4727/1/4727 4728/1/4728 
f 4687/1/4687 4727/1/4727 4718/1/4718 4685/1/4685 
f 4691/1/4691 4726/1/4726 4727/1/4727 4687/1/4687 
f 4728/1/4728 4727/1/4727 4726/1/4726 4725/1/4725 
f 4700/1/4700 4704/1/4704 4729/1/4729 4730/1/4730 
f 4731/1/4731 4729/1/4729 4704/1/4704 4703/1/4703 
f 4732/1/4732 4729/1/4729 4731/1/4731 4733/1/4733 
f 4729/1/4729 4732/1/4732 4734/1/4734 
f 4733/1/4733 4731/1/4731 4735/1/4735 4736/1/4736 
f 4706/1/4706 4735/1/4735 4731/1/4731 4703/1/4703 
f 4708/1/4708 4737/1/4737 4735/1/4735 4706/1/4706 
f 4737/1/4737 4738/1/4738 4736/1/4736 
f 4708/1/4708 4712/1/4712 4739/1/4739 4737/1/4737 
f 4740/1/4740 4739/1/4739 4712/1/4712 4711/1/4711 
f 4741/1/4741 4742/1/4742 4739/1/4739 4740/1/4740 
f 4737/1/4737 4739/1/4739 4742/1/4742 4738/1/4738 
f 4743/1/4743 4744/1/4744 4745/1/4745 4746/1/4746 
f 4740/1/4740 4745/1/4745 4744/1/4744 4741/1/4741 
f 4711/1/4711 4716/1/4716 4745/1/4745 4740/1/4740 
f 4746/1/4746 4745/1/4745 4716/1/4716 4715/1/4715 
f 4715/1/4715 4720/1/4720 4747/1/4747 4746/1/4746 
f 4748/1/4748 4747/1/4747 4720/1/4720 4719/1/4719 
f 4749/1/4749 4750/1/4750 4747/1/4747 4748/1/4748 
f 4746/1/4746 4747/1/4747 4750/1/4750 4743/1/4743 
f 4749/1/4749 4748/1/4748 4751/1/4751 4752/1/4752 
f 4728/1/4728 4751/1/4751 4748/1/4748 4719/1/4719 
f 4725/1/4725 4753/1/4753 4751/1/4751 4728/1/4728 
f 4752/1/4752 4751/1/4751 4753/1/4753 4754/1/4754 
f 4755/1/4755 4629/1/4629 4635/1/4635 4756/1/4756 
f 4634/1/4634 4757/1/4757 4756/1/4756 4635/1/4635 
f 4758/1/4758 4759/1/4759 4756/1/4756 4757/1/4757 
f 4760/1/4760 4755/1/4755 4756/1/4756 4759/1/4759 
f 4761/1/4761 4762/1/4762 4763/1/4763 4764/1/4764 
f 4749/1/4749 4752/1/4752 4763/1/4763 4762/1/4762 
f 4754/1/4754 4764/1/4764 4763/1/4763 4752/1/4752 
f 4761/1/4761 4765/1/4765 4766/1/4766 4767/1/4767 
f 4738/1/4738 4742/1/4742 4766/1/4766 4765/1/4765 
f 4741/1/4741 4767/1/4767 4766/1/4766 4742/1/4742 
f 4758/1/4758 4757/1/4757 4768/1/4768 4769/1/4769 
f 4634/1/4634 4639/1/4639 4768/1/4768 4757/1/4757 
f 4638/1/4638 4770/1/4770 4768/1/4768 4639/1/4639 
f 4771/1/4771 4769/1/4769 4768/1/4768 4770/1/4770 
f 4772/1/4772 4773/1/4773 4774/1/4774 4761/1/4761 
f 4734/1/4734 4732/1/4732 4773/1/4773 4772/1/4772 
f 4733/1/4733 4774/1/4774 4773/1/4773 4732/1/4732 
f 4774/1/4774 4775/1/4775 4765/1/4765 4761/1/4761 
f 4733/1/4733 4736/1/4736 4775/1/4775 4774/1/4774 
f 4738/1/4738 4765/1/4765 4775/1/4775 4736/1/4736 
f 4761/1/4761 4767/1/4767 4776/1/4776 4777/1/4777 
f 4741/1/4741 4744/1/4744 4776/1/4776 4767/1/4767 
f 4743/1/4743 4777/1/4777 4776/1/4776 4744/1/4744 
f 4761/1/4761 4777/1/4777 4778/1/4778 4762/1/4762 
f 4743/1/4743 4750/1/4750 4778/1/4778 4777/1/4777 
f 4749/1/4749 4762/1/4762 4778/1/4778 4750/1/4750 
f 4753/1/4753 4779/1/4779 4780/1/4780 4754/1/4754 
f 4722/1/4722 4779/1/4779 4753/1/4753 4725/1/4725 
f 4781/1/4781 4779/1/4779 4722/1/4722 4721/1/4721 
f 4782/1/4782 4780/1/4780 4779/1/4779 4781/1/4781 
f 4761/1/4761 4764/1/4764 4783/1/4783 4784/1/4784 
f 4754/1/4754 4780/1/4780 4783/1/4783 4764/1/4764 
f 4782/1/4782 4784/1/4784 4783/1/4783 4780/1/4780 
f 4785/1/4785 4786/1/4786 4787/1/4787 4788/1/4788 
f 4734/1/4734 4772/1/4772 4786/1/4786 4785/1/4785 
f 4772/1/4772 4761/1/4761 4787/1/4787 
f 4631/1/4631 4630/1/4630 4789/1/4789 4724/1/4724 
f 4755/1/4755 4789/1/4789 4630/1/4630 4629/1/4629 
f 4760/1/4760 4790/1/4790 4789/1/4789 4755/1/4755 
f 4724/1/4724 4789/1/4789 4790/1/4790 4721/1/4721 
f 4791/1/4791 4792/1/4792 4760/1/4760 4759/1/4759 
f 4758/1/4758 4769/1/4769 4791/1/4791 4759/1/4759 
f 4771/1/4771 4793/1/4793 4791/1/4791 4769/1/4769 
f 4794/1/4794 4792/1/4792 4791/1/4791 4793/1/4793 
f 4794/1/4794 4795/1/4795 4796/1/4796 4792/1/4792 
f 4781/1/4781 4796/1/4796 4795/1/4795 4782/1/4782 
f 4721/1/4721 4790/1/4790 4796/1/4796 4781/1/4781 
f 4792/1/4792 4796/1/4796 4790/1/4790 4760/1/4760 
f 4771/1/4771 4770/1/4770 4797/1/4797 4798/1/4798 
f 4638/1/4638 4641/1/4641 4797/1/4797 4770/1/4770 
f 4797/1/4797 4641/1/4641 4643/1/4643 4799/1/4799 
f 4798/1/4798 4797/1/4797 4799/1/4799 4800/1/4800 
f 4801/1/4801 4800/1/4800 4799/1/4799 
f 4645/1/4645 4802/1/4802 4799/1/4799 4643/1/4643 
f 4802/1/4802 4645/1/4645 4649/1/4649 
f 4698/1/4698 4697/1/4697 4801/1/4801 
f 4794/1/4794 4793/1/4793 4803/1/4803 4804/1/4804 
f 4798/1/4798 4803/1/4803 4793/1/4793 4771/1/4771 
f 4800/1/4800 4805/1/4805 4803/1/4803 4798/1/4798 
f 4804/1/4804 4803/1/4803 4805/1/4805 4788/1/4788 
f 4805/1/4805 4800/1/4800 4801/1/4801 4806/1/4806 
f 4697/1/4697 4807/1/4807 4806/1/4806 4801/1/4801 
f 4788/1/4788 4805/1/4805 4806/1/4806 4807/1/4807 
f 4785/1/4785 4788/1/4788 4807/1/4807 
f 4807/1/4807 4697/1/4697 4696/1/4696 
f 4730/1/4730 4808/1/4808 4696/1/4696 4700/1/4700 
f 4785/1/4785 4808/1/4808 4730/1/4730 4734/1/4734 
f 4788/1/4788 4787/1/4787 4809/1/4809 4804/1/4804 
f 4784/1/4784 4809/1/4809 4787/1/4787 4761/1/4761 
f 4782/1/4782 4795/1/4795 4809/1/4809 4784/1/4784 
f 4804/1/4804 4809/1/4809 4795/1/4795 4794/1/4794 
f 4573/1/4573 4572/1/4572 4810/1/4810 4811/1/4811 
f 4582/1/4582 4810/1/4810 4572/1/4572 4571/1/4571 
f 4583/1/4583 4613/1/4613 4810/1/4810 4582/1/4582 
f 4811/1/4811 4810/1/4810 4613/1/4613 4612/1/4612 
f 4611/1/4611 4694/1/4694 4812/1/4812 4610/1/4610 
f 4689/1/4689 4813/1/4813 4812/1/4812 4694/1/4694 
f 4814/1/4814 4812/1/4812 4813/1/4813 4815/1/4815 
f 4610/1/4610 4812/1/4812 4814/1/4814 4612/1/4612 
f 4815/1/4815 4813/1/4813 4816/1/4816 4817/1/4817 
f 4688/1/4688 4816/1/4816 4813/1/4813 4689/1/4689 
f 4682/1/4682 4818/1/4818 4816/1/4816 4688/1/4688 
f 4817/1/4817 4816/1/4816 4818/1/4818 4819/1/4819 
f 4819/1/4819 4818/1/4818 4820/1/4820 4821/1/4821 
f 4680/1/4680 4820/1/4820 4818/1/4818 4682/1/4682 
f 4677/1/4677 4822/1/4822 4820/1/4820 4680/1/4680 
f 4821/1/4821 4820/1/4820 4822/1/4822 4823/1/4823 
f 4822/1/4822 4824/1/4824 4825/1/4825 4823/1/4823 
f 4676/1/4676 4824/1/4824 4822/1/4822 4677/1/4677 
f 4824/1/4824 4676/1/4676 4673/1/4673 
f 4825/1/4825 4824/1/4824 4826/1/4826 4827/1/4827 
f 1844/1/1844 4828/1/4828 4829/1/4829 1845/1/1845 
f 4830/1/4830 4828/1/4828 1844/1/1844 1847/1/1847 
f 4825/1/4825 4828/1/4828 4830/1/4830 4823/1/4823 
f 4829/1/4829 4828/1/4828 4825/1/4825 4827/1/4827 
f 4831/1/4831 4832/1/4832 4833/1/4833 4834/1/4834 
f 4826/1/4826 4832/1/4832 4831/1/4831 4827/1/4827 
f 4672/1/4672 4832/1/4832 4826/1/4826 4673/1/4673 
f 4665/1/4665 4833/1/4833 4832/1/4832 4672/1/4672 
f 4834/1/4834 4833/1/4833 4835/1/4835 4836/1/4836 
f 4664/1/4664 4835/1/4835 4833/1/4833 4665/1/4665 
f 4659/1/4659 4837/1/4837 4835/1/4835 4664/1/4664 
f 4836/1/4836 4835/1/4835 4837/1/4837 4838/1/4838 
f 4838/1/4838 4837/1/4837 4839/1/4839 4840/1/4840 
f 4658/1/4658 4839/1/4839 4837/1/4837 4659/1/4659 
f 4653/1/4653 4841/1/4841 4839/1/4839 4658/1/4658 
f 4840/1/4840 4839/1/4839 4841/1/4841 4842/1/4842 
f 4625/1/4625 4624/1/4624 4843/1/4843 4646/1/4646 
f 4844/1/4844 4843/1/4843 4624/1/4624 4600/1/4600 
f 4845/1/4845 4846/1/4846 4843/1/4843 4844/1/4844 
f 4646/1/4646 4843/1/4843 4846/1/4846 4647/1/4647 
f 4600/1/4600 4599/1/4599 4847/1/4847 4844/1/4844 
f 4603/1/4603 4847/1/4847 4599/1/4599 4594/1/4594 
f 4605/1/4605 4848/1/4848 4847/1/4847 4603/1/4603 
f 4844/1/4844 4847/1/4847 4848/1/4848 4845/1/4845 
f 4842/1/4842 4841/1/4841 4849/1/4849 4850/1/4850 
f 4652/1/4652 4849/1/4849 4841/1/4841 4653/1/4653 
f 4647/1/4647 4846/1/4846 4849/1/4849 4652/1/4652 
f 4850/1/4850 4849/1/4849 4846/1/4846 4845/1/4845 
f 4605/1/4605 4604/1/4604 4851/1/4851 4852/1/4852 
f 3423/1/3423 4851/1/4851 4604/1/4604 3427/1/3427 
f 3422/1/3422 4853/1/4853 4851/1/4851 3423/1/3423 
f 4852/1/4852 4851/1/4851 4853/1/4853 4854/1/4854 
f 4854/1/4854 4855/1/4855 4856/1/4856 4852/1/4852 
f 4857/1/4857 4856/1/4856 4855/1/4855 4858/1/4858 
f 4845/1/4845 4848/1/4848 4856/1/4856 4857/1/4857 
f 4852/1/4852 4856/1/4856 4848/1/4848 4605/1/4605 
f 4854/1/4854 4853/1/4853 4859/1/4859 4860/1/4860 
f 4304/1/4304 4859/1/4859 4853/1/4853 3422/1/3422 
f 4307/1/4307 4861/1/4861 4859/1/4859 4304/1/4304 
f 4860/1/4860 4859/1/4859 4861/1/4861 4862/1/4862 
f 4858/1/4858 4855/1/4855 4863/1/4863 4864/1/4864 
f 4860/1/4860 4863/1/4863 4855/1/4855 4854/1/4854 
f 4862/1/4862 4865/1/4865 4863/1/4863 4860/1/4860 
f 4864/1/4864 4863/1/4863 4865/1/4865 4866/1/4866 
f 4842/1/4842 4850/1/4850 4867/1/4867 4868/1/4868 
f 4857/1/4857 4867/1/4867 4850/1/4850 4845/1/4845 
f 4858/1/4858 4864/1/4864 4867/1/4867 4857/1/4857 
f 4868/1/4868 4867/1/4867 4864/1/4864 4866/1/4866 
f 4869/1/4869 4870/1/4870 4871/1/4871 
f 4840/1/4840 4869/1/4869 4872/1/4872 4838/1/4838 
f 4842/1/4842 4868/1/4868 4869/1/4869 4840/1/4840 
f 4870/1/4870 4869/1/4869 4868/1/4868 4866/1/4866 
f 4873/1/4873 4874/1/4874 4875/1/4875 
f 4876/1/4876 4834/1/4834 4836/1/4836 
f 4838/1/4838 4872/1/4872 4873/1/4873 4836/1/4836 
f 4872/1/4872 4871/1/4871 4874/1/4874 
f 4831/1/4831 4877/1/4877 4878/1/4878 4827/1/4827 
f 4877/1/4877 4831/1/4831 4834/1/4834 
f 4879/1/4879 4877/1/4877 4876/1/4876 4875/1/4875 
f 4878/1/4878 4877/1/4877 4879/1/4879 1897/1/1897 
f 1899/1/1899 4880/1/4880 4878/1/4878 1897/1/1897 
f 1845/1/1845 4829/1/4829 4880/1/4880 1899/1/1899 
f 4827/1/4827 4878/1/4878 4880/1/4880 4829/1/4829 
f 4875/1/4875 4881/1/4881 4882/1/4882 4879/1/4879 
f 4883/1/4883 4882/1/4882 4881/1/4881 4884/1/4884 
f 1903/1/1903 1902/1/1902 4882/1/4882 4883/1/4883 
f 4879/1/4879 4882/1/4882 1902/1/1902 1897/1/1897 
f 4884/1/4884 4881/1/4881 4885/1/4885 4886/1/4886 
f 4874/1/4874 4885/1/4885 4881/1/4881 4875/1/4875 
f 4871/1/4871 4887/1/4887 4885/1/4885 4874/1/4874 
f 4886/1/4886 4885/1/4885 4887/1/4887 4888/1/4888 
f 1912/1/1912 1911/1/1911 4889/1/4889 4890/1/4890 
f 4883/1/4883 4889/1/4889 1911/1/1911 1903/1/1903 
f 4884/1/4884 4886/1/4886 4889/1/4889 4883/1/4883 
f 4890/1/4890 4889/1/4889 4886/1/4886 4888/1/4888 
f 4887/1/4887 4871/1/4871 4870/1/4870 
f 4870/1/4870 4866/1/4866 4891/1/4891 
f 4891/1/4891 4892/1/4892 4893/1/4893 
f 4888/1/4888 4887/1/4887 4894/1/4894 4893/1/4893 
f 1912/1/1912 4890/1/4890 4895/1/4895 1918/1/1918 
f 4896/1/4896 4895/1/4895 4890/1/4890 4888/1/4888 
f 4897/1/4897 4898/1/4898 4895/1/4895 4896/1/4896 
f 1918/1/1918 4895/1/4895 4898/1/4898 1921/1/1921 
f 4899/1/4899 4900/1/4900 4901/1/4901 1928/1/1928 
f 1921/1/1921 4898/1/4898 4900/1/4900 4899/1/4899 
f 4901/1/4901 4900/1/4900 4898/1/4898 4897/1/4897 
f 1926/1/1926 1921/1/1921 4899/1/4899 4902/1/4902 
f 1928/1/1928 1927/1/1927 4902/1/4902 4899/1/4899 
f 1926/1/1926 4902/1/4902 1927/1/1927 
f 4897/1/4897 4903/1/4903 4904/1/4904 4901/1/4901 
f 4905/1/4905 4904/1/4904 4903/1/4903 4906/1/4906 
f 1932/1/1932 1931/1/1931 4904/1/4904 4905/1/4905 
f 4901/1/4901 4904/1/4904 1931/1/1931 1928/1/1928 
f 4897/1/4897 4896/1/4896 4907/1/4907 4903/1/4903 
f 4893/1/4893 4907/1/4907 4896/1/4896 4888/1/4888 
f 4907/1/4907 4893/1/4893 4892/1/4892 
f 4908/1/4908 4906/1/4906 4903/1/4903 
f 1941/1/1941 4909/1/4909 4910/1/4910 4911/1/4911 
f 4905/1/4905 4910/1/4910 4909/1/4909 1932/1/1932 
f 4906/1/4906 4911/1/4911 4910/1/4910 4905/1/4905 
f 1932/1/1932 4909/1/4909 4912/1/4912 1939/1/1939 
f 1941/1/1941 1940/1/1940 4912/1/4912 4909/1/4909 
f 1939/1/1939 4912/1/4912 1940/1/1940 
f 4911/1/4911 4913/1/4913 1942/1/1942 1941/1/1941 
f 4914/1/4914 4913/1/4913 4911/1/4911 4906/1/4906 
f 4915/1/4915 4916/1/4916 4913/1/4913 4914/1/4914 
f 1942/1/1942 4913/1/4913 4916/1/4916 1945/1/1945 
f 4917/1/4917 4918/1/4918 4919/1/4919 4920/1/4920 
f 4918/1/4918 4322/1/4322 4333/1/4333 4919/1/4919 
f 1346/1/1346 1952/1/1952 4919/1/4919 4333/1/4333 
f 4920/1/4920 4919/1/4919 1952/1/1952 1953/1/1953 
f 4921/1/4921 4922/1/4922 4923/1/4923 4924/1/4924 
f 4923/1/4923 4922/1/4922 1953/1/1953 
f 1960/1/1960 4925/1/4925 4923/1/4923 1961/1/1961 
f 4924/1/4924 4923/1/4923 4925/1/4925 4926/1/4926 
f 4917/1/4917 4920/1/4920 4927/1/4927 4928/1/4928 
f 4922/1/4922 4927/1/4927 4920/1/4920 1953/1/1953 
f 4921/1/4921 4929/1/4929 4927/1/4927 4922/1/4922 
f 4928/1/4928 4927/1/4927 4929/1/4929 4930/1/4930 
f 4323/1/4323 4931/1/4931 4932/1/4932 4313/1/4313 
f 4323/1/4323 4322/1/4322 4918/1/4918 
f 4917/1/4917 4928/1/4928 4931/1/4931 4918/1/4918 
f 4930/1/4930 4932/1/4932 4931/1/4931 4928/1/4928 
f 4933/1/4933 4929/1/4929 4921/1/4921 4924/1/4924 
f 4926/1/4926 4934/1/4934 4933/1/4933 4924/1/4924 
f 4935/1/4935 4936/1/4936 4933/1/4933 4934/1/4934 
f 4929/1/4929 4933/1/4933 4936/1/4936 4930/1/4930 
f 4937/1/4937 4938/1/4938 4939/1/4939 4940/1/4940 
f 4311/1/4311 4939/1/4939 4938/1/4938 4309/1/4309 
f 4313/1/4313 4932/1/4932 4939/1/4939 4311/1/4311 
f 4940/1/4940 4939/1/4939 4932/1/4932 4930/1/4930 
f 4941/1/4941 4942/1/4942 4943/1/4943 4944/1/4944 
f 4926/1/4926 4925/1/4925 4942/1/4942 4941/1/4941 
f 1980/1/1980 4942/1/4942 4925/1/4925 1960/1/1960 
f 4943/1/4943 4942/1/4942 1980/1/1980 1981/1/1981 
f 4945/1/4945 4946/1/4946 4947/1/4947 4948/1/4948 
f 4940/1/4940 4947/1/4947 4946/1/4946 4937/1/4937 
f 4930/1/4930 4936/1/4936 4947/1/4947 4940/1/4940 
f 4948/1/4948 4947/1/4947 4936/1/4936 4935/1/4935 
f 4935/1/4935 4934/1/4934 4949/1/4949 4948/1/4948 
f 4941/1/4941 4949/1/4949 4934/1/4934 4926/1/4926 
f 4944/1/4944 4950/1/4950 4949/1/4949 4941/1/4941 
f 4948/1/4948 4949/1/4949 4950/1/4950 4945/1/4945 
f 4951/1/4951 4952/1/4952 4953/1/4953 4954/1/4954 
f 4943/1/4943 4953/1/4953 4952/1/4952 4944/1/4944 
f 1981/1/1981 1992/1/1992 4953/1/4953 4943/1/4943 
f 4954/1/4954 4953/1/4953 1992/1/1992 1993/1/1993 
f 4955/1/4955 4956/1/4956 4957/1/4957 4958/1/4958 
f 4956/1/4956 4307/1/4307 4306/1/4306 
f 4309/1/4309 4938/1/4938 4957/1/4957 4306/1/4306 
f 4958/1/4958 4957/1/4957 4938/1/4938 4937/1/4937 
f 1993/1/1993 1999/1/1999 4959/1/4959 4954/1/4954 
f 4916/1/4916 4959/1/4959 1999/1/1999 1945/1/1945 
f 4915/1/4915 4960/1/4960 4959/1/4959 4916/1/4916 
f 4954/1/4954 4959/1/4959 4960/1/4960 4951/1/4951 
f 4961/1/4961 4962/1/4962 4892/1/4892 
f 4866/1/4866 4865/1/4865 4961/1/4961 4891/1/4891 
f 4963/1/4963 4961/1/4961 4865/1/4865 4862/1/4862 
f 4962/1/4962 4961/1/4961 4963/1/4963 4964/1/4964 
f 4965/1/4965 4966/1/4966 4967/1/4967 4968/1/4968 
f 4958/1/4958 4967/1/4967 4966/1/4966 4955/1/4955 
f 4937/1/4937 4946/1/4946 4967/1/4967 4958/1/4958 
f 4968/1/4968 4967/1/4967 4946/1/4946 4945/1/4945 
f 4861/1/4861 4307/1/4307 4956/1/4956 
f 4956/1/4956 4955/1/4955 4969/1/4969 
f 4970/1/4970 4969/1/4969 4964/1/4964 
f 4862/1/4862 4861/1/4861 4970/1/4970 4963/1/4963 
f 4969/1/4969 4971/1/4971 4972/1/4972 4964/1/4964 
f 4955/1/4955 4966/1/4966 4971/1/4971 4969/1/4969 
f 4965/1/4965 4972/1/4972 4971/1/4971 4966/1/4966 
f 4973/1/4973 4914/1/4914 4906/1/4906 
f 4908/1/4908 4892/1/4892 4962/1/4962 
f 4964/1/4964 4974/1/4974 4973/1/4973 4962/1/4962 
f 4914/1/4914 4973/1/4973 4974/1/4974 4915/1/4915 
f 4975/1/4975 4976/1/4976 4972/1/4972 4965/1/4965 
f 4960/1/4960 4976/1/4976 4975/1/4975 4951/1/4951 
f 4915/1/4915 4974/1/4974 4976/1/4976 4960/1/4960 
f 4964/1/4964 4972/1/4972 4976/1/4976 4974/1/4974 
f 4945/1/4945 4950/1/4950 4977/1/4977 4968/1/4968 
f 4952/1/4952 4977/1/4977 4950/1/4950 4944/1/4944 
f 4951/1/4951 4975/1/4975 4977/1/4977 4952/1/4952 
f 4968/1/4968 4977/1/4977 4975/1/4975 4965/1/4965 
f 3663/1/3663 3662/1/3662 4978/1/4978 4979/1/4979 
f 4569/1/4569 4978/1/4978 3662/1/3662 3524/1/3524 
f 4978/1/4978 4569/1/4569 4573/1/4573 
f 4979/1/4979 4978/1/4978 4980/1/4980 4981/1/4981 
f 3667/1/3667 3666/1/3666 4982/1/4982 4983/1/4983 
f 4979/1/4979 4982/1/4982 3666/1/3666 3663/1/3663 
f 4981/1/4981 4984/1/4984 4982/1/4982 4979/1/4979 
f 4983/1/4983 4982/1/4982 4984/1/4984 4985/1/4985 
f 4986/1/4986 4573/1/4573 4811/1/4811 
f 4612/1/4612 4814/1/4814 4987/1/4987 4811/1/4811 
f 4815/1/4815 4988/1/4988 4987/1/4987 4814/1/4814 
f 4986/1/4986 4987/1/4987 4988/1/4988 4989/1/4989 
f 4989/1/4989 4988/1/4988 4990/1/4990 4991/1/4991 
f 4817/1/4817 4990/1/4990 4988/1/4988 4815/1/4815 
f 4819/1/4819 4992/1/4992 4990/1/4990 4817/1/4817 
f 4991/1/4991 4990/1/4990 4992/1/4992 4993/1/4993 
f 4823/1/4823 4994/1/4994 4995/1/4995 4821/1/4821 
f 4996/1/4996 4995/1/4995 4994/1/4994 2037/1/2037 
f 4993/1/4993 4992/1/4992 4995/1/4995 4996/1/4996 
f 4821/1/4821 4995/1/4995 4992/1/4992 4819/1/4819 
f 4994/1/4994 4997/1/4997 2038/1/2038 2037/1/2037 
f 4830/1/4830 4997/1/4997 4994/1/4994 4823/1/4823 
f 1847/1/1847 2038/1/2038 4997/1/4997 4830/1/4830 
f 4981/1/4981 4980/1/4980 4998/1/4998 4999/1/4999 
f 4986/1/4986 4998/1/4998 4980/1/4980 4573/1/4573 
f 4998/1/4998 4986/1/4986 4989/1/4989 
f 5000/1/5000 5001/1/5001 4999/1/4999 
f 4984/1/4984 5002/1/5002 5003/1/5003 4985/1/4985 
f 4999/1/4999 5002/1/5002 4984/1/4984 4981/1/4981 
f 5002/1/5002 4999/1/4999 5001/1/5001 
f 5003/1/5003 5002/1/5002 5004/1/5004 5005/1/5005 
f 5006/1/5006 5007/1/5007 5001/1/5001 
f 4991/1/4991 5006/1/5006 5000/1/5000 4989/1/4989 
f 4993/1/4993 5008/1/5008 5006/1/5006 4991/1/4991 
f 5009/1/5009 5007/1/5007 5006/1/5006 5008/1/5008 
f 2052/1/2052 5010/1/5010 5011/1/5011 2053/1/2053 
f 5008/1/5008 5011/1/5011 5010/1/5010 5009/1/5009 
f 5011/1/5011 5008/1/5008 4993/1/4993 
f 2053/1/2053 5011/1/5011 4996/1/4996 2037/1/2037 
f 4985/1/4985 5003/1/5003 5012/1/5012 4983/1/4983 
f 5013/1/5013 5012/1/5012 5003/1/5003 5005/1/5005 
f 5014/1/5014 5015/1/5015 5012/1/5012 5013/1/5013 
f 4983/1/4983 5012/1/5012 5015/1/5015 3667/1/3667 
f 3667/1/3667 5015/1/5015 5016/1/5016 3671/1/3671 
f 5017/1/5017 5016/1/5016 5015/1/5015 5014/1/5014 
f 5018/1/5018 5019/1/5019 5016/1/5016 5017/1/5017 
f 3671/1/3671 5016/1/5016 5019/1/5019 3668/1/3668 
f 3672/1/3672 3675/1/3675 5020/1/5020 5021/1/5021 
f 3668/1/3668 5019/1/5019 5020/1/5020 3675/1/3675 
f 5018/1/5018 5022/1/5022 5020/1/5020 5019/1/5019 
f 5021/1/5021 5020/1/5020 5022/1/5022 5023/1/5023 
f 3687/1/3687 3686/1/3686 5024/1/5024 5025/1/5025 
f 5026/1/5026 5024/1/5024 3686/1/3686 3681/1/3681 
f 5027/1/5027 5028/1/5028 5024/1/5024 5026/1/5026 
f 5025/1/5025 5024/1/5024 5028/1/5028 5029/1/5029 
f 3690/1/3690 3689/1/3689 5030/1/5030 5031/1/5031 
f 5025/1/5025 5030/1/5030 3689/1/3689 3687/1/3687 
f 5029/1/5029 5032/1/5032 5030/1/5030 5025/1/5025 
f 5031/1/5031 5030/1/5030 5032/1/5032 5033/1/5033 
f 2078/1/2078 5034/1/5034 5035/1/5035 2079/1/2079 
f 5034/1/5034 5033/1/5033 5032/1/5032 
f 5036/1/5036 5035/1/5035 5032/1/5032 5029/1/5029 
f 2082/1/2082 2079/1/2079 5035/1/5035 5036/1/5036 
f 5037/1/5037 5038/1/5038 5039/1/5039 5040/1/5040 
f 3693/1/3693 5039/1/5039 5038/1/5038 3694/1/3694 
f 3690/1/3690 5031/1/5031 5039/1/5039 3693/1/3693 
f 5031/1/5031 5033/1/5033 5040/1/5040 
f 5040/1/5040 5041/1/5041 5042/1/5042 5037/1/5037 
f 5033/1/5033 5034/1/5034 5041/1/5041 5040/1/5040 
f 2078/1/2078 2091/1/2091 5041/1/5041 5034/1/5034 
f 2090/1/2090 5042/1/5042 5041/1/5041 2091/1/2091 
f 3694/1/3694 5038/1/5038 5043/1/5043 3697/1/3697 
f 5044/1/5044 5043/1/5043 5038/1/5038 5037/1/5037 
f 5045/1/5045 5046/1/5046 5043/1/5043 5044/1/5044 
f 3697/1/3697 5043/1/5043 5046/1/5046 3698/1/3698 
f 5037/1/5037 5042/1/5042 5047/1/5047 5044/1/5044 
f 2099/1/2099 5047/1/5047 5042/1/5042 2090/1/2090 
f 2098/1/2098 5048/1/5048 5047/1/5047 2099/1/2099 
f 5044/1/5044 5047/1/5047 5048/1/5048 5045/1/5045 
f 5049/1/5049 3701/1/3701 3698/1/3698 
f 5050/1/5050 5049/1/5049 5046/1/5046 5045/1/5045 
f 5051/1/5051 5052/1/5052 5049/1/5049 5050/1/5050 
f 5052/1/5052 3702/1/3702 3701/1/3701 
f 3679/1/3679 3678/1/3678 5053/1/5053 5054/1/5054 
f 5021/1/5021 5053/1/5053 3678/1/3678 3672/1/3672 
f 5023/1/5023 5055/1/5055 5053/1/5053 5021/1/5021 
f 5054/1/5054 5053/1/5053 5055/1/5055 5056/1/5056 
f 3681/1/3681 3680/1/3680 5057/1/5057 5026/1/5026 
f 5054/1/5054 5057/1/5057 3680/1/3680 3679/1/3679 
f 5056/1/5056 5058/1/5058 5057/1/5057 5054/1/5054 
f 5026/1/5026 5057/1/5057 5058/1/5058 5027/1/5027 
f 5029/1/5029 5028/1/5028 5059/1/5059 5036/1/5036 
f 5060/1/5060 5059/1/5059 5028/1/5028 5027/1/5027 
f 2112/1/2112 2111/1/2111 5059/1/5059 5060/1/5060 
f 5036/1/5036 5059/1/5059 2111/1/2111 2082/1/2082 
f 5023/1/5023 5022/1/5022 5061/1/5061 5062/1/5062 
f 5063/1/5063 5061/1/5061 5022/1/5022 5018/1/5018 
f 2114/1/2114 2117/1/2117 5061/1/5061 5063/1/5063 
f 5062/1/5062 5061/1/5061 2117/1/2117 2119/1/2119 
f 5056/1/5056 5055/1/5055 5064/1/5064 5065/1/5065 
f 5062/1/5062 5064/1/5064 5055/1/5055 5023/1/5023 
f 2119/1/2119 2122/1/2122 5064/1/5064 5062/1/5062 
f 5065/1/5065 5064/1/5064 2122/1/2122 2123/1/2123 
f 5027/1/5027 5058/1/5058 5066/1/5066 5060/1/5060 
f 5065/1/5065 5066/1/5066 5058/1/5058 5056/1/5056 
f 2123/1/2123 2125/1/2125 5066/1/5066 5065/1/5065 
f 5060/1/5060 5066/1/5066 2125/1/2125 2112/1/2112 
f 5014/1/5014 5013/1/5013 5067/1/5067 5068/1/5068 
f 5069/1/5069 5067/1/5067 5013/1/5013 5005/1/5005 
f 5070/1/5070 5071/1/5071 5067/1/5067 5069/1/5069 
f 5068/1/5068 5067/1/5067 5071/1/5071 2129/1/2129 
f 5005/1/5005 5004/1/5004 5072/1/5072 5069/1/5069 
f 5007/1/5007 5072/1/5072 5004/1/5004 5001/1/5001 
f 5073/1/5073 5072/1/5072 5007/1/5007 5009/1/5009 
f 5069/1/5069 5072/1/5072 5073/1/5073 5070/1/5070 
f 5009/1/5009 5010/1/5010 5074/1/5074 5073/1/5073 
f 2137/1/2137 5074/1/5074 5010/1/5010 2052/1/2052 
f 2136/1/2136 5075/1/5075 5074/1/5074 2137/1/2137 
f 5073/1/5073 5074/1/5074 5075/1/5075 5070/1/5070 
f 5070/1/5070 5075/1/5075 5076/1/5076 5071/1/5071 
f 2136/1/2136 2139/1/2139 5076/1/5076 5075/1/5075 
f 5071/1/5071 5076/1/5076 2139/1/2139 2129/1/2129 
f 2114/1/2114 5063/1/5063 5077/1/5077 2141/1/2141 
f 5017/1/5017 5077/1/5077 5063/1/5063 5018/1/5018 
f 5068/1/5068 5077/1/5077 5017/1/5017 5014/1/5014 
f 2141/1/2141 5077/1/5077 5068/1/5068 2129/1/2129 
f 5078/1/5078 5079/1/5079 5080/1/5080 5081/1/5081 
f 3907/1/3907 5080/1/5080 5079/1/5079 3899/1/3899 
f 3911/1/3911 5082/1/5082 5080/1/5080 3907/1/3907 
f 5081/1/5081 5080/1/5080 5082/1/5082 5083/1/5083 
f 3921/1/3921 5084/1/5084 5082/1/5082 3911/1/3911 
f 5085/1/5085 5084/1/5084 3921/1/3921 3925/1/3925 
f 5086/1/5086 5087/1/5087 5084/1/5084 5085/1/5085 
f 5083/1/5083 5082/1/5082 5084/1/5084 5087/1/5087 
f 3925/1/3925 3933/1/3933 5088/1/5088 5085/1/5085 
f 5089/1/5089 5088/1/5088 3933/1/3933 3937/1/3937 
f 5090/1/5090 5091/1/5091 5088/1/5088 5089/1/5089 
f 5085/1/5085 5088/1/5088 5091/1/5091 5086/1/5086 
f 3937/1/3937 3954/1/3954 5092/1/5092 5089/1/5089 
f 3929/1/3929 5093/1/5093 5092/1/5092 3954/1/3954 
f 5094/1/5094 5092/1/5092 5093/1/5093 5095/1/5095 
f 5089/1/5089 5092/1/5092 5094/1/5094 5090/1/5090 
f 2160/1/2160 2163/1/2163 5096/1/5096 5097/1/5097 
f 3898/1/3898 5096/1/5096 2163/1/2163 881/1/881 
f 3899/1/3899 5079/1/5079 5096/1/5096 3898/1/3898 
f 5097/1/5097 5096/1/5096 5079/1/5079 5078/1/5078 
f 5098/1/5098 5099/1/5099 5100/1/5100 5101/1/5101 
f 2164/1/2164 5099/1/5099 5098/1/5098 2167/1/2167 
f 2164/1/2164 2160/1/2160 5097/1/5097 
f 5099/1/5099 5097/1/5097 5078/1/5078 
f 5101/1/5101 5100/1/5100 5102/1/5102 5103/1/5103 
f 5081/1/5081 5102/1/5102 5100/1/5100 5078/1/5078 
f 5083/1/5083 5104/1/5104 5102/1/5102 5081/1/5081 
f 5103/1/5103 5102/1/5102 5104/1/5104 5105/1/5105 
f 5106/1/5106 5107/1/5107 5108/1/5108 5109/1/5109 
f 5105/1/5105 5104/1/5104 5108/1/5108 5107/1/5107 
f 5087/1/5087 5108/1/5108 5104/1/5104 5083/1/5083 
f 5109/1/5109 5108/1/5108 5087/1/5087 5086/1/5086 
f 5110/1/5110 5111/1/5111 5112/1/5112 5113/1/5113 
f 5109/1/5109 5112/1/5112 5111/1/5111 5106/1/5106 
f 5086/1/5086 5091/1/5091 5112/1/5112 5109/1/5109 
f 5113/1/5113 5112/1/5112 5091/1/5091 5090/1/5090 
f 5114/1/5114 5115/1/5115 5116/1/5116 5117/1/5117 
f 5113/1/5113 5115/1/5115 5114/1/5114 5110/1/5110 
f 5090/1/5090 5094/1/5094 5115/1/5115 5113/1/5113 
f 5095/1/5095 5116/1/5116 5115/1/5115 5094/1/5094 
f 2167/1/2167 5098/1/5098 5118/1/5118 2186/1/2186 
f 5103/1/5103 5118/1/5118 5098/1/5098 5101/1/5101 
f 5105/1/5105 5119/1/5119 5118/1/5118 5103/1/5103 
f 2186/1/2186 5118/1/5118 5119/1/5119 2189/1/2189 
f 5120/1/5120 5121/1/5121 5122/1/5122 5123/1/5123 
f 5119/1/5119 5122/1/5122 5121/1/5121 2189/1/2189 
f 5105/1/5105 5107/1/5107 5122/1/5122 5119/1/5119 
f 5123/1/5123 5122/1/5122 5107/1/5107 5106/1/5106 
f 2194/1/2194 2197/1/2197 5124/1/5124 5125/1/5125 
f 5121/1/5121 5124/1/5124 2197/1/2197 2189/1/2189 
f 5120/1/5120 5125/1/5125 5124/1/5124 5121/1/5121 
f 5126/1/5126 5127/1/5127 5128/1/5128 5129/1/5129 
f 5123/1/5123 5128/1/5128 5127/1/5127 5120/1/5120 
f 5106/1/5106 5111/1/5111 5128/1/5128 5123/1/5123 
f 5129/1/5129 5128/1/5128 5111/1/5111 5110/1/5110 
f 2202/1/2202 2205/1/2205 5130/1/5130 5131/1/5131 
f 5125/1/5125 5130/1/5130 2205/1/2205 2194/1/2194 
f 5120/1/5120 5127/1/5127 5130/1/5130 5125/1/5125 
f 5131/1/5131 5130/1/5130 5127/1/5127 5126/1/5126 
f 5129/1/5129 5132/1/5132 5133/1/5133 5126/1/5126 
f 5110/1/5110 5114/1/5114 5132/1/5132 5129/1/5129 
f 5117/1/5117 5134/1/5134 5132/1/5132 5114/1/5114 
f 5133/1/5133 5132/1/5132 5134/1/5134 5135/1/5135 
f 2212/1/2212 5136/1/5136 5137/1/5137 2213/1/2213 
f 5131/1/5131 5136/1/5136 2212/1/2212 2202/1/2202 
f 5126/1/5126 5133/1/5133 5136/1/5136 5131/1/5131 
f 5135/1/5135 5137/1/5137 5136/1/5136 5133/1/5133 
f 2213/1/2213 5137/1/5137 5138/1/5138 2214/1/2214 
f 5139/1/5139 5138/1/5138 5137/1/5137 5135/1/5135 
f 5140/1/5140 5141/1/5141 5138/1/5138 5139/1/5139 
f 2214/1/2214 5138/1/5138 5141/1/5141 2217/1/2217 
f 5140/1/5140 5139/1/5139 5142/1/5142 5143/1/5143 
f 5135/1/5135 5134/1/5134 5142/1/5142 5139/1/5139 
f 5144/1/5144 5142/1/5142 5134/1/5134 5117/1/5117 
f 5143/1/5143 5142/1/5142 5144/1/5144 5145/1/5145 
f 2217/1/2217 5141/1/5141 5146/1/5146 2224/1/2224 
f 5143/1/5143 5146/1/5146 5141/1/5141 5140/1/5140 
f 5145/1/5145 5147/1/5147 5146/1/5146 5143/1/5143 
f 2224/1/2224 5146/1/5146 5147/1/5147 2227/1/2227 
f 5145/1/5145 5144/1/5144 5148/1/5148 5149/1/5149 
f 5116/1/5116 5148/1/5148 5144/1/5144 5117/1/5117 
f 5150/1/5150 5148/1/5148 5116/1/5116 5095/1/5095 
f 5149/1/5149 5148/1/5148 5150/1/5150 5151/1/5151 
f 5095/1/5095 5093/1/5093 5152/1/5152 5150/1/5150 
f 3928/1/3928 5152/1/5152 5093/1/5093 3929/1/3929 
f 3824/1/3824 5153/1/5153 5152/1/5152 3928/1/3928 
f 5150/1/5150 5152/1/5152 5153/1/5153 5151/1/5151 
f 2227/1/2227 5147/1/5147 5154/1/5154 2234/1/2234 
f 5149/1/5149 5154/1/5154 5147/1/5147 5145/1/5145 
f 5151/1/5151 5155/1/5155 5154/1/5154 5149/1/5149 
f 2234/1/2234 5154/1/5154 5155/1/5155 2237/1/2237 
f 3824/1/3824 3823/1/3823 5156/1/5156 5153/1/5153 
f 5157/1/5157 5156/1/5156 3823/1/3823 3711/1/3711 
f 5158/1/5158 5159/1/5159 5156/1/5156 5157/1/5157 
f 5153/1/5153 5156/1/5156 5159/1/5159 5151/1/5151 
f 2242/1/2242 2245/1/2245 5160/1/5160 5161/1/5161 
f 2237/1/2237 5155/1/5155 5160/1/5160 2245/1/2245 
f 5159/1/5159 5160/1/5160 5155/1/5155 5151/1/5151 
f 5161/1/5161 5160/1/5160 5159/1/5159 5158/1/5158 
f 3711/1/3711 3708/1/3708 5162/1/5162 5157/1/5157 
f 5163/1/5163 5162/1/5162 3708/1/3708 3707/1/3707 
f 5164/1/5164 5165/1/5165 5162/1/5162 5163/1/5163 
f 5157/1/5157 5162/1/5162 5165/1/5165 5158/1/5158 
f 3707/1/3707 3713/1/3713 5166/1/5166 5163/1/5163 
f 5052/1/5052 5166/1/5166 3713/1/3713 3702/1/3702 
f 5051/1/5051 5167/1/5167 5166/1/5166 5052/1/5052 
f 5163/1/5163 5166/1/5166 5167/1/5167 5164/1/5164 
f 2254/1/2254 2253/1/2253 5168/1/5168 5169/1/5169 
f 5161/1/5161 5168/1/5168 2253/1/2253 2242/1/2242 
f 5158/1/5158 5165/1/5165 5168/1/5168 5161/1/5161 
f 5169/1/5169 5168/1/5168 5165/1/5165 5164/1/5164 
f 2258/1/2258 5170/1/5170 5171/1/5171 2259/1/2259 
f 5050/1/5050 5171/1/5171 5170/1/5170 5051/1/5051 
f 5045/1/5045 5048/1/5048 5171/1/5171 5050/1/5050 
f 2259/1/2259 5171/1/5171 5048/1/5048 2098/1/2098 
f 5164/1/5164 5167/1/5167 5172/1/5172 5169/1/5169 
f 5170/1/5170 5172/1/5172 5167/1/5167 5051/1/5051 
f 2258/1/2258 2261/1/2261 5172/1/5172 5170/1/5170 
f 5169/1/5169 5172/1/5172 2261/1/2261 2254/1/2254 
f 3732/1/3732 3731/1/3731 5173/1/5173 5174/1/5174 
f 3786/1/3786 5173/1/5173 3731/1/3731 3725/1/3725 
f 3787/1/3787 4422/1/4422 5173/1/5173 3786/1/3786 
f 4422/1/4422 4425/1/4425 5174/1/5174 
f 3757/1/3757 3754/1/3754 5175/1/5175 5176/1/5176 
f 3754/1/3754 3733/1/3733 3730/1/3730 
f 5175/1/5175 3730/1/3730 3732/1/3732 
f 5176/1/5176 5175/1/5175 5177/1/5177 5178/1/5178 
f 4551/1/4551 4550/1/4550 5179/1/5179 5180/1/5180 
f 5176/1/5176 5179/1/5179 4550/1/4550 3757/1/3757 
f 5178/1/5178 5181/1/5181 5179/1/5179 5176/1/5176 
f 5180/1/5180 5179/1/5179 5181/1/5181 5182/1/5182 
f 4563/1/4563 4562/1/4562 5183/1/5183 5184/1/5184 
f 5180/1/5180 5183/1/5183 4562/1/4562 4551/1/4551 
f 5182/1/5182 5185/1/5185 5183/1/5183 5180/1/5180 
f 5184/1/5184 5183/1/5183 5185/1/5185 5186/1/5186 
f 4567/1/4567 4566/1/4566 5187/1/5187 5188/1/5188 
f 5184/1/5184 5187/1/5187 4566/1/4566 4563/1/4563 
f 5186/1/5186 5189/1/5189 5187/1/5187 5184/1/5184 
f 5188/1/5188 5187/1/5187 5189/1/5189 5190/1/5190 
f 5191/1/5191 5192/1/5192 5193/1/5193 
f 5194/1/5194 4425/1/4425 4424/1/4424 
f 5191/1/5191 4424/1/4424 4410/1/4410 
f 4427/1/4427 4426/1/4426 5192/1/5192 
f 4426/1/4426 4431/1/4431 5195/1/5195 5192/1/5192 
f 5196/1/5196 5195/1/5195 4431/1/4431 4430/1/4430 
f 5197/1/5197 5198/1/5198 5195/1/5195 5196/1/5196 
f 5192/1/5192 5195/1/5195 5198/1/5198 5193/1/5193 
f 5199/1/5199 5200/1/5200 5178/1/5178 
f 5177/1/5177 3732/1/3732 5174/1/5174 
f 5199/1/5199 5174/1/5174 4425/1/4425 
f 5201/1/5201 5202/1/5202 5200/1/5200 
f 5200/1/5200 5203/1/5203 5181/1/5181 5178/1/5178 
f 5204/1/5204 5203/1/5203 5200/1/5200 5202/1/5202 
f 5205/1/5205 5206/1/5206 5203/1/5203 5204/1/5204 
f 5182/1/5182 5181/1/5181 5203/1/5203 5206/1/5206 
f 5206/1/5206 5207/1/5207 5185/1/5185 5182/1/5182 
f 5208/1/5208 5207/1/5207 5206/1/5206 5205/1/5205 
f 5209/1/5209 5207/1/5207 5208/1/5208 5210/1/5210 
f 5186/1/5186 5185/1/5185 5207/1/5207 5209/1/5209 
f 5190/1/5190 5189/1/5189 5211/1/5211 5212/1/5212 
f 5209/1/5209 5211/1/5211 5189/1/5189 5186/1/5186 
f 5210/1/5210 5213/1/5213 5211/1/5211 5209/1/5209 
f 5214/1/5214 5212/1/5212 5211/1/5211 5213/1/5213 
f 5215/1/5215 5216/1/5216 5217/1/5217 5218/1/5218 
f 5219/1/5219 5220/1/5220 5216/1/5216 5215/1/5215 
f 5214/1/5214 5221/1/5221 5216/1/5216 5220/1/5220 
f 5222/1/5222 5217/1/5217 5216/1/5216 5221/1/5221 
f 5222/1/5222 5221/1/5221 5223/1/5223 5224/1/5224 
f 5213/1/5213 5223/1/5223 5221/1/5221 5214/1/5214 
f 5210/1/5210 5225/1/5225 5223/1/5223 5213/1/5213 
f 5224/1/5224 5223/1/5223 5225/1/5225 5226/1/5226 
f 5226/1/5226 5225/1/5225 5227/1/5227 5228/1/5228 
f 5208/1/5208 5227/1/5227 5225/1/5225 5210/1/5210 
f 5205/1/5205 5229/1/5229 5227/1/5227 5208/1/5208 
f 5228/1/5228 5227/1/5227 5229/1/5229 5230/1/5230 
f 4437/1/4437 4436/1/4436 5231/1/5231 5232/1/5232 
f 4414/1/4414 5231/1/5231 4436/1/4436 4415/1/4415 
f 3820/1/3820 5233/1/5233 5231/1/5231 4414/1/4414 
f 5232/1/5232 5231/1/5231 5233/1/5233 5234/1/5234 
f 5197/1/5197 5196/1/5196 5235/1/5235 5236/1/5236 
f 4434/1/4434 5235/1/5235 5196/1/5196 4430/1/4430 
f 4437/1/4437 5232/1/5232 5235/1/5235 4434/1/4434 
f 5236/1/5236 5235/1/5235 5232/1/5232 5234/1/5234 
f 5234/1/5234 5233/1/5233 5237/1/5237 
f 3818/1/3818 5237/1/5237 5233/1/5233 3820/1/3820 
f 4439/1/4439 5237/1/5237 3818/1/3818 3819/1/3819 
f 5237/1/5237 4439/1/4439 4443/1/4443 
f 5238/1/5238 5239/1/5239 5193/1/5193 
f 5198/1/5198 5197/1/5197 5236/1/5236 
f 5238/1/5238 5236/1/5236 5234/1/5234 
f 5240/1/5240 5241/1/5241 5239/1/5239 
f 5242/1/5242 5243/1/5243 5202/1/5202 
f 5201/1/5201 4425/1/4425 5194/1/5194 
f 5242/1/5242 5194/1/5194 5193/1/5193 
f 5239/1/5239 5241/1/5241 5243/1/5243 
f 5230/1/5230 5229/1/5229 5244/1/5244 5245/1/5245 
f 5204/1/5204 5244/1/5244 5229/1/5229 5205/1/5205 
f 5202/1/5202 5243/1/5243 5244/1/5244 5204/1/5204 
f 5245/1/5245 5244/1/5244 5243/1/5243 5241/1/5241 
f 5241/1/5241 5240/1/5240 5246/1/5246 5247/1/5247 
f 5240/1/5240 5234/1/5234 5248/1/5248 
f 5246/1/5246 5248/1/5248 4443/1/4443 
f 5247/1/5247 5246/1/5246 5249/1/5249 5250/1/5250 
f 5251/1/5251 5252/1/5252 5253/1/5253 5254/1/5254 
f 5251/1/5251 4441/1/4441 4445/1/4445 
f 5252/1/5252 4445/1/4445 4447/1/4447 
f 5253/1/5253 5252/1/5252 4475/1/4475 4474/1/4474 
f 5255/1/5255 5249/1/5249 4443/1/4443 
f 4442/1/4442 4441/1/4441 5251/1/5251 
f 5254/1/5254 5256/1/5256 5255/1/5255 5251/1/5251 
f 5249/1/5249 5255/1/5255 5256/1/5256 5250/1/5250 
f 5257/1/5257 5258/1/5258 5254/1/5254 
f 4483/1/4483 5257/1/5257 5253/1/5253 4474/1/4474 
f 4485/1/4485 5259/1/5259 5257/1/5257 4483/1/4483 
f 5258/1/5258 5257/1/5257 5259/1/5259 5260/1/5260 
f 5260/1/5260 5259/1/5259 5261/1/5261 5262/1/5262 
f 4487/1/4487 5261/1/5261 5259/1/5259 4485/1/4485 
f 4481/1/4481 5263/1/5263 5261/1/5261 4487/1/4487 
f 5262/1/5262 5261/1/5261 5263/1/5263 5264/1/5264 
f 4481/1/4481 4480/1/4480 5265/1/5265 5263/1/5263 
f 4456/1/4456 5265/1/5265 4480/1/4480 4458/1/4458 
f 4407/1/4407 5266/1/5266 5265/1/5265 4456/1/4456 
f 5263/1/5263 5265/1/5265 5266/1/5266 5264/1/5264 
f 4406/1/4406 5267/1/5267 5266/1/5266 4407/1/4407 
f 5268/1/5268 5267/1/5267 4406/1/4406 4403/1/4403 
f 5269/1/5269 5267/1/5267 5268/1/5268 5270/1/5270 
f 5264/1/5264 5266/1/5266 5267/1/5267 5269/1/5269 
f 5271/1/5271 5272/1/5272 5273/1/5273 5274/1/5274 
f 5270/1/5270 5268/1/5268 5273/1/5273 5272/1/5272 
f 4403/1/4403 4402/1/4402 5273/1/5273 5268/1/5268 
f 5274/1/5274 5273/1/5273 4402/1/4402 4399/1/4399 
f 4399/1/4399 4398/1/4398 5275/1/5275 5274/1/5274 
f 4398/1/4398 4395/1/4395 5276/1/5276 
f 5277/1/5277 5278/1/5278 5275/1/5275 5276/1/5276 
f 5274/1/5274 5275/1/5275 5278/1/5278 5271/1/5271 
f 5276/1/5276 5279/1/5279 5280/1/5280 5277/1/5277 
f 4395/1/4395 4392/1/4392 5279/1/5279 5276/1/5276 
f 4390/1/4390 5281/1/5281 5279/1/5279 4392/1/4392 
f 5280/1/5280 5279/1/5279 5281/1/5281 5282/1/5282 
f 5282/1/5282 5281/1/5281 5283/1/5283 5284/1/5284 
f 4389/1/4389 5283/1/5283 5281/1/5281 4390/1/4390 
f 4386/1/4386 5285/1/5285 5283/1/5283 4389/1/4389 
f 5284/1/5284 5283/1/5283 5285/1/5285 5286/1/5286 
f 5286/1/5286 5285/1/5285 5287/1/5287 5288/1/5288 
f 4385/1/4385 5287/1/5287 5285/1/5285 4386/1/4386 
f 5287/1/5287 4385/1/4385 4382/1/4382 
f 5289/1/5289 5290/1/5290 5288/1/5288 
f 5291/1/5291 5292/1/5292 5293/1/5293 5294/1/5294 
f 5292/1/5292 5241/1/5241 5247/1/5247 
f 5250/1/5250 5294/1/5294 5293/1/5293 5247/1/5247 
f 5295/1/5295 5296/1/5296 5297/1/5297 5298/1/5298 
f 5245/1/5245 5297/1/5297 5296/1/5296 5230/1/5230 
f 5241/1/5241 5292/1/5292 5297/1/5297 5245/1/5245 
f 5298/1/5298 5297/1/5297 5292/1/5292 5291/1/5291 
f 5299/1/5299 5300/1/5300 5301/1/5301 5302/1/5302 
f 5228/1/5228 5301/1/5301 5300/1/5300 5226/1/5226 
f 5230/1/5230 5296/1/5296 5301/1/5301 5228/1/5228 
f 5302/1/5302 5301/1/5301 5296/1/5296 5295/1/5295 
f 5303/1/5303 5304/1/5304 5305/1/5305 5306/1/5306 
f 5224/1/5224 5305/1/5305 5304/1/5304 5222/1/5222 
f 5226/1/5226 5300/1/5300 5305/1/5305 5224/1/5224 
f 5306/1/5306 5305/1/5305 5300/1/5300 5299/1/5299 
f 5218/1/5218 5217/1/5217 5307/1/5307 5308/1/5308 
f 5304/1/5304 5307/1/5307 5217/1/5217 5222/1/5222 
f 5309/1/5309 5307/1/5307 5304/1/5304 5303/1/5303 
f 5308/1/5308 5307/1/5307 5309/1/5309 5310/1/5310 
f 5311/1/5311 5312/1/5312 5313/1/5313 
f 5313/1/5313 5291/1/5291 5294/1/5294 
f 5250/1/5250 5256/1/5256 5314/1/5314 5294/1/5294 
f 5256/1/5256 5254/1/5254 5311/1/5311 
f 5315/1/5315 5316/1/5316 5312/1/5312 
f 5311/1/5311 5254/1/5254 5258/1/5258 
f 5260/1/5260 5317/1/5317 5315/1/5315 5258/1/5258 
f 5316/1/5316 5315/1/5315 5317/1/5317 5318/1/5318 
f 5318/1/5318 5317/1/5317 5319/1/5319 5320/1/5320 
f 5262/1/5262 5319/1/5319 5317/1/5317 5260/1/5260 
f 5264/1/5264 5321/1/5321 5319/1/5319 5262/1/5262 
f 5320/1/5320 5319/1/5319 5321/1/5321 5322/1/5322 
f 5322/1/5322 5321/1/5321 5323/1/5323 5324/1/5324 
f 5269/1/5269 5323/1/5323 5321/1/5321 5264/1/5264 
f 5270/1/5270 5325/1/5325 5323/1/5323 5269/1/5269 
f 5324/1/5324 5323/1/5323 5325/1/5325 5326/1/5326 
f 5326/1/5326 5325/1/5325 5327/1/5327 5328/1/5328 
f 5272/1/5272 5327/1/5327 5325/1/5325 5270/1/5270 
f 5329/1/5329 5327/1/5327 5272/1/5272 5271/1/5271 
f 5330/1/5330 5328/1/5328 5327/1/5327 5329/1/5329 
f 5331/1/5331 5332/1/5332 5333/1/5333 5334/1/5334 
f 5329/1/5329 5333/1/5333 5332/1/5332 5330/1/5330 
f 5271/1/5271 5278/1/5278 5333/1/5333 5329/1/5329 
f 5334/1/5334 5333/1/5333 5278/1/5278 5277/1/5277 
f 5335/1/5335 5336/1/5336 5337/1/5337 5338/1/5338 
f 5334/1/5334 5337/1/5337 5336/1/5336 5331/1/5331 
f 5277/1/5277 5280/1/5280 5337/1/5337 5334/1/5334 
f 5338/1/5338 5337/1/5337 5280/1/5280 5282/1/5282 
f 5339/1/5339 5340/1/5340 5341/1/5341 5342/1/5342 
f 5338/1/5338 5341/1/5341 5340/1/5340 5335/1/5335 
f 5282/1/5282 5284/1/5284 5341/1/5341 5338/1/5338 
f 5342/1/5342 5341/1/5341 5284/1/5284 5286/1/5286 
f 5343/1/5343 5344/1/5344 5345/1/5345 5346/1/5346 
f 5342/1/5342 5345/1/5345 5344/1/5344 5339/1/5339 
f 5286/1/5286 5288/1/5288 5345/1/5345 5342/1/5342 
f 5346/1/5346 5345/1/5345 5288/1/5288 5290/1/5290 
f 5343/1/5343 5347/1/5347 5348/1/5348 5344/1/5344 
f 2437/1/2437 5348/1/5348 5347/1/5347 2442/1/2442 
f 5349/1/5349 5348/1/5348 2437/1/2437 2440/1/2440 
f 5339/1/5339 5344/1/5344 5348/1/5348 5349/1/5349 
f 5350/1/5350 5351/1/5351 5352/1/5352 5353/1/5353 
f 5336/1/5336 5352/1/5352 5351/1/5351 5331/1/5331 
f 5354/1/5354 5352/1/5352 5336/1/5336 5335/1/5335 
f 5353/1/5353 5352/1/5352 5354/1/5354 2448/1/2448 
f 5335/1/5335 5340/1/5340 5355/1/5355 5354/1/5354 
f 5349/1/5349 5355/1/5355 5340/1/5340 5339/1/5339 
f 2440/1/2440 2450/1/2450 5355/1/5355 5349/1/5349 
f 5354/1/5354 5355/1/5355 2450/1/2450 2448/1/2448 
f 5356/1/5356 5357/1/5357 5358/1/5358 5359/1/5359 
f 5332/1/5332 5358/1/5358 5357/1/5357 5330/1/5330 
f 5331/1/5331 5351/1/5351 5358/1/5358 5332/1/5332 
f 5359/1/5359 5358/1/5358 5351/1/5351 5350/1/5350 
f 5350/1/5350 5353/1/5353 5360/1/5360 5359/1/5359 
f 2458/1/2458 5360/1/5360 5353/1/5353 2448/1/2448 
f 2457/1/2457 5361/1/5361 5360/1/5360 2458/1/2458 
f 5359/1/5359 5360/1/5360 5361/1/5361 5356/1/5356 
f 5362/1/5362 5363/1/5363 5364/1/5364 5365/1/5365 
f 5328/1/5328 5364/1/5364 5363/1/5363 5326/1/5326 
f 5330/1/5330 5357/1/5357 5364/1/5364 5328/1/5328 
f 5365/1/5365 5364/1/5364 5357/1/5357 5356/1/5356 
f 2465/1/2465 5366/1/5366 5367/1/5367 2466/1/2466 
f 5365/1/5365 5367/1/5367 5366/1/5366 5362/1/5362 
f 5356/1/5356 5361/1/5361 5367/1/5367 5365/1/5365 
f 2466/1/2466 5367/1/5367 5361/1/5361 2457/1/2457 
f 5368/1/5368 5369/1/5369 5370/1/5370 5371/1/5371 
f 5324/1/5324 5370/1/5370 5369/1/5369 5322/1/5322 
f 5326/1/5326 5363/1/5363 5370/1/5370 5324/1/5324 
f 5371/1/5371 5370/1/5370 5363/1/5363 5362/1/5362 
f 5368/1/5368 5371/1/5371 5372/1/5372 5373/1/5373 
f 5366/1/5366 5372/1/5372 5371/1/5371 5362/1/5362 
f 2465/1/2465 2473/1/2473 5372/1/5372 5366/1/5366 
f 5373/1/5373 5372/1/5372 2473/1/2473 2474/1/2474 
f 5374/1/5374 5375/1/5375 5376/1/5376 
f 5320/1/5320 5374/1/5374 5377/1/5377 5318/1/5318 
f 5322/1/5322 5369/1/5369 5374/1/5374 5320/1/5320 
f 5375/1/5375 5374/1/5374 5369/1/5369 5368/1/5368 
f 5376/1/5376 5375/1/5375 5378/1/5378 5379/1/5379 
f 5373/1/5373 5378/1/5378 5375/1/5375 5368/1/5368 
f 2474/1/2474 2481/1/2481 5378/1/5378 5373/1/5373 
f 5379/1/5379 5378/1/5378 2481/1/2481 2482/1/2482 
f 5380/1/5380 5381/1/5381 5382/1/5382 5383/1/5383 
f 5381/1/5381 5312/1/5312 5316/1/5316 
f 5318/1/5318 5377/1/5377 5382/1/5382 5316/1/5316 
f 5377/1/5377 5376/1/5376 5383/1/5383 
f 5384/1/5384 5380/1/5380 5383/1/5383 
f 5383/1/5383 5376/1/5376 5379/1/5379 
f 2482/1/2482 2488/1/2488 5385/1/5385 5379/1/5379 
f 5384/1/5384 5385/1/5385 2488/1/2488 2490/1/2490 
f 5386/1/5386 5387/1/5387 5388/1/5388 5389/1/5389 
f 5313/1/5313 5388/1/5388 5387/1/5387 5291/1/5291 
f 5312/1/5312 5381/1/5381 5388/1/5388 5313/1/5313 
f 5389/1/5389 5388/1/5388 5381/1/5381 5380/1/5380 
f 5380/1/5380 5384/1/5384 5390/1/5390 5389/1/5389 
f 2498/1/2498 5390/1/5390 5384/1/5384 2490/1/2490 
f 2497/1/2497 5391/1/5391 5390/1/5390 2498/1/2498 
f 5389/1/5389 5390/1/5390 5391/1/5391 5386/1/5386 
f 5291/1/5291 5387/1/5387 5392/1/5392 5298/1/5298 
f 5393/1/5393 5392/1/5392 5387/1/5387 5386/1/5386 
f 5394/1/5394 5395/1/5395 5392/1/5392 5393/1/5393 
f 5298/1/5298 5392/1/5392 5395/1/5395 5295/1/5295 
f 5396/1/5396 5393/1/5393 5386/1/5386 
f 5391/1/5391 2497/1/2497 2506/1/2506 
f 2505/1/2505 5397/1/5397 5396/1/5396 2506/1/2506 
f 5393/1/5393 5396/1/5396 5397/1/5397 5394/1/5394 
f 5295/1/5295 5395/1/5395 5398/1/5398 5302/1/5302 
f 5399/1/5399 5398/1/5398 5395/1/5395 5394/1/5394 
f 5400/1/5400 5401/1/5401 5398/1/5398 5399/1/5399 
f 5302/1/5302 5398/1/5398 5401/1/5401 5299/1/5299 
f 5394/1/5394 5397/1/5397 5402/1/5402 5399/1/5399 
f 2514/1/2514 5402/1/5402 5397/1/5397 2505/1/2505 
f 2513/1/2513 5403/1/5403 5402/1/5402 2514/1/2514 
f 5399/1/5399 5402/1/5402 5403/1/5403 5400/1/5400 
f 5299/1/5299 5401/1/5401 5404/1/5404 5306/1/5306 
f 5405/1/5405 5404/1/5404 5401/1/5401 5400/1/5400 
f 5406/1/5406 5407/1/5407 5404/1/5404 5405/1/5405 
f 5306/1/5306 5404/1/5404 5407/1/5407 5303/1/5303 
f 5400/1/5400 5403/1/5403 5408/1/5408 5405/1/5405 
f 2522/1/2522 5408/1/5408 5403/1/5403 2513/1/2513 
f 2521/1/2521 5409/1/5409 5408/1/5408 2522/1/2522 
f 5405/1/5405 5408/1/5408 5409/1/5409 5406/1/5406 
f 5303/1/5303 5407/1/5407 5410/1/5410 5309/1/5309 
f 5411/1/5411 5410/1/5410 5407/1/5407 5406/1/5406 
f 5412/1/5412 5413/1/5413 5410/1/5410 5411/1/5411 
f 5310/1/5310 5309/1/5309 5410/1/5410 5413/1/5413 
f 5406/1/5406 5409/1/5409 5414/1/5414 5411/1/5411 
f 2521/1/2521 2530/1/2530 5414/1/5414 5409/1/5409 
f 5415/1/5415 5414/1/5414 2530/1/2530 2529/1/2529 
f 5412/1/5412 5411/1/5411 5414/1/5414 5415/1/5415 
f 5190/1/5190 5212/1/5212 5416/1/5416 5417/1/5417 
f 5220/1/5220 5416/1/5416 5212/1/5212 5214/1/5214 
f 5418/1/5418 5416/1/5416 5220/1/5220 5219/1/5219 
f 5417/1/5417 5416/1/5416 5418/1/5418 5419/1/5419 
f 5419/1/5419 5418/1/5418 5420/1/5420 5421/1/5421 
f 5422/1/5422 5420/1/5420 5418/1/5418 5219/1/5219 
f 5423/1/5423 5421/1/5421 5420/1/5420 5422/1/5422 
f 1148/1/1148 4142/1/4142 5424/1/5424 2539/1/2539 
f 5425/1/5425 5424/1/5424 4142/1/4142 4141/1/4141 
f 5426/1/5426 5427/1/5427 5424/1/5424 5425/1/5425 
f 2539/1/2539 5424/1/5424 5427/1/5427 2542/1/2542 
f 5428/1/5428 5429/1/5429 5430/1/5430 5431/1/5431 
f 5432/1/5432 5430/1/5430 5429/1/5429 5433/1/5433 
f 2552/1/2552 2550/1/2550 5430/1/5430 5432/1/5432 
f 5431/1/5431 5430/1/5430 2550/1/2550 2549/1/2549 
f 5434/1/5434 5435/1/5435 5436/1/5436 5437/1/5437 
f 5419/1/5419 5421/1/5421 5435/1/5435 5434/1/5434 
f 5438/1/5438 5435/1/5435 5421/1/5421 5423/1/5423 
f 5439/1/5439 5436/1/5436 5435/1/5435 5438/1/5438 
f 5437/1/5437 5436/1/5436 5440/1/5440 5441/1/5441 
f 5442/1/5442 5440/1/5440 5436/1/5436 5439/1/5439 
f 5443/1/5443 5444/1/5444 5440/1/5440 5442/1/5442 
f 5441/1/5441 5440/1/5440 5444/1/5444 5445/1/5445 
f 5445/1/5445 5444/1/5444 5446/1/5446 5447/1/5447 
f 5448/1/5448 5446/1/5446 5444/1/5444 5443/1/5443 
f 5449/1/5449 5450/1/5450 5446/1/5446 5448/1/5448 
f 5447/1/5447 5446/1/5446 5450/1/5450 5451/1/5451 
f 5451/1/5451 5450/1/5450 5452/1/5452 5453/1/5453 
f 5454/1/5454 5452/1/5452 5450/1/5450 5449/1/5449 
f 5455/1/5455 5456/1/5456 5452/1/5452 5454/1/5454 
f 5453/1/5453 5452/1/5452 5456/1/5456 5457/1/5457 
f 5457/1/5457 5456/1/5456 5458/1/5458 5459/1/5459 
f 5460/1/5460 5458/1/5458 5456/1/5456 5455/1/5455 
f 5433/1/5433 5429/1/5429 5458/1/5458 5460/1/5460 
f 5459/1/5459 5458/1/5458 5429/1/5429 5428/1/5428 
f 5428/1/5428 5431/1/5431 5461/1/5461 5462/1/5462 
f 2549/1/2549 2586/1/2586 5461/1/5461 5431/1/5431 
f 2585/1/2585 5463/1/5463 5461/1/5461 2586/1/2586 
f 5462/1/5462 5461/1/5461 5463/1/5463 5464/1/5464 
f 5465/1/5465 5466/1/5466 5467/1/5467 5468/1/5468 
f 5469/1/5469 5467/1/5467 5466/1/5466 5470/1/5470 
f 5471/1/5471 5472/1/5472 5467/1/5467 5469/1/5469 
f 5468/1/5468 5467/1/5467 5472/1/5472 5473/1/5473 
f 5464/1/5464 5463/1/5463 5474/1/5474 5475/1/5475 
f 2596/1/2596 5474/1/5474 5463/1/5463 2585/1/2585 
f 2542/1/2542 5427/1/5427 5474/1/5474 2596/1/2596 
f 5475/1/5475 5474/1/5474 5427/1/5427 5426/1/5426 
f 5426/1/5426 5476/1/5476 5477/1/5477 5475/1/5475 
f 5478/1/5478 5477/1/5477 5476/1/5476 5479/1/5479 
f 5480/1/5480 5481/1/5481 5477/1/5477 5478/1/5478 
f 5475/1/5475 5477/1/5477 5481/1/5481 5464/1/5464 
f 5464/1/5464 5481/1/5481 5482/1/5482 5462/1/5462 
f 5483/1/5483 5482/1/5482 5481/1/5481 5480/1/5480 
f 5457/1/5457 5459/1/5459 5482/1/5482 5483/1/5483 
f 5462/1/5462 5482/1/5482 5459/1/5459 5428/1/5428 
f 5479/1/5479 5484/1/5484 5485/1/5485 5478/1/5478 
f 5466/1/5466 5485/1/5485 5484/1/5484 5470/1/5470 
f 5465/1/5465 5486/1/5486 5485/1/5485 5466/1/5466 
f 5478/1/5478 5485/1/5485 5486/1/5486 5480/1/5480 
f 5473/1/5473 5487/1/5487 5488/1/5488 5468/1/5468 
f 5447/1/5447 5488/1/5488 5487/1/5487 5445/1/5445 
f 5451/1/5451 5489/1/5489 5488/1/5488 5447/1/5447 
f 5468/1/5468 5488/1/5488 5489/1/5489 5465/1/5465 
f 5453/1/5453 5490/1/5490 5489/1/5489 5451/1/5451 
f 5457/1/5457 5483/1/5483 5490/1/5490 5453/1/5453 
f 5480/1/5480 5486/1/5486 5490/1/5490 5483/1/5483 
f 5465/1/5465 5489/1/5489 5490/1/5490 5486/1/5486 
f 5491/1/5491 5492/1/5492 5493/1/5493 5494/1/5494 
f 5188/1/5188 5493/1/5493 5492/1/5492 4567/1/4567 
f 5190/1/5190 5417/1/5417 5493/1/5493 5188/1/5188 
f 5494/1/5494 5493/1/5493 5417/1/5417 5419/1/5419 
f 5471/1/5471 5469/1/5469 5495/1/5495 5496/1/5496 
f 5470/1/5470 5497/1/5497 5495/1/5495 5469/1/5469 
f 5498/1/5498 5495/1/5495 5497/1/5497 5499/1/5499 
f 5496/1/5496 5495/1/5495 5498/1/5498 5500/1/5500 
f 5501/1/5501 5502/1/5502 5503/1/5503 5504/1/5504 
f 5501/1/5501 4510/1/4510 4521/1/4521 
f 4523/1/4523 5505/1/5505 5502/1/5502 4521/1/4521 
f 5505/1/5505 5506/1/5506 5503/1/5503 
f 4496/1/4496 4511/1/4511 5507/1/5507 5508/1/5508 
f 5501/1/5501 5507/1/5507 4511/1/4511 4510/1/4510 
f 5509/1/5509 5507/1/5507 5501/1/5501 5504/1/5504 
f 5508/1/5508 5507/1/5507 5509/1/5509 5510/1/5510 
f 3252/1/3252 4497/1/4497 5511/1/5511 3260/1/3260 
f 5508/1/5508 5511/1/5511 4497/1/4497 4496/1/4496 
f 5510/1/5510 5512/1/5512 5511/1/5511 5508/1/5508 
f 3260/1/3260 5511/1/5511 5512/1/5512 3261/1/3261 
f 3261/1/3261 5512/1/5512 5513/1/5513 5514/1/5514 
f 5515/1/5515 5513/1/5513 5512/1/5512 5510/1/5510 
f 5516/1/5516 5517/1/5517 5513/1/5513 5515/1/5515 
f 5514/1/5514 5513/1/5513 5517/1/5517 5518/1/5518 
f 5510/1/5510 5509/1/5509 5519/1/5519 5515/1/5515 
f 5509/1/5509 5504/1/5504 5520/1/5520 
f 5521/1/5521 5522/1/5522 5519/1/5519 5520/1/5520 
f 5515/1/5515 5519/1/5519 5522/1/5522 5516/1/5516 
f 5521/1/5521 5520/1/5520 5523/1/5523 5524/1/5524 
f 5525/1/5525 5523/1/5523 5520/1/5520 5504/1/5504 
f 5526/1/5526 5527/1/5527 5523/1/5523 5525/1/5525 
f 5524/1/5524 5523/1/5523 5527/1/5527 5528/1/5528 
f 5529/1/5529 5530/1/5530 5531/1/5531 5532/1/5532 
f 5528/1/5528 5527/1/5527 5530/1/5530 5529/1/5529 
f 5533/1/5533 5530/1/5530 5527/1/5527 5526/1/5526 
f 5531/1/5531 5530/1/5530 5533/1/5533 5500/1/5500 
f 5499/1/5499 5534/1/5534 5535/1/5535 5498/1/5498 
f 5536/1/5536 5535/1/5535 5534/1/5534 5537/1/5537 
f 5532/1/5532 5531/1/5531 5535/1/5535 5536/1/5536 
f 5498/1/5498 5535/1/5535 5531/1/5531 5500/1/5500 
f 4068/1/4068 4067/1/4067 5538/1/5538 5539/1/5539 
f 5540/1/5540 5538/1/5538 4067/1/4067 4028/1/4028 
f 5541/1/5541 5542/1/5542 5538/1/5538 5540/1/5540 
f 5539/1/5539 5538/1/5538 5542/1/5542 5537/1/5537 
f 5543/1/5543 5544/1/5544 5545/1/5545 
f 5536/1/5536 5543/1/5543 5546/1/5546 5532/1/5532 
f 5537/1/5537 5542/1/5542 5543/1/5543 5536/1/5536 
f 5542/1/5542 5541/1/5541 5544/1/5544 
f 5547/1/5547 5548/1/5548 5549/1/5549 5550/1/5550 
f 4565/1/4565 5549/1/5549 5548/1/5548 4559/1/4559 
f 4567/1/4567 5492/1/5492 5549/1/5549 4565/1/4565 
f 5550/1/5550 5549/1/5549 5492/1/5492 5491/1/5491 
f 5494/1/5494 5551/1/5551 5552/1/5552 5491/1/5491 
f 5434/1/5434 5551/1/5551 5494/1/5494 5419/1/5419 
f 5437/1/5437 5553/1/5553 5551/1/5551 5434/1/5434 
f 5552/1/5552 5551/1/5551 5553/1/5553 5554/1/5554 
f 5445/1/5445 5487/1/5487 5555/1/5555 5441/1/5441 
f 5556/1/5556 5555/1/5555 5487/1/5487 5473/1/5473 
f 5553/1/5553 5555/1/5555 5556/1/5556 5554/1/5554 
f 5441/1/5441 5555/1/5555 5553/1/5553 5437/1/5437 
f 5557/1/5557 5558/1/5558 5559/1/5559 5560/1/5560 
f 5550/1/5550 5559/1/5559 5558/1/5558 5547/1/5547 
f 5491/1/5491 5552/1/5552 5559/1/5559 5550/1/5550 
f 5560/1/5560 5559/1/5559 5552/1/5552 5554/1/5554 
f 5556/1/5556 5561/1/5561 5562/1/5562 5554/1/5554 
f 5473/1/5473 5472/1/5472 5561/1/5561 5556/1/5556 
f 5471/1/5471 5563/1/5563 5561/1/5561 5472/1/5472 
f 5562/1/5562 5561/1/5561 5563/1/5563 5564/1/5564 
f 5526/1/5526 5525/1/5525 5565/1/5565 5566/1/5566 
f 5504/1/5504 5503/1/5503 5565/1/5565 5525/1/5525 
f 5506/1/5506 5567/1/5567 5565/1/5565 5503/1/5503 
f 5566/1/5566 5565/1/5565 5567/1/5567 5564/1/5564 
f 5500/1/5500 5533/1/5533 5568/1/5568 5496/1/5496 
f 5566/1/5566 5568/1/5568 5533/1/5533 5526/1/5526 
f 5564/1/5564 5563/1/5563 5568/1/5568 5566/1/5566 
f 5496/1/5496 5568/1/5568 5563/1/5563 5471/1/5471 
f 5569/1/5569 5570/1/5570 5506/1/5506 
f 4533/1/4533 5569/1/5569 5505/1/5505 4523/1/4523 
f 4535/1/4535 5571/1/5571 5569/1/5569 4533/1/4533 
f 5570/1/5570 5569/1/5569 5571/1/5571 5572/1/5572 
f 5572/1/5572 5571/1/5571 5573/1/5573 5574/1/5574 
f 4545/1/4545 5573/1/5573 5571/1/5571 4535/1/4535 
f 4547/1/4547 5575/1/5575 5573/1/5573 4545/1/4545 
f 5574/1/5574 5573/1/5573 5575/1/5575 5576/1/5576 
f 5577/1/5577 5578/1/5578 5576/1/5576 
f 4557/1/4557 5577/1/5577 5575/1/5575 4547/1/4547 
f 5577/1/5577 4557/1/4557 4559/1/4559 
f 5578/1/5578 5577/1/5577 5548/1/5548 5547/1/5547 
f 5579/1/5579 5580/1/5580 5581/1/5581 5582/1/5582 
f 5572/1/5572 5574/1/5574 5580/1/5580 5579/1/5579 
f 5576/1/5576 5581/1/5581 5580/1/5580 5574/1/5574 
f 5547/1/5547 5558/1/5558 5583/1/5583 5578/1/5578 
f 5584/1/5584 5583/1/5583 5558/1/5558 5557/1/5557 
f 5582/1/5582 5581/1/5581 5583/1/5583 5584/1/5584 
f 5578/1/5578 5583/1/5583 5581/1/5581 5576/1/5576 
f 5557/1/5557 5560/1/5560 5585/1/5585 5584/1/5584 
f 5562/1/5562 5585/1/5585 5560/1/5560 5554/1/5554 
f 5564/1/5564 5586/1/5586 5585/1/5585 5562/1/5562 
f 5584/1/5584 5585/1/5585 5586/1/5586 5582/1/5582 
f 5582/1/5582 5586/1/5586 5587/1/5587 5579/1/5579 
f 5567/1/5567 5587/1/5587 5586/1/5586 5564/1/5564 
f 5570/1/5570 5587/1/5587 5567/1/5567 5506/1/5506 
f 5579/1/5579 5587/1/5587 5570/1/5570 5572/1/5572 
f 3357/1/3357 3356/1/3356 5588/1/5588 5589/1/5589 
f 3319/1/3319 5588/1/5588 3356/1/3356 3317/1/3317 
f 3321/1/3321 5590/1/5590 5588/1/5588 3319/1/3319 
f 5589/1/5589 5588/1/5588 5590/1/5590 5591/1/5591 
f 3397/1/3397 3396/1/3396 5592/1/5592 5593/1/5593 
f 5589/1/5589 5592/1/5592 3396/1/3396 3357/1/3357 
f 5591/1/5591 5594/1/5594 5592/1/5592 5589/1/5589 
f 5593/1/5593 5592/1/5592 5594/1/5594 5595/1/5595 
f 5596/1/5596 5597/1/5597 5598/1/5598 5599/1/5599 
f 4024/1/4024 5598/1/5598 5597/1/5597 4021/1/4021 
f 3397/1/3397 5593/1/5593 5598/1/5598 4024/1/4024 
f 5599/1/5599 5598/1/5598 5593/1/5593 5595/1/5595 
f 5600/1/5600 5601/1/5601 5602/1/5602 5603/1/5603 
f 4029/1/4029 5602/1/5602 5601/1/5601 4030/1/4030 
f 4021/1/4021 5597/1/5597 5602/1/5602 4029/1/4029 
f 5603/1/5603 5602/1/5602 5597/1/5597 5596/1/5596 
f 5604/1/5604 5605/1/5605 5606/1/5606 
f 5606/1/5606 5528/1/5528 5529/1/5529 
f 5607/1/5607 5529/1/5529 5532/1/5532 
f 5607/1/5607 5546/1/5546 5545/1/5545 
f 5608/1/5608 5609/1/5609 5610/1/5610 5611/1/5611 
f 5524/1/5524 5610/1/5610 5609/1/5609 5521/1/5521 
f 5610/1/5610 5524/1/5524 5528/1/5528 
f 5606/1/5606 5605/1/5605 5611/1/5611 
f 5612/1/5612 5613/1/5613 5614/1/5614 5615/1/5615 
f 5540/1/5540 5614/1/5614 5613/1/5613 5541/1/5541 
f 4028/1/4028 4027/1/4027 5614/1/5614 5540/1/5540 
f 5615/1/5615 5614/1/5614 4027/1/4027 4030/1/4030 
f 5605/1/5605 5604/1/5604 5616/1/5616 5617/1/5617 
f 5544/1/5544 5616/1/5616 5604/1/5604 5545/1/5545 
f 5541/1/5541 5613/1/5613 5616/1/5616 5544/1/5544 
f 5617/1/5617 5616/1/5616 5613/1/5613 5612/1/5612 
f 5618/1/5618 5619/1/5619 5620/1/5620 5621/1/5621 
f 5615/1/5615 5620/1/5620 5619/1/5619 5612/1/5612 
f 4030/1/4030 5601/1/5601 5620/1/5620 5615/1/5615 
f 5621/1/5621 5620/1/5620 5601/1/5601 5600/1/5600 
f 5516/1/5516 5522/1/5522 5622/1/5622 5623/1/5623 
f 5609/1/5609 5622/1/5622 5522/1/5522 5521/1/5521 
f 5608/1/5608 5624/1/5624 5622/1/5622 5609/1/5609 
f 5623/1/5623 5622/1/5622 5624/1/5624 5625/1/5625 
f 5626/1/5626 5627/1/5627 5608/1/5608 
f 5611/1/5611 5605/1/5605 5617/1/5617 
f 5612/1/5612 5628/1/5628 5626/1/5626 5617/1/5617 
f 5627/1/5627 5626/1/5626 5628/1/5628 5629/1/5629 
f 5629/1/5629 5628/1/5628 5630/1/5630 5631/1/5631 
f 5619/1/5619 5630/1/5630 5628/1/5628 5612/1/5612 
f 5632/1/5632 5630/1/5630 5619/1/5619 5618/1/5618 
f 5633/1/5633 5631/1/5631 5630/1/5630 5632/1/5632 
f 5623/1/5623 5634/1/5634 5517/1/5517 5516/1/5516 
f 5625/1/5625 5635/1/5635 5634/1/5634 5623/1/5623 
f 5517/1/5517 5634/1/5634 5635/1/5635 5518/1/5518 
f 5627/1/5627 5636/1/5636 5624/1/5624 5608/1/5608 
f 5629/1/5629 5637/1/5637 5636/1/5636 5627/1/5627 
f 5638/1/5638 5636/1/5636 5637/1/5637 5639/1/5639 
f 5625/1/5625 5624/1/5624 5636/1/5636 5638/1/5638 
f 5640/1/5640 5641/1/5641 5631/1/5631 5633/1/5633 
f 5642/1/5642 5641/1/5641 5640/1/5640 5643/1/5643 
f 5639/1/5639 5637/1/5637 5641/1/5641 5642/1/5642 
f 5631/1/5631 5641/1/5641 5637/1/5637 5629/1/5629 
f 5644/1/5644 5645/1/5645 5646/1/5646 5647/1/5647 
f 5648/1/5648 5646/1/5646 5645/1/5645 5649/1/5649 
f 3321/1/3321 3320/1/3320 5646/1/5646 5648/1/5648 
f 5647/1/5647 5646/1/5646 3320/1/3320 3263/1/3263 
f 3263/1/3263 3262/1/3262 5650/1/5650 5647/1/5647 
f 5514/1/5514 5650/1/5650 3262/1/3262 3261/1/3261 
f 5518/1/5518 5651/1/5651 5650/1/5650 5514/1/5514 
f 5647/1/5647 5650/1/5650 5651/1/5651 5644/1/5644 
f 5518/1/5518 5635/1/5635 5652/1/5652 5653/1/5653 
f 5638/1/5638 5652/1/5652 5635/1/5635 5625/1/5625 
f 5639/1/5639 5654/1/5654 5652/1/5652 5638/1/5638 
f 5653/1/5653 5652/1/5652 5654/1/5654 5655/1/5655 
f 5655/1/5655 5654/1/5654 5656/1/5656 5657/1/5657 
f 5642/1/5642 5656/1/5656 5654/1/5654 5639/1/5639 
f 5643/1/5643 5658/1/5658 5656/1/5656 5642/1/5642 
f 5657/1/5657 5656/1/5656 5658/1/5658 5659/1/5659 
f 5591/1/5591 5590/1/5590 5660/1/5660 5661/1/5661 
f 5648/1/5648 5660/1/5660 5590/1/5590 3321/1/3321 
f 5649/1/5649 5662/1/5662 5660/1/5660 5648/1/5648 
f 5661/1/5661 5660/1/5660 5662/1/5662 5663/1/5663 
f 5644/1/5644 5651/1/5651 5664/1/5664 5665/1/5665 
f 5653/1/5653 5664/1/5664 5651/1/5651 5518/1/5518 
f 5655/1/5655 5666/1/5666 5664/1/5664 5653/1/5653 
f 5665/1/5665 5664/1/5664 5666/1/5666 5667/1/5667 
f 5649/1/5649 5645/1/5645 5668/1/5668 5662/1/5662 
f 5665/1/5665 5668/1/5668 5645/1/5645 5644/1/5644 
f 5667/1/5667 5669/1/5669 5668/1/5668 5665/1/5665 
f 5662/1/5662 5668/1/5668 5669/1/5669 5663/1/5663 
f 5667/1/5667 5666/1/5666 5670/1/5670 5671/1/5671 
f 5657/1/5657 5670/1/5670 5666/1/5666 5655/1/5655 
f 5659/1/5659 5672/1/5672 5670/1/5670 5657/1/5657 
f 5671/1/5671 5670/1/5670 5672/1/5672 5673/1/5673 
f 5663/1/5663 5669/1/5669 5674/1/5674 5675/1/5675 
f 5671/1/5671 5674/1/5674 5669/1/5669 5667/1/5667 
f 5673/1/5673 5676/1/5676 5674/1/5674 5671/1/5671 
f 5675/1/5675 5674/1/5674 5676/1/5676 5677/1/5677 
f 5595/1/5595 5594/1/5594 5678/1/5678 5679/1/5679 
f 5661/1/5661 5678/1/5678 5594/1/5594 5591/1/5591 
f 5663/1/5663 5680/1/5680 5678/1/5678 5661/1/5661 
f 5679/1/5679 5678/1/5678 5680/1/5680 5681/1/5681 
f 5679/1/5679 5682/1/5682 5599/1/5599 5595/1/5595 
f 5681/1/5681 5683/1/5683 5682/1/5682 5679/1/5679 
f 5684/1/5684 5685/1/5685 5682/1/5682 5683/1/5683 
f 5599/1/5599 5682/1/5682 5685/1/5685 5596/1/5596 
f 5681/1/5681 5680/1/5680 5686/1/5686 5687/1/5687 
f 5675/1/5675 5686/1/5686 5680/1/5680 5663/1/5663 
f 5677/1/5677 5688/1/5688 5686/1/5686 5675/1/5675 
f 5687/1/5687 5686/1/5686 5688/1/5688 5689/1/5689 
f 5596/1/5596 5685/1/5685 5690/1/5690 5603/1/5603 
f 5691/1/5691 5690/1/5690 5685/1/5685 5684/1/5684 
f 5692/1/5692 5693/1/5693 5690/1/5690 5691/1/5691 
f 5603/1/5603 5690/1/5690 5693/1/5693 5600/1/5600 
f 5689/1/5689 5694/1/5694 5695/1/5695 5687/1/5687 
f 5696/1/5696 5697/1/5697 5695/1/5695 5694/1/5694 
f 5683/1/5683 5695/1/5695 5697/1/5697 5684/1/5684 
f 5687/1/5687 5695/1/5695 5683/1/5683 5681/1/5681 
f 5600/1/5600 5693/1/5693 5698/1/5698 5621/1/5621 
f 5699/1/5699 5698/1/5698 5693/1/5693 5692/1/5692 
f 5700/1/5700 5701/1/5701 5698/1/5698 5699/1/5699 
f 5621/1/5621 5698/1/5698 5701/1/5701 5618/1/5618 
f 5702/1/5702 5703/1/5703 5704/1/5704 5705/1/5705 
f 5691/1/5691 5704/1/5704 5703/1/5703 5692/1/5692 
f 5684/1/5684 5697/1/5697 5704/1/5704 5691/1/5691 
f 5705/1/5705 5704/1/5704 5697/1/5697 5696/1/5696 
f 5706/1/5706 5707/1/5707 5708/1/5708 5709/1/5709 
f 5632/1/5632 5708/1/5708 5707/1/5707 5633/1/5633 
f 5618/1/5618 5701/1/5701 5708/1/5708 5632/1/5632 
f 5709/1/5709 5708/1/5708 5701/1/5701 5700/1/5700 
f 5710/1/5710 5711/1/5711 5712/1/5712 5713/1/5713 
f 5643/1/5643 5640/1/5640 5712/1/5712 5711/1/5711 
f 5633/1/5633 5707/1/5707 5712/1/5712 5640/1/5640 
f 5713/1/5713 5712/1/5712 5707/1/5707 5706/1/5706 
f 5714/1/5714 5715/1/5715 5716/1/5716 5717/1/5717 
f 5699/1/5699 5716/1/5716 5715/1/5715 5700/1/5700 
f 5692/1/5692 5703/1/5703 5716/1/5716 5699/1/5699 
f 5717/1/5717 5716/1/5716 5703/1/5703 5702/1/5702 
f 5659/1/5659 5658/1/5658 5718/1/5718 5719/1/5719 
f 5711/1/5711 5718/1/5718 5658/1/5658 5643/1/5643 
f 5710/1/5710 5720/1/5720 5718/1/5718 5711/1/5711 
f 5719/1/5719 5718/1/5718 5720/1/5720 5721/1/5721 
f 5722/1/5722 5723/1/5723 5724/1/5724 
f 5709/1/5709 5722/1/5722 5725/1/5725 5706/1/5706 
f 5700/1/5700 5715/1/5715 5722/1/5722 5709/1/5709 
f 5723/1/5723 5722/1/5722 5715/1/5715 5714/1/5714 
f 5721/1/5721 5720/1/5720 5726/1/5726 5727/1/5727 
f 5713/1/5713 5726/1/5726 5720/1/5720 5710/1/5710 
f 5706/1/5706 5725/1/5725 5726/1/5726 5713/1/5713 
f 5727/1/5727 5726/1/5726 5725/1/5725 5724/1/5724 
f 5673/1/5673 5672/1/5672 5728/1/5728 5729/1/5729 
f 5719/1/5719 5728/1/5728 5672/1/5672 5659/1/5659 
f 5721/1/5721 5730/1/5730 5728/1/5728 5719/1/5719 
f 5729/1/5729 5728/1/5728 5730/1/5730 5731/1/5731 
f 5677/1/5677 5676/1/5676 5732/1/5732 5733/1/5733 
f 5729/1/5729 5732/1/5732 5676/1/5676 5673/1/5673 
f 5731/1/5731 5734/1/5734 5732/1/5732 5729/1/5729 
f 5733/1/5733 5732/1/5732 5734/1/5734 5735/1/5735 
f 5731/1/5731 5730/1/5730 5736/1/5736 5737/1/5737 
f 5727/1/5727 5736/1/5736 5730/1/5730 5721/1/5721 
f 5737/1/5737 5736/1/5736 5727/1/5727 5724/1/5724 
f 5735/1/5735 5734/1/5734 5738/1/5738 5739/1/5739 
f 5737/1/5737 5738/1/5738 5734/1/5734 5731/1/5731 
f 5724/1/5724 5740/1/5740 5738/1/5738 5737/1/5737 
f 5739/1/5739 5738/1/5738 5740/1/5740 5741/1/5741 
f 5723/1/5723 5742/1/5742 5740/1/5740 5724/1/5724 
f 5743/1/5743 5742/1/5742 5723/1/5723 5714/1/5714 
f 5744/1/5744 5745/1/5745 5742/1/5742 5743/1/5743 
f 5741/1/5741 5740/1/5740 5742/1/5742 5745/1/5745 
f 5745/1/5745 5746/1/5746 5747/1/5747 5741/1/5741 
f 5748/1/5748 5746/1/5746 5745/1/5745 5744/1/5744 
f 5749/1/5749 5750/1/5750 5746/1/5746 5748/1/5748 
f 5751/1/5751 5747/1/5747 5746/1/5746 5750/1/5750 
f 5714/1/5714 5717/1/5717 5752/1/5752 5743/1/5743 
f 5702/1/5702 5753/1/5753 5752/1/5752 5717/1/5717 
f 5754/1/5754 5752/1/5752 5753/1/5753 5755/1/5755 
f 5743/1/5743 5752/1/5752 5754/1/5754 5744/1/5744 
f 5755/1/5755 5753/1/5753 5756/1/5756 5757/1/5757 
f 5705/1/5705 5756/1/5756 5753/1/5753 5702/1/5702 
f 5696/1/5696 5758/1/5758 5756/1/5756 5705/1/5705 
f 5757/1/5757 5756/1/5756 5758/1/5758 5759/1/5759 
f 5760/1/5760 5761/1/5761 5762/1/5762 
f 5739/1/5739 5760/1/5760 5763/1/5763 5735/1/5735 
f 5741/1/5741 5747/1/5747 5760/1/5760 5739/1/5739 
f 5747/1/5747 5751/1/5751 5761/1/5761 
f 5689/1/5689 5688/1/5688 5764/1/5764 5765/1/5765 
f 5733/1/5733 5764/1/5764 5688/1/5688 5677/1/5677 
f 5735/1/5735 5763/1/5763 5764/1/5764 5733/1/5733 
f 5765/1/5765 5764/1/5764 5763/1/5763 5762/1/5762 
f 5759/1/5759 5758/1/5758 5766/1/5766 5767/1/5767 
f 5694/1/5694 5766/1/5766 5758/1/5758 5696/1/5696 
f 5765/1/5765 5766/1/5766 5694/1/5694 5689/1/5689 
f 5762/1/5762 5767/1/5767 5766/1/5766 5765/1/5765 
f 5768/1/5768 5769/1/5769 5770/1/5770 
f 5757/1/5757 5768/1/5768 5771/1/5771 5755/1/5755 
f 5759/1/5759 5767/1/5767 5768/1/5768 5757/1/5757 
f 5767/1/5767 5762/1/5762 5769/1/5769 
f 5751/1/5751 5750/1/5750 5772/1/5772 5761/1/5761 
f 5773/1/5773 5772/1/5772 5750/1/5750 5749/1/5749 
f 5769/1/5769 5772/1/5772 5773/1/5773 5770/1/5770 
f 5761/1/5761 5772/1/5772 5769/1/5769 5762/1/5762 
f 5749/1/5749 5748/1/5748 5774/1/5774 5773/1/5773 
f 5754/1/5754 5774/1/5774 5748/1/5748 5744/1/5744 
f 5755/1/5755 5771/1/5771 5774/1/5774 5754/1/5754 
f 5770/1/5770 5773/1/5773 5774/1/5774 5771/1/5771 
f 5775/1/5775 5776/1/5776 5777/1/5777 
f 4099/1/4099 5775/1/5775 5778/1/5778 4100/1/4100 
f 4081/1/4081 4086/1/4086 5775/1/5775 4099/1/4099 
f 5776/1/5776 5775/1/5775 4086/1/4086 4085/1/4085 
f 4163/1/4163 5779/1/5779 5780/1/5780 4164/1/4164 
f 4159/1/4159 4158/1/4158 5779/1/5779 4163/1/4163 
f 5778/1/5778 5779/1/5779 4158/1/4158 4100/1/4100 
f 5780/1/5780 5779/1/5779 5778/1/5778 5777/1/5777 
f 4168/1/4168 5781/1/5781 5782/1/5782 4169/1/4169 
f 5780/1/5780 5781/1/5781 4168/1/4168 4164/1/4164 
f 5780/1/5780 5777/1/5777 5783/1/5783 
f 5782/1/5782 5781/1/5781 5783/1/5783 5784/1/5784 
f 4045/1/4045 4050/1/4050 5785/1/5785 4084/1/4084 
f 5786/1/5786 5785/1/5785 4050/1/4050 4049/1/4049 
f 5787/1/5787 5788/1/5788 5785/1/5785 5786/1/5786 
f 4084/1/4084 5785/1/5785 5788/1/5788 4085/1/4085 
f 4085/1/4085 5788/1/5788 5789/1/5789 5776/1/5776 
f 5790/1/5790 5789/1/5789 5788/1/5788 5787/1/5787 
f 5791/1/5791 5792/1/5792 5789/1/5789 5790/1/5790 
f 5776/1/5776 5789/1/5789 5792/1/5792 5777/1/5777 
f 5784/1/5784 5783/1/5783 5793/1/5793 5794/1/5794 
f 5793/1/5793 5783/1/5783 5777/1/5777 
f 5794/1/5794 5793/1/5793 5792/1/5792 5791/1/5791 
f 4049/1/4049 4054/1/4054 5795/1/5795 5786/1/5786 
f 5796/1/5796 5795/1/5795 4054/1/4054 4053/1/4053 
f 5797/1/5797 5798/1/5798 5795/1/5795 5796/1/5796 
f 5786/1/5786 5795/1/5795 5798/1/5798 5787/1/5787 
f 4169/1/4169 5782/1/5782 5799/1/5799 4173/1/4173 
f 5784/1/5784 5800/1/5800 5799/1/5799 5782/1/5782 
f 5801/1/5801 5802/1/5802 5799/1/5799 5800/1/5800 
f 4173/1/4173 5799/1/5799 5802/1/5802 4170/1/4170 
f 5803/1/5803 5790/1/5790 5787/1/5787 
f 5798/1/5798 5797/1/5797 5804/1/5804 
f 5805/1/5805 5806/1/5806 5803/1/5803 5804/1/5804 
f 5790/1/5790 5803/1/5803 5806/1/5806 5791/1/5791 
f 5801/1/5801 5800/1/5800 5807/1/5807 5808/1/5808 
f 5794/1/5794 5807/1/5807 5800/1/5800 5784/1/5784 
f 5791/1/5791 5806/1/5806 5807/1/5807 5794/1/5794 
f 5808/1/5808 5807/1/5807 5806/1/5806 5805/1/5805 
f 5796/1/5796 5809/1/5809 5810/1/5810 5797/1/5797 
f 5809/1/5809 5796/1/5796 4053/1/4053 4058/1/4058 
f 4060/1/4060 5811/1/5811 5809/1/5809 4058/1/4058 
f 5811/1/5811 5812/1/5812 5810/1/5810 
f 4170/1/4170 5802/1/5802 5813/1/5813 4177/1/4177 
f 5814/1/5814 5813/1/5813 5802/1/5802 5801/1/5801 
f 5815/1/5815 5816/1/5816 5813/1/5813 5814/1/5814 
f 4177/1/4177 5813/1/5813 5816/1/5816 4174/1/4174 
f 5804/1/5804 5817/1/5817 5818/1/5818 5805/1/5805 
f 5817/1/5817 5804/1/5804 5797/1/5797 
f 5817/1/5817 5810/1/5810 5812/1/5812 
f 5818/1/5818 5817/1/5817 5819/1/5819 5820/1/5820 
f 5801/1/5801 5808/1/5808 5821/1/5821 5814/1/5814 
f 5805/1/5805 5818/1/5818 5821/1/5821 5808/1/5808 
f 5820/1/5820 5822/1/5822 5821/1/5821 5818/1/5818 
f 5814/1/5814 5821/1/5821 5822/1/5822 5815/1/5815 
f 5823/1/5823 5824/1/5824 5812/1/5812 
f 4063/1/4063 5823/1/5823 5811/1/5811 4060/1/4060 
f 4062/1/4062 5825/1/5825 5823/1/5823 4063/1/4063 
f 5824/1/5824 5823/1/5823 5825/1/5825 5826/1/5826 
f 5820/1/5820 5819/1/5819 5827/1/5827 5828/1/5828 
f 5824/1/5824 5827/1/5827 5819/1/5819 5812/1/5812 
f 5826/1/5826 5829/1/5829 5827/1/5827 5824/1/5824 
f 5828/1/5828 5827/1/5827 5829/1/5829 5830/1/5830 
f 5831/1/5831 5832/1/5832 5833/1/5833 5834/1/5834 
f 5539/1/5539 5833/1/5833 5832/1/5832 4068/1/4068 
f 5537/1/5537 5534/1/5534 5833/1/5833 5539/1/5539 
f 5834/1/5834 5833/1/5833 5534/1/5534 5499/1/5499 
f 5826/1/5826 5825/1/5825 5835/1/5835 5836/1/5836 
f 4066/1/4066 5835/1/5835 5825/1/5825 4062/1/4062 
f 4068/1/4068 5832/1/5832 5835/1/5835 4066/1/4066 
f 5832/1/5832 5831/1/5831 5836/1/5836 
f 5830/1/5830 5829/1/5829 5837/1/5837 5838/1/5838 
f 5836/1/5836 5837/1/5837 5829/1/5829 5826/1/5826 
f 5837/1/5837 5836/1/5836 5831/1/5831 
f 5838/1/5838 5837/1/5837 5839/1/5839 5840/1/5840 
f 4174/1/4174 5816/1/5816 5841/1/5841 4181/1/4181 
f 5842/1/5842 5841/1/5841 5816/1/5816 5815/1/5815 
f 5843/1/5843 5844/1/5844 5841/1/5841 5842/1/5842 
f 4181/1/4181 5841/1/5841 5844/1/5844 4178/1/4178 
f 5815/1/5815 5822/1/5822 5845/1/5845 5842/1/5842 
f 5828/1/5828 5845/1/5845 5822/1/5822 5820/1/5820 
f 5830/1/5830 5846/1/5846 5845/1/5845 5828/1/5828 
f 5842/1/5842 5845/1/5845 5846/1/5846 5843/1/5843 
f 5499/1/5499 5497/1/5497 5847/1/5847 5834/1/5834 
f 5848/1/5848 5847/1/5847 5497/1/5497 5470/1/5470 
f 5849/1/5849 5850/1/5850 5847/1/5847 5848/1/5848 
f 5834/1/5834 5847/1/5847 5850/1/5850 5831/1/5831 
f 5479/1/5479 5476/1/5476 5851/1/5851 5852/1/5852 
f 5425/1/5425 5851/1/5851 5476/1/5476 5426/1/5426 
f 4141/1/4141 5853/1/5853 5851/1/5851 5425/1/5425 
f 5852/1/5852 5851/1/5851 5853/1/5853 5854/1/5854 
f 5855/1/5855 5856/1/5856 5840/1/5840 
f 5839/1/5839 5831/1/5831 5850/1/5850 
f 5850/1/5850 5849/1/5849 5857/1/5857 
f 5857/1/5857 5858/1/5858 5856/1/5856 
f 5854/1/5854 5859/1/5859 5860/1/5860 5852/1/5852 
f 5848/1/5848 5860/1/5860 5859/1/5859 5849/1/5849 
f 5470/1/5470 5484/1/5484 5860/1/5860 5848/1/5848 
f 5852/1/5852 5860/1/5860 5484/1/5484 5479/1/5479 
f 5857/1/5857 5861/1/5861 5862/1/5862 5858/1/5858 
f 5849/1/5849 5859/1/5859 5861/1/5861 5857/1/5857 
f 5862/1/5862 5861/1/5861 5859/1/5859 5854/1/5854 
f 4178/1/4178 5844/1/5844 5863/1/5863 5864/1/5864 
f 5865/1/5865 5863/1/5863 5844/1/5844 5843/1/5843 
f 5858/1/5858 5862/1/5862 5863/1/5863 5865/1/5865 
f 5864/1/5864 5863/1/5863 5862/1/5862 5854/1/5854 
f 4138/1/4138 4179/1/4179 5866/1/5866 4140/1/4140 
f 5864/1/5864 5866/1/5866 4179/1/4179 4178/1/4178 
f 5854/1/5854 5853/1/5853 5866/1/5866 5864/1/5864 
f 4140/1/4140 5866/1/5866 5853/1/5853 4141/1/4141 
f 5843/1/5843 5846/1/5846 5867/1/5867 5865/1/5865 
f 5838/1/5838 5867/1/5867 5846/1/5846 5830/1/5830 
f 5840/1/5840 5856/1/5856 5867/1/5867 5838/1/5838 
f 5865/1/5865 5867/1/5867 5856/1/5856 5858/1/5858 
f 4337/1/4337 5868/1/5868 5869/1/5869 4334/1/4334 
f 2996/1/2996 5868/1/5868 4337/1/4337 1353/1/1353 
f 2995/1/2995 5870/1/5870 5868/1/5868 2996/1/2996 
f 5869/1/5869 5868/1/5868 5870/1/5870 5871/1/5871 
f 5872/1/5872 4341/1/4341 4334/1/4334 
f 5871/1/5871 5873/1/5873 5872/1/5872 5869/1/5869 
f 5874/1/5874 5875/1/5875 5872/1/5872 5873/1/5873 
f 5875/1/5875 4338/1/4338 4341/1/4341 
f 5871/1/5871 5870/1/5870 5876/1/5876 5873/1/5873 
f 3004/1/3004 5876/1/5876 5870/1/5870 2995/1/2995 
f 3003/1/3003 5877/1/5877 5876/1/5876 3004/1/3004 
f 5873/1/5873 5876/1/5876 5877/1/5877 5874/1/5874 
f 4343/1/4343 5878/1/5878 5879/1/5879 4344/1/4344 
f 5878/1/5878 4343/1/4343 4338/1/4338 
f 5874/1/5874 5880/1/5880 5878/1/5878 5875/1/5875 
f 5879/1/5879 5878/1/5878 5880/1/5880 5881/1/5881 
f 4348/1/4348 4347/1/4347 5882/1/5882 4378/1/4378 
f 4347/1/4347 4344/1/4344 5879/1/5879 
f 5881/1/5881 5883/1/5883 5882/1/5882 5879/1/5879 
f 4378/1/4378 5882/1/5882 5883/1/5883 4381/1/4381 
f 4381/1/4381 5883/1/5883 5884/1/5884 5885/1/5885 
f 5886/1/5886 5884/1/5884 5883/1/5883 5881/1/5881 
f 3015/1/3015 3014/1/3014 5884/1/5884 5886/1/5886 
f 3014/1/3014 3013/1/3013 5885/1/5885 
f 5887/1/5887 5888/1/5888 5290/1/5290 
f 4380/1/4380 5887/1/5887 5289/1/5289 4382/1/4382 
f 4381/1/4381 5885/1/5885 5887/1/5887 4380/1/4380 
f 5888/1/5888 5887/1/5887 5885/1/5885 3013/1/3013 
f 2442/1/2442 5347/1/5347 5889/1/5889 3019/1/3019 
f 5346/1/5346 5889/1/5889 5347/1/5347 5343/1/5343 
f 5290/1/5290 5888/1/5888 5889/1/5889 5346/1/5346 
f 3019/1/3019 5889/1/5889 5888/1/5888 3013/1/3013 
f 5874/1/5874 5877/1/5877 5890/1/5890 5880/1/5880 
f 3022/1/3022 5890/1/5890 5877/1/5877 3003/1/3003 
f 3015/1/3015 5886/1/5886 5890/1/5890 3022/1/3022 
f 5881/1/5881 5880/1/5880 5890/1/5890 5886/1/5886 
f 5891/1/5891 5892/1/5892 5893/1/5893 5894/1/5894 
f 5895/1/5895 5893/1/5893 5892/1/5892 5896/1/5896 
f 5897/1/5897 5898/1/5898 5893/1/5893 5895/1/5895 
f 5894/1/5894 5893/1/5893 5898/1/5898 5899/1/5899 
f 5899/1/5899 5900/1/5900 5901/1/5901 5894/1/5894 
f 5902/1/5902 5901/1/5901 5900/1/5900 5903/1/5903 
f 5904/1/5904 5905/1/5905 5901/1/5901 5902/1/5902 
f 5894/1/5894 5901/1/5901 5905/1/5905 5891/1/5891 
f 5903/1/5903 5906/1/5906 5907/1/5907 5902/1/5902 
f 5908/1/5908 5907/1/5907 5906/1/5906 5909/1/5909 
f 5910/1/5910 5911/1/5911 5907/1/5907 5908/1/5908 
f 5902/1/5902 5907/1/5907 5911/1/5911 5904/1/5904 
f 5909/1/5909 5912/1/5912 5913/1/5913 5908/1/5908 
f 5914/1/5914 5913/1/5913 5912/1/5912 5915/1/5915 
f 5916/1/5916 5917/1/5917 5913/1/5913 5914/1/5914 
f 5908/1/5908 5913/1/5913 5917/1/5917 5910/1/5910 
f 5915/1/5915 5918/1/5918 5919/1/5919 5914/1/5914 
f 5920/1/5920 5919/1/5919 5918/1/5918 5921/1/5921 
f 5922/1/5922 5923/1/5923 5919/1/5919 5920/1/5920 
f 5914/1/5914 5919/1/5919 5923/1/5923 5916/1/5916 
f 5924/1/5924 5925/1/5925 5926/1/5926 5927/1/5927 
f 5928/1/5928 5929/1/5929 5925/1/5925 5924/1/5924 
f 5920/1/5920 5925/1/5925 5929/1/5929 5922/1/5922 
f 5921/1/5921 5926/1/5926 5925/1/5925 5920/1/5920 
f 5930/1/5930 5931/1/5931 5932/1/5932 5933/1/5933 
f 5934/1/5934 5935/1/5935 5931/1/5931 5930/1/5930 
f 5924/1/5924 5931/1/5931 5935/1/5935 5928/1/5928 
f 5927/1/5927 5932/1/5932 5931/1/5931 5924/1/5924 
f 5936/1/5936 5937/1/5937 5938/1/5938 5939/1/5939 
f 5940/1/5940 5941/1/5941 5937/1/5937 5936/1/5936 
f 5930/1/5930 5937/1/5937 5941/1/5941 5934/1/5934 
f 5933/1/5933 5938/1/5938 5937/1/5937 5930/1/5930 
f 5942/1/5942 5943/1/5943 5944/1/5944 5945/1/5945 
f 5946/1/5946 5947/1/5947 5944/1/5944 5943/1/5943 
f 5936/1/5936 5944/1/5944 5947/1/5947 5940/1/5940 
f 5939/1/5939 5945/1/5945 5944/1/5944 5936/1/5936 
f 5948/1/5948 5949/1/5949 5950/1/5950 5951/1/5951 
f 5952/1/5952 5950/1/5950 5949/1/5949 5953/1/5953 
f 5946/1/5946 5943/1/5943 5950/1/5950 5952/1/5952 
f 5951/1/5951 5950/1/5950 5943/1/5943 5942/1/5942 
f 5954/1/5954 5955/1/5955 5956/1/5956 5957/1/5957 
f 5958/1/5958 5956/1/5956 5955/1/5955 5959/1/5959 
f 5953/1/5953 5949/1/5949 5956/1/5956 5958/1/5958 
f 5957/1/5957 5956/1/5956 5949/1/5949 5948/1/5948 
f 5960/1/5960 5961/1/5961 5962/1/5962 5963/1/5963 
f 5964/1/5964 5962/1/5962 5961/1/5961 5965/1/5965 
f 5959/1/5959 5955/1/5955 5962/1/5962 5964/1/5964 
f 5963/1/5963 5962/1/5962 5955/1/5955 5954/1/5954 
f 5966/1/5966 5967/1/5967 5968/1/5968 5969/1/5969 
f 5970/1/5970 5968/1/5968 5967/1/5967 5971/1/5971 
f 5965/1/5965 5961/1/5961 5968/1/5968 5970/1/5970 
f 5969/1/5969 5968/1/5968 5961/1/5961 5960/1/5960 
f 5972/1/5972 5973/1/5973 5974/1/5974 5975/1/5975 
f 5976/1/5976 5974/1/5974 5973/1/5973 5977/1/5977 
f 5971/1/5971 5967/1/5967 5974/1/5974 5976/1/5976 
f 5975/1/5975 5974/1/5974 5967/1/5967 5966/1/5966 
f 5978/1/5978 5979/1/5979 5980/1/5980 5981/1/5981 
f 5982/1/5982 5980/1/5980 5979/1/5979 5983/1/5983 
f 5980/1/5980 5982/1/5982 5984/1/5984 
f 5981/1/5981 5980/1/5980 5985/1/5985 5986/1/5986 
f 5984/1/5984 5982/1/5982 5987/1/5987 
f 5983/1/5983 5988/1/5988 5987/1/5987 5982/1/5982 
f 5989/1/5989 5990/1/5990 5987/1/5987 
f 5991/1/5991 5992/1/5992 5987/1/5987 5990/1/5990 
f 5989/1/5989 5993/1/5993 5994/1/5994 5990/1/5990 
f 5993/1/5993 5995/1/5995 5996/1/5996 
f 5997/1/5997 5998/1/5998 5994/1/5994 5996/1/5996 
f 5998/1/5998 5991/1/5991 5990/1/5990 
f 5999/1/5999 6000/1/6000 6001/1/6001 6002/1/6002 
f 5981/1/5981 6001/1/6001 6000/1/6000 5978/1/5978 
f 5986/1/5986 6003/1/6003 6001/1/6001 5981/1/5981 
f 6002/1/6002 6001/1/6001 6003/1/6003 6004/1/6004 
f 6004/1/6004 6005/1/6005 6006/1/6006 6002/1/6002 
f 5895/1/5895 6006/1/6006 6005/1/6005 5897/1/5897 
f 5896/1/5896 6007/1/6007 6006/1/6006 5895/1/5895 
f 6002/1/6002 6006/1/6006 6007/1/6007 5999/1/5999 
f 6008/1/6008 6009/1/6009 6010/1/6010 
f 6011/1/6011 6008/1/6008 6012/1/6012 6013/1/6013 
f 6014/1/6014 6015/1/6015 6008/1/6008 6011/1/6011 
f 6009/1/6009 6008/1/6008 6015/1/6015 6016/1/6016 
f 6017/1/6017 6012/1/6012 6010/1/6010 
f 5996/1/5996 6017/1/6017 6018/1/6018 5997/1/5997 
f 5995/1/5995 6019/1/6019 6017/1/6017 5996/1/5996 
f 6019/1/6019 6013/1/6013 6012/1/6012 
f 5977/1/5977 5973/1/5973 6020/1/6020 6021/1/6021 
f 6022/1/6022 6020/1/6020 5973/1/5973 5972/1/5972 
f 6023/1/6023 6024/1/6024 6020/1/6020 6022/1/6022 
f 6021/1/6021 6020/1/6020 6024/1/6024 6025/1/6025 
f 6015/1/6015 6026/1/6026 6027/1/6027 6016/1/6016 
f 6026/1/6026 6015/1/6015 6014/1/6014 
f 6025/1/6025 6024/1/6024 6026/1/6026 6028/1/6028 
f 6024/1/6024 6023/1/6023 6027/1/6027 
f 6029/1/6029 6030/1/6030 5989/1/5989 
f 6031/1/6031 6029/1/6029 5988/1/5988 5983/1/5983 
f 6032/1/6032 6033/1/6033 6029/1/6029 6031/1/6031 
f 6030/1/6030 6029/1/6029 6033/1/6033 6034/1/6034 
f 6035/1/6035 6036/1/6036 6037/1/6037 6038/1/6038 
f 6039/1/6039 6037/1/6037 6036/1/6036 6040/1/6040 
f 6032/1/6032 6041/1/6041 6037/1/6037 6039/1/6039 
f 6038/1/6038 6037/1/6037 6041/1/6041 6042/1/6042 
f 6043/1/6043 6044/1/6044 6045/1/6045 6046/1/6046 
f 6047/1/6047 6045/1/6045 6044/1/6044 6048/1/6048 
f 6049/1/6049 6050/1/6050 6045/1/6045 6047/1/6047 
f 6046/1/6046 6045/1/6045 6050/1/6050 6051/1/6051 
f 6052/1/6052 6053/1/6053 6030/1/6030 6034/1/6034 
f 6054/1/6054 6055/1/6055 6053/1/6053 6052/1/6052 
f 5995/1/5995 5993/1/5993 6053/1/6053 6055/1/6055 
f 6030/1/6030 6053/1/6053 5993/1/5993 5989/1/5989 
f 6013/1/6013 6019/1/6019 6056/1/6056 6057/1/6057 
f 6055/1/6055 6056/1/6056 6019/1/6019 5995/1/5995 
f 6054/1/6054 6058/1/6058 6056/1/6056 6055/1/6055 
f 6057/1/6057 6056/1/6056 6058/1/6058 6059/1/6059 
f 5978/1/5978 6000/1/6000 6060/1/6060 6061/1/6061 
f 6062/1/6062 6060/1/6060 6000/1/6000 5999/1/5999 
f 6063/1/6063 6064/1/6064 6060/1/6060 6062/1/6062 
f 6061/1/6061 6060/1/6060 6064/1/6064 6042/1/6042 
f 5983/1/5983 5979/1/5979 6065/1/6065 6031/1/6031 
f 6061/1/6061 6065/1/6065 5979/1/5979 5978/1/5978 
f 6042/1/6042 6041/1/6041 6065/1/6065 6061/1/6061 
f 6031/1/6031 6065/1/6065 6041/1/6041 6032/1/6032 
f 5999/1/5999 6007/1/6007 6066/1/6066 6062/1/6062 
f 6067/1/6067 6066/1/6066 6007/1/6007 5896/1/5896 
f 6068/1/6068 6069/1/6069 6066/1/6066 6067/1/6067 
f 6062/1/6062 6066/1/6066 6069/1/6069 6063/1/6063 
f 6070/1/6070 6071/1/6071 6072/1/6072 6073/1/6073 
f 6011/1/6011 6071/1/6071 6070/1/6070 6014/1/6014 
f 6057/1/6057 6071/1/6071 6011/1/6011 6013/1/6013 
f 6059/1/6059 6072/1/6072 6071/1/6071 6057/1/6057 
f 6043/1/6043 6074/1/6074 6075/1/6075 6076/1/6076 
f 6028/1/6028 6075/1/6075 6074/1/6074 6025/1/6025 
f 6075/1/6075 6028/1/6028 6014/1/6014 
f 6070/1/6070 6073/1/6073 6076/1/6076 
f 5896/1/5896 5892/1/5892 6077/1/6077 6067/1/6067 
f 6078/1/6078 6077/1/6077 5892/1/5892 5891/1/5891 
f 6079/1/6079 6080/1/6080 6077/1/6077 6078/1/6078 
f 6067/1/6067 6077/1/6077 6080/1/6080 6068/1/6068 
f 5891/1/5891 5905/1/5905 6081/1/6081 6078/1/6078 
f 6082/1/6082 6081/1/6081 5905/1/5905 5904/1/5904 
f 6083/1/6083 6084/1/6084 6081/1/6081 6082/1/6082 
f 6078/1/6078 6081/1/6081 6084/1/6084 6079/1/6079 
f 5904/1/5904 5911/1/5911 6085/1/6085 6082/1/6082 
f 6086/1/6086 6085/1/6085 5911/1/5911 5910/1/5910 
f 6087/1/6087 6088/1/6088 6085/1/6085 6086/1/6086 
f 6082/1/6082 6085/1/6085 6088/1/6088 6083/1/6083 
f 5910/1/5910 5917/1/5917 6089/1/6089 6086/1/6086 
f 6090/1/6090 6089/1/6089 5917/1/5917 5916/1/5916 
f 6091/1/6091 6092/1/6092 6089/1/6089 6090/1/6090 
f 6086/1/6086 6089/1/6089 6092/1/6092 6087/1/6087 
f 6087/1/6087 6092/1/6092 6093/1/6093 6094/1/6094 
f 6095/1/6095 6093/1/6093 6092/1/6092 6091/1/6091 
f 6096/1/6096 6097/1/6097 6093/1/6093 6095/1/6095 
f 6094/1/6094 6093/1/6093 6097/1/6097 6098/1/6098 
f 6090/1/6090 6099/1/6099 6100/1/6100 6091/1/6091 
f 5916/1/5916 5923/1/5923 6099/1/6099 6090/1/6090 
f 6101/1/6101 6099/1/6099 5923/1/5923 5922/1/5922 
f 6102/1/6102 6100/1/6100 6099/1/6099 6101/1/6101 
f 6091/1/6091 6100/1/6100 6103/1/6103 6095/1/6095 
f 6104/1/6104 6103/1/6103 6100/1/6100 6102/1/6102 
f 6105/1/6105 6106/1/6106 6103/1/6103 6104/1/6104 
f 6095/1/6095 6103/1/6103 6106/1/6106 6096/1/6096 
f 6101/1/6101 6107/1/6107 6108/1/6108 6102/1/6102 
f 5922/1/5922 5929/1/5929 6107/1/6107 6101/1/6101 
f 6109/1/6109 6107/1/6107 5929/1/5929 5928/1/5928 
f 6110/1/6110 6108/1/6108 6107/1/6107 6109/1/6109 
f 6110/1/6110 6111/1/6111 6112/1/6112 6108/1/6108 
f 6113/1/6113 6112/1/6112 6111/1/6111 6114/1/6114 
f 6105/1/6105 6104/1/6104 6112/1/6112 6113/1/6113 
f 6108/1/6108 6112/1/6112 6104/1/6104 6102/1/6102 
f 6109/1/6109 6115/1/6115 6116/1/6116 6110/1/6110 
f 5928/1/5928 5935/1/5935 6115/1/6115 6109/1/6109 
f 6117/1/6117 6115/1/6115 5935/1/5935 5934/1/5934 
f 6118/1/6118 6116/1/6116 6115/1/6115 6117/1/6117 
f 6118/1/6118 6119/1/6119 6120/1/6120 6116/1/6116 
f 6121/1/6121 6122/1/6122 6120/1/6120 6119/1/6119 
f 6114/1/6114 6111/1/6111 6120/1/6120 6122/1/6122 
f 6116/1/6116 6120/1/6120 6111/1/6111 6110/1/6110 
f 6117/1/6117 6123/1/6123 6124/1/6124 6118/1/6118 
f 5934/1/5934 5941/1/5941 6123/1/6123 6117/1/6117 
f 5941/1/5941 5940/1/5940 6125/1/6125 
f 6126/1/6126 6124/1/6124 6123/1/6123 6125/1/6125 
f 6127/1/6127 6128/1/6128 6124/1/6124 6126/1/6126 
f 6129/1/6129 6130/1/6130 6128/1/6128 6127/1/6127 
f 6119/1/6119 6128/1/6128 6130/1/6130 6121/1/6121 
f 6119/1/6119 6118/1/6118 6124/1/6124 6128/1/6128 
f 6125/1/6125 6131/1/6131 6132/1/6132 6126/1/6126 
f 5940/1/5940 5947/1/5947 6131/1/6131 6125/1/6125 
f 6133/1/6133 6131/1/6131 5947/1/5947 5946/1/5946 
f 6134/1/6134 6132/1/6132 6131/1/6131 6133/1/6133 
f 6126/1/6126 6132/1/6132 6135/1/6135 6127/1/6127 
f 6136/1/6136 6135/1/6135 6132/1/6132 6134/1/6134 
f 6137/1/6137 6138/1/6138 6135/1/6135 6136/1/6136 
f 6127/1/6127 6135/1/6135 6138/1/6138 6129/1/6129 
f 6133/1/6133 6139/1/6139 6140/1/6140 6134/1/6134 
f 5946/1/5946 5952/1/5952 6139/1/6139 6133/1/6133 
f 5953/1/5953 6141/1/6141 6139/1/6139 5952/1/5952 
f 6142/1/6142 6140/1/6140 6139/1/6139 6141/1/6141 
f 6134/1/6134 6140/1/6140 6143/1/6143 6136/1/6136 
f 6144/1/6144 6143/1/6143 6140/1/6140 6142/1/6142 
f 6145/1/6145 6146/1/6146 6143/1/6143 6144/1/6144 
f 6136/1/6136 6143/1/6143 6146/1/6146 6137/1/6137 
f 6142/1/6142 6141/1/6141 6147/1/6147 6148/1/6148 
f 5958/1/5958 6147/1/6147 6141/1/6141 5953/1/5953 
f 5959/1/5959 6149/1/6149 6147/1/6147 5958/1/5958 
f 6148/1/6148 6147/1/6147 6149/1/6149 6150/1/6150 
f 6150/1/6150 6151/1/6151 6152/1/6152 6148/1/6148 
f 6153/1/6153 6154/1/6154 6152/1/6152 6151/1/6151 
f 6144/1/6144 6152/1/6152 6154/1/6154 6145/1/6145 
f 6148/1/6148 6152/1/6152 6144/1/6144 6142/1/6142 
f 6150/1/6150 6149/1/6149 6155/1/6155 6156/1/6156 
f 5964/1/5964 6155/1/6155 6149/1/6149 5959/1/5959 
f 5965/1/5965 6157/1/6157 6155/1/6155 5964/1/5964 
f 6156/1/6156 6155/1/6155 6157/1/6157 6158/1/6158 
f 6158/1/6158 6159/1/6159 6160/1/6160 6156/1/6156 
f 6161/1/6161 6160/1/6160 6159/1/6159 6162/1/6162 
f 6153/1/6153 6151/1/6151 6160/1/6160 6161/1/6161 
f 6156/1/6156 6160/1/6160 6151/1/6151 6150/1/6150 
f 6158/1/6158 6157/1/6157 6163/1/6163 6164/1/6164 
f 5970/1/5970 6163/1/6163 6157/1/6157 5965/1/5965 
f 5971/1/5971 6165/1/6165 6163/1/6163 5970/1/5970 
f 6164/1/6164 6163/1/6163 6165/1/6165 6166/1/6166 
f 6166/1/6166 6167/1/6167 6168/1/6168 6164/1/6164 
f 6169/1/6169 6168/1/6168 6167/1/6167 6170/1/6170 
f 6162/1/6162 6159/1/6159 6168/1/6168 6169/1/6169 
f 6159/1/6159 6158/1/6158 6164/1/6164 
f 6166/1/6166 6165/1/6165 6171/1/6171 6172/1/6172 
f 5976/1/5976 6171/1/6171 6165/1/6165 5971/1/5971 
f 5977/1/5977 6173/1/6173 6171/1/6171 5976/1/5976 
f 6172/1/6172 6171/1/6171 6173/1/6173 6051/1/6051 
f 6051/1/6051 6050/1/6050 6174/1/6174 6172/1/6172 
f 6175/1/6175 6174/1/6174 6050/1/6050 6049/1/6049 
f 6170/1/6170 6167/1/6167 6174/1/6174 6175/1/6175 
f 6172/1/6172 6174/1/6174 6167/1/6167 6166/1/6166 
f 6051/1/6051 6173/1/6173 6176/1/6176 6046/1/6046 
f 6021/1/6021 6176/1/6176 6173/1/6173 5977/1/5977 
f 6025/1/6025 6074/1/6074 6176/1/6176 6021/1/6021 
f 6046/1/6046 6176/1/6176 6074/1/6074 6043/1/6043 
f 5903/1/5903 5900/1/5900 6177/1/6177 6178/1/6178 
f 6179/1/6179 6177/1/6177 5900/1/5900 5899/1/5899 
f 6180/1/6180 6181/1/6181 6177/1/6177 6179/1/6179 
f 6178/1/6178 6177/1/6177 6181/1/6181 6182/1/6182 
f 5909/1/5909 5906/1/5906 6183/1/6183 6184/1/6184 
f 6178/1/6178 6183/1/6183 5906/1/5906 5903/1/5903 
f 6182/1/6182 6185/1/6185 6183/1/6183 6178/1/6178 
f 6184/1/6184 6183/1/6183 6185/1/6185 6186/1/6186 
f 5915/1/5915 5912/1/5912 6187/1/6187 6188/1/6188 
f 6184/1/6184 6187/1/6187 5912/1/5912 5909/1/5909 
f 6186/1/6186 6189/1/6189 6187/1/6187 6184/1/6184 
f 6188/1/6188 6187/1/6187 6189/1/6189 6190/1/6190 
f 5921/1/5921 5918/1/5918 6191/1/6191 6192/1/6192 
f 6188/1/6188 6191/1/6191 5918/1/5918 5915/1/5915 
f 6190/1/6190 6193/1/6193 6191/1/6191 6188/1/6188 
f 6192/1/6192 6191/1/6191 6193/1/6193 6194/1/6194 
f 5927/1/5927 5926/1/5926 6195/1/6195 6196/1/6196 
f 6192/1/6192 6195/1/6195 5926/1/5926 5921/1/5921 
f 6194/1/6194 6197/1/6197 6195/1/6195 6192/1/6192 
f 6196/1/6196 6195/1/6195 6197/1/6197 6198/1/6198 
f 6196/1/6196 6199/1/6199 5932/1/5932 5927/1/5927 
f 6198/1/6198 6200/1/6200 6199/1/6199 6196/1/6196 
f 6201/1/6201 6199/1/6199 6200/1/6200 6202/1/6202 
f 5933/1/5933 5932/1/5932 6199/1/6199 6201/1/6201 
f 6201/1/6201 6203/1/6203 5938/1/5938 5933/1/5933 
f 6202/1/6202 6204/1/6204 6203/1/6203 6201/1/6201 
f 6205/1/6205 6206/1/6206 6203/1/6203 6204/1/6204 
f 5939/1/5939 5938/1/5938 6203/1/6203 6206/1/6206 
f 5939/1/5939 6206/1/6206 6207/1/6207 5945/1/5945 
f 6208/1/6208 6207/1/6207 6206/1/6206 6205/1/6205 
f 6209/1/6209 6210/1/6210 6207/1/6207 6208/1/6208 
f 5945/1/5945 6207/1/6207 6210/1/6210 5942/1/5942 
f 5942/1/5942 6210/1/6210 6211/1/6211 5951/1/5951 
f 6212/1/6212 6211/1/6211 6210/1/6210 6209/1/6209 
f 6213/1/6213 6214/1/6214 6211/1/6211 6212/1/6212 
f 5951/1/5951 6211/1/6211 6214/1/6214 5948/1/5948 
f 5948/1/5948 6214/1/6214 6215/1/6215 5957/1/5957 
f 6216/1/6216 6215/1/6215 6214/1/6214 6213/1/6213 
f 6217/1/6217 6218/1/6218 6215/1/6215 6216/1/6216 
f 5957/1/5957 6215/1/6215 6218/1/6218 5954/1/5954 
f 5954/1/5954 6218/1/6218 6219/1/6219 5963/1/5963 
f 6220/1/6220 6219/1/6219 6218/1/6218 6217/1/6217 
f 6221/1/6221 6222/1/6222 6219/1/6219 6220/1/6220 
f 5963/1/5963 6219/1/6219 6222/1/6222 5960/1/5960 
f 5960/1/5960 6222/1/6222 6223/1/6223 5969/1/5969 
f 6224/1/6224 6223/1/6223 6222/1/6222 6221/1/6221 
f 6225/1/6225 6226/1/6226 6223/1/6223 6224/1/6224 
f 5969/1/5969 6223/1/6223 6226/1/6226 5966/1/5966 
f 5966/1/5966 6226/1/6226 6227/1/6227 5975/1/5975 
f 6228/1/6228 6227/1/6227 6226/1/6226 6225/1/6225 
f 6229/1/6229 6230/1/6230 6227/1/6227 6228/1/6228 
f 5975/1/5975 6227/1/6227 6230/1/6230 5972/1/5972 
f 5972/1/5972 6230/1/6230 6231/1/6231 6022/1/6022 
f 6232/1/6232 6231/1/6231 6230/1/6230 6229/1/6229 
f 6233/1/6233 6234/1/6234 6231/1/6231 6232/1/6232 
f 6022/1/6022 6231/1/6231 6234/1/6234 6023/1/6023 
f 6235/1/6235 6236/1/6236 6237/1/6237 6238/1/6238 
f 6016/1/6016 6027/1/6027 6236/1/6236 6235/1/6235 
f 6236/1/6236 6027/1/6027 6023/1/6023 
f 6234/1/6234 6233/1/6233 6237/1/6237 
f 6016/1/6016 6235/1/6235 6239/1/6239 6009/1/6009 
f 6238/1/6238 6240/1/6240 6239/1/6239 6235/1/6235 
f 6241/1/6241 6239/1/6239 6240/1/6240 6242/1/6242 
f 6010/1/6010 6009/1/6009 6239/1/6239 
f 5997/1/5997 6018/1/6018 6243/1/6243 6244/1/6244 
f 6241/1/6241 6243/1/6243 6018/1/6018 6010/1/6010 
f 6242/1/6242 6245/1/6245 6243/1/6243 6241/1/6241 
f 6244/1/6244 6243/1/6243 6245/1/6245 6246/1/6246 
f 6246/1/6246 6247/1/6247 6248/1/6248 6244/1/6244 
f 6249/1/6249 6248/1/6248 6247/1/6247 6250/1/6250 
f 5991/1/5991 5998/1/5998 6248/1/6248 6249/1/6249 
f 6244/1/6244 6248/1/6248 5998/1/5998 5997/1/5997 
f 6004/1/6004 6003/1/6003 6251/1/6251 6252/1/6252 
f 6253/1/6253 6251/1/6251 6003/1/6003 5986/1/5986 
f 6254/1/6254 6255/1/6255 6251/1/6251 6253/1/6253 
f 6252/1/6252 6251/1/6251 6255/1/6255 6256/1/6256 
f 5897/1/5897 6005/1/6005 6257/1/6257 6258/1/6258 
f 6252/1/6252 6257/1/6257 6005/1/6005 6004/1/6004 
f 6256/1/6256 6259/1/6259 6257/1/6257 6252/1/6252 
f 6258/1/6258 6257/1/6257 6259/1/6259 6260/1/6260 
f 6260/1/6260 6261/1/6261 6262/1/6262 6258/1/6258 
f 6179/1/6179 6262/1/6262 6261/1/6261 6180/1/6180 
f 5899/1/5899 5898/1/5898 6262/1/6262 6179/1/6179 
f 6258/1/6258 6262/1/6262 5898/1/5898 5897/1/5897 
f 5986/1/5986 5985/1/5985 6263/1/6263 6253/1/6253 
f 6264/1/6264 6263/1/6263 5985/1/5985 5984/1/5984 
f 6265/1/6265 6266/1/6266 6263/1/6263 6264/1/6264 
f 6253/1/6253 6263/1/6263 6266/1/6266 6254/1/6254 
f 5984/1/5984 5992/1/5992 6267/1/6267 6264/1/6264 
f 5992/1/5992 5991/1/5991 6249/1/6249 
f 6250/1/6250 6268/1/6268 6267/1/6267 6249/1/6249 
f 6264/1/6264 6267/1/6267 6268/1/6268 6265/1/6265 
f 6180/1/6180 6261/1/6261 6269/1/6269 6270/1/6270 
f 6271/1/6271 6269/1/6269 6261/1/6261 6260/1/6260 
f 6272/1/6272 6273/1/6273 6269/1/6269 6271/1/6271 
f 6270/1/6270 6269/1/6269 6273/1/6273 6274/1/6274 
f 6275/1/6275 6276/1/6276 6277/1/6277 6278/1/6278 
f 6279/1/6279 6276/1/6276 6275/1/6275 6280/1/6280 
f 6281/1/6281 6282/1/6282 6276/1/6276 6279/1/6279 
f 6277/1/6277 6276/1/6276 6282/1/6282 6283/1/6283 
f 6254/1/6254 6266/1/6266 6284/1/6284 6285/1/6285 
f 6286/1/6286 6284/1/6284 6266/1/6266 6265/1/6265 
f 6287/1/6287 6288/1/6288 6284/1/6284 6286/1/6286 
f 6285/1/6285 6284/1/6284 6288/1/6288 6289/1/6289 
f 6290/1/6290 6291/1/6291 6292/1/6292 6293/1/6293 
f 6294/1/6294 6292/1/6292 6291/1/6291 6295/1/6295 
f 6296/1/6296 6297/1/6297 6292/1/6292 6294/1/6294 
f 6293/1/6293 6292/1/6292 6297/1/6297 6274/1/6274 
f 6298/1/6298 6299/1/6299 6300/1/6300 6301/1/6301 
f 6293/1/6293 6300/1/6300 6299/1/6299 6290/1/6290 
f 6274/1/6274 6273/1/6273 6300/1/6300 6293/1/6293 
f 6301/1/6301 6300/1/6300 6273/1/6273 6272/1/6272 
f 6274/1/6274 6297/1/6297 6302/1/6302 6270/1/6270 
f 6303/1/6303 6302/1/6302 6297/1/6297 6296/1/6296 
f 6182/1/6182 6181/1/6181 6302/1/6302 6303/1/6303 
f 6270/1/6270 6302/1/6302 6181/1/6181 6180/1/6180 
f 6295/1/6295 6304/1/6304 6305/1/6305 6294/1/6294 
f 6306/1/6306 6305/1/6305 6304/1/6304 6307/1/6307 
f 6308/1/6308 6309/1/6309 6305/1/6305 6306/1/6306 
f 6294/1/6294 6305/1/6305 6309/1/6309 6296/1/6296 
f 6296/1/6296 6309/1/6309 6310/1/6310 6303/1/6303 
f 6311/1/6311 6310/1/6310 6309/1/6309 6308/1/6308 
f 6186/1/6186 6185/1/6185 6310/1/6310 6311/1/6311 
f 6303/1/6303 6310/1/6310 6185/1/6185 6182/1/6182 
f 6307/1/6307 6312/1/6312 6313/1/6313 6306/1/6306 
f 6314/1/6314 6313/1/6313 6312/1/6312 6315/1/6315 
f 6316/1/6316 6317/1/6317 6313/1/6313 6314/1/6314 
f 6306/1/6306 6313/1/6313 6317/1/6317 6308/1/6308 
f 6308/1/6308 6317/1/6317 6318/1/6318 6311/1/6311 
f 6319/1/6319 6318/1/6318 6317/1/6317 6316/1/6316 
f 6190/1/6190 6189/1/6189 6318/1/6318 6319/1/6319 
f 6311/1/6311 6318/1/6318 6189/1/6189 6186/1/6186 
f 6315/1/6315 6320/1/6320 6321/1/6321 6314/1/6314 
f 6322/1/6322 6321/1/6321 6320/1/6320 6323/1/6323 
f 6324/1/6324 6325/1/6325 6321/1/6321 6322/1/6322 
f 6314/1/6314 6321/1/6321 6325/1/6325 6316/1/6316 
f 6316/1/6316 6325/1/6325 6326/1/6326 6319/1/6319 
f 6327/1/6327 6326/1/6326 6325/1/6325 6324/1/6324 
f 6194/1/6194 6193/1/6193 6326/1/6326 6327/1/6327 
f 6319/1/6319 6326/1/6326 6193/1/6193 6190/1/6190 
f 6322/1/6322 6328/1/6328 6329/1/6329 6324/1/6324 
f 6323/1/6323 6330/1/6330 6328/1/6328 6322/1/6322 
f 6331/1/6331 6332/1/6332 6328/1/6328 6330/1/6330 
f 6333/1/6333 6329/1/6329 6328/1/6328 6332/1/6332 
f 6334/1/6334 6335/1/6335 6329/1/6329 6333/1/6333 
f 6198/1/6198 6197/1/6197 6335/1/6335 6334/1/6334 
f 6327/1/6327 6335/1/6335 6197/1/6197 6194/1/6194 
f 6324/1/6324 6329/1/6329 6335/1/6335 6327/1/6327 
f 6333/1/6333 6332/1/6332 6336/1/6336 6337/1/6337 
f 6338/1/6338 6336/1/6336 6332/1/6332 6331/1/6331 
f 6339/1/6339 6340/1/6340 6336/1/6336 6338/1/6338 
f 6337/1/6337 6336/1/6336 6340/1/6340 6341/1/6341 
f 6341/1/6341 6342/1/6342 6343/1/6343 6337/1/6337 
f 6342/1/6342 6202/1/6202 6200/1/6200 6343/1/6343 
f 6334/1/6334 6343/1/6343 6200/1/6200 6198/1/6198 
f 6333/1/6333 6337/1/6337 6343/1/6343 6334/1/6334 
f 6341/1/6341 6340/1/6340 6344/1/6344 6345/1/6345 
f 6346/1/6346 6344/1/6344 6340/1/6340 6339/1/6339 
f 6347/1/6347 6348/1/6348 6344/1/6344 6346/1/6346 
f 6345/1/6345 6344/1/6344 6348/1/6348 6349/1/6349 
f 6349/1/6349 6350/1/6350 6351/1/6351 6345/1/6345 
f 6205/1/6205 6204/1/6204 6351/1/6351 6350/1/6350 
f 6202/1/6202 6342/1/6342 6351/1/6351 6204/1/6204 
f 6345/1/6345 6351/1/6351 6342/1/6342 6341/1/6341 
f 6349/1/6349 6348/1/6348 6352/1/6352 6353/1/6353 
f 6354/1/6354 6352/1/6352 6348/1/6348 6347/1/6347 
f 6355/1/6355 6356/1/6356 6352/1/6352 6354/1/6354 
f 6353/1/6353 6352/1/6352 6356/1/6356 6357/1/6357 
f 6357/1/6357 6358/1/6358 6359/1/6359 6353/1/6353 
f 6208/1/6208 6359/1/6359 6358/1/6358 6209/1/6209 
f 6205/1/6205 6350/1/6350 6359/1/6359 6208/1/6208 
f 6353/1/6353 6359/1/6359 6350/1/6350 6349/1/6349 
f 6357/1/6357 6356/1/6356 6360/1/6360 6361/1/6361 
f 6362/1/6362 6360/1/6360 6356/1/6356 6355/1/6355 
f 6363/1/6363 6364/1/6364 6360/1/6360 6362/1/6362 
f 6361/1/6361 6360/1/6360 6364/1/6364 6365/1/6365 
f 6365/1/6365 6366/1/6366 6367/1/6367 6361/1/6361 
f 6212/1/6212 6367/1/6367 6366/1/6366 6213/1/6213 
f 6209/1/6209 6358/1/6358 6367/1/6367 6212/1/6212 
f 6361/1/6361 6367/1/6367 6358/1/6358 6357/1/6357 
f 6365/1/6365 6364/1/6364 6368/1/6368 6369/1/6369 
f 6370/1/6370 6368/1/6368 6364/1/6364 6363/1/6363 
f 6371/1/6371 6372/1/6372 6368/1/6368 6370/1/6370 
f 6369/1/6369 6368/1/6368 6372/1/6372 6373/1/6373 
f 6373/1/6373 6374/1/6374 6375/1/6375 6369/1/6369 
f 6216/1/6216 6375/1/6375 6374/1/6374 6217/1/6217 
f 6213/1/6213 6366/1/6366 6375/1/6375 6216/1/6216 
f 6369/1/6369 6375/1/6375 6366/1/6366 6365/1/6365 
f 6373/1/6373 6372/1/6372 6376/1/6376 6377/1/6377 
f 6378/1/6378 6376/1/6376 6372/1/6372 6371/1/6371 
f 6379/1/6379 6380/1/6380 6376/1/6376 6378/1/6378 
f 6377/1/6377 6376/1/6376 6380/1/6380 6381/1/6381 
f 6381/1/6381 6382/1/6382 6383/1/6383 6377/1/6377 
f 6220/1/6220 6383/1/6383 6382/1/6382 6221/1/6221 
f 6217/1/6217 6374/1/6374 6383/1/6383 6220/1/6220 
f 6377/1/6377 6383/1/6383 6374/1/6374 6373/1/6373 
f 6381/1/6381 6380/1/6380 6384/1/6384 6385/1/6385 
f 6386/1/6386 6384/1/6384 6380/1/6380 6379/1/6379 
f 6387/1/6387 6388/1/6388 6384/1/6384 6386/1/6386 
f 6385/1/6385 6384/1/6384 6388/1/6388 6389/1/6389 
f 6389/1/6389 6390/1/6390 6391/1/6391 6385/1/6385 
f 6224/1/6224 6391/1/6391 6390/1/6390 6225/1/6225 
f 6221/1/6221 6382/1/6382 6391/1/6391 6224/1/6224 
f 6385/1/6385 6391/1/6391 6382/1/6382 6381/1/6381 
f 6389/1/6389 6388/1/6388 6392/1/6392 6393/1/6393 
f 6394/1/6394 6392/1/6392 6388/1/6388 6387/1/6387 
f 6395/1/6395 6396/1/6396 6392/1/6392 6394/1/6394 
f 6393/1/6393 6392/1/6392 6396/1/6396 6397/1/6397 
f 6397/1/6397 6398/1/6398 6399/1/6399 6393/1/6393 
f 6228/1/6228 6399/1/6399 6398/1/6398 6229/1/6229 
f 6225/1/6225 6390/1/6390 6399/1/6399 6228/1/6228 
f 6393/1/6393 6399/1/6399 6390/1/6390 6389/1/6389 
f 6397/1/6397 6396/1/6396 6400/1/6400 6401/1/6401 
f 6402/1/6402 6400/1/6400 6396/1/6396 6395/1/6395 
f 6403/1/6403 6404/1/6404 6400/1/6400 6402/1/6402 
f 6401/1/6401 6400/1/6400 6404/1/6404 6405/1/6405 
f 6405/1/6405 6406/1/6406 6407/1/6407 6401/1/6401 
f 6232/1/6232 6407/1/6407 6406/1/6406 6233/1/6233 
f 6229/1/6229 6398/1/6398 6407/1/6407 6232/1/6232 
f 6401/1/6401 6407/1/6407 6398/1/6398 6397/1/6397 
f 6405/1/6405 6404/1/6404 6408/1/6408 6409/1/6409 
f 6410/1/6410 6408/1/6408 6404/1/6404 6403/1/6403 
f 6280/1/6280 6275/1/6275 6408/1/6408 6410/1/6410 
f 6409/1/6409 6408/1/6408 6275/1/6275 6278/1/6278 
f 6278/1/6278 6411/1/6411 6412/1/6412 6409/1/6409 
f 6237/1/6237 6412/1/6412 6411/1/6411 6238/1/6238 
f 6233/1/6233 6406/1/6406 6412/1/6412 6237/1/6237 
f 6409/1/6409 6412/1/6412 6406/1/6406 6405/1/6405 
f 6283/1/6283 6282/1/6282 6413/1/6413 6414/1/6414 
f 6415/1/6415 6413/1/6413 6282/1/6282 6281/1/6281 
f 6416/1/6416 6417/1/6417 6413/1/6413 6415/1/6415 
f 6414/1/6414 6413/1/6413 6417/1/6417 6418/1/6418 
f 6238/1/6238 6411/1/6411 6419/1/6419 6240/1/6240 
f 6277/1/6277 6419/1/6419 6411/1/6411 6278/1/6278 
f 6283/1/6283 6420/1/6420 6419/1/6419 6277/1/6277 
f 6242/1/6242 6240/1/6240 6419/1/6419 6420/1/6420 
f 6414/1/6414 6421/1/6421 6420/1/6420 6283/1/6283 
f 6418/1/6418 6422/1/6422 6421/1/6421 6414/1/6414 
f 6246/1/6246 6245/1/6245 6421/1/6421 6422/1/6422 
f 6420/1/6420 6421/1/6421 6245/1/6245 6242/1/6242 
f 6423/1/6423 6424/1/6424 6417/1/6417 6416/1/6416 
f 6425/1/6425 6426/1/6426 6424/1/6424 6423/1/6423 
f 6427/1/6427 6428/1/6428 6424/1/6424 6426/1/6426 
f 6417/1/6417 6424/1/6424 6428/1/6428 6418/1/6418 
f 6422/1/6422 6418/1/6418 6428/1/6428 6429/1/6429 
f 6430/1/6430 6429/1/6429 6428/1/6428 6427/1/6427 
f 6250/1/6250 6247/1/6247 6429/1/6429 6430/1/6430 
f 6422/1/6422 6429/1/6429 6247/1/6247 6246/1/6246 
f 6431/1/6431 6432/1/6432 6433/1/6433 6434/1/6434 
f 6435/1/6435 6433/1/6433 6432/1/6432 6436/1/6436 
f 6437/1/6437 6438/1/6438 6433/1/6433 6435/1/6435 
f 6434/1/6434 6433/1/6433 6438/1/6438 6289/1/6289 
f 6439/1/6439 6440/1/6440 6441/1/6441 6442/1/6442 
f 6434/1/6434 6441/1/6441 6440/1/6440 6431/1/6431 
f 6289/1/6289 6288/1/6288 6441/1/6441 6434/1/6434 
f 6442/1/6442 6441/1/6441 6288/1/6288 6287/1/6287 
f 6289/1/6289 6438/1/6438 6443/1/6443 6285/1/6285 
f 6444/1/6444 6443/1/6443 6438/1/6438 6437/1/6437 
f 6256/1/6256 6255/1/6255 6443/1/6443 6444/1/6444 
f 6285/1/6285 6443/1/6443 6255/1/6255 6254/1/6254 
f 6436/1/6436 6445/1/6445 6446/1/6446 6435/1/6435 
f 6301/1/6301 6446/1/6446 6445/1/6445 6298/1/6298 
f 6272/1/6272 6447/1/6447 6446/1/6446 6301/1/6301 
f 6435/1/6435 6446/1/6446 6447/1/6447 6437/1/6437 
f 6437/1/6437 6447/1/6447 6448/1/6448 6444/1/6444 
f 6271/1/6271 6448/1/6448 6447/1/6447 6272/1/6272 
f 6260/1/6260 6259/1/6259 6448/1/6448 6271/1/6271 
f 6444/1/6444 6448/1/6448 6259/1/6259 6256/1/6256 
f 6449/1/6449 6450/1/6450 6426/1/6426 6425/1/6425 
f 6439/1/6439 6442/1/6442 6450/1/6450 6449/1/6449 
f 6287/1/6287 6451/1/6451 6450/1/6450 6442/1/6442 
f 6426/1/6426 6450/1/6450 6451/1/6451 6427/1/6427 
f 6265/1/6265 6268/1/6268 6452/1/6452 6286/1/6286 
f 6430/1/6430 6452/1/6452 6268/1/6268 6250/1/6250 
f 6427/1/6427 6451/1/6451 6452/1/6452 6430/1/6430 
f 6286/1/6286 6452/1/6452 6451/1/6451 6287/1/6287 
f 6453/1/6453 6454/1/6454 6034/1/6034 
f 6039/1/6039 6453/1/6453 6033/1/6033 6032/1/6032 
f 6040/1/6040 6455/1/6455 6453/1/6453 6039/1/6039 
f 6454/1/6454 6453/1/6453 6455/1/6455 6456/1/6456 
f 6034/1/6034 6454/1/6454 6457/1/6457 6052/1/6052 
f 6458/1/6458 6457/1/6457 6454/1/6454 6456/1/6456 
f 6459/1/6459 6460/1/6460 6457/1/6457 6458/1/6458 
f 6052/1/6052 6457/1/6457 6460/1/6460 6054/1/6054 
f 6459/1/6459 6458/1/6458 6461/1/6461 6462/1/6462 
f 6456/1/6456 6463/1/6463 6461/1/6461 6458/1/6458 
f 6464/1/6464 6465/1/6465 6466/1/6466 6467/1/6467 
f 6038/1/6038 6466/1/6466 6465/1/6465 6035/1/6035 
f 6042/1/6042 6064/1/6064 6466/1/6466 6038/1/6038 
f 6467/1/6467 6466/1/6466 6064/1/6064 6063/1/6063 
f 6059/1/6059 6058/1/6058 6468/1/6468 6469/1/6469 
f 6460/1/6460 6468/1/6468 6058/1/6058 6054/1/6054 
f 6459/1/6459 6470/1/6470 6468/1/6468 6460/1/6460 
f 6469/1/6469 6468/1/6468 6470/1/6470 6471/1/6471 
f 6471/1/6471 6470/1/6470 6472/1/6472 6473/1/6473 
f 6470/1/6470 6459/1/6459 6462/1/6462 
f 6073/1/6073 6072/1/6072 6474/1/6474 6475/1/6475 
f 6469/1/6469 6474/1/6474 6072/1/6072 6059/1/6059 
f 6471/1/6471 6476/1/6476 6474/1/6474 6469/1/6469 
f 6475/1/6475 6474/1/6474 6476/1/6476 6477/1/6477 
f 6478/1/6478 6479/1/6479 6477/1/6477 
f 6473/1/6473 6478/1/6478 6476/1/6476 6471/1/6471 
f 6048/1/6048 6044/1/6044 6480/1/6480 6481/1/6481 
f 6044/1/6044 6043/1/6043 6076/1/6076 
f 6480/1/6480 6076/1/6076 6073/1/6073 
f 6481/1/6481 6480/1/6480 6475/1/6475 6477/1/6477 
f 6040/1/6040 6036/1/6036 6482/1/6482 6483/1/6483 
f 6484/1/6484 6482/1/6482 6036/1/6036 6035/1/6035 
f 6456/1/6456 6455/1/6455 6485/1/6485 6463/1/6463 
f 6483/1/6483 6485/1/6485 6455/1/6455 6040/1/6040 
f 6481/1/6481 6486/1/6486 6487/1/6487 6048/1/6048 
f 6486/1/6486 6481/1/6481 6477/1/6477 
f 6175/1/6175 6488/1/6488 6489/1/6489 6170/1/6170 
f 6049/1/6049 6490/1/6490 6488/1/6488 6175/1/6175 
f 6047/1/6047 6491/1/6491 6490/1/6490 6049/1/6049 
f 6048/1/6048 6487/1/6487 6491/1/6491 6047/1/6047 
f 6153/1/6153 6161/1/6161 6492/1/6492 6493/1/6493 
f 6162/1/6162 6494/1/6494 6492/1/6492 6161/1/6161 
f 6169/1/6169 6495/1/6495 6494/1/6494 6162/1/6162 
f 6170/1/6170 6489/1/6489 6495/1/6495 6169/1/6169 
f 6145/1/6145 6154/1/6154 6496/1/6496 6497/1/6497 
f 6493/1/6493 6496/1/6496 6154/1/6154 6153/1/6153 
f 6137/1/6137 6146/1/6146 6498/1/6498 6499/1/6499 
f 6497/1/6497 6498/1/6498 6146/1/6146 6145/1/6145 
f 6129/1/6129 6138/1/6138 6500/1/6500 6501/1/6501 
f 6138/1/6138 6137/1/6137 6499/1/6499 
f 6121/1/6121 6130/1/6130 6502/1/6502 6503/1/6503 
f 6501/1/6501 6502/1/6502 6130/1/6130 6129/1/6129 
f 6114/1/6114 6122/1/6122 6504/1/6504 6505/1/6505 
f 6503/1/6503 6504/1/6504 6122/1/6122 6121/1/6121 
f 6113/1/6113 6506/1/6506 6507/1/6507 6105/1/6105 
f 6114/1/6114 6505/1/6505 6506/1/6506 6113/1/6113 
f 6096/1/6096 6106/1/6106 6508/1/6508 6509/1/6509 
f 6507/1/6507 6508/1/6508 6106/1/6106 6105/1/6105 
f 6097/1/6097 6510/1/6510 6511/1/6511 6098/1/6098 
f 6096/1/6096 6509/1/6509 6510/1/6510 6097/1/6097 
f 6035/1/6035 6465/1/6465 6512/1/6512 6484/1/6484 
f 6513/1/6513 6512/1/6512 6465/1/6465 6464/1/6464 
f 6514/1/6514 6515/1/6515 6516/1/6516 6517/1/6517 
f 6467/1/6467 6516/1/6516 6515/1/6515 6464/1/6464 
f 6063/1/6063 6069/1/6069 6516/1/6516 6467/1/6467 
f 6517/1/6517 6516/1/6516 6069/1/6069 6068/1/6068 
f 6518/1/6518 6519/1/6519 6520/1/6520 6521/1/6521 
f 6517/1/6517 6520/1/6520 6519/1/6519 6514/1/6514 
f 6068/1/6068 6080/1/6080 6520/1/6520 6517/1/6517 
f 6521/1/6521 6520/1/6520 6080/1/6080 6079/1/6079 
f 6083/1/6083 6088/1/6088 6522/1/6522 6523/1/6523 
f 6094/1/6094 6522/1/6522 6088/1/6088 6087/1/6087 
f 6098/1/6098 6524/1/6524 6522/1/6522 6094/1/6094 
f 6523/1/6523 6522/1/6522 6524/1/6524 6525/1/6525 
f 6525/1/6525 6526/1/6526 6527/1/6527 6523/1/6523 
f 6521/1/6521 6527/1/6527 6526/1/6526 6518/1/6518 
f 6079/1/6079 6084/1/6084 6527/1/6527 6521/1/6521 
f 6523/1/6523 6527/1/6527 6084/1/6084 6083/1/6083 
f 6524/1/6524 6528/1/6528 6529/1/6529 6525/1/6525 
f 6098/1/6098 6511/1/6511 6528/1/6528 6524/1/6524 
f 6464/1/6464 6515/1/6515 6530/1/6530 6513/1/6513 
f 6531/1/6531 6530/1/6530 6515/1/6515 6514/1/6514 
f 2525/1/2525 6532/1/6532 6533/1/6533 2528/1/2528 
f 6415/1/6415 6533/1/6533 6532/1/6532 6416/1/6416 
f 6533/1/6533 6415/1/6415 6281/1/6281 
f 2528/1/2528 6533/1/6533 6534/1/6534 2529/1/2529 
f 2529/1/2529 6534/1/6534 6535/1/6535 5415/1/5415 
f 6279/1/6279 6535/1/6535 6534/1/6534 6281/1/6281 
f 6280/1/6280 6536/1/6536 6535/1/6535 6279/1/6279 
f 5415/1/5415 6535/1/6535 6536/1/6536 5412/1/5412 
f 5412/1/5412 6536/1/6536 6537/1/6537 5413/1/5413 
f 6410/1/6410 6537/1/6537 6536/1/6536 6280/1/6280 
f 6403/1/6403 6538/1/6538 6537/1/6537 6410/1/6410 
f 5413/1/5413 6537/1/6537 6538/1/6538 5310/1/5310 
f 5310/1/5310 6538/1/6538 6539/1/6539 5308/1/5308 
f 6402/1/6402 6539/1/6539 6538/1/6538 6403/1/6403 
f 6395/1/6395 6540/1/6540 6539/1/6539 6402/1/6402 
f 5308/1/5308 6539/1/6539 6540/1/6540 5218/1/5218 
f 5218/1/5218 6540/1/6540 6541/1/6541 5215/1/5215 
f 6394/1/6394 6541/1/6541 6540/1/6540 6395/1/6395 
f 6387/1/6387 6542/1/6542 6541/1/6541 6394/1/6394 
f 5215/1/5215 6541/1/6541 6542/1/6542 5219/1/5219 
f 5219/1/5219 6542/1/6542 6543/1/6543 5422/1/5422 
f 6386/1/6386 6543/1/6543 6542/1/6542 6387/1/6387 
f 6379/1/6379 6544/1/6544 6543/1/6543 6386/1/6386 
f 5422/1/5422 6543/1/6543 6544/1/6544 5423/1/5423 
f 5423/1/5423 6544/1/6544 6545/1/6545 5438/1/5438 
f 6378/1/6378 6545/1/6545 6544/1/6544 6379/1/6379 
f 6371/1/6371 6546/1/6546 6545/1/6545 6378/1/6378 
f 5438/1/5438 6545/1/6545 6546/1/6546 5439/1/5439 
f 6547/1/6547 5442/1/5442 5439/1/5439 
f 6370/1/6370 6547/1/6547 6546/1/6546 6371/1/6371 
f 6363/1/6363 6548/1/6548 6547/1/6547 6370/1/6370 
f 5442/1/5442 6547/1/6547 6548/1/6548 5443/1/5443 
f 6549/1/6549 5448/1/5448 5443/1/5443 
f 6362/1/6362 6549/1/6549 6548/1/6548 6363/1/6363 
f 6355/1/6355 6550/1/6550 6549/1/6549 6362/1/6362 
f 5448/1/5448 6549/1/6549 6550/1/6550 5449/1/5449 
f 5449/1/5449 6550/1/6550 6551/1/6551 5454/1/5454 
f 6354/1/6354 6551/1/6551 6550/1/6550 6355/1/6355 
f 6347/1/6347 6552/1/6552 6551/1/6551 6354/1/6354 
f 5454/1/5454 6551/1/6551 6552/1/6552 5455/1/5455 
f 5455/1/5455 6552/1/6552 6553/1/6553 5460/1/5460 
f 6346/1/6346 6553/1/6553 6552/1/6552 6347/1/6347 
f 6339/1/6339 6554/1/6554 6553/1/6553 6346/1/6346 
f 5460/1/5460 6553/1/6553 6554/1/6554 5433/1/5433 
f 5433/1/5433 6554/1/6554 6555/1/6555 5432/1/5432 
f 6338/1/6338 6555/1/6555 6554/1/6554 6339/1/6339 
f 6331/1/6331 6556/1/6556 6555/1/6555 6338/1/6338 
f 5432/1/5432 6555/1/6555 6556/1/6556 2552/1/2552 
f 2552/1/2552 6556/1/6556 6557/1/6557 2551/1/2551 
f 6330/1/6330 6557/1/6557 6556/1/6556 6331/1/6331 
f 6558/1/6558 6557/1/6557 6330/1/6330 6323/1/6323 
f 2553/1/2553 2551/1/2551 6557/1/6557 6558/1/6558 
f 6558/1/6558 6559/1/6559 2580/1/2580 2553/1/2553 
f 6323/1/6323 6320/1/6320 6559/1/6559 6558/1/6558 
f 6560/1/6560 6559/1/6559 6320/1/6320 6315/1/6315 
f 2576/1/2576 2580/1/2580 6559/1/6559 6560/1/6560 
f 6560/1/6560 6561/1/6561 2577/1/2577 2576/1/2576 
f 6315/1/6315 6312/1/6312 6561/1/6561 6560/1/6560 
f 6562/1/6562 6561/1/6561 6312/1/6312 6307/1/6307 
f 2566/1/2566 2577/1/2577 6561/1/6561 6562/1/6562 
f 6562/1/6562 6563/1/6563 2567/1/2567 2566/1/2566 
f 6307/1/6307 6304/1/6304 6563/1/6563 6562/1/6562 
f 6564/1/6564 6563/1/6563 6304/1/6304 6295/1/6295 
f 2560/1/2560 2567/1/2567 6563/1/6563 6564/1/6564 
f 6564/1/6564 6565/1/6565 2561/1/2561 2560/1/2560 
f 6295/1/6295 6291/1/6291 6565/1/6565 6564/1/6564 
f 6566/1/6566 6565/1/6565 6291/1/6291 6290/1/6290 
f 2558/1/2558 2561/1/2561 6565/1/6565 6566/1/6566 
f 6566/1/6566 6567/1/6567 2559/1/2559 2558/1/2558 
f 6290/1/6290 6299/1/6299 6567/1/6567 6566/1/6566 
f 6568/1/6568 6567/1/6567 6299/1/6299 6298/1/6298 
f 2537/1/2537 2559/1/2559 6567/1/6567 6568/1/6568 
f 6568/1/6568 6569/1/6569 2538/1/2538 2537/1/2537 
f 6298/1/6298 6445/1/6445 6569/1/6569 6568/1/6568 
f 6570/1/6570 6569/1/6569 6445/1/6445 6436/1/6436 
f 2311/1/2311 2538/1/2538 6569/1/6569 6570/1/6570 
f 6570/1/6570 6571/1/6571 2307/1/2307 2311/1/2311 
f 6436/1/6436 6432/1/6432 6571/1/6571 6570/1/6570 
f 6572/1/6572 6571/1/6571 6432/1/6432 6431/1/6431 
f 2307/1/2307 6571/1/6571 6572/1/6572 2304/1/2304 
f 2304/1/2304 6572/1/6572 6573/1/6573 2397/1/2397 
f 6440/1/6440 6573/1/6573 6572/1/6572 6431/1/6431 
f 6439/1/6439 6574/1/6574 6573/1/6573 6440/1/6440 
f 2397/1/2397 6573/1/6573 6574/1/6574 2399/1/2399 
f 2399/1/2399 6574/1/6574 6575/1/6575 2524/1/2524 
f 6449/1/6449 6575/1/6575 6574/1/6574 6439/1/6439 
f 6425/1/6425 6576/1/6576 6575/1/6575 6449/1/6449 
f 2524/1/2524 6575/1/6575 6576/1/6576 2525/1/2525 
f 6576/1/6576 6577/1/6577 6532/1/6532 2525/1/2525 
f 6423/1/6423 6577/1/6577 6576/1/6576 6425/1/6425 
f 6416/1/6416 6532/1/6532 6577/1/6577 6423/1/6423 
f 6529/1/6529 6578/1/6578 6579/1/6579 6525/1/6525 
f 6514/1/6514 6519/1/6519 6580/1/6580 6531/1/6531 
f 6581/1/6581 6580/1/6580 6519/1/6519 6518/1/6518 
f 6518/1/6518 6526/1/6526 6582/1/6582 6581/1/6581 
f 6579/1/6579 6582/1/6582 6526/1/6526 6525/1/6525 
f 7/1/7 14/1/14 42/1/42 
f 28/1/28 46/1/46 43/1/43 
f 29/1/29 48/1/48 46/1/46 
f 47/1/47 46/1/46 48/1/48 
f 55/1/55 57/1/57 56/1/56 
f 59/1/59 56/1/56 57/1/57 
f 48/1/48 61/1/61 63/1/63 
f 59/1/59 61/1/61 48/1/48 
f 67/1/67 65/1/65 64/1/64 
f 41/1/41 96/1/96 94/1/94 
f 134/1/134 135/1/135 133/1/133 
f 155/1/155 154/1/154 57/1/57 
f 181/1/181 191/1/191 190/1/190 
f 193/1/193 190/1/190 191/1/191 
f 192/1/192 196/1/196 194/1/194 
f 37/1/37 384/1/384 382/1/382 
f 32/1/32 382/1/382 4/1/4 
f 392/1/392 390/1/390 387/1/387 
f 393/1/393 392/1/392 398/1/398 
f 396/1/396 398/1/398 392/1/392 
f 399/1/399 398/1/398 396/1/396 
f 438/1/438 437/1/437 434/1/434 
f 464/1/464 462/1/462 461/1/461 
f 467/1/467 469/1/469 465/1/465 
f 466/1/466 472/1/472 471/1/471 
f 461/1/461 474/1/474 473/1/473 
f 484/1/484 486/1/486 485/1/485 
f 488/1/488 485/1/485 486/1/486 
f 467/1/467 471/1/471 485/1/485 
f 487/1/487 491/1/491 489/1/489 
f 492/1/492 494/1/494 493/1/493 
f 496/1/496 493/1/493 494/1/494 
f 502/1/502 499/1/499 498/1/498 
f 551/1/551 550/1/550 539/1/539 
f 552/1/552 553/1/553 550/1/550 
f 538/1/538 547/1/547 558/1/558 
f 551/1/551 558/1/558 561/1/561 
f 569/1/569 568/1/568 553/1/553 
f 570/1/570 571/1/571 568/1/568 
f 584/1/584 585/1/585 582/1/582 
f 381/1/381 571/1/571 582/1/582 
f 574/1/574 576/1/576 587/1/587 
f 598/1/598 599/1/599 596/1/596 
f 55/1/55 51/1/51 596/1/596 
f 477/1/477 614/1/614 617/1/617 
f 622/1/622 623/1/623 621/1/621 
f 624/1/624 625/1/625 623/1/623 
f 624/1/624 628/1/628 626/1/626 
f 627/1/627 626/1/626 628/1/628 
f 660/1/660 661/1/661 658/1/658 
f 665/1/665 663/1/663 662/1/662 
f 659/1/659 658/1/658 663/1/663 
f 668/1/668 669/1/669 666/1/666 
f 458/1/458 459/1/459 670/1/670 
f 671/1/671 670/1/670 459/1/459 
f 667/1/667 670/1/670 673/1/673 
f 680/1/680 681/1/681 678/1/678 
f 686/1/686 689/1/689 684/1/684 
f 703/1/703 709/1/709 706/1/706 
f 704/1/704 702/1/702 706/1/706 
f 703/1/703 700/1/700 716/1/716 
f 262/1/262 716/1/716 700/1/700 
f 685/1/685 695/1/695 736/1/736 
f 686/1/686 736/1/736 739/1/739 
f 739/1/739 749/1/749 744/1/744 
f 698/1/698 705/1/705 762/1/762 
f 801/1/801 804/1/804 800/1/800 
f 800/1/800 804/1/804 803/1/803 
f 840/1/840 838/1/838 835/1/835 
f 857/1/857 864/1/864 863/1/863 
f 892/1/892 903/1/903 906/1/906 
f 925/1/925 928/1/928 930/1/930 
f 933/1/933 934/1/934 931/1/931 
f 925/1/925 929/1/929 935/1/935 
f 936/1/936 935/1/935 929/1/929 
f 932/1/932 935/1/935 938/1/938 
f 949/1/949 951/1/951 955/1/955 
f 950/1/950 968/1/968 967/1/967 
f 969/1/969 968/1/968 961/1/961 
f 916/1/916 913/1/913 971/1/971 
f 963/1/963 971/1/971 913/1/913 
f 1050/1/1050 1051/1/1051 1048/1/1048 
f 1192/1/1192 1194/1/1194 1190/1/1190 
f 1206/1/1206 1209/1/1209 585/1/585 
f 1212/1/1212 1213/1/1213 1210/1/1210 
f 597/1/597 1213/1/1213 1212/1/1212 
f 1210/1/1210 1213/1/1213 1204/1/1204 
f 1217/1/1217 1216/1/1216 1208/1/1208 
f 1206/1/1206 1220/1/1220 1223/1/1223 
f 578/1/578 1249/1/1249 1241/1/1241 
f 595/1/595 1236/1/1236 1255/1/1255 
f 1263/1/1263 1262/1/1262 1259/1/1259 
f 1281/1/1281 1292/1/1292 1290/1/1290 
f 1296/1/1296 1295/1/1295 1292/1/1292 
f 1191/1/1191 1302/1/1302 1299/1/1299 
f 1281/1/1281 1308/1/1308 1306/1/1306 
f 1327/1/1327 1326/1/1326 1334/1/1334 
f 1311/1/1311 1342/1/1342 1341/1/1341 
f 1309/1/1309 1339/1/1339 1342/1/1342 
f 1343/1/1343 1344/1/1344 1347/1/1347 
f 1359/1/1359 1362/1/1362 1365/1/1365 
f 1372/1/1372 1373/1/1373 1370/1/1370 
f 839/1/839 1378/1/1378 1375/1/1375 
f 1415/1/1415 1413/1/1413 1412/1/1412 
f 1436/1/1436 1439/1/1439 766/1/766 
f 1439/1/1439 1436/1/1436 1437/1/1437 
f 1428/1/1428 1448/1/1448 1450/1/1450 
f 1456/1/1456 1457/1/1457 1453/1/1453 
f 824/1/824 1453/1/1453 1457/1/1457 
f 1456/1/1456 1459/1/1459 1458/1/1458 
f 1461/1/1461 1458/1/1458 1459/1/1459 
f 1457/1/1457 1458/1/1458 859/1/859 
f 1460/1/1460 1464/1/1464 1462/1/1462 
f 1468/1/1468 1471/1/1471 1418/1/1418 
f 1476/1/1476 1479/1/1479 1475/1/1475 
f 1476/1/1476 1474/1/1474 1480/1/1480 
f 1520/1/1520 1528/1/1528 1526/1/1526 
f 1527/1/1527 1543/1/1543 1530/1/1530 
f 1553/1/1553 1564/1/1564 1562/1/1562 
f 1541/1/1541 1556/1/1556 1566/1/1566 
f 1573/1/1573 1571/1/1571 1570/1/1570 
f 1568/1/1568 1567/1/1567 1571/1/1571 
f 1572/1/1572 1580/1/1580 1578/1/1578 
f 501/1/501 1584/1/1584 1582/1/1582 
f 502/1/502 1582/1/1582 1587/1/1587 
f 1588/1/1588 1589/1/1589 1587/1/1587 
f 1590/1/1590 1591/1/1591 1589/1/1589 
f 1611/1/1611 1612/1/1612 1615/1/1615 
f 1661/1/1661 1666/1/1666 1664/1/1664 
f 1668/1/1668 1669/1/1669 1664/1/1664 
f 1660/1/1660 1664/1/1664 1669/1/1669 
f 1684/1/1684 1687/1/1687 1682/1/1682 
f 1685/1/1685 1687/1/1687 1688/1/1688 
f 1711/1/1711 1714/1/1714 1709/1/1709 
f 1710/1/1710 1709/1/1709 1666/1/1666 
f 1744/1/1744 1743/1/1743 1745/1/1745 
f 1752/1/1752 1750/1/1750 1749/1/1749 
f 1781/1/1781 1789/1/1789 1786/1/1786 
f 1788/1/1788 1800/1/1800 1799/1/1799 
f 1661/1/1661 1658/1/1658 1816/1/1816 
f 1801/1/1801 1822/1/1822 1821/1/1821 
f 1743/1/1743 1822/1/1822 1801/1/1801 
f 1821/1/1821 1822/1/1822 1714/1/1714 
f 1685/1/1685 1689/1/1689 1839/1/1839 
f 1680/1/1680 1686/1/1686 1848/1/1848 
f 1888/1/1888 1889/1/1889 1886/1/1886 
f 1892/1/1892 1893/1/1893 1890/1/1890 
f 1887/1/1887 1890/1/1890 1893/1/1893 
f 1891/1/1891 1890/1/1890 1852/1/1852 
f 1851/1/1851 1849/1/1849 1895/1/1895 
f 1908/1/1908 1915/1/1915 1889/1/1889 
f 1917/1/1917 1915/1/1915 1914/1/1914 
f 1889/1/1889 1915/1/1915 1917/1/1917 
f 1925/1/1925 1924/1/1924 1927/1/1927 
f 1936/1/1936 1935/1/1935 1930/1/1930 
f 1916/1/1916 1914/1/1914 1935/1/1935 
f 1933/1/1933 1932/1/1932 1939/1/1939 
f 1346/1/1346 1345/1/1345 1950/1/1950 
f 1953/1/1953 1957/1/1957 1956/1/1956 
f 1335/1/1335 1966/1/1966 1951/1/1951 
f 1997/1/1997 1996/1/1996 1314/1/1314 
f 1916/1/1916 2003/1/2003 2001/1/2001 
f 1878/1/1878 2009/1/2009 1997/1/1997 
f 2004/1/2004 2010/1/2010 2009/1/2009 
f 1997/1/1997 2009/1/2009 2010/1/2010 
f 1934/1/1934 1947/1/1947 2013/1/2013 
f 1936/1/1936 2013/1/2013 2003/1/2003 
f 1585/1/1585 1584/1/1584 2019/1/2019 
f 2026/1/2026 2028/1/2028 1824/1/1824 
f 2043/1/2043 2041/1/2041 2040/1/2040 
f 2029/1/2029 2026/1/2026 2041/1/2041 
f 2042/1/2042 2040/1/2040 2045/1/2045 
f 2042/1/2042 2051/1/2051 2048/1/2048 
f 2033/1/2033 2050/1/2050 2054/1/2054 
f 646/1/646 651/1/651 2065/1/2065 
f 2081/1/2081 2080/1/2080 2077/1/2077 
f 2074/1/2074 2084/1/2084 2087/1/2087 
f 676/1/676 681/1/681 2100/1/2100 
f 2101/1/2101 2100/1/2100 681/1/681 
f 2164/1/2164 2166/1/2166 2161/1/2161 
f 2142/1/2142 2161/1/2161 2166/1/2166 
f 1436/1/1436 2263/1/2263 2262/1/2262 
f 711/1/711 708/1/708 2265/1/2265 
f 733/1/733 2265/1/2265 708/1/708 
f 2282/1/2282 2283/1/2283 2280/1/2280 
f 1443/1/1443 2280/1/2280 2283/1/2283 
f 1424/1/1424 1438/1/1438 2280/1/2280 
f 2281/1/2281 2280/1/2280 1438/1/1438 
f 2267/1/2267 2289/1/2289 2288/1/2288 
f 2291/1/2291 2288/1/2288 2289/1/2289 
f 1437/1/1437 2262/1/2262 2288/1/2288 
f 2266/1/2266 2288/1/2288 2262/1/2262 
f 2327/1/2327 2322/1/2322 2323/1/2323 
f 1455/1/1455 1452/1/1452 2327/1/2327 
f 2282/1/2282 2329/1/2329 2328/1/2328 
f 2331/1/2331 2328/1/2328 2329/1/2329 
f 2323/1/2323 2324/1/2324 2328/1/2328 
f 2285/1/2285 2328/1/2328 2324/1/2324 
f 2290/1/2290 2333/1/2333 2332/1/2332 
f 2329/1/2329 2332/1/2332 2333/1/2333 
f 2282/1/2282 2281/1/2281 2332/1/2332 
f 2291/1/2291 2332/1/2332 2281/1/2281 
f 1455/1/1455 2326/1/2326 2337/1/2337 
f 2331/1/2331 2337/1/2337 2326/1/2326 
f 1460/1/1460 1459/1/1459 2341/1/2341 
f 2342/1/2342 2341/1/2341 1459/1/1459 
f 1455/1/1455 2338/1/2338 2344/1/2344 
f 2343/1/2343 2342/1/2342 2344/1/2344 
f 1454/1/1454 2344/1/2344 2342/1/2342 
f 2343/1/2343 2348/1/2348 2346/1/2346 
f 2365/1/2365 2364/1/2364 2368/1/2368 
f 2380/1/2380 2378/1/2378 2377/1/2377 
f 1397/1/1397 1403/1/1403 2378/1/2378 
f 2384/1/2384 2383/1/2383 2336/1/2336 
f 2402/1/2402 2401/1/2401 2382/1/2382 
f 2404/1/2404 2401/1/2401 2402/1/2402 
f 2345/1/2345 2401/1/2401 2404/1/2404 
f 2403/1/2403 2407/1/2407 2405/1/2405 
f 2404/1/2404 2405/1/2405 2348/1/2348 
f 2485/1/2485 2486/1/2486 2483/1/2483 
f 2476/1/2476 2483/1/2483 2486/1/2486 
f 2487/1/2487 2489/1/2489 2486/1/2486 
f 2486/1/2486 2489/1/2489 2479/1/2479 
f 2553/1/2553 2580/1/2580 2579/1/2579 
f 2582/1/2582 2546/1/2546 2545/1/2545 
f 2578/1/2578 2605/1/2605 2581/1/2581 
f 2629/1/2629 2625/1/2625 2624/1/2624 
f 2626/1/2626 2625/1/2625 1534/1/1534 
f 2632/1/2632 2642/1/2642 2645/1/2645 
f 2668/1/2668 2669/1/2669 2666/1/2666 
f 2663/1/2663 2666/1/2666 2669/1/2669 
f 2628/1/2628 2694/1/2694 2692/1/2692 
f 2699/1/2699 2701/1/2701 2700/1/2700 
f 1572/1/1572 1570/1/1570 2700/1/2700 
f 2729/1/2729 2730/1/2730 2727/1/2727 
f 2656/1/2656 2654/1/2654 2730/1/2730 
f 2727/1/2727 2730/1/2730 2654/1/2654 
f 2727/1/2727 2733/1/2733 2732/1/2732 
f 2649/1/2649 2646/1/2646 2733/1/2733 
f 2731/1/2731 2751/1/2751 2749/1/2749 
f 2732/1/2732 2749/1/2749 2739/1/2739 
f 2847/1/2847 2848/1/2848 2845/1/2845 
f 2885/1/2885 2886/1/2886 2883/1/2883 
f 2871/1/2871 2869/1/2869 2883/1/2883 
f 2893/1/2893 2894/1/2894 2891/1/2891 
f 2889/1/2889 2891/1/2891 2894/1/2894 
f 2882/1/2882 2879/1/2879 2891/1/2891 
f 2900/1/2900 2901/1/2901 2898/1/2898 
f 2905/1/2905 2906/1/2906 2900/1/2900 
f 2900/1/2900 2906/1/2906 2917/1/2917 
f 2919/1/2919 2926/1/2926 2929/1/2929 
f 2935/1/2935 2933/1/2933 2932/1/2932 
f 2934/1/2934 2932/1/2932 2941/1/2941 
f 2920/1/2920 2929/1/2929 2941/1/2941 
f 2934/1/2934 2948/1/2948 2946/1/2946 
f 2957/1/2957 2959/1/2959 2958/1/2958 
f 2954/1/2954 2958/1/2958 2961/1/2961 
f 2963/1/2963 2979/1/2979 2978/1/2978 
f 2981/1/2981 2978/1/2978 2979/1/2979 
f 2971/1/2971 2978/1/2978 2981/1/2981 
f 2962/1/2962 2978/1/2978 2971/1/2971 
f 1348/1/1348 1355/1/1355 2997/1/2997 
f 2998/1/2998 2997/1/2997 1355/1/1355 
f 1365/1/1365 3009/1/3009 3005/1/3005 
f 3014/1/3014 3012/1/3012 3011/1/3011 
f 2379/1/2379 3018/1/3018 3017/1/3017 
f 3035/1/3035 3034/1/3034 3036/1/3036 
f 3029/1/3029 3061/1/3061 3064/1/3064 
f 3051/1/3051 3050/1/3050 3068/1/3068 
f 3067/1/3067 3068/1/3068 3050/1/3050 
f 3081/1/3081 3079/1/3079 3078/1/3078 
f 3077/1/3077 3076/1/3076 3079/1/3079 
f 3082/1/3082 3083/1/3083 3069/1/3069 
f 3084/1/3084 3085/1/3085 3083/1/3083 
f 3069/1/3069 3083/1/3083 3078/1/3078 
f 3088/1/3088 3086/1/3086 3082/1/3082 
f 3063/1/3063 3062/1/3062 3116/1/3116 
f 3157/1/3157 3155/1/3155 3154/1/3154 
f 3081/1/3081 3176/1/3176 3175/1/3175 
f 3213/1/3213 3212/1/3212 3214/1/3214 
f 3215/1/3215 3214/1/3214 3216/1/3216 
f 3056/1/3056 3052/1/3052 3404/1/3404 
f 3024/1/3024 3404/1/3404 3052/1/3052 
f 3411/1/3411 3413/1/3413 3417/1/3417 
f 3419/1/3419 3421/1/3421 3420/1/3420 
f 3417/1/3417 3421/1/3421 3419/1/3419 
f 3453/1/3453 3459/1/3459 3458/1/3458 
f 3484/1/3484 3483/1/3483 3485/1/3485 
f 3489/1/3489 3490/1/3490 3487/1/3487 
f 3494/1/3494 3493/1/3493 3490/1/3490 
f 3496/1/3496 3495/1/3495 3484/1/3484 
f 3506/1/3506 3505/1/3505 3507/1/3507 
f 3494/1/3494 3507/1/3507 3505/1/3505 
f 3489/1/3489 3509/1/3509 3507/1/3507 
f 3508/1/3508 3507/1/3507 3509/1/3509 
f 3510/1/3510 3509/1/3509 3511/1/3511 
f 3514/1/3514 3513/1/3513 3515/1/3515 
f 3516/1/3516 3515/1/3515 3517/1/3517 
f 3514/1/3514 3523/1/3523 3521/1/3521 
f 3522/1/3522 3521/1/3521 3523/1/3523 
f 3574/1/3574 3575/1/3575 3572/1/3572 
f 3559/1/3559 3572/1/3572 3575/1/3575 
f 3560/1/3560 3575/1/3575 3580/1/3580 
f 3581/1/3581 3580/1/3580 3575/1/3575 
f 3592/1/3592 3593/1/3593 3590/1/3590 
f 3573/1/3573 3590/1/3590 3593/1/3593 
f 3606/1/3606 3607/1/3607 3604/1/3604 
f 3403/1/3403 3420/1/3420 3604/1/3604 
f 3596/1/3596 3610/1/3610 3608/1/3608 
f 3620/1/3620 3621/1/3621 3618/1/3618 
f 3077/1/3077 3175/1/3175 3618/1/3618 
f 3637/1/3637 3636/1/3636 3498/1/3498 
f 3642/1/3642 3646/1/3646 3644/1/3644 
f 3646/1/3646 3645/1/3645 3647/1/3647 
f 3647/1/3647 3645/1/3645 3648/1/3648 
f 3649/1/3649 3648/1/3648 3650/1/3650 
f 3682/1/3682 3683/1/3683 3680/1/3680 
f 3681/1/3681 3686/1/3686 3684/1/3684 
f 3685/1/3685 3684/1/3684 3686/1/3686 
f 3690/1/3690 3691/1/3691 3688/1/3688 
f 3480/1/3480 3691/1/3691 3692/1/3692 
f 3693/1/3693 3692/1/3692 3691/1/3691 
f 3482/1/3482 3692/1/3692 3695/1/3695 
f 3702/1/3702 3703/1/3703 3700/1/3700 
f 3708/1/3708 3710/1/3710 3706/1/3706 
f 3727/1/3727 3726/1/3726 3728/1/3728 
f 3725/1/3725 3731/1/3731 3728/1/3728 
f 3723/1/3723 3738/1/3738 3287/1/3287 
f 3727/1/3727 3739/1/3739 3738/1/3738 
f 3707/1/3707 3706/1/3706 3758/1/3758 
f 3759/1/3759 3758/1/3758 3706/1/3706 
f 3769/1/3769 3770/1/3770 3759/1/3759 
f 3720/1/3720 3775/1/3775 3784/1/3784 
f 3823/1/3823 3827/1/3827 3822/1/3822 
f 3825/1/3825 3827/1/3827 3823/1/3823 
f 3855/1/3855 3860/1/3860 3862/1/3862 
f 3887/1/3887 3886/1/3886 3877/1/3877 
f 3917/1/3917 3916/1/3916 3905/1/3905 
f 3938/1/3938 3943/1/3943 3942/1/3942 
f 3946/1/3946 3947/1/3947 3944/1/3944 
f 3938/1/3938 3947/1/3947 3948/1/3948 
f 3949/1/3949 3948/1/3948 3947/1/3947 
f 3943/1/3943 3948/1/3948 3951/1/3951 
f 3960/1/3960 3959/1/3959 3958/1/3958 
f 3965/1/3965 3963/1/3963 3960/1/3960 
f 3974/1/3974 3981/1/3981 3980/1/3980 
f 3964/1/3964 3981/1/3981 3974/1/3974 
f 3982/1/3982 3981/1/3981 3964/1/3964 
f 3927/1/3927 3983/1/3983 3977/1/3977 
f 4063/1/4063 4064/1/4064 4061/1/4061 
f 4184/1/4184 4186/1/4186 4182/1/4182 
f 3605/1/3605 4199/1/4199 4198/1/4198 
f 4204/1/4204 4205/1/4205 4202/1/4202 
f 4197/1/4197 4205/1/4205 4204/1/4204 
f 4202/1/4202 4205/1/4205 3621/1/3621 
f 4200/1/4200 4208/1/4208 4207/1/4207 
f 4213/1/4213 4212/1/4212 4198/1/4198 
f 4231/1/4231 4240/1/4240 3601/1/3601 
f 3617/1/3617 3616/1/3616 4246/1/4246 
f 4253/1/4253 4254/1/4254 4255/1/4255 
f 4273/1/4273 4272/1/4272 4282/1/4282 
f 4283/1/4283 4288/1/4288 4287/1/4287 
f 4291/1/4291 4294/1/4294 4186/1/4186 
f 4273/1/4273 4287/1/4287 4298/1/4298 
f 4317/1/4317 4326/1/4326 4324/1/4324 
f 4301/1/4301 4302/1/4302 4330/1/4330 
f 1341/1/1341 4330/1/4330 4302/1/4302 
f 1347/1/1347 4332/1/4332 4331/1/4331 
f 4347/1/4347 4346/1/4346 4345/1/4345 
f 4356/1/4356 4357/1/4357 4354/1/4354 
f 4401/1/4401 4400/1/4400 4402/1/4402 
f 3789/1/3789 4423/1/4423 4422/1/4422 
f 4423/1/4423 4424/1/4424 4425/1/4425 
f 4436/1/4436 4435/1/4435 4416/1/4416 
f 4440/1/4440 4438/1/4438 3847/1/3847 
f 4441/1/4441 4442/1/4442 4438/1/4438 
f 4441/1/4441 4440/1/4440 4444/1/4444 
f 3883/1/3883 4444/1/4444 4440/1/4440 
f 4445/1/4445 4444/1/4444 4446/1/4446 
f 4447/1/4447 4446/1/4446 4449/1/4449 
f 4405/1/4405 4457/1/4457 4454/1/4454 
f 4464/1/4464 4465/1/4465 4462/1/4462 
f 4464/1/4464 4468/1/4468 4466/1/4466 
f 4506/1/4506 4505/1/4505 4512/1/4512 
f 4517/1/4517 4528/1/4528 4514/1/4514 
f 4539/1/4539 4538/1/4538 4548/1/4548 
f 4527/1/4527 4537/1/4537 4552/1/4552 
f 4557/1/4557 4556/1/4556 4558/1/4558 
f 4559/1/4559 4558/1/4558 4564/1/4564 
f 3524/1/3524 3523/1/3523 4568/1/4568 
f 4570/1/4570 4568/1/4568 3523/1/3523 
f 4571/1/4571 4572/1/4572 4568/1/4568 
f 4570/1/4570 4575/1/4575 4574/1/4574 
f 4577/1/4577 4574/1/4574 4575/1/4575 
f 4599/1/4599 4598/1/4598 4595/1/4595 
f 4645/1/4645 4644/1/4644 4648/1/4648 
f 4649/1/4649 4648/1/4648 4650/1/4650 
f 4652/1/4652 4650/1/4650 4648/1/4648 
f 4653/1/4653 4654/1/4654 4650/1/4650 
f 4670/1/4670 4671/1/4671 4668/1/4668 
f 4673/1/4673 4669/1/4669 4668/1/4668 
f 4673/1/4673 4676/1/4676 4674/1/4674 
f 4669/1/4669 4674/1/4674 4679/1/4679 
f 4697/1/4697 4698/1/4698 4695/1/4695 
f 4651/1/4651 4695/1/4695 4698/1/4698 
f 4734/1/4734 4730/1/4730 4729/1/4729 
f 4736/1/4736 4735/1/4735 4737/1/4737 
f 4787/1/4787 4786/1/4786 4772/1/4772 
f 4799/1/4799 4802/1/4802 4801/1/4801 
f 4649/1/4649 4698/1/4698 4802/1/4802 
f 4801/1/4801 4802/1/4802 4698/1/4698 
f 4807/1/4807 4808/1/4808 4785/1/4785 
f 4696/1/4696 4808/1/4808 4807/1/4807 
f 4673/1/4673 4826/1/4826 4824/1/4824 
f 4871/1/4871 4872/1/4872 4869/1/4869 
f 4875/1/4875 4876/1/4876 4873/1/4873 
f 4836/1/4836 4873/1/4873 4876/1/4876 
f 4874/1/4874 4873/1/4873 4872/1/4872 
f 4834/1/4834 4876/1/4876 4877/1/4877 
f 4870/1/4870 4894/1/4894 4887/1/4887 
f 4891/1/4891 4894/1/4894 4870/1/4870 
f 4893/1/4893 4894/1/4894 4891/1/4891 
f 4892/1/4892 4908/1/4908 4907/1/4907 
f 4903/1/4903 4907/1/4907 4908/1/4908 
f 1953/1/1953 1961/1/1961 4923/1/4923 
f 4918/1/4918 4931/1/4931 4323/1/4323 
f 4306/1/4306 4957/1/4957 4956/1/4956 
f 4892/1/4892 4891/1/4891 4961/1/4961 
f 4956/1/4956 4970/1/4970 4861/1/4861 
f 4969/1/4969 4970/1/4970 4956/1/4956 
f 4964/1/4964 4963/1/4963 4970/1/4970 
f 4906/1/4906 4908/1/4908 4973/1/4973 
f 4962/1/4962 4973/1/4973 4908/1/4908 
f 4573/1/4573 4980/1/4980 4978/1/4978 
f 4811/1/4811 4987/1/4987 4986/1/4986 
f 4989/1/4989 5000/1/5000 4998/1/4998 
f 4999/1/4999 4998/1/4998 5000/1/5000 
f 5001/1/5001 5004/1/5004 5002/1/5002 
f 5001/1/5001 5000/1/5000 5006/1/5006 
f 4993/1/4993 4996/1/4996 5011/1/5011 
f 5032/1/5032 5035/1/5035 5034/1/5034 
f 5040/1/5040 5039/1/5039 5031/1/5031 
f 3698/1/3698 5046/1/5046 5049/1/5049 
f 3701/1/3701 5049/1/5049 5052/1/5052 
f 5097/1/5097 5099/1/5099 2164/1/2164 
f 5078/1/5078 5100/1/5100 5099/1/5099 
f 5174/1/5174 5173/1/5173 4422/1/4422 
f 3730/1/3730 5175/1/5175 3754/1/3754 
f 3732/1/3732 5177/1/5177 5175/1/5175 
f 5193/1/5193 5194/1/5194 5191/1/5191 
f 4424/1/4424 5191/1/5191 5194/1/5194 
f 4410/1/4410 4427/1/4427 5191/1/5191 
f 5192/1/5192 5191/1/5191 4427/1/4427 
f 5178/1/5178 5177/1/5177 5199/1/5199 
f 5174/1/5174 5199/1/5199 5177/1/5177 
f 4425/1/4425 5201/1/5201 5199/1/5199 
f 5200/1/5200 5199/1/5199 5201/1/5201 
f 5237/1/5237 5248/1/5248 5234/1/5234 
f 4443/1/4443 5248/1/5248 5237/1/5237 
f 5193/1/5193 5198/1/5198 5238/1/5238 
f 5236/1/5236 5238/1/5238 5198/1/5198 
f 5234/1/5234 5240/1/5240 5238/1/5238 
f 5239/1/5239 5238/1/5238 5240/1/5240 
f 5202/1/5202 5201/1/5201 5242/1/5242 
f 5194/1/5194 5242/1/5242 5201/1/5201 
f 5193/1/5193 5239/1/5239 5242/1/5242 
f 5243/1/5243 5242/1/5242 5239/1/5239 
f 5248/1/5248 5246/1/5246 5240/1/5240 
f 4443/1/4443 5249/1/5249 5246/1/5246 
f 4445/1/4445 5252/1/5252 5251/1/5251 
f 4447/1/4447 4475/1/4475 5252/1/5252 
f 4443/1/4443 4442/1/4442 5255/1/5255 
f 5251/1/5251 5255/1/5255 4442/1/4442 
f 5254/1/5254 5253/1/5253 5257/1/5257 
f 5276/1/5276 5275/1/5275 4398/1/4398 
f 4382/1/4382 5289/1/5289 5287/1/5287 
f 5288/1/5288 5287/1/5287 5289/1/5289 
f 5247/1/5247 5293/1/5293 5292/1/5292 
f 5313/1/5313 5314/1/5314 5311/1/5311 
f 5294/1/5294 5314/1/5314 5313/1/5313 
f 5311/1/5311 5314/1/5314 5256/1/5256 
f 5312/1/5312 5311/1/5311 5315/1/5315 
f 5258/1/5258 5315/1/5315 5311/1/5311 
f 5376/1/5376 5377/1/5377 5374/1/5374 
f 5316/1/5316 5382/1/5382 5381/1/5381 
f 5383/1/5383 5382/1/5382 5377/1/5377 
f 5383/1/5383 5385/1/5385 5384/1/5384 
f 5379/1/5379 5385/1/5385 5383/1/5383 
f 5386/1/5386 5391/1/5391 5396/1/5396 
f 2506/1/2506 5396/1/5396 5391/1/5391 
f 4521/1/4521 5502/1/5502 5501/1/5501 
f 5503/1/5503 5502/1/5502 5505/1/5505 
f 5520/1/5520 5519/1/5519 5509/1/5509 
f 5545/1/5545 5546/1/5546 5543/1/5543 
f 5544/1/5544 5543/1/5543 5542/1/5542 
f 5506/1/5506 5505/1/5505 5569/1/5569 
f 5576/1/5576 5575/1/5575 5577/1/5577 
f 4559/1/4559 5548/1/5548 5577/1/5577 
f 5606/1/5606 5607/1/5607 5604/1/5604 
f 5529/1/5529 5607/1/5607 5606/1/5606 
f 5532/1/5532 5546/1/5546 5607/1/5607 
f 5545/1/5545 5604/1/5604 5607/1/5607 
f 5528/1/5528 5606/1/5606 5610/1/5610 
f 5611/1/5611 5610/1/5610 5606/1/5606 
f 5608/1/5608 5611/1/5611 5626/1/5626 
f 5617/1/5617 5626/1/5626 5611/1/5611 
f 5724/1/5724 5725/1/5725 5722/1/5722 
f 5762/1/5762 5763/1/5763 5760/1/5760 
f 5761/1/5761 5760/1/5760 5747/1/5747 
f 5770/1/5770 5771/1/5771 5768/1/5768 
f 5769/1/5769 5768/1/5768 5767/1/5767 
f 5777/1/5777 5778/1/5778 5775/1/5775 
f 5783/1/5783 5781/1/5781 5780/1/5780 
f 5777/1/5777 5792/1/5792 5793/1/5793 
f 5787/1/5787 5798/1/5798 5803/1/5803 
f 5804/1/5804 5803/1/5803 5798/1/5798 
f 5810/1/5810 5809/1/5809 5811/1/5811 
f 5797/1/5797 5810/1/5810 5817/1/5817 
f 5812/1/5812 5819/1/5819 5817/1/5817 
f 5812/1/5812 5811/1/5811 5823/1/5823 
f 5836/1/5836 5835/1/5835 5832/1/5832 
f 5831/1/5831 5839/1/5839 5837/1/5837 
f 5840/1/5840 5839/1/5839 5855/1/5855 
f 5850/1/5850 5855/1/5855 5839/1/5839 
f 5857/1/5857 5855/1/5855 5850/1/5850 
f 5856/1/5856 5855/1/5855 5857/1/5857 
f 4334/1/4334 5869/1/5869 5872/1/5872 
f 4341/1/4341 5872/1/5872 5875/1/5875 
f 4338/1/4338 5875/1/5875 5878/1/5878 
f 5879/1/5879 5882/1/5882 4347/1/4347 
f 5885/1/5885 5884/1/5884 3014/1/3014 
f 5290/1/5290 5289/1/5289 5887/1/5887 
f 5984/1/5984 5985/1/5985 5980/1/5980 
f 5987/1/5987 5992/1/5992 5984/1/5984 
f 5987/1/5987 5988/1/5988 5989/1/5989 
f 5996/1/5996 5994/1/5994 5993/1/5993 
f 5990/1/5990 5994/1/5994 5998/1/5998 
f 6010/1/6010 6012/1/6012 6008/1/6008 
f 6010/1/6010 6018/1/6018 6017/1/6017 
f 6012/1/6012 6017/1/6017 6019/1/6019 
f 6014/1/6014 6028/1/6028 6026/1/6026 
f 6027/1/6027 6026/1/6026 6024/1/6024 
f 5989/1/5989 5988/1/5988 6029/1/6029 
f 6014/1/6014 6070/1/6070 6075/1/6075 
f 6076/1/6076 6075/1/6075 6070/1/6070 
f 6125/1/6125 6123/1/6123 5941/1/5941 
f 6164/1/6164 6168/1/6168 6159/1/6159 
f 6023/1/6023 6234/1/6234 6236/1/6236 
f 6237/1/6237 6236/1/6236 6234/1/6234 
f 6239/1/6239 6241/1/6241 6010/1/6010 
f 6249/1/6249 6267/1/6267 5992/1/5992 
f 6034/1/6034 6033/1/6033 6453/1/6453 
f 6462/1/6462 6472/1/6472 6470/1/6470 
f 6477/1/6477 6476/1/6476 6478/1/6478 
f 6076/1/6076 6480/1/6480 6044/1/6044 
f 6073/1/6073 6475/1/6475 6480/1/6480 
f 6477/1/6477 6479/1/6479 6486/1/6486 
f 6499/1/6499 6500/1/6500 6138/1/6138 
f 6281/1/6281 6534/1/6534 6533/1/6533 
f 5439/1/5439 6546/1/6546 6547/1/6547 
f 5443/1/5443 6548/1/6548 6549/1/6549 
# 5991 polygons - 1126 triangles

