# 3ds Max Wavefront OBJ Exporter v0.99 - (c)2007 guruware
# File Created: 15.03.2025 18:41:21

mtllib Mandibula.mtl

#
# object Mandibula
#

v  0.3062 0.1611 -0.5805
v  0.3705 0.1141 -0.5805
v  0.4351 0.1607 -0.5805
v  0.4107 0.2366 -0.5805
v  0.3311 0.2368 -0.5805
v  0.3062 0.1611 -0.7900
v  0.3311 0.2368 -0.7900
v  0.4107 0.2366 -0.7900
v  0.4351 0.1607 -0.7900
v  0.3705 0.1141 -0.7900
v  0.1953 -0.3003 0.3191
v  0.2379 -0.3251 0.3579
v  0.1977 -0.2937 0.3752
v  0.1460 -0.2611 0.3335
v  0.1637 -0.2622 0.3960
v  0.1058 -0.2230 0.3516
v  0.1359 -0.2309 0.4191
v  0.0741 -0.1862 0.3724
v  0.1148 -0.2004 0.4437
v  0.0506 -0.1510 0.3954
v  0.1012 -0.1718 0.4697
v  0.0356 -0.1184 0.4208
v  0.0955 -0.1460 0.4973
v  0.0294 -0.0895 0.4488
v  0.0983 -0.1239 0.5266
v  0.0324 -0.0654 0.4796
v  0.1583 -0.2771 0.2734
v  0.1028 -0.2313 0.2855
v  0.0579 -0.1869 0.3010
v  0.0228 -0.1442 0.3194
v  -0.0029 -0.1034 0.3405
v  -0.0192 -0.0658 0.3648
v  -0.0259 -0.0329 0.3930
v  -0.0225 -0.0062 0.4257
v  0.0674 -0.2046 0.2321
v  0.1269 -0.2558 0.2221
v  0.0191 -0.1544 0.2451
v  -0.0186 -0.1054 0.2607
v  -0.0464 -0.0580 0.2793
v  -0.0640 -0.0142 0.3020
v  -0.0711 0.0239 0.3301
v  -0.0674 0.0540 0.3650
v  0.1015 -0.2373 0.1665
v  0.0395 -0.1816 0.1744
v  -0.0111 -0.1261 0.1847
v  -0.0510 -0.0707 0.1972
v  -0.0806 -0.0160 0.2125
v  -0.0996 0.0356 0.2326
v  -0.1074 0.0807 0.2599
v  -0.1033 0.1157 0.2975
v  0.0828 -0.2228 0.1077
v  0.0192 -0.1636 0.1135
v  -0.0329 -0.1036 0.1208
v  -0.0743 -0.0426 0.1299
v  -0.1054 0.0194 0.1412
v  -0.1259 0.0805 0.1571
v  0.0068 -0.1519 0.0502
v  0.0712 -0.2133 0.0467
v  -0.0461 -0.0889 0.0546
v  -0.0884 -0.0238 0.0600
v  -0.1206 0.0441 0.0666
v  -0.1426 0.1155 0.0762
v  0.3258 -0.0821 0.7224
v  0.2893 -0.0403 0.7102
v  0.2299 -0.0291 0.6831
v  0.2762 -0.0766 0.7013
v  0.2599 0.0038 0.6972
v  0.1934 0.0192 0.6642
v  0.1660 0.0679 0.6455
v  0.2372 0.0494 0.6839
v  0.1780 -0.0234 0.6528
v  0.2313 -0.0754 0.6769
v  0.1359 0.0287 0.6277
v  0.1042 0.0808 0.6026
v  0.1473 0.1165 0.6280
v  0.0824 0.1324 0.5788
v  0.1333 -0.0224 0.6198
v  0.1912 -0.0778 0.6495
v  0.0869 0.0330 0.5881
v  0.0514 0.0883 0.5557
v  0.0264 0.1433 0.5241
v  0.0958 -0.0258 0.5847
v  0.1571 -0.0835 0.6197
v  0.0461 0.0322 0.5464
v  0.0073 0.0905 0.5058
v  -0.0210 0.1489 0.4648
v  0.0661 -0.0338 0.5488
v  0.1298 -0.0929 0.5887
v  0.0139 0.0259 0.5041
v  -0.0276 0.0864 0.4554
v  -0.0590 0.1477 0.4043
v  0.0448 -0.0469 0.5133
v  0.1099 -0.1062 0.5573
v  -0.0091 0.0133 0.4632
v  -0.0528 0.0746 0.4076
v  -0.0869 0.1375 0.3469
v  0.2823 -0.0597 -0.7264
v  0.3188 -0.1013 -0.7393
v  0.2697 -0.0945 -0.7186
v  0.2234 -0.0471 -0.6995
v  0.2253 -0.0919 -0.6946
v  0.1720 -0.0398 -0.6696
v  0.1858 -0.0928 -0.6677
v  0.1279 -0.0372 -0.6369
v  0.1523 -0.0970 -0.6387
v  0.0911 -0.0389 -0.6024
v  0.1254 -0.1048 -0.6084
v  0.0620 -0.0453 -0.5672
v  0.1061 -0.1167 -0.5780
v  0.0412 -0.0568 -0.5327
v  0.0950 -0.1331 -0.5484
v  0.0293 -0.0739 -0.5001
v  0.1868 0.0010 -0.6796
v  0.2528 -0.0160 -0.7125
v  0.1299 0.0123 -0.6433
v  0.0816 0.0184 -0.6040
v  0.0415 0.0194 -0.5627
v  0.0100 0.0149 -0.5211
v  -0.0125 0.0040 -0.4811
v  -0.0254 -0.0140 -0.4447
v  0.2299 0.0293 -0.6982
v  0.1593 0.0495 -0.6598
v  0.0982 0.0644 -0.6169
v  0.0462 0.0739 -0.5702
v  0.0028 0.0781 -0.5206
v  -0.0314 0.0760 -0.4708
v  -0.0559 0.0661 -0.4237
v  -0.0700 0.0470 -0.3823
v  0.2144 0.0748 -0.6845
v  0.1406 0.0978 -0.6411
v  0.0764 0.1158 -0.5919
v  0.0212 0.1289 -0.5372
v  -0.0253 0.1369 -0.4780
v  -0.0626 0.1379 -0.4178
v  -0.0896 0.1298 -0.3611
v  -0.1054 0.1097 -0.3128
v  -0.1135 0.1960 -0.2944
v  -0.0826 0.2001 -0.3666
v  -0.1320 0.1754 -0.2344
v  0.1961 -0.2981 -0.4061
v  0.2365 -0.3291 -0.3901
v  0.1940 -0.3038 -0.3510
v  0.1446 -0.2649 -0.3638
v  0.1572 -0.2801 -0.3050
v  0.1016 -0.2346 -0.3153
v  0.1260 -0.2583 -0.2535
v  0.0664 -0.2073 -0.2615
v  0.1008 -0.2392 -0.1976
v  0.0388 -0.1837 -0.2034
v  0.0823 -0.2240 -0.1386
v  0.0187 -0.1650 -0.1421
v  0.0710 -0.2139 -0.0775
v  0.0065 -0.1526 -0.0786
v  0.0671 -0.2101 -0.0153
v  0.0025 -0.1479 -0.0142
v  0.1620 -0.2671 -0.4254
v  0.1043 -0.2273 -0.3802
v  0.0566 -0.1906 -0.3289
v  0.0180 -0.1574 -0.2724
v  -0.0120 -0.1284 -0.2113
v  -0.0335 -0.1052 -0.1470
v  -0.0464 -0.0897 -0.0804
v  -0.0506 -0.0839 -0.0128
v  0.0723 -0.1910 -0.3993
v  0.1339 -0.2363 -0.4469
v  0.0213 -0.1484 -0.3454
v  -0.0199 -0.1088 -0.2859
v  -0.0520 -0.0734 -0.2215
v  -0.0749 -0.0444 -0.1534
v  -0.0887 -0.0247 -0.0829
v  -0.0932 -0.0173 -0.0114
v  0.0486 -0.1565 -0.4206
v  0.1126 -0.2066 -0.4699
v  -0.0046 -0.1082 -0.3646
v  -0.0479 -0.0620 -0.3022
v  -0.0817 -0.0191 -0.2343
v  -0.1062 0.0173 -0.1619
v  -0.1210 0.0430 -0.0865
v  -0.1259 0.0530 -0.0098
v  0.0333 -0.1247 -0.4443
v  0.0987 -0.1788 -0.4944
v  -0.0212 -0.0714 -0.3870
v  -0.0657 -0.0190 -0.3228
v  -0.1009 0.0318 -0.2519
v  -0.1268 0.0779 -0.1750
v  -0.1431 0.1141 -0.0928
v  -0.1486 0.1295 -0.0080
v  0.0926 -0.1540 -0.5206
v  0.0267 -0.0968 -0.4707
v  -0.0282 -0.0395 -0.4135
v  -0.0732 0.0181 -0.3490
v  -0.1090 0.0761 -0.2771
v  -0.1360 0.1336 -0.1964
v  0.2843 -0.3561 0.3450
v  0.3102 -0.3685 0.3721
v  0.2861 -0.3512 0.3892
v  0.2597 -0.3297 0.4097
v  0.2326 -0.3043 0.4336
v  0.2090 -0.2777 0.4588
v  0.1907 -0.2513 0.4848
v  0.1786 -0.2260 0.5113
v  0.1736 -0.2026 0.5385
v  0.1763 -0.1821 0.5664
v  0.2556 -0.3412 0.3096
v  0.2254 -0.3243 0.2651
v  0.1981 -0.3078 0.2150
v  0.1756 -0.2932 0.1607
v  0.1586 -0.2815 0.1034
v  0.1478 -0.2738 0.0440
v  0.1440 -0.2711 -0.0164
v  0.4002 -0.1198 0.7436
v  0.3796 -0.0924 0.7398
v  0.3693 -0.1210 0.7332
v  0.3578 -0.0585 0.7339
v  0.3362 -0.0179 0.7259
v  0.3383 0.2715 0.7145
v  0.3344 -0.1233 0.7185
v  0.2967 -0.1271 0.6989
v  0.2614 -0.1328 0.6759
v  0.2307 -0.1408 0.6504
v  0.2056 -0.1514 0.6231
v  0.1871 -0.1651 0.5948
v  0.3624 -0.1401 -0.7508
v  0.3723 -0.1127 -0.7565
v  0.3930 -0.1398 -0.7609
v  0.3279 -0.1413 -0.7365
v  0.2906 -0.1438 -0.7174
v  0.2559 -0.1481 -0.6951
v  0.2257 -0.1546 -0.6704
v  0.2011 -0.1638 -0.6439
v  0.1832 -0.1760 -0.6167
v  0.1728 -0.1918 -0.5895
v  0.3503 -0.0792 -0.7500
v  0.3285 -0.0392 -0.7412
v  0.3106 0.0033 -0.7315
v  0.3390 0.2732 -0.7217
v  0.2829 -0.3598 -0.3784
v  0.2845 -0.3555 -0.4217
v  0.3088 -0.3726 -0.4054
v  0.2544 -0.3445 -0.3430
v  0.2244 -0.3271 -0.2983
v  0.1973 -0.3101 -0.2482
v  0.1749 -0.2949 -0.1938
v  0.1581 -0.2826 -0.1364
v  0.1476 -0.2743 -0.0769
v  0.2580 -0.3345 -0.4412
v  0.2307 -0.3096 -0.4638
v  0.2069 -0.2837 -0.4876
v  0.1883 -0.2580 -0.5120
v  0.1759 -0.2335 -0.5371
v  0.1705 -0.2111 -0.5629
v  1.9146 -0.6217 0.6365
v  2.0001 -0.6458 0.6099
v  2.0297 -0.6306 0.6060
v  1.9385 -0.6022 0.6357
v  2.0641 -0.6136 0.6000
v  1.9673 -0.5816 0.6327
v  2.0986 -0.5938 0.5933
v  2.0373 -0.4196 0.6285
v  1.8364 -0.5714 0.6647
v  1.8163 -0.5944 0.6635
v  1.8609 -0.5476 0.6638
v  1.8870 -0.5223 0.6617
v  1.7251 -0.5378 0.6923
v  1.7074 -0.5636 0.6898
v  1.7463 -0.5112 0.6930
v  1.8141 -0.3606 0.6924
v  1.5906 -0.5293 0.7143
v  1.6064 -0.5014 0.7178
v  1.6249 -0.4723 0.7196
v  1.6448 -0.4421 0.7202
v  1.4824 -0.4622 0.7405
v  1.4681 -0.4919 0.7364
v  1.4986 -0.4313 0.7431
v  1.5733 -0.2034 0.7445
v  1.3550 -0.4209 0.7599
v  1.3420 -0.4519 0.7555
v  1.3691 -0.3883 0.7630
v  1.3842 -0.3544 0.7649
v  1.2145 -0.4097 0.7708
v  1.2261 -0.3776 0.7754
v  1.2383 -0.3437 0.7786
v  1.2650 -0.1900 0.7807
v  1.0977 -0.3328 0.7864
v  1.0876 -0.3657 0.7818
v  1.1079 -0.2979 0.7896
v  1.1184 -0.2615 0.7917
v  0.9718 -0.2874 0.7928
v  0.9632 -0.3209 0.7885
v  0.9796 -0.2518 0.7957
v  0.9874 -0.2144 0.7975
v  0.8434 -0.2760 0.7906
v  0.8499 -0.2423 0.7945
v  0.8550 -0.2060 0.7969
v  0.8764 -0.0934 0.7981
v  0.7340 -0.1983 0.7914
v  0.7301 -0.2321 0.7881
v  0.7357 -0.1616 0.7929
v  0.7370 -0.1229 0.7932
v  0.6256 -0.1565 0.7834
v  0.6252 -0.1902 0.7812
v  0.6232 -0.1195 0.7837
v  0.6380 0.0046 0.7827
v  0.5309 -0.1517 0.7703
v  0.5262 -0.1182 0.7709
v  0.5185 -0.0807 0.7694
v  0.5110 -0.0406 0.7665
v  0.4368 -0.0849 0.7543
v  0.4487 -0.1186 0.7563
v  0.4225 -0.0464 0.7501
v  0.4536 0.2564 0.7393
v  1.9783 -0.6600 0.6107
v  2.0382 -0.6732 0.5914
v  2.0706 -0.6670 0.5846
v  2.1084 -0.6574 0.5762
v  2.1497 -0.6438 0.5664
v  2.2021 -0.5596 0.5529
v  0.4554 -0.1463 0.7553
v  0.5278 -0.1794 0.7666
v  0.6193 -0.2193 0.7765
v  0.7225 -0.2622 0.7828
v  0.8346 -0.3066 0.7848
v  0.9535 -0.3516 0.7824
v  1.0772 -0.3963 0.7756
v  1.2036 -0.4398 0.7645
v  1.3307 -0.4813 0.7493
v  1.4565 -0.5202 0.7304
v  1.5786 -0.5562 0.7087
v  1.6950 -0.5888 0.6847
v  1.8033 -0.6175 0.6592
v  1.9005 -0.6417 0.6335
v  0.5230 -0.1736 -0.7872
v  0.4411 -0.1398 -0.7731
v  0.4289 -0.1067 -0.7704
v  0.5180 -0.1410 -0.7871
v  0.4144 -0.0689 -0.7654
v  0.5099 -0.1043 -0.7847
v  0.4016 -0.0284 -0.7591
v  0.5022 -0.0650 -0.7811
v  0.4542 0.2576 -0.7525
v  0.4972 -0.0245 -0.7768
v  0.6171 -0.1801 -0.7996
v  0.6171 -0.2127 -0.7982
v  0.6143 -0.1440 -0.7991
v  0.6111 -0.1056 -0.7973
v  0.6438 0.0666 -0.7948
v  0.7252 -0.2225 -0.8077
v  0.7218 -0.2552 -0.8053
v  0.7265 -0.1869 -0.8084
v  0.7275 -0.1492 -0.8080
v  0.7296 -0.1103 -0.8067
v  0.8410 -0.2670 -0.8109
v  0.8349 -0.2995 -0.8078
v  0.8457 -0.2319 -0.8125
v  0.8501 -0.1949 -0.8129
v  0.9051 0.0560 -0.8126
v  0.9627 -0.3125 -0.8093
v  0.9546 -0.3447 -0.8057
v  0.9701 -0.2780 -0.8114
v  0.9775 -0.2418 -0.8125
v  0.9855 -0.2044 -0.8127
v  1.0886 -0.3581 -0.8029
v  1.0789 -0.3897 -0.7991
v  1.0984 -0.3244 -0.8053
v  1.1084 -0.2892 -0.8067
v  1.1601 -0.1197 -0.8072
v  1.2169 -0.4029 -0.7919
v  1.2058 -0.4337 -0.7881
v  1.2287 -0.3703 -0.7943
v  1.2411 -0.3361 -0.7957
v  1.2539 -0.3008 -0.7962
v  1.3458 -0.4461 -0.7764
v  1.3333 -0.4759 -0.7728
v  1.3596 -0.4148 -0.7787
v  1.3742 -0.3820 -0.7798
v  1.4296 -0.2383 -0.7801
v  1.4733 -0.4873 -0.7570
v  1.4595 -0.5157 -0.7537
v  1.4891 -0.4575 -0.7588
v  1.5061 -0.4264 -0.7594
v  1.5234 -0.3940 -0.7593
v  1.5975 -0.5260 -0.7342
v  1.5821 -0.5528 -0.7315
v  1.6156 -0.4982 -0.7352
v  1.6351 -0.4690 -0.7351
v  1.6921 -0.2496 -0.7342
v  1.7163 -0.5620 -0.7087
v  1.6990 -0.5866 -0.7069
v  1.7371 -0.5364 -0.7085
v  1.7595 -0.5096 -0.7072
v  1.7818 -0.4810 -0.7053
v  1.8279 -0.5949 -0.6810
v  1.8081 -0.6170 -0.6805
v  1.8520 -0.5721 -0.6793
v  1.8778 -0.5478 -0.6764
v  1.9297 -0.4254 -0.6678
v  1.9303 -0.6250 -0.6519
v  1.9067 -0.6436 -0.6534
v  1.9587 -0.6052 -0.6480
v  1.9885 -0.5836 -0.6431
v  2.0168 -0.5595 -0.6380
v  2.0218 -0.6525 -0.6221
v  1.9924 -0.6670 -0.6267
v  2.0559 -0.6361 -0.6153
v  2.0902 -0.6171 -0.6078
v  2.0787 -0.5199 -0.6033
v  0.4480 -0.1667 -0.7728
v  2.2139 -0.5692 -0.5703
v  2.1421 -0.6651 -0.5817
v  2.1010 -0.6783 -0.5923
v  2.0636 -0.6874 -0.6014
v  2.0310 -0.6933 -0.6086
v  1.9709 -0.6805 -0.6281
v  1.8929 -0.6626 -0.6511
v  1.7956 -0.6389 -0.6769
v  1.6871 -0.6106 -0.7026
v  1.5706 -0.5785 -0.7267
v  1.4483 -0.5427 -0.7486
v  1.3226 -0.5039 -0.7675
v  1.1954 -0.4625 -0.7827
v  1.0690 -0.4189 -0.7938
v  0.9454 -0.3741 -0.8005
v  0.8266 -0.3288 -0.8028
v  0.7146 -0.2840 -0.8007
v  0.6116 -0.2407 -0.7943
v  0.5203 -0.2003 -0.7842
v  0.4317 -0.4262 0.4241
v  0.4198 -0.4125 0.4564
v  0.3338 -0.3696 0.4364
v  0.3519 -0.3865 0.4087
v  0.5244 -0.4692 0.4356
v  0.5168 -0.4575 0.4711
v  0.6282 -0.5139 0.4437
v  0.6236 -0.5036 0.4811
v  0.7411 -0.5590 0.4484
v  0.7388 -0.5496 0.4868
v  0.8610 -0.6035 0.4496
v  0.8606 -0.5949 0.4883
v  0.9859 -0.6467 0.4474
v  0.9871 -0.6388 0.4858
v  1.1139 -0.6879 0.4416
v  1.1166 -0.6804 0.4793
v  1.2428 -0.7262 0.4324
v  1.2471 -0.7192 0.4690
v  1.3707 -0.7613 0.4202
v  1.3766 -0.7549 0.4553
v  1.4953 -0.7928 0.4053
v  1.5032 -0.7869 0.4386
v  1.6145 -0.8203 0.3883
v  1.6248 -0.8151 0.4192
v  1.7262 -0.8437 0.3696
v  1.7396 -0.8392 0.3975
v  1.8275 -0.8626 0.3496
v  1.8456 -0.8592 0.3738
v  1.9163 -0.8775 0.3285
v  1.9413 -0.8753 0.3477
v  0.4047 -0.3952 0.4871
v  0.3132 -0.3489 0.4638
v  0.5063 -0.4427 0.5041
v  0.6167 -0.4906 0.5156
v  0.7350 -0.5380 0.5221
v  0.8593 -0.5845 0.5238
v  0.9881 -0.6292 0.5210
v  1.1197 -0.6717 0.5138
v  1.2524 -0.7112 0.5025
v  1.3843 -0.7475 0.4874
v  1.5136 -0.7803 0.4689
v  1.6385 -0.8093 0.4473
v  1.7572 -0.8342 0.4230
v  1.8684 -0.8551 0.3960
v  1.9705 -0.8719 0.3662
v  0.3898 -0.3758 0.5164
v  0.2939 -0.3263 0.4912
v  0.4953 -0.4258 0.5351
v  0.6095 -0.4756 0.5477
v  0.7308 -0.5247 0.5547
v  0.8580 -0.5725 0.5565
v  0.9893 -0.6183 0.5533
v  1.1234 -0.6617 0.5454
v  1.2585 -0.7020 0.5331
v  1.3930 -0.7391 0.5167
v  1.5253 -0.7726 0.4966
v  1.6537 -0.8024 0.4731
v  1.7765 -0.8280 0.4465
v  1.8924 -0.8495 0.4170
v  1.9992 -0.8665 0.3846
v  0.3775 -0.3555 0.5447
v  0.2786 -0.3032 0.5184
v  0.4862 -0.4078 0.5643
v  0.6033 -0.4595 0.5775
v  0.7275 -0.5102 0.5848
v  0.8572 -0.5592 0.5865
v  0.9910 -0.6061 0.5829
v  1.1274 -0.6504 0.5743
v  1.2650 -0.6917 0.5611
v  1.4021 -0.7295 0.5437
v  1.5371 -0.7637 0.5222
v  1.6686 -0.7940 0.4972
v  1.7949 -0.8202 0.4689
v  1.9145 -0.8420 0.4375
v  2.0244 -0.8586 0.4031
v  0.3693 -0.3352 0.5722
v  0.2684 -0.2806 0.5454
v  0.4802 -0.3895 0.5921
v  0.5994 -0.4428 0.6054
v  0.7257 -0.4948 0.6127
v  0.8575 -0.5450 0.6141
v  0.9934 -0.5929 0.6100
v  1.1319 -0.6380 0.6008
v  1.2716 -0.6800 0.5869
v  1.4108 -0.7185 0.5685
v  1.5482 -0.7533 0.5460
v  1.6822 -0.7841 0.5199
v  1.8111 -0.8106 0.4903
v  1.9332 -0.8324 0.4576
v  2.0446 -0.8482 0.4220
v  0.3662 -0.3156 0.5988
v  0.2641 -0.2592 0.5723
v  0.4782 -0.3713 0.6184
v  0.5987 -0.4259 0.6315
v  0.7263 -0.4789 0.6384
v  0.8595 -0.5300 0.6395
v  0.9969 -0.5786 0.6349
v  1.1368 -0.6244 0.6252
v  1.2779 -0.6670 0.6106
v  1.4187 -0.7061 0.5915
v  1.5577 -0.7413 0.5683
v  1.6932 -0.7724 0.5414
v  1.8238 -0.7990 0.5111
v  1.9473 -0.8205 0.4777
v  2.0590 -0.8355 0.4417
v  0.3690 -0.2975 0.6246
v  0.2669 -0.2400 0.5990
v  0.4813 -0.3540 0.6435
v  0.6022 -0.4093 0.6559
v  0.7302 -0.4630 0.6623
v  0.8639 -0.5145 0.6628
v  1.0017 -0.5636 0.6579
v  1.1421 -0.6098 0.6477
v  1.2838 -0.6527 0.6326
v  1.4251 -0.6920 0.6130
v  1.5646 -0.7275 0.5894
v  1.7007 -0.7587 0.5621
v  1.8319 -0.7853 0.5316
v  1.9557 -0.8065 0.4981
v  2.0670 -0.8207 0.4622
v  0.3786 -0.2813 0.6496
v  0.2771 -0.2235 0.6255
v  0.4902 -0.3381 0.6673
v  0.6105 -0.3935 0.6788
v  0.7378 -0.4472 0.6844
v  0.8708 -0.4987 0.6844
v  1.0080 -0.5478 0.6790
v  1.1478 -0.5939 0.6684
v  1.2888 -0.6369 0.6531
v  1.4295 -0.6763 0.6333
v  1.5684 -0.7117 0.6095
v  1.7039 -0.7429 0.5822
v  1.8345 -0.7694 0.5519
v  1.9578 -0.7904 0.5188
v  2.0687 -0.8042 0.4835
v  0.3941 -0.2668 0.6734
v  0.2941 -0.2095 0.6513
v  0.5042 -0.3231 0.6896
v  0.6229 -0.3780 0.7000
v  0.7487 -0.4312 0.7047
v  0.8801 -0.4823 0.7041
v  1.0158 -0.5310 0.6983
v  1.1540 -0.5769 0.6875
v  1.2934 -0.6196 0.6720
v  1.4324 -0.6588 0.6522
v  1.5696 -0.6941 0.6286
v  1.7035 -0.7251 0.6016
v  1.8325 -0.7515 0.5718
v  1.9545 -0.7725 0.5396
v  2.0644 -0.7862 0.5054
v  0.3168 -0.1976 0.6757
v  0.4144 -0.2536 0.6956
v  0.5221 -0.3087 0.7101
v  0.6384 -0.3625 0.7193
v  0.7620 -0.4147 0.7232
v  0.8912 -0.4650 0.7220
v  1.0246 -0.5131 0.7158
v  1.1607 -0.5585 0.7049
v  1.2978 -0.6008 0.6893
v  1.4345 -0.6397 0.6696
v  1.5693 -0.6747 0.6463
v  1.7006 -0.7055 0.6199
v  1.8269 -0.7318 0.5910
v  1.9465 -0.7528 0.5599
v  2.0548 -0.7668 0.5272
v  0.3442 -0.1873 0.6981
v  0.4384 -0.2412 0.7157
v  0.5429 -0.2943 0.7285
v  0.6562 -0.3463 0.7366
v  0.7769 -0.3972 0.7397
v  0.9035 -0.4465 0.7380
v  1.0344 -0.4937 0.7315
v  1.1679 -0.5385 0.7205
v  1.3025 -0.5803 0.7050
v  1.4365 -0.6189 0.6855
v  1.5683 -0.6537 0.6626
v  1.6963 -0.6844 0.6369
v  1.8190 -0.7105 0.6089
v  1.9349 -0.7316 0.5793
v  2.0407 -0.7460 0.5484
v  0.3748 -0.1783 0.7178
v  0.4648 -0.2290 0.7332
v  0.5654 -0.2793 0.7446
v  0.6751 -0.3291 0.7517
v  0.7927 -0.3782 0.7542
v  0.9165 -0.4262 0.7520
v  1.0448 -0.4726 0.7454
v  1.1758 -0.5168 0.7343
v  1.3077 -0.5582 0.7188
v  1.4389 -0.5965 0.6996
v  1.5675 -0.6312 0.6772
v  1.6918 -0.6618 0.6522
v  1.8101 -0.6880 0.6253
v  1.9212 -0.7091 0.5971
v  2.0228 -0.7242 0.5684
v  0.4062 -0.1695 0.7342
v  0.4909 -0.2159 0.7477
v  0.5872 -0.2627 0.7580
v  0.6936 -0.3099 0.7645
v  0.8083 -0.3572 0.7665
v  0.9296 -0.4040 0.7641
v  1.0556 -0.4495 0.7574
v  1.1843 -0.4932 0.7462
v  1.3139 -0.5344 0.7309
v  1.4425 -0.5726 0.7119
v  1.5681 -0.6073 0.6900
v  1.6888 -0.6382 0.6656
v  1.8027 -0.6646 0.6395
v  1.9082 -0.6861 0.6128
v  2.0037 -0.7018 0.5862
v  0.4340 -0.1593 0.7469
v  0.5134 -0.2001 0.7590
v  0.6061 -0.2431 0.7688
v  0.7099 -0.2879 0.7749
v  0.8227 -0.3335 0.7768
v  0.9421 -0.3792 0.7743
v  1.0664 -0.4242 0.7674
v  1.1935 -0.4676 0.7563
v  1.3215 -0.5087 0.7411
v  1.4481 -0.5471 0.7223
v  1.5714 -0.5823 0.7005
v  1.6892 -0.6137 0.6765
v  1.7994 -0.6410 0.6511
v  1.8996 -0.6634 0.6253
v  1.9876 -0.6801 0.6005
v  0.3644 -0.3981 0.3803
v  0.4357 -0.4340 0.3888
v  0.5264 -0.4764 0.3969
v  0.6290 -0.5208 0.4031
v  0.7409 -0.5657 0.4067
v  0.8601 -0.6100 0.4076
v  0.9843 -0.6530 0.4056
v  1.1117 -0.6940 0.4005
v  1.2401 -0.7321 0.3924
v  1.3673 -0.7669 0.3816
v  1.4912 -0.7981 0.3687
v  1.6095 -0.8253 0.3540
v  1.7199 -0.8481 0.3382
v  1.8193 -0.8663 0.3222
v  1.8990 -0.8792 0.3080
v  1.9909 -0.8884 0.3063
v  1.9608 -0.8877 0.2959
v  2.0252 -0.8877 0.3188
v  2.0619 -0.8848 0.3336
v  2.0956 -0.8790 0.3494
v  2.1237 -0.8703 0.3663
v  2.1453 -0.8589 0.3844
v  2.1599 -0.8451 0.4039
v  2.1678 -0.8295 0.4249
v  2.1691 -0.8125 0.4472
v  2.1640 -0.7943 0.4704
v  2.1528 -0.7748 0.4941
v  2.1357 -0.7542 0.5175
v  2.1135 -0.7326 0.5401
v  2.0876 -0.7107 0.5609
v  2.0616 -0.6905 0.5782
v  2.0933 -0.9071 -0.2765
v  2.0440 -0.9008 -0.3100
v  2.0954 -0.9015 -0.3173
v  2.1563 -0.9077 -0.2810
v  2.1415 -0.8992 -0.3276
v  2.2081 -0.9036 -0.2887
v  2.1814 -0.8937 -0.3398
v  2.2476 -0.8949 -0.2990
v  2.2128 -0.8847 -0.3537
v  2.2783 -0.8832 -0.3120
v  2.2354 -0.8727 -0.3696
v  2.3011 -0.8691 -0.3276
v  2.3164 -0.8533 -0.3463
v  2.2506 -0.8588 -0.3877
v  2.2590 -0.8438 -0.4081
v  2.3242 -0.8365 -0.3681
v  2.2052 -0.9104 -0.2417
v  2.1368 -0.9117 -0.2390
v  2.2595 -0.9039 -0.2475
v  2.3009 -0.8929 -0.2564
v  2.3331 -0.8787 -0.2684
v  2.3575 -0.8623 -0.2838
v  2.3741 -0.8443 -0.3032
v  2.3818 -0.8253 -0.3268
v  2.1730 -0.9142 -0.1980
v  2.2447 -0.9110 -0.1996
v  2.3010 -0.9023 -0.2041
v  2.3440 -0.8888 -0.2117
v  2.3783 -0.8719 -0.2226
v  2.4051 -0.8526 -0.2375
v  2.4237 -0.8315 -0.2575
v  2.4322 -0.8097 -0.2836
v  2.2763 -0.9105 -0.1553
v  2.2010 -0.9149 -0.1545
v  2.3331 -0.8994 -0.1586
v  2.3768 -0.8831 -0.1647
v  2.4124 -0.8630 -0.1741
v  2.4412 -0.8395 -0.1880
v  2.4621 -0.8137 -0.2083
v  2.4723 -0.7875 -0.2373
v  2.3004 -0.9096 -0.1093
v  2.2232 -0.9152 -0.1091
v  2.3562 -0.8962 -0.1112
v  2.3991 -0.8769 -0.1154
v  2.4352 -0.8529 -0.1224
v  2.4657 -0.8240 -0.1339
v  2.4895 -0.7907 -0.1529
v  2.5092 -0.6854 -0.1973
v  2.3173 -0.9091 -0.0620
v  2.2381 -0.9154 -0.0625
v  2.3706 -0.8935 -0.0624
v  2.4119 -0.8717 -0.0639
v  2.4478 -0.8438 -0.0672
v  2.4799 -0.8085 -0.0737
v  2.5324 -0.6507 -0.0954
v  2.1133 -0.7093 -0.5790
v  2.1671 -0.7033 -0.5629
v  2.2217 -0.7274 -0.5335
v  2.1568 -0.7316 -0.5554
v  2.2164 -0.6923 -0.5476
v  2.2710 -0.7150 -0.5140
v  2.2575 -0.6756 -0.5334
v  2.3174 -0.6357 -0.4971
v  2.2614 -0.7486 -0.5045
v  2.1941 -0.7539 -0.5307
v  2.3070 -0.7335 -0.4818
v  2.3425 -0.7129 -0.4620
v  2.2871 -0.7667 -0.4759
v  2.2247 -0.7754 -0.5052
v  2.3340 -0.7510 -0.4496
v  2.3725 -0.7304 -0.4257
v  2.4044 -0.7052 -0.4046
v  2.3904 -0.5978 -0.4307
v  2.3059 -0.7844 -0.4475
v  2.2449 -0.7943 -0.4796
v  2.3554 -0.7689 -0.4172
v  2.3976 -0.7486 -0.3886
v  2.4467 -0.6358 -0.3526
v  2.3184 -0.8018 -0.4195
v  2.2562 -0.8114 -0.4546
v  2.3712 -0.7872 -0.3851
v  2.4174 -0.7679 -0.3513
v  2.4557 -0.7428 -0.3186
v  2.3246 -0.8192 -0.3927
v  2.2607 -0.8278 -0.4306
v  2.3805 -0.8061 -0.3546
v  2.4296 -0.7883 -0.3156
v  2.4859 -0.6791 -0.2696
v  2.1729 -0.6833 0.5468
v  2.1193 -0.6896 0.5620
v  2.1603 -0.7124 0.5382
v  2.2249 -0.7082 0.5174
v  2.1943 -0.7350 0.5132
v  2.2653 -0.7314 0.4880
v  2.2213 -0.7567 0.4874
v  2.2944 -0.7526 0.4586
v  2.2405 -0.7772 0.4612
v  2.3134 -0.7722 0.4295
v  2.2523 -0.7964 0.4354
v  2.3240 -0.7908 0.4011
v  2.2571 -0.8147 0.4104
v  2.3277 -0.8092 0.3737
v  2.2554 -0.8322 0.3867
v  2.3251 -0.8274 0.3481
v  2.2807 -0.6979 0.4983
v  2.2228 -0.6722 0.5323
v  2.3220 -0.7203 0.4651
v  2.3500 -0.7401 0.4325
v  2.3680 -0.7588 0.4002
v  2.3786 -0.7774 0.3682
v  2.3825 -0.7965 0.3374
v  2.3794 -0.8160 0.3089
v  2.3358 -0.6256 0.4780
v  2.2668 -0.6562 0.5190
v  2.3633 -0.7016 0.4457
v  2.3903 -0.7202 0.4097
v  2.4369 -0.6438 0.3763
v  2.4219 -0.7577 0.3366
v  2.4272 -0.7780 0.3008
v  2.4240 -0.7995 0.2681
v  2.4586 -0.7326 0.3059
v  2.4427 -0.7129 0.3489
v  2.4887 -0.6420 0.2639
v  2.4626 -0.7780 0.2239
v  2.0945 -0.9036 0.2446
v  2.1571 -0.9036 0.2507
v  2.0968 -0.8971 0.2865
v  2.0455 -0.8969 0.2778
v  2.1373 -0.9085 0.2073
v  2.2078 -0.9075 0.2118
v  2.1742 -0.9119 0.1666
v  2.2512 -0.9100 0.1701
v  2.2046 -0.9140 0.1234
v  2.2863 -0.9111 0.1262
v  2.2272 -0.9151 0.0782
v  2.3107 -0.9108 0.0805
v  2.2406 -0.9154 0.0318
v  2.3237 -0.9099 0.0336
v  2.2441 -0.9154 -0.0153
v  2.3254 -0.9091 -0.0141
v  2.1423 -0.8940 0.2982
v  2.2101 -0.8994 0.2600
v  2.2666 -0.9018 0.2194
v  2.3102 -0.9014 0.1766
v  2.3398 -0.8985 0.1319
v  2.3601 -0.8954 0.0852
v  2.3724 -0.8931 0.0368
v  2.3759 -0.8923 -0.0127
v  2.2519 -0.8909 0.2720
v  2.1809 -0.8873 0.3119
v  2.3064 -0.8898 0.2303
v  2.3462 -0.8855 0.1868
v  2.3754 -0.8798 0.1409
v  2.3966 -0.8743 0.0924
v  2.4101 -0.8702 0.0415
v  2.4154 -0.8690 -0.0111
v  2.2815 -0.8780 0.2868
v  2.2112 -0.8772 0.3275
v  2.3340 -0.8737 0.2446
v  2.3738 -0.8663 0.2005
v  2.4046 -0.8574 0.1534
v  2.4279 -0.8486 0.1027
v  2.4435 -0.8415 0.0481
v  2.4505 -0.8390 -0.0094
v  2.3024 -0.8625 0.3044
v  2.2330 -0.8640 0.3451
v  2.3549 -0.8554 0.2624
v  2.3960 -0.8449 0.2181
v  2.4292 -0.8321 0.1703
v  2.4555 -0.8182 0.1174
v  2.4744 -0.8054 0.0580
v  2.4837 -0.7989 -0.0076
v  2.3166 -0.8453 0.3249
v  2.2473 -0.8487 0.3649
v  2.3699 -0.8359 0.2838
v  2.4130 -0.8222 0.2405
v  2.4491 -0.8049 0.1932
v  2.4795 -0.7840 0.1393
v  2.5251 -0.6563 0.0727
v  2.5188 -0.7399 -0.0055
v  2.5088 -0.6936 0.1727
v  1.9878 -0.8971 -0.3061
v  1.9593 -0.8917 -0.3293
v  1.9893 -0.8928 -0.3389
v  2.0235 -0.8925 -0.3503
v  2.0607 -0.8903 -0.3638
v  2.0955 -0.8858 -0.3784
v  2.1259 -0.8789 -0.3939
v  2.1503 -0.8695 -0.4104
v  2.1677 -0.8579 -0.4283
v  2.1773 -0.8443 -0.4478
v  2.0200 -0.9025 -0.2764
v  2.0545 -0.9074 -0.2397
v  2.0863 -0.9113 -0.1991
v  2.1130 -0.9138 -0.1558
v  2.1324 -0.9148 -0.1104
v  2.1448 -0.9151 -0.0637
v  2.1494 -0.9150 -0.0164
v  2.0554 -0.7100 -0.5956
v  2.0825 -0.7294 -0.5791
v  2.1110 -0.7510 -0.5588
v  2.1365 -0.7724 -0.5369
v  2.1570 -0.7927 -0.5141
v  2.1714 -0.8116 -0.4913
v  2.1785 -0.8288 -0.4689
v  1.9891 -0.8934 0.2727
v  2.0211 -0.8992 0.2430
v  2.0554 -0.9046 0.2064
v  2.0868 -0.9088 0.1659
v  2.1129 -0.9117 0.1227
v  2.1326 -0.9135 0.0774
v  2.1450 -0.9145 0.0309
v  1.9394 -0.8803 -0.3799
v  1.9147 -0.8820 -0.3617
v  1.8259 -0.8673 -0.3836
v  1.8437 -0.8644 -0.4067
v  1.7245 -0.8484 -0.4043
v  1.7376 -0.8446 -0.4312
v  1.6128 -0.8251 -0.4237
v  1.6228 -0.8206 -0.4535
v  1.4936 -0.7976 -0.4413
v  1.5012 -0.7925 -0.4735
v  1.3690 -0.7661 -0.4566
v  1.3746 -0.7604 -0.4906
v  1.2411 -0.7310 -0.4692
v  1.2450 -0.7248 -0.5046
v  1.1121 -0.6927 -0.4784
v  1.1145 -0.6860 -0.5150
v  0.9842 -0.6515 -0.4841
v  0.9851 -0.6444 -0.5214
v  0.8585 -0.6005 -0.5236
v  0.8593 -0.6083 -0.4861
v  0.7368 -0.5551 -0.5217
v  0.7394 -0.5638 -0.4844
v  0.6216 -0.5090 -0.5154
v  0.6265 -0.5186 -0.4791
v  0.5148 -0.4629 -0.5048
v  0.5227 -0.4739 -0.4703
v  0.4179 -0.4178 -0.4894
v  0.4300 -0.4308 -0.4580
v  0.3503 -0.3910 -0.4419
v  0.3320 -0.3746 -0.4686
v  1.9686 -0.8776 -0.3972
v  1.8663 -0.8610 -0.4277
v  1.7550 -0.8403 -0.4555
v  1.6362 -0.8155 -0.4805
v  1.5113 -0.7866 -0.5026
v  1.3819 -0.7539 -0.5215
v  1.2500 -0.7177 -0.5369
v  1.1174 -0.6781 -0.5483
v  0.9858 -0.6357 -0.5554
v  0.8570 -0.5909 -0.5579
v  0.7327 -0.5444 -0.5558
v  0.6145 -0.4968 -0.5488
v  0.5041 -0.4488 -0.5366
v  0.4026 -0.4011 -0.5188
v  0.3111 -0.3545 -0.4948
v  1.9976 -0.8732 -0.4143
v  1.8900 -0.8562 -0.4475
v  1.7740 -0.8349 -0.4778
v  1.6511 -0.8094 -0.5050
v  1.5227 -0.7799 -0.5291
v  1.3903 -0.7465 -0.5496
v  1.2558 -0.7094 -0.5662
v  1.1207 -0.6691 -0.5786
v  0.9867 -0.6257 -0.5864
v  0.8553 -0.5798 -0.5893
v  0.7282 -0.5320 -0.5871
v  0.6069 -0.4827 -0.5795
v  0.4929 -0.4327 -0.5663
v  0.3874 -0.3825 -0.5469
v  0.2916 -0.3326 -0.5208
v  2.0237 -0.8666 -0.4315
v  1.9119 -0.8496 -0.4666
v  1.7921 -0.8280 -0.4987
v  1.6657 -0.8020 -0.5277
v  1.5342 -0.7719 -0.5533
v  1.3991 -0.7378 -0.5752
v  1.2619 -0.7000 -0.5929
v  1.1244 -0.6588 -0.6061
v  0.9880 -0.6145 -0.6146
v  0.8542 -0.5675 -0.6180
v  0.7245 -0.5184 -0.6159
v  0.6004 -0.4676 -0.6081
v  0.4834 -0.4156 -0.5942
v  0.3748 -0.3630 -0.5738
v  0.2760 -0.3103 -0.5466
v  2.0452 -0.8578 -0.4491
v  1.9306 -0.8410 -0.4854
v  1.8080 -0.8194 -0.5188
v  1.6789 -0.7931 -0.5490
v  1.5449 -0.7625 -0.5757
v  1.4075 -0.7279 -0.5986
v  1.2682 -0.6894 -0.6172
v  1.1285 -0.6475 -0.6313
v  0.9900 -0.6023 -0.6404
v  0.8541 -0.5543 -0.6442
v  0.7224 -0.5040 -0.6424
v  0.5962 -0.4518 -0.6346
v  0.4770 -0.3982 -0.6206
v  0.3663 -0.3436 -0.5999
v  0.2655 -0.2886 -0.5722
v  2.0611 -0.8469 -0.4674
v  1.9446 -0.8304 -0.5042
v  1.8203 -0.8088 -0.5382
v  1.6895 -0.7825 -0.5692
v  1.5539 -0.7516 -0.5966
v  1.4149 -0.7166 -0.6202
v  1.2741 -0.6776 -0.6396
v  1.1330 -0.6350 -0.6542
v  0.9930 -0.5892 -0.6639
v  0.8558 -0.5404 -0.6682
v  0.7226 -0.4892 -0.6667
v  0.5951 -0.4360 -0.6593
v  0.4747 -0.3811 -0.6456
v  0.3628 -0.3251 -0.6251
v  0.2609 -0.2683 -0.5977
v  2.0701 -0.8338 -0.4866
v  1.9529 -0.8177 -0.5232
v  1.8280 -0.7963 -0.5574
v  1.6966 -0.7699 -0.5886
v  1.5604 -0.7389 -0.6164
v  1.4209 -0.7037 -0.6404
v  1.2795 -0.6645 -0.6602
v  1.1379 -0.6216 -0.6753
v  0.9974 -0.5753 -0.6854
v  0.8596 -0.5262 -0.6902
v  0.7261 -0.4745 -0.6893
v  0.5981 -0.4206 -0.6824
v  0.4774 -0.3650 -0.6693
v  0.3652 -0.3081 -0.6496
v  0.2632 -0.2502 -0.6231
v  2.0713 -0.8187 -0.5068
v  1.9546 -0.8028 -0.5428
v  1.8301 -0.7816 -0.5765
v  1.6993 -0.7553 -0.6074
v  1.5637 -0.7244 -0.6352
v  1.4248 -0.6892 -0.6593
v  1.2841 -0.6499 -0.6793
v  1.1431 -0.6070 -0.6947
v  1.0033 -0.5608 -0.7052
v  0.8662 -0.5116 -0.7104
v  0.7332 -0.4599 -0.7101
v  0.6059 -0.4060 -0.7040
v  0.4858 -0.3503 -0.6918
v  0.3743 -0.2931 -0.6734
v  0.2729 -0.2349 -0.6485
v  2.0655 -0.8017 -0.5276
v  1.9504 -0.7860 -0.5624
v  1.8276 -0.7650 -0.5952
v  1.6985 -0.7389 -0.6256
v  1.5646 -0.7081 -0.6530
v  1.4273 -0.6730 -0.6769
v  1.2882 -0.6340 -0.6969
v  1.1488 -0.5913 -0.7125
v  1.0106 -0.5454 -0.7232
v  0.8750 -0.4966 -0.7288
v  0.7436 -0.4453 -0.7291
v  0.6179 -0.3918 -0.7239
v  0.4993 -0.3366 -0.7130
v  0.3893 -0.2800 -0.6961
v  0.2894 -0.2223 -0.6732
v  2.0539 -0.7830 -0.5484
v  1.9416 -0.7675 -0.5816
v  1.8215 -0.7466 -0.6132
v  1.6951 -0.7207 -0.6427
v  1.5638 -0.6901 -0.6695
v  1.4289 -0.6553 -0.6931
v  1.2921 -0.6165 -0.7129
v  1.1550 -0.5742 -0.7286
v  1.0189 -0.5288 -0.7395
v  0.8856 -0.4806 -0.7455
v  0.7564 -0.4301 -0.7464
v  0.6329 -0.3776 -0.7421
v  0.5167 -0.3235 -0.7324
v  0.4091 -0.2681 -0.7173
v  0.3117 -0.2117 -0.6966
v  2.0375 -0.7629 -0.5687
v  1.9293 -0.7475 -0.6000
v  1.8131 -0.7267 -0.6302
v  1.6903 -0.7009 -0.6586
v  1.5622 -0.6705 -0.6847
v  1.4303 -0.6359 -0.7078
v  1.2963 -0.5974 -0.7274
v  1.1617 -0.5556 -0.7429
v  1.0282 -0.5108 -0.7540
v  0.8974 -0.4634 -0.7603
v  0.7709 -0.4140 -0.7617
v  0.6502 -0.3629 -0.7583
v  0.5370 -0.3105 -0.7498
v  0.4327 -0.2571 -0.7364
v  0.3385 -0.2029 -0.7181
v  2.0177 -0.7417 -0.5878
v  1.9149 -0.7264 -0.6170
v  1.8037 -0.7056 -0.6456
v  1.6853 -0.6797 -0.6729
v  1.5609 -0.6494 -0.6982
v  1.4322 -0.6149 -0.7208
v  1.3010 -0.5767 -0.7401
v  1.1690 -0.5353 -0.7556
v  1.0381 -0.4911 -0.7666
v  0.9099 -0.4446 -0.7732
v  0.7862 -0.3964 -0.7751
v  0.6686 -0.3470 -0.7724
v  0.5590 -0.2969 -0.7649
v  0.4586 -0.2463 -0.7530
v  0.3687 -0.1952 -0.7371
v  1.9973 -0.7203 -0.6048
v  1.9015 -0.7047 -0.6318
v  1.7958 -0.6836 -0.6590
v  1.6818 -0.6574 -0.6853
v  1.5610 -0.6269 -0.7099
v  1.4354 -0.5923 -0.7320
v  1.3067 -0.5543 -0.7511
v  1.1771 -0.5131 -0.7664
v  1.0484 -0.4694 -0.7775
v  0.9225 -0.4237 -0.7842
v  0.8013 -0.3768 -0.7865
v  0.6866 -0.3292 -0.7842
v  0.5804 -0.2816 -0.7775
v  0.4842 -0.2344 -0.7668
v  0.3996 -0.1878 -0.7528
v  1.9806 -0.6996 -0.6185
v  1.8924 -0.6832 -0.6436
v  1.7921 -0.6612 -0.6696
v  1.6818 -0.6343 -0.6953
v  1.5639 -0.6032 -0.7195
v  1.4405 -0.5683 -0.7413
v  1.3138 -0.5300 -0.7602
v  1.1858 -0.4889 -0.7755
v  1.0587 -0.4454 -0.7866
v  0.9345 -0.4004 -0.7933
v  0.8151 -0.3544 -0.7957
v  0.7025 -0.3085 -0.7937
v  0.5988 -0.2633 -0.7873
v  0.5062 -0.2199 -0.7774
v  0.4270 -0.1787 -0.7649
v  1.8975 -0.8833 -0.3421
v  1.8178 -0.8704 -0.3570
v  1.7184 -0.8522 -0.3739
v  1.6080 -0.8294 -0.3904
v  1.4897 -0.8022 -0.4056
v  1.3658 -0.7710 -0.4190
v  1.2386 -0.7362 -0.4301
v  1.1102 -0.6981 -0.4383
v  0.9828 -0.6571 -0.4433
v  0.8586 -0.6141 -0.4450
v  0.7394 -0.5698 -0.4437
v  0.6275 -0.5249 -0.4394
v  0.5249 -0.4805 -0.4325
v  0.4343 -0.4381 -0.4236
v  0.3629 -0.4021 -0.4144
v  0.3273 -0.3877 -0.3408
v  0.3480 -0.3971 -0.3805
v  0.4273 -0.4382 -0.3852
v  0.4124 -0.4329 -0.3425
v  0.5088 -0.4795 -0.3459
v  0.5197 -0.4820 -0.3910
v  0.6234 -0.5273 -0.3961
v  0.6152 -0.5266 -0.3493
v  0.7361 -0.5728 -0.3993
v  0.7302 -0.5734 -0.3516
v  0.8559 -0.6176 -0.4003
v  0.8518 -0.6193 -0.3523
v  0.9808 -0.6610 -0.3988
v  0.9782 -0.6634 -0.3510
v  1.1087 -0.7022 -0.3945
v  1.1076 -0.7051 -0.3474
v  1.2377 -0.7404 -0.3874
v  1.2382 -0.7439 -0.3413
v  1.3656 -0.7754 -0.3778
v  1.3678 -0.7792 -0.3331
v  1.4903 -0.8066 -0.3662
v  1.4946 -0.8107 -0.3232
v  1.6165 -0.8381 -0.3123
v  1.6097 -0.8338 -0.3531
v  1.7215 -0.8565 -0.3393
v  1.7316 -0.8611 -0.3010
v  1.8232 -0.8747 -0.3259
v  1.8383 -0.8795 -0.2902
v  1.9124 -0.8881 -0.3144
v  1.9348 -0.8933 -0.2814
v  0.3035 -0.3755 -0.2956
v  0.3941 -0.4247 -0.2957
v  0.4948 -0.4743 -0.2974
v  0.6048 -0.5237 -0.2995
v  0.7226 -0.5722 -0.3010
v  0.8467 -0.6194 -0.3014
v  0.9754 -0.6646 -0.3003
v  1.1069 -0.7071 -0.2974
v  1.2396 -0.7465 -0.2923
v  1.3717 -0.7824 -0.2854
v  1.5013 -0.8144 -0.2773
v  1.6266 -0.8422 -0.2684
v  1.7459 -0.8655 -0.2593
v  1.8579 -0.8842 -0.2508
v  1.9611 -0.8982 -0.2439
v  0.2808 -0.3626 -0.2456
v  0.3755 -0.4154 -0.2451
v  0.4802 -0.4678 -0.2458
v  0.5936 -0.5195 -0.2470
v  0.7145 -0.5699 -0.2479
v  0.8413 -0.6186 -0.2481
v  0.9725 -0.6649 -0.2473
v  1.1065 -0.7084 -0.2449
v  1.2417 -0.7485 -0.2409
v  1.3764 -0.7850 -0.2354
v  1.5091 -0.8175 -0.2289
v  1.6380 -0.8457 -0.2219
v  1.7615 -0.8694 -0.2147
v  1.8783 -0.8884 -0.2081
v  1.9870 -0.9024 -0.2027
v  0.2614 -0.3508 -0.1918
v  0.3592 -0.4064 -0.1912
v  0.4669 -0.4613 -0.1915
v  0.5833 -0.5150 -0.1922
v  0.7069 -0.5671 -0.1928
v  0.8362 -0.6171 -0.1929
v  0.9699 -0.6646 -0.1923
v  1.1063 -0.7090 -0.1905
v  1.2439 -0.7499 -0.1875
v  1.3813 -0.7870 -0.1834
v  1.5168 -0.8200 -0.1785
v  1.6489 -0.8486 -0.1732
v  1.7760 -0.8725 -0.1678
v  1.8968 -0.8915 -0.1629
v  2.0096 -0.9054 -0.1587
v  0.2465 -0.3410 -0.1352
v  0.3464 -0.3988 -0.1349
v  0.4563 -0.4556 -0.1352
v  0.5748 -0.5109 -0.1356
v  0.7005 -0.5644 -0.1361
v  0.8320 -0.6155 -0.1362
v  0.9677 -0.6639 -0.1358
v  1.1062 -0.7091 -0.1347
v  1.2460 -0.7507 -0.1327
v  1.3856 -0.7883 -0.1299
v  1.5235 -0.8217 -0.1265
v  1.6581 -0.8506 -0.1229
v  1.7879 -0.8747 -0.1192
v  1.9115 -0.8937 -0.1157
v  2.0273 -0.9073 -0.1127
v  0.3380 -0.3935 -0.0770
v  0.2370 -0.3343 -0.0768
v  0.4492 -0.4515 -0.0774
v  0.5691 -0.5079 -0.0779
v  0.6962 -0.5623 -0.0783
v  0.8291 -0.6142 -0.0785
v  0.9662 -0.6633 -0.0784
v  1.1062 -0.7090 -0.0779
v  1.2476 -0.7510 -0.0768
v  1.3887 -0.7890 -0.0753
v  1.5282 -0.8227 -0.0735
v  1.6645 -0.8518 -0.0715
v  1.7960 -0.8759 -0.0694
v  1.9213 -0.8948 -0.0673
v  2.0389 -0.9083 -0.0654
v  0.3351 -0.3913 -0.0182
v  0.2337 -0.3316 -0.0174
v  0.4467 -0.4498 -0.0189
v  0.5671 -0.5066 -0.0195
v  0.6947 -0.5613 -0.0200
v  0.8281 -0.6135 -0.0203
v  0.9658 -0.6628 -0.0205
v  1.1063 -0.7088 -0.0206
v  1.2482 -0.7510 -0.0205
v  1.3900 -0.7891 -0.0203
v  1.5300 -0.8229 -0.0200
v  1.6669 -0.8520 -0.0195
v  1.7991 -0.8762 -0.0189
v  1.9250 -0.8951 -0.0182
v  2.0430 -0.9084 -0.0174
v  0.3382 -0.3929 0.0406
v  0.2372 -0.3337 0.0420
v  0.4494 -0.4510 0.0396
v  0.5693 -0.5074 0.0389
v  0.6964 -0.5618 0.0384
v  0.8292 -0.6138 0.0380
v  0.9664 -0.6628 0.0375
v  1.1064 -0.7086 0.0368
v  1.2477 -0.7506 0.0359
v  1.3889 -0.7886 0.0348
v  1.5284 -0.8223 0.0336
v  1.6646 -0.8513 0.0325
v  1.7962 -0.8754 0.0315
v  1.9215 -0.8943 0.0308
v  2.0390 -0.9077 0.0306
v  0.3467 -0.3978 0.0985
v  0.2469 -0.3399 0.1004
v  0.4566 -0.4546 0.0974
v  0.5751 -0.5100 0.0967
v  0.7008 -0.5635 0.0963
v  0.8323 -0.6147 0.0958
v  0.9680 -0.6631 0.0950
v  1.1065 -0.7083 0.0938
v  1.2463 -0.7498 0.0918
v  1.3859 -0.7874 0.0894
v  1.5238 -0.8208 0.0867
v  1.6584 -0.8497 0.0840
v  1.7883 -0.8737 0.0814
v  1.9119 -0.8927 0.0793
v  2.0276 -0.9062 0.0779
v  0.3597 -0.4049 0.1549
v  0.2620 -0.3491 0.1570
v  0.4674 -0.4598 0.1539
v  0.5838 -0.5136 0.1534
v  0.7074 -0.5658 0.1532
v  0.8367 -0.6158 0.1527
v  0.9703 -0.6633 0.1517
v  1.1067 -0.7077 0.1498
v  1.2444 -0.7486 0.1469
v  1.3818 -0.7856 0.1431
v  1.5173 -0.8186 0.1389
v  1.6494 -0.8472 0.1344
v  1.7766 -0.8711 0.1302
v  1.8973 -0.8900 0.1265
v  2.0102 -0.9038 0.1238
v  0.3762 -0.4133 0.2088
v  0.2815 -0.3605 0.2108
v  0.4809 -0.4659 0.2083
v  0.5943 -0.5176 0.2085
v  0.7151 -0.5681 0.2086
v  0.8420 -0.6168 0.2082
v  0.9731 -0.6631 0.2070
v  1.1071 -0.7066 0.2045
v  1.2423 -0.7467 0.2006
v  1.3771 -0.7832 0.1955
v  1.5097 -0.8157 0.1896
v  1.6386 -0.8438 0.1834
v  1.7622 -0.8675 0.1772
v  1.8791 -0.8863 0.1718
v  1.9878 -0.9002 0.1678
v  0.3950 -0.4222 0.2596
v  0.3045 -0.3728 0.2608
v  0.4957 -0.4719 0.2602
v  0.6056 -0.5213 0.2613
v  0.7234 -0.5699 0.2621
v  0.8475 -0.6171 0.2619
v  0.9762 -0.6623 0.2605
v  1.1077 -0.7049 0.2574
v  1.2404 -0.7442 0.2525
v  1.3725 -0.7801 0.2460
v  1.5021 -0.8120 0.2384
v  1.6274 -0.8398 0.2302
v  1.7468 -0.8631 0.2220
v  1.8588 -0.8817 0.2147
v  1.9621 -0.8956 0.2091
v  0.4135 -0.4299 0.3067
v  0.3284 -0.3846 0.3061
v  0.5099 -0.4765 0.3091
v  0.6163 -0.5237 0.3116
v  0.7312 -0.5705 0.3132
v  0.8528 -0.6164 0.3134
v  0.9792 -0.6606 0.3117
v  1.1087 -0.7023 0.3080
v  1.2392 -0.7410 0.3020
v  1.3688 -0.7763 0.2941
v  1.4956 -0.8078 0.2848
v  1.6176 -0.8352 0.2746
v  1.7327 -0.8581 0.2641
v  1.8394 -0.8765 0.2544
v  1.9359 -0.8901 0.2468
v  0.4286 -0.4347 0.3498
v  0.3493 -0.3935 0.3461
v  0.5210 -0.4785 0.3547
v  0.6246 -0.5238 0.3590
v  0.7374 -0.5694 0.3615
v  0.8572 -0.6142 0.3621
v  0.9820 -0.6576 0.3603
v  1.1100 -0.6987 0.3559
v  1.2389 -0.7370 0.3488
v  1.3668 -0.7719 0.3395
v  1.4916 -0.8031 0.3284
v  1.6109 -0.8303 0.3160
v  1.7228 -0.8530 0.3030
v  1.8245 -0.8711 0.2904
v  1.9137 -0.8845 0.2799
v  0.2749 -0.2770 0.3468
v  0.2342 -0.2531 0.3112
v  0.1882 -0.2169 0.3222
v  0.2372 -0.2481 0.3602
v  0.1511 -0.1823 0.3362
v  0.2055 -0.2194 0.3769
v  0.1797 -0.1912 0.3955
v  0.1221 -0.1493 0.3527
v  0.1008 -0.1184 0.3712
v  0.1603 -0.1643 0.4155
v  0.0873 -0.0902 0.3918
v  0.1477 -0.1394 0.4368
v  0.1424 -0.1174 0.4595
v  0.0817 -0.0658 0.4147
v  0.0843 -0.0459 0.4404
v  0.1447 -0.0991 0.4837
v  0.1989 -0.2309 0.2681
v  0.1473 -0.1885 0.2774
v  0.1062 -0.1483 0.2894
v  0.0746 -0.1102 0.3038
v  0.0516 -0.0745 0.3205
v  0.0371 -0.0422 0.3402
v  0.0313 -0.0145 0.3633
v  0.0342 0.0076 0.3907
v  0.1138 -0.1633 0.2267
v  0.1688 -0.2105 0.2188
v  0.0699 -0.1179 0.2368
v  0.0361 -0.0744 0.2491
v  0.0115 -0.0329 0.2638
v  -0.0040 0.0048 0.2820
v  -0.0102 0.0371 0.3052
v  -0.0070 0.0620 0.3346
v  0.1446 -0.1930 0.1647
v  0.0875 -0.1417 0.1711
v  0.0417 -0.0916 0.1792
v  0.0061 -0.0424 0.1891
v  -0.0201 0.0057 0.2012
v  -0.0374 0.0519 0.2174
v  -0.0450 0.0913 0.2370
v  -0.0414 0.1214 0.2694
v  0.1269 -0.1792 0.1068
v  0.0684 -0.1248 0.1116
v  0.0213 -0.0708 0.1176
v  -0.0155 -0.0165 0.1248
v  -0.0431 0.0382 0.1339
v  -0.0620 0.0953 0.1491
v  0.1158 -0.1702 0.0463
v  0.0568 -0.1139 0.0493
v  0.0090 -0.0572 0.0531
v  -0.0286 0.0008 0.0575
v  -0.0572 0.0608 0.0629
v  -0.0778 0.1283 0.0722
v  0.3124 -0.0410 0.6391
v  0.3476 -0.0788 0.6511
v  0.3028 -0.0708 0.6324
v  0.2586 -0.0280 0.6148
v  0.2238 0.0162 0.5967
v  0.2845 0.0004 0.6267
v  0.1995 0.0623 0.5799
v  0.2624 0.0448 0.6138
v  0.2122 -0.0200 0.5880
v  0.2624 -0.0668 0.6111
v  0.1726 0.0273 0.5642
v  0.1430 0.0751 0.5407
v  0.1833 0.1085 0.5643
v  0.1233 0.1247 0.5189
v  0.1727 -0.0163 0.5593
v  0.2267 -0.0662 0.5874
v  0.1295 0.0337 0.5296
v  0.0967 0.0839 0.4995
v  0.0739 0.1366 0.4705
v  0.1964 -0.0688 0.5621
v  0.1397 -0.0168 0.5291
v  0.0939 0.0354 0.4935
v  0.0582 0.0881 0.4559
v  0.0321 0.1441 0.4179
v  0.1137 -0.0217 0.4985
v  0.1722 -0.0750 0.5357
v  0.0659 0.0320 0.4572
v  0.0277 0.0866 0.4122
v  -0.0017 0.1457 0.3643
v  0.1548 -0.0850 0.5093
v  0.0951 -0.0312 0.4686
v  0.0459 0.0230 0.4224
v  0.0058 0.0783 0.3710
v  -0.0266 0.1390 0.3132
v  0.2964 -0.0895 -0.6496
v  0.3406 -0.0989 -0.6679
v  0.3052 -0.0615 -0.6552
v  0.2521 -0.0469 -0.6311
v  0.2065 -0.0372 -0.6048
v  0.2567 -0.0840 -0.6288
v  0.1677 -0.0318 -0.5766
v  0.2217 -0.0817 -0.6058
v  0.1921 -0.0826 -0.5813
v  0.1355 -0.0304 -0.5472
v  0.1102 -0.0335 -0.5175
v  0.1685 -0.0871 -0.5560
v  0.0921 -0.0414 -0.4887
v  0.1516 -0.0956 -0.5307
v  0.0818 -0.0546 -0.4617
v  0.1420 -0.1083 -0.5063
v  0.2172 -0.0030 -0.6121
v  0.2768 -0.0210 -0.6419
v  0.1668 0.0100 -0.5799
v  0.1245 0.0183 -0.5457
v  0.0897 0.0220 -0.5102
v  0.0624 0.0206 -0.4747
v  0.0430 0.0134 -0.4410
v  0.0319 -0.0005 -0.4106
v  0.2557 0.0226 -0.6285
v  0.1912 0.0421 -0.5934
v  0.1370 0.0576 -0.5552
v  0.0916 0.0686 -0.5142
v  0.0540 0.0749 -0.4711
v  0.0243 0.0756 -0.4281
v  0.0031 0.0693 -0.3878
v  -0.0091 0.0547 -0.3527
v  0.2408 0.0674 -0.6152
v  0.1745 0.0888 -0.5762
v  0.1174 0.1072 -0.5322
v  0.0690 0.1214 -0.4839
v  0.0281 0.1314 -0.4316
v  -0.0040 0.1340 -0.3800
v  -0.0282 0.1271 -0.3294
v  -0.0419 0.1117 -0.2880
v  -0.0220 0.1926 -0.3333
v  -0.0508 0.1914 -0.2659
v  -0.0675 0.1753 -0.2121
v  0.2735 -0.2809 -0.3802
v  0.2357 -0.2523 -0.3922
v  0.1869 -0.2207 -0.3536
v  0.2330 -0.2565 -0.3442
v  0.1462 -0.1918 -0.3084
v  0.1978 -0.2338 -0.3008
v  0.1679 -0.2130 -0.2512
v  0.1129 -0.1660 -0.2572
v  0.0867 -0.1437 -0.2011
v  0.1439 -0.1948 -0.1968
v  0.0679 -0.1262 -0.1412
v  0.1264 -0.1804 -0.1387
v  0.1156 -0.1709 -0.0780
v  0.0565 -0.1146 -0.0787
v  0.0528 -0.1103 -0.0146
v  0.1120 -0.1672 -0.0158
v  0.2040 -0.2241 -0.4074
v  0.1497 -0.1865 -0.3660
v  0.1050 -0.1519 -0.3185
v  0.0689 -0.1209 -0.2652
v  0.0409 -0.0938 -0.2069
v  0.0208 -0.0723 -0.1447
v  0.0087 -0.0580 -0.0798
v  0.0048 -0.0526 -0.0133
v  0.1780 -0.1965 -0.4244
v  0.1206 -0.1541 -0.3807
v  0.0732 -0.1144 -0.3309
v  0.0350 -0.0778 -0.2753
v  0.0052 -0.0450 -0.2143
v  -0.0161 -0.0183 -0.1493
v  -0.0289 -0.0001 -0.0814
v  -0.0331 0.0068 -0.0118
v  0.1585 -0.1704 -0.4427
v  0.0992 -0.1239 -0.3974
v  0.0501 -0.0794 -0.3457
v  0.0103 -0.0370 -0.2877
v  -0.0210 0.0025 -0.2240
v  -0.0437 0.0360 -0.1555
v  -0.0575 0.0597 -0.0837
v  -0.0621 0.0690 -0.0102
v  0.1457 -0.1464 -0.4624
v  0.0855 -0.0966 -0.4163
v  0.0355 -0.0479 -0.3634
v  -0.0054 0.0000 -0.3038
v  -0.0379 0.0465 -0.2377
v  -0.0624 0.0905 -0.1652
v  -0.0782 0.1269 -0.0898
v  -0.0835 0.1416 -0.0085
v  0.0796 -0.0733 -0.4376
v  0.1400 -0.1254 -0.4836
v  0.0293 -0.0213 -0.3847
v  -0.0119 0.0311 -0.3250
v  -0.0450 0.0841 -0.2580
v  -0.0710 0.1389 -0.1793
v  0.3207 -0.3021 0.3747
v  0.3432 -0.3179 0.3611
v  0.3186 -0.3060 0.3370
v  0.2959 -0.2825 0.3912
v  0.2703 -0.2593 0.4111
v  0.2481 -0.2354 0.4318
v  0.2309 -0.2120 0.4531
v  0.2195 -0.1898 0.4750
v  0.2146 -0.1697 0.4975
v  0.2167 -0.1525 0.5207
v  0.2910 -0.2915 0.3043
v  0.2619 -0.2752 0.2617
v  0.2357 -0.2594 0.2131
v  0.2141 -0.2453 0.1600
v  0.1978 -0.2341 0.1032
v  0.1876 -0.2268 0.0439
v  0.1839 -0.2243 -0.0169
v  0.4168 -0.1149 0.6707
v  0.3894 -0.1135 0.6618
v  0.3968 -0.0910 0.6668
v  0.3754 -0.0601 0.6609
v  0.3545 -0.0213 0.6532
v  0.3541 0.2680 0.6410
v  0.3581 -0.1128 0.6493
v  0.3241 -0.1136 0.6324
v  0.2924 -0.1162 0.6128
v  0.2649 -0.1209 0.5912
v  0.2425 -0.1284 0.5681
v  0.2262 -0.1388 0.5444
v  0.4095 -0.1358 -0.6878
v  0.3893 -0.1123 -0.6834
v  0.3825 -0.1334 -0.6793
v  0.3518 -0.1314 -0.6672
v  0.3184 -0.1308 -0.6509
v  0.2873 -0.1318 -0.6321
v  0.2604 -0.1350 -0.6115
v  0.2387 -0.1408 -0.5895
v  0.2228 -0.1498 -0.5669
v  0.2138 -0.1622 -0.5445
v  0.3677 -0.0819 -0.6770
v  0.3466 -0.0443 -0.6685
v  0.3302 -0.0024 -0.6593
v  0.3568 0.2684 -0.6489
v  0.3192 -0.3063 -0.4084
v  0.3173 -0.3096 -0.3715
v  0.3418 -0.3218 -0.3956
v  0.2898 -0.2947 -0.3388
v  0.2609 -0.2779 -0.2961
v  0.2349 -0.2616 -0.2474
v  0.2134 -0.2470 -0.1940
v  0.1973 -0.2353 -0.1371
v  0.1873 -0.2273 -0.0777
v  0.2944 -0.2871 -0.4238
v  0.2687 -0.2645 -0.4423
v  0.2463 -0.2412 -0.4616
v  0.2290 -0.2185 -0.4814
v  0.2173 -0.1972 -0.5017
v  0.2120 -0.1782 -0.5227
v  1.9844 -0.6314 0.5382
v  1.9010 -0.6080 0.5642
v  1.9238 -0.5908 0.5630
v  2.0130 -0.6181 0.5341
v  2.0457 -0.6042 0.5279
v  1.9509 -0.5731 0.5599
v  2.0779 -0.5865 0.5217
v  2.0202 -0.4131 0.5556
v  1.8044 -0.5813 0.5906
v  1.8236 -0.5607 0.5915
v  1.8469 -0.5396 0.5904
v  1.8717 -0.5161 0.5883
v  1.7141 -0.5278 0.6186
v  1.6972 -0.5511 0.6164
v  1.7341 -0.5038 0.6191
v  1.8013 -0.3549 0.6184
v  1.5822 -0.5174 0.6406
v  1.5972 -0.4919 0.6437
v  1.6147 -0.4658 0.6452
v  1.6338 -0.4373 0.6458
v  1.4614 -0.4808 0.6624
v  1.4749 -0.4535 0.6661
v  1.4900 -0.4255 0.6684
v  1.5640 -0.1996 0.6697
v  1.3370 -0.4415 0.6811
v  1.3492 -0.4129 0.6852
v  1.3624 -0.3832 0.6879
v  1.3766 -0.3512 0.6898
v  1.2113 -0.4001 0.6961
v  1.2222 -0.3704 0.7004
v  1.2335 -0.3395 0.7034
v  1.2596 -0.1877 0.7054
v  1.0863 -0.3570 0.7070
v  1.0957 -0.3266 0.7112
v  1.1050 -0.2940 0.7142
v  1.1146 -0.2589 0.7163
v  0.9717 -0.2822 0.7175
v  0.9639 -0.3131 0.7135
v  0.9791 -0.2487 0.7202
v  0.9869 -0.2127 0.7220
v  0.8461 -0.2693 0.7155
v  0.8518 -0.2383 0.7191
v  0.8565 -0.2043 0.7213
v  0.8776 -0.0929 0.7225
v  0.7351 -0.2266 0.7131
v  0.7381 -0.1955 0.7160
v  0.7394 -0.1611 0.7174
v  0.7408 -0.1234 0.7177
v  0.6323 -0.1551 0.7082
v  0.6326 -0.1858 0.7063
v  0.6298 -0.1202 0.7084
v  0.6448 0.0030 0.7074
v  0.5409 -0.1487 0.6957
v  0.5358 -0.1182 0.6961
v  0.5281 -0.0826 0.6945
v  0.5212 -0.0435 0.6918
v  0.4618 -0.1170 0.6822
v  0.4498 -0.0861 0.6801
v  0.4358 -0.0494 0.6760
v  0.4671 0.2529 0.6653
v  2.0224 -0.6549 0.5209
v  1.9641 -0.6424 0.5397
v  2.0532 -0.6506 0.5140
v  2.0895 -0.6428 0.5054
v  2.1282 -0.6328 0.4956
v  2.1793 -0.5524 0.4820
v  0.4694 -0.1403 0.6819
v  0.5392 -0.1723 0.6927
v  0.6281 -0.2111 0.7023
v  0.7287 -0.2530 0.7084
v  0.8385 -0.2964 0.7104
v  0.9553 -0.3405 0.7080
v  1.0770 -0.3843 0.7014
v  1.2015 -0.4270 0.6905
v  1.3268 -0.4677 0.6756
v  1.4508 -0.5059 0.6571
v  1.5712 -0.5412 0.6357
v  1.6859 -0.5731 0.6121
v  1.7925 -0.6011 0.5870
v  1.8880 -0.6247 0.5619
v  0.4539 -0.1392 -0.6988
v  0.5327 -0.1716 -0.7125
v  0.5272 -0.1420 -0.7122
v  0.4416 -0.1090 -0.6961
v  0.5192 -0.1073 -0.7099
v  0.4275 -0.0733 -0.6913
v  0.5120 -0.0688 -0.7064
v  0.4155 -0.0332 -0.6853
v  0.5076 -0.0280 -0.7021
v  0.4695 0.2533 -0.6789
v  0.6242 -0.2093 -0.7232
v  0.6235 -0.1796 -0.7244
v  0.6205 -0.1456 -0.7239
v  0.6177 -0.1081 -0.7221
v  0.6509 0.0640 -0.7197
v  0.7291 -0.2207 -0.7322
v  0.7264 -0.2505 -0.7301
v  0.7301 -0.1871 -0.7329
v  0.7311 -0.1504 -0.7325
v  0.7334 -0.1117 -0.7312
v  0.8374 -0.2937 -0.7326
v  0.8426 -0.2639 -0.7354
v  0.8469 -0.2307 -0.7369
v  0.8513 -0.1949 -0.7373
v  0.9064 0.0556 -0.7370
v  0.9623 -0.3082 -0.7338
v  0.9550 -0.3378 -0.7306
v  0.9693 -0.2756 -0.7359
v  0.9764 -0.2408 -0.7369
v  0.9843 -0.2040 -0.7371
v  1.0863 -0.3528 -0.7276
v  1.0773 -0.3819 -0.7241
v  1.0955 -0.3209 -0.7299
v  1.1052 -0.2872 -0.7312
v  1.1567 -0.1184 -0.7317
v  1.2023 -0.4250 -0.7133
v  1.2127 -0.3966 -0.7168
v  1.2240 -0.3658 -0.7191
v  1.2358 -0.3332 -0.7204
v  1.2484 -0.2986 -0.7209
v  1.3280 -0.4664 -0.6982
v  1.3398 -0.4390 -0.7016
v  1.3529 -0.4094 -0.7037
v  1.3670 -0.3782 -0.7047
v  1.4222 -0.2353 -0.7050
v  1.4524 -0.5054 -0.6795
v  1.4655 -0.4794 -0.6824
v  1.4807 -0.4514 -0.6841
v  1.4969 -0.4221 -0.6847
v  1.5135 -0.3907 -0.6845
v  1.5733 -0.5418 -0.6576
v  1.5879 -0.5175 -0.6600
v  1.6053 -0.4914 -0.6609
v  1.6239 -0.4643 -0.6606
v  1.6805 -0.2462 -0.6597
v  1.6885 -0.5750 -0.6334
v  1.7050 -0.5529 -0.6348
v  1.7250 -0.5291 -0.6346
v  1.7465 -0.5044 -0.6332
v  1.7678 -0.4774 -0.6314
v  1.8146 -0.5852 -0.6076
v  1.7958 -0.6048 -0.6074
v  1.8380 -0.5641 -0.6058
v  1.8625 -0.5421 -0.6029
v  1.9138 -0.4215 -0.5944
v  1.9151 -0.6146 -0.5791
v  1.8926 -0.6309 -0.5809
v  1.9426 -0.5964 -0.5752
v  1.9706 -0.5780 -0.5704
v  1.9957 -0.5575 -0.5661
v  2.0046 -0.6411 -0.5501
v  1.9764 -0.6535 -0.5549
v  2.0375 -0.6263 -0.5433
v  2.0691 -0.6100 -0.5363
v  2.0547 -0.5192 -0.5326
v  0.4618 -0.1615 -0.6991
v  2.1209 -0.6538 -0.5109
v  2.1914 -0.5596 -0.4997
v  2.0817 -0.6650 -0.5213
v  2.0458 -0.6721 -0.5305
v  1.9563 -0.6636 -0.5569
v  2.0149 -0.6759 -0.5380
v  1.8800 -0.6464 -0.5793
v  1.7843 -0.6233 -0.6046
v  1.6776 -0.5958 -0.6298
v  1.5628 -0.5643 -0.6535
v  1.4423 -0.5293 -0.6750
v  1.3183 -0.4912 -0.6935
v  1.1930 -0.4506 -0.7085
v  1.0685 -0.4079 -0.7194
v  0.9469 -0.3639 -0.7260
v  0.8302 -0.3195 -0.7282
v  0.7206 -0.2757 -0.7262
v  0.6201 -0.2334 -0.7199
v  0.5314 -0.1940 -0.7102
v  0.3664 -0.3207 0.4159
v  0.4492 -0.3620 0.4353
v  0.4605 -0.3742 0.4078
v  0.3835 -0.3359 0.3926
v  0.5434 -0.4056 0.4498
v  0.5507 -0.4160 0.4193
v  0.6476 -0.4504 0.4598
v  0.6523 -0.4597 0.4273
v  0.7631 -0.5039 0.4320
v  0.7605 -0.4955 0.4655
v  0.8802 -0.5400 0.4670
v  0.8810 -0.5477 0.4331
v  1.0046 -0.5832 0.4643
v  1.0039 -0.5903 0.4307
v  1.1320 -0.6243 0.4577
v  1.1299 -0.6308 0.4248
v  1.2570 -0.6687 0.4153
v  1.2605 -0.6626 0.4472
v  1.3830 -0.7033 0.4028
v  1.3881 -0.6978 0.4331
v  1.5127 -0.7295 0.4160
v  1.5057 -0.7345 0.3876
v  1.6231 -0.7617 0.3702
v  1.6323 -0.7574 0.3963
v  1.7327 -0.7848 0.3512
v  1.7449 -0.7813 0.3744
v  1.8486 -0.8010 0.3504
v  1.8321 -0.8035 0.3310
v  1.9186 -0.8181 0.3099
v  1.9418 -0.8168 0.3247
v  0.3468 -0.3019 0.4389
v  0.4347 -0.3464 0.4611
v  0.5331 -0.3924 0.4778
v  0.6408 -0.4389 0.4892
v  0.7565 -0.4853 0.4957
v  0.8785 -0.5309 0.4974
v  1.0051 -0.5749 0.4945
v  1.1345 -0.6168 0.4871
v  1.2650 -0.6558 0.4756
v  1.3948 -0.6917 0.4602
v  1.5219 -0.7241 0.4413
v  1.6447 -0.7528 0.4194
v  1.7611 -0.7775 0.3949
v  1.8698 -0.7981 0.3680
v  1.9691 -0.8146 0.3387
v  0.4203 -0.3291 0.4857
v  0.3285 -0.2816 0.4617
v  0.5224 -0.3774 0.5037
v  0.6334 -0.4258 0.5161
v  0.7520 -0.4738 0.5231
v  0.8766 -0.5206 0.5248
v  1.0056 -0.5656 0.5215
v  1.1373 -0.6084 0.5135
v  1.2701 -0.6482 0.5010
v  1.4024 -0.6849 0.4844
v  1.5324 -0.7180 0.4641
v  1.6584 -0.7474 0.4403
v  1.7788 -0.7728 0.4137
v  1.8919 -0.7941 0.3843
v  1.9955 -0.8108 0.3522
v  0.4083 -0.3112 0.5092
v  0.3138 -0.2611 0.4842
v  0.5132 -0.3617 0.5281
v  0.6270 -0.4119 0.5409
v  0.7482 -0.4613 0.5481
v  0.8752 -0.5093 0.5496
v  1.0064 -0.5555 0.5458
v  1.1403 -0.5991 0.5371
v  1.2755 -0.6398 0.5238
v  1.4102 -0.6772 0.5062
v  1.5429 -0.7110 0.4847
v  1.6719 -0.7410 0.4596
v  1.7956 -0.7669 0.4313
v  1.9121 -0.7885 0.4001
v  2.0183 -0.8049 0.3658
v  0.3039 -0.2413 0.5067
v  0.4002 -0.2935 0.5320
v  0.5069 -0.3458 0.5510
v  0.6226 -0.3975 0.5639
v  0.7457 -0.4483 0.5709
v  0.8746 -0.4975 0.5721
v  1.0078 -0.5446 0.5678
v  1.1437 -0.5890 0.5585
v  1.2809 -0.6305 0.5445
v  1.4177 -0.6685 0.5261
v  1.5526 -0.7029 0.5037
v  1.6840 -0.7333 0.4776
v  1.8102 -0.7595 0.4482
v  1.9289 -0.7810 0.4158
v  2.0362 -0.7968 0.3803
v  0.2995 -0.2229 0.5290
v  0.3967 -0.2766 0.5541
v  0.5044 -0.3303 0.5728
v  0.6212 -0.3833 0.5853
v  0.7455 -0.4351 0.5919
v  0.8757 -0.4851 0.5926
v  1.0102 -0.5329 0.5879
v  1.1475 -0.5781 0.5781
v  1.2860 -0.6201 0.5635
v  1.4243 -0.6586 0.5445
v  1.5607 -0.6933 0.5214
v  1.6937 -0.7240 0.4947
v  1.8214 -0.7503 0.4647
v  1.9412 -0.7716 0.4318
v  2.0487 -0.7866 0.3960
v  0.3987 -0.2614 0.5755
v  0.3016 -0.2067 0.5513
v  0.5067 -0.3159 0.5935
v  0.6237 -0.3696 0.6054
v  0.7484 -0.4219 0.6113
v  0.8789 -0.4725 0.6116
v  1.0138 -0.5207 0.6065
v  1.1516 -0.5662 0.5962
v  1.2906 -0.6085 0.5812
v  1.4294 -0.6473 0.5618
v  1.5664 -0.6823 0.5383
v  1.6999 -0.7130 0.5113
v  1.8282 -0.7393 0.4812
v  1.9481 -0.7602 0.4483
v  2.0554 -0.7744 0.4131
v  0.3105 -0.1933 0.5734
v  0.4070 -0.2482 0.5963
v  0.5143 -0.3029 0.6131
v  0.6307 -0.3567 0.6240
v  0.7547 -0.4092 0.6293
v  0.8846 -0.4597 0.6290
v  1.0189 -0.5080 0.6235
v  1.1560 -0.5534 0.6129
v  1.2944 -0.5958 0.5976
v  1.4326 -0.6346 0.5780
v  1.5689 -0.6695 0.5545
v  1.7019 -0.7002 0.5276
v  1.8297 -0.7263 0.4978
v  1.9492 -0.7470 0.4655
v  2.0561 -0.7605 0.4312
v  0.3256 -0.1823 0.5950
v  0.4208 -0.2368 0.6161
v  0.5266 -0.2911 0.6314
v  0.6415 -0.3445 0.6412
v  0.7640 -0.3966 0.6456
v  0.8924 -0.4468 0.6447
v  1.0252 -0.4947 0.6388
v  1.1608 -0.5399 0.6281
v  1.2976 -0.5820 0.6127
v  1.4342 -0.6206 0.5931
v  1.5690 -0.6553 0.5698
v  1.7004 -0.6858 0.5433
v  1.8267 -0.7117 0.5141
v  1.9451 -0.7321 0.4828
v  2.0512 -0.7453 0.4498
v  0.3459 -0.1736 0.6154
v  0.4389 -0.2269 0.6344
v  0.5425 -0.2801 0.6482
v  0.6552 -0.3326 0.6568
v  0.7755 -0.3838 0.6603
v  0.9018 -0.4334 0.6589
v  1.0325 -0.4807 0.6526
v  1.1659 -0.5253 0.6417
v  1.3006 -0.5670 0.6264
v  1.4350 -0.6053 0.6070
v  1.5675 -0.6397 0.5841
v  1.6964 -0.6699 0.5582
v  1.8202 -0.6955 0.5299
v  1.9366 -0.7159 0.4998
v  2.0413 -0.7292 0.4683
v  0.4605 -0.2180 0.6510
v  0.3705 -0.1668 0.6341
v  0.5611 -0.2694 0.6632
v  0.6709 -0.3203 0.6707
v  0.7885 -0.3703 0.6735
v  0.9123 -0.4189 0.6715
v  1.0405 -0.4654 0.6650
v  1.1716 -0.5095 0.6541
v  1.3038 -0.5507 0.6388
v  1.4356 -0.5885 0.6197
v  1.5653 -0.6227 0.5973
v  1.6911 -0.6526 0.5721
v  1.8115 -0.6781 0.5448
v  1.9245 -0.6984 0.5161
v  2.0270 -0.7122 0.4864
v  0.3981 -0.1611 0.6507
v  0.4842 -0.2095 0.6654
v  0.5811 -0.2583 0.6762
v  0.6876 -0.3071 0.6829
v  0.8023 -0.3555 0.6851
v  0.9234 -0.4028 0.6828
v  1.0492 -0.4486 0.6761
v  1.1779 -0.4920 0.6652
v  1.3076 -0.5328 0.6500
v  1.4367 -0.5703 0.6312
v  1.5633 -0.6043 0.6092
v  1.6856 -0.6341 0.5848
v  1.8018 -0.6595 0.5585
v  1.9104 -0.6799 0.5312
v  2.0091 -0.6943 0.5034
v  0.5074 -0.2001 0.6774
v  0.4264 -0.1556 0.6646
v  0.6004 -0.2458 0.6872
v  0.7038 -0.2922 0.6933
v  0.8158 -0.3387 0.6951
v  0.9347 -0.3848 0.6927
v  1.0583 -0.4297 0.6859
v  1.1849 -0.4727 0.6750
v  1.3124 -0.5131 0.6599
v  1.4391 -0.5506 0.6413
v  1.5629 -0.5845 0.6198
v  1.6817 -0.6146 0.5960
v  1.7936 -0.6402 0.5705
v  1.8970 -0.6609 0.5445
v  1.9900 -0.6759 0.5188
v  0.4511 -0.1490 0.6751
v  0.5272 -0.1885 0.6866
v  0.6169 -0.2306 0.6959
v  0.7180 -0.2745 0.7018
v  0.8282 -0.3193 0.7036
v  0.9455 -0.3642 0.7011
v  1.0677 -0.4084 0.6944
v  1.1927 -0.4511 0.6835
v  1.3187 -0.4915 0.6685
v  1.4435 -0.5291 0.6500
v  1.5651 -0.5635 0.6287
v  1.6811 -0.5942 0.6052
v  1.7896 -0.6207 0.5802
v  1.8879 -0.6422 0.5551
v  1.9738 -0.6582 0.5312
v  0.3951 -0.3462 0.3692
v  0.4643 -0.3811 0.3775
v  0.5527 -0.4224 0.3854
v  0.6531 -0.4659 0.3914
v  0.7630 -0.5099 0.3948
v  0.8802 -0.5536 0.3955
v  1.0027 -0.5960 0.3932
v  1.1281 -0.6364 0.3880
v  1.2547 -0.6740 0.3796
v  1.3801 -0.7084 0.3686
v  1.5023 -0.7392 0.3554
v  1.6188 -0.7660 0.3406
v  1.7274 -0.7885 0.3246
v  1.8249 -0.8065 0.3085
v  1.9029 -0.8191 0.2942
v  1.9911 -0.8286 0.2890
v  1.9628 -0.8274 0.2821
v  2.0233 -0.8287 0.2974
v  2.0575 -0.8269 0.3074
v  2.0883 -0.8230 0.3180
v  2.1135 -0.8166 0.3296
v  2.1324 -0.8078 0.3432
v  2.1450 -0.7964 0.3590
v  2.1516 -0.7832 0.3770
v  2.1523 -0.7685 0.3963
v  2.1470 -0.7530 0.4164
v  2.1357 -0.7367 0.4366
v  2.1187 -0.7199 0.4567
v  2.0966 -0.7025 0.4761
v  2.0710 -0.6848 0.4942
v  2.0453 -0.6687 0.5093
v  2.1498 -0.8469 -0.2680
v  2.0914 -0.8414 -0.3006
v  2.0429 -0.8402 -0.2972
v  2.0910 -0.8460 -0.2671
v  2.1959 -0.8440 -0.2712
v  2.1340 -0.8401 -0.3063
v  2.2293 -0.8374 -0.2763
v  2.1694 -0.8362 -0.3137
v  2.2546 -0.8285 -0.2842
v  2.1961 -0.8294 -0.3230
v  2.2732 -0.8177 -0.2952
v  2.2146 -0.8202 -0.3344
v  2.2855 -0.8053 -0.3096
v  2.2268 -0.8092 -0.3485
v  2.2910 -0.7920 -0.3275
v  2.2331 -0.7972 -0.3651
v  2.1957 -0.8494 -0.2323
v  2.1329 -0.8503 -0.2326
v  2.2429 -0.8443 -0.2332
v  2.2774 -0.8359 -0.2367
v  2.3039 -0.8249 -0.2440
v  2.3239 -0.8120 -0.2550
v  2.3370 -0.7980 -0.2697
v  2.3423 -0.7835 -0.2887
v  2.1674 -0.8527 -0.1941
v  2.2327 -0.8499 -0.1929
v  2.2807 -0.8429 -0.1929
v  2.3157 -0.8324 -0.1963
v  2.3434 -0.8191 -0.2037
v  2.3648 -0.8040 -0.2149
v  2.3789 -0.7880 -0.2302
v  2.3828 -0.7750 -0.2489
v  2.2621 -0.8495 -0.1505
v  2.1942 -0.8533 -0.1523
v  2.3091 -0.8406 -0.1504
v  2.3435 -0.8279 -0.1544
v  2.3714 -0.8121 -0.1623
v  2.3936 -0.7940 -0.1740
v  2.4073 -0.7771 -0.1898
v  2.4139 -0.7611 -0.2105
v  2.2841 -0.8489 -0.1055
v  2.2155 -0.8536 -0.1076
v  2.3284 -0.8384 -0.1056
v  2.3612 -0.8235 -0.1099
v  2.3889 -0.8049 -0.1174
v  2.4103 -0.7849 -0.1295
v  2.4272 -0.7628 -0.1460
v  2.4461 -0.6632 -0.1807
v  2.2990 -0.8486 -0.0593
v  2.2300 -0.8538 -0.0616
v  2.3392 -0.8369 -0.0593
v  2.3701 -0.8204 -0.0625
v  2.3979 -0.7988 -0.0674
v  2.4203 -0.7752 -0.0722
v  2.4690 -0.6255 -0.0897
v  2.1972 -0.7069 -0.4670
v  2.1457 -0.6869 -0.4935
v  2.0943 -0.6906 -0.5096
v  2.1368 -0.7089 -0.4880
v  2.2382 -0.6984 -0.4502
v  2.1912 -0.6788 -0.4789
v  2.2812 -0.6229 -0.4345
v  2.2271 -0.6632 -0.4671
v  2.2320 -0.7236 -0.4424
v  2.1726 -0.7267 -0.4664
v  2.2703 -0.7135 -0.4220
v  2.3017 -0.6975 -0.4036
v  2.2538 -0.7375 -0.4190
v  2.2008 -0.7435 -0.4450
v  2.2945 -0.7251 -0.3952
v  2.3266 -0.7114 -0.3735
v  2.3527 -0.6893 -0.3581
v  2.3466 -0.5884 -0.3737
v  2.2708 -0.7509 -0.3952
v  2.2187 -0.7581 -0.4242
v  2.3145 -0.7392 -0.3667
v  2.3488 -0.7263 -0.3416
v  2.3947 -0.6208 -0.3063
v  2.2830 -0.7643 -0.3715
v  2.2290 -0.7713 -0.4038
v  2.3301 -0.7537 -0.3385
v  2.3670 -0.7414 -0.3095
v  2.3980 -0.7179 -0.2884
v  2.2900 -0.7781 -0.3484
v  2.2336 -0.7843 -0.3838
v  2.3397 -0.7685 -0.3119
v  2.3774 -0.7572 -0.2812
v  2.4282 -0.6557 -0.2381
v  2.1007 -0.6694 0.4931
v  2.1522 -0.6651 0.4778
v  2.2023 -0.6853 0.4511
v  2.1408 -0.6877 0.4718
v  2.2403 -0.7034 0.4255
v  2.1741 -0.7055 0.4499
v  2.2668 -0.7196 0.4011
v  2.2002 -0.7226 0.4278
v  2.2835 -0.7349 0.3773
v  2.2185 -0.7389 0.4058
v  2.2927 -0.7502 0.3536
v  2.2295 -0.7548 0.3838
v  2.2959 -0.7659 0.3300
v  2.2339 -0.7706 0.3622
v  2.2936 -0.7819 0.3075
v  2.2326 -0.7859 0.3414
v  2.2513 -0.6796 0.4332
v  2.1988 -0.6587 0.4631
v  2.2897 -0.6980 0.4034
v  2.3107 -0.7090 0.3817
v  2.3238 -0.7264 0.3557
v  2.3366 -0.7430 0.3233
v  2.3418 -0.7556 0.2992
v  2.3392 -0.7725 0.2744
v  2.2375 -0.6439 0.4520
v  2.3028 -0.6126 0.4133
v  2.3269 -0.6817 0.3856
v  2.3388 -0.6884 0.3752
v  2.3897 -0.6187 0.3291
v  2.3716 -0.7255 0.3003
v  2.3734 -0.7435 0.2748
v  2.3740 -0.7625 0.2380
v  2.4071 -0.6871 0.2914
v  2.4017 -0.6967 0.2942
v  2.4288 -0.6153 0.2422
v  2.4053 -0.7481 0.1994
v  2.0920 -0.8426 0.2338
v  2.0442 -0.8364 0.2636
v  2.0927 -0.8373 0.2680
v  2.1509 -0.8431 0.2360
v  2.1336 -0.8472 0.1994
v  2.1995 -0.8466 0.2004
v  2.2405 -0.8489 0.1614
v  2.1695 -0.8504 0.1610
v  2.1990 -0.8524 0.1198
v  2.2721 -0.8502 0.1196
v  2.2206 -0.8534 0.0765
v  2.2931 -0.8503 0.0762
v  2.3041 -0.8497 0.0322
v  2.2331 -0.8538 0.0313
v  2.2361 -0.8538 -0.0151
v  2.3058 -0.8489 -0.0131
v  2.1989 -0.8402 0.2399
v  2.1347 -0.8354 0.2746
v  2.2506 -0.8426 0.2021
v  2.2879 -0.8429 0.1621
v  2.3117 -0.8414 0.1209
v  2.3280 -0.8394 0.0778
v  2.3383 -0.8376 0.0334
v  2.3421 -0.8366 -0.0125
v  2.1693 -0.8309 0.2825
v  2.2342 -0.8344 0.2453
v  2.2808 -0.8343 0.2069
v  2.3130 -0.8318 0.1679
v  2.3369 -0.8278 0.1270
v  2.3546 -0.8237 0.0831
v  2.3662 -0.8205 0.0363
v  2.3715 -0.8192 -0.0130
v  2.1953 -0.8235 0.2924
v  2.2576 -0.8250 0.2550
v  2.3016 -0.8221 0.2177
v  2.3343 -0.8167 0.1791
v  2.3598 -0.8100 0.1376
v  2.3794 -0.8031 0.0920
v  2.3927 -0.7977 0.0418
v  2.3991 -0.7956 -0.0127
v  2.2136 -0.8132 0.3057
v  2.2743 -0.8125 0.2691
v  2.3183 -0.8071 0.2328
v  2.3525 -0.7988 0.1947
v  2.3803 -0.7886 0.1529
v  2.4001 -0.7800 0.1071
v  2.4152 -0.7722 0.0494
v  2.4238 -0.7663 -0.0113
v  2.2256 -0.8003 0.3223
v  2.2862 -0.7978 0.2869
v  2.3310 -0.7901 0.2519
v  2.3670 -0.7788 0.2150
v  2.3957 -0.7667 0.1740
v  2.4190 -0.7537 0.1283
v  2.4626 -0.6305 0.0603
v  2.4556 -0.7139 -0.0094
v  2.4483 -0.6656 0.1555
v  1.9896 -0.8327 -0.3230
v  1.9615 -0.8312 -0.3168
v  1.9893 -0.8362 -0.2965
v  2.0217 -0.8331 -0.3304
v  2.0566 -0.8319 -0.3397
v  2.0888 -0.8288 -0.3495
v  2.1162 -0.8238 -0.3602
v  2.1376 -0.8167 -0.3724
v  2.1524 -0.8076 -0.3863
v  2.1601 -0.7968 -0.4018
v  2.0209 -0.8413 -0.2696
v  2.0547 -0.8461 -0.2351
v  2.0856 -0.8498 -0.1965
v  2.1112 -0.8522 -0.1546
v  2.1300 -0.8532 -0.1101
v  2.1420 -0.8535 -0.0638
v  2.1465 -0.8534 -0.0168
v  2.0388 -0.6894 -0.5263
v  2.0657 -0.7050 -0.5116
v  2.0940 -0.7227 -0.4937
v  2.1193 -0.7397 -0.4748
v  2.1396 -0.7555 -0.4559
v  2.1535 -0.7706 -0.4371
v  2.1604 -0.7845 -0.4188
v  1.9905 -0.8327 0.2617
v  2.0220 -0.8381 0.2348
v  2.0555 -0.8433 0.2005
v  2.0860 -0.8474 0.1619
v  2.1114 -0.8502 0.1202
v  2.1305 -0.8519 0.0760
v  2.1425 -0.8529 0.0301
v  1.8468 -0.8059 -0.3847
v  1.8305 -0.8079 -0.3664
v  1.9170 -0.8223 -0.3444
v  1.9401 -0.8215 -0.3582
v  1.7430 -0.7863 -0.4094
v  1.7311 -0.7892 -0.3874
v  1.6304 -0.7626 -0.4320
v  1.6215 -0.7662 -0.4071
v  1.5108 -0.7347 -0.4524
v  1.5041 -0.7390 -0.4250
v  1.3862 -0.7031 -0.4699
v  1.3814 -0.7079 -0.4406
v  1.2586 -0.6679 -0.4842
v  1.2553 -0.6733 -0.4534
v  1.1302 -0.6296 -0.4948
v  1.1283 -0.6354 -0.4630
v  1.0028 -0.5885 -0.5014
v  1.0023 -0.5949 -0.4688
v  0.8783 -0.5453 -0.5037
v  0.8793 -0.5523 -0.4709
v  0.7587 -0.5008 -0.5017
v  0.7614 -0.5085 -0.4693
v  0.6458 -0.4557 -0.4954
v  0.6507 -0.4642 -0.4641
v  0.5416 -0.4107 -0.4847
v  0.5492 -0.4205 -0.4553
v  0.4475 -0.3670 -0.4694
v  0.4589 -0.3786 -0.4429
v  0.3648 -0.3255 -0.4492
v  0.3820 -0.3403 -0.4269
v  1.8677 -0.8036 -0.4010
v  1.9673 -0.8198 -0.3712
v  1.7589 -0.7832 -0.4287
v  1.6425 -0.7587 -0.4539
v  1.5198 -0.7301 -0.4764
v  1.3926 -0.6977 -0.4957
v  1.2628 -0.6619 -0.5114
v  1.1323 -0.6229 -0.5230
v  1.0030 -0.5810 -0.5303
v  0.8764 -0.5370 -0.5329
v  0.7544 -0.4914 -0.5307
v  0.6388 -0.4449 -0.5236
v  0.5312 -0.3982 -0.5115
v  0.4329 -0.3521 -0.4940
v  0.3450 -0.3073 -0.4710
v  1.8896 -0.8002 -0.4160
v  1.9943 -0.8168 -0.3838
v  1.7763 -0.7793 -0.4461
v  1.6559 -0.7541 -0.4734
v  1.5299 -0.7248 -0.4977
v  1.3999 -0.6917 -0.5185
v  1.2676 -0.6551 -0.5354
v  1.1348 -0.6153 -0.5479
v  1.0032 -0.5726 -0.5559
v  0.8742 -0.5275 -0.5589
v  0.7497 -0.4806 -0.5567
v  0.6311 -0.4326 -0.5492
v  0.5202 -0.3840 -0.5360
v  0.4182 -0.3355 -0.5172
v  0.3266 -0.2877 -0.4924
v  1.9097 -0.7955 -0.4304
v  2.0183 -0.8120 -0.3963
v  1.7928 -0.7742 -0.4622
v  1.6691 -0.7486 -0.4911
v  1.5400 -0.7187 -0.5168
v  1.4073 -0.6850 -0.5388
v  1.2726 -0.6477 -0.5567
v  1.1375 -0.6071 -0.5701
v  1.0036 -0.5634 -0.5787
v  0.8724 -0.5172 -0.5822
v  0.7455 -0.4691 -0.5802
v  0.6244 -0.4196 -0.5725
v  0.5108 -0.3692 -0.5589
v  0.4060 -0.3185 -0.5392
v  0.3117 -0.2680 -0.5134
v  1.9267 -0.7890 -0.4447
v  2.0380 -0.8054 -0.4094
v  1.8070 -0.7677 -0.4776
v  1.6807 -0.7418 -0.5076
v  1.5493 -0.7116 -0.5342
v  1.4144 -0.6774 -0.5571
v  1.2776 -0.6394 -0.5758
v  1.1405 -0.5981 -0.5899
v  1.0047 -0.5536 -0.5991
v  0.8716 -0.5064 -0.6031
v  0.7427 -0.4571 -0.6015
v  0.6198 -0.4062 -0.5940
v  0.5042 -0.3542 -0.5804
v  0.3976 -0.3017 -0.5605
v  0.3015 -0.2492 -0.5343
v  1.9391 -0.7808 -0.4592
v  2.0521 -0.7970 -0.4234
v  1.8179 -0.7596 -0.4926
v  1.6899 -0.7337 -0.5232
v  1.5570 -0.7032 -0.5504
v  1.4206 -0.6686 -0.5739
v  1.2823 -0.6302 -0.5932
v  1.1438 -0.5883 -0.6079
v  1.0066 -0.5431 -0.6176
v  0.8722 -0.4952 -0.6221
v  0.7422 -0.4450 -0.6209
v  0.6180 -0.3931 -0.6139
v  0.5013 -0.3399 -0.6007
v  0.3937 -0.2859 -0.5811
v  0.2968 -0.2318 -0.5552
v  2.0596 -0.7867 -0.4384
v  1.9460 -0.7709 -0.4741
v  1.8242 -0.7498 -0.5076
v  1.6957 -0.7239 -0.5383
v  1.5621 -0.6934 -0.5658
v  1.4252 -0.6586 -0.5896
v  1.2865 -0.6199 -0.6093
v  1.1475 -0.5776 -0.6244
v  1.0098 -0.5321 -0.6346
v  0.8750 -0.4838 -0.6395
v  0.7445 -0.4331 -0.6388
v  0.6201 -0.3805 -0.6324
v  0.5032 -0.3266 -0.6199
v  0.3955 -0.2718 -0.6012
v  0.2985 -0.2168 -0.5761
v  1.9466 -0.7591 -0.4897
v  2.0597 -0.7746 -0.4546
v  1.8252 -0.7382 -0.5228
v  1.6972 -0.7124 -0.5532
v  1.5642 -0.6820 -0.5805
v  1.4279 -0.6472 -0.6043
v  1.2898 -0.6085 -0.6242
v  1.1514 -0.5662 -0.6395
v  1.0144 -0.5208 -0.6500
v  0.8802 -0.4724 -0.6553
v  0.7504 -0.4217 -0.6553
v  0.6266 -0.3690 -0.6496
v  0.5104 -0.3149 -0.6381
v  0.4033 -0.2599 -0.6206
v  0.3070 -0.2046 -0.5969
v  1.9415 -0.7456 -0.5056
v  2.0531 -0.7611 -0.4715
v  1.8216 -0.7250 -0.5377
v  1.6952 -0.6994 -0.5675
v  1.5638 -0.6692 -0.5944
v  1.4290 -0.6347 -0.6179
v  1.2924 -0.5962 -0.6377
v  1.1556 -0.5542 -0.6531
v  1.0201 -0.5090 -0.6638
v  0.8874 -0.4610 -0.6696
v  0.7592 -0.4106 -0.6702
v  0.6369 -0.3582 -0.6654
v  0.5221 -0.3045 -0.6551
v  0.4165 -0.2499 -0.6391
v  0.3216 -0.1951 -0.6173
v  2.0409 -0.7461 -0.4888
v  1.9318 -0.7308 -0.5213
v  1.8146 -0.7103 -0.5523
v  1.6907 -0.6850 -0.5811
v  1.5617 -0.6551 -0.6073
v  1.4292 -0.6209 -0.6304
v  1.2949 -0.5828 -0.6499
v  1.1602 -0.5412 -0.6654
v  1.0268 -0.4965 -0.6762
v  0.8962 -0.4490 -0.6823
v  0.7701 -0.3993 -0.6835
v  0.6500 -0.3478 -0.6797
v  0.5375 -0.2950 -0.6706
v  0.4341 -0.2415 -0.6563
v  0.3413 -0.1879 -0.6366
v  2.0240 -0.7300 -0.5059
v  1.9188 -0.7147 -0.5365
v  1.8053 -0.6944 -0.5660
v  1.6849 -0.6693 -0.5938
v  1.5590 -0.6397 -0.6192
v  1.4293 -0.6058 -0.6418
v  1.2975 -0.5681 -0.6610
v  1.1653 -0.5269 -0.6763
v  1.0343 -0.4828 -0.6873
v  0.9061 -0.4361 -0.6936
v  0.7825 -0.3873 -0.6954
v  0.6651 -0.3370 -0.6923
v  0.5555 -0.2858 -0.6845
v  0.4551 -0.2341 -0.6717
v  0.3653 -0.1826 -0.6543
v  2.0040 -0.7128 -0.5222
v  1.9039 -0.6976 -0.5508
v  1.7951 -0.6774 -0.5787
v  1.6788 -0.6524 -0.6053
v  1.5565 -0.6229 -0.6300
v  1.4298 -0.5892 -0.6520
v  1.3007 -0.5518 -0.6710
v  1.1710 -0.5111 -0.6862
v  1.0424 -0.4676 -0.6971
v  0.9167 -0.4217 -0.7037
v  0.7957 -0.3741 -0.7058
v  0.6812 -0.3254 -0.7034
v  0.5748 -0.2763 -0.6964
v  0.4781 -0.2271 -0.6852
v  0.3923 -0.1784 -0.6699
v  1.9834 -0.6952 -0.5370
v  1.8899 -0.6800 -0.5633
v  1.7864 -0.6597 -0.5898
v  1.6744 -0.6344 -0.6154
v  1.5555 -0.6047 -0.6395
v  1.4317 -0.5710 -0.6611
v  1.3050 -0.5337 -0.6798
v  1.1774 -0.4933 -0.6949
v  1.0509 -0.4503 -0.7058
v  0.9273 -0.4052 -0.7124
v  0.8086 -0.3589 -0.7148
v  0.6968 -0.3120 -0.7127
v  0.5936 -0.2653 -0.7064
v  0.5008 -0.2192 -0.6963
v  0.4199 -0.1744 -0.6831
v  1.9665 -0.6784 -0.5489
v  1.8803 -0.6627 -0.5732
v  1.7819 -0.6415 -0.5986
v  1.6733 -0.6155 -0.6237
v  1.5572 -0.5852 -0.6474
v  1.4356 -0.5511 -0.6688
v  1.3107 -0.5136 -0.6874
v  1.1847 -0.4732 -0.7024
v  1.0597 -0.4305 -0.7132
v  0.9376 -0.3862 -0.7199
v  0.8205 -0.3410 -0.7223
v  0.7104 -0.2958 -0.7204
v  0.6095 -0.2515 -0.7143
v  0.5199 -0.2090 -0.7048
v  0.4441 -0.1691 -0.6929
v  1.9015 -0.8230 -0.3296
v  1.8235 -0.8104 -0.3447
v  1.7260 -0.7924 -0.3616
v  1.6174 -0.7699 -0.3783
v  1.5009 -0.7431 -0.3937
v  1.3788 -0.7123 -0.4074
v  1.2533 -0.6779 -0.4187
v  1.1268 -0.6403 -0.4271
v  1.0013 -0.5999 -0.4322
v  0.8788 -0.5575 -0.4342
v  0.7616 -0.5139 -0.4330
v  0.6517 -0.4698 -0.4290
v  0.5513 -0.4264 -0.4223
v  0.4629 -0.3850 -0.4135
v  0.3937 -0.3502 -0.4044
v  0.4417 -0.3796 -0.3394
v  0.4561 -0.3848 -0.3793
v  0.3794 -0.3451 -0.3748
v  0.3594 -0.3359 -0.3376
v  0.5357 -0.4250 -0.3425
v  0.5462 -0.4276 -0.3847
v  0.6399 -0.4711 -0.3455
v  0.6478 -0.4719 -0.3894
v  0.7527 -0.5172 -0.3474
v  0.7585 -0.5166 -0.3923
v  0.8724 -0.5623 -0.3477
v  0.8764 -0.5608 -0.3930
v  0.9971 -0.6058 -0.3461
v  0.9995 -0.6035 -0.3912
v  1.1247 -0.6470 -0.3423
v  1.1256 -0.6441 -0.3868
v  1.2534 -0.6852 -0.3360
v  1.2528 -0.6819 -0.3794
v  1.3813 -0.7200 -0.3277
v  1.3789 -0.7164 -0.3697
v  1.5064 -0.7511 -0.3179
v  1.5019 -0.7472 -0.3580
v  1.6265 -0.7782 -0.3070
v  1.6195 -0.7740 -0.3449
v  1.7398 -0.8008 -0.2957
v  1.7295 -0.7964 -0.3311
v  1.8443 -0.8188 -0.2850
v  1.8293 -0.8142 -0.3177
v  1.9385 -0.8323 -0.2759
v  1.9164 -0.8274 -0.3061
v  0.4240 -0.3717 -0.2944
v  0.3365 -0.3241 -0.2942
v  0.5221 -0.4200 -0.2959
v  0.6297 -0.4683 -0.2977
v  0.7454 -0.5160 -0.2988
v  0.8676 -0.5624 -0.2988
v  0.9944 -0.6070 -0.2974
v  1.1241 -0.6489 -0.2942
v  1.2550 -0.6878 -0.2890
v  1.3853 -0.7232 -0.2821
v  1.5131 -0.7547 -0.2740
v  1.6366 -0.7821 -0.2652
v  1.7539 -0.8051 -0.2561
v  1.8637 -0.8234 -0.2476
v  1.9644 -0.8371 -0.2403
v  0.4060 -0.3626 -0.2451
v  0.3145 -0.3117 -0.2455
v  0.5079 -0.4137 -0.2456
v  0.6189 -0.4642 -0.2465
v  0.7376 -0.5138 -0.2470
v  0.8624 -0.5616 -0.2469
v  0.9916 -0.6073 -0.2458
v  1.1237 -0.6501 -0.2432
v  1.2571 -0.6897 -0.2391
v  1.3900 -0.7257 -0.2335
v  1.5208 -0.7578 -0.2271
v  1.6478 -0.7856 -0.2202
v  1.7693 -0.8089 -0.2131
v  1.8838 -0.8275 -0.2064
v  1.9898 -0.8411 -0.2007
v  0.3902 -0.3539 -0.1920
v  0.2958 -0.3003 -0.1926
v  0.4950 -0.4073 -0.1921
v  0.6088 -0.4599 -0.1925
v  0.7302 -0.5110 -0.1928
v  0.8575 -0.5602 -0.1926
v  0.9891 -0.6070 -0.1918
v  1.1236 -0.6507 -0.1899
v  1.2593 -0.6911 -0.1867
v  1.3949 -0.7277 -0.1826
v  1.5285 -0.7602 -0.1777
v  1.6586 -0.7884 -0.1725
v  1.7836 -0.8119 -0.1672
v  1.9019 -0.8306 -0.1622
v  2.0119 -0.8441 -0.1579
v  0.3778 -0.3466 -0.1360
v  0.2815 -0.2908 -0.1363
v  0.4847 -0.4018 -0.1361
v  0.6006 -0.4559 -0.1363
v  0.7240 -0.5084 -0.1365
v  0.8533 -0.5587 -0.1365
v  0.9870 -0.6064 -0.1359
v  1.1236 -0.6509 -0.1347
v  1.2614 -0.6919 -0.1326
v  1.3991 -0.7290 -0.1297
v  1.5351 -0.7619 -0.1264
v  1.6676 -0.7904 -0.1228
v  1.7953 -0.8141 -0.1192
v  1.9163 -0.8327 -0.1158
v  2.0291 -0.8460 -0.1128
v  0.3698 -0.3414 -0.0779
v  0.2724 -0.2843 -0.0777
v  0.4779 -0.3978 -0.0782
v  0.5951 -0.4530 -0.0786
v  0.7198 -0.5063 -0.0788
v  0.8505 -0.5574 -0.0790
v  0.9856 -0.6057 -0.0788
v  1.1236 -0.6508 -0.0782
v  1.2630 -0.6923 -0.0771
v  1.4022 -0.7297 -0.0756
v  1.5397 -0.7629 -0.0738
v  1.6739 -0.7915 -0.0718
v  1.8032 -0.8153 -0.0697
v  1.9259 -0.8338 -0.0677
v  2.0403 -0.8469 -0.0658
v  0.3670 -0.3393 -0.0186
v  0.2693 -0.2818 -0.0178
v  0.4755 -0.3961 -0.0193
v  0.5932 -0.4517 -0.0199
v  0.7184 -0.5054 -0.0204
v  0.8495 -0.5567 -0.0207
v  0.9852 -0.6053 -0.0209
v  1.1237 -0.6506 -0.0209
v  1.2636 -0.6922 -0.0209
v  1.4034 -0.7298 -0.0207
v  1.5415 -0.7631 -0.0204
v  1.6763 -0.7918 -0.0200
v  1.8061 -0.8155 -0.0194
v  1.9295 -0.8340 -0.0187
v  2.0442 -0.8470 -0.0179
v  0.3700 -0.3409 0.0406
v  0.2726 -0.2838 0.0420
v  0.4781 -0.3973 0.0395
v  0.5953 -0.4525 0.0388
v  0.7200 -0.5059 0.0382
v  0.8507 -0.5570 0.0376
v  0.9858 -0.6053 0.0371
v  1.1238 -0.6504 0.0364
v  1.2631 -0.6918 0.0354
v  1.4024 -0.7293 0.0342
v  1.5399 -0.7625 0.0330
v  1.6741 -0.7911 0.0319
v  1.8033 -0.8148 0.0309
v  1.9261 -0.8333 0.0302
v  2.0403 -0.8463 0.0299
v  0.3782 -0.3456 0.0987
v  0.2819 -0.2898 0.1006
v  0.4851 -0.4008 0.0974
v  0.6010 -0.4550 0.0966
v  0.7244 -0.5075 0.0959
v  0.8537 -0.5578 0.0952
v  0.9873 -0.6055 0.0943
v  1.1239 -0.6501 0.0930
v  1.2617 -0.6910 0.0910
v  1.3994 -0.7281 0.0885
v  1.5354 -0.7611 0.0858
v  1.6679 -0.7895 0.0830
v  1.7956 -0.8131 0.0805
v  1.9167 -0.8317 0.0783
v  2.0293 -0.8448 0.0768
v  0.3908 -0.3524 0.1547
v  0.2964 -0.2987 0.1568
v  0.4956 -0.4059 0.1535
v  0.6094 -0.4585 0.1529
v  0.7307 -0.5097 0.1523
v  0.8579 -0.5589 0.1516
v  0.9896 -0.6057 0.1503
v  1.1240 -0.6495 0.1483
v  1.2598 -0.6898 0.1453
v  1.3953 -0.7264 0.1415
v  1.5289 -0.7589 0.1372
v  1.6590 -0.7870 0.1328
v  1.7840 -0.8105 0.1285
v  1.9024 -0.8290 0.1248
v  2.0123 -0.8425 0.1219
v  0.4067 -0.3606 0.2078
v  0.3153 -0.3096 0.2096
v  0.5086 -0.4118 0.2072
v  0.6196 -0.4624 0.2070
v  0.7382 -0.5119 0.2068
v  0.8630 -0.5598 0.2061
v  0.9923 -0.6055 0.2046
v  1.1244 -0.6484 0.2019
v  1.2577 -0.6880 0.1979
v  1.3906 -0.7239 0.1927
v  1.5214 -0.7560 0.1868
v  1.6484 -0.7837 0.1806
v  1.7699 -0.8070 0.1745
v  1.8845 -0.8255 0.1690
v  1.9905 -0.8390 0.1646
v  0.4249 -0.3692 0.2573
v  0.3375 -0.3215 0.2583
v  0.5230 -0.4175 0.2577
v  0.6306 -0.4659 0.2585
v  0.7463 -0.5137 0.2589
v  0.8684 -0.5602 0.2583
v  0.9952 -0.6047 0.2566
v  1.1249 -0.6467 0.2533
v  1.2558 -0.6855 0.2482
v  1.3860 -0.7209 0.2416
v  1.5139 -0.7524 0.2340
v  1.6373 -0.7798 0.2259
v  1.7547 -0.8026 0.2177
v  1.8645 -0.8209 0.2102
v  1.9653 -0.8345 0.2042
v  0.4428 -0.3766 0.3025
v  0.3606 -0.3328 0.3019
v  0.5368 -0.4221 0.3045
v  0.6409 -0.4683 0.3067
v  0.7538 -0.5143 0.3079
v  0.8735 -0.5595 0.3077
v  0.9981 -0.6030 0.3058
v  1.1257 -0.6442 0.3018
v  1.2544 -0.6824 0.2956
v  1.3823 -0.7172 0.2876
v  1.5073 -0.7483 0.2783
v  1.6275 -0.7753 0.2681
v  1.7407 -0.7979 0.2576
v  1.8453 -0.8159 0.2479
v  1.9395 -0.8293 0.2399
v  0.4574 -0.3813 0.3427
v  0.3807 -0.3416 0.3392
v  0.5475 -0.4241 0.3472
v  0.6490 -0.4685 0.3511
v  0.7597 -0.5133 0.3534
v  0.8776 -0.5574 0.3536
v  1.0006 -0.6002 0.3515
v  1.1267 -0.6408 0.3469
v  1.2539 -0.6786 0.3397
v  1.3801 -0.7130 0.3302
v  1.5031 -0.7439 0.3189
v  1.6207 -0.7706 0.3065
v  1.7307 -0.7930 0.2934
v  1.8305 -0.8108 0.2809
v  1.9176 -0.8239 0.2703
v  0.3220 0.1611 0.7780
v  0.3863 0.1141 0.7780
v  0.4509 0.1607 0.7780
v  0.4266 0.2365 0.7780
v  0.3469 0.2368 0.7780
v  0.3220 0.1611 0.5685
v  0.3469 0.2368 0.5685
v  0.4266 0.2365 0.5685
v  0.4509 0.1607 0.5685
v  0.3863 0.1141 0.5685
# 2718 vertices

vn -0.0000 -0.0000 1.0000
vn -0.0000 -0.0000 -1.0000
vn 0.5850 -0.8110 -0.0000
vn 0.0033 1.0000 -0.0000
vn -0.5905 -0.8070 -0.0000
vn 0.9520 0.3061 -0.0000
vn -0.9499 0.3125 -0.0000
vn -0.9500 0.3121 -0.0000
vn -0.5886 -0.7997 0.1182
vn -0.6278 -0.7610 0.1636
vn -0.6642 -0.7168 0.2121
vn -0.6974 -0.6658 0.2653
vn -0.7241 -0.6100 0.3220
vn -0.7422 -0.5501 0.3828
vn -0.7423 -0.5500 0.3828
vn -0.7492 -0.4880 0.4479
vn -0.6150 -0.7842 0.0826
vn -0.6651 -0.7367 0.1223
vn -0.7126 -0.6810 0.1686
vn -0.7553 -0.6173 0.2201
vn -0.7898 -0.5480 0.2756
vn -0.8133 -0.4746 0.3365
vn -0.8228 -0.4010 0.4027
vn -0.8229 -0.4009 0.4027
vn -0.6377 -0.7683 0.0553
vn -0.6964 -0.7124 0.0865
vn -0.7536 -0.6451 0.1263
vn -0.7536 -0.6450 0.1263
vn -0.8053 -0.5670 0.1731
vn -0.8462 -0.4828 0.2253
vn -0.8732 -0.3954 0.2850
vn -0.8732 -0.3953 0.2850
vn -0.8834 -0.3098 0.3517
vn -0.6575 -0.7527 0.0338
vn -0.6576 -0.7526 0.0338
vn -0.7228 -0.6887 0.0570
vn -0.7877 -0.6097 0.0881
vn -0.8460 -0.5178 0.1271
vn -0.8910 -0.4196 0.1733
vn -0.9198 -0.3180 0.2301
vn -0.9197 -0.3180 0.2301
vn -0.9292 -0.2196 0.2971
vn -0.6737 -0.7388 0.0185
vn -0.7441 -0.6672 0.0346
vn -0.8138 -0.5784 0.0567
vn -0.8757 -0.4752 0.0861
vn -0.8756 -0.4752 0.0861
vn -0.9236 -0.3630 0.1230
vn -0.6855 -0.7281 0.0086
vn -0.7592 -0.6506 0.0177
vn -0.8314 -0.5548 0.0306
vn -0.8951 -0.4433 0.0485
vn -0.9456 -0.3170 0.0726
vn -0.4119 -0.0726 0.9083
vn -0.4289 0.0061 0.9033
vn -0.4456 0.0667 0.8928
vn -0.4946 -0.1301 0.8593
vn -0.5248 -0.0378 0.8504
vn -0.5486 0.0418 0.8350
vn -0.5486 0.0418 0.8351
vn -0.5686 0.1062 0.8157
vn -0.5685 -0.1882 0.8009
vn -0.6132 -0.0898 0.7848
vn -0.6472 0.0039 0.7623
vn -0.6723 0.0860 0.7353
vn -0.6328 -0.2477 0.7336
vn -0.6894 -0.1459 0.7096
vn -0.6894 -0.1459 0.7095
vn -0.7333 -0.0434 0.6785
vn -0.7334 -0.0434 0.6785
vn -0.7636 0.0525 0.6435
vn -0.6838 -0.3067 0.6620
vn -0.7491 -0.2040 0.6302
vn -0.8004 -0.0975 0.5914
vn -0.8352 0.0066 0.5500
vn -0.7206 -0.3662 0.5887
vn -0.7916 -0.2661 0.5500
vn -0.8481 -0.1610 0.5048
vn -0.8874 -0.0558 0.4577
vn -0.4108 -0.0550 -0.9101
vn -0.4967 -0.1156 -0.8602
vn -0.5732 -0.1768 -0.8001
vn -0.6396 -0.2393 -0.7305
vn -0.6918 -0.3010 -0.6564
vn -0.7288 -0.3625 -0.5808
vn -0.7503 -0.4245 -0.5068
vn -0.4260 0.0261 -0.9043
vn -0.5251 -0.0202 -0.8508
vn -0.6165 -0.0753 -0.7838
vn -0.6950 -0.1346 -0.7063
vn -0.7561 -0.1956 -0.6246
vn -0.7991 -0.2603 -0.5420
vn -0.8233 -0.3282 -0.4631
vn -0.4415 0.0881 -0.8929
vn -0.5471 0.0615 -0.8348
vn -0.6485 0.0209 -0.7609
vn -0.7371 -0.0296 -0.6751
vn -0.8058 -0.0868 -0.5858
vn -0.8541 -0.1532 -0.4970
vn -0.8815 -0.2273 -0.4140
vn -0.4569 0.1361 -0.8790
vn -0.5658 0.1271 -0.8147
vn -0.6716 0.1047 -0.7334
vn -0.7653 0.0684 -0.6401
vn -0.8384 0.0193 -0.5447
vn -0.8916 -0.0464 -0.4504
vn -0.9233 -0.1262 -0.3628
vn -0.9129 0.0587 -0.4040
vn -0.9505 -0.0226 -0.3098
vn -0.5894 -0.8009 -0.1057
vn -0.6152 -0.7853 -0.0702
vn -0.6375 -0.7692 -0.0433
vn -0.6571 -0.7535 -0.0223
vn -0.6732 -0.7394 -0.0075
vn -0.6850 -0.7285 0.0020
vn -0.6915 -0.7223 0.0057
vn -0.6296 -0.7621 -0.1512
vn -0.6662 -0.7376 -0.1099
vn -0.6969 -0.7133 -0.0743
vn -0.6968 -0.7134 -0.0743
vn -0.7229 -0.6895 -0.0453
vn -0.7439 -0.6679 -0.0234
vn -0.7590 -0.6510 -0.0070
vn -0.7671 -0.6415 0.0031
vn -0.6670 -0.7177 -0.1998
vn -0.7147 -0.6818 -0.1563
vn -0.7551 -0.6456 -0.1141
vn -0.7885 -0.6103 -0.0763
vn -0.8142 -0.5789 -0.0454
vn -0.8316 -0.5551 -0.0199
vn -0.8403 -0.5421 -0.0009
vn -0.7013 -0.6663 -0.2533
vn -0.7585 -0.6175 -0.2080
vn -0.8078 -0.5670 -0.1612
vn -0.8478 -0.5176 -0.1155
vn -0.8768 -0.4750 -0.0750
vn -0.8956 -0.4433 -0.0380
vn -0.9047 -0.4259 -0.0070
vn -0.7292 -0.6098 -0.3104
vn -0.7943 -0.5473 -0.2639
vn -0.8498 -0.4818 -0.2137
vn -0.8937 -0.4184 -0.1620
vn -0.9255 -0.3618 -0.1123
vn -0.9466 -0.3162 -0.0625
vn -0.9566 -0.2909 -0.0160
vn -0.7484 -0.5493 -0.3718
vn -0.8188 -0.4729 -0.3254
vn -0.8778 -0.3929 -0.2740
vn -0.9233 -0.3153 -0.2194
vn -0.9567 -0.2415 -0.1623
vn -0.7424 -0.4268 0.5163
vn -0.7424 -0.4268 0.5164
vn -0.8162 -0.3321 0.4728
vn -0.8755 -0.2327 0.4234
vn -0.9188 -0.1327 0.3717
vn -0.7563 -0.4863 -0.4376
vn -0.8293 -0.3981 -0.3922
vn -0.8888 -0.3058 -0.3414
vn -0.9334 -0.2149 -0.2872
vn -0.9655 -0.1249 -0.2284
vn -0.6916 -0.7222 0.0046
vn -0.6917 -0.7222 0.0046
vn -0.7673 -0.6413 0.0074
vn -0.8403 -0.5419 0.0113
vn -0.8404 -0.5419 0.0113
vn -0.9046 -0.4259 0.0171
vn -0.9563 -0.2912 0.0257
vn -0.5282 -0.8412 0.1161
vn -0.5558 -0.8156 0.1611
vn -0.5823 -0.7866 0.2054
vn -0.6088 -0.7518 0.2532
vn -0.6087 -0.7519 0.2532
vn -0.6329 -0.7108 0.3070
vn -0.6520 -0.6654 0.3636
vn -0.6641 -0.6165 0.4230
vn -0.6674 -0.5646 0.4857
vn -0.6673 -0.5647 0.4856
vn -0.5466 -0.8337 0.0788
vn -0.5637 -0.8243 0.0530
vn -0.5804 -0.8136 0.0332
vn -0.5951 -0.8034 0.0173
vn -0.6072 -0.7945 0.0070
vn -0.6159 -0.7878 0.0020
vn -0.6205 -0.7842 0.0026
vn -0.3204 -0.1020 0.9418
vn -0.3237 -0.0231 0.9459
vn -0.3328 0.0331 0.9424
vn -0.3640 0.0464 0.9302
vn -0.3898 -0.1670 0.9056
vn -0.4526 -0.2256 0.8627
vn -0.5123 -0.2832 0.8108
vn -0.5660 -0.3433 0.7496
vn -0.5660 -0.3433 0.7495
vn -0.6089 -0.4010 0.6844
vn -0.6402 -0.4567 0.6178
vn -0.6597 -0.5113 0.5508
vn -0.3179 -0.0843 -0.9444
vn -0.3179 -0.0844 -0.9444
vn -0.3903 -0.1528 -0.9079
vn -0.4558 -0.2144 -0.8639
vn -0.5177 -0.2748 -0.8102
vn -0.5732 -0.3378 -0.7465
vn -0.6172 -0.3978 -0.6789
vn -0.6486 -0.4551 -0.6100
vn -0.6679 -0.5105 -0.5416
vn -0.6679 -0.5106 -0.5416
vn -0.3193 -0.0028 -0.9476
vn -0.3275 0.0547 -0.9433
vn -0.3398 0.0990 -0.9353
vn -0.3858 0.0839 -0.9188
vn -0.5288 -0.8424 -0.1034
vn -0.5466 -0.8348 -0.0662
vn -0.5633 -0.8252 -0.0407
vn -0.5798 -0.8145 -0.0215
vn -0.5944 -0.8041 -0.0061
vn -0.6065 -0.7951 0.0037
vn -0.6154 -0.7882 0.0083
vn -0.6203 -0.7843 0.0075
vn -0.5573 -0.8169 -0.1487
vn -0.5847 -0.7879 -0.1931
vn -0.6122 -0.7531 -0.2410
vn -0.6374 -0.7117 -0.2953
vn -0.6575 -0.6659 -0.3524
vn -0.6706 -0.6166 -0.4124
vn -0.6747 -0.5643 -0.4757
vn 0.2328 -0.2300 0.9449
vn 0.2521 -0.1941 0.9480
vn 0.2768 -0.1022 0.9555
vn 0.2029 -0.2194 0.9543
vn 0.2029 -0.2193 0.9543
vn 0.2209 -0.1794 0.9587
vn 0.2684 -0.1058 0.9575
vn 0.1740 -0.2099 0.9621
vn 0.1908 -0.1684 0.9671
vn 0.2087 -0.0967 0.9732
vn 0.1457 -0.2002 0.9689
vn 0.1617 -0.1584 0.9740
vn 0.1966 -0.0956 0.9758
vn 0.1183 -0.1902 0.9746
vn 0.1334 -0.1485 0.9799
vn 0.1500 -0.0625 0.9867
vn 0.0910 -0.1789 0.9796
vn 0.0911 -0.1791 0.9796
vn 0.1054 -0.1371 0.9849
vn 0.1457 -0.0623 0.9874
vn 0.0631 -0.1661 0.9841
vn 0.0628 -0.1657 0.9842
vn 0.0768 -0.1236 0.9894
vn 0.0910 -0.0414 0.9950
vn 0.0330 -0.1508 0.9880
vn 0.0467 -0.1080 0.9931
vn 0.0825 -0.0381 0.9959
vn 0.0030 -0.1344 0.9909
vn 0.0164 -0.0907 0.9957
vn 0.0250 -0.0587 0.9980
vn -0.0276 -0.1161 0.9929
vn -0.0148 -0.0710 0.9974
vn -0.0149 -0.0710 0.9974
vn -0.0063 -0.0189 0.9998
vn -0.0607 -0.0956 0.9936
vn -0.0486 -0.0488 0.9976
vn -0.0347 -0.0048 0.9994
vn -0.0981 -0.0733 0.9925
vn -0.0870 -0.0253 0.9959
vn -0.0871 -0.0253 0.9959
vn -0.0828 0.0126 0.9965
vn -0.0827 0.0126 0.9965
vn -0.1390 -0.0496 0.9891
vn -0.1306 -0.0012 0.9914
vn -0.1312 0.0293 0.9909
vn -0.1854 -0.0252 0.9823
vn -0.1826 0.0215 0.9830
vn -0.1856 0.0518 0.9813
vn -0.1856 0.0517 0.9813
vn 0.2389 -0.2951 0.9251
vn 0.2633 -0.2512 0.9314
vn 0.2842 -0.2195 0.9333
vn 0.3639 -0.1250 0.9230
vn -0.2255 0.0492 0.9730
vn -0.2484 0.0365 0.9680
vn -0.2444 -0.0090 0.9696
vn -0.2502 -0.0735 0.9654
vn -0.2004 -0.0945 0.9751
vn -0.1597 -0.1197 0.9799
vn -0.1196 -0.1401 0.9829
vn -0.0817 -0.1592 0.9839
vn -0.0478 -0.1766 0.9831
vn -0.0166 -0.1924 0.9812
vn 0.0139 -0.2072 0.9782
vn 0.0442 -0.2212 0.9742
vn 0.0440 -0.2214 0.9742
vn 0.0724 -0.2340 0.9695
vn 0.0993 -0.2453 0.9643
vn 0.0993 -0.2454 0.9643
vn 0.1260 -0.2562 0.9584
vn 0.1261 -0.2562 0.9584
vn 0.1537 -0.2667 0.9514
vn 0.1537 -0.2668 0.9514
vn 0.1813 -0.2765 0.9438
vn 0.2094 -0.2829 0.9360
vn -0.1790 -0.0041 -0.9838
vn -0.1758 0.0431 -0.9835
vn -0.1787 0.0762 -0.9809
vn -0.1837 0.0597 -0.9812
vn -0.1327 -0.0294 -0.9907
vn -0.1239 0.0196 -0.9921
vn -0.1227 0.0525 -0.9911
vn -0.1426 0.0503 -0.9885
vn -0.0920 -0.0537 -0.9943
vn -0.0805 -0.0053 -0.9967
vn -0.0763 0.0276 -0.9967
vn -0.0776 0.0306 -0.9965
vn -0.0546 -0.0765 -0.9956
vn -0.0422 -0.0297 -0.9987
vn -0.0364 0.0029 -0.9993
vn -0.0421 0.0137 -0.9990
vn -0.0214 -0.0975 -0.9950
vn -0.0086 -0.0524 -0.9986
vn -0.0013 -0.0203 -0.9998
vn 0.0019 0.0001 -1.0000
vn 0.0019 -0.0000 -1.0000
vn 0.0092 -0.1163 -0.9932
vn 0.0226 -0.0726 -0.9971
vn 0.0311 -0.0408 -0.9987
vn 0.0390 -0.0147 -0.9991
vn 0.0389 -0.0148 -0.9991
vn 0.0393 -0.1328 -0.9904
vn 0.0393 -0.1329 -0.9904
vn 0.0529 -0.0902 -0.9945
vn 0.0624 -0.0586 -0.9963
vn 0.0624 -0.0587 -0.9963
vn 0.0693 -0.0268 -0.9972
vn 0.0692 -0.1480 -0.9866
vn 0.0830 -0.1059 -0.9909
vn 0.0933 -0.0746 -0.9928
vn 0.0930 -0.0744 -0.9929
vn 0.1053 -0.0449 -0.9934
vn 0.0977 -0.1611 -0.9821
vn 0.0977 -0.1616 -0.9820
vn 0.1120 -0.1193 -0.9865
vn 0.1230 -0.0882 -0.9885
vn 0.1228 -0.0882 -0.9885
vn 0.1317 -0.0553 -0.9897
vn 0.1252 -0.1721 -0.9771
vn 0.1403 -0.1303 -0.9815
vn 0.1520 -0.0998 -0.9833
vn 0.1520 -0.0997 -0.9833
vn 0.1800 -0.0491 -0.9824
vn 0.1530 -0.1816 -0.9714
vn 0.1689 -0.1396 -0.9757
vn 0.1815 -0.1095 -0.9773
vn 0.1947 -0.0511 -0.9795
vn 0.1818 -0.1908 -0.9646
vn 0.1818 -0.1908 -0.9647
vn 0.1985 -0.1489 -0.9687
vn 0.2121 -0.1193 -0.9699
vn 0.2515 -0.0561 -0.9662
vn 0.2111 -0.1996 -0.9569
vn 0.2292 -0.1590 -0.9603
vn 0.2440 -0.1307 -0.9609
vn 0.2618 -0.0532 -0.9637
vn 0.2416 -0.2096 -0.9475
vn 0.2610 -0.1728 -0.9497
vn 0.2776 -0.1459 -0.9495
vn 0.2776 -0.1459 -0.9496
vn 0.3928 0.0184 -0.9194
vn 0.3927 0.0184 -0.9195
vn -0.2456 -0.0538 -0.9679
vn -0.2385 0.0123 -0.9711
vn -0.2418 0.0585 -0.9686
vn -0.2497 0.0940 -0.9638
vn -0.2579 0.0660 -0.9639
vn 0.3293 -0.1511 -0.9321
vn 0.2939 -0.1961 -0.9355
vn 0.2724 -0.2292 -0.9345
vn 0.2476 -0.2763 -0.9286
vn 0.2182 -0.2645 -0.9394
vn 0.1894 -0.2585 -0.9473
vn 0.1617 -0.2488 -0.9550
vn 0.1615 -0.2489 -0.9550
vn 0.1336 -0.2386 -0.9619
vn 0.1335 -0.2386 -0.9619
vn 0.1335 -0.2385 -0.9619
vn 0.1062 -0.2279 -0.9679
vn 0.1062 -0.2280 -0.9679
vn 0.0790 -0.2164 -0.9731
vn 0.0791 -0.2164 -0.9731
vn 0.0505 -0.2036 -0.9777
vn 0.0201 -0.1896 -0.9817
vn -0.0104 -0.1748 -0.9845
vn -0.0105 -0.1747 -0.9846
vn -0.0419 -0.1586 -0.9865
vn -0.0761 -0.1410 -0.9871
vn -0.0761 -0.1409 -0.9871
vn -0.1143 -0.1215 -0.9860
vn -0.1546 -0.1008 -0.9828
vn -0.1955 -0.0750 -0.9778
vn -0.4713 -0.8588 0.2009
vn -0.4349 -0.8776 0.2016
vn -0.4019 -0.8933 0.2014
vn -0.4019 -0.8932 0.2014
vn -0.3713 -0.9064 0.2014
vn -0.3433 -0.9174 0.2015
vn -0.3433 -0.9173 0.2016
vn -0.3170 -0.9266 0.2024
vn -0.3171 -0.9265 0.2024
vn -0.2910 -0.9347 0.2043
vn -0.2646 -0.9419 0.2069
vn -0.2647 -0.9419 0.2069
vn -0.2391 -0.9480 0.2100
vn -0.2391 -0.9480 0.2099
vn -0.2142 -0.9531 0.2139
vn -0.1886 -0.9575 0.2183
vn -0.1618 -0.9614 0.2225
vn -0.1338 -0.9649 0.2262
vn -0.1038 -0.9680 0.2283
vn -0.4834 -0.8384 0.2520
vn -0.4414 -0.8598 0.2568
vn -0.4044 -0.8775 0.2576
vn -0.3709 -0.8923 0.2573
vn -0.3406 -0.9045 0.2568
vn -0.3120 -0.9146 0.2572
vn -0.2839 -0.9233 0.2588
vn -0.2839 -0.9232 0.2591
vn -0.2558 -0.9307 0.2616
vn -0.2558 -0.9307 0.2615
vn -0.2285 -0.9369 0.2647
vn -0.2016 -0.9418 0.2689
vn -0.1739 -0.9460 0.2736
vn -0.1447 -0.9497 0.2778
vn -0.1139 -0.9531 0.2803
vn -0.0805 -0.9569 0.2792
vn -0.4954 -0.8135 0.3046
vn -0.4480 -0.8375 0.3128
vn -0.4067 -0.8573 0.3156
vn -0.3699 -0.8737 0.3159
vn -0.3366 -0.8872 0.3156
vn -0.3054 -0.8983 0.3160
vn -0.3054 -0.8982 0.3162
vn -0.2751 -0.9073 0.3179
vn -0.2751 -0.9074 0.3178
vn -0.2449 -0.9151 0.3204
vn -0.2156 -0.9214 0.3233
vn -0.2156 -0.9214 0.3232
vn -0.1864 -0.9265 0.3270
vn -0.1566 -0.9305 0.3312
vn -0.1252 -0.9340 0.3345
vn -0.0918 -0.9377 0.3350
vn -0.0532 -0.9414 0.3331
vn -0.5056 -0.7836 0.3610
vn -0.4531 -0.8107 0.3708
vn -0.4076 -0.8327 0.3749
vn -0.4076 -0.8326 0.3749
vn -0.3674 -0.8506 0.3763
vn -0.3674 -0.8505 0.3763
vn -0.3310 -0.8651 0.3769
vn -0.3310 -0.8651 0.3770
vn -0.2969 -0.8769 0.3780
vn -0.2970 -0.8768 0.3782
vn -0.2642 -0.8864 0.3802
vn -0.2644 -0.8862 0.3804
vn -0.2319 -0.8944 0.3824
vn -0.2319 -0.8944 0.3825
vn -0.2006 -0.9010 0.3847
vn -0.1694 -0.9062 0.3874
vn -0.1374 -0.9104 0.3902
vn -0.1038 -0.9141 0.3921
vn -0.0675 -0.9175 0.3920
vn -0.0217 -0.9203 0.3907
vn -0.5125 -0.7503 0.4177
vn -0.4556 -0.7801 0.4289
vn -0.4062 -0.8037 0.4347
vn -0.3626 -0.8228 0.4377
vn -0.3230 -0.8380 0.4399
vn -0.3230 -0.8379 0.4399
vn -0.3230 -0.8379 0.4400
vn -0.2863 -0.8501 0.4420
vn -0.2512 -0.8600 0.4442
vn -0.2169 -0.8683 0.4460
vn -0.1838 -0.8752 0.4475
vn -0.1508 -0.8808 0.4488
vn -0.1170 -0.8854 0.4498
vn -0.0816 -0.8894 0.4498
vn -0.0420 -0.8925 0.4491
vn 0.0111 -0.8941 0.4478
vn -0.5149 -0.7136 0.4750
vn -0.4543 -0.7459 0.4872
vn -0.4543 -0.7458 0.4872
vn -0.4015 -0.7708 0.4946
vn -0.3548 -0.7904 0.4993
vn -0.3548 -0.7904 0.4994
vn -0.3125 -0.8059 0.5028
vn -0.3125 -0.8060 0.5028
vn -0.2734 -0.8183 0.5056
vn -0.2734 -0.8184 0.5055
vn -0.2362 -0.8285 0.5078
vn -0.2003 -0.8371 0.5091
vn -0.1657 -0.8442 0.5098
vn -0.1657 -0.8442 0.5097
vn -0.1312 -0.8503 0.5096
vn -0.1312 -0.8504 0.5096
vn -0.0960 -0.8555 0.5089
vn -0.0592 -0.8599 0.5070
vn -0.0164 -0.8629 0.5050
vn -0.0164 -0.8630 0.5050
vn 0.0426 -0.8634 0.5027
vn 0.0426 -0.8635 0.5026
vn -0.5116 -0.6736 0.5334
vn -0.4481 -0.7080 0.5458
vn -0.4481 -0.7080 0.5459
vn -0.3927 -0.7340 0.5541
vn -0.3928 -0.7338 0.5543
vn -0.3436 -0.7540 0.5598
vn -0.2992 -0.7698 0.5639
vn -0.2992 -0.7698 0.5638
vn -0.2584 -0.7824 0.5667
vn -0.2584 -0.7823 0.5667
vn -0.2198 -0.7927 0.5686
vn -0.1826 -0.8015 0.5695
vn -0.1826 -0.8014 0.5695
vn -0.1467 -0.8089 0.5694
vn -0.1112 -0.8152 0.5684
vn -0.0751 -0.8207 0.5664
vn -0.0372 -0.8255 0.5632
vn 0.0079 -0.8288 0.5594
vn 0.0079 -0.8289 0.5594
vn 0.0706 -0.8291 0.5546
vn -0.5012 -0.6307 0.5925
vn -0.4363 -0.6668 0.6042
vn -0.3794 -0.6935 0.6125
vn -0.3288 -0.7138 0.6184
vn -0.2833 -0.7296 0.6225
vn -0.2833 -0.7296 0.6224
vn -0.2413 -0.7424 0.6250
vn -0.2019 -0.7530 0.6263
vn -0.1639 -0.7618 0.6267
vn -0.1640 -0.7619 0.6266
vn -0.1273 -0.7693 0.6261
vn -0.0911 -0.7756 0.6246
vn -0.0544 -0.7811 0.6220
vn -0.0544 -0.7811 0.6221
vn -0.0162 -0.7862 0.6178
vn -0.0161 -0.7860 0.6180
vn 0.0298 -0.7901 0.6122
vn 0.0297 -0.7900 0.6124
vn 0.0939 -0.7911 0.6045
vn 0.0940 -0.7910 0.6046
vn -0.4833 -0.5844 0.6519
vn -0.4179 -0.6211 0.6630
vn -0.3605 -0.6474 0.6716
vn -0.3605 -0.6473 0.6716
vn -0.3093 -0.6669 0.6780
vn -0.2631 -0.6821 0.6823
vn -0.2208 -0.6947 0.6846
vn -0.2208 -0.6946 0.6847
vn -0.1809 -0.7052 0.6855
vn -0.1808 -0.7052 0.6856
vn -0.1427 -0.7142 0.6852
vn -0.1059 -0.7217 0.6841
vn -0.1058 -0.7218 0.6840
vn -0.0697 -0.7285 0.6815
vn -0.0333 -0.7346 0.6776
vn -0.0332 -0.7346 0.6777
vn 0.0049 -0.7399 0.6727
vn 0.0494 -0.7456 0.6646
vn 0.1123 -0.7487 0.6533
vn -0.4575 -0.5341 0.7109
vn -0.3930 -0.5702 0.7214
vn -0.3358 -0.5948 0.7304
vn -0.2847 -0.6124 0.7375
vn -0.2385 -0.6261 0.7424
vn -0.1962 -0.6376 0.7449
vn -0.1565 -0.6480 0.7454
vn -0.1184 -0.6573 0.7443
vn -0.0821 -0.6653 0.7420
vn -0.0466 -0.6729 0.7382
vn -0.0467 -0.6730 0.7382
vn -0.0112 -0.6803 0.7329
vn 0.0255 -0.6870 0.7262
vn 0.0670 -0.6944 0.7165
vn 0.1266 -0.7001 0.7027
vn -0.4240 -0.4782 0.7691
vn -0.3616 -0.5126 0.7787
vn -0.3057 -0.5350 0.7876
vn -0.2553 -0.5502 0.7950
vn -0.2097 -0.5619 0.8002
vn -0.1680 -0.5722 0.8027
vn -0.1291 -0.5822 0.8027
vn -0.1291 -0.5822 0.8028
vn -0.0915 -0.5918 0.8009
vn -0.0917 -0.5921 0.8006
vn -0.0564 -0.6007 0.7975
vn -0.0564 -0.6006 0.7975
vn -0.0225 -0.6095 0.7924
vn 0.0111 -0.6187 0.7855
vn 0.0459 -0.6273 0.7774
vn 0.0842 -0.6358 0.7673
vn 0.1381 -0.6437 0.7527
vn -0.3834 -0.4155 0.8249
vn -0.3242 -0.4473 0.8336
vn -0.2705 -0.4673 0.8417
vn -0.2216 -0.4806 0.8485
vn -0.1775 -0.4904 0.8532
vn -0.1372 -0.4996 0.8553
vn -0.0996 -0.5095 0.8547
vn -0.0635 -0.5194 0.8522
vn -0.0635 -0.5194 0.8521
vn -0.0297 -0.5293 0.8479
vn 0.0023 -0.5398 0.8418
vn 0.0337 -0.5508 0.8340
vn 0.0663 -0.5611 0.8251
vn 0.1018 -0.5699 0.8154
vn 0.1480 -0.5793 0.8016
vn -0.3387 -0.3499 0.8734
vn -0.2828 -0.3758 0.8825
vn -0.2318 -0.3922 0.8902
vn -0.1852 -0.4042 0.8957
vn -0.1433 -0.4133 0.8992
vn -0.1433 -0.4133 0.8993
vn -0.1051 -0.4223 0.9003
vn -0.0693 -0.4325 0.8990
vn -0.0693 -0.4324 0.8990
vn -0.0347 -0.4431 0.8958
vn -0.0026 -0.4539 0.8911
vn 0.0273 -0.4655 0.8846
vn 0.0566 -0.4779 0.8766
vn 0.0869 -0.4899 0.8674
vn 0.1192 -0.5003 0.8576
vn 0.1575 -0.5111 0.8449
vn 0.1575 -0.5111 0.8450
vn -0.2911 -0.2787 0.9152
vn -0.2389 -0.2967 0.9246
vn -0.1916 -0.3106 0.9310
vn -0.1480 -0.3227 0.9349
vn -0.1088 -0.3330 0.9366
vn -0.0732 -0.3432 0.9364
vn -0.0393 -0.3541 0.9344
vn -0.0394 -0.3544 0.9343
vn -0.0064 -0.3656 0.9308
vn -0.0065 -0.3657 0.9307
vn 0.0238 -0.3774 0.9257
vn 0.0238 -0.3774 0.9258
vn 0.0521 -0.3895 0.9195
vn 0.0798 -0.4023 0.9120
vn 0.1083 -0.4150 0.9034
vn 0.1373 -0.4272 0.8937
vn 0.1687 -0.4401 0.8820
vn -0.4964 -0.8558 0.1458
vn -0.4613 -0.8748 0.1480
vn -0.4304 -0.8907 0.1467
vn -0.4303 -0.8907 0.1467
vn -0.4006 -0.9043 0.1477
vn -0.4009 -0.9042 0.1475
vn -0.3721 -0.9162 0.1489
vn -0.3722 -0.9161 0.1490
vn -0.3459 -0.9261 0.1505
vn -0.3457 -0.9262 0.1505
vn -0.3210 -0.9347 0.1525
vn -0.3210 -0.9347 0.1524
vn -0.2963 -0.9425 0.1547
vn -0.2964 -0.9425 0.1546
vn -0.2714 -0.9495 0.1572
vn -0.2474 -0.9556 0.1600
vn -0.2473 -0.9556 0.1601
vn -0.2242 -0.9608 0.1630
vn -0.2004 -0.9655 0.1662
vn -0.1753 -0.9699 0.1691
vn -0.1753 -0.9699 0.1693
vn -0.1498 -0.9736 0.1722
vn -0.1235 -0.9765 0.1765
vn -0.0953 -0.9797 0.1762
vn -0.0719 -0.9722 0.2227
vn -0.0439 -0.9618 0.2704
vn -0.0439 -0.9617 0.2704
vn -0.0096 -0.9451 0.3267
vn 0.0290 -0.9207 0.3892
vn 0.0674 -0.8907 0.4496
vn 0.1020 -0.8576 0.5041
vn 0.1300 -0.8240 0.5515
vn 0.1510 -0.7889 0.5956
vn 0.1666 -0.7506 0.6394
vn 0.1666 -0.7507 0.6393
vn 0.1786 -0.7057 0.6856
vn 0.1891 -0.6512 0.7350
vn 0.1978 -0.5868 0.7852
vn 0.2037 -0.5174 0.8311
vn 0.2081 -0.4479 0.8695
vn 0.2151 -0.3755 0.9015
vn 0.1843 -0.3643 0.9129
vn 0.1580 -0.3501 0.9233
vn 0.1309 -0.3385 0.9318
vn 0.1033 -0.3267 0.9395
vn 0.0764 -0.3147 0.9461
vn 0.0492 -0.3028 0.9518
vn 0.0492 -0.3027 0.9518
vn 0.0202 -0.2904 0.9567
vn -0.0111 -0.2777 0.9606
vn -0.0428 -0.2650 0.9633
vn -0.0429 -0.2651 0.9633
vn -0.0761 -0.2523 0.9647
vn -0.0758 -0.2518 0.9648
vn -0.1123 -0.2391 0.9645
vn -0.1123 -0.2390 0.9645
vn -0.1527 -0.2240 0.9625
vn -0.1527 -0.2240 0.9626
vn -0.1955 -0.2083 0.9583
vn -0.2423 -0.1957 0.9503
vn -0.2928 -0.1734 0.9403
vn -0.3460 -0.2433 0.9061
vn -0.3974 -0.3034 0.8660
vn -0.4474 -0.3633 0.8172
vn -0.4931 -0.4239 0.7597
vn -0.5301 -0.4798 0.6992
vn -0.5578 -0.5314 0.6376
vn -0.5761 -0.5804 0.5756
vn -0.5849 -0.6271 0.5144
vn -0.5852 -0.6714 0.4547
vn -0.5784 -0.7125 0.3972
vn -0.5660 -0.7506 0.3409
vn -0.5496 -0.7849 0.2861
vn -0.5313 -0.8134 0.2370
vn -0.5129 -0.8367 0.1922
vn -0.0248 -0.9902 -0.1376
vn 0.0293 -0.9818 -0.1874
vn 0.1038 -0.9649 -0.2414
vn 0.1864 -0.9372 -0.2947
vn 0.2643 -0.8952 -0.3589
vn 0.2643 -0.8952 -0.3588
vn 0.3234 -0.8497 -0.4164
vn 0.3682 -0.8043 -0.4665
vn 0.0007 -0.9954 -0.0963
vn 0.0807 -0.9871 -0.1380
vn 0.1835 -0.9604 -0.2095
vn 0.2728 -0.9225 -0.2730
vn 0.3484 -0.8769 -0.3313
vn 0.4102 -0.8249 -0.3889
vn 0.4609 -0.7673 -0.4460
vn 0.0301 -0.9974 -0.0650
vn 0.1263 -0.9861 -0.1080
vn 0.2433 -0.9547 -0.1711
vn 0.3466 -0.9098 -0.2282
vn 0.4314 -0.8574 -0.2807
vn 0.5044 -0.7941 -0.3390
vn 0.5652 -0.7183 -0.4057
vn 0.0510 -0.9980 -0.0363
vn 0.1669 -0.9826 -0.0815
vn 0.3044 -0.9441 -0.1268
vn 0.4255 -0.8905 -0.1611
vn 0.5313 -0.8244 -0.1950
vn 0.6290 -0.7382 -0.2438
vn 0.7059 -0.6346 -0.3148
vn 0.0653 -0.9975 -0.0271
vn 0.2096 -0.9758 -0.0628
vn 0.3705 -0.9251 -0.0837
vn 0.5081 -0.8566 -0.0893
vn 0.6343 -0.7669 -0.0976
vn 0.7495 -0.6499 -0.1257
vn 0.9251 -0.3225 -0.2005
vn 0.0761 -0.9969 -0.0219
vn 0.2558 -0.9654 -0.0510
vn 0.4358 -0.8988 -0.0468
vn 0.5817 -0.8129 -0.0292
vn 0.5816 -0.8129 -0.0292
vn 0.7142 -0.6997 -0.0170
vn 0.9303 -0.3654 0.0306
vn 0.9304 -0.3654 0.0306
vn 0.3123 -0.3473 -0.8842
vn 0.3796 -0.2925 -0.8777
vn 0.5322 -0.2208 -0.8173
vn 0.5321 -0.2208 -0.8174
vn 0.3349 -0.4385 -0.8340
vn 0.4646 -0.3629 -0.8078
vn 0.5818 -0.1858 -0.7919
vn 0.5818 -0.1858 -0.7918
vn 0.3853 -0.5056 -0.7720
vn 0.5302 -0.4451 -0.7217
vn 0.6158 -0.3641 -0.6988
vn 0.6830 -0.1197 -0.7206
vn 0.4339 -0.5690 -0.6986
vn 0.5523 -0.5080 -0.6610
vn 0.6349 -0.4246 -0.6455
vn 0.8354 -0.2998 -0.4606
vn 0.4421 -0.6473 -0.6209
vn 0.5507 -0.5762 -0.6040
vn 0.5507 -0.5761 -0.6040
vn 0.6385 -0.4894 -0.5940
vn 0.7651 -0.1760 -0.6193
vn 0.4274 -0.7086 -0.5615
vn 0.5312 -0.6439 -0.5506
vn 0.6291 -0.5626 -0.5363
vn 0.8499 -0.4980 -0.1720
vn 0.3003 -0.3860 0.8722
vn 0.3075 -0.4780 0.8228
vn 0.3159 -0.5665 0.7611
vn 0.3267 -0.6431 0.6926
vn 0.3375 -0.7015 0.6277
vn 0.3442 -0.7426 0.5745
vn 0.3444 -0.7425 0.5745
vn 0.3423 -0.7746 0.5319
vn 0.3461 -0.3418 0.8737
vn 0.3856 -0.4307 0.8160
vn 0.4309 -0.5169 0.7397
vn 0.4685 -0.5951 0.6530
vn 0.4681 -0.5954 0.6530
vn 0.4888 -0.6555 0.5756
vn 0.4888 -0.6555 0.5757
vn 0.4926 -0.7019 0.5145
vn 0.4854 -0.7395 0.4663
vn 0.5003 -0.2444 0.8306
vn 0.5217 -0.1888 0.8320
vn 0.5672 -0.4349 0.6994
vn 0.7890 -0.5328 0.3059
vn 0.7178 -0.3491 0.6024
vn 0.6278 -0.6295 0.4578
vn 0.6121 -0.6838 0.3973
vn 0.5279 -0.4445 0.7237
vn 0.8222 -0.5546 -0.1283
vn 0.8542 -0.3401 0.3932
vn 0.8542 -0.3401 0.3933
vn -0.0222 -0.9879 0.1533
vn -0.0020 -0.9935 0.1137
vn 0.0148 -0.9963 0.0846
vn 0.0283 -0.9979 0.0581
vn 0.0426 -0.9986 0.0316
vn 0.0580 -0.9983 0.0103
vn 0.0715 -0.9974 -0.0045
vn 0.0284 -0.9781 0.2063
vn 0.0625 -0.9846 0.1631
vn 0.1043 -0.9860 0.1304
vn 0.1721 -0.9793 0.1065
vn 0.2526 -0.9636 0.0874
vn 0.3088 -0.9498 0.0497
vn 0.3216 -0.9469 0.0016
vn 0.0929 -0.9570 0.2747
vn 0.1713 -0.9539 0.2464
vn 0.2821 -0.9335 0.2214
vn 0.3917 -0.9043 0.1696
vn 0.4598 -0.8799 0.1202
vn 0.5002 -0.8628 0.0740
vn 0.5112 -0.8590 0.0277
vn 0.1733 -0.9190 0.3542
vn 0.2937 -0.9019 0.3166
vn 0.4197 -0.8682 0.2647
vn 0.5159 -0.8323 0.2028
vn 0.5822 -0.8001 0.1447
vn 0.6270 -0.7736 0.0915
vn 0.6463 -0.7616 0.0471
vn 0.2459 -0.8758 0.4153
vn 0.3827 -0.8499 0.3623
vn 0.5045 -0.8109 0.2966
vn 0.5983 -0.7681 0.2281
vn 0.6716 -0.7229 0.1627
vn 0.7274 -0.6786 0.1021
vn 0.7600 -0.6477 0.0541
vn 0.2991 -0.8344 0.4630
vn 0.4393 -0.8046 0.3996
vn 0.5592 -0.7620 0.3266
vn 0.6552 -0.7121 0.2522
vn 0.7351 -0.6543 0.1775
vn 0.9222 -0.3843 0.0433
vn 0.8937 -0.3868 0.2272
vn 0.4034 -0.7562 -0.5152
vn 0.5017 -0.7052 -0.5010
vn 0.6066 -0.6384 -0.4739
vn 0.8395 -0.2970 -0.4550
vn 0.3274 -0.8049 0.4949
vn 0.4685 -0.7725 0.4287
vn 0.5901 -0.7255 0.3543
vn 0.5900 -0.7255 0.3543
vn 0.6890 -0.6691 0.2783
vn 0.8776 -0.4330 0.2059
vn 0.8775 -0.4330 0.2059
vn 0.0784 -0.9969 -0.0119
vn 0.2982 -0.9541 -0.0293
vn 0.4875 -0.8731 -0.0091
vn 0.6313 -0.7753 0.0166
vn 0.7568 -0.6527 0.0352
vn 0.9137 -0.3821 -0.1381
vn -0.0761 -0.9881 -0.1338
vn -0.0445 -0.9827 -0.1796
vn -0.0118 -0.9742 -0.2256
vn 0.0288 -0.9598 -0.2793
vn 0.0805 -0.9370 -0.3398
vn 0.0805 -0.9371 -0.3398
vn 0.1385 -0.9079 -0.3956
vn 0.1936 -0.8746 -0.4445
vn 0.2388 -0.8359 -0.4943
vn -0.0675 -0.9930 -0.0965
vn -0.0573 -0.9960 -0.0683
vn -0.0426 -0.9982 -0.0421
vn -0.0234 -0.9995 -0.0216
vn -0.0090 -0.9999 -0.0108
vn -0.0042 -1.0000 -0.0040
vn -0.0042 -1.0000 -0.0041
vn -0.0038 -1.0000 0.0013
vn -0.0039 -1.0000 0.0011
vn 0.2637 -0.3258 -0.9079
vn 0.2978 -0.2748 -0.9142
vn 0.3261 -0.2370 -0.9152
vn 0.3681 -0.1619 -0.9156
vn 0.2635 -0.3994 -0.8781
vn 0.2622 -0.4694 -0.8432
vn 0.2622 -0.4694 -0.8431
vn 0.2597 -0.5440 -0.7979
vn 0.2579 -0.6322 -0.7306
vn 0.2688 -0.6947 -0.6671
vn 0.2688 -0.6948 -0.6671
vn 0.2783 -0.7431 -0.6086
vn 0.2692 -0.7904 -0.5503
vn 0.2562 -0.3481 0.9018
vn 0.2551 -0.4290 0.8665
vn 0.2518 -0.5082 0.8236
vn 0.2473 -0.5842 0.7730
vn 0.2424 -0.6526 0.7179
vn 0.2381 -0.7086 0.6642
vn 0.2334 -0.7515 0.6171
vn 0.2246 -0.7862 0.5758
vn 0.2881 -0.3033 0.9083
vn 0.3147 -0.2677 0.9107
vn 0.3641 -0.1023 0.9257
vn -0.0749 -0.9860 0.1491
vn -0.0749 -0.9860 0.1492
vn -0.0658 -0.9915 0.1120
vn -0.0546 -0.9951 0.0827
vn -0.0415 -0.9974 0.0587
vn -0.0300 -0.9988 0.0386
vn -0.0208 -0.9995 0.0221
vn -0.0131 -0.9999 0.0106
vn -0.0068 -1.0000 0.0049
vn -0.0435 -0.9797 0.1956
vn -0.0079 -0.9688 0.2479
vn 0.0361 -0.9499 0.3105
vn 0.0869 -0.9210 0.3797
vn 0.1370 -0.8858 0.4434
vn 0.1796 -0.8492 0.4966
vn 0.2074 -0.8183 0.5360
vn -0.1046 -0.9713 -0.2136
vn -0.1349 -0.9681 -0.2112
vn -0.1633 -0.9646 -0.2071
vn -0.1904 -0.9606 -0.2027
vn -0.2160 -0.9561 -0.1981
vn -0.2410 -0.9509 -0.1942
vn -0.2664 -0.9447 -0.1911
vn -0.2663 -0.9448 -0.1910
vn -0.2927 -0.9374 -0.1887
vn -0.2927 -0.9374 -0.1886
vn -0.3187 -0.9292 -0.1872
vn -0.3187 -0.9292 -0.1871
vn -0.3450 -0.9198 -0.1867
vn -0.3731 -0.9088 -0.1869
vn -0.3730 -0.9088 -0.1870
vn -0.4036 -0.8955 -0.1875
vn -0.4036 -0.8955 -0.1876
vn -0.4367 -0.8797 -0.1882
vn -0.4732 -0.8606 -0.1881
vn -0.0814 -0.9610 -0.2643
vn -0.1147 -0.9572 -0.2657
vn -0.1459 -0.9538 -0.2627
vn -0.1755 -0.9500 -0.2581
vn -0.2035 -0.9458 -0.2530
vn -0.2306 -0.9407 -0.2487
vn -0.2583 -0.9344 -0.2454
vn -0.2580 -0.9345 -0.2454
vn -0.2860 -0.9269 -0.2431
vn -0.2861 -0.9268 -0.2432
vn -0.3142 -0.9182 -0.2414
vn -0.3142 -0.9180 -0.2418
vn -0.3428 -0.9078 -0.2416
vn -0.3429 -0.9077 -0.2418
vn -0.3732 -0.8954 -0.2429
vn -0.3732 -0.8954 -0.2430
vn -0.4069 -0.8803 -0.2438
vn -0.4441 -0.8622 -0.2436
vn -0.4861 -0.8405 -0.2394
vn -0.0556 -0.9468 -0.3169
vn -0.0920 -0.9425 -0.3212
vn -0.1260 -0.9389 -0.3202
vn -0.1260 -0.9390 -0.3201
vn -0.1580 -0.9354 -0.3164
vn -0.1884 -0.9313 -0.3118
vn -0.2178 -0.9262 -0.3078
vn -0.2473 -0.9198 -0.3048
vn -0.2778 -0.9118 -0.3025
vn -0.2779 -0.9117 -0.3026
vn -0.3083 -0.9024 -0.3010
vn -0.3395 -0.8912 -0.3009
vn -0.3730 -0.8773 -0.3019
vn -0.4100 -0.8605 -0.3023
vn -0.4515 -0.8403 -0.3001
vn -0.4990 -0.8158 -0.2924
vn -0.0277 -0.9273 -0.3732
vn -0.0674 -0.9230 -0.3788
vn -0.1041 -0.9195 -0.3791
vn -0.1385 -0.9159 -0.3767
vn -0.1711 -0.9118 -0.3734
vn -0.1711 -0.9117 -0.3734
vn -0.2028 -0.9065 -0.3704
vn -0.2345 -0.8997 -0.3681
vn -0.2344 -0.8997 -0.3682
vn -0.2671 -0.8915 -0.3659
vn -0.2667 -0.8914 -0.3663
vn -0.3000 -0.8818 -0.3640
vn -0.3002 -0.8816 -0.3642
vn -0.3344 -0.8696 -0.3633
vn -0.3712 -0.8546 -0.3632
vn -0.4117 -0.8362 -0.3624
vn -0.4117 -0.8361 -0.3625
vn -0.4576 -0.8135 -0.3589
vn -0.5102 -0.7859 -0.3494
vn 0.0003 -0.9030 -0.4297
vn -0.0423 -0.8989 -0.4362
vn -0.0813 -0.8951 -0.4383
vn -0.1175 -0.8913 -0.4379
vn -0.1521 -0.8868 -0.4365
vn -0.1857 -0.8811 -0.4350
vn -0.2195 -0.8741 -0.4334
vn -0.2195 -0.8741 -0.4333
vn -0.2542 -0.8655 -0.4316
vn -0.2542 -0.8655 -0.4315
vn -0.2898 -0.8553 -0.4295
vn -0.2900 -0.8551 -0.4297
vn -0.3270 -0.8427 -0.4277
vn -0.3669 -0.8270 -0.4260
vn -0.4109 -0.8075 -0.4233
vn -0.4109 -0.8074 -0.4233
vn -0.4608 -0.7829 -0.4179
vn -0.5181 -0.7523 -0.4070
vn 0.0274 -0.8737 -0.4857
vn 0.0274 -0.8737 -0.4858
vn -0.0175 -0.8697 -0.4933
vn -0.0582 -0.8657 -0.4971
vn -0.0959 -0.8614 -0.4989
vn -0.1319 -0.8562 -0.4995
vn -0.1319 -0.8563 -0.4994
vn -0.1672 -0.8500 -0.4995
vn -0.1672 -0.8501 -0.4994
vn -0.2027 -0.8427 -0.4988
vn -0.2392 -0.8339 -0.4974
vn -0.2392 -0.8339 -0.4973
vn -0.2770 -0.8235 -0.4951
vn -0.2770 -0.8235 -0.4952
vn -0.3167 -0.8107 -0.4924
vn -0.3595 -0.7947 -0.4891
vn -0.3595 -0.7947 -0.4890
vn -0.4068 -0.7744 -0.4845
vn -0.4601 -0.7487 -0.4772
vn -0.5212 -0.7155 -0.4651
vn 0.0530 -0.8389 -0.5417
vn 0.0063 -0.8353 -0.5497
vn -0.0357 -0.8313 -0.5547
vn -0.0356 -0.8312 -0.5549
vn -0.0744 -0.8264 -0.5582
vn -0.0744 -0.8264 -0.5581
vn -0.1115 -0.8208 -0.5602
vn -0.1479 -0.8142 -0.5614
vn -0.1479 -0.8143 -0.5613
vn -0.1846 -0.8068 -0.5613
vn -0.2225 -0.7978 -0.5604
vn -0.2619 -0.7871 -0.5584
vn -0.3036 -0.7742 -0.5554
vn -0.3487 -0.7580 -0.5512
vn -0.3486 -0.7581 -0.5511
vn -0.3985 -0.7375 -0.5452
vn -0.3985 -0.7374 -0.5453
vn -0.4545 -0.7108 -0.5368
vn -0.4545 -0.7107 -0.5369
vn -0.5186 -0.6754 -0.5242
vn 0.0762 -0.7984 -0.5973
vn 0.0286 -0.7955 -0.6053
vn -0.0139 -0.7915 -0.6111
vn -0.0139 -0.7914 -0.6112
vn -0.0532 -0.7863 -0.6156
vn -0.0529 -0.7862 -0.6157
vn -0.0908 -0.7805 -0.6185
vn -0.0908 -0.7806 -0.6184
vn -0.1277 -0.7740 -0.6202
vn -0.1279 -0.7741 -0.6200
vn -0.1655 -0.7664 -0.6207
vn -0.1653 -0.7662 -0.6209
vn -0.2043 -0.7574 -0.6202
vn -0.2043 -0.7573 -0.6202
vn -0.2446 -0.7466 -0.6187
vn -0.2446 -0.7465 -0.6188
vn -0.2875 -0.7335 -0.6159
vn -0.3339 -0.7173 -0.6116
vn -0.3339 -0.7173 -0.6115
vn -0.3854 -0.6967 -0.6051
vn -0.4431 -0.6694 -0.5963
vn -0.5087 -0.6325 -0.5841
vn 0.0972 -0.7514 -0.6527
vn 0.0498 -0.7489 -0.6608
vn 0.0077 -0.7442 -0.6679
vn 0.0077 -0.7443 -0.6678
vn -0.0312 -0.7385 -0.6736
vn -0.0312 -0.7385 -0.6735
vn -0.0686 -0.7321 -0.6777
vn -0.0686 -0.7321 -0.6778
vn -0.1057 -0.7250 -0.6806
vn -0.1057 -0.7251 -0.6805
vn -0.1438 -0.7174 -0.6816
vn -0.1434 -0.7173 -0.6819
vn -0.1826 -0.7081 -0.6821
vn -0.2235 -0.6972 -0.6811
vn -0.2669 -0.6847 -0.6782
vn -0.3141 -0.6693 -0.6733
vn -0.3663 -0.6497 -0.6662
vn -0.4248 -0.6231 -0.6568
vn -0.4909 -0.5856 -0.6450
vn 0.1160 -0.6977 -0.7069
vn 0.0697 -0.6952 -0.7155
vn 0.0292 -0.6893 -0.7239
vn -0.0083 -0.6820 -0.7313
vn -0.0445 -0.6740 -0.7374
vn -0.0445 -0.6741 -0.7373
vn -0.0808 -0.6660 -0.7416
vn -0.1180 -0.6576 -0.7440
vn -0.1177 -0.6578 -0.7440
vn -0.1571 -0.6483 -0.7450
vn -0.1979 -0.6379 -0.7443
vn -0.2413 -0.6264 -0.7412
vn -0.2887 -0.6129 -0.7355
vn -0.3410 -0.5953 -0.7275
vn -0.3994 -0.5707 -0.7175
vn -0.4649 -0.5341 -0.7061
vn 0.1332 -0.6369 -0.7594
vn 0.0891 -0.6341 -0.7681
vn 0.0505 -0.6268 -0.7776
vn 0.0150 -0.6173 -0.7866
vn -0.0192 -0.6072 -0.7943
vn -0.0538 -0.5977 -0.7999
vn -0.0900 -0.5885 -0.8035
vn -0.1283 -0.5788 -0.8053
vn -0.1283 -0.5789 -0.8053
vn -0.1682 -0.5690 -0.8049
vn -0.2111 -0.5590 -0.8018
vn -0.2580 -0.5479 -0.7958
vn -0.3097 -0.5331 -0.7874
vn -0.3670 -0.5109 -0.7774
vn -0.4305 -0.4761 -0.7668
vn 0.1491 -0.5693 -0.8085
vn 0.1079 -0.5659 -0.8174
vn 0.0719 -0.5570 -0.8274
vn 0.0388 -0.5456 -0.8371
vn 0.0068 -0.5335 -0.8458
vn -0.0258 -0.5224 -0.8523
vn -0.0603 -0.5120 -0.8569
vn -0.0602 -0.5121 -0.8568
vn -0.0975 -0.5024 -0.8591
vn -0.0972 -0.5020 -0.8594
vn -0.1358 -0.4925 -0.8597
vn -0.1358 -0.4925 -0.8596
vn -0.1771 -0.4838 -0.8571
vn -0.2226 -0.4747 -0.8516
vn -0.2226 -0.4746 -0.8516
vn -0.2729 -0.4621 -0.8438
vn -0.3279 -0.4425 -0.8347
vn -0.3882 -0.4106 -0.8251
vn 0.1629 -0.4999 -0.8506
vn 0.1260 -0.4932 -0.8607
vn 0.0934 -0.4819 -0.8712
vn 0.0626 -0.4687 -0.8811
vn 0.0329 -0.4553 -0.8897
vn 0.0025 -0.4431 -0.8965
vn 0.0025 -0.4429 -0.8966
vn -0.0301 -0.4318 -0.9015
vn -0.0653 -0.4210 -0.9047
vn -0.0653 -0.4211 -0.9047
vn -0.1020 -0.4113 -0.9058
vn -0.1412 -0.4028 -0.9043
vn -0.1842 -0.3945 -0.9003
vn -0.1842 -0.3945 -0.9002
vn -0.2321 -0.3832 -0.8940
vn -0.2844 -0.3674 -0.8855
vn -0.3415 -0.3417 -0.8756
vn 0.1763 -0.4280 -0.8864
vn 0.1448 -0.4163 -0.8976
vn 0.1154 -0.4030 -0.9079
vn 0.0866 -0.3894 -0.9170
vn 0.0585 -0.3758 -0.9248
vn 0.0585 -0.3758 -0.9249
vn 0.0299 -0.3631 -0.9313
vn -0.0009 -0.3510 -0.9364
vn -0.0010 -0.3517 -0.9361
vn -0.0343 -0.3396 -0.9399
vn -0.0343 -0.3396 -0.9400
vn -0.0686 -0.3286 -0.9420
vn -0.0686 -0.3288 -0.9419
vn -0.1051 -0.3190 -0.9419
vn -0.1451 -0.3093 -0.9398
vn -0.1897 -0.2978 -0.9356
vn -0.2383 -0.2845 -0.9286
vn -0.2916 -0.2671 -0.9185
vn -0.0963 -0.9822 -0.1612
vn -0.1247 -0.9790 -0.1614
vn -0.1512 -0.9760 -0.1569
vn -0.1769 -0.9721 -0.1539
vn -0.2020 -0.9677 -0.1509
vn -0.2257 -0.9629 -0.1479
vn -0.2258 -0.9629 -0.1478
vn -0.2490 -0.9576 -0.1448
vn -0.2490 -0.9576 -0.1449
vn -0.2729 -0.9515 -0.1423
vn -0.2728 -0.9515 -0.1422
vn -0.2979 -0.9443 -0.1398
vn -0.2977 -0.9443 -0.1400
vn -0.3222 -0.9366 -0.1379
vn -0.3223 -0.9365 -0.1379
vn -0.3469 -0.9279 -0.1364
vn -0.3468 -0.9280 -0.1364
vn -0.3730 -0.9179 -0.1352
vn -0.3732 -0.9179 -0.1352
vn -0.4016 -0.9059 -0.1342
vn -0.4016 -0.9060 -0.1340
vn -0.4313 -0.8923 -0.1334
vn -0.4624 -0.8763 -0.1352
vn -0.4975 -0.8572 -0.1332
vn -0.5148 -0.8383 -0.1798
vn -0.5340 -0.8151 -0.2247
vn -0.5533 -0.7866 -0.2741
vn -0.5708 -0.7522 -0.3294
vn -0.5708 -0.7521 -0.3294
vn -0.5840 -0.7139 -0.3863
vn -0.5918 -0.6724 -0.4446
vn -0.5923 -0.6280 -0.5048
vn -0.5923 -0.6280 -0.5049
vn -0.5841 -0.5811 -0.5667
vn -0.5660 -0.5315 -0.6302
vn -0.5660 -0.5315 -0.6301
vn -0.5382 -0.4786 -0.6938
vn -0.5003 -0.4207 -0.7568
vn -0.4530 -0.3574 -0.8168
vn -0.4010 -0.2945 -0.8675
vn -0.3473 -0.2315 -0.9087
vn -0.2913 -0.1581 -0.9435
vn -0.2401 -0.1803 -0.9539
vn -0.1925 -0.1924 -0.9622
vn -0.1926 -0.1924 -0.9622
vn -0.1925 -0.1924 -0.9623
vn -0.1488 -0.2078 -0.9668
vn -0.1079 -0.2226 -0.9689
vn -0.0710 -0.2358 -0.9692
vn -0.0712 -0.2358 -0.9692
vn -0.0374 -0.2483 -0.9680
vn -0.0376 -0.2484 -0.9679
vn -0.0052 -0.2610 -0.9653
vn -0.0052 -0.2609 -0.9654
vn 0.0264 -0.2738 -0.9614
vn 0.0557 -0.2862 -0.9566
vn 0.0833 -0.2984 -0.9508
vn 0.1105 -0.3108 -0.9440
vn 0.1384 -0.3232 -0.9362
vn 0.1661 -0.3354 -0.9273
vn 0.1925 -0.3499 -0.9168
vn 0.2234 -0.3584 -0.9064
vn 0.2234 -0.3584 -0.9065
vn 0.2144 -0.4289 -0.8775
vn 0.2076 -0.4947 -0.8439
vn 0.1987 -0.5627 -0.8024
vn 0.1863 -0.6314 -0.7527
vn 0.1712 -0.6942 -0.6991
vn 0.1531 -0.7509 -0.6424
vn 0.1322 -0.8006 -0.5844
vn 0.1086 -0.8416 -0.5291
vn 0.0802 -0.8771 -0.4735
vn 0.0485 -0.9079 -0.4163
vn 0.0157 -0.9333 -0.3588
vn -0.0165 -0.9528 -0.3030
vn -0.0463 -0.9664 -0.2529
vn -0.0727 -0.9755 -0.2077
vn -0.4656 -0.8839 -0.0435
vn -0.4332 -0.9001 -0.0469
vn -0.4038 -0.9134 -0.0509
vn -0.3763 -0.9249 -0.0550
vn -0.3512 -0.9344 -0.0591
vn -0.3275 -0.9428 -0.0626
vn -0.3042 -0.9504 -0.0654
vn -0.2806 -0.9574 -0.0676
vn -0.2806 -0.9575 -0.0675
vn -0.2581 -0.9636 -0.0691
vn -0.2581 -0.9637 -0.0689
vn -0.2360 -0.9692 -0.0698
vn -0.2360 -0.9692 -0.0699
vn -0.2134 -0.9745 -0.0699
vn -0.1896 -0.9794 -0.0697
vn -0.1646 -0.9839 -0.0691
vn -0.1375 -0.9881 -0.0690
vn -0.4737 -0.8804 -0.0208
vn -0.4386 -0.8984 -0.0224
vn -0.4077 -0.9127 -0.0261
vn -0.3795 -0.9247 -0.0303
vn -0.3539 -0.9346 -0.0347
vn -0.3539 -0.9346 -0.0348
vn -0.3298 -0.9433 -0.0384
vn -0.3062 -0.9511 -0.0412
vn -0.3062 -0.9511 -0.0413
vn -0.2825 -0.9583 -0.0432
vn -0.2826 -0.9583 -0.0430
vn -0.2598 -0.9646 -0.0445
vn -0.2373 -0.9704 -0.0447
vn -0.2143 -0.9758 -0.0441
vn -0.1899 -0.9809 -0.0433
vn -0.1899 -0.9808 -0.0433
vn -0.1637 -0.9856 -0.0429
vn -0.1343 -0.9900 -0.0443
vn -0.4823 -0.8760 -0.0052
vn -0.4448 -0.8956 -0.0061
vn -0.4123 -0.9110 -0.0092
vn -0.3831 -0.9236 -0.0132
vn -0.3567 -0.9341 -0.0174
vn -0.3319 -0.9431 -0.0209
vn -0.3077 -0.9512 -0.0234
vn -0.2837 -0.9586 -0.0252
vn -0.2838 -0.9586 -0.0250
vn -0.2606 -0.9651 -0.0264
vn -0.2605 -0.9651 -0.0260
vn -0.2374 -0.9711 -0.0262
vn -0.2137 -0.9766 -0.0255
vn -0.1884 -0.9818 -0.0246
vn -0.1608 -0.9867 -0.0243
vn -0.1295 -0.9912 -0.0260
vn -0.4906 -0.8714 0.0060
vn -0.4510 -0.8925 0.0047
vn -0.4170 -0.9089 0.0017
vn -0.3867 -0.9222 -0.0020
vn -0.3594 -0.9332 -0.0056
vn -0.3337 -0.9426 -0.0085
vn -0.3089 -0.9510 -0.0106
vn -0.2844 -0.9586 -0.0121
vn -0.2606 -0.9654 -0.0130
vn -0.2367 -0.9715 -0.0130
vn -0.2122 -0.9771 -0.0123
vn -0.1860 -0.9825 -0.0114
vn -0.1572 -0.9875 -0.0108
vn -0.1243 -0.9922 -0.0116
vn -0.4977 -0.8673 0.0117
vn -0.4565 -0.8897 0.0102
vn -0.4212 -0.9069 0.0076
vn -0.3899 -0.9208 0.0045
vn -0.3617 -0.9323 0.0018
vn -0.3352 -0.9421 -0.0004
vn -0.3352 -0.9422 -0.0005
vn -0.3098 -0.9508 -0.0021
vn -0.3099 -0.9508 -0.0020
vn -0.2848 -0.9586 -0.0031
vn -0.2849 -0.9586 -0.0032
vn -0.2603 -0.9655 -0.0040
vn -0.2604 -0.9655 -0.0038
vn -0.2359 -0.9718 -0.0040
vn -0.2106 -0.9776 -0.0035
vn -0.1835 -0.9830 -0.0026
vn -0.1537 -0.9881 -0.0019
vn -0.1194 -0.9928 -0.0020
vn -0.5032 -0.8641 0.0123
vn -0.4608 -0.8874 0.0110
vn -0.4245 -0.9054 0.0091
vn -0.3924 -0.9198 0.0071
vn -0.3634 -0.9316 0.0052
vn -0.3363 -0.9417 0.0038
vn -0.3361 -0.9418 0.0041
vn -0.3104 -0.9506 0.0028
vn -0.3104 -0.9506 0.0027
vn -0.2852 -0.9585 0.0017
vn -0.2850 -0.9585 0.0021
vn -0.2601 -0.9656 0.0015
vn -0.2601 -0.9656 0.0018
vn -0.2350 -0.9720 0.0018
vn -0.2352 -0.9719 0.0014
vn -0.2092 -0.9779 0.0020
vn -0.2092 -0.9779 0.0019
vn -0.1814 -0.9834 0.0026
vn -0.1507 -0.9886 0.0033
vn -0.1154 -0.9933 0.0036
vn -0.5063 -0.8623 0.0083
vn -0.4633 -0.8862 0.0076
vn -0.4263 -0.9046 0.0066
vn -0.4263 -0.9046 0.0067
vn -0.3938 -0.9192 0.0059
vn -0.3937 -0.9192 0.0060
vn -0.3644 -0.9312 0.0049
vn -0.3644 -0.9312 0.0051
vn -0.3368 -0.9416 0.0045
vn -0.3369 -0.9415 0.0045
vn -0.3107 -0.9505 0.0042
vn -0.3103 -0.9506 0.0039
vn -0.2850 -0.9585 0.0041
vn -0.2851 -0.9585 0.0038
vn -0.2599 -0.9656 0.0040
vn -0.2599 -0.9656 0.0039
vn -0.2347 -0.9721 0.0043
vn -0.2349 -0.9720 0.0038
vn -0.2083 -0.9781 0.0043
vn -0.1802 -0.9836 0.0047
vn -0.1803 -0.9836 0.0045
vn -0.1488 -0.9889 0.0052
vn -0.1489 -0.9888 0.0052
vn -0.1129 -0.9936 0.0059
vn -0.5065 -0.8622 0.0010
vn -0.4634 -0.8861 0.0013
vn -0.4635 -0.8861 0.0014
vn -0.4264 -0.9045 0.0018
vn -0.4264 -0.9045 0.0017
vn -0.3938 -0.9192 0.0023
vn -0.3940 -0.9191 0.0022
vn -0.3643 -0.9313 0.0032
vn -0.3644 -0.9312 0.0028
vn -0.3369 -0.9415 0.0032
vn -0.3109 -0.9504 0.0039
vn -0.3107 -0.9505 0.0036
vn -0.2849 -0.9586 0.0043
vn -0.2599 -0.9656 0.0041
vn -0.2599 -0.9656 0.0042
vn -0.2348 -0.9720 0.0041
vn -0.2345 -0.9721 0.0044
vn -0.2082 -0.9781 0.0046
vn -0.2082 -0.9781 0.0047
vn -0.1800 -0.9837 0.0049
vn -0.1800 -0.9837 0.0050
vn -0.1489 -0.9888 0.0053
vn -0.1487 -0.9889 0.0051
vn -0.1125 -0.9936 0.0057
vn -0.5036 -0.8639 -0.0028
vn -0.4612 -0.8873 -0.0020
vn -0.4247 -0.9053 -0.0004
vn -0.4247 -0.9053 -0.0003
vn -0.3925 -0.9197 0.0013
vn -0.3635 -0.9316 0.0029
vn -0.3364 -0.9417 0.0042
vn -0.3364 -0.9417 0.0041
vn -0.3104 -0.9506 0.0052
vn -0.2849 -0.9585 0.0062
vn -0.2849 -0.9585 0.0061
vn -0.2600 -0.9656 0.0069
vn -0.2600 -0.9656 0.0068
vn -0.2349 -0.9720 0.0071
vn -0.2348 -0.9720 0.0071
vn -0.2089 -0.9779 0.0073
vn -0.1810 -0.9835 0.0073
vn -0.1810 -0.9835 0.0072
vn -0.1502 -0.9886 0.0073
vn -0.1145 -0.9934 0.0078
vn -0.4983 -0.8670 -0.0018
vn -0.4984 -0.8670 -0.0018
vn -0.4571 -0.8894 -0.0008
vn -0.4216 -0.9068 0.0015
vn -0.3902 -0.9207 0.0042
vn -0.3618 -0.9322 0.0068
vn -0.3353 -0.9421 0.0089
vn -0.3097 -0.9508 0.0106
vn -0.3097 -0.9508 0.0105
vn -0.2846 -0.9586 0.0116
vn -0.2847 -0.9585 0.0119
vn -0.2600 -0.9655 0.0127
vn -0.2601 -0.9655 0.0127
vn -0.2355 -0.9718 0.0131
vn -0.2101 -0.9776 0.0131
vn -0.1829 -0.9830 0.0129
vn -0.1529 -0.9882 0.0129
vn -0.1183 -0.9929 0.0137
vn -0.4913 -0.8710 0.0043
vn -0.4516 -0.8922 0.0052
vn -0.4174 -0.9087 0.0079
vn -0.3870 -0.9220 0.0113
vn -0.3595 -0.9330 0.0146
vn -0.3595 -0.9330 0.0148
vn -0.3337 -0.9425 0.0176
vn -0.3088 -0.9509 0.0198
vn -0.3088 -0.9509 0.0197
vn -0.2841 -0.9586 0.0214
vn -0.2842 -0.9585 0.0214
vn -0.2601 -0.9653 0.0225
vn -0.2601 -0.9653 0.0224
vn -0.2363 -0.9714 0.0228
vn -0.2362 -0.9714 0.0228
vn -0.2115 -0.9771 0.0225
vn -0.2115 -0.9771 0.0227
vn -0.1852 -0.9824 0.0223
vn -0.1562 -0.9875 0.0224
vn -0.1231 -0.9921 0.0240
vn -0.4831 -0.8754 0.0162
vn -0.4454 -0.8952 0.0168
vn -0.4128 -0.9106 0.0195
vn -0.3834 -0.9233 0.0233
vn -0.3568 -0.9338 0.0273
vn -0.3318 -0.9429 0.0307
vn -0.3075 -0.9510 0.0333
vn -0.2833 -0.9584 0.0351
vn -0.2833 -0.9584 0.0353
vn -0.2599 -0.9649 0.0365
vn -0.2599 -0.9649 0.0370
vn -0.2368 -0.9709 0.0367
vn -0.2366 -0.9709 0.0369
vn -0.2128 -0.9764 0.0366
vn -0.1873 -0.9816 0.0363
vn -0.1595 -0.9865 0.0367
vn -0.1281 -0.9910 0.0391
vn -0.4743 -0.8798 0.0325
vn -0.4391 -0.8978 0.0338
vn -0.4080 -0.9122 0.0372
vn -0.3796 -0.9242 0.0413
vn -0.3539 -0.9342 0.0456
vn -0.3296 -0.9428 0.0493
vn -0.3058 -0.9507 0.0522
vn -0.2819 -0.9579 0.0545
vn -0.2818 -0.9579 0.0544
vn -0.2590 -0.9643 0.0558
vn -0.2364 -0.9700 0.0564
vn -0.2133 -0.9754 0.0562
vn -0.1887 -0.9804 0.0560
vn -0.1622 -0.9852 0.0561
vn -0.1327 -0.9894 0.0582
vn -0.4659 -0.8831 0.0558
vn -0.4333 -0.8993 0.0591
vn -0.4039 -0.9126 0.0630
vn -0.3762 -0.9241 0.0670
vn -0.3510 -0.9337 0.0711
vn -0.3271 -0.9420 0.0747
vn -0.3271 -0.9420 0.0746
vn -0.3036 -0.9496 0.0775
vn -0.2799 -0.9567 0.0800
vn -0.2801 -0.9567 0.0795
vn -0.2571 -0.9629 0.0817
vn -0.2573 -0.9629 0.0820
vn -0.2348 -0.9685 0.0828
vn -0.2121 -0.9737 0.0832
vn -0.1882 -0.9786 0.0834
vn -0.1631 -0.9831 0.0833
vn -0.1358 -0.9872 0.0838
vn -0.4932 -0.8664 -0.0774
vn -0.4932 -0.8665 -0.0774
vn -0.4596 -0.8846 -0.0786
vn -0.4301 -0.8989 -0.0836
vn -0.4015 -0.9118 -0.0866
vn -0.4015 -0.9117 -0.0866
vn -0.3740 -0.9231 -0.0896
vn -0.3489 -0.9326 -0.0925
vn -0.3251 -0.9409 -0.0953
vn -0.3015 -0.9484 -0.0978
vn -0.2776 -0.9555 -0.1000
vn -0.2777 -0.9554 -0.1003
vn -0.2548 -0.9616 -0.1021
vn -0.2324 -0.9670 -0.1040
vn -0.2325 -0.9670 -0.1038
vn -0.2099 -0.9720 -0.1054
vn -0.2100 -0.9720 -0.1051
vn -0.1858 -0.9768 -0.1063
vn -0.1613 -0.9811 -0.1073
vn -0.1613 -0.9811 -0.1071
vn -0.1368 -0.9850 -0.1055
vn -0.1089 -0.9883 -0.1070
vn -0.1058 -0.9916 -0.0744
vn -0.0996 -0.9937 -0.0510
vn -0.0923 -0.9952 -0.0319
vn -0.0845 -0.9963 -0.0151
vn -0.0757 -0.9971 -0.0016
vn -0.0676 -0.9977 0.0036
vn -0.0635 -0.9980 0.0056
vn -0.0635 -0.9980 0.0070
vn -0.0669 -0.9977 0.0095
vn -0.0733 -0.9972 0.0164
vn -0.0815 -0.9963 0.0282
vn -0.0901 -0.9949 0.0452
vn -0.0979 -0.9930 0.0656
vn -0.1041 -0.9905 0.0897
vn -0.1040 -0.9905 0.0897
vn -0.1073 -0.9866 0.1225
vn -0.1073 -0.9867 0.1225
vn -0.1352 -0.9834 0.1208
vn -0.1597 -0.9796 0.1221
vn -0.1842 -0.9754 0.1211
vn -0.2083 -0.9707 0.1200
vn -0.2082 -0.9707 0.1196
vn -0.2311 -0.9658 0.1178
vn -0.2311 -0.9658 0.1179
vn -0.2535 -0.9604 0.1160
vn -0.2765 -0.9542 0.1138
vn -0.2765 -0.9543 0.1138
vn -0.3003 -0.9473 0.1114
vn -0.3004 -0.9473 0.1113
vn -0.3243 -0.9397 0.1086
vn -0.3483 -0.9314 0.1057
vn -0.3735 -0.9219 0.1026
vn -0.4011 -0.9106 0.0996
vn -0.4298 -0.8977 0.0965
vn -0.4595 -0.8834 0.0915
vn -0.4931 -0.8653 0.0903
vn -0.5036 -0.8620 0.0585
vn -0.5155 -0.8561 0.0369
vn -0.5276 -0.8492 0.0204
vn -0.5387 -0.8425 0.0074
vn -0.5478 -0.8366 0.0001
vn -0.5546 -0.8321 -0.0019
vn -0.5545 -0.8322 -0.0019
vn -0.5581 -0.8298 0.0013
vn -0.5579 -0.8299 0.0084
vn -0.5579 -0.8298 0.0084
vn -0.5540 -0.8324 0.0118
vn -0.5470 -0.8371 0.0102
vn -0.5378 -0.8431 0.0033
vn -0.5268 -0.8499 -0.0090
vn -0.5149 -0.8569 -0.0250
vn -0.5032 -0.8629 -0.0460
vn 0.5884 0.8000 -0.1176
vn 0.6277 0.7612 -0.1633
vn 0.6640 0.7171 -0.2117
vn 0.6972 0.6661 -0.2650
vn 0.7238 0.6104 -0.3216
vn 0.7420 0.5507 -0.3824
vn 0.7489 0.4886 -0.4477
vn 0.6147 0.7845 -0.0820
vn 0.6648 0.7370 -0.1218
vn 0.7123 0.6814 -0.1682
vn 0.7551 0.6178 -0.2197
vn 0.7551 0.6177 -0.2197
vn 0.7896 0.5485 -0.2752
vn 0.8131 0.4751 -0.3362
vn 0.8228 0.4013 -0.4025
vn 0.6374 0.7686 -0.0550
vn 0.6960 0.7128 -0.0861
vn 0.7533 0.6455 -0.1258
vn 0.7534 0.6455 -0.1258
vn 0.8051 0.5674 -0.1728
vn 0.8461 0.4832 -0.2250
vn 0.8731 0.3956 -0.2848
vn 0.8833 0.3100 -0.3517
vn 0.6572 0.7529 -0.0337
vn 0.7225 0.6891 -0.0568
vn 0.7874 0.6101 -0.0877
vn 0.8459 0.5180 -0.1268
vn 0.8915 0.4187 -0.1730
vn 0.9201 0.3166 -0.2308
vn 0.9297 0.2180 -0.2969
vn 0.6734 0.7390 -0.0185
vn 0.7438 0.6676 -0.0345
vn 0.8136 0.5787 -0.0565
vn 0.8756 0.4754 -0.0858
vn 0.9243 0.3615 -0.1227
vn 0.6851 0.7284 -0.0087
vn 0.7590 0.6509 -0.0178
vn 0.8312 0.5551 -0.0306
vn 0.8949 0.4437 -0.0484
vn 0.9463 0.3149 -0.0728
vn 0.4110 0.0710 -0.9089
vn 0.4274 -0.0083 -0.9040
vn 0.4440 -0.0662 -0.8936
vn 0.4943 0.1297 -0.8595
vn 0.5240 0.0365 -0.8509
vn 0.5470 -0.0443 -0.8360
vn 0.5666 -0.1071 -0.8170
vn 0.5682 0.1879 -0.8011
vn 0.6128 0.0891 -0.7852
vn 0.6466 -0.0048 -0.7628
vn 0.6710 -0.0875 -0.7363
vn 0.6327 0.2477 -0.7337
vn 0.6892 0.1457 -0.7098
vn 0.7331 0.0428 -0.6787
vn 0.7628 -0.0546 -0.6443
vn 0.6837 0.3068 -0.6622
vn 0.7490 0.2040 -0.6304
vn 0.8004 0.0971 -0.5915
vn 0.8345 -0.0092 -0.5509
vn 0.7204 0.3665 -0.5888
vn 0.7916 0.2663 -0.5499
vn 0.8481 0.1611 -0.5047
vn 0.8872 0.0532 -0.4583
vn 0.4097 0.0530 0.9107
vn 0.4963 0.1150 0.8605
vn 0.5730 0.1766 0.8003
vn 0.6395 0.2394 0.7305
vn 0.6916 0.3012 0.6565
vn 0.7287 0.3629 0.5808
vn 0.7286 0.3629 0.5808
vn 0.7500 0.4252 0.5066
vn 0.4247 -0.0279 0.9049
vn 0.5241 0.0188 0.8515
vn 0.6160 0.0745 0.7842
vn 0.6948 0.1343 0.7065
vn 0.7560 0.1956 0.6246
vn 0.7990 0.2607 0.5418
vn 0.8232 0.3288 0.4628
vn 0.4401 -0.0898 0.8934
vn 0.5461 -0.0626 0.8354
vn 0.6478 -0.0220 0.7615
vn 0.7369 0.0289 0.6754
vn 0.8058 0.0864 0.5859
vn 0.8542 0.1534 0.4968
vn 0.8815 0.2279 0.4135
vn 0.4561 -0.1357 0.8795
vn 0.5642 -0.1280 0.8157
vn 0.6700 -0.1065 0.7346
vn 0.7641 -0.0708 0.6413
vn 0.8369 -0.0222 0.5468
vn 0.8370 -0.0222 0.5468
vn 0.8912 0.0434 0.4516
vn 0.9233 0.1269 0.3626
vn 0.9233 0.1268 0.3625
vn 0.9120 -0.0622 0.4054
vn 0.9504 0.0200 0.3103
vn 0.5892 0.8012 0.1050
vn 0.6149 0.7856 0.0696
vn 0.6371 0.7695 0.0430
vn 0.6372 0.7695 0.0430
vn 0.6568 0.7538 0.0222
vn 0.6729 0.7397 0.0075
vn 0.6847 0.7288 -0.0019
vn 0.6912 0.7226 -0.0057
vn 0.6294 0.7623 0.1508
vn 0.6659 0.7380 0.1093
vn 0.6965 0.7138 0.0739
vn 0.7225 0.6899 0.0451
vn 0.7436 0.6683 0.0233
vn 0.7587 0.6514 0.0070
vn 0.7588 0.6513 0.0070
vn 0.7669 0.6418 -0.0031
vn 0.6668 0.7180 0.1994
vn 0.7144 0.6822 0.1558
vn 0.7547 0.6461 0.1137
vn 0.7882 0.6107 0.0759
vn 0.8139 0.5792 0.0453
vn 0.8313 0.5554 0.0198
vn 0.8401 0.5424 0.0009
vn 0.7011 0.6667 0.2529
vn 0.7583 0.6179 0.2076
vn 0.8076 0.5673 0.1608
vn 0.8477 0.5179 0.1151
vn 0.8767 0.4752 0.0748
vn 0.8954 0.4436 0.0379
vn 0.9045 0.4263 0.0069
vn 0.7290 0.6104 0.3100
vn 0.7289 0.6104 0.3100
vn 0.7940 0.5479 0.2634
vn 0.8497 0.4821 0.2133
vn 0.8936 0.4188 0.1616
vn 0.9258 0.3610 0.1118
vn 0.9472 0.3146 0.0620
vn 0.9573 0.2888 0.0161
vn 0.7482 0.5499 0.3714
vn 0.7481 0.5499 0.3714
vn 0.8187 0.4734 0.3250
vn 0.8777 0.3932 0.2738
vn 0.9232 0.3157 0.2191
vn 0.9569 0.2404 0.1628
vn 0.7423 0.4273 -0.5162
vn 0.8161 0.3326 -0.4726
vn 0.8756 0.2332 -0.4231
vn 0.8756 0.2331 -0.4231
vn 0.9191 0.1306 -0.3718
vn 0.7561 0.4869 0.4374
vn 0.8292 0.3985 0.3921
vn 0.8292 0.3985 0.3920
vn 0.8887 0.3061 0.3414
vn 0.9334 0.2153 0.2871
vn 0.9658 0.1234 0.2280
vn 0.6914 0.7225 -0.0047
vn 0.7670 0.6416 -0.0074
vn 0.8402 0.5422 -0.0113
vn 0.9044 0.4264 -0.0171
vn 0.9570 0.2891 -0.0256
vn 0.5281 0.8413 -0.1155
vn 0.5557 0.8156 -0.1613
vn 0.5822 0.7866 -0.2054
vn 0.6087 0.7520 -0.2529
vn 0.6328 0.7110 -0.3068
vn 0.6518 0.6657 -0.3634
vn 0.6638 0.6170 -0.4228
vn 0.6670 0.5651 -0.4855
vn 0.5463 0.8340 -0.0778
vn 0.5634 0.8245 -0.0526
vn 0.5802 0.8138 -0.0331
vn 0.5949 0.8036 -0.0172
vn 0.6069 0.7947 -0.0070
vn 0.6156 0.7880 -0.0021
vn 0.6203 0.7844 -0.0026
vn 0.3196 0.1002 -0.9422
vn 0.3219 0.0203 -0.9466
vn 0.3316 -0.0342 -0.9428
vn 0.3655 -0.0454 -0.9297
vn 0.3902 0.1681 -0.9053
vn 0.4527 0.2263 -0.8625
vn 0.5121 0.2834 -0.8109
vn 0.5658 0.3437 -0.7495
vn 0.6087 0.4015 -0.6843
vn 0.6399 0.4571 -0.6177
vn 0.6594 0.5118 -0.5507
vn 0.3171 0.0822 0.9448
vn 0.3909 0.1541 0.9074
vn 0.4560 0.2153 0.8636
vn 0.5176 0.2751 0.8102
vn 0.5731 0.3384 0.7464
vn 0.6170 0.3984 0.6787
vn 0.6484 0.4557 0.6098
vn 0.6675 0.5112 0.5413
vn 0.3172 -0.0006 0.9484
vn 0.3263 -0.0560 0.9436
vn 0.3388 -0.0993 0.9356
vn 0.3873 -0.0832 0.9182
vn 0.5287 0.8426 0.1028
vn 0.5462 0.8351 0.0652
vn 0.5630 0.8255 0.0403
vn 0.5796 0.8146 0.0214
vn 0.5942 0.8043 0.0061
vn 0.6063 0.7952 -0.0037
vn 0.6063 0.7953 -0.0037
vn 0.6151 0.7884 -0.0082
vn 0.6200 0.7846 -0.0075
vn 0.5572 0.8169 0.1489
vn 0.5846 0.7880 0.1931
vn 0.6121 0.7533 0.2407
vn 0.6372 0.7120 0.2950
vn 0.6573 0.6663 0.3522
vn 0.6703 0.6171 0.4121
vn 0.6744 0.5649 0.4755
vn -0.2330 0.2294 -0.9450
vn -0.2516 0.1955 -0.9479
vn -0.2765 0.1018 -0.9556
vn -0.2030 0.2189 -0.9544
vn -0.2205 0.1805 -0.9585
vn -0.2685 0.1052 -0.9575
vn -0.1741 0.2095 -0.9622
vn -0.1906 0.1690 -0.9670
vn -0.2087 0.0964 -0.9732
vn -0.1458 0.1999 -0.9689
vn -0.1615 0.1592 -0.9739
vn -0.1967 0.0953 -0.9758
vn -0.1184 0.1900 -0.9746
vn -0.1184 0.1901 -0.9746
vn -0.1332 0.1494 -0.9798
vn -0.1501 0.0622 -0.9867
vn -0.0911 0.1788 -0.9797
vn -0.0911 0.1787 -0.9797
vn -0.1051 0.1381 -0.9848
vn -0.1457 0.0620 -0.9874
vn -0.0629 0.1656 -0.9842
vn -0.0769 0.1241 -0.9893
vn -0.0769 0.1242 -0.9893
vn -0.0911 0.0410 -0.9950
vn -0.0331 0.1505 -0.9881
vn -0.0465 0.1084 -0.9930
vn -0.0826 0.0376 -0.9959
vn -0.0031 0.1341 -0.9910
vn -0.0163 0.0908 -0.9957
vn -0.0247 0.0591 -0.9979
vn 0.0275 0.1157 -0.9929
vn 0.0147 0.0710 -0.9974
vn 0.0062 0.0186 -0.9998
vn 0.0606 0.0951 -0.9936
vn 0.0486 0.0488 -0.9976
vn 0.0346 0.0047 -0.9994
vn 0.0345 0.0046 -0.9994
vn 0.0979 0.0729 -0.9925
vn 0.0870 0.0252 -0.9959
vn 0.0827 -0.0127 -0.9965
vn 0.1388 0.0491 -0.9891
vn 0.1305 0.0009 -0.9914
vn 0.1311 -0.0293 -0.9909
vn 0.1851 0.0245 -0.9824
vn 0.1824 -0.0219 -0.9830
vn 0.1854 -0.0518 -0.9813
vn -0.2396 0.2933 -0.9255
vn -0.2636 0.2498 -0.9317
vn -0.2831 0.2217 -0.9331
vn -0.3646 0.1229 -0.9230
vn 0.2245 -0.0494 -0.9732
vn 0.2479 -0.0369 -0.9681
vn 0.2434 0.0076 -0.9699
vn 0.2492 0.0708 -0.9659
vn 0.1995 0.0924 -0.9755
vn 0.1994 0.0924 -0.9756
vn 0.1592 0.1187 -0.9801
vn 0.1193 0.1393 -0.9830
vn 0.0814 0.1585 -0.9840
vn 0.0475 0.1760 -0.9832
vn 0.0164 0.1920 -0.9813
vn 0.0167 0.1917 -0.9813
vn -0.0141 0.2067 -0.9783
vn -0.0443 0.2209 -0.9743
vn -0.0725 0.2335 -0.9696
vn -0.0725 0.2335 -0.9697
vn -0.0995 0.2449 -0.9644
vn -0.0995 0.2450 -0.9644
vn -0.1264 0.2557 -0.9585
vn -0.1263 0.2557 -0.9585
vn -0.1539 0.2661 -0.9516
vn -0.1815 0.2758 -0.9439
vn -0.2098 0.2815 -0.9363
vn 0.1787 0.0033 0.9839
vn 0.1756 -0.0433 0.9835
vn 0.1785 -0.0762 0.9810
vn 0.1832 -0.0595 0.9813
vn 0.1325 0.0288 0.9908
vn 0.1238 -0.0198 0.9921
vn 0.1226 -0.0527 0.9911
vn 0.1428 -0.0503 0.9885
vn 0.0918 0.0531 0.9944
vn 0.0804 0.0051 0.9967
vn 0.0762 -0.0277 0.9967
vn 0.0774 -0.0305 0.9965
vn 0.0545 0.0760 0.9956
vn 0.0421 0.0295 0.9987
vn 0.0363 -0.0030 0.9993
vn 0.0422 -0.0137 0.9990
vn 0.0213 0.0972 0.9950
vn 0.0085 0.0523 0.9986
vn 0.0013 0.0202 0.9998
vn -0.0019 -0.0000 1.0000
vn -0.0093 0.1160 0.9932
vn -0.0093 0.1161 0.9932
vn -0.0227 0.0725 0.9971
vn -0.0311 0.0408 0.9987
vn -0.0389 0.0147 0.9991
vn -0.0389 0.0148 0.9991
vn -0.0394 0.1327 0.9904
vn -0.0394 0.1328 0.9904
vn -0.0530 0.0901 0.9945
vn -0.0624 0.0587 0.9963
vn -0.0693 0.0268 0.9972
vn -0.0693 0.1477 0.9866
vn -0.0831 0.1058 0.9909
vn -0.0831 0.1057 0.9909
vn -0.0931 0.0746 0.9929
vn -0.1053 0.0448 0.9934
vn -0.0978 0.1608 0.9821
vn -0.1121 0.1194 0.9865
vn -0.1120 0.1193 0.9865
vn -0.1228 0.0884 0.9885
vn -0.1316 0.0552 0.9898
vn -0.1316 0.0553 0.9898
vn -0.1253 0.1718 0.9771
vn -0.1252 0.1721 0.9771
vn -0.1403 0.1302 0.9815
vn -0.1519 0.1000 0.9833
vn -0.1801 0.0489 0.9824
vn -0.1531 0.1813 0.9714
vn -0.1689 0.1395 0.9757
vn -0.1813 0.1100 0.9773
vn -0.1947 0.0510 0.9795
vn -0.1819 0.1904 0.9647
vn -0.1986 0.1486 0.9687
vn -0.2118 0.1201 0.9699
vn -0.2517 0.0557 0.9662
vn -0.2112 0.1991 0.9570
vn -0.2292 0.1588 0.9603
vn -0.2431 0.1324 0.9609
vn -0.2602 0.0535 0.9641
vn -0.2418 0.2090 0.9476
vn -0.2610 0.1725 0.9498
vn -0.2763 0.1493 0.9494
vn -0.3935 -0.0272 0.9189
vn 0.2444 0.0506 0.9684
vn 0.2373 -0.0140 0.9713
vn 0.2412 -0.0590 0.9687
vn 0.2493 -0.0936 0.9639
vn 0.2573 -0.0662 0.9641
vn -0.3294 0.1509 0.9321
vn -0.2938 0.1957 0.9356
vn -0.2726 0.2278 0.9348
vn -0.2484 0.2742 0.9290
vn -0.2187 0.2629 0.9397
vn -0.1897 0.2577 0.9474
vn -0.1617 0.2482 0.9551
vn -0.1337 0.2379 0.9620
vn -0.1336 0.2377 0.9621
vn -0.1065 0.2273 0.9680
vn -0.1067 0.2273 0.9680
vn -0.0792 0.2160 0.9732
vn -0.0507 0.2032 0.9778
vn -0.0203 0.1890 0.9818
vn 0.0103 0.1741 0.9847
vn 0.0416 0.1581 0.9865
vn 0.0416 0.1580 0.9866
vn 0.0758 0.1401 0.9872
vn 0.1138 0.1206 0.9862
vn 0.1540 0.0996 0.9830
vn 0.1943 0.0726 0.9783
vn 0.4713 0.8588 -0.2009
vn 0.4349 0.8777 -0.2014
vn 0.4019 0.8933 -0.2012
vn 0.3713 0.9064 -0.2012
vn 0.3433 0.9174 -0.2013
vn 0.3172 0.9265 -0.2024
vn 0.3170 0.9266 -0.2022
vn 0.2910 0.9347 -0.2042
vn 0.2910 0.9348 -0.2038
vn 0.2646 0.9420 -0.2066
vn 0.2392 0.9480 -0.2098
vn 0.2392 0.9480 -0.2099
vn 0.2142 0.9531 -0.2137
vn 0.1887 0.9575 -0.2181
vn 0.1619 0.9614 -0.2224
vn 0.1338 0.9649 -0.2262
vn 0.1338 0.9648 -0.2262
vn 0.1038 0.9680 -0.2285
vn 0.4833 0.8385 -0.2518
vn 0.4833 0.8385 -0.2517
vn 0.4414 0.8599 -0.2565
vn 0.4044 0.8776 -0.2574
vn 0.3709 0.8924 -0.2571
vn 0.3406 0.9045 -0.2565
vn 0.3406 0.9046 -0.2565
vn 0.3120 0.9147 -0.2569
vn 0.3120 0.9147 -0.2568
vn 0.2840 0.9233 -0.2586
vn 0.2840 0.9233 -0.2585
vn 0.2559 0.9307 -0.2612
vn 0.2286 0.9369 -0.2644
vn 0.2016 0.9419 -0.2686
vn 0.1739 0.9460 -0.2735
vn 0.1447 0.9497 -0.2778
vn 0.1139 0.9532 -0.2802
vn 0.0805 0.9569 -0.2792
vn 0.0805 0.9568 -0.2792
vn 0.4953 0.8136 -0.3045
vn 0.4480 0.8376 -0.3127
vn 0.4067 0.8574 -0.3155
vn 0.3699 0.8738 -0.3156
vn 0.3366 0.8873 -0.3154
vn 0.3366 0.8873 -0.3153
vn 0.3054 0.8983 -0.3159
vn 0.3055 0.8983 -0.3157
vn 0.2752 0.9074 -0.3176
vn 0.2756 0.9073 -0.3176
vn 0.2450 0.9151 -0.3201
vn 0.2450 0.9152 -0.3201
vn 0.2156 0.9215 -0.3230
vn 0.1865 0.9265 -0.3268
vn 0.1567 0.9305 -0.3311
vn 0.1252 0.9341 -0.3343
vn 0.0919 0.9378 -0.3348
vn 0.0534 0.9414 -0.3329
vn 0.5054 0.7838 -0.3610
vn 0.4531 0.8107 -0.3707
vn 0.4076 0.8327 -0.3748
vn 0.3674 0.8506 -0.3761
vn 0.3310 0.8652 -0.3767
vn 0.2971 0.8769 -0.3780
vn 0.2642 0.8864 -0.3800
vn 0.2319 0.8944 -0.3824
vn 0.2320 0.8945 -0.3822
vn 0.2006 0.9011 -0.3845
vn 0.1694 0.9063 -0.3872
vn 0.1694 0.9063 -0.3873
vn 0.1375 0.9104 -0.3901
vn 0.1038 0.9141 -0.3921
vn 0.1038 0.9140 -0.3921
vn 0.0676 0.9176 -0.3917
vn 0.0219 0.9204 -0.3904
vn 0.5123 0.7504 -0.4177
vn 0.4555 0.7801 -0.4289
vn 0.4062 0.8038 -0.4346
vn 0.3626 0.8228 -0.4376
vn 0.3230 0.8380 -0.4397
vn 0.2864 0.8501 -0.4419
vn 0.2512 0.8600 -0.4441
vn 0.2169 0.8684 -0.4460
vn 0.2169 0.8684 -0.4459
vn 0.1838 0.8753 -0.4474
vn 0.1838 0.8752 -0.4474
vn 0.1508 0.8809 -0.4486
vn 0.1170 0.8855 -0.4497
vn 0.0817 0.8895 -0.4496
vn 0.0422 0.8927 -0.4487
vn -0.0109 0.8942 -0.4475
vn 0.5147 0.7138 -0.4749
vn 0.4542 0.7460 -0.4871
vn 0.4014 0.7709 -0.4945
vn 0.3548 0.7905 -0.4993
vn 0.3125 0.8059 -0.5029
vn 0.3125 0.8059 -0.5028
vn 0.2734 0.8183 -0.5056
vn 0.2362 0.8284 -0.5079
vn 0.2362 0.8285 -0.5078
vn 0.2003 0.8370 -0.5092
vn 0.1656 0.8442 -0.5098
vn 0.1312 0.8503 -0.5097
vn 0.0961 0.8555 -0.5088
vn 0.0960 0.8555 -0.5089
vn 0.0593 0.8600 -0.5069
vn 0.0166 0.8631 -0.5047
vn -0.0425 0.8636 -0.5023
vn 0.5114 0.6739 -0.5333
vn 0.4480 0.7083 -0.5456
vn 0.4480 0.7082 -0.5457
vn 0.3924 0.7341 -0.5542
vn 0.3927 0.7341 -0.5540
vn 0.3436 0.7540 -0.5598
vn 0.2992 0.7697 -0.5639
vn 0.2583 0.7823 -0.5668
vn 0.2197 0.7927 -0.5686
vn 0.2197 0.7927 -0.5687
vn 0.1826 0.8014 -0.5695
vn 0.1826 0.8014 -0.5696
vn 0.1467 0.8088 -0.5695
vn 0.1112 0.8152 -0.5685
vn 0.1112 0.8151 -0.5685
vn 0.0751 0.8207 -0.5665
vn 0.0373 0.8255 -0.5631
vn 0.0373 0.8256 -0.5631
vn -0.0077 0.8291 -0.5591
vn -0.0706 0.8292 -0.5544
vn 0.5010 0.6310 -0.5923
vn 0.4362 0.6670 -0.6041
vn 0.3793 0.6936 -0.6124
vn 0.3288 0.7139 -0.6183
vn 0.3286 0.7137 -0.6186
vn 0.2833 0.7297 -0.6223
vn 0.2413 0.7426 -0.6248
vn 0.2413 0.7425 -0.6248
vn 0.2020 0.7531 -0.6261
vn 0.1641 0.7619 -0.6266
vn 0.1274 0.7694 -0.6260
vn 0.0912 0.7757 -0.6244
vn 0.0912 0.7758 -0.6244
vn 0.0544 0.7813 -0.6217
vn 0.0544 0.7813 -0.6218
vn 0.0163 0.7862 -0.6178
vn 0.0162 0.7860 -0.6180
vn -0.0296 0.7903 -0.6120
vn -0.0940 0.7911 -0.6044
vn 0.4831 0.5847 -0.6518
vn 0.4178 0.6213 -0.6629
vn 0.3604 0.6475 -0.6715
vn 0.3093 0.6670 -0.6779
vn 0.2631 0.6822 -0.6822
vn 0.2208 0.6948 -0.6845
vn 0.1810 0.7054 -0.6853
vn 0.1427 0.7144 -0.6850
vn 0.1058 0.7219 -0.6838
vn 0.0697 0.7286 -0.6814
vn 0.0697 0.7285 -0.6815
vn 0.0332 0.7346 -0.6777
vn -0.0049 0.7399 -0.6727
vn -0.0492 0.7457 -0.6645
vn -0.1125 0.7485 -0.6535
vn -0.1125 0.7486 -0.6535
vn 0.4574 0.5345 -0.7107
vn 0.3930 0.5703 -0.7213
vn 0.3358 0.5948 -0.7304
vn 0.2847 0.6124 -0.7375
vn 0.2384 0.6261 -0.7424
vn 0.1962 0.6376 -0.7449
vn 0.1565 0.6480 -0.7453
vn 0.1565 0.6481 -0.7453
vn 0.1184 0.6574 -0.7442
vn 0.1184 0.6573 -0.7443
vn 0.0820 0.6653 -0.7420
vn 0.0466 0.6728 -0.7383
vn 0.0466 0.6728 -0.7384
vn 0.0112 0.6803 -0.7329
vn -0.0256 0.6869 -0.7263
vn -0.0669 0.6943 -0.7165
vn -0.1268 0.6999 -0.7029
vn 0.4240 0.4787 -0.7688
vn 0.3616 0.5128 -0.7786
vn 0.3056 0.5350 -0.7876
vn 0.2552 0.5501 -0.7951
vn 0.2096 0.5617 -0.8004
vn 0.1679 0.5720 -0.8029
vn 0.1290 0.5821 -0.8028
vn 0.1290 0.5820 -0.8029
vn 0.0916 0.5916 -0.8010
vn 0.0915 0.5917 -0.8010
vn 0.0563 0.6004 -0.7977
vn 0.0561 0.6008 -0.7974
vn 0.0224 0.6093 -0.7926
vn -0.0112 0.6185 -0.7857
vn -0.0460 0.6272 -0.7775
vn -0.0842 0.6356 -0.7674
vn -0.1382 0.6435 -0.7529
vn 0.3833 0.4157 -0.8248
vn 0.3242 0.4473 -0.8336
vn 0.2704 0.4672 -0.8418
vn 0.2215 0.4805 -0.8486
vn 0.1774 0.4902 -0.8534
vn 0.1371 0.4993 -0.8555
vn 0.0994 0.5092 -0.8549
vn 0.0633 0.5189 -0.8525
vn 0.0634 0.5191 -0.8524
vn 0.0296 0.5290 -0.8481
vn -0.0024 0.5395 -0.8420
vn -0.0338 0.5506 -0.8341
vn -0.0664 0.5610 -0.8251
vn -0.1019 0.5695 -0.8156
vn -0.1481 0.5789 -0.8018
vn 0.3387 0.3500 -0.8734
vn 0.2828 0.3757 -0.8825
vn 0.2317 0.3921 -0.8903
vn 0.1851 0.4039 -0.8959
vn 0.1431 0.4129 -0.8995
vn 0.1049 0.4219 -0.9006
vn 0.1049 0.4219 -0.9005
vn 0.0692 0.4321 -0.8992
vn 0.0691 0.4319 -0.8993
vn 0.0345 0.4426 -0.8960
vn 0.0344 0.4426 -0.8961
vn 0.0025 0.4535 -0.8913
vn -0.0274 0.4652 -0.8848
vn -0.0567 0.4777 -0.8767
vn -0.0870 0.4898 -0.8675
vn -0.1193 0.5000 -0.8578
vn -0.1576 0.5109 -0.8451
vn 0.2913 0.2790 -0.9150
vn 0.2388 0.2965 -0.9247
vn 0.1915 0.3103 -0.9312
vn 0.1478 0.3225 -0.9350
vn 0.1086 0.3326 -0.9368
vn 0.0730 0.3428 -0.9366
vn 0.0730 0.3429 -0.9365
vn 0.0392 0.3537 -0.9345
vn 0.0393 0.3536 -0.9346
vn 0.0063 0.3654 -0.9308
vn -0.0240 0.3770 -0.9259
vn -0.0523 0.3891 -0.9197
vn -0.0799 0.4020 -0.9122
vn -0.1084 0.4147 -0.9035
vn -0.1374 0.4270 -0.8938
vn -0.1687 0.4401 -0.8820
vn 0.4966 0.8556 -0.1461
vn 0.4613 0.8748 -0.1480
vn 0.4302 0.8908 -0.1463
vn 0.4006 0.9044 -0.1471
vn 0.4006 0.9043 -0.1473
vn 0.3718 0.9163 -0.1488
vn 0.3719 0.9163 -0.1488
vn 0.3457 0.9262 -0.1503
vn 0.3458 0.9262 -0.1503
vn 0.3210 0.9348 -0.1522
vn 0.2964 0.9425 -0.1544
vn 0.2714 0.9495 -0.1572
vn 0.2714 0.9496 -0.1570
vn 0.2475 0.9556 -0.1597
vn 0.2243 0.9609 -0.1626
vn 0.2004 0.9656 -0.1659
vn 0.1754 0.9699 -0.1690
vn 0.1499 0.9736 -0.1719
vn 0.1234 0.9765 -0.1767
vn 0.0949 0.9796 -0.1769
vn 0.0717 0.9721 -0.2235
vn 0.0440 0.9617 -0.2706
vn 0.0098 0.9450 -0.3269
vn -0.0289 0.9206 -0.3895
vn -0.0672 0.8906 -0.4497
vn -0.1019 0.8575 -0.5043
vn -0.1299 0.8238 -0.5518
vn -0.1510 0.7886 -0.5960
vn -0.1665 0.7505 -0.6396
vn -0.1785 0.7058 -0.6856
vn -0.1889 0.6515 -0.7347
vn -0.1976 0.5872 -0.7850
vn -0.2035 0.5180 -0.8308
vn -0.2076 0.4494 -0.8689
vn -0.2150 0.3768 -0.9010
vn -0.1841 0.3645 -0.9128
vn -0.1842 0.3645 -0.9128
vn -0.1581 0.3497 -0.9234
vn -0.1310 0.3381 -0.9319
vn -0.1034 0.3263 -0.9396
vn -0.0765 0.3142 -0.9463
vn -0.0765 0.3143 -0.9462
vn -0.0494 0.3023 -0.9519
vn -0.0203 0.2900 -0.9568
vn -0.0203 0.2899 -0.9568
vn 0.0109 0.2771 -0.9608
vn 0.0427 0.2645 -0.9634
vn 0.0759 0.2519 -0.9648
vn 0.0759 0.2518 -0.9648
vn 0.1121 0.2386 -0.9646
vn 0.1524 0.2236 -0.9627
vn 0.1952 0.2077 -0.9585
vn 0.2423 0.1959 -0.9502
vn 0.2938 0.1746 -0.9398
vn 0.3467 0.2452 -0.9053
vn 0.3467 0.2452 -0.9054
vn 0.3975 0.3041 -0.8658
vn 0.4473 0.3638 -0.8171
vn 0.4930 0.4247 -0.7593
vn 0.5299 0.4805 -0.6988
vn 0.5574 0.5319 -0.6375
vn 0.5574 0.5319 -0.6374
vn 0.5757 0.5810 -0.5754
vn 0.5845 0.6275 -0.5143
vn 0.5849 0.6717 -0.4547
vn 0.5781 0.7127 -0.3972
vn 0.5783 0.7127 -0.3971
vn 0.5658 0.7508 -0.3410
vn 0.5494 0.7851 -0.2860
vn 0.5312 0.8134 -0.2370
vn 0.5129 0.8366 -0.1927
vn 0.0254 0.9903 0.1368
vn -0.0283 0.9820 0.1870
vn -0.1026 0.9651 0.2408
vn -0.1859 0.9378 0.2932
vn -0.2656 0.8946 0.3593
vn -0.3247 0.8489 0.4170
vn -0.3687 0.8042 0.4661
vn -0.3687 0.8042 0.4662
vn 0.0003 0.9955 0.0952
vn -0.0789 0.9875 0.1362
vn -0.1846 0.9599 0.2109
vn -0.2737 0.9219 0.2743
vn -0.3486 0.8764 0.3322
vn -0.4096 0.8249 0.3896
vn -0.4597 0.7678 0.4464
vn -0.0292 0.9975 0.0644
vn -0.1245 0.9864 0.1069
vn -0.2430 0.9548 0.1712
vn -0.3460 0.9100 0.2286
vn -0.4293 0.8583 0.2811
vn -0.5010 0.7959 0.3398
vn -0.5508 0.7317 0.4015
vn -0.0493 0.9981 0.0356
vn -0.1648 0.9830 0.0812
vn -0.3033 0.9444 0.1267
vn -0.4232 0.8917 0.1604
vn -0.5275 0.8272 0.1939
vn -0.5275 0.8271 0.1939
vn -0.6165 0.7494 0.2416
vn -0.6814 0.6650 0.3058
vn -0.0629 0.9977 0.0271
vn -0.2074 0.9762 0.0638
vn -0.3697 0.9253 0.0841
vn -0.5061 0.8579 0.0889
vn -0.6242 0.7751 0.0979
vn -0.7281 0.6742 0.1239
vn -0.9321 0.3021 0.2000
vn -0.0724 0.9971 0.0225
vn -0.2546 0.9656 0.0529
vn -0.4368 0.8983 0.0474
vn -0.5815 0.8130 0.0291
vn -0.5815 0.8131 0.0291
vn -0.7023 0.7116 0.0188
vn -0.9357 0.3516 -0.0295
vn -0.3120 0.3454 0.8851
vn -0.3751 0.2925 0.8796
vn -0.5380 0.2193 0.8139
vn -0.5379 0.2193 0.8140
vn -0.3324 0.4387 0.8349
vn -0.4641 0.3646 0.8073
vn -0.5837 0.1794 0.7919
vn -0.3846 0.5035 0.7737
vn -0.5305 0.4537 0.7161
vn -0.6124 0.3735 0.6967
vn -0.6124 0.3734 0.6968
vn -0.6713 0.1095 0.7330
vn -0.4366 0.5671 0.6984
vn -0.5538 0.5078 0.6599
vn -0.6279 0.4330 0.6467
vn -0.8402 0.2922 0.4567
vn -0.8402 0.2923 0.4567
vn -0.8403 0.2922 0.4567
vn -0.4432 0.6495 0.6178
vn -0.5511 0.5763 0.6035
vn -0.6288 0.4999 0.5956
vn -0.7381 0.1522 0.6573
vn -0.7381 0.1522 0.6572
vn -0.7382 0.1522 0.6572
vn -0.4273 0.7109 0.5586
vn -0.5306 0.6447 0.5502
vn -0.5305 0.6450 0.5500
vn -0.6154 0.5704 0.5440
vn -0.8617 0.4808 0.1621
vn -0.3004 0.3846 -0.8728
vn -0.3068 0.4782 -0.8229
vn -0.3144 0.5672 -0.7612
vn -0.3245 0.6441 -0.6927
vn -0.3352 0.7025 -0.6278
vn -0.3424 0.7432 -0.5748
vn -0.3409 0.7749 -0.5323
vn -0.3414 0.3489 -0.8728
vn -0.3804 0.4390 -0.8140
vn -0.4192 0.5238 -0.7415
vn -0.4570 0.5940 -0.6620
vn -0.4570 0.5941 -0.6620
vn -0.4751 0.6719 -0.5682
vn -0.4839 0.7131 -0.5073
vn -0.4850 0.7401 -0.4658
vn -0.5041 0.2409 -0.8293
vn -0.5042 0.2409 -0.8293
vn -0.5210 0.1765 -0.8351
vn -0.5137 0.4108 -0.7532
vn -0.7967 0.4932 -0.3493
vn -0.7967 0.4931 -0.3493
vn -0.7159 0.3346 -0.6128
vn -0.6160 0.6298 -0.4733
vn -0.5923 0.7034 -0.3929
vn -0.5119 0.2840 -0.8107
vn -0.8673 0.4915 0.0792
vn -0.8617 0.3310 -0.3845
vn 0.0228 0.9881 -0.1522
vn 0.0027 0.9937 -0.1123
vn -0.0137 0.9964 -0.0840
vn -0.0255 0.9980 -0.0582
vn -0.0368 0.9988 -0.0320
vn -0.0499 0.9987 -0.0101
vn -0.0637 0.9980 0.0054
vn -0.0276 0.9783 -0.2053
vn -0.0593 0.9852 -0.1609
vn -0.0969 0.9870 -0.1284
vn -0.1641 0.9808 -0.1056
vn -0.2525 0.9635 -0.0885
vn -0.3145 0.9479 -0.0506
vn -0.3265 0.9452 -0.0008
vn -0.0906 0.9577 -0.2732
vn -0.1676 0.9548 -0.2456
vn -0.2846 0.9320 -0.2244
vn -0.4009 0.8999 -0.1715
vn -0.4671 0.8759 -0.1210
vn -0.5059 0.8593 -0.0749
vn -0.5160 0.8561 -0.0285
vn -0.1714 0.9195 -0.3537
vn -0.2937 0.9018 -0.3169
vn -0.4232 0.8663 -0.2654
vn -0.5188 0.8305 -0.2029
vn -0.5837 0.7989 -0.1450
vn -0.6282 0.7725 -0.0922
vn -0.6282 0.7726 -0.0922
vn -0.6479 0.7602 -0.0479
vn -0.2446 0.8760 -0.4156
vn -0.3836 0.8493 -0.3626
vn -0.5061 0.8099 -0.2964
vn -0.5991 0.7675 -0.2278
vn -0.6660 0.7277 -0.1639
vn -0.7178 0.6883 -0.1045
vn -0.7510 0.6582 -0.0520
vn -0.2983 0.8341 -0.4640
vn -0.4401 0.8040 -0.3999
vn -0.5600 0.7615 -0.3264
vn -0.6515 0.7158 -0.2515
vn -0.7193 0.6707 -0.1807
vn -0.9266 0.3736 -0.0436
vn -0.8941 0.3801 -0.2369
vn -0.4036 0.7569 0.5140
vn -0.5007 0.7059 0.5011
vn -0.5902 0.6556 0.4711
vn -0.8460 0.2810 0.4531
vn -0.8460 0.2810 0.4530
vn -0.3262 0.8051 -0.4954
vn -0.4686 0.7726 -0.4285
vn -0.5817 0.7339 -0.3507
vn -0.6682 0.6929 -0.2710
vn -0.8833 0.4223 -0.2037
vn -0.0727 0.9973 0.0127
vn -0.2997 0.9535 0.0311
vn -0.4909 0.8712 0.0088
vn -0.6329 0.7740 -0.0173
vn -0.7470 0.6637 -0.0390
vn -0.9149 0.3756 0.1479
vn 0.0762 0.9882 0.1332
vn 0.0444 0.9826 0.1802
vn 0.0121 0.9741 0.2257
vn -0.0276 0.9600 0.2787
vn -0.0789 0.9374 0.3393
vn -0.1369 0.9084 0.3951
vn -0.1923 0.8754 0.4435
vn -0.2378 0.8369 0.4930
vn 0.0680 0.9931 0.0951
vn 0.0578 0.9960 0.0677
vn 0.0431 0.9982 0.0418
vn 0.0237 0.9995 0.0214
vn 0.0092 0.9999 0.0108
vn 0.0046 1.0000 0.0040
vn 0.0046 1.0000 0.0039
vn 0.0042 1.0000 -0.0012
vn 0.0042 1.0000 -0.0013
vn -0.2641 0.3244 0.9083
vn -0.2983 0.2721 0.9149
vn -0.3251 0.2370 0.9155
vn -0.3642 0.1609 0.9173
vn -0.2631 0.4004 0.8777
vn -0.2617 0.4693 0.8433
vn -0.2590 0.5417 0.7997
vn -0.2550 0.6335 0.7306
vn -0.2550 0.6335 0.7305
vn -0.2655 0.6969 0.6662
vn -0.2768 0.7442 0.6079
vn -0.2685 0.7913 0.5494
vn -0.2566 0.3469 -0.9021
vn -0.2546 0.4306 -0.8659
vn -0.2512 0.5097 -0.8229
vn -0.2466 0.5850 -0.7726
vn -0.2417 0.6529 -0.7178
vn -0.2374 0.7085 -0.6646
vn -0.2327 0.7513 -0.6176
vn -0.2327 0.7512 -0.6176
vn -0.2238 0.7859 -0.5765
vn -0.2885 0.3008 -0.9090
vn -0.3131 0.2712 -0.9102
vn -0.3605 0.0989 -0.9275
vn 0.0751 0.9861 -0.1485
vn 0.0663 0.9917 -0.1106
vn 0.0550 0.9951 -0.0820
vn 0.0417 0.9974 -0.0583
vn 0.0302 0.9988 -0.0384
vn 0.0211 0.9995 -0.0220
vn 0.0134 0.9999 -0.0107
vn 0.0072 1.0000 -0.0051
vn 0.0434 0.9796 -0.1962
vn 0.0080 0.9686 -0.2485
vn -0.0358 0.9497 -0.3111
vn -0.0862 0.9209 -0.3802
vn -0.1361 0.8858 -0.4437
vn -0.1789 0.8489 -0.4973
vn -0.2065 0.8183 -0.5364
vn 0.1045 0.9713 0.2139
vn 0.1349 0.9681 0.2111
vn 0.1633 0.9646 0.2069
vn 0.1905 0.9606 0.2025
vn 0.2161 0.9561 0.1979
vn 0.2411 0.9509 0.1939
vn 0.2664 0.9448 0.1908
vn 0.2927 0.9374 0.1885
vn 0.2926 0.9375 0.1885
vn 0.3188 0.9292 0.1870
vn 0.3187 0.9292 0.1870
vn 0.3450 0.9199 0.1864
vn 0.3451 0.9199 0.1863
vn 0.3730 0.9088 0.1867
vn 0.4036 0.8956 0.1872
vn 0.4367 0.8798 0.1880
vn 0.4732 0.8606 0.1881
vn 0.0813 0.9610 0.2643
vn 0.1147 0.9572 0.2657
vn 0.1460 0.9538 0.2626
vn 0.1756 0.9501 0.2579
vn 0.2036 0.9459 0.2527
vn 0.2307 0.9408 0.2483
vn 0.2580 0.9345 0.2451
vn 0.2580 0.9345 0.2452
vn 0.2861 0.9269 0.2429
vn 0.2862 0.9269 0.2428
vn 0.3143 0.9182 0.2412
vn 0.3143 0.9181 0.2414
vn 0.3429 0.9078 0.2414
vn 0.3732 0.8955 0.2426
vn 0.4069 0.8804 0.2436
vn 0.4440 0.8623 0.2434
vn 0.4861 0.8406 0.2392
vn 0.4861 0.8405 0.2392
vn 0.0556 0.9468 0.3169
vn 0.0921 0.9426 0.3211
vn 0.1261 0.9390 0.3201
vn 0.1581 0.9354 0.3162
vn 0.1885 0.9314 0.3115
vn 0.2178 0.9263 0.3075
vn 0.2178 0.9263 0.3076
vn 0.2474 0.9199 0.3044
vn 0.2778 0.9119 0.3021
vn 0.3083 0.9026 0.3006
vn 0.3395 0.8913 0.3006
vn 0.3730 0.8774 0.3016
vn 0.4100 0.8606 0.3020
vn 0.4515 0.8404 0.2999
vn 0.4989 0.8159 0.2922
vn 0.0276 0.9272 0.3735
vn 0.0674 0.9230 0.3789
vn 0.1041 0.9195 0.3790
vn 0.1384 0.9160 0.3765
vn 0.1385 0.9160 0.3765
vn 0.1711 0.9119 0.3731
vn 0.2028 0.9066 0.3701
vn 0.2345 0.8998 0.3678
vn 0.2340 0.9001 0.3676
vn 0.2672 0.8916 0.3656
vn 0.3003 0.8818 0.3638
vn 0.3003 0.8818 0.3637
vn 0.3345 0.8697 0.3630
vn 0.3712 0.8547 0.3629
vn 0.4116 0.8363 0.3622
vn 0.4575 0.8136 0.3588
vn 0.5101 0.7860 0.3494
vn -0.0002 0.9029 0.4299
vn 0.0423 0.8988 0.4363
vn 0.0813 0.8952 0.4382
vn 0.1175 0.8914 0.4376
vn 0.1176 0.8914 0.4377
vn 0.1521 0.8868 0.4364
vn 0.1520 0.8868 0.4364
vn 0.1857 0.8811 0.4349
vn 0.2196 0.8741 0.4333
vn 0.2542 0.8656 0.4314
vn 0.2543 0.8656 0.4314
vn 0.2899 0.8554 0.4293
vn 0.3271 0.8428 0.4274
vn 0.3669 0.8272 0.4257
vn 0.4109 0.8075 0.4231
vn 0.4608 0.7830 0.4178
vn 0.5179 0.7525 0.4070
vn 0.5179 0.7524 0.4070
vn -0.0273 0.8737 0.4858
vn 0.0175 0.8697 0.4933
vn 0.0582 0.8657 0.4971
vn 0.0959 0.8613 0.4989
vn 0.1319 0.8562 0.4995
vn 0.1672 0.8501 0.4994
vn 0.1672 0.8500 0.4995
vn 0.2027 0.8427 0.4988
vn 0.2392 0.8339 0.4974
vn 0.2394 0.8336 0.4977
vn 0.2768 0.8232 0.4957
vn 0.2770 0.8235 0.4952
vn 0.3167 0.8107 0.4924
vn 0.3595 0.7948 0.4890
vn 0.3595 0.7947 0.4891
vn 0.4068 0.7745 0.4844
vn 0.4600 0.7488 0.4771
vn 0.5210 0.7157 0.4650
vn -0.0529 0.8389 0.5418
vn -0.0062 0.8353 0.5497
vn 0.0356 0.8311 0.5550
vn 0.0356 0.8311 0.5549
vn 0.0744 0.8264 0.5582
vn 0.1114 0.8208 0.5603
vn 0.1477 0.8142 0.5614
vn 0.1478 0.8143 0.5613
vn 0.1845 0.8067 0.5614
vn 0.2225 0.7977 0.5604
vn 0.2225 0.7977 0.5605
vn 0.2617 0.7871 0.5585
vn 0.2619 0.7871 0.5585
vn 0.3035 0.7742 0.5554
vn 0.3035 0.7741 0.5555
vn 0.3487 0.7580 0.5512
vn 0.3984 0.7376 0.5452
vn 0.3984 0.7376 0.5453
vn 0.4544 0.7109 0.5368
vn 0.5184 0.6757 0.5241
vn -0.0761 0.7984 0.5973
vn -0.0761 0.7984 0.5972
vn -0.0286 0.7955 0.6052
vn -0.0285 0.7956 0.6052
vn 0.0140 0.7915 0.6111
vn 0.0533 0.7864 0.6154
vn 0.0909 0.7807 0.6182
vn 0.1280 0.7743 0.6198
vn 0.1280 0.7742 0.6198
vn 0.1656 0.7666 0.6204
vn 0.2044 0.7575 0.6200
vn 0.2447 0.7467 0.6185
vn 0.2875 0.7336 0.6157
vn 0.3339 0.7175 0.6113
vn 0.3853 0.6968 0.6050
vn 0.4430 0.6696 0.5962
vn 0.5085 0.6328 0.5839
vn -0.0971 0.7515 0.6525
vn -0.0497 0.7490 0.6607
vn -0.0076 0.7443 0.6678
vn 0.0313 0.7386 0.6734
vn 0.0686 0.7322 0.6776
vn 0.0686 0.7322 0.6777
vn 0.1057 0.7253 0.6803
vn 0.1057 0.7252 0.6803
vn 0.1435 0.7174 0.6817
vn 0.1434 0.7173 0.6818
vn 0.1825 0.7086 0.6816
vn 0.1827 0.7084 0.6818
vn 0.2236 0.6974 0.6809
vn 0.2669 0.6848 0.6781
vn 0.3142 0.6694 0.6732
vn 0.3663 0.6499 0.6660
vn 0.4247 0.6233 0.6566
vn 0.4908 0.5860 0.6448
vn -0.1158 0.6980 0.7067
vn -0.0697 0.6952 0.7154
vn -0.0292 0.6893 0.7239
vn 0.0083 0.6819 0.7314
vn 0.0445 0.6739 0.7374
vn 0.0445 0.6740 0.7374
vn 0.0807 0.6659 0.7416
vn 0.1180 0.6577 0.7440
vn 0.1180 0.6576 0.7440
vn 0.1571 0.6484 0.7450
vn 0.1571 0.6483 0.7450
vn 0.1979 0.6378 0.7443
vn 0.2412 0.6264 0.7413
vn 0.2887 0.6129 0.7355
vn 0.3410 0.5954 0.7274
vn 0.3994 0.5710 0.7173
vn 0.4648 0.5346 0.7058
vn -0.1330 0.6373 0.7591
vn -0.0890 0.6342 0.7680
vn -0.0505 0.6268 0.7776
vn -0.0151 0.6172 0.7867
vn 0.0191 0.6070 0.7945
vn 0.0191 0.6070 0.7944
vn 0.0537 0.5975 0.8001
vn 0.0899 0.5883 0.8036
vn 0.1282 0.5787 0.8054
vn 0.1681 0.5687 0.8052
vn 0.1681 0.5688 0.8051
vn 0.2110 0.5588 0.8020
vn 0.2579 0.5478 0.7959
vn 0.3097 0.5332 0.7873
vn 0.3670 0.5112 0.7772
vn 0.4305 0.4767 0.7664
vn -0.1491 0.5694 0.8084
vn -0.1491 0.5694 0.8085
vn -0.1080 0.5658 0.8174
vn -0.0719 0.5569 0.8274
vn -0.0389 0.5453 0.8373
vn -0.0070 0.5331 0.8460
vn 0.0256 0.5219 0.8526
vn 0.0600 0.5117 0.8571
vn 0.0970 0.5016 0.8596
vn 0.0970 0.5017 0.8596
vn 0.1356 0.4920 0.8600
vn 0.1770 0.4834 0.8573
vn 0.2225 0.4745 0.8517
vn 0.2728 0.4620 0.8439
vn 0.3278 0.4425 0.8347
vn 0.3881 0.4108 0.8250
vn -0.1629 0.5001 0.8505
vn -0.1261 0.4932 0.8607
vn -0.0935 0.4816 0.8714
vn -0.0627 0.4684 0.8813
vn -0.0331 0.4548 0.8900
vn -0.0027 0.4424 0.8968
vn 0.0300 0.4313 0.9017
vn 0.0299 0.4312 0.9017
vn 0.0651 0.4206 0.9049
vn 0.1018 0.4108 0.9060
vn 0.1018 0.4109 0.9060
vn 0.1410 0.4024 0.9045
vn 0.1410 0.4024 0.9046
vn 0.1841 0.3942 0.9004
vn 0.2320 0.3831 0.8941
vn 0.2843 0.3673 0.8856
vn 0.3415 0.3418 0.8755
vn -0.1763 0.4283 0.8863
vn -0.1449 0.4162 0.8977
vn -0.1155 0.4027 0.9080
vn -0.0867 0.3890 0.9172
vn -0.0586 0.3754 0.9250
vn -0.0301 0.3627 0.9314
vn -0.0301 0.3626 0.9315
vn 0.0007 0.3507 0.9365
vn 0.0007 0.3506 0.9365
vn 0.0340 0.3389 0.9402
vn 0.0339 0.3390 0.9402
vn 0.0684 0.3282 0.9421
vn 0.1048 0.3185 0.9421
vn 0.1448 0.3089 0.9400
vn 0.1895 0.2975 0.9357
vn 0.2381 0.2843 0.9287
vn 0.2919 0.2676 0.9183
vn 0.0958 0.9821 0.1621
vn 0.1247 0.9789 0.1616
vn 0.1513 0.9760 0.1566
vn 0.1770 0.9721 0.1537
vn 0.2021 0.9677 0.1506
vn 0.2259 0.9629 0.1476
vn 0.2259 0.9629 0.1475
vn 0.2491 0.9576 0.1445
vn 0.2491 0.9576 0.1446
vn 0.2732 0.9514 0.1419
vn 0.2730 0.9515 0.1419
vn 0.2978 0.9444 0.1397
vn 0.3222 0.9366 0.1376
vn 0.3222 0.9366 0.1377
vn 0.3469 0.9280 0.1360
vn 0.3466 0.9281 0.1361
vn 0.3730 0.9179 0.1350
vn 0.3731 0.9179 0.1349
vn 0.4015 0.9060 0.1338
vn 0.4015 0.9060 0.1337
vn 0.4312 0.8924 0.1331
vn 0.4624 0.8763 0.1351
vn 0.4977 0.8570 0.1336
vn 0.5148 0.8382 0.1803
vn 0.5339 0.8151 0.2248
vn 0.5531 0.7868 0.2740
vn 0.5706 0.7523 0.3295
vn 0.5838 0.7140 0.3864
vn 0.5915 0.6728 0.4445
vn 0.5919 0.6284 0.5047
vn 0.5837 0.5817 0.5665
vn 0.5657 0.5323 0.6298
vn 0.5380 0.4795 0.6933
vn 0.5002 0.4217 0.7563
vn 0.4529 0.3579 0.8166
vn 0.4011 0.2954 0.8671
vn 0.3482 0.2338 0.9078
vn 0.2926 0.1598 0.9428
vn 0.2401 0.1807 0.9538
vn 0.1920 0.1917 0.9625
vn 0.1484 0.2072 0.9670
vn 0.1075 0.2220 0.9691
vn 0.0707 0.2352 0.9694
vn 0.0708 0.2353 0.9693
vn 0.0372 0.2478 0.9681
vn 0.0050 0.2604 0.9655
vn 0.0050 0.2605 0.9655
vn -0.0266 0.2733 0.9616
vn -0.0559 0.2856 0.9567
vn -0.0835 0.2979 0.9509
vn -0.1107 0.3103 0.9442
vn -0.1385 0.3227 0.9363
vn -0.1662 0.3349 0.9275
vn -0.1924 0.3504 0.9166
vn -0.2234 0.3598 0.9059
vn -0.2139 0.4306 0.8768
vn -0.2074 0.4953 0.8436
vn -0.1985 0.5628 0.8024
vn -0.1861 0.6308 0.7533
vn -0.1711 0.6928 0.7005
vn -0.1524 0.7501 0.6435
vn -0.1306 0.8008 0.5845
vn -0.1067 0.8423 0.5284
vn -0.0787 0.8778 0.4725
vn -0.0474 0.9085 0.4153
vn -0.0474 0.9084 0.4153
vn -0.0152 0.9335 0.3583
vn 0.0167 0.9528 0.3030
vn 0.0462 0.9663 0.2532
vn 0.0724 0.9753 0.2087
vn 0.4655 0.8840 0.0432
vn 0.4332 0.9001 0.0467
vn 0.4038 0.9134 0.0508
vn 0.3763 0.9249 0.0548
vn 0.3512 0.9344 0.0589
vn 0.3514 0.9344 0.0587
vn 0.3275 0.9428 0.0625
vn 0.3042 0.9504 0.0653
vn 0.3042 0.9504 0.0654
vn 0.2806 0.9574 0.0675
vn 0.2806 0.9575 0.0675
vn 0.2582 0.9636 0.0689
vn 0.2581 0.9637 0.0689
vn 0.2360 0.9692 0.0697
vn 0.2360 0.9693 0.0697
vn 0.2135 0.9744 0.0699
vn 0.2135 0.9744 0.0698
vn 0.1896 0.9794 0.0694
vn 0.1647 0.9839 0.0688
vn 0.1376 0.9881 0.0687
vn 0.4736 0.8805 0.0208
vn 0.4386 0.8984 0.0224
vn 0.4077 0.9127 0.0260
vn 0.3795 0.9247 0.0303
vn 0.3539 0.9346 0.0346
vn 0.3298 0.9433 0.0384
vn 0.3063 0.9511 0.0410
vn 0.3062 0.9511 0.0412
vn 0.2823 0.9583 0.0434
vn 0.2825 0.9583 0.0432
vn 0.2599 0.9646 0.0443
vn 0.2598 0.9646 0.0443
vn 0.2373 0.9704 0.0446
vn 0.2144 0.9758 0.0440
vn 0.1899 0.9809 0.0432
vn 0.1637 0.9856 0.0428
vn 0.1344 0.9899 0.0441
vn 0.4822 0.8761 0.0052
vn 0.4448 0.8956 0.0061
vn 0.4123 0.9110 0.0092
vn 0.3831 0.9236 0.0132
vn 0.3567 0.9341 0.0174
vn 0.3319 0.9431 0.0209
vn 0.3077 0.9512 0.0233
vn 0.3077 0.9512 0.0234
vn 0.2838 0.9586 0.0248
vn 0.2837 0.9586 0.0251
vn 0.2606 0.9651 0.0262
vn 0.2605 0.9651 0.0261
vn 0.2374 0.9711 0.0262
vn 0.2137 0.9766 0.0254
vn 0.1884 0.9818 0.0245
vn 0.1608 0.9867 0.0243
vn 0.1296 0.9912 0.0259
vn 0.4905 0.8714 -0.0060
vn 0.4510 0.8925 -0.0047
vn 0.4170 0.9089 -0.0017
vn 0.3867 0.9222 0.0019
vn 0.3594 0.9332 0.0055
vn 0.3337 0.9426 0.0085
vn 0.3337 0.9426 0.0086
vn 0.3089 0.9510 0.0106
vn 0.3088 0.9511 0.0106
vn 0.2845 0.9586 0.0120
vn 0.2844 0.9586 0.0121
vn 0.2606 0.9654 0.0130
vn 0.2606 0.9654 0.0129
vn 0.2367 0.9715 0.0130
vn 0.2122 0.9771 0.0123
vn 0.2122 0.9772 0.0123
vn 0.1861 0.9825 0.0114
vn 0.1573 0.9875 0.0108
vn 0.1244 0.9922 0.0116
vn 0.4976 0.8673 -0.0116
vn 0.4565 0.8897 -0.0102
vn 0.4212 0.9069 -0.0075
vn 0.3899 0.9208 -0.0045
vn 0.3617 0.9323 -0.0017
vn 0.3352 0.9421 0.0005
vn 0.3352 0.9422 0.0005
vn 0.3098 0.9508 0.0022
vn 0.3098 0.9508 0.0021
vn 0.2848 0.9586 0.0032
vn 0.2604 0.9655 0.0039
vn 0.2359 0.9718 0.0040
vn 0.2106 0.9776 0.0035
vn 0.1836 0.9830 0.0026
vn 0.1537 0.9881 0.0019
vn 0.1195 0.9928 0.0020
vn 0.5031 0.8641 -0.0123
vn 0.4607 0.8875 -0.0110
vn 0.4244 0.9054 -0.0091
vn 0.3923 0.9198 -0.0070
vn 0.3634 0.9316 -0.0052
vn 0.3363 0.9418 -0.0038
vn 0.3363 0.9417 -0.0039
vn 0.3104 0.9506 -0.0028
vn 0.3104 0.9506 -0.0029
vn 0.2850 0.9585 -0.0019
vn 0.2851 0.9585 -0.0019
vn 0.2601 0.9656 -0.0017
vn 0.2600 0.9656 -0.0015
vn 0.2352 0.9719 -0.0021
vn 0.2350 0.9720 -0.0015
vn 0.2092 0.9779 -0.0019
vn 0.1815 0.9834 -0.0026
vn 0.1815 0.9834 -0.0027
vn 0.1507 0.9886 -0.0033
vn 0.1155 0.9933 -0.0036
vn 0.5062 0.8624 -0.0083
vn 0.5062 0.8624 -0.0084
vn 0.4632 0.8862 -0.0076
vn 0.4632 0.8862 -0.0077
vn 0.4263 0.9046 -0.0067
vn 0.3937 0.9192 -0.0058
vn 0.3937 0.9192 -0.0060
vn 0.3644 0.9312 -0.0056
vn 0.3641 0.9313 -0.0049
vn 0.3368 0.9416 -0.0045
vn 0.3369 0.9415 -0.0047
vn 0.3107 0.9505 -0.0042
vn 0.3109 0.9504 -0.0044
vn 0.2850 0.9585 -0.0041
vn 0.2850 0.9585 -0.0038
vn 0.2599 0.9656 -0.0040
vn 0.2600 0.9656 -0.0039
vn 0.2348 0.9720 -0.0043
vn 0.2345 0.9721 -0.0038
vn 0.2083 0.9781 -0.0043
vn 0.2085 0.9780 -0.0040
vn 0.1802 0.9836 -0.0047
vn 0.1490 0.9888 -0.0052
vn 0.1130 0.9936 -0.0059
vn 0.5064 0.8623 -0.0010
vn 0.4633 0.8862 -0.0013
vn 0.4634 0.8862 -0.0014
vn 0.4264 0.9045 -0.0018
vn 0.3939 0.9192 -0.0024
vn 0.3938 0.9192 -0.0022
vn 0.3644 0.9312 -0.0028
vn 0.3644 0.9312 -0.0027
vn 0.3369 0.9415 -0.0033
vn 0.3368 0.9416 -0.0032
vn 0.3107 0.9505 -0.0036
vn 0.3107 0.9505 -0.0035
vn 0.2850 0.9585 -0.0039
vn 0.2849 0.9586 -0.0039
vn 0.2599 0.9656 -0.0042
vn 0.2600 0.9656 -0.0043
vn 0.2345 0.9721 -0.0042
vn 0.2347 0.9721 -0.0046
vn 0.2082 0.9781 -0.0047
vn 0.2084 0.9780 -0.0047
vn 0.1800 0.9837 -0.0049
vn 0.1488 0.9889 -0.0051
vn 0.1489 0.9888 -0.0055
vn 0.1126 0.9936 -0.0057
vn 0.5035 0.8640 0.0028
vn 0.4611 0.8873 0.0019
vn 0.4247 0.9053 0.0004
vn 0.3925 0.9198 -0.0013
vn 0.3635 0.9316 -0.0029
vn 0.3362 0.9418 -0.0044
vn 0.3364 0.9417 -0.0043
vn 0.3104 0.9506 -0.0052
vn 0.3103 0.9506 -0.0048
vn 0.2848 0.9586 -0.0059
vn 0.2849 0.9585 -0.0061
vn 0.2600 0.9656 -0.0069
vn 0.2599 0.9656 -0.0070
vn 0.2349 0.9720 -0.0070
vn 0.2349 0.9720 -0.0071
vn 0.2088 0.9779 -0.0072
vn 0.2089 0.9779 -0.0073
vn 0.1811 0.9834 -0.0072
vn 0.1811 0.9834 -0.0071
vn 0.1502 0.9886 -0.0073
vn 0.1146 0.9934 -0.0078
vn 0.1146 0.9934 -0.0079
vn 0.4982 0.8670 0.0018
vn 0.4570 0.8895 0.0008
vn 0.4216 0.9068 -0.0015
vn 0.3902 0.9207 -0.0042
vn 0.3618 0.9322 -0.0068
vn 0.3353 0.9421 -0.0089
vn 0.3097 0.9508 -0.0105
vn 0.2846 0.9586 -0.0117
vn 0.2601 0.9655 -0.0128
vn 0.2601 0.9655 -0.0127
vn 0.2355 0.9718 -0.0131
vn 0.2354 0.9718 -0.0131
vn 0.2101 0.9776 -0.0131
vn 0.1829 0.9830 -0.0129
vn 0.1529 0.9882 -0.0129
vn 0.1184 0.9929 -0.0137
vn 0.4913 0.8710 -0.0044
vn 0.4516 0.8922 -0.0052
vn 0.4174 0.9087 -0.0079
vn 0.3870 0.9220 -0.0113
vn 0.3595 0.9330 -0.0147
vn 0.3337 0.9425 -0.0175
vn 0.3088 0.9509 -0.0197
vn 0.2840 0.9586 -0.0215
vn 0.2841 0.9586 -0.0215
vn 0.2601 0.9653 -0.0224
vn 0.2601 0.9653 -0.0225
vn 0.2362 0.9714 -0.0228
vn 0.2115 0.9771 -0.0226
vn 0.1852 0.9824 -0.0222
vn 0.1852 0.9825 -0.0222
vn 0.1562 0.9875 -0.0224
vn 0.1232 0.9921 -0.0240
vn 0.4830 0.8755 -0.0161
vn 0.4454 0.8952 -0.0168
vn 0.4127 0.9106 -0.0195
vn 0.3834 0.9233 -0.0233
vn 0.3568 0.9338 -0.0273
vn 0.3318 0.9429 -0.0307
vn 0.3075 0.9510 -0.0333
vn 0.2833 0.9584 -0.0352
vn 0.2599 0.9649 -0.0365
vn 0.2599 0.9650 -0.0363
vn 0.2366 0.9709 -0.0364
vn 0.2366 0.9709 -0.0369
vn 0.2128 0.9764 -0.0365
vn 0.1873 0.9816 -0.0362
vn 0.1596 0.9865 -0.0367
vn 0.1282 0.9910 -0.0391
vn 0.4743 0.8798 -0.0324
vn 0.4390 0.8978 -0.0337
vn 0.4080 0.9122 -0.0372
vn 0.3796 0.9242 -0.0413
vn 0.3539 0.9342 -0.0456
vn 0.3296 0.9428 -0.0493
vn 0.3058 0.9507 -0.0521
vn 0.3058 0.9507 -0.0520
vn 0.2817 0.9580 -0.0540
vn 0.2818 0.9579 -0.0543
vn 0.2590 0.9643 -0.0558
vn 0.2589 0.9643 -0.0554
vn 0.2364 0.9700 -0.0563
vn 0.2133 0.9754 -0.0561
vn 0.1887 0.9805 -0.0558
vn 0.1887 0.9804 -0.0558
vn 0.1622 0.9852 -0.0560
vn 0.1327 0.9895 -0.0581
vn 0.4659 0.8831 -0.0556
vn 0.4333 0.8993 -0.0589
vn 0.4039 0.9126 -0.0628
vn 0.3762 0.9241 -0.0669
vn 0.3510 0.9337 -0.0710
vn 0.3271 0.9420 -0.0745
vn 0.3271 0.9420 -0.0746
vn 0.3036 0.9497 -0.0774
vn 0.2798 0.9567 -0.0797
vn 0.2801 0.9567 -0.0793
vn 0.2571 0.9629 -0.0815
vn 0.2571 0.9629 -0.0816
vn 0.2348 0.9685 -0.0827
vn 0.2348 0.9685 -0.0826
vn 0.2122 0.9737 -0.0830
vn 0.1882 0.9786 -0.0832
vn 0.1631 0.9831 -0.0831
vn 0.1359 0.9872 -0.0835
vn 0.4932 0.8665 0.0766
vn 0.4596 0.8847 0.0779
vn 0.4300 0.8990 0.0832
vn 0.4015 0.9118 0.0864
vn 0.4015 0.9118 0.0863
vn 0.3740 0.9231 0.0893
vn 0.3489 0.9326 0.0923
vn 0.3251 0.9409 0.0950
vn 0.3251 0.9409 0.0951
vn 0.3015 0.9485 0.0977
vn 0.3015 0.9485 0.0975
vn 0.2776 0.9555 0.0999
vn 0.2776 0.9555 0.0997
vn 0.2548 0.9616 0.1019
vn 0.2548 0.9616 0.1018
vn 0.2325 0.9671 0.1036
vn 0.2324 0.9671 0.1037
vn 0.2098 0.9721 0.1049
vn 0.2098 0.9721 0.1050
vn 0.1858 0.9769 0.1060
vn 0.1858 0.9769 0.1059
vn 0.1614 0.9811 0.1066
vn 0.1370 0.9850 0.1046
vn 0.1090 0.9884 0.1060
vn 0.1061 0.9916 0.0736
vn 0.0998 0.9937 0.0507
vn 0.0924 0.9952 0.0318
vn 0.0847 0.9963 0.0152
vn 0.0760 0.9971 0.0016
vn 0.0678 0.9977 -0.0036
vn 0.0636 0.9980 -0.0056
vn 0.0635 0.9980 -0.0069
vn 0.0635 0.9980 -0.0070
vn 0.0670 0.9977 -0.0095
vn 0.0735 0.9972 -0.0164
vn 0.0816 0.9963 -0.0281
vn 0.0817 0.9963 -0.0281
vn 0.0902 0.9949 -0.0450
vn 0.0980 0.9930 -0.0653
vn 0.1044 0.9905 -0.0890
vn 0.1074 0.9867 -0.1217
vn 0.1353 0.9835 -0.1201
vn 0.1598 0.9796 -0.1215
vn 0.1843 0.9754 -0.1207
vn 0.1843 0.9754 -0.1208
vn 0.2083 0.9708 -0.1193
vn 0.2082 0.9708 -0.1194
vn 0.2311 0.9658 -0.1178
vn 0.2311 0.9658 -0.1177
vn 0.2535 0.9604 -0.1159
vn 0.2533 0.9604 -0.1158
vn 0.2765 0.9543 -0.1135
vn 0.3006 0.9473 -0.1111
vn 0.3006 0.9473 -0.1109
vn 0.3243 0.9397 -0.1084
vn 0.3483 0.9314 -0.1053
vn 0.3483 0.9314 -0.1055
vn 0.3735 0.9220 -0.1023
vn 0.4011 0.9106 -0.0993
vn 0.4009 0.9107 -0.0994
vn 0.4297 0.8978 -0.0961
vn 0.4594 0.8836 -0.0909
vn 0.4931 0.8653 -0.0895
vn 0.5034 0.8621 -0.0581
vn 0.5154 0.8562 -0.0368
vn 0.5274 0.8494 -0.0203
vn 0.5385 0.8426 -0.0074
vn 0.5476 0.8368 -0.0001
vn 0.5543 0.8323 0.0018
vn 0.5579 0.8299 -0.0013
vn 0.5577 0.8300 -0.0084
vn 0.5538 0.8325 -0.0118
vn 0.5468 0.8372 -0.0102
vn 0.5376 0.8432 -0.0034
vn 0.5266 0.8500 0.0090
vn 0.5266 0.8501 0.0090
vn 0.5147 0.8570 0.0248
vn 0.5030 0.8631 0.0455
vn -0.3470 0.4060 -0.8454
vn -0.3462 0.7060 -0.6179
vn -0.3463 0.7059 -0.6179
vn -0.1043 0.8305 0.5472
vn -0.1535 0.8959 0.4170
vn -0.1535 0.8958 0.4170
vn 0.2432 0.9694 0.0320
vn 0.2432 0.9695 0.0320
vn 0.8113 0.4349 0.3907
vn 0.2335 0.9721 0.0220
vn 0.1892 0.9817 0.0237
vn 0.1277 0.9917 0.0148
vn 0.0429 0.9988 -0.0243
vn -0.0708 0.9903 -0.1194
vn 0.2943 0.9556 -0.0147
vn 0.2697 0.9626 -0.0251
vn 0.2224 0.9743 -0.0352
vn 0.1597 0.9866 -0.0330
vn 0.0742 0.9972 0.0134
vn 0.4360 0.6457 -0.6269
vn 0.0648 0.9957 0.0659
vn -0.0777 0.9558 0.2837
vn -0.1312 0.8900 -0.4366
vn -0.1811 0.9656 -0.1864
vn -0.2321 0.2784 0.9320
vn -0.2160 0.9231 -0.3182
vn -0.2423 0.6637 0.7077
vn -0.1800 0.9683 0.1731
vn -0.1799 0.9683 0.1730
vn -0.8699 0.4118 -0.2715
vn -0.7951 0.5310 0.2930
vn 0.9128 0.3530 -0.2055
vn -0.5283 0.8278 0.1889
vn 0.8957 0.4232 -0.1365
vn -0.4167 0.8997 0.1303
vn 0.9496 0.2930 -0.1117
vn -0.6160 0.7807 0.1055
vn 0.8083 0.5868 -0.0482
vn -0.4354 0.8985 0.0560
vn 0.3402 0.9402 0.0176
vn 0.3402 0.9402 0.0175
vn 0.7376 0.6751 0.0137
vn -0.2121 0.9772 -0.0074
vn 0.7906 0.6106 0.0469
vn -0.3353 0.9398 -0.0664
vn 0.9696 0.1955 0.1469
vn -0.2499 0.9526 0.1738
vn 0.1351 0.9906 -0.0202
vn 0.9750 0.1540 -0.1603
vn -0.5233 0.8467 0.0957
vn 0.8997 0.4332 -0.0534
vn -0.6905 0.7226 0.0321
vn 0.9567 0.2912 -0.0009
vn -0.4399 0.8978 -0.0232
vn 0.8879 0.4583 0.0412
vn -0.3329 0.9410 -0.0610
vn 0.8524 0.5172 0.0765
vn -0.6363 0.7612 -0.1255
vn 0.9187 0.3690 0.1410
vn -0.3267 0.9382 -0.1143
vn 0.8146 0.5496 0.1855
vn -0.4669 0.8688 -0.1646
vn 0.9482 0.1178 0.2950
vn 0.1411 0.9895 0.0299
vn -0.3096 0.9288 -0.2035
vn -0.1743 0.3776 -0.9094
vn 0.2895 0.2962 0.9102
vn 0.0600 0.3634 -0.9297
vn 0.0598 0.3635 -0.9297
vn -0.3795 0.8511 -0.3628
vn 0.8059 0.4223 0.4150
vn -0.6760 0.4410 -0.5904
vn 0.7439 0.1993 0.6379
vn -0.3568 0.6911 -0.6285
vn 0.6121 0.2292 0.7568
vn -0.1280 0.6513 -0.7479
vn -0.2496 0.9222 0.2953
vn 0.8300 0.4378 -0.3457
vn 0.5258 0.8503 -0.0240
vn -0.2798 0.5963 0.7525
vn 0.8096 0.3571 -0.4658
vn 0.6771 0.6672 -0.3106
vn 0.6771 0.6671 -0.3106
vn 0.0048 0.4782 0.8782
vn 0.4384 0.1898 -0.8785
vn -0.0496 0.5147 0.8560
vn 0.0408 0.4608 0.8866
vn 0.3430 0.6070 -0.7169
vn 0.5001 0.1724 0.8486
vn 0.3165 0.2103 -0.9250
vn 0.2712 0.6443 0.7151
vn 0.8684 0.4172 0.2682
vn 0.7831 0.5842 -0.2135
vn 0.0034 1.0000 -0.0000
vn 0.0038 1.0000 -0.0000
vn -0.5907 -0.8069 -0.0000
vn 0.9521 0.3057 -0.0000
vn 0.9522 0.3056 -0.0000
# 3252 vertex normals

vt 0.0000 0.0000 0.0000
vt 0.3805 0.0520 0.0000
vt 0.3788 0.0396 0.0000
vt 0.3827 0.0379 0.0000
vt 0.3859 0.0505 0.0000
vt 0.3864 0.0362 0.0000
vt 0.3912 0.0489 0.0000
vt 0.3901 0.0344 0.0000
vt 0.3964 0.0471 0.0000
vt 0.3936 0.0325 0.0000
vt 0.4014 0.0451 0.0000
vt 0.3971 0.0304 0.0000
vt 0.4061 0.0429 0.0000
vt 0.4003 0.0282 0.0000
vt 0.4105 0.0402 0.0000
vt 0.4033 0.0257 0.0000
vt 0.4144 0.0371 0.0000
vt 0.3820 0.0644 0.0000
vt 0.3889 0.0631 0.0000
vt 0.3958 0.0616 0.0000
vt 0.4025 0.0599 0.0000
vt 0.4090 0.0580 0.0000
vt 0.4152 0.0555 0.0000
vt 0.4209 0.0525 0.0000
vt 0.4258 0.0487 0.0000
vt 0.3917 0.0757 0.0000
vt 0.3833 0.0769 0.0000
vt 0.4000 0.0744 0.0000
vt 0.4083 0.0729 0.0000
vt 0.4165 0.0710 0.0000
vt 0.4243 0.0685 0.0000
vt 0.4314 0.0651 0.0000
vt 0.4375 0.0606 0.0000
vt 0.3845 0.0893 0.0000
vt 0.3941 0.0884 0.0000
vt 0.4038 0.0873 0.0000
vt 0.4136 0.0860 0.0000
vt 0.4236 0.0843 0.0000
vt 0.4334 0.0819 0.0000
vt 0.4423 0.0784 0.0000
vt 0.4498 0.0732 0.0000
vt 0.3854 0.1017 0.0000
vt 0.3959 0.1010 0.0000
vt 0.4068 0.1002 0.0000
vt 0.4180 0.0992 0.0000
vt 0.4298 0.0979 0.0000
vt 0.4418 0.0959 0.0000
vt 0.3971 0.1137 0.0000
vt 0.3860 0.1142 0.0000
vt 0.4088 0.1132 0.0000
vt 0.4210 0.1125 0.0000
vt 0.4341 0.1117 0.0000
vt 0.4485 0.1105 0.0000
vt 0.4195 0.0035 0.0000
vt 0.4315 0.0052 0.0000
vt 0.4297 0.0103 0.0000
vt 0.4175 0.0070 0.0000
vt 0.4435 0.0067 0.0000
vt 0.4419 0.0134 0.0000
vt 0.4541 0.0162 0.0000
vt 0.4555 0.0081 0.0000
vt 0.4278 0.0153 0.0000
vt 0.4155 0.0104 0.0000
vt 0.4401 0.0200 0.0000
vt 0.4525 0.0243 0.0000
vt 0.4663 0.0186 0.0000
vt 0.4650 0.0281 0.0000
vt 0.4257 0.0202 0.0000
vt 0.4133 0.0138 0.0000
vt 0.4382 0.0265 0.0000
vt 0.4507 0.0324 0.0000
vt 0.4635 0.0378 0.0000
vt 0.4234 0.0249 0.0000
vt 0.4111 0.0170 0.0000
vt 0.4359 0.0327 0.0000
vt 0.4486 0.0403 0.0000
vt 0.4616 0.0476 0.0000
vt 0.4208 0.0294 0.0000
vt 0.4087 0.0201 0.0000
vt 0.4332 0.0386 0.0000
vt 0.4458 0.0479 0.0000
vt 0.4590 0.0572 0.0000
vt 0.4178 0.0334 0.0000
vt 0.4061 0.0230 0.0000
vt 0.4298 0.0440 0.0000
vt 0.4422 0.0548 0.0000
vt 0.4552 0.0659 0.0000
vt 0.4268 0.2494 0.0000
vt 0.4151 0.2487 0.0000
vt 0.4135 0.2446 0.0000
vt 0.4255 0.2422 0.0000
vt 0.4118 0.2407 0.0000
vt 0.4241 0.2362 0.0000
vt 0.4100 0.2373 0.0000
vt 0.4224 0.2309 0.0000
vt 0.4081 0.2341 0.0000
vt 0.4205 0.2261 0.0000
vt 0.4060 0.2311 0.0000
vt 0.4183 0.2217 0.0000
vt 0.4038 0.2284 0.0000
vt 0.4156 0.2177 0.0000
vt 0.4013 0.2259 0.0000
vt 0.4125 0.2143 0.0000
vt 0.4376 0.2397 0.0000
vt 0.4386 0.2486 0.0000
vt 0.4363 0.2318 0.0000
vt 0.4349 0.2247 0.0000
vt 0.4330 0.2182 0.0000
vt 0.4307 0.2122 0.0000
vt 0.4278 0.2069 0.0000
vt 0.4240 0.2025 0.0000
vt 0.4504 0.2473 0.0000
vt 0.4496 0.2370 0.0000
vt 0.4487 0.2276 0.0000
vt 0.4474 0.2188 0.0000
vt 0.4458 0.2104 0.0000
vt 0.4435 0.2026 0.0000
vt 0.4403 0.1958 0.0000
vt 0.4360 0.1902 0.0000
vt 0.4623 0.2458 0.0000
vt 0.4618 0.2345 0.0000
vt 0.4611 0.2237 0.0000
vt 0.4601 0.2132 0.0000
vt 0.4588 0.2029 0.0000
vt 0.4568 0.1932 0.0000
vt 0.4535 0.1845 0.0000
vt 0.4485 0.1774 0.0000
vt 0.4676 0.1728 0.0000
vt 0.4705 0.1843 0.0000
vt 0.4619 0.1636 0.0000
vt 0.3822 0.2152 0.0000
vt 0.3786 0.2139 0.0000
vt 0.3803 0.2014 0.0000
vt 0.3855 0.2026 0.0000
vt 0.3818 0.1889 0.0000
vt 0.3886 0.1899 0.0000
vt 0.3832 0.1765 0.0000
vt 0.3914 0.1772 0.0000
vt 0.3844 0.1640 0.0000
vt 0.3939 0.1645 0.0000
vt 0.3853 0.1515 0.0000
vt 0.3958 0.1518 0.0000
vt 0.3859 0.1391 0.0000
vt 0.3971 0.1391 0.0000
vt 0.3862 0.1266 0.0000
vt 0.3976 0.1264 0.0000
vt 0.3857 0.2167 0.0000
vt 0.3906 0.2039 0.0000
vt 0.3952 0.1910 0.0000
vt 0.3996 0.1781 0.0000
vt 0.4034 0.1652 0.0000
vt 0.4065 0.1522 0.0000
vt 0.4086 0.1392 0.0000
vt 0.4094 0.1261 0.0000
vt 0.3955 0.2053 0.0000
vt 0.3891 0.2182 0.0000
vt 0.4018 0.1924 0.0000
vt 0.4077 0.1793 0.0000
vt 0.4132 0.1661 0.0000
vt 0.4177 0.1527 0.0000
vt 0.4209 0.1393 0.0000
vt 0.4221 0.1259 0.0000
vt 0.4003 0.2070 0.0000
vt 0.3924 0.2199 0.0000
vt 0.4081 0.1940 0.0000
vt 0.4157 0.1808 0.0000
vt 0.4230 0.1673 0.0000
vt 0.4294 0.1536 0.0000
vt 0.4339 0.1396 0.0000
vt 0.4358 0.1256 0.0000
vt 0.4048 0.2090 0.0000
vt 0.3956 0.2217 0.0000
vt 0.4140 0.1962 0.0000
vt 0.4234 0.1829 0.0000
vt 0.4326 0.1693 0.0000
vt 0.4413 0.1551 0.0000
vt 0.4482 0.1404 0.0000
vt 0.4512 0.1254 0.0000
vt 0.3985 0.2237 0.0000
vt 0.4089 0.2114 0.0000
vt 0.4194 0.1989 0.0000
vt 0.4302 0.1860 0.0000
vt 0.4413 0.1725 0.0000
vt 0.4527 0.1580 0.0000
vt 0.3750 0.0412 0.0000
vt 0.3750 0.0290 0.0000
vt 0.3772 0.0272 0.0000
vt 0.3793 0.0253 0.0000
vt 0.3815 0.0235 0.0000
vt 0.3837 0.0217 0.0000
vt 0.3858 0.0199 0.0000
vt 0.3880 0.0181 0.0000
vt 0.3902 0.0163 0.0000
vt 0.3923 0.0145 0.0000
vt 0.3750 0.0534 0.0000
vt 0.3750 0.0657 0.0000
vt 0.3750 0.0779 0.0000
vt 0.3750 0.0901 0.0000
vt 0.3750 0.1024 0.0000
vt 0.3750 0.1146 0.0000
vt 0.3750 0.1268 0.0000
vt 0.4097 0.0000 0.0000
vt 0.4215 0.0000 0.0000
vt 0.4075 0.0018 0.0000
vt 0.4332 0.0000 0.0000
vt 0.4450 0.0000 0.0000
vt 0.4568 0.0000 0.0000
vt 0.4054 0.0036 0.0000
vt 0.4032 0.0054 0.0000
vt 0.4010 0.0072 0.0000
vt 0.3989 0.0091 0.0000
vt 0.3967 0.0109 0.0000
vt 0.3945 0.0127 0.0000
vt 0.4034 0.2484 0.0000
vt 0.4165 0.2550 0.0000
vt 0.4053 0.2500 0.0000
vt 0.4015 0.2468 0.0000
vt 0.3996 0.2453 0.0000
vt 0.3977 0.2437 0.0000
vt 0.3958 0.2421 0.0000
vt 0.3939 0.2405 0.0000
vt 0.3920 0.2389 0.0000
vt 0.3901 0.2374 0.0000
vt 0.4278 0.2584 0.0000
vt 0.4394 0.2589 0.0000
vt 0.4510 0.2585 0.0000
vt 0.4626 0.2578 0.0000
vt 0.3750 0.2125 0.0000
vt 0.3769 0.2263 0.0000
vt 0.3750 0.2247 0.0000
vt 0.3750 0.2003 0.0000
vt 0.3750 0.1880 0.0000
vt 0.3750 0.1758 0.0000
vt 0.3750 0.1636 0.0000
vt 0.3750 0.1513 0.0000
vt 0.3750 0.1391 0.0000
vt 0.3788 0.2279 0.0000
vt 0.3807 0.2295 0.0000
vt 0.3826 0.2311 0.0000
vt 0.3845 0.2326 0.0000
vt 0.3864 0.2342 0.0000
vt 0.3882 0.2358 0.0000
vt 0.4326 0.7824 0.0000
vt 0.4332 0.7674 0.0000
vt 0.4425 0.7696 0.0000
vt 0.4425 0.7833 0.0000
vt 0.4523 0.7704 0.0000
vt 0.4525 0.7839 0.0000
vt 0.4624 0.7705 0.0000
vt 0.4625 0.7841 0.0000
vt 0.4421 0.7979 0.0000
vt 0.4320 0.7974 0.0000
vt 0.4523 0.7983 0.0000
vt 0.4625 0.7985 0.0000
vt 0.4416 0.8130 0.0000
vt 0.4313 0.8128 0.0000
vt 0.4519 0.8132 0.0000
vt 0.4622 0.8133 0.0000
vt 0.4305 0.8282 0.0000
vt 0.4410 0.8284 0.0000
vt 0.4515 0.8284 0.0000
vt 0.4619 0.8285 0.0000
vt 0.4404 0.8438 0.0000
vt 0.4297 0.8438 0.0000
vt 0.4510 0.8439 0.0000
vt 0.4615 0.8439 0.0000
vt 0.4397 0.8594 0.0000
vt 0.4289 0.8594 0.0000
vt 0.4504 0.8594 0.0000
vt 0.4611 0.8594 0.0000
vt 0.4281 0.8750 0.0000
vt 0.4390 0.8750 0.0000
vt 0.4498 0.8750 0.0000
vt 0.4606 0.8750 0.0000
vt 0.4383 0.8906 0.0000
vt 0.4273 0.8906 0.0000
vt 0.4492 0.8906 0.0000
vt 0.4601 0.8906 0.0000
vt 0.4376 0.9063 0.0000
vt 0.4265 0.9063 0.0000
vt 0.4486 0.9063 0.0000
vt 0.4596 0.9063 0.0000
vt 0.4256 0.9219 0.0000
vt 0.4369 0.9219 0.0000
vt 0.4480 0.9219 0.0000
vt 0.4592 0.9219 0.0000
vt 0.4361 0.9375 0.0000
vt 0.4248 0.9375 0.0000
vt 0.4474 0.9375 0.0000
vt 0.4587 0.9375 0.0000
vt 0.4354 0.9531 0.0000
vt 0.4240 0.9531 0.0000
vt 0.4468 0.9531 0.0000
vt 0.4582 0.9531 0.0000
vt 0.4231 0.9688 0.0000
vt 0.4347 0.9688 0.0000
vt 0.4462 0.9688 0.0000
vt 0.4577 0.9688 0.0000
vt 0.4340 0.9844 0.0000
vt 0.4223 0.9844 0.0000
vt 0.4456 0.9844 0.0000
vt 0.4573 0.9844 0.0000
vt 0.4238 0.7656 0.0000
vt 0.4247 0.7500 0.0000
vt 0.4332 0.7545 0.0000
vt 0.4420 0.7576 0.0000
vt 0.4518 0.7581 0.0000
vt 0.4619 0.7578 0.0000
vt 0.4568 1.0000 0.0000
vt 0.4450 1.0000 0.0000
vt 0.4332 1.0000 0.0000
vt 0.4215 1.0000 0.0000
vt 0.4097 1.0000 0.0000
vt 0.4106 0.9844 0.0000
vt 0.4116 0.9688 0.0000
vt 0.4125 0.9531 0.0000
vt 0.4135 0.9375 0.0000
vt 0.4144 0.9219 0.0000
vt 0.4153 0.9062 0.0000
vt 0.4163 0.8906 0.0000
vt 0.4172 0.8750 0.0000
vt 0.4182 0.8594 0.0000
vt 0.4191 0.8438 0.0000
vt 0.4200 0.8281 0.0000
vt 0.4210 0.8125 0.0000
vt 0.4219 0.7969 0.0000
vt 0.4229 0.7812 0.0000
vt 0.4182 0.2825 0.0000
vt 0.4174 0.2676 0.0000
vt 0.4287 0.2700 0.0000
vt 0.4294 0.2835 0.0000
vt 0.4401 0.2708 0.0000
vt 0.4407 0.2841 0.0000
vt 0.4515 0.2709 0.0000
vt 0.4520 0.2844 0.0000
vt 0.4630 0.2707 0.0000
vt 0.4632 0.2843 0.0000
vt 0.4301 0.2980 0.0000
vt 0.4189 0.2975 0.0000
vt 0.4412 0.2984 0.0000
vt 0.4524 0.2986 0.0000
vt 0.4635 0.2986 0.0000
vt 0.4307 0.3130 0.0000
vt 0.4196 0.3128 0.0000
vt 0.4417 0.3132 0.0000
vt 0.4527 0.3134 0.0000
vt 0.4637 0.3134 0.0000
vt 0.4313 0.3283 0.0000
vt 0.4203 0.3282 0.0000
vt 0.4422 0.3284 0.0000
vt 0.4531 0.3285 0.0000
vt 0.4639 0.3285 0.0000
vt 0.4319 0.3438 0.0000
vt 0.4210 0.3438 0.0000
vt 0.4427 0.3438 0.0000
vt 0.4534 0.3439 0.0000
vt 0.4641 0.3439 0.0000
vt 0.4325 0.3594 0.0000
vt 0.4218 0.3594 0.0000
vt 0.4432 0.3594 0.0000
vt 0.4538 0.3594 0.0000
vt 0.4644 0.3594 0.0000
vt 0.4331 0.3750 0.0000
vt 0.4225 0.3750 0.0000
vt 0.4437 0.3750 0.0000
vt 0.4542 0.3750 0.0000
vt 0.4646 0.3750 0.0000
vt 0.4337 0.3906 0.0000
vt 0.4232 0.3906 0.0000
vt 0.4442 0.3906 0.0000
vt 0.4546 0.3906 0.0000
vt 0.4649 0.3906 0.0000
vt 0.4343 0.4062 0.0000
vt 0.4239 0.4062 0.0000
vt 0.4447 0.4062 0.0000
vt 0.4550 0.4062 0.0000
vt 0.4652 0.4062 0.0000
vt 0.4349 0.4217 0.0000
vt 0.4246 0.4218 0.0000
vt 0.4452 0.4216 0.0000
vt 0.4554 0.4216 0.0000
vt 0.4655 0.4216 0.0000
vt 0.4354 0.4370 0.0000
vt 0.4253 0.4372 0.0000
vt 0.4456 0.4368 0.0000
vt 0.4557 0.4367 0.0000
vt 0.4658 0.4367 0.0000
vt 0.4360 0.4521 0.0000
vt 0.4259 0.4526 0.0000
vt 0.4460 0.4518 0.0000
vt 0.4560 0.4516 0.0000
vt 0.4661 0.4516 0.0000
vt 0.4363 0.4667 0.0000
vt 0.4265 0.4676 0.0000
vt 0.4462 0.4662 0.0000
vt 0.4562 0.4659 0.0000
vt 0.4662 0.4660 0.0000
vt 0.4364 0.4804 0.0000
vt 0.4270 0.4826 0.0000
vt 0.4462 0.4796 0.0000
vt 0.4562 0.4796 0.0000
vt 0.4663 0.4798 0.0000
vt 0.4061 0.2656 0.0000
vt 0.4560 0.4922 0.0000
vt 0.4459 0.4919 0.0000
vt 0.4361 0.4923 0.0000
vt 0.4270 0.4955 0.0000
vt 0.4184 0.5000 0.0000
vt 0.4176 0.4844 0.0000
vt 0.4167 0.4688 0.0000
vt 0.4159 0.4531 0.0000
vt 0.4151 0.4375 0.0000
vt 0.4143 0.4219 0.0000
vt 0.4135 0.4062 0.0000
vt 0.4126 0.3906 0.0000
vt 0.4118 0.3750 0.0000
vt 0.4110 0.3594 0.0000
vt 0.4102 0.3438 0.0000
vt 0.4094 0.3281 0.0000
vt 0.4085 0.3125 0.0000
vt 0.4077 0.2969 0.0000
vt 0.4069 0.2812 0.0000
vt 0.1564 0.7125 0.0000
vt 0.1564 0.7169 0.0000
vt 0.1408 0.7207 0.0000
vt 0.1407 0.7178 0.0000
vt 0.1720 0.7086 0.0000
vt 0.1720 0.7136 0.0000
vt 0.1876 0.7054 0.0000
vt 0.1877 0.7108 0.0000
vt 0.2032 0.7028 0.0000
vt 0.2033 0.7084 0.0000
vt 0.2189 0.7008 0.0000
vt 0.2189 0.7064 0.0000
vt 0.2345 0.6992 0.0000
vt 0.2345 0.7049 0.0000
vt 0.2501 0.6980 0.0000
vt 0.2501 0.7037 0.0000
vt 0.2657 0.6971 0.0000
vt 0.2657 0.7029 0.0000
vt 0.2813 0.6967 0.0000
vt 0.2813 0.7024 0.0000
vt 0.2969 0.6966 0.0000
vt 0.2970 0.7022 0.0000
vt 0.3125 0.6969 0.0000
vt 0.3125 0.7024 0.0000
vt 0.3280 0.6977 0.0000
vt 0.3281 0.7029 0.0000
vt 0.3436 0.6990 0.0000
vt 0.3437 0.7038 0.0000
vt 0.3587 0.7010 0.0000
vt 0.3594 0.7050 0.0000
vt 0.1565 0.7205 0.0000
vt 0.1408 0.7234 0.0000
vt 0.1721 0.7178 0.0000
vt 0.1877 0.7153 0.0000
vt 0.2033 0.7132 0.0000
vt 0.2189 0.7115 0.0000
vt 0.2345 0.7100 0.0000
vt 0.2501 0.7089 0.0000
vt 0.2658 0.7080 0.0000
vt 0.2814 0.7075 0.0000
vt 0.2970 0.7072 0.0000
vt 0.3126 0.7072 0.0000
vt 0.3282 0.7075 0.0000
vt 0.3438 0.7080 0.0000
vt 0.3594 0.7087 0.0000
vt 0.1565 0.7236 0.0000
vt 0.1409 0.7259 0.0000
vt 0.1721 0.7213 0.0000
vt 0.1877 0.7193 0.0000
vt 0.2033 0.7175 0.0000
vt 0.2190 0.7159 0.0000
vt 0.2346 0.7146 0.0000
vt 0.2502 0.7135 0.0000
vt 0.2658 0.7127 0.0000
vt 0.2814 0.7121 0.0000
vt 0.2970 0.7118 0.0000
vt 0.3126 0.7116 0.0000
vt 0.3282 0.7117 0.0000
vt 0.3438 0.7119 0.0000
vt 0.3594 0.7122 0.0000
vt 0.1566 0.7263 0.0000
vt 0.1410 0.7282 0.0000
vt 0.1722 0.7245 0.0000
vt 0.1878 0.7228 0.0000
vt 0.2034 0.7213 0.0000
vt 0.2190 0.7199 0.0000
vt 0.2346 0.7187 0.0000
vt 0.2502 0.7177 0.0000
vt 0.2658 0.7170 0.0000
vt 0.2814 0.7164 0.0000
vt 0.2970 0.7160 0.0000
vt 0.3126 0.7157 0.0000
vt 0.3282 0.7156 0.0000
vt 0.3438 0.7155 0.0000
vt 0.3594 0.7156 0.0000
vt 0.1566 0.7288 0.0000
vt 0.1410 0.7304 0.0000
vt 0.1722 0.7274 0.0000
vt 0.1878 0.7260 0.0000
vt 0.2034 0.7247 0.0000
vt 0.2190 0.7235 0.0000
vt 0.2346 0.7225 0.0000
vt 0.2502 0.7216 0.0000
vt 0.2658 0.7208 0.0000
vt 0.2814 0.7203 0.0000
vt 0.2970 0.7198 0.0000
vt 0.3126 0.7195 0.0000
vt 0.3282 0.7192 0.0000
vt 0.3438 0.7190 0.0000
vt 0.3594 0.7189 0.0000
vt 0.1567 0.7312 0.0000
vt 0.1411 0.7325 0.0000
vt 0.1723 0.7300 0.0000
vt 0.1879 0.7289 0.0000
vt 0.2035 0.7278 0.0000
vt 0.2191 0.7268 0.0000
vt 0.2347 0.7259 0.0000
vt 0.2503 0.7251 0.0000
vt 0.2659 0.7244 0.0000
vt 0.2815 0.7239 0.0000
vt 0.2970 0.7234 0.0000
vt 0.3126 0.7230 0.0000
vt 0.3282 0.7227 0.0000
vt 0.3438 0.7224 0.0000
vt 0.3594 0.7221 0.0000
vt 0.1568 0.7335 0.0000
vt 0.1412 0.7345 0.0000
vt 0.1723 0.7325 0.0000
vt 0.1879 0.7316 0.0000
vt 0.2035 0.7307 0.0000
vt 0.2191 0.7298 0.0000
vt 0.2347 0.7291 0.0000
vt 0.2503 0.7284 0.0000
vt 0.2659 0.7278 0.0000
vt 0.2815 0.7272 0.0000
vt 0.2971 0.7268 0.0000
vt 0.3126 0.7263 0.0000
vt 0.3282 0.7260 0.0000
vt 0.3438 0.7256 0.0000
vt 0.3594 0.7253 0.0000
vt 0.1568 0.7357 0.0000
vt 0.1412 0.7365 0.0000
vt 0.1724 0.7349 0.0000
vt 0.1880 0.7342 0.0000
vt 0.2036 0.7334 0.0000
vt 0.2192 0.7327 0.0000
vt 0.2347 0.7321 0.0000
vt 0.2503 0.7315 0.0000
vt 0.2659 0.7309 0.0000
vt 0.2815 0.7304 0.0000
vt 0.2971 0.7300 0.0000
vt 0.3127 0.7296 0.0000
vt 0.3282 0.7292 0.0000
vt 0.3438 0.7288 0.0000
vt 0.3594 0.7285 0.0000
vt 0.1569 0.7379 0.0000
vt 0.1413 0.7385 0.0000
vt 0.1725 0.7372 0.0000
vt 0.1880 0.7366 0.0000
vt 0.2036 0.7360 0.0000
vt 0.2192 0.7355 0.0000
vt 0.2348 0.7349 0.0000
vt 0.2504 0.7344 0.0000
vt 0.2659 0.7339 0.0000
vt 0.2815 0.7335 0.0000
vt 0.2971 0.7331 0.0000
vt 0.3127 0.7327 0.0000
vt 0.3283 0.7323 0.0000
vt 0.3438 0.7320 0.0000
vt 0.3594 0.7316 0.0000
vt 0.1414 0.7405 0.0000
vt 0.1569 0.7400 0.0000
vt 0.1725 0.7395 0.0000
vt 0.1881 0.7390 0.0000
vt 0.2037 0.7385 0.0000
vt 0.2192 0.7381 0.0000
vt 0.2348 0.7376 0.0000
vt 0.2504 0.7372 0.0000
vt 0.2660 0.7368 0.0000
vt 0.2815 0.7364 0.0000
vt 0.2971 0.7361 0.0000
vt 0.3127 0.7357 0.0000
vt 0.3283 0.7354 0.0000
vt 0.3438 0.7350 0.0000
vt 0.3594 0.7347 0.0000
vt 0.1414 0.7424 0.0000
vt 0.1570 0.7420 0.0000
vt 0.1726 0.7416 0.0000
vt 0.1881 0.7413 0.0000
vt 0.2037 0.7409 0.0000
vt 0.2193 0.7406 0.0000
vt 0.2349 0.7402 0.0000
vt 0.2504 0.7399 0.0000
vt 0.2660 0.7396 0.0000
vt 0.2816 0.7393 0.0000
vt 0.2971 0.7390 0.0000
vt 0.3127 0.7387 0.0000
vt 0.3283 0.7384 0.0000
vt 0.3439 0.7381 0.0000
vt 0.3594 0.7378 0.0000
vt 0.1415 0.7443 0.0000
vt 0.1571 0.7440 0.0000
vt 0.1726 0.7438 0.0000
vt 0.1882 0.7435 0.0000
vt 0.2038 0.7433 0.0000
vt 0.2193 0.7430 0.0000
vt 0.2349 0.7427 0.0000
vt 0.2505 0.7425 0.0000
vt 0.2660 0.7423 0.0000
vt 0.2816 0.7420 0.0000
vt 0.2972 0.7418 0.0000
vt 0.3127 0.7415 0.0000
vt 0.3283 0.7413 0.0000
vt 0.3439 0.7411 0.0000
vt 0.3594 0.7409 0.0000
vt 0.1416 0.7462 0.0000
vt 0.1571 0.7460 0.0000
vt 0.1727 0.7459 0.0000
vt 0.1883 0.7457 0.0000
vt 0.2038 0.7455 0.0000
vt 0.2194 0.7454 0.0000
vt 0.2349 0.7452 0.0000
vt 0.2505 0.7450 0.0000
vt 0.2661 0.7449 0.0000
vt 0.2816 0.7447 0.0000
vt 0.2972 0.7446 0.0000
vt 0.3128 0.7444 0.0000
vt 0.3283 0.7442 0.0000
vt 0.3439 0.7441 0.0000
vt 0.3594 0.7439 0.0000
vt 0.1416 0.7481 0.0000
vt 0.1572 0.7480 0.0000
vt 0.1728 0.7479 0.0000
vt 0.1883 0.7479 0.0000
vt 0.2039 0.7478 0.0000
vt 0.2194 0.7477 0.0000
vt 0.2350 0.7476 0.0000
vt 0.2505 0.7475 0.0000
vt 0.2661 0.7474 0.0000
vt 0.2817 0.7474 0.0000
vt 0.2972 0.7473 0.0000
vt 0.3128 0.7472 0.0000
vt 0.3283 0.7471 0.0000
vt 0.3439 0.7470 0.0000
vt 0.3594 0.7470 0.0000
vt 0.1250 0.7210 0.0000
vt 0.1407 0.7132 0.0000
vt 0.1251 0.7228 0.0000
vt 0.1563 0.7066 0.0000
vt 0.1720 0.7024 0.0000
vt 0.1876 0.6991 0.0000
vt 0.2032 0.6965 0.0000
vt 0.2188 0.6944 0.0000
vt 0.2345 0.6928 0.0000
vt 0.2501 0.6916 0.0000
vt 0.2657 0.6908 0.0000
vt 0.2813 0.6904 0.0000
vt 0.2969 0.6904 0.0000
vt 0.3124 0.6908 0.0000
vt 0.3278 0.6917 0.0000
vt 0.3432 0.6933 0.0000
vt 0.3590 0.6963 0.0000
vt 0.3750 0.7032 0.0000
vt 0.3750 0.7000 0.0000
vt 0.3750 0.7063 0.0000
vt 0.3750 0.7094 0.0000
vt 0.3750 0.7125 0.0000
vt 0.3750 0.7157 0.0000
vt 0.3750 0.7188 0.0000
vt 0.3750 0.7219 0.0000
vt 0.3750 0.7250 0.0000
vt 0.3750 0.7281 0.0000
vt 0.3750 0.7313 0.0000
vt 0.3750 0.7344 0.0000
vt 0.3750 0.7375 0.0000
vt 0.3750 0.7406 0.0000
vt 0.3750 0.7438 0.0000
vt 0.3750 0.7469 0.0000
vt 0.3750 0.7500 0.0000
vt 0.3594 0.7500 0.0000
vt 0.3439 0.7500 0.0000
vt 0.3283 0.7500 0.0000
vt 0.3128 0.7500 0.0000
vt 0.2972 0.7500 0.0000
vt 0.2817 0.7500 0.0000
vt 0.2661 0.7500 0.0000
vt 0.2506 0.7500 0.0000
vt 0.2350 0.7500 0.0000
vt 0.2195 0.7500 0.0000
vt 0.2039 0.7500 0.0000
vt 0.1884 0.7500 0.0000
vt 0.1728 0.7500 0.0000
vt 0.1573 0.7500 0.0000
vt 0.1417 0.7500 0.0000
vt 0.1262 0.7500 0.0000
vt 0.1261 0.7482 0.0000
vt 0.1260 0.7464 0.0000
vt 0.1259 0.7446 0.0000
vt 0.1259 0.7428 0.0000
vt 0.1258 0.7409 0.0000
vt 0.1257 0.7391 0.0000
vt 0.1256 0.7373 0.0000
vt 0.1256 0.7355 0.0000
vt 0.1255 0.7337 0.0000
vt 0.1254 0.7319 0.0000
vt 0.1254 0.7301 0.0000
vt 0.1253 0.7283 0.0000
vt 0.1252 0.7265 0.0000
vt 0.1251 0.7247 0.0000
vt 0.3768 0.5612 0.0000
vt 0.3773 0.5514 0.0000
vt 0.3825 0.5487 0.0000
vt 0.3846 0.5592 0.0000
vt 0.3873 0.5463 0.0000
vt 0.3914 0.5572 0.0000
vt 0.3917 0.5438 0.0000
vt 0.3975 0.5549 0.0000
vt 0.3959 0.5411 0.0000
vt 0.4032 0.5524 0.0000
vt 0.3998 0.5383 0.0000
vt 0.4084 0.5496 0.0000
vt 0.4132 0.5463 0.0000
vt 0.4035 0.5354 0.0000
vt 0.4070 0.5321 0.0000
vt 0.4174 0.5426 0.0000
vt 0.3870 0.5699 0.0000
vt 0.3776 0.5714 0.0000
vt 0.3955 0.5681 0.0000
vt 0.4032 0.5662 0.0000
vt 0.4104 0.5638 0.0000
vt 0.4171 0.5610 0.0000
vt 0.4230 0.5576 0.0000
vt 0.4282 0.5534 0.0000
vt 0.3788 0.5816 0.0000
vt 0.3894 0.5805 0.0000
vt 0.3993 0.5791 0.0000
vt 0.4087 0.5775 0.0000
vt 0.4176 0.5755 0.0000
vt 0.4258 0.5728 0.0000
vt 0.4331 0.5693 0.0000
vt 0.4393 0.5645 0.0000
vt 0.3918 0.5912 0.0000
vt 0.3802 0.5920 0.0000
vt 0.4030 0.5902 0.0000
vt 0.4138 0.5890 0.0000
vt 0.4245 0.5874 0.0000
vt 0.4346 0.5851 0.0000
vt 0.4436 0.5815 0.0000
vt 0.4510 0.5762 0.0000
vt 0.3938 0.6019 0.0000
vt 0.3814 0.6024 0.0000
vt 0.4060 0.6013 0.0000
vt 0.4182 0.6006 0.0000
vt 0.4305 0.5996 0.0000
vt 0.4427 0.5978 0.0000
vt 0.4543 0.5947 0.0000
vt 0.4637 0.5890 0.0000
vt 0.3952 0.6126 0.0000
vt 0.3824 0.6128 0.0000
vt 0.4081 0.6125 0.0000
vt 0.4212 0.6122 0.0000
vt 0.4349 0.6119 0.0000
vt 0.4494 0.6111 0.0000
vt 0.4651 0.6094 0.0000
vt 0.4254 0.5025 0.0000
vt 0.4351 0.5019 0.0000
vt 0.4336 0.5097 0.0000
vt 0.4233 0.5075 0.0000
vt 0.4452 0.5026 0.0000
vt 0.4441 0.5121 0.0000
vt 0.4555 0.5039 0.0000
vt 0.4547 0.5145 0.0000
vt 0.4318 0.5165 0.0000
vt 0.4210 0.5124 0.0000
vt 0.4426 0.5206 0.0000
vt 0.4536 0.5245 0.0000
vt 0.4296 0.5226 0.0000
vt 0.4186 0.5168 0.0000
vt 0.4408 0.5283 0.0000
vt 0.4521 0.5338 0.0000
vt 0.4635 0.5390 0.0000
vt 0.4646 0.5281 0.0000
vt 0.4272 0.5283 0.0000
vt 0.4160 0.5210 0.0000
vt 0.4385 0.5356 0.0000
vt 0.4501 0.5427 0.0000
vt 0.4620 0.5497 0.0000
vt 0.4244 0.5336 0.0000
vt 0.4132 0.5249 0.0000
vt 0.4358 0.5422 0.0000
vt 0.4475 0.5510 0.0000
vt 0.4597 0.5598 0.0000
vt 0.4212 0.5383 0.0000
vt 0.4102 0.5287 0.0000
vt 0.4324 0.5482 0.0000
vt 0.4440 0.5583 0.0000
vt 0.4562 0.5688 0.0000
vt 0.4408 0.7479 0.0000
vt 0.4312 0.7472 0.0000
vt 0.4287 0.7418 0.0000
vt 0.4389 0.7398 0.0000
vt 0.4260 0.7367 0.0000
vt 0.4366 0.7328 0.0000
vt 0.4231 0.7319 0.0000
vt 0.4340 0.7264 0.0000
vt 0.4201 0.7274 0.0000
vt 0.4311 0.7204 0.0000
vt 0.4169 0.7231 0.0000
vt 0.4279 0.7148 0.0000
vt 0.4135 0.7190 0.0000
vt 0.4242 0.7097 0.0000
vt 0.4099 0.7151 0.0000
vt 0.4201 0.7051 0.0000
vt 0.4493 0.7376 0.0000
vt 0.4508 0.7472 0.0000
vt 0.4474 0.7289 0.0000
vt 0.4450 0.7210 0.0000
vt 0.4423 0.7135 0.0000
vt 0.4391 0.7066 0.0000
vt 0.4352 0.7003 0.0000
vt 0.4305 0.6948 0.0000
vt 0.4598 0.7353 0.0000
vt 0.4611 0.7461 0.0000
vt 0.4582 0.7253 0.0000
vt 0.4562 0.7158 0.0000
vt 0.4537 0.7067 0.0000
vt 0.4506 0.6982 0.0000
vt 0.4466 0.6906 0.0000
vt 0.4413 0.6842 0.0000
vt 0.4626 0.6899 0.0000
vt 0.4655 0.7002 0.0000
vt 0.4585 0.6807 0.0000
vt 0.4527 0.6730 0.0000
vt 0.3773 0.6838 0.0000
vt 0.3853 0.6861 0.0000
vt 0.3832 0.6962 0.0000
vt 0.3777 0.6932 0.0000
vt 0.3780 0.6740 0.0000
vt 0.3876 0.6759 0.0000
vt 0.3791 0.6641 0.0000
vt 0.3899 0.6655 0.0000
vt 0.3804 0.6540 0.0000
vt 0.3922 0.6551 0.0000
vt 0.3816 0.6438 0.0000
vt 0.3941 0.6446 0.0000
vt 0.3825 0.6335 0.0000
vt 0.3954 0.6340 0.0000
vt 0.3828 0.6231 0.0000
vt 0.3958 0.6234 0.0000
vt 0.3884 0.6990 0.0000
vt 0.3924 0.6885 0.0000
vt 0.3963 0.6780 0.0000
vt 0.4000 0.6673 0.0000
vt 0.4035 0.6565 0.0000
vt 0.4063 0.6456 0.0000
vt 0.4083 0.6347 0.0000
vt 0.4089 0.6236 0.0000
vt 0.3988 0.6912 0.0000
vt 0.3931 0.7019 0.0000
vt 0.4043 0.6804 0.0000
vt 0.4095 0.6694 0.0000
vt 0.4145 0.6582 0.0000
vt 0.4186 0.6469 0.0000
vt 0.4214 0.6354 0.0000
vt 0.4224 0.6239 0.0000
vt 0.4048 0.6941 0.0000
vt 0.3977 0.7049 0.0000
vt 0.4118 0.6831 0.0000
vt 0.4187 0.6719 0.0000
vt 0.4253 0.6603 0.0000
vt 0.4311 0.6485 0.0000
vt 0.4351 0.6365 0.0000
vt 0.4366 0.6242 0.0000
vt 0.4103 0.6973 0.0000
vt 0.4020 0.7081 0.0000
vt 0.4187 0.6863 0.0000
vt 0.4272 0.6750 0.0000
vt 0.4356 0.6632 0.0000
vt 0.4435 0.6509 0.0000
vt 0.4498 0.6379 0.0000
vt 0.4523 0.6246 0.0000
vt 0.4155 0.7010 0.0000
vt 0.4061 0.7115 0.0000
vt 0.4250 0.6902 0.0000
vt 0.4348 0.6790 0.0000
vt 0.4450 0.6673 0.0000
vt 0.4553 0.6546 0.0000
vt 0.4657 0.6404 0.0000
vt 0.4753 0.6251 0.0000
vt 0.4651 0.6608 0.0000
vt 0.3704 0.5533 0.0000
vt 0.3750 0.5436 0.0000
vt 0.3777 0.5409 0.0000
vt 0.3804 0.5381 0.0000
vt 0.3831 0.5354 0.0000
vt 0.3858 0.5327 0.0000
vt 0.3886 0.5300 0.0000
vt 0.3913 0.5272 0.0000
vt 0.3940 0.5245 0.0000
vt 0.3967 0.5218 0.0000
vt 0.3672 0.5630 0.0000
vt 0.3668 0.5728 0.0000
vt 0.3672 0.5827 0.0000
vt 0.3678 0.5927 0.0000
vt 0.3686 0.6027 0.0000
vt 0.3692 0.6129 0.0000
vt 0.3694 0.6230 0.0000
vt 0.4157 0.5027 0.0000
vt 0.4130 0.5054 0.0000
vt 0.4102 0.5082 0.0000
vt 0.4075 0.5109 0.0000
vt 0.4048 0.5136 0.0000
vt 0.4021 0.5163 0.0000
vt 0.3994 0.5191 0.0000
vt 0.4216 0.7469 0.0000
vt 0.4185 0.7438 0.0000
vt 0.4154 0.7406 0.0000
vt 0.4123 0.7375 0.0000
vt 0.4092 0.7344 0.0000
vt 0.4061 0.7313 0.0000
vt 0.4030 0.7281 0.0000
vt 0.3999 0.7250 0.0000
vt 0.3706 0.6910 0.0000
vt 0.3781 0.7032 0.0000
vt 0.3675 0.6818 0.0000
vt 0.3671 0.6724 0.0000
vt 0.3674 0.6628 0.0000
vt 0.3680 0.6530 0.0000
vt 0.3687 0.6431 0.0000
vt 0.3692 0.6331 0.0000
vt 0.3812 0.7063 0.0000
vt 0.3843 0.7094 0.0000
vt 0.3874 0.7125 0.0000
vt 0.3905 0.7157 0.0000
vt 0.3936 0.7188 0.0000
vt 0.3968 0.7219 0.0000
vt 0.3594 0.5397 0.0000
vt 0.3587 0.5434 0.0000
vt 0.3436 0.5457 0.0000
vt 0.3437 0.5412 0.0000
vt 0.3280 0.5473 0.0000
vt 0.3281 0.5423 0.0000
vt 0.3125 0.5483 0.0000
vt 0.3125 0.5430 0.0000
vt 0.2969 0.5488 0.0000
vt 0.2969 0.5434 0.0000
vt 0.2813 0.5489 0.0000
vt 0.2813 0.5434 0.0000
vt 0.2657 0.5486 0.0000
vt 0.2657 0.5430 0.0000
vt 0.2501 0.5479 0.0000
vt 0.2501 0.5423 0.0000
vt 0.2345 0.5468 0.0000
vt 0.2345 0.5413 0.0000
vt 0.2189 0.5399 0.0000
vt 0.2188 0.5453 0.0000
vt 0.2033 0.5380 0.0000
vt 0.2032 0.5434 0.0000
vt 0.1876 0.5357 0.0000
vt 0.1876 0.5409 0.0000
vt 0.1720 0.5329 0.0000
vt 0.1720 0.5378 0.0000
vt 0.1564 0.5297 0.0000
vt 0.1563 0.5340 0.0000
vt 0.1407 0.5287 0.0000
vt 0.1408 0.5260 0.0000
vt 0.3594 0.5364 0.0000
vt 0.3438 0.5372 0.0000
vt 0.3282 0.5379 0.0000
vt 0.3126 0.5384 0.0000
vt 0.2970 0.5386 0.0000
vt 0.2814 0.5385 0.0000
vt 0.2657 0.5381 0.0000
vt 0.2501 0.5374 0.0000
vt 0.2345 0.5364 0.0000
vt 0.2189 0.5350 0.0000
vt 0.2033 0.5334 0.0000
vt 0.1877 0.5313 0.0000
vt 0.1721 0.5290 0.0000
vt 0.1564 0.5263 0.0000
vt 0.1408 0.5235 0.0000
vt 0.3594 0.5332 0.0000
vt 0.3438 0.5337 0.0000
vt 0.3282 0.5341 0.0000
vt 0.3126 0.5343 0.0000
vt 0.2970 0.5343 0.0000
vt 0.2814 0.5341 0.0000
vt 0.2658 0.5336 0.0000
vt 0.2502 0.5330 0.0000
vt 0.2345 0.5320 0.0000
vt 0.2189 0.5308 0.0000
vt 0.2033 0.5293 0.0000
vt 0.1877 0.5276 0.0000
vt 0.1721 0.5257 0.0000
vt 0.1565 0.5235 0.0000
vt 0.1409 0.5213 0.0000
vt 0.3594 0.5302 0.0000
vt 0.3438 0.5304 0.0000
vt 0.3282 0.5305 0.0000
vt 0.3126 0.5305 0.0000
vt 0.2970 0.5304 0.0000
vt 0.2814 0.5301 0.0000
vt 0.2658 0.5297 0.0000
vt 0.2502 0.5290 0.0000
vt 0.2346 0.5281 0.0000
vt 0.2190 0.5270 0.0000
vt 0.2034 0.5258 0.0000
vt 0.1877 0.5243 0.0000
vt 0.1721 0.5227 0.0000
vt 0.1565 0.5210 0.0000
vt 0.1409 0.5192 0.0000
vt 0.3594 0.5273 0.0000
vt 0.3438 0.5273 0.0000
vt 0.3282 0.5272 0.0000
vt 0.3126 0.5271 0.0000
vt 0.2970 0.5269 0.0000
vt 0.2814 0.5265 0.0000
vt 0.2658 0.5260 0.0000
vt 0.2502 0.5254 0.0000
vt 0.2346 0.5246 0.0000
vt 0.2190 0.5237 0.0000
vt 0.2034 0.5226 0.0000
vt 0.1878 0.5214 0.0000
vt 0.1722 0.5201 0.0000
vt 0.1566 0.5187 0.0000
vt 0.1410 0.5172 0.0000
vt 0.3594 0.5244 0.0000
vt 0.3438 0.5243 0.0000
vt 0.3282 0.5241 0.0000
vt 0.3126 0.5239 0.0000
vt 0.2970 0.5236 0.0000
vt 0.2814 0.5232 0.0000
vt 0.2658 0.5228 0.0000
vt 0.2502 0.5222 0.0000
vt 0.2346 0.5215 0.0000
vt 0.2190 0.5206 0.0000
vt 0.2034 0.5197 0.0000
vt 0.1878 0.5187 0.0000
vt 0.1722 0.5177 0.0000
vt 0.1566 0.5165 0.0000
vt 0.1410 0.5154 0.0000
vt 0.3594 0.5216 0.0000
vt 0.3438 0.5214 0.0000
vt 0.3282 0.5211 0.0000
vt 0.3126 0.5209 0.0000
vt 0.2970 0.5205 0.0000
vt 0.2814 0.5202 0.0000
vt 0.2659 0.5197 0.0000
vt 0.2503 0.5192 0.0000
vt 0.2347 0.5186 0.0000
vt 0.2191 0.5179 0.0000
vt 0.2035 0.5171 0.0000
vt 0.1879 0.5163 0.0000
vt 0.1723 0.5154 0.0000
vt 0.1567 0.5145 0.0000
vt 0.1411 0.5136 0.0000
vt 0.3594 0.5188 0.0000
vt 0.3438 0.5185 0.0000
vt 0.3282 0.5183 0.0000
vt 0.3126 0.5180 0.0000
vt 0.2971 0.5176 0.0000
vt 0.2815 0.5173 0.0000
vt 0.2659 0.5168 0.0000
vt 0.2503 0.5164 0.0000
vt 0.2347 0.5158 0.0000
vt 0.2191 0.5153 0.0000
vt 0.2035 0.5146 0.0000
vt 0.1879 0.5140 0.0000
vt 0.1723 0.5133 0.0000
vt 0.1567 0.5125 0.0000
vt 0.1412 0.5118 0.0000
vt 0.3594 0.5161 0.0000
vt 0.3438 0.5158 0.0000
vt 0.3282 0.5155 0.0000
vt 0.3127 0.5152 0.0000
vt 0.2971 0.5149 0.0000
vt 0.2815 0.5145 0.0000
vt 0.2659 0.5141 0.0000
vt 0.2503 0.5137 0.0000
vt 0.2347 0.5133 0.0000
vt 0.2191 0.5128 0.0000
vt 0.2036 0.5123 0.0000
vt 0.1880 0.5118 0.0000
vt 0.1724 0.5112 0.0000
vt 0.1568 0.5106 0.0000
vt 0.1412 0.5101 0.0000
vt 0.3594 0.5133 0.0000
vt 0.3438 0.5131 0.0000
vt 0.3283 0.5128 0.0000
vt 0.3127 0.5125 0.0000
vt 0.2971 0.5122 0.0000
vt 0.2815 0.5119 0.0000
vt 0.2659 0.5116 0.0000
vt 0.2503 0.5112 0.0000
vt 0.2348 0.5109 0.0000
vt 0.2192 0.5105 0.0000
vt 0.2036 0.5101 0.0000
vt 0.1880 0.5097 0.0000
vt 0.1724 0.5092 0.0000
vt 0.1569 0.5088 0.0000
vt 0.1413 0.5083 0.0000
vt 0.3594 0.5107 0.0000
vt 0.3438 0.5104 0.0000
vt 0.3283 0.5102 0.0000
vt 0.3127 0.5099 0.0000
vt 0.2971 0.5097 0.0000
vt 0.2815 0.5094 0.0000
vt 0.2660 0.5091 0.0000
vt 0.2504 0.5089 0.0000
vt 0.2348 0.5086 0.0000
vt 0.2192 0.5083 0.0000
vt 0.2036 0.5079 0.0000
vt 0.1881 0.5076 0.0000
vt 0.1725 0.5073 0.0000
vt 0.1569 0.5070 0.0000
vt 0.1413 0.5066 0.0000
vt 0.3594 0.5080 0.0000
vt 0.3439 0.5078 0.0000
vt 0.3283 0.5076 0.0000
vt 0.3127 0.5074 0.0000
vt 0.2971 0.5072 0.0000
vt 0.2816 0.5070 0.0000
vt 0.2660 0.5068 0.0000
vt 0.2504 0.5066 0.0000
vt 0.2348 0.5063 0.0000
vt 0.2193 0.5061 0.0000
vt 0.2037 0.5059 0.0000
vt 0.1881 0.5057 0.0000
vt 0.1725 0.5054 0.0000
vt 0.1570 0.5052 0.0000
vt 0.1414 0.5050 0.0000
vt 0.3594 0.5053 0.0000
vt 0.3439 0.5052 0.0000
vt 0.3283 0.5050 0.0000
vt 0.3127 0.5049 0.0000
vt 0.2971 0.5048 0.0000
vt 0.2816 0.5046 0.0000
vt 0.2660 0.5045 0.0000
vt 0.2504 0.5043 0.0000
vt 0.2349 0.5042 0.0000
vt 0.2193 0.5040 0.0000
vt 0.2037 0.5039 0.0000
vt 0.1882 0.5038 0.0000
vt 0.1726 0.5036 0.0000
vt 0.1570 0.5035 0.0000
vt 0.1415 0.5033 0.0000
vt 0.3594 0.5027 0.0000
vt 0.3439 0.5026 0.0000
vt 0.3283 0.5025 0.0000
vt 0.3127 0.5024 0.0000
vt 0.2972 0.5024 0.0000
vt 0.2816 0.5023 0.0000
vt 0.2660 0.5022 0.0000
vt 0.2505 0.5022 0.0000
vt 0.2349 0.5021 0.0000
vt 0.2193 0.5020 0.0000
vt 0.2038 0.5019 0.0000
vt 0.1882 0.5019 0.0000
vt 0.1726 0.5018 0.0000
vt 0.1571 0.5017 0.0000
vt 0.1415 0.5017 0.0000
vt 0.3590 0.5479 0.0000
vt 0.3750 0.5409 0.0000
vt 0.3432 0.5514 0.0000
vt 0.3278 0.5532 0.0000
vt 0.3124 0.5543 0.0000
vt 0.2969 0.5549 0.0000
vt 0.2813 0.5551 0.0000
vt 0.2657 0.5548 0.0000
vt 0.2501 0.5541 0.0000
vt 0.2345 0.5531 0.0000
vt 0.2188 0.5516 0.0000
vt 0.2032 0.5496 0.0000
vt 0.1876 0.5471 0.0000
vt 0.1719 0.5439 0.0000
vt 0.1563 0.5398 0.0000
vt 0.1407 0.5331 0.0000
vt 0.1251 0.5237 0.0000
vt 0.1250 0.5253 0.0000
vt 0.1251 0.5221 0.0000
vt 0.1252 0.5205 0.0000
vt 0.1253 0.5189 0.0000
vt 0.1253 0.5174 0.0000
vt 0.1254 0.5158 0.0000
vt 0.1254 0.5142 0.0000
vt 0.1255 0.5126 0.0000
vt 0.1256 0.5111 0.0000
vt 0.1256 0.5095 0.0000
vt 0.1257 0.5079 0.0000
vt 0.1258 0.5063 0.0000
vt 0.1258 0.5047 0.0000
vt 0.1259 0.5032 0.0000
vt 0.1259 0.5016 0.0000
vt 0.1260 0.5000 0.0000
vt 0.1416 0.5000 0.0000
vt 0.1571 0.5000 0.0000
vt 0.1727 0.5000 0.0000
vt 0.1883 0.5000 0.0000
vt 0.2038 0.5000 0.0000
vt 0.2194 0.5000 0.0000
vt 0.2349 0.5000 0.0000
vt 0.2505 0.5000 0.0000
vt 0.2661 0.5000 0.0000
vt 0.2816 0.5000 0.0000
vt 0.2972 0.5000 0.0000
vt 0.3128 0.5000 0.0000
vt 0.3283 0.5000 0.0000
vt 0.3439 0.5000 0.0000
vt 0.3594 0.5000 0.0000
vt 0.3750 0.5027 0.0000
vt 0.3750 0.5000 0.0000
vt 0.3750 0.5054 0.0000
vt 0.3750 0.5082 0.0000
vt 0.3750 0.5109 0.0000
vt 0.3750 0.5136 0.0000
vt 0.3750 0.5163 0.0000
vt 0.3750 0.5191 0.0000
vt 0.3750 0.5218 0.0000
vt 0.3750 0.5245 0.0000
vt 0.3750 0.5272 0.0000
vt 0.3750 0.5300 0.0000
vt 0.3750 0.5327 0.0000
vt 0.3750 0.5354 0.0000
vt 0.3750 0.5381 0.0000
vt 0.1406 0.5535 0.0000
vt 0.1406 0.5424 0.0000
vt 0.1563 0.5476 0.0000
vt 0.1563 0.5570 0.0000
vt 0.1719 0.5601 0.0000
vt 0.1719 0.5514 0.0000
vt 0.1876 0.5544 0.0000
vt 0.1875 0.5627 0.0000
vt 0.2032 0.5568 0.0000
vt 0.2032 0.5648 0.0000
vt 0.2188 0.5587 0.0000
vt 0.2188 0.5665 0.0000
vt 0.2344 0.5601 0.0000
vt 0.2344 0.5678 0.0000
vt 0.2501 0.5611 0.0000
vt 0.2500 0.5687 0.0000
vt 0.2657 0.5617 0.0000
vt 0.2657 0.5692 0.0000
vt 0.2813 0.5619 0.0000
vt 0.2812 0.5695 0.0000
vt 0.2968 0.5618 0.0000
vt 0.2967 0.5693 0.0000
vt 0.3120 0.5688 0.0000
vt 0.3122 0.5612 0.0000
vt 0.3275 0.5601 0.0000
vt 0.3271 0.5678 0.0000
vt 0.3425 0.5584 0.0000
vt 0.3417 0.5665 0.0000
vt 0.3568 0.5562 0.0000
vt 0.3553 0.5649 0.0000
vt 0.1406 0.5647 0.0000
vt 0.1563 0.5673 0.0000
vt 0.1719 0.5696 0.0000
vt 0.1875 0.5717 0.0000
vt 0.2032 0.5735 0.0000
vt 0.2188 0.5749 0.0000
vt 0.2344 0.5760 0.0000
vt 0.2500 0.5768 0.0000
vt 0.2657 0.5773 0.0000
vt 0.2812 0.5775 0.0000
vt 0.2966 0.5774 0.0000
vt 0.3118 0.5770 0.0000
vt 0.3268 0.5763 0.0000
vt 0.3411 0.5753 0.0000
vt 0.3546 0.5741 0.0000
vt 0.1406 0.5762 0.0000
vt 0.1563 0.5780 0.0000
vt 0.1719 0.5798 0.0000
vt 0.1875 0.5814 0.0000
vt 0.2032 0.5828 0.0000
vt 0.2188 0.5839 0.0000
vt 0.2344 0.5848 0.0000
vt 0.2500 0.5854 0.0000
vt 0.2656 0.5858 0.0000
vt 0.2812 0.5860 0.0000
vt 0.2966 0.5859 0.0000
vt 0.3117 0.5856 0.0000
vt 0.3266 0.5851 0.0000
vt 0.3409 0.5844 0.0000
vt 0.3545 0.5836 0.0000
vt 0.1406 0.5878 0.0000
vt 0.1563 0.5891 0.0000
vt 0.1719 0.5903 0.0000
vt 0.1875 0.5914 0.0000
vt 0.2031 0.5924 0.0000
vt 0.2188 0.5933 0.0000
vt 0.2344 0.5939 0.0000
vt 0.2500 0.5944 0.0000
vt 0.2656 0.5947 0.0000
vt 0.2812 0.5949 0.0000
vt 0.2966 0.5948 0.0000
vt 0.3117 0.5946 0.0000
vt 0.3266 0.5943 0.0000
vt 0.3409 0.5938 0.0000
vt 0.3548 0.5933 0.0000
vt 0.1406 0.5995 0.0000
vt 0.1563 0.6003 0.0000
vt 0.1719 0.6011 0.0000
vt 0.1875 0.6018 0.0000
vt 0.2031 0.6024 0.0000
vt 0.2188 0.6029 0.0000
vt 0.2344 0.6034 0.0000
vt 0.2500 0.6037 0.0000
vt 0.2656 0.6039 0.0000
vt 0.2812 0.6040 0.0000
vt 0.2966 0.6040 0.0000
vt 0.3118 0.6038 0.0000
vt 0.3266 0.6037 0.0000
vt 0.3411 0.6034 0.0000
vt 0.3551 0.6031 0.0000
vt 0.1563 0.6116 0.0000
vt 0.1406 0.6113 0.0000
vt 0.1719 0.6120 0.0000
vt 0.1875 0.6123 0.0000
vt 0.2031 0.6126 0.0000
vt 0.2188 0.6128 0.0000
vt 0.2344 0.6130 0.0000
vt 0.2500 0.6131 0.0000
vt 0.2656 0.6132 0.0000
vt 0.2812 0.6133 0.0000
vt 0.2966 0.6133 0.0000
vt 0.3118 0.6132 0.0000
vt 0.3267 0.6131 0.0000
vt 0.3413 0.6131 0.0000
vt 0.3555 0.6130 0.0000
vt 0.1563 0.6230 0.0000
vt 0.1406 0.6231 0.0000
vt 0.1719 0.6229 0.0000
vt 0.1875 0.6229 0.0000
vt 0.2031 0.6228 0.0000
vt 0.2188 0.6228 0.0000
vt 0.2344 0.6227 0.0000
vt 0.2500 0.6227 0.0000
vt 0.2656 0.6226 0.0000
vt 0.2812 0.6226 0.0000
vt 0.2966 0.6226 0.0000
vt 0.3118 0.6226 0.0000
vt 0.3268 0.6227 0.0000
vt 0.3414 0.6228 0.0000
vt 0.3557 0.6228 0.0000
vt 0.1563 0.6344 0.0000
vt 0.1406 0.6349 0.0000
vt 0.1719 0.6339 0.0000
vt 0.1875 0.6335 0.0000
vt 0.2031 0.6331 0.0000
vt 0.2188 0.6327 0.0000
vt 0.2344 0.6324 0.0000
vt 0.2500 0.6322 0.0000
vt 0.2656 0.6321 0.0000
vt 0.2812 0.6320 0.0000
vt 0.2966 0.6320 0.0000
vt 0.3118 0.6321 0.0000
vt 0.3268 0.6322 0.0000
vt 0.3414 0.6324 0.0000
vt 0.3555 0.6327 0.0000
vt 0.1563 0.6457 0.0000
vt 0.1406 0.6467 0.0000
vt 0.1719 0.6448 0.0000
vt 0.1875 0.6440 0.0000
vt 0.2031 0.6433 0.0000
vt 0.2188 0.6426 0.0000
vt 0.2344 0.6421 0.0000
vt 0.2500 0.6417 0.0000
vt 0.2656 0.6414 0.0000
vt 0.2812 0.6413 0.0000
vt 0.2966 0.6413 0.0000
vt 0.3118 0.6414 0.0000
vt 0.3267 0.6416 0.0000
vt 0.3412 0.6420 0.0000
vt 0.3552 0.6425 0.0000
vt 0.1563 0.6570 0.0000
vt 0.1406 0.6584 0.0000
vt 0.1719 0.6556 0.0000
vt 0.1875 0.6544 0.0000
vt 0.2031 0.6533 0.0000
vt 0.2188 0.6523 0.0000
vt 0.2344 0.6515 0.0000
vt 0.2500 0.6510 0.0000
vt 0.2656 0.6506 0.0000
vt 0.2812 0.6504 0.0000
vt 0.2966 0.6504 0.0000
vt 0.3117 0.6506 0.0000
vt 0.3266 0.6509 0.0000
vt 0.3410 0.6515 0.0000
vt 0.3549 0.6522 0.0000
vt 0.1563 0.6680 0.0000
vt 0.1406 0.6700 0.0000
vt 0.1719 0.6661 0.0000
vt 0.1875 0.6644 0.0000
vt 0.2032 0.6630 0.0000
vt 0.2188 0.6617 0.0000
vt 0.2344 0.6607 0.0000
vt 0.2500 0.6600 0.0000
vt 0.2657 0.6595 0.0000
vt 0.2812 0.6592 0.0000
vt 0.2966 0.6592 0.0000
vt 0.3118 0.6595 0.0000
vt 0.3266 0.6600 0.0000
vt 0.3410 0.6607 0.0000
vt 0.3546 0.6617 0.0000
vt 0.1563 0.6788 0.0000
vt 0.1406 0.6815 0.0000
vt 0.1719 0.6764 0.0000
vt 0.1875 0.6741 0.0000
vt 0.2032 0.6723 0.0000
vt 0.2188 0.6707 0.0000
vt 0.2344 0.6695 0.0000
vt 0.2500 0.6686 0.0000
vt 0.2657 0.6680 0.0000
vt 0.2812 0.6677 0.0000
vt 0.2966 0.6678 0.0000
vt 0.3119 0.6681 0.0000
vt 0.3268 0.6688 0.0000
vt 0.3412 0.6697 0.0000
vt 0.3548 0.6709 0.0000
vt 0.1563 0.6892 0.0000
vt 0.1406 0.6927 0.0000
vt 0.1719 0.6860 0.0000
vt 0.1875 0.6833 0.0000
vt 0.2032 0.6810 0.0000
vt 0.2188 0.6793 0.0000
vt 0.2344 0.6779 0.0000
vt 0.2501 0.6768 0.0000
vt 0.2657 0.6762 0.0000
vt 0.2812 0.6758 0.0000
vt 0.2967 0.6759 0.0000
vt 0.3120 0.6763 0.0000
vt 0.3271 0.6771 0.0000
vt 0.3417 0.6783 0.0000
vt 0.3554 0.6799 0.0000
vt 0.1563 0.6986 0.0000
vt 0.1406 0.7038 0.0000
vt 0.1719 0.6948 0.0000
vt 0.1876 0.6917 0.0000
vt 0.2032 0.6892 0.0000
vt 0.2188 0.6872 0.0000
vt 0.2344 0.6856 0.0000
vt 0.2501 0.6845 0.0000
vt 0.2657 0.6838 0.0000
vt 0.2813 0.6834 0.0000
vt 0.2968 0.6834 0.0000
vt 0.3122 0.6839 0.0000
vt 0.3275 0.6848 0.0000
vt 0.3425 0.6863 0.0000
vt 0.3568 0.6882 0.0000
vt 0.1250 0.5375 0.0000
vt 0.1250 0.7088 0.0000
vt 0.1250 0.6966 0.0000
vt 0.1250 0.6843 0.0000
vt 0.1250 0.6721 0.0000
vt 0.1250 0.6599 0.0000
vt 0.1250 0.6476 0.0000
vt 0.1250 0.6354 0.0000
vt 0.1250 0.6231 0.0000
vt 0.1250 0.6109 0.0000
vt 0.1250 0.5987 0.0000
vt 0.1250 0.5864 0.0000
vt 0.1250 0.5742 0.0000
vt 0.1250 0.5620 0.0000
vt 0.1250 0.5497 0.0000
# 1466 texture coords

o Mandibula
g Mandibula
usemtl Mandibula_Goddard_None
s off
f 1/1/1 2/1/1 3/1/1 
f 1/1/1 3/1/1 4/1/1 
f 1/1/1 4/1/1 5/1/1 
f 6/1/2 7/1/2 8/1/2 
f 6/1/2 8/1/2 9/1/2 
f 6/1/2 9/1/2 10/1/2 
f 10/1/3 9/1/3 3/1/3 
f 3/1/3 2/1/3 10/1/3 
f 8/1/4 7/1/4 5/1/4 
f 5/1/4 4/1/4 8/1/4 
f 10/1/5 2/1/5 1/1/5 
f 1/1/5 6/1/5 10/1/5 
f 4/1/6 3/1/6 9/1/6 
f 9/1/6 8/1/6 4/1/6 
f 5/1/7 7/1/7 6/1/7 
f 6/1/8 1/1/8 5/1/8 
f 11/2/9 12/3/9 13/4/9 
f 13/4/9 14/5/9 11/2/9 
f 15/6/10 16/7/10 14/5/10 
f 14/5/10 13/4/10 15/6/10 
f 16/7/11 15/6/11 17/8/11 
f 17/8/11 18/9/11 16/7/11 
f 18/9/12 17/8/12 19/10/12 
f 19/10/12 20/11/12 18/9/12 
f 19/10/13 21/12/13 22/13/13 
f 22/13/13 20/11/13 19/10/13 
f 22/13/14 21/12/14 23/14/14 
f 23/14/15 24/15/15 22/13/15 
f 24/15/16 23/14/16 25/16/16 
f 25/16/16 26/17/16 24/15/16 
f 27/18/17 11/2/17 14/5/17 
f 14/5/17 28/19/17 27/18/17 
f 28/19/18 14/5/18 16/7/18 
f 16/7/18 29/20/18 28/19/18 
f 16/7/19 18/9/19 30/21/19 
f 30/21/19 29/20/19 16/7/19 
f 30/21/20 18/9/20 20/11/20 
f 20/11/20 31/22/20 30/21/20 
f 31/22/21 20/11/21 22/13/21 
f 22/13/21 32/23/21 31/22/21 
f 22/13/22 24/15/22 33/24/22 
f 33/24/22 32/23/22 22/13/22 
f 33/24/23 24/15/23 26/17/23 
f 26/17/24 34/25/24 33/24/24 
f 27/18/25 28/19/25 35/26/25 
f 35/26/25 36/27/25 27/18/25 
f 35/26/26 28/19/26 29/20/26 
f 29/20/26 37/28/26 35/26/26 
f 37/28/27 29/20/27 30/21/27 
f 30/21/28 38/29/28 37/28/28 
f 31/22/29 39/30/29 38/29/29 
f 38/29/29 30/21/29 31/22/29 
f 39/30/30 31/22/30 32/23/30 
f 32/23/30 40/31/30 39/30/30 
f 40/31/31 32/23/31 33/24/31 
f 33/24/32 41/32/32 40/31/32 
f 33/24/33 34/25/33 42/33/33 
f 42/33/33 41/32/33 33/24/33 
f 43/34/34 36/27/34 35/26/34 
f 35/26/35 44/35/35 43/34/35 
f 37/28/36 45/36/36 44/35/36 
f 44/35/36 35/26/36 37/28/36 
f 45/36/37 37/28/37 38/29/37 
f 38/29/37 46/37/37 45/36/37 
f 46/37/38 38/29/38 39/30/38 
f 39/30/38 47/38/38 46/37/38 
f 40/31/39 48/39/39 47/38/39 
f 47/38/39 39/30/39 40/31/39 
f 48/39/40 40/31/41 41/32/41 
f 41/32/40 49/40/40 48/39/40 
f 49/40/42 41/32/42 42/33/42 
f 42/33/42 50/41/42 49/40/42 
f 51/42/43 43/34/43 44/35/43 
f 44/35/43 52/43/43 51/42/43 
f 52/43/44 44/35/44 45/36/44 
f 45/36/44 53/44/44 52/43/44 
f 45/36/45 46/37/45 54/45/45 
f 54/45/45 53/44/45 45/36/45 
f 54/45/46 46/37/46 47/38/46 
f 47/38/47 55/46/47 54/45/47 
f 55/46/48 47/38/48 48/39/48 
f 48/39/48 56/47/48 55/46/48 
f 51/42/49 52/43/49 57/48/49 
f 57/48/49 58/49/49 51/42/49 
f 53/44/50 59/50/50 57/48/50 
f 57/48/50 52/43/50 53/44/50 
f 54/45/51 60/51/51 59/50/51 
f 59/50/51 53/44/51 54/45/51 
f 54/45/52 55/46/52 61/52/52 
f 61/52/52 60/51/52 54/45/52 
f 55/46/53 56/47/53 62/53/53 
f 62/53/53 61/52/53 55/46/53 
f 63/54/54 64/55/54 65/56/54 
f 65/56/54 66/57/54 63/54/54 
f 67/58/55 68/59/55 65/56/55 
f 65/56/55 64/55/55 67/58/55 
f 69/60/56 68/59/56 67/58/56 
f 67/58/56 70/61/56 69/60/56 
f 66/57/57 65/56/57 71/62/57 
f 71/62/57 72/63/57 66/57/57 
f 65/56/58 68/59/58 73/64/58 
f 73/64/58 71/62/58 65/56/58 
f 69/60/59 74/65/59 73/64/59 
f 73/64/60 68/59/60 69/60/60 
f 69/60/61 75/66/61 76/67/61 
f 76/67/61 74/65/61 69/60/61 
f 71/62/62 77/68/62 78/69/62 
f 78/69/62 72/63/62 71/62/62 
f 71/62/63 73/64/63 79/70/63 
f 79/70/63 77/68/63 71/62/63 
f 73/64/64 74/65/64 80/71/64 
f 80/71/64 79/70/64 73/64/64 
f 74/65/65 76/67/65 81/72/65 
f 81/72/65 80/71/65 74/65/65 
f 78/69/66 77/68/66 82/73/66 
f 82/73/66 83/74/66 78/69/66 
f 79/70/67 84/75/67 82/73/67 
f 82/73/68 77/68/68 79/70/68 
f 79/70/69 80/71/69 85/76/70 
f 85/76/70 84/75/70 79/70/70 
f 80/71/71 81/72/71 86/77/71 
f 86/77/71 85/76/71 80/71/71 
f 83/74/72 82/73/72 87/78/72 
f 87/78/72 88/79/72 83/74/72 
f 82/73/73 84/75/73 89/80/73 
f 89/80/73 87/78/73 82/73/73 
f 84/75/74 85/76/74 90/81/74 
f 90/81/74 89/80/74 84/75/74 
f 85/76/75 86/77/75 91/82/75 
f 91/82/75 90/81/75 85/76/75 
f 88/79/76 87/78/76 92/83/76 
f 92/83/76 93/84/76 88/79/76 
f 87/78/77 89/80/77 94/85/77 
f 94/85/77 92/83/77 87/78/77 
f 89/80/78 90/81/78 95/86/78 
f 95/86/78 94/85/78 89/80/78 
f 91/82/79 96/87/79 95/86/79 
f 95/86/79 90/81/79 91/82/79 
f 97/88/80 98/89/80 99/90/80 
f 99/90/80 100/91/80 97/88/80 
f 100/91/81 99/90/81 101/92/81 
f 101/92/81 102/93/81 100/91/81 
f 103/94/82 104/95/82 102/93/82 
f 102/93/82 101/92/82 103/94/82 
f 104/95/83 103/94/83 105/96/83 
f 105/96/83 106/97/83 104/95/83 
f 106/97/84 105/96/84 107/98/84 
f 107/98/84 108/99/84 106/97/84 
f 107/98/85 109/100/85 110/101/85 
f 110/101/85 108/99/85 107/98/85 
f 110/101/86 109/100/86 111/102/86 
f 111/102/86 112/103/86 110/101/86 
f 100/91/87 113/104/87 114/105/87 
f 114/105/87 97/88/87 100/91/87 
f 113/104/88 100/91/88 102/93/88 
f 102/93/88 115/106/88 113/104/88 
f 115/106/89 102/93/89 104/95/89 
f 104/95/89 116/107/89 115/106/89 
f 106/97/90 117/108/90 116/107/90 
f 116/107/90 104/95/90 106/97/90 
f 117/108/91 106/97/91 108/99/91 
f 108/99/91 118/109/91 117/108/91 
f 118/109/92 108/99/92 110/101/92 
f 110/101/92 119/110/92 118/109/92 
f 110/101/93 112/103/93 120/111/93 
f 120/111/93 119/110/93 110/101/93 
f 121/112/94 114/105/94 113/104/94 
f 113/104/94 122/113/94 121/112/94 
f 113/104/95 115/106/95 123/114/95 
f 123/114/95 122/113/95 113/104/95 
f 123/114/96 115/106/96 116/107/96 
f 116/107/96 124/115/96 123/114/96 
f 124/115/97 116/107/97 117/108/97 
f 117/108/97 125/116/97 124/115/97 
f 118/109/98 126/117/98 125/116/98 
f 125/116/98 117/108/98 118/109/98 
f 126/117/99 118/109/99 119/110/99 
f 119/110/99 127/118/99 126/117/99 
f 127/118/100 119/110/100 120/111/100 
f 120/111/100 128/119/100 127/118/100 
f 129/120/101 121/112/101 122/113/101 
f 122/113/101 130/121/101 129/120/101 
f 130/121/102 122/113/102 123/114/102 
f 123/114/102 131/122/102 130/121/102 
f 124/115/103 132/123/103 131/122/103 
f 131/122/103 123/114/103 124/115/103 
f 132/123/104 124/115/104 125/116/104 
f 125/116/104 133/124/104 132/123/104 
f 133/124/105 125/116/105 126/117/105 
f 126/117/105 134/125/105 133/124/105 
f 127/118/106 135/126/106 134/125/106 
f 134/125/106 126/117/106 127/118/106 
f 135/126/107 127/118/107 128/119/107 
f 128/119/107 136/127/107 135/126/107 
f 135/126/108 137/128/108 138/129/108 
f 138/129/108 134/125/108 135/126/108 
f 135/126/109 136/127/109 139/130/109 
f 139/130/109 137/128/109 135/126/109 
f 140/131/110 141/132/110 142/133/110 
f 142/133/110 143/134/110 140/131/110 
f 144/135/111 145/136/111 143/134/111 
f 143/134/111 142/133/111 144/135/111 
f 145/136/112 144/135/112 146/137/112 
f 146/137/112 147/138/112 145/136/112 
f 147/138/113 146/137/113 148/139/113 
f 148/139/113 149/140/113 147/138/113 
f 148/139/114 150/141/114 151/142/114 
f 151/142/114 149/140/114 148/139/114 
f 151/142/115 150/141/115 152/143/115 
f 152/143/115 153/144/115 151/142/115 
f 153/144/116 152/143/116 154/145/116 
f 154/145/116 155/146/116 153/144/116 
f 156/147/117 140/131/117 143/134/117 
f 143/134/117 157/148/117 156/147/117 
f 157/148/118 143/134/118 145/136/118 
f 145/136/118 158/149/118 157/148/118 
f 147/138/119 159/150/119 158/149/119 
f 158/149/120 145/136/120 147/138/120 
f 159/150/121 147/138/121 149/140/121 
f 149/140/121 160/151/121 159/150/121 
f 160/151/122 149/140/122 151/142/122 
f 151/142/122 161/152/122 160/151/122 
f 151/142/123 153/144/123 162/153/123 
f 162/153/123 161/152/123 151/142/123 
f 162/153/124 153/144/124 155/146/124 
f 155/146/124 163/154/124 162/153/124 
f 164/155/125 165/156/125 156/147/125 
f 156/147/125 157/148/125 164/155/125 
f 158/149/126 166/157/126 164/155/126 
f 164/155/126 157/148/126 158/149/126 
f 167/158/127 166/157/127 158/149/127 
f 158/149/127 159/150/127 167/158/127 
f 159/150/128 160/151/128 168/159/128 
f 168/159/128 167/158/128 159/150/128 
f 168/159/129 160/151/129 161/152/129 
f 161/152/129 169/160/129 168/159/129 
f 161/152/130 162/153/130 170/161/130 
f 170/161/130 169/160/130 161/152/130 
f 171/162/131 170/161/131 162/153/131 
f 162/153/131 163/154/131 171/162/131 
f 165/156/132 164/155/132 172/163/132 
f 172/163/132 173/164/132 165/156/132 
f 174/165/133 172/163/133 164/155/133 
f 164/155/133 166/157/133 174/165/133 
f 175/166/134 174/165/134 166/157/134 
f 166/157/134 167/158/134 175/166/134 
f 168/159/135 176/167/135 175/166/135 
f 175/166/135 167/158/135 168/159/135 
f 169/160/136 177/168/136 176/167/136 
f 176/167/136 168/159/136 169/160/136 
f 170/161/137 178/169/137 177/168/137 
f 177/168/137 169/160/137 170/161/137 
f 171/162/138 179/170/138 178/169/138 
f 178/169/138 170/161/138 171/162/138 
f 172/163/139 180/171/139 181/172/139 
f 181/172/139 173/164/139 172/163/139 
f 174/165/140 182/173/140 180/171/140 
f 180/171/140 172/163/140 174/165/140 
f 182/173/141 174/165/141 175/166/141 
f 175/166/141 183/174/141 182/173/141 
f 176/167/142 184/175/142 183/174/142 
f 183/174/142 175/166/142 176/167/142 
f 177/168/143 185/176/143 184/175/143 
f 184/175/143 176/167/143 177/168/143 
f 185/176/144 177/168/144 178/169/144 
f 178/169/144 186/177/144 185/176/144 
f 179/170/145 187/178/145 186/177/145 
f 186/177/145 178/169/145 179/170/145 
f 188/179/146 181/172/146 180/171/146 
f 180/171/146 189/180/146 188/179/146 
f 182/173/147 190/181/147 189/180/147 
f 189/180/147 180/171/147 182/173/147 
f 183/174/148 191/182/148 190/181/148 
f 190/181/148 182/173/148 183/174/148 
f 191/182/149 183/174/149 184/175/149 
f 184/175/149 192/183/149 191/182/149 
f 185/176/150 193/184/150 192/183/150 
f 192/183/150 184/175/150 185/176/150 
f 25/16/151 93/84/151 92/83/151 
f 92/83/152 26/17/152 25/16/152 
f 26/17/153 92/83/153 94/85/153 
f 94/85/153 34/25/153 26/17/153 
f 94/85/154 95/86/154 42/33/154 
f 42/33/154 34/25/154 94/85/154 
f 42/33/155 95/86/155 96/87/155 
f 96/87/155 50/41/155 42/33/155 
f 111/102/156 188/179/156 189/180/156 
f 189/180/156 112/103/156 111/102/156 
f 112/103/157 189/180/157 190/181/157 
f 190/181/157 120/111/157 112/103/157 
f 190/181/158 191/182/158 128/119/158 
f 128/119/158 120/111/158 190/181/158 
f 128/119/159 191/182/159 192/183/159 
f 192/183/159 136/127/159 128/119/159 
f 136/127/160 192/183/160 193/184/160 
f 193/184/160 139/130/160 136/127/160 
f 58/49/161 57/48/161 155/146/161 
f 155/146/162 154/145/162 58/49/162 
f 155/146/163 57/48/163 59/50/163 
f 59/50/163 163/154/163 155/146/163 
f 59/50/164 60/51/164 171/162/164 
f 171/162/165 163/154/165 59/50/165 
f 171/162/166 60/51/166 61/52/166 
f 61/52/166 179/170/166 171/162/166 
f 61/52/167 62/53/167 187/178/167 
f 187/178/167 179/170/167 61/52/167 
f 194/185/168 195/186/168 196/187/168 
f 196/187/168 12/3/168 194/185/168 
f 13/4/169 12/3/169 196/187/169 
f 196/187/169 197/188/169 13/4/169 
f 15/6/170 13/4/170 197/188/170 
f 197/188/170 198/189/170 15/6/170 
f 199/190/171 17/8/171 15/6/171 
f 15/6/172 198/189/172 199/190/172 
f 200/191/173 19/10/173 17/8/173 
f 17/8/173 199/190/173 200/191/173 
f 201/192/174 21/12/174 19/10/174 
f 19/10/174 200/191/174 201/192/174 
f 21/12/175 201/192/175 202/193/175 
f 202/193/175 23/14/175 21/12/175 
f 203/194/176 25/16/176 23/14/176 
f 23/14/177 202/193/177 203/194/177 
f 204/195/178 194/185/178 12/3/178 
f 12/3/178 11/2/178 204/195/178 
f 27/18/179 205/196/179 204/195/179 
f 204/195/179 11/2/179 27/18/179 
f 36/27/180 206/197/180 205/196/180 
f 205/196/180 27/18/180 36/27/180 
f 43/34/181 207/198/181 206/197/181 
f 206/197/181 36/27/181 43/34/181 
f 51/42/182 208/199/182 207/198/182 
f 207/198/182 43/34/182 51/42/182 
f 58/49/183 209/200/183 208/199/183 
f 208/199/183 51/42/183 58/49/183 
f 154/145/184 210/201/184 209/200/184 
f 209/200/184 58/49/184 154/145/184 
f 211/202/185 212/203/185 63/54/185 
f 63/54/185 213/204/185 211/202/185 
f 63/54/186 212/203/186 214/205/186 
f 214/205/186 64/55/186 63/54/186 
f 214/205/187 215/206/187 67/58/187 
f 67/58/187 64/55/187 214/205/187 
f 215/206/188 216/207/188 70/61/188 
f 70/61/188 67/58/188 215/206/188 
f 66/57/189 217/208/189 213/204/189 
f 213/204/189 63/54/189 66/57/189 
f 66/57/190 72/63/190 218/209/190 
f 218/209/190 217/208/190 66/57/190 
f 219/210/191 218/209/191 72/63/191 
f 72/63/191 78/69/191 219/210/191 
f 78/69/192 83/74/192 220/211/192 
f 220/211/193 219/210/193 78/69/193 
f 220/211/194 83/74/194 88/79/194 
f 88/79/194 221/212/194 220/211/194 
f 93/84/195 222/213/195 221/212/195 
f 221/212/195 88/79/195 93/84/195 
f 25/16/196 203/194/196 222/213/196 
f 222/213/196 93/84/196 25/16/196 
f 223/214/197 98/89/197 224/215/197 
f 224/215/197 225/216/198 223/214/197 
f 99/90/199 98/89/199 223/214/199 
f 223/214/199 226/217/199 99/90/199 
f 227/218/200 101/92/200 99/90/200 
f 99/90/200 226/217/200 227/218/200 
f 228/219/201 103/94/201 101/92/201 
f 101/92/201 227/218/201 228/219/201 
f 229/220/202 105/96/202 103/94/202 
f 103/94/202 228/219/202 229/220/202 
f 107/98/203 105/96/203 229/220/203 
f 229/220/203 230/221/203 107/98/203 
f 109/100/204 107/98/204 230/221/204 
f 230/221/204 231/222/204 109/100/204 
f 109/100/205 231/222/205 232/223/205 
f 232/223/206 111/102/206 109/100/206 
f 97/88/207 233/224/207 224/215/207 
f 224/215/207 98/89/207 97/88/207 
f 233/224/208 97/88/208 114/105/208 
f 114/105/208 234/225/208 233/224/208 
f 121/112/209 235/226/209 234/225/209 
f 234/225/209 114/105/209 121/112/209 
f 236/227/210 235/226/210 121/112/210 
f 121/112/210 129/120/210 236/227/210 
f 237/228/211 141/132/211 238/229/211 
f 238/229/211 239/230/211 237/228/211 
f 141/132/212 237/228/212 240/231/212 
f 240/231/212 142/133/212 141/132/212 
f 142/133/213 240/231/213 241/232/213 
f 241/232/213 144/135/213 142/133/213 
f 144/135/214 241/232/214 242/233/214 
f 242/233/214 146/137/214 144/135/214 
f 146/137/215 242/233/215 243/234/215 
f 243/234/215 148/139/215 146/137/215 
f 148/139/216 243/234/216 244/235/216 
f 244/235/216 150/141/216 148/139/216 
f 150/141/217 244/235/217 245/236/217 
f 245/236/217 152/143/217 150/141/217 
f 152/143/218 245/236/218 210/201/218 
f 210/201/218 154/145/218 152/143/218 
f 140/131/219 246/237/219 238/229/219 
f 238/229/219 141/132/219 140/131/219 
f 156/147/220 247/238/220 246/237/220 
f 246/237/220 140/131/220 156/147/220 
f 165/156/221 248/239/221 247/238/221 
f 247/238/221 156/147/221 165/156/221 
f 173/164/222 249/240/222 248/239/222 
f 248/239/222 165/156/222 173/164/222 
f 181/172/223 250/241/223 249/240/223 
f 249/240/223 173/164/223 181/172/223 
f 188/179/224 251/242/224 250/241/224 
f 250/241/224 181/172/224 188/179/224 
f 232/223/225 251/242/225 188/179/225 
f 188/179/225 111/102/225 232/223/225 
f 252/243/226 253/244/226 254/245/226 
f 254/245/226 255/246/226 252/243/226 
f 256/247/227 257/248/227 255/246/227 
f 255/246/227 254/245/227 256/247/227 
f 258/249/228 259/250/228 257/248/228 
f 257/248/228 256/247/228 258/249/228 
f 255/246/229 260/251/229 261/252/229 
f 261/252/230 252/243/230 255/246/230 
f 257/248/231 262/253/231 260/251/231 
f 260/251/231 255/246/231 257/248/231 
f 262/253/232 257/248/232 259/250/232 
f 259/250/232 263/254/232 262/253/232 
f 260/251/233 264/255/233 265/256/233 
f 265/256/233 261/252/233 260/251/233 
f 264/255/234 260/251/234 262/253/234 
f 262/253/234 266/257/234 264/255/234 
f 263/254/235 267/258/235 266/257/235 
f 266/257/235 262/253/235 263/254/235 
f 268/259/236 265/256/236 264/255/236 
f 264/255/236 269/260/236 268/259/236 
f 266/257/237 270/261/237 269/260/237 
f 269/260/237 264/255/237 266/257/237 
f 267/258/238 271/262/238 270/261/238 
f 270/261/238 266/257/238 267/258/238 
f 269/260/239 272/263/239 273/264/239 
f 273/264/239 268/259/239 269/260/239 
f 270/261/240 274/265/240 272/263/240 
f 272/263/240 269/260/240 270/261/240 
f 274/265/241 270/261/241 271/262/241 
f 271/262/241 275/266/241 274/265/241 
f 272/263/242 276/267/242 277/268/242 
f 277/268/243 273/264/243 272/263/243 
f 276/267/244 272/263/244 274/265/244 
f 274/265/244 278/269/244 276/267/244 
f 275/266/245 279/270/245 278/269/245 
f 278/269/245 274/265/245 275/266/245 
f 280/271/246 277/268/246 276/267/246 
f 276/267/247 281/272/247 280/271/247 
f 278/269/248 282/273/248 281/272/248 
f 281/272/248 276/267/248 278/269/248 
f 279/270/249 283/274/249 282/273/249 
f 282/273/249 278/269/249 279/270/249 
f 281/272/250 284/275/250 285/276/250 
f 285/276/250 280/271/250 281/272/250 
f 282/273/251 286/277/251 284/275/251 
f 284/275/251 281/272/251 282/273/251 
f 286/277/252 282/273/252 283/274/252 
f 283/274/252 287/278/252 286/277/252 
f 284/275/253 288/279/253 289/280/253 
f 289/280/253 285/276/253 284/275/253 
f 288/279/254 284/275/254 286/277/254 
f 286/277/254 290/281/254 288/279/254 
f 287/278/255 291/282/255 290/281/255 
f 290/281/255 286/277/255 287/278/255 
f 292/283/256 289/280/256 288/279/256 
f 288/279/256 293/284/256 292/283/256 
f 290/281/257 294/285/258 293/284/257 
f 293/284/257 288/279/257 290/281/257 
f 291/282/259 295/286/259 294/285/259 
f 294/285/259 290/281/259 291/282/259 
f 293/284/260 296/287/260 297/288/260 
f 297/288/260 292/283/260 293/284/260 
f 294/285/261 298/289/261 296/287/261 
f 296/287/261 293/284/261 294/285/261 
f 298/289/262 294/285/262 295/286/262 
f 295/286/262 299/290/262 298/289/262 
f 296/287/263 300/291/263 301/292/263 
f 301/292/263 297/288/263 296/287/263 
f 300/291/264 296/287/265 298/289/264 
f 298/289/264 302/293/264 300/291/264 
f 299/290/266 303/294/266 302/293/266 
f 302/293/266 298/289/267 299/290/266 
f 304/295/268 301/292/268 300/291/268 
f 300/291/268 305/296/268 304/295/268 
f 302/293/269 306/297/269 305/296/269 
f 305/296/269 300/291/269 302/293/269 
f 303/294/270 307/298/270 306/297/270 
f 306/297/270 302/293/270 303/294/270 
f 305/296/271 308/299/271 309/300/271 
f 309/300/271 304/295/271 305/296/271 
f 306/297/272 310/301/272 308/299/272 
f 308/299/272 305/296/272 306/297/272 
f 310/301/273 306/297/273 307/298/273 
f 307/298/274 311/302/274 310/301/274 
f 312/303/275 313/304/275 314/305/275 
f 314/305/275 253/244/275 312/303/275 
f 254/245/276 253/244/276 314/305/276 
f 314/305/276 315/306/276 254/245/276 
f 316/307/277 256/247/277 254/245/277 
f 254/245/277 315/306/277 316/307/277 
f 317/308/278 258/249/278 256/247/278 
f 256/247/278 316/307/278 317/308/278 
f 311/302/279 216/309/279 215/310/279 
f 215/310/279 310/301/279 311/302/279 
f 214/311/280 308/299/280 310/301/280 
f 310/301/280 215/310/280 214/311/280 
f 214/311/281 212/312/281 309/300/281 
f 309/300/281 308/299/281 214/311/281 
f 309/300/282 212/312/282 211/313/282 
f 211/313/282 318/314/282 309/300/282 
f 304/295/283 309/300/283 318/314/283 
f 318/314/283 319/315/283 304/295/283 
f 319/315/284 320/316/284 301/292/284 
f 301/292/284 304/295/284 319/315/284 
f 320/316/285 321/317/285 297/288/285 
f 297/288/285 301/292/285 320/316/285 
f 297/288/286 321/317/286 322/318/286 
f 322/318/286 292/283/286 297/288/286 
f 292/283/287 322/318/287 323/319/287 
f 323/319/287 289/280/287 292/283/287 
f 324/320/288 285/276/288 289/280/288 
f 289/280/288 323/319/288 324/320/288 
f 285/276/289 324/320/289 325/321/289 
f 325/321/289 280/271/289 285/276/289 
f 280/271/290 325/321/290 326/322/290 
f 326/322/291 277/268/291 280/271/291 
f 327/323/292 273/264/292 277/268/292 
f 277/268/292 326/322/292 327/323/292 
f 328/324/293 268/259/293 273/264/293 
f 273/264/294 327/323/294 328/324/294 
f 329/325/295 265/256/295 268/259/295 
f 268/259/296 328/324/296 329/325/296 
f 330/326/297 261/252/297 265/256/297 
f 265/256/298 329/325/298 330/326/298 
f 331/327/299 252/243/299 261/252/299 
f 261/252/299 330/326/299 331/327/299 
f 252/243/300 331/327/300 312/303/300 
f 312/303/300 253/244/300 252/243/300 
f 332/328/301 333/329/301 334/330/301 
f 334/330/301 335/331/301 332/328/301 
f 334/330/302 336/332/302 337/333/302 
f 337/333/302 335/331/302 334/330/302 
f 336/332/303 338/334/303 339/335/303 
f 339/335/303 337/333/303 336/332/303 
f 339/335/304 338/334/304 340/336/304 
f 340/336/304 341/337/304 339/335/304 
f 332/328/305 335/331/305 342/338/305 
f 342/338/305 343/339/305 332/328/305 
f 335/331/306 337/333/306 344/340/306 
f 344/340/306 342/338/306 335/331/306 
f 337/333/307 339/335/307 345/341/307 
f 345/341/307 344/340/307 337/333/307 
f 339/335/308 341/337/308 346/342/308 
f 346/342/308 345/341/308 339/335/308 
f 343/339/309 342/338/309 347/343/309 
f 347/343/309 348/344/309 343/339/309 
f 342/338/310 344/340/310 349/345/310 
f 349/345/310 347/343/310 342/338/310 
f 344/340/311 345/341/311 350/346/311 
f 350/346/311 349/345/311 344/340/311 
f 345/341/312 346/342/312 351/347/312 
f 351/347/312 350/346/312 345/341/312 
f 348/344/313 347/343/313 352/348/313 
f 352/348/313 353/349/313 348/344/313 
f 347/343/314 349/345/314 354/350/314 
f 354/350/314 352/348/314 347/343/314 
f 349/345/315 350/346/315 355/351/315 
f 355/351/315 354/350/315 349/345/315 
f 350/346/316 351/347/316 356/352/316 
f 356/352/316 355/351/316 350/346/316 
f 353/349/317 352/348/317 357/353/317 
f 357/353/317 358/354/317 353/349/317 
f 352/348/318 354/350/318 359/355/318 
f 359/355/318 357/353/318 352/348/318 
f 354/350/319 355/351/319 360/356/319 
f 360/356/319 359/355/319 354/350/319 
f 355/351/320 356/352/320 361/357/320 
f 361/357/321 360/356/321 355/351/321 
f 358/354/322 357/353/322 362/358/322 
f 362/358/322 363/359/322 358/354/322 
f 357/353/323 359/355/323 364/360/323 
f 364/360/323 362/358/323 357/353/323 
f 359/355/324 360/356/324 365/361/324 
f 365/361/324 364/360/324 359/355/324 
f 361/357/325 366/362/325 365/361/325 
f 365/361/326 360/356/326 361/357/326 
f 363/359/327 362/358/327 367/363/327 
f 367/363/328 368/364/328 363/359/328 
f 362/358/329 364/360/329 369/365/329 
f 369/365/329 367/363/329 362/358/329 
f 364/360/330 365/361/330 370/366/330 
f 370/366/331 369/365/331 364/360/331 
f 365/361/332 366/362/332 371/367/332 
f 371/367/332 370/366/332 365/361/332 
f 368/364/333 367/363/333 372/368/333 
f 372/368/333 373/369/333 368/364/333 
f 367/363/334 369/365/334 374/370/334 
f 374/370/334 372/368/334 367/363/334 
f 370/366/335 375/371/335 374/370/335 
f 374/370/336 369/365/336 370/366/336 
f 370/366/337 371/367/337 376/372/337 
f 376/372/337 375/371/337 370/366/337 
f 373/369/338 372/368/338 377/373/338 
f 377/373/339 378/374/339 373/369/339 
f 372/368/340 374/370/340 379/375/340 
f 379/375/340 377/373/340 372/368/340 
f 374/370/341 375/371/341 380/376/341 
f 380/376/342 379/375/342 374/370/342 
f 376/372/343 381/377/343 380/376/343 
f 380/376/343 375/371/343 376/372/343 
f 378/374/344 377/373/344 382/378/344 
f 382/378/344 383/379/344 378/374/344 
f 379/375/345 384/380/345 382/378/345 
f 382/378/345 377/373/345 379/375/345 
f 379/375/346 380/376/346 385/381/346 
f 385/381/347 384/380/347 379/375/347 
f 380/376/348 381/377/348 386/382/348 
f 386/382/348 385/381/348 380/376/348 
f 383/379/349 382/378/349 387/383/349 
f 387/383/349 388/384/349 383/379/349 
f 382/378/350 384/380/350 389/385/350 
f 389/385/350 387/383/350 382/378/350 
f 385/381/351 390/386/351 389/385/351 
f 389/385/351 384/380/351 385/381/351 
f 385/381/352 386/382/352 391/387/352 
f 391/387/352 390/386/352 385/381/352 
f 388/384/353 387/383/353 392/388/353 
f 392/388/354 393/389/354 388/384/354 
f 387/383/355 389/385/355 394/390/355 
f 394/390/355 392/388/355 387/383/355 
f 389/385/356 390/386/356 395/391/356 
f 395/391/356 394/390/356 389/385/356 
f 390/386/357 391/387/357 396/392/357 
f 396/392/357 395/391/357 390/386/357 
f 393/389/358 392/388/358 397/393/358 
f 397/393/358 398/394/358 393/389/358 
f 394/390/359 399/395/359 397/393/359 
f 397/393/359 392/388/359 394/390/359 
f 394/390/360 395/391/360 400/396/360 
f 400/396/360 399/395/360 394/390/360 
f 395/391/361 396/392/361 401/397/361 
f 401/397/361 400/396/361 395/391/361 
f 398/394/362 397/393/362 402/398/362 
f 402/398/362 403/399/362 398/394/362 
f 397/393/363 399/395/363 404/400/363 
f 404/400/363 402/398/363 397/393/363 
f 399/395/364 400/396/364 405/401/364 
f 405/401/365 404/400/365 399/395/365 
f 400/396/366 401/397/367 406/402/366 
f 406/402/366 405/401/366 400/396/366 
f 225/216/368 224/215/368 333/329/368 
f 333/329/368 407/403/368 225/216/368 
f 233/224/369 334/330/369 333/329/369 
f 333/329/369 224/215/369 233/224/369 
f 234/225/370 336/332/370 334/330/370 
f 334/330/370 233/224/370 234/225/370 
f 235/226/371 338/334/371 336/332/371 
f 336/332/371 234/225/371 235/226/371 
f 236/227/372 340/336/372 338/334/372 
f 338/334/372 235/226/372 236/227/372 
f 404/400/373 405/401/373 408/404/373 
f 408/404/373 409/405/373 404/400/373 
f 404/400/374 409/405/374 410/406/374 
f 410/406/374 402/398/374 404/400/374 
f 411/407/375 403/399/375 402/398/375 
f 402/398/375 410/406/375 411/407/375 
f 411/407/376 412/408/376 413/409/376 
f 413/409/376 403/399/376 411/407/376 
f 403/399/377 413/409/377 414/410/377 
f 414/410/377 398/394/377 403/399/377 
f 415/411/378 393/389/378 398/394/378 
f 398/394/378 414/410/378 415/411/378 
f 393/389/379 415/411/379 416/412/379 
f 416/412/380 388/384/380 393/389/380 
f 388/384/381 416/412/381 417/413/381 
f 417/413/382 383/379/383 388/384/383 
f 418/414/384 378/374/384 383/379/384 
f 383/379/385 417/413/385 418/414/385 
f 378/374/386 418/414/386 419/415/386 
f 419/415/387 373/369/387 378/374/387 
f 373/369/388 419/415/388 420/416/388 
f 420/416/388 368/364/388 373/369/388 
f 421/417/389 363/359/389 368/364/389 
f 368/364/389 420/416/389 421/417/389 
f 363/359/390 421/417/390 422/418/390 
f 422/418/391 358/354/391 363/359/391 
f 358/354/392 422/418/392 423/419/392 
f 423/419/392 353/349/392 358/354/392 
f 424/420/393 348/344/393 353/349/393 
f 353/349/394 423/419/394 424/420/394 
f 348/344/395 424/420/395 425/421/395 
f 425/421/395 343/339/395 348/344/395 
f 343/339/396 425/421/396 426/422/396 
f 426/422/396 332/328/396 343/339/396 
f 332/328/397 426/422/397 407/403/397 
f 407/403/397 333/329/397 332/328/397 
f 427/423/398 428/424/398 429/425/398 
f 429/425/398 430/426/398 427/423/398 
f 427/423/399 431/427/399 432/428/399 
f 432/428/399 428/424/399 427/423/399 
f 431/427/400 433/429/400 434/430/400 
f 434/430/401 432/428/401 431/427/401 
f 435/431/402 436/432/402 434/430/402 
f 434/430/402 433/429/402 435/431/402 
f 435/431/403 437/433/403 438/434/403 
f 438/434/404 436/432/404 435/431/404 
f 437/433/405 439/435/405 440/436/405 
f 440/436/406 438/434/406 437/433/406 
f 439/435/407 441/437/407 442/438/407 
f 442/438/407 440/436/407 439/435/407 
f 441/437/408 443/439/408 444/440/408 
f 444/440/409 442/438/409 441/437/409 
f 443/439/410 445/441/410 446/442/410 
f 446/442/411 444/440/411 443/439/411 
f 447/443/412 448/444/412 446/442/412 
f 446/442/412 445/441/412 447/443/412 
f 447/443/413 449/445/413 450/446/413 
f 450/446/413 448/444/413 447/443/413 
f 451/447/414 452/448/414 450/446/414 
f 450/446/414 449/445/414 451/447/414 
f 451/447/415 453/449/415 454/450/415 
f 454/450/415 452/448/415 451/447/415 
f 453/449/416 455/451/416 456/452/416 
f 456/452/416 454/450/416 453/449/416 
f 429/425/417 428/424/417 457/453/417 
f 457/453/417 458/454/417 429/425/417 
f 428/424/418 432/428/418 459/455/418 
f 459/455/418 457/453/418 428/424/418 
f 432/428/419 434/430/419 460/456/419 
f 460/456/419 459/455/419 432/428/419 
f 434/430/420 436/432/420 461/457/420 
f 461/457/420 460/456/420 434/430/420 
f 436/432/421 438/434/421 462/458/421 
f 462/458/421 461/457/421 436/432/421 
f 438/434/422 440/436/422 463/459/422 
f 463/459/422 462/458/422 438/434/422 
f 440/436/423 442/438/423 464/460/423 
f 464/460/424 463/459/424 440/436/424 
f 442/438/425 444/440/425 465/461/425 
f 465/461/426 464/460/426 442/438/426 
f 444/440/427 446/442/427 466/462/427 
f 466/462/427 465/461/427 444/440/427 
f 446/442/428 448/444/428 467/463/428 
f 467/463/428 466/462/428 446/442/428 
f 448/444/429 450/446/429 468/464/429 
f 468/464/429 467/463/429 448/444/429 
f 452/448/430 469/465/430 468/464/430 
f 468/464/430 450/446/430 452/448/430 
f 454/450/431 470/466/431 469/465/431 
f 469/465/431 452/448/431 454/450/431 
f 454/450/432 456/452/432 471/467/432 
f 471/467/432 470/466/432 454/450/432 
f 457/453/433 472/468/433 473/469/433 
f 473/469/433 458/454/433 457/453/433 
f 457/453/434 459/455/434 474/470/434 
f 474/470/434 472/468/434 457/453/434 
f 460/456/435 475/471/435 474/470/435 
f 474/470/435 459/455/435 460/456/435 
f 461/457/436 476/472/436 475/471/436 
f 475/471/436 460/456/436 461/457/436 
f 461/457/437 462/458/437 477/473/437 
f 477/473/437 476/472/437 461/457/437 
f 462/458/438 463/459/438 478/474/438 
f 478/474/439 477/473/439 462/458/439 
f 464/460/440 479/475/440 478/474/440 
f 478/474/441 463/459/441 464/460/441 
f 464/460/442 465/461/442 480/476/442 
f 480/476/442 479/475/442 464/460/442 
f 466/462/443 481/477/443 480/476/443 
f 480/476/444 465/461/444 466/462/444 
f 467/463/445 482/478/445 481/477/445 
f 481/477/445 466/462/445 467/463/445 
f 467/463/446 468/464/446 483/479/446 
f 483/479/446 482/478/446 467/463/446 
f 469/465/447 484/480/447 483/479/447 
f 483/479/447 468/464/447 469/465/447 
f 470/466/448 485/481/448 484/480/448 
f 484/480/448 469/465/448 470/466/448 
f 470/466/449 471/467/449 486/482/449 
f 486/482/449 485/481/449 470/466/449 
f 472/468/450 487/483/450 488/484/450 
f 488/484/450 473/469/450 472/468/450 
f 472/468/451 474/470/451 489/485/451 
f 489/485/451 487/483/451 472/468/451 
f 474/470/452 475/471/452 490/486/452 
f 490/486/453 489/485/453 474/470/453 
f 476/472/454 491/487/454 490/486/454 
f 490/486/455 475/471/455 476/472/455 
f 476/472/456 477/473/456 492/488/456 
f 492/488/457 491/487/457 476/472/457 
f 478/474/458 493/489/458 492/488/458 
f 492/488/459 477/473/459 478/474/459 
f 479/475/460 494/490/460 493/489/460 
f 493/489/461 478/474/461 479/475/461 
f 479/475/462 480/476/462 495/491/462 
f 495/491/463 494/490/463 479/475/463 
f 480/476/464 481/477/464 496/492/464 
f 496/492/464 495/491/464 480/476/464 
f 482/478/465 497/493/465 496/492/465 
f 496/492/465 481/477/465 482/478/465 
f 482/478/466 483/479/466 498/494/466 
f 498/494/466 497/493/466 482/478/466 
f 484/480/467 499/495/467 498/494/467 
f 498/494/467 483/479/467 484/480/467 
f 485/481/468 500/496/468 499/495/468 
f 499/495/468 484/480/468 485/481/468 
f 485/481/469 486/482/469 501/497/469 
f 501/497/469 500/496/469 485/481/469 
f 487/483/470 502/498/470 503/499/470 
f 503/499/470 488/484/470 487/483/470 
f 487/483/471 489/485/471 504/500/471 
f 504/500/471 502/498/471 487/483/471 
f 489/485/472 490/486/472 505/501/472 
f 505/501/472 504/500/472 489/485/472 
f 491/487/473 506/502/473 505/501/473 
f 505/501/473 490/486/473 491/487/473 
f 491/487/474 492/488/475 507/503/474 
f 507/503/476 506/502/476 491/487/476 
f 492/488/477 493/489/477 508/504/477 
f 508/504/477 507/503/477 492/488/477 
f 494/490/478 509/505/478 508/504/478 
f 508/504/478 493/489/478 494/490/478 
f 494/490/479 495/491/479 510/506/479 
f 510/506/479 509/505/479 494/490/479 
f 496/492/480 511/507/480 510/506/480 
f 510/506/480 495/491/480 496/492/480 
f 497/493/481 512/508/481 511/507/481 
f 511/507/481 496/492/481 497/493/481 
f 497/493/482 498/494/482 513/509/482 
f 513/509/482 512/508/482 497/493/482 
f 499/495/483 514/510/483 513/509/483 
f 513/509/483 498/494/483 499/495/483 
f 500/496/484 515/511/484 514/510/484 
f 514/510/484 499/495/484 500/496/484 
f 500/496/485 501/497/485 516/512/485 
f 516/512/485 515/511/485 500/496/485 
f 502/498/486 517/513/486 518/514/486 
f 518/514/486 503/499/486 502/498/486 
f 502/498/487 504/500/487 519/515/487 
f 519/515/487 517/513/488 502/498/487 
f 504/500/489 505/501/489 520/516/489 
f 520/516/489 519/515/489 504/500/489 
f 506/502/490 521/517/490 520/516/490 
f 520/516/491 505/501/491 506/502/491 
f 506/502/492 507/503/492 522/518/492 
f 522/518/493 521/517/493 506/502/493 
f 508/504/494 523/519/494 522/518/494 
f 522/518/495 507/503/495 508/504/495 
f 509/505/496 524/520/496 523/519/496 
f 523/519/496 508/504/496 509/505/496 
f 509/505/497 510/506/497 525/521/497 
f 525/521/497 524/520/497 509/505/497 
f 511/507/498 526/522/498 525/521/498 
f 525/521/499 510/506/499 511/507/499 
f 512/508/500 527/523/500 526/522/500 
f 526/522/501 511/507/501 512/508/501 
f 512/508/502 513/509/502 528/524/502 
f 528/524/502 527/523/502 512/508/502 
f 513/509/503 514/510/503 529/525/503 
f 529/525/503 528/524/503 513/509/503 
f 515/511/504 530/526/504 529/525/504 
f 529/525/505 514/510/505 515/511/505 
f 515/511/506 516/512/506 531/527/506 
f 531/527/507 530/526/507 515/511/507 
f 517/513/508 532/528/508 533/529/508 
f 533/529/508 518/514/508 517/513/508 
f 517/513/509 519/515/509 534/530/509 
f 534/530/510 532/528/510 517/513/510 
f 520/516/511 535/531/511 534/530/511 
f 534/530/512 519/515/512 520/516/512 
f 521/517/513 536/532/513 535/531/513 
f 535/531/513 520/516/513 521/517/513 
f 521/517/514 522/518/514 537/533/514 
f 537/533/515 536/532/515 521/517/515 
f 523/519/516 538/534/516 537/533/516 
f 537/533/517 522/518/517 523/519/517 
f 524/520/518 539/535/518 538/534/518 
f 538/534/518 523/519/518 524/520/518 
f 524/520/519 525/521/519 540/536/519 
f 540/536/520 539/535/519 524/520/520 
f 525/521/521 526/522/521 541/537/521 
f 541/537/521 540/536/521 525/521/521 
f 527/523/522 542/538/522 541/537/522 
f 541/537/522 526/522/522 527/523/522 
f 527/523/523 528/524/523 543/539/523 
f 543/539/523 542/538/523 527/523/523 
f 528/524/524 529/525/524 544/540/524 
f 544/540/524 543/539/524 528/524/524 
f 530/526/525 545/541/525 544/540/525 
f 544/540/526 529/525/526 530/526/526 
f 530/526/527 531/527/527 546/542/527 
f 546/542/527 545/541/527 530/526/527 
f 532/528/528 547/543/528 548/544/528 
f 548/544/528 533/529/528 532/528/528 
f 532/528/529 534/530/529 549/545/529 
f 549/545/529 547/543/529 532/528/529 
f 534/530/530 535/531/530 550/546/530 
f 550/546/530 549/545/530 534/530/530 
f 551/547/531 550/546/531 535/531/531 
f 535/531/531 536/532/531 551/547/531 
f 552/548/532 551/547/532 536/532/532 
f 536/532/533 537/533/533 552/548/533 
f 552/548/534 537/533/534 538/534/534 
f 538/534/534 553/549/534 552/548/534 
f 538/534/535 539/535/535 554/550/535 
f 554/550/535 553/549/535 538/534/535 
f 539/535/536 540/536/536 555/551/536 
f 555/551/537 554/550/537 539/535/537 
f 540/536/538 541/537/538 556/552/538 
f 556/552/538 555/551/538 540/536/538 
f 557/553/539 556/552/539 541/537/539 
f 541/537/539 542/538/539 557/553/539 
f 558/554/540 557/553/540 542/538/540 
f 542/538/541 543/539/541 558/554/541 
f 544/540/542 559/555/542 558/554/542 
f 558/554/543 543/539/543 544/540/543 
f 560/556/544 559/555/544 544/540/544 
f 544/540/545 545/541/545 560/556/545 
f 561/557/546 560/556/546 545/541/546 
f 545/541/547 546/542/547 561/557/547 
f 562/558/548 563/559/548 548/544/548 
f 548/544/548 547/543/548 562/558/548 
f 564/560/549 562/558/549 547/543/549 
f 547/543/549 549/545/549 564/560/549 
f 550/546/550 565/561/550 564/560/550 
f 564/560/551 549/545/550 550/546/550 
f 565/561/552 550/546/552 551/547/552 
f 551/547/552 566/562/552 565/561/552 
f 566/562/553 551/547/553 552/548/553 
f 552/548/553 567/563/553 566/562/553 
f 567/563/554 552/548/554 553/549/554 
f 553/549/555 568/564/555 567/563/555 
f 569/565/556 568/564/556 553/549/556 
f 553/549/557 554/550/557 569/565/557 
f 570/566/558 569/565/558 554/550/558 
f 554/550/558 555/551/558 570/566/558 
f 556/552/559 571/567/559 570/566/559 
f 570/566/560 555/551/560 556/552/560 
f 571/567/561 556/552/561 557/553/561 
f 557/553/561 572/568/561 571/567/561 
f 572/568/562 557/553/562 558/554/562 
f 558/554/563 573/569/563 572/568/563 
f 559/555/564 574/570/564 573/569/564 
f 573/569/564 558/554/564 559/555/564 
f 574/570/565 559/555/565 560/556/565 
f 560/556/565 575/571/565 574/570/565 
f 575/571/566 560/556/566 561/557/566 
f 561/557/566 576/572/566 575/571/566 
f 577/573/567 563/559/567 562/558/567 
f 562/558/567 578/574/567 577/573/567 
f 578/574/568 562/558/568 564/560/568 
f 564/560/568 579/575/568 578/574/568 
f 565/561/569 580/576/569 579/575/569 
f 579/575/569 564/560/569 565/561/569 
f 580/576/570 565/561/570 566/562/570 
f 566/562/570 581/577/570 580/576/570 
f 581/577/571 566/562/571 567/563/571 
f 567/563/571 582/578/571 581/577/571 
f 568/564/572 583/579/572 582/578/572 
f 582/578/572 567/563/572 568/564/572 
f 583/579/573 568/564/573 569/565/573 
f 569/565/573 584/580/573 583/579/573 
f 584/580/574 569/565/574 570/566/574 
f 570/566/574 585/581/574 584/580/574 
f 571/567/575 586/582/575 585/581/575 
f 585/581/575 570/566/575 571/567/575 
f 586/582/576 571/567/576 572/568/576 
f 572/568/577 587/583/577 586/582/577 
f 587/583/578 572/568/578 573/569/578 
f 573/569/578 588/584/578 587/583/578 
f 574/570/579 589/585/579 588/584/579 
f 588/584/579 573/569/579 574/570/579 
f 589/585/580 574/570/580 575/571/580 
f 575/571/580 590/586/580 589/585/580 
f 590/586/581 575/571/581 576/572/581 
f 576/572/581 591/587/581 590/586/581 
f 592/588/582 577/573/582 578/574/582 
f 578/574/582 593/589/582 592/588/582 
f 593/589/583 578/574/583 579/575/583 
f 579/575/583 594/590/583 593/589/583 
f 580/576/584 595/591/584 594/590/584 
f 594/590/584 579/575/584 580/576/584 
f 595/591/585 580/576/585 581/577/585 
f 581/577/585 596/592/585 595/591/585 
f 596/592/586 581/577/586 582/578/586 
f 582/578/586 597/593/586 596/592/586 
f 583/579/587 598/594/587 597/593/587 
f 597/593/587 582/578/587 583/579/587 
f 598/594/588 583/579/588 584/580/588 
f 584/580/589 599/595/589 598/594/589 
f 599/595/590 584/580/590 585/581/590 
f 585/581/591 600/596/591 599/595/591 
f 586/582/592 601/597/592 600/596/592 
f 600/596/593 585/581/593 586/582/593 
f 601/597/594 586/582/594 587/583/594 
f 587/583/594 602/598/594 601/597/594 
f 602/598/595 587/583/595 588/584/595 
f 588/584/595 603/599/595 602/598/595 
f 589/585/596 604/600/596 603/599/596 
f 603/599/596 588/584/596 589/585/596 
f 604/600/597 589/585/597 590/586/597 
f 590/586/597 605/601/597 604/600/597 
f 605/601/598 590/586/598 591/587/598 
f 591/587/598 606/602/598 605/601/598 
f 607/603/599 592/588/599 593/589/599 
f 593/589/599 608/604/599 607/603/599 
f 608/604/600 593/589/600 594/590/600 
f 594/590/600 609/605/600 608/604/600 
f 595/591/601 610/606/601 609/605/601 
f 609/605/601 594/590/601 595/591/601 
f 610/606/602 595/591/602 596/592/602 
f 596/592/602 611/607/602 610/606/602 
f 611/607/603 596/592/603 597/593/603 
f 597/593/603 612/608/603 611/607/603 
f 598/594/604 613/609/604 612/608/604 
f 612/608/604 597/593/604 598/594/604 
f 613/609/605 598/594/605 599/595/605 
f 599/595/605 614/610/605 613/609/605 
f 614/610/606 599/595/606 600/596/606 
f 600/596/607 615/611/607 614/610/607 
f 601/597/608 616/612/608 615/611/608 
f 615/611/608 600/596/608 601/597/608 
f 616/612/609 601/597/609 602/598/609 
f 602/598/609 617/613/609 616/612/609 
f 617/613/610 602/598/610 603/599/610 
f 603/599/610 618/614/610 617/613/610 
f 604/600/611 619/615/611 618/614/611 
f 618/614/611 603/599/611 604/600/611 
f 619/615/612 604/600/612 605/601/612 
f 605/601/612 620/616/612 619/615/612 
f 620/616/613 605/601/613 606/602/613 
f 606/602/613 621/617/613 620/616/613 
f 622/618/614 607/603/614 608/604/614 
f 608/604/614 623/619/614 622/618/614 
f 623/619/615 608/604/615 609/605/615 
f 609/605/615 624/620/615 623/619/615 
f 610/606/616 625/621/616 624/620/616 
f 624/620/616 609/605/616 610/606/616 
f 625/621/617 610/606/617 611/607/617 
f 611/607/617 626/622/617 625/621/617 
f 626/622/618 611/607/618 612/608/618 
f 612/608/619 627/623/619 626/622/619 
f 613/609/620 628/624/620 627/623/620 
f 627/623/620 612/608/620 613/609/620 
f 628/624/621 613/609/621 614/610/621 
f 614/610/622 629/625/622 628/624/622 
f 629/625/623 614/610/623 615/611/623 
f 615/611/623 630/626/623 629/625/623 
f 616/612/624 631/627/624 630/626/624 
f 630/626/624 615/611/624 616/612/624 
f 631/627/625 616/612/625 617/613/625 
f 617/613/625 632/628/625 631/627/625 
f 632/628/626 617/613/626 618/614/626 
f 618/614/626 633/629/626 632/628/626 
f 619/615/627 634/630/627 633/629/627 
f 633/629/627 618/614/627 619/615/627 
f 634/630/628 619/615/628 620/616/628 
f 620/616/628 635/631/628 634/630/628 
f 635/631/629 620/616/629 621/617/629 
f 621/617/630 636/632/630 635/631/630 
f 637/633/631 622/618/631 623/619/631 
f 623/619/631 638/634/631 637/633/631 
f 638/634/632 623/619/632 624/620/632 
f 624/620/632 639/635/632 638/634/632 
f 625/621/633 640/636/633 639/635/633 
f 639/635/633 624/620/633 625/621/633 
f 640/636/634 625/621/634 626/622/634 
f 626/622/634 641/637/634 640/636/634 
f 641/637/635 626/622/635 627/623/635 
f 627/623/635 642/638/635 641/637/635 
f 628/624/636 643/639/636 642/638/636 
f 642/638/636 627/623/636 628/624/636 
f 643/639/637 628/624/637 629/625/637 
f 629/625/638 644/640/638 643/639/638 
f 644/640/639 629/625/639 630/626/639 
f 630/626/640 645/641/640 644/640/640 
f 631/627/641 646/642/641 645/641/641 
f 645/641/642 630/626/642 631/627/642 
f 647/643/643 646/642/643 631/627/643 
f 631/627/643 632/628/643 647/643/643 
f 648/644/644 647/643/644 632/628/644 
f 632/628/644 633/629/644 648/644/644 
f 633/629/645 634/630/645 649/645/645 
f 649/645/645 648/644/645 633/629/645 
f 649/645/646 634/630/646 635/631/646 
f 635/631/646 650/646/646 649/645/646 
f 650/646/647 635/631/647 636/632/647 
f 636/632/647 651/647/647 650/646/647 
f 195/648/648 652/649/648 430/426/648 
f 430/426/648 196/650/648 195/648/648 
f 430/426/649 652/649/649 653/651/649 
f 653/651/649 427/423/649 430/426/649 
f 427/423/650 653/651/650 654/652/650 
f 654/652/651 431/427/651 427/423/651 
f 654/652/652 655/653/652 433/429/652 
f 433/429/653 431/427/653 654/652/653 
f 433/429/654 655/653/654 656/654/654 
f 656/654/655 435/431/655 433/429/655 
f 435/431/656 656/654/656 657/655/656 
f 657/655/657 437/433/657 435/431/657 
f 658/656/658 439/435/658 437/433/658 
f 437/433/659 657/655/659 658/656/659 
f 439/435/660 658/656/660 659/657/660 
f 659/657/661 441/437/661 439/435/661 
f 659/657/662 660/658/662 443/439/662 
f 443/439/662 441/437/662 659/657/662 
f 443/439/663 660/658/663 661/659/663 
f 661/659/664 445/441/664 443/439/664 
f 662/660/665 447/443/665 445/441/665 
f 445/441/665 661/659/665 662/660/665 
f 663/661/666 449/445/666 447/443/666 
f 447/443/666 662/660/666 663/661/666 
f 449/445/667 663/661/667 664/662/667 
f 664/662/668 451/447/668 449/445/668 
f 665/663/669 453/449/669 451/447/669 
f 451/447/669 664/662/669 665/663/669 
f 666/664/670 455/451/670 453/449/670 
f 453/449/670 665/663/670 666/664/670 
f 667/665/671 455/451/671 666/664/671 
f 666/664/671 668/666/671 667/665/671 
f 456/452/672 455/451/672 667/665/672 
f 667/665/672 669/667/672 456/452/672 
f 670/668/673 471/467/673 456/452/673 
f 456/452/674 669/667/674 670/668/674 
f 671/669/675 486/482/675 471/467/675 
f 471/467/675 670/668/675 671/669/675 
f 486/482/676 671/669/676 672/670/676 
f 672/670/676 501/497/676 486/482/676 
f 501/497/677 672/670/677 673/671/677 
f 673/671/677 516/512/677 501/497/677 
f 516/512/678 673/671/678 674/672/678 
f 674/672/678 531/527/678 516/512/678 
f 531/527/679 674/672/679 675/673/679 
f 675/673/679 546/542/679 531/527/679 
f 546/542/680 675/673/680 676/674/680 
f 676/674/680 561/557/680 546/542/680 
f 576/572/681 561/557/681 676/674/681 
f 676/674/682 677/675/682 576/572/682 
f 678/676/683 591/587/683 576/572/683 
f 576/572/683 677/675/683 678/676/683 
f 591/587/684 678/676/684 679/677/684 
f 679/677/684 606/602/684 591/587/684 
f 606/602/685 679/677/685 680/678/685 
f 680/678/685 621/617/685 606/602/685 
f 621/617/686 680/678/686 681/679/686 
f 681/679/686 636/632/686 621/617/686 
f 682/680/687 651/647/687 636/632/687 
f 636/632/687 681/679/687 682/680/687 
f 682/680/688 313/681/688 312/682/688 
f 312/682/688 651/647/688 682/680/688 
f 331/683/689 650/646/689 651/647/689 
f 651/647/689 312/682/689 331/683/689 
f 330/684/690 649/645/690 650/646/690 
f 650/646/690 331/683/690 330/684/690 
f 649/645/691 330/684/691 329/685/691 
f 329/685/691 648/644/691 649/645/691 
f 328/686/692 647/643/692 648/644/692 
f 648/644/692 329/685/692 328/686/692 
f 327/687/693 646/642/693 647/643/693 
f 647/643/693 328/686/693 327/687/693 
f 646/642/694 327/687/694 326/688/694 
f 326/688/695 645/641/695 646/642/695 
f 325/689/696 644/640/696 645/641/696 
f 645/641/696 326/688/696 325/689/696 
f 324/690/697 643/639/697 644/640/697 
f 644/640/697 325/689/697 324/690/697 
f 324/690/698 323/691/698 642/638/698 
f 642/638/699 643/639/699 324/690/699 
f 322/692/700 641/637/700 642/638/700 
f 642/638/701 323/691/701 322/692/701 
f 321/693/702 640/636/702 641/637/702 
f 641/637/703 322/692/703 321/693/703 
f 321/693/704 320/694/704 639/635/704 
f 639/635/705 640/636/705 321/693/705 
f 319/695/706 638/634/706 639/635/706 
f 639/635/706 320/694/706 319/695/706 
f 318/696/707 637/633/707 638/634/707 
f 638/634/707 319/695/707 318/696/707 
f 637/633/708 318/696/708 211/697/708 
f 211/697/708 213/698/708 637/633/708 
f 637/633/709 213/698/709 217/699/709 
f 217/699/709 622/618/709 637/633/709 
f 622/618/710 217/699/710 218/700/710 
f 218/700/710 607/603/710 622/618/710 
f 218/700/711 219/701/711 592/588/711 
f 592/588/711 607/603/711 218/700/711 
f 219/701/712 220/702/712 577/573/712 
f 577/573/712 592/588/712 219/701/712 
f 577/573/713 220/702/713 221/703/713 
f 221/703/713 563/559/713 577/573/713 
f 563/559/714 221/703/714 222/704/714 
f 222/704/714 548/544/714 563/559/714 
f 548/544/715 222/704/715 203/705/715 
f 203/705/715 533/529/715 548/544/715 
f 533/529/716 203/705/716 202/706/716 
f 202/706/716 518/514/716 533/529/716 
f 202/706/717 201/707/717 503/499/717 
f 503/499/717 518/514/717 202/706/717 
f 201/707/718 200/708/718 488/484/718 
f 488/484/718 503/499/718 201/707/718 
f 488/484/719 200/708/719 199/709/719 
f 199/709/719 473/469/719 488/484/719 
f 473/469/720 199/709/720 198/710/720 
f 198/710/720 458/454/720 473/469/720 
f 458/454/721 198/710/721 197/711/721 
f 197/711/721 429/425/721 458/454/721 
f 197/711/722 196/650/722 430/426/722 
f 430/426/722 429/425/722 197/711/722 
f 683/712/723 684/713/723 685/714/723 
f 685/714/723 686/715/723 683/712/723 
f 687/716/724 688/717/724 686/715/724 
f 686/715/724 685/714/724 687/716/724 
f 688/717/725 687/716/725 689/718/725 
f 689/718/725 690/719/725 688/717/725 
f 691/720/726 692/721/726 690/719/726 
f 690/719/726 689/718/726 691/720/726 
f 692/721/727 691/720/727 693/722/727 
f 693/722/727 694/723/728 692/721/727 
f 695/724/729 694/723/729 693/722/729 
f 693/722/729 696/725/729 695/724/729 
f 696/725/730 697/726/730 698/727/730 
f 698/727/730 695/724/730 696/725/730 
f 699/728/731 700/729/731 683/712/731 
f 683/712/731 686/715/731 699/728/731 
f 699/728/732 686/715/732 688/717/732 
f 688/717/732 701/730/732 699/728/732 
f 701/730/733 688/717/733 690/719/733 
f 690/719/733 702/731/733 701/730/733 
f 690/719/734 692/721/734 703/732/734 
f 703/732/734 702/731/734 690/719/734 
f 692/721/735 694/723/735 704/733/735 
f 704/733/735 703/732/735 692/721/735 
f 704/733/736 694/723/736 695/724/736 
f 695/724/736 705/734/736 704/733/736 
f 705/734/737 695/724/737 698/727/737 
f 698/727/737 706/735/737 705/734/737 
f 707/736/738 700/729/738 699/728/738 
f 699/728/738 708/737/738 707/736/738 
f 708/737/739 699/728/739 701/730/739 
f 701/730/739 709/738/739 708/737/739 
f 702/731/740 710/739/740 709/738/740 
f 709/738/740 701/730/740 702/731/740 
f 703/732/741 711/740/741 710/739/741 
f 710/739/741 702/731/741 703/732/741 
f 712/741/742 711/740/742 703/732/742 
f 703/732/742 704/733/742 712/741/742 
f 705/734/743 713/742/743 712/741/743 
f 712/741/743 704/733/743 705/734/743 
f 714/743/744 713/742/744 705/734/744 
f 705/734/744 706/735/744 714/743/744 
f 715/744/745 716/745/745 707/736/745 
f 707/736/745 708/737/745 715/744/745 
f 717/746/746 715/744/746 708/737/746 
f 708/737/746 709/738/746 717/746/746 
f 709/738/747 710/739/747 718/747/747 
f 718/747/747 717/746/747 709/738/747 
f 710/739/748 711/740/748 719/748/748 
f 719/748/748 718/747/748 710/739/748 
f 720/749/749 719/748/749 711/740/749 
f 711/740/749 712/741/749 720/749/749 
f 712/741/750 713/742/750 721/750/750 
f 721/750/750 720/749/750 712/741/750 
f 714/743/751 722/751/751 721/750/751 
f 721/750/751 713/742/751 714/743/751 
f 715/744/752 723/752/752 724/753/752 
f 724/753/752 716/745/752 715/744/752 
f 725/754/753 723/752/753 715/744/753 
f 715/744/753 717/746/753 725/754/753 
f 726/755/754 725/754/754 717/746/754 
f 717/746/754 718/747/754 726/755/754 
f 718/747/755 719/748/755 727/756/755 
f 727/756/755 726/755/755 718/747/755 
f 719/748/756 720/749/756 728/757/756 
f 728/757/756 727/756/756 719/748/756 
f 729/758/757 728/757/757 720/749/757 
f 720/749/757 721/750/757 729/758/757 
f 721/750/758 722/751/758 730/759/758 
f 730/759/758 729/758/758 721/750/758 
f 731/760/759 732/761/759 724/753/759 
f 724/753/759 723/752/759 731/760/759 
f 725/754/760 733/762/760 731/760/760 
f 731/760/760 723/752/760 725/754/760 
f 734/763/761 733/762/761 725/754/761 
f 725/754/761 726/755/761 734/763/761 
f 735/764/762 734/763/763 726/755/763 
f 726/755/763 727/756/763 735/764/763 
f 727/756/764 728/757/764 736/765/764 
f 736/765/764 735/764/764 727/756/764 
f 728/757/765 729/758/766 737/766/766 
f 737/766/766 736/765/766 728/757/766 
f 738/767/767 739/768/767 740/769/767 
f 740/769/767 741/770/767 738/767/767 
f 739/768/768 742/771/768 743/772/768 
f 743/772/768 740/769/768 739/768/768 
f 743/772/769 742/771/769 744/773/769 
f 744/773/770 745/774/770 743/772/770 
f 740/769/771 746/775/771 747/776/771 
f 747/776/771 741/770/771 740/769/771 
f 746/775/772 740/769/772 743/772/772 
f 743/772/772 748/777/772 746/775/772 
f 743/772/773 745/774/773 749/778/773 
f 749/778/774 748/777/773 743/772/773 
f 746/775/775 750/779/775 751/780/775 
f 751/780/775 747/776/775 746/775/775 
f 752/781/776 750/779/776 746/775/776 
f 746/775/776 748/777/776 752/781/776 
f 749/778/777 753/782/777 752/781/777 
f 752/781/777 748/777/777 749/778/777 
f 754/783/778 753/782/778 749/778/778 
f 749/778/778 755/784/778 754/783/778 
f 751/780/779 750/779/779 756/785/779 
f 756/785/779 757/786/779 751/780/779 
f 752/781/780 758/787/780 756/785/780 
f 756/785/780 750/779/780 752/781/780 
f 759/788/781 758/787/781 752/781/781 
f 752/781/781 753/782/781 759/788/781 
f 754/783/782 760/789/782 759/788/782 
f 759/788/782 753/782/782 754/783/782 
f 761/790/783 762/791/783 757/786/783 
f 757/786/783 756/785/783 761/790/783 
f 756/785/784 758/787/784 763/792/784 
f 763/792/785 761/790/785 756/785/785 
f 759/788/786 764/793/786 763/792/786 
f 763/792/786 758/787/786 759/788/786 
f 765/794/787 764/793/787 759/788/787 
f 759/788/787 760/789/787 765/794/787 
f 766/795/788 767/796/788 762/791/788 
f 762/791/788 761/790/788 766/795/788 
f 768/797/789 766/795/789 761/790/789 
f 761/790/789 763/792/789 768/797/789 
f 763/792/790 764/793/790 769/798/790 
f 769/798/790 768/797/790 763/792/790 
f 765/794/791 770/799/791 769/798/791 
f 769/798/791 764/793/791 765/794/791 
f 771/800/792 772/801/792 773/802/792 
f 773/802/792 774/803/792 771/800/792 
f 775/804/793 776/805/793 774/803/793 
f 774/803/793 773/802/793 775/804/793 
f 775/804/794 777/806/794 778/807/794 
f 778/807/794 776/805/794 775/804/794 
f 778/807/795 777/806/795 779/808/795 
f 779/808/795 780/809/795 778/807/795 
f 781/810/796 782/811/796 780/809/796 
f 780/809/796 779/808/796 781/810/796 
f 783/812/797 784/813/798 782/811/797 
f 782/811/797 781/810/797 783/812/797 
f 784/813/799 783/812/799 785/814/799 
f 785/814/799 786/815/799 784/813/799 
f 771/800/800 774/803/800 787/816/800 
f 787/816/800 788/817/800 771/800/800 
f 787/816/801 774/803/801 776/805/801 
f 776/805/801 789/818/801 787/816/801 
f 778/807/802 790/819/802 789/818/802 
f 789/818/802 776/805/802 778/807/802 
f 780/809/803 791/820/803 790/819/803 
f 790/819/803 778/807/804 780/809/803 
f 791/820/805 780/809/805 782/811/805 
f 782/811/806 792/821/806 791/820/806 
f 784/813/807 793/822/807 792/821/807 
f 792/821/807 782/811/807 784/813/807 
f 784/813/808 786/815/808 794/823/808 
f 794/823/808 793/822/808 784/813/808 
f 787/816/809 795/824/809 796/825/809 
f 796/825/809 788/817/809 787/816/809 
f 789/818/810 797/826/810 795/824/810 
f 795/824/810 787/816/810 789/818/810 
f 797/826/811 789/818/811 790/819/811 
f 790/819/811 798/827/811 797/826/811 
f 791/820/812 799/828/812 798/827/812 
f 798/827/812 790/819/812 791/820/812 
f 791/820/813 792/821/813 800/829/813 
f 800/829/813 799/828/813 791/820/813 
f 800/829/814 792/821/814 793/822/814 
f 793/822/814 801/830/814 800/829/814 
f 794/823/815 802/831/815 801/830/815 
f 801/830/815 793/822/815 794/823/815 
f 799/828/816 800/829/816 803/832/816 
f 803/832/816 804/833/816 799/828/816 
f 803/832/817 800/829/817 801/830/817 
f 801/830/817 805/834/817 803/832/817 
f 801/830/818 802/831/819 806/835/819 
f 806/835/819 805/834/819 801/830/819 
f 807/836/820 808/837/820 809/838/820 
f 809/838/820 810/839/820 807/836/820 
f 807/836/821 811/840/821 812/841/821 
f 812/841/821 808/837/821 807/836/821 
f 812/841/822 811/840/822 813/842/822 
f 813/842/822 814/843/822 812/841/822 
f 815/844/823 816/845/823 814/843/823 
f 814/843/823 813/842/823 815/844/823 
f 817/846/824 818/847/824 816/845/824 
f 816/845/824 815/844/824 817/846/824 
f 818/847/825 817/846/825 819/848/825 
f 819/848/825 820/849/825 818/847/825 
f 821/850/826 822/851/826 820/849/826 
f 820/849/826 819/848/826 821/850/826 
f 823/852/827 809/838/827 808/837/827 
f 808/837/827 824/853/827 823/852/827 
f 812/841/828 825/854/828 824/853/828 
f 824/853/828 808/837/828 812/841/828 
f 814/843/829 826/855/829 825/854/829 
f 825/854/829 812/841/829 814/843/829 
f 826/855/830 814/843/830 816/845/830 
f 816/845/830 827/856/830 826/855/830 
f 818/847/831 828/857/831 827/856/831 
f 827/856/831 816/845/831 818/847/831 
f 818/847/832 820/849/832 829/858/832 
f 829/858/832 828/857/832 818/847/832 
f 829/858/833 820/849/833 822/851/833 
f 822/851/833 830/859/833 829/858/833 
f 824/853/834 831/860/834 832/861/834 
f 832/861/834 823/852/834 824/853/834 
f 831/860/835 824/853/835 825/854/835 
f 825/854/835 833/862/835 831/860/835 
f 826/855/836 834/863/836 833/862/836 
f 833/862/836 825/854/836 826/855/836 
f 826/855/837 827/856/837 835/864/837 
f 835/864/837 834/863/837 826/855/837 
f 835/864/838 827/856/838 828/857/838 
f 828/857/838 836/865/838 835/864/838 
f 829/858/839 837/866/839 836/865/839 
f 836/865/839 828/857/839 829/858/839 
f 829/858/840 830/859/840 838/867/840 
f 838/867/840 837/866/840 829/858/840 
f 831/860/841 839/868/841 840/869/841 
f 840/869/841 832/861/841 831/860/841 
f 841/870/842 839/868/842 831/860/842 
f 831/860/842 833/862/842 841/870/842 
f 842/871/843 841/870/843 833/862/843 
f 833/862/843 834/863/843 842/871/843 
f 834/863/844 835/864/844 843/872/844 
f 843/872/844 842/871/844 834/863/844 
f 836/865/845 844/873/845 843/872/845 
f 843/872/845 835/864/845 836/865/845 
f 845/874/846 844/873/846 836/865/846 
f 836/865/846 837/866/846 845/874/846 
f 838/867/847 846/875/847 845/874/847 
f 845/874/847 837/866/847 838/867/847 
f 847/876/848 848/877/848 840/869/848 
f 840/869/848 839/868/848 847/876/848 
f 841/870/849 849/878/849 847/876/849 
f 847/876/849 839/868/849 841/870/849 
f 850/879/850 849/878/850 841/870/850 
f 841/870/850 842/871/850 850/879/850 
f 851/880/851 850/879/851 842/871/851 
f 842/871/851 843/872/851 851/880/851 
f 843/872/852 844/873/852 852/881/852 
f 852/881/852 851/880/852 843/872/852 
f 845/874/853 853/882/853 852/881/853 
f 852/881/853 844/873/853 845/874/853 
f 854/883/854 853/882/854 845/874/854 
f 845/874/854 846/875/854 854/883/854 
f 847/876/855 855/884/855 856/885/855 
f 856/885/855 848/877/855 847/876/855 
f 857/886/856 855/884/856 847/876/856 
f 847/876/856 849/878/856 857/886/856 
f 850/879/857 858/887/857 857/886/857 
f 857/886/857 849/878/857 850/879/857 
f 859/888/858 858/887/858 850/879/858 
f 850/879/858 851/880/858 859/888/858 
f 860/889/859 859/888/859 851/880/859 
f 851/880/859 852/881/859 860/889/859 
f 852/881/860 853/882/860 861/890/860 
f 861/890/860 860/889/860 852/881/860 
f 854/883/861 862/891/861 861/890/861 
f 861/890/861 853/882/861 854/883/861 
f 766/795/862 698/727/862 697/726/862 
f 697/726/862 767/796/862 766/795/862 
f 706/735/863 698/727/863 766/795/863 
f 766/795/863 768/797/863 706/735/863 
f 714/743/864 706/735/864 768/797/864 
f 768/797/864 769/798/864 714/743/864 
f 769/798/865 770/799/865 722/751/865 
f 722/751/865 714/743/865 769/798/865 
f 785/814/866 856/885/866 855/884/866 
f 855/884/866 786/815/866 785/814/866 
f 857/886/867 794/823/867 786/815/867 
f 786/815/867 855/884/867 857/886/867 
f 802/831/868 794/823/868 857/886/868 
f 857/886/869 858/887/869 802/831/869 
f 858/887/870 859/888/870 806/835/870 
f 806/835/870 802/831/870 858/887/870 
f 860/889/871 863/892/871 806/835/871 
f 806/835/872 859/888/872 860/889/872 
f 732/761/873 731/760/873 822/851/873 
f 822/851/873 821/850/873 732/761/873 
f 731/760/874 733/762/874 830/859/874 
f 830/859/874 822/851/874 731/760/874 
f 733/762/875 734/763/875 838/867/875 
f 838/867/875 830/859/875 733/762/875 
f 734/763/876 735/764/876 846/875/876 
f 846/875/876 838/867/876 734/763/876 
f 854/883/877 846/875/877 735/764/877 
f 735/764/877 736/765/877 854/883/877 
f 736/765/878 737/766/878 862/891/878 
f 862/891/878 854/883/878 736/765/878 
f 864/893/879 865/894/879 866/895/879 
f 866/895/879 684/713/879 864/893/879 
f 685/714/880 684/713/880 866/895/880 
f 866/895/880 867/896/880 685/714/880 
f 687/716/881 685/714/881 867/896/881 
f 867/896/881 868/897/881 687/716/881 
f 687/716/882 868/897/882 869/898/882 
f 869/898/882 689/718/882 687/716/882 
f 689/718/883 869/898/883 870/899/883 
f 870/899/884 691/720/884 689/718/884 
f 691/720/885 870/899/885 871/900/885 
f 871/900/885 693/722/885 691/720/885 
f 696/725/886 693/722/886 871/900/886 
f 871/900/886 872/901/886 696/725/886 
f 696/725/887 872/901/887 873/902/887 
f 873/902/887 697/726/887 696/725/887 
f 684/713/888 683/712/888 874/903/888 
f 874/903/888 864/893/888 684/713/888 
f 875/904/889 874/903/889 683/712/889 
f 683/712/889 700/729/889 875/904/889 
f 876/905/890 875/904/890 700/729/890 
f 700/729/890 707/736/890 876/905/890 
f 716/745/891 877/906/891 876/905/891 
f 876/905/891 707/736/891 716/745/891 
f 878/907/892 877/906/892 716/745/892 
f 716/745/892 724/753/892 878/907/892 
f 878/907/893 724/753/893 732/761/893 
f 732/761/894 879/908/894 878/907/894 
f 880/909/895 879/908/895 732/761/895 
f 732/761/896 821/850/896 880/909/896 
f 411/407/897 738/767/897 881/910/897 
f 881/910/897 412/408/897 411/407/897 
f 739/768/898 738/767/898 411/407/898 
f 411/407/898 410/406/898 739/768/898 
f 410/406/899 409/405/899 742/771/899 
f 742/771/899 739/768/899 410/406/899 
f 742/771/900 409/405/900 408/404/900 
f 408/404/900 744/773/900 742/771/900 
f 738/767/901 741/770/901 882/911/901 
f 882/911/901 881/910/901 738/767/901 
f 883/912/902 882/911/902 741/770/902 
f 741/770/903 747/776/903 883/912/903 
f 747/776/904 751/780/904 884/913/904 
f 884/913/904 883/912/904 747/776/904 
f 885/914/905 884/913/905 751/780/905 
f 751/780/905 757/786/905 885/914/905 
f 886/915/906 885/914/907 757/786/906 
f 757/786/907 762/791/907 886/915/907 
f 887/916/908 886/915/908 762/791/908 
f 762/791/908 767/796/908 887/916/908 
f 697/726/909 873/902/909 887/916/909 
f 887/916/909 767/796/909 697/726/909 
f 313/304/910 682/917/910 772/801/910 
f 772/801/910 314/305/910 313/304/910 
f 773/802/911 772/801/911 682/917/911 
f 682/917/911 681/918/911 773/802/911 
f 681/918/912 680/919/912 775/804/912 
f 775/804/912 773/802/912 681/918/912 
f 777/806/913 775/804/913 680/919/913 
f 680/919/913 679/920/913 777/806/913 
f 779/808/914 777/806/914 679/920/914 
f 679/920/914 678/921/914 779/808/914 
f 779/808/915 678/921/915 677/922/915 
f 677/922/915 781/810/915 779/808/915 
f 783/812/916 781/810/916 677/922/916 
f 677/922/916 676/923/916 783/812/916 
f 785/814/917 783/812/917 676/923/917 
f 676/923/917 675/924/917 785/814/917 
f 771/800/918 315/306/918 314/305/918 
f 314/305/918 772/801/918 771/800/918 
f 315/306/919 771/800/919 788/817/919 
f 788/817/919 316/307/919 315/306/919 
f 796/825/920 317/308/920 316/307/920 
f 316/307/920 788/817/920 796/825/920 
f 668/666/921 888/925/921 810/839/921 
f 810/839/922 667/926/922 668/666/922 
f 807/836/923 810/839/923 888/925/923 
f 888/925/923 889/927/923 807/836/923 
f 807/836/924 889/927/924 890/928/924 
f 890/928/924 811/840/924 807/836/924 
f 813/842/925 811/840/925 890/928/925 
f 890/928/925 891/929/925 813/842/925 
f 891/929/926 892/930/926 815/844/926 
f 815/844/926 813/842/926 891/929/926 
f 815/844/927 892/930/927 893/931/927 
f 893/931/927 817/846/927 815/844/927 
f 819/848/928 817/846/928 893/931/928 
f 893/931/928 894/932/928 819/848/928 
f 821/850/929 819/848/929 894/932/929 
f 894/932/929 880/909/929 821/850/929 
f 669/933/930 667/926/930 810/839/930 
f 810/839/930 809/838/930 669/933/930 
f 823/852/931 670/934/931 669/933/931 
f 669/933/931 809/838/931 823/852/931 
f 671/935/932 670/934/932 823/852/932 
f 823/852/932 832/861/932 671/935/932 
f 671/935/933 832/861/933 840/869/933 
f 840/869/933 672/936/933 671/935/933 
f 848/877/934 673/937/934 672/936/934 
f 672/936/934 840/869/934 848/877/934 
f 674/938/935 673/937/935 848/877/935 
f 848/877/935 856/885/935 674/938/935 
f 675/924/936 674/938/936 856/885/936 
f 856/885/936 785/814/936 675/924/936 
f 895/939/937 896/940/937 897/941/937 
f 897/941/937 898/942/937 895/939/937 
f 897/941/938 899/943/938 900/944/938 
f 900/944/938 898/942/938 897/941/938 
f 900/944/939 899/943/939 901/945/939 
f 901/945/939 902/946/939 900/944/939 
f 902/946/940 901/945/940 903/947/940 
f 903/947/940 904/948/940 902/946/940 
f 904/948/941 903/947/941 905/949/941 
f 905/949/941 906/950/941 904/948/941 
f 906/950/942 905/949/942 907/951/942 
f 907/951/942 908/952/942 906/950/942 
f 908/952/943 907/951/943 909/953/943 
f 909/953/944 910/954/944 908/952/944 
f 910/954/945 909/953/945 911/955/945 
f 911/955/946 912/956/946 910/954/946 
f 913/957/947 912/956/947 911/955/947 
f 911/955/948 914/958/948 913/957/948 
f 915/959/949 913/957/949 914/958/949 
f 914/958/949 916/960/949 915/959/949 
f 917/961/950 915/959/950 916/960/950 
f 916/960/951 918/962/951 917/961/951 
f 919/963/952 917/961/952 918/962/952 
f 918/962/953 920/964/953 919/963/953 
f 921/965/954 919/963/954 920/964/954 
f 920/964/954 922/966/954 921/965/954 
f 921/965/955 922/966/955 923/967/955 
f 923/967/955 924/968/955 921/965/955 
f 925/969/956 895/939/956 898/942/956 
f 898/942/956 926/970/956 925/969/956 
f 926/970/957 898/942/957 900/944/957 
f 900/944/957 927/971/957 926/970/957 
f 927/971/958 900/944/958 902/946/958 
f 902/946/958 928/972/958 927/971/958 
f 928/972/959 902/946/959 904/948/959 
f 904/948/959 929/973/959 928/972/959 
f 930/974/960 929/973/960 904/948/960 
f 904/948/960 906/950/960 930/974/960 
f 930/974/961 906/950/961 908/952/961 
f 908/952/961 931/975/961 930/974/961 
f 931/975/962 908/952/962 910/954/962 
f 910/954/963 932/976/963 931/975/963 
f 912/956/964 933/977/964 932/976/964 
f 932/976/965 910/954/965 912/956/965 
f 933/977/966 912/956/966 913/957/966 
f 913/957/967 934/978/967 933/977/967 
f 934/978/968 913/957/968 915/959/968 
f 915/959/969 935/979/969 934/978/969 
f 935/979/970 915/959/970 917/961/970 
f 917/961/971 936/980/971 935/979/971 
f 936/980/972 917/961/972 919/963/972 
f 919/963/972 937/981/972 936/980/972 
f 937/981/973 919/963/973 921/965/973 
f 921/965/973 938/982/973 937/981/973 
f 939/983/974 938/982/974 921/965/974 
f 921/965/974 924/968/974 939/983/974 
f 940/984/975 925/969/975 926/970/975 
f 926/970/975 941/985/975 940/984/975 
f 927/971/976 942/986/976 941/985/976 
f 941/985/976 926/970/976 927/971/976 
f 942/986/977 927/971/977 928/972/977 
f 928/972/978 943/987/978 942/986/978 
f 943/987/979 928/972/979 929/973/979 
f 929/973/979 944/988/979 943/987/979 
f 944/988/980 929/973/980 930/974/980 
f 930/974/980 945/989/980 944/988/980 
f 945/989/981 930/974/981 931/975/981 
f 931/975/981 946/990/981 945/989/981 
f 946/990/982 931/975/982 932/976/982 
f 932/976/982 947/991/982 946/990/982 
f 948/992/983 947/991/983 932/976/983 
f 932/976/984 933/977/984 948/992/984 
f 948/992/985 933/977/985 934/978/985 
f 934/978/985 949/993/985 948/992/985 
f 949/993/986 934/978/986 935/979/986 
f 935/979/986 950/994/986 949/993/986 
f 936/980/987 951/995/987 950/994/987 
f 950/994/987 935/979/987 936/980/987 
f 951/995/988 936/980/988 937/981/988 
f 937/981/988 952/996/988 951/995/988 
f 952/996/989 937/981/989 938/982/989 
f 938/982/989 953/997/989 952/996/989 
f 953/997/990 938/982/990 939/983/990 
f 939/983/990 954/998/990 953/997/990 
f 955/999/991 940/984/991 941/985/991 
f 941/985/991 956/1000/991 955/999/991 
f 957/1001/992 956/1000/992 941/985/992 
f 941/985/992 942/986/992 957/1001/992 
f 957/1001/993 942/986/993 943/987/993 
f 943/987/993 958/1002/993 957/1001/993 
f 958/1002/994 943/987/994 944/988/994 
f 944/988/994 959/1003/994 958/1002/994 
f 945/989/995 960/1004/995 959/1003/995 
f 959/1003/996 944/988/996 945/989/996 
f 960/1004/997 945/989/997 946/990/997 
f 946/990/997 961/1005/997 960/1004/997 
f 961/1005/998 946/990/998 947/991/998 
f 947/991/999 962/1006/999 961/1005/999 
f 962/1006/1000 947/991/1000 948/992/1000 
f 948/992/1001 963/1007/1001 962/1006/1001 
f 963/1007/1002 948/992/1002 949/993/1002 
f 949/993/1003 964/1008/1003 963/1007/1003 
f 964/1008/1004 949/993/1004 950/994/1004 
f 950/994/1004 965/1009/1004 964/1008/1004 
f 966/1010/1005 965/1009/1005 950/994/1005 
f 950/994/1005 951/995/1005 966/1010/1005 
f 966/1010/1006 951/995/1006 952/996/1006 
f 952/996/1007 967/1011/1007 966/1010/1007 
f 967/1011/1008 952/996/1008 953/997/1008 
f 953/997/1008 968/1012/1008 967/1011/1008 
f 954/998/1009 969/1013/1009 968/1012/1009 
f 968/1012/1009 953/997/1009 954/998/1009 
f 970/1014/1010 955/999/1010 956/1000/1010 
f 956/1000/1010 971/1015/1010 970/1014/1010 
f 971/1015/1011 956/1000/1011 957/1001/1011 
f 957/1001/1011 972/1016/1011 971/1015/1011 
f 972/1016/1012 957/1001/1012 958/1002/1012 
f 958/1002/1012 973/1017/1012 972/1016/1012 
f 973/1017/1013 958/1002/1013 959/1003/1013 
f 959/1003/1013 974/1018/1013 973/1017/1013 
f 975/1019/1014 974/1018/1014 959/1003/1014 
f 959/1003/1014 960/1004/1014 975/1019/1014 
f 975/1019/1015 960/1004/1015 961/1005/1015 
f 961/1005/1015 976/1020/1015 975/1019/1015 
f 976/1020/1016 961/1005/1016 962/1006/1016 
f 962/1006/1017 977/1021/1017 976/1020/1017 
f 963/1007/1018 978/1022/1018 977/1021/1018 
f 977/1021/1019 962/1006/1019 963/1007/1019 
f 978/1022/1020 963/1007/1020 964/1008/1020 
f 964/1008/1021 979/1023/1021 978/1022/1021 
f 979/1023/1022 964/1008/1022 965/1009/1022 
f 965/1009/1022 980/1024/1022 979/1023/1022 
f 980/1024/1023 965/1009/1023 966/1010/1023 
f 966/1010/1023 981/1025/1023 980/1024/1023 
f 981/1025/1024 966/1010/1024 967/1011/1024 
f 967/1011/1025 982/1026/1025 981/1025/1025 
f 982/1026/1026 967/1011/1026 968/1012/1026 
f 968/1012/1026 983/1027/1026 982/1026/1026 
f 984/1028/1027 983/1027/1027 968/1012/1027 
f 968/1012/1027 969/1013/1027 984/1028/1027 
f 985/1029/1028 970/1014/1028 971/1015/1028 
f 971/1015/1029 986/1030/1029 985/1029/1029 
f 972/1016/1030 987/1031/1030 986/1030/1030 
f 986/1030/1030 971/1015/1030 972/1016/1030 
f 987/1031/1031 972/1016/1031 973/1017/1031 
f 973/1017/1031 988/1032/1031 987/1031/1031 
f 988/1032/1032 973/1017/1032 974/1018/1032 
f 974/1018/1032 989/1033/1032 988/1032/1032 
f 989/1033/1033 974/1018/1033 975/1019/1033 
f 975/1019/1034 990/1034/1034 989/1033/1034 
f 990/1034/1035 975/1019/1035 976/1020/1035 
f 976/1020/1036 991/1035/1036 990/1034/1036 
f 991/1035/1037 976/1020/1037 977/1021/1037 
f 977/1021/1037 992/1036/1037 991/1035/1037 
f 993/1037/1038 992/1036/1038 977/1021/1038 
f 977/1021/1039 978/1022/1039 993/1037/1039 
f 993/1037/1040 978/1022/1040 979/1023/1040 
f 979/1023/1041 994/1038/1041 993/1037/1041 
f 994/1038/1042 979/1023/1042 980/1024/1042 
f 980/1024/1042 995/1039/1042 994/1038/1042 
f 981/1025/1043 996/1040/1043 995/1039/1043 
f 995/1039/1044 980/1024/1044 981/1025/1044 
f 996/1040/1045 981/1025/1045 982/1026/1045 
f 982/1026/1045 997/1041/1045 996/1040/1045 
f 997/1041/1046 982/1026/1046 983/1027/1046 
f 983/1027/1046 998/1042/1046 997/1041/1046 
f 998/1042/1047 983/1027/1047 984/1028/1047 
f 984/1028/1047 999/1043/1047 998/1042/1047 
f 1000/1044/1048 985/1029/1048 986/1030/1048 
f 986/1030/1048 1001/1045/1048 1000/1044/1048 
f 1002/1046/1049 1001/1045/1049 986/1030/1049 
f 986/1030/1049 987/1031/1049 1002/1046/1049 
f 1002/1046/1050 987/1031/1050 988/1032/1050 
f 988/1032/1051 1003/1047/1051 1002/1046/1051 
f 1003/1047/1052 988/1032/1052 989/1033/1052 
f 989/1033/1053 1004/1048/1053 1003/1047/1053 
f 990/1034/1054 1005/1049/1054 1004/1048/1054 
f 1004/1048/1054 989/1033/1054 990/1034/1054 
f 1005/1049/1055 990/1034/1055 991/1035/1055 
f 991/1035/1056 1006/1050/1056 1005/1049/1056 
f 1006/1050/1057 991/1035/1057 992/1036/1057 
f 992/1036/1057 1007/1051/1057 1006/1050/1057 
f 1007/1051/1058 992/1036/1058 993/1037/1058 
f 993/1037/1058 1008/1052/1058 1007/1051/1058 
f 1008/1052/1059 993/1037/1059 994/1038/1059 
f 994/1038/1059 1009/1053/1059 1008/1052/1059 
f 1009/1053/1060 994/1038/1060 995/1039/1060 
f 995/1039/1060 1010/1054/1060 1009/1053/1060 
f 1011/1055/1061 1010/1054/1061 995/1039/1061 
f 995/1039/1062 996/1040/1062 1011/1055/1062 
f 1011/1055/1063 996/1040/1063 997/1041/1063 
f 997/1041/1064 1012/1056/1064 1011/1055/1064 
f 1012/1056/1065 997/1041/1065 998/1042/1065 
f 998/1042/1066 1013/1057/1066 1012/1056/1066 
f 999/1043/1067 1014/1058/1067 1013/1057/1067 
f 1013/1057/1067 998/1042/1067 999/1043/1067 
f 1015/1059/1068 1000/1044/1068 1001/1045/1068 
f 1001/1045/1068 1016/1060/1068 1015/1059/1068 
f 1016/1060/1069 1001/1045/1069 1002/1046/1069 
f 1002/1046/1069 1017/1061/1069 1016/1060/1069 
f 1017/1061/1070 1002/1046/1070 1003/1047/1070 
f 1003/1047/1071 1018/1062/1071 1017/1061/1071 
f 1018/1062/1072 1003/1047/1072 1004/1048/1072 
f 1004/1048/1073 1019/1063/1073 1018/1062/1073 
f 1020/1064/1074 1019/1063/1074 1004/1048/1074 
f 1004/1048/1075 1005/1049/1075 1020/1064/1075 
f 1020/1064/1076 1005/1049/1076 1006/1050/1076 
f 1006/1050/1077 1021/1065/1077 1020/1064/1077 
f 1021/1065/1078 1006/1050/1078 1007/1051/1078 
f 1007/1051/1079 1022/1066/1079 1021/1065/1079 
f 1008/1052/1080 1023/1067/1080 1022/1066/1080 
f 1022/1066/1081 1007/1051/1081 1008/1052/1081 
f 1023/1067/1082 1008/1052/1082 1009/1053/1082 
f 1009/1053/1083 1024/1068/1083 1023/1067/1083 
f 1024/1068/1084 1009/1053/1084 1010/1054/1084 
f 1010/1054/1084 1025/1069/1084 1024/1068/1084 
f 1025/1069/1085 1010/1054/1085 1011/1055/1085 
f 1011/1055/1086 1026/1070/1086 1025/1069/1086 
f 1026/1070/1087 1011/1055/1087 1012/1056/1087 
f 1012/1056/1087 1027/1071/1087 1026/1070/1087 
f 1027/1071/1088 1012/1056/1088 1013/1057/1088 
f 1013/1057/1088 1028/1072/1088 1027/1071/1088 
f 1029/1073/1089 1028/1072/1089 1013/1057/1089 
f 1013/1057/1089 1014/1058/1089 1029/1073/1089 
f 1030/1074/1090 1015/1059/1090 1016/1060/1090 
f 1016/1060/1090 1031/1075/1090 1030/1074/1090 
f 1017/1061/1091 1032/1076/1091 1031/1075/1091 
f 1031/1075/1091 1016/1060/1091 1017/1061/1091 
f 1032/1076/1092 1017/1061/1092 1018/1062/1092 
f 1018/1062/1093 1033/1077/1093 1032/1076/1093 
f 1033/1077/1094 1018/1062/1094 1019/1063/1094 
f 1019/1063/1095 1034/1078/1095 1033/1077/1095 
f 1034/1078/1096 1019/1063/1096 1020/1064/1096 
f 1020/1064/1097 1035/1079/1097 1034/1078/1097 
f 1035/1079/1098 1020/1064/1098 1021/1065/1098 
f 1021/1065/1099 1036/1080/1099 1035/1079/1099 
f 1036/1080/1100 1021/1065/1100 1022/1066/1100 
f 1022/1066/1101 1037/1081/1101 1036/1080/1101 
f 1038/1082/1102 1037/1081/1102 1022/1066/1102 
f 1022/1066/1102 1023/1067/1102 1038/1082/1102 
f 1038/1082/1103 1023/1067/1103 1024/1068/1103 
f 1024/1068/1103 1039/1083/1103 1038/1082/1103 
f 1039/1083/1104 1024/1068/1104 1025/1069/1104 
f 1025/1069/1104 1040/1084/1104 1039/1083/1104 
f 1026/1070/1105 1041/1085/1105 1040/1084/1105 
f 1040/1084/1105 1025/1069/1105 1026/1070/1105 
f 1041/1085/1106 1026/1070/1106 1027/1071/1106 
f 1027/1071/1106 1042/1086/1106 1041/1085/1106 
f 1042/1086/1107 1027/1071/1107 1028/1072/1107 
f 1028/1072/1107 1043/1087/1107 1042/1086/1107 
f 1043/1087/1108 1028/1072/1108 1029/1073/1108 
f 1029/1073/1108 1044/1088/1108 1043/1087/1108 
f 1045/1089/1109 1030/1074/1109 1031/1075/1109 
f 1031/1075/1109 1046/1090/1109 1045/1089/1109 
f 1047/1091/1110 1046/1090/1110 1031/1075/1110 
f 1031/1075/1110 1032/1076/1110 1047/1091/1110 
f 1047/1091/1111 1032/1076/1111 1033/1077/1111 
f 1033/1077/1111 1048/1092/1111 1047/1091/1111 
f 1048/1092/1112 1033/1077/1112 1034/1078/1112 
f 1034/1078/1112 1049/1093/1112 1048/1092/1112 
f 1035/1079/1113 1050/1094/1113 1049/1093/1113 
f 1049/1093/1114 1034/1078/1114 1035/1079/1114 
f 1050/1094/1115 1035/1079/1115 1036/1080/1115 
f 1036/1080/1115 1051/1095/1115 1050/1094/1115 
f 1051/1095/1116 1036/1080/1116 1037/1081/1116 
f 1037/1081/1117 1052/1096/1117 1051/1095/1117 
f 1052/1096/1118 1037/1081/1118 1038/1082/1118 
f 1038/1082/1118 1053/1097/1118 1052/1096/1118 
f 1053/1097/1119 1038/1082/1119 1039/1083/1119 
f 1039/1083/1119 1054/1098/1119 1053/1097/1119 
f 1054/1098/1120 1039/1083/1120 1040/1084/1120 
f 1040/1084/1120 1055/1099/1120 1054/1098/1120 
f 1056/1100/1121 1055/1099/1121 1040/1084/1121 
f 1040/1084/1121 1041/1085/1121 1056/1100/1121 
f 1056/1100/1122 1041/1085/1122 1042/1086/1122 
f 1042/1086/1122 1057/1101/1122 1056/1100/1122 
f 1057/1101/1123 1042/1086/1123 1043/1087/1123 
f 1043/1087/1123 1058/1102/1123 1057/1101/1123 
f 1044/1088/1124 1059/1103/1124 1058/1102/1124 
f 1058/1102/1124 1043/1087/1124 1044/1088/1124 
f 1060/1104/1125 1045/1089/1125 1046/1090/1125 
f 1046/1090/1125 1061/1105/1125 1060/1104/1125 
f 1061/1105/1126 1046/1090/1126 1047/1091/1126 
f 1047/1091/1126 1062/1106/1126 1061/1105/1126 
f 1062/1106/1127 1047/1091/1127 1048/1092/1127 
f 1048/1092/1127 1063/1107/1127 1062/1106/1127 
f 1063/1107/1128 1048/1092/1128 1049/1093/1128 
f 1049/1093/1128 1064/1108/1128 1063/1107/1128 
f 1065/1109/1129 1064/1108/1129 1049/1093/1129 
f 1049/1093/1129 1050/1094/1129 1065/1109/1129 
f 1065/1109/1130 1050/1094/1130 1051/1095/1130 
f 1051/1095/1130 1066/1110/1130 1065/1109/1130 
f 1066/1110/1131 1051/1095/1131 1052/1096/1131 
f 1052/1096/1131 1067/1111/1131 1066/1110/1131 
f 1053/1097/1132 1068/1112/1132 1067/1111/1132 
f 1067/1111/1133 1052/1096/1133 1053/1097/1133 
f 1068/1112/1134 1053/1097/1134 1054/1098/1134 
f 1054/1098/1134 1069/1113/1134 1068/1112/1134 
f 1069/1113/1135 1054/1098/1135 1055/1099/1135 
f 1055/1099/1135 1070/1114/1135 1069/1113/1135 
f 1070/1114/1136 1055/1099/1136 1056/1100/1136 
f 1056/1100/1136 1071/1115/1136 1070/1114/1136 
f 1071/1115/1137 1056/1100/1137 1057/1101/1137 
f 1057/1101/1137 1072/1116/1137 1071/1115/1137 
f 1072/1116/1138 1057/1101/1138 1058/1102/1138 
f 1058/1102/1138 1073/1117/1138 1072/1116/1138 
f 1074/1118/1139 1073/1117/1139 1058/1102/1139 
f 1058/1102/1139 1059/1103/1139 1074/1118/1139 
f 1075/1119/1140 1060/1104/1140 1061/1105/1140 
f 1061/1105/1140 1076/1120/1140 1075/1119/1140 
f 1062/1106/1141 1077/1121/1141 1076/1120/1141 
f 1076/1120/1141 1061/1105/1141 1062/1106/1141 
f 1077/1121/1142 1062/1106/1142 1063/1107/1142 
f 1063/1107/1142 1078/1122/1142 1077/1121/1142 
f 1078/1122/1143 1063/1107/1143 1064/1108/1143 
f 1064/1108/1143 1079/1123/1143 1078/1122/1143 
f 1079/1123/1144 1064/1108/1144 1065/1109/1144 
f 1065/1109/1144 1080/1124/1144 1079/1123/1144 
f 1080/1124/1145 1065/1109/1145 1066/1110/1145 
f 1066/1110/1145 1081/1125/1145 1080/1124/1145 
f 1081/1125/1146 1066/1110/1146 1067/1111/1146 
f 1067/1111/1147 1082/1126/1147 1081/1125/1147 
f 1083/1127/1148 1082/1126/1148 1067/1111/1148 
f 1067/1111/1149 1068/1112/1149 1083/1127/1149 
f 1083/1127/1150 1068/1112/1150 1069/1113/1150 
f 1069/1113/1151 1084/1128/1151 1083/1127/1151 
f 1084/1128/1152 1069/1113/1152 1070/1114/1152 
f 1070/1114/1152 1085/1129/1152 1084/1128/1152 
f 1071/1115/1153 1086/1130/1153 1085/1129/1153 
f 1085/1129/1154 1070/1114/1154 1071/1115/1154 
f 1086/1130/1155 1071/1115/1155 1072/1116/1155 
f 1072/1116/1155 1087/1131/1155 1086/1130/1155 
f 1087/1131/1156 1072/1116/1156 1073/1117/1156 
f 1073/1117/1156 1088/1132/1156 1087/1131/1156 
f 1088/1132/1157 1073/1117/1157 1074/1118/1157 
f 1074/1118/1157 1089/1133/1157 1088/1132/1157 
f 1090/1134/1158 1075/1119/1158 1076/1120/1158 
f 1076/1120/1158 1091/1135/1158 1090/1134/1158 
f 1092/1136/1159 1091/1135/1159 1076/1120/1159 
f 1076/1120/1159 1077/1121/1159 1092/1136/1159 
f 1092/1136/1160 1077/1121/1160 1078/1122/1160 
f 1078/1122/1160 1093/1137/1160 1092/1136/1160 
f 1093/1137/1161 1078/1122/1161 1079/1123/1161 
f 1079/1123/1161 1094/1138/1161 1093/1137/1161 
f 1080/1124/1162 1095/1139/1162 1094/1138/1162 
f 1094/1138/1162 1079/1123/1162 1080/1124/1162 
f 1095/1139/1163 1080/1124/1163 1081/1125/1163 
f 1081/1125/1164 1096/1140/1164 1095/1139/1164 
f 1096/1140/1165 1081/1125/1165 1082/1126/1165 
f 1082/1126/1165 1097/1141/1165 1096/1140/1165 
f 1097/1141/1166 1082/1126/1166 1083/1127/1166 
f 1083/1127/1167 1098/1142/1167 1097/1141/1167 
f 1098/1142/1168 1083/1127/1168 1084/1128/1168 
f 1084/1128/1168 1099/1143/1168 1098/1142/1168 
f 1099/1143/1169 1084/1128/1169 1085/1129/1169 
f 1085/1129/1169 1100/1144/1169 1099/1143/1169 
f 1101/1145/1170 1100/1144/1170 1085/1129/1170 
f 1085/1129/1171 1086/1130/1171 1101/1145/1171 
f 1101/1145/1172 1086/1130/1172 1087/1131/1172 
f 1087/1131/1172 1102/1146/1172 1101/1145/1172 
f 1102/1146/1173 1087/1131/1173 1088/1132/1173 
f 1088/1132/1173 1103/1147/1173 1102/1146/1173 
f 1089/1133/1174 1104/1148/1174 1103/1147/1174 
f 1103/1147/1174 1088/1132/1174 1089/1133/1174 
f 1105/1149/1175 1090/1134/1175 1091/1135/1175 
f 1091/1135/1175 1106/1150/1175 1105/1149/1175 
f 1106/1150/1176 1091/1135/1176 1092/1136/1176 
f 1092/1136/1176 1107/1151/1176 1106/1150/1176 
f 1107/1151/1177 1092/1136/1177 1093/1137/1177 
f 1093/1137/1177 1108/1152/1177 1107/1151/1177 
f 1108/1152/1178 1093/1137/1178 1094/1138/1178 
f 1094/1138/1178 1109/1153/1178 1108/1152/1178 
f 1110/1154/1179 1109/1153/1179 1094/1138/1179 
f 1094/1138/1180 1095/1139/1180 1110/1154/1180 
f 1110/1154/1181 1095/1139/1181 1096/1140/1181 
f 1096/1140/1181 1111/1155/1181 1110/1154/1181 
f 1111/1155/1182 1096/1140/1182 1097/1141/1182 
f 1097/1141/1183 1112/1156/1183 1111/1155/1183 
f 1098/1142/1184 1113/1157/1184 1112/1156/1184 
f 1112/1156/1185 1097/1141/1185 1098/1142/1185 
f 1113/1157/1186 1098/1142/1186 1099/1143/1186 
f 1099/1143/1187 1114/1158/1187 1113/1157/1187 
f 1114/1158/1188 1099/1143/1188 1100/1144/1188 
f 1100/1144/1188 1115/1159/1188 1114/1158/1188 
f 1115/1159/1189 1100/1144/1189 1101/1145/1189 
f 1101/1145/1189 1116/1160/1189 1115/1159/1189 
f 1116/1160/1190 1101/1145/1190 1102/1146/1190 
f 1102/1146/1190 1117/1161/1190 1116/1160/1190 
f 1117/1161/1191 1102/1146/1191 1103/1147/1191 
f 1103/1147/1191 1118/1162/1191 1117/1161/1191 
f 1119/1163/1192 1118/1162/1192 1103/1147/1192 
f 1103/1147/1192 1104/1148/1192 1119/1163/1192 
f 865/894/1193 1120/1164/1193 896/940/1193 
f 896/940/1193 866/1165/1193 865/894/1193 
f 896/940/1194 1120/1164/1194 1121/1166/1194 
f 1121/1166/1194 897/941/1194 896/940/1194 
f 1121/1166/1195 1122/1167/1195 899/943/1195 
f 899/943/1195 897/941/1195 1121/1166/1195 
f 899/943/1196 1122/1167/1196 1123/1168/1196 
f 1123/1168/1196 901/945/1196 899/943/1196 
f 901/945/1197 1123/1168/1197 1124/1169/1197 
f 1124/1169/1197 903/947/1197 901/945/1197 
f 905/949/1198 903/947/1198 1124/1169/1198 
f 1124/1169/1199 1125/1170/1199 905/949/1199 
f 905/949/1200 1125/1170/1200 1126/1171/1200 
f 1126/1171/1201 907/951/1201 905/949/1201 
f 907/951/1202 1126/1171/1202 1127/1172/1202 
f 1127/1172/1203 909/953/1203 907/951/1203 
f 1128/1173/1204 911/955/1204 909/953/1204 
f 909/953/1205 1127/1172/1205 1128/1173/1205 
f 911/955/1206 1128/1173/1206 1129/1174/1206 
f 1129/1174/1207 914/958/1207 911/955/1207 
f 914/958/1208 1129/1174/1208 1130/1175/1208 
f 1130/1175/1209 916/960/1209 914/958/1209 
f 1131/1176/1210 918/962/1210 916/960/1210 
f 916/960/1211 1130/1175/1211 1131/1176/1211 
f 1132/1177/1212 920/964/1212 918/962/1212 
f 918/962/1213 1131/1176/1213 1132/1177/1213 
f 1133/1178/1214 922/966/1214 920/964/1214 
f 920/964/1214 1132/1177/1214 1133/1178/1214 
f 922/966/1215 1133/1178/1215 1134/1179/1215 
f 1134/1179/1215 923/967/1215 922/966/1215 
f 238/1180/1216 923/967/1216 1134/1179/1216 
f 1134/1179/1216 239/1181/1216 238/1180/1216 
f 924/968/1217 923/967/1217 238/1180/1217 
f 238/1180/1217 246/1182/1217 924/968/1217 
f 939/983/1218 924/968/1218 246/1182/1218 
f 246/1182/1218 247/1183/1218 939/983/1218 
f 248/1184/1219 954/998/1219 939/983/1219 
f 939/983/1219 247/1183/1219 248/1184/1219 
f 249/1185/1220 969/1013/1220 954/998/1220 
f 954/998/1221 248/1184/1221 249/1185/1221 
f 250/1186/1222 984/1028/1222 969/1013/1222 
f 969/1013/1222 249/1185/1222 250/1186/1222 
f 251/1187/1223 999/1043/1223 984/1028/1223 
f 984/1028/1223 250/1186/1223 251/1187/1223 
f 232/1188/1224 1014/1058/1224 999/1043/1224 
f 999/1043/1225 251/1187/1225 232/1188/1225 
f 231/1189/1226 1029/1073/1226 1014/1058/1226 
f 1014/1058/1226 232/1188/1226 231/1189/1226 
f 230/1190/1227 1044/1088/1227 1029/1073/1227 
f 1029/1073/1228 231/1189/1228 230/1190/1228 
f 229/1191/1229 1059/1103/1229 1044/1088/1229 
f 1044/1088/1229 230/1190/1229 229/1191/1229 
f 1059/1103/1230 229/1191/1230 228/1192/1230 
f 228/1192/1230 1074/1118/1230 1059/1103/1230 
f 1074/1118/1231 228/1192/1231 227/1193/1231 
f 227/1193/1231 1089/1133/1231 1074/1118/1231 
f 226/1194/1232 1104/1148/1232 1089/1133/1232 
f 1089/1133/1232 227/1193/1232 226/1194/1232 
f 1104/1148/1233 226/1194/1233 223/1195/1233 
f 223/1195/1233 1119/1163/1233 1104/1148/1233 
f 225/1196/1234 407/1197/1234 1119/1163/1234 
f 1119/1163/1234 223/1195/1234 225/1196/1234 
f 426/1198/1235 1118/1162/1235 1119/1163/1235 
f 1119/1163/1235 407/1197/1235 426/1198/1235 
f 1117/1161/1236 1118/1162/1237 426/1198/1236 
f 426/1198/1238 425/1199/1238 1117/1161/1238 
f 1116/1160/1239 1117/1161/1239 425/1199/1239 
f 425/1199/1239 424/1200/1239 1116/1160/1239 
f 424/1200/1240 423/1201/1240 1115/1159/1240 
f 1115/1159/1240 1116/1160/1240 424/1200/1240 
f 1114/1158/1241 1115/1159/1241 423/1201/1241 
f 423/1201/1242 422/1202/1242 1114/1158/1242 
f 1113/1157/1243 1114/1158/1243 422/1202/1243 
f 422/1202/1244 421/1203/1244 1113/1157/1244 
f 421/1203/1245 420/1204/1245 1112/1156/1245 
f 1112/1156/1246 1113/1157/1246 421/1203/1246 
f 420/1204/1247 419/1205/1247 1111/1155/1247 
f 1111/1155/1247 1112/1156/1247 420/1204/1247 
f 419/1205/1248 418/1206/1248 1110/1154/1248 
f 1110/1154/1248 1111/1155/1248 419/1205/1248 
f 1109/1153/1249 1110/1154/1249 418/1206/1249 
f 418/1206/1249 417/1207/1249 1109/1153/1249 
f 417/1207/1250 416/1208/1250 1108/1152/1250 
f 1108/1152/1250 1109/1153/1250 417/1207/1250 
f 416/1208/1251 415/1209/1251 1107/1151/1251 
f 1107/1151/1251 1108/1152/1251 416/1208/1251 
f 414/1210/1252 1106/1150/1252 1107/1151/1252 
f 1107/1151/1252 415/1209/1252 414/1210/1252 
f 414/1210/1253 413/1211/1253 1105/1149/1253 
f 1105/1149/1253 1106/1150/1253 414/1210/1253 
f 881/1212/1254 1105/1149/1254 413/1211/1254 
f 413/1211/1255 412/1213/1255 881/1212/1255 
f 881/1212/1256 882/1214/1256 1090/1134/1256 
f 1090/1134/1256 1105/1149/1256 881/1212/1256 
f 882/1214/1257 883/1215/1257 1075/1119/1257 
f 1075/1119/1257 1090/1134/1257 882/1214/1257 
f 883/1215/1258 884/1216/1258 1060/1104/1258 
f 1060/1104/1258 1075/1119/1258 883/1215/1258 
f 1060/1104/1259 884/1216/1259 885/1217/1259 
f 885/1217/1259 1045/1089/1259 1060/1104/1259 
f 885/1217/1260 886/1218/1260 1030/1074/1260 
f 1030/1074/1260 1045/1089/1260 885/1217/1260 
f 887/1219/1261 1015/1059/1261 1030/1074/1261 
f 1030/1074/1261 886/1218/1261 887/1219/1261 
f 873/1220/1262 1000/1044/1262 1015/1059/1262 
f 1015/1059/1262 887/1219/1262 873/1220/1262 
f 985/1029/1263 1000/1044/1263 873/1220/1263 
f 873/1220/1263 872/1221/1263 985/1029/1263 
f 985/1029/1264 872/1221/1264 871/1222/1264 
f 871/1222/1264 970/1014/1264 985/1029/1264 
f 871/1222/1265 870/1223/1265 955/999/1265 
f 955/999/1265 970/1014/1265 871/1222/1265 
f 955/999/1266 870/1223/1266 869/1224/1266 
f 869/1224/1266 940/984/1266 955/999/1266 
f 940/984/1267 869/1224/1267 868/1225/1267 
f 868/1225/1267 925/969/1267 940/984/1267 
f 868/1225/1268 867/1226/1268 895/939/1268 
f 895/939/1268 925/969/1268 868/1225/1268 
f 867/1226/1269 866/1165/1269 896/940/1269 
f 896/940/1269 895/939/1269 867/1226/1269 
f 1135/1227/1270 1136/1228/1270 1137/1229/1270 
f 1137/1229/1270 1138/1230/1270 1135/1227/1270 
f 1139/1231/1271 1138/1230/1271 1137/1229/1271 
f 1137/1229/1271 1140/1232/1271 1139/1231/1271 
f 1139/1231/1272 1140/1232/1272 1141/1233/1272 
f 1141/1233/1272 1142/1234/1272 1139/1231/1272 
f 1142/1234/1273 1141/1233/1273 1143/1235/1273 
f 1143/1235/1273 1144/1236/1273 1142/1234/1273 
f 1145/1237/1274 1146/1238/1274 1144/1236/1274 
f 1144/1236/1274 1143/1235/1274 1145/1237/1274 
f 1146/1238/1275 1145/1237/1275 1147/1239/1275 
f 1147/1239/1275 1148/1240/1275 1146/1238/1275 
f 1148/1240/1276 1147/1239/1276 1149/1241/1276 
f 1149/1241/1276 1150/1242/1276 1148/1240/1276 
f 1150/1242/1277 1149/1241/1277 1151/1243/1277 
f 1151/1243/1278 1152/1244/1278 1150/1242/1278 
f 1152/1244/1279 1151/1243/1279 1153/1245/1279 
f 1153/1245/1280 1154/1246/1280 1152/1244/1280 
f 1154/1246/1281 1153/1245/1281 1155/1247/1281 
f 1155/1247/1282 1156/1248/1282 1154/1246/1282 
f 1157/1249/1283 1156/1248/1283 1155/1247/1283 
f 1155/1247/1283 1158/1250/1283 1157/1249/1283 
f 1157/1249/1284 1158/1250/1284 1159/1251/1284 
f 1159/1251/1284 1160/1252/1284 1157/1249/1284 
f 1160/1252/1285 1159/1251/1285 1161/1253/1285 
f 1161/1253/1285 1162/1254/1285 1160/1252/1285 
f 1163/1255/1286 1164/1256/1286 1162/1254/1286 
f 1162/1254/1286 1161/1253/1286 1163/1255/1286 
f 1165/1257/1287 1135/1227/1287 1138/1230/1287 
f 1138/1230/1287 1166/1258/1287 1165/1257/1287 
f 1166/1258/1288 1138/1230/1288 1139/1231/1288 
f 1139/1231/1288 1167/1259/1288 1166/1258/1288 
f 1167/1259/1289 1139/1231/1289 1142/1234/1289 
f 1142/1234/1289 1168/1260/1289 1167/1259/1289 
f 1168/1260/1290 1142/1234/1290 1144/1236/1290 
f 1144/1236/1290 1169/1261/1290 1168/1260/1290 
f 1170/1262/1291 1169/1261/1291 1144/1236/1291 
f 1144/1236/1292 1146/1238/1292 1170/1262/1292 
f 1170/1262/1293 1146/1238/1293 1148/1240/1293 
f 1148/1240/1293 1171/1263/1293 1170/1262/1293 
f 1171/1263/1294 1148/1240/1294 1150/1242/1294 
f 1150/1242/1295 1172/1264/1295 1171/1263/1295 
f 1152/1244/1296 1173/1265/1296 1172/1264/1296 
f 1172/1264/1297 1150/1242/1297 1152/1244/1297 
f 1173/1265/1298 1152/1244/1298 1154/1246/1298 
f 1154/1246/1298 1174/1266/1298 1173/1265/1298 
f 1174/1266/1299 1154/1246/1299 1156/1248/1299 
f 1156/1248/1299 1175/1267/1299 1174/1266/1299 
f 1175/1267/1300 1156/1248/1300 1157/1249/1300 
f 1157/1249/1300 1176/1268/1300 1175/1267/1300 
f 1176/1268/1301 1157/1249/1301 1160/1252/1301 
f 1160/1252/1302 1177/1269/1302 1176/1268/1302 
f 1177/1269/1303 1160/1252/1303 1162/1254/1303 
f 1162/1254/1303 1178/1270/1303 1177/1269/1303 
f 1179/1271/1304 1178/1270/1304 1162/1254/1304 
f 1162/1254/1304 1164/1256/1304 1179/1271/1304 
f 1180/1272/1305 1165/1257/1305 1166/1258/1305 
f 1166/1258/1305 1181/1273/1305 1180/1272/1305 
f 1167/1259/1306 1182/1274/1306 1181/1273/1306 
f 1181/1273/1306 1166/1258/1306 1167/1259/1306 
f 1182/1274/1307 1167/1259/1307 1168/1260/1307 
f 1168/1260/1307 1183/1275/1307 1182/1274/1307 
f 1183/1275/1308 1168/1260/1308 1169/1261/1308 
f 1169/1261/1308 1184/1276/1308 1183/1275/1308 
f 1184/1276/1309 1169/1261/1309 1170/1262/1309 
f 1170/1262/1309 1185/1277/1309 1184/1276/1309 
f 1185/1277/1310 1170/1262/1310 1171/1263/1310 
f 1171/1263/1310 1186/1278/1310 1185/1277/1310 
f 1186/1278/1311 1171/1263/1311 1172/1264/1311 
f 1172/1264/1311 1187/1279/1311 1186/1278/1311 
f 1188/1280/1312 1187/1279/1312 1172/1264/1312 
f 1172/1264/1313 1173/1265/1313 1188/1280/1313 
f 1188/1280/1314 1173/1265/1314 1174/1266/1314 
f 1174/1266/1315 1189/1281/1315 1188/1280/1315 
f 1189/1281/1316 1174/1266/1316 1175/1267/1316 
f 1175/1267/1316 1190/1282/1316 1189/1281/1316 
f 1176/1268/1317 1191/1283/1317 1190/1282/1317 
f 1190/1282/1317 1175/1267/1317 1176/1268/1317 
f 1191/1283/1318 1176/1268/1318 1177/1269/1318 
f 1177/1269/1318 1192/1284/1318 1191/1283/1318 
f 1192/1284/1319 1177/1269/1319 1178/1270/1319 
f 1178/1270/1319 1193/1285/1319 1192/1284/1319 
f 1193/1285/1320 1178/1270/1320 1179/1271/1320 
f 1179/1271/1320 1194/1286/1320 1193/1285/1320 
f 1195/1287/1321 1180/1272/1321 1181/1273/1321 
f 1181/1273/1321 1196/1288/1321 1195/1287/1321 
f 1197/1289/1322 1196/1288/1322 1181/1273/1322 
f 1181/1273/1322 1182/1274/1322 1197/1289/1322 
f 1197/1289/1323 1182/1274/1323 1183/1275/1323 
f 1183/1275/1323 1198/1290/1323 1197/1289/1323 
f 1198/1290/1324 1183/1275/1324 1184/1276/1324 
f 1184/1276/1324 1199/1291/1324 1198/1290/1324 
f 1185/1277/1325 1200/1292/1325 1199/1291/1325 
f 1199/1291/1325 1184/1276/1325 1185/1277/1325 
f 1200/1292/1326 1185/1277/1326 1186/1278/1326 
f 1186/1278/1326 1201/1293/1326 1200/1292/1326 
f 1201/1293/1327 1186/1278/1327 1187/1279/1327 
f 1187/1279/1327 1202/1294/1327 1201/1293/1327 
f 1202/1294/1328 1187/1279/1328 1188/1280/1328 
f 1188/1280/1328 1203/1295/1328 1202/1294/1328 
f 1203/1295/1329 1188/1280/1329 1189/1281/1329 
f 1189/1281/1329 1204/1296/1329 1203/1295/1329 
f 1204/1296/1330 1189/1281/1330 1190/1282/1330 
f 1190/1282/1330 1205/1297/1330 1204/1296/1330 
f 1206/1298/1331 1205/1297/1331 1190/1282/1331 
f 1190/1282/1331 1191/1283/1331 1206/1298/1331 
f 1206/1298/1332 1191/1283/1332 1192/1284/1332 
f 1192/1284/1332 1207/1299/1332 1206/1298/1332 
f 1207/1299/1333 1192/1284/1333 1193/1285/1333 
f 1193/1285/1333 1208/1300/1333 1207/1299/1333 
f 1194/1286/1334 1209/1301/1334 1208/1300/1334 
f 1208/1300/1334 1193/1285/1334 1194/1286/1334 
f 1210/1302/1335 1195/1287/1335 1196/1288/1335 
f 1196/1288/1335 1211/1303/1335 1210/1302/1335 
f 1211/1303/1336 1196/1288/1336 1197/1289/1336 
f 1197/1289/1336 1212/1304/1336 1211/1303/1336 
f 1213/1305/1337 1212/1304/1337 1197/1289/1337 
f 1197/1289/1337 1198/1290/1337 1213/1305/1337 
f 1214/1306/1338 1213/1305/1338 1198/1290/1338 
f 1198/1290/1338 1199/1291/1338 1214/1306/1338 
f 1200/1292/1339 1215/1307/1339 1214/1306/1339 
f 1214/1306/1339 1199/1291/1339 1200/1292/1339 
f 1216/1308/1340 1215/1307/1340 1200/1292/1340 
f 1200/1292/1341 1201/1293/1341 1216/1308/1341 
f 1217/1309/1342 1216/1308/1342 1201/1293/1342 
f 1201/1293/1343 1202/1294/1343 1217/1309/1343 
f 1217/1309/1344 1202/1294/1344 1203/1295/1344 
f 1203/1295/1345 1218/1310/1345 1217/1309/1345 
f 1219/1311/1346 1218/1310/1346 1203/1295/1346 
f 1203/1295/1347 1204/1296/1347 1219/1311/1347 
f 1220/1312/1348 1219/1311/1348 1204/1296/1348 
f 1204/1296/1348 1205/1297/1348 1220/1312/1348 
f 1220/1312/1349 1205/1297/1349 1206/1298/1349 
f 1206/1298/1349 1221/1313/1349 1220/1312/1349 
f 1222/1314/1350 1221/1313/1350 1206/1298/1350 
f 1206/1298/1350 1207/1299/1350 1222/1314/1350 
f 1223/1315/1351 1222/1314/1351 1207/1299/1351 
f 1207/1299/1351 1208/1300/1351 1223/1315/1351 
f 1209/1301/1352 1224/1316/1352 1223/1315/1352 
f 1223/1315/1352 1208/1300/1352 1209/1301/1352 
f 1225/1317/1353 1226/1318/1353 1210/1302/1353 
f 1210/1302/1353 1211/1303/1353 1225/1317/1353 
f 1212/1304/1354 1227/1319/1354 1225/1317/1354 
f 1225/1317/1354 1211/1303/1354 1212/1304/1354 
f 1228/1320/1355 1227/1319/1355 1212/1304/1355 
f 1212/1304/1355 1213/1305/1355 1228/1320/1355 
f 1229/1321/1356 1228/1320/1356 1213/1305/1356 
f 1213/1305/1356 1214/1306/1356 1229/1321/1356 
f 1214/1306/1357 1215/1307/1357 1230/1322/1357 
f 1230/1322/1357 1229/1321/1357 1214/1306/1357 
f 1216/1308/1358 1231/1323/1358 1230/1322/1358 
f 1230/1322/1359 1215/1307/1359 1216/1308/1359 
f 1217/1309/1360 1232/1324/1360 1231/1323/1360 
f 1231/1323/1361 1216/1308/1361 1217/1309/1361 
f 1232/1324/1362 1217/1309/1362 1218/1310/1362 
f 1218/1310/1363 1233/1325/1363 1232/1324/1363 
f 1219/1311/1364 1234/1326/1364 1233/1325/1364 
f 1233/1325/1365 1218/1310/1365 1219/1311/1365 
f 1220/1312/1366 1235/1327/1366 1234/1326/1366 
f 1234/1326/1367 1219/1311/1367 1220/1312/1367 
f 1221/1313/1368 1236/1328/1368 1235/1327/1368 
f 1235/1327/1369 1220/1312/1369 1221/1313/1369 
f 1237/1329/1370 1236/1328/1370 1221/1313/1370 
f 1221/1313/1370 1222/1314/1370 1237/1329/1370 
f 1238/1330/1371 1237/1329/1371 1222/1314/1371 
f 1222/1314/1371 1223/1315/1371 1238/1330/1371 
f 1223/1315/1372 1224/1316/1372 1239/1331/1372 
f 1239/1331/1372 1238/1330/1372 1223/1315/1372 
f 1225/1317/1373 1240/1332/1373 1241/1333/1373 
f 1241/1333/1373 1226/1318/1373 1225/1317/1373 
f 1240/1332/1374 1225/1317/1374 1227/1319/1374 
f 1227/1319/1374 1242/1334/1374 1240/1332/1374 
f 1228/1320/1375 1243/1335/1375 1242/1334/1375 
f 1242/1334/1376 1227/1319/1376 1228/1320/1376 
f 1229/1321/1377 1244/1336/1377 1243/1335/1377 
f 1243/1335/1378 1228/1320/1378 1229/1321/1378 
f 1230/1322/1379 1245/1337/1379 1244/1336/1379 
f 1244/1336/1380 1229/1321/1380 1230/1322/1380 
f 1246/1338/1381 1245/1337/1381 1230/1322/1381 
f 1230/1322/1382 1231/1323/1382 1246/1338/1382 
f 1247/1339/1383 1246/1338/1383 1231/1323/1383 
f 1231/1323/1384 1232/1324/1384 1247/1339/1384 
f 1232/1324/1385 1233/1325/1385 1248/1340/1385 
f 1248/1340/1386 1247/1339/1386 1232/1324/1386 
f 1234/1326/1387 1249/1341/1387 1248/1340/1387 
f 1248/1340/1388 1233/1325/1388 1234/1326/1388 
f 1235/1327/1389 1250/1342/1389 1249/1341/1389 
f 1249/1341/1390 1234/1326/1390 1235/1327/1390 
f 1250/1342/1391 1235/1327/1391 1236/1328/1391 
f 1236/1328/1391 1251/1343/1391 1250/1342/1391 
f 1237/1329/1392 1252/1344/1392 1251/1343/1392 
f 1251/1343/1393 1236/1328/1393 1237/1329/1393 
f 1238/1330/1394 1253/1345/1394 1252/1344/1394 
f 1252/1344/1395 1237/1329/1395 1238/1330/1395 
f 1239/1331/1396 1254/1346/1396 1253/1345/1396 
f 1253/1345/1396 1238/1330/1396 1239/1331/1396 
f 1255/1347/1397 1256/1348/1397 1241/1333/1397 
f 1241/1333/1397 1240/1332/1397 1255/1347/1397 
f 1240/1332/1398 1242/1334/1398 1257/1349/1398 
f 1257/1349/1399 1255/1347/1399 1240/1332/1399 
f 1243/1335/1400 1258/1350/1400 1257/1349/1400 
f 1257/1349/1401 1242/1334/1401 1243/1335/1401 
f 1244/1336/1402 1259/1351/1402 1258/1350/1402 
f 1258/1350/1403 1243/1335/1403 1244/1336/1403 
f 1259/1351/1404 1244/1336/1404 1245/1337/1404 
f 1245/1337/1405 1260/1352/1405 1259/1351/1405 
f 1246/1338/1406 1261/1353/1406 1260/1352/1406 
f 1260/1352/1406 1245/1337/1406 1246/1338/1406 
f 1247/1339/1407 1262/1354/1407 1261/1353/1407 
f 1261/1353/1408 1246/1338/1408 1247/1339/1408 
f 1248/1340/1409 1263/1355/1409 1262/1354/1409 
f 1262/1354/1386 1247/1339/1386 1248/1340/1386 
f 1264/1356/1410 1263/1355/1410 1248/1340/1410 
f 1248/1340/1411 1249/1341/1411 1264/1356/1411 
f 1265/1357/1412 1264/1356/1412 1249/1341/1412 
f 1249/1341/1413 1250/1342/1413 1265/1357/1413 
f 1250/1342/1414 1251/1343/1414 1266/1358/1414 
f 1266/1358/1415 1265/1357/1415 1250/1342/1415 
f 1252/1344/1416 1267/1359/1416 1266/1358/1416 
f 1266/1358/1417 1251/1343/1417 1252/1344/1417 
f 1253/1345/1418 1268/1360/1418 1267/1359/1418 
f 1267/1359/1419 1252/1344/1419 1253/1345/1419 
f 1268/1360/1420 1253/1345/1420 1254/1346/1420 
f 1254/1346/1420 1269/1361/1420 1268/1360/1420 
f 1255/1347/1421 1270/1362/1421 1271/1363/1421 
f 1271/1363/1421 1256/1348/1421 1255/1347/1421 
f 1257/1349/1422 1272/1364/1422 1270/1362/1422 
f 1270/1362/1422 1255/1347/1422 1257/1349/1422 
f 1273/1365/1423 1272/1364/1423 1257/1349/1423 
f 1257/1349/1424 1258/1350/1424 1273/1365/1424 
f 1274/1366/1425 1273/1365/1425 1258/1350/1425 
f 1258/1350/1425 1259/1351/1425 1274/1366/1425 
f 1259/1351/1426 1260/1352/1426 1275/1367/1426 
f 1275/1367/1426 1274/1366/1426 1259/1351/1426 
f 1261/1353/1427 1276/1368/1427 1275/1367/1427 
f 1275/1367/1428 1260/1352/1428 1261/1353/1428 
f 1262/1354/1429 1277/1369/1429 1276/1368/1429 
f 1276/1368/1429 1261/1353/1429 1262/1354/1429 
f 1277/1369/1430 1262/1354/1430 1263/1355/1430 
f 1263/1355/1431 1278/1370/1431 1277/1369/1431 
f 1264/1356/1432 1279/1371/1432 1278/1370/1432 
f 1278/1370/1433 1263/1355/1433 1264/1356/1433 
f 1265/1357/1434 1280/1372/1434 1279/1371/1434 
f 1279/1371/1435 1264/1356/1435 1265/1357/1435 
f 1266/1358/1436 1281/1373/1436 1280/1372/1436 
f 1280/1372/1436 1265/1357/1436 1266/1358/1436 
f 1282/1374/1437 1281/1373/1437 1266/1358/1437 
f 1266/1358/1438 1267/1359/1438 1282/1374/1438 
f 1283/1375/1439 1282/1374/1439 1267/1359/1439 
f 1267/1359/1439 1268/1360/1439 1283/1375/1439 
f 1268/1360/1440 1269/1361/1440 1284/1376/1440 
f 1284/1376/1440 1283/1375/1440 1268/1360/1440 
f 1270/1362/1441 1285/1377/1441 1286/1378/1441 
f 1286/1378/1442 1271/1363/1442 1270/1362/1442 
f 1285/1377/1443 1270/1362/1443 1272/1364/1443 
f 1272/1364/1443 1287/1379/1443 1285/1377/1443 
f 1273/1365/1444 1288/1380/1444 1287/1379/1444 
f 1287/1379/1444 1272/1364/1444 1273/1365/1444 
f 1274/1366/1445 1289/1381/1445 1288/1380/1445 
f 1288/1380/1445 1273/1365/1445 1274/1366/1445 
f 1275/1367/1446 1290/1382/1446 1289/1381/1446 
f 1289/1381/1446 1274/1366/1446 1275/1367/1446 
f 1291/1383/1447 1290/1382/1447 1275/1367/1447 
f 1275/1367/1447 1276/1368/1447 1291/1383/1447 
f 1292/1384/1448 1291/1383/1448 1276/1368/1448 
f 1276/1368/1449 1277/1369/1449 1292/1384/1449 
f 1277/1369/1450 1278/1370/1450 1293/1385/1450 
f 1293/1385/1451 1292/1384/1451 1277/1369/1451 
f 1279/1371/1452 1294/1386/1452 1293/1385/1452 
f 1293/1385/1453 1278/1370/1453 1279/1371/1453 
f 1280/1372/1454 1295/1387/1454 1294/1386/1454 
f 1294/1386/1454 1279/1371/1454 1280/1372/1454 
f 1295/1387/1455 1280/1372/1455 1281/1373/1455 
f 1281/1373/1455 1296/1388/1455 1295/1387/1455 
f 1282/1374/1456 1297/1389/1456 1296/1388/1456 
f 1296/1388/1456 1281/1373/1456 1282/1374/1456 
f 1283/1375/1457 1298/1390/1457 1297/1389/1457 
f 1297/1389/1457 1282/1374/1457 1283/1375/1457 
f 1284/1376/1458 1299/1391/1458 1298/1390/1458 
f 1298/1390/1458 1283/1375/1458 1284/1376/1458 
f 1300/1392/1459 1301/1393/1459 1286/1378/1459 
f 1286/1378/1459 1285/1377/1459 1300/1392/1459 
f 1285/1377/1460 1287/1379/1460 1302/1394/1460 
f 1302/1394/1460 1300/1392/1460 1285/1377/1460 
f 1288/1380/1461 1303/1395/1461 1302/1394/1461 
f 1302/1394/1461 1287/1379/1461 1288/1380/1461 
f 1289/1381/1462 1304/1396/1462 1303/1395/1462 
f 1303/1395/1462 1288/1380/1462 1289/1381/1462 
f 1304/1396/1463 1289/1381/1463 1290/1382/1463 
f 1290/1382/1464 1305/1397/1464 1304/1396/1464 
f 1291/1383/1465 1306/1398/1465 1305/1397/1465 
f 1305/1397/1465 1290/1382/1465 1291/1383/1465 
f 1292/1384/1466 1307/1399/1466 1306/1398/1466 
f 1306/1398/1467 1291/1383/1467 1292/1384/1467 
f 1293/1385/1468 1308/1400/1468 1307/1399/1468 
f 1307/1399/1469 1292/1384/1469 1293/1385/1469 
f 1309/1401/1470 1308/1400/1470 1293/1385/1470 
f 1293/1385/1471 1294/1386/1471 1309/1401/1471 
f 1310/1402/1472 1309/1401/1472 1294/1386/1472 
f 1294/1386/1473 1295/1387/1473 1310/1402/1473 
f 1295/1387/1474 1296/1388/1474 1311/1403/1474 
f 1311/1403/1475 1310/1402/1475 1295/1387/1475 
f 1297/1389/1476 1312/1404/1476 1311/1403/1476 
f 1311/1403/1476 1296/1388/1476 1297/1389/1476 
f 1298/1390/1477 1313/1405/1477 1312/1404/1477 
f 1312/1404/1477 1297/1389/1477 1298/1390/1477 
f 1313/1405/1478 1298/1390/1478 1299/1391/1478 
f 1299/1391/1478 1314/1406/1478 1313/1405/1478 
f 1300/1392/1479 1315/1407/1479 1316/1408/1479 
f 1316/1408/1479 1301/1393/1479 1300/1392/1479 
f 1302/1394/1480 1317/1409/1480 1315/1407/1480 
f 1315/1407/1480 1300/1392/1480 1302/1394/1480 
f 1318/1410/1481 1317/1409/1481 1302/1394/1481 
f 1302/1394/1481 1303/1395/1481 1318/1410/1481 
f 1319/1411/1482 1318/1410/1482 1303/1395/1482 
f 1303/1395/1482 1304/1396/1482 1319/1411/1482 
f 1304/1396/1483 1305/1397/1483 1320/1412/1483 
f 1320/1412/1483 1319/1411/1483 1304/1396/1483 
f 1306/1398/1484 1321/1413/1484 1320/1412/1484 
f 1320/1412/1484 1305/1397/1484 1306/1398/1484 
f 1307/1399/1485 1322/1414/1485 1321/1413/1485 
f 1321/1413/1485 1306/1398/1485 1307/1399/1485 
f 1322/1414/1486 1307/1399/1486 1308/1400/1486 
f 1308/1400/1487 1323/1415/1487 1322/1414/1487 
f 1309/1401/1488 1324/1416/1488 1323/1415/1488 
f 1323/1415/1489 1308/1400/1489 1309/1401/1489 
f 1310/1402/1490 1325/1417/1490 1324/1416/1490 
f 1324/1416/1491 1309/1401/1491 1310/1402/1491 
f 1311/1403/1492 1326/1418/1492 1325/1417/1492 
f 1325/1417/1492 1310/1402/1492 1311/1403/1492 
f 1327/1419/1493 1326/1418/1493 1311/1403/1493 
f 1311/1403/1493 1312/1404/1493 1327/1419/1493 
f 1328/1420/1494 1327/1419/1494 1312/1404/1494 
f 1312/1404/1494 1313/1405/1494 1328/1420/1494 
f 1313/1405/1495 1314/1406/1495 1329/1421/1495 
f 1329/1421/1495 1328/1420/1495 1313/1405/1495 
f 1315/1407/1496 1330/1422/1496 1331/1423/1496 
f 1331/1423/1496 1316/1408/1496 1315/1407/1496 
f 1330/1422/1497 1315/1407/1497 1317/1409/1497 
f 1317/1409/1497 1332/1424/1497 1330/1422/1497 
f 1318/1410/1498 1333/1425/1498 1332/1424/1498 
f 1332/1424/1498 1317/1409/1498 1318/1410/1498 
f 1319/1411/1499 1334/1426/1499 1333/1425/1499 
f 1333/1425/1499 1318/1410/1499 1319/1411/1499 
f 1320/1412/1500 1335/1427/1500 1334/1426/1500 
f 1334/1426/1500 1319/1411/1500 1320/1412/1500 
f 1336/1428/1501 1335/1427/1501 1320/1412/1501 
f 1320/1412/1501 1321/1413/1501 1336/1428/1501 
f 1337/1429/1502 1336/1428/1502 1321/1413/1502 
f 1321/1413/1502 1322/1414/1502 1337/1429/1502 
f 1322/1414/1503 1323/1415/1503 1338/1430/1503 
f 1338/1430/1504 1337/1429/1504 1322/1414/1504 
f 1324/1416/1505 1339/1431/1505 1338/1430/1505 
f 1338/1430/1505 1323/1415/1505 1324/1416/1505 
f 1325/1417/1506 1340/1432/1506 1339/1431/1506 
f 1339/1431/1506 1324/1416/1506 1325/1417/1506 
f 1340/1432/1507 1325/1417/1507 1326/1418/1507 
f 1326/1418/1507 1341/1433/1507 1340/1432/1507 
f 1327/1419/1508 1342/1434/1508 1341/1433/1508 
f 1341/1433/1508 1326/1418/1508 1327/1419/1508 
f 1328/1420/1509 1343/1435/1509 1342/1434/1509 
f 1342/1434/1509 1327/1419/1509 1328/1420/1509 
f 1329/1421/1510 1344/1436/1510 1343/1435/1510 
f 1343/1435/1510 1328/1420/1510 1329/1421/1510 
f 1345/1437/1511 1346/1438/1511 1331/1423/1511 
f 1331/1423/1511 1330/1422/1511 1345/1437/1511 
f 1330/1422/1512 1332/1424/1512 1347/1439/1512 
f 1347/1439/1512 1345/1437/1512 1330/1422/1512 
f 1333/1425/1513 1348/1440/1513 1347/1439/1513 
f 1347/1439/1513 1332/1424/1513 1333/1425/1513 
f 1334/1426/1514 1349/1441/1514 1348/1440/1514 
f 1348/1440/1514 1333/1425/1514 1334/1426/1514 
f 1349/1441/1515 1334/1426/1515 1335/1427/1515 
f 1335/1427/1515 1350/1442/1515 1349/1441/1515 
f 1336/1428/1516 1351/1443/1516 1350/1442/1516 
f 1350/1442/1517 1335/1427/1517 1336/1428/1517 
f 1337/1429/1518 1352/1444/1518 1351/1443/1518 
f 1351/1443/1518 1336/1428/1518 1337/1429/1518 
f 1338/1430/1519 1353/1445/1519 1352/1444/1519 
f 1352/1444/1520 1337/1429/1520 1338/1430/1520 
f 1354/1446/1521 1353/1445/1521 1338/1430/1521 
f 1338/1430/1522 1339/1431/1522 1354/1446/1522 
f 1355/1447/1523 1354/1446/1523 1339/1431/1523 
f 1339/1431/1523 1340/1432/1523 1355/1447/1523 
f 1340/1432/1524 1341/1433/1524 1356/1448/1524 
f 1356/1448/1524 1355/1447/1524 1340/1432/1524 
f 1342/1434/1525 1357/1449/1525 1356/1448/1525 
f 1356/1448/1525 1341/1433/1525 1342/1434/1525 
f 1343/1435/1526 1358/1450/1526 1357/1449/1526 
f 1357/1449/1526 1342/1434/1526 1343/1435/1526 
f 1358/1450/1527 1343/1435/1527 1344/1436/1527 
f 1344/1436/1527 1359/1451/1527 1358/1450/1527 
f 237/1452/1528 239/1181/1528 1134/1179/1528 
f 1134/1179/1529 1136/1228/1529 237/1452/1529 
f 1133/1178/1530 1137/1229/1530 1136/1228/1530 
f 1136/1228/1530 1134/1179/1530 1133/1178/1530 
f 1132/1177/1531 1140/1232/1531 1137/1229/1531 
f 1137/1229/1531 1133/1178/1531 1132/1177/1531 
f 1140/1232/1532 1132/1177/1532 1131/1176/1532 
f 1131/1176/1533 1141/1233/1533 1140/1232/1533 
f 1141/1233/1534 1131/1176/1534 1130/1175/1534 
f 1130/1175/1534 1143/1235/1534 1141/1233/1534 
f 1145/1237/1535 1143/1235/1535 1130/1175/1535 
f 1130/1175/1535 1129/1174/1535 1145/1237/1535 
f 1145/1237/1536 1129/1174/1536 1128/1173/1536 
f 1128/1173/1536 1147/1239/1536 1145/1237/1536 
f 1147/1239/1537 1128/1173/1537 1127/1172/1537 
f 1127/1172/1537 1149/1241/1537 1147/1239/1537 
f 1149/1241/1538 1127/1172/1538 1126/1171/1538 
f 1126/1171/1539 1151/1243/1539 1149/1241/1539 
f 1125/1170/1540 1153/1245/1540 1151/1243/1540 
f 1151/1243/1540 1126/1171/1540 1125/1170/1540 
f 1155/1247/1541 1153/1245/1541 1125/1170/1541 
f 1125/1170/1542 1124/1169/1542 1155/1247/1542 
f 1158/1250/1543 1155/1247/1543 1124/1169/1543 
f 1124/1169/1544 1123/1168/1544 1158/1250/1544 
f 1122/1167/1545 1159/1251/1545 1158/1250/1545 
f 1158/1250/1545 1123/1168/1545 1122/1167/1545 
f 1121/1166/1546 1161/1253/1546 1159/1251/1546 
f 1159/1251/1547 1122/1167/1547 1121/1166/1547 
f 1161/1253/1548 1121/1166/1548 1120/1164/1548 
f 1120/1164/1548 1163/1255/1548 1161/1253/1548 
f 864/893/1549 1163/1255/1549 1120/1164/1549 
f 1120/1164/1549 865/894/1549 864/893/1549 
f 1164/1256/1550 1163/1255/1550 864/893/1550 
f 864/893/1550 874/903/1550 1164/1256/1550 
f 1179/1271/1551 1164/1256/1551 874/903/1551 
f 874/903/1551 875/904/1551 1179/1271/1551 
f 1179/1271/1552 875/904/1552 876/905/1552 
f 876/905/1552 1194/1286/1552 1179/1271/1552 
f 1209/1301/1553 1194/1286/1553 876/905/1553 
f 876/905/1553 877/906/1553 1209/1301/1553 
f 1224/1316/1554 1209/1301/1554 877/906/1554 
f 877/906/1554 878/907/1554 1224/1316/1554 
f 1239/1331/1555 1224/1316/1555 878/907/1555 
f 878/907/1555 879/908/1555 1239/1331/1555 
f 1239/1331/1556 879/908/1556 880/909/1556 
f 880/909/1556 1254/1346/1556 1239/1331/1556 
f 1254/1346/1557 880/909/1557 894/932/1557 
f 894/932/1557 1269/1361/1557 1254/1346/1557 
f 893/931/1558 1284/1376/1558 1269/1361/1558 
f 1269/1361/1558 894/932/1558 893/931/1558 
f 1284/1376/1559 893/931/1559 892/930/1559 
f 892/930/1559 1299/1391/1559 1284/1376/1559 
f 892/930/1560 891/929/1560 1314/1406/1560 
f 1314/1406/1560 1299/1391/1560 892/930/1560 
f 1314/1406/1561 891/929/1561 890/928/1561 
f 890/928/1561 1329/1421/1561 1314/1406/1561 
f 889/927/1562 1344/1436/1562 1329/1421/1562 
f 1329/1421/1562 890/928/1562 889/927/1562 
f 888/925/1563 1359/1451/1564 1344/1436/1563 
f 1344/1436/1563 889/927/1563 888/925/1563 
f 1359/1451/1565 888/925/1565 668/666/1565 
f 668/666/1566 666/664/1566 1359/1451/1566 
f 1358/1450/1567 1359/1451/1567 666/664/1567 
f 666/664/1567 665/663/1567 1358/1450/1567 
f 664/662/1568 1357/1449/1568 1358/1450/1568 
f 1358/1450/1568 665/663/1568 664/662/1568 
f 663/661/1569 1356/1448/1569 1357/1449/1569 
f 1357/1449/1569 664/662/1569 663/661/1569 
f 1356/1448/1570 663/661/1570 662/660/1570 
f 662/660/1571 1355/1447/1571 1356/1448/1571 
f 661/659/1572 1354/1446/1572 1355/1447/1572 
f 1355/1447/1573 662/660/1573 661/659/1573 
f 660/658/1574 1353/1445/1574 1354/1446/1574 
f 1354/1446/1574 661/659/1574 660/658/1574 
f 1352/1444/1575 1353/1445/1575 660/658/1575 
f 660/658/1576 659/657/1576 1352/1444/1576 
f 658/656/1577 1351/1443/1577 1352/1444/1577 
f 1352/1444/1578 659/657/1578 658/656/1578 
f 657/655/1579 1350/1442/1579 1351/1443/1579 
f 1351/1443/1579 658/656/1579 657/655/1579 
f 1350/1442/1580 657/655/1580 656/654/1580 
f 656/654/1580 1349/1441/1580 1350/1442/1580 
f 1348/1440/1581 1349/1441/1581 656/654/1581 
f 656/654/1581 655/653/1581 1348/1440/1581 
f 1347/1439/1582 1348/1440/1582 655/653/1582 
f 655/653/1582 654/652/1582 1347/1439/1582 
f 653/651/1583 1345/1437/1583 1347/1439/1583 
f 1347/1439/1583 654/652/1583 653/651/1583 
f 1346/1438/1584 1345/1437/1584 653/651/1584 
f 653/651/1584 652/649/1584 1346/1438/1584 
f 194/1453/1585 1346/1438/1585 652/649/1585 
f 652/649/1585 195/648/1585 194/1453/1585 
f 1346/1438/1586 194/1453/1586 204/1454/1586 
f 204/1454/1586 1331/1423/1586 1346/1438/1586 
f 1331/1423/1587 204/1454/1587 205/1455/1587 
f 205/1455/1587 1316/1408/1587 1331/1423/1587 
f 205/1455/1588 206/1456/1588 1301/1393/1588 
f 1301/1393/1588 1316/1408/1588 205/1455/1588 
f 1301/1393/1589 206/1456/1589 207/1457/1589 
f 207/1457/1589 1286/1378/1589 1301/1393/1589 
f 1286/1378/1590 207/1457/1590 208/1458/1590 
f 208/1458/1590 1271/1363/1590 1286/1378/1590 
f 208/1458/1591 209/1459/1591 1256/1348/1591 
f 1256/1348/1592 1271/1363/1592 208/1458/1592 
f 209/1459/1593 210/1460/1593 1241/1333/1593 
f 1241/1333/1593 1256/1348/1593 209/1459/1593 
f 210/1460/1594 245/1461/1594 1226/1318/1594 
f 1226/1318/1595 1241/1333/1595 210/1460/1595 
f 1210/1302/1596 1226/1318/1596 245/1461/1596 
f 245/1461/1596 244/1462/1596 1210/1302/1596 
f 1210/1302/1597 244/1462/1597 243/1463/1597 
f 243/1463/1597 1195/1287/1597 1210/1302/1597 
f 1195/1287/1598 243/1463/1598 242/1464/1598 
f 242/1464/1598 1180/1272/1598 1195/1287/1598 
f 1180/1272/1599 242/1464/1599 241/1465/1599 
f 241/1465/1599 1165/1257/1599 1180/1272/1599 
f 1165/1257/1600 241/1465/1600 240/1466/1600 
f 240/1466/1600 1135/1227/1600 1165/1257/1600 
f 1135/1227/1601 240/1466/1601 237/1452/1601 
f 237/1452/1601 1136/1228/1601 1135/1227/1601 
f 1360/3/1602 1361/2/1602 1362/5/1602 
f 1362/5/1602 1363/4/1602 1360/3/1602 
f 1362/5/1603 1364/7/1603 1365/6/1603 
f 1365/6/1603 1363/4/1603 1362/5/1603 
f 1366/8/1604 1365/6/1604 1364/7/1604 
f 1364/7/1604 1367/9/1604 1366/8/1604 
f 1366/8/1605 1367/9/1605 1368/11/1605 
f 1368/11/1605 1369/10/1605 1366/8/1605 
f 1370/13/1606 1371/12/1606 1369/10/1606 
f 1369/10/1606 1368/11/1606 1370/13/1606 
f 1372/14/1607 1371/12/1607 1370/13/1607 
f 1370/13/1607 1373/15/1607 1372/14/1607 
f 1372/14/1608 1373/15/1608 1374/17/1608 
f 1374/17/1608 1375/16/1608 1372/14/1608 
f 1362/5/1609 1361/2/1609 1376/18/1609 
f 1376/18/1609 1377/19/1609 1362/5/1609 
f 1362/5/1610 1377/19/1610 1378/20/1610 
f 1378/20/1610 1364/7/1610 1362/5/1610 
f 1378/20/1611 1379/21/1611 1367/9/1611 
f 1367/9/1611 1364/7/1611 1378/20/1611 
f 1380/22/1612 1368/11/1612 1367/9/1612 
f 1367/9/1613 1379/21/1613 1380/22/1613 
f 1381/23/1614 1370/13/1614 1368/11/1614 
f 1368/11/1614 1380/22/1614 1381/23/1614 
f 1382/24/1615 1373/15/1615 1370/13/1615 
f 1370/13/1615 1381/23/1615 1382/24/1615 
f 1373/15/1616 1382/24/1616 1383/25/1616 
f 1383/25/1616 1374/17/1616 1373/15/1616 
f 1384/26/1617 1377/19/1617 1376/18/1617 
f 1376/18/1617 1385/27/1617 1384/26/1617 
f 1386/28/1618 1378/20/1618 1377/19/1618 
f 1377/19/1618 1384/26/1618 1386/28/1618 
f 1386/28/1619 1387/29/1619 1379/21/1619 
f 1379/21/1620 1378/20/1620 1386/28/1620 
f 1387/29/1621 1388/30/1621 1380/22/1621 
f 1380/22/1621 1379/21/1621 1387/29/1621 
f 1381/23/1622 1380/22/1622 1388/30/1622 
f 1388/30/1622 1389/31/1622 1381/23/1622 
f 1381/23/1623 1389/31/1623 1390/32/1623 
f 1390/32/1623 1382/24/1623 1381/23/1623 
f 1391/33/1624 1383/25/1624 1382/24/1624 
f 1382/24/1624 1390/32/1624 1391/33/1624 
f 1385/27/1625 1392/34/1625 1393/35/1625 
f 1393/35/1625 1384/26/1625 1385/27/1625 
f 1394/36/1626 1386/28/1626 1384/26/1626 
f 1384/26/1626 1393/35/1626 1394/36/1626 
f 1387/29/1627 1386/28/1627 1394/36/1627 
f 1394/36/1627 1395/37/1627 1387/29/1627 
f 1387/29/1628 1395/37/1628 1396/38/1628 
f 1396/38/1628 1388/30/1628 1387/29/1628 
f 1396/38/1629 1397/39/1629 1389/31/1629 
f 1389/31/1629 1388/30/1629 1396/38/1629 
f 1390/32/1630 1389/31/1630 1397/39/1630 
f 1397/39/1630 1398/40/1630 1390/32/1630 
f 1390/32/1631 1398/40/1631 1399/41/1631 
f 1399/41/1631 1391/33/1631 1390/32/1631 
f 1393/35/1632 1392/34/1632 1400/42/1632 
f 1400/42/1632 1401/43/1632 1393/35/1632 
f 1393/35/1633 1401/43/1633 1402/44/1633 
f 1402/44/1633 1394/36/1633 1393/35/1633 
f 1403/45/1634 1395/37/1634 1394/36/1634 
f 1394/36/1634 1402/44/1634 1403/45/1634 
f 1396/38/1635 1395/37/1635 1403/45/1635 
f 1403/45/1635 1404/46/1635 1396/38/1635 
f 1396/38/1636 1404/46/1636 1405/47/1636 
f 1405/47/1636 1397/39/1636 1396/38/1636 
f 1400/42/1637 1406/49/1637 1407/48/1637 
f 1407/48/1637 1401/43/1637 1400/42/1637 
f 1401/43/1638 1407/48/1638 1408/50/1638 
f 1408/50/1638 1402/44/1638 1401/43/1638 
f 1409/51/1639 1403/45/1639 1402/44/1639 
f 1402/44/1639 1408/50/1639 1409/51/1639 
f 1410/52/1640 1404/46/1640 1403/45/1640 
f 1403/45/1640 1409/51/1640 1410/52/1640 
f 1411/53/1641 1405/47/1641 1404/46/1641 
f 1404/46/1641 1410/52/1641 1411/53/1641 
f 1412/55/1642 1413/54/1642 1414/57/1642 
f 1414/57/1642 1415/56/1642 1412/55/1642 
f 1416/59/1643 1417/58/1643 1412/55/1643 
f 1412/55/1643 1415/56/1643 1416/59/1643 
f 1417/58/1644 1416/59/1644 1418/60/1644 
f 1418/60/1644 1419/61/1644 1417/58/1644 
f 1420/62/1645 1415/56/1645 1414/57/1645 
f 1414/57/1645 1421/63/1645 1420/62/1645 
f 1415/56/1646 1420/62/1646 1422/64/1646 
f 1422/64/1646 1416/59/1646 1415/56/1646 
f 1422/64/1647 1423/65/1647 1418/60/1647 
f 1418/60/1647 1416/59/1647 1422/64/1647 
f 1424/66/1648 1418/60/1648 1423/65/1648 
f 1423/65/1648 1425/67/1648 1424/66/1648 
f 1426/68/1649 1420/62/1649 1421/63/1649 
f 1421/63/1649 1427/69/1649 1426/68/1649 
f 1422/64/1650 1420/62/1650 1426/68/1650 
f 1426/68/1650 1428/70/1650 1422/64/1650 
f 1422/64/1651 1428/70/1651 1429/71/1651 
f 1429/71/1651 1423/65/1651 1422/64/1651 
f 1430/72/1652 1425/67/1652 1423/65/1652 
f 1423/65/1652 1429/71/1652 1430/72/1652 
f 1427/69/1653 1431/74/1653 1432/73/1653 
f 1432/73/1653 1426/68/1653 1427/69/1653 
f 1432/73/1654 1433/75/1654 1428/70/1654 
f 1428/70/1654 1426/68/1654 1432/73/1654 
f 1428/70/1655 1433/75/1655 1434/76/1655 
f 1434/76/1655 1429/71/1655 1428/70/1655 
f 1435/77/1656 1430/72/1656 1429/71/1656 
f 1429/71/1656 1434/76/1656 1435/77/1656 
f 1436/78/1657 1432/73/1657 1431/74/1657 
f 1431/74/1657 1437/79/1657 1436/78/1657 
f 1436/78/1658 1438/80/1658 1433/75/1658 
f 1433/75/1658 1432/73/1658 1436/78/1658 
f 1439/81/1659 1434/76/1659 1433/75/1659 
f 1433/75/1659 1438/80/1659 1439/81/1659 
f 1440/82/1660 1435/77/1660 1434/76/1660 
f 1434/76/1660 1439/81/1660 1440/82/1660 
f 1441/84/1661 1442/83/1661 1436/78/1661 
f 1436/78/1661 1437/79/1661 1441/84/1661 
f 1438/80/1662 1436/78/1662 1442/83/1662 
f 1442/83/1662 1443/85/1662 1438/80/1662 
f 1438/80/1663 1443/85/1663 1444/86/1663 
f 1444/86/1663 1439/81/1663 1438/80/1663 
f 1445/87/1664 1440/82/1664 1439/81/1664 
f 1439/81/1664 1444/86/1664 1445/87/1664 
f 1446/90/1665 1447/89/1665 1448/88/1665 
f 1448/88/1665 1449/91/1665 1446/90/1665 
f 1446/90/1666 1449/91/1666 1450/93/1666 
f 1450/93/1666 1451/92/1666 1446/90/1666 
f 1452/95/1667 1453/94/1667 1451/92/1667 
f 1451/92/1667 1450/93/1667 1452/95/1667 
f 1454/96/1668 1453/94/1668 1452/95/1668 
f 1452/95/1668 1455/97/1668 1454/96/1668 
f 1454/96/1669 1455/97/1669 1456/99/1669 
f 1456/99/1669 1457/98/1669 1454/96/1669 
f 1456/99/1670 1458/101/1670 1459/100/1670 
f 1459/100/1671 1457/98/1671 1456/99/1671 
f 1459/100/1672 1458/101/1672 1460/103/1672 
f 1460/103/1672 1461/102/1672 1459/100/1672 
f 1462/104/1673 1449/91/1673 1448/88/1673 
f 1448/88/1673 1463/105/1673 1462/104/1673 
f 1464/106/1674 1450/93/1674 1449/91/1674 
f 1449/91/1674 1462/104/1674 1464/106/1674 
f 1465/107/1675 1452/95/1675 1450/93/1675 
f 1450/93/1675 1464/106/1675 1465/107/1675 
f 1466/108/1676 1455/97/1676 1452/95/1676 
f 1452/95/1676 1465/107/1676 1466/108/1676 
f 1467/109/1677 1456/99/1677 1455/97/1677 
f 1455/97/1677 1466/108/1677 1467/109/1677 
f 1467/109/1678 1468/110/1678 1458/101/1678 
f 1458/101/1678 1456/99/1678 1467/109/1678 
f 1468/110/1679 1469/111/1679 1460/103/1679 
f 1460/103/1679 1458/101/1679 1468/110/1679 
f 1463/105/1680 1470/112/1680 1471/113/1680 
f 1471/113/1680 1462/104/1680 1463/105/1680 
f 1472/114/1681 1464/106/1681 1462/104/1681 
f 1462/104/1681 1471/113/1681 1472/114/1681 
f 1465/107/1682 1464/106/1682 1472/114/1682 
f 1472/114/1682 1473/115/1682 1465/107/1682 
f 1465/107/1683 1473/115/1683 1474/116/1683 
f 1474/116/1683 1466/108/1683 1465/107/1683 
f 1475/117/1684 1467/109/1684 1466/108/1684 
f 1466/108/1684 1474/116/1684 1475/117/1684 
f 1468/110/1685 1467/109/1685 1475/117/1685 
f 1475/117/1685 1476/118/1685 1468/110/1685 
f 1468/110/1686 1476/118/1686 1477/119/1686 
f 1477/119/1686 1469/111/1686 1468/110/1686 
f 1471/113/1687 1470/112/1687 1478/120/1687 
f 1478/120/1687 1479/121/1687 1471/113/1687 
f 1471/113/1688 1479/121/1688 1480/122/1688 
f 1480/122/1688 1472/114/1688 1471/113/1688 
f 1481/123/1689 1473/115/1689 1472/114/1689 
f 1472/114/1689 1480/122/1689 1481/123/1689 
f 1474/116/1690 1473/115/1690 1481/123/1690 
f 1481/123/1690 1482/124/1690 1474/116/1690 
f 1474/116/1691 1482/124/1692 1483/125/1692 
f 1483/125/1692 1475/117/1692 1474/116/1692 
f 1484/126/1693 1476/118/1693 1475/117/1693 
f 1475/117/1693 1483/125/1693 1484/126/1693 
f 1477/119/1694 1476/118/1695 1484/126/1695 
f 1484/126/1695 1485/127/1695 1477/119/1695 
f 1484/126/1696 1483/125/1696 1486/129/1696 
f 1486/129/1696 1487/128/1696 1484/126/1696 
f 1485/127/1697 1484/126/1697 1487/128/1697 
f 1487/128/1697 1488/130/1697 1485/127/1697 
f 1489/132/1698 1490/131/1698 1491/134/1698 
f 1491/134/1698 1492/133/1698 1489/132/1698 
f 1493/136/1699 1494/135/1699 1492/133/1699 
f 1492/133/1699 1491/134/1699 1493/136/1699 
f 1495/137/1700 1494/135/1700 1493/136/1700 
f 1493/136/1701 1496/138/1701 1495/137/1701 
f 1495/137/1702 1496/138/1702 1497/140/1702 
f 1497/140/1702 1498/139/1702 1495/137/1702 
f 1499/142/1703 1500/141/1703 1498/139/1703 
f 1498/139/1703 1497/140/1703 1499/142/1703 
f 1501/143/1704 1500/141/1704 1499/142/1704 
f 1499/142/1704 1502/144/1704 1501/143/1704 
f 1501/143/1705 1502/144/1705 1503/146/1705 
f 1503/146/1705 1504/145/1705 1501/143/1705 
f 1491/134/1706 1490/131/1706 1505/147/1706 
f 1505/147/1706 1506/148/1706 1491/134/1706 
f 1491/134/1707 1506/148/1707 1507/149/1707 
f 1507/149/1707 1493/136/1707 1491/134/1707 
f 1508/150/1708 1496/138/1708 1493/136/1708 
f 1493/136/1708 1507/149/1708 1508/150/1708 
f 1497/140/1709 1496/138/1709 1508/150/1709 
f 1508/150/1709 1509/151/1709 1497/140/1709 
f 1510/152/1710 1499/142/1710 1497/140/1710 
f 1497/140/1710 1509/151/1710 1510/152/1710 
f 1511/153/1711 1502/144/1711 1499/142/1711 
f 1499/142/1712 1510/152/1712 1511/153/1712 
f 1503/146/1713 1502/144/1713 1511/153/1713 
f 1511/153/1713 1512/154/1713 1503/146/1713 
f 1513/156/1714 1514/155/1714 1506/148/1714 
f 1506/148/1714 1505/147/1714 1513/156/1714 
f 1507/149/1715 1506/148/1715 1514/155/1715 
f 1514/155/1715 1515/157/1715 1507/149/1715 
f 1507/149/1716 1515/157/1716 1516/158/1716 
f 1516/158/1716 1508/150/1716 1507/149/1716 
f 1517/159/1717 1509/151/1717 1508/150/1717 
f 1508/150/1717 1516/158/1717 1517/159/1717 
f 1510/152/1718 1509/151/1718 1517/159/1718 
f 1517/159/1718 1518/160/1718 1510/152/1718 
f 1510/152/1719 1518/160/1719 1519/161/1719 
f 1519/161/1719 1511/153/1719 1510/152/1719 
f 1520/162/1720 1512/154/1720 1511/153/1720 
f 1511/153/1720 1519/161/1720 1520/162/1720 
f 1513/156/1721 1521/164/1721 1522/163/1721 
f 1522/163/1721 1514/155/1721 1513/156/1721 
f 1522/163/1722 1523/165/1722 1515/157/1722 
f 1515/157/1722 1514/155/1722 1522/163/1722 
f 1516/158/1723 1515/157/1723 1523/165/1723 
f 1523/165/1723 1524/166/1723 1516/158/1723 
f 1516/158/1724 1524/166/1724 1525/167/1724 
f 1525/167/1724 1517/159/1724 1516/158/1724 
f 1526/168/1725 1518/160/1725 1517/159/1725 
f 1517/159/1725 1525/167/1725 1526/168/1725 
f 1519/161/1726 1518/160/1726 1526/168/1726 
f 1526/168/1726 1527/169/1726 1519/161/1726 
f 1528/170/1727 1520/162/1727 1519/161/1727 
f 1519/161/1727 1527/169/1727 1528/170/1727 
f 1522/163/1728 1521/164/1728 1529/172/1728 
f 1529/172/1729 1530/171/1728 1522/163/1728 
f 1522/163/1730 1530/171/1730 1531/173/1730 
f 1531/173/1730 1523/165/1730 1522/163/1730 
f 1531/173/1731 1532/174/1731 1524/166/1731 
f 1524/166/1731 1523/165/1731 1531/173/1731 
f 1525/167/1732 1524/166/1732 1532/174/1732 
f 1532/174/1732 1533/175/1732 1525/167/1732 
f 1525/167/1733 1533/175/1733 1534/176/1733 
f 1534/176/1733 1526/168/1733 1525/167/1733 
f 1535/177/1734 1527/169/1734 1526/168/1734 
f 1526/168/1734 1534/176/1734 1535/177/1734 
f 1528/170/1735 1527/169/1735 1535/177/1735 
f 1535/177/1735 1536/178/1735 1528/170/1735 
f 1537/180/1736 1530/171/1736 1529/172/1737 
f 1529/172/1736 1538/179/1736 1537/180/1736 
f 1531/173/1738 1530/171/1738 1537/180/1738 
f 1537/180/1738 1539/181/1738 1531/173/1738 
f 1531/173/1739 1539/181/1739 1540/182/1739 
f 1540/182/1739 1532/174/1739 1531/173/1739 
f 1540/182/1740 1541/183/1740 1533/175/1740 
f 1533/175/1740 1532/174/1740 1540/182/1740 
f 1534/176/1741 1533/175/1741 1541/183/1741 
f 1541/183/1741 1542/184/1741 1534/176/1741 
f 1441/84/1742 1375/16/1742 1374/17/1742 
f 1374/17/1742 1442/83/1742 1441/84/1742 
f 1383/25/1743 1443/85/1743 1442/83/1743 
f 1442/83/1743 1374/17/1743 1383/25/1743 
f 1391/33/1744 1444/86/1744 1443/85/1744 
f 1443/85/1745 1383/25/1745 1391/33/1745 
f 1445/87/1746 1444/86/1746 1391/33/1746 
f 1391/33/1746 1399/41/1746 1445/87/1746 
f 1460/103/1747 1537/180/1747 1538/179/1747 
f 1538/179/1747 1461/102/1747 1460/103/1747 
f 1469/111/1748 1539/181/1748 1537/180/1748 
f 1537/180/1749 1460/103/1749 1469/111/1749 
f 1469/111/1750 1477/119/1750 1540/182/1750 
f 1540/182/1750 1539/181/1750 1469/111/1750 
f 1540/182/1751 1477/119/1751 1485/127/1751 
f 1485/127/1751 1541/183/1751 1540/182/1751 
f 1488/130/1752 1542/184/1752 1541/183/1752 
f 1541/183/1752 1485/127/1752 1488/130/1752 
f 1503/146/1753 1407/48/1753 1406/49/1753 
f 1406/49/1753 1504/145/1753 1503/146/1753 
f 1512/154/1754 1408/50/1754 1407/48/1754 
f 1407/48/1754 1503/146/1754 1512/154/1754 
f 1409/51/1755 1408/50/1755 1512/154/1755 
f 1512/154/1755 1520/162/1755 1409/51/1755 
f 1528/170/1756 1410/52/1756 1409/51/1756 
f 1409/51/1756 1520/162/1756 1528/170/1756 
f 1536/178/1757 1411/53/1757 1410/52/1757 
f 1410/52/1757 1528/170/1757 1536/178/1757 
f 1360/3/1758 1543/187/1758 1544/186/1758 
f 1544/186/1758 1545/185/1758 1360/3/1758 
f 1363/4/1759 1546/188/1759 1543/187/1759 
f 1543/187/1759 1360/3/1759 1363/4/1759 
f 1547/189/1760 1546/188/1760 1363/4/1760 
f 1363/4/1760 1365/6/1760 1547/189/1760 
f 1547/189/1761 1365/6/1761 1366/8/1761 
f 1366/8/1761 1548/190/1761 1547/189/1761 
f 1369/10/1762 1549/191/1762 1548/190/1762 
f 1548/190/1762 1366/8/1762 1369/10/1762 
f 1550/192/1763 1549/191/1763 1369/10/1763 
f 1369/10/1763 1371/12/1763 1550/192/1763 
f 1550/192/1764 1371/12/1764 1372/14/1764 
f 1372/14/1764 1551/193/1764 1550/192/1764 
f 1375/16/1765 1552/194/1765 1551/193/1765 
f 1551/193/1765 1372/14/1765 1375/16/1765 
f 1360/3/1766 1545/185/1766 1553/195/1766 
f 1553/195/1766 1361/2/1766 1360/3/1766 
f 1376/18/1767 1361/2/1767 1553/195/1767 
f 1553/195/1767 1554/196/1767 1376/18/1767 
f 1554/196/1768 1555/197/1768 1385/27/1768 
f 1385/27/1768 1376/18/1768 1554/196/1768 
f 1555/197/1769 1556/198/1769 1392/34/1769 
f 1392/34/1769 1385/27/1769 1555/197/1769 
f 1400/42/1770 1392/34/1770 1556/198/1770 
f 1556/198/1770 1557/199/1770 1400/42/1770 
f 1557/199/1771 1558/200/1771 1406/49/1771 
f 1406/49/1771 1400/42/1771 1557/199/1771 
f 1559/201/1772 1504/145/1772 1406/49/1772 
f 1406/49/1772 1558/200/1772 1559/201/1772 
f 1560/202/1773 1561/204/1773 1413/54/1773 
f 1413/54/1773 1562/203/1773 1560/202/1773 
f 1563/205/1774 1562/203/1774 1413/54/1774 
f 1413/54/1774 1412/55/1774 1563/205/1774 
f 1564/206/1775 1563/205/1775 1412/55/1775 
f 1412/55/1775 1417/58/1775 1564/206/1775 
f 1419/61/1776 1565/207/1776 1564/206/1776 
f 1564/206/1776 1417/58/1776 1419/61/1776 
f 1414/57/1777 1413/54/1777 1561/204/1777 
f 1561/204/1777 1566/208/1777 1414/57/1777 
f 1414/57/1778 1566/208/1778 1567/209/1778 
f 1567/209/1778 1421/63/1778 1414/57/1778 
f 1421/63/1779 1567/209/1779 1568/210/1779 
f 1568/210/1779 1427/69/1779 1421/63/1779 
f 1568/210/1780 1569/211/1780 1431/74/1780 
f 1431/74/1780 1427/69/1780 1568/210/1780 
f 1431/74/1781 1569/211/1781 1570/212/1781 
f 1570/212/1781 1437/79/1781 1431/74/1781 
f 1571/213/1782 1441/84/1782 1437/79/1782 
f 1437/79/1782 1570/212/1782 1571/213/1782 
f 1375/16/1783 1441/84/1783 1571/213/1783 
f 1571/213/1783 1552/194/1783 1375/16/1783 
f 1572/216/1784 1573/215/1784 1447/89/1784 
f 1447/89/1784 1574/214/1784 1572/216/1784 
f 1575/217/1785 1574/214/1785 1447/89/1785 
f 1447/89/1785 1446/90/1785 1575/217/1785 
f 1576/218/1786 1575/217/1786 1446/90/1786 
f 1446/90/1786 1451/92/1786 1576/218/1786 
f 1577/219/1787 1576/218/1787 1451/92/1787 
f 1451/92/1787 1453/94/1787 1577/219/1787 
f 1578/220/1788 1577/219/1788 1453/94/1788 
f 1453/94/1788 1454/96/1788 1578/220/1788 
f 1454/96/1789 1457/98/1789 1579/221/1789 
f 1579/221/1789 1578/220/1789 1454/96/1789 
f 1580/222/1790 1579/221/1790 1457/98/1790 
f 1457/98/1790 1459/100/1790 1580/222/1790 
f 1581/223/1791 1580/222/1791 1459/100/1791 
f 1459/100/1791 1461/102/1791 1581/223/1791 
f 1573/215/1792 1582/224/1792 1448/88/1792 
f 1448/88/1792 1447/89/1792 1573/215/1792 
f 1448/88/1793 1582/224/1793 1583/225/1793 
f 1583/225/1793 1463/105/1793 1448/88/1793 
f 1583/225/1794 1584/226/1794 1470/112/1794 
f 1470/112/1794 1463/105/1794 1583/225/1794 
f 1478/120/1795 1470/112/1795 1584/226/1795 
f 1584/226/1795 1585/227/1795 1478/120/1795 
f 1586/229/1796 1489/132/1796 1587/228/1796 
f 1587/228/1796 1588/230/1796 1586/229/1796 
f 1492/133/1797 1589/231/1797 1587/228/1797 
f 1587/228/1797 1489/132/1797 1492/133/1797 
f 1589/231/1798 1492/133/1798 1494/135/1798 
f 1494/135/1798 1590/232/1798 1589/231/1798 
f 1495/137/1799 1591/233/1799 1590/232/1799 
f 1590/232/1799 1494/135/1799 1495/137/1799 
f 1498/139/1800 1592/234/1800 1591/233/1800 
f 1591/233/1800 1495/137/1800 1498/139/1800 
f 1500/141/1801 1593/235/1801 1592/234/1801 
f 1592/234/1802 1498/139/1802 1500/141/1802 
f 1501/143/1803 1594/236/1803 1593/235/1803 
f 1593/235/1803 1500/141/1803 1501/143/1803 
f 1504/145/1804 1559/201/1804 1594/236/1804 
f 1594/236/1804 1501/143/1804 1504/145/1804 
f 1586/229/1805 1595/237/1805 1490/131/1805 
f 1490/131/1805 1489/132/1805 1586/229/1805 
f 1595/237/1806 1596/238/1806 1505/147/1806 
f 1505/147/1806 1490/131/1806 1595/237/1806 
f 1505/147/1807 1596/238/1807 1597/239/1807 
f 1597/239/1807 1513/156/1807 1505/147/1807 
f 1597/239/1808 1598/240/1808 1521/164/1808 
f 1521/164/1808 1513/156/1808 1597/239/1808 
f 1598/240/1809 1599/241/1809 1529/172/1809 
f 1529/172/1809 1521/164/1809 1598/240/1809 
f 1529/172/1810 1599/241/1810 1600/242/1810 
f 1600/242/1810 1538/179/1810 1529/172/1810 
f 1581/223/1811 1461/102/1811 1538/179/1811 
f 1538/179/1811 1600/242/1811 1581/223/1811 
f 1601/244/1812 1602/243/1812 1603/246/1812 
f 1603/246/1812 1604/245/1812 1601/244/1812 
f 1605/247/1813 1604/245/1813 1603/246/1813 
f 1603/246/1813 1606/248/1813 1605/247/1813 
f 1607/249/1814 1605/247/1814 1606/248/1814 
f 1606/248/1814 1608/250/1814 1607/249/1814 
f 1603/246/1815 1602/243/1815 1609/252/1815 
f 1609/252/1815 1610/251/1815 1603/246/1815 
f 1611/253/1816 1606/248/1816 1603/246/1816 
f 1603/246/1816 1610/251/1816 1611/253/1816 
f 1606/248/1817 1611/253/1817 1612/254/1817 
f 1612/254/1817 1608/250/1817 1606/248/1817 
f 1613/255/1818 1610/251/1818 1609/252/1818 
f 1609/252/1818 1614/256/1818 1613/255/1818 
f 1610/251/1819 1613/255/1819 1615/257/1819 
f 1615/257/1819 1611/253/1819 1610/251/1819 
f 1612/254/1820 1611/253/1820 1615/257/1820 
f 1615/257/1820 1616/258/1820 1612/254/1820 
f 1614/256/1821 1617/259/1821 1618/260/1821 
f 1618/260/1821 1613/255/1821 1614/256/1821 
f 1615/257/1822 1613/255/1822 1618/260/1822 
f 1618/260/1822 1619/261/1822 1615/257/1822 
f 1620/262/1823 1616/258/1823 1615/257/1823 
f 1615/257/1823 1619/261/1823 1620/262/1823 
f 1618/260/1824 1617/259/1824 1621/264/1824 
f 1621/264/1825 1622/263/1825 1618/260/1825 
f 1623/265/1826 1619/261/1826 1618/260/1826 
f 1618/260/1826 1622/263/1826 1623/265/1826 
f 1619/261/1827 1623/265/1827 1624/266/1827 
f 1624/266/1827 1620/262/1827 1619/261/1827 
f 1622/263/1828 1621/264/1828 1625/268/1828 
f 1625/268/1829 1626/267/1829 1622/263/1829 
f 1622/263/1830 1626/267/1830 1627/269/1830 
f 1627/269/1830 1623/265/1830 1622/263/1830 
f 1624/266/1831 1623/265/1831 1627/269/1831 
f 1627/269/1831 1628/270/1831 1624/266/1831 
f 1625/268/1832 1629/271/1832 1630/272/1832 
f 1630/272/1832 1626/267/1832 1625/268/1832 
f 1627/269/1833 1626/267/1833 1630/272/1833 
f 1630/272/1834 1631/273/1834 1627/269/1834 
f 1632/274/1835 1628/270/1835 1627/269/1835 
f 1627/269/1835 1631/273/1835 1632/274/1835 
f 1630/272/1836 1629/271/1836 1633/276/1836 
f 1633/276/1836 1634/275/1836 1630/272/1836 
f 1634/275/1837 1635/277/1837 1631/273/1837 
f 1631/273/1837 1630/272/1837 1634/275/1837 
f 1631/273/1838 1635/277/1838 1636/278/1838 
f 1636/278/1838 1632/274/1838 1631/273/1838 
f 1637/279/1839 1634/275/1839 1633/276/1839 
f 1633/276/1839 1638/280/1839 1637/279/1839 
f 1634/275/1840 1637/279/1840 1639/281/1840 
f 1639/281/1840 1635/277/1840 1634/275/1840 
f 1636/278/1841 1635/277/1841 1639/281/1841 
f 1639/281/1841 1640/282/1841 1636/278/1841 
f 1638/280/1842 1641/283/1842 1642/284/1842 
f 1642/284/1842 1637/279/1842 1638/280/1842 
f 1639/281/1843 1637/279/1843 1642/284/1843 
f 1642/284/1843 1643/285/1843 1639/281/1843 
f 1640/282/1844 1639/281/1844 1643/285/1844 
f 1643/285/1844 1644/286/1844 1640/282/1844 
f 1642/284/1845 1641/283/1845 1645/288/1845 
f 1645/288/1845 1646/287/1845 1642/284/1845 
f 1647/289/1846 1643/285/1846 1642/284/1846 
f 1642/284/1846 1646/287/1846 1647/289/1846 
f 1643/285/1847 1647/289/1847 1648/290/1847 
f 1648/290/1848 1644/286/1848 1643/285/1848 
f 1649/291/1849 1646/287/1849 1645/288/1849 
f 1645/288/1849 1650/292/1849 1649/291/1849 
f 1646/287/1850 1649/291/1850 1651/293/1850 
f 1651/293/1850 1647/289/1850 1646/287/1850 
f 1648/290/1851 1647/289/1851 1651/293/1851 
f 1651/293/1851 1652/294/1851 1648/290/1851 
f 1650/292/1852 1653/295/1852 1654/296/1852 
f 1654/296/1852 1649/291/1852 1650/292/1852 
f 1651/293/1853 1649/291/1853 1654/296/1853 
f 1654/296/1853 1655/297/1853 1651/293/1853 
f 1656/298/1854 1652/294/1854 1651/293/1854 
f 1651/293/1854 1655/297/1854 1656/298/1854 
f 1654/296/1855 1653/295/1855 1657/300/1855 
f 1657/300/1855 1658/299/1855 1654/296/1855 
f 1659/301/1856 1655/297/1856 1654/296/1856 
f 1654/296/1856 1658/299/1856 1659/301/1856 
f 1655/297/1857 1659/301/1857 1660/302/1857 
f 1660/302/1857 1656/298/1857 1655/297/1857 
f 1661/304/1858 1662/303/1858 1601/244/1858 
f 1601/244/1858 1663/305/1858 1661/304/1858 
f 1604/245/1859 1664/306/1859 1663/305/1859 
f 1663/305/1859 1601/244/1859 1604/245/1859 
f 1664/306/1860 1604/245/1860 1605/247/1860 
f 1605/247/1860 1665/307/1860 1664/306/1860 
f 1666/308/1861 1665/307/1861 1605/247/1861 
f 1605/247/1861 1607/249/1861 1666/308/1861 
f 1565/309/1862 1660/302/1862 1659/301/1862 
f 1659/301/1862 1564/310/1862 1565/309/1862 
f 1658/299/1863 1563/311/1863 1564/310/1863 
f 1564/310/1863 1659/301/1863 1658/299/1863 
f 1658/299/1864 1657/300/1864 1562/312/1864 
f 1562/312/1864 1563/311/1864 1658/299/1864 
f 1667/314/1865 1560/313/1865 1562/312/1865 
f 1562/312/1865 1657/300/1865 1667/314/1865 
f 1653/295/1866 1668/315/1867 1667/314/1867 
f 1667/314/1867 1657/300/1867 1653/295/1867 
f 1669/316/1868 1668/315/1868 1653/295/1868 
f 1653/295/1868 1650/292/1868 1669/316/1868 
f 1650/292/1869 1645/288/1869 1670/317/1869 
f 1670/317/1869 1669/316/1869 1650/292/1869 
f 1645/288/1870 1641/283/1870 1671/318/1870 
f 1671/318/1870 1670/317/1870 1645/288/1870 
f 1672/319/1871 1671/318/1871 1641/283/1871 
f 1641/283/1871 1638/280/1871 1672/319/1871 
f 1633/276/1872 1673/320/1872 1672/319/1872 
f 1672/319/1873 1638/280/1873 1633/276/1873 
f 1629/271/1874 1674/321/1874 1673/320/1874 
f 1673/320/1874 1633/276/1874 1629/271/1874 
f 1629/271/1875 1625/268/1875 1675/322/1875 
f 1675/322/1875 1674/321/1875 1629/271/1875 
f 1675/322/1876 1625/268/1876 1621/264/1876 
f 1621/264/1877 1676/323/1877 1675/322/1877 
f 1617/259/1878 1677/324/1878 1676/323/1878 
f 1676/323/1879 1621/264/1879 1617/259/1879 
f 1678/325/1880 1677/324/1880 1617/259/1880 
f 1617/259/1881 1614/256/1881 1678/325/1881 
f 1614/256/1882 1609/252/1882 1679/326/1882 
f 1679/326/1882 1678/325/1882 1614/256/1882 
f 1609/252/1883 1602/243/1883 1680/327/1883 
f 1680/327/1883 1679/326/1883 1609/252/1883 
f 1662/303/1884 1680/327/1884 1602/243/1884 
f 1602/243/1884 1601/244/1884 1662/303/1884 
f 1681/329/1885 1682/328/1885 1683/331/1885 
f 1683/331/1885 1684/330/1885 1681/329/1885 
f 1685/333/1886 1686/332/1886 1684/330/1886 
f 1684/330/1886 1683/331/1886 1685/333/1886 
f 1687/335/1887 1688/334/1887 1686/332/1887 
f 1686/332/1887 1685/333/1887 1687/335/1887 
f 1688/334/1888 1687/335/1888 1689/337/1888 
f 1689/337/1888 1690/336/1888 1688/334/1888 
f 1683/331/1889 1682/328/1889 1691/339/1889 
f 1691/339/1889 1692/338/1889 1683/331/1889 
f 1693/340/1890 1685/333/1890 1683/331/1890 
f 1683/331/1890 1692/338/1890 1693/340/1890 
f 1694/341/1891 1687/335/1891 1685/333/1891 
f 1685/333/1891 1693/340/1891 1694/341/1891 
f 1689/337/1892 1687/335/1892 1694/341/1892 
f 1694/341/1892 1695/342/1892 1689/337/1892 
f 1696/343/1893 1692/338/1893 1691/339/1893 
f 1691/339/1893 1697/344/1893 1696/343/1893 
f 1698/345/1894 1693/340/1894 1692/338/1894 
f 1692/338/1894 1696/343/1894 1698/345/1894 
f 1693/340/1895 1698/345/1895 1699/346/1895 
f 1699/346/1895 1694/341/1895 1693/340/1895 
f 1699/346/1896 1700/347/1896 1695/342/1896 
f 1695/342/1896 1694/341/1896 1699/346/1896 
f 1697/344/1897 1701/349/1897 1702/348/1897 
f 1702/348/1897 1696/343/1897 1697/344/1897 
f 1703/350/1898 1698/345/1898 1696/343/1898 
f 1696/343/1898 1702/348/1898 1703/350/1898 
f 1699/346/1899 1698/345/1899 1703/350/1899 
f 1703/350/1899 1704/351/1899 1699/346/1899 
f 1699/346/1900 1704/351/1900 1705/352/1900 
f 1705/352/1900 1700/347/1900 1699/346/1900 
f 1706/353/1901 1702/348/1901 1701/349/1901 
f 1701/349/1901 1707/354/1901 1706/353/1901 
f 1702/348/1902 1706/353/1902 1708/355/1902 
f 1708/355/1902 1703/350/1902 1702/348/1902 
f 1708/355/1903 1709/356/1903 1704/351/1903 
f 1704/351/1903 1703/350/1903 1708/355/1903 
f 1705/352/1904 1704/351/1904 1709/356/1904 
f 1709/356/1904 1710/357/1904 1705/352/1904 
f 1711/358/1905 1706/353/1905 1707/354/1905 
f 1707/354/1905 1712/359/1906 1711/358/1906 
f 1708/355/1907 1706/353/1907 1711/358/1907 
f 1711/358/1907 1713/360/1907 1708/355/1907 
f 1708/355/1908 1713/360/1908 1714/361/1908 
f 1714/361/1908 1709/356/1908 1708/355/1908 
f 1715/362/1909 1710/357/1909 1709/356/1909 
f 1709/356/1910 1714/361/1910 1715/362/1910 
f 1712/359/1911 1716/364/1911 1717/363/1911 
f 1717/363/1912 1711/358/1912 1712/359/1912 
f 1717/363/1913 1718/365/1913 1713/360/1913 
f 1713/360/1913 1711/358/1913 1717/363/1913 
f 1714/361/1914 1713/360/1914 1718/365/1914 
f 1718/365/1914 1719/366/1914 1714/361/1914 
f 1714/361/1915 1719/366/1915 1720/367/1915 
f 1720/367/1915 1715/362/1915 1714/361/1915 
f 1717/363/1916 1716/364/1916 1721/369/1916 
f 1721/369/1916 1722/368/1916 1717/363/1916 
f 1717/363/1917 1722/368/1917 1723/370/1917 
f 1723/370/1918 1718/365/1918 1717/363/1918 
f 1724/371/1919 1719/366/1919 1718/365/1919 
f 1718/365/1919 1723/370/1919 1724/371/1919 
f 1725/372/1920 1720/367/1920 1719/366/1920 
f 1719/366/1920 1724/371/1920 1725/372/1920 
f 1726/374/1921 1727/373/1921 1722/368/1921 
f 1722/368/1921 1721/369/1921 1726/374/1921 
f 1723/370/1922 1722/368/1922 1727/373/1922 
f 1727/373/1923 1728/375/1923 1723/370/1923 
f 1729/376/1924 1724/371/1924 1723/370/1924 
f 1723/370/1924 1728/375/1924 1729/376/1924 
f 1730/377/1925 1725/372/1925 1724/371/1925 
f 1724/371/1926 1729/376/1926 1730/377/1926 
f 1726/374/1927 1731/379/1927 1732/378/1927 
f 1732/378/1928 1727/373/1928 1726/374/1928 
f 1733/380/1929 1728/375/1929 1727/373/1929 
f 1727/373/1929 1732/378/1929 1733/380/1929 
f 1734/381/1930 1729/376/1930 1728/375/1930 
f 1728/375/1930 1733/380/1930 1734/381/1930 
f 1729/376/1931 1734/381/1931 1735/382/1931 
f 1735/382/1931 1730/377/1931 1729/376/1931 
f 1732/378/1932 1731/379/1932 1736/384/1932 
f 1736/384/1932 1737/383/1932 1732/378/1932 
f 1732/378/1933 1737/383/1933 1738/385/1933 
f 1738/385/1933 1733/380/1933 1732/378/1933 
f 1739/386/1934 1734/381/1934 1733/380/1934 
f 1733/380/1934 1738/385/1934 1739/386/1934 
f 1735/382/1935 1734/381/1935 1739/386/1935 
f 1739/386/1935 1740/387/1935 1735/382/1935 
f 1741/388/1936 1737/383/1936 1736/384/1936 
f 1736/384/1936 1742/389/1936 1741/388/1936 
f 1743/390/1937 1738/385/1937 1737/383/1937 
f 1737/383/1937 1741/388/1937 1743/390/1937 
f 1738/385/1938 1743/390/1938 1744/391/1938 
f 1744/391/1938 1739/386/1938 1738/385/1938 
f 1744/391/1939 1745/392/1939 1740/387/1939 
f 1740/387/1939 1739/386/1939 1744/391/1939 
f 1746/393/1940 1741/388/1940 1742/389/1940 
f 1742/389/1940 1747/394/1940 1746/393/1940 
f 1748/395/1941 1743/390/1941 1741/388/1941 
f 1741/388/1941 1746/393/1941 1748/395/1941 
f 1744/391/1942 1743/390/1942 1748/395/1942 
f 1748/395/1942 1749/396/1942 1744/391/1942 
f 1744/391/1943 1749/396/1943 1750/397/1943 
f 1750/397/1943 1745/392/1943 1744/391/1943 
f 1751/398/1944 1746/393/1944 1747/394/1944 
f 1747/394/1944 1752/399/1944 1751/398/1944 
f 1746/393/1945 1751/398/1945 1753/400/1945 
f 1753/400/1945 1748/395/1945 1746/393/1945 
f 1753/400/1946 1754/401/1946 1749/396/1946 
f 1749/396/1946 1748/395/1946 1753/400/1946 
f 1750/397/1947 1749/396/1947 1754/401/1947 
f 1754/401/1947 1755/402/1947 1750/397/1947 
f 1681/329/1948 1573/215/1948 1572/216/1948 
f 1572/216/1948 1756/403/1948 1681/329/1948 
f 1573/215/1949 1681/329/1949 1684/330/1949 
f 1684/330/1949 1582/224/1949 1573/215/1949 
f 1583/225/1950 1582/224/1950 1684/330/1950 
f 1684/330/1950 1686/332/1950 1583/225/1950 
f 1584/226/1951 1583/225/1951 1686/332/1951 
f 1686/332/1951 1688/334/1951 1584/226/1951 
f 1585/227/1952 1584/226/1952 1688/334/1952 
f 1688/334/1952 1690/336/1952 1585/227/1952 
f 1754/401/1953 1753/400/1953 1757/405/1953 
f 1757/405/1953 1758/404/1953 1754/401/1953 
f 1757/405/1954 1753/400/1954 1751/398/1954 
f 1751/398/1954 1759/406/1954 1757/405/1954 
f 1751/398/1955 1752/399/1955 1760/407/1955 
f 1760/407/1955 1759/406/1955 1751/398/1955 
f 1761/409/1956 1762/408/1956 1760/407/1956 
f 1760/407/1956 1752/399/1956 1761/409/1956 
f 1747/394/1957 1763/410/1957 1761/409/1957 
f 1761/409/1957 1752/399/1957 1747/394/1957 
f 1764/411/1958 1763/410/1958 1747/394/1958 
f 1747/394/1958 1742/389/1958 1764/411/1958 
f 1736/384/1959 1765/412/1959 1764/411/1959 
f 1764/411/1959 1742/389/1959 1736/384/1959 
f 1766/413/1960 1765/412/1960 1736/384/1960 
f 1736/384/1961 1731/379/1961 1766/413/1961 
f 1766/413/1962 1731/379/1962 1726/374/1962 
f 1726/374/1963 1767/414/1963 1766/413/1963 
f 1768/415/1964 1767/414/1964 1726/374/1964 
f 1726/374/1964 1721/369/1964 1768/415/1964 
f 1721/369/1965 1716/364/1965 1769/416/1965 
f 1769/416/1965 1768/415/1965 1721/369/1965 
f 1716/364/1966 1712/359/1966 1770/417/1966 
f 1770/417/1966 1769/416/1966 1716/364/1966 
f 1771/418/1967 1770/417/1967 1712/359/1967 
f 1712/359/1967 1707/354/1967 1771/418/1967 
f 1701/349/1968 1772/419/1968 1771/418/1968 
f 1771/418/1969 1707/354/1969 1701/349/1969 
f 1773/420/1970 1772/419/1970 1701/349/1970 
f 1701/349/1970 1697/344/1970 1773/420/1970 
f 1691/339/1971 1774/421/1971 1773/420/1971 
f 1773/420/1971 1697/344/1971 1691/339/1971 
f 1775/422/1972 1774/421/1972 1691/339/1972 
f 1691/339/1972 1682/328/1972 1775/422/1972 
f 1756/403/1973 1775/422/1973 1682/328/1973 
f 1682/328/1973 1681/329/1973 1756/403/1973 
f 1776/425/1974 1777/424/1974 1778/423/1974 
f 1778/423/1974 1779/426/1974 1776/425/1974 
f 1780/428/1975 1781/427/1975 1778/423/1975 
f 1778/423/1975 1777/424/1975 1780/428/1975 
f 1782/430/1976 1783/429/1976 1781/427/1976 
f 1781/427/1976 1780/428/1976 1782/430/1976 
f 1784/431/1977 1783/429/1977 1782/430/1977 
f 1782/430/1977 1785/432/1977 1784/431/1977 
f 1786/434/1978 1787/433/1978 1784/431/1978 
f 1784/431/1978 1785/432/1978 1786/434/1978 
f 1788/436/1979 1789/435/1979 1787/433/1979 
f 1787/433/1980 1786/434/1980 1788/436/1980 
f 1789/435/1981 1788/436/1981 1790/438/1981 
f 1790/438/1982 1791/437/1982 1789/435/1982 
f 1792/439/1983 1791/437/1983 1790/438/1983 
f 1790/438/1983 1793/440/1983 1792/439/1983 
f 1794/441/1984 1792/439/1984 1793/440/1984 
f 1793/440/1985 1795/442/1985 1794/441/1985 
f 1796/444/1986 1797/443/1986 1794/441/1986 
f 1794/441/1986 1795/442/1986 1796/444/1986 
f 1798/445/1987 1797/443/1987 1796/444/1987 
f 1796/444/1987 1799/446/1987 1798/445/1987 
f 1800/447/1988 1798/445/1988 1799/446/1988 
f 1799/446/1988 1801/448/1988 1800/447/1988 
f 1802/450/1989 1803/449/1989 1800/447/1989 
f 1800/447/1990 1801/448/1990 1802/450/1990 
f 1804/451/1991 1803/449/1991 1802/450/1991 
f 1802/450/1991 1805/452/1991 1804/451/1991 
f 1776/425/1992 1806/454/1992 1807/453/1992 
f 1807/453/1993 1777/424/1992 1776/425/1992 
f 1780/428/1994 1777/424/1994 1807/453/1994 
f 1807/453/1994 1808/455/1994 1780/428/1994 
f 1782/430/1995 1780/428/1995 1808/455/1995 
f 1808/455/1995 1809/456/1995 1782/430/1995 
f 1809/456/1996 1810/457/1996 1785/432/1996 
f 1785/432/1996 1782/430/1996 1809/456/1996 
f 1811/458/1997 1786/434/1997 1785/432/1997 
f 1785/432/1998 1810/457/1998 1811/458/1998 
f 1812/459/1999 1788/436/1999 1786/434/1999 
f 1786/434/2000 1811/458/2000 1812/459/2000 
f 1790/438/2001 1788/436/2001 1812/459/2001 
f 1812/459/2002 1813/460/2002 1790/438/2002 
f 1814/461/2003 1793/440/2003 1790/438/2003 
f 1790/438/2003 1813/460/2003 1814/461/2003 
f 1815/462/2004 1795/442/2004 1793/440/2004 
f 1793/440/2004 1814/461/2004 1815/462/2004 
f 1795/442/2005 1815/462/2005 1816/463/2005 
f 1816/463/2005 1796/444/2005 1795/442/2005 
f 1799/446/2006 1796/444/2006 1816/463/2006 
f 1816/463/2006 1817/464/2006 1799/446/2006 
f 1801/448/2007 1799/446/2007 1817/464/2007 
f 1817/464/2007 1818/465/2007 1801/448/2007 
f 1819/466/2008 1802/450/2008 1801/448/2008 
f 1801/448/2008 1818/465/2008 1819/466/2008 
f 1805/452/2009 1802/450/2009 1819/466/2009 
f 1819/466/2010 1820/467/2010 1805/452/2010 
f 1821/468/2011 1807/453/2011 1806/454/2011 
f 1806/454/2011 1822/469/2011 1821/468/2011 
f 1808/455/2012 1807/453/2012 1821/468/2012 
f 1821/468/2012 1823/470/2012 1808/455/2012 
f 1809/456/2013 1808/455/2013 1823/470/2013 
f 1823/470/2013 1824/471/2013 1809/456/2013 
f 1809/456/2014 1824/471/2014 1825/472/2014 
f 1825/472/2014 1810/457/2014 1809/456/2014 
f 1811/458/2015 1810/457/2015 1825/472/2015 
f 1825/472/2016 1826/473/2016 1811/458/2016 
f 1812/459/2017 1811/458/2017 1826/473/2017 
f 1826/473/2018 1827/474/2018 1812/459/2018 
f 1827/474/2019 1828/475/2019 1813/460/2019 
f 1813/460/2020 1812/459/2020 1827/474/2020 
f 1829/476/2021 1814/461/2021 1813/460/2021 
f 1813/460/2022 1828/475/2022 1829/476/2022 
f 1830/477/2023 1815/462/2023 1814/461/2023 
f 1814/461/2023 1829/476/2023 1830/477/2023 
f 1816/463/2024 1815/462/2024 1830/477/2024 
f 1830/477/2024 1831/478/2024 1816/463/2024 
f 1832/479/2025 1817/464/2025 1816/463/2025 
f 1816/463/2025 1831/478/2025 1832/479/2025 
f 1833/480/2026 1818/465/2026 1817/464/2026 
f 1817/464/2026 1832/479/2026 1833/480/2026 
f 1818/465/2027 1833/480/2027 1834/481/2027 
f 1834/481/2027 1819/466/2027 1818/465/2027 
f 1820/467/2028 1819/466/2028 1834/481/2028 
f 1834/481/2028 1835/482/2028 1820/467/2028 
f 1836/483/2029 1821/468/2029 1822/469/2029 
f 1822/469/2029 1837/484/2029 1836/483/2029 
f 1823/470/2030 1821/468/2030 1836/483/2030 
f 1836/483/2030 1838/485/2030 1823/470/2030 
f 1824/471/2031 1823/470/2031 1838/485/2031 
f 1838/485/2031 1839/486/2031 1824/471/2031 
f 1840/487/2032 1825/472/2032 1824/471/2032 
f 1824/471/2032 1839/486/2032 1840/487/2032 
f 1826/473/2033 1825/472/2033 1840/487/2033 
f 1840/487/2033 1841/488/2033 1826/473/2033 
f 1827/474/2034 1826/473/2034 1841/488/2034 
f 1841/488/2034 1842/489/2034 1827/474/2034 
f 1827/474/2035 1842/489/2035 1843/490/2035 
f 1843/490/2035 1828/475/2035 1827/474/2035 
f 1829/476/2036 1828/475/2036 1843/490/2036 
f 1843/490/2037 1844/491/2037 1829/476/2037 
f 1830/477/2038 1829/476/2038 1844/491/2038 
f 1844/491/2038 1845/492/2038 1830/477/2038 
f 1845/492/2039 1846/493/2039 1831/478/2039 
f 1831/478/2040 1830/477/2040 1845/492/2040 
f 1847/494/2041 1832/479/2041 1831/478/2041 
f 1831/478/2041 1846/493/2041 1847/494/2041 
f 1848/495/2042 1833/480/2042 1832/479/2042 
f 1832/479/2043 1847/494/2043 1848/495/2043 
f 1834/481/2044 1833/480/2044 1848/495/2044 
f 1848/495/2044 1849/496/2044 1834/481/2044 
f 1850/497/2045 1835/482/2045 1834/481/2045 
f 1834/481/2045 1849/496/2045 1850/497/2045 
f 1837/484/2046 1851/499/2046 1852/498/2046 
f 1852/498/2046 1836/483/2046 1837/484/2046 
f 1838/485/2047 1836/483/2047 1852/498/2047 
f 1852/498/2047 1853/500/2047 1838/485/2047 
f 1839/486/2048 1838/485/2048 1853/500/2048 
f 1853/500/2048 1854/501/2048 1839/486/2048 
f 1855/502/2049 1840/487/2049 1839/486/2049 
f 1839/486/2049 1854/501/2049 1855/502/2049 
f 1841/488/2050 1840/487/2050 1855/502/2050 
f 1855/502/2050 1856/503/2050 1841/488/2050 
f 1842/489/2051 1841/488/2051 1856/503/2051 
f 1856/503/2051 1857/504/2051 1842/489/2051 
f 1858/505/2052 1843/490/2052 1842/489/2052 
f 1842/489/2052 1857/504/2052 1858/505/2052 
f 1844/491/2053 1843/490/2053 1858/505/2053 
f 1858/505/2054 1859/506/2054 1844/491/2054 
f 1845/492/2055 1844/491/2055 1859/506/2055 
f 1859/506/2056 1860/507/2056 1845/492/2056 
f 1845/492/2057 1860/507/2057 1861/508/2057 
f 1861/508/2057 1846/493/2057 1845/492/2057 
f 1847/494/2058 1846/493/2058 1861/508/2058 
f 1861/508/2058 1862/509/2058 1847/494/2058 
f 1848/495/2059 1847/494/2059 1862/509/2059 
f 1862/509/2059 1863/510/2059 1848/495/2059 
f 1863/510/2060 1864/511/2060 1849/496/2060 
f 1849/496/2060 1848/495/2060 1863/510/2060 
f 1865/512/2061 1850/497/2061 1849/496/2061 
f 1849/496/2061 1864/511/2061 1865/512/2061 
f 1852/498/2062 1851/499/2062 1866/514/2062 
f 1866/514/2062 1867/513/2062 1852/498/2062 
f 1868/515/2063 1853/500/2063 1852/498/2063 
f 1852/498/2063 1867/513/2063 1868/515/2063 
f 1869/516/2064 1854/501/2064 1853/500/2064 
f 1853/500/2064 1868/515/2064 1869/516/2064 
f 1854/501/2065 1869/516/2065 1870/517/2065 
f 1870/517/2065 1855/502/2065 1854/501/2065 
f 1856/503/2066 1855/502/2066 1870/517/2066 
f 1870/517/2067 1871/518/2067 1856/503/2067 
f 1857/504/2068 1856/503/2068 1871/518/2068 
f 1871/518/2068 1872/519/2068 1857/504/2068 
f 1858/505/2069 1857/504/2069 1872/519/2069 
f 1872/519/2070 1873/520/2070 1858/505/2070 
f 1859/506/2071 1858/505/2071 1873/520/2071 
f 1873/520/2071 1874/521/2071 1859/506/2071 
f 1860/507/2072 1859/506/2072 1874/521/2072 
f 1874/521/2072 1875/522/2072 1860/507/2072 
f 1861/508/2073 1860/507/2073 1875/522/2073 
f 1875/522/2073 1876/523/2073 1861/508/2073 
f 1862/509/2074 1861/508/2074 1876/523/2074 
f 1876/523/2075 1877/524/2075 1862/509/2075 
f 1863/510/2076 1862/509/2076 1877/524/2076 
f 1877/524/2076 1878/525/2076 1863/510/2076 
f 1863/510/2077 1878/525/2077 1879/526/2077 
f 1879/526/2077 1864/511/2077 1863/510/2077 
f 1880/527/2078 1865/512/2078 1864/511/2078 
f 1864/511/2078 1879/526/2078 1880/527/2078 
f 1881/528/2079 1867/513/2079 1866/514/2079 
f 1866/514/2079 1882/529/2079 1881/528/2079 
f 1868/515/2080 1867/513/2080 1881/528/2080 
f 1881/528/2081 1883/530/2081 1868/515/2081 
f 1869/516/2082 1868/515/2082 1883/530/2082 
f 1883/530/2083 1884/531/2083 1869/516/2083 
f 1870/517/2084 1869/516/2084 1884/531/2084 
f 1884/531/2084 1885/532/2084 1870/517/2084 
f 1871/518/2085 1870/517/2085 1885/532/2085 
f 1885/532/2085 1886/533/2085 1871/518/2085 
f 1872/519/2086 1871/518/2086 1886/533/2086 
f 1886/533/2086 1887/534/2086 1872/519/2086 
f 1888/535/2087 1873/520/2087 1872/519/2087 
f 1872/519/2088 1887/534/2088 1888/535/2088 
f 1874/521/2089 1873/520/2089 1888/535/2089 
f 1888/535/2090 1889/536/2090 1874/521/2090 
f 1875/522/2091 1874/521/2091 1889/536/2091 
f 1889/536/2091 1890/537/2091 1875/522/2091 
f 1891/538/2092 1876/523/2092 1875/522/2092 
f 1875/522/2093 1890/537/2093 1891/538/2093 
f 1892/539/2094 1877/524/2094 1876/523/2094 
f 1876/523/2094 1891/538/2094 1892/539/2094 
f 1893/540/2095 1878/525/2095 1877/524/2095 
f 1877/524/2096 1892/539/2096 1893/540/2096 
f 1894/541/2097 1879/526/2097 1878/525/2097 
f 1878/525/2097 1893/540/2097 1894/541/2097 
f 1879/526/2098 1894/541/2098 1895/542/2098 
f 1895/542/2098 1880/527/2098 1879/526/2098 
f 1882/529/2099 1896/544/2099 1897/543/2099 
f 1897/543/2099 1881/528/2099 1882/529/2099 
f 1883/530/2100 1881/528/2100 1897/543/2100 
f 1897/543/2100 1898/545/2100 1883/530/2100 
f 1884/531/2101 1883/530/2101 1898/545/2101 
f 1898/545/2101 1899/546/2101 1884/531/2101 
f 1885/532/2102 1884/531/2102 1899/546/2102 
f 1899/546/2103 1900/547/2103 1885/532/2103 
f 1886/533/2104 1885/532/2104 1900/547/2104 
f 1900/547/2104 1901/548/2104 1886/533/2104 
f 1887/534/2105 1886/533/2105 1901/548/2105 
f 1901/548/2106 1902/549/2106 1887/534/2106 
f 1888/535/2107 1887/534/2107 1902/549/2107 
f 1902/549/2107 1903/550/2107 1888/535/2107 
f 1889/536/2108 1888/535/2108 1903/550/2108 
f 1903/550/2108 1904/551/2108 1889/536/2108 
f 1890/537/2109 1889/536/2109 1904/551/2109 
f 1904/551/2109 1905/552/2109 1890/537/2109 
f 1890/537/2110 1905/552/2110 1906/553/2110 
f 1906/553/2111 1891/538/2111 1890/537/2111 
f 1907/554/2112 1892/539/2112 1891/538/2112 
f 1891/538/2113 1906/553/2113 1907/554/2113 
f 1908/555/2114 1893/540/2114 1892/539/2114 
f 1892/539/2115 1907/554/2115 1908/555/2115 
f 1909/556/2116 1894/541/2116 1893/540/2116 
f 1893/540/2116 1908/555/2116 1909/556/2116 
f 1895/542/2117 1894/541/2117 1909/556/2117 
f 1909/556/2117 1910/557/2117 1895/542/2117 
f 1897/543/2118 1896/544/2118 1911/559/2118 
f 1911/559/2118 1912/558/2118 1897/543/2118 
f 1898/545/2119 1897/543/2119 1912/558/2119 
f 1912/558/2119 1913/560/2119 1898/545/2119 
f 1899/546/2120 1898/545/2120 1913/560/2120 
f 1913/560/2120 1914/561/2120 1899/546/2120 
f 1915/562/2121 1900/547/2121 1899/546/2121 
f 1899/546/2121 1914/561/2121 1915/562/2121 
f 1901/548/2122 1900/547/2122 1915/562/2122 
f 1915/562/2122 1916/563/2122 1901/548/2122 
f 1902/549/2123 1901/548/2123 1916/563/2123 
f 1916/563/2123 1917/564/2123 1902/549/2123 
f 1918/565/2124 1903/550/2124 1902/549/2124 
f 1902/549/2124 1917/564/2124 1918/565/2124 
f 1919/566/2125 1904/551/2125 1903/550/2125 
f 1903/550/2125 1918/565/2125 1919/566/2125 
f 1920/567/2126 1905/552/2126 1904/551/2126 
f 1904/551/2126 1919/566/2126 1920/567/2126 
f 1921/568/2127 1906/553/2127 1905/552/2127 
f 1905/552/2128 1920/567/2128 1921/568/2128 
f 1906/553/2129 1921/568/2129 1922/569/2129 
f 1922/569/2129 1907/554/2129 1906/553/2129 
f 1907/554/2130 1922/569/2130 1923/570/2130 
f 1923/570/2130 1908/555/2130 1907/554/2130 
f 1908/555/2131 1923/570/2131 1924/571/2131 
f 1924/571/2131 1909/556/2131 1908/555/2131 
f 1910/557/2132 1909/556/2133 1924/571/2133 
f 1924/571/2133 1925/572/2133 1910/557/2133 
f 1912/558/2134 1911/559/2134 1926/573/2134 
f 1926/573/2134 1927/574/2134 1912/558/2134 
f 1913/560/2135 1912/558/2135 1927/574/2135 
f 1927/574/2135 1928/575/2135 1913/560/2135 
f 1914/561/2136 1913/560/2136 1928/575/2136 
f 1928/575/2136 1929/576/2136 1914/561/2136 
f 1915/562/2137 1914/561/2137 1929/576/2137 
f 1929/576/2137 1930/577/2137 1915/562/2137 
f 1916/563/2138 1915/562/2138 1930/577/2138 
f 1930/577/2138 1931/578/2138 1916/563/2138 
f 1917/564/2139 1916/563/2139 1931/578/2139 
f 1931/578/2139 1932/579/2139 1917/564/2139 
f 1917/564/2140 1932/579/2140 1933/580/2140 
f 1933/580/2141 1918/565/2141 1917/564/2141 
f 1934/581/2142 1919/566/2142 1918/565/2142 
f 1918/565/2143 1933/580/2143 1934/581/2143 
f 1935/582/2144 1920/567/2144 1919/566/2144 
f 1919/566/2144 1934/581/2144 1935/582/2144 
f 1936/583/2145 1921/568/2145 1920/567/2145 
f 1920/567/2146 1935/582/2146 1936/583/2146 
f 1922/569/2147 1921/568/2147 1936/583/2147 
f 1936/583/2147 1937/584/2147 1922/569/2147 
f 1923/570/2148 1922/569/2148 1937/584/2148 
f 1937/584/2148 1938/585/2148 1923/570/2148 
f 1924/571/2149 1923/570/2149 1938/585/2149 
f 1938/585/2149 1939/586/2149 1924/571/2149 
f 1925/572/2150 1924/571/2150 1939/586/2150 
f 1939/586/2150 1940/587/2150 1925/572/2150 
f 1941/589/2151 1927/574/2151 1926/573/2151 
f 1926/573/2151 1942/588/2151 1941/589/2151 
f 1928/575/2152 1927/574/2152 1941/589/2152 
f 1941/589/2152 1943/590/2152 1928/575/2152 
f 1929/576/2153 1928/575/2153 1943/590/2153 
f 1943/590/2153 1944/591/2153 1929/576/2153 
f 1945/592/2154 1930/577/2154 1929/576/2154 
f 1929/576/2154 1944/591/2154 1945/592/2154 
f 1946/593/2155 1931/578/2155 1930/577/2155 
f 1930/577/2155 1945/592/2155 1946/593/2155 
f 1947/594/2156 1932/579/2156 1931/578/2156 
f 1931/578/2156 1946/593/2156 1947/594/2156 
f 1948/595/2157 1933/580/2157 1932/579/2157 
f 1932/579/2158 1947/594/2158 1948/595/2158 
f 1933/580/2159 1948/595/2159 1949/596/2159 
f 1949/596/2160 1934/581/2160 1933/580/2160 
f 1934/581/2161 1949/596/2161 1950/597/2161 
f 1950/597/2162 1935/582/2162 1934/581/2162 
f 1935/582/2163 1950/597/2163 1951/598/2163 
f 1951/598/2163 1936/583/2163 1935/582/2163 
f 1937/584/2164 1936/583/2164 1951/598/2164 
f 1951/598/2164 1952/599/2164 1937/584/2164 
f 1938/585/2165 1937/584/2165 1952/599/2165 
f 1952/599/2165 1953/600/2165 1938/585/2165 
f 1939/586/2166 1938/585/2166 1953/600/2166 
f 1953/600/2166 1954/601/2166 1939/586/2166 
f 1940/587/2167 1939/586/2167 1954/601/2167 
f 1954/601/2167 1955/602/2167 1940/587/2167 
f 1941/589/2168 1942/588/2168 1956/603/2168 
f 1956/603/2168 1957/604/2168 1941/589/2168 
f 1943/590/2169 1941/589/2169 1957/604/2169 
f 1957/604/2169 1958/605/2169 1943/590/2169 
f 1944/591/2170 1943/590/2170 1958/605/2170 
f 1958/605/2170 1959/606/2170 1944/591/2170 
f 1944/591/2171 1959/606/2171 1960/607/2171 
f 1960/607/2171 1945/592/2171 1944/591/2171 
f 1961/608/2172 1946/593/2172 1945/592/2172 
f 1945/592/2172 1960/607/2172 1961/608/2172 
f 1962/609/2173 1947/594/2173 1946/593/2173 
f 1946/593/2173 1961/608/2173 1962/609/2173 
f 1963/610/2174 1948/595/2174 1947/594/2174 
f 1947/594/2174 1962/609/2174 1963/610/2174 
f 1949/596/2175 1948/595/2175 1963/610/2175 
f 1963/610/2176 1964/611/2176 1949/596/2176 
f 1950/597/2177 1949/596/2177 1964/611/2177 
f 1964/611/2177 1965/612/2177 1950/597/2177 
f 1951/598/2178 1950/597/2178 1965/612/2178 
f 1965/612/2178 1966/613/2178 1951/598/2178 
f 1952/599/2179 1951/598/2179 1966/613/2179 
f 1966/613/2179 1967/614/2179 1952/599/2179 
f 1953/600/2180 1952/599/2180 1967/614/2180 
f 1967/614/2180 1968/615/2180 1953/600/2180 
f 1969/616/2181 1954/601/2181 1953/600/2181 
f 1953/600/2181 1968/615/2181 1969/616/2181 
f 1955/602/2182 1954/601/2182 1969/616/2182 
f 1969/616/2182 1970/617/2182 1955/602/2182 
f 1971/619/2183 1957/604/2183 1956/603/2183 
f 1956/603/2183 1972/618/2183 1971/619/2183 
f 1973/620/2184 1958/605/2184 1957/604/2184 
f 1957/604/2184 1971/619/2184 1973/620/2184 
f 1974/621/2185 1959/606/2185 1958/605/2185 
f 1958/605/2185 1973/620/2185 1974/621/2185 
f 1975/622/2186 1960/607/2186 1959/606/2186 
f 1959/606/2186 1974/621/2186 1975/622/2186 
f 1960/607/2187 1975/622/2187 1976/623/2187 
f 1976/623/2187 1961/608/2187 1960/607/2187 
f 1961/608/2188 1976/623/2188 1977/624/2188 
f 1977/624/2189 1962/609/2189 1961/608/2189 
f 1962/609/2190 1977/624/2190 1978/625/2190 
f 1978/625/2191 1963/610/2191 1962/609/2191 
f 1964/611/2192 1963/610/2192 1978/625/2192 
f 1978/625/2193 1979/626/2193 1964/611/2193 
f 1965/612/2194 1964/611/2194 1979/626/2194 
f 1979/626/2194 1980/627/2194 1965/612/2194 
f 1966/613/2195 1965/612/2195 1980/627/2195 
f 1980/627/2195 1981/628/2195 1966/613/2195 
f 1967/614/2196 1966/613/2196 1981/628/2196 
f 1981/628/2196 1982/629/2196 1967/614/2196 
f 1968/615/2197 1967/614/2197 1982/629/2197 
f 1982/629/2197 1983/630/2197 1968/615/2197 
f 1969/616/2198 1968/615/2198 1983/630/2198 
f 1983/630/2198 1984/631/2198 1969/616/2198 
f 1970/617/2199 1969/616/2199 1984/631/2199 
f 1984/631/2199 1985/632/2199 1970/617/2199 
f 1972/618/2200 1986/633/2200 1987/634/2200 
f 1987/634/2200 1971/619/2200 1972/618/2200 
f 1988/635/2201 1973/620/2201 1971/619/2201 
f 1971/619/2201 1987/634/2201 1988/635/2201 
f 1989/636/2202 1974/621/2202 1973/620/2202 
f 1973/620/2202 1988/635/2202 1989/636/2202 
f 1989/636/2203 1990/637/2203 1975/622/2203 
f 1975/622/2203 1974/621/2203 1989/636/2203 
f 1991/638/2204 1976/623/2204 1975/622/2204 
f 1975/622/2204 1990/637/2204 1991/638/2204 
f 1992/639/2205 1977/624/2205 1976/623/2205 
f 1976/623/2206 1991/638/2206 1992/639/2206 
f 1978/625/2207 1977/624/2207 1992/639/2207 
f 1992/639/2208 1993/640/2208 1978/625/2208 
f 1994/641/2209 1979/626/2209 1978/625/2209 
f 1978/625/2209 1993/640/2209 1994/641/2209 
f 1995/642/2210 1980/627/2210 1979/626/2210 
f 1979/626/2210 1994/641/2210 1995/642/2210 
f 1996/643/2211 1981/628/2211 1980/627/2211 
f 1980/627/2211 1995/642/2211 1996/643/2211 
f 1997/644/2212 1982/629/2212 1981/628/2212 
f 1981/628/2212 1996/643/2212 1997/644/2212 
f 1998/645/2213 1983/630/2213 1982/629/2213 
f 1982/629/2213 1997/644/2213 1998/645/2213 
f 1999/646/2214 1984/631/2214 1983/630/2214 
f 1983/630/2214 1998/645/2214 1999/646/2214 
f 2000/647/2215 1985/632/2215 1984/631/2215 
f 1984/631/2215 1999/646/2215 2000/647/2215 
f 2001/649/2216 1544/648/2216 1543/650/2216 
f 1543/650/2216 1779/426/2216 2001/649/2216 
f 1778/423/2217 2002/651/2217 2001/649/2217 
f 2001/649/2217 1779/426/2217 1778/423/2217 
f 1781/427/2218 2003/652/2218 2002/651/2218 
f 2002/651/2218 1778/423/2218 1781/427/2218 
f 2003/652/2219 1781/427/2219 1783/429/2219 
f 1783/429/2220 2004/653/2220 2003/652/2220 
f 1784/431/2221 2005/654/2221 2004/653/2221 
f 2004/653/2222 1783/429/2222 1784/431/2222 
f 1787/433/2223 2006/655/2223 2005/654/2223 
f 2005/654/2224 1784/431/2224 1787/433/2224 
f 2006/655/2225 1787/433/2225 1789/435/2225 
f 1789/435/2225 2007/656/2225 2006/655/2225 
f 2008/657/2226 2007/656/2226 1789/435/2226 
f 1789/435/2226 1791/437/2226 2008/657/2226 
f 2009/658/2227 2008/657/2227 1791/437/2227 
f 1791/437/2228 1792/439/2228 2009/658/2228 
f 2009/658/2229 1792/439/2229 1794/441/2229 
f 1794/441/2229 2010/659/2229 2009/658/2229 
f 1797/443/2230 2011/660/2230 2010/659/2230 
f 2010/659/2230 1794/441/2230 1797/443/2230 
f 2012/661/2231 2011/660/2231 1797/443/2231 
f 1797/443/2231 1798/445/2231 2012/661/2231 
f 1800/447/2232 2013/662/2232 2012/661/2232 
f 2012/661/2232 1798/445/2232 1800/447/2232 
f 1803/449/2233 2014/663/2233 2013/662/2233 
f 2013/662/2233 1800/447/2233 1803/449/2233 
f 2015/664/2234 2014/663/2234 1803/449/2234 
f 1803/449/2234 1804/451/2234 2015/664/2234 
f 2016/665/2235 2017/666/2235 2015/664/2235 
f 2015/664/2235 1804/451/2235 2016/665/2235 
f 2016/665/2236 1804/451/2236 1805/452/2236 
f 1805/452/2236 2018/667/2236 2016/665/2236 
f 2018/667/2237 1805/452/2237 1820/467/2237 
f 1820/467/2237 2019/668/2237 2018/667/2237 
f 2019/668/2238 1820/467/2238 1835/482/2238 
f 1835/482/2238 2020/669/2238 2019/668/2238 
f 2021/670/2239 2020/669/2239 1835/482/2239 
f 1835/482/2239 1850/497/2239 2021/670/2239 
f 2022/671/2240 2021/670/2240 1850/497/2240 
f 1850/497/2240 1865/512/2240 2022/671/2240 
f 1880/527/2241 2023/672/2241 2022/671/2241 
f 2022/671/2241 1865/512/2241 1880/527/2241 
f 1895/542/2242 2024/673/2242 2023/672/2242 
f 2023/672/2242 1880/527/2242 1895/542/2242 
f 1910/557/2243 2025/674/2243 2024/673/2243 
f 2024/673/2243 1895/542/2243 1910/557/2243 
f 1910/557/2244 1925/572/2244 2026/675/2244 
f 2026/675/2244 2025/674/2244 1910/557/2244 
f 1940/587/2245 2027/676/2245 2026/675/2245 
f 2026/675/2245 1925/572/2245 1940/587/2245 
f 1955/602/2246 2028/677/2246 2027/676/2246 
f 2027/676/2246 1940/587/2246 1955/602/2246 
f 1955/602/2247 1970/617/2247 2029/678/2247 
f 2029/678/2247 2028/677/2247 1955/602/2247 
f 1985/632/2248 2030/679/2248 2029/678/2248 
f 2029/678/2248 1970/617/2248 1985/632/2248 
f 2000/647/2249 2031/680/2249 2030/679/2249 
f 2030/679/2249 1985/632/2249 2000/647/2249 
f 1662/682/2250 1661/681/2250 2031/680/2250 
f 2031/680/2250 2000/647/2250 1662/682/2250 
f 1999/646/2251 1680/683/2252 1662/682/2252 
f 1662/682/2252 2000/647/2252 1999/646/2252 
f 1998/645/2253 1679/684/2253 1680/683/2253 
f 1680/683/2253 1999/646/2253 1998/645/2253 
f 1998/645/2254 1997/644/2254 1678/685/2254 
f 1678/685/2254 1679/684/2254 1998/645/2254 
f 1996/643/2255 1677/686/2255 1678/685/2255 
f 1678/685/2255 1997/644/2255 1996/643/2255 
f 1995/642/2256 1676/687/2256 1677/686/2256 
f 1677/686/2257 1996/643/2257 1995/642/2257 
f 1995/642/2258 1994/641/2258 1675/688/2258 
f 1675/688/2258 1676/687/2258 1995/642/2258 
f 1993/640/2259 1674/689/2259 1675/688/2259 
f 1675/688/2260 1994/641/2260 1993/640/2260 
f 1992/639/2261 1673/690/2261 1674/689/2261 
f 1674/689/2261 1993/640/2261 1992/639/2261 
f 1992/639/2262 1991/638/2262 1672/691/2262 
f 1672/691/2262 1673/690/2262 1992/639/2262 
f 1990/637/2263 1671/692/2263 1672/691/2263 
f 1672/691/2264 1991/638/2264 1990/637/2264 
f 1671/692/2265 1990/637/2265 1989/636/2265 
f 1989/636/2265 1670/693/2265 1671/692/2265 
f 1670/693/2266 1989/636/2266 1988/635/2266 
f 1988/635/2266 1669/694/2266 1670/693/2266 
f 1988/635/2267 1987/634/2267 1668/695/2267 
f 1668/695/2267 1669/694/2267 1988/635/2267 
f 1986/633/2268 1667/696/2268 1668/695/2268 
f 1668/695/2268 1987/634/2268 1986/633/2268 
f 1561/698/2269 1560/697/2269 1667/696/2269 
f 1667/696/2269 1986/633/2269 1561/698/2269 
f 1566/699/2270 1561/698/2270 1986/633/2270 
f 1986/633/2271 1972/618/2271 1566/699/2271 
f 1972/618/2272 1956/603/2272 1567/700/2272 
f 1567/700/2272 1566/699/2272 1972/618/2272 
f 1942/588/2273 1568/701/2273 1567/700/2273 
f 1567/700/2273 1956/603/2273 1942/588/2273 
f 1942/588/2274 1926/573/2274 1569/702/2274 
f 1569/702/2274 1568/701/2274 1942/588/2274 
f 1570/703/2275 1569/702/2275 1926/573/2275 
f 1926/573/2275 1911/559/2275 1570/703/2275 
f 1571/704/2276 1570/703/2276 1911/559/2276 
f 1911/559/2277 1896/544/2277 1571/704/2277 
f 1896/544/2278 1882/529/2278 1552/705/2278 
f 1552/705/2278 1571/704/2278 1896/544/2278 
f 1551/706/2279 1552/705/2279 1882/529/2279 
f 1882/529/2279 1866/514/2279 1551/706/2279 
f 1851/499/2280 1550/707/2280 1551/706/2280 
f 1551/706/2280 1866/514/2280 1851/499/2280 
f 1549/708/2281 1550/707/2281 1851/499/2281 
f 1851/499/2282 1837/484/2281 1549/708/2281 
f 1822/469/2283 1548/709/2283 1549/708/2283 
f 1549/708/2283 1837/484/2283 1822/469/2283 
f 1547/710/2284 1548/709/2284 1822/469/2284 
f 1822/469/2284 1806/454/2284 1547/710/2284 
f 1546/711/2285 1547/710/2285 1806/454/2285 
f 1806/454/2285 1776/425/2285 1546/711/2285 
f 1543/650/2286 1546/711/2286 1776/425/2286 
f 1776/425/2286 1779/426/2286 1543/650/2286 
f 2032/715/2287 2033/714/2287 2034/713/2287 
f 2034/713/2287 2035/712/2287 2032/715/2287 
f 2033/714/2288 2032/715/2288 2036/717/2288 
f 2036/717/2288 2037/716/2288 2033/714/2288 
f 2038/719/2289 2039/718/2289 2037/716/2289 
f 2037/716/2289 2036/717/2289 2038/719/2289 
f 2040/721/2290 2041/720/2290 2039/718/2290 
f 2039/718/2290 2038/719/2290 2040/721/2290 
f 2041/720/2291 2040/721/2291 2042/723/2291 
f 2042/723/2291 2043/722/2291 2041/720/2291 
f 2043/722/2292 2042/723/2292 2044/724/2292 
f 2044/724/2292 2045/725/2292 2043/722/2292 
f 2046/727/2293 2047/726/2293 2045/725/2293 
f 2045/725/2294 2044/724/2294 2046/727/2294 
f 2048/728/2295 2032/715/2295 2035/712/2295 
f 2035/712/2295 2049/729/2295 2048/728/2295 
f 2032/715/2296 2048/728/2296 2050/730/2296 
f 2050/730/2296 2036/717/2296 2032/715/2296 
f 2051/731/2297 2038/719/2297 2036/717/2297 
f 2036/717/2297 2050/730/2297 2051/731/2297 
f 2038/719/2298 2051/731/2298 2052/732/2298 
f 2052/732/2298 2040/721/2298 2038/719/2298 
f 2053/733/2299 2042/723/2299 2040/721/2299 
f 2040/721/2299 2052/732/2299 2053/733/2299 
f 2044/724/2300 2042/723/2300 2053/733/2300 
f 2053/733/2300 2054/734/2300 2044/724/2300 
f 2055/735/2301 2046/727/2301 2044/724/2301 
f 2044/724/2301 2054/734/2301 2055/735/2301 
f 2049/729/2302 2056/736/2302 2057/737/2302 
f 2057/737/2302 2048/728/2302 2049/729/2302 
f 2048/728/2303 2057/737/2303 2058/738/2303 
f 2058/738/2303 2050/730/2303 2048/728/2303 
f 2050/730/2304 2058/738/2304 2059/739/2304 
f 2059/739/2304 2051/731/2304 2050/730/2304 
f 2051/731/2305 2059/739/2305 2060/740/2305 
f 2060/740/2305 2052/732/2305 2051/731/2305 
f 2052/732/2306 2060/740/2306 2061/741/2306 
f 2061/741/2306 2053/733/2306 2052/732/2306 
f 2054/734/2307 2053/733/2307 2061/741/2307 
f 2061/741/2307 2062/742/2307 2054/734/2307 
f 2054/734/2308 2062/742/2308 2063/743/2308 
f 2063/743/2308 2055/735/2308 2054/734/2308 
f 2064/744/2309 2057/737/2309 2056/736/2309 
f 2056/736/2309 2065/745/2309 2064/744/2309 
f 2057/737/2310 2064/744/2310 2066/746/2310 
f 2066/746/2310 2058/738/2310 2057/737/2310 
f 2058/738/2311 2066/746/2311 2067/747/2311 
f 2067/747/2311 2059/739/2311 2058/738/2311 
f 2068/748/2312 2060/740/2312 2059/739/2312 
f 2059/739/2312 2067/747/2312 2068/748/2312 
f 2060/740/2313 2068/748/2313 2069/749/2314 
f 2069/749/2313 2061/741/2313 2060/740/2313 
f 2070/750/2315 2062/742/2315 2061/741/2315 
f 2061/741/2315 2069/749/2315 2070/750/2315 
f 2062/742/2316 2070/750/2316 2071/751/2316 
f 2071/751/2316 2063/743/2316 2062/742/2316 
f 2072/752/2317 2064/744/2317 2065/745/2317 
f 2065/745/2317 2073/753/2317 2072/752/2317 
f 2064/744/2318 2072/752/2318 2074/754/2318 
f 2074/754/2318 2066/746/2318 2064/744/2318 
f 2075/755/2319 2067/747/2319 2066/746/2319 
f 2066/746/2319 2074/754/2319 2075/755/2319 
f 2076/756/2320 2068/748/2320 2067/747/2320 
f 2067/747/2320 2075/755/2320 2076/756/2320 
f 2068/748/2321 2076/756/2321 2077/757/2321 
f 2077/757/2321 2069/749/2321 2068/748/2321 
f 2069/749/2322 2077/757/2322 2078/758/2322 
f 2078/758/2322 2070/750/2322 2069/749/2322 
f 2070/750/2323 2078/758/2323 2079/759/2323 
f 2079/759/2323 2071/751/2323 2070/750/2323 
f 2080/760/2324 2072/752/2324 2073/753/2324 
f 2073/753/2324 2081/761/2324 2080/760/2324 
f 2072/752/2325 2080/760/2325 2082/762/2325 
f 2082/762/2325 2074/754/2325 2072/752/2325 
f 2074/754/2326 2082/762/2326 2083/763/2326 
f 2083/763/2326 2075/755/2326 2074/754/2326 
f 2084/764/2327 2076/756/2327 2075/755/2327 
f 2075/755/2328 2083/763/2328 2084/764/2328 
f 2085/765/2329 2077/757/2329 2076/756/2329 
f 2076/756/2329 2084/764/2329 2085/765/2329 
f 2078/758/2330 2077/757/2330 2085/765/2330 
f 2085/765/2330 2086/766/2330 2078/758/2330 
f 2087/769/2331 2088/768/2331 2089/767/2331 
f 2089/767/2331 2090/770/2331 2087/769/2331 
f 2088/768/2332 2087/769/2332 2091/772/2332 
f 2091/772/2332 2092/771/2332 2088/768/2332 
f 2092/771/2333 2091/772/2333 2093/774/2333 
f 2093/774/2334 2094/773/2333 2092/771/2333 
f 2095/775/2335 2087/769/2335 2090/770/2335 
f 2090/770/2335 2096/776/2335 2095/775/2335 
f 2097/777/2336 2091/772/2336 2087/769/2336 
f 2087/769/2336 2095/775/2336 2097/777/2336 
f 2091/772/2337 2097/777/2337 2098/778/2337 
f 2098/778/2337 2093/774/2337 2091/772/2337 
f 2099/779/2338 2095/775/2338 2096/776/2338 
f 2096/776/2338 2100/780/2338 2099/779/2338 
f 2095/775/2339 2099/779/2339 2101/781/2339 
f 2101/781/2339 2097/777/2339 2095/775/2339 
f 2097/777/2340 2101/781/2340 2102/782/2340 
f 2102/782/2341 2098/778/2341 2097/777/2341 
f 2098/778/2342 2102/782/2342 2103/783/2342 
f 2103/783/2342 2104/784/2342 2098/778/2342 
f 2105/785/2343 2099/779/2343 2100/780/2343 
f 2100/780/2343 2106/786/2343 2105/785/2343 
f 2099/779/2344 2105/785/2344 2107/787/2344 
f 2107/787/2344 2101/781/2344 2099/779/2344 
f 2101/781/2345 2107/787/2345 2108/788/2345 
f 2108/788/2345 2102/782/2345 2101/781/2345 
f 2102/782/2346 2108/788/2346 2109/789/2346 
f 2109/789/2347 2103/783/2347 2102/782/2348 
f 2110/790/2349 2105/785/2349 2106/786/2349 
f 2106/786/2349 2111/791/2349 2110/790/2349 
f 2105/785/2350 2110/790/2350 2112/792/2350 
f 2112/792/2350 2107/787/2350 2105/785/2350 
f 2113/793/2351 2108/788/2351 2107/787/2351 
f 2107/787/2351 2112/792/2351 2113/793/2351 
f 2114/794/2352 2109/789/2352 2108/788/2352 
f 2108/788/2352 2113/793/2353 2114/794/2354 
f 2115/795/2355 2110/790/2355 2111/791/2355 
f 2111/791/2355 2116/796/2355 2115/795/2355 
f 2117/797/2356 2112/792/2356 2110/790/2356 
f 2110/790/2357 2115/795/2357 2117/797/2357 
f 2113/793/2358 2112/792/2358 2117/797/2358 
f 2117/797/2358 2118/798/2358 2113/793/2358 
f 2119/799/2359 2114/794/2359 2113/793/2359 
f 2113/793/2359 2118/798/2359 2119/799/2359 
f 2120/801/2360 2121/800/2360 2122/803/2360 
f 2122/803/2360 2123/802/2360 2120/801/2360 
f 2124/805/2361 2125/804/2361 2123/802/2361 
f 2123/802/2361 2122/803/2361 2124/805/2361 
f 2125/804/2362 2124/805/2362 2126/807/2362 
f 2126/807/2362 2127/806/2362 2125/804/2362 
f 2128/809/2363 2129/808/2363 2127/806/2363 
f 2127/806/2363 2126/807/2363 2128/809/2363 
f 2129/808/2364 2128/809/2364 2130/811/2364 
f 2130/811/2364 2131/810/2364 2129/808/2364 
f 2132/813/2365 2133/812/2365 2131/810/2365 
f 2131/810/2365 2130/811/2365 2132/813/2365 
f 2133/812/2366 2132/813/2366 2134/815/2366 
f 2134/815/2366 2135/814/2366 2133/812/2366 
f 2136/816/2367 2122/803/2367 2121/800/2367 
f 2121/800/2367 2137/817/2367 2136/816/2367 
f 2122/803/2368 2136/816/2368 2138/818/2368 
f 2138/818/2368 2124/805/2368 2122/803/2368 
f 2139/819/2369 2126/807/2369 2124/805/2369 
f 2124/805/2369 2138/818/2369 2139/819/2369 
f 2140/820/2370 2128/809/2370 2126/807/2370 
f 2126/807/2371 2139/819/2371 2140/820/2371 
f 2128/809/2372 2140/820/2372 2141/821/2372 
f 2141/821/2372 2130/811/2372 2128/809/2372 
f 2142/822/2373 2132/813/2373 2130/811/2373 
f 2130/811/2373 2141/821/2373 2142/822/2373 
f 2132/813/2374 2142/822/2374 2143/823/2374 
f 2143/823/2374 2134/815/2374 2132/813/2374 
f 2137/817/2375 2144/825/2376 2145/824/2375 
f 2145/824/2376 2136/816/2376 2137/817/2376 
f 2146/826/2377 2138/818/2377 2136/816/2377 
f 2136/816/2377 2145/824/2377 2146/826/2377 
f 2138/818/2378 2146/826/2378 2147/827/2378 
f 2147/827/2378 2139/819/2378 2138/818/2378 
f 2148/828/2379 2140/820/2379 2139/819/2379 
f 2139/819/2379 2147/827/2379 2148/828/2380 
f 2149/829/2381 2141/821/2381 2140/820/2381 
f 2140/820/2381 2148/828/2381 2149/829/2381 
f 2142/822/2382 2141/821/2382 2149/829/2382 
f 2149/829/2382 2150/830/2382 2142/822/2382 
f 2143/823/2383 2142/822/2383 2150/830/2383 
f 2150/830/2383 2151/831/2383 2143/823/2383 
f 2148/828/2384 2152/833/2384 2153/832/2384 
f 2153/832/2384 2149/829/2384 2148/828/2384 
f 2150/830/2385 2149/829/2385 2153/832/2385 
f 2153/832/2385 2154/834/2385 2150/830/2385 
f 2151/831/2386 2150/830/2386 2154/834/2386 
f 2154/834/2386 2155/835/2386 2151/831/2386 
f 2156/836/2387 2157/839/2387 2158/838/2387 
f 2158/838/2387 2159/837/2387 2156/836/2387 
f 2160/840/2388 2156/836/2388 2159/837/2388 
f 2159/837/2388 2161/841/2388 2160/840/2388 
f 2162/843/2389 2163/842/2389 2160/840/2389 
f 2160/840/2389 2161/841/2389 2162/843/2389 
f 2164/844/2390 2163/842/2390 2162/843/2390 
f 2162/843/2390 2165/845/2390 2164/844/2390 
f 2166/846/2391 2164/844/2391 2165/845/2391 
f 2165/845/2391 2167/847/2391 2166/846/2391 
f 2166/846/2392 2167/847/2392 2168/849/2392 
f 2168/849/2392 2169/848/2392 2166/846/2392 
f 2170/850/2393 2169/848/2393 2168/849/2393 
f 2168/849/2393 2171/851/2393 2170/850/2393 
f 2172/853/2394 2159/837/2394 2158/838/2394 
f 2158/838/2394 2173/852/2394 2172/853/2394 
f 2161/841/2395 2159/837/2395 2172/853/2395 
f 2172/853/2395 2174/854/2395 2161/841/2395 
f 2162/843/2396 2161/841/2396 2174/854/2396 
f 2174/854/2396 2175/855/2396 2162/843/2396 
f 2176/856/2397 2165/845/2397 2162/843/2397 
f 2162/843/2397 2175/855/2397 2176/856/2397 
f 2167/847/2398 2165/845/2398 2176/856/2398 
f 2176/856/2398 2177/857/2398 2167/847/2398 
f 2168/849/2399 2167/847/2399 2177/857/2399 
f 2177/857/2399 2178/858/2399 2168/849/2399 
f 2168/849/2400 2178/858/2400 2179/859/2400 
f 2179/859/2400 2171/851/2400 2168/849/2400 
f 2172/853/2401 2173/852/2401 2180/861/2401 
f 2180/861/2401 2181/860/2401 2172/853/2401 
f 2182/862/2402 2174/854/2402 2172/853/2402 
f 2172/853/2402 2181/860/2402 2182/862/2402 
f 2175/855/2403 2174/854/2403 2182/862/2403 
f 2182/862/2403 2183/863/2403 2175/855/2403 
f 2176/856/2404 2175/855/2404 2183/863/2404 
f 2183/863/2404 2184/864/2404 2176/856/2404 
f 2185/865/2405 2177/857/2405 2176/856/2405 
f 2176/856/2405 2184/864/2405 2185/865/2405 
f 2178/858/2406 2177/857/2406 2185/865/2406 
f 2185/865/2406 2186/866/2406 2178/858/2406 
f 2179/859/2407 2178/858/2407 2186/866/2407 
f 2186/866/2407 2187/867/2407 2179/859/2407 
f 2181/860/2408 2180/861/2408 2188/869/2408 
f 2188/869/2408 2189/868/2408 2181/860/2408 
f 2182/862/2409 2181/860/2409 2189/868/2409 
f 2189/868/2409 2190/870/2409 2182/862/2409 
f 2182/862/2410 2190/870/2410 2191/871/2410 
f 2191/871/2410 2183/863/2410 2182/862/2410 
f 2184/864/2411 2183/863/2411 2191/871/2411 
f 2191/871/2411 2192/872/2411 2184/864/2411 
f 2185/865/2412 2184/864/2412 2192/872/2412 
f 2192/872/2412 2193/873/2412 2185/865/2412 
f 2185/865/2413 2193/873/2413 2194/874/2413 
f 2194/874/2414 2186/866/2413 2185/865/2413 
f 2187/867/2415 2186/866/2415 2194/874/2415 
f 2194/874/2415 2195/875/2415 2187/867/2415 
f 2188/869/2416 2196/877/2416 2197/876/2416 
f 2197/876/2416 2189/868/2416 2188/869/2416 
f 2190/870/2417 2189/868/2417 2197/876/2417 
f 2197/876/2417 2198/878/2417 2190/870/2417 
f 2191/871/2418 2190/870/2418 2198/878/2418 
f 2198/878/2418 2199/879/2418 2191/871/2418 
f 2191/871/2419 2199/879/2419 2200/880/2419 
f 2200/880/2419 2192/872/2419 2191/871/2419 
f 2193/873/2420 2192/872/2420 2200/880/2420 
f 2200/880/2420 2201/881/2420 2193/873/2420 
f 2194/874/2421 2193/873/2421 2201/881/2421 
f 2201/881/2421 2202/882/2421 2194/874/2421 
f 2203/883/2422 2195/875/2422 2194/874/2422 
f 2194/874/2422 2202/882/2422 2203/883/2422 
f 2197/876/2423 2196/877/2423 2204/885/2423 
f 2204/885/2423 2205/884/2423 2197/876/2423 
f 2206/886/2424 2198/878/2424 2197/876/2424 
f 2197/876/2424 2205/884/2424 2206/886/2424 
f 2199/879/2425 2198/878/2425 2206/886/2425 
f 2206/886/2425 2207/887/2425 2199/879/2425 
f 2200/880/2426 2199/879/2426 2207/887/2426 
f 2207/887/2426 2208/888/2426 2200/880/2426 
f 2209/889/2427 2201/881/2427 2200/880/2427 
f 2200/880/2427 2208/888/2427 2209/889/2427 
f 2202/882/2428 2201/881/2428 2209/889/2428 
f 2209/889/2428 2210/890/2428 2202/882/2428 
f 2203/883/2429 2202/882/2429 2210/890/2429 
f 2210/890/2429 2211/891/2429 2203/883/2429 
f 2046/727/2430 2115/795/2430 2116/796/2430 
f 2116/796/2430 2047/726/2430 2046/727/2430 
f 2055/735/2431 2117/797/2431 2115/795/2431 
f 2115/795/2431 2046/727/2431 2055/735/2431 
f 2118/798/2432 2117/797/2432 2055/735/2432 
f 2055/735/2432 2063/743/2432 2118/798/2432 
f 2071/751/2433 2119/799/2433 2118/798/2433 
f 2118/798/2434 2063/743/2433 2071/751/2433 
f 2204/885/2435 2135/814/2435 2134/815/2435 
f 2134/815/2435 2205/884/2435 2204/885/2435 
f 2143/823/2436 2206/886/2436 2205/884/2436 
f 2205/884/2436 2134/815/2436 2143/823/2436 
f 2207/887/2437 2206/886/2437 2143/823/2437 
f 2143/823/2437 2151/831/2437 2207/887/2437 
f 2155/835/2438 2208/888/2438 2207/887/2438 
f 2207/887/2438 2151/831/2438 2155/835/2438 
f 2208/888/2439 2155/835/2439 2212/892/2439 
f 2212/892/2439 2209/889/2439 2208/888/2439 
f 2171/851/2440 2080/760/2440 2081/761/2440 
f 2081/761/2440 2170/850/2440 2171/851/2440 
f 2179/859/2441 2082/762/2441 2080/760/2441 
f 2080/760/2441 2171/851/2441 2179/859/2441 
f 2187/867/2442 2083/763/2442 2082/762/2442 
f 2082/762/2442 2179/859/2442 2187/867/2442 
f 2195/875/2443 2084/764/2443 2083/763/2443 
f 2083/763/2443 2187/867/2443 2195/875/2443 
f 2203/883/2444 2085/765/2444 2084/764/2444 
f 2084/764/2444 2195/875/2444 2203/883/2444 
f 2211/891/2445 2086/766/2445 2085/765/2445 
f 2085/765/2445 2203/883/2445 2211/891/2445 
f 2213/895/2446 2214/894/2446 2215/893/2446 
f 2215/893/2446 2034/713/2446 2213/895/2446 
f 2033/714/2447 2216/896/2447 2213/895/2447 
f 2213/895/2447 2034/713/2447 2033/714/2447 
f 2037/716/2448 2217/897/2448 2216/896/2448 
f 2216/896/2448 2033/714/2448 2037/716/2448 
f 2037/716/2449 2039/718/2449 2218/898/2449 
f 2218/898/2449 2217/897/2449 2037/716/2449 
f 2041/720/2450 2219/899/2450 2218/898/2450 
f 2218/898/2450 2039/718/2450 2041/720/2450 
f 2043/722/2451 2220/900/2451 2219/899/2451 
f 2219/899/2451 2041/720/2451 2043/722/2451 
f 2043/722/2452 2045/725/2452 2221/901/2452 
f 2221/901/2452 2220/900/2452 2043/722/2452 
f 2047/726/2453 2222/902/2453 2221/901/2453 
f 2221/901/2453 2045/725/2453 2047/726/2453 
f 2215/893/2454 2223/903/2454 2035/712/2454 
f 2035/712/2454 2034/713/2454 2215/893/2454 
f 2035/712/2455 2223/903/2455 2224/904/2455 
f 2224/904/2455 2049/729/2455 2035/712/2455 
f 2224/904/2456 2225/905/2456 2056/736/2456 
f 2056/736/2456 2049/729/2456 2224/904/2456 
f 2065/745/2457 2056/736/2457 2225/905/2457 
f 2225/905/2457 2226/906/2457 2065/745/2457 
f 2227/907/2458 2073/753/2458 2065/745/2458 
f 2065/745/2458 2226/906/2458 2227/907/2458 
f 2228/908/2459 2081/761/2459 2073/753/2459 
f 2073/753/2460 2227/907/2460 2228/908/2460 
f 2229/909/2461 2170/850/2461 2081/761/2461 
f 2081/761/2462 2228/908/2462 2229/909/2462 
f 1760/407/2463 1762/408/2463 2230/910/2463 
f 2230/910/2463 2089/767/2463 1760/407/2463 
f 2088/768/2464 1759/406/2464 1760/407/2464 
f 1760/407/2464 2089/767/2464 2088/768/2464 
f 2092/771/2465 1757/405/2465 1759/406/2465 
f 1759/406/2465 2088/768/2465 2092/771/2465 
f 2094/773/2466 1758/404/2466 1757/405/2466 
f 1757/405/2466 2092/771/2466 2094/773/2466 
f 2089/767/2467 2230/910/2467 2231/911/2467 
f 2231/911/2467 2090/770/2467 2089/767/2467 
f 2231/911/2468 2232/912/2468 2096/776/2468 
f 2096/776/2468 2090/770/2468 2231/911/2468 
f 2232/912/2469 2233/913/2469 2100/780/2469 
f 2100/780/2469 2096/776/2469 2232/912/2469 
f 2234/914/2470 2106/786/2470 2100/780/2470 
f 2100/780/2471 2233/913/2471 2234/914/2471 
f 2106/786/2472 2234/914/2472 2235/915/2472 
f 2235/915/2472 2111/791/2472 2106/786/2472 
f 2235/915/2473 2236/916/2473 2116/796/2473 
f 2116/796/2473 2111/791/2473 2235/915/2473 
f 2222/902/2474 2047/726/2474 2116/796/2474 
f 2116/796/2474 2236/916/2474 2222/902/2474 
f 2120/801/2475 2031/917/2475 1661/304/2475 
f 1661/304/2475 1663/305/2475 2120/801/2475 
f 2123/802/2476 2030/918/2476 2031/917/2476 
f 2031/917/2476 2120/801/2476 2123/802/2476 
f 2125/804/2477 2029/919/2477 2030/918/2477 
f 2030/918/2477 2123/802/2477 2125/804/2477 
f 2127/806/2478 2028/920/2478 2029/919/2478 
f 2029/919/2478 2125/804/2478 2127/806/2478 
f 2129/808/2479 2027/921/2479 2028/920/2479 
f 2028/920/2479 2127/806/2479 2129/808/2479 
f 2131/810/2480 2026/922/2480 2027/921/2480 
f 2027/921/2480 2129/808/2480 2131/810/2480 
f 2133/812/2481 2025/923/2481 2026/922/2481 
f 2026/922/2482 2131/810/2482 2133/812/2482 
f 2135/814/2483 2024/924/2483 2025/923/2483 
f 2025/923/2483 2133/812/2483 2135/814/2483 
f 2121/800/2484 2120/801/2484 1663/305/2484 
f 1663/305/2484 1664/306/2484 2121/800/2484 
f 2137/817/2485 2121/800/2485 1664/306/2485 
f 1664/306/2485 1665/307/2485 2137/817/2485 
f 2137/817/2486 1665/307/2486 1666/308/2486 
f 1666/308/2486 2144/825/2486 2137/817/2486 
f 2017/666/2487 2016/926/2487 2157/839/2487 
f 2157/839/2487 2237/925/2487 2017/666/2487 
f 2156/836/2488 2238/927/2488 2237/925/2488 
f 2237/925/2488 2157/839/2488 2156/836/2488 
f 2239/928/2489 2238/927/2489 2156/836/2489 
f 2156/836/2489 2160/840/2489 2239/928/2489 
f 2163/842/2490 2240/929/2490 2239/928/2490 
f 2239/928/2490 2160/840/2490 2163/842/2490 
f 2240/929/2491 2163/842/2491 2164/844/2491 
f 2164/844/2491 2241/930/2491 2240/929/2491 
f 2242/931/2492 2241/930/2492 2164/844/2492 
f 2164/844/2492 2166/846/2492 2242/931/2492 
f 2169/848/2493 2243/932/2493 2242/931/2493 
f 2242/931/2493 2166/846/2493 2169/848/2493 
f 2243/932/2494 2169/848/2494 2170/850/2494 
f 2170/850/2494 2229/909/2494 2243/932/2494 
f 2158/838/2495 2157/839/2495 2016/926/2495 
f 2016/926/2495 2018/933/2495 2158/838/2495 
f 2173/852/2496 2158/838/2496 2018/933/2496 
f 2018/933/2496 2019/934/2496 2173/852/2496 
f 2020/935/2497 2180/861/2497 2173/852/2497 
f 2173/852/2497 2019/934/2497 2020/935/2497 
f 2020/935/2498 2021/936/2498 2188/869/2498 
f 2188/869/2498 2180/861/2498 2020/935/2498 
f 2021/936/2499 2022/937/2499 2196/877/2499 
f 2196/877/2499 2188/869/2499 2021/936/2499 
f 2196/877/2500 2022/937/2500 2023/938/2500 
f 2023/938/2500 2204/885/2500 2196/877/2500 
f 2204/885/2501 2023/938/2501 2024/924/2501 
f 2024/924/2501 2135/814/2501 2204/885/2501 
f 2244/942/2502 2245/941/2502 2246/940/2502 
f 2246/940/2502 2247/939/2502 2244/942/2502 
f 2245/941/2503 2244/942/2503 2248/944/2503 
f 2248/944/2503 2249/943/2503 2245/941/2503 
f 2249/943/2504 2248/944/2504 2250/946/2504 
f 2250/946/2504 2251/945/2504 2249/943/2504 
f 2252/948/2505 2253/947/2505 2251/945/2505 
f 2251/945/2505 2250/946/2505 2252/948/2505 
f 2253/947/2506 2252/948/2506 2254/950/2506 
f 2254/950/2506 2255/949/2506 2253/947/2506 
f 2255/949/2507 2254/950/2507 2256/952/2507 
f 2256/952/2507 2257/951/2507 2255/949/2507 
f 2258/954/2508 2259/953/2508 2257/951/2508 
f 2257/951/2508 2256/952/2508 2258/954/2508 
f 2259/953/2509 2258/954/2509 2260/956/2509 
f 2260/956/2510 2261/955/2510 2259/953/2510 
f 2261/955/2511 2260/956/2511 2262/957/2511 
f 2262/957/2512 2263/958/2512 2261/955/2512 
f 2264/959/2513 2265/960/2513 2263/958/2513 
f 2263/958/2514 2262/957/2514 2264/959/2514 
f 2265/960/2515 2264/959/2515 2266/961/2515 
f 2266/961/2515 2267/962/2515 2265/960/2515 
f 2267/962/2516 2266/961/2516 2268/963/2516 
f 2268/963/2516 2269/964/2516 2267/962/2516 
f 2270/965/2517 2271/966/2517 2269/964/2517 
f 2269/964/2517 2268/963/2517 2270/965/2517 
f 2271/966/2518 2270/965/2518 2272/968/2518 
f 2272/968/2518 2273/967/2518 2271/966/2518 
f 2274/970/2519 2244/942/2519 2247/939/2519 
f 2247/939/2519 2275/969/2519 2274/970/2519 
f 2244/942/2520 2274/970/2520 2276/971/2520 
f 2276/971/2520 2248/944/2520 2244/942/2520 
f 2277/972/2521 2250/946/2521 2248/944/2521 
f 2248/944/2521 2276/971/2521 2277/972/2521 
f 2278/973/2522 2252/948/2522 2250/946/2522 
f 2250/946/2522 2277/972/2522 2278/973/2522 
f 2279/974/2523 2254/950/2523 2252/948/2523 
f 2252/948/2523 2278/973/2523 2279/974/2523 
f 2280/975/2524 2256/952/2524 2254/950/2524 
f 2254/950/2524 2279/974/2524 2280/975/2524 
f 2281/976/2525 2258/954/2525 2256/952/2525 
f 2256/952/2526 2280/975/2526 2281/976/2526 
f 2282/977/2527 2260/956/2527 2258/954/2527 
f 2258/954/2528 2281/976/2528 2282/977/2528 
f 2283/978/2529 2262/957/2529 2260/956/2529 
f 2260/956/2530 2282/977/2530 2283/978/2530 
f 2284/979/2531 2264/959/2531 2262/957/2531 
f 2262/957/2531 2283/978/2531 2284/979/2531 
f 2285/980/2532 2266/961/2532 2264/959/2532 
f 2264/959/2532 2284/979/2532 2285/980/2532 
f 2286/981/2533 2268/963/2533 2266/961/2533 
f 2266/961/2533 2285/980/2533 2286/981/2533 
f 2287/982/2534 2270/965/2534 2268/963/2534 
f 2268/963/2534 2286/981/2534 2287/982/2534 
f 2288/983/2535 2272/968/2535 2270/965/2536 
f 2270/965/2535 2287/982/2535 2288/983/2535 
f 2289/985/2537 2274/970/2537 2275/969/2537 
f 2275/969/2537 2290/984/2537 2289/985/2537 
f 2274/970/2538 2289/985/2538 2291/986/2538 
f 2291/986/2538 2276/971/2538 2274/970/2538 
f 2276/971/2539 2291/986/2539 2292/987/2539 
f 2292/987/2539 2277/972/2539 2276/971/2539 
f 2293/988/2540 2278/973/2540 2277/972/2540 
f 2277/972/2540 2292/987/2540 2293/988/2540 
f 2278/973/2541 2293/988/2541 2294/989/2541 
f 2294/989/2541 2279/974/2541 2278/973/2541 
f 2279/974/2542 2294/989/2542 2295/990/2542 
f 2295/990/2543 2280/975/2543 2279/974/2543 
f 2296/991/2544 2281/976/2544 2280/975/2544 
f 2280/975/2544 2295/990/2544 2296/991/2544 
f 2281/976/2545 2296/991/2545 2297/992/2545 
f 2297/992/2545 2282/977/2545 2281/976/2545 
f 2282/977/2546 2297/992/2546 2298/993/2546 
f 2298/993/2546 2283/978/2546 2282/977/2546 
f 2299/994/2547 2284/979/2547 2283/978/2547 
f 2283/978/2547 2298/993/2547 2299/994/2547 
f 2284/979/2548 2299/994/2548 2300/995/2548 
f 2300/995/2548 2285/980/2548 2284/979/2548 
f 2285/980/2549 2300/995/2549 2301/996/2549 
f 2301/996/2549 2286/981/2549 2285/980/2549 
f 2286/981/2550 2301/996/2550 2302/997/2550 
f 2302/997/2550 2287/982/2550 2286/981/2550 
f 2287/982/2551 2302/997/2551 2303/998/2551 
f 2303/998/2551 2288/983/2551 2287/982/2551 
f 2304/1000/2552 2289/985/2552 2290/984/2552 
f 2290/984/2552 2305/999/2552 2304/1000/2552 
f 2306/1001/2553 2291/986/2553 2289/985/2553 
f 2289/985/2553 2304/1000/2553 2306/1001/2553 
f 2291/986/2554 2306/1001/2554 2307/1002/2554 
f 2307/1002/2554 2292/987/2554 2291/986/2554 
f 2308/1003/2555 2293/988/2556 2292/987/2556 
f 2292/987/2556 2307/1002/2556 2308/1003/2556 
f 2293/988/2557 2308/1003/2557 2309/1004/2557 
f 2309/1004/2557 2294/989/2557 2293/988/2557 
f 2294/989/2558 2309/1004/2558 2310/1005/2558 
f 2310/1005/2558 2295/990/2558 2294/989/2558 
f 2311/1006/2559 2296/991/2559 2295/990/2559 
f 2295/990/2560 2310/1005/2560 2311/1006/2560 
f 2312/1007/2561 2297/992/2561 2296/991/2561 
f 2296/991/2561 2311/1006/2561 2312/1007/2561 
f 2297/992/2562 2312/1007/2562 2313/1008/2562 
f 2313/1008/2563 2298/993/2563 2297/992/2563 
f 2314/1009/2564 2299/994/2564 2298/993/2564 
f 2298/993/2564 2313/1008/2564 2314/1009/2564 
f 2315/1010/2565 2300/995/2565 2299/994/2565 
f 2299/994/2565 2314/1009/2565 2315/1010/2565 
f 2300/995/2566 2315/1010/2566 2316/1011/2566 
f 2316/1011/2566 2301/996/2566 2300/995/2566 
f 2317/1012/2567 2302/997/2567 2301/996/2567 
f 2301/996/2567 2316/1011/2567 2317/1012/2567 
f 2318/1013/2568 2303/998/2568 2302/997/2568 
f 2302/997/2568 2317/1012/2568 2318/1013/2568 
f 2319/1015/2569 2304/1000/2569 2305/999/2569 
f 2305/999/2569 2320/1014/2569 2319/1015/2569 
f 2304/1000/2570 2319/1015/2570 2321/1016/2570 
f 2321/1016/2570 2306/1001/2570 2304/1000/2570 
f 2306/1001/2571 2321/1016/2571 2322/1017/2571 
f 2322/1017/2571 2307/1002/2571 2306/1001/2571 
f 2323/1018/2572 2308/1003/2573 2307/1002/2573 
f 2307/1002/2573 2322/1017/2573 2323/1018/2573 
f 2308/1003/2574 2323/1018/2574 2324/1019/2574 
f 2324/1019/2575 2309/1004/2574 2308/1003/2574 
f 2309/1004/2576 2324/1019/2576 2325/1020/2576 
f 2325/1020/2576 2310/1005/2576 2309/1004/2576 
f 2326/1021/2577 2311/1006/2577 2310/1005/2577 
f 2310/1005/2577 2325/1020/2577 2326/1021/2577 
f 2311/1006/2578 2326/1021/2578 2327/1022/2578 
f 2327/1022/2579 2312/1007/2579 2311/1006/2579 
f 2312/1007/2580 2327/1022/2580 2328/1023/2580 
f 2328/1023/2580 2313/1008/2580 2312/1007/2580 
f 2329/1024/2581 2314/1009/2581 2313/1008/2581 
f 2313/1008/2581 2328/1023/2581 2329/1024/2581 
f 2314/1009/2582 2329/1024/2582 2330/1025/2582 
f 2330/1025/2582 2315/1010/2582 2314/1009/2582 
f 2315/1010/2583 2330/1025/2583 2331/1026/2583 
f 2331/1026/2583 2316/1011/2583 2315/1010/2583 
f 2332/1027/2584 2317/1012/2584 2316/1011/2584 
f 2316/1011/2584 2331/1026/2584 2332/1027/2584 
f 2333/1028/2585 2318/1013/2585 2317/1012/2585 
f 2317/1012/2586 2332/1027/2586 2333/1028/2586 
f 2334/1030/2587 2319/1015/2587 2320/1014/2587 
f 2320/1014/2587 2335/1029/2587 2334/1030/2587 
f 2319/1015/2588 2334/1030/2588 2336/1031/2588 
f 2336/1031/2588 2321/1016/2588 2319/1015/2588 
f 2321/1016/2589 2336/1031/2589 2337/1032/2589 
f 2337/1032/2589 2322/1017/2589 2321/1016/2589 
f 2338/1033/2590 2323/1018/2590 2322/1017/2590 
f 2322/1017/2590 2337/1032/2590 2338/1033/2590 
f 2323/1018/2591 2338/1033/2591 2339/1034/2591 
f 2339/1034/2591 2324/1019/2591 2323/1018/2591 
f 2324/1019/2592 2339/1034/2592 2340/1035/2592 
f 2340/1035/2593 2325/1020/2593 2324/1019/2593 
f 2341/1036/2594 2326/1021/2594 2325/1020/2594 
f 2325/1020/2594 2340/1035/2594 2341/1036/2594 
f 2326/1021/2595 2341/1036/2595 2342/1037/2595 
f 2342/1037/2596 2327/1022/2596 2326/1021/2596 
f 2327/1022/2597 2342/1037/2597 2343/1038/2597 
f 2343/1038/2598 2328/1023/2598 2327/1022/2598 
f 2344/1039/2599 2329/1024/2599 2328/1023/2599 
f 2328/1023/2599 2343/1038/2599 2344/1039/2599 
f 2329/1024/2600 2344/1039/2600 2345/1040/2600 
f 2345/1040/2601 2330/1025/2601 2329/1024/2601 
f 2330/1025/2602 2345/1040/2602 2346/1041/2602 
f 2346/1041/2602 2331/1026/2602 2330/1025/2602 
f 2347/1042/2603 2332/1027/2603 2331/1026/2603 
f 2331/1026/2603 2346/1041/2603 2347/1042/2603 
f 2348/1043/2604 2333/1028/2604 2332/1027/2604 
f 2332/1027/2604 2347/1042/2604 2348/1043/2604 
f 2335/1029/2605 2349/1044/2605 2350/1045/2605 
f 2350/1045/2605 2334/1030/2605 2335/1029/2605 
f 2334/1030/2606 2350/1045/2606 2351/1046/2606 
f 2351/1046/2606 2336/1031/2606 2334/1030/2606 
f 2336/1031/2607 2351/1046/2607 2352/1047/2607 
f 2352/1047/2608 2337/1032/2608 2336/1031/2608 
f 2353/1048/2609 2338/1033/2609 2337/1032/2609 
f 2337/1032/2609 2352/1047/2609 2353/1048/2609 
f 2338/1033/2610 2353/1048/2610 2354/1049/2610 
f 2354/1049/2610 2339/1034/2610 2338/1033/2610 
f 2339/1034/2611 2354/1049/2611 2355/1050/2611 
f 2355/1050/2612 2340/1035/2612 2339/1034/2612 
f 2356/1051/2613 2341/1036/2613 2340/1035/2613 
f 2340/1035/2613 2355/1050/2613 2356/1051/2613 
f 2357/1052/2614 2342/1037/2614 2341/1036/2614 
f 2341/1036/2615 2356/1051/2615 2357/1052/2615 
f 2342/1037/2616 2357/1052/2616 2358/1053/2616 
f 2358/1053/2617 2343/1038/2617 2342/1037/2617 
f 2359/1054/2618 2344/1039/2618 2343/1038/2618 
f 2343/1038/2619 2358/1053/2619 2359/1054/2619 
f 2344/1039/2620 2359/1054/2620 2360/1055/2620 
f 2360/1055/2620 2345/1040/2620 2344/1039/2620 
f 2345/1040/2621 2360/1055/2621 2361/1056/2621 
f 2361/1056/2622 2346/1041/2622 2345/1040/2622 
f 2362/1057/2623 2347/1042/2623 2346/1041/2623 
f 2346/1041/2623 2361/1056/2623 2362/1057/2623 
f 2347/1042/2624 2362/1057/2624 2363/1058/2624 
f 2363/1058/2624 2348/1043/2624 2347/1042/2624 
f 2364/1060/2625 2350/1045/2625 2349/1044/2625 
f 2349/1044/2626 2365/1059/2626 2364/1060/2626 
f 2366/1061/2627 2351/1046/2627 2350/1045/2627 
f 2350/1045/2628 2364/1060/2628 2366/1061/2628 
f 2351/1046/2629 2366/1061/2629 2367/1062/2629 
f 2367/1062/2629 2352/1047/2629 2351/1046/2629 
f 2368/1063/2630 2353/1048/2630 2352/1047/2630 
f 2352/1047/2630 2367/1062/2630 2368/1063/2630 
f 2353/1048/2631 2368/1063/2631 2369/1064/2631 
f 2369/1064/2631 2354/1049/2631 2353/1048/2631 
f 2354/1049/2632 2369/1064/2632 2370/1065/2632 
f 2370/1065/2633 2355/1050/2633 2354/1049/2633 
f 2371/1066/2634 2356/1051/2634 2355/1050/2634 
f 2355/1050/2634 2370/1065/2634 2371/1066/2634 
f 2372/1067/2635 2357/1052/2635 2356/1051/2635 
f 2356/1051/2635 2371/1066/2635 2372/1067/2635 
f 2373/1068/2636 2358/1053/2636 2357/1052/2636 
f 2357/1052/2636 2372/1067/2636 2373/1068/2636 
f 2374/1069/2637 2359/1054/2637 2358/1053/2637 
f 2358/1053/2637 2373/1068/2637 2374/1069/2637 
f 2360/1055/2638 2359/1054/2638 2374/1069/2638 
f 2374/1069/2638 2375/1070/2638 2360/1055/2638 
f 2376/1071/2639 2361/1056/2639 2360/1055/2639 
f 2360/1055/2639 2375/1070/2639 2376/1071/2639 
f 2377/1072/2640 2362/1057/2640 2361/1056/2640 
f 2361/1056/2640 2376/1071/2640 2377/1072/2640 
f 2378/1073/2641 2363/1058/2641 2362/1057/2641 
f 2362/1057/2641 2377/1072/2641 2378/1073/2641 
f 2379/1075/2642 2364/1060/2642 2365/1059/2642 
f 2365/1059/2642 2380/1074/2642 2379/1075/2642 
f 2364/1060/2643 2379/1075/2643 2381/1076/2643 
f 2381/1076/2643 2366/1061/2643 2364/1060/2643 
f 2382/1077/2644 2367/1062/2644 2366/1061/2644 
f 2366/1061/2644 2381/1076/2644 2382/1077/2644 
f 2383/1078/2645 2368/1063/2645 2367/1062/2645 
f 2367/1062/2645 2382/1077/2645 2383/1078/2645 
f 2368/1063/2646 2383/1078/2646 2384/1079/2646 
f 2384/1079/2647 2369/1064/2647 2368/1063/2647 
f 2385/1080/2648 2370/1065/2648 2369/1064/2648 
f 2369/1064/2649 2384/1079/2649 2385/1080/2649 
f 2386/1081/2650 2371/1066/2650 2370/1065/2650 
f 2370/1065/2651 2385/1080/2651 2386/1081/2651 
f 2371/1066/2652 2386/1081/2652 2387/1082/2652 
f 2387/1082/2653 2372/1067/2653 2371/1066/2653 
f 2373/1068/2654 2372/1067/2654 2387/1082/2654 
f 2387/1082/2654 2388/1083/2654 2373/1068/2654 
f 2374/1069/2655 2373/1068/2655 2388/1083/2655 
f 2388/1083/2655 2389/1084/2655 2374/1069/2655 
f 2375/1070/2656 2374/1069/2656 2389/1084/2656 
f 2389/1084/2656 2390/1085/2656 2375/1070/2656 
f 2391/1086/2657 2376/1071/2657 2375/1070/2657 
f 2375/1070/2657 2390/1085/2657 2391/1086/2657 
f 2392/1087/2658 2377/1072/2658 2376/1071/2658 
f 2376/1071/2658 2391/1086/2658 2392/1087/2658 
f 2377/1072/2659 2392/1087/2659 2393/1088/2659 
f 2393/1088/2659 2378/1073/2659 2377/1072/2659 
f 2379/1075/2660 2380/1074/2660 2394/1089/2660 
f 2394/1089/2660 2395/1090/2660 2379/1075/2660 
f 2379/1075/2661 2395/1090/2661 2396/1091/2661 
f 2396/1091/2661 2381/1076/2661 2379/1075/2661 
f 2382/1077/2662 2381/1076/2662 2396/1091/2662 
f 2396/1091/2662 2397/1092/2662 2382/1077/2662 
f 2383/1078/2663 2382/1077/2663 2397/1092/2663 
f 2397/1092/2663 2398/1093/2663 2383/1078/2663 
f 2383/1078/2664 2398/1093/2664 2399/1094/2664 
f 2399/1094/2665 2384/1079/2665 2383/1078/2665 
f 2385/1080/2666 2384/1079/2666 2399/1094/2666 
f 2399/1094/2666 2400/1095/2666 2385/1080/2666 
f 2386/1081/2667 2385/1080/2667 2400/1095/2667 
f 2400/1095/2668 2401/1096/2668 2386/1081/2668 
f 2386/1081/2669 2401/1096/2669 2402/1097/2669 
f 2402/1097/2670 2387/1082/2670 2386/1081/2670 
f 2388/1083/2671 2387/1082/2671 2402/1097/2671 
f 2402/1097/2671 2403/1098/2671 2388/1083/2671 
f 2389/1084/2672 2388/1083/2672 2403/1098/2672 
f 2403/1098/2672 2404/1099/2672 2389/1084/2672 
f 2389/1084/2673 2404/1099/2673 2405/1100/2673 
f 2405/1100/2673 2390/1085/2673 2389/1084/2673 
f 2391/1086/2674 2390/1085/2674 2405/1100/2674 
f 2405/1100/2674 2406/1101/2674 2391/1086/2674 
f 2392/1087/2675 2391/1086/2675 2406/1101/2675 
f 2406/1101/2675 2407/1102/2675 2392/1087/2675 
f 2392/1087/2676 2407/1102/2676 2408/1103/2676 
f 2408/1103/2676 2393/1088/2676 2392/1087/2676 
f 2395/1090/2677 2394/1089/2677 2409/1104/2677 
f 2409/1104/2677 2410/1105/2677 2395/1090/2677 
f 2395/1090/2678 2410/1105/2678 2411/1106/2678 
f 2411/1106/2678 2396/1091/2678 2395/1090/2678 
f 2397/1092/2679 2396/1091/2679 2411/1106/2679 
f 2411/1106/2679 2412/1107/2679 2397/1092/2679 
f 2398/1093/2680 2397/1092/2680 2412/1107/2680 
f 2412/1107/2680 2413/1108/2680 2398/1093/2680 
f 2398/1093/2681 2413/1108/2681 2414/1109/2681 
f 2414/1109/2682 2399/1094/2682 2398/1093/2682 
f 2400/1095/2683 2399/1094/2683 2414/1109/2683 
f 2414/1109/2683 2415/1110/2683 2400/1095/2683 
f 2401/1096/2684 2400/1095/2684 2415/1110/2684 
f 2415/1110/2684 2416/1111/2684 2401/1096/2684 
f 2401/1096/2685 2416/1111/2685 2417/1112/2685 
f 2417/1112/2685 2402/1097/2685 2401/1096/2685 
f 2403/1098/2686 2402/1097/2686 2417/1112/2686 
f 2417/1112/2687 2418/1113/2687 2403/1098/2687 
f 2404/1099/2688 2403/1098/2688 2418/1113/2688 
f 2418/1113/2688 2419/1114/2688 2404/1099/2688 
f 2404/1099/2689 2419/1114/2689 2420/1115/2689 
f 2420/1115/2689 2405/1100/2689 2404/1099/2689 
f 2406/1101/2690 2405/1100/2690 2420/1115/2690 
f 2420/1115/2690 2421/1116/2690 2406/1101/2690 
f 2407/1102/2691 2406/1101/2691 2421/1116/2691 
f 2421/1116/2691 2422/1117/2691 2407/1102/2691 
f 2407/1102/2692 2422/1117/2692 2423/1118/2692 
f 2423/1118/2692 2408/1103/2692 2407/1102/2692 
f 2410/1105/2693 2409/1104/2693 2424/1119/2693 
f 2424/1119/2694 2425/1120/2694 2410/1105/2694 
f 2410/1105/2695 2425/1120/2695 2426/1121/2695 
f 2426/1121/2695 2411/1106/2695 2410/1105/2695 
f 2412/1107/2696 2411/1106/2696 2426/1121/2696 
f 2426/1121/2696 2427/1122/2696 2412/1107/2696 
f 2413/1108/2697 2412/1107/2697 2427/1122/2697 
f 2427/1122/2697 2428/1123/2697 2413/1108/2697 
f 2413/1108/2698 2428/1123/2698 2429/1124/2698 
f 2429/1124/2698 2414/1109/2698 2413/1108/2698 
f 2415/1110/2699 2414/1109/2699 2429/1124/2699 
f 2429/1124/2699 2430/1125/2699 2415/1110/2699 
f 2416/1111/2700 2415/1110/2700 2430/1125/2700 
f 2430/1125/2700 2431/1126/2700 2416/1111/2700 
f 2416/1111/2701 2431/1126/2701 2432/1127/2701 
f 2432/1127/2702 2417/1112/2702 2416/1111/2702 
f 2418/1113/2703 2417/1112/2703 2432/1127/2703 
f 2432/1127/2703 2433/1128/2703 2418/1113/2703 
f 2419/1114/2704 2418/1113/2704 2433/1128/2704 
f 2433/1128/2704 2434/1129/2704 2419/1114/2704 
f 2419/1114/2705 2434/1129/2705 2435/1130/2705 
f 2435/1130/2705 2420/1115/2705 2419/1114/2705 
f 2421/1116/2706 2420/1115/2706 2435/1130/2706 
f 2435/1130/2706 2436/1131/2706 2421/1116/2706 
f 2422/1117/2707 2421/1116/2707 2436/1131/2707 
f 2436/1131/2707 2437/1132/2707 2422/1117/2707 
f 2422/1117/2708 2437/1132/2708 2438/1133/2708 
f 2438/1133/2708 2423/1118/2708 2422/1117/2708 
f 2425/1120/2709 2424/1119/2709 2439/1134/2709 
f 2439/1134/2709 2440/1135/2709 2425/1120/2709 
f 2425/1120/2710 2440/1135/2710 2441/1136/2710 
f 2441/1136/2710 2426/1121/2710 2425/1120/2710 
f 2427/1122/2711 2426/1121/2711 2441/1136/2711 
f 2441/1136/2711 2442/1137/2711 2427/1122/2711 
f 2428/1123/2712 2427/1122/2712 2442/1137/2712 
f 2442/1137/2712 2443/1138/2712 2428/1123/2712 
f 2428/1123/2713 2443/1138/2713 2444/1139/2713 
f 2444/1139/2713 2429/1124/2713 2428/1123/2713 
f 2430/1125/2714 2429/1124/2714 2444/1139/2714 
f 2444/1139/2714 2445/1140/2714 2430/1125/2714 
f 2431/1126/2715 2430/1125/2715 2445/1140/2715 
f 2445/1140/2716 2446/1141/2716 2431/1126/2716 
f 2431/1126/2717 2446/1141/2717 2447/1142/2717 
f 2447/1142/2717 2432/1127/2717 2431/1126/2717 
f 2433/1128/2718 2432/1127/2718 2447/1142/2718 
f 2447/1142/2719 2448/1143/2719 2433/1128/2719 
f 2434/1129/2720 2433/1128/2720 2448/1143/2720 
f 2448/1143/2721 2449/1144/2721 2434/1129/2721 
f 2434/1129/2722 2449/1144/2722 2450/1145/2722 
f 2450/1145/2722 2435/1130/2722 2434/1129/2722 
f 2436/1131/2723 2435/1130/2723 2450/1145/2723 
f 2450/1145/2723 2451/1146/2723 2436/1131/2723 
f 2437/1132/2724 2436/1131/2724 2451/1146/2724 
f 2451/1146/2724 2452/1147/2724 2437/1132/2724 
f 2437/1132/2725 2452/1147/2725 2453/1148/2725 
f 2453/1148/2725 2438/1133/2725 2437/1132/2725 
f 2440/1135/2726 2439/1134/2726 2454/1149/2726 
f 2454/1149/2726 2455/1150/2726 2440/1135/2726 
f 2440/1135/2727 2455/1150/2727 2456/1151/2727 
f 2456/1151/2727 2441/1136/2727 2440/1135/2727 
f 2442/1137/2728 2441/1136/2728 2456/1151/2728 
f 2456/1151/2728 2457/1152/2728 2442/1137/2728 
f 2443/1138/2729 2442/1137/2729 2457/1152/2729 
f 2457/1152/2729 2458/1153/2729 2443/1138/2729 
f 2443/1138/2730 2458/1153/2730 2459/1154/2730 
f 2459/1154/2730 2444/1139/2730 2443/1138/2730 
f 2445/1140/2731 2444/1139/2731 2459/1154/2731 
f 2459/1154/2732 2460/1155/2732 2445/1140/2732 
f 2446/1141/2733 2445/1140/2733 2460/1155/2733 
f 2460/1155/2734 2461/1156/2734 2446/1141/2734 
f 2446/1141/2735 2461/1156/2735 2462/1157/2735 
f 2462/1157/2736 2447/1142/2736 2446/1141/2736 
f 2448/1143/2737 2447/1142/2737 2462/1157/2737 
f 2462/1157/2737 2463/1158/2737 2448/1143/2737 
f 2449/1144/2738 2448/1143/2738 2463/1158/2738 
f 2463/1158/2738 2464/1159/2738 2449/1144/2738 
f 2449/1144/2739 2464/1159/2739 2465/1160/2739 
f 2465/1160/2739 2450/1145/2739 2449/1144/2739 
f 2451/1146/2740 2450/1145/2740 2465/1160/2740 
f 2465/1160/2740 2466/1161/2740 2451/1146/2740 
f 2452/1147/2741 2451/1146/2741 2466/1161/2741 
f 2466/1161/2741 2467/1162/2741 2452/1147/2741 
f 2468/1163/2742 2453/1148/2742 2452/1147/2742 
f 2452/1147/2742 2467/1162/2742 2468/1163/2742 
f 2213/1165/2743 2246/940/2743 2469/1164/2743 
f 2469/1164/2743 2214/894/2743 2213/1165/2743 
f 2470/1166/2744 2469/1164/2744 2246/940/2744 
f 2246/940/2744 2245/941/2744 2470/1166/2744 
f 2471/1167/2745 2470/1166/2745 2245/941/2745 
f 2245/941/2745 2249/943/2745 2471/1167/2745 
f 2471/1167/2746 2249/943/2746 2251/945/2746 
f 2251/945/2746 2472/1168/2746 2471/1167/2746 
f 2473/1169/2747 2472/1168/2747 2251/945/2747 
f 2251/945/2747 2253/947/2747 2473/1169/2747 
f 2474/1170/2748 2473/1169/2748 2253/947/2748 
f 2253/947/2749 2255/949/2749 2474/1170/2749 
f 2257/951/2750 2475/1171/2750 2474/1170/2750 
f 2474/1170/2751 2255/949/2751 2257/951/2751 
f 2475/1171/2752 2257/951/2752 2259/953/2752 
f 2259/953/2753 2476/1172/2753 2475/1171/2753 
f 2477/1173/2754 2476/1172/2754 2259/953/2754 
f 2259/953/2754 2261/955/2754 2477/1173/2754 
f 2263/958/2755 2478/1174/2755 2477/1173/2755 
f 2477/1173/2756 2261/955/2756 2263/958/2756 
f 2478/1174/2757 2263/958/2757 2265/960/2757 
f 2265/960/2758 2479/1175/2758 2478/1174/2758 
f 2267/962/2759 2480/1176/2759 2479/1175/2759 
f 2479/1175/2760 2265/960/2760 2267/962/2760 
f 2269/964/2761 2481/1177/2761 2480/1176/2761 
f 2480/1176/2762 2267/962/2762 2269/964/2762 
f 2481/1177/2763 2269/964/2763 2271/966/2763 
f 2271/966/2763 2482/1178/2763 2481/1177/2763 
f 2273/967/2764 2483/1179/2764 2482/1178/2764 
f 2482/1178/2764 2271/966/2764 2273/967/2764 
f 2483/1179/2765 2273/967/2765 1586/1180/2765 
f 1586/1180/2765 1588/1181/2765 2483/1179/2765 
f 1595/1182/2766 1586/1180/2766 2273/967/2766 
f 2273/967/2766 2272/968/2766 1595/1182/2766 
f 2288/983/2767 1596/1183/2767 1595/1182/2767 
f 1595/1182/2767 2272/968/2767 2288/983/2767 
f 2303/998/2768 1597/1184/2768 1596/1183/2768 
f 1596/1183/2768 2288/983/2768 2303/998/2768 
f 2318/1013/2769 1598/1185/2769 1597/1184/2769 
f 1597/1184/2769 2303/998/2769 2318/1013/2769 
f 1599/1186/2770 1598/1185/2770 2318/1013/2770 
f 2318/1013/2770 2333/1028/2770 1599/1186/2770 
f 1600/1187/2771 1599/1186/2771 2333/1028/2771 
f 2333/1028/2771 2348/1043/2771 1600/1187/2771 
f 1581/1188/2772 1600/1187/2772 2348/1043/2772 
f 2348/1043/2772 2363/1058/2772 1581/1188/2772 
f 2378/1073/2773 1580/1189/2773 1581/1188/2773 
f 1581/1188/2773 2363/1058/2773 2378/1073/2773 
f 2393/1088/2774 1579/1190/2774 1580/1189/2774 
f 1580/1189/2774 2378/1073/2774 2393/1088/2774 
f 1579/1190/2775 2393/1088/2775 2408/1103/2775 
f 2408/1103/2775 1578/1191/2775 1579/1190/2775 
f 1578/1191/2776 2408/1103/2776 2423/1118/2776 
f 2423/1118/2776 1577/1192/2776 1578/1191/2776 
f 1576/1193/2777 1577/1192/2777 2423/1118/2777 
f 2423/1118/2777 2438/1133/2777 1576/1193/2777 
f 1575/1194/2778 1576/1193/2778 2438/1133/2778 
f 2438/1133/2778 2453/1148/2778 1575/1194/2778 
f 2468/1163/2779 1574/1195/2779 1575/1194/2779 
f 1575/1194/2779 2453/1148/2779 2468/1163/2779 
f 1756/1197/2780 1572/1196/2780 1574/1195/2780 
f 1574/1195/2780 2468/1163/2780 1756/1197/2780 
f 2467/1162/2781 1775/1198/2781 1756/1197/2781 
f 1756/1197/2781 2468/1163/2781 2467/1162/2781 
f 2467/1162/2782 2466/1161/2782 1774/1199/2782 
f 1774/1199/2782 1775/1198/2782 2467/1162/2782 
f 2466/1161/2783 2465/1160/2783 1773/1200/2783 
f 1773/1200/2783 1774/1199/2783 2466/1161/2783 
f 2464/1159/2784 1772/1201/2784 1773/1200/2784 
f 1773/1200/2784 2465/1160/2784 2464/1159/2784 
f 2464/1159/2785 2463/1158/2785 1771/1202/2785 
f 1771/1202/2786 1772/1201/2786 2464/1159/2786 
f 2463/1158/2787 2462/1157/2787 1770/1203/2787 
f 1770/1203/2787 1771/1202/2787 2463/1158/2787 
f 2461/1156/2788 1769/1204/2788 1770/1203/2788 
f 1770/1203/2789 2462/1157/2789 2461/1156/2789 
f 2461/1156/2790 2460/1155/2790 1768/1205/2790 
f 1768/1205/2790 1769/1204/2790 2461/1156/2790 
f 2460/1155/2791 2459/1154/2791 1767/1206/2791 
f 1767/1206/2791 1768/1205/2791 2460/1155/2791 
f 1767/1206/2792 2459/1154/2792 2458/1153/2792 
f 2458/1153/2792 1766/1207/2792 1767/1206/2792 
f 2457/1152/2793 1765/1208/2793 1766/1207/2793 
f 1766/1207/2793 2458/1153/2793 2457/1152/2793 
f 2456/1151/2794 1764/1209/2794 1765/1208/2794 
f 1765/1208/2794 2457/1152/2794 2456/1151/2794 
f 1764/1209/2795 2456/1151/2795 2455/1150/2795 
f 2455/1150/2795 1763/1210/2795 1764/1209/2795 
f 2454/1149/2796 1761/1211/2796 1763/1210/2796 
f 1763/1210/2796 2455/1150/2796 2454/1149/2796 
f 2230/1212/2797 1762/1213/2797 1761/1211/2797 
f 1761/1211/2797 2454/1149/2797 2230/1212/2797 
f 2230/1212/2798 2454/1149/2798 2439/1134/2798 
f 2439/1134/2798 2231/1214/2798 2230/1212/2798 
f 2232/1215/2799 2231/1214/2799 2439/1134/2799 
f 2439/1134/2799 2424/1119/2799 2232/1215/2799 
f 2232/1215/2800 2424/1119/2800 2409/1104/2800 
f 2409/1104/2800 2233/1216/2800 2232/1215/2800 
f 2409/1104/2801 2394/1089/2801 2234/1217/2801 
f 2234/1217/2801 2233/1216/2801 2409/1104/2801 
f 2234/1217/2802 2394/1089/2802 2380/1074/2802 
f 2380/1074/2802 2235/1218/2802 2234/1217/2802 
f 2365/1059/2803 2236/1219/2803 2235/1218/2803 
f 2235/1218/2803 2380/1074/2803 2365/1059/2803 
f 2222/1220/2804 2236/1219/2804 2365/1059/2804 
f 2365/1059/2804 2349/1044/2804 2222/1220/2804 
f 2221/1221/2805 2222/1220/2805 2349/1044/2805 
f 2349/1044/2805 2335/1029/2805 2221/1221/2805 
f 2221/1221/2806 2335/1029/2806 2320/1014/2806 
f 2320/1014/2806 2220/1222/2806 2221/1221/2806 
f 2320/1014/2807 2305/999/2807 2219/1223/2807 
f 2219/1223/2808 2220/1222/2808 2320/1014/2808 
f 2305/999/2809 2290/984/2809 2218/1224/2809 
f 2218/1224/2809 2219/1223/2809 2305/999/2809 
f 2275/969/2810 2217/1225/2810 2218/1224/2810 
f 2218/1224/2810 2290/984/2810 2275/969/2810 
f 2216/1226/2811 2217/1225/2811 2275/969/2811 
f 2275/969/2811 2247/939/2811 2216/1226/2811 
f 2246/940/2812 2213/1165/2812 2216/1226/2812 
f 2216/1226/2812 2247/939/2812 2246/940/2812 
f 2484/1230/2813 2485/1229/2813 2486/1228/2813 
f 2486/1228/2813 2487/1227/2813 2484/1230/2813 
f 2485/1229/2814 2484/1230/2814 2488/1231/2814 
f 2488/1231/2814 2489/1232/2814 2485/1229/2814 
f 2489/1232/2815 2488/1231/2815 2490/1234/2815 
f 2490/1234/2815 2491/1233/2815 2489/1232/2815 
f 2492/1236/2816 2493/1235/2816 2491/1233/2816 
f 2491/1233/2816 2490/1234/2816 2492/1236/2816 
f 2494/1238/2817 2495/1237/2817 2493/1235/2817 
f 2493/1235/2818 2492/1236/2818 2494/1238/2818 
f 2495/1237/2819 2494/1238/2819 2496/1240/2819 
f 2496/1240/2819 2497/1239/2819 2495/1237/2819 
f 2498/1242/2820 2499/1241/2821 2497/1239/2820 
f 2497/1239/2820 2496/1240/2820 2498/1242/2820 
f 2499/1241/2822 2498/1242/2822 2500/1244/2822 
f 2500/1244/2823 2501/1243/2823 2499/1241/2823 
f 2501/1243/2824 2500/1244/2824 2502/1246/2824 
f 2502/1246/2825 2503/1245/2825 2501/1243/2825 
f 2504/1248/2826 2505/1247/2826 2503/1245/2826 
f 2503/1245/2827 2502/1246/2827 2504/1248/2827 
f 2505/1247/2828 2504/1248/2828 2506/1249/2828 
f 2506/1249/2829 2507/1250/2829 2505/1247/2829 
f 2507/1250/2830 2506/1249/2830 2508/1252/2830 
f 2508/1252/2830 2509/1251/2830 2507/1250/2830 
f 2510/1254/2831 2511/1253/2831 2509/1251/2831 
f 2509/1251/2831 2508/1252/2831 2510/1254/2831 
f 2512/1256/2832 2513/1255/2832 2511/1253/2832 
f 2511/1253/2832 2510/1254/2832 2512/1256/2832 
f 2514/1258/2833 2484/1230/2833 2487/1227/2833 
f 2487/1227/2833 2515/1257/2833 2514/1258/2833 
f 2484/1230/2834 2514/1258/2834 2516/1259/2834 
f 2516/1259/2834 2488/1231/2834 2484/1230/2834 
f 2488/1231/2835 2516/1259/2835 2517/1260/2835 
f 2517/1260/2835 2490/1234/2835 2488/1231/2835 
f 2518/1261/2836 2492/1236/2836 2490/1234/2836 
f 2490/1234/2836 2517/1260/2836 2518/1261/2836 
f 2519/1262/2837 2494/1238/2837 2492/1236/2837 
f 2492/1236/2837 2518/1261/2837 2519/1262/2837 
f 2494/1238/2838 2519/1262/2838 2520/1263/2838 
f 2520/1263/2838 2496/1240/2838 2494/1238/2838 
f 2521/1264/2839 2498/1242/2839 2496/1240/2839 
f 2496/1240/2840 2520/1263/2840 2521/1264/2840 
f 2522/1265/2841 2500/1244/2841 2498/1242/2841 
f 2498/1242/2842 2521/1264/2842 2522/1265/2842 
f 2500/1244/2843 2522/1265/2843 2523/1266/2843 
f 2523/1266/2844 2502/1246/2844 2500/1244/2844 
f 2524/1267/2845 2504/1248/2845 2502/1246/2845 
f 2502/1246/2845 2523/1266/2845 2524/1267/2845 
f 2525/1268/2846 2506/1249/2846 2504/1248/2846 
f 2504/1248/2846 2524/1267/2846 2525/1268/2846 
f 2506/1249/2847 2525/1268/2847 2526/1269/2847 
f 2526/1269/2847 2508/1252/2847 2506/1249/2847 
f 2527/1270/2848 2510/1254/2848 2508/1252/2848 
f 2508/1252/2848 2526/1269/2848 2527/1270/2848 
f 2528/1271/2849 2512/1256/2849 2510/1254/2849 
f 2510/1254/2849 2527/1270/2849 2528/1271/2849 
f 2529/1273/2850 2514/1258/2850 2515/1257/2850 
f 2515/1257/2850 2530/1272/2850 2529/1273/2850 
f 2514/1258/2851 2529/1273/2851 2531/1274/2851 
f 2531/1274/2851 2516/1259/2851 2514/1258/2851 
f 2516/1259/2852 2531/1274/2852 2532/1275/2852 
f 2532/1275/2852 2517/1260/2852 2516/1259/2852 
f 2533/1276/2853 2518/1261/2853 2517/1260/2853 
f 2517/1260/2853 2532/1275/2853 2533/1276/2853 
f 2518/1261/2854 2533/1276/2854 2534/1277/2854 
f 2534/1277/2854 2519/1262/2854 2518/1261/2854 
f 2519/1262/2855 2534/1277/2855 2535/1278/2855 
f 2535/1278/2855 2520/1263/2855 2519/1262/2855 
f 2536/1279/2856 2521/1264/2856 2520/1263/2856 
f 2520/1263/2857 2535/1278/2857 2536/1279/2857 
f 2521/1264/2858 2536/1279/2858 2537/1280/2858 
f 2537/1280/2859 2522/1265/2859 2521/1264/2859 
f 2522/1265/2860 2537/1280/2860 2538/1281/2860 
f 2538/1281/2861 2523/1266/2861 2522/1265/2861 
f 2539/1282/2862 2524/1267/2862 2523/1266/2862 
f 2523/1266/2862 2538/1281/2862 2539/1282/2862 
f 2540/1283/2863 2525/1268/2863 2524/1267/2863 
f 2524/1267/2863 2539/1282/2863 2540/1283/2863 
f 2525/1268/2864 2540/1283/2864 2541/1284/2864 
f 2541/1284/2864 2526/1269/2864 2525/1268/2864 
f 2542/1285/2865 2527/1270/2865 2526/1269/2865 
f 2526/1269/2865 2541/1284/2865 2542/1285/2865 
f 2543/1286/2866 2528/1271/2866 2527/1270/2866 
f 2527/1270/2866 2542/1285/2866 2543/1286/2866 
f 2544/1288/2867 2529/1273/2867 2530/1272/2867 
f 2530/1272/2867 2545/1287/2867 2544/1288/2867 
f 2529/1273/2868 2544/1288/2868 2546/1289/2868 
f 2546/1289/2868 2531/1274/2868 2529/1273/2868 
f 2531/1274/2869 2546/1289/2869 2547/1290/2869 
f 2547/1290/2869 2532/1275/2869 2531/1274/2869 
f 2548/1291/2870 2533/1276/2870 2532/1275/2870 
f 2532/1275/2870 2547/1290/2870 2548/1291/2870 
f 2533/1276/2871 2548/1291/2871 2549/1292/2871 
f 2549/1292/2871 2534/1277/2871 2533/1276/2871 
f 2534/1277/2872 2549/1292/2872 2550/1293/2872 
f 2550/1293/2873 2535/1278/2873 2534/1277/2873 
f 2535/1278/2874 2550/1293/2874 2551/1294/2874 
f 2551/1294/2875 2536/1279/2875 2535/1278/2875 
f 2536/1279/2876 2551/1294/2876 2552/1295/2876 
f 2552/1295/2877 2537/1280/2877 2536/1279/2877 
f 2537/1280/2878 2552/1295/2878 2553/1296/2878 
f 2553/1296/2879 2538/1281/2879 2537/1280/2879 
f 2554/1297/2880 2539/1282/2880 2538/1281/2880 
f 2538/1281/2880 2553/1296/2880 2554/1297/2880 
f 2555/1298/2881 2540/1283/2881 2539/1282/2881 
f 2539/1282/2882 2554/1297/2882 2555/1298/2882 
f 2540/1283/2883 2555/1298/2883 2556/1299/2883 
f 2556/1299/2883 2541/1284/2883 2540/1283/2883 
f 2557/1300/2884 2542/1285/2884 2541/1284/2884 
f 2541/1284/2884 2556/1299/2884 2557/1300/2884 
f 2558/1301/2885 2543/1286/2885 2542/1285/2885 
f 2542/1285/2885 2557/1300/2885 2558/1301/2885 
f 2559/1303/2886 2544/1288/2886 2545/1287/2886 
f 2545/1287/2886 2560/1302/2886 2559/1303/2886 
f 2544/1288/2887 2559/1303/2887 2561/1304/2887 
f 2561/1304/2887 2546/1289/2887 2544/1288/2887 
f 2546/1289/2888 2561/1304/2888 2562/1305/2888 
f 2562/1305/2888 2547/1290/2888 2546/1289/2888 
f 2563/1306/2889 2548/1291/2889 2547/1290/2889 
f 2547/1290/2889 2562/1305/2889 2563/1306/2889 
f 2564/1307/2890 2549/1292/2890 2548/1291/2890 
f 2548/1291/2890 2563/1306/2890 2564/1307/2890 
f 2549/1292/2891 2564/1307/2891 2565/1308/2891 
f 2565/1308/2892 2550/1293/2892 2549/1292/2892 
f 2566/1309/2893 2551/1294/2893 2550/1293/2893 
f 2550/1293/2894 2565/1308/2894 2566/1309/2894 
f 2551/1294/2895 2566/1309/2895 2567/1310/2895 
f 2567/1310/2895 2552/1295/2895 2551/1294/2895 
f 2552/1295/2896 2567/1310/2896 2568/1311/2896 
f 2568/1311/2896 2553/1296/2896 2552/1295/2896 
f 2569/1312/2897 2554/1297/2897 2553/1296/2897 
f 2553/1296/2897 2568/1311/2897 2569/1312/2897 
f 2570/1313/2898 2555/1298/2898 2554/1297/2898 
f 2554/1297/2898 2569/1312/2898 2570/1313/2898 
f 2555/1298/2899 2570/1313/2899 2571/1314/2899 
f 2571/1314/2899 2556/1299/2899 2555/1298/2899 
f 2572/1315/2900 2557/1300/2900 2556/1299/2900 
f 2556/1299/2900 2571/1314/2900 2572/1315/2900 
f 2573/1316/2901 2558/1301/2901 2557/1300/2901 
f 2557/1300/2901 2572/1315/2901 2573/1316/2901 
f 2574/1317/2902 2559/1303/2902 2560/1302/2902 
f 2560/1302/2902 2575/1318/2902 2574/1317/2902 
f 2559/1303/2903 2574/1317/2903 2576/1319/2903 
f 2576/1319/2903 2561/1304/2903 2559/1303/2903 
f 2561/1304/2904 2576/1319/2904 2577/1320/2904 
f 2577/1320/2904 2562/1305/2904 2561/1304/2904 
f 2578/1321/2905 2563/1306/2905 2562/1305/2905 
f 2562/1305/2905 2577/1320/2905 2578/1321/2905 
f 2563/1306/2906 2578/1321/2906 2579/1322/2906 
f 2579/1322/2906 2564/1307/2906 2563/1306/2906 
f 2580/1323/2907 2565/1308/2907 2564/1307/2907 
f 2564/1307/2908 2579/1322/2908 2580/1323/2908 
f 2581/1324/2909 2566/1309/2909 2565/1308/2909 
f 2565/1308/2910 2580/1323/2910 2581/1324/2910 
f 2582/1325/2911 2567/1310/2911 2566/1309/2911 
f 2566/1309/2912 2581/1324/2912 2582/1325/2912 
f 2583/1326/2913 2568/1311/2913 2567/1310/2913 
f 2567/1310/2914 2582/1325/2914 2583/1326/2914 
f 2584/1327/2915 2569/1312/2915 2568/1311/2915 
f 2568/1311/2916 2583/1326/2916 2584/1327/2916 
f 2585/1328/2917 2570/1313/2917 2569/1312/2917 
f 2569/1312/2917 2584/1327/2917 2585/1328/2917 
f 2586/1329/2918 2571/1314/2918 2570/1313/2918 
f 2570/1313/2919 2585/1328/2919 2586/1329/2919 
f 2587/1330/2920 2572/1315/2920 2571/1314/2920 
f 2571/1314/2920 2586/1329/2920 2587/1330/2920 
f 2588/1331/2921 2573/1316/2921 2572/1315/2921 
f 2572/1315/2921 2587/1330/2921 2588/1331/2921 
f 2589/1332/2922 2574/1317/2922 2575/1318/2922 
f 2575/1318/2923 2590/1333/2923 2589/1332/2923 
f 2591/1334/2924 2576/1319/2924 2574/1317/2924 
f 2574/1317/2925 2589/1332/2925 2591/1334/2925 
f 2592/1335/2926 2577/1320/2926 2576/1319/2926 
f 2576/1319/2926 2591/1334/2926 2592/1335/2926 
f 2593/1336/2927 2578/1321/2927 2577/1320/2927 
f 2577/1320/2928 2592/1335/2928 2593/1336/2928 
f 2578/1321/2929 2593/1336/2929 2594/1337/2929 
f 2594/1337/2930 2579/1322/2930 2578/1321/2930 
f 2579/1322/2931 2594/1337/2931 2595/1338/2931 
f 2595/1338/2932 2580/1323/2932 2579/1322/2932 
f 2596/1339/2933 2581/1324/2933 2580/1323/2933 
f 2580/1323/2934 2595/1338/2934 2596/1339/2934 
f 2597/1340/2935 2582/1325/2935 2581/1324/2935 
f 2581/1324/2936 2596/1339/2936 2597/1340/2936 
f 2582/1325/2937 2597/1340/2937 2598/1341/2937 
f 2598/1341/2938 2583/1326/2938 2582/1325/2938 
f 2599/1342/2939 2584/1327/2939 2583/1326/2939 
f 2583/1326/2940 2598/1341/2940 2599/1342/2940 
f 2584/1327/2941 2599/1342/2941 2600/1343/2941 
f 2600/1343/2942 2585/1328/2942 2584/1327/2942 
f 2585/1328/2943 2600/1343/2943 2601/1344/2943 
f 2601/1344/2943 2586/1329/2943 2585/1328/2943 
f 2602/1345/2944 2587/1330/2944 2586/1329/2944 
f 2586/1329/2944 2601/1344/2944 2602/1345/2944 
f 2603/1346/2945 2588/1331/2945 2587/1330/2945 
f 2587/1330/2945 2602/1345/2945 2603/1346/2945 
f 2604/1347/2946 2589/1332/2946 2590/1333/2946 
f 2590/1333/2946 2605/1348/2946 2604/1347/2946 
f 2589/1332/2947 2604/1347/2947 2606/1349/2947 
f 2606/1349/2948 2591/1334/2948 2589/1332/2948 
f 2591/1334/2949 2606/1349/2949 2607/1350/2949 
f 2607/1350/2949 2592/1335/2949 2591/1334/2949 
f 2608/1351/2950 2593/1336/2950 2592/1335/2950 
f 2592/1335/2951 2607/1350/2951 2608/1351/2951 
f 2593/1336/2952 2608/1351/2952 2609/1352/2952 
f 2609/1352/2953 2594/1337/2953 2593/1336/2953 
f 2594/1337/2954 2609/1352/2954 2610/1353/2954 
f 2610/1353/2955 2595/1338/2955 2594/1337/2955 
f 2611/1354/2956 2596/1339/2956 2595/1338/2956 
f 2595/1338/2957 2610/1353/2957 2611/1354/2957 
f 2612/1355/2958 2597/1340/2958 2596/1339/2958 
f 2596/1339/2959 2611/1354/2959 2612/1355/2959 
f 2597/1340/2960 2612/1355/2960 2613/1356/2960 
f 2613/1356/2961 2598/1341/2961 2597/1340/2961 
f 2614/1357/2962 2599/1342/2962 2598/1341/2962 
f 2598/1341/2963 2613/1356/2963 2614/1357/2963 
f 2615/1358/2964 2600/1343/2964 2599/1342/2964 
f 2599/1342/2965 2614/1357/2965 2615/1358/2965 
f 2600/1343/2966 2615/1358/2966 2616/1359/2966 
f 2616/1359/2966 2601/1344/2966 2600/1343/2966 
f 2617/1360/2967 2602/1345/2967 2601/1344/2967 
f 2601/1344/2968 2616/1359/2968 2617/1360/2968 
f 2602/1345/2969 2617/1360/2969 2618/1361/2969 
f 2618/1361/2969 2603/1346/2969 2602/1345/2969 
f 2619/1362/2970 2604/1347/2970 2605/1348/2970 
f 2605/1348/2970 2620/1363/2970 2619/1362/2970 
f 2621/1364/2971 2606/1349/2971 2604/1347/2971 
f 2604/1347/2971 2619/1362/2971 2621/1364/2971 
f 2606/1349/2972 2621/1364/2972 2622/1365/2972 
f 2622/1365/2972 2607/1350/2972 2606/1349/2972 
f 2623/1366/2973 2608/1351/2973 2607/1350/2973 
f 2607/1350/2973 2622/1365/2973 2623/1366/2973 
f 2608/1351/2974 2623/1366/2974 2624/1367/2974 
f 2624/1367/2974 2609/1352/2974 2608/1351/2974 
f 2609/1352/2975 2624/1367/2975 2625/1368/2975 
f 2625/1368/2976 2610/1353/2976 2609/1352/2976 
f 2626/1369/2977 2611/1354/2977 2610/1353/2977 
f 2610/1353/2978 2625/1368/2978 2626/1369/2978 
f 2611/1354/2979 2626/1369/2979 2627/1370/2979 
f 2627/1370/2980 2612/1355/2980 2611/1354/2980 
f 2612/1355/2981 2627/1370/2981 2628/1371/2981 
f 2628/1371/2982 2613/1356/2982 2612/1355/2982 
f 2629/1372/2983 2614/1357/2983 2613/1356/2983 
f 2613/1356/2984 2628/1371/2984 2629/1372/2984 
f 2614/1357/2985 2629/1372/2985 2630/1373/2985 
f 2630/1373/2986 2615/1358/2986 2614/1357/2986 
f 2615/1358/2987 2630/1373/2987 2631/1374/2987 
f 2631/1374/2988 2616/1359/2988 2615/1358/2988 
f 2632/1375/2989 2617/1360/2989 2616/1359/2989 
f 2616/1359/2989 2631/1374/2989 2632/1375/2989 
f 2617/1360/2990 2632/1375/2990 2633/1376/2990 
f 2633/1376/2991 2618/1361/2991 2617/1360/2991 
f 2634/1377/2992 2619/1362/2992 2620/1363/2992 
f 2620/1363/2992 2635/1378/2992 2634/1377/2992 
f 2636/1379/2993 2621/1364/2993 2619/1362/2993 
f 2619/1362/2993 2634/1377/2993 2636/1379/2993 
f 2621/1364/2994 2636/1379/2994 2637/1380/2994 
f 2637/1380/2994 2622/1365/2994 2621/1364/2994 
f 2638/1381/2995 2623/1366/2995 2622/1365/2995 
f 2622/1365/2995 2637/1380/2995 2638/1381/2995 
f 2623/1366/2996 2638/1381/2996 2639/1382/2996 
f 2639/1382/2996 2624/1367/2996 2623/1366/2996 
f 2624/1367/2997 2639/1382/2997 2640/1383/2997 
f 2640/1383/2997 2625/1368/2997 2624/1367/2997 
f 2641/1384/2998 2626/1369/2998 2625/1368/2998 
f 2625/1368/2998 2640/1383/2998 2641/1384/2998 
f 2642/1385/2999 2627/1370/2999 2626/1369/2999 
f 2626/1369/2999 2641/1384/2999 2642/1385/2999 
f 2627/1370/3000 2642/1385/3000 2643/1386/3000 
f 2643/1386/3001 2628/1371/3001 2627/1370/3001 
f 2644/1387/3002 2629/1372/3002 2628/1371/3002 
f 2628/1371/3003 2643/1386/3003 2644/1387/3003 
f 2629/1372/3004 2644/1387/3004 2645/1388/3004 
f 2645/1388/3004 2630/1373/3004 2629/1372/3004 
f 2630/1373/3005 2645/1388/3005 2646/1389/3005 
f 2646/1389/3005 2631/1374/3005 2630/1373/3005 
f 2647/1390/3006 2632/1375/3006 2631/1374/3006 
f 2631/1374/3006 2646/1389/3006 2647/1390/3006 
f 2632/1375/3007 2647/1390/3007 2648/1391/3007 
f 2648/1391/3007 2633/1376/3007 2632/1375/3007 
f 2649/1392/3008 2634/1377/3008 2635/1378/3008 
f 2635/1378/3008 2650/1393/3008 2649/1392/3008 
f 2651/1394/3009 2636/1379/3009 2634/1377/3009 
f 2634/1377/3009 2649/1392/3009 2651/1394/3009 
f 2636/1379/3010 2651/1394/3010 2652/1395/3010 
f 2652/1395/3010 2637/1380/3010 2636/1379/3010 
f 2653/1396/3011 2638/1381/3011 2637/1380/3011 
f 2637/1380/3011 2652/1395/3011 2653/1396/3011 
f 2654/1397/3012 2639/1382/3012 2638/1381/3012 
f 2638/1381/3012 2653/1396/3012 2654/1397/3012 
f 2639/1382/3013 2654/1397/3013 2655/1398/3013 
f 2655/1398/3013 2640/1383/3013 2639/1382/3013 
f 2656/1399/3014 2641/1384/3014 2640/1383/3014 
f 2640/1383/3014 2655/1398/3014 2656/1399/3014 
f 2657/1400/3015 2642/1385/3015 2641/1384/3015 
f 2641/1384/3016 2656/1399/3016 2657/1400/3016 
f 2642/1385/3017 2657/1400/3017 2658/1401/3017 
f 2658/1401/3018 2643/1386/3018 2642/1385/3018 
f 2659/1402/3019 2644/1387/3019 2643/1386/3019 
f 2643/1386/3019 2658/1401/3019 2659/1402/3019 
f 2644/1387/3020 2659/1402/3020 2660/1403/3020 
f 2660/1403/3020 2645/1388/3020 2644/1387/3020 
f 2645/1388/3021 2660/1403/3021 2661/1404/3021 
f 2661/1404/3022 2646/1389/3022 2645/1388/3022 
f 2662/1405/3023 2647/1390/3023 2646/1389/3023 
f 2646/1389/3023 2661/1404/3023 2662/1405/3023 
f 2647/1390/3024 2662/1405/3024 2663/1406/3024 
f 2663/1406/3024 2648/1391/3024 2647/1390/3024 
f 2664/1407/3025 2649/1392/3025 2650/1393/3025 
f 2650/1393/3025 2665/1408/3025 2664/1407/3025 
f 2666/1409/3026 2651/1394/3026 2649/1392/3026 
f 2649/1392/3026 2664/1407/3026 2666/1409/3026 
f 2651/1394/3027 2666/1409/3027 2667/1410/3027 
f 2667/1410/3027 2652/1395/3027 2651/1394/3027 
f 2668/1411/3028 2653/1396/3028 2652/1395/3028 
f 2652/1395/3028 2667/1410/3028 2668/1411/3028 
f 2669/1412/3029 2654/1397/3029 2653/1396/3029 
f 2653/1396/3029 2668/1411/3029 2669/1412/3029 
f 2670/1413/3030 2655/1398/3030 2654/1397/3030 
f 2654/1397/3030 2669/1412/3030 2670/1413/3030 
f 2671/1414/3031 2656/1399/3031 2655/1398/3031 
f 2655/1398/3031 2670/1413/3031 2671/1414/3031 
f 2656/1399/3032 2671/1414/3032 2672/1415/3032 
f 2672/1415/3032 2657/1400/3032 2656/1399/3032 
f 2657/1400/3033 2672/1415/3033 2673/1416/3033 
f 2673/1416/3034 2658/1401/3034 2657/1400/3034 
f 2674/1417/3035 2659/1402/3035 2658/1401/3035 
f 2658/1401/3036 2673/1416/3036 2674/1417/3036 
f 2675/1418/3037 2660/1403/3037 2659/1402/3037 
f 2659/1402/3037 2674/1417/3037 2675/1418/3037 
f 2676/1419/3038 2661/1404/3038 2660/1403/3038 
f 2660/1403/3038 2675/1418/3038 2676/1419/3038 
f 2677/1420/3039 2662/1405/3039 2661/1404/3039 
f 2661/1404/3039 2676/1419/3039 2677/1420/3039 
f 2663/1406/3040 2662/1405/3040 2677/1420/3040 
f 2677/1420/3040 2678/1421/3040 2663/1406/3040 
f 2679/1422/3041 2664/1407/3041 2665/1408/3041 
f 2665/1408/3041 2680/1423/3041 2679/1422/3041 
f 2681/1424/3042 2666/1409/3042 2664/1407/3042 
f 2664/1407/3042 2679/1422/3042 2681/1424/3042 
f 2682/1425/3043 2667/1410/3043 2666/1409/3043 
f 2666/1409/3043 2681/1424/3043 2682/1425/3043 
f 2683/1426/3044 2668/1411/3044 2667/1410/3044 
f 2667/1410/3044 2682/1425/3044 2683/1426/3044 
f 2668/1411/3045 2683/1426/3045 2684/1427/3045 
f 2684/1427/3045 2669/1412/3045 2668/1411/3045 
f 2685/1428/3046 2670/1413/3046 2669/1412/3046 
f 2669/1412/3046 2684/1427/3046 2685/1428/3046 
f 2686/1429/3047 2671/1414/3047 2670/1413/3047 
f 2670/1413/3048 2685/1428/3048 2686/1429/3048 
f 2671/1414/3049 2686/1429/3049 2687/1430/3049 
f 2687/1430/3050 2672/1415/3050 2671/1414/3050 
f 2688/1431/3051 2673/1416/3051 2672/1415/3051 
f 2672/1415/3052 2687/1430/3052 2688/1431/3052 
f 2689/1432/3053 2674/1417/3053 2673/1416/3053 
f 2673/1416/3053 2688/1431/3053 2689/1432/3053 
f 2674/1417/3054 2689/1432/3054 2690/1433/3054 
f 2690/1433/3054 2675/1418/3054 2674/1417/3054 
f 2676/1419/3055 2675/1418/3055 2690/1433/3055 
f 2690/1433/3055 2691/1434/3055 2676/1419/3056 
f 2677/1420/3057 2676/1419/3057 2691/1434/3057 
f 2691/1434/3057 2692/1435/3057 2677/1420/3057 
f 2678/1421/3058 2677/1420/3058 2692/1435/3058 
f 2692/1435/3058 2693/1436/3058 2678/1421/3058 
f 2694/1437/3059 2679/1422/3059 2680/1423/3059 
f 2680/1423/3059 2695/1438/3059 2694/1437/3059 
f 2679/1422/3060 2694/1437/3060 2696/1439/3060 
f 2696/1439/3060 2681/1424/3060 2679/1422/3060 
f 2682/1425/3061 2681/1424/3061 2696/1439/3061 
f 2696/1439/3061 2697/1440/3061 2682/1425/3061 
f 2683/1426/3062 2682/1425/3062 2697/1440/3062 
f 2697/1440/3062 2698/1441/3062 2683/1426/3062 
f 2683/1426/3063 2698/1441/3063 2699/1442/3063 
f 2699/1442/3063 2684/1427/3063 2683/1426/3063 
f 2685/1428/3064 2684/1427/3064 2699/1442/3064 
f 2699/1442/3065 2700/1443/3065 2685/1428/3065 
f 2686/1429/3066 2685/1428/3066 2700/1443/3066 
f 2700/1443/3066 2701/1444/3066 2686/1429/3066 
f 2686/1429/3067 2701/1444/3067 2702/1445/3067 
f 2702/1445/3068 2687/1430/3068 2686/1429/3068 
f 2688/1431/3069 2687/1430/3069 2702/1445/3069 
f 2702/1445/3070 2703/1446/3070 2688/1431/3070 
f 2689/1432/3071 2688/1431/3071 2703/1446/3071 
f 2703/1446/3072 2704/1447/3072 2689/1432/3072 
f 2689/1432/3073 2704/1447/3073 2705/1448/3073 
f 2705/1448/3073 2690/1433/3073 2689/1432/3073 
f 2691/1434/3074 2690/1433/3074 2705/1448/3074 
f 2705/1448/3074 2706/1449/3074 2691/1434/3074 
f 2692/1435/3075 2691/1434/3075 2706/1449/3075 
f 2706/1449/3075 2707/1450/3075 2692/1435/3075 
f 2692/1435/3076 2707/1450/3076 2708/1451/3076 
f 2708/1451/3076 2693/1436/3076 2692/1435/3076 
f 2483/1179/3077 1588/1181/3077 1587/1452/3077 
f 1587/1452/3077 2486/1228/3077 2483/1179/3077 
f 2485/1229/3078 2482/1178/3078 2483/1179/3078 
f 2483/1179/3078 2486/1228/3078 2485/1229/3078 
f 2489/1232/3079 2481/1177/3079 2482/1178/3079 
f 2482/1178/3079 2485/1229/3079 2489/1232/3079 
f 2491/1233/3080 2480/1176/3080 2481/1177/3080 
f 2481/1177/3081 2489/1232/3081 2491/1233/3081 
f 2493/1235/3082 2479/1175/3082 2480/1176/3082 
f 2480/1176/3082 2491/1233/3082 2493/1235/3082 
f 2495/1237/3083 2478/1174/3083 2479/1175/3083 
f 2479/1175/3083 2493/1235/3083 2495/1237/3083 
f 2497/1239/3084 2477/1173/3084 2478/1174/3084 
f 2478/1174/3085 2495/1237/3085 2497/1239/3085 
f 2499/1241/3086 2476/1172/3086 2477/1173/3086 
f 2477/1173/3087 2497/1239/3087 2499/1241/3087 
f 2501/1243/3088 2475/1171/3088 2476/1172/3088 
f 2476/1172/3089 2499/1241/3089 2501/1243/3089 
f 2503/1245/3090 2474/1170/3090 2475/1171/3090 
f 2475/1171/3091 2501/1243/3091 2503/1245/3091 
f 2505/1247/3092 2473/1169/3092 2474/1170/3092 
f 2474/1170/3093 2503/1245/3093 2505/1247/3093 
f 2507/1250/3094 2472/1168/3094 2473/1169/3094 
f 2473/1169/3095 2505/1247/3095 2507/1250/3095 
f 2509/1251/3096 2471/1167/3096 2472/1168/3096 
f 2472/1168/3097 2507/1250/3097 2509/1251/3097 
f 2511/1253/3098 2470/1166/3098 2471/1167/3098 
f 2471/1167/3098 2509/1251/3098 2511/1253/3098 
f 2513/1255/3099 2469/1164/3099 2470/1166/3099 
f 2470/1166/3099 2511/1253/3099 2513/1255/3099 
f 2215/893/3100 2214/894/3100 2469/1164/3100 
f 2469/1164/3100 2513/1255/3100 2215/893/3100 
f 2215/893/3101 2513/1255/3101 2512/1256/3101 
f 2512/1256/3101 2223/903/3101 2215/893/3101 
f 2223/903/3102 2512/1256/3102 2528/1271/3102 
f 2528/1271/3102 2224/904/3102 2223/903/3102 
f 2528/1271/3103 2543/1286/3103 2225/905/3103 
f 2225/905/3103 2224/904/3103 2528/1271/3103 
f 2558/1301/3104 2226/906/3104 2225/905/3104 
f 2225/905/3104 2543/1286/3104 2558/1301/3104 
f 2558/1301/3105 2573/1316/3105 2227/907/3105 
f 2227/907/3105 2226/906/3105 2558/1301/3105 
f 2588/1331/3106 2228/908/3106 2227/907/3106 
f 2227/907/3106 2573/1316/3106 2588/1331/3106 
f 2588/1331/3107 2603/1346/3107 2229/909/3107 
f 2229/909/3107 2228/908/3107 2588/1331/3107 
f 2618/1361/3108 2243/932/3108 2229/909/3108 
f 2229/909/3109 2603/1346/3109 2618/1361/3109 
f 2618/1361/3110 2633/1376/3110 2242/931/3110 
f 2242/931/3110 2243/932/3110 2618/1361/3110 
f 2241/930/3111 2242/931/3111 2633/1376/3111 
f 2633/1376/3111 2648/1391/3111 2241/930/3111 
f 2240/929/3112 2241/930/3112 2648/1391/3112 
f 2648/1391/3113 2663/1406/3112 2240/929/3112 
f 2239/928/3114 2240/929/3114 2663/1406/3114 
f 2663/1406/3114 2678/1421/3114 2239/928/3114 
f 2693/1436/3115 2238/927/3115 2239/928/3115 
f 2239/928/3115 2678/1421/3115 2693/1436/3115 
f 2708/1451/3116 2237/925/3116 2238/927/3116 
f 2238/927/3116 2693/1436/3116 2708/1451/3116 
f 2708/1451/3117 2015/664/3117 2017/666/3117 
f 2017/666/3117 2237/925/3117 2708/1451/3117 
f 2708/1451/3118 2707/1450/3118 2014/663/3118 
f 2014/663/3118 2015/664/3118 2708/1451/3118 
f 2014/663/3119 2707/1450/3119 2706/1449/3119 
f 2706/1449/3119 2013/662/3119 2014/663/3119 
f 2013/662/3120 2706/1449/3120 2705/1448/3120 
f 2705/1448/3121 2012/661/3121 2013/662/3121 
f 2705/1448/3122 2704/1447/3122 2011/660/3122 
f 2011/660/3123 2012/661/3123 2705/1448/3123 
f 2011/660/3124 2704/1447/3124 2703/1446/3124 
f 2703/1446/3125 2010/659/3125 2011/660/3125 
f 2010/659/3126 2703/1446/3126 2702/1445/3126 
f 2702/1445/3127 2009/658/3127 2010/659/3127 
f 2702/1445/3128 2701/1444/3128 2008/657/3128 
f 2008/657/3128 2009/658/3128 2702/1445/3128 
f 2008/657/3129 2701/1444/3129 2700/1443/3129 
f 2700/1443/3130 2007/656/3130 2008/657/3130 
f 2700/1443/3131 2699/1442/3131 2006/655/3131 
f 2006/655/3131 2007/656/3131 2700/1443/3131 
f 2699/1442/3132 2698/1441/3132 2005/654/3132 
f 2005/654/3133 2006/655/3133 2699/1442/3133 
f 2005/654/3134 2698/1441/3134 2697/1440/3134 
f 2697/1440/3134 2004/653/3134 2005/654/3134 
f 2697/1440/3135 2696/1439/3135 2003/652/3135 
f 2003/652/3136 2004/653/3136 2697/1440/3136 
f 2696/1439/3137 2694/1437/3137 2002/651/3137 
f 2002/651/3137 2003/652/3137 2696/1439/3137 
f 2002/651/3138 2694/1437/3138 2695/1438/3138 
f 2695/1438/3138 2001/649/3138 2002/651/3138 
f 1545/1453/3139 1544/648/3139 2001/649/3139 
f 2001/649/3139 2695/1438/3139 1545/1453/3139 
f 1553/1454/3140 1545/1453/3140 2695/1438/3140 
f 2695/1438/3140 2680/1423/3140 1553/1454/3140 
f 1554/1455/3141 1553/1454/3141 2680/1423/3141 
f 2680/1423/3141 2665/1408/3141 1554/1455/3141 
f 1555/1456/3142 1554/1455/3142 2665/1408/3142 
f 2665/1408/3142 2650/1393/3142 1555/1456/3142 
f 2635/1378/3143 1556/1457/3143 1555/1456/3143 
f 1555/1456/3143 2650/1393/3143 2635/1378/3143 
f 1557/1458/3144 1556/1457/3144 2635/1378/3144 
f 2635/1378/3144 2620/1363/3144 1557/1458/3144 
f 1558/1459/3145 1557/1458/3145 2620/1363/3145 
f 2620/1363/3145 2605/1348/3145 1558/1459/3145 
f 1559/1460/3146 1558/1459/3146 2605/1348/3146 
f 2605/1348/3146 2590/1333/3146 1559/1460/3146 
f 2575/1318/3147 1594/1461/3147 1559/1460/3147 
f 1559/1460/3147 2590/1333/3147 2575/1318/3147 
f 2560/1302/3148 1593/1462/3148 1594/1461/3148 
f 1594/1461/3148 2575/1318/3148 2560/1302/3148 
f 1592/1463/3149 1593/1462/3149 2560/1302/3149 
f 2560/1302/3149 2545/1287/3149 1592/1463/3149 
f 1591/1464/3150 1592/1463/3150 2545/1287/3150 
f 2545/1287/3150 2530/1272/3150 1591/1464/3150 
f 1590/1465/3151 1591/1464/3151 2530/1272/3151 
f 2530/1272/3152 2515/1257/3152 1590/1465/3152 
f 1589/1466/3153 1590/1465/3153 2515/1257/3153 
f 2515/1257/3153 2487/1227/3153 1589/1466/3153 
f 2487/1227/3154 2486/1228/3154 1587/1452/3154 
f 1587/1452/3154 1589/1466/3154 2487/1227/3154 
f 1397/39/3155 48/39/3155 49/40/3155 
f 49/40/3155 1398/40/3155 1397/39/3155 
f 50/41/3156 1399/41/3156 1398/40/3156 
f 1398/40/3157 49/40/3157 50/41/3157 
f 1397/39/3158 1405/47/3158 56/47/3158 
f 56/47/3158 48/39/3158 1397/39/3158 
f 1405/47/3159 1411/53/3159 62/53/3159 
f 62/53/3160 56/47/3160 1405/47/3160 
f 1418/60/3161 69/60/3161 70/61/3161 
f 70/61/3162 1419/61/3161 1418/60/3161 
f 1418/60/3163 1424/66/3163 75/66/3163 
f 75/66/3163 69/60/3163 1418/60/3163 
f 76/67/3164 75/66/3164 1424/66/3164 
f 1424/66/3164 1425/67/3164 76/67/3164 
f 1430/72/3165 81/72/3165 76/67/3165 
f 76/67/3165 1425/67/3165 1430/72/3165 
f 86/77/3166 81/72/3166 1430/72/3166 
f 1430/72/3166 1435/77/3166 86/77/3166 
f 1440/82/3167 91/82/3167 86/77/3167 
f 86/77/3167 1435/77/3167 1440/82/3167 
f 1445/87/3168 96/87/3168 91/82/3168 
f 91/82/3168 1440/82/3168 1445/87/3168 
f 1478/120/3169 129/120/3169 130/121/3169 
f 130/121/3169 1479/121/3169 1478/120/3169 
f 131/122/3170 1480/122/3170 1479/121/3170 
f 1479/121/3170 130/121/3170 131/122/3170 
f 131/122/3171 132/123/3171 1481/123/3171 
f 1481/123/3171 1480/122/3171 131/122/3171 
f 1481/123/3172 132/123/3172 133/124/3172 
f 133/124/3172 1482/124/3172 1481/123/3172 
f 134/125/3173 1483/125/3173 1482/124/3173 
f 1482/124/3173 133/124/3173 134/125/3173 
f 1483/125/3174 134/125/3174 138/129/3174 
f 138/129/3174 1486/129/3174 1483/125/3174 
f 1486/129/3175 138/129/3175 137/128/3175 
f 137/128/3175 1487/128/3175 1486/129/3175 
f 1487/128/3176 137/128/3176 139/130/3176 
f 139/130/3176 1488/130/3176 1487/128/3176 
f 1534/176/3177 185/176/3177 186/177/3177 
f 186/177/3177 1535/177/3177 1534/176/3177 
f 186/177/3178 187/178/3178 1536/178/3178 
f 1536/178/3178 1535/177/3178 186/177/3178 
f 193/184/3179 185/176/3179 1534/176/3179 
f 1534/176/3179 1542/184/3179 193/184/3179 
f 50/41/3180 96/87/3180 1445/87/3180 
f 1445/87/3180 1399/41/3180 50/41/3180 
f 1488/130/3181 139/130/3181 193/184/3181 
f 193/184/3181 1542/184/3181 1488/130/3181 
f 187/178/3182 62/53/3182 1411/53/3182 
f 1411/53/3183 1536/178/3183 187/178/3183 
f 1565/207/3184 1419/61/3184 70/61/3184 
f 70/61/3184 216/207/3184 1565/207/3184 
f 1478/120/3185 1585/227/3185 236/227/3185 
f 236/227/3185 129/120/3185 1478/120/3185 
f 1607/249/3186 1608/250/3186 259/250/3186 
f 259/250/3186 258/249/3186 1607/249/3186 
f 1608/250/3187 1612/254/3187 263/254/3187 
f 263/254/3187 259/250/3187 1608/250/3187 
f 263/254/3188 1612/254/3188 1616/258/3188 
f 1616/258/3188 267/258/3188 263/254/3188 
f 1616/258/3189 1620/262/3189 271/262/3189 
f 271/262/3189 267/258/3189 1616/258/3189 
f 271/262/3190 1620/262/3190 1624/266/3190 
f 1624/266/3190 275/266/3190 271/262/3190 
f 279/270/3191 275/266/3191 1624/266/3191 
f 1624/266/3191 1628/270/3191 279/270/3191 
f 1632/274/3192 283/274/3192 279/270/3192 
f 279/270/3192 1628/270/3192 1632/274/3192 
f 1632/274/3193 1636/278/3193 287/278/3193 
f 287/278/3193 283/274/3193 1632/274/3193 
f 287/278/3194 1636/278/3194 1640/282/3194 
f 1640/282/3195 291/282/3195 287/278/3195 
f 295/286/3196 291/282/3196 1640/282/3196 
f 1640/282/3196 1644/286/3196 295/286/3196 
f 1648/290/3197 299/290/3197 295/286/3197 
f 295/286/3197 1644/286/3197 1648/290/3197 
f 1652/294/3198 303/294/3198 299/290/3198 
f 299/290/3198 1648/290/3198 1652/294/3198 
f 1652/294/3199 1656/298/3199 307/298/3199 
f 307/298/3199 303/294/3199 1652/294/3199 
f 307/298/3200 1656/298/3200 1660/302/3200 
f 1660/302/3200 311/302/3200 307/298/3200 
f 1666/308/3201 1607/249/3201 258/249/3201 
f 258/249/3201 317/308/3201 1666/308/3201 
f 216/309/3202 311/302/3202 1660/302/3202 
f 1660/302/3202 1565/309/3202 216/309/3202 
f 1690/336/3203 1689/337/3203 341/337/3203 
f 341/337/3203 340/336/3203 1690/336/3203 
f 1695/342/3204 346/342/3204 341/337/3204 
f 341/337/3204 1689/337/3204 1695/342/3204 
f 351/347/3205 346/342/3205 1695/342/3205 
f 1695/342/3205 1700/347/3205 351/347/3205 
f 1700/347/3206 1705/352/3206 356/352/3206 
f 356/352/3206 351/347/3206 1700/347/3206 
f 1710/357/3207 361/357/3207 356/352/3207 
f 356/352/3207 1705/352/3207 1710/357/3207 
f 1710/357/3208 1715/362/3208 366/362/3208 
f 366/362/3208 361/357/3208 1710/357/3208 
f 371/367/3209 366/362/3209 1715/362/3209 
f 1715/362/3209 1720/367/3209 371/367/3209 
f 1720/367/3210 1725/372/3210 376/372/3210 
f 376/372/3210 371/367/3210 1720/367/3210 
f 381/377/3211 376/372/3211 1725/372/3211 
f 1725/372/3211 1730/377/3211 381/377/3211 
f 1735/382/3212 386/382/3212 381/377/3212 
f 381/377/3212 1730/377/3212 1735/382/3212 
f 386/382/3213 1735/382/3213 1740/387/3213 
f 1740/387/3213 391/387/3213 386/382/3213 
f 396/392/3214 391/387/3214 1740/387/3214 
f 1740/387/3214 1745/392/3214 396/392/3214 
f 396/392/3215 1745/392/3215 1750/397/3215 
f 1750/397/3215 401/397/3215 396/392/3215 
f 1755/402/3216 406/402/3216 401/397/3216 
f 401/397/3216 1750/397/3216 1755/402/3216 
f 1754/401/3217 405/401/3217 406/402/3217 
f 406/402/3217 1755/402/3217 1754/401/3217 
f 1585/227/3218 1690/336/3218 340/336/3218 
f 340/336/3218 236/227/3218 1585/227/3218 
f 408/404/3219 405/401/3219 1754/401/3219 
f 1754/401/3219 1758/404/3219 408/404/3219 
f 2071/751/3220 2079/759/3220 730/759/3220 
f 730/759/3220 722/751/3220 2071/751/3220 
f 2078/758/3221 729/758/3221 730/759/3221 
f 730/759/3221 2079/759/3221 2078/758/3221 
f 2078/758/3222 2086/766/3222 737/766/3222 
f 737/766/3223 729/758/3223 2078/758/3223 
f 2094/773/3224 2093/774/3224 745/774/3224 
f 745/774/3224 744/773/3224 2094/773/3224 
f 749/778/3225 745/774/3225 2093/774/3225 
f 2093/774/3225 2098/778/3225 749/778/3225 
f 2104/784/3226 755/784/3226 749/778/3226 
f 749/778/3226 2098/778/3226 2104/784/3226 
f 2104/784/3227 2103/783/3227 754/783/3227 
f 754/783/3227 755/784/3227 2104/784/3227 
f 760/789/3228 754/783/3228 2103/783/3228 
f 2103/783/3228 2109/789/3228 760/789/3228 
f 765/794/3229 760/789/3229 2109/789/3229 
f 2109/789/3229 2114/794/3229 765/794/3229 
f 770/799/3230 765/794/3230 2114/794/3230 
f 2114/794/3230 2119/799/3230 770/799/3230 
f 2144/825/3231 796/825/3231 795/824/3231 
f 795/824/3231 2145/824/3231 2144/825/3231 
f 2146/826/3232 2145/824/3232 795/824/3232 
f 795/824/3232 797/826/3232 2146/826/3232 
f 2146/826/3233 797/826/3233 798/827/3233 
f 798/827/3233 2147/827/3233 2146/826/3233 
f 2147/827/3234 798/827/3234 799/828/3234 
f 799/828/3234 2148/828/3234 2147/827/3234 
f 799/828/3235 804/833/3235 2152/833/3235 
f 2152/833/3235 2148/828/3235 799/828/3235 
f 2152/833/3236 804/833/3236 803/832/3236 
f 803/832/3236 2153/832/3236 2152/833/3237 
f 2153/832/3238 803/832/3238 805/834/3238 
f 805/834/3238 2154/834/3238 2153/832/3238 
f 806/835/3239 2155/835/3239 2154/834/3239 
f 2154/834/3239 805/834/3239 806/835/3239 
f 2155/835/3240 806/835/3240 863/892/3240 
f 863/892/3240 2212/892/3240 2155/835/3240 
f 2210/890/3241 2209/889/3241 860/889/3241 
f 860/889/3241 861/890/3241 2210/890/3241 
f 862/891/3242 2211/891/3242 2210/890/3242 
f 2210/890/3242 861/890/3242 862/891/3242 
f 770/799/3243 2119/799/3243 2071/751/3243 
f 2071/751/3243 722/751/3243 770/799/3243 
f 2209/889/3244 2212/892/3244 863/892/3244 
f 863/892/3244 860/889/3244 2209/889/3244 
f 2211/891/3245 862/891/3245 737/766/3245 
f 737/766/3245 2086/766/3245 2211/891/3245 
f 1758/404/3246 2094/773/3246 744/773/3246 
f 744/773/3246 408/404/3246 1758/404/3246 
f 796/825/3247 2144/825/3247 1666/308/3247 
f 1666/308/3247 317/308/3247 796/825/3247 
f 2709/1/1 2710/1/1 2711/1/1 
f 2709/1/1 2711/1/1 2712/1/1 
f 2709/1/1 2712/1/1 2713/1/1 
f 2714/1/2 2715/1/2 2716/1/2 
f 2714/1/2 2716/1/2 2717/1/2 
f 2714/1/2 2717/1/2 2718/1/2 
f 2718/1/3 2717/1/3 2711/1/3 
f 2711/1/3 2710/1/3 2718/1/3 
f 2716/1/3248 2715/1/3248 2713/1/3248 
f 2713/1/3249 2712/1/3249 2716/1/3249 
f 2718/1/5 2710/1/5 2709/1/5 
f 2709/1/3250 2714/1/3250 2718/1/3250 
f 2712/1/3251 2711/1/3251 2717/1/3251 
f 2717/1/3252 2716/1/3252 2712/1/3252 
f 2713/1/7 2715/1/7 2714/1/7 
f 2714/1/8 2709/1/8 2713/1/8 
# 0 polygons - 5424 triangles

