# 3ds Max Wavefront OBJ Exporter v0.99 - (c)2007 guruware
# File Created: 15.03.2025 18:40:02

mtllib PataTD.mtl

#
# object PataTD
#

v  0.6478 -1.3701 -0.2799
v  0.6517 -1.3701 -0.2814
v  0.6517 -1.4445 -0.2814
v  0.6478 -1.4445 -0.2799
v  0.6558 -1.3701 -0.2821
v  0.6558 -1.4445 -0.2821
v  0.6600 -1.3701 -0.2820
v  0.6600 -1.4445 -0.2820
v  0.6641 -1.3701 -0.2810
v  0.6641 -1.4445 -0.2810
v  0.6679 -1.3701 -0.2793
v  0.6679 -1.4445 -0.2793
v  0.6713 -1.4445 -0.2769
v  0.6713 -1.3701 -0.2769
v  0.6742 -1.4445 -0.2738
v  0.6742 -1.3701 -0.2738
v  0.6764 -1.3701 -0.2703
v  0.6764 -1.4445 -0.2703
v  0.6779 -1.4445 -0.2664
v  0.6779 -1.3701 -0.2664
v  0.6786 -1.4445 -0.2623
v  0.6786 -1.3701 -0.2623
v  0.6784 -1.4445 -0.2581
v  0.6784 -1.3701 -0.2581
v  0.6775 -1.3701 -0.2540
v  0.6775 -1.4445 -0.2540
v  0.6758 -1.4445 -0.2502
v  0.6758 -1.3701 -0.2502
v  0.6733 -1.4445 -0.2468
v  0.6733 -1.3701 -0.2468
v  0.6703 -1.4445 -0.2439
v  0.6703 -1.3701 -0.2439
v  0.6668 -1.4445 -0.2417
v  0.6668 -1.3701 -0.2417
v  0.6628 -1.4445 -0.2402
v  0.6628 -1.3701 -0.2402
v  0.6587 -1.4445 -0.2395
v  0.6587 -1.3701 -0.2395
v  0.6545 -1.4445 -0.2396
v  0.6545 -1.3701 -0.2396
v  0.6505 -1.3701 -0.2406
v  0.6505 -1.4445 -0.2406
v  0.6466 -1.3701 -0.2423
v  0.6466 -1.4445 -0.2423
v  0.6432 -1.4445 -0.2447
v  0.6432 -1.3701 -0.2447
v  0.6404 -1.4445 -0.2478
v  0.6404 -1.3701 -0.2478
v  0.6381 -1.3701 -0.2513
v  0.6381 -1.4445 -0.2513
v  0.6367 -1.3701 -0.2552
v  0.6367 -1.4445 -0.2552
v  0.6360 -1.4445 -0.2593
v  0.6360 -1.3701 -0.2593
v  0.6361 -1.3701 -0.2635
v  0.6361 -1.4445 -0.2635
v  0.6370 -1.4445 -0.2676
v  0.6370 -1.3701 -0.2676
v  0.6387 -1.4445 -0.2714
v  0.6387 -1.3701 -0.2714
v  0.6412 -1.3701 -0.2748
v  0.6412 -1.4445 -0.2748
v  0.6678 -1.3517 -0.2661
v  0.6689 -1.3519 -0.2634
v  0.6442 -1.3701 -0.2777
v  0.6442 -1.4445 -0.2777
v  0.6577 -1.3557 -0.2747
v  0.6433 -1.3449 -0.2676
v  0.6433 -1.3429 -0.2656
v  0.6601 -1.3544 -0.2739
v  0.6593 -1.3641 -0.2466
v  0.6616 -1.3624 -0.2468
v  0.6448 -1.3681 -0.2638
v  0.6450 -1.3689 -0.2610
v  0.6624 -1.3532 -0.2725
v  0.6674 -1.3572 -0.2506
v  0.6686 -1.3557 -0.2527
v  0.6482 -1.3694 -0.2531
v  0.6500 -1.3689 -0.2509
v  0.6507 -1.3606 -0.2741
v  0.6529 -1.3589 -0.2748
v  0.6487 -1.3624 -0.2728
v  0.6695 -1.3524 -0.2606
v  0.6569 -1.3656 -0.2469
v  0.6451 -1.3669 -0.2665
v  0.6645 -1.3524 -0.2707
v  0.6658 -1.3589 -0.2488
v  0.6467 -1.3696 -0.2556
v  0.6552 -1.3572 -0.2751
v  0.6697 -1.3532 -0.2578
v  0.6544 -1.3669 -0.2477
v  0.6459 -1.3656 -0.2689
v  0.6664 -1.3519 -0.2685
v  0.6638 -1.3606 -0.2476
v  0.6456 -1.3694 -0.2582
v  0.6694 -1.3544 -0.2552
v  0.6521 -1.3681 -0.2491
v  0.6471 -1.3641 -0.2710
v  0.6442 -1.3498 -0.2705
v  0.6451 -1.3525 -0.2713
v  0.6463 -1.3551 -0.2716
v  0.6477 -1.3576 -0.2713
v  0.6492 -1.3600 -0.2705
v  0.6508 -1.3620 -0.2693
v  0.6525 -1.3637 -0.2676
v  0.6541 -1.3650 -0.2656
v  0.6557 -1.3657 -0.2632
v  0.6570 -1.3660 -0.2607
v  0.6582 -1.3657 -0.2581
v  0.6592 -1.3650 -0.2554
v  0.6598 -1.3637 -0.2529
v  0.6601 -1.3620 -0.2506
v  0.6602 -1.3600 -0.2485
v  0.6598 -1.3576 -0.2468
v  0.6592 -1.3551 -0.2456
v  0.6583 -1.3525 -0.2448
v  0.6571 -1.3498 -0.2445
v  0.6558 -1.3473 -0.2448
v  0.6542 -1.3449 -0.2456
v  0.6526 -1.3429 -0.2468
v  0.6510 -1.3412 -0.2485
v  0.6493 -1.3399 -0.2505
v  0.6478 -1.3392 -0.2529
v  0.6464 -1.3389 -0.2554
v  0.6452 -1.3392 -0.2581
v  0.6443 -1.3399 -0.2607
v  0.6437 -1.3412 -0.2632
v  0.6436 -1.3473 -0.2693
v  0.6891 -1.3701 0.1782
v  0.6891 -1.4445 0.1782
v  0.6862 -1.4445 0.1752
v  0.6862 -1.3701 0.1752
v  0.6914 -1.4445 0.1817
v  0.6914 -1.3701 0.1817
v  0.6929 -1.3701 0.1856
v  0.6929 -1.4445 0.1856
v  0.6937 -1.4445 0.1897
v  0.6937 -1.3701 0.1897
v  0.6936 -1.3701 0.1939
v  0.6936 -1.4445 0.1939
v  0.6928 -1.4445 0.1979
v  0.6928 -1.3701 0.1979
v  0.6911 -1.4445 0.2018
v  0.6911 -1.3701 0.2018
v  0.6888 -1.3701 0.2052
v  0.6888 -1.4445 0.2052
v  0.6858 -1.4445 0.2082
v  0.6858 -1.3701 0.2082
v  0.6823 -1.3701 0.2105
v  0.6823 -1.4445 0.2105
v  0.6784 -1.3701 0.2120
v  0.6784 -1.4445 0.2120
v  0.6743 -1.4445 0.2128
v  0.6743 -1.3701 0.2128
v  0.6701 -1.3701 0.2127
v  0.6701 -1.4445 0.2127
v  0.6660 -1.3701 0.2119
v  0.6660 -1.4445 0.2119
v  0.6622 -1.4445 0.2102
v  0.6622 -1.3701 0.2102
v  0.6587 -1.3701 0.2079
v  0.6587 -1.4445 0.2079
v  0.6558 -1.3701 0.2049
v  0.6558 -1.4445 0.2049
v  0.6535 -1.4445 0.2014
v  0.6535 -1.3701 0.2014
v  0.6519 -1.4445 0.1975
v  0.6519 -1.3701 0.1975
v  0.6512 -1.3701 0.1934
v  0.6512 -1.4445 0.1934
v  0.6512 -1.4445 0.1892
v  0.6512 -1.3701 0.1892
v  0.6521 -1.3701 0.1851
v  0.6521 -1.4445 0.1851
v  0.6537 -1.3701 0.1813
v  0.6537 -1.4445 0.1813
v  0.6561 -1.4445 0.1778
v  0.6561 -1.3701 0.1778
v  0.6591 -1.4445 0.1749
v  0.6591 -1.3701 0.1749
v  0.6626 -1.3701 0.1726
v  0.6626 -1.4445 0.1726
v  0.6665 -1.4445 0.1710
v  0.6665 -1.3701 0.1710
v  0.6706 -1.3701 0.1703
v  0.6706 -1.4445 0.1703
v  0.6748 -1.3701 0.1703
v  0.6748 -1.4445 0.1703
v  0.6788 -1.4445 0.1712
v  0.6788 -1.3701 0.1712
v  0.6794 -1.3519 0.2012
v  0.6815 -1.3517 0.1991
v  0.6827 -1.3701 0.1728
v  0.6827 -1.4445 0.1728
v  0.6856 -1.3544 0.1889
v  0.6854 -1.3557 0.1863
v  0.6731 -1.3449 0.1760
v  0.6712 -1.3429 0.1768
v  0.6602 -1.3641 0.1991
v  0.6613 -1.3624 0.2012
v  0.6702 -1.3681 0.1789
v  0.6677 -1.3689 0.1802
v  0.6852 -1.3532 0.1915
v  0.6696 -1.3557 0.2052
v  0.6671 -1.3572 0.2049
v  0.6604 -1.3689 0.1888
v  0.6617 -1.3694 0.1863
v  0.6819 -1.3606 0.1802
v  0.6835 -1.3589 0.1819
v  0.6800 -1.3624 0.1789
v  0.6772 -1.3524 0.2029
v  0.6595 -1.3656 0.1967
v  0.6728 -1.3669 0.1781
v  0.6844 -1.3524 0.1942
v  0.6649 -1.3589 0.2041
v  0.6634 -1.3696 0.1839
v  0.6847 -1.3572 0.1840
v  0.6747 -1.3532 0.2041
v  0.6593 -1.3669 0.1942
v  0.6753 -1.3656 0.1779
v  0.6832 -1.3519 0.1968
v  0.6629 -1.3606 0.2029
v  0.6654 -1.3694 0.1819
v  0.6721 -1.3544 0.2049
v  0.6596 -1.3681 0.1915
v  0.6778 -1.3641 0.1782
v  0.6779 -1.3551 0.1772
v  0.6782 -1.3576 0.1785
v  0.6781 -1.3600 0.1803
v  0.6776 -1.3620 0.1822
v  0.6768 -1.3637 0.1844
v  0.6755 -1.3650 0.1867
v  0.6740 -1.3657 0.1891
v  0.6722 -1.3660 0.1914
v  0.6703 -1.3657 0.1935
v  0.6683 -1.3650 0.1954
v  0.6662 -1.3637 0.1970
v  0.6642 -1.3620 0.1983
v  0.6623 -1.3600 0.1991
v  0.6607 -1.3576 0.1995
v  0.6593 -1.3551 0.1994
v  0.6582 -1.3525 0.1989
v  0.6575 -1.3498 0.1979
v  0.6572 -1.3473 0.1966
v  0.6573 -1.3449 0.1949
v  0.6578 -1.3429 0.1929
v  0.6586 -1.3412 0.1907
v  0.6599 -1.3399 0.1884
v  0.6614 -1.3392 0.1860
v  0.6632 -1.3389 0.1837
v  0.6651 -1.3392 0.1816
v  0.6671 -1.3399 0.1797
v  0.6692 -1.3412 0.1781
v  0.6747 -1.3473 0.1756
v  0.6772 -1.3525 0.1762
v  0.6761 -1.3498 0.1757
v  0.7207 -1.3701 -0.0601
v  0.7207 -1.4445 -0.0601
v  0.7165 -1.4445 -0.0603
v  0.7165 -1.3701 -0.0603
v  0.7248 -1.4445 -0.0590
v  0.7248 -1.3701 -0.0590
v  0.7285 -1.3701 -0.0572
v  0.7285 -1.4445 -0.0572
v  0.7319 -1.3701 -0.0546
v  0.7319 -1.4445 -0.0546
v  0.7346 -1.4445 -0.0515
v  0.7346 -1.3701 -0.0515
v  0.7367 -1.3701 -0.0479
v  0.7367 -1.4445 -0.0479
v  0.7381 -1.3701 -0.0439
v  0.7381 -1.4445 -0.0439
v  0.7387 -1.4445 -0.0398
v  0.7387 -1.3701 -0.0398
v  0.7384 -1.3701 -0.0356
v  0.7384 -1.4445 -0.0356
v  0.7374 -1.3701 -0.0316
v  0.7374 -1.4445 -0.0316
v  0.7355 -1.4445 -0.0278
v  0.7355 -1.3701 -0.0278
v  0.7330 -1.3701 -0.0245
v  0.7330 -1.4445 -0.0245
v  0.7299 -1.3701 -0.0217
v  0.7299 -1.4445 -0.0217
v  0.7263 -1.4445 -0.0196
v  0.7263 -1.3701 -0.0196
v  0.7223 -1.4445 -0.0182
v  0.7223 -1.3701 -0.0182
v  0.7182 -1.3701 -0.0177
v  0.7182 -1.4445 -0.0177
v  0.7140 -1.4445 -0.0179
v  0.7140 -1.3701 -0.0179
v  0.7099 -1.4445 -0.0190
v  0.7099 -1.3701 -0.0190
v  0.7062 -1.3701 -0.0208
v  0.7062 -1.4445 -0.0208
v  0.7028 -1.4445 -0.0233
v  0.7028 -1.3701 -0.0233
v  0.7001 -1.3701 -0.0265
v  0.7001 -1.4445 -0.0265
v  0.6980 -1.3701 -0.0301
v  0.6980 -1.4445 -0.0301
v  0.6966 -1.4445 -0.0340
v  0.6966 -1.3701 -0.0340
v  0.6960 -1.4445 -0.0382
v  0.6960 -1.3701 -0.0382
v  0.6963 -1.3701 -0.0424
v  0.6963 -1.4445 -0.0424
v  0.6973 -1.4445 -0.0464
v  0.6973 -1.3701 -0.0464
v  0.6992 -1.3701 -0.0502
v  0.6992 -1.4445 -0.0502
v  0.7017 -1.3701 -0.0535
v  0.7017 -1.4445 -0.0535
v  0.7048 -1.4445 -0.0563
v  0.7048 -1.3701 -0.0563
v  0.7084 -1.3701 -0.0584
v  0.7084 -1.4445 -0.0584
v  0.7292 -1.3517 -0.0394
v  0.7290 -1.3519 -0.0365
v  0.7124 -1.3701 -0.0597
v  0.7124 -1.4445 -0.0597
v  0.7234 -1.3557 -0.0515
v  0.7074 -1.3449 -0.0509
v  0.7066 -1.3429 -0.0490
v  0.7253 -1.3544 -0.0498
v  0.7134 -1.3641 -0.0252
v  0.7156 -1.3624 -0.0244
v  0.7072 -1.3681 -0.0468
v  0.7062 -1.3689 -0.0442
v  0.7269 -1.3532 -0.0476
v  0.7244 -1.3557 -0.0269
v  0.7224 -1.3572 -0.0255
v  0.7067 -1.3689 -0.0329
v  0.7059 -1.3694 -0.0357
v  0.7191 -1.3589 -0.0536
v  0.7168 -1.3606 -0.0538
v  0.7145 -1.3624 -0.0534
v  0.7285 -1.3524 -0.0337
v  0.7113 -1.3656 -0.0264
v  0.7086 -1.3669 -0.0491
v  0.7280 -1.3524 -0.0451
v  0.7202 -1.3589 -0.0246
v  0.7056 -1.3696 -0.0385
v  0.7214 -1.3572 -0.0528
v  0.7275 -1.3532 -0.0311
v  0.7094 -1.3669 -0.0282
v  0.7103 -1.3656 -0.0510
v  0.7288 -1.3519 -0.0423
v  0.7179 -1.3606 -0.0242
v  0.7057 -1.3694 -0.0414
v  0.7261 -1.3544 -0.0288
v  0.7079 -1.3681 -0.0304
v  0.7123 -1.3641 -0.0525
v  0.7095 -1.3498 -0.0532
v  0.7106 -1.3525 -0.0535
v  0.7118 -1.3551 -0.0533
v  0.7129 -1.3576 -0.0525
v  0.7140 -1.3600 -0.0512
v  0.7150 -1.3620 -0.0494
v  0.7158 -1.3637 -0.0471
v  0.7165 -1.3650 -0.0446
v  0.7169 -1.3657 -0.0419
v  0.7171 -1.3660 -0.0390
v  0.7171 -1.3657 -0.0361
v  0.7169 -1.3650 -0.0333
v  0.7164 -1.3637 -0.0307
v  0.7158 -1.3620 -0.0285
v  0.7149 -1.3600 -0.0266
v  0.7140 -1.3576 -0.0252
v  0.7129 -1.3551 -0.0243
v  0.7117 -1.3525 -0.0240
v  0.7106 -1.3498 -0.0242
v  0.7094 -1.3473 -0.0250
v  0.7084 -1.3449 -0.0263
v  0.7074 -1.3429 -0.0281
v  0.7066 -1.3412 -0.0304
v  0.7059 -1.3399 -0.0329
v  0.7055 -1.3392 -0.0356
v  0.7052 -1.3389 -0.0385
v  0.7053 -1.3392 -0.0414
v  0.7055 -1.3399 -0.0442
v  0.7059 -1.3412 -0.0468
v  0.7084 -1.3473 -0.0523
v  -0.0727 -0.0615 -0.4529
v  -0.0701 -0.0630 -0.4406
v  -0.0514 -0.0550 -0.4431
v  -0.0534 -0.0533 -0.4554
v  -0.0325 -0.0470 -0.4446
v  -0.0340 -0.0450 -0.4570
v  -0.0536 -0.0559 -0.4678
v  -0.0735 -0.0644 -0.4652
v  -0.0337 -0.0474 -0.4694
v  -0.0887 -0.0709 -0.4370
v  -0.0841 -0.0766 -0.4269
v  -0.0659 -0.0689 -0.4304
v  -0.0477 -0.0611 -0.4328
v  -0.0293 -0.0533 -0.4343
v  -0.0109 -0.0454 -0.4348
v  -0.0137 -0.0389 -0.4451
v  -0.0146 -0.0367 -0.4575
v  -0.0137 -0.0389 -0.4699
v  -0.0313 -0.0541 -0.4797
v  -0.0109 -0.0454 -0.4803
v  -0.0518 -0.0628 -0.4781
v  -0.0721 -0.0715 -0.4753
v  -0.0923 -0.0801 -0.4715
v  -0.0932 -0.0728 -0.4614
v  -0.0919 -0.0697 -0.4492
v  -0.0456 -0.1251 -0.4529
v  -0.0263 -0.1169 -0.4554
v  -0.0261 -0.1142 -0.4431
v  -0.0449 -0.1222 -0.4406
v  -0.0482 -0.1236 -0.4652
v  -0.0284 -0.1152 -0.4678
v  -0.0069 -0.1086 -0.4570
v  -0.0073 -0.1062 -0.4446
v  -0.0084 -0.1067 -0.4694
v  -0.0635 -0.1301 -0.4370
v  -0.0462 -0.1151 -0.4304
v  -0.0644 -0.1229 -0.4269
v  -0.0648 -0.1333 -0.4492
v  -0.0679 -0.1320 -0.4614
v  -0.0725 -0.1263 -0.4715
v  -0.0524 -0.1177 -0.4753
v  -0.0321 -0.1091 -0.4781
v  -0.0116 -0.1004 -0.4797
v  0.0116 -0.0981 -0.4699
v  0.0088 -0.0916 -0.4803
v  0.0125 -0.1003 -0.4575
v  0.0116 -0.0981 -0.4451
v  -0.0096 -0.0995 -0.4343
v  0.0088 -0.0916 -0.4348
v  -0.0280 -0.1073 -0.4328
v  -0.1209 -0.1572 -0.4323
v  -0.1025 -0.1493 -0.4390
v  -0.1001 -0.1458 -0.4271
v  -0.1180 -0.1534 -0.4206
v  -0.1257 -0.1567 -0.4440
v  -0.1067 -0.1486 -0.4509
v  -0.0837 -0.1414 -0.4446
v  -0.0819 -0.1380 -0.4325
v  -0.0874 -0.1404 -0.4567
v  -0.1176 -0.1455 -0.4109
v  -0.1348 -0.1529 -0.4037
v  -0.1356 -0.1609 -0.4132
v  -0.1391 -0.1650 -0.4247
v  -0.1444 -0.1647 -0.4362
v  -0.1508 -0.1597 -0.4457
v  -0.1317 -0.1516 -0.4537
v  -0.1122 -0.1433 -0.4607
v  -0.0925 -0.1349 -0.4667
v  -0.0824 -0.1305 -0.4226
v  -0.1001 -0.1381 -0.4172
v  -0.1912 -0.1872 -0.3962
v  -0.1742 -0.1799 -0.4067
v  -0.1698 -0.1755 -0.3957
v  -0.1862 -0.1825 -0.3856
v  -0.1980 -0.1875 -0.4069
v  -0.1806 -0.1801 -0.4176
v  -0.1569 -0.1725 -0.4162
v  -0.1529 -0.1683 -0.4049
v  -0.1627 -0.1725 -0.4274
v  -0.1841 -0.1739 -0.3767
v  -0.1997 -0.1805 -0.3660
v  -0.2022 -0.1893 -0.3746
v  -0.2076 -0.1942 -0.3849
v  -0.2149 -0.1947 -0.3953
v  -0.2229 -0.1904 -0.4038
v  -0.2056 -0.1831 -0.4157
v  -0.1878 -0.1755 -0.4267
v  -0.1695 -0.1677 -0.4367
v  -0.1516 -0.1601 -0.3956
v  -0.1681 -0.1671 -0.3866
v  -0.2535 -0.2138 -0.3459
v  -0.2388 -0.2075 -0.3597
v  -0.2325 -0.2022 -0.3501
v  -0.2468 -0.2083 -0.3367
v  -0.2621 -0.2149 -0.3552
v  -0.2470 -0.2084 -0.3694
v  -0.2235 -0.2009 -0.3728
v  -0.2176 -0.1959 -0.3628
v  -0.2312 -0.2017 -0.3827
v  -0.2432 -0.1991 -0.3291
v  -0.2565 -0.2048 -0.3153
v  -0.2605 -0.2141 -0.3226
v  -0.2676 -0.2198 -0.3314
v  -0.2766 -0.2210 -0.3402
v  -0.2713 -0.2111 -0.3628
v  -0.2861 -0.2174 -0.3474
v  -0.2558 -0.2045 -0.3773
v  -0.2396 -0.1976 -0.3910
v  -0.2147 -0.1870 -0.3545
v  -0.2292 -0.1931 -0.3422
v  -0.3057 -0.2360 -0.2834
v  -0.2937 -0.2309 -0.3000
v  -0.2858 -0.2250 -0.2922
v  -0.2974 -0.2299 -0.2760
v  -0.3158 -0.2377 -0.2908
v  -0.3035 -0.2325 -0.3079
v  -0.2810 -0.2255 -0.3161
v  -0.2735 -0.2197 -0.3077
v  -0.2904 -0.2269 -0.3244
v  -0.2926 -0.2202 -0.2698
v  -0.3032 -0.2247 -0.2535
v  -0.3083 -0.2345 -0.2592
v  -0.3169 -0.2408 -0.2661
v  -0.3273 -0.2427 -0.2730
v  -0.3380 -0.2395 -0.2787
v  -0.3262 -0.2345 -0.2969
v  -0.3136 -0.2291 -0.3145
v  -0.3002 -0.2234 -0.3313
v  -0.2692 -0.2102 -0.3008
v  -0.2813 -0.2153 -0.2856
v  -0.3456 -0.2530 -0.2110
v  -0.3369 -0.2493 -0.2298
v  -0.3277 -0.2428 -0.2240
v  -0.3362 -0.2464 -0.2056
v  -0.3569 -0.2553 -0.2163
v  -0.3479 -0.2514 -0.2357
v  -0.3273 -0.2452 -0.2482
v  -0.3184 -0.2389 -0.2418
v  -0.3380 -0.2472 -0.2546
v  -0.3304 -0.2363 -0.2012
v  -0.3379 -0.2395 -0.1829
v  -0.3439 -0.2497 -0.1869
v  -0.3535 -0.2564 -0.1916
v  -0.3650 -0.2587 -0.1964
v  -0.3765 -0.2559 -0.2003
v  -0.3682 -0.2524 -0.2207
v  -0.3590 -0.2485 -0.2406
v  -0.3489 -0.2442 -0.2599
v  -0.3131 -0.2289 -0.2365
v  -0.3221 -0.2328 -0.2191
v  -0.3718 -0.2642 -0.1315
v  -0.3666 -0.2620 -0.1518
v  -0.3566 -0.2551 -0.1482
v  -0.3616 -0.2573 -0.1284
v  -0.3838 -0.2667 -0.1345
v  -0.3785 -0.2645 -0.1554
v  -0.3605 -0.2594 -0.1719
v  -0.3507 -0.2526 -0.1677
v  -0.3722 -0.2618 -0.1761
v  -0.3552 -0.2469 -0.1259
v  -0.3592 -0.2486 -0.1064
v  -0.3658 -0.2590 -0.1084
v  -0.3761 -0.2660 -0.1108
v  -0.3882 -0.2686 -0.1133
v  -0.4003 -0.2661 -0.1153
v  -0.3958 -0.2642 -0.1370
v  -0.3903 -0.2618 -0.1584
v  -0.3839 -0.2591 -0.1796
v  -0.3445 -0.2423 -0.1642
v  -0.3503 -0.2448 -0.1452
v  -0.3832 -0.2690 -0.0479
v  -0.3818 -0.2684 -0.0690
v  -0.3713 -0.2614 -0.0678
v  -0.3727 -0.2620 -0.0473
v  -0.3955 -0.2717 -0.0486
v  -0.3941 -0.2711 -0.0702
v  -0.3794 -0.2674 -0.0900
v  -0.3690 -0.2604 -0.0882
v  -0.3916 -0.2701 -0.0918
v  -0.3660 -0.2515 -0.0468
v  -0.3665 -0.2517 -0.0268
v  -0.3732 -0.2622 -0.0268
v  -0.3837 -0.2692 -0.0268
v  -0.3960 -0.2719 -0.0268
v  -0.4078 -0.2693 -0.0491
v  -0.4083 -0.2695 -0.0268
v  -0.4063 -0.2686 -0.0713
v  -0.4038 -0.2676 -0.0933
v  -0.3624 -0.2499 -0.0867
v  -0.3646 -0.2509 -0.0668
v  -0.3794 -0.2674 0.0364
v  -0.3818 -0.2684 0.0154
v  -0.3713 -0.2614 0.0142
v  -0.3690 -0.2604 0.0346
v  -0.3916 -0.2701 0.0382
v  -0.3941 -0.2711 0.0166
v  -0.3832 -0.2690 -0.0057
v  -0.3727 -0.2620 -0.0063
v  -0.3955 -0.2717 -0.0051
v  -0.3624 -0.2499 0.0331
v  -0.3592 -0.2486 0.0528
v  -0.3658 -0.2590 0.0548
v  -0.3761 -0.2660 0.0572
v  -0.3882 -0.2686 0.0596
v  -0.4038 -0.2676 0.0397
v  -0.4003 -0.2661 0.0617
v  -0.4063 -0.2686 0.0176
v  -0.4078 -0.2693 -0.0046
v  -0.3660 -0.2515 -0.0068
v  -0.3646 -0.2509 0.0132
v  -0.3605 -0.2594 0.1183
v  -0.3666 -0.2620 0.0982
v  -0.3566 -0.2551 0.0946
v  -0.3507 -0.2526 0.1141
v  -0.3722 -0.2618 0.1225
v  -0.3785 -0.2645 0.1018
v  -0.3718 -0.2642 0.0778
v  -0.3616 -0.2573 0.0748
v  -0.3838 -0.2667 0.0809
v  -0.3445 -0.2423 0.1106
v  -0.3379 -0.2395 0.1293
v  -0.3439 -0.2497 0.1333
v  -0.3535 -0.2564 0.1380
v  -0.3650 -0.2587 0.1428
v  -0.3839 -0.2591 0.1260
v  -0.3765 -0.2559 0.1467
v  -0.3903 -0.2618 0.1048
v  -0.3958 -0.2642 0.0834
v  -0.3552 -0.2469 0.0723
v  -0.3503 -0.2448 0.0916
v  -0.3273 -0.2452 0.1946
v  -0.3369 -0.2493 0.1762
v  -0.3277 -0.2428 0.1704
v  -0.3184 -0.2389 0.1882
v  -0.3380 -0.2472 0.2010
v  -0.3479 -0.2514 0.1821
v  -0.3456 -0.2530 0.1573
v  -0.3362 -0.2464 0.1520
v  -0.3569 -0.2553 0.1627
v  -0.3131 -0.2289 0.1829
v  -0.3032 -0.2247 0.1998
v  -0.3083 -0.2345 0.2056
v  -0.3169 -0.2408 0.2125
v  -0.3273 -0.2427 0.2194
v  -0.3489 -0.2442 0.2063
v  -0.3380 -0.2395 0.2251
v  -0.3590 -0.2485 0.1869
v  -0.3682 -0.2524 0.1671
v  -0.3304 -0.2363 0.1476
v  -0.3221 -0.2328 0.1655
v  -0.2810 -0.2255 0.2624
v  -0.2937 -0.2309 0.2464
v  -0.2858 -0.2250 0.2385
v  -0.2735 -0.2197 0.2541
v  -0.2904 -0.2269 0.2708
v  -0.3035 -0.2325 0.2543
v  -0.3057 -0.2360 0.2298
v  -0.2974 -0.2299 0.2224
v  -0.3158 -0.2377 0.2372
v  -0.2692 -0.2102 0.2472
v  -0.2565 -0.2048 0.2617
v  -0.2605 -0.2141 0.2690
v  -0.2676 -0.2198 0.2777
v  -0.2766 -0.2210 0.2865
v  -0.3002 -0.2234 0.2777
v  -0.2861 -0.2174 0.2938
v  -0.3136 -0.2291 0.2609
v  -0.3262 -0.2345 0.2433
v  -0.2926 -0.2202 0.2162
v  -0.2813 -0.2153 0.2320
v  -0.2235 -0.2009 0.3191
v  -0.2388 -0.2075 0.3061
v  -0.2325 -0.2022 0.2965
v  -0.2176 -0.1959 0.3092
v  -0.2312 -0.2017 0.3291
v  -0.2470 -0.2084 0.3157
v  -0.2535 -0.2138 0.2923
v  -0.2468 -0.2083 0.2831
v  -0.2621 -0.2149 0.3015
v  -0.2147 -0.1870 0.3009
v  -0.1997 -0.1805 0.3124
v  -0.2022 -0.1893 0.3210
v  -0.2076 -0.1942 0.3313
v  -0.2149 -0.1947 0.3417
v  -0.2396 -0.1976 0.3374
v  -0.2229 -0.1904 0.3502
v  -0.2558 -0.2045 0.3237
v  -0.2713 -0.2111 0.3092
v  -0.2432 -0.1991 0.2755
v  -0.2292 -0.1931 0.2886
v  -0.1569 -0.1725 0.3625
v  -0.1742 -0.1799 0.3530
v  -0.1698 -0.1755 0.3421
v  -0.1529 -0.1683 0.3513
v  -0.1627 -0.1725 0.3738
v  -0.1806 -0.1801 0.3640
v  -0.1912 -0.1872 0.3426
v  -0.1862 -0.1825 0.3320
v  -0.1980 -0.1875 0.3533
v  -0.1516 -0.1601 0.3420
v  -0.1348 -0.1529 0.3501
v  -0.1356 -0.1609 0.3596
v  -0.1391 -0.1650 0.3711
v  -0.1444 -0.1647 0.3826
v  -0.1695 -0.1677 0.3831
v  -0.1508 -0.1597 0.3921
v  -0.1878 -0.1755 0.3731
v  -0.2056 -0.1831 0.3621
v  -0.1841 -0.1739 0.3231
v  -0.1681 -0.1671 0.3330
v  -0.0837 -0.1414 0.3910
v  -0.1025 -0.1493 0.3854
v  -0.1001 -0.1458 0.3735
v  -0.0819 -0.1380 0.3789
v  -0.0874 -0.1404 0.4031
v  -0.1067 -0.1486 0.3973
v  -0.1209 -0.1572 0.3787
v  -0.1180 -0.1534 0.3670
v  -0.1257 -0.1567 0.3904
v  -0.0824 -0.1305 0.3689
v  -0.0644 -0.1229 0.3733
v  -0.0635 -0.1301 0.3834
v  -0.0648 -0.1333 0.3956
v  -0.0679 -0.1320 0.4078
v  -0.0925 -0.1349 0.4130
v  -0.0725 -0.1263 0.4179
v  -0.1122 -0.1433 0.4071
v  -0.1317 -0.1516 0.4001
v  -0.1176 -0.1455 0.3573
v  -0.1001 -0.1381 0.3636
v  -0.0069 -0.1086 0.4034
v  -0.0263 -0.1169 0.4018
v  -0.0261 -0.1142 0.3895
v  -0.0073 -0.1062 0.3910
v  -0.0084 -0.1067 0.4158
v  -0.0284 -0.1152 0.4142
v  -0.0456 -0.1251 0.3992
v  -0.0449 -0.1222 0.3869
v  -0.0482 -0.1236 0.4115
v  -0.0096 -0.0995 0.3807
v  0.0088 -0.0916 0.3812
v  0.0116 -0.0981 0.3915
v  0.0125 -0.1003 0.4039
v  0.0116 -0.0981 0.4163
v  -0.0116 -0.1004 0.4261
v  0.0088 -0.0916 0.4266
v  -0.0321 -0.1091 0.4245
v  -0.0524 -0.1177 0.4217
v  -0.0462 -0.1151 0.3767
v  -0.0280 -0.1073 0.3792
v  0.0707 -0.0755 0.3992
v  0.0514 -0.0837 0.4018
v  0.0493 -0.0821 0.3895
v  0.0681 -0.0741 0.3869
v  0.0714 -0.0726 0.4115
v  0.0516 -0.0811 0.4142
v  0.0320 -0.0920 0.4034
v  0.0305 -0.0901 0.3910
v  0.0316 -0.0896 0.4158
v  0.0639 -0.0682 0.3767
v  0.0820 -0.0604 0.3733
v  0.0867 -0.0661 0.3834
v  0.0898 -0.0674 0.3956
v  0.0911 -0.0642 0.4078
v  0.0700 -0.0655 0.4217
v  0.0902 -0.0569 0.4179
v  0.0497 -0.0742 0.4245
v  0.0293 -0.0829 0.4261
v  0.0272 -0.0838 0.3807
v  0.0456 -0.0760 0.3792
v  0.1460 -0.0434 0.3787
v  0.1275 -0.0513 0.3854
v  0.1233 -0.0505 0.3735
v  0.1412 -0.0429 0.3670
v  0.1489 -0.0396 0.3904
v  0.1299 -0.0477 0.3973
v  0.1088 -0.0593 0.3910
v  0.1051 -0.0583 0.3789
v  0.1107 -0.0559 0.4031
v  0.1353 -0.0377 0.3573
v  0.1524 -0.0304 0.3501
v  0.1588 -0.0354 0.3596
v  0.1641 -0.0357 0.3711
v  0.1676 -0.0316 0.3826
v  0.1494 -0.0317 0.4001
v  0.1685 -0.0236 0.3921
v  0.1299 -0.0400 0.4071
v  0.1102 -0.0484 0.4130
v  0.1000 -0.0528 0.3689
v  0.1178 -0.0452 0.3636
v  0.2162 -0.0135 0.3426
v  0.1993 -0.0207 0.3530
v  0.1930 -0.0208 0.3421
v  0.2094 -0.0138 0.3320
v  0.2212 -0.0088 0.3533
v  0.2038 -0.0162 0.3640
v  0.1819 -0.0281 0.3625
v  0.1761 -0.0280 0.3513
v  0.1859 -0.0238 0.3738
v  0.2018 -0.0094 0.3231
v  0.2173 -0.0027 0.3124
v  0.2254 -0.0070 0.3210
v  0.2326 -0.0065 0.3313
v  0.2381 -0.0016 0.3417
v  0.2233 -0.0002 0.3621
v  0.2406 0.0072 0.3502
v  0.2055 -0.0078 0.3731
v  0.1872 -0.0156 0.3831
v  0.1693 -0.0232 0.3420
v  0.1857 -0.0162 0.3330
v  0.2786 0.0131 0.2923
v  0.2639 0.0069 0.3061
v  0.2557 0.0059 0.2965
v  0.2700 0.0120 0.2831
v  0.2854 0.0186 0.3015
v  0.2702 0.0121 0.3157
v  0.2485 0.0003 0.3191
v  0.2408 -0.0004 0.3092
v  0.2544 0.0054 0.3291
v  0.2609 0.0158 0.2755
v  0.2742 0.0215 0.2617
v  0.2837 0.0179 0.2690
v  0.2927 0.0191 0.2777
v  0.2998 0.0248 0.2865
v  0.2889 0.0278 0.3092
v  0.3038 0.0341 0.2938
v  0.2734 0.0212 0.3237
v  0.2573 0.0143 0.3374
v  0.2324 0.0037 0.3009
v  0.2469 0.0099 0.2886
v  0.3308 0.0354 0.2298
v  0.3188 0.0303 0.2464
v  0.3090 0.0287 0.2385
v  0.3206 0.0336 0.2224
v  0.3390 0.0415 0.2372
v  0.3267 0.0362 0.2543
v  0.3061 0.0249 0.2624
v  0.2967 0.0234 0.2541
v  0.3136 0.0306 0.2708
v  0.3103 0.0369 0.2162
v  0.3209 0.0414 0.1998
v  0.3315 0.0383 0.2056
v  0.3420 0.0402 0.2125
v  0.3505 0.0464 0.2194
v  0.3439 0.0512 0.2433
v  0.3556 0.0562 0.2251
v  0.3313 0.0458 0.2609
v  0.3179 0.0401 0.2777
v  0.2869 0.0269 0.2472
v  0.2989 0.0321 0.2320
v  0.3707 0.0524 0.1573
v  0.3619 0.0487 0.1762
v  0.3509 0.0465 0.1704
v  0.3594 0.0502 0.1520
v  0.3801 0.0590 0.1627
v  0.3711 0.0551 0.1821
v  0.3524 0.0446 0.1946
v  0.3416 0.0426 0.1882
v  0.3612 0.0509 0.2010
v  0.3481 0.0530 0.1476
v  0.3556 0.0562 0.1293
v  0.3671 0.0534 0.1333
v  0.3786 0.0558 0.1380
v  0.3882 0.0624 0.1428
v  0.3859 0.0691 0.1671
v  0.3942 0.0727 0.1467
v  0.3767 0.0652 0.1869
v  0.3666 0.0609 0.2063
v  0.3307 0.0456 0.1829
v  0.3398 0.0495 0.1655
v  0.3969 0.0636 0.0778
v  0.3917 0.0613 0.0982
v  0.3798 0.0588 0.0946
v  0.3848 0.0610 0.0748
v  0.4070 0.0705 0.0809
v  0.4017 0.0682 0.1018
v  0.3856 0.0587 0.1183
v  0.3739 0.0563 0.1141
v  0.3954 0.0655 0.1225
v  0.3729 0.0636 0.0723
v  0.3769 0.0653 0.0528
v  0.3890 0.0628 0.0548
v  0.4011 0.0654 0.0572
v  0.4114 0.0723 0.0596
v  0.4134 0.0809 0.0834
v  0.4179 0.0828 0.0617
v  0.4080 0.0785 0.1048
v  0.4016 0.0758 0.1260
v  0.3622 0.0590 0.1106
v  0.3680 0.0615 0.0916
v  0.4082 0.0684 -0.0057
v  0.4068 0.0678 0.0154
v  0.3945 0.0651 0.0142
v  0.3959 0.0657 -0.0063
v  0.4187 0.0755 -0.0051
v  0.4173 0.0748 0.0166
v  0.4044 0.0668 0.0364
v  0.3922 0.0641 0.0346
v  0.4148 0.0738 0.0382
v  0.3837 0.0682 -0.0068
v  0.3841 0.0684 -0.0268
v  0.3964 0.0659 -0.0268
v  0.4087 0.0686 -0.0268
v  0.4192 0.0757 -0.0268
v  0.4254 0.0860 -0.0046
v  0.4259 0.0862 -0.0268
v  0.4239 0.0853 0.0176
v  0.4214 0.0843 0.0397
v  0.3801 0.0666 0.0331
v  0.3823 0.0676 0.0132
v  0.4044 0.0668 -0.0900
v  0.4068 0.0678 -0.0690
v  0.3945 0.0651 -0.0678
v  0.3922 0.0641 -0.0882
v  0.4148 0.0738 -0.0918
v  0.4173 0.0748 -0.0702
v  0.4082 0.0684 -0.0479
v  0.3959 0.0657 -0.0473
v  0.4187 0.0755 -0.0486
v  0.3801 0.0666 -0.0867
v  0.3769 0.0653 -0.1064
v  0.3890 0.0628 -0.1084
v  0.4011 0.0654 -0.1108
v  0.4114 0.0723 -0.1133
v  0.4214 0.0843 -0.0933
v  0.4179 0.0828 -0.1153
v  0.4239 0.0853 -0.0713
v  0.4254 0.0860 -0.0491
v  0.3837 0.0682 -0.0468
v  0.3823 0.0676 -0.0668
v  0.3856 0.0587 -0.1719
v  0.3917 0.0613 -0.1518
v  0.3798 0.0588 -0.1482
v  0.3739 0.0563 -0.1677
v  0.3954 0.0655 -0.1761
v  0.4017 0.0682 -0.1554
v  0.3969 0.0636 -0.1315
v  0.3848 0.0610 -0.1284
v  0.4070 0.0705 -0.1345
v  0.3622 0.0590 -0.1642
v  0.3556 0.0562 -0.1829
v  0.3671 0.0534 -0.1869
v  0.3786 0.0558 -0.1916
v  0.3882 0.0624 -0.1964
v  0.4016 0.0758 -0.1796
v  0.3942 0.0727 -0.2003
v  0.4080 0.0785 -0.1584
v  0.4134 0.0809 -0.1370
v  0.3729 0.0636 -0.1259
v  0.3680 0.0615 -0.1452
v  0.3524 0.0446 -0.2482
v  0.3619 0.0487 -0.2298
v  0.3509 0.0465 -0.2240
v  0.3416 0.0426 -0.2418
v  0.3612 0.0509 -0.2546
v  0.3711 0.0551 -0.2357
v  0.3707 0.0524 -0.2110
v  0.3594 0.0502 -0.2056
v  0.3801 0.0590 -0.2163
v  0.3307 0.0456 -0.2365
v  0.3209 0.0414 -0.2535
v  0.3315 0.0383 -0.2592
v  0.3420 0.0402 -0.2661
v  0.3505 0.0464 -0.2730
v  0.3666 0.0609 -0.2599
v  0.3556 0.0562 -0.2787
v  0.3767 0.0652 -0.2406
v  0.3859 0.0691 -0.2207
v  0.3481 0.0530 -0.2012
v  0.3398 0.0495 -0.2191
v  0.3061 0.0249 -0.3161
v  0.3188 0.0303 -0.3000
v  0.3090 0.0287 -0.2922
v  0.2967 0.0234 -0.3077
v  0.3136 0.0306 -0.3244
v  0.3267 0.0362 -0.3079
v  0.3308 0.0354 -0.2834
v  0.3206 0.0336 -0.2760
v  0.3390 0.0415 -0.2908
v  0.2869 0.0269 -0.3008
v  0.2742 0.0215 -0.3153
v  0.2837 0.0179 -0.3226
v  0.2927 0.0191 -0.3314
v  0.2998 0.0248 -0.3402
v  0.3179 0.0401 -0.3313
v  0.3038 0.0341 -0.3474
v  0.3313 0.0458 -0.3145
v  0.3439 0.0512 -0.2969
v  0.3103 0.0369 -0.2698
v  0.2989 0.0321 -0.2856
v  0.2485 0.0003 -0.3728
v  0.2639 0.0069 -0.3597
v  0.2557 0.0059 -0.3501
v  0.2408 -0.0004 -0.3628
v  0.2544 0.0054 -0.3827
v  0.2702 0.0121 -0.3694
v  0.2786 0.0131 -0.3459
v  0.2700 0.0120 -0.3367
v  0.2854 0.0186 -0.3552
v  0.2324 0.0037 -0.3545
v  0.2173 -0.0027 -0.3660
v  0.2254 -0.0070 -0.3746
v  0.2326 -0.0065 -0.3849
v  0.2381 -0.0016 -0.3953
v  0.2573 0.0143 -0.3910
v  0.2406 0.0072 -0.4038
v  0.2734 0.0212 -0.3773
v  0.2889 0.0278 -0.3628
v  0.2609 0.0158 -0.3291
v  0.2469 0.0099 -0.3422
v  0.1819 -0.0281 -0.4162
v  0.1993 -0.0207 -0.4067
v  0.1930 -0.0208 -0.3957
v  0.1761 -0.0280 -0.4049
v  0.1859 -0.0238 -0.4274
v  0.2038 -0.0162 -0.4176
v  0.2162 -0.0135 -0.3962
v  0.2094 -0.0138 -0.3856
v  0.2212 -0.0088 -0.4069
v  0.1693 -0.0232 -0.3956
v  0.1524 -0.0304 -0.4037
v  0.1588 -0.0354 -0.4132
v  0.1641 -0.0357 -0.4247
v  0.1676 -0.0316 -0.4362
v  0.1872 -0.0156 -0.4367
v  0.1685 -0.0236 -0.4457
v  0.2055 -0.0078 -0.4267
v  0.2233 -0.0002 -0.4157
v  0.2018 -0.0094 -0.3767
v  0.1857 -0.0162 -0.3866
v  0.1088 -0.0593 -0.4446
v  0.1275 -0.0513 -0.4390
v  0.1233 -0.0505 -0.4271
v  0.1051 -0.0583 -0.4325
v  0.1107 -0.0559 -0.4567
v  0.1299 -0.0477 -0.4509
v  0.1460 -0.0434 -0.4323
v  0.1412 -0.0429 -0.4206
v  0.1489 -0.0396 -0.4440
v  0.1000 -0.0528 -0.4226
v  0.0820 -0.0604 -0.4269
v  0.0867 -0.0661 -0.4370
v  0.0898 -0.0674 -0.4492
v  0.0911 -0.0642 -0.4614
v  0.1102 -0.0484 -0.4667
v  0.0902 -0.0569 -0.4715
v  0.1299 -0.0400 -0.4607
v  0.1494 -0.0317 -0.4537
v  0.1353 -0.0377 -0.4109
v  0.1178 -0.0452 -0.4172
v  0.0320 -0.0920 -0.4570
v  0.0514 -0.0837 -0.4554
v  0.0493 -0.0821 -0.4431
v  0.0305 -0.0901 -0.4446
v  0.0316 -0.0896 -0.4694
v  0.0516 -0.0811 -0.4678
v  0.0707 -0.0755 -0.4529
v  0.0681 -0.0741 -0.4406
v  0.0714 -0.0726 -0.4652
v  0.0272 -0.0838 -0.4343
v  0.0293 -0.0829 -0.4797
v  0.0497 -0.0742 -0.4781
v  0.0700 -0.0655 -0.4753
v  0.0639 -0.0682 -0.4304
v  0.0456 -0.0760 -0.4328
v  -0.1253 -0.0865 -0.4271
v  -0.1296 -0.0858 -0.4390
v  -0.1481 -0.0936 -0.4323
v  -0.1433 -0.0942 -0.4206
v  -0.1071 -0.0788 -0.4325
v  -0.1108 -0.0778 -0.4446
v  -0.1320 -0.0894 -0.4509
v  -0.1510 -0.0975 -0.4440
v  -0.1127 -0.0811 -0.4567
v  -0.1373 -0.0993 -0.4109
v  -0.1609 -0.1017 -0.4132
v  -0.1545 -0.1066 -0.4037
v  -0.1198 -0.0919 -0.4172
v  -0.1021 -0.0843 -0.4226
v  -0.1122 -0.0886 -0.4667
v  -0.1320 -0.0970 -0.4607
v  -0.1514 -0.1053 -0.4537
v  -0.1705 -0.1135 -0.4457
v  -0.1696 -0.1054 -0.4362
v  -0.1662 -0.1014 -0.4247
v  -0.1950 -0.1162 -0.3957
v  -0.2013 -0.1164 -0.4067
v  -0.2183 -0.1236 -0.3962
v  -0.2115 -0.1232 -0.3856
v  -0.1782 -0.1090 -0.4049
v  -0.1840 -0.1090 -0.4162
v  -0.2058 -0.1208 -0.4176
v  -0.2232 -0.1283 -0.4069
v  -0.1879 -0.1132 -0.4274
v  -0.2274 -0.1300 -0.3746
v  -0.2194 -0.1343 -0.3660
v  -0.2038 -0.1277 -0.3767
v  -0.1878 -0.1208 -0.3866
v  -0.1713 -0.1138 -0.3956
v  -0.1892 -0.1214 -0.4367
v  -0.2075 -0.1292 -0.4267
v  -0.2253 -0.1368 -0.4157
v  -0.2426 -0.1442 -0.4038
v  -0.2401 -0.1355 -0.3953
v  -0.2347 -0.1306 -0.3849
v  -0.2577 -0.1430 -0.3501
v  -0.2659 -0.1439 -0.3597
v  -0.2806 -0.1502 -0.3459
v  -0.2720 -0.1491 -0.3367
v  -0.2429 -0.1366 -0.3628
v  -0.2506 -0.1374 -0.3728
v  -0.2723 -0.1492 -0.3694
v  -0.2874 -0.1556 -0.3552
v  -0.2565 -0.1424 -0.3827
v  -0.2857 -0.1549 -0.3226
v  -0.2762 -0.1585 -0.3153
v  -0.2629 -0.1529 -0.3291
v  -0.2490 -0.1469 -0.3422
v  -0.2344 -0.1407 -0.3545
v  -0.2594 -0.1513 -0.3910
v  -0.2755 -0.1582 -0.3773
v  -0.2910 -0.1648 -0.3628
v  -0.3058 -0.1712 -0.3474
v  -0.3019 -0.1618 -0.3402
v  -0.2947 -0.1562 -0.3314
v  -0.3111 -0.1657 -0.2922
v  -0.3208 -0.1673 -0.3000
v  -0.3328 -0.1724 -0.2834
v  -0.3227 -0.1707 -0.2760
v  -0.2987 -0.1605 -0.3077
v  -0.3081 -0.1619 -0.3161
v  -0.3288 -0.1733 -0.3079
v  -0.3411 -0.1785 -0.2908
v  -0.3157 -0.1677 -0.3244
v  -0.3336 -0.1753 -0.2592
v  -0.3229 -0.1784 -0.2535
v  -0.3123 -0.1739 -0.2698
v  -0.3010 -0.1691 -0.2856
v  -0.2889 -0.1640 -0.3008
v  -0.3199 -0.1772 -0.3313
v  -0.3333 -0.1829 -0.3145
v  -0.3459 -0.1883 -0.2969
v  -0.3577 -0.1933 -0.2787
v  -0.3526 -0.1834 -0.2730
v  -0.3440 -0.1772 -0.2661
v  -0.3530 -0.1836 -0.2240
v  -0.3640 -0.1857 -0.2298
v  -0.3727 -0.1894 -0.2110
v  -0.3615 -0.1872 -0.2056
v  -0.3437 -0.1796 -0.2418
v  -0.3544 -0.1816 -0.2482
v  -0.3732 -0.1922 -0.2357
v  -0.3821 -0.1960 -0.2163
v  -0.3633 -0.1880 -0.2546
v  -0.3691 -0.1905 -0.1869
v  -0.3576 -0.1932 -0.1829
v  -0.3501 -0.1901 -0.2012
v  -0.3418 -0.1865 -0.2191
v  -0.3328 -0.1827 -0.2365
v  -0.3686 -0.1979 -0.2599
v  -0.3787 -0.2023 -0.2406
v  -0.3879 -0.2062 -0.2207
v  -0.3962 -0.2097 -0.2003
v  -0.3903 -0.1995 -0.1964
v  -0.3806 -0.1928 -0.1916
v  -0.3818 -0.1959 -0.1482
v  -0.3937 -0.1984 -0.1518
v  -0.3989 -0.2006 -0.1315
v  -0.3869 -0.1980 -0.1284
v  -0.3759 -0.1934 -0.1677
v  -0.3876 -0.1958 -0.1719
v  -0.4037 -0.2052 -0.1554
v  -0.4091 -0.2075 -0.1345
v  -0.3975 -0.2025 -0.1761
v  -0.3910 -0.1998 -0.1084
v  -0.3790 -0.2023 -0.1064
v  -0.3749 -0.2006 -0.1259
v  -0.3700 -0.1985 -0.1452
v  -0.3642 -0.1961 -0.1642
v  -0.4036 -0.2129 -0.1796
v  -0.4100 -0.2156 -0.1584
v  -0.4155 -0.2179 -0.1370
v  -0.4200 -0.2198 -0.1153
v  -0.4135 -0.2094 -0.1133
v  -0.4032 -0.2024 -0.1108
v  -0.3966 -0.2022 -0.0678
v  -0.4089 -0.2049 -0.0690
v  -0.4103 -0.2055 -0.0479
v  -0.3979 -0.2028 -0.0473
v  -0.3942 -0.2012 -0.0882
v  -0.4065 -0.2038 -0.0900
v  -0.4193 -0.2119 -0.0702
v  -0.4208 -0.2125 -0.0486
v  -0.4169 -0.2108 -0.0918
v  -0.3984 -0.2030 -0.0268
v  -0.3862 -0.2054 -0.0268
v  -0.3857 -0.2052 -0.0468
v  -0.3844 -0.2046 -0.0668
v  -0.3821 -0.2037 -0.0867
v  -0.4235 -0.2213 -0.0933
v  -0.4260 -0.2224 -0.0713
v  -0.4275 -0.2230 -0.0491
v  -0.4280 -0.2233 -0.0268
v  -0.4213 -0.2127 -0.0268
v  -0.4108 -0.2057 -0.0268
v  -0.3966 -0.2022 0.0142
v  -0.4089 -0.2049 0.0154
v  -0.4065 -0.2038 0.0364
v  -0.3942 -0.2012 0.0346
v  -0.3979 -0.2028 -0.0063
v  -0.4103 -0.2055 -0.0057
v  -0.4193 -0.2119 0.0166
v  -0.4169 -0.2108 0.0382
v  -0.4208 -0.2125 -0.0051
v  -0.3910 -0.1998 0.0548
v  -0.3790 -0.2023 0.0528
v  -0.3821 -0.2037 0.0331
v  -0.3844 -0.2046 0.0132
v  -0.3857 -0.2052 -0.0068
v  -0.4275 -0.2230 -0.0046
v  -0.4260 -0.2224 0.0176
v  -0.4235 -0.2213 0.0397
v  -0.4200 -0.2198 0.0617
v  -0.4135 -0.2094 0.0596
v  -0.4032 -0.2024 0.0572
v  -0.3818 -0.1959 0.0946
v  -0.3937 -0.1984 0.0982
v  -0.3876 -0.1958 0.1183
v  -0.3759 -0.1934 0.1141
v  -0.3869 -0.1980 0.0748
v  -0.3989 -0.2006 0.0778
v  -0.4037 -0.2052 0.1018
v  -0.3975 -0.2025 0.1225
v  -0.4091 -0.2075 0.0809
v  -0.3691 -0.1905 0.1333
v  -0.3576 -0.1932 0.1293
v  -0.3642 -0.1961 0.1106
v  -0.3700 -0.1985 0.0916
v  -0.3749 -0.2006 0.0723
v  -0.4155 -0.2179 0.0834
v  -0.4100 -0.2156 0.1048
v  -0.4036 -0.2129 0.1260
v  -0.3962 -0.2097 0.1467
v  -0.3903 -0.1995 0.1428
v  -0.3806 -0.1928 0.1380
v  -0.3530 -0.1836 0.1704
v  -0.3640 -0.1857 0.1762
v  -0.3544 -0.1816 0.1946
v  -0.3437 -0.1796 0.1882
v  -0.3615 -0.1872 0.1520
v  -0.3727 -0.1894 0.1573
v  -0.3732 -0.1922 0.1821
v  -0.3633 -0.1880 0.2010
v  -0.3821 -0.1960 0.1627
v  -0.3336 -0.1753 0.2056
v  -0.3229 -0.1784 0.1998
v  -0.3328 -0.1827 0.1829
v  -0.3418 -0.1865 0.1655
v  -0.3501 -0.1901 0.1476
v  -0.3879 -0.2062 0.1671
v  -0.3787 -0.2023 0.1869
v  -0.3686 -0.1979 0.2063
v  -0.3577 -0.1933 0.2251
v  -0.3526 -0.1834 0.2194
v  -0.3440 -0.1772 0.2125
v  -0.3111 -0.1657 0.2385
v  -0.3208 -0.1673 0.2464
v  -0.3081 -0.1619 0.2624
v  -0.2987 -0.1605 0.2541
v  -0.3227 -0.1707 0.2224
v  -0.3328 -0.1724 0.2298
v  -0.3288 -0.1733 0.2543
v  -0.3157 -0.1677 0.2708
v  -0.3411 -0.1785 0.2372
v  -0.2857 -0.1549 0.2690
v  -0.2762 -0.1585 0.2617
v  -0.2889 -0.1640 0.2472
v  -0.3010 -0.1691 0.2320
v  -0.3123 -0.1739 0.2162
v  -0.3459 -0.1883 0.2433
v  -0.3333 -0.1829 0.2609
v  -0.3199 -0.1772 0.2777
v  -0.3058 -0.1712 0.2938
v  -0.3019 -0.1618 0.2865
v  -0.2947 -0.1562 0.2777
v  -0.2577 -0.1430 0.2965
v  -0.2659 -0.1439 0.3061
v  -0.2506 -0.1374 0.3191
v  -0.2429 -0.1366 0.3092
v  -0.2720 -0.1491 0.2831
v  -0.2806 -0.1502 0.2923
v  -0.2723 -0.1492 0.3157
v  -0.2565 -0.1424 0.3291
v  -0.2874 -0.1556 0.3015
v  -0.2274 -0.1300 0.3210
v  -0.2194 -0.1343 0.3124
v  -0.2344 -0.1407 0.3009
v  -0.2490 -0.1469 0.2886
v  -0.2629 -0.1529 0.2755
v  -0.2910 -0.1648 0.3092
v  -0.2755 -0.1582 0.3237
v  -0.2594 -0.1513 0.3374
v  -0.2426 -0.1442 0.3502
v  -0.2401 -0.1355 0.3417
v  -0.2347 -0.1306 0.3313
v  -0.1950 -0.1162 0.3421
v  -0.2013 -0.1164 0.3530
v  -0.1840 -0.1090 0.3625
v  -0.1782 -0.1090 0.3513
v  -0.2115 -0.1232 0.3320
v  -0.2183 -0.1236 0.3426
v  -0.2058 -0.1208 0.3640
v  -0.1879 -0.1132 0.3738
v  -0.2232 -0.1283 0.3533
v  -0.1609 -0.1017 0.3596
v  -0.1545 -0.1066 0.3501
v  -0.1713 -0.1138 0.3420
v  -0.1878 -0.1208 0.3330
v  -0.2038 -0.1277 0.3231
v  -0.2253 -0.1368 0.3621
v  -0.2075 -0.1292 0.3731
v  -0.1892 -0.1214 0.3831
v  -0.1705 -0.1135 0.3921
v  -0.1696 -0.1054 0.3826
v  -0.1662 -0.1014 0.3711
v  -0.1253 -0.0865 0.3735
v  -0.1296 -0.0858 0.3854
v  -0.1108 -0.0778 0.3910
v  -0.1071 -0.0788 0.3789
v  -0.1433 -0.0942 0.3670
v  -0.1481 -0.0936 0.3787
v  -0.1320 -0.0894 0.3973
v  -0.1127 -0.0811 0.4031
v  -0.1510 -0.0975 0.3904
v  -0.0887 -0.0709 0.3834
v  -0.0841 -0.0766 0.3733
v  -0.1021 -0.0843 0.3689
v  -0.1198 -0.0919 0.3636
v  -0.1373 -0.0993 0.3573
v  -0.1514 -0.1053 0.4001
v  -0.1320 -0.0970 0.4071
v  -0.1122 -0.0886 0.4130
v  -0.0923 -0.0801 0.4179
v  -0.0932 -0.0728 0.4078
v  -0.0919 -0.0697 0.3956
v  -0.0514 -0.0550 0.3895
v  -0.0534 -0.0533 0.4018
v  -0.0340 -0.0450 0.4034
v  -0.0325 -0.0470 0.3910
v  -0.0701 -0.0630 0.3869
v  -0.0727 -0.0615 0.3992
v  -0.0536 -0.0559 0.4142
v  -0.0337 -0.0474 0.4158
v  -0.0735 -0.0644 0.4115
v  -0.0137 -0.0389 0.3915
v  -0.0109 -0.0454 0.3812
v  -0.0293 -0.0533 0.3807
v  -0.0477 -0.0611 0.3792
v  -0.0659 -0.0689 0.3767
v  -0.0721 -0.0715 0.4217
v  -0.0518 -0.0628 0.4245
v  -0.0313 -0.0541 0.4261
v  -0.0109 -0.0454 0.4266
v  -0.0137 -0.0389 0.4163
v  -0.0146 -0.0367 0.4039
v  0.0241 -0.0228 0.3895
v  0.0243 -0.0202 0.4018
v  0.0436 -0.0119 0.3992
v  0.0428 -0.0148 0.3869
v  0.0052 -0.0309 0.3910
v  0.0049 -0.0284 0.4034
v  0.0263 -0.0219 0.4142
v  0.0462 -0.0134 0.4115
v  0.0063 -0.0304 0.4158
v  0.0614 -0.0069 0.3834
v  0.0623 -0.0142 0.3733
v  0.0442 -0.0219 0.3767
v  0.0259 -0.0297 0.3792
v  0.0075 -0.0376 0.3807
v  0.0096 -0.0367 0.4261
v  0.0300 -0.0280 0.4245
v  0.0503 -0.0193 0.4217
v  0.0705 -0.0107 0.4179
v  0.0659 -0.0050 0.4078
v  0.0627 -0.0038 0.3956
v  0.0980 0.0087 0.3735
v  0.1004 0.0123 0.3854
v  0.1189 0.0202 0.3787
v  0.1160 0.0164 0.3670
v  0.0798 0.0010 0.3789
v  0.0817 0.0043 0.3910
v  0.1047 0.0115 0.3973
v  0.1237 0.0196 0.3904
v  0.0854 0.0033 0.4031
v  0.1336 0.0239 0.3596
v  0.1327 0.0158 0.3501
v  0.1155 0.0085 0.3573
v  0.0981 0.0010 0.3636
v  0.0803 -0.0065 0.3689
v  0.0905 -0.0022 0.4130
v  0.1102 0.0062 0.4071
v  0.1296 0.0145 0.4001
v  0.1487 0.0227 0.3921
v  0.1423 0.0276 0.3826
v  0.1370 0.0279 0.3711
v  0.1677 0.0384 0.3421
v  0.1722 0.0429 0.3530
v  0.1891 0.0501 0.3426
v  0.1842 0.0454 0.3320
v  0.1509 0.0312 0.3513
v  0.1548 0.0355 0.3625
v  0.1785 0.0430 0.3640
v  0.1959 0.0505 0.3533
v  0.1606 0.0354 0.3738
v  0.2001 0.0522 0.3210
v  0.1976 0.0435 0.3124
v  0.1821 0.0369 0.3231
v  0.1660 0.0300 0.3330
v  0.1496 0.0230 0.3420
v  0.1675 0.0306 0.3831
v  0.1857 0.0384 0.3731
v  0.2036 0.0460 0.3621
v  0.2209 0.0534 0.3502
v  0.2128 0.0577 0.3417
v  0.2055 0.0571 0.3313
v  0.2304 0.0652 0.2965
v  0.2368 0.0704 0.3061
v  0.2515 0.0767 0.2923
v  0.2447 0.0713 0.2831
v  0.2155 0.0588 0.3092
v  0.2214 0.0639 0.3191
v  0.2449 0.0714 0.3157
v  0.2601 0.0778 0.3015
v  0.2292 0.0646 0.3291
v  0.2584 0.0771 0.2690
v  0.2545 0.0677 0.2617
v  0.2411 0.0621 0.2755
v  0.2272 0.0561 0.2886
v  0.2127 0.0499 0.3009
v  0.2376 0.0605 0.3374
v  0.2537 0.0674 0.3237
v  0.2692 0.0740 0.3092
v  0.2841 0.0803 0.2938
v  0.2746 0.0840 0.2865
v  0.2656 0.0827 0.2777
v  0.2838 0.0879 0.2385
v  0.2917 0.0938 0.2464
v  0.3037 0.0989 0.2298
v  0.2954 0.0929 0.2224
v  0.2714 0.0826 0.2541
v  0.2790 0.0884 0.2624
v  0.3015 0.0954 0.2543
v  0.3138 0.1007 0.2372
v  0.2884 0.0899 0.2708
v  0.3063 0.0975 0.2056
v  0.3012 0.0876 0.1998
v  0.2906 0.0831 0.2162
v  0.2792 0.0783 0.2320
v  0.2672 0.0732 0.2472
v  0.2982 0.0864 0.2777
v  0.3116 0.0921 0.2609
v  0.3241 0.0974 0.2433
v  0.3359 0.1025 0.2251
v  0.3253 0.1056 0.2194
v  0.3149 0.1037 0.2125
v  0.3257 0.1058 0.1704
v  0.3348 0.1122 0.1762
v  0.3436 0.1160 0.1573
v  0.3342 0.1094 0.1520
v  0.3164 0.1018 0.1882
v  0.3253 0.1082 0.1946
v  0.3458 0.1144 0.1821
v  0.3548 0.1182 0.1627
v  0.3360 0.1102 0.2010
v  0.3418 0.1127 0.1333
v  0.3358 0.1024 0.1293
v  0.3284 0.0992 0.1476
v  0.3201 0.0957 0.1655
v  0.3110 0.0918 0.1829
v  0.3469 0.1071 0.2063
v  0.3570 0.1114 0.1869
v  0.3662 0.1154 0.1671
v  0.3745 0.1189 0.1467
v  0.3630 0.1217 0.1428
v  0.3515 0.1193 0.1380
v  0.3545 0.1181 0.0946
v  0.3646 0.1249 0.0982
v  0.3697 0.1271 0.0778
v  0.3596 0.1202 0.0748
v  0.3486 0.1156 0.1141
v  0.3585 0.1223 0.1183
v  0.3764 0.1274 0.1018
v  0.3818 0.1297 0.0809
v  0.3702 0.1247 0.1225
v  0.3637 0.1220 0.0548
v  0.3572 0.1115 0.0528
v  0.3532 0.1098 0.0723
v  0.3482 0.1077 0.0916
v  0.3425 0.1053 0.1106
v  0.3818 0.1220 0.1260
v  0.3883 0.1248 0.1048
v  0.3937 0.1271 0.0834
v  0.3982 0.1290 0.0617
v  0.3862 0.1316 0.0596
v  0.3740 0.1289 0.0572
v  0.3693 0.1244 0.0142
v  0.3797 0.1314 0.0154
v  0.3811 0.1320 -0.0057
v  0.3706 0.1249 -0.0063
v  0.3669 0.1234 0.0346
v  0.3773 0.1304 0.0364
v  0.3920 0.1341 0.0166
v  0.3935 0.1347 -0.0051
v  0.3896 0.1330 0.0382
v  0.3711 0.1251 -0.0268
v  0.3644 0.1146 -0.0268
v  0.3640 0.1144 -0.0068
v  0.3626 0.1138 0.0132
v  0.3603 0.1129 0.0331
v  0.4017 0.1305 0.0397
v  0.4042 0.1316 0.0176
v  0.4057 0.1322 -0.0046
v  0.4062 0.1324 -0.0268
v  0.3940 0.1349 -0.0268
v  0.3816 0.1322 -0.0268
v  0.3693 0.1244 -0.0678
v  0.3797 0.1314 -0.0690
v  0.3773 0.1304 -0.0900
v  0.3669 0.1234 -0.0882
v  0.3706 0.1249 -0.0473
v  0.3811 0.1320 -0.0479
v  0.3920 0.1341 -0.0702
v  0.3896 0.1330 -0.0918
v  0.3935 0.1347 -0.0486
v  0.3637 0.1220 -0.1084
v  0.3572 0.1115 -0.1064
v  0.3603 0.1129 -0.0867
v  0.3626 0.1138 -0.0668
v  0.3640 0.1144 -0.0468
v  0.4057 0.1322 -0.0491
v  0.4042 0.1316 -0.0713
v  0.4017 0.1305 -0.0933
v  0.3982 0.1290 -0.1153
v  0.3862 0.1316 -0.1133
v  0.3740 0.1289 -0.1108
v  0.3545 0.1181 -0.1482
v  0.3646 0.1249 -0.1518
v  0.3585 0.1223 -0.1719
v  0.3486 0.1156 -0.1677
v  0.3596 0.1202 -0.1284
v  0.3697 0.1271 -0.1315
v  0.3764 0.1274 -0.1554
v  0.3702 0.1247 -0.1761
v  0.3818 0.1297 -0.1345
v  0.3418 0.1127 -0.1869
v  0.3358 0.1024 -0.1829
v  0.3425 0.1053 -0.1642
v  0.3482 0.1077 -0.1452
v  0.3532 0.1098 -0.1259
v  0.3937 0.1271 -0.1370
v  0.3883 0.1248 -0.1584
v  0.3818 0.1220 -0.1796
v  0.3745 0.1189 -0.2003
v  0.3630 0.1217 -0.1964
v  0.3515 0.1193 -0.1916
v  0.3257 0.1058 -0.2240
v  0.3348 0.1122 -0.2298
v  0.3253 0.1082 -0.2482
v  0.3164 0.1018 -0.2418
v  0.3342 0.1094 -0.2056
v  0.3436 0.1160 -0.2110
v  0.3458 0.1144 -0.2357
v  0.3360 0.1102 -0.2546
v  0.3548 0.1182 -0.2163
v  0.3063 0.0975 -0.2592
v  0.3012 0.0876 -0.2535
v  0.3110 0.0918 -0.2365
v  0.3201 0.0957 -0.2191
v  0.3284 0.0992 -0.2012
v  0.3662 0.1154 -0.2207
v  0.3570 0.1114 -0.2406
v  0.3469 0.1071 -0.2599
v  0.3359 0.1025 -0.2787
v  0.3253 0.1056 -0.2730
v  0.3149 0.1037 -0.2661
v  0.2838 0.0879 -0.2922
v  0.2917 0.0938 -0.3000
v  0.2790 0.0884 -0.3161
v  0.2714 0.0826 -0.3077
v  0.2954 0.0929 -0.2760
v  0.3037 0.0989 -0.2834
v  0.3015 0.0954 -0.3079
v  0.2884 0.0899 -0.3244
v  0.3138 0.1007 -0.2908
v  0.2584 0.0771 -0.3226
v  0.2545 0.0677 -0.3153
v  0.2672 0.0732 -0.3008
v  0.2792 0.0783 -0.2856
v  0.2906 0.0831 -0.2698
v  0.3241 0.0974 -0.2969
v  0.3116 0.0921 -0.3145
v  0.2982 0.0864 -0.3313
v  0.2841 0.0803 -0.3474
v  0.2746 0.0840 -0.3402
v  0.2656 0.0827 -0.3314
v  0.2304 0.0652 -0.3501
v  0.2368 0.0704 -0.3597
v  0.2214 0.0639 -0.3728
v  0.2155 0.0588 -0.3628
v  0.2447 0.0713 -0.3367
v  0.2515 0.0767 -0.3459
v  0.2449 0.0714 -0.3694
v  0.2292 0.0646 -0.3827
v  0.2601 0.0778 -0.3552
v  0.2001 0.0522 -0.3746
v  0.1976 0.0435 -0.3660
v  0.2127 0.0499 -0.3545
v  0.2272 0.0561 -0.3422
v  0.2411 0.0621 -0.3291
v  0.2692 0.0740 -0.3628
v  0.2537 0.0674 -0.3773
v  0.2376 0.0605 -0.3910
v  0.2209 0.0534 -0.4038
v  0.2128 0.0577 -0.3953
v  0.2055 0.0571 -0.3849
v  0.1677 0.0384 -0.3957
v  0.1722 0.0429 -0.4067
v  0.1548 0.0355 -0.4162
v  0.1509 0.0312 -0.4049
v  0.1842 0.0454 -0.3856
v  0.1891 0.0501 -0.3962
v  0.1785 0.0430 -0.4176
v  0.1606 0.0354 -0.4274
v  0.1959 0.0505 -0.4069
v  0.1336 0.0239 -0.4132
v  0.1327 0.0158 -0.4037
v  0.1496 0.0230 -0.3956
v  0.1660 0.0300 -0.3866
v  0.1821 0.0369 -0.3767
v  0.2036 0.0460 -0.4157
v  0.1857 0.0384 -0.4267
v  0.1675 0.0306 -0.4367
v  0.1487 0.0227 -0.4457
v  0.1423 0.0276 -0.4362
v  0.1370 0.0279 -0.4247
v  0.0980 0.0087 -0.4271
v  0.1004 0.0123 -0.4390
v  0.0817 0.0043 -0.4446
v  0.0798 0.0010 -0.4325
v  0.1160 0.0164 -0.4206
v  0.1189 0.0202 -0.4323
v  0.1047 0.0115 -0.4509
v  0.0854 0.0033 -0.4567
v  0.1237 0.0196 -0.4440
v  0.0614 -0.0069 -0.4370
v  0.0623 -0.0142 -0.4269
v  0.0803 -0.0065 -0.4226
v  0.0981 0.0010 -0.4172
v  0.1155 0.0085 -0.4109
v  0.1296 0.0145 -0.4537
v  0.1102 0.0062 -0.4607
v  0.0905 -0.0022 -0.4667
v  0.0705 -0.0107 -0.4715
v  0.0659 -0.0050 -0.4614
v  0.0627 -0.0038 -0.4492
v  0.0241 -0.0228 -0.4431
v  0.0243 -0.0202 -0.4554
v  0.0049 -0.0284 -0.4570
v  0.0052 -0.0309 -0.4446
v  0.0428 -0.0148 -0.4406
v  0.0436 -0.0119 -0.4529
v  0.0263 -0.0219 -0.4678
v  0.0063 -0.0304 -0.4694
v  0.0462 -0.0134 -0.4652
v  0.0075 -0.0376 -0.4343
v  0.0259 -0.0297 -0.4328
v  0.0442 -0.0219 -0.4304
v  0.0503 -0.0193 -0.4753
v  0.0300 -0.0280 -0.4781
v  0.0096 -0.0367 -0.4797
v  0.4091 0.0914 -0.1603
v  0.4056 0.1049 -0.1609
v  0.4112 0.1072 -0.1391
v  0.4147 0.0938 -0.1385
v  0.4026 0.0886 -0.1817
v  0.3991 0.1021 -0.1824
v  0.3984 0.1167 -0.1603
v  0.4039 0.1191 -0.1385
v  0.3919 0.1139 -0.1817
v  0.4192 0.0957 -0.1165
v  0.3952 0.0855 -0.2028
v  0.3916 0.0989 -0.2036
v  0.3844 0.1107 -0.2028
v  0.4085 0.1210 -0.1165
v  0.4158 0.1092 -0.1169
v  0.0406 -0.0657 -0.4265
v  0.0350 -0.0532 -0.4243
v  0.0170 -0.0608 -0.4258
v  0.0225 -0.0734 -0.4279
v  0.0586 -0.0581 -0.4240
v  0.0529 -0.0455 -0.4219
v  0.0298 -0.0404 -0.4265
v  0.0117 -0.0482 -0.4279
v  0.0478 -0.0328 -0.4240
v  0.0044 -0.0812 -0.4284
v  0.0764 -0.0504 -0.4207
v  0.0707 -0.0380 -0.4186
v  0.0657 -0.0252 -0.4207
v  -0.0064 -0.0559 -0.4284
v  -0.0010 -0.0685 -0.4263
v  -0.3214 -0.2201 -0.2161
v  -0.3251 -0.2067 -0.2151
v  -0.3332 -0.2101 -0.1976
v  -0.3296 -0.2235 -0.1985
v  -0.3125 -0.2163 -0.2333
v  -0.3162 -0.2029 -0.2322
v  -0.3322 -0.1948 -0.2161
v  -0.3403 -0.1983 -0.1985
v  -0.3233 -0.1910 -0.2333
v  -0.3369 -0.2267 -0.1805
v  -0.3028 -0.2121 -0.2499
v  -0.3065 -0.1988 -0.2487
v  -0.3136 -0.1868 -0.2499
v  -0.3477 -0.2014 -0.1805
v  -0.3405 -0.2133 -0.1797
v  0.3774 0.0779 -0.2436
v  0.3738 0.0913 -0.2446
v  0.3831 0.0953 -0.2243
v  0.3867 0.0819 -0.2234
v  0.3672 0.0735 -0.2632
v  0.3635 0.0869 -0.2643
v  0.3666 0.1032 -0.2436
v  0.3760 0.1072 -0.2234
v  0.3564 0.0988 -0.2632
v  0.3561 0.0688 -0.2823
v  0.3523 0.0821 -0.2835
v  0.3453 0.0941 -0.2823
v  -0.0371 -0.0988 -0.4844
v  -0.0427 -0.0863 -0.4866
v  -0.0219 -0.0774 -0.4882
v  -0.0164 -0.0900 -0.4861
v  -0.0577 -0.1076 -0.4817
v  -0.0634 -0.0951 -0.4838
v  -0.0479 -0.0736 -0.4844
v  -0.0272 -0.0647 -0.4861
v  -0.0685 -0.0823 -0.4817
v  0.0044 -0.0812 -0.4866
v  -0.0782 -0.1164 -0.4778
v  -0.0839 -0.1039 -0.4799
v  -0.0889 -0.0911 -0.4778
v  -0.0064 -0.0559 -0.4866
v  -0.0010 -0.0685 -0.4888
v  -0.3491 -0.2319 -0.1434
v  -0.3526 -0.2184 -0.1428
v  -0.3575 -0.2205 -0.1239
v  -0.3540 -0.2339 -0.1244
v  -0.3434 -0.2295 -0.1621
v  -0.3470 -0.2160 -0.1614
v  -0.3599 -0.2066 -0.1434
v  -0.3647 -0.2087 -0.1244
v  -0.3542 -0.2042 -0.1621
v  -0.3579 -0.2356 -0.1052
v  -0.3687 -0.2104 -0.1052
v  -0.3614 -0.2222 -0.1047
v  0.3313 0.0582 -0.3185
v  0.3275 0.0715 -0.3199
v  0.3403 0.0770 -0.3020
v  0.3441 0.0637 -0.3007
v  0.3178 0.0525 -0.3356
v  0.3138 0.0657 -0.3370
v  0.3206 0.0835 -0.3185
v  0.3333 0.0890 -0.3007
v  0.3070 0.0778 -0.3356
v  0.3035 0.0464 -0.3520
v  0.2995 0.0596 -0.3535
v  0.2927 0.0716 -0.3520
v  -0.1184 -0.1335 -0.4668
v  -0.1244 -0.1211 -0.4689
v  -0.1043 -0.1125 -0.4749
v  -0.0984 -0.1250 -0.4729
v  -0.1381 -0.1419 -0.4598
v  -0.1442 -0.1296 -0.4618
v  -0.1292 -0.1082 -0.4668
v  -0.1092 -0.0997 -0.4729
v  -0.1489 -0.1166 -0.4598
v  -0.1575 -0.1502 -0.4516
v  -0.1636 -0.1379 -0.4536
v  -0.1683 -0.1249 -0.4516
v  -0.3633 -0.2379 -0.0662
v  -0.3667 -0.2244 -0.0660
v  -0.3680 -0.2250 -0.0464
v  -0.3646 -0.2385 -0.0465
v  -0.3610 -0.2370 -0.0857
v  -0.3645 -0.2235 -0.0854
v  -0.3740 -0.2126 -0.0662
v  -0.3754 -0.2132 -0.0465
v  -0.3718 -0.2117 -0.0857
v  -0.3650 -0.2387 -0.0268
v  -0.3758 -0.2134 -0.0268
v  -0.3685 -0.2252 -0.0268
v  0.2727 0.0333 -0.3823
v  0.2686 0.0464 -0.3839
v  0.2844 0.0532 -0.3691
v  0.2884 0.0400 -0.3675
v  0.2563 0.0263 -0.3962
v  0.2521 0.0394 -0.3979
v  0.2619 0.0585 -0.3823
v  0.2777 0.0652 -0.3675
v  0.2456 0.0516 -0.3962
v  0.2394 0.0190 -0.4091
v  0.2351 0.0321 -0.4109
v  0.2286 0.0443 -0.4091
v  -0.1950 -0.1662 -0.4323
v  -0.2013 -0.1539 -0.4342
v  -0.1827 -0.1460 -0.4444
v  -0.1765 -0.1583 -0.4425
v  -0.2131 -0.1739 -0.4212
v  -0.2195 -0.1617 -0.4231
v  -0.2058 -0.1409 -0.4323
v  -0.1873 -0.1330 -0.4425
v  -0.2239 -0.1486 -0.4212
v  -0.2306 -0.1814 -0.4091
v  -0.2371 -0.1692 -0.4109
v  -0.2414 -0.1561 -0.4091
v  -0.3633 -0.2379 0.0126
v  -0.3667 -0.2244 0.0123
v  -0.3645 -0.2235 0.0318
v  -0.3610 -0.2370 0.0321
v  -0.3646 -0.2385 -0.0071
v  -0.3680 -0.2250 -0.0072
v  -0.3740 -0.2126 0.0126
v  -0.3718 -0.2117 0.0321
v  -0.3754 -0.2132 -0.0071
v  -0.3579 -0.2356 0.0515
v  -0.3687 -0.2104 0.0515
v  -0.3614 -0.2222 0.0511
v  0.2038 0.0039 -0.4323
v  0.1993 0.0169 -0.4342
v  0.2174 0.0246 -0.4231
v  0.2218 0.0116 -0.4212
v  0.1852 -0.0041 -0.4425
v  0.1807 0.0089 -0.4444
v  0.1930 0.0291 -0.4323
v  0.2110 0.0368 -0.4212
v  0.1744 0.0212 -0.4425
v  0.1662 -0.0121 -0.4516
v  0.1616 0.0008 -0.4536
v  0.1555 0.0131 -0.4516
v  -0.2640 -0.1956 -0.3823
v  -0.2706 -0.1835 -0.3839
v  -0.2542 -0.1765 -0.3979
v  -0.2476 -0.1886 -0.3962
v  -0.2797 -0.2023 -0.3675
v  -0.2864 -0.1902 -0.3691
v  -0.2748 -0.1703 -0.3823
v  -0.2584 -0.1633 -0.3962
v  -0.2905 -0.1770 -0.3675
v  -0.2947 -0.2087 -0.3520
v  -0.3015 -0.1966 -0.3535
v  -0.3055 -0.1834 -0.3520
v  -0.3491 -0.2319 0.0898
v  -0.3526 -0.2184 0.0891
v  -0.3470 -0.2160 0.1078
v  -0.3434 -0.2295 0.1085
v  -0.3540 -0.2339 0.0708
v  -0.3575 -0.2205 0.0702
v  -0.3599 -0.2066 0.0898
v  -0.3542 -0.2042 0.1085
v  -0.3647 -0.2087 0.0708
v  -0.3369 -0.2267 0.1269
v  -0.3477 -0.2014 0.1269
v  -0.3405 -0.2133 0.1261
v  0.1272 -0.0288 -0.4668
v  0.1223 -0.0159 -0.4689
v  0.1421 -0.0075 -0.4618
v  0.1469 -0.0204 -0.4598
v  0.1071 -0.0373 -0.4729
v  0.1022 -0.0245 -0.4749
v  0.1164 -0.0035 -0.4668
v  0.1361 0.0049 -0.4598
v  0.0964 -0.0121 -0.4729
v  0.0869 -0.0460 -0.4778
v  0.0819 -0.0332 -0.4799
v  0.0761 -0.0207 -0.4778
v  -0.3226 -0.2206 -0.3185
v  -0.3295 -0.2086 -0.3199
v  -0.3159 -0.2028 -0.3370
v  -0.3091 -0.2148 -0.3356
v  -0.3354 -0.2260 -0.3007
v  -0.3423 -0.2141 -0.3020
v  -0.3334 -0.1953 -0.3185
v  -0.3198 -0.1895 -0.3356
v  -0.3462 -0.2007 -0.3007
v  -0.3473 -0.2311 -0.2823
v  -0.3544 -0.2192 -0.2835
v  -0.3581 -0.2058 -0.2823
v  -0.3214 -0.2201 0.1625
v  -0.3251 -0.2067 0.1615
v  -0.3162 -0.2029 0.1785
v  -0.3125 -0.2163 0.1796
v  -0.3296 -0.2235 0.1449
v  -0.3332 -0.2101 0.1440
v  -0.3322 -0.1948 0.1625
v  -0.3233 -0.1910 0.1796
v  -0.3403 -0.1983 0.1449
v  -0.3028 -0.2121 0.1963
v  -0.3136 -0.1868 0.1963
v  -0.3065 -0.1988 0.1951
v  0.0458 -0.0635 -0.4844
v  0.0406 -0.0508 -0.4866
v  0.0613 -0.0419 -0.4838
v  0.0664 -0.0547 -0.4817
v  0.0251 -0.0723 -0.4861
v  0.0198 -0.0596 -0.4882
v  0.0350 -0.0382 -0.4844
v  0.0557 -0.0294 -0.4817
v  0.0143 -0.0470 -0.4861
v  -0.3687 -0.2402 -0.2436
v  -0.3758 -0.2283 -0.2446
v  -0.3655 -0.2239 -0.2643
v  -0.3584 -0.2359 -0.2632
v  -0.3780 -0.2442 -0.2234
v  -0.3852 -0.2323 -0.2243
v  -0.3795 -0.2149 -0.2436
v  -0.3692 -0.2106 -0.2632
v  -0.3888 -0.2189 -0.2234
v  -0.3864 -0.2478 -0.2028
v  -0.3936 -0.2359 -0.2036
v  -0.3972 -0.2225 -0.2028
v  -0.2812 -0.2029 0.2279
v  -0.2851 -0.1896 0.2266
v  -0.2733 -0.1846 0.2414
v  -0.2693 -0.1979 0.2429
v  -0.2923 -0.2077 0.2124
v  -0.2962 -0.1944 0.2111
v  -0.2920 -0.1776 0.2279
v  -0.2801 -0.1726 0.2429
v  -0.3031 -0.1824 0.2124
v  -0.2568 -0.1925 0.2572
v  -0.2676 -0.1673 0.2572
v  -0.2608 -0.1793 0.2556
v  -0.4004 -0.2538 -0.1603
v  -0.4077 -0.2419 -0.1609
v  -0.4011 -0.2391 -0.1824
v  -0.3939 -0.2510 -0.1817
v  -0.4060 -0.2561 -0.1385
v  -0.4132 -0.2443 -0.1391
v  -0.4112 -0.2285 -0.1603
v  -0.4047 -0.2257 -0.1817
v  -0.4167 -0.2308 -0.1385
v  -0.4105 -0.2581 -0.1165
v  -0.4178 -0.2462 -0.1169
v  -0.4213 -0.2328 -0.1165
v  -0.2300 -0.1811 0.2836
v  -0.2341 -0.1679 0.2820
v  -0.2199 -0.1618 0.2940
v  -0.2157 -0.1750 0.2957
v  -0.2437 -0.1869 0.2707
v  -0.2478 -0.1737 0.2692
v  -0.2408 -0.1558 0.2836
v  -0.2265 -0.1497 0.2957
v  -0.2545 -0.1617 0.2707
v  -0.2009 -0.1687 0.3071
v  -0.2116 -0.1434 0.3071
v  -0.2052 -0.1556 0.3053
v  -0.4166 -0.2606 -0.0719
v  -0.4239 -0.2488 -0.0721
v  -0.4214 -0.2478 -0.0946
v  -0.4140 -0.2596 -0.0943
v  -0.4181 -0.2613 -0.0494
v  -0.4255 -0.2495 -0.0495
v  -0.4274 -0.2354 -0.0719
v  -0.4248 -0.2343 -0.0943
v  -0.4289 -0.2360 -0.0494
v  -0.4186 -0.2615 -0.0268
v  -0.4260 -0.2497 -0.0268
v  -0.4294 -0.2362 -0.0268
v  -0.1698 -0.1554 0.3274
v  -0.1742 -0.1424 0.3255
v  -0.1581 -0.1355 0.3343
v  -0.1536 -0.1485 0.3362
v  -0.1855 -0.1621 0.3176
v  -0.1899 -0.1491 0.3158
v  -0.1805 -0.1301 0.3274
v  -0.1644 -0.1232 0.3362
v  -0.1963 -0.1369 0.3176
v  -0.1370 -0.1414 0.3442
v  -0.1478 -0.1162 0.3442
v  -0.1416 -0.1285 0.3422
v  -0.4166 -0.2606 0.0183
v  -0.4239 -0.2488 0.0185
v  -0.4255 -0.2495 -0.0041
v  -0.4181 -0.2613 -0.0042
v  -0.4140 -0.2596 0.0407
v  -0.4214 -0.2478 0.0410
v  -0.4274 -0.2354 0.0183
v  -0.4289 -0.2360 -0.0042
v  -0.4248 -0.2343 0.0407
v  -0.4105 -0.2581 0.0629
v  -0.4178 -0.2462 0.0633
v  -0.4213 -0.2328 0.0629
v  -0.1029 -0.1269 0.3575
v  -0.1077 -0.1140 0.3554
v  -0.0903 -0.1066 0.3607
v  -0.0854 -0.1194 0.3627
v  -0.1201 -0.1342 0.3513
v  -0.1248 -0.1213 0.3493
v  -0.1136 -0.1016 0.3575
v  -0.0962 -0.0942 0.3627
v  -0.1309 -0.1089 0.3513
v  -0.0677 -0.1119 0.3671
v  -0.0785 -0.0866 0.3671
v  -0.0727 -0.0991 0.3650
v  -0.4004 -0.2538 0.1067
v  -0.4077 -0.2419 0.1073
v  -0.4132 -0.2443 0.0854
v  -0.4060 -0.2561 0.0849
v  -0.3939 -0.2510 0.1281
v  -0.4011 -0.2391 0.1288
v  -0.4112 -0.2285 0.1067
v  -0.4167 -0.2308 0.0849
v  -0.4047 -0.2257 0.1281
v  -0.3864 -0.2478 0.1492
v  -0.3936 -0.2359 0.1500
v  -0.3972 -0.2225 0.1492
v  -0.0318 -0.0966 0.3728
v  -0.0370 -0.0839 0.3707
v  -0.0191 -0.0762 0.3722
v  -0.0138 -0.0889 0.3743
v  -0.0498 -0.1043 0.3704
v  -0.0549 -0.0915 0.3683
v  -0.0426 -0.0713 0.3728
v  -0.0245 -0.0636 0.3743
v  -0.0606 -0.0790 0.3704
v  0.0044 -0.0812 0.3748
v  -0.0064 -0.0559 0.3748
v  -0.0010 -0.0685 0.3726
v  -0.3687 -0.2402 0.1900
v  -0.3758 -0.2283 0.1910
v  -0.3852 -0.2323 0.1707
v  -0.3780 -0.2442 0.1698
v  -0.3584 -0.2359 0.2096
v  -0.3655 -0.2239 0.2107
v  -0.3795 -0.2149 0.1900
v  -0.3888 -0.2189 0.1698
v  -0.3692 -0.2106 0.2096
v  -0.3473 -0.2311 0.2287
v  -0.3544 -0.2192 0.2298
v  -0.3581 -0.2058 0.2287
v  0.0406 -0.0657 0.3728
v  0.0350 -0.0532 0.3707
v  0.0529 -0.0455 0.3683
v  0.0586 -0.0581 0.3704
v  0.0225 -0.0734 0.3743
v  0.0170 -0.0608 0.3722
v  0.0298 -0.0404 0.3728
v  0.0478 -0.0328 0.3704
v  0.0117 -0.0482 0.3743
v  0.0764 -0.0504 0.3671
v  0.0657 -0.0252 0.3671
v  0.0707 -0.0380 0.3650
v  -0.3226 -0.2206 0.2649
v  -0.3295 -0.2086 0.2663
v  -0.3423 -0.2141 0.2484
v  -0.3354 -0.2260 0.2471
v  -0.3091 -0.2148 0.2820
v  -0.3159 -0.2028 0.2834
v  -0.3334 -0.1953 0.2649
v  -0.3462 -0.2007 0.2471
v  -0.3198 -0.1895 0.2820
v  -0.2947 -0.2087 0.2983
v  -0.3015 -0.1966 0.2999
v  -0.3055 -0.1834 0.2983
v  0.1116 -0.0354 0.3575
v  0.1056 -0.0230 0.3554
v  0.1228 -0.0157 0.3493
v  0.1288 -0.0281 0.3513
v  0.0941 -0.0429 0.3627
v  0.0883 -0.0305 0.3607
v  0.1008 -0.0102 0.3575
v  0.1180 -0.0028 0.3513
v  0.0833 -0.0176 0.3627
v  0.1457 -0.0209 0.3442
v  0.1350 0.0044 0.3442
v  0.1396 -0.0086 0.3422
v  -0.2640 -0.1956 0.3287
v  -0.2706 -0.1835 0.3303
v  -0.2864 -0.1902 0.3155
v  -0.2797 -0.2023 0.3139
v  -0.2476 -0.1886 0.3425
v  -0.2542 -0.1765 0.3442
v  -0.2748 -0.1703 0.3287
v  -0.2905 -0.1770 0.3139
v  -0.2584 -0.1633 0.3425
v  -0.2306 -0.1814 0.3555
v  -0.2371 -0.1692 0.3573
v  -0.2414 -0.1561 0.3555
v  0.1785 -0.0069 0.3274
v  0.1722 0.0053 0.3255
v  0.1879 0.0120 0.3158
v  0.1943 -0.0002 0.3176
v  0.1623 -0.0138 0.3362
v  0.1561 -0.0015 0.3343
v  0.1677 0.0184 0.3274
v  0.1835 0.0251 0.3176
v  0.1515 0.0115 0.3362
v  0.2096 0.0063 0.3071
v  0.1988 0.0316 0.3071
v  0.2031 0.0185 0.3053
v  -0.1950 -0.1662 0.3787
v  -0.2013 -0.1539 0.3806
v  -0.2195 -0.1617 0.3694
v  -0.2131 -0.1739 0.3676
v  -0.1765 -0.1583 0.3889
v  -0.1827 -0.1460 0.3908
v  -0.2058 -0.1409 0.3787
v  -0.2239 -0.1486 0.3676
v  -0.1873 -0.1330 0.3889
v  -0.1575 -0.1502 0.3980
v  -0.1636 -0.1379 0.4000
v  -0.1683 -0.1249 0.3980
v  0.2387 0.0188 0.2836
v  0.2321 0.0309 0.2820
v  0.2457 0.0367 0.2692
v  0.2524 0.0246 0.2707
v  0.2244 0.0127 0.2957
v  0.2179 0.0248 0.2940
v  0.2279 0.0440 0.2836
v  0.2417 0.0499 0.2707
v  0.2136 0.0379 0.2957
v  0.2656 0.0302 0.2572
v  0.2548 0.0555 0.2572
v  0.2588 0.0423 0.2556
v  -0.1184 -0.1335 0.4132
v  -0.1244 -0.1211 0.4153
v  -0.1442 -0.1296 0.4082
v  -0.1381 -0.1419 0.4061
v  -0.0984 -0.1250 0.4192
v  -0.1043 -0.1125 0.4213
v  -0.1292 -0.1082 0.4132
v  -0.1489 -0.1166 0.4061
v  -0.1092 -0.0997 0.4192
v  -0.0782 -0.1164 0.4242
v  -0.0839 -0.1039 0.4263
v  -0.0889 -0.0911 0.4242
v  0.2899 0.0406 0.2279
v  0.2830 0.0526 0.2266
v  0.2941 0.0573 0.2111
v  0.3011 0.0453 0.2124
v  0.2781 0.0355 0.2429
v  0.2712 0.0476 0.2414
v  0.2791 0.0659 0.2279
v  0.2903 0.0706 0.2124
v  0.2673 0.0608 0.2429
v  0.3115 0.0498 0.1963
v  0.3007 0.0751 0.1963
v  0.3045 0.0617 0.1951
v  -0.0371 -0.0988 0.4308
v  -0.0427 -0.0863 0.4329
v  -0.0634 -0.0951 0.4302
v  -0.0577 -0.1076 0.4281
v  -0.0164 -0.0900 0.4325
v  -0.0219 -0.0774 0.4346
v  -0.0479 -0.0736 0.4308
v  -0.0685 -0.0823 0.4281
v  -0.0272 -0.0647 0.4325
v  0.0044 -0.0812 0.4330
v  -0.0010 -0.0685 0.4352
v  -0.0064 -0.0559 0.4330
v  0.3301 0.0577 0.1625
v  0.3230 0.0696 0.1615
v  0.3311 0.0731 0.1440
v  0.3383 0.0612 0.1449
v  0.3212 0.0539 0.1796
v  0.3141 0.0659 0.1785
v  0.3194 0.0830 0.1625
v  0.3275 0.0865 0.1449
v  0.3104 0.0792 0.1796
v  0.3456 0.0644 0.1269
v  0.3349 0.0896 0.1269
v  0.3384 0.0762 0.1261
v  0.0458 -0.0635 0.4308
v  0.0406 -0.0508 0.4329
v  0.0198 -0.0596 0.4346
v  0.0251 -0.0723 0.4325
v  0.0664 -0.0547 0.4281
v  0.0613 -0.0419 0.4302
v  0.0350 -0.0382 0.4308
v  0.0143 -0.0470 0.4325
v  0.0557 -0.0294 0.4281
v  0.0869 -0.0460 0.4242
v  0.0819 -0.0332 0.4263
v  0.0761 -0.0207 0.4242
v  0.3579 0.0696 0.0898
v  0.3506 0.0814 0.0891
v  0.3554 0.0834 0.0702
v  0.3627 0.0716 0.0708
v  0.3522 0.0671 0.1085
v  0.3449 0.0790 0.1078
v  0.3471 0.0948 0.0898
v  0.3519 0.0969 0.0708
v  0.3414 0.0924 0.1085
v  0.3667 0.0733 0.0515
v  0.3559 0.0986 0.0515
v  0.3594 0.0851 0.0511
v  0.1272 -0.0288 0.4132
v  0.1223 -0.0159 0.4153
v  0.1022 -0.0245 0.4213
v  0.1071 -0.0373 0.4192
v  0.1469 -0.0204 0.4061
v  0.1421 -0.0075 0.4082
v  0.1164 -0.0035 0.4132
v  0.0964 -0.0121 0.4192
v  0.1361 0.0049 0.4061
v  0.1662 -0.0121 0.3980
v  0.1616 0.0008 0.4000
v  0.1555 0.0131 0.3980
v  0.3720 0.0756 0.0126
v  0.3646 0.0874 0.0123
v  0.3660 0.0880 -0.0072
v  0.3733 0.0761 -0.0071
v  0.3698 0.0746 0.0321
v  0.3624 0.0864 0.0318
v  0.3612 0.1009 0.0126
v  0.3625 0.1014 -0.0071
v  0.3590 0.0999 0.0321
v  0.3738 0.0763 -0.0268
v  0.3630 0.1016 -0.0268
v  0.3664 0.0881 -0.0268
v  0.2038 0.0039 0.3787
v  0.1993 0.0169 0.3806
v  0.1807 0.0089 0.3908
v  0.1852 -0.0041 0.3889
v  0.2218 0.0116 0.3676
v  0.2174 0.0246 0.3694
v  0.1930 0.0291 0.3787
v  0.1744 0.0212 0.3889
v  0.2110 0.0368 0.3676
v  0.2394 0.0190 0.3555
v  0.2351 0.0321 0.3573
v  0.2286 0.0443 0.3555
v  0.3720 0.0756 -0.0662
v  0.3646 0.0874 -0.0660
v  0.3624 0.0864 -0.0854
v  0.3698 0.0746 -0.0857
v  0.3733 0.0761 -0.0465
v  0.3660 0.0880 -0.0464
v  0.3612 0.1009 -0.0662
v  0.3590 0.0999 -0.0857
v  0.3625 0.1014 -0.0465
v  0.3667 0.0733 -0.1052
v  0.3559 0.0986 -0.1052
v  0.3594 0.0851 -0.1047
v  0.2727 0.0333 0.3287
v  0.2686 0.0464 0.3303
v  0.2521 0.0394 0.3442
v  0.2563 0.0263 0.3425
v  0.2884 0.0400 0.3139
v  0.2844 0.0532 0.3155
v  0.2619 0.0585 0.3287
v  0.2456 0.0516 0.3425
v  0.2777 0.0652 0.3139
v  0.3035 0.0464 0.2983
v  0.2995 0.0596 0.2999
v  0.2927 0.0716 0.2983
v  0.3579 0.0696 -0.1434
v  0.3506 0.0814 -0.1428
v  0.3449 0.0790 -0.1614
v  0.3522 0.0671 -0.1621
v  0.3627 0.0716 -0.1244
v  0.3554 0.0834 -0.1239
v  0.3471 0.0948 -0.1434
v  0.3414 0.0924 -0.1621
v  0.3519 0.0969 -0.1244
v  0.3456 0.0644 -0.1805
v  0.3349 0.0896 -0.1805
v  0.3384 0.0762 -0.1797
v  0.3313 0.0582 0.2649
v  0.3275 0.0715 0.2663
v  0.3138 0.0657 0.2834
v  0.3178 0.0525 0.2820
v  0.3441 0.0637 0.2471
v  0.3403 0.0770 0.2484
v  0.3206 0.0835 0.2649
v  0.3070 0.0778 0.2820
v  0.3333 0.0890 0.2471
v  0.3561 0.0688 0.2287
v  0.3523 0.0821 0.2298
v  0.3453 0.0941 0.2287
v  0.3301 0.0577 -0.2161
v  0.3230 0.0696 -0.2151
v  0.3141 0.0659 -0.2322
v  0.3212 0.0539 -0.2333
v  0.3383 0.0612 -0.1985
v  0.3311 0.0731 -0.1976
v  0.3194 0.0830 -0.2161
v  0.3104 0.0792 -0.2333
v  0.3275 0.0865 -0.1985
v  0.3115 0.0498 -0.2499
v  0.3007 0.0751 -0.2499
v  0.3045 0.0617 -0.2487
v  -0.0318 -0.0966 -0.4265
v  -0.0370 -0.0839 -0.4243
v  -0.0549 -0.0915 -0.4219
v  -0.0498 -0.1043 -0.4240
v  -0.0138 -0.0889 -0.4279
v  -0.0191 -0.0762 -0.4258
v  -0.0426 -0.0713 -0.4265
v  -0.0606 -0.0790 -0.4240
v  -0.0245 -0.0636 -0.4279
v  -0.0677 -0.1119 -0.4207
v  -0.0785 -0.0866 -0.4207
v  -0.0727 -0.0991 -0.4186
v  0.3774 0.0779 0.1900
v  0.3738 0.0913 0.1910
v  0.3635 0.0869 0.2107
v  0.3672 0.0735 0.2096
v  0.3867 0.0819 0.1698
v  0.3831 0.0953 0.1707
v  0.3666 0.1032 0.1900
v  0.3564 0.0988 0.2096
v  0.3760 0.1072 0.1698
v  0.3952 0.0855 0.1492
v  0.3916 0.0989 0.1500
v  0.3844 0.1107 0.1492
v  0.2899 0.0406 -0.2816
v  0.2830 0.0526 -0.2802
v  0.2712 0.0476 -0.2951
v  0.2781 0.0355 -0.2965
v  0.3011 0.0453 -0.2660
v  0.2941 0.0573 -0.2648
v  0.2791 0.0659 -0.2816
v  0.2673 0.0608 -0.2965
v  0.2903 0.0706 -0.2660
v  0.2656 0.0302 -0.3108
v  0.2548 0.0555 -0.3108
v  0.2588 0.0423 -0.3093
v  -0.1029 -0.1269 -0.4111
v  -0.1077 -0.1140 -0.4091
v  -0.1248 -0.1213 -0.4029
v  -0.1201 -0.1342 -0.4049
v  -0.0854 -0.1194 -0.4164
v  -0.0903 -0.1066 -0.4143
v  -0.1136 -0.1016 -0.4111
v  -0.1309 -0.1089 -0.4049
v  -0.0962 -0.0942 -0.4164
v  -0.1370 -0.1414 -0.3978
v  -0.1478 -0.1162 -0.3978
v  -0.1416 -0.1285 -0.3958
v  0.4091 0.0914 0.1067
v  0.4056 0.1049 0.1073
v  0.3991 0.1021 0.1288
v  0.4026 0.0886 0.1281
v  0.4147 0.0938 0.0849
v  0.4112 0.1072 0.0854
v  0.3984 0.1167 0.1067
v  0.3919 0.1139 0.1281
v  0.4039 0.1191 0.0849
v  0.4192 0.0957 0.0629
v  0.4158 0.1092 0.0633
v  0.4085 0.1210 0.0629
v  0.2387 0.0188 -0.3372
v  0.2321 0.0309 -0.3356
v  0.2179 0.0248 -0.3476
v  0.2244 0.0127 -0.3494
v  0.2524 0.0246 -0.3244
v  0.2457 0.0367 -0.3228
v  0.2279 0.0440 -0.3372
v  0.2136 0.0379 -0.3494
v  0.2417 0.0499 -0.3244
v  0.2096 0.0063 -0.3607
v  0.1988 0.0316 -0.3607
v  0.2031 0.0185 -0.3589
v  -0.1698 -0.1554 -0.3810
v  -0.1742 -0.1424 -0.3791
v  -0.1899 -0.1491 -0.3694
v  -0.1855 -0.1621 -0.3713
v  -0.1536 -0.1485 -0.3898
v  -0.1581 -0.1355 -0.3879
v  -0.1805 -0.1301 -0.3810
v  -0.1963 -0.1369 -0.3713
v  -0.1644 -0.1232 -0.3898
v  -0.2009 -0.1687 -0.3607
v  -0.2116 -0.1434 -0.3607
v  -0.2052 -0.1556 -0.3589
v  0.4253 0.0983 0.0183
v  0.4219 0.1118 0.0185
v  0.4193 0.1107 0.0410
v  0.4228 0.0972 0.0407
v  0.4269 0.0990 -0.0042
v  0.4234 0.1124 -0.0041
v  0.4145 0.1236 0.0183
v  0.4120 0.1225 0.0407
v  0.4161 0.1243 -0.0042
v  0.4274 0.0992 -0.0268
v  0.4239 0.1127 -0.0268
v  0.4166 0.1245 -0.0268
v  0.1785 -0.0069 -0.3810
v  0.1722 0.0053 -0.3791
v  0.1561 -0.0015 -0.3879
v  0.1623 -0.0138 -0.3898
v  0.1943 -0.0002 -0.3713
v  0.1879 0.0120 -0.3694
v  0.1677 0.0184 -0.3810
v  0.1515 0.0115 -0.3898
v  0.1835 0.0251 -0.3713
v  0.1457 -0.0209 -0.3978
v  0.1350 0.0044 -0.3978
v  0.1396 -0.0086 -0.3958
v  -0.2300 -0.1811 -0.3372
v  -0.2341 -0.1679 -0.3356
v  -0.2478 -0.1737 -0.3228
v  -0.2437 -0.1869 -0.3244
v  -0.2157 -0.1750 -0.3494
v  -0.2199 -0.1618 -0.3476
v  -0.2408 -0.1558 -0.3372
v  -0.2545 -0.1617 -0.3244
v  -0.2265 -0.1497 -0.3494
v  -0.2568 -0.1925 -0.3108
v  -0.2676 -0.1673 -0.3108
v  -0.2608 -0.1793 -0.3093
v  0.4253 0.0983 -0.0719
v  0.4219 0.1118 -0.0721
v  0.4234 0.1124 -0.0495
v  0.4269 0.0990 -0.0494
v  0.4228 0.0972 -0.0943
v  0.4193 0.1107 -0.0946
v  0.4145 0.1236 -0.0719
v  0.4161 0.1243 -0.0494
v  0.4120 0.1225 -0.0943
v  0.1116 -0.0354 -0.4111
v  0.1056 -0.0230 -0.4091
v  0.0883 -0.0305 -0.4143
v  0.0941 -0.0429 -0.4164
v  0.1288 -0.0281 -0.4049
v  0.1228 -0.0157 -0.4029
v  0.1008 -0.0102 -0.4111
v  0.0833 -0.0176 -0.4164
v  0.1180 -0.0028 -0.4049
v  -0.2812 -0.2029 -0.2816
v  -0.2851 -0.1896 -0.2802
v  -0.2962 -0.1944 -0.2648
v  -0.2923 -0.2077 -0.2660
v  -0.2693 -0.1979 -0.2965
v  -0.2733 -0.1846 -0.2951
v  -0.2920 -0.1776 -0.2816
v  -0.3031 -0.1824 -0.2660
v  -0.2801 -0.1726 -0.2965
v  0.0099 -0.0781 -0.4121
v  0.0770 -0.0493 -0.4044
v  0.1416 -0.0217 -0.3816
v  0.2010 0.0037 -0.3446
v  0.2531 0.0260 -0.2947
v  0.2959 0.0443 -0.2340
v  0.3277 0.0579 -0.1647
v  0.3472 0.0663 -0.0895
v  0.3539 0.0691 -0.0113
v  0.3472 0.0663 0.0669
v  0.3277 0.0579 0.1421
v  0.2959 0.0443 0.2114
v  0.2531 0.0260 0.2722
v  0.2010 0.0037 0.3220
v  0.1416 -0.0217 0.3591
v  0.0770 -0.0493 0.3819
v  0.0099 -0.0781 0.3896
v  -0.0571 -0.1068 0.3819
v  -0.1217 -0.1344 0.3591
v  -0.1811 -0.1598 0.3220
v  -0.2332 -0.1821 0.2722
v  -0.2760 -0.2004 0.2114
v  -0.3078 -0.2140 0.1421
v  -0.3274 -0.2224 0.0669
v  -0.3340 -0.2252 -0.0113
v  -0.3274 -0.2224 -0.0895
v  -0.3078 -0.2140 -0.1647
v  -0.2760 -0.2004 -0.2340
v  -0.2332 -0.1821 -0.2947
v  -0.0571 -0.1068 -0.4044
v  -0.1811 -0.1598 -0.3446
v  -0.1217 -0.1344 -0.3816
v  -0.2993 -0.2879 0.0669
v  -0.2614 -0.2929 0.0599
v  -0.2674 -0.2954 -0.0113
v  -0.3059 -0.2907 -0.0113
v  -0.0936 -0.1999 0.3591
v  -0.1531 -0.2253 0.3220
v  0.0380 -0.1436 -0.4121
v  -0.0291 -0.1723 -0.4044
v  0.2812 -0.0395 -0.2947
v  0.3239 -0.0212 -0.2340
v  -0.0291 -0.1723 0.3819
v  -0.0936 -0.1999 -0.3816
v  0.2290 -0.0618 -0.3446
v  0.0380 -0.1436 0.3896
v  -0.1531 -0.2253 -0.3446
v  0.1696 -0.0873 -0.3816
v  0.1051 -0.1149 0.3819
v  -0.2052 -0.2476 -0.2947
v  0.1051 -0.1149 -0.4044
v  0.1696 -0.0873 0.3591
v  -0.2480 -0.2659 -0.2340
v  0.2290 -0.0618 0.3220
v  -0.2797 -0.2795 -0.1647
v  0.2812 -0.0395 0.2722
v  -0.2993 -0.2879 -0.0895
v  0.3239 -0.0212 0.2114
v  0.3557 -0.0076 0.1421
v  0.3753 0.0007 0.0669
v  -0.2797 -0.2795 0.1421
v  0.3819 0.0035 -0.0113
v  -0.2480 -0.2659 0.2114
v  0.3753 0.0007 -0.0895
v  -0.2052 -0.2476 0.2722
v  0.3557 -0.0076 -0.1647
v  -0.1757 -0.2562 0.2468
v  -0.1895 -0.2735 0.2677
v  -0.2316 -0.2916 0.2079
v  -0.2146 -0.2729 0.1915
v  0.3527 -0.0301 0.0599
v  0.3349 -0.0378 0.1284
v  -0.2436 -0.2853 0.1284
v  0.3587 -0.0276 -0.0113
v  0.3527 -0.0301 -0.0825
v  0.3349 -0.0378 -0.1509
v  -0.1283 -0.2359 0.2921
v  0.3060 -0.0501 -0.2140
v  -0.0742 -0.2128 0.3259
v  -0.0154 -0.1876 -0.3692
v  0.0457 -0.1615 -0.3762
v  0.2670 -0.0668 -0.2693
v  -0.0154 -0.1876 0.3466
v  -0.0742 -0.2128 -0.3484
v  0.2196 -0.0871 -0.3147
v  0.0457 -0.1615 0.3536
v  -0.1283 -0.2359 -0.3147
v  0.1655 -0.1103 -0.3484
v  0.1067 -0.1354 0.3466
v  -0.1757 -0.2562 -0.2693
v  0.1067 -0.1354 -0.3692
v  0.1655 -0.1103 0.3259
v  -0.2146 -0.2729 -0.2140
v  0.2196 -0.0871 0.2921
v  -0.2436 -0.2853 -0.1509
v  0.2670 -0.0668 0.2468
v  -0.2614 -0.2929 -0.0825
v  0.3060 -0.0501 0.1915
v  -0.0797 -0.2266 0.3532
v  -0.0162 -0.1994 0.3756
v  0.0161 -0.2750 0.3756
v  -0.0474 -0.3021 0.3532
v  0.3624 -0.0374 -0.1622
v  0.3817 -0.0292 -0.0882
v  -0.1382 -0.2516 0.3167
v  0.3312 -0.0508 -0.2304
v  -0.0162 -0.1994 -0.3981
v  0.0498 -0.1712 -0.4057
v  0.2891 -0.0688 -0.2902
v  -0.0797 -0.2266 -0.3757
v  0.2378 -0.0907 -0.3392
v  0.0498 -0.1712 0.3832
v  -0.1382 -0.2516 -0.3392
v  0.1793 -0.1158 -0.3757
v  0.1158 -0.1429 0.3756
v  -0.1895 -0.2735 -0.2902
v  0.1158 -0.1429 -0.3981
v  0.1793 -0.1158 0.3532
v  -0.2316 -0.2916 -0.2304
v  0.2378 -0.0907 0.3167
v  -0.2629 -0.3049 -0.1622
v  0.2891 -0.0688 0.2677
v  -0.2821 -0.3132 -0.0882
v  0.3312 -0.0508 0.2079
v  -0.2886 -0.3160 -0.0113
v  0.3624 -0.0374 0.1397
v  -0.2821 -0.3132 0.0657
v  0.3817 -0.0292 0.0657
v  -0.2629 -0.3049 0.1397
v  0.3882 -0.0264 -0.0113
v  0.2116 -0.1913 0.3532
v  0.2067 -0.2180 0.3142
v  0.1500 -0.2423 0.3342
v  0.1481 -0.2185 0.3756
v  -0.0474 -0.3021 -0.3757
v  0.0161 -0.2750 -0.3981
v  0.2701 -0.1663 -0.3392
v  0.3214 -0.1444 -0.2902
v  0.0821 -0.2467 0.3832
v  -0.1059 -0.3272 -0.3392
v  0.2116 -0.1913 -0.3757
v  -0.1572 -0.3491 -0.2902
v  0.1481 -0.2185 -0.3981
v  -0.1993 -0.3671 -0.2304
v  0.0821 -0.2467 -0.4057
v  0.2701 -0.1663 0.3167
v  -0.2305 -0.3805 -0.1622
v  0.3214 -0.1444 0.2677
v  -0.2498 -0.3887 -0.0882
v  0.3635 -0.1263 0.2079
v  -0.2563 -0.3915 -0.0113
v  0.3948 -0.1130 0.1397
v  -0.2498 -0.3887 0.0657
v  0.4140 -0.1047 0.0657
v  -0.2305 -0.3805 0.1397
v  0.4205 -0.1019 -0.0113
v  -0.1993 -0.3671 0.2079
v  0.4140 -0.1047 -0.0882
v  -0.1572 -0.3491 0.2677
v  0.3948 -0.1130 -0.1622
v  -0.1059 -0.3272 0.3167
v  0.3635 -0.1263 -0.2304
v  0.3423 -0.1600 0.1844
v  0.3821 -0.1719 0.2073
v  0.3402 -0.1899 0.2669
v  0.3047 -0.1761 0.2378
v  -0.1603 -0.3750 -0.2070
v  -0.1227 -0.3589 -0.2604
v  0.1500 -0.2423 -0.3568
v  0.0910 -0.2675 -0.3635
v  0.2589 -0.1957 0.2816
v  -0.1882 -0.3870 -0.1461
v  -0.2054 -0.3943 -0.0800
v  -0.2112 -0.3968 -0.0113
v  0.3702 -0.1481 0.1235
v  -0.2054 -0.3943 0.0575
v  0.3874 -0.1407 0.0575
v  -0.1882 -0.3870 0.1235
v  0.3932 -0.1382 -0.0113
v  -0.1603 -0.3750 0.1844
v  0.3874 -0.1407 -0.0800
v  -0.1227 -0.3589 0.2378
v  0.3702 -0.1481 -0.1461
v  -0.0769 -0.3393 0.2816
v  0.3423 -0.1600 -0.2070
v  -0.0246 -0.3170 0.3142
v  0.0320 -0.2927 -0.3568
v  0.3047 -0.1761 -0.2604
v  0.0320 -0.2927 0.3342
v  -0.0246 -0.3170 -0.3367
v  0.2589 -0.1957 -0.3042
v  0.0910 -0.2675 0.3410
v  -0.0769 -0.3393 -0.3042
v  0.2067 -0.2180 -0.3367
v  0.4710 -0.2223 -0.0113
v  0.4645 -0.2250 0.0655
v  0.4325 -0.1504 0.0655
v  0.4390 -0.1476 -0.0113
v  -0.2296 -0.4336 -0.0880
v  -0.2361 -0.4364 -0.0113
v  0.4133 -0.1586 0.1393
v  -0.2296 -0.4336 0.0655
v  -0.2104 -0.4254 0.1393
v  -0.1792 -0.4121 0.2073
v  0.4325 -0.1504 -0.0880
v  -0.1372 -0.3941 0.2669
v  0.4133 -0.1586 -0.1618
v  -0.0860 -0.3722 0.3159
v  0.3821 -0.1719 -0.2298
v  -0.0277 -0.3473 0.3522
v  0.0356 -0.3202 -0.3971
v  0.1015 -0.2920 -0.4047
v  0.3402 -0.1899 -0.2895
v  0.0356 -0.3202 0.3746
v  -0.0277 -0.3473 -0.3747
v  0.2890 -0.2118 -0.3384
v  0.1015 -0.2920 0.3822
v  -0.0860 -0.3722 -0.3384
v  0.2306 -0.2367 -0.3747
v  0.1673 -0.2638 0.3746
v  -0.1372 -0.3941 -0.2895
v  0.1673 -0.2638 -0.3971
v  0.2306 -0.2367 0.3522
v  -0.1792 -0.4121 -0.2298
v  0.2890 -0.2118 0.3159
v  -0.2104 -0.4254 -0.1618
v  0.4141 -0.2466 -0.2298
v  0.3888 -0.2970 -0.1992
v  0.4159 -0.2864 -0.1407
v  0.4453 -0.2332 -0.1618
v  -0.1472 -0.4867 0.2073
v  -0.1784 -0.5001 0.1393
v  0.4645 -0.2250 -0.0880
v  -0.1053 -0.4688 0.2669
v  -0.0541 -0.4469 0.3159
v  0.0043 -0.4219 0.3522
v  0.0676 -0.3948 -0.3971
v  0.1334 -0.3667 -0.4047
v  0.3721 -0.2645 -0.2895
v  0.0676 -0.3948 0.3746
v  0.0043 -0.4219 -0.3747
v  0.3209 -0.2864 -0.3384
v  0.1334 -0.3667 0.3822
v  -0.0541 -0.4469 -0.3384
v  0.2626 -0.3114 -0.3747
v  0.1993 -0.3385 0.3746
v  -0.1053 -0.4688 -0.2895
v  0.1993 -0.3385 -0.3971
v  0.2626 -0.3114 0.3522
v  -0.1472 -0.4867 -0.2298
v  0.3209 -0.2864 0.3159
v  -0.1784 -0.5001 -0.1618
v  0.3721 -0.2645 0.2669
v  -0.1976 -0.5083 -0.0880
v  0.4141 -0.2466 0.2073
v  -0.2041 -0.5111 -0.0113
v  0.4453 -0.2332 0.1393
v  -0.1976 -0.5083 0.0655
v  0.4831 -0.2841 0.0647
v  0.4638 -0.2917 0.1378
v  0.4159 -0.2864 0.1182
v  0.4326 -0.2799 0.0547
v  0.0322 -0.4368 0.3013
v  -0.0186 -0.4567 0.2701
v  0.0873 -0.4152 -0.3431
v  0.1446 -0.3927 -0.3496
v  0.3522 -0.3114 -0.2505
v  0.0873 -0.4152 0.3206
v  0.0322 -0.4368 -0.3239
v  0.3077 -0.3288 -0.2926
v  0.1446 -0.3927 0.3271
v  -0.0186 -0.4567 -0.2926
v  0.2570 -0.3487 -0.3239
v  0.2019 -0.3703 0.3206
v  -0.0631 -0.4741 -0.2505
v  0.2019 -0.3703 -0.3431
v  0.2570 -0.3487 0.3013
v  -0.0996 -0.4885 -0.1992
v  0.3077 -0.3288 0.2701
v  -0.1268 -0.4991 -0.1407
v  0.3522 -0.3114 0.2280
v  -0.1435 -0.5056 -0.0773
v  0.3888 -0.2970 0.1767
v  -0.1491 -0.5078 -0.0113
v  -0.1435 -0.5056 0.0547
v  -0.1268 -0.4991 0.1182
v  0.4383 -0.2776 -0.0113
v  -0.0996 -0.4885 0.1767
v  0.4326 -0.2799 -0.0773
v  -0.0631 -0.4741 0.2280
v  0.4638 -0.2917 -0.1603
v  0.4874 -0.3643 -0.1603
v  0.5066 -0.3568 -0.0872
v  0.4831 -0.2841 -0.0872
v  -0.1608 -0.5365 0.1378
v  -0.1801 -0.5440 0.0647
v  0.4896 -0.2816 -0.0113
v  -0.1296 -0.5242 0.2051
v  -0.0876 -0.5078 0.2641
v  -0.0363 -0.4877 0.3126
v  0.4326 -0.3039 -0.2276
v  0.0221 -0.4648 0.3486
v  0.0855 -0.4399 -0.3933
v  0.1515 -0.4141 -0.4007
v  0.3905 -0.3204 -0.2867
v  0.0855 -0.4399 0.3707
v  0.0221 -0.4648 -0.3711
v  0.3393 -0.3405 -0.3351
v  0.1515 -0.4141 0.3782
v  -0.0363 -0.4877 -0.3351
v  0.2809 -0.3634 -0.3711
v  0.2174 -0.3882 0.3707
v  -0.0876 -0.5078 -0.2867
v  0.2174 -0.3882 -0.3933
v  0.2809 -0.3634 0.3486
v  -0.1296 -0.5242 -0.2276
v  0.3393 -0.3405 0.3126
v  -0.1608 -0.5365 -0.1603
v  0.3905 -0.3204 0.2641
v  -0.1801 -0.5440 -0.0872
v  0.4326 -0.3039 0.2051
v  -0.1866 -0.5466 -0.0113
v  0.3916 -0.4445 -0.2471
v  0.4141 -0.3930 -0.2867
v  0.3629 -0.4131 -0.3351
v  0.3473 -0.4601 -0.2885
v  -0.0128 -0.5603 0.3126
v  -0.0640 -0.5804 0.2641
v  0.4561 -0.3766 -0.2276
v  0.0457 -0.5374 0.3486
v  0.1091 -0.5126 -0.3933
v  0.1750 -0.4867 -0.4007
v  0.1091 -0.5126 0.3707
v  0.0457 -0.5374 -0.3711
v  0.1750 -0.4867 0.3782
v  -0.0128 -0.5603 -0.3351
v  0.3044 -0.4360 -0.3711
v  0.2410 -0.4609 0.3707
v  -0.0640 -0.5804 -0.2867
v  0.2410 -0.4609 -0.3933
v  0.3044 -0.4360 0.3486
v  -0.1060 -0.5969 -0.2276
v  0.3629 -0.4131 0.3126
v  -0.1373 -0.6091 -0.1603
v  0.4141 -0.3930 0.2641
v  -0.1565 -0.6167 -0.0872
v  0.4561 -0.3766 0.2051
v  -0.1630 -0.6192 -0.0113
v  0.4874 -0.3643 0.1378
v  -0.1565 -0.6167 0.0647
v  0.5066 -0.3568 0.0647
v  -0.1373 -0.6091 0.1378
v  0.5131 -0.3542 -0.0113
v  -0.1060 -0.5969 0.2051
v  0.1896 -0.5386 -0.3884
v  0.2541 -0.5159 -0.3812
v  0.2420 -0.4973 -0.3383
v  0.1850 -0.5174 -0.3447
v  0.1850 -0.5174 0.3222
v  0.1280 -0.5376 0.3158
v  0.0226 -0.5747 -0.2885
v  0.0732 -0.5569 -0.3193
v  0.2968 -0.4780 -0.3193
v  0.2420 -0.4973 0.3158
v  -0.0216 -0.5904 -0.2471
v  0.2968 -0.4780 0.2968
v  -0.0580 -0.6032 -0.1965
v  0.3473 -0.4601 0.2660
v  -0.0850 -0.6127 -0.1389
v  0.3916 -0.4445 0.2245
v  -0.1016 -0.6186 -0.0763
v  0.4280 -0.4317 0.1740
v  -0.1072 -0.6206 -0.0113
v  0.4550 -0.4221 0.1163
v  -0.1016 -0.6186 0.0538
v  0.4716 -0.4163 0.0538
v  -0.0850 -0.6127 0.1163
v  0.4772 -0.4143 -0.0113
v  -0.0580 -0.6032 0.1740
v  0.4716 -0.4163 -0.0763
v  -0.0216 -0.5904 0.2245
v  0.4550 -0.4221 -0.1389
v  0.0226 -0.5747 0.2660
v  0.4280 -0.4317 -0.1965
v  0.0732 -0.5569 0.2968
v  0.1280 -0.5376 -0.3383
v  0.4949 -0.4308 0.1331
v  0.5100 -0.5001 0.1331
v  0.4794 -0.5109 0.1983
v  0.4644 -0.4416 0.1983
v  0.3732 -0.4738 0.3023
v  0.3161 -0.4940 0.3372
v  -0.0852 -0.6356 -0.2208
v  -0.1157 -0.6464 -0.1556
v  0.4233 -0.4561 0.2554
v  -0.1346 -0.6530 -0.0848
v  -0.1409 -0.6553 -0.0113
v  -0.1346 -0.6530 0.0623
v  0.5137 -0.4242 0.0623
v  -0.1157 -0.6464 0.1331
v  0.5201 -0.4220 -0.0113
v  -0.0852 -0.6356 0.1983
v  0.5137 -0.4242 -0.0848
v  -0.0441 -0.6211 0.2554
v  0.4949 -0.4308 -0.1556
v  0.0060 -0.6034 0.3023
v  0.4644 -0.4416 -0.2208
v  0.0631 -0.5832 0.3372
v  0.1251 -0.5614 -0.3812
v  0.4233 -0.4561 -0.2779
v  0.1251 -0.5614 0.3586
v  0.0631 -0.5832 -0.3597
v  0.3732 -0.4738 -0.3248
v  0.1896 -0.5386 0.3659
v  0.0060 -0.6034 -0.3248
v  0.3161 -0.4940 -0.3597
v  0.2541 -0.5159 0.3586
v  -0.0441 -0.6211 -0.2779
v  0.4888 -0.5496 -0.0113
v  0.5351 -0.4912 -0.0113
v  0.5288 -0.4935 -0.0848
v  0.4834 -0.5512 -0.0728
v  -0.1195 -0.7223 0.0623
v  -0.1259 -0.7245 -0.0113
v  0.5288 -0.4935 0.0623
v  -0.1007 -0.7156 0.1331
v  -0.0702 -0.7049 0.1983
v  -0.0291 -0.6903 0.2554
v  0.5100 -0.5001 -0.1556
v  0.0210 -0.6727 0.3023
v  0.4794 -0.5109 -0.2208
v  0.0782 -0.6525 0.3372
v  0.2046 -0.6079 -0.3884
v  0.1402 -0.6306 -0.3812
v  0.4383 -0.5254 -0.2779
v  0.1402 -0.6306 0.3586
v  0.0782 -0.6525 -0.3597
v  0.3882 -0.5431 -0.3248
v  0.2046 -0.6079 0.3659
v  0.0210 -0.6727 -0.3248
v  0.3311 -0.5632 -0.3597
v  0.2691 -0.5851 0.3586
v  -0.0291 -0.6903 -0.2779
v  0.2691 -0.5851 -0.3812
v  0.3311 -0.5632 0.3372
v  -0.0702 -0.7049 -0.2208
v  0.3882 -0.5431 0.3023
v  -0.1007 -0.7156 -0.1556
v  0.4383 -0.5254 0.2554
v  -0.1195 -0.7223 -0.0848
v  0.2101 -0.6333 -0.3269
v  0.1558 -0.6496 -0.3208
v  0.1500 -0.6851 -0.3689
v  0.2128 -0.6662 -0.3760
v  0.0131 -0.6925 0.2119
v  -0.0215 -0.7029 0.1641
v  0.4676 -0.5559 -0.1320
v  0.0553 -0.6798 0.2512
v  0.4418 -0.5637 -0.1866
v  0.1035 -0.6653 0.2803
v  0.4072 -0.5741 -0.2344
v  0.1558 -0.6496 0.2983
v  0.1035 -0.6653 -0.3028
v  0.3649 -0.5868 -0.2737
v  0.2101 -0.6333 0.3043
v  0.0553 -0.6798 -0.2737
v  0.3168 -0.6012 -0.3028
v  0.2645 -0.6169 0.2983
v  0.0131 -0.6925 -0.2344
v  0.2645 -0.6169 -0.3208
v  0.3168 -0.6012 0.2803
v  -0.0215 -0.7029 -0.1866
v  0.3649 -0.5868 0.2512
v  -0.0473 -0.7106 -0.1320
v  0.4072 -0.5741 0.2119
v  -0.0631 -0.7154 -0.0728
v  0.4418 -0.5637 0.1641
v  -0.0685 -0.7170 -0.0113
v  0.4676 -0.5559 0.1095
v  -0.0631 -0.7154 0.0503
v  0.4834 -0.5512 0.0503
v  -0.0473 -0.7106 0.1095
v  -0.0148 -0.7346 -0.2691
v  -0.0089 -0.8067 -0.2691
v  0.0399 -0.7920 -0.3145
v  0.0340 -0.7200 -0.3145
v  0.4405 -0.5978 -0.2691
v  0.4805 -0.5858 -0.2139
v  0.1500 -0.6851 0.3464
v  0.0896 -0.7032 0.3257
v  0.0896 -0.7032 -0.3482
v  0.3917 -0.6125 -0.3145
v  0.2128 -0.6662 0.3534
v  0.3360 -0.6292 -0.3482
v  0.2756 -0.6473 0.3464
v  0.2756 -0.6473 -0.3689
v  0.3360 -0.6292 0.3257
v  -0.0549 -0.7466 -0.2139
v  0.3917 -0.6125 0.2920
v  -0.0846 -0.7556 -0.1508
v  0.4405 -0.5978 0.2466
v  -0.1029 -0.7611 -0.0824
v  0.4805 -0.5858 0.1913
v  -0.1091 -0.7629 -0.0113
v  0.5103 -0.5768 0.1283
v  -0.1029 -0.7611 0.0599
v  0.5286 -0.5713 0.0599
v  -0.0846 -0.7556 0.1283
v  0.5348 -0.5695 -0.0113
v  -0.0549 -0.7466 0.1913
v  0.5286 -0.5713 -0.0824
v  -0.0148 -0.7346 0.2466
v  0.5103 -0.5768 -0.1508
v  0.0340 -0.7200 0.2920
v  -0.0451 -0.8257 -0.0709
v  -0.0297 -0.8215 -0.1282
v  -0.0787 -0.8276 -0.1508
v  -0.0971 -0.8331 -0.0824
v  0.2815 -0.7194 -0.3689
v  0.3419 -0.7013 -0.3482
v  0.3419 -0.7013 0.3257
v  0.2815 -0.7194 0.3464
v  -0.0490 -0.8187 -0.2139
v  0.2187 -0.7383 -0.3760
v  0.3976 -0.6845 0.2920
v  0.4464 -0.6699 0.2466
v  0.4864 -0.6578 0.1913
v  -0.1032 -0.8350 -0.0113
v  0.5162 -0.6489 0.1283
v  -0.0971 -0.8331 0.0599
v  0.5345 -0.6434 0.0599
v  -0.0787 -0.8276 0.1283
v  0.5407 -0.6415 -0.0113
v  -0.0490 -0.8187 0.1913
v  0.5345 -0.6434 -0.0824
v  -0.0089 -0.8067 0.2466
v  0.5162 -0.6489 -0.1508
v  0.0399 -0.7920 0.2920
v  0.4864 -0.6578 -0.2139
v  0.0955 -0.7753 0.3257
v  0.1559 -0.7571 -0.3689
v  0.4464 -0.6699 -0.2691
v  0.1559 -0.7571 0.3464
v  0.0955 -0.7753 -0.3482
v  0.3976 -0.6845 -0.3145
v  0.2187 -0.7383 0.3534
v  -0.0297 -0.8215 0.1057
v  -0.0703 -0.8518 0.1249
v  -0.0882 -0.8567 0.0581
v  -0.0451 -0.8257 0.0484
v  0.4446 -0.6914 0.1586
v  0.4110 -0.7007 0.2049
v  -0.0503 -0.8271 -0.0113
v  0.4696 -0.6846 0.1057
v  0.4850 -0.6804 0.0484
v  0.4901 -0.6790 -0.0113
v  -0.0047 -0.8146 0.1586
v  0.4850 -0.6804 -0.0709
v  0.0289 -0.8054 0.2049
v  0.4696 -0.6846 -0.1282
v  0.0698 -0.7942 0.2429
v  0.4446 -0.6914 -0.1811
v  0.1165 -0.7814 0.2712
v  0.1672 -0.7675 -0.3111
v  0.2199 -0.7530 -0.3170
v  0.4110 -0.7007 -0.2274
v  0.1672 -0.7675 0.2885
v  0.1165 -0.7814 -0.2937
v  0.3701 -0.7119 -0.2654
v  0.2199 -0.7530 0.2944
v  0.0698 -0.7942 -0.2654
v  0.3233 -0.7247 -0.2937
v  0.2726 -0.7386 0.2885
v  0.0289 -0.8054 -0.2274
v  0.2726 -0.7386 -0.3111
v  0.3233 -0.7247 0.2712
v  -0.0047 -0.8146 -0.1811
v  0.3701 -0.7119 0.2429
v  0.0455 -0.8200 0.2846
v  0.0468 -0.8922 0.2846
v  -0.0009 -0.9053 0.2403
v  -0.0021 -0.8331 0.2403
v  0.5348 -0.6859 -0.0113
v  0.5287 -0.6876 0.0581
v  -0.0413 -0.8438 0.1864
v  0.5287 -0.6876 -0.0807
v  0.5108 -0.6925 -0.1474
v  0.4818 -0.7004 -0.2089
v  0.0999 -0.8051 0.3175
v  0.1589 -0.7889 -0.3602
v  0.2203 -0.7721 -0.3671
v  0.4427 -0.7112 -0.2629
v  0.1589 -0.7889 0.3377
v  0.0999 -0.8051 -0.3400
v  0.3950 -0.7242 -0.3071
v  0.2203 -0.7721 0.3445
v  0.0455 -0.8200 -0.3071
v  0.3406 -0.7391 -0.3400
v  0.2816 -0.7553 0.3377
v  -0.0021 -0.8331 -0.2629
v  0.2816 -0.7553 -0.3602
v  0.3406 -0.7391 0.3175
v  -0.0413 -0.8438 -0.2089
v  0.3950 -0.7242 0.2846
v  -0.0703 -0.8518 -0.1474
v  0.4427 -0.7112 0.2403
v  -0.0882 -0.8567 -0.0807
v  0.4818 -0.7004 0.1864
v  -0.0943 -0.8583 -0.0113
v  0.5108 -0.6925 0.1249
v  0.2215 -0.8443 0.3445
v  0.2220 -0.8725 0.2988
v  0.1688 -0.8831 0.2928
v  0.1601 -0.8612 0.3377
v  0.4830 -0.7727 -0.2089
v  0.5121 -0.7647 -0.1474
v  0.1011 -0.8773 0.3175
v  0.1601 -0.8612 -0.3602
v  0.2215 -0.8443 -0.3671
v  0.4439 -0.7834 -0.2629
v  0.1011 -0.8773 -0.3400
v  0.3962 -0.7964 -0.3071
v  0.0468 -0.8922 -0.3071
v  0.3419 -0.8113 -0.3400
v  0.2829 -0.8275 0.3377
v  -0.0009 -0.9053 -0.2629
v  0.2829 -0.8275 -0.3602
v  0.3419 -0.8113 0.3175
v  -0.0400 -0.9160 -0.2089
v  0.3962 -0.7964 0.2846
v  -0.0691 -0.9240 -0.1474
v  0.4439 -0.7834 0.2403
v  -0.0870 -0.9289 -0.0807
v  0.4830 -0.7727 0.1864
v  -0.0930 -0.9305 -0.0113
v  0.5121 -0.7647 0.1249
v  -0.0870 -0.9289 0.0581
v  0.5300 -0.7598 0.0581
v  -0.0691 -0.9240 0.1249
v  0.5360 -0.7581 -0.0113
v  -0.0400 -0.9160 0.1864
v  0.5300 -0.7598 -0.0807
v  0.3734 -0.8423 0.2465
v  0.3913 -0.8524 0.2806
v  0.3379 -0.8630 0.3130
v  0.3263 -0.8517 0.2752
v  0.0705 -0.9027 -0.2691
v  0.1176 -0.8933 -0.2977
v  0.3263 -0.8517 -0.2977
v  0.3734 -0.8423 -0.2691
v  0.2752 -0.8619 0.2928
v  0.0292 -0.9110 -0.2305
v  0.2752 -0.8619 -0.3154
v  -0.0047 -0.9178 -0.1835
v  0.2220 -0.8725 -0.3213
v  -0.0299 -0.9228 -0.1299
v  0.4148 -0.8341 0.2080
v  -0.0454 -0.9259 -0.0718
v  0.4487 -0.8273 0.1610
v  -0.0506 -0.9269 -0.0113
v  0.4739 -0.8223 0.1074
v  -0.0454 -0.9259 0.0492
v  0.4894 -0.8192 0.0492
v  -0.0299 -0.9228 0.1074
v  0.4946 -0.8181 -0.0113
v  -0.0047 -0.9178 0.1610
v  0.4894 -0.8192 -0.0718
v  0.0292 -0.9110 0.2080
v  0.4739 -0.8223 -0.1299
v  0.0705 -0.9027 0.2465
v  0.4487 -0.8273 -0.1835
v  0.1176 -0.8933 0.2752
v  0.1688 -0.8831 -0.3154
v  0.4148 -0.8341 -0.2305
v  0.5050 -0.8297 0.1231
v  0.4937 -0.9028 0.1231
v  0.4652 -0.9085 0.1838
v  0.4764 -0.8354 0.1838
v  -0.0368 -0.9378 -0.2063
v  -0.0653 -0.9435 -0.1456
v  0.4381 -0.8430 0.2369
v  -0.0829 -0.9470 -0.0797
v  -0.0888 -0.9482 -0.0113
v  -0.0829 -0.9470 0.0572
v  0.5225 -0.8262 0.0572
v  -0.0653 -0.9435 0.1231
v  0.5285 -0.8250 -0.0113
v  -0.0368 -0.9378 0.1838
v  0.5225 -0.8262 -0.0797
v  0.0016 -0.9301 0.2369
v  0.5050 -0.8297 -0.1456
v  0.0483 -0.9208 0.2806
v  0.4764 -0.8354 -0.2063
v  0.1017 -0.9101 0.3130
v  0.1596 -0.8986 -0.3555
v  0.2198 -0.8866 -0.3623
v  0.4381 -0.8430 -0.2595
v  0.1596 -0.8986 0.3330
v  0.1017 -0.9101 -0.3356
v  0.3913 -0.8524 -0.3031
v  0.2198 -0.8866 0.3398
v  0.0483 -0.9208 -0.3031
v  0.3379 -0.8630 -0.3356
v  0.2800 -0.8746 0.3330
v  0.0016 -0.9301 -0.2595
v  0.2800 -0.8746 -0.3555
v  0.5112 -0.8993 -0.0797
v  0.4725 -0.9375 -0.0722
v  0.4777 -0.9366 -0.0113
v  0.5172 -0.8981 -0.0113
v  -0.0942 -1.0201 0.0572
v  -0.1001 -1.0213 -0.0113
v  0.5112 -0.8993 0.0572
v  -0.0766 -1.0166 0.1231
v  -0.0481 -1.0109 0.1838
v  -0.0097 -1.0033 0.2369
v  0.4937 -0.9028 -0.1456
v  0.0371 -0.9939 0.2806
v  0.4652 -0.9085 -0.2063
v  0.0904 -0.9833 0.3130
v  0.2085 -0.9597 -0.3623
v  0.1483 -0.9717 -0.3555
v  0.4268 -0.9162 -0.2595
v  0.1483 -0.9717 0.3330
v  0.0904 -0.9833 -0.3356
v  0.3800 -0.9255 -0.3031
v  0.2085 -0.9597 0.3398
v  0.0371 -0.9939 -0.3031
v  0.3266 -0.9361 -0.3356
v  0.2687 -0.9477 0.3330
v  -0.0097 -1.0033 -0.2595
v  0.2687 -0.9477 -0.3555
v  0.3266 -0.9361 0.3130
v  -0.0481 -1.0109 -0.2063
v  0.3800 -0.9255 0.2806
v  -0.0766 -1.0166 -0.1456
v  0.4268 -0.9162 0.2369
v  -0.0942 -1.0201 -0.0797
v  0.2687 -0.9938 0.3331
v  0.2584 -0.9725 0.2949
v  0.3095 -0.9642 0.2771
v  0.3262 -0.9844 0.3131
v  0.0125 -1.0128 0.2095
v  -0.0214 -1.0183 0.1622
v  0.4570 -0.9400 -0.1307
v  0.0538 -1.0060 0.2483
v  0.4318 -0.9441 -0.1847
v  0.1009 -0.9983 0.2771
v  0.1520 -0.9900 -0.3174
v  0.2052 -0.9812 -0.3234
v  0.3979 -0.9497 -0.2320
v  0.1520 -0.9900 0.2949
v  0.1009 -0.9983 -0.2997
v  0.3566 -0.9565 -0.2708
v  0.2052 -0.9812 0.3009
v  0.0538 -1.0060 -0.2708
v  0.3095 -0.9642 -0.2997
v  0.0125 -1.0128 -0.2320
v  0.2584 -0.9725 -0.3174
v  -0.0214 -1.0183 -0.1847
v  0.3566 -0.9565 0.2483
v  -0.0466 -1.0225 -0.1307
v  0.3979 -0.9497 0.2095
v  -0.0621 -1.0250 -0.0722
v  0.4318 -0.9441 0.1622
v  -0.0673 -1.0259 -0.0113
v  0.4570 -0.9400 0.1082
v  -0.0621 -1.0250 0.0496
v  0.4725 -0.9375 0.0496
v  -0.0466 -1.0225 0.1082
v  0.4341 -1.0199 0.2370
v  0.4256 -0.9681 0.2370
v  0.4638 -0.9618 0.1838
v  0.4722 -1.0137 0.1838
v  -0.0460 -1.0453 -0.2063
v  -0.0079 -1.0391 -0.2596
v  0.2089 -1.0036 -0.3624
v  0.2687 -0.9938 -0.3557
v  0.3792 -0.9757 0.2807
v  -0.0743 -1.0500 -0.1456
v  -0.0918 -1.0528 -0.0798
v  -0.0977 -1.0538 -0.0113
v  0.4921 -0.9572 0.1231
v  -0.0918 -1.0528 0.0572
v  0.5095 -0.9543 0.0572
v  -0.0743 -1.0500 0.1231
v  0.5154 -0.9534 -0.0113
v  -0.0460 -1.0453 0.1838
v  0.5095 -0.9543 -0.0798
v  -0.0079 -1.0391 0.2370
v  0.4921 -0.9572 -0.1456
v  0.0386 -1.0315 0.2807
v  0.4638 -0.9618 -0.2063
v  0.0916 -1.0228 0.3131
v  0.1491 -1.0134 -0.3557
v  0.4256 -0.9681 -0.2596
v  0.1491 -1.0134 0.3331
v  0.0916 -1.0228 -0.3357
v  0.3792 -0.9757 -0.3032
v  0.2089 -1.0036 0.3399
v  0.0386 -1.0315 -0.3032
v  0.3262 -0.9844 -0.3357
v  0.4960 -1.0783 0.0503
v  0.5180 -1.0062 0.0572
v  0.5239 -1.0052 -0.0113
v  0.5013 -1.0781 -0.0113
v  -0.0833 -1.1047 -0.0798
v  -0.0892 -1.1056 -0.0113
v  0.5006 -1.0090 0.1231
v  -0.0833 -1.1047 0.0572
v  -0.0659 -1.1018 0.1231
v  -0.0375 -1.0972 0.1838
v  0.5180 -1.0062 -0.0798
v  0.0006 -1.0909 0.2370
v  0.5006 -1.0090 -0.1456
v  0.0470 -1.0833 0.2807
v  0.4722 -1.0137 -0.2063
v  0.1000 -1.0746 0.3131
v  0.1576 -1.0652 -0.3557
v  0.2174 -1.0554 -0.3624
v  0.4341 -1.0199 -0.2596
v  0.1576 -1.0652 0.3331
v  0.1000 -1.0746 -0.3357
v  0.3877 -1.0275 -0.3032
v  0.2174 -1.0554 0.3399
v  0.0470 -1.0833 -0.3032
v  0.3347 -1.0362 -0.3357
v  0.2772 -1.0456 0.3331
v  0.0006 -1.0909 -0.2596
v  0.2772 -1.0456 -0.3557
v  0.3347 -1.0362 0.3131
v  -0.0375 -1.0972 -0.2063
v  0.3877 -1.0275 0.2807
v  -0.0659 -1.1018 -0.1456
v  0.1678 -1.0865 -0.3208
v  0.1154 -1.0879 -0.3029
v  0.0672 -1.0891 -0.2737
v  0.0249 -1.0901 -0.2344
v  -0.0099 -1.0910 -0.1866
v  -0.0356 -1.0917 -0.1320
v  -0.0515 -1.0921 -0.0728
v  -0.0569 -1.0922 -0.0113
v  -0.0515 -1.0921 0.0503
v  -0.0356 -1.0917 0.1095
v  -0.0099 -1.0910 0.1641
v  0.0249 -1.0901 0.2119
v  0.0672 -1.0891 0.2512
v  0.1154 -1.0879 0.2803
v  0.1678 -1.0865 0.2983
v  0.2222 -1.0852 0.3044
v  0.2767 -1.0838 0.2983
v  0.3290 -1.0825 0.2803
v  0.3773 -1.0813 0.2512
v  0.4196 -1.0802 0.2119
v  0.4543 -1.0793 0.1641
v  0.4801 -1.0787 0.1095
v  0.4960 -1.0783 -0.0728
v  0.4801 -1.0787 -0.1320
v  0.4543 -1.0793 -0.1866
v  0.4196 -1.0802 -0.2344
v  0.3773 -1.0813 -0.2737
v  0.3290 -1.0825 -0.3029
v  0.2767 -1.0838 -0.3208
v  0.2222 -1.0852 -0.3269
v  0.2003 -1.3210 -0.4991
v  0.2938 -1.3210 -0.4899
v  0.3837 -1.3210 -0.4626
v  0.4666 -1.3210 -0.4184
v  0.5392 -1.3210 -0.3587
v  0.5988 -1.3210 -0.2861
v  0.6431 -1.3210 -0.2032
v  0.6704 -1.3210 -0.1133
v  0.6796 -1.3210 -0.0198
v  0.6704 -1.3210 0.0737
v  0.6431 -1.3210 0.1636
v  0.5988 -1.3210 0.2465
v  0.5392 -1.3210 0.3192
v  0.4666 -1.3210 0.3788
v  0.3837 -1.3210 0.4231
v  0.2938 -1.3210 0.4503
v  0.2003 -1.3210 0.4595
v  0.1067 -1.3210 0.4503
v  0.0168 -1.3210 0.4231
v  -0.0660 -1.3210 0.3788
v  -0.1387 -1.3210 0.3192
v  -0.1983 -1.3210 0.2465
v  -0.2426 -1.3210 0.1636
v  -0.2699 -1.3210 0.0737
v  -0.2791 -1.3210 -0.0198
v  -0.2699 -1.3210 -0.1133
v  -0.2426 -1.3210 -0.2032
v  -0.1983 -1.3210 -0.2861
v  -0.1387 -1.3210 -0.3587
v  0.1067 -1.3210 -0.4899
v  -0.0660 -1.3210 -0.4184
v  0.0168 -1.3210 -0.4626
v  0.7052 -1.3424 -0.1202
v  0.7052 -1.4432 -0.1202
v  0.7151 -1.4432 -0.0198
v  0.7151 -1.3424 -0.0198
v  0.3973 -1.3424 -0.4955
v  0.4863 -1.3424 -0.4479
v  0.3007 -1.3424 0.4852
v  0.2003 -1.3424 0.4951
v  -0.1638 -1.3424 -0.3839
v  -0.0858 -1.3424 -0.4479
v  0.3007 -1.3424 -0.5248
v  0.3973 -1.3424 0.4559
v  -0.2278 -1.3424 -0.3058
v  0.2003 -1.3424 -0.5347
v  0.4863 -1.3424 0.4083
v  -0.2754 -1.3424 -0.2168
v  0.5643 -1.3424 0.3443
v  -0.3047 -1.3424 -0.1202
v  0.6283 -1.3424 0.2662
v  -0.3146 -1.3424 -0.0198
v  0.6759 -1.3424 0.1772
v  -0.3047 -1.3424 0.0806
v  0.7052 -1.3424 0.0806
v  -0.2754 -1.3424 0.1772
v  -0.2278 -1.3424 0.2662
v  -0.1638 -1.3424 0.3443
v  0.6759 -1.3424 -0.2168
v  -0.0858 -1.3424 0.4083
v  0.6283 -1.3424 -0.3058
v  0.0032 -1.3424 0.4559
v  0.0998 -1.3424 -0.5248
v  0.5643 -1.3424 -0.3839
v  0.0998 -1.3424 0.4852
v  0.0032 -1.3424 -0.4955
v  0.0998 -1.4432 -0.5248
v  0.0032 -1.4432 -0.4955
v  -0.0858 -1.4432 -0.4479
v  -0.1638 -1.4432 -0.3839
v  -0.2278 -1.4432 -0.3058
v  -0.2754 -1.4432 -0.2168
v  -0.3047 -1.4432 -0.1202
v  -0.3146 -1.4432 -0.0198
v  -0.3047 -1.4432 0.0806
v  -0.2754 -1.4432 0.1772
v  -0.2278 -1.4432 0.2662
v  -0.1638 -1.4432 0.3443
v  -0.0858 -1.4432 0.4083
v  0.0032 -1.4432 0.4559
v  0.0998 -1.4432 0.4852
v  0.2003 -1.4432 0.4951
v  0.3007 -1.4432 0.4852
v  0.3973 -1.4432 0.4559
v  0.4863 -1.4432 0.4083
v  0.5643 -1.4432 0.3443
v  0.6283 -1.4432 0.2662
v  0.6759 -1.4432 0.1772
v  0.7052 -1.4432 0.0806
v  0.6759 -1.4432 -0.2168
v  0.6283 -1.4432 -0.3058
v  0.5643 -1.4432 -0.3839
v  0.4863 -1.4432 -0.4479
v  0.3973 -1.4432 -0.4955
v  0.3007 -1.4432 -0.5248
v  0.2003 -1.4432 -0.5347
v  0.1990 -1.1431 -0.3975
v  0.2726 -1.1431 -0.3903
v  0.3434 -1.1431 -0.3688
v  0.4087 -1.1431 -0.3339
v  0.4659 -1.1431 -0.2870
v  0.5128 -1.1431 -0.2298
v  0.5477 -1.1431 -0.1646
v  0.5691 -1.1431 -0.0938
v  0.5764 -1.1431 -0.0202
v  0.5691 -1.1431 0.0535
v  0.5477 -1.1431 0.1243
v  0.5128 -1.1431 0.1895
v  0.4659 -1.1431 0.2467
v  0.4087 -1.1431 0.2936
v  0.3434 -1.1431 0.3285
v  0.2726 -1.1431 0.3500
v  0.1990 -1.1431 0.3572
v  0.1254 -1.1431 0.3500
v  0.0546 -1.1431 0.3285
v  -0.0106 -1.1431 0.2936
v  -0.0678 -1.1431 0.2467
v  -0.1148 -1.1431 0.1895
v  -0.1496 -1.1431 0.1243
v  -0.1711 -1.1431 0.0535
v  -0.1784 -1.1431 -0.0202
v  -0.1711 -1.1431 -0.0938
v  -0.1496 -1.1431 -0.1646
v  -0.1148 -1.1431 -0.2298
v  -0.0678 -1.1431 -0.2870
v  0.1254 -1.1431 -0.3903
v  -0.0106 -1.1431 -0.3339
v  0.0546 -1.1431 -0.3688
v  0.1060 -1.3223 -0.4879
v  0.0165 -1.3223 -0.4607
v  -0.0659 -1.3223 -0.4167
v  -0.1382 -1.3223 -0.3573
v  -0.1975 -1.3223 -0.2851
v  -0.2415 -1.3223 -0.2026
v  -0.2687 -1.3223 -0.1132
v  -0.2778 -1.3223 -0.0202
v  -0.2687 -1.3223 0.0729
v  -0.2415 -1.3223 0.1623
v  -0.1975 -1.3223 0.2448
v  -0.1382 -1.3223 0.3170
v  -0.0659 -1.3223 0.3763
v  0.0165 -1.3223 0.4204
v  0.1060 -1.3223 0.4475
v  0.1990 -1.3223 0.4567
v  0.2920 -1.3223 0.4475
v  0.3815 -1.3223 0.4204
v  0.4639 -1.3223 0.3763
v  0.5362 -1.3223 0.3170
v  0.5955 -1.3223 0.2448
v  0.6396 -1.3223 0.1623
v  0.6667 -1.3223 0.0729
v  0.6759 -1.3223 -0.0202
v  0.6667 -1.3223 -0.1132
v  0.6396 -1.3223 -0.2026
v  0.5955 -1.3223 -0.2851
v  0.5362 -1.3223 -0.3573
v  0.4639 -1.3223 -0.4167
v  0.3815 -1.3223 -0.4607
v  0.2920 -1.3223 -0.4879
v  0.1990 -1.3223 -0.4970
v  0.1996 -1.0785 -0.3800
v  0.2695 -1.0785 -0.3731
v  0.3367 -1.0785 -0.3527
v  0.3986 -1.0785 -0.3196
v  0.4529 -1.0785 -0.2751
v  0.4974 -1.0785 -0.2208
v  0.5305 -1.0785 -0.1589
v  0.5509 -1.0785 -0.0917
v  0.5578 -1.0785 -0.0218
v  0.5509 -1.0785 0.0480
v  0.5305 -1.0785 0.1152
v  0.4974 -1.0785 0.1772
v  0.4529 -1.0785 0.2314
v  0.3986 -1.0785 0.2760
v  0.3367 -1.0785 0.3091
v  0.2695 -1.0785 0.3295
v  0.1996 -1.0785 0.3363
v  0.1297 -1.0785 0.3295
v  0.0626 -1.0785 0.3091
v  0.0006 -1.0785 0.2760
v  -0.0536 -1.0785 0.2314
v  -0.0982 -1.0785 0.1772
v  -0.1313 -1.0785 0.1152
v  -0.1517 -1.0785 0.0480
v  -0.1585 -1.0785 -0.0218
v  -0.1517 -1.0785 -0.0917
v  -0.1313 -1.0785 -0.1589
v  -0.0982 -1.0785 -0.2208
v  -0.0536 -1.0785 -0.2751
v  0.1297 -1.0785 -0.3731
v  0.0006 -1.0785 -0.3196
v  0.0626 -1.0785 -0.3527
v  -0.0681 -1.1094 -0.2896
v  -0.0681 -1.1442 -0.2896
v  -0.0107 -1.1442 -0.3367
v  -0.0107 -1.1094 -0.3367
v  -0.1790 -1.1094 -0.0218
v  -0.1718 -1.1094 0.0520
v  0.5710 -1.1094 0.0520
v  0.5495 -1.1094 0.1231
v  -0.1502 -1.1094 0.1231
v  0.5783 -1.1094 -0.0218
v  -0.1152 -1.1094 0.1885
v  0.5710 -1.1094 -0.0957
v  -0.0681 -1.1094 0.2459
v  0.5495 -1.1094 -0.1667
v  -0.0107 -1.1094 0.2930
v  0.5145 -1.1094 -0.2322
v  0.0547 -1.1094 0.3280
v  0.1996 -1.1094 -0.4005
v  0.1257 -1.1094 -0.3932
v  0.4674 -1.1094 -0.2896
v  0.1257 -1.1094 0.3495
v  0.0547 -1.1094 -0.3717
v  0.4100 -1.1094 -0.3367
v  0.1996 -1.1094 0.3568
v  0.3445 -1.1094 -0.3717
v  0.2735 -1.1094 0.3495
v  0.2735 -1.1094 -0.3932
v  0.3445 -1.1094 0.3280
v  -0.1152 -1.1094 -0.2322
v  0.4100 -1.1094 0.2930
v  -0.1502 -1.1094 -0.1667
v  0.4674 -1.1094 0.2459
v  -0.1718 -1.1094 -0.0957
v  0.5145 -1.1094 0.1885
v  0.1257 -1.1442 -0.3932
v  0.0547 -1.1442 -0.3717
v  -0.1152 -1.1442 -0.2322
v  -0.1502 -1.1442 -0.1667
v  -0.1718 -1.1442 -0.0957
v  -0.1790 -1.1442 -0.0218
v  -0.1718 -1.1442 0.0520
v  -0.1502 -1.1442 0.1231
v  -0.1152 -1.1442 0.1885
v  -0.0681 -1.1442 0.2459
v  -0.0107 -1.1442 0.2930
v  0.0547 -1.1442 0.3280
v  0.1257 -1.1442 0.3495
v  0.1996 -1.1442 0.3568
v  0.2735 -1.1442 0.3495
v  0.3445 -1.1442 0.3280
v  0.4100 -1.1442 0.2930
v  0.4674 -1.1442 0.2459
v  0.5145 -1.1442 0.1885
v  0.5495 -1.1442 0.1231
v  0.5710 -1.1442 0.0520
v  0.5783 -1.1442 -0.0218
v  0.5710 -1.1442 -0.0957
v  0.5495 -1.1442 -0.1667
v  0.5145 -1.1442 -0.2322
v  0.4674 -1.1442 -0.2896
v  0.4100 -1.1442 -0.3367
v  0.3445 -1.1442 -0.3717
v  0.2735 -1.1442 -0.3932
v  0.1996 -1.1442 -0.4005
# 3552 vertices

vn -0.3549 -0.0000 -0.9349
vn -0.1657 -0.0000 -0.9862
vn 0.0299 -0.0000 -0.9996
vn 0.2243 -0.0000 -0.9745
vn 0.4101 -0.0000 -0.9121
vn 0.5802 -0.0000 -0.8145
vn 0.7279 -0.0000 -0.6857
vn 0.8477 -0.0000 -0.5305
vn 0.9349 -0.0000 -0.3549
vn 0.9862 -0.0000 -0.1657
vn 0.9996 -0.0000 0.0299
vn 0.9745 -0.0000 0.2243
vn 0.9120 -0.0000 0.4101
vn 0.8145 -0.0000 0.5802
vn 0.6857 -0.0000 0.7279
vn 0.5305 -0.0000 0.8477
vn 0.3549 -0.0000 0.9349
vn 0.1657 -0.0000 0.9862
vn -0.0299 -0.0000 0.9996
vn -0.2243 -0.0000 0.9745
vn -0.4101 -0.0000 0.9120
vn -0.5802 -0.0000 0.8145
vn -0.7279 -0.0000 0.6857
vn -0.8477 -0.0000 0.5305
vn -0.9349 -0.0000 0.3549
vn -0.9862 -0.0000 0.1657
vn -0.9996 -0.0000 -0.0299
vn -0.9745 -0.0000 -0.2243
vn -0.9120 -0.0000 -0.4101
vn -0.9121 -0.0000 -0.4101
vn -0.8145 -0.0000 -0.5802
vn 0.8312 0.4606 -0.3113
vn -0.6857 -0.0000 -0.7279
vn -0.5305 -0.0000 -0.8477
vn -0.0000 -1.0000 -0.0000
vn 0.0579 0.6232 -0.7799
vn -0.0799 0.7021 0.7076
vn -0.1629 0.9797 0.1167
vn 0.3330 0.4517 -0.8277
vn 0.6771 0.4608 0.5738
vn -0.1180 0.9930 0.0100
vn -0.4226 0.5300 -0.7352
vn -0.5559 0.6037 -0.5715
vn 0.8784 0.4584 -0.1349
vn -0.2241 0.8075 0.5456
vn -0.2940 0.9504 0.1014
vn 0.4980 0.4548 -0.7383
vn 0.5216 0.4843 0.7025
vn -0.0647 0.9978 0.0115
vn -0.2446 0.4843 -0.8400
vn 0.8892 0.4548 0.0493
vn -0.2814 0.8945 0.3473
vn -0.4467 0.8946 0.0144
vn 0.6383 0.4584 -0.6184
vn 0.3304 0.5300 0.7810
vn -0.0482 0.9978 0.0446
vn -0.0482 0.4608 -0.8862
vn 0.8607 0.4517 0.2348
vn -0.2584 0.9504 0.1730
vn -0.5702 0.8075 -0.1511
vn 0.7503 0.4606 -0.4743
vn 0.7503 0.4606 -0.4742
vn 0.1195 0.6037 0.7882
vn -0.0792 0.9930 0.0880
vn 0.1484 0.4521 -0.8795
vn 0.1484 0.4521 -0.8796
vn 0.7905 0.4521 0.4132
vn -0.1914 0.9797 0.0593
vn -0.6121 0.7021 -0.3638
vn -0.8203 -0.4014 0.4074
vn -0.8203 -0.4014 0.4075
vn -0.8203 -0.4015 0.4074
vn -0.9366 -0.1056 -0.3341
vn -0.9366 -0.1056 -0.3342
vn -0.2997 -0.1056 0.9482
vn -0.2997 -0.1055 0.9482
vn 0.1544 0.7314 -0.6643
vn -0.5748 -0.0878 -0.8136
vn -0.8931 0.3342 0.3011
vn -0.8931 0.3343 0.3011
vn 0.2405 0.8072 -0.5390
vn -0.7744 0.6269 -0.0857
vn 0.3184 0.8550 -0.4094
vn -0.6107 0.7775 -0.1501
vn 0.3901 0.8780 -0.2773
vn -0.4802 0.8702 -0.1105
vn 0.4567 0.8780 -0.1432
vn -0.3773 0.9256 -0.0287
vn 0.5186 0.8550 -0.0064
vn -0.2976 0.9518 0.0749
vn 0.5748 0.8072 0.1341
vn -0.2395 0.9518 0.1918
vn 0.6226 0.7314 0.2783
vn -0.2052 0.9256 0.3180
vn 0.6564 0.6232 0.4251
vn -0.2020 0.8702 0.4494
vn 0.6664 0.4794 0.5711
vn -0.3422 0.0998 -0.9343
vn -0.2494 0.7775 0.5773
vn 0.6362 0.3010 0.7103
vn 0.6362 0.3010 0.7104
vn -0.1816 0.3010 -0.9362
vn -0.3996 0.6269 0.6688
vn 0.5377 0.0998 0.8372
vn -0.0525 0.4794 -0.8760
vn -0.7796 0.3342 0.5297
vn 0.3010 -0.0878 0.9496
vn 0.7148 -0.0000 -0.6994
vn 0.8375 -0.0000 -0.5465
vn 0.9280 -0.0000 -0.3726
vn 0.9828 -0.0000 -0.1844
vn 0.9829 -0.0000 -0.1844
vn 0.9999 -0.0000 0.0109
vn 0.9786 -0.0000 0.2058
vn 0.9197 -0.0000 0.3927
vn 0.8254 -0.0000 0.5646
vn 0.6993 -0.0000 0.7148
vn 0.5465 -0.0000 0.8375
vn 0.3726 -0.0000 0.9280
vn 0.1844 -0.0000 0.9829
vn -0.0109 -0.0000 0.9999
vn -0.2058 -0.0000 0.9786
vn -0.3927 -0.0000 0.9197
vn -0.5646 -0.0000 0.8253
vn -0.7148 -0.0000 0.6994
vn -0.8375 -0.0000 0.5465
vn -0.9280 -0.0000 0.3726
vn -0.9829 -0.0000 0.1844
vn -0.9999 -0.0000 -0.0109
vn -0.9786 -0.0000 -0.2058
vn -0.9197 -0.0000 -0.3927
vn -0.8253 -0.0000 -0.5647
vn -0.6994 -0.0000 -0.7148
vn -0.6993 -0.0000 -0.7148
vn -0.5465 -0.0000 -0.8375
vn -0.3726 -0.0000 -0.9280
vn -0.1844 -0.0000 -0.9829
vn 0.0109 -0.0000 -0.9999
vn 0.2058 -0.0000 -0.9786
vn 0.6179 0.4606 0.6372
vn 0.3927 -0.0000 -0.9197
vn 0.5645 -0.0000 -0.8254
vn 0.5646 -0.0000 -0.8254
vn 0.7379 0.6232 -0.2591
vn -0.6804 0.7021 0.2099
vn -0.1721 0.9797 -0.1026
vn 0.8918 0.4517 -0.0260
vn -0.2550 0.4608 0.8501
vn -0.0563 0.9930 -0.1042
vn 0.5046 0.5300 -0.6815
vn 0.3013 0.6037 -0.7381
vn 0.4751 0.4584 0.7511
vn -0.5897 0.8075 0.0129
vn -0.2105 0.9504 -0.2289
vn 0.8759 0.4548 0.1610
vn -0.4350 0.4843 0.7591
vn -0.0364 0.9978 -0.0547
vn 0.6720 0.4843 -0.5603
vn 0.3106 0.4548 0.8347
vn -0.4308 0.8946 -0.1189
vn -0.1919 0.8946 -0.4036
vn 0.8222 0.4584 0.3375
vn -0.5835 0.5300 0.6153
vn -0.0602 0.9978 -0.0263
vn 0.7929 0.4608 -0.3987
vn 0.1293 0.4517 0.8828
vn -0.2619 0.9504 -0.1676
vn -0.0897 0.8075 -0.5830
vn 0.7348 0.4606 0.4978
vn -0.6746 0.6037 0.4249
vn -0.1124 0.9930 -0.0374
vn 0.8654 0.4521 -0.2160
vn -0.0624 0.4521 0.8898
vn -0.1309 0.9797 -0.1517
vn 0.0885 0.7021 -0.7065
vn -0.7016 -0.4014 -0.5887
vn -0.7016 -0.4015 -0.5887
vn -0.7017 -0.4014 -0.5887
vn -0.0687 -0.1056 -0.9920
vn -0.0687 -0.1057 -0.9920
vn -0.9889 -0.1055 0.1047
vn -0.9889 -0.1056 0.1047
vn 0.6706 0.7314 -0.1242
vn 0.5157 -0.0878 -0.8523
vn -0.6333 0.3342 -0.6980
vn 0.5902 0.8072 0.0047
vn -0.2313 0.6269 -0.7440
vn 0.5026 0.8550 0.1280
vn -0.1068 0.7775 -0.6197
vn 0.4102 0.8780 0.2465
vn 0.4102 0.8781 0.2465
vn -0.0908 0.8702 -0.4843
vn 0.3141 0.8780 0.3612
vn 0.3140 0.8780 0.3612
vn -0.1247 0.9256 -0.3573
vn 0.2133 0.8550 0.4727
vn -0.1877 0.9518 -0.2427
vn 0.1071 0.8072 0.5804
vn -0.2716 0.9518 -0.1427
vn -0.0059 0.7314 0.6820
vn -0.0059 0.7313 0.6820
vn -0.3735 0.9256 -0.0608
vn -0.1270 0.6232 0.7717
vn -0.4927 0.8702 -0.0054
vn -0.2568 0.4794 0.8392
vn 0.7193 0.0998 -0.6875
vn -0.6288 0.7775 0.0024
vn -0.3964 0.3010 0.8673
vn 0.7853 0.3010 -0.5410
vn -0.7728 0.6269 -0.0986
vn -0.7748 0.6239 -0.1023
vn -0.5522 0.0998 0.8277
vn 0.7819 0.4794 -0.3986
vn -0.7974 0.3342 -0.5024
vn -0.7498 -0.0878 0.6558
vn -0.7498 -0.0878 0.6559
vn -0.7499 -0.0878 0.6557
vn 0.0602 -0.0000 -0.9982
vn 0.2538 -0.0000 -0.9673
vn 0.4374 -0.0000 -0.8993
vn 0.4375 -0.0000 -0.8992
vn 0.6046 -0.0000 -0.7965
vn 0.6047 -0.0000 -0.7965
vn 0.7484 -0.0000 -0.6633
vn 0.8634 -0.0000 -0.5045
vn 0.9452 -0.0000 -0.3264
vn 0.9907 -0.0000 -0.1357
vn 0.9982 -0.0000 0.0602
vn 0.9673 -0.0000 0.2538
vn 0.8992 -0.0000 0.4376
vn 0.7966 -0.0000 0.6046
vn 0.7966 -0.0000 0.6045
vn 0.6633 -0.0000 0.7484
vn 0.5045 -0.0000 0.8634
vn 0.5044 -0.0000 0.8635
vn 0.3264 -0.0000 0.9452
vn 0.1357 -0.0000 0.9907
vn -0.0602 -0.0000 0.9982
vn -0.2538 -0.0000 0.9673
vn -0.4374 -0.0000 0.8993
vn -0.4375 -0.0000 0.8992
vn -0.6046 -0.0000 0.7965
vn -0.7484 -0.0000 0.6633
vn -0.8634 -0.0000 0.5045
vn -0.9452 -0.0000 0.3264
vn -0.9907 -0.0000 0.1357
vn -0.9982 -0.0000 -0.0602
vn -0.9673 -0.0000 -0.2538
vn -0.8992 -0.0000 -0.4376
vn -0.7966 -0.0000 -0.6046
vn -0.7966 -0.0000 -0.6045
vn -0.6633 -0.0000 -0.7484
vn -0.5045 -0.0000 -0.8634
vn -0.5044 -0.0000 -0.8635
vn 0.8857 0.4606 0.0574
vn -0.3264 -0.0000 -0.9452
vn -0.1357 -0.0000 -0.9908
vn 0.3730 0.6232 -0.6874
vn -0.3633 0.7021 0.6124
vn -0.1964 0.9797 0.0395
vn 0.6435 0.4517 -0.6180
vn 0.3818 0.4608 0.8012
vn -0.1117 0.9930 -0.0394
vn -0.0836 0.5300 -0.8438
vn -0.0836 0.5300 -0.8439
vn -0.2722 0.6037 -0.7493
vn 0.8564 0.4584 0.2376
vn -0.4284 0.8075 0.4055
vn -0.3097 0.9504 -0.0283
vn 0.7572 0.4548 -0.4688
vn 0.1872 0.4843 0.8547
vn -0.0637 0.9978 -0.0161
vn 0.1219 0.4843 -0.8664
vn 0.7906 0.4548 0.4100
vn -0.3991 0.8946 0.2011
vn -0.4132 0.8946 -0.1703
vn 0.8359 0.4584 -0.3019
vn -0.0194 0.5300 0.8478
vn -0.0623 0.9978 0.0209
vn 0.3199 0.4608 -0.8279
vn 0.6885 0.4517 0.5674
vn 0.6885 0.4517 0.5675
vn -0.3066 0.9504 0.0517
vn -0.4579 0.8075 -0.3719
vn 0.8788 0.4606 -0.1244
vn -0.2146 0.6037 0.7678
vn -0.1084 0.9930 0.0477
vn 0.4964 0.4521 -0.7411
vn 0.5511 0.4521 0.7013
vn -0.1989 0.9797 -0.0245
vn -0.4088 0.7021 -0.5831
vn -0.9152 -0.4014 0.0347
vn -0.9152 -0.4015 0.0348
vn -0.7169 -0.1056 -0.6891
vn -0.7169 -0.1055 -0.6891
vn -0.6626 -0.1056 0.7415
vn 0.4135 0.7314 -0.5423
vn -0.1901 -0.0878 -0.9778
vn -0.9380 0.3342 -0.0922
vn 0.4406 0.8072 -0.3928
vn -0.6709 0.6269 -0.3961
vn 0.4584 0.8550 -0.2426
vn -0.4952 0.7775 -0.3876
vn 0.4695 0.8780 -0.0928
vn -0.3925 0.8702 -0.2979
vn 0.4752 0.8780 0.0569
vn -0.3323 0.9256 -0.1810
vn 0.4755 0.8550 0.2071
vn -0.3021 0.9518 -0.0539
vn 0.4691 0.8072 0.3582
vn -0.2971 0.9518 0.0766
vn 0.4535 0.7314 0.5094
vn -0.3176 0.9256 0.2057
vn 0.4240 0.6232 0.6572
vn -0.3687 0.8702 0.3268
vn 0.3731 0.4794 0.7943
vn 0.0715 0.0998 -0.9924
vn -0.4644 0.7775 0.4240
vn 0.2886 0.3010 0.9089
vn 0.2188 0.3010 -0.9282
vn -0.6390 0.6268 0.4458
vn -0.6390 0.6269 0.4458
vn 0.1465 0.0998 0.9842
vn 0.3118 0.4793 -0.8204
vn -0.9283 0.3342 0.1630
vn -0.1154 -0.0878 0.9894
vn -0.3644 0.9127 0.1848
vn -0.3643 0.9127 0.1849
vn -0.3727 0.9092 0.1857
vn -0.4063 0.8949 -0.1848
vn -0.4063 0.8948 -0.1848
vn -0.3980 0.8984 -0.1857
vn -0.2344 0.7964 0.5575
vn -0.2597 0.7856 0.5615
vn -0.2597 0.7856 0.5616
vn -0.2851 0.7748 0.5643
vn -0.3106 0.7639 0.5657
vn -0.3811 0.9056 0.1862
vn -0.3896 0.9020 -0.1862
vn -0.3362 0.7530 -0.5657
vn -0.3362 0.7530 -0.5656
vn -0.3617 0.7421 -0.5643
vn -0.3871 0.7313 -0.5616
vn -0.3871 0.7313 -0.5615
vn -0.4122 0.7206 -0.5575
vn -0.4123 0.7205 -0.5575
vn -0.4146 0.8913 -0.1835
vn -0.3561 0.9163 0.1835
vn -0.3560 0.9163 0.1835
vn 0.4063 -0.8948 0.1848
vn 0.3644 -0.9127 -0.1849
vn 0.3644 -0.9127 -0.1848
vn 0.3980 -0.8984 0.1857
vn 0.3727 -0.9092 -0.1857
vn 0.4123 -0.7205 0.5575
vn 0.4146 -0.8913 0.1835
vn 0.3561 -0.9163 -0.1835
vn 0.2344 -0.7964 -0.5575
vn 0.2597 -0.7856 -0.5615
vn 0.2597 -0.7856 -0.5616
vn 0.2851 -0.7748 -0.5643
vn 0.3106 -0.7639 -0.5657
vn 0.3811 -0.9056 -0.1862
vn 0.3896 -0.9020 0.1862
vn 0.3362 -0.7530 0.5657
vn 0.3617 -0.7421 0.5643
vn 0.3872 -0.7312 0.5616
vn 0.3871 -0.7313 0.5616
vn 0.4391 -0.8809 0.1768
vn 0.3316 -0.9267 -0.1768
vn 0.3317 -0.9267 -0.1768
vn 0.4310 -0.8843 0.1795
vn 0.3397 -0.9233 -0.1795
vn 0.5107 -0.6786 0.5279
vn 0.5108 -0.6784 0.5280
vn 0.4470 -0.8775 0.1738
vn 0.3237 -0.9301 -0.1738
vn 0.3236 -0.9301 -0.1738
vn 0.1361 -0.8383 -0.5279
vn 0.1601 -0.8281 -0.5373
vn 0.1845 -0.8177 -0.5453
vn 0.2093 -0.8071 -0.5521
vn 0.3478 -0.9198 -0.1817
vn 0.4229 -0.8878 0.1817
vn 0.4375 -0.7098 0.5521
vn 0.4622 -0.6993 0.5453
vn 0.4622 -0.6992 0.5453
vn 0.4866 -0.6888 0.5373
vn 0.4866 -0.6888 0.5374
vn 0.4698 -0.8678 0.1620
vn 0.4697 -0.8678 0.1619
vn 0.3009 -0.9398 -0.1620
vn 0.4624 -0.8709 0.1663
vn 0.4624 -0.8710 0.1663
vn 0.3083 -0.9366 -0.1663
vn 0.6018 -0.6397 0.4781
vn 0.4770 -0.8647 0.1574
vn 0.4770 -0.8647 0.1573
vn 0.2937 -0.9429 -0.1573
vn 0.0449 -0.8772 -0.4781
vn 0.0450 -0.8772 -0.4781
vn 0.0668 -0.8679 -0.4922
vn 0.0893 -0.8582 -0.5054
vn 0.0894 -0.8583 -0.5053
vn 0.1124 -0.8484 -0.5173
vn 0.3159 -0.9334 -0.1702
vn 0.3161 -0.9334 -0.1700
vn 0.4548 -0.8742 0.1702
vn 0.5343 -0.6685 0.5173
vn 0.5574 -0.6587 0.5054
vn 0.5799 -0.6491 0.4923
vn 0.4972 -0.8561 0.1410
vn 0.4972 -0.8561 0.1411
vn 0.2735 -0.9515 -0.1410
vn 0.2734 -0.9515 -0.1410
vn 0.4907 -0.8589 0.1468
vn 0.2800 -0.9487 -0.1468
vn 0.6823 -0.6054 0.4098
vn 0.5035 -0.8534 0.1349
vn 0.2672 -0.9541 -0.1349
vn 0.2673 -0.9541 -0.1348
vn -0.0355 -0.9115 -0.4098
vn -0.0166 -0.9034 -0.4285
vn -0.0165 -0.9034 -0.4285
vn 0.0031 -0.8950 -0.4461
vn 0.0030 -0.8950 -0.4461
vn 0.0237 -0.8862 -0.4626
vn 0.2867 -0.9458 -0.1522
vn 0.4840 -0.8617 0.1522
vn 0.6231 -0.6307 0.4626
vn 0.6436 -0.6219 0.4461
vn 0.6436 -0.6219 0.4462
vn 0.6633 -0.6135 0.4285
vn 0.5203 -0.8462 0.1146
vn 0.5204 -0.8462 0.1146
vn 0.2503 -0.9614 -0.1146
vn 0.5151 -0.8485 0.1216
vn 0.2556 -0.9591 -0.1216
vn 0.7489 -0.5771 0.3258
vn 0.7489 -0.5770 0.3258
vn 0.5254 -0.8441 0.1072
vn 0.2453 -0.9635 -0.1072
vn -0.1022 -0.9399 -0.3258
vn -0.0869 -0.9334 -0.3481
vn -0.0866 -0.9333 -0.3484
vn -0.0708 -0.9265 -0.3696
vn -0.0707 -0.9265 -0.3696
vn -0.0536 -0.9192 -0.3901
vn 0.2613 -0.9567 -0.1284
vn 0.5094 -0.8509 0.1284
vn 0.7004 -0.5977 0.3902
vn 0.7175 -0.5904 0.3696
vn 0.7337 -0.5836 0.3481
vn 0.7337 -0.5835 0.3481
vn 0.5385 -0.8385 0.0838
vn 0.5384 -0.8385 0.0837
vn 0.2323 -0.9690 -0.0837
vn 0.5344 -0.8402 0.0918
vn 0.2363 -0.9673 -0.0918
vn 0.2363 -0.9673 -0.0919
vn 0.7992 -0.5556 0.2293
vn 0.5420 -0.8370 0.0755
vn 0.2287 -0.9706 -0.0755
vn -0.1525 -0.9613 -0.2293
vn -0.1415 -0.9567 -0.2544
vn -0.1295 -0.9516 -0.2789
vn -0.1164 -0.9459 -0.3027
vn -0.1164 -0.9460 -0.3027
vn 0.2406 -0.9655 -0.0996
vn 0.5301 -0.8421 0.0996
vn 0.7631 -0.5711 0.3027
vn 0.7631 -0.5710 0.3027
vn 0.7763 -0.5654 0.2789
vn 0.7883 -0.5602 0.2544
vn 0.5504 -0.8334 0.0497
vn 0.2202 -0.9742 -0.0497
vn 0.5480 -0.8344 0.0584
vn 0.2227 -0.9731 -0.0584
vn 0.8313 -0.5418 0.1239
vn 0.8312 -0.5419 0.1240
vn 0.5525 -0.8325 0.0408
vn 0.2182 -0.9751 -0.0408
vn 0.2182 -0.9750 -0.0408
vn -0.1845 -0.9750 -0.1240
vn -0.1783 -0.9723 -0.1509
vn -0.1708 -0.9692 -0.1774
vn -0.1708 -0.9692 -0.1775
vn -0.1622 -0.9655 -0.2037
vn -0.1622 -0.9655 -0.2036
vn 0.2255 -0.9719 -0.0670
vn 0.2255 -0.9719 -0.0671
vn 0.5452 -0.8356 0.0670
vn 0.8090 -0.5514 0.2036
vn 0.8176 -0.5477 0.1775
vn 0.8250 -0.5446 0.1509
vn 0.5562 -0.8309 0.0137
vn 0.5562 -0.8310 0.0137
vn 0.2146 -0.9766 -0.0137
vn 0.2147 -0.9766 -0.0136
vn 0.5554 -0.8313 0.0228
vn 0.2153 -0.9763 -0.0228
vn 0.8437 -0.5366 0.0139
vn 0.5566 -0.8308 0.0046
vn 0.2141 -0.9768 -0.0046
vn 0.2142 -0.9768 -0.0045
vn -0.1970 -0.9803 -0.0139
vn -0.1957 -0.9798 -0.0416
vn -0.1932 -0.9787 -0.0692
vn -0.1894 -0.9771 -0.0968
vn -0.1895 -0.9771 -0.0967
vn 0.2166 -0.9757 -0.0318
vn 0.5541 -0.8318 0.0318
vn 0.5540 -0.8319 0.0316
vn 0.8362 -0.5398 0.0967
vn 0.8400 -0.5382 0.0692
vn 0.8425 -0.5371 0.0416
vn 0.5554 -0.8313 -0.0228
vn 0.5554 -0.8313 -0.0227
vn 0.2153 -0.9763 0.0228
vn 0.5562 -0.8309 -0.0137
vn 0.2145 -0.9766 0.0137
vn 0.2144 -0.9766 0.0137
vn 0.8362 -0.5398 -0.0967
vn 0.5541 -0.8318 -0.0318
vn 0.5543 -0.8317 -0.0320
vn 0.2166 -0.9757 0.0318
vn -0.1895 -0.9771 0.0967
vn -0.1894 -0.9771 0.0967
vn -0.1932 -0.9787 0.0692
vn -0.1957 -0.9798 0.0416
vn -0.1970 -0.9803 0.0139
vn 0.2142 -0.9768 0.0045
vn 0.5566 -0.8308 -0.0046
vn 0.8437 -0.5366 -0.0139
vn 0.8425 -0.5371 -0.0416
vn 0.8400 -0.5382 -0.0692
vn 0.5480 -0.8344 -0.0584
vn 0.5481 -0.8344 -0.0584
vn 0.2227 -0.9731 0.0584
vn 0.5504 -0.8334 -0.0497
vn 0.2203 -0.9742 0.0497
vn 0.8090 -0.5514 -0.2036
vn 0.5452 -0.8356 -0.0670
vn 0.2255 -0.9719 0.0670
vn -0.1622 -0.9655 0.2037
vn -0.1622 -0.9655 0.2036
vn -0.1709 -0.9692 0.1775
vn -0.1783 -0.9723 0.1509
vn -0.1845 -0.9750 0.1240
vn 0.2182 -0.9750 0.0408
vn 0.2182 -0.9750 0.0409
vn 0.5525 -0.8325 -0.0408
vn 0.8312 -0.5419 -0.1240
vn 0.8251 -0.5445 -0.1508
vn 0.8250 -0.5446 -0.1509
vn 0.8176 -0.5477 -0.1775
vn 0.5345 -0.8402 -0.0918
vn 0.5344 -0.8402 -0.0918
vn 0.2363 -0.9673 0.0918
vn 0.2362 -0.9673 0.0919
vn 0.5384 -0.8385 -0.0837
vn 0.5385 -0.8385 -0.0839
vn 0.2323 -0.9690 0.0837
vn 0.7631 -0.5709 -0.3027
vn 0.5301 -0.8421 -0.0996
vn 0.2406 -0.9655 0.0996
vn -0.1164 -0.9459 0.3027
vn -0.1164 -0.9460 0.3027
vn -0.1295 -0.9516 0.2789
vn -0.1415 -0.9567 0.2544
vn -0.1525 -0.9613 0.2293
vn 0.2287 -0.9706 0.0755
vn 0.5420 -0.8370 -0.0755
vn 0.7992 -0.5556 -0.2293
vn 0.7883 -0.5602 -0.2544
vn 0.7763 -0.5653 -0.2789
vn 0.7763 -0.5654 -0.2789
vn 0.5150 -0.8485 -0.1216
vn 0.5151 -0.8485 -0.1216
vn 0.2556 -0.9591 0.1216
vn 0.5204 -0.8462 -0.1146
vn 0.2502 -0.9614 0.1146
vn 0.2503 -0.9614 0.1146
vn 0.7004 -0.5977 -0.3901
vn 0.5094 -0.8509 -0.1284
vn 0.2613 -0.9567 0.1284
vn -0.0536 -0.9192 0.3901
vn -0.0707 -0.9265 0.3697
vn -0.0869 -0.9334 0.3481
vn -0.1022 -0.9399 0.3258
vn 0.2453 -0.9635 0.1072
vn 0.5254 -0.8441 -0.1072
vn 0.7489 -0.5770 -0.3258
vn 0.7337 -0.5835 -0.3481
vn 0.7175 -0.5904 -0.3696
vn 0.4908 -0.8588 -0.1468
vn 0.4907 -0.8589 -0.1468
vn 0.2801 -0.9487 0.1468
vn 0.2800 -0.9487 0.1468
vn 0.4972 -0.8561 -0.1410
vn 0.2735 -0.9515 0.1410
vn 0.6231 -0.6307 -0.4626
vn 0.4840 -0.8617 -0.1522
vn 0.2867 -0.9458 0.1523
vn 0.0237 -0.8862 0.4628
vn 0.0237 -0.8863 0.4626
vn 0.0031 -0.8950 0.4461
vn -0.0166 -0.9034 0.4285
vn -0.0355 -0.9115 0.4098
vn 0.2670 -0.9542 0.1349
vn 0.2672 -0.9542 0.1349
vn 0.5035 -0.8534 -0.1349
vn 0.6823 -0.6054 -0.4098
vn 0.6636 -0.6134 -0.4282
vn 0.6634 -0.6133 -0.4286
vn 0.6436 -0.6219 -0.4461
vn 0.4624 -0.8709 -0.1663
vn 0.3083 -0.9366 0.1663
vn 0.4698 -0.8678 -0.1620
vn 0.4698 -0.8678 -0.1619
vn 0.3009 -0.9398 0.1620
vn 0.5343 -0.6685 -0.5173
vn 0.4548 -0.8742 -0.1702
vn 0.3159 -0.9334 0.1702
vn 0.3161 -0.9334 0.1700
vn 0.1124 -0.8484 0.5173
vn 0.0893 -0.8582 0.5054
vn 0.0895 -0.8583 0.5053
vn 0.0668 -0.8679 0.4922
vn 0.0668 -0.8680 0.4921
vn 0.0449 -0.8772 0.4781
vn 0.2937 -0.9429 0.1573
vn 0.4770 -0.8647 -0.1573
vn 0.4771 -0.8646 -0.1574
vn 0.6018 -0.6397 -0.4781
vn 0.5799 -0.6491 -0.4923
vn 0.5799 -0.6492 -0.4922
vn 0.5574 -0.6587 -0.5054
vn 0.4310 -0.8843 -0.1795
vn 0.3397 -0.9233 0.1795
vn 0.4390 -0.8809 -0.1768
vn 0.4391 -0.8809 -0.1768
vn 0.3316 -0.9267 0.1768
vn 0.3317 -0.9267 0.1768
vn 0.4374 -0.7098 -0.5521
vn 0.4229 -0.8878 -0.1817
vn 0.3478 -0.9198 0.1817
vn 0.2093 -0.8071 0.5521
vn 0.1845 -0.8177 0.5453
vn 0.1601 -0.8281 0.5373
vn 0.1600 -0.8281 0.5373
vn 0.1361 -0.8383 0.5279
vn 0.3237 -0.9301 0.1738
vn 0.4470 -0.8775 -0.1737
vn 0.5108 -0.6786 -0.5279
vn 0.5107 -0.6786 -0.5279
vn 0.4866 -0.6888 -0.5374
vn 0.4867 -0.6889 -0.5372
vn 0.4622 -0.6993 -0.5453
vn 0.3980 -0.8984 -0.1857
vn 0.3727 -0.9092 0.1857
vn 0.4063 -0.8948 -0.1848
vn 0.3644 -0.9127 0.1848
vn 0.3362 -0.7530 -0.5657
vn 0.3362 -0.7529 -0.5657
vn 0.3896 -0.9020 -0.1862
vn 0.3811 -0.9056 0.1862
vn 0.3106 -0.7639 0.5657
vn 0.2851 -0.7748 0.5643
vn 0.2597 -0.7856 0.5616
vn 0.2344 -0.7964 0.5575
vn 0.3561 -0.9163 0.1835
vn 0.4146 -0.8913 -0.1835
vn 0.4123 -0.7205 -0.5575
vn 0.3871 -0.7313 -0.5616
vn 0.3872 -0.7313 -0.5616
vn 0.3617 -0.7421 -0.5643
vn 0.3618 -0.7421 -0.5643
vn 0.4124 -0.7205 0.5575
vn 0.3811 -0.9056 -0.1863
vn 0.3315 -0.9268 -0.1767
vn 0.4390 -0.8809 0.1768
vn 0.3397 -0.9232 -0.1795
vn 0.4311 -0.8843 0.1796
vn 0.3235 -0.9302 -0.1734
vn 0.3237 -0.9301 -0.1737
vn 0.4470 -0.8775 0.1737
vn 0.4374 -0.7098 0.5521
vn 0.4229 -0.8878 0.1816
vn 0.3478 -0.9198 -0.1818
vn 0.1845 -0.8176 -0.5454
vn 0.4698 -0.8678 0.1619
vn 0.4699 -0.8677 0.1620
vn 0.3083 -0.9366 -0.1664
vn 0.4624 -0.8709 0.1664
vn 0.4770 -0.8647 0.1572
vn 0.5800 -0.6491 0.4922
vn 0.3159 -0.9334 -0.1703
vn 0.0894 -0.8582 -0.5055
vn 0.0668 -0.8679 -0.4923
vn 0.2671 -0.9542 -0.1349
vn 0.4841 -0.8616 0.1523
vn 0.4840 -0.8617 0.1523
vn 0.0237 -0.8863 -0.4626
vn 0.2499 -0.9614 -0.1148
vn 0.5204 -0.8462 0.1145
vn 0.5150 -0.8485 0.1215
vn -0.0536 -0.9192 -0.3902
vn -0.1526 -0.9613 -0.2293
vn 0.5419 -0.8370 0.0755
vn 0.5301 -0.8421 0.0997
vn -0.1295 -0.9515 -0.2789
vn 0.8176 -0.5478 0.1775
vn -0.1623 -0.9655 -0.2036
vn -0.1709 -0.9692 -0.1775
vn 0.2145 -0.9766 -0.0137
vn 0.2147 -0.9766 -0.0138
vn 0.5554 -0.8313 0.0229
vn 0.2144 -0.9767 -0.0043
vn 0.8437 -0.5367 0.0139
vn 0.8364 -0.5395 0.0963
vn 0.5541 -0.8319 0.0317
vn -0.1932 -0.9787 -0.0693
vn 0.2147 -0.9766 0.0136
vn 0.5543 -0.8317 -0.0319
vn 0.8437 -0.5367 -0.0139
vn 0.2144 -0.9767 0.0043
vn -0.1957 -0.9798 0.0417
vn -0.1932 -0.9787 0.0693
vn 0.2228 -0.9731 0.0584
vn 0.2202 -0.9742 0.0497
vn -0.1622 -0.9655 0.2035
vn -0.1623 -0.9655 0.2036
vn 0.8176 -0.5478 -0.1775
vn 0.8250 -0.5446 -0.1508
vn 0.8312 -0.5419 -0.1241
vn 0.2182 -0.9751 0.0408
vn 0.5301 -0.8421 -0.0997
vn 0.7631 -0.5710 -0.3027
vn 0.7630 -0.5711 -0.3027
vn -0.1525 -0.9613 0.2294
vn -0.1295 -0.9516 0.2788
vn -0.1295 -0.9515 0.2789
vn 0.2555 -0.9591 0.1216
vn 0.2504 -0.9614 0.1145
vn 0.5204 -0.8462 -0.1145
vn -0.0537 -0.9192 0.3900
vn 0.7004 -0.5977 -0.3902
vn -0.0708 -0.9265 0.3696
vn 0.0237 -0.8862 0.4627
vn 0.0237 -0.8862 0.4626
vn 0.2867 -0.9459 0.1522
vn 0.2867 -0.9458 0.1522
vn 0.6633 -0.6135 -0.4285
vn 0.2672 -0.9541 0.1349
vn 0.2671 -0.9542 0.1350
vn 0.3083 -0.9367 0.1662
vn 0.4697 -0.8678 -0.1621
vn 0.3159 -0.9334 0.1703
vn 0.4770 -0.8647 -0.1572
vn 0.2937 -0.9429 0.1572
vn 0.0449 -0.8771 0.4781
vn 0.0668 -0.8678 0.4923
vn 0.0671 -0.8677 0.4925
vn 0.3397 -0.9232 0.1795
vn 0.3316 -0.9267 0.1767
vn 0.4867 -0.6888 -0.5373
vn 0.4866 -0.6888 -0.5373
vn 0.4469 -0.8775 -0.1738
vn 0.3235 -0.9302 0.1734
vn 0.3237 -0.9301 0.1737
vn 0.1601 -0.8281 0.5372
vn 0.3727 -0.9092 0.1856
vn 0.3105 -0.7639 0.5657
vn 0.3895 -0.9020 -0.1862
vn 0.3362 -0.7530 -0.5656
vn 0.3361 -0.7530 -0.5657
vn 0.3870 -0.7313 -0.5616
vn 0.2347 -0.7964 0.5573
vn 0.2850 -0.7747 0.5644
vn -0.3316 0.9267 0.1768
vn -0.3396 0.9233 0.1797
vn -0.3397 0.9233 0.1795
vn -0.4391 0.8809 -0.1768
vn -0.4310 0.8843 -0.1795
vn -0.1361 0.8383 0.5279
vn -0.1601 0.8281 0.5373
vn -0.1845 0.8177 0.5453
vn -0.2093 0.8071 0.5521
vn -0.3478 0.9198 0.1817
vn -0.4229 0.8878 -0.1817
vn -0.4228 0.8878 -0.1817
vn -0.4374 0.7098 -0.5521
vn -0.4622 0.6993 -0.5453
vn -0.4866 0.6888 -0.5373
vn -0.5107 0.6786 -0.5279
vn -0.4471 0.8774 -0.1738
vn -0.4470 0.8775 -0.1738
vn -0.3237 0.9301 0.1738
vn -0.3237 0.9300 0.1739
vn -0.3009 0.9398 0.1620
vn -0.3083 0.9366 0.1663
vn -0.4698 0.8678 -0.1620
vn -0.4625 0.8709 -0.1662
vn -0.4624 0.8709 -0.1663
vn -0.0449 0.8772 0.4781
vn -0.0669 0.8678 0.4923
vn -0.0668 0.8678 0.4923
vn -0.0893 0.8583 0.5054
vn -0.0893 0.8582 0.5055
vn -0.1124 0.8484 0.5173
vn -0.3159 0.9334 0.1703
vn -0.4547 0.8742 -0.1701
vn -0.4548 0.8742 -0.1702
vn -0.5343 0.6685 -0.5173
vn -0.5574 0.6587 -0.5054
vn -0.5799 0.6491 -0.4923
vn -0.5800 0.6491 -0.4922
vn -0.6018 0.6397 -0.4782
vn -0.6018 0.6397 -0.4781
vn -0.4770 0.8647 -0.1573
vn -0.2937 0.9429 0.1573
vn -0.2735 0.9515 0.1410
vn -0.2735 0.9515 0.1409
vn -0.2800 0.9487 0.1468
vn -0.4972 0.8561 -0.1410
vn -0.4907 0.8589 -0.1468
vn 0.0355 0.9115 0.4097
vn 0.0355 0.9115 0.4098
vn 0.0166 0.9034 0.4285
vn 0.0165 0.9034 0.4285
vn -0.0032 0.8950 0.4461
vn -0.0030 0.8950 0.4461
vn -0.0237 0.8863 0.4626
vn -0.2867 0.9458 0.1523
vn -0.4840 0.8617 -0.1522
vn -0.6231 0.6307 -0.4626
vn -0.6436 0.6219 -0.4461
vn -0.6634 0.6135 -0.4285
vn -0.6823 0.6054 -0.4098
vn -0.6822 0.6054 -0.4099
vn -0.5035 0.8534 -0.1349
vn -0.2672 0.9541 0.1349
vn -0.2672 0.9542 0.1349
vn -0.2503 0.9614 0.1146
vn -0.2556 0.9591 0.1216
vn -0.5204 0.8462 -0.1147
vn -0.5204 0.8462 -0.1146
vn -0.5149 0.8486 -0.1215
vn -0.5153 0.8484 -0.1216
vn 0.1022 0.9399 0.3258
vn 0.0869 0.9334 0.3481
vn 0.0708 0.9265 0.3696
vn 0.0536 0.9192 0.3901
vn -0.2613 0.9567 0.1284
vn -0.5094 0.8509 -0.1284
vn -0.7004 0.5977 -0.3902
vn -0.7175 0.5904 -0.3696
vn -0.7337 0.5835 -0.3481
vn -0.7337 0.5835 -0.3482
vn -0.7489 0.5770 -0.3258
vn -0.5253 0.8441 -0.1071
vn -0.5254 0.8441 -0.1071
vn -0.2454 0.9635 0.1072
vn -0.2453 0.9635 0.1072
vn -0.2323 0.9690 0.0837
vn -0.2363 0.9673 0.0919
vn -0.5385 0.8385 -0.0836
vn -0.5385 0.8385 -0.0837
vn -0.5344 0.8402 -0.0918
vn 0.1524 0.9613 0.2293
vn 0.1524 0.9614 0.2293
vn 0.1415 0.9567 0.2544
vn 0.1295 0.9516 0.2789
vn 0.1295 0.9515 0.2789
vn 0.1164 0.9460 0.3027
vn -0.2406 0.9655 0.0996
vn -0.5301 0.8421 -0.0996
vn -0.5300 0.8421 -0.0996
vn -0.7631 0.5710 -0.3027
vn -0.7632 0.5707 -0.3029
vn -0.7763 0.5654 -0.2789
vn -0.7762 0.5654 -0.2789
vn -0.7883 0.5602 -0.2544
vn -0.7992 0.5556 -0.2293
vn -0.5420 0.8370 -0.0755
vn -0.2287 0.9706 0.0755
vn -0.2203 0.9742 0.0497
vn -0.2227 0.9731 0.0584
vn -0.5504 0.8334 -0.0497
vn -0.5503 0.8335 -0.0497
vn -0.5480 0.8344 -0.0584
vn 0.1845 0.9750 0.1240
vn 0.1783 0.9723 0.1509
vn 0.1709 0.9692 0.1775
vn 0.1620 0.9656 0.2032
vn 0.1622 0.9655 0.2036
vn -0.2255 0.9719 0.0670
vn -0.5452 0.8356 -0.0670
vn -0.8090 0.5514 -0.2036
vn -0.8177 0.5476 -0.1775
vn -0.8176 0.5477 -0.1775
vn -0.8250 0.5446 -0.1510
vn -0.8250 0.5446 -0.1509
vn -0.8312 0.5419 -0.1240
vn -0.8313 0.5418 -0.1240
vn -0.5525 0.8325 -0.0407
vn -0.5525 0.8325 -0.0408
vn -0.2181 0.9751 0.0408
vn -0.2182 0.9751 0.0408
vn -0.2145 0.9766 0.0137
vn -0.2153 0.9763 0.0228
vn -0.5562 0.8309 -0.0138
vn -0.5562 0.8309 -0.0137
vn -0.5554 0.8313 -0.0228
vn 0.1970 0.9803 0.0139
vn 0.1957 0.9798 0.0416
vn 0.1932 0.9787 0.0692
vn 0.1895 0.9771 0.0967
vn -0.2166 0.9757 0.0318
vn -0.5541 0.8318 -0.0318
vn -0.8362 0.5399 -0.0967
vn -0.8365 0.5395 -0.0963
vn -0.8400 0.5382 -0.0692
vn -0.8425 0.5371 -0.0416
vn -0.8437 0.5366 -0.0139
vn -0.8437 0.5367 -0.0139
vn -0.5566 0.8308 -0.0046
vn -0.2141 0.9768 0.0046
vn -0.2140 0.9768 0.0046
vn -0.2153 0.9763 -0.0228
vn -0.2144 0.9766 -0.0137
vn -0.2145 0.9766 -0.0137
vn -0.5554 0.8313 0.0228
vn -0.5562 0.8309 0.0137
vn -0.5562 0.8309 0.0138
vn 0.1895 0.9771 -0.0967
vn 0.1895 0.9771 -0.0968
vn 0.1932 0.9787 -0.0692
vn 0.1957 0.9798 -0.0416
vn 0.1970 0.9803 -0.0139
vn -0.2140 0.9768 -0.0046
vn -0.2141 0.9768 -0.0046
vn -0.5566 0.8308 0.0046
vn -0.8437 0.5367 0.0139
vn -0.8437 0.5366 0.0139
vn -0.8425 0.5371 0.0416
vn -0.8400 0.5382 0.0693
vn -0.8400 0.5382 0.0692
vn -0.8362 0.5398 0.0967
vn -0.8362 0.5398 0.0968
vn -0.5541 0.8318 0.0319
vn -0.5541 0.8318 0.0318
vn -0.2166 0.9757 -0.0318
vn -0.2228 0.9731 -0.0584
vn -0.2227 0.9731 -0.0584
vn -0.2203 0.9742 -0.0497
vn -0.2203 0.9742 -0.0496
vn -0.5480 0.8344 0.0584
vn -0.5504 0.8334 0.0497
vn -0.5503 0.8335 0.0497
vn 0.1622 0.9655 -0.2036
vn 0.1620 0.9656 -0.2032
vn 0.1709 0.9692 -0.1775
vn 0.1783 0.9723 -0.1509
vn 0.1845 0.9750 -0.1240
vn -0.2182 0.9750 -0.0408
vn -0.5525 0.8325 0.0408
vn -0.8312 0.5419 0.1240
vn -0.8312 0.5419 0.1241
vn -0.8250 0.5446 0.1510
vn -0.8176 0.5477 0.1775
vn -0.8090 0.5514 0.2036
vn -0.5452 0.8356 0.0670
vn -0.5451 0.8357 0.0669
vn -0.2255 0.9719 -0.0670
vn -0.2363 0.9673 -0.0918
vn -0.2323 0.9690 -0.0837
vn -0.5344 0.8402 0.0918
vn -0.5384 0.8385 0.0837
vn 0.1164 0.9460 -0.3027
vn 0.1295 0.9515 -0.2789
vn 0.1415 0.9567 -0.2544
vn 0.1416 0.9567 -0.2544
vn 0.1525 0.9613 -0.2293
vn -0.2287 0.9706 -0.0755
vn -0.2287 0.9706 -0.0756
vn -0.5420 0.8370 0.0755
vn -0.7992 0.5556 0.2293
vn -0.7992 0.5557 0.2293
vn -0.7883 0.5602 0.2544
vn -0.7763 0.5654 0.2789
vn -0.7631 0.5710 0.3027
vn -0.7631 0.5710 0.3026
vn -0.5301 0.8421 0.0996
vn -0.5300 0.8421 0.0996
vn -0.2406 0.9655 -0.0996
vn -0.2556 0.9591 -0.1215
vn -0.2556 0.9591 -0.1216
vn -0.2503 0.9614 -0.1146
vn -0.2504 0.9613 -0.1146
vn -0.5152 0.8484 0.1216
vn -0.5150 0.8485 0.1216
vn -0.5204 0.8462 0.1146
vn 0.0536 0.9192 -0.3901
vn 0.0708 0.9265 -0.3696
vn 0.0869 0.9334 -0.3481
vn 0.1022 0.9399 -0.3258
vn -0.2453 0.9635 -0.1072
vn -0.5252 0.8443 0.1069
vn -0.5254 0.8441 0.1072
vn -0.7489 0.5770 0.3258
vn -0.7337 0.5835 0.3481
vn -0.7175 0.5904 0.3696
vn -0.7177 0.5904 0.3694
vn -0.7004 0.5977 0.3902
vn -0.5094 0.8509 0.1284
vn -0.2613 0.9567 -0.1284
vn -0.2800 0.9487 -0.1468
vn -0.2735 0.9515 -0.1410
vn -0.4908 0.8588 0.1468
vn -0.4907 0.8589 0.1468
vn -0.4972 0.8561 0.1410
vn -0.4972 0.8561 0.1411
vn -0.0237 0.8862 -0.4626
vn -0.0030 0.8950 -0.4461
vn -0.0031 0.8950 -0.4461
vn 0.0165 0.9034 -0.4285
vn 0.0166 0.9034 -0.4285
vn 0.0355 0.9115 -0.4098
vn -0.2672 0.9542 -0.1348
vn -0.2670 0.9542 -0.1349
vn -0.5035 0.8534 0.1349
vn -0.6823 0.6054 0.4098
vn -0.6634 0.6135 0.4285
vn -0.6436 0.6219 0.4461
vn -0.6231 0.6307 0.4626
vn -0.4840 0.8617 0.1522
vn -0.2867 0.9458 -0.1522
vn -0.3083 0.9366 -0.1663
vn -0.3009 0.9398 -0.1620
vn -0.4624 0.8709 0.1663
vn -0.4698 0.8678 0.1619
vn -0.4698 0.8678 0.1620
vn -0.1124 0.8484 -0.5173
vn -0.0893 0.8582 -0.5055
vn -0.0893 0.8583 -0.5054
vn -0.0668 0.8678 -0.4923
vn -0.0668 0.8678 -0.4924
vn -0.0449 0.8772 -0.4781
vn -0.0448 0.8772 -0.4781
vn -0.2937 0.9429 -0.1573
vn -0.4770 0.8647 0.1573
vn -0.6018 0.6397 0.4781
vn -0.5799 0.6491 0.4923
vn -0.5574 0.6587 0.5054
vn -0.5343 0.6685 0.5173
vn -0.4548 0.8742 0.1702
vn -0.4548 0.8742 0.1703
vn -0.3160 0.9334 -0.1703
vn -0.3159 0.9334 -0.1703
vn -0.3397 0.9233 -0.1794
vn -0.3396 0.9233 -0.1795
vn -0.3316 0.9267 -0.1768
vn -0.4311 0.8843 0.1795
vn -0.4310 0.8843 0.1795
vn -0.4391 0.8809 0.1768
vn -0.4390 0.8809 0.1767
vn -0.2093 0.8071 -0.5521
vn -0.1845 0.8177 -0.5453
vn -0.1601 0.8281 -0.5373
vn -0.1361 0.8383 -0.5279
vn -0.3237 0.9301 -0.1736
vn -0.3237 0.9301 -0.1737
vn -0.4470 0.8775 0.1737
vn -0.5107 0.6786 0.5279
vn -0.5107 0.6786 0.5278
vn -0.4866 0.6888 0.5373
vn -0.4622 0.6993 0.5453
vn -0.4374 0.7098 0.5521
vn -0.4229 0.8878 0.1817
vn -0.3477 0.9198 -0.1817
vn -0.3478 0.9198 -0.1817
vn -0.3727 0.9092 -0.1857
vn -0.3644 0.9127 -0.1848
vn -0.3645 0.9126 -0.1851
vn -0.3980 0.8984 0.1857
vn -0.4062 0.8949 0.1848
vn -0.4063 0.8948 0.1848
vn -0.3106 0.7639 -0.5657
vn -0.2851 0.7748 -0.5643
vn -0.2597 0.7856 -0.5616
vn -0.2345 0.7963 -0.5575
vn -0.2344 0.7964 -0.5575
vn -0.3562 0.9162 -0.1835
vn -0.3561 0.9163 -0.1835
vn -0.4146 0.8913 0.1835
vn -0.4125 0.7205 0.5575
vn -0.4124 0.7205 0.5575
vn -0.3871 0.7313 0.5616
vn -0.3870 0.7313 0.5616
vn -0.3617 0.7421 0.5643
vn -0.3361 0.7530 0.5658
vn -0.3362 0.7530 0.5657
vn -0.3896 0.9020 0.1862
vn -0.3811 0.9056 -0.1862
vn -0.3645 0.9127 0.1847
vn -0.4124 0.7205 -0.5575
vn -0.3361 0.7530 -0.5657
vn -0.3105 0.7638 0.5659
vn -0.2850 0.7748 0.5643
vn -0.4147 0.8913 -0.1835
vn -0.4390 0.8809 -0.1768
vn -0.3397 0.9232 0.1795
vn -0.4867 0.6888 -0.5373
vn -0.4375 0.7098 -0.5521
vn -0.3477 0.9198 0.1820
vn -0.4469 0.8776 -0.1736
vn -0.4698 0.8678 -0.1619
vn -0.3082 0.9367 0.1663
vn -0.5799 0.6491 -0.4922
vn -0.4548 0.8742 -0.1703
vn -0.3159 0.9334 0.1704
vn -0.3160 0.9334 0.1703
vn -0.0894 0.8582 0.5054
vn -0.0893 0.8582 0.5054
vn -0.6633 0.6135 -0.4285
vn -0.2867 0.9459 0.1522
vn -0.2867 0.9458 0.1522
vn -0.0237 0.8862 0.4626
vn -0.0031 0.8950 0.4461
vn 0.0354 0.9115 0.4098
vn -0.2672 0.9541 0.1350
vn -0.5149 0.8486 -0.1217
vn -0.5151 0.8485 -0.1216
vn -0.7491 0.5768 -0.3259
vn -0.7004 0.5976 -0.3902
vn 0.1021 0.9399 0.3258
vn -0.5254 0.8441 -0.1072
vn -0.5384 0.8385 -0.0837
vn -0.2363 0.9673 0.0918
vn -0.7760 0.5656 -0.2791
vn -0.7631 0.5711 -0.3026
vn 0.1525 0.9613 0.2293
vn -0.2204 0.9741 0.0497
vn -0.8313 0.5419 -0.1240
vn -0.8177 0.5477 -0.1775
vn 0.1623 0.9655 0.2036
vn -0.2182 0.9750 0.0408
vn -0.2144 0.9766 0.0137
vn -0.8425 0.5371 -0.0417
vn -0.8362 0.5398 -0.0967
vn 0.1899 0.9770 0.0968
vn -0.5554 0.8312 0.0229
vn -0.5563 0.8309 0.0137
vn -0.8425 0.5371 0.0417
vn -0.2140 0.9768 -0.0045
vn -0.5541 0.8318 0.0317
vn -0.2204 0.9741 -0.0497
vn -0.8177 0.5477 0.1775
vn -0.8177 0.5476 0.1774
vn -0.8250 0.5446 0.1509
vn -0.8313 0.5419 0.1240
vn 0.1623 0.9655 -0.2036
vn -0.5385 0.8385 0.0837
vn -0.7631 0.5709 0.3027
vn -0.7762 0.5655 0.2788
vn -0.7760 0.5656 0.2791
vn 0.1295 0.9516 -0.2789
vn 0.1164 0.9459 -0.3027
vn -0.5150 0.8486 0.1215
vn -0.5204 0.8462 0.1145
vn -0.2503 0.9614 -0.1147
vn -0.7004 0.5976 0.3902
vn -0.5253 0.8441 0.1072
vn -0.2454 0.9635 -0.1072
vn 0.0536 0.9192 -0.3902
vn -0.4971 0.8561 0.1410
vn -0.6633 0.6135 0.4285
vn -0.2673 0.9541 -0.1349
vn -0.2673 0.9541 -0.1348
vn -0.0032 0.8950 -0.4461
vn -0.4624 0.8709 0.1664
vn -0.0667 0.8680 -0.4921
vn -0.0893 0.8582 -0.5054
vn -0.3159 0.9334 -0.1704
vn -0.4547 0.8742 0.1701
vn -0.4390 0.8809 0.1768
vn -0.3397 0.9233 -0.1795
vn -0.3398 0.9232 -0.1796
vn -0.4470 0.8775 0.1738
vn -0.3237 0.9301 -0.1738
vn -0.3238 0.9300 -0.1739
vn -0.1601 0.8280 -0.5373
vn -0.3477 0.9198 -0.1820
vn -0.3481 0.9197 -0.1818
vn -0.3726 0.9092 -0.1856
vn -0.3869 0.7314 0.5615
vn -0.4123 0.7205 0.5575
vn -0.3106 0.7639 -0.5656
vn -0.3811 0.9056 -0.1861
vn 0.9362 0.2326 -0.2636
vn 0.9232 0.2271 -0.3099
vn 0.8160 0.5145 -0.2636
vn 0.8031 0.5090 -0.3099
vn 0.8031 0.5090 -0.3098
vn 0.9746 -0.1167 -0.1910
vn 0.9746 -0.1166 -0.1911
vn 0.9651 -0.1207 -0.2326
vn 0.9536 -0.1255 -0.2735
vn 0.9404 -0.1312 -0.3138
vn 0.9082 0.2207 -0.3556
vn 0.7880 0.5026 -0.3555
vn 0.7880 0.5026 -0.3556
vn 0.5564 0.7694 -0.3138
vn 0.5697 0.7750 -0.2735
vn 0.5811 0.7799 -0.2326
vn 0.5812 0.7798 -0.2326
vn 0.5906 0.7840 -0.1911
vn 0.8268 0.5191 -0.2166
vn 0.9470 0.2372 -0.2166
vn 0.9470 0.2372 -0.2165
vn -0.0068 -0.1695 0.9855
vn -0.0512 -0.1884 0.9808
vn -0.1270 0.1124 0.9855
vn -0.1713 0.0935 0.9808
vn 0.1722 -0.4588 0.8717
vn 0.1723 -0.4587 0.8717
vn 0.1330 -0.4755 0.8696
vn 0.0938 -0.4922 0.8654
vn 0.0549 -0.5087 0.8592
vn -0.0953 -0.2072 0.9736
vn -0.2155 0.0747 0.9736
vn -0.3291 0.3918 0.8592
vn -0.2902 0.4084 0.8654
vn -0.2510 0.4251 0.8696
vn -0.2117 0.4419 0.8717
vn -0.2119 0.4420 0.8716
vn -0.0824 0.1314 0.9879
vn 0.0377 -0.1505 0.9879
vn 0.8720 0.2052 0.4443
vn 0.8720 0.2052 0.4444
vn 0.8511 0.1963 0.4870
vn 0.8510 0.1963 0.4870
vn 0.7519 0.4871 0.4443
vn 0.7518 0.4871 0.4443
vn 0.7308 0.4782 0.4871
vn 0.9253 -0.1376 0.3534
vn 0.9085 -0.1448 0.3921
vn 0.8899 -0.1527 0.4298
vn 0.8697 -0.1610 0.4667
vn 0.8697 -0.1613 0.4665
vn 0.8281 0.1865 0.5286
vn 0.7079 0.4684 0.5286
vn 0.4857 0.7392 0.4665
vn 0.5059 0.7479 0.4298
vn 0.5245 0.7558 0.3921
vn 0.5413 0.7630 0.3534
vn 0.7709 0.4953 0.4005
vn 0.8911 0.2134 0.4005
vn 0.8720 0.2052 -0.4443
vn 0.8721 0.2052 -0.4442
vn 0.8510 0.1963 -0.4870
vn 0.7518 0.4871 -0.4443
vn 0.7519 0.4871 -0.4443
vn 0.7308 0.4782 -0.4870
vn 0.9253 -0.1376 -0.3534
vn 0.9085 -0.1448 -0.3921
vn 0.8899 -0.1527 -0.4298
vn 0.8697 -0.1613 -0.4665
vn 0.8281 0.1865 -0.5286
vn 0.7079 0.4684 -0.5286
vn 0.4857 0.7392 -0.4665
vn 0.5059 0.7479 -0.4298
vn 0.5245 0.7558 -0.3921
vn 0.5413 0.7629 -0.3534
vn 0.7709 0.4953 -0.4005
vn 0.8911 0.2134 -0.4005
vn -0.0068 -0.1695 -0.9855
vn -0.0512 -0.1884 -0.9808
vn -0.1270 0.1124 -0.9855
vn -0.1713 0.0935 -0.9808
vn 0.1723 -0.4587 -0.8717
vn 0.1330 -0.4755 -0.8696
vn 0.0938 -0.4921 -0.8655
vn 0.0549 -0.5088 -0.8591
vn 0.0549 -0.5088 -0.8592
vn -0.0953 -0.2072 -0.9736
vn -0.2155 0.0747 -0.9736
vn -0.3291 0.3918 -0.8592
vn -0.2902 0.4084 -0.8654
vn -0.2510 0.4251 -0.8696
vn -0.2117 0.4419 -0.8717
vn -0.0824 0.1314 -0.9879
vn 0.0377 -0.1505 -0.9879
vn 0.9362 0.2326 0.2636
vn 0.9232 0.2271 0.3099
vn 0.9233 0.2270 0.3099
vn 0.8160 0.5145 0.2636
vn 0.8031 0.5088 0.3100
vn 0.8031 0.5090 0.3099
vn 0.9746 -0.1166 0.1911
vn 0.9651 -0.1207 0.2326
vn 0.9536 -0.1255 0.2735
vn 0.9404 -0.1312 0.3137
vn 0.9082 0.2207 0.3556
vn 0.7880 0.5026 0.3556
vn 0.5564 0.7694 0.3138
vn 0.5697 0.7750 0.2735
vn 0.5811 0.7799 0.2326
vn 0.5906 0.7840 0.1911
vn 0.8268 0.5191 0.2166
vn 0.9470 0.2372 0.2166
vn 0.7767 0.1646 -0.6080
vn 0.7767 0.1645 -0.6080
vn 0.7484 0.1525 -0.6454
vn 0.6565 0.4465 -0.6080
vn 0.6282 0.4344 -0.6454
vn 0.8478 -0.1707 -0.5021
vn 0.8243 -0.1807 -0.5365
vn 0.7994 -0.1913 -0.5695
vn 0.7730 -0.2026 -0.6012
vn 0.7185 0.1398 -0.6814
vn 0.5983 0.4217 -0.6814
vn 0.3890 0.6980 -0.6012
vn 0.4153 0.7093 -0.5696
vn 0.4154 0.7093 -0.5695
vn 0.4403 0.7199 -0.5365
vn 0.4638 0.7299 -0.5021
vn 0.6831 0.4578 -0.5690
vn 0.8033 0.1759 -0.5690
vn -0.1824 -0.2443 -0.9524
vn -0.2250 -0.2625 -0.9383
vn -0.3026 0.0376 -0.9524
vn -0.3452 0.0194 -0.9383
vn 0.0162 -0.5252 -0.8508
vn -0.0220 -0.5415 -0.8404
vn -0.0596 -0.5576 -0.8280
vn -0.0966 -0.5733 -0.8136
vn -0.0967 -0.5734 -0.8135
vn -0.2670 -0.2804 -0.9220
vn -0.3872 0.0015 -0.9220
vn -0.4806 0.3272 -0.8136
vn -0.4436 0.3430 -0.8280
vn -0.4060 0.3591 -0.8404
vn -0.4060 0.3591 -0.8403
vn -0.3678 0.3753 -0.8508
vn -0.2593 0.0560 -0.9642
vn -0.1391 -0.2259 -0.9642
vn 0.9666 0.2456 0.0727
vn 0.9623 0.2437 0.1209
vn 0.8465 0.5275 0.0727
vn 0.8421 0.5256 0.1209
vn 0.9939 -0.1084 0.0214
vn 0.9919 -0.1092 0.0642
vn 0.9919 -0.1092 0.0643
vn 0.9881 -0.1109 0.1067
vn 0.9823 -0.1133 0.1490
vn 0.9557 0.2409 0.1689
vn 0.8356 0.5228 0.1689
vn 0.8355 0.5229 0.1689
vn 0.5983 0.7873 0.1490
vn 0.6041 0.7897 0.1067
vn 0.6080 0.7914 0.0642
vn 0.6099 0.7922 0.0214
vn 0.8486 0.5284 0.0243
vn 0.9688 0.2465 0.0243
vn 0.6538 0.1122 -0.7483
vn 0.6195 0.0975 -0.7789
vn 0.6194 0.0976 -0.7790
vn 0.5336 0.3944 -0.7482
vn 0.5336 0.3941 -0.7483
vn 0.4992 0.3794 -0.7790
vn 0.7451 -0.2145 -0.6316
vn 0.7450 -0.2145 -0.6316
vn 0.7159 -0.2269 -0.6603
vn 0.6855 -0.2399 -0.6874
vn 0.6539 -0.2535 -0.7129
vn 0.6541 -0.2536 -0.7127
vn 0.5835 0.0822 -0.8079
vn 0.4634 0.3641 -0.8079
vn 0.2699 0.6472 -0.7129
vn 0.3015 0.6607 -0.6874
vn 0.3319 0.6737 -0.6602
vn 0.3319 0.6737 -0.6603
vn 0.3611 0.6861 -0.6316
vn 0.3612 0.6861 -0.6315
vn 0.5667 0.4082 -0.7157
vn 0.6869 0.1263 -0.7157
vn -0.3487 -0.3152 -0.8826
vn -0.3486 -0.3152 -0.8827
vn -0.3879 -0.3320 -0.8598
vn -0.4688 -0.0333 -0.8827
vn -0.4689 -0.0333 -0.8826
vn -0.4688 -0.0334 -0.8827
vn -0.5081 -0.0501 -0.8598
vn -0.1331 -0.5889 -0.7972
vn -0.1687 -0.6041 -0.7789
vn -0.2034 -0.6189 -0.7587
vn -0.2033 -0.6189 -0.7587
vn -0.2371 -0.6333 -0.7367
vn -0.4262 -0.3483 -0.8349
vn -0.5464 -0.0664 -0.8349
vn -0.6211 0.2673 -0.7367
vn -0.5873 0.2817 -0.7587
vn -0.5527 0.2965 -0.7789
vn -0.5170 0.3118 -0.7972
vn -0.5171 0.3117 -0.7972
vn -0.4285 -0.0161 -0.9034
vn -0.3083 -0.2980 -0.9034
vn 0.9623 0.2437 -0.1209
vn 0.9666 0.2456 -0.0727
vn 0.8421 0.5256 -0.1209
vn 0.8465 0.5275 -0.0727
vn 0.9823 -0.1133 -0.1490
vn 0.9824 -0.1131 -0.1488
vn 0.9881 -0.1109 -0.1067
vn 0.9919 -0.1092 -0.0643
vn 0.9919 -0.1092 -0.0642
vn 0.9939 -0.1084 -0.0214
vn 0.9688 0.2465 -0.0243
vn 0.8486 0.5284 -0.0243
vn 0.6099 0.7922 -0.0214
vn 0.6099 0.7922 -0.0213
vn 0.6080 0.7914 -0.0642
vn 0.6041 0.7897 -0.1067
vn 0.5983 0.7873 -0.1490
vn 0.8356 0.5228 -0.1689
vn 0.8355 0.5228 -0.1689
vn 0.9557 0.2410 -0.1689
vn 0.5080 0.0501 -0.8599
vn 0.5081 0.0501 -0.8598
vn 0.4689 0.0333 -0.8826
vn 0.4690 0.0334 -0.8826
vn 0.3879 0.3320 -0.8598
vn 0.3486 0.3152 -0.8827
vn 0.3486 0.3149 -0.8828
vn 0.6211 -0.2677 -0.7366
vn 0.6211 -0.2673 -0.7367
vn 0.5873 -0.2817 -0.7587
vn 0.5527 -0.2965 -0.7789
vn 0.5527 -0.2964 -0.7789
vn 0.5171 -0.3117 -0.7972
vn 0.4285 0.0161 -0.9034
vn 0.3083 0.2980 -0.9034
vn 0.1331 0.5889 -0.7972
vn 0.1331 0.5888 -0.7972
vn 0.1687 0.6041 -0.7788
vn 0.1687 0.6041 -0.7789
vn 0.2034 0.6188 -0.7587
vn 0.2034 0.6189 -0.7587
vn 0.2371 0.6333 -0.7367
vn 0.4262 0.3483 -0.8349
vn 0.5464 0.0664 -0.8349
vn 0.5464 0.0663 -0.8349
vn -0.4992 -0.3794 -0.7790
vn -0.5336 -0.3944 -0.7482
vn -0.5336 -0.3941 -0.7483
vn -0.6194 -0.0975 -0.7790
vn -0.6538 -0.1122 -0.7483
vn -0.2699 -0.6472 -0.7129
vn -0.3015 -0.6607 -0.6874
vn -0.3319 -0.6737 -0.6603
vn -0.3611 -0.6861 -0.6316
vn -0.5667 -0.4082 -0.7157
vn -0.6870 -0.1263 -0.7156
vn -0.6869 -0.1263 -0.7157
vn -0.7451 0.2145 -0.6316
vn -0.7450 0.2145 -0.6316
vn -0.7159 0.2269 -0.6603
vn -0.6855 0.2399 -0.6874
vn -0.6539 0.2534 -0.7129
vn -0.5835 -0.0822 -0.8079
vn -0.4634 -0.3641 -0.8079
vn 0.9537 -0.1255 -0.2735
vn 0.9746 -0.1166 -0.1912
vn 0.5565 0.7693 -0.3138
vn 0.3452 -0.0194 -0.9383
vn 0.3026 -0.0376 -0.9524
vn 0.2250 0.2625 -0.9383
vn 0.1824 0.2443 -0.9524
vn 0.4806 -0.3272 -0.8136
vn 0.4436 -0.3430 -0.8280
vn 0.4060 -0.3591 -0.8404
vn 0.3678 -0.3753 -0.8508
vn 0.2593 -0.0560 -0.9642
vn 0.1391 0.2259 -0.9642
vn -0.0161 0.5252 -0.8508
vn -0.0162 0.5253 -0.8508
vn 0.0220 0.5415 -0.8404
vn 0.0596 0.5576 -0.8280
vn 0.0967 0.5734 -0.8136
vn 0.2670 0.2804 -0.9220
vn 0.3872 -0.0015 -0.9220
vn -0.6282 -0.4345 -0.6455
vn -0.6283 -0.4344 -0.6454
vn -0.6565 -0.4465 -0.6079
vn -0.6565 -0.4464 -0.6080
vn -0.7484 -0.1525 -0.6454
vn -0.7767 -0.1646 -0.6080
vn -0.3890 -0.6980 -0.6012
vn -0.4155 -0.7093 -0.5695
vn -0.4154 -0.7093 -0.5695
vn -0.4403 -0.7199 -0.5365
vn -0.4638 -0.7299 -0.5021
vn -0.4639 -0.7299 -0.5021
vn -0.6831 -0.4578 -0.5690
vn -0.6831 -0.4582 -0.5688
vn -0.8033 -0.1759 -0.5690
vn -0.8478 0.1707 -0.5021
vn -0.8243 0.1807 -0.5365
vn -0.7994 0.1913 -0.5696
vn -0.7994 0.1913 -0.5695
vn -0.7730 0.2026 -0.6012
vn -0.7185 -0.1398 -0.6813
vn -0.7184 -0.1398 -0.6814
vn -0.5983 -0.4217 -0.6814
vn -0.5983 -0.4216 -0.6814
vn 0.8720 0.2053 -0.4443
vn 0.7309 0.4781 -0.4870
vn 0.8899 -0.1526 -0.4298
vn 0.5412 0.7630 -0.3535
vn 0.5413 0.7630 -0.3534
vn 0.5245 0.7558 -0.3920
vn 0.1713 -0.0935 -0.9808
vn 0.1270 -0.1124 -0.9855
vn 0.0511 0.1884 -0.9808
vn 0.0068 0.1695 -0.9855
vn 0.3291 -0.3918 -0.8592
vn 0.2902 -0.4084 -0.8654
vn 0.2510 -0.4251 -0.8696
vn 0.2511 -0.4251 -0.8696
vn 0.2116 -0.4420 -0.8717
vn 0.2117 -0.4419 -0.8717
vn 0.0824 -0.1314 -0.9879
vn -0.0377 0.1505 -0.9879
vn -0.1723 0.4587 -0.8717
vn -0.1330 0.4755 -0.8696
vn -0.0938 0.4921 -0.8655
vn -0.0549 0.5088 -0.8591
vn -0.0549 0.5087 -0.8592
vn 0.0953 0.2072 -0.9736
vn 0.2155 -0.0748 -0.9736
vn 0.2155 -0.0747 -0.9736
vn -0.7308 -0.4782 -0.4871
vn -0.7308 -0.4782 -0.4870
vn -0.7518 -0.4871 -0.4443
vn -0.7519 -0.4871 -0.4443
vn -0.8511 -0.1963 -0.4870
vn -0.8510 -0.1963 -0.4870
vn -0.8720 -0.2053 -0.4443
vn -0.8720 -0.2054 -0.4443
vn -0.4858 -0.7392 -0.4665
vn -0.4857 -0.7392 -0.4665
vn -0.5059 -0.7479 -0.4298
vn -0.5245 -0.7557 -0.3922
vn -0.5245 -0.7558 -0.3921
vn -0.5413 -0.7630 -0.3534
vn -0.5412 -0.7630 -0.3534
vn -0.7709 -0.4953 -0.4005
vn -0.8911 -0.2134 -0.4005
vn -0.9253 0.1376 -0.3534
vn -0.9085 0.1448 -0.3921
vn -0.8899 0.1527 -0.4298
vn -0.8899 0.1528 -0.4299
vn -0.8697 0.1613 -0.4664
vn -0.8697 0.1613 -0.4665
vn -0.8281 -0.1865 -0.5286
vn -0.7079 -0.4684 -0.5286
vn 0.7486 0.1525 -0.6453
vn 0.6283 0.4344 -0.6454
vn 0.7730 -0.2025 -0.6012
vn 0.7185 0.1397 -0.6813
vn -0.8030 -0.5090 -0.3100
vn -0.8031 -0.5090 -0.3099
vn -0.8160 -0.5145 -0.2636
vn -0.9231 -0.2272 -0.3101
vn -0.9232 -0.2271 -0.3099
vn -0.9362 -0.2326 -0.2636
vn -0.5564 -0.7694 -0.3138
vn -0.5697 -0.7750 -0.2735
vn -0.5811 -0.7799 -0.2326
vn -0.5906 -0.7840 -0.1911
vn -0.8268 -0.5191 -0.2166
vn -0.9470 -0.2371 -0.2166
vn -0.9470 -0.2372 -0.2166
vn -0.9746 0.1166 -0.1911
vn -0.9651 0.1207 -0.2326
vn -0.9536 0.1256 -0.2735
vn -0.9404 0.1312 -0.3138
vn -0.9082 -0.2207 -0.3556
vn -0.7880 -0.5026 -0.3556
vn 0.6194 0.0975 -0.7790
vn 0.6539 -0.2534 -0.7129
vn 0.6855 -0.2400 -0.6874
vn 0.7160 -0.2269 -0.6602
vn 0.2699 0.6473 -0.7129
vn -0.8421 -0.5256 -0.1209
vn -0.8464 -0.5275 -0.0727
vn -0.8465 -0.5274 -0.0727
vn -0.9623 -0.2437 -0.1209
vn -0.9666 -0.2456 -0.0727
vn -0.5982 -0.7873 -0.1490
vn -0.5983 -0.7873 -0.1490
vn -0.6041 -0.7897 -0.1067
vn -0.6042 -0.7897 -0.1067
vn -0.6079 -0.7914 -0.0642
vn -0.6080 -0.7914 -0.0642
vn -0.6099 -0.7922 -0.0214
vn -0.8486 -0.5284 -0.0243
vn -0.9688 -0.2465 -0.0243
vn -0.9939 0.1085 -0.0215
vn -0.9939 0.1084 -0.0214
vn -0.9920 0.1091 -0.0642
vn -0.9919 0.1092 -0.0642
vn -0.9881 0.1109 -0.1067
vn -0.9823 0.1133 -0.1490
vn -0.9557 -0.2409 -0.1689
vn -0.8355 -0.5228 -0.1689
vn 0.4688 0.0333 -0.8827
vn 0.3485 0.3152 -0.8827
vn 0.5171 -0.3116 -0.7972
vn 0.2032 0.6189 -0.7587
vn 0.4284 0.0163 -0.9034
vn -0.8465 -0.5275 0.0727
vn -0.8465 -0.5274 0.0727
vn -0.8421 -0.5256 0.1209
vn -0.9666 -0.2456 0.0727
vn -0.9623 -0.2437 0.1209
vn -0.6099 -0.7922 0.0214
vn -0.6080 -0.7914 0.0642
vn -0.6041 -0.7897 0.1067
vn -0.5983 -0.7873 0.1490
vn -0.8355 -0.5228 0.1689
vn -0.9557 -0.2409 0.1689
vn -0.9823 0.1133 0.1490
vn -0.9881 0.1109 0.1067
vn -0.9920 0.1091 0.0642
vn -0.9919 0.1092 0.0642
vn -0.9939 0.1085 0.0215
vn -0.9939 0.1085 0.0214
vn -0.9688 -0.2465 0.0243
vn -0.8486 -0.5284 0.0243
vn 0.2253 0.2624 -0.9383
vn 0.3874 -0.0015 -0.9219
vn 0.0966 0.5734 -0.8136
vn 0.0967 0.5734 -0.8135
vn 0.0220 0.5414 -0.8405
vn -0.0162 0.5252 -0.8508
vn -0.8160 -0.5145 0.2636
vn -0.8031 -0.5090 0.3099
vn -0.8031 -0.5089 0.3099
vn -0.9362 -0.2326 0.2636
vn -0.9233 -0.2271 0.3099
vn -0.9232 -0.2271 0.3099
vn -0.5906 -0.7840 0.1911
vn -0.5811 -0.7799 0.2326
vn -0.5697 -0.7750 0.2735
vn -0.5564 -0.7694 0.3138
vn -0.7880 -0.5026 0.3556
vn -0.9082 -0.2207 0.3556
vn -0.9404 0.1312 0.3138
vn -0.9536 0.1255 0.2735
vn -0.9651 0.1207 0.2326
vn -0.9746 0.1166 0.1911
vn -0.9470 -0.2372 0.2166
vn -0.8268 -0.5191 0.2166
vn 0.1713 -0.0936 -0.9808
vn 0.2509 -0.4250 -0.8697
vn -0.0938 0.4922 -0.8654
vn -0.7518 -0.4871 0.4443
vn -0.7518 -0.4872 0.4443
vn -0.7308 -0.4782 0.4871
vn -0.8720 -0.2053 0.4443
vn -0.8720 -0.2052 0.4443
vn -0.8510 -0.1963 0.4871
vn -0.8511 -0.1963 0.4870
vn -0.5413 -0.7630 0.3534
vn -0.5412 -0.7630 0.3534
vn -0.5245 -0.7558 0.3920
vn -0.5245 -0.7558 0.3921
vn -0.5059 -0.7479 0.4298
vn -0.4857 -0.7392 0.4665
vn -0.7079 -0.4684 0.5286
vn -0.8281 -0.1865 0.5286
vn -0.8697 0.1613 0.4664
vn -0.8697 0.1613 0.4665
vn -0.8899 0.1527 0.4298
vn -0.9085 0.1448 0.3921
vn -0.9253 0.1376 0.3534
vn -0.9253 0.1377 0.3534
vn -0.8911 -0.2134 0.4005
vn -0.7709 -0.4953 0.4005
vn -0.1712 0.0936 -0.9808
vn -0.1270 0.1123 -0.9855
vn 0.0549 -0.5087 -0.8592
vn 0.0938 -0.4922 -0.8654
vn 0.1724 -0.4587 -0.8717
vn -0.2116 0.4419 -0.8718
vn -0.6565 -0.4465 0.6080
vn -0.6565 -0.4466 0.6079
vn -0.6282 -0.4344 0.6455
vn -0.6282 -0.4344 0.6454
vn -0.7767 -0.1645 0.6080
vn -0.7767 -0.1646 0.6080
vn -0.7484 -0.1525 0.6454
vn -0.4639 -0.7299 0.5021
vn -0.4638 -0.7299 0.5021
vn -0.4403 -0.7199 0.5365
vn -0.4155 -0.7093 0.5695
vn -0.4154 -0.7093 0.5695
vn -0.3890 -0.6980 0.6012
vn -0.3890 -0.6980 0.6013
vn -0.5983 -0.4217 0.6814
vn -0.7185 -0.1398 0.6814
vn -0.7185 -0.1397 0.6814
vn -0.7730 0.2026 0.6012
vn -0.7994 0.1914 0.5696
vn -0.7994 0.1913 0.5696
vn -0.8243 0.1807 0.5365
vn -0.8243 0.1807 0.5366
vn -0.8478 0.1708 0.5021
vn -0.8478 0.1707 0.5021
vn -0.8033 -0.1759 0.5690
vn -0.6831 -0.4578 0.5690
vn -0.0965 -0.5733 -0.8136
vn -0.0966 -0.5734 -0.8136
vn -0.0591 -0.5576 -0.8280
vn -0.2593 0.0561 -0.9642
vn -0.3872 0.0016 -0.9220
vn -0.5336 -0.3941 0.7483
vn -0.4992 -0.3794 0.7790
vn -0.6538 -0.1122 0.7483
vn -0.6535 -0.1123 0.7485
vn -0.6194 -0.0975 0.7790
vn -0.6194 -0.0974 0.7790
vn -0.3611 -0.6861 0.6316
vn -0.3319 -0.6737 0.6603
vn -0.3015 -0.6607 0.6874
vn -0.3015 -0.6607 0.6875
vn -0.2699 -0.6472 0.7129
vn -0.4634 -0.3641 0.8079
vn -0.5836 -0.0821 0.8079
vn -0.5835 -0.0822 0.8079
vn -0.6539 0.2534 0.7129
vn -0.6855 0.2399 0.6874
vn -0.7159 0.2269 0.6603
vn -0.7450 0.2145 0.6316
vn -0.7451 0.2145 0.6316
vn -0.6869 -0.1263 0.7157
vn -0.5667 -0.4082 0.7157
vn -0.3485 -0.3152 -0.8827
vn -0.4688 -0.0332 -0.8827
vn -0.2371 -0.6332 -0.7367
vn -0.5873 0.2817 -0.7588
vn -0.3879 -0.3320 0.8598
vn -0.3486 -0.3152 0.8827
vn -0.5081 -0.0501 0.8598
vn -0.4688 -0.0333 0.8827
vn -0.2371 -0.6333 0.7367
vn -0.2033 -0.6189 0.7587
vn -0.1687 -0.6041 0.7789
vn -0.1331 -0.5889 0.7972
vn -0.3083 -0.2980 0.9034
vn -0.4285 -0.0161 0.9034
vn -0.5171 0.3117 0.7972
vn -0.5527 0.2965 0.7789
vn -0.5873 0.2817 0.7587
vn -0.6211 0.2673 0.7367
vn -0.5464 -0.0665 0.8349
vn -0.5464 -0.0664 0.8349
vn -0.4262 -0.3483 0.8349
vn -0.3014 -0.6608 -0.6874
vn -0.2250 -0.2625 0.9383
vn -0.1824 -0.2443 0.9524
vn -0.3452 0.0194 0.9383
vn -0.3026 0.0376 0.9524
vn -0.0966 -0.5734 0.8136
vn -0.0596 -0.5576 0.8280
vn -0.0220 -0.5415 0.8404
vn 0.0162 -0.5252 0.8508
vn -0.1390 -0.2259 0.9642
vn -0.1391 -0.2259 0.9642
vn -0.2593 0.0560 0.9642
vn -0.3678 0.3753 0.8508
vn -0.3678 0.3752 0.8508
vn -0.4060 0.3591 0.8404
vn -0.4436 0.3430 0.8280
vn -0.4806 0.3272 0.8136
vn -0.3872 0.0015 0.9220
vn -0.3871 0.0015 0.9220
vn -0.2670 -0.2804 0.9220
vn -0.6565 -0.4465 -0.6080
vn -0.6282 -0.4344 -0.6454
vn -0.3890 -0.6979 -0.6013
vn -0.7185 -0.1398 -0.6814
vn -0.8033 -0.1759 -0.5691
vn -0.6830 -0.4579 -0.5690
vn -0.0511 -0.1884 0.9808
vn -0.1270 0.1123 0.9855
vn 0.0549 -0.5088 0.8592
vn -0.7519 -0.4871 -0.4444
vn -0.7518 -0.4871 -0.4444
vn -0.7307 -0.4783 -0.4871
vn -0.5412 -0.7630 -0.3535
vn -0.5245 -0.7558 -0.3920
vn -0.8697 0.1614 -0.4664
vn -0.8911 -0.2135 -0.4005
vn 0.1270 -0.1124 0.9855
vn 0.1270 -0.1123 0.9855
vn 0.1713 -0.0935 0.9808
vn 0.0068 0.1695 0.9855
vn 0.0511 0.1884 0.9808
vn 0.2117 -0.4419 0.8717
vn 0.2115 -0.4422 0.8716
vn 0.2510 -0.4251 0.8696
vn 0.2902 -0.4085 0.8654
vn 0.3291 -0.3918 0.8592
vn 0.2155 -0.0747 0.9736
vn 0.0953 0.2072 0.9736
vn -0.0549 0.5088 0.8592
vn -0.0549 0.5088 0.8591
vn -0.0938 0.4921 0.8655
vn -0.0938 0.4922 0.8654
vn -0.1330 0.4755 0.8696
vn -0.1723 0.4587 0.8717
vn -0.0377 0.1505 0.9879
vn 0.0824 -0.1314 0.9879
vn -0.8030 -0.5091 -0.3099
vn -0.9233 -0.2270 -0.3099
vn -0.5906 -0.7840 -0.1910
vn -0.5697 -0.7750 -0.2736
vn -0.9536 0.1255 -0.2735
vn -0.9746 0.1165 -0.1911
vn 0.3026 -0.0376 0.9524
vn 0.3452 -0.0195 0.9383
vn 0.3452 -0.0194 0.9383
vn 0.1824 0.2443 0.9524
vn 0.2250 0.2625 0.9383
vn 0.3678 -0.3753 0.8508
vn 0.4060 -0.3591 0.8404
vn 0.4437 -0.3430 0.8279
vn 0.4436 -0.3430 0.8280
vn 0.4806 -0.3272 0.8136
vn 0.3872 -0.0015 0.9220
vn 0.2670 0.2804 0.9220
vn 0.0966 0.5734 0.8136
vn 0.0597 0.5576 0.8279
vn 0.0596 0.5576 0.8280
vn 0.0220 0.5416 0.8404
vn 0.0220 0.5415 0.8404
vn -0.0162 0.5252 0.8508
vn 0.1391 0.2259 0.9642
vn 0.2593 -0.0560 0.9642
vn -0.8465 -0.5275 -0.0727
vn -0.5984 -0.7872 -0.1491
vn -0.9919 0.1093 -0.0643
vn 0.4689 0.0333 0.8826
vn 0.4690 0.0334 0.8826
vn 0.5081 0.0501 0.8598
vn 0.5082 0.0501 0.8598
vn 0.3486 0.3152 0.8827
vn 0.3486 0.3149 0.8828
vn 0.3879 0.3320 0.8598
vn 0.5171 -0.3117 0.7972
vn 0.5527 -0.2964 0.7789
vn 0.5527 -0.2965 0.7789
vn 0.5873 -0.2817 0.7587
vn 0.6211 -0.2673 0.7367
vn 0.5464 0.0664 0.8349
vn 0.4262 0.3483 0.8349
vn 0.2371 0.6333 0.7367
vn 0.2033 0.6189 0.7587
vn 0.1687 0.6040 0.7789
vn 0.1687 0.6041 0.7789
vn 0.1331 0.5889 0.7972
vn 0.3082 0.2980 0.9034
vn 0.3083 0.2980 0.9034
vn 0.4285 0.0161 0.9034
vn -0.5984 -0.7872 0.1490
vn -0.6040 -0.7898 0.1067
vn -0.9939 0.1084 0.0214
vn -0.9824 0.1131 0.1489
vn -0.9557 -0.2410 0.1688
vn 0.6194 0.0975 0.7790
vn 0.6538 0.1122 0.7483
vn 0.4990 0.3794 0.7791
vn 0.4992 0.3794 0.7790
vn 0.5336 0.3941 0.7483
vn 0.6541 -0.2536 0.7127
vn 0.6539 -0.2534 0.7129
vn 0.6855 -0.2399 0.6874
vn 0.7159 -0.2269 0.6603
vn 0.7450 -0.2144 0.6316
vn 0.7450 -0.2145 0.6316
vn 0.6869 0.1263 0.7157
vn 0.5667 0.4082 0.7157
vn 0.3611 0.6861 0.6316
vn 0.3318 0.6736 0.6604
vn 0.3319 0.6737 0.6603
vn 0.3015 0.6608 0.6874
vn 0.2699 0.6472 0.7129
vn 0.4634 0.3641 0.8079
vn 0.5835 0.0822 0.8079
vn -0.9232 -0.2271 0.3101
vn -0.9362 -0.2326 0.2635
vn -0.5697 -0.7750 0.2736
vn -0.9470 -0.2372 0.2167
vn -0.9536 0.1256 0.2735
vn -0.9537 0.1256 0.2734
vn 0.7484 0.1525 0.6454
vn 0.7767 0.1646 0.6080
vn 0.6282 0.4344 0.6454
vn 0.6565 0.4465 0.6080
vn 0.7730 -0.2026 0.6012
vn 0.7994 -0.1913 0.5695
vn 0.8243 -0.1807 0.5365
vn 0.8478 -0.1707 0.5021
vn 0.8033 0.1759 0.5690
vn 0.6831 0.4578 0.5690
vn 0.4638 0.7299 0.5021
vn 0.4403 0.7199 0.5365
vn 0.4154 0.7093 0.5695
vn 0.3890 0.6980 0.6012
vn 0.5983 0.4217 0.6814
vn 0.7185 0.1398 0.6814
vn -0.7518 -0.4872 0.4444
vn -0.7518 -0.4871 0.4444
vn -0.8510 -0.1963 0.4870
vn -0.8721 -0.2053 0.4443
vn -0.4858 -0.7392 0.4665
vn -0.5412 -0.7630 0.3535
vn -0.7708 -0.4954 0.4005
vn -0.8278 -0.1865 0.5291
vn 0.2902 -0.4084 0.8654
vn 0.2510 -0.4251 0.8697
vn 0.2116 -0.4420 0.8717
vn -0.0549 0.5087 0.8592
vn 0.8721 0.2052 0.4443
vn 0.5413 0.7630 0.3533
vn 0.5245 0.7557 0.3921
vn 0.4857 0.7393 0.4665
vn -0.6282 -0.4345 0.6454
vn -0.7485 -0.1525 0.6454
vn -0.3890 -0.6981 0.6011
vn -0.6831 -0.4578 0.5691
vn -0.7994 0.1913 0.5695
vn -0.7733 0.2022 0.6010
vn 0.3452 -0.0193 0.9383
vn 0.0967 0.5734 0.8136
vn 0.2671 0.2805 0.9219
vn 0.3874 -0.0015 0.9219
vn 0.9232 0.2271 0.3100
vn 0.8031 0.5089 0.3098
vn 0.9404 -0.1312 0.3138
vn 0.5815 0.7796 0.2325
vn -0.3015 -0.6608 0.6874
vn -0.5667 -0.4083 0.7156
vn -0.5835 -0.0823 0.8079
vn 0.4684 0.0331 0.8829
vn 0.4688 0.0333 0.8827
vn 0.3485 0.3152 0.8827
vn 0.3485 0.3151 0.8828
vn 0.6212 -0.2673 0.7367
vn 0.5171 -0.3116 0.7972
vn 0.1689 0.6040 0.7789
vn 0.9623 0.2438 0.1209
vn 0.8464 0.5275 0.0727
vn 0.9824 -0.1132 0.1489
vn 0.9939 -0.1084 0.0213
vn 0.6042 0.7897 0.1067
vn 0.8355 0.5228 0.1689
vn -0.1333 -0.5889 0.7971
vn 0.7451 -0.2144 0.6316
vn 0.2700 0.6472 0.7129
vn 0.3015 0.6607 0.6874
vn 0.6868 0.1263 0.7157
vn 0.9557 0.2409 -0.1689
vn 0.5984 0.7872 -0.1490
vn 0.6042 0.7897 -0.1067
vn -0.3026 0.0374 0.9524
vn -0.3452 0.0193 0.9383
vn -0.0591 -0.5576 0.8280
vn -0.0967 -0.5734 0.8136
vn -0.0967 -0.5733 0.8136
vn -0.2670 -0.2805 0.9220
vn -0.4060 0.3592 0.8403
vn -0.4061 0.3591 0.8403
vn -0.3679 0.3753 0.8508
vn -0.2594 0.0561 0.9641
vn 0.6283 0.4344 0.6454
vn 0.5982 0.4217 0.6814
vn 0.4154 0.7094 0.5693
vn 0.4155 0.7092 0.5696
vn 0.3933 -0.9194 -0.0000
vn 0.3930 -0.9195 0.0001
vn 0.3932 -0.9194 -0.0000
vn 0.3932 -0.9195 0.0001
vn 0.3930 -0.9195 -0.0001
vn 0.3931 -0.9195 -0.0002
vn 0.3934 -0.9194 -0.0001
vn 0.3933 -0.9194 -0.0001
vn 0.3933 -0.9194 0.0001
vn 0.3934 -0.9194 -0.0000
vn 0.3934 -0.9194 0.0001
vn 0.1218 0.9915 -0.0461
vn 0.1219 0.9915 -0.0461
vn 0.4571 0.1957 -0.8676
vn 0.4571 0.1955 -0.8676
vn 0.0964 0.0411 0.9945
vn 0.0965 0.0412 0.9945
vn -0.7299 -0.3123 0.6080
vn -0.7298 -0.3122 0.6082
vn 0.2842 0.1215 -0.9510
vn 0.2840 0.1216 -0.9511
vn 0.2839 0.1213 0.9512
vn 0.2840 0.1219 0.9510
vn -0.6071 -0.2595 0.7511
vn -0.6072 -0.2599 0.7508
vn 0.0964 0.0414 -0.9945
vn 0.0966 0.0413 -0.9945
vn 0.4570 0.1955 0.8677
vn 0.4569 0.1954 0.8678
vn -0.4570 -0.1955 0.8677
vn -0.4570 -0.1954 0.8678
vn -0.0965 -0.0413 -0.9945
vn -0.0964 -0.0413 -0.9945
vn 0.6073 0.2598 0.7508
vn -0.2841 -0.1217 0.9510
vn -0.2842 -0.1216 0.9510
vn -0.2843 -0.1213 -0.9510
vn -0.2838 -0.1216 -0.9511
vn 0.7299 0.3123 0.6080
vn -0.0964 -0.0413 0.9945
vn -0.4570 -0.1955 -0.8677
vn 0.8228 0.3520 0.4462
vn 0.8227 0.3520 0.4463
vn -0.6072 -0.2598 -0.7509
vn 0.8846 0.3785 0.2724
vn 0.8846 0.3786 0.2724
vn -0.7299 -0.3123 -0.6080
vn -0.7299 -0.3124 -0.6080
vn 0.9155 0.3917 0.0915
vn -0.8227 -0.3521 -0.4463
vn 0.9156 0.3916 -0.0915
vn 0.9155 0.3917 -0.0915
vn -0.8846 -0.3784 -0.2724
vn -0.8846 -0.3785 -0.2724
vn 0.8846 0.3785 -0.2724
vn 0.8847 0.3784 -0.2724
vn -0.9155 -0.3917 -0.0915
vn -0.9155 -0.3917 -0.0916
vn 0.8228 0.3520 -0.4462
vn 0.8227 0.3520 -0.4463
vn -0.9156 -0.3915 0.0916
vn -0.9155 -0.3917 0.0915
vn 0.7301 0.3121 -0.6079
vn -0.8848 -0.3782 0.2723
vn -0.8846 -0.3784 0.2725
vn 0.6072 0.2598 -0.7509
vn -0.8227 -0.3521 0.4463
vn -0.8227 -0.3520 0.4463
vn 0.6235 -0.7524 -0.2124
vn 0.6235 -0.7524 -0.2123
vn -0.7844 0.6050 -0.1368
vn -0.7844 0.6049 -0.1368
vn -0.7845 0.6049 -0.1368
vn 0.1042 0.9851 -0.1368
vn -0.8012 0.5966 -0.0461
vn -0.8012 0.5967 -0.0461
vn 0.0695 0.9724 -0.2226
vn -0.8012 0.5966 0.0461
vn -0.8011 0.5967 0.0461
vn 0.0189 0.9536 -0.3006
vn 0.0190 0.9536 -0.3005
vn -0.7845 0.6049 0.1368
vn -0.7844 0.6049 0.1368
vn -0.0460 0.9289 -0.3674
vn -0.0460 0.9290 -0.3673
vn -0.7513 0.6213 0.2226
vn -0.7513 0.6212 0.2226
vn -0.1227 0.8990 -0.4204
vn -0.2991 0.8269 0.4761
vn -0.2990 0.8268 0.4764
vn -0.7025 0.6451 0.3006
vn -0.7027 0.6449 0.3005
vn -0.2083 0.8646 -0.4572
vn -0.2082 0.8645 -0.4575
vn -0.2083 0.8646 0.4573
vn -0.2085 0.8647 0.4570
vn -0.6401 0.6747 0.3674
vn -0.6402 0.6747 0.3673
vn -0.2991 0.8269 -0.4762
vn -0.1222 0.8992 0.4201
vn -0.1226 0.8990 0.4205
vn -0.5655 0.7095 0.4204
vn -0.3915 0.7875 -0.4760
vn -0.3915 0.7876 -0.4759
vn -0.0457 0.9289 0.3676
vn -0.0461 0.9289 0.3675
vn -0.4815 0.7477 0.4572
vn -0.4816 0.7477 0.4572
vn -0.4816 0.7477 -0.4572
vn 0.0189 0.9536 0.3006
vn 0.0190 0.9535 0.3008
vn -0.3914 0.7873 0.4765
vn -0.3915 0.7873 0.4763
vn -0.5655 0.7096 -0.4204
vn -0.5655 0.7095 -0.4204
vn 0.0695 0.9724 0.2226
vn 0.0696 0.9724 0.2226
vn -0.6401 0.6748 -0.3674
vn -0.6401 0.6747 -0.3674
vn 0.1041 0.9851 0.1368
vn 0.1042 0.9851 0.1368
vn -0.7027 0.6449 -0.3005
vn 0.1218 0.9915 0.0461
vn -0.7513 0.6213 -0.2226
vn 0.2841 0.1215 -0.9511
vn 0.2841 0.1216 -0.9510
vn 0.0528 -0.9939 0.0969
vn 0.5787 -0.7732 -0.2592
vn 0.0776 -0.9844 0.1576
vn 0.0776 -0.9845 0.1576
vn 0.5257 -0.7974 -0.2962
vn 0.5257 -0.7975 -0.2962
vn 0.4029 -0.8518 0.3348
vn 0.4029 -0.8518 0.3349
vn 0.1135 -0.9706 0.2124
vn 0.1136 -0.9706 0.2124
vn 0.4663 -0.8240 -0.3217
vn 0.4663 -0.8240 0.3217
vn 0.1596 -0.9525 0.2593
vn 0.1596 -0.9525 0.2592
vn 0.4029 -0.8518 -0.3348
vn 0.4029 -0.8518 -0.3349
vn 0.5257 -0.7974 0.2962
vn 0.5257 -0.7974 0.2963
vn 0.2138 -0.9309 0.2962
vn 0.2139 -0.9309 0.2962
vn 0.3379 -0.8796 -0.3348
vn 0.3379 -0.8795 -0.3350
vn 0.5788 -0.7732 0.2592
vn 0.5787 -0.7732 0.2592
vn 0.2740 -0.9063 0.3217
vn 0.2740 -0.9063 -0.3217
vn 0.2740 -0.9063 -0.3218
vn 0.6235 -0.7524 0.2124
vn 0.3379 -0.8796 0.3348
vn 0.3380 -0.8796 0.3348
vn 0.2138 -0.9309 -0.2962
vn 0.6585 -0.7359 0.1576
vn 0.1595 -0.9526 -0.2592
vn 0.1596 -0.9525 -0.2592
vn 0.6824 -0.7245 0.0969
vn 0.1136 -0.9706 -0.2124
vn 0.1136 -0.9706 -0.2123
vn 0.6945 -0.7187 0.0327
vn 0.0776 -0.9844 -0.1576
vn 0.0775 -0.9845 -0.1576
vn 0.6947 -0.7186 -0.0327
vn 0.6946 -0.7187 -0.0327
vn 0.0528 -0.9939 -0.0969
vn 0.6824 -0.7245 -0.0969
vn 0.6825 -0.7245 -0.0969
vn 0.0402 -0.9987 -0.0327
vn 0.6585 -0.7359 -0.1576
vn 0.0402 -0.9987 0.0327
vn -0.4814 0.7503 -0.4532
vn -0.4812 0.7504 -0.4531
vn 0.2841 0.1216 0.9510
vn 0.2841 0.1215 0.9511
vn -0.6072 -0.2598 0.7509
vn -0.6072 -0.2598 0.7508
vn 0.0964 0.0412 -0.9945
vn 0.0968 0.0413 -0.9944
vn 0.4572 0.1956 0.8676
vn -0.4573 -0.1956 0.8675
vn -0.4572 -0.1955 0.8676
vn -0.0963 -0.0413 -0.9945
vn -0.0964 -0.0412 -0.9945
vn 0.6072 0.2598 0.7509
vn 0.6071 0.2596 0.7510
vn -0.2841 -0.1216 -0.9510
vn -0.2842 -0.1216 -0.9510
vn 0.7300 0.3123 0.6079
vn 0.7299 0.3122 0.6081
vn -0.0962 -0.0412 0.9945
vn -0.0964 -0.0412 0.9945
vn -0.4571 -0.1955 -0.8677
vn 0.8228 0.3520 0.4463
vn -0.6071 -0.2597 -0.7510
vn 0.8846 0.3784 0.2726
vn 0.8846 0.3784 0.2724
vn -0.7300 -0.3123 -0.6079
vn 0.9155 0.3917 0.0916
vn -0.8227 -0.3520 -0.4463
vn -0.8228 -0.3520 -0.4463
vn -0.8846 -0.3786 -0.2723
vn -0.8846 -0.3784 -0.2726
vn 0.8846 0.3785 -0.2723
vn 0.8228 0.3520 -0.4463
vn 0.8227 0.3522 -0.4462
vn -0.9155 -0.3917 0.0916
vn -0.9155 -0.3918 0.0912
vn 0.7298 0.3122 -0.6083
vn 0.7299 0.3123 -0.6080
vn -0.8847 -0.3785 0.2720
vn -0.8845 -0.3787 0.2725
vn 0.6071 0.2597 -0.7510
vn 0.4570 0.1955 -0.8677
vn 0.4571 0.1955 -0.8677
vn 0.0968 0.0413 0.9944
vn 0.0964 0.0412 0.9945
vn -0.7299 -0.3124 0.6080
vn -0.7298 -0.3122 0.6083
vn -0.0843 -0.9362 -0.3413
vn -0.0840 -0.9362 -0.3414
vn 0.0147 0.9546 0.2976
vn 0.0146 0.9545 0.2978
vn -0.3921 0.7897 0.4718
vn -0.3920 0.7898 0.4717
vn -0.5644 0.7127 -0.4165
vn -0.5646 0.7125 -0.4166
vn 0.0648 0.9732 0.2205
vn 0.0649 0.9732 0.2207
vn -0.6384 0.6782 -0.3640
vn -0.6384 0.6782 -0.3641
vn 0.0991 0.9858 0.1355
vn 0.0992 0.9858 0.1356
vn -0.7004 0.6487 -0.2978
vn -0.7004 0.6486 -0.2978
vn 0.1166 0.9921 0.0459
vn 0.1166 0.9921 0.0456
vn -0.7486 0.6253 -0.2205
vn -0.7486 0.6252 -0.2206
vn 0.1167 0.9921 -0.0459
vn 0.1166 0.9921 -0.0456
vn -0.7815 0.6089 -0.1356
vn -0.7814 0.6091 -0.1355
vn 0.0991 0.9858 -0.1356
vn -0.7981 0.6008 -0.0457
vn -0.7982 0.6007 -0.0457
vn 0.0648 0.9732 -0.2206
vn 0.0649 0.9731 -0.2209
vn -0.7980 0.6009 0.0457
vn -0.7981 0.6007 0.0457
vn 0.0146 0.9545 -0.2978
vn -0.7814 0.6091 0.1355
vn -0.7815 0.6090 0.1355
vn -0.0497 0.9301 -0.3640
vn -0.7486 0.6253 0.2206
vn -0.7486 0.6253 0.2207
vn -0.1257 0.9004 -0.4165
vn -0.1258 0.9004 -0.4165
vn -0.3005 0.8290 0.4717
vn -0.7004 0.6486 0.2978
vn -0.7004 0.6487 0.2976
vn -0.2105 0.8663 -0.4530
vn -0.2104 0.8663 -0.4531
vn -0.2105 0.8663 0.4531
vn -0.2105 0.8663 0.4529
vn -0.6384 0.6781 0.3641
vn -0.6383 0.6782 0.3640
vn -0.3005 0.8290 -0.4717
vn -0.1257 0.9004 0.4165
vn -0.5644 0.7127 0.4165
vn -0.5644 0.7126 0.4166
vn -0.3917 0.7898 -0.4720
vn -0.3918 0.7898 -0.4719
vn -0.0498 0.9301 0.3640
vn -0.0497 0.9301 0.3640
vn -0.4812 0.7505 0.4530
vn -0.9155 -0.3918 -0.0915
vn 0.8459 -0.5307 0.0523
vn 0.8459 -0.5308 0.0523
vn -0.1415 -0.9572 -0.2526
vn -0.1415 -0.9571 -0.2527
vn 0.8459 -0.5307 -0.0523
vn 0.8460 -0.5307 -0.0523
vn -0.1804 -0.9713 -0.1551
vn -0.1805 -0.9713 -0.1551
vn 0.8272 -0.5401 -0.1551
vn -0.2004 -0.9783 -0.0523
vn 0.7900 -0.5587 -0.2527
vn 0.7899 -0.5587 -0.2527
vn -0.2005 -0.9783 0.0524
vn -0.2008 -0.9782 0.0525
vn 0.7353 -0.5855 -0.3413
vn 0.7352 -0.5857 -0.3412
vn -0.1805 -0.9713 0.1551
vn 0.6645 -0.6196 -0.4177
vn 0.6645 -0.6197 -0.4176
vn -0.1415 -0.9571 0.2527
vn -0.1415 -0.9572 0.2526
vn 0.5801 -0.6593 -0.4784
vn 0.3823 -0.7481 0.5424
vn 0.3822 -0.7482 0.5423
vn -0.0841 -0.9362 0.3413
vn -0.0843 -0.9362 0.3412
vn 0.4848 -0.7027 -0.5207
vn 0.4847 -0.7028 -0.5207
vn 0.4850 -0.7026 0.5207
vn 0.4848 -0.7028 0.5207
vn -0.0106 -0.9084 0.4179
vn -0.0108 -0.9085 0.4177
vn 0.3826 -0.7480 -0.5423
vn 0.3823 -0.7482 -0.5423
vn 0.5801 -0.6593 0.4784
vn 0.0762 -0.8748 0.4784
vn 0.0763 -0.8748 0.4784
vn 0.2770 -0.7932 -0.5423
vn 0.2771 -0.7932 -0.5422
vn 0.6645 -0.6196 0.4178
vn 0.6646 -0.6196 0.4177
vn 0.1737 -0.8360 0.5206
vn 0.1737 -0.8359 0.5206
vn 0.1737 -0.8360 -0.5206
vn 0.1737 -0.8359 -0.5206
vn 0.7353 -0.5855 0.3413
vn 0.2773 -0.7932 0.5422
vn 0.2772 -0.7931 0.5423
vn 0.0762 -0.8748 -0.4784
vn 0.7899 -0.5587 0.2527
vn 0.7900 -0.5587 0.2527
vn -0.0103 -0.9087 -0.4174
vn -0.0109 -0.9086 -0.4175
vn 0.8272 -0.5401 0.1551
vn -0.7937 0.5491 0.2618
vn 0.8228 0.3519 -0.4463
vn -0.9156 -0.3916 0.0915
vn -0.9156 -0.3917 0.0914
vn 0.7299 0.3122 -0.6081
vn -0.8846 -0.3784 0.2724
vn -0.8846 -0.3785 0.2724
vn -0.8227 -0.3521 0.4464
vn -0.8228 -0.3518 0.4463
vn 0.4569 0.1955 -0.8678
vn 0.4570 0.1952 -0.8678
vn 0.0966 0.0414 0.9945
vn 0.0965 0.0413 0.9945
vn -0.7300 -0.3123 0.6079
vn -0.7300 -0.3124 0.6079
vn 0.2842 0.1216 -0.9510
vn 0.2842 0.1216 0.9510
vn -0.6071 -0.2597 0.7510
vn 0.0964 0.0413 -0.9945
vn 0.0965 0.0413 -0.9945
vn 0.4569 0.1956 0.8677
vn -0.4569 -0.1955 0.8678
vn -0.2844 -0.1218 0.9509
vn -0.2844 -0.1218 -0.9509
vn -0.0966 -0.0414 0.9945
vn -0.6074 -0.2597 -0.7507
vn 0.8846 0.3784 0.2725
vn -0.7299 -0.3121 -0.6081
vn 0.9156 0.3916 0.0914
vn -0.8228 -0.3519 -0.4463
vn 0.9156 0.3916 -0.0914
vn 0.8845 0.3789 -0.2722
vn -0.0605 -0.9911 -0.1182
vn -0.1661 0.9238 -0.3449
vn -0.2969 0.8454 0.4440
vn -0.7313 0.5873 0.3468
vn -0.2244 0.8884 -0.4004
vn -0.2244 0.8884 0.4004
vn -0.6536 0.6344 0.4128
vn -0.2969 0.8454 -0.4440
vn -0.1661 0.9238 0.3449
vn -0.5653 0.6872 0.4563
vn -0.3810 0.7960 -0.4704
vn -0.1223 0.9514 0.2825
vn -0.4723 0.7422 0.4754
vn -0.4723 0.7422 -0.4754
vn -0.0919 0.9717 0.2177
vn -0.3810 0.7960 0.4704
vn -0.5653 0.6872 -0.4563
vn -0.0725 0.9855 0.1534
vn -0.6536 0.6344 -0.4128
vn -0.0615 0.9940 0.0908
vn -0.7313 0.5873 -0.3468
vn -0.0566 0.9979 0.0300
vn -0.7937 0.5491 -0.2618
vn -0.0566 0.9979 -0.0300
vn -0.8371 0.5223 -0.1628
vn -0.0615 0.9940 -0.0908
vn -0.8593 0.5085 -0.0553
vn -0.8593 0.5085 -0.0552
vn -0.0725 0.9855 -0.1534
vn -0.8595 0.5082 0.0549
vn -0.8593 0.5085 0.0552
vn -0.0919 0.9717 -0.2177
vn -0.8371 0.5223 0.1628
vn -0.1223 0.9514 -0.2825
vn -0.9155 -0.2967 0.2717
vn 0.7042 -0.7010 -0.1131
vn 0.7042 -0.7009 -0.1132
vn -0.0763 -0.9963 -0.0399
vn -0.0764 -0.9963 -0.0399
vn 0.6766 -0.7130 -0.1842
vn 0.6765 -0.7130 -0.1842
vn -0.0764 -0.9963 0.0399
vn 0.6359 -0.7304 -0.2492
vn 0.6359 -0.7305 -0.2491
vn -0.0604 -0.9912 0.1181
vn -0.0605 -0.9911 0.1182
vn 0.5835 -0.7526 -0.3052
vn 0.5835 -0.7526 -0.3051
vn -0.0293 -0.9810 0.1920
vn 0.5208 -0.7785 -0.3502
vn 0.5208 -0.7785 -0.3503
vn 0.3735 -0.8372 0.3996
vn 0.3734 -0.8371 0.3997
vn 0.0161 -0.9659 0.2583
vn 0.0160 -0.9659 0.2584
vn 0.4501 -0.8072 -0.3818
vn 0.4500 -0.8071 -0.3822
vn 0.4500 -0.8071 0.3823
vn 0.4499 -0.8072 0.3822
vn 0.0737 -0.9464 0.3144
vn 0.0736 -0.9464 0.3144
vn 0.3734 -0.8371 -0.3998
vn 0.3735 -0.8371 -0.3997
vn 0.5209 -0.7784 0.3503
vn 0.5208 -0.7786 0.3500
vn 0.1412 -0.9229 0.3581
vn 0.1413 -0.9230 0.3580
vn 0.2943 -0.8672 -0.4016
vn 0.5835 -0.7526 0.3053
vn 0.5835 -0.7525 0.3053
vn 0.2158 -0.8962 0.3876
vn 0.2158 -0.8961 0.3878
vn 0.2157 -0.8962 -0.3876
vn 0.2158 -0.8963 -0.3875
vn 0.6359 -0.7305 0.2491
vn 0.2943 -0.8672 0.4016
vn 0.1412 -0.9229 -0.3582
vn 0.1413 -0.9229 -0.3581
vn 0.6766 -0.7130 0.1842
vn 0.6765 -0.7130 0.1842
vn 0.0737 -0.9464 -0.3144
vn 0.0738 -0.9465 -0.3143
vn 0.7042 -0.7009 0.1132
vn 0.7042 -0.7010 0.1131
vn 0.0159 -0.9659 -0.2585
vn 0.0161 -0.9659 -0.2584
vn 0.7180 -0.6950 0.0382
vn 0.7181 -0.6949 0.0381
vn -0.0293 -0.9810 -0.1920
vn -0.0294 -0.9810 -0.1920
vn 0.7181 -0.6949 -0.0381
vn 0.7180 -0.6950 -0.0381
vn -0.6444 0.6291 0.4347
vn 0.6292 0.2039 -0.7500
vn -0.8518 -0.2759 0.4453
vn -0.8517 -0.2760 0.4454
vn 0.4739 0.1536 -0.8671
vn 0.4738 0.1536 -0.8671
vn 0.1001 0.0324 0.9945
vn 0.1001 0.0324 0.9944
vn -0.7560 -0.2449 0.6070
vn -0.7560 -0.2450 0.6070
vn 0.2947 0.0956 -0.9508
vn 0.2946 0.0956 -0.9508
vn 0.2948 0.0956 0.9508
vn -0.6291 -0.2040 0.7500
vn 0.1003 0.0326 -0.9944
vn 0.1004 0.0325 -0.9944
vn 0.4738 0.1537 0.8671
vn 0.4739 0.1537 0.8671
vn -0.4738 -0.1536 0.8671
vn -0.1003 -0.0326 -0.9944
vn -0.1004 -0.0325 -0.9944
vn 0.6292 0.2039 0.7500
vn -0.2951 -0.0955 0.9507
vn -0.2947 -0.0956 0.9508
vn -0.2948 -0.0956 -0.9508
vn -0.2947 -0.0956 -0.9508
vn 0.7560 0.2450 0.6070
vn -0.1001 -0.0324 0.9944
vn -0.4738 -0.1536 -0.8671
vn 0.8517 0.2760 0.4454
vn 0.8517 0.2760 0.4455
vn -0.6292 -0.2039 -0.7500
vn 0.9155 0.2967 0.2717
vn 0.9155 0.2967 0.2718
vn -0.7560 -0.2450 -0.6070
vn 0.9473 0.3071 0.0913
vn 0.9472 0.3072 0.0915
vn -0.8517 -0.2760 -0.4454
vn 0.9471 0.3075 -0.0915
vn 0.9473 0.3070 -0.0913
vn -0.9155 -0.2967 -0.2717
vn -0.9155 -0.2968 -0.2718
vn 0.9155 0.2967 -0.2717
vn 0.9157 0.2964 -0.2713
vn -0.9473 -0.3071 -0.0913
vn -0.9473 -0.3069 -0.0913
vn 0.8517 0.2759 -0.4456
vn 0.8517 0.2760 -0.4454
vn -0.9474 -0.3067 0.0912
vn -0.9473 -0.3069 0.0914
vn 0.7560 0.2451 -0.6069
vn 0.7560 0.2451 -0.6070
vn 0.2535 -0.8596 0.4436
vn 0.2533 -0.8596 0.4437
vn -0.2574 0.8353 -0.4859
vn -0.1073 0.9170 0.3842
vn -0.5511 0.6792 0.4847
vn -0.3512 0.7854 -0.5097
vn -0.0554 0.9468 0.3171
vn -0.4512 0.7324 0.5099
vn -0.4512 0.7324 -0.5099
vn -0.0186 0.9691 0.2459
vn -0.3512 0.7854 0.5097
vn -0.5511 0.6792 -0.4847
vn 0.0055 0.9847 0.1741
vn -0.6444 0.6291 -0.4347
vn 0.0195 0.9944 0.1035
vn -0.7254 0.5852 -0.3624
vn -0.7254 0.5853 -0.3624
vn 0.0258 0.9991 0.0343
vn -0.7895 0.5501 -0.2721
vn 0.0258 0.9991 -0.0343
vn -0.8338 0.5257 -0.1685
vn 0.0195 0.9944 -0.1035
vn -0.8564 0.5132 -0.0571
vn -0.8564 0.5132 -0.0570
vn 0.0055 0.9847 -0.1741
vn -0.8564 0.5132 0.0571
vn -0.0186 0.9691 -0.2459
vn -0.8338 0.5257 0.1685
vn -0.0554 0.9468 -0.3171
vn -0.7895 0.5501 0.2721
vn -0.1073 0.9170 -0.3842
vn -0.2574 0.8353 0.4859
vn -0.7254 0.5852 0.3624
vn -0.1749 0.8796 -0.4423
vn -0.1749 0.8796 0.4423
vn -0.8766 -0.1903 -0.4420
vn -0.8765 -0.1903 -0.4421
vn 0.0785 -0.9133 -0.3997
vn 0.6729 -0.7130 0.1973
vn 0.6729 -0.7129 0.1973
vn 0.0003 -0.9358 -0.3525
vn 0.0002 -0.9358 -0.3525
vn 0.7022 -0.7017 0.1208
vn 0.7021 -0.7017 0.1208
vn -0.0670 -0.9546 -0.2904
vn -0.0670 -0.9545 -0.2905
vn 0.7169 -0.6960 0.0407
vn -0.1200 -0.9689 -0.2166
vn -0.1203 -0.9688 -0.2165
vn 0.7169 -0.6960 -0.0407
vn -0.1571 -0.9785 -0.1337
vn 0.7021 -0.7017 -0.1208
vn -0.1757 -0.9834 -0.0452
vn -0.1760 -0.9834 -0.0450
vn 0.6730 -0.7129 -0.1971
vn 0.6729 -0.7129 -0.1973
vn -0.1759 -0.9834 0.0451
vn 0.6296 -0.7293 -0.2678
vn 0.6296 -0.7294 -0.2677
vn -0.1572 -0.9785 0.1335
vn -0.1571 -0.9785 0.1336
vn 0.5733 -0.7502 -0.3294
vn -0.1203 -0.9688 0.2165
vn -0.1204 -0.9688 0.2165
vn 0.5053 -0.7747 -0.3801
vn 0.5053 -0.7748 -0.3801
vn 0.3425 -0.8307 0.4389
vn 0.3426 -0.8306 0.4390
vn -0.0670 -0.9545 0.2906
vn -0.0671 -0.9545 0.2905
vn 0.4275 -0.8021 -0.4171
vn 0.4274 -0.8020 -0.4172
vn 0.4275 -0.8020 0.4172
vn 0.0002 -0.9358 0.3525
vn 0.0001 -0.9358 0.3525
vn 0.3426 -0.8307 -0.4389
vn 0.3425 -0.8307 -0.4389
vn 0.5053 -0.7747 0.3801
vn 0.0785 -0.9133 0.3996
vn 0.0785 -0.9133 0.3997
vn 0.2535 -0.8596 -0.4436
vn 0.2533 -0.8596 -0.4437
vn 0.5732 -0.7504 0.3292
vn 0.5733 -0.7502 0.3294
vn 0.1643 -0.8875 0.4305
vn 0.1643 -0.8876 0.4304
vn 0.1643 -0.8875 -0.4305
vn 0.1643 -0.8875 -0.4304
vn 0.6295 -0.7294 0.2679
vn 0.6295 -0.7294 0.2677
vn -0.7811 0.6224 0.0499
vn 0.9732 0.2112 -0.0905
vn 0.9732 0.2113 -0.0904
vn -0.9411 -0.2044 -0.2693
vn -0.9411 -0.2047 -0.2691
vn 0.9411 0.2043 -0.2693
vn 0.9411 0.2044 -0.2694
vn -0.9732 -0.2113 -0.0904
vn -0.9732 -0.2113 -0.0905
vn 0.8765 0.1903 -0.4421
vn -0.9732 -0.2114 0.0903
vn -0.9732 -0.2113 0.0905
vn 0.7793 0.1693 -0.6033
vn 0.7791 0.1689 -0.6037
vn -0.9411 -0.2045 0.2693
vn -0.9411 -0.2044 0.2694
vn 0.6497 0.1410 -0.7470
vn 0.6496 0.1408 -0.7471
vn -0.8766 -0.1903 0.4420
vn -0.8765 -0.1904 0.4422
vn 0.4901 0.1063 -0.8651
vn 0.4901 0.1064 -0.8652
vn 0.1039 0.0225 0.9943
vn 0.1038 0.0225 0.9943
vn -0.7793 -0.1691 0.6035
vn -0.7793 -0.1692 0.6034
vn 0.3053 0.0663 -0.9499
vn 0.3054 0.0663 -0.9499
vn 0.3054 0.0663 0.9499
vn 0.3055 0.0663 0.9499
vn -0.6497 -0.1411 0.7470
vn -0.6497 -0.1406 0.7471
vn 0.1038 0.0225 -0.9943
vn 0.4903 0.1061 0.8651
vn 0.4901 0.1064 0.8652
vn -0.4901 -0.1064 0.8651
vn -0.4901 -0.1064 0.8652
vn -0.1038 -0.0225 -0.9943
vn -0.1039 -0.0225 -0.9943
vn 0.6497 0.1406 0.7471
vn 0.6498 0.1408 0.7470
vn -0.3059 -0.0663 0.9497
vn -0.3055 -0.0663 0.9499
vn -0.3052 -0.0662 -0.9500
vn -0.3053 -0.0663 -0.9499
vn 0.7793 0.1693 0.6033
vn 0.7791 0.1689 0.6037
vn -0.1039 -0.0225 0.9943
vn -0.1038 -0.0225 0.9943
vn -0.4901 -0.1064 -0.8652
vn 0.8765 0.1903 0.4422
vn 0.8765 0.1903 0.4421
vn -0.6497 -0.1406 -0.7471
vn -0.6497 -0.1410 -0.7470
vn 0.9411 0.2044 0.2693
vn 0.9411 0.2047 0.2693
vn -0.7793 -0.1692 -0.6034
vn -0.7793 -0.1691 -0.6035
vn 0.9732 0.2112 0.0905
vn 0.9732 0.2114 0.0903
vn 0.2966 -0.7854 0.5433
vn -0.1223 0.9819 -0.1448
vn -0.7598 0.6332 0.1471
vn -0.7599 0.6332 0.1471
vn -0.1316 0.9707 -0.2011
vn -0.7182 0.6545 0.2363
vn -0.1546 0.9528 -0.2612
vn -0.2527 0.8942 0.3696
vn -0.6582 0.6850 0.3123
vn -0.1947 0.9273 -0.3197
vn -0.1947 0.9273 0.3197
vn -0.5833 0.7230 0.3702
vn -0.2527 0.8942 -0.3696
vn -0.1546 0.9528 0.2612
vn -0.4986 0.7660 0.4058
vn -0.3263 0.8546 -0.4039
vn -0.1316 0.9707 0.2011
vn -0.4106 0.8109 0.4170
vn -0.4106 0.8109 -0.4170
vn -0.1223 0.9819 0.1448
vn -0.3263 0.8546 0.4039
vn -0.4986 0.7660 -0.4058
vn -0.1217 0.9880 0.0955
vn -0.5833 0.7230 -0.3702
vn -0.1248 0.9907 0.0536
vn -0.6582 0.6850 -0.3123
vn -0.1275 0.9917 0.0172
vn -0.7182 0.6545 -0.2363
vn -0.1275 0.9917 -0.0172
vn -0.7599 0.6332 -0.1471
vn -0.1248 0.9907 -0.0536
vn -0.7811 0.6224 -0.0499
vn -0.1217 0.9880 -0.0955
vn 0.6712 0.0549 0.7392
vn 0.6709 0.0548 0.7395
vn -0.2473 -0.8939 0.3739
vn -0.2473 -0.8939 0.3738
vn 0.4035 -0.7589 -0.5111
vn 0.4036 -0.7589 -0.5111
vn 0.4036 -0.7589 0.5110
vn 0.4037 -0.7587 0.5113
vn -0.1556 -0.8787 0.4514
vn -0.1555 -0.8787 0.4513
vn 0.2966 -0.7854 -0.5433
vn 0.2967 -0.7854 -0.5432
vn 0.4994 -0.7338 0.4607
vn 0.4994 -0.7337 0.4607
vn -0.0499 -0.8595 0.5087
vn -0.0498 -0.8595 0.5087
vn 0.1820 -0.8118 -0.5548
vn 0.1824 -0.8116 -0.5550
vn 0.5812 -0.7112 0.3955
vn 0.0647 -0.8369 0.5435
vn 0.0648 -0.8369 0.5435
vn 0.0646 -0.8369 -0.5435
vn 0.0647 -0.8369 -0.5435
vn 0.6476 -0.6921 0.3188
vn 0.6477 -0.6920 0.3187
vn 0.1822 -0.8117 0.5549
vn 0.1820 -0.8119 0.5547
vn -0.0496 -0.8594 -0.5088
vn -0.0500 -0.8595 -0.5087
vn 0.6979 -0.6771 0.2334
vn 0.6978 -0.6772 0.2334
vn -0.1553 -0.8787 -0.4515
vn -0.1556 -0.8787 -0.4514
vn 0.7315 -0.6669 0.1421
vn 0.7315 -0.6669 0.1422
vn -0.2472 -0.8939 -0.3738
vn -0.2473 -0.8939 -0.3739
vn 0.7482 -0.6617 0.0477
vn 0.7482 -0.6617 0.0481
vn -0.3201 -0.9052 -0.2795
vn -0.3201 -0.9052 -0.2796
vn 0.7482 -0.6617 -0.0481
vn 0.7482 -0.6617 -0.0479
vn -0.3707 -0.9125 -0.1727
vn -0.3706 -0.9126 -0.1727
vn 0.7315 -0.6668 -0.1422
vn 0.7315 -0.6669 -0.1421
vn -0.3965 -0.9162 -0.0582
vn -0.3964 -0.9162 -0.0584
vn 0.6979 -0.6771 -0.2334
vn 0.6978 -0.6772 -0.2334
vn -0.3965 -0.9162 0.0584
vn -0.3964 -0.9162 0.0586
vn 0.6477 -0.6920 -0.3187
vn -0.3707 -0.9126 0.1727
vn -0.3708 -0.9125 0.1726
vn 0.5813 -0.7111 -0.3955
vn 0.5812 -0.7112 -0.3955
vn -0.3201 -0.9052 0.2795
vn 0.4994 -0.7338 -0.4607
vn -0.1463 0.9885 0.0372
vn -0.3177 -0.0260 0.9478
vn -0.3178 -0.0260 -0.9478
vn 0.8012 0.0654 0.5948
vn 0.8012 0.0654 0.5949
vn -0.1082 -0.0088 0.9941
vn -0.5083 -0.0415 -0.8602
vn -0.5081 -0.0416 -0.8603
vn 0.8979 0.0733 0.4341
vn 0.8979 0.0733 0.4340
vn -0.6713 -0.0549 -0.7392
vn -0.6709 -0.0548 -0.7395
vn 0.9614 0.0785 0.2638
vn 0.9614 0.0788 0.2636
vn -0.8013 -0.0654 -0.5947
vn -0.8013 -0.0655 -0.5946
vn 0.9928 0.0811 0.0884
vn -0.8979 -0.0733 -0.4341
vn -0.8979 -0.0733 -0.4340
vn 0.9928 0.0811 -0.0885
vn 0.9928 0.0811 -0.0884
vn -0.9614 -0.0787 -0.2635
vn -0.9614 -0.0787 -0.2636
vn 0.9614 0.0785 -0.2639
vn 0.9614 0.0783 -0.2637
vn -0.9928 -0.0812 -0.0886
vn -0.9928 -0.0810 -0.0884
vn 0.8978 0.0732 -0.4342
vn 0.8980 0.0736 -0.4338
vn -0.9928 -0.0811 0.0883
vn -0.9927 -0.0813 0.0886
vn 0.8010 0.0655 -0.5951
vn -0.9614 -0.0787 0.2636
vn 0.6712 0.0550 -0.7393
vn 0.6709 0.0548 -0.7395
vn -0.8978 -0.0735 0.4343
vn -0.8978 -0.0734 0.4342
vn 0.5083 0.0415 -0.8602
vn 0.5086 0.0417 -0.8600
vn 0.1082 0.0088 0.9941
vn -0.8011 -0.0656 0.5949
vn -0.8012 -0.0657 0.5948
vn 0.3177 0.0260 -0.9478
vn 0.3178 0.0260 -0.9478
vn 0.3176 0.0260 0.9479
vn 0.3178 0.0260 0.9478
vn -0.6709 -0.0548 0.7395
vn -0.6712 -0.0549 0.7392
vn 0.1082 0.0089 -0.9941
vn 0.1081 0.0089 -0.9941
vn 0.5087 0.0416 0.8599
vn 0.5086 0.0417 0.8600
vn -0.5080 -0.0416 0.8604
vn -0.5081 -0.0416 0.8603
vn -0.1081 -0.0088 -0.9941
vn 0.5673 -0.8184 -0.0920
vn 0.5674 -0.8183 -0.0920
vn -0.5104 0.8376 -0.1949
vn -0.1464 0.9892 0.0121
vn -0.5509 0.8213 -0.1483
vn -0.1464 0.9892 -0.0121
vn -0.5793 0.8098 -0.0927
vn -0.1463 0.9885 -0.0372
vn -0.5940 0.8039 -0.0315
vn -0.1473 0.9870 -0.0649
vn -0.5940 0.8039 0.0315
vn -0.1514 0.9838 -0.0959
vn -0.5793 0.8098 0.0927
vn -0.1613 0.9783 -0.1300
vn -0.5509 0.8213 0.1483
vn -0.1795 0.9697 -0.1655
vn -0.2462 0.9419 0.2285
vn -0.5104 0.8376 0.1949
vn -0.2077 0.9576 -0.1996
vn -0.2077 0.9576 0.1996
vn -0.4607 0.8573 0.2297
vn -0.2462 0.9419 -0.2285
vn -0.1795 0.9697 0.1655
vn -0.4052 0.8792 0.2506
vn -0.2939 0.9229 -0.2486
vn -0.1613 0.9783 0.1300
vn -0.3482 0.9016 0.2567
vn -0.3482 0.9016 -0.2567
vn -0.1514 0.9838 0.0959
vn -0.2939 0.9229 0.2486
vn -0.4052 0.8792 -0.2506
vn -0.1473 0.9870 0.0649
vn -0.4607 0.8573 -0.2297
vn 0.6787 0.0122 -0.7344
vn 0.6786 0.0116 -0.7344
vn -0.1537 -0.9874 -0.0369
vn -0.1538 -0.9874 -0.0369
vn 0.5447 -0.8250 -0.1505
vn 0.5447 -0.8250 -0.1506
vn -0.1537 -0.9874 0.0368
vn -0.1537 -0.9874 0.0369
vn 0.5111 -0.8347 -0.2049
vn 0.5107 -0.8350 -0.2047
vn -0.1371 -0.9845 0.1091
vn -0.1370 -0.9845 0.1091
vn 0.4671 -0.8472 -0.2530
vn 0.4672 -0.8472 -0.2531
vn -0.1048 -0.9787 0.1763
vn 0.4136 -0.8619 -0.2933
vn 0.4137 -0.8619 -0.2934
vn 0.2837 -0.8955 0.3430
vn 0.2837 -0.8954 0.3431
vn -0.0585 -0.9702 0.2353
vn 0.3519 -0.8782 -0.3239
vn 0.3518 -0.8783 -0.3239
vn 0.3519 -0.8783 0.3238
vn 0.3519 -0.8782 0.3238
vn -0.0006 -0.9589 0.2836
vn -0.0006 -0.9589 0.2838
vn 0.2837 -0.8955 -0.3430
vn 0.4136 -0.8619 0.2933
vn 0.4138 -0.8620 0.2929
vn 0.0659 -0.9453 0.3195
vn 0.0659 -0.9453 0.3194
vn 0.2113 -0.9130 -0.3490
vn 0.2114 -0.9129 -0.3491
vn 0.4670 -0.8473 0.2531
vn 0.4671 -0.8472 0.2530
vn 0.1378 -0.9298 0.3414
vn 0.1377 -0.9298 0.3413
vn 0.1378 -0.9298 -0.3414
vn 0.5111 -0.8347 0.2050
vn 0.5111 -0.8348 0.2048
vn 0.2114 -0.9129 0.3491
vn 0.2113 -0.9129 0.3491
vn 0.0659 -0.9453 -0.3195
vn 0.0659 -0.9453 -0.3194
vn 0.5447 -0.8250 0.1505
vn -0.0006 -0.9589 -0.2837
vn -0.0005 -0.9589 -0.2837
vn 0.5673 -0.8184 0.0918
vn 0.5674 -0.8183 0.0920
vn -0.0585 -0.9701 -0.2354
vn -0.0585 -0.9702 -0.2353
vn 0.5788 -0.8149 0.0308
vn 0.5788 -0.8149 0.0309
vn -0.1048 -0.9787 -0.1763
vn 0.5788 -0.8149 -0.0310
vn 0.5787 -0.8149 -0.0309
vn -0.1370 -0.9845 -0.1091
vn -0.1372 -0.9845 -0.1091
vn -0.1508 0.8584 -0.4904
vn -0.9033 -0.0155 0.4288
vn -0.9033 -0.0154 0.4287
vn 0.5155 0.0088 -0.8568
vn 0.5156 0.0088 -0.8568
vn 0.1103 0.0019 0.9939
vn 0.1102 0.0019 0.9939
vn -0.8079 -0.0139 0.5891
vn -0.8080 -0.0139 0.5891
vn 0.3232 0.0055 -0.9463
vn 0.3230 0.0055 -0.9464
vn 0.3230 0.0055 0.9464
vn 0.3231 0.0055 0.9463
vn -0.6786 -0.0116 0.7344
vn 0.1101 0.0019 -0.9939
vn 0.5155 0.0088 0.8568
vn 0.5156 0.0086 0.8568
vn -0.5156 -0.0088 0.8568
vn -0.5155 -0.0088 0.8568
vn -0.1101 -0.0019 -0.9939
vn 0.6786 0.0116 0.7344
vn 0.6786 0.0117 0.7344
vn -0.3232 -0.0055 0.9463
vn -0.3232 -0.0055 -0.9463
vn -0.3231 -0.0056 -0.9464
vn 0.8080 0.0139 0.5890
vn -0.1103 -0.0019 0.9939
vn -0.1102 -0.0019 0.9939
vn -0.5156 -0.0086 -0.8568
vn -0.5156 -0.0088 -0.8568
vn 0.9033 0.0154 0.4287
vn 0.9033 0.0155 0.4288
vn -0.6788 -0.0113 -0.7342
vn 0.9654 0.0164 0.2602
vn 0.9654 0.0166 0.2601
vn -0.8080 -0.0140 -0.5890
vn -0.8080 -0.0139 -0.5890
vn 0.9961 0.0171 0.0871
vn 0.9960 0.0170 0.0872
vn -0.9033 -0.0155 -0.4288
vn 0.9960 0.0170 -0.0872
vn 0.9961 0.0172 -0.0870
vn -0.9654 -0.0165 -0.2601
vn -0.9654 -0.0167 -0.2601
vn 0.9654 0.0166 -0.2601
vn -0.9961 -0.0171 -0.0871
vn 0.9033 0.0155 -0.4288
vn -0.9961 -0.0171 0.0871
vn 0.8080 0.0139 -0.5890
vn -0.9654 -0.0167 0.2601
vn -0.9654 -0.0167 0.2602
vn 0.0147 -0.9569 -0.2901
vn 0.0146 -0.9569 -0.2901
vn -0.0284 0.9448 0.3263
vn -0.4846 0.7019 0.5221
vn -0.2528 0.8054 -0.5361
vn -0.0143 0.9720 0.2347
vn -0.3682 0.7520 0.5468
vn -0.3682 0.7520 -0.5468
vn -0.0238 0.9878 0.1540
vn -0.2528 0.8054 0.5361
vn -0.4846 0.7019 -0.5221
vn -0.0453 0.9948 0.0909
vn -0.5914 0.6581 -0.4661
vn -0.0671 0.9967 0.0459
vn -0.6814 0.6222 -0.3853
vn -0.0803 0.9967 0.0138
vn -0.7507 0.5952 -0.2866
vn -0.0803 0.9967 -0.0138
vn -0.7973 0.5773 -0.1763
vn -0.0671 0.9967 -0.0459
vn -0.8207 0.5683 -0.0595
vn -0.0453 0.9948 -0.0909
vn -0.8206 0.5684 0.0595
vn -0.8206 0.5683 0.0595
vn -0.0238 0.9878 -0.1540
vn -0.7973 0.5773 0.1763
vn -0.0143 0.9720 -0.2347
vn -0.7507 0.5952 0.2866
vn -0.0284 0.9448 -0.3263
vn -0.1508 0.8584 0.4904
vn -0.6814 0.6222 0.3853
vn -0.6815 0.6222 0.3853
vn -0.0738 0.9062 -0.4164
vn -0.0738 0.9062 0.4164
vn -0.5914 0.6581 0.4661
vn -0.9012 0.1390 -0.4105
vn 0.4556 -0.8804 0.1316
vn -0.0492 -0.9646 -0.2589
vn -0.0493 -0.9646 -0.2590
vn 0.4758 -0.8758 0.0806
vn 0.4761 -0.8757 0.0803
vn -0.1053 -0.9708 -0.2157
vn -0.1052 -0.9708 -0.2157
vn 0.4858 -0.8737 0.0270
vn 0.4858 -0.8736 0.0273
vn -0.1504 -0.9752 -0.1622
vn -0.1505 -0.9752 -0.1622
vn 0.4858 -0.8736 -0.0270
vn 0.4859 -0.8736 -0.0265
vn -0.1821 -0.9781 -0.1006
vn -0.1820 -0.9781 -0.1006
vn 0.4759 -0.8758 -0.0804
vn 0.4758 -0.8759 -0.0801
vn -0.1985 -0.9795 -0.0340
vn -0.1986 -0.9795 -0.0341
vn 0.4556 -0.8804 -0.1315
vn 0.4556 -0.8804 -0.1316
vn -0.1984 -0.9795 0.0340
vn -0.1986 -0.9795 0.0342
vn 0.4257 -0.8869 -0.1796
vn 0.4259 -0.8868 -0.1794
vn -0.1821 -0.9781 0.1006
vn -0.1823 -0.9781 0.1007
vn 0.3864 -0.8951 -0.2226
vn 0.3863 -0.8951 -0.2225
vn -0.1504 -0.9752 0.1622
vn 0.3382 -0.9047 -0.2592
vn 0.3380 -0.9048 -0.2591
vn 0.2191 -0.9264 0.3061
vn 0.2191 -0.9264 0.3062
vn -0.1053 -0.9708 0.2157
vn 0.2818 -0.9154 -0.2876
vn 0.2818 -0.9154 -0.2875
vn 0.2816 -0.9154 0.2876
vn 0.2818 -0.9154 0.2875
vn -0.0492 -0.9646 0.2590
vn -0.0492 -0.9647 0.2589
vn 0.2191 -0.9264 -0.3061
vn 0.3380 -0.9047 0.2593
vn 0.3380 -0.9048 0.2591
vn 0.0146 -0.9569 0.2901
vn 0.0145 -0.9569 0.2901
vn 0.1520 -0.9374 -0.3133
vn 0.1519 -0.9374 -0.3134
vn 0.3862 -0.8952 0.2225
vn 0.3863 -0.8951 0.2225
vn 0.0827 -0.9477 0.3082
vn 0.0827 -0.9477 -0.3081
vn 0.0826 -0.9478 -0.3081
vn 0.4257 -0.8869 0.1796
vn 0.1519 -0.9374 0.3134
vn 0.1519 -0.9374 0.3133
vn -0.6968 0.7156 0.0489
vn -0.6966 0.7158 0.0488
vn 0.9849 -0.1519 -0.0826
vn -0.9576 0.1477 -0.2474
vn -0.9576 0.1477 -0.2475
vn 0.9574 -0.1480 -0.2478
vn -0.9849 0.1519 -0.0828
vn 0.9012 -0.1391 -0.4104
vn 0.9012 -0.1390 -0.4105
vn -0.9849 0.1520 0.0829
vn -0.9849 0.1519 0.0827
vn 0.8130 -0.1254 -0.5687
vn 0.8129 -0.1255 -0.5688
vn -0.9576 0.1477 0.2474
vn -0.9576 0.1477 0.2475
vn 0.6897 -0.1064 -0.7162
vn 0.6898 -0.1063 -0.7162
vn -0.9013 0.1393 0.4101
vn -0.9012 0.1390 0.4105
vn 0.5295 -0.0817 -0.8443
vn 0.5296 -0.0817 -0.8443
vn 0.1149 -0.0177 0.9932
vn -0.8130 0.1253 0.5686
vn -0.8130 0.1254 0.5685
vn 0.3353 -0.0518 -0.9407
vn 0.3352 -0.0517 -0.9407
vn 0.3348 -0.0517 0.9409
vn -0.6897 0.1064 0.7162
vn -0.6896 0.1064 0.7163
vn 0.1148 -0.0177 -0.9932
vn 0.5296 -0.0817 0.8443
vn 0.5295 -0.0817 0.8444
vn -0.5296 0.0817 0.8443
vn -0.1148 0.0177 -0.9932
vn -0.1149 0.0177 -0.9932
vn 0.6897 -0.1064 0.7162
vn 0.6898 -0.1064 0.7162
vn -0.3349 0.0517 0.9408
vn -0.3347 0.0517 0.9409
vn -0.3353 0.0518 -0.9407
vn 0.8128 -0.1257 0.5688
vn 0.8130 -0.1255 0.5686
vn -0.1147 0.0177 0.9932
vn -0.1148 0.0177 0.9932
vn -0.5296 0.0817 -0.8443
vn 0.9012 -0.1390 0.4105
vn -0.6898 0.1065 -0.7161
vn -0.6900 0.1067 -0.7159
vn 0.9574 -0.1480 0.2478
vn 0.9575 -0.1478 0.2476
vn -0.8130 0.1254 -0.5686
vn -0.8131 0.1255 -0.5685
vn 0.9849 -0.1519 0.0827
vn -0.0235 -0.8766 -0.4807
vn -0.0239 -0.8765 -0.4807
vn 0.1211 0.9692 -0.2145
vn -0.6772 0.7213 0.1450
vn -0.6772 0.7214 0.1450
vn 0.0927 0.9540 -0.2851
vn -0.6384 0.7325 0.2363
vn 0.0451 0.9342 -0.3539
vn -0.1100 0.8829 0.4565
vn -0.5806 0.7490 0.3191
vn -0.0232 0.9102 -0.4135
vn -0.0232 0.9102 0.4135
vn -0.5052 0.7703 0.3891
vn -0.1100 0.8829 -0.4565
vn 0.0451 0.9342 0.3539
vn -0.4147 0.7957 0.4414
vn -0.2096 0.8536 -0.4769
vn 0.0927 0.9540 0.2851
vn -0.3139 0.8240 0.4717
vn -0.3139 0.8240 -0.4717
vn 0.1211 0.9692 0.2145
vn -0.2096 0.8536 0.4769
vn -0.4147 0.7957 -0.4414
vn 0.1351 0.9798 0.1471
vn 0.1351 0.9799 0.1471
vn -0.5052 0.7703 -0.3891
vn 0.1401 0.9865 0.0852
vn -0.5806 0.7490 -0.3191
vn 0.1413 0.9896 0.0278
vn -0.6384 0.7325 -0.2363
vn 0.1413 0.9896 -0.0278
vn -0.6772 0.7213 -0.1450
vn 0.1401 0.9865 -0.0852
vn -0.6967 0.7157 -0.0488
vn 0.1351 0.9798 -0.1471
vn 0.1351 0.9799 -0.1471
vn -0.7986 -0.1308 -0.5875
vn -0.7986 -0.1307 -0.5875
vn 0.5623 -0.7654 0.3131
vn 0.5622 -0.7654 0.3132
vn 0.0845 -0.8612 0.5012
vn -0.1242 -0.8889 -0.4410
vn -0.1243 -0.8889 -0.4408
vn 0.6185 -0.7510 0.2312
vn -0.2139 -0.8982 -0.3840
vn 0.6565 -0.7409 0.1417
vn -0.2888 -0.9048 -0.3130
vn -0.2888 -0.9048 -0.3131
vn 0.6757 -0.7356 0.0477
vn 0.6758 -0.7356 0.0476
vn -0.3467 -0.9090 -0.2312
vn -0.3468 -0.9090 -0.2312
vn 0.6757 -0.7356 -0.0477
vn 0.6757 -0.7357 -0.0476
vn -0.3858 -0.9116 -0.1417
vn -0.3859 -0.9116 -0.1417
vn 0.6565 -0.7409 -0.1417
vn 0.6565 -0.7409 -0.1418
vn -0.4058 -0.9127 -0.0477
vn 0.6185 -0.7510 -0.2312
vn -0.4057 -0.9127 0.0478
vn -0.4058 -0.9127 0.0477
vn 0.5623 -0.7654 -0.3131
vn -0.3859 -0.9116 0.1417
vn -0.3860 -0.9115 0.1419
vn 0.4892 -0.7831 -0.3840
vn -0.3468 -0.9090 0.2311
vn -0.3467 -0.9090 0.2312
vn 0.4014 -0.8028 -0.4409
vn 0.1946 -0.8432 0.5012
vn -0.2888 -0.9048 0.3130
vn -0.2888 -0.9048 0.3129
vn 0.3018 -0.8233 -0.4808
vn 0.3018 -0.8232 -0.4808
vn 0.3018 -0.8233 0.4807
vn -0.2138 -0.8983 0.3839
vn -0.2139 -0.8982 0.3841
vn 0.1946 -0.8432 -0.5012
vn 0.1945 -0.8432 -0.5012
vn 0.4014 -0.8028 0.4409
vn -0.1244 -0.8889 0.4409
vn -0.1246 -0.8889 0.4409
vn 0.0845 -0.8612 -0.5012
vn 0.4892 -0.7831 0.3840
vn -0.0236 -0.8766 0.4807
vn -0.9517 0.2964 -0.0798
vn 0.9831 0.1610 0.0870
vn 0.9831 0.1613 0.0868
vn -0.8922 -0.1462 -0.4274
vn -0.8921 -0.1461 -0.4275
vn 0.9832 0.1608 -0.0868
vn 0.9831 0.1610 -0.0870
vn -0.9531 -0.1561 -0.2591
vn 0.9531 0.1561 -0.2592
vn 0.9532 0.1561 -0.2590
vn -0.9831 -0.1609 -0.0868
vn -0.9831 -0.1610 -0.0868
vn 0.8921 0.1461 -0.4275
vn 0.8922 0.1461 -0.4273
vn -0.9831 -0.1610 0.0870
vn -0.9831 -0.1610 0.0868
vn 0.7986 0.1310 -0.5874
vn 0.7987 0.1308 -0.5873
vn -0.9532 -0.1561 0.2589
vn -0.9532 -0.1562 0.2590
vn 0.6712 0.1099 -0.7331
vn 0.6710 0.1101 -0.7332
vn -0.8923 -0.1464 0.4271
vn -0.8921 -0.1461 0.4275
vn 0.5103 0.0836 -0.8559
vn 0.1092 0.0179 0.9939
vn 0.1093 0.0179 0.9938
vn -0.7984 -0.1310 0.5877
vn -0.7986 -0.1308 0.5875
vn 0.3201 0.0524 -0.9459
vn 0.3199 0.0525 0.9460
vn 0.3201 0.0524 0.9459
vn -0.6712 -0.1099 0.7331
vn -0.6710 -0.1101 0.7333
vn 0.1092 0.0179 -0.9939
vn 0.5103 0.0837 0.8559
vn 0.5104 0.0836 0.8559
vn -0.5104 -0.0836 0.8559
vn -0.5103 -0.0836 0.8559
vn -0.1092 -0.0179 -0.9939
vn 0.6712 0.1099 0.7331
vn -0.3201 -0.0524 0.9459
vn -0.3200 -0.0523 0.9460
vn -0.3201 -0.0524 -0.9459
vn 0.7986 0.1308 0.5875
vn 0.7986 0.1308 0.5874
vn -0.1092 -0.0179 0.9939
vn -0.5105 -0.0836 -0.8558
vn 0.8921 0.1461 0.4275
vn 0.8922 0.1461 0.4273
vn -0.6712 -0.1099 -0.7330
vn -0.6712 -0.1099 -0.7331
vn 0.9532 0.1561 0.2589
vn 0.9531 0.1560 0.2593
vn -0.0252 0.9997 -0.0000
vn -0.0251 0.9997 0.0001
vn -0.0251 0.9997 -0.0000
vn -0.0253 0.9997 -0.0000
vn -0.0255 0.9997 0.0001
vn -0.0249 0.9997 -0.0000
vn -0.0252 0.9997 -0.0001
vn -0.0254 0.9997 -0.0001
vn -0.0250 0.9997 -0.0000
vn -0.0251 0.9997 -0.0001
vn -0.0252 0.9997 0.0001
vn -0.2350 0.9698 0.0659
vn -0.9517 0.2964 0.0798
vn -0.1189 0.9928 0.0158
vn -0.9205 0.3104 0.2372
vn -0.0071 0.9953 -0.0964
vn -0.8575 0.3388 0.3871
vn 0.0627 0.9641 -0.2579
vn -0.0129 0.8079 0.5892
vn -0.7621 0.3825 0.5224
vn 0.0625 0.8982 -0.4351
vn 0.0625 0.8982 0.4351
vn -0.6350 0.4423 0.6334
vn -0.0129 0.8079 -0.5892
vn 0.0627 0.9641 0.2579
vn -0.4810 0.5180 0.7073
vn -0.1467 0.7071 -0.6917
vn -0.0071 0.9953 0.0964
vn -0.3116 0.6078 0.7304
vn -0.3116 0.6078 -0.7304
vn -0.1189 0.9928 -0.0158
vn -0.1467 0.7071 0.6917
vn -0.4810 0.5180 -0.7073
vn -0.2350 0.9698 -0.0659
vn -0.6350 0.4423 -0.6334
vn -0.3255 0.9435 -0.0622
vn -0.7621 0.3825 -0.5224
vn -0.3739 0.9271 -0.0245
vn -0.8575 0.3388 -0.3871
vn -0.3739 0.9271 0.0245
vn -0.3739 0.9272 0.0245
vn -0.9205 0.3104 -0.2372
vn -0.3255 0.9435 0.0622
vn -0.9952 -0.0000 0.0981
vn -0.9952 -0.0000 0.0978
vn -0.2440 -0.8557 0.4563
vn -0.2440 -0.8557 0.4564
vn -0.0507 -0.8556 -0.5152
vn -0.0507 -0.8558 -0.5148
vn 0.3283 -0.8558 0.3998
vn 0.3284 -0.8556 0.4002
vn -0.1502 -0.8558 0.4951
vn -0.1502 -0.8557 0.4952
vn -0.1502 -0.8557 -0.4953
vn -0.1502 -0.8556 -0.4953
vn 0.4000 -0.8557 0.3283
vn 0.3999 -0.8557 0.3283
vn -0.0507 -0.8557 0.5150
vn -0.0508 -0.8558 0.5147
vn -0.2441 -0.8556 -0.4565
vn -0.2440 -0.8556 -0.4565
vn 0.4564 -0.8556 0.2440
vn 0.4564 -0.8557 0.2440
vn -0.3284 -0.8556 -0.4002
vn -0.3284 -0.8556 -0.4001
vn 0.4954 -0.8556 0.1502
vn 0.4954 -0.8555 0.1503
vn -0.4000 -0.8557 -0.3283
vn 0.5151 -0.8556 0.0507
vn 0.5153 -0.8555 0.0507
vn -0.4566 -0.8555 -0.2441
vn -0.4564 -0.8556 -0.2440
vn 0.5153 -0.8555 -0.0507
vn 0.5151 -0.8556 -0.0507
vn -0.4953 -0.8556 -0.1502
vn -0.4953 -0.8556 -0.1503
vn 0.4954 -0.8555 -0.1503
vn 0.4953 -0.8556 -0.1502
vn -0.5151 -0.8556 -0.0507
vn -0.5152 -0.8556 -0.0507
vn 0.4564 -0.8557 -0.2440
vn 0.4566 -0.8555 -0.2441
vn -0.5151 -0.8556 0.0507
vn 0.4000 -0.8557 -0.3283
vn -0.4953 -0.8556 0.1502
vn 0.3284 -0.8556 -0.4002
vn 0.3283 -0.8556 -0.4002
vn -0.4564 -0.8556 0.2440
vn -0.4566 -0.8555 0.2441
vn 0.2443 -0.8554 -0.4568
vn 0.2441 -0.8556 -0.4564
vn 0.0507 -0.8557 0.5150
vn 0.0507 -0.8556 0.5152
vn -0.4003 -0.8557 0.3280
vn -0.4000 -0.8557 0.3282
vn 0.1502 -0.8558 -0.4951
vn 0.1502 -0.8557 -0.4953
vn 0.1502 -0.8556 0.4953
vn 0.1502 -0.8557 0.4951
vn -0.3283 -0.8556 0.4001
vn -0.3285 -0.8558 0.3995
vn 0.0507 -0.8557 -0.5150
vn 0.0506 -0.8558 -0.5148
vn 0.2439 -0.8557 0.4564
vn 0.2440 -0.8556 0.4564
vn -0.0000 1.0000 -0.0000
vn 0.7729 -0.0000 -0.6345
vn -0.9569 -0.0000 0.2903
vn 0.6343 -0.0000 -0.7731
vn -0.8818 -0.0000 0.4716
vn 0.4716 -0.0000 -0.8818
vn 0.0980 -0.0000 0.9952
vn -0.7731 -0.0000 0.6343
vn 0.2903 -0.0000 -0.9569
vn 0.2903 -0.0000 0.9569
vn -0.6343 -0.0000 0.7731
vn 0.0980 -0.0000 -0.9952
vn 0.4716 -0.0000 0.8818
vn -0.4716 -0.0000 0.8818
vn -0.0978 -0.0000 -0.9952
vn 0.6343 -0.0000 0.7731
vn -0.2903 -0.0000 0.9569
vn -0.2903 -0.0000 -0.9569
vn 0.7731 -0.0000 0.6343
vn -0.0978 -0.0000 0.9952
vn -0.0981 -0.0000 0.9952
vn -0.4716 -0.0000 -0.8818
vn 0.8818 -0.0000 0.4716
vn -0.6343 -0.0000 -0.7731
vn 0.9569 -0.0000 0.2903
vn -0.7729 -0.0000 -0.6345
vn 0.9952 -0.0000 0.0981
vn -0.8818 -0.0000 -0.4716
vn 0.9952 -0.0000 -0.0981
vn -0.9569 -0.0000 -0.2903
vn 0.9569 -0.0000 -0.2903
vn -0.9952 -0.0000 -0.0978
vn 0.8818 -0.0000 -0.4716
vn 0.8376 -0.4836 0.2541
vn 0.8376 -0.4835 0.2544
vn -0.6766 -0.4836 -0.5553
vn -0.6765 -0.4837 -0.5554
vn 0.8711 -0.4836 0.0857
vn 0.8711 -0.4836 0.0858
vn -0.7718 -0.4838 -0.4125
vn -0.7718 -0.4836 -0.4128
vn 0.8711 -0.4836 -0.0858
vn -0.8376 -0.4837 -0.2539
vn -0.8376 -0.4836 -0.2541
vn 0.8376 -0.4835 -0.2544
vn 0.8376 -0.4836 -0.2541
vn -0.8711 -0.4836 -0.0857
vn -0.8711 -0.4836 -0.0858
vn 0.7719 -0.4836 -0.4127
vn 0.7720 -0.4836 -0.4125
vn -0.8711 -0.4836 0.0859
vn -0.8711 -0.4836 0.0858
vn 0.6764 -0.4836 -0.5555
vn 0.6766 -0.4836 -0.5553
vn -0.8375 -0.4837 0.2543
vn -0.8376 -0.4836 0.2542
vn 0.5551 -0.4836 -0.6768
vn 0.5553 -0.4836 -0.6766
vn -0.7719 -0.4836 0.4126
vn -0.7719 -0.4836 0.4127
vn 0.4127 -0.4836 -0.7719
vn 0.4126 -0.4836 -0.7720
vn 0.0858 -0.4836 0.8711
vn 0.0859 -0.4836 0.8711
vn -0.6766 -0.4836 0.5552
vn -0.6765 -0.4836 0.5554
vn 0.2540 -0.4836 -0.8376
vn 0.2543 -0.4837 0.8375
vn 0.2541 -0.4836 0.8376
vn -0.5554 -0.4836 0.6765
vn -0.5553 -0.4836 0.6766
vn 0.0862 -0.4836 -0.8710
vn 0.0857 -0.4835 -0.8711
vn 0.4126 -0.4836 0.7719
vn -0.4126 -0.4836 0.7719
vn -0.4125 -0.4837 0.7719
vn -0.0857 -0.4836 -0.8711
vn -0.0858 -0.4836 -0.8711
vn 0.5553 -0.4836 0.6766
vn 0.5553 -0.4836 0.6765
vn -0.2542 -0.4836 0.8376
vn -0.2543 -0.4836 0.8375
vn -0.2540 -0.4836 -0.8376
vn -0.2544 -0.4833 -0.8377
vn 0.6767 -0.4836 0.5552
vn -0.0857 -0.4836 0.8711
vn -0.0858 -0.4836 0.8711
vn -0.4128 -0.4836 -0.7719
vn -0.4126 -0.4836 -0.7720
vn 0.7719 -0.4836 0.4127
vn 0.7720 -0.4836 0.4125
vn -0.5553 -0.4836 -0.6765
vn -0.5554 -0.4837 -0.6765
vn 0.8308 -0.5506 -0.0817
vn 0.8308 -0.5506 -0.0816
vn -0.7989 -0.5505 -0.2423
vn 0.7989 -0.5505 -0.2422
vn 0.7989 -0.5505 -0.2423
vn -0.8308 -0.5506 -0.0818
vn 0.7363 -0.5505 -0.3936
vn 0.7362 -0.5506 -0.3935
vn -0.8307 -0.5506 0.0819
vn -0.8308 -0.5505 0.0818
vn 0.6453 -0.5505 -0.5296
vn -0.7989 -0.5505 0.2423
vn 0.5296 -0.5505 -0.6453
vn 0.5297 -0.5506 -0.6452
vn -0.7362 -0.5506 0.3935
vn 0.3936 -0.5506 -0.7361
vn 0.3935 -0.5505 -0.7362
vn 0.0819 -0.5507 0.8307
vn 0.0818 -0.5505 0.8308
vn -0.6453 -0.5505 0.5296
vn 0.2423 -0.5505 -0.7989
vn 0.2424 -0.5505 -0.7989
vn 0.2423 -0.5505 0.7989
vn -0.5296 -0.5505 0.6453
vn -0.5295 -0.5506 0.6453
vn 0.0819 -0.5506 -0.8307
vn 0.0818 -0.5505 -0.8308
vn 0.3935 -0.5506 0.7362
vn 0.3935 -0.5505 0.7363
vn -0.3935 -0.5506 0.7362
vn -0.0818 -0.5505 -0.8308
vn 0.5296 -0.5506 0.6453
vn 0.5295 -0.5507 0.6453
vn -0.2422 -0.5506 0.7989
vn -0.2423 -0.5505 0.7989
vn -0.2423 -0.5505 -0.7989
vn 0.6454 -0.5504 0.5296
vn 0.6453 -0.5505 0.5296
vn -0.0818 -0.5505 0.8308
vn -0.3935 -0.5503 -0.7364
vn -0.3936 -0.5505 -0.7363
vn 0.7364 -0.5503 0.3935
vn 0.7363 -0.5505 0.3936
vn -0.5296 -0.5505 -0.6453
vn -0.5299 -0.5504 -0.6452
vn 0.7989 -0.5505 0.2423
vn 0.7989 -0.5504 0.2424
vn -0.6454 -0.5503 -0.5297
vn -0.6454 -0.5504 -0.5296
vn 0.8308 -0.5505 0.0817
vn -0.7362 -0.5506 -0.3935
vn -0.7362 -0.5507 -0.3934
vn -0.2901 -0.0000 0.9570
vn -0.2898 -0.0000 0.9571
vn -0.2901 -0.0000 -0.9570
vn -0.2898 -0.0000 -0.9571
vn -0.0983 -0.0000 0.9952
vn -0.4713 -0.0000 -0.8820
vn 0.8820 -0.0000 0.4713
vn 0.9569 -0.0000 0.2904
vn -0.7731 -0.0000 -0.6343
vn 0.9952 -0.0000 0.0979
vn 0.9952 -0.0000 0.0980
vn -0.8817 -0.0000 -0.4718
vn 0.9952 -0.0000 -0.0979
vn 0.9569 -0.0000 -0.2904
vn 0.9568 -0.0000 -0.2907
vn -0.9952 -0.0000 -0.0980
vn 0.8817 -0.0000 -0.4718
vn -0.9952 -0.0000 0.0980
vn 0.7731 -0.0000 -0.6343
vn -0.9571 -0.0000 0.2898
vn -0.8820 -0.0000 0.4713
vn 0.4718 -0.0000 -0.8817
vn 0.4714 -0.0000 -0.8819
vn 0.0983 -0.0000 0.9952
vn 0.0983 -0.0000 -0.9952
vn 0.4718 -0.0000 0.8817
vn 0.4714 -0.0000 0.8819
vn -0.4713 -0.0000 0.8820
vn -0.0983 -0.0000 -0.9952
# 3507 vertex normals

vt 1.0000 1.0000 0.0000
vt 0.9688 1.0000 0.0000
vt 0.9688 0.5000 0.0000
vt 1.0000 0.5000 0.0000
vt 0.9375 1.0000 0.0000
vt 0.9375 0.5000 0.0000
vt 0.9062 1.0000 0.0000
vt 0.9062 0.5000 0.0000
vt 0.8750 1.0000 0.0000
vt 0.8750 0.5000 0.0000
vt 0.8438 1.0000 0.0000
vt 0.8438 0.5000 0.0000
vt 0.8125 0.5000 0.0000
vt 0.8125 1.0000 0.0000
vt 0.7812 0.5000 0.0000
vt 0.7812 1.0000 0.0000
vt 0.7500 1.0000 0.0000
vt 0.7500 0.5000 0.0000
vt 0.7188 0.5000 0.0000
vt 0.7188 1.0000 0.0000
vt 0.6875 0.5000 0.0000
vt 0.6875 1.0000 0.0000
vt 0.6562 0.5000 0.0000
vt 0.6562 1.0000 0.0000
vt 0.6250 1.0000 0.0000
vt 0.6250 0.5000 0.0000
vt 0.5938 0.5000 0.0000
vt 0.5938 1.0000 0.0000
vt 0.5625 0.5000 0.0000
vt 0.5625 1.0000 0.0000
vt 0.5312 0.5000 0.0000
vt 0.5312 1.0000 0.0000
vt 0.5000 0.5000 0.0000
vt 0.5000 1.0000 0.0000
vt 0.4688 0.5000 0.0000
vt 0.4688 1.0000 0.0000
vt 0.4375 0.5000 0.0000
vt 0.4375 1.0000 0.0000
vt 0.4062 0.5000 0.0000
vt 0.4062 1.0000 0.0000
vt 0.3750 1.0000 0.0000
vt 0.3750 0.5000 0.0000
vt 0.3438 1.0000 0.0000
vt 0.3438 0.5000 0.0000
vt 0.3125 0.5000 0.0000
vt 0.3125 1.0000 0.0000
vt 0.2812 0.5000 0.0000
vt 0.2812 1.0000 0.0000
vt 0.2500 1.0000 0.0000
vt 0.2500 0.5000 0.0000
vt 0.2188 1.0000 0.0000
vt 0.2188 0.5000 0.0000
vt 0.1875 0.5000 0.0000
vt 0.1875 1.0000 0.0000
vt 0.1562 1.0000 0.0000
vt 0.1562 0.5000 0.0000
vt 0.1250 0.5000 0.0000
vt 0.1250 1.0000 0.0000
vt 0.0938 0.5000 0.0000
vt 0.0938 1.0000 0.0000
vt 0.0625 1.0000 0.0000
vt 0.0625 0.5000 0.0000
vt 0.0312 1.0000 0.0000
vt 0.0312 0.5000 0.0000
vt 0.0000 1.0000 0.0000
vt 0.0000 0.5000 0.0000
vt 0.7968 0.4854 0.0000
vt 0.8418 0.4717 0.0000
vt 0.8833 0.4496 0.0000
vt 0.9197 0.4197 0.0000
vt 0.9496 0.3833 0.0000
vt 0.9717 0.3418 0.0000
vt 0.9854 0.2968 0.0000
vt 0.9900 0.2500 0.0000
vt 0.9854 0.2032 0.0000
vt 0.9717 0.1582 0.0000
vt 0.9496 0.1167 0.0000
vt 0.9197 0.0803 0.0000
vt 0.8833 0.0504 0.0000
vt 0.8418 0.0283 0.0000
vt 0.7968 0.0146 0.0000
vt 0.7500 0.0100 0.0000
vt 0.7032 0.0146 0.0000
vt 0.6582 0.0283 0.0000
vt 0.6167 0.0504 0.0000
vt 0.5803 0.0803 0.0000
vt 0.5504 0.1167 0.0000
vt 0.5283 0.1582 0.0000
vt 0.5146 0.2032 0.0000
vt 0.5100 0.2500 0.0000
vt 0.5146 0.2968 0.0000
vt 0.5283 0.3418 0.0000
vt 0.5504 0.3833 0.0000
vt 0.5803 0.4197 0.0000
vt 0.6167 0.4496 0.0000
vt 0.6582 0.4717 0.0000
vt 0.7500 0.4900 0.0000
vt 0.7032 0.4854 0.0000
vt 0.2968 0.4854 0.0000
vt 0.2500 0.4900 0.0000
vt 0.2032 0.4854 0.0000
vt 0.1582 0.4717 0.0000
vt 0.1167 0.4496 0.0000
vt 0.0803 0.4197 0.0000
vt 0.0504 0.3833 0.0000
vt 0.0283 0.3418 0.0000
vt 0.0146 0.2968 0.0000
vt 0.0100 0.2500 0.0000
vt 0.0146 0.2032 0.0000
vt 0.0283 0.1582 0.0000
vt 0.0504 0.1167 0.0000
vt 0.0803 0.0803 0.0000
vt 0.1167 0.0504 0.0000
vt 0.1582 0.0283 0.0000
vt 0.2032 0.0146 0.0000
vt 0.2500 0.0100 0.0000
vt 0.2968 0.0146 0.0000
vt 0.3418 0.0283 0.0000
vt 0.3833 0.0504 0.0000
vt 0.4197 0.0803 0.0000
vt 0.4496 0.1167 0.0000
vt 0.4717 0.1582 0.0000
vt 0.4854 0.2032 0.0000
vt 0.4900 0.2500 0.0000
vt 0.4854 0.2968 0.0000
vt 0.4717 0.3418 0.0000
vt 0.4496 0.3833 0.0000
vt 0.4197 0.4197 0.0000
vt 0.3833 0.4496 0.0000
vt 0.3418 0.4717 0.0000
vt 0.0000 0.0000 0.0000
# 131 texture coords

o PataTD
g PataTD
usemtl PataTD_Goddard_None
s off
f 1/1/1 2/2/1 3/3/1 
f 3/3/1 4/4/1 1/1/1 
f 2/2/2 5/5/2 6/6/2 
f 6/6/2 3/3/2 2/2/2 
f 5/5/3 7/7/3 8/8/3 
f 8/8/3 6/6/3 5/5/3 
f 7/7/4 9/9/4 10/10/4 
f 10/10/4 8/8/4 7/7/4 
f 11/11/5 12/12/5 10/10/5 
f 10/10/5 9/9/5 11/11/5 
f 13/13/6 12/12/6 11/11/6 
f 11/11/6 14/14/6 13/13/6 
f 15/15/7 13/13/7 14/14/7 
f 14/14/7 16/16/7 15/15/7 
f 17/17/8 18/18/8 15/15/8 
f 15/15/8 16/16/8 17/17/8 
f 19/19/9 18/18/9 17/17/9 
f 17/17/9 20/20/9 19/19/9 
f 21/21/10 19/19/10 20/20/10 
f 20/20/10 22/22/10 21/21/10 
f 23/23/11 21/21/11 22/22/11 
f 22/22/11 24/24/11 23/23/11 
f 25/25/12 26/26/12 23/23/12 
f 23/23/12 24/24/12 25/25/12 
f 27/27/13 26/26/13 25/25/13 
f 25/25/13 28/28/13 27/27/13 
f 29/29/14 27/27/14 28/28/14 
f 28/28/14 30/30/14 29/29/14 
f 31/31/15 29/29/15 30/30/15 
f 30/30/15 32/32/15 31/31/15 
f 33/33/16 31/31/16 32/32/16 
f 32/32/16 34/34/16 33/33/16 
f 35/35/17 33/33/17 34/34/17 
f 34/34/17 36/36/17 35/35/17 
f 37/37/18 35/35/18 36/36/18 
f 36/36/18 38/38/18 37/37/18 
f 39/39/19 37/37/19 38/38/19 
f 38/38/19 40/40/19 39/39/19 
f 41/41/20 42/42/20 39/39/20 
f 39/39/20 40/40/20 41/41/20 
f 41/41/21 43/43/21 44/44/21 
f 44/44/21 42/42/21 41/41/21 
f 45/45/22 44/44/22 43/43/22 
f 43/43/22 46/46/22 45/45/22 
f 47/47/23 45/45/23 46/46/23 
f 46/46/23 48/48/23 47/47/23 
f 49/49/24 50/50/24 47/47/24 
f 47/47/24 48/48/24 49/49/24 
f 51/51/25 52/52/25 50/50/25 
f 50/50/25 49/49/25 51/51/25 
f 53/53/26 52/52/26 51/51/26 
f 51/51/26 54/54/26 53/53/26 
f 55/55/27 56/56/27 53/53/27 
f 53/53/27 54/54/27 55/55/27 
f 57/57/28 56/56/28 55/55/28 
f 55/55/28 58/58/28 57/57/28 
f 59/59/29 57/57/29 58/58/29 
f 58/58/30 60/60/30 59/59/30 
f 61/61/31 62/62/31 59/59/31 
f 59/59/31 60/60/31 61/61/31 
f 17/17/32 63/17/32 64/20/32 
f 64/20/32 20/20/32 17/17/32 
f 65/63/33 66/64/33 62/62/33 
f 62/62/33 61/61/33 65/63/33 
f 66/64/34 65/63/34 1/65/34 
f 1/65/34 4/66/34 66/64/34 
f 3/67/35 6/68/35 8/69/35 
f 3/67/35 8/69/35 10/70/35 
f 10/70/35 12/71/35 13/72/35 
f 13/72/35 15/73/35 18/74/35 
f 18/74/35 19/75/35 21/76/35 
f 13/72/35 18/74/35 21/76/35 
f 10/70/35 13/72/35 21/76/35 
f 21/76/35 23/77/35 26/78/35 
f 26/78/35 27/79/35 29/80/35 
f 21/76/35 26/78/35 29/80/35 
f 29/80/35 31/81/35 33/82/35 
f 33/82/35 35/83/35 37/84/35 
f 29/80/35 33/82/35 37/84/35 
f 37/84/35 39/85/35 42/86/35 
f 42/86/35 44/87/35 45/88/35 
f 37/84/35 42/86/35 45/88/35 
f 45/88/35 47/89/35 50/90/35 
f 50/90/35 52/91/35 53/92/35 
f 45/88/35 50/90/35 53/92/35 
f 37/84/35 45/88/35 53/92/35 
f 29/80/35 37/84/35 53/92/35 
f 21/76/35 29/80/35 53/92/35 
f 10/70/35 21/76/35 53/92/35 
f 53/92/35 56/93/35 57/94/35 
f 57/94/35 59/95/35 62/96/35 
f 53/92/35 57/94/35 62/96/35 
f 10/70/35 53/92/35 62/96/35 
f 3/67/35 10/70/35 62/96/35 
f 4/97/35 3/67/35 62/96/35 
f 4/97/35 62/96/35 66/98/35 
f 67/7/36 68/7/36 69/9/36 
f 69/9/36 70/9/36 67/7/36 
f 71/38/37 38/38/37 36/36/37 
f 36/36/37 72/36/37 71/38/37 
f 73/55/38 55/55/38 54/54/38 
f 54/54/38 74/54/38 73/55/38 
f 75/11/39 11/11/39 9/9/39 
f 9/9/39 70/9/39 75/11/39 
f 76/30/40 30/30/40 28/28/40 
f 28/28/40 77/28/40 76/30/40 
f 78/48/41 48/48/41 46/46/41 
f 46/46/41 79/46/41 78/48/41 
f 2/2/42 1/1/42 80/1/42 
f 80/1/42 81/2/42 2/2/42 
f 65/63/43 82/63/43 80/65/43 
f 80/65/43 1/65/43 65/63/43 
f 83/22/44 22/22/44 20/20/44 
f 20/20/44 64/20/44 83/22/44 
f 84/40/45 40/40/45 38/38/45 
f 38/38/45 71/38/45 84/40/45 
f 73/55/46 85/58/46 58/58/46 
f 58/58/46 55/55/46 73/55/46 
f 86/14/47 14/14/47 11/11/47 
f 11/11/47 75/11/47 86/14/47 
f 87/32/48 32/32/48 30/30/48 
f 30/30/48 76/30/48 87/32/48 
f 88/49/49 49/49/49 48/48/49 
f 48/48/49 78/48/49 88/49/49 
f 81/2/50 89/5/50 5/5/50 
f 5/5/50 2/2/50 81/2/50 
f 90/24/51 24/24/51 22/22/51 
f 22/22/51 83/22/51 90/24/51 
f 84/40/52 91/41/52 41/41/52 
f 41/41/52 40/40/52 84/40/52 
f 60/60/53 58/58/53 85/58/53 
f 85/58/53 92/60/53 60/60/53 
f 93/16/54 16/16/54 14/14/54 
f 14/14/54 86/14/54 93/16/54 
f 94/34/55 34/34/55 32/32/55 
f 32/32/55 87/32/55 94/34/55 
f 95/51/56 51/51/56 49/49/56 
f 49/49/56 88/49/56 95/51/56 
f 67/7/57 7/7/57 5/5/57 
f 5/5/57 89/5/57 67/7/57 
f 96/25/58 25/25/58 24/24/58 
f 24/24/58 90/24/58 96/25/58 
f 97/43/59 43/43/59 41/41/59 
f 41/41/59 91/41/59 97/43/59 
f 61/61/60 60/60/60 92/60/60 
f 92/60/60 98/61/60 61/61/60 
f 16/16/61 93/16/61 63/17/61 
f 63/17/62 17/17/62 16/16/62 
f 72/36/63 36/36/63 34/34/63 
f 34/34/63 94/34/63 72/36/63 
f 74/54/64 54/54/64 51/51/64 
f 51/51/64 95/51/64 74/54/64 
f 9/9/65 7/7/65 67/7/65 
f 67/7/65 70/9/66 9/9/65 
f 77/28/67 28/28/67 25/25/67 
f 25/25/67 96/25/67 77/28/67 
f 79/46/68 46/46/68 43/43/68 
f 43/43/68 97/43/68 79/46/68 
f 65/63/69 61/61/69 98/61/69 
f 98/61/69 82/63/69 65/63/69 
f 99/99/70 100/100/70 101/101/70 
f 101/101/70 102/102/70 103/103/70 
f 99/99/70 101/101/70 103/103/70 
f 103/103/70 104/104/70 105/105/70 
f 105/105/70 106/106/70 107/107/70 
f 103/103/70 105/105/70 107/107/70 
f 107/107/70 108/108/70 109/109/70 
f 109/109/70 110/110/70 111/111/70 
f 107/107/70 109/109/70 111/111/70 
f 103/103/70 107/107/70 111/111/70 
f 111/111/70 112/112/70 113/113/70 
f 113/113/70 114/114/70 115/115/70 
f 111/111/70 113/113/70 115/115/70 
f 115/115/70 116/116/70 117/117/70 
f 117/117/70 118/118/70 119/119/70 
f 115/115/70 117/117/70 119/119/70 
f 111/111/71 115/115/71 119/119/71 
f 103/103/70 111/111/70 119/119/70 
f 119/119/70 120/120/70 121/121/70 
f 121/121/70 122/122/70 123/123/70 
f 119/119/70 121/121/70 123/123/70 
f 119/119/70 123/123/70 124/124/70 
f 103/103/72 119/119/72 124/124/72 
f 124/124/70 125/125/70 126/126/70 
f 126/126/70 127/127/70 69/128/70 
f 124/124/70 126/126/70 69/128/70 
f 103/103/70 124/124/70 69/128/70 
f 99/99/70 103/103/70 69/128/70 
f 99/99/70 69/128/70 68/129/70 
f 99/99/70 68/129/70 128/130/70 
f 98/61/73 102/61/73 101/63/74 
f 101/63/73 82/63/73 98/61/73 
f 72/36/75 115/36/76 114/38/75 
f 114/38/75 71/38/75 72/36/75 
f 70/9/77 69/9/77 127/11/77 
f 127/11/77 75/11/77 70/9/77 
f 82/63/78 101/63/78 100/65/78 
f 100/65/78 80/65/78 82/63/78 
f 71/38/79 114/38/79 113/40/79 
f 113/40/80 84/40/79 71/38/79 
f 75/11/81 127/11/81 126/14/81 
f 126/14/81 86/14/81 75/11/81 
f 84/40/82 113/40/82 112/41/82 
f 112/41/82 91/41/82 84/40/82 
f 86/14/83 126/14/83 125/16/83 
f 125/16/83 93/16/83 86/14/83 
f 91/41/84 112/41/84 111/43/84 
f 111/43/84 97/43/84 91/41/84 
f 63/17/85 93/16/85 125/16/85 
f 125/16/85 124/17/85 63/17/85 
f 97/43/86 111/43/86 110/46/86 
f 110/46/86 79/46/86 97/43/86 
f 63/17/87 124/17/87 123/20/87 
f 123/20/87 64/20/87 63/17/87 
f 79/46/88 110/46/88 109/48/88 
f 109/48/88 78/48/88 79/46/88 
f 64/20/89 123/20/89 122/22/89 
f 122/22/89 83/22/89 64/20/89 
f 78/48/90 109/48/90 108/49/90 
f 108/49/90 88/49/90 78/48/90 
f 83/22/91 122/22/91 121/24/91 
f 121/24/91 90/24/91 83/22/91 
f 88/49/92 108/49/92 107/51/92 
f 107/51/92 95/51/92 88/49/92 
f 90/24/93 121/24/93 120/25/93 
f 120/25/93 96/25/93 90/24/93 
f 95/51/94 107/51/94 106/54/94 
f 106/54/94 74/54/94 95/51/94 
f 96/25/95 120/25/95 119/28/95 
f 119/28/95 77/28/95 96/25/95 
f 74/54/96 106/54/96 105/55/96 
f 105/55/96 73/55/96 74/54/96 
f 77/28/97 119/28/97 118/30/97 
f 118/30/97 76/30/97 77/28/97 
f 80/1/98 100/1/98 99/2/98 
f 99/2/98 81/2/98 80/1/98 
f 73/55/99 105/55/99 104/58/99 
f 104/58/99 85/58/99 73/55/99 
f 76/30/100 118/30/100 117/32/100 
f 117/32/100 87/32/101 76/30/100 
f 81/2/102 99/2/102 128/5/102 
f 128/5/102 89/5/102 81/2/102 
f 85/58/103 104/58/103 103/60/103 
f 103/60/103 92/60/103 85/58/103 
f 87/32/104 117/32/104 116/34/104 
f 116/34/104 94/34/104 87/32/104 
f 89/5/105 128/5/105 68/7/105 
f 68/7/105 67/7/105 89/5/105 
f 92/60/106 103/60/106 102/61/106 
f 102/61/106 98/61/106 92/60/106 
f 94/34/107 116/34/107 115/36/107 
f 115/36/107 72/36/107 94/34/107 
f 129/2/108 130/3/108 131/4/108 
f 131/4/108 132/1/108 129/2/108 
f 133/6/109 130/3/109 129/2/109 
f 129/2/109 134/5/109 133/6/109 
f 135/7/110 136/8/110 133/6/110 
f 133/6/110 134/5/110 135/7/110 
f 137/10/111 136/8/111 135/7/111 
f 135/7/112 138/9/112 137/10/112 
f 139/11/113 140/12/113 137/10/113 
f 137/10/113 138/9/113 139/11/113 
f 141/13/114 140/12/114 139/11/114 
f 139/11/114 142/14/114 141/13/114 
f 143/15/115 141/13/115 142/14/115 
f 142/14/115 144/16/115 143/15/115 
f 145/17/116 146/18/116 143/15/116 
f 143/15/116 144/16/116 145/17/116 
f 147/19/117 146/18/117 145/17/117 
f 145/17/117 148/20/117 147/19/117 
f 149/22/118 150/21/118 147/19/118 
f 147/19/118 148/20/118 149/22/118 
f 151/24/119 152/23/119 150/21/119 
f 150/21/119 149/22/119 151/24/119 
f 153/26/120 152/23/120 151/24/120 
f 151/24/120 154/25/120 153/26/120 
f 155/28/121 156/27/121 153/26/121 
f 153/26/121 154/25/121 155/28/121 
f 157/30/122 158/29/122 156/27/122 
f 156/27/122 155/28/122 157/30/122 
f 159/31/123 158/29/123 157/30/123 
f 157/30/123 160/32/123 159/31/123 
f 160/32/124 161/34/124 162/33/124 
f 162/33/124 159/31/124 160/32/124 
f 163/36/125 164/35/125 162/33/125 
f 162/33/125 161/34/125 163/36/125 
f 165/37/126 164/35/126 163/36/126 
f 163/36/126 166/38/126 165/37/126 
f 167/39/127 165/37/127 166/38/127 
f 166/38/127 168/40/127 167/39/127 
f 169/41/128 170/42/128 167/39/128 
f 167/39/128 168/40/128 169/41/128 
f 171/44/129 170/42/129 169/41/129 
f 169/41/129 172/43/129 171/44/129 
f 173/46/130 174/45/130 171/44/130 
f 171/44/130 172/43/130 173/46/130 
f 175/48/131 176/47/131 174/45/131 
f 174/45/131 173/46/131 175/48/131 
f 177/50/132 176/47/132 175/48/132 
f 175/48/132 178/49/132 177/50/132 
f 179/52/133 177/50/133 178/49/133 
f 178/49/134 180/51/134 179/52/134 
f 181/54/135 182/53/135 179/52/135 
f 179/52/135 180/51/135 181/54/135 
f 183/56/136 182/53/136 181/54/136 
f 181/54/136 184/55/136 183/56/136 
f 185/58/137 186/57/137 183/56/137 
f 183/56/137 184/55/137 185/58/137 
f 187/60/138 188/59/138 186/57/138 
f 186/57/138 185/58/138 187/60/138 
f 189/62/139 188/59/139 187/60/139 
f 187/60/139 190/61/139 189/62/139 
f 191/20/140 148/20/140 145/17/140 
f 145/17/140 192/17/140 191/20/140 
f 193/63/141 194/64/141 189/62/141 
f 189/62/141 190/61/141 193/63/141 
f 193/63/142 132/65/142 131/66/142 
f 131/66/143 194/64/143 193/63/143 
f 131/97/35 130/67/35 133/68/35 
f 133/68/35 136/69/35 137/70/35 
f 131/97/35 133/68/35 137/70/35 
f 140/71/35 141/72/35 143/73/35 
f 137/70/35 140/71/35 143/73/35 
f 137/70/35 143/73/35 146/74/35 
f 146/74/35 147/75/35 150/76/35 
f 137/70/35 146/74/35 150/76/35 
f 137/70/35 150/76/35 152/77/35 
f 152/77/35 153/78/35 156/79/35 
f 137/70/35 152/77/35 156/79/35 
f 137/70/35 156/79/35 158/80/35 
f 158/80/35 159/81/35 162/82/35 
f 137/70/35 158/80/35 162/82/35 
f 137/70/35 162/82/35 164/83/35 
f 164/83/35 165/84/35 167/85/35 
f 137/70/35 164/83/35 167/85/35 
f 137/70/35 167/85/35 170/86/35 
f 170/86/35 171/87/35 174/88/35 
f 137/70/35 170/86/35 174/88/35 
f 137/70/35 174/88/35 176/89/35 
f 176/89/35 177/90/35 179/91/35 
f 137/70/35 176/89/35 179/91/35 
f 137/70/35 179/91/35 182/92/35 
f 182/92/35 183/93/35 186/94/35 
f 137/70/35 182/92/35 186/94/35 
f 137/70/35 186/94/35 188/95/35 
f 131/97/35 137/70/35 188/95/35 
f 131/97/35 188/95/35 189/96/35 
f 131/97/35 189/96/35 194/98/35 
f 195/9/144 196/7/144 197/7/144 
f 197/7/144 198/9/144 195/9/144 
f 199/38/145 166/38/145 163/36/145 
f 163/36/145 200/36/145 199/38/145 
f 201/55/146 184/55/146 181/54/146 
f 181/54/146 202/54/146 201/55/146 
f 138/9/147 195/9/147 203/11/147 
f 203/11/147 139/11/147 138/9/147 
f 155/28/148 204/28/148 205/30/148 
f 205/30/148 157/30/148 155/28/148 
f 175/48/149 173/46/149 206/46/149 
f 206/46/149 207/48/149 175/48/149 
f 132/1/150 208/1/150 209/2/150 
f 209/2/150 129/2/150 132/1/150 
f 132/65/151 193/63/151 210/63/151 
f 210/63/151 208/65/151 132/65/151 
f 191/20/152 211/22/152 149/22/152 
f 149/22/152 148/20/152 191/20/152 
f 199/38/153 212/40/153 168/40/153 
f 168/40/153 166/38/153 199/38/153 
f 201/55/154 213/58/154 185/58/154 
f 185/58/154 184/55/154 201/55/154 
f 214/14/155 142/14/155 139/11/155 
f 139/11/155 203/11/155 214/14/155 
f 215/32/156 160/32/156 157/30/156 
f 157/30/156 205/30/156 215/32/156 
f 216/49/157 178/49/157 175/48/157 
f 175/48/157 207/48/157 216/49/157 
f 217/5/158 134/5/158 129/2/158 
f 129/2/158 209/2/158 217/5/158 
f 149/22/159 211/22/159 218/24/159 
f 218/24/159 151/24/159 149/22/159 
f 169/41/160 168/40/160 212/40/160 
f 212/40/160 219/41/160 169/41/160 
f 187/60/161 185/58/161 213/58/161 
f 213/58/161 220/60/161 187/60/161 
f 214/14/162 221/16/162 144/16/162 
f 144/16/162 142/14/162 214/14/162 
f 215/32/163 222/34/163 161/34/163 
f 161/34/163 160/32/163 215/32/163 
f 216/49/164 223/51/164 180/51/164 
f 180/51/164 178/49/164 216/49/164 
f 134/5/165 217/5/165 196/7/165 
f 196/7/165 135/7/165 134/5/165 
f 224/25/166 154/25/166 151/24/166 
f 151/24/166 218/24/166 224/25/166 
f 225/43/167 172/43/167 169/41/167 
f 169/41/167 219/41/167 225/43/167 
f 226/61/168 190/61/168 187/60/168 
f 187/60/168 220/60/168 226/61/168 
f 144/16/169 221/16/169 192/17/169 
f 192/17/169 145/17/169 144/16/169 
f 161/34/170 222/34/170 200/36/170 
f 200/36/170 163/36/170 161/34/170 
f 181/54/171 180/51/171 223/51/171 
f 223/51/171 202/54/171 181/54/171 
f 195/9/172 138/9/172 135/7/172 
f 135/7/172 196/7/172 195/9/172 
f 224/25/173 204/28/173 155/28/173 
f 155/28/173 154/25/173 224/25/173 
f 225/43/174 206/46/174 173/46/174 
f 173/46/174 172/43/174 225/43/174 
f 226/61/175 210/63/175 193/63/175 
f 193/63/175 190/61/175 226/61/175 
f 227/101/176 228/102/176 229/103/176 
f 227/101/176 229/103/176 230/104/176 
f 230/104/176 231/105/176 232/106/176 
f 227/101/176 230/104/177 232/106/176 
f 227/101/176 232/106/176 233/107/176 
f 233/107/176 234/108/176 235/109/176 
f 227/101/176 233/107/176 235/109/176 
f 227/101/177 235/109/177 236/110/177 
f 236/110/176 237/111/176 238/112/176 
f 227/101/176 236/110/176 238/112/176 
f 227/101/176 238/112/176 239/113/176 
f 239/113/176 240/114/176 241/115/176 
f 227/101/176 239/113/176 241/115/176 
f 227/101/176 241/115/176 242/116/176 
f 242/116/176 243/117/176 244/118/176 
f 227/101/176 242/116/176 244/118/176 
f 227/101/176 244/118/176 245/119/176 
f 245/119/176 246/120/176 247/121/176 
f 227/101/176 245/119/176 247/121/176 
f 227/101/176 247/121/176 248/122/176 
f 248/122/176 249/123/176 250/124/176 
f 227/101/176 248/122/176 250/124/176 
f 250/124/176 251/125/176 252/126/176 
f 250/124/176 252/126/176 253/127/176 
f 227/101/178 250/124/178 253/127/178 
f 227/101/176 253/127/176 198/128/176 
f 198/128/176 197/129/176 254/130/176 
f 227/101/176 198/128/176 254/130/176 
f 255/100/176 227/101/176 254/130/176 
f 256/99/176 255/100/176 254/130/176 
f 210/63/179 226/61/179 228/61/179 
f 228/61/179 227/63/179 210/63/180 
f 241/36/181 240/38/182 199/38/182 
f 199/38/182 200/36/182 241/36/182 
f 203/11/183 195/9/183 198/9/183 
f 198/9/183 253/11/183 203/11/183 
f 208/65/184 210/63/184 227/63/184 
f 227/63/184 255/65/184 208/65/184 
f 212/40/185 199/38/185 240/38/185 
f 240/38/185 239/40/185 212/40/185 
f 252/14/186 214/14/186 203/11/186 
f 203/11/186 253/11/186 252/14/186 
f 219/41/187 212/40/187 239/40/187 
f 239/40/187 238/41/187 219/41/187 
f 221/16/188 214/14/188 252/14/188 
f 252/14/188 251/16/188 221/16/188 
f 238/41/189 237/43/189 225/43/189 
f 225/43/189 219/41/189 238/41/189 
f 192/17/190 221/16/190 251/16/190 
f 251/16/191 250/17/191 192/17/191 
f 206/46/192 225/43/192 237/43/192 
f 237/43/192 236/46/192 206/46/192 
f 250/17/193 249/20/193 191/20/193 
f 191/20/194 192/17/194 250/17/194 
f 207/48/195 206/46/195 236/46/195 
f 236/46/195 235/48/195 207/48/195 
f 211/22/196 191/20/196 249/20/196 
f 249/20/196 248/22/196 211/22/196 
f 235/48/197 234/49/197 216/49/197 
f 216/49/197 207/48/197 235/48/197 
f 218/24/198 211/22/198 248/22/198 
f 248/22/198 247/24/198 218/24/198 
f 223/51/199 216/49/199 234/49/199 
f 234/49/199 233/51/199 223/51/199 
f 247/24/200 246/25/200 224/25/201 
f 224/25/200 218/24/200 247/24/200 
f 202/54/202 223/51/202 233/51/202 
f 233/51/202 232/54/202 202/54/202 
f 204/28/203 224/25/203 246/25/203 
f 246/25/203 245/28/203 204/28/203 
f 232/54/204 231/55/204 201/55/204 
f 201/55/204 202/54/204 232/54/204 
f 205/30/205 204/28/205 245/28/205 
f 245/28/205 244/30/205 205/30/205 
f 208/1/206 255/1/206 256/2/206 
f 256/2/206 209/2/206 208/1/206 
f 213/58/207 201/55/207 231/55/207 
f 231/55/207 230/58/207 213/58/207 
f 244/30/208 243/32/208 215/32/208 
f 215/32/208 205/30/208 244/30/208 
f 254/5/209 217/5/209 209/2/209 
f 209/2/209 256/2/209 254/5/209 
f 220/60/210 213/58/210 230/58/210 
f 230/58/211 229/60/210 220/60/210 
f 222/34/212 215/32/212 243/32/212 
f 243/32/212 242/34/212 222/34/212 
f 197/7/213 196/7/213 217/5/213 
f 217/5/213 254/5/213 197/7/213 
f 229/60/214 228/61/214 226/61/214 
f 226/61/214 220/60/214 229/60/214 
f 200/36/215 222/34/215 242/34/215 
f 242/34/215 241/36/216 200/36/217 
f 257/2/218 258/3/218 259/4/218 
f 259/4/218 260/1/218 257/2/218 
f 261/6/219 258/3/219 257/2/219 
f 257/2/219 262/5/219 261/6/219 
f 263/7/220 264/8/220 261/6/220 
f 261/6/221 262/5/221 263/7/221 
f 265/9/222 266/10/222 264/8/222 
f 264/8/223 263/7/223 265/9/223 
f 267/12/224 266/10/224 265/9/224 
f 265/9/224 268/11/224 267/12/224 
f 269/14/225 270/13/225 267/12/225 
f 267/12/225 268/11/225 269/14/225 
f 271/16/226 272/15/226 270/13/226 
f 270/13/226 269/14/226 271/16/226 
f 273/18/227 272/15/227 271/16/227 
f 271/16/227 274/17/227 273/18/227 
f 275/20/228 276/19/228 273/18/228 
f 273/18/228 274/17/228 275/20/228 
f 277/22/229 278/21/229 276/19/229 
f 276/19/229 275/20/229 277/22/229 
f 279/23/230 278/21/230 277/22/230 
f 277/22/230 280/24/230 279/23/230 
f 281/25/231 282/26/231 279/23/231 
f 279/23/232 280/24/232 281/25/232 
f 283/28/233 284/27/233 282/26/233 
f 282/26/233 281/25/233 283/28/233 
f 285/29/234 284/27/234 283/28/234 
f 283/28/235 286/30/235 285/29/235 
f 287/31/236 285/29/236 286/30/236 
f 286/30/236 288/32/236 287/31/236 
f 289/34/237 290/33/237 287/31/237 
f 287/31/237 288/32/237 289/34/237 
f 291/35/238 290/33/238 289/34/238 
f 289/34/238 292/36/238 291/35/238 
f 293/37/239 291/35/239 292/36/239 
f 292/36/239 294/38/239 293/37/239 
f 295/40/240 296/39/240 293/37/240 
f 293/37/241 294/38/241 295/40/241 
f 297/42/242 296/39/242 295/40/242 
f 295/40/242 298/41/242 297/42/242 
f 299/43/243 300/44/243 297/42/243 
f 297/42/243 298/41/243 299/43/243 
f 301/46/244 302/45/244 300/44/244 
f 300/44/244 299/43/244 301/46/244 
f 303/47/245 302/45/245 301/46/245 
f 301/46/245 304/48/245 303/47/245 
f 305/50/246 303/47/246 304/48/246 
f 304/48/246 306/49/246 305/50/246 
f 307/51/247 308/52/247 305/50/247 
f 305/50/247 306/49/247 307/51/247 
f 309/53/248 308/52/248 307/51/248 
f 307/51/248 310/54/248 309/53/248 
f 311/55/249 312/56/249 309/53/249 
f 309/53/249 310/54/249 311/55/249 
f 313/58/250 314/57/250 312/56/250 
f 312/56/251 311/55/251 313/58/251 
f 315/59/252 314/57/252 313/58/252 
f 313/58/252 316/60/252 315/59/252 
f 317/61/253 318/62/253 315/59/253 
f 315/59/254 316/60/254 317/61/254 
f 274/17/255 319/17/255 320/20/255 
f 320/20/255 275/20/255 274/17/255 
f 321/63/256 322/64/256 318/62/256 
f 318/62/256 317/61/256 321/63/256 
f 321/63/257 260/65/257 259/66/257 
f 259/66/257 322/64/257 321/63/257 
f 258/67/35 261/68/35 264/69/35 
f 259/97/35 258/67/35 264/69/35 
f 259/97/35 264/69/35 266/70/35 
f 266/70/35 267/71/35 270/72/35 
f 259/97/35 266/70/35 270/72/35 
f 259/97/35 270/72/35 272/73/35 
f 272/73/35 273/74/35 276/75/35 
f 259/97/35 272/73/35 276/75/35 
f 259/97/35 276/75/35 278/76/35 
f 278/76/35 279/77/35 282/78/35 
f 259/97/35 278/76/35 282/78/35 
f 259/97/35 282/78/35 284/79/35 
f 284/79/35 285/80/35 287/81/35 
f 259/97/35 284/79/35 287/81/35 
f 259/97/35 287/81/35 290/82/35 
f 290/82/35 291/83/35 293/84/35 
f 259/97/35 290/82/35 293/84/35 
f 259/97/35 293/84/35 296/85/35 
f 296/85/35 297/86/35 300/87/35 
f 259/97/35 296/85/35 300/87/35 
f 259/97/35 300/87/35 302/88/35 
f 302/88/35 303/89/35 305/90/35 
f 259/97/35 302/88/35 305/90/35 
f 259/97/35 305/90/35 308/91/35 
f 308/91/35 309/92/35 312/93/35 
f 259/97/35 308/91/35 312/93/35 
f 259/97/35 312/93/35 314/94/35 
f 314/94/35 315/95/35 318/96/35 
f 259/97/35 314/94/35 318/96/35 
f 259/97/35 318/96/35 322/98/35 
f 323/7/258 324/7/258 325/9/258 
f 325/9/258 326/9/258 323/7/258 
f 327/38/259 294/38/259 292/36/259 
f 292/36/259 328/36/259 327/38/259 
f 329/55/260 311/55/260 310/54/260 
f 310/54/260 330/54/260 329/55/260 
f 265/9/261 326/9/261 331/11/261 
f 331/11/261 268/11/261 265/9/261 
f 286/30/262 283/28/262 332/28/262 
f 332/28/262 333/30/262 286/30/262 
f 304/48/263 301/46/263 334/46/263 
f 334/46/263 335/48/263 304/48/263 
f 336/2/264 257/2/264 260/1/264 
f 260/1/265 337/1/265 336/2/265 
f 338/63/266 337/65/266 260/65/266 
f 260/65/266 321/63/266 338/63/266 
f 275/20/267 320/20/267 339/22/267 
f 339/22/267 277/22/267 275/20/267 
f 340/40/268 295/40/268 294/38/268 
f 294/38/268 327/38/268 340/40/268 
f 341/58/269 313/58/269 311/55/269 
f 311/55/269 329/55/269 341/58/269 
f 268/11/270 331/11/270 342/14/270 
f 342/14/270 269/14/270 268/11/270 
f 343/32/271 288/32/271 286/30/271 
f 286/30/271 333/30/271 343/32/271 
f 344/49/272 306/49/272 304/48/272 
f 304/48/272 335/48/272 344/49/272 
f 257/2/273 336/2/273 345/5/273 
f 345/5/273 262/5/273 257/2/273 
f 339/22/274 346/24/274 280/24/274 
f 280/24/274 277/22/274 339/22/274 
f 298/41/275 295/40/275 340/40/275 
f 340/40/275 347/41/275 298/41/275 
f 316/60/276 313/58/276 341/58/276 
f 341/58/276 348/60/276 316/60/276 
f 269/14/277 342/14/277 349/16/277 
f 349/16/277 271/16/277 269/14/277 
f 350/34/278 289/34/278 288/32/278 
f 288/32/278 343/32/278 350/34/278 
f 351/51/279 307/51/279 306/49/279 
f 306/49/279 344/49/279 351/51/279 
f 262/5/280 345/5/280 323/7/280 
f 323/7/280 263/7/280 262/5/280 
f 346/24/281 352/25/282 281/25/281 
f 281/25/282 280/24/282 346/24/282 
f 353/43/283 299/43/283 298/41/283 
f 298/41/283 347/41/283 353/43/283 
f 354/61/284 317/61/284 316/60/284 
f 316/60/284 348/60/284 354/61/284 
f 271/16/285 349/16/285 319/17/285 
f 319/17/285 274/17/285 271/16/285 
f 292/36/286 289/34/286 350/34/286 
f 350/34/286 328/36/286 292/36/286 
f 310/54/287 307/51/287 351/51/287 
f 351/51/287 330/54/287 310/54/287 
f 263/7/288 323/7/288 326/9/288 
f 326/9/288 265/9/288 263/7/288 
f 283/28/289 281/25/289 352/25/289 
f 352/25/289 332/28/289 283/28/289 
f 334/46/290 301/46/290 299/43/290 
f 299/43/290 353/43/290 334/46/290 
f 338/63/291 321/63/291 317/61/291 
f 317/61/291 354/61/291 338/63/291 
f 355/99/292 356/100/292 357/101/292 
f 357/101/292 358/102/292 359/103/292 
f 355/99/292 357/101/292 359/103/292 
f 360/104/292 361/105/292 362/106/292 
f 359/103/292 360/104/292 362/106/292 
f 355/99/292 359/103/292 362/106/292 
f 363/107/292 364/108/292 365/109/292 
f 362/106/292 363/107/292 365/109/292 
f 366/110/292 367/111/292 368/112/292 
f 365/109/292 366/110/292 368/112/292 
f 362/106/292 365/109/292 368/112/292 
f 355/99/293 362/106/293 368/112/293 
f 369/113/292 370/114/292 371/115/292 
f 368/112/292 369/113/292 371/115/292 
f 372/116/292 373/117/292 374/118/292 
f 371/115/292 372/116/292 374/118/292 
f 368/112/292 371/115/292 374/118/292 
f 375/119/292 376/120/292 377/121/292 
f 374/118/292 375/119/292 377/121/292 
f 378/122/292 379/123/292 380/124/292 
f 377/121/292 378/122/292 380/124/292 
f 374/118/292 377/121/292 380/124/292 
f 368/112/292 374/118/292 380/124/292 
f 355/99/292 368/112/292 380/124/292 
f 381/125/292 382/126/292 383/127/292 
f 380/124/292 381/125/292 383/127/292 
f 325/128/292 324/129/292 384/130/292 
f 383/127/292 325/128/292 384/130/292 
f 380/124/292 383/127/292 384/130/292 
f 355/99/292 380/124/292 384/130/292 
f 354/61/294 358/61/294 357/63/295 
f 357/63/294 338/63/294 354/61/294 
f 327/38/296 328/36/296 371/36/296 
f 371/36/296 370/38/296 327/38/296 
f 383/11/297 331/11/297 326/9/297 
f 326/9/297 325/9/297 383/11/297 
f 357/63/298 356/65/298 337/65/298 
f 337/65/298 338/63/298 357/63/298 
f 327/38/299 370/38/299 369/40/299 
f 369/40/299 340/40/299 327/38/299 
f 342/14/300 331/11/300 383/11/300 
f 383/11/300 382/14/300 342/14/300 
f 368/41/301 347/41/301 340/40/301 
f 340/40/301 369/40/301 368/41/301 
f 342/14/302 382/14/302 381/16/302 
f 381/16/302 349/16/302 342/14/302 
f 353/43/303 347/41/303 368/41/303 
f 368/41/303 367/43/303 353/43/303 
f 380/17/304 319/17/304 349/16/304 
f 349/16/304 381/16/304 380/17/304 
f 353/43/305 367/43/305 366/46/305 
f 366/46/305 334/46/305 353/43/305 
f 320/20/306 319/17/306 380/17/306 
f 380/17/306 379/20/306 320/20/306 
f 365/48/307 335/48/307 334/46/307 
f 334/46/307 366/46/307 365/48/307 
f 320/20/308 379/20/308 378/22/308 
f 378/22/308 339/22/308 320/20/308 
f 344/49/309 335/48/309 365/48/309 
f 365/48/309 364/49/309 344/49/309 
f 339/22/310 378/22/310 377/24/310 
f 377/24/310 346/24/310 339/22/310 
f 344/49/311 364/49/311 363/51/311 
f 363/51/311 351/51/311 344/49/311 
f 377/24/312 376/25/312 352/25/312 
f 352/25/312 346/24/312 377/24/312 
f 362/54/313 330/54/313 351/51/313 
f 351/51/313 363/51/313 362/54/313 
f 375/28/314 332/28/314 352/25/314 
f 352/25/314 376/25/314 375/28/314 
f 329/55/315 330/54/315 362/54/315 
f 362/54/315 361/55/315 329/55/315 
f 374/30/316 333/30/316 332/28/316 
f 332/28/316 375/28/316 374/30/316 
f 336/2/317 337/1/317 356/1/317 
f 356/1/317 355/2/317 336/2/317 
f 329/55/318 361/55/318 360/58/318 
f 360/58/318 341/58/318 329/55/318 
f 343/32/319 333/30/319 374/30/319 
f 374/30/319 373/32/319 343/32/319 
f 384/5/320 345/5/320 336/2/320 
f 336/2/320 355/2/320 384/5/320 
f 359/60/321 348/60/322 341/58/322 
f 341/58/322 360/58/322 359/60/322 
f 343/32/323 373/32/323 372/34/323 
f 372/34/323 350/34/323 343/32/323 
f 323/7/324 345/5/324 384/5/324 
f 384/5/324 324/7/324 323/7/324 
f 354/61/325 348/60/325 359/60/325 
f 359/60/325 358/61/325 354/61/325 
f 371/36/326 328/36/326 350/34/326 
f 350/34/326 372/34/326 371/36/326 
f 385/131/327 386/131/327 387/131/327 
f 387/131/328 388/131/328 385/131/328 
f 388/131/329 387/131/329 389/131/329 
f 389/131/329 390/131/329 388/131/329 
f 388/131/330 391/131/331 392/131/331 
f 392/131/331 385/131/331 388/131/331 
f 393/131/332 391/131/332 388/131/332 
f 388/131/332 390/131/332 393/131/332 
f 394/131/333 395/131/333 396/131/333 
f 396/131/333 386/131/333 394/131/333 
f 397/131/334 387/131/334 386/131/334 
f 386/131/335 396/131/335 397/131/335 
f 397/131/336 398/131/336 389/131/336 
f 389/131/336 387/131/336 397/131/336 
f 389/131/337 398/131/337 399/131/337 
f 399/131/337 400/131/337 389/131/337 
f 401/131/338 390/131/338 389/131/338 
f 389/131/338 400/131/338 401/131/338 
f 401/131/339 402/131/339 393/131/339 
f 393/131/339 390/131/339 401/131/339 
f 403/131/340 393/131/340 402/131/340 
f 402/131/341 404/131/341 403/131/341 
f 393/131/342 403/131/342 405/131/342 
f 405/131/342 391/131/342 393/131/342 
f 391/131/343 405/131/343 406/131/343 
f 406/131/344 392/131/344 391/131/344 
f 406/131/345 407/131/345 408/131/345 
f 408/131/346 392/131/346 406/131/346 
f 385/131/347 392/131/347 408/131/347 
f 408/131/347 409/131/347 385/131/347 
f 394/131/348 386/131/348 385/131/348 
f 385/131/349 409/131/349 394/131/349 
f 410/131/350 411/131/350 412/131/350 
f 412/131/350 413/131/350 410/131/350 
f 414/131/351 415/131/351 411/131/351 
f 411/131/352 410/131/352 414/131/352 
f 411/131/353 416/131/353 417/131/353 
f 417/131/353 412/131/353 411/131/353 
f 411/131/354 415/131/354 418/131/354 
f 418/131/354 416/131/354 411/131/354 
f 419/131/355 413/131/355 420/131/355 
f 420/131/355 421/131/355 419/131/355 
f 410/131/356 413/131/356 419/131/356 
f 419/131/356 422/131/356 410/131/356 
f 423/131/357 414/131/357 410/131/357 
f 410/131/357 422/131/357 423/131/357 
f 414/131/358 423/131/358 424/131/358 
f 424/131/358 425/131/358 414/131/358 
f 426/131/359 415/131/359 414/131/359 
f 414/131/360 425/131/360 426/131/360 
f 427/131/361 418/131/361 415/131/361 
f 415/131/361 426/131/361 427/131/361 
f 428/131/362 418/131/362 427/131/362 
f 427/131/362 429/131/362 428/131/362 
f 428/131/363 430/131/363 416/131/363 
f 416/131/363 418/131/363 428/131/363 
f 416/131/364 430/131/364 431/131/364 
f 431/131/364 417/131/364 416/131/364 
f 432/131/365 417/131/365 431/131/365 
f 431/131/365 433/131/365 432/131/365 
f 412/131/366 417/131/366 432/131/366 
f 432/131/366 434/131/366 412/131/366 
f 413/131/367 412/131/367 434/131/367 
f 434/131/368 420/131/368 413/131/368 
f 435/131/369 436/131/369 437/131/369 
f 437/131/369 438/131/369 435/131/369 
f 439/131/370 440/131/370 436/131/370 
f 436/131/371 435/131/371 439/131/371 
f 436/131/372 441/131/372 442/131/372 
f 442/131/372 437/131/372 436/131/372 
f 436/131/373 440/131/373 443/131/373 
f 443/131/373 441/131/373 436/131/373 
f 438/131/374 444/131/374 445/131/374 
f 445/131/375 446/131/375 438/131/375 
f 446/131/376 447/131/376 435/131/376 
f 435/131/376 438/131/376 446/131/376 
f 439/131/377 435/131/377 447/131/377 
f 447/131/378 448/131/378 439/131/378 
f 448/131/379 449/131/379 450/131/379 
f 450/131/379 439/131/379 448/131/379 
f 451/131/380 440/131/380 439/131/380 
f 439/131/380 450/131/380 451/131/380 
f 452/131/381 443/131/381 440/131/381 
f 440/131/381 451/131/381 452/131/381 
f 423/131/382 443/131/382 452/131/382 
f 452/131/382 424/131/382 423/131/382 
f 422/131/383 441/131/383 443/131/383 
f 443/131/383 423/131/383 422/131/383 
f 422/131/384 419/131/384 442/131/384 
f 442/131/384 441/131/384 422/131/384 
f 419/131/385 421/131/385 453/131/385 
f 453/131/385 442/131/385 419/131/385 
f 437/131/386 442/131/386 453/131/386 
f 453/131/387 454/131/387 437/131/387 
f 438/131/388 437/131/388 454/131/388 
f 454/131/389 444/131/389 438/131/389 
f 455/131/390 456/131/390 457/131/390 
f 457/131/391 458/131/391 455/131/391 
f 459/131/392 460/131/392 456/131/392 
f 456/131/392 455/131/392 459/131/392 
f 456/131/393 461/131/393 462/131/393 
f 462/131/394 457/131/394 456/131/394 
f 456/131/395 460/131/395 463/131/395 
f 463/131/395 461/131/395 456/131/395 
f 464/131/396 465/131/396 466/131/396 
f 466/131/396 458/131/396 464/131/396 
f 455/131/397 458/131/397 466/131/397 
f 466/131/398 467/131/398 455/131/398 
f 459/131/399 455/131/399 467/131/399 
f 467/131/399 468/131/399 459/131/399 
f 468/131/400 469/131/400 470/131/400 
f 470/131/401 459/131/401 468/131/401 
f 471/131/402 460/131/402 459/131/402 
f 459/131/402 470/131/402 471/131/402 
f 472/131/403 463/131/403 460/131/403 
f 460/131/404 471/131/404 472/131/404 
f 449/131/405 448/131/405 463/131/405 
f 463/131/405 472/131/405 449/131/405 
f 447/131/406 461/131/406 463/131/406 
f 463/131/407 448/131/407 447/131/407 
f 447/131/408 446/131/408 462/131/408 
f 462/131/408 461/131/408 447/131/408 
f 446/131/409 445/131/409 473/131/409 
f 473/131/409 462/131/409 446/131/409 
f 462/131/410 473/131/410 474/131/410 
f 474/131/410 457/131/410 462/131/410 
f 458/131/411 457/131/411 474/131/411 
f 474/131/411 464/131/411 458/131/411 
f 475/131/412 476/131/412 477/131/412 
f 477/131/412 478/131/413 475/131/412 
f 479/131/414 480/131/414 476/131/414 
f 476/131/415 475/131/415 479/131/415 
f 476/131/416 481/131/416 482/131/416 
f 482/131/416 477/131/416 476/131/416 
f 476/131/417 480/131/417 483/131/417 
f 483/131/417 481/131/417 476/131/417 
f 478/131/418 484/131/418 485/131/418 
f 485/131/418 486/131/418 478/131/418 
f 478/131/419 486/131/419 487/131/419 
f 487/131/419 475/131/419 478/131/419 
f 487/131/420 488/131/420 479/131/420 
f 479/131/421 475/131/421 487/131/421 
f 489/131/422 479/131/422 488/131/422 
f 488/131/422 490/131/422 489/131/422 
f 480/131/423 479/131/423 489/131/423 
f 489/131/424 491/131/424 480/131/424 
f 492/131/425 483/131/425 480/131/425 
f 480/131/426 491/131/426 492/131/426 
f 469/131/427 468/131/427 483/131/427 
f 483/131/427 492/131/427 469/131/427 
f 467/131/428 481/131/428 483/131/428 
f 483/131/428 468/131/428 467/131/428 
f 467/131/429 466/131/429 482/131/429 
f 482/131/429 481/131/429 467/131/429 
f 466/131/430 465/131/430 493/131/430 
f 493/131/430 482/131/430 466/131/430 
f 482/131/431 493/131/431 494/131/431 
f 494/131/432 477/131/432 482/131/432 
f 484/131/433 478/131/433 477/131/433 
f 477/131/433 494/131/433 484/131/433 
f 495/131/434 496/131/434 497/131/434 
f 497/131/435 498/131/435 495/131/435 
f 499/131/436 500/131/436 496/131/436 
f 496/131/436 495/131/436 499/131/436 
f 496/131/437 501/131/437 502/131/437 
f 502/131/437 497/131/437 496/131/437 
f 496/131/438 500/131/438 503/131/438 
f 503/131/438 501/131/438 496/131/438 
f 498/131/439 504/131/439 505/131/439 
f 505/131/440 506/131/440 498/131/440 
f 498/131/441 506/131/441 507/131/441 
f 507/131/441 495/131/441 498/131/441 
f 499/131/442 495/131/442 507/131/442 
f 507/131/442 508/131/442 499/131/442 
f 508/131/443 509/131/443 510/131/443 
f 510/131/443 499/131/443 508/131/443 
f 500/131/444 499/131/444 510/131/444 
f 510/131/445 511/131/445 500/131/445 
f 512/131/446 503/131/446 500/131/446 
f 500/131/447 511/131/447 512/131/447 
f 488/131/448 503/131/448 512/131/448 
f 512/131/448 490/131/448 488/131/448 
f 501/131/449 503/131/449 488/131/449 
f 488/131/449 487/131/449 501/131/449 
f 487/131/450 486/131/450 502/131/450 
f 502/131/450 501/131/450 487/131/450 
f 486/131/451 485/131/451 513/131/451 
f 513/131/451 502/131/451 486/131/451 
f 502/131/452 513/131/452 514/131/452 
f 514/131/452 497/131/452 502/131/452 
f 504/131/453 498/131/453 497/131/453 
f 497/131/454 514/131/454 504/131/454 
f 515/131/455 516/131/455 517/131/455 
f 517/131/456 518/131/456 515/131/456 
f 519/131/457 520/131/457 516/131/457 
f 516/131/457 515/131/457 519/131/457 
f 516/131/458 521/131/458 522/131/458 
f 522/131/458 517/131/458 516/131/458 
f 516/131/459 520/131/459 523/131/459 
f 523/131/460 521/131/460 516/131/460 
f 518/131/461 524/131/461 525/131/461 
f 525/131/461 526/131/461 518/131/461 
f 518/131/462 526/131/462 527/131/462 
f 527/131/462 515/131/462 518/131/462 
f 519/131/463 515/131/463 527/131/463 
f 527/131/463 528/131/463 519/131/463 
f 528/131/464 529/131/464 530/131/464 
f 530/131/464 519/131/464 528/131/464 
f 520/131/465 519/131/465 530/131/465 
f 530/131/465 531/131/465 520/131/465 
f 532/131/466 523/131/466 520/131/466 
f 520/131/466 531/131/466 532/131/466 
f 508/131/467 523/131/467 532/131/467 
f 532/131/468 509/131/468 508/131/468 
f 507/131/469 521/131/469 523/131/469 
f 523/131/469 508/131/469 507/131/469 
f 507/131/470 506/131/470 522/131/470 
f 522/131/470 521/131/470 507/131/470 
f 506/131/471 505/131/471 533/131/471 
f 533/131/472 522/131/472 506/131/472 
f 522/131/473 533/131/473 534/131/473 
f 534/131/473 517/131/473 522/131/473 
f 524/131/474 518/131/474 517/131/474 
f 517/131/474 534/131/474 524/131/474 
f 535/131/475 536/131/475 537/131/475 
f 537/131/475 538/131/475 535/131/475 
f 539/131/476 540/131/476 536/131/476 
f 536/131/476 535/131/476 539/131/476 
f 536/131/477 541/131/477 542/131/477 
f 542/131/477 537/131/477 536/131/477 
f 536/131/478 540/131/478 543/131/478 
f 543/131/478 541/131/478 536/131/478 
f 538/131/479 544/131/479 545/131/479 
f 545/131/480 546/131/480 538/131/480 
f 538/131/481 546/131/481 547/131/481 
f 547/131/481 535/131/481 538/131/481 
f 539/131/482 535/131/482 547/131/482 
f 547/131/483 548/131/483 539/131/483 
f 548/131/484 549/131/484 550/131/484 
f 550/131/484 539/131/484 548/131/484 
f 540/131/485 539/131/485 550/131/485 
f 550/131/485 551/131/485 540/131/485 
f 552/131/486 543/131/486 540/131/486 
f 540/131/487 551/131/487 552/131/487 
f 528/131/488 543/131/488 552/131/488 
f 552/131/489 529/131/489 528/131/489 
f 527/131/490 541/131/490 543/131/490 
f 543/131/491 528/131/491 527/131/491 
f 527/131/492 526/131/492 542/131/492 
f 542/131/492 541/131/492 527/131/492 
f 526/131/493 525/131/493 553/131/493 
f 553/131/493 542/131/493 526/131/493 
f 542/131/494 553/131/494 554/131/494 
f 554/131/494 537/131/494 542/131/494 
f 544/131/495 538/131/495 537/131/495 
f 537/131/495 554/131/495 544/131/495 
f 555/131/496 556/131/496 557/131/496 
f 557/131/497 558/131/497 555/131/497 
f 559/131/498 560/131/498 556/131/498 
f 556/131/499 555/131/499 559/131/499 
f 556/131/500 561/131/500 562/131/500 
f 562/131/500 557/131/500 556/131/500 
f 556/131/501 560/131/501 563/131/501 
f 563/131/501 561/131/501 556/131/501 
f 558/131/502 564/131/502 565/131/502 
f 565/131/502 566/131/502 558/131/502 
f 558/131/503 566/131/503 567/131/503 
f 567/131/503 555/131/503 558/131/503 
f 559/131/504 555/131/504 567/131/504 
f 567/131/505 568/131/505 559/131/505 
f 569/131/506 559/131/506 568/131/506 
f 568/131/506 570/131/506 569/131/506 
f 560/131/507 559/131/507 569/131/507 
f 569/131/507 571/131/507 560/131/507 
f 572/131/508 563/131/508 560/131/508 
f 560/131/508 571/131/508 572/131/508 
f 548/131/509 563/131/509 572/131/509 
f 572/131/510 549/131/510 548/131/510 
f 547/131/511 561/131/511 563/131/511 
f 563/131/511 548/131/511 547/131/511 
f 547/131/512 546/131/512 562/131/512 
f 562/131/513 561/131/513 547/131/513 
f 546/131/514 545/131/514 573/131/514 
f 573/131/514 562/131/514 546/131/514 
f 562/131/515 573/131/515 574/131/515 
f 574/131/515 557/131/515 562/131/515 
f 564/131/516 558/131/516 557/131/516 
f 557/131/516 574/131/516 564/131/516 
f 575/131/517 576/131/517 577/131/517 
f 577/131/518 578/131/518 575/131/518 
f 579/131/519 580/131/519 576/131/519 
f 576/131/519 575/131/519 579/131/519 
f 576/131/520 581/131/520 582/131/520 
f 582/131/520 577/131/520 576/131/520 
f 576/131/521 580/131/521 583/131/521 
f 583/131/522 581/131/522 576/131/522 
f 578/131/523 584/131/523 585/131/523 
f 585/131/523 586/131/523 578/131/523 
f 578/131/524 586/131/524 587/131/524 
f 587/131/525 575/131/525 578/131/525 
f 579/131/526 575/131/526 587/131/526 
f 587/131/526 588/131/526 579/131/526 
f 589/131/527 579/131/527 588/131/528 
f 588/131/527 590/131/527 589/131/527 
f 580/131/529 579/131/529 589/131/529 
f 589/131/529 591/131/529 580/131/529 
f 592/131/530 583/131/530 580/131/530 
f 580/131/530 591/131/530 592/131/530 
f 570/131/531 568/131/531 583/131/531 
f 583/131/531 592/131/531 570/131/531 
f 567/131/532 581/131/532 583/131/532 
f 583/131/532 568/131/532 567/131/532 
f 567/131/533 566/131/533 582/131/533 
f 582/131/533 581/131/533 567/131/533 
f 566/131/534 565/131/534 593/131/534 
f 593/131/534 582/131/534 566/131/534 
f 582/131/535 593/131/535 594/131/535 
f 594/131/535 577/131/535 582/131/535 
f 584/131/536 578/131/536 577/131/536 
f 577/131/536 594/131/536 584/131/536 
f 595/131/537 596/131/537 597/131/537 
f 597/131/538 598/131/538 595/131/538 
f 599/131/539 600/131/539 596/131/539 
f 596/131/539 595/131/539 599/131/539 
f 596/131/540 601/131/540 602/131/540 
f 602/131/540 597/131/540 596/131/540 
f 596/131/541 600/131/541 603/131/541 
f 603/131/541 601/131/541 596/131/541 
f 598/131/542 604/131/542 605/131/542 
f 605/131/542 606/131/542 598/131/542 
f 598/131/543 606/131/543 607/131/543 
f 607/131/543 595/131/543 598/131/543 
f 599/131/544 595/131/544 607/131/544 
f 607/131/544 608/131/544 599/131/544 
f 609/131/545 599/131/545 608/131/545 
f 608/131/546 610/131/546 609/131/546 
f 600/131/547 599/131/547 609/131/547 
f 609/131/547 611/131/547 600/131/547 
f 612/131/548 603/131/548 600/131/548 
f 600/131/548 611/131/548 612/131/548 
f 590/131/549 588/131/549 603/131/549 
f 603/131/549 612/131/549 590/131/549 
f 587/131/550 601/131/550 603/131/550 
f 603/131/551 588/131/551 587/131/551 
f 587/131/552 586/131/552 602/131/552 
f 602/131/552 601/131/552 587/131/552 
f 586/131/553 585/131/553 613/131/553 
f 613/131/553 602/131/553 586/131/553 
f 602/131/554 613/131/554 614/131/554 
f 614/131/555 597/131/555 602/131/555 
f 604/131/556 598/131/556 597/131/556 
f 597/131/556 614/131/556 604/131/556 
f 615/131/557 616/131/557 617/131/557 
f 617/131/558 618/131/558 615/131/558 
f 619/131/559 620/131/559 616/131/559 
f 616/131/560 615/131/560 619/131/560 
f 616/131/561 621/131/561 622/131/561 
f 622/131/562 617/131/562 616/131/562 
f 616/131/563 620/131/563 623/131/563 
f 623/131/563 621/131/563 616/131/563 
f 618/131/564 624/131/564 625/131/564 
f 625/131/564 626/131/564 618/131/564 
f 618/131/565 626/131/565 627/131/565 
f 627/131/565 615/131/565 618/131/565 
f 619/131/566 615/131/566 627/131/566 
f 627/131/566 628/131/566 619/131/566 
f 629/131/567 619/131/567 628/131/567 
f 628/131/568 630/131/568 629/131/568 
f 620/131/569 619/131/569 629/131/569 
f 629/131/569 631/131/569 620/131/569 
f 632/131/570 623/131/570 620/131/570 
f 620/131/570 631/131/570 632/131/570 
f 610/131/571 608/131/571 623/131/571 
f 623/131/571 632/131/571 610/131/571 
f 607/131/572 621/131/572 623/131/572 
f 623/131/572 608/131/572 607/131/572 
f 607/131/573 606/131/573 622/131/573 
f 622/131/573 621/131/573 607/131/573 
f 606/131/574 605/131/574 633/131/574 
f 633/131/574 622/131/574 606/131/574 
f 622/131/575 633/131/575 634/131/575 
f 634/131/575 617/131/575 622/131/575 
f 624/131/576 618/131/576 617/131/576 
f 617/131/577 634/131/577 624/131/577 
f 635/131/578 636/131/578 637/131/578 
f 637/131/579 638/131/579 635/131/579 
f 639/131/580 640/131/580 636/131/580 
f 636/131/580 635/131/580 639/131/580 
f 636/131/581 641/131/581 642/131/581 
f 642/131/581 637/131/581 636/131/581 
f 636/131/582 640/131/582 643/131/582 
f 643/131/583 641/131/583 636/131/583 
f 638/131/584 644/131/584 645/131/584 
f 645/131/584 646/131/584 638/131/584 
f 638/131/585 646/131/585 647/131/585 
f 647/131/585 635/131/585 638/131/585 
f 639/131/586 635/131/586 647/131/586 
f 647/131/586 648/131/586 639/131/586 
f 649/131/587 639/131/587 648/131/587 
f 648/131/587 650/131/587 649/131/587 
f 640/131/588 639/131/588 649/131/588 
f 649/131/588 651/131/588 640/131/588 
f 652/131/589 643/131/589 640/131/589 
f 640/131/589 651/131/589 652/131/589 
f 630/131/590 628/131/590 643/131/590 
f 643/131/590 652/131/590 630/131/590 
f 627/131/591 641/131/591 643/131/591 
f 643/131/591 628/131/591 627/131/591 
f 627/131/592 626/131/592 642/131/592 
f 642/131/592 641/131/592 627/131/592 
f 626/131/593 625/131/593 653/131/593 
f 653/131/593 642/131/593 626/131/593 
f 642/131/594 653/131/594 654/131/594 
f 654/131/594 637/131/594 642/131/594 
f 644/131/595 638/131/595 637/131/595 
f 637/131/595 654/131/595 644/131/595 
f 655/131/596 656/131/596 657/131/596 
f 657/131/597 658/131/597 655/131/597 
f 659/131/598 660/131/598 656/131/598 
f 656/131/599 655/131/599 659/131/599 
f 656/131/600 661/131/600 662/131/600 
f 662/131/600 657/131/600 656/131/600 
f 656/131/601 660/131/601 663/131/601 
f 663/131/601 661/131/601 656/131/601 
f 658/131/602 664/131/602 665/131/602 
f 665/131/602 666/131/602 658/131/602 
f 658/131/603 666/131/603 667/131/603 
f 667/131/603 655/131/603 658/131/603 
f 659/131/604 655/131/604 667/131/604 
f 667/131/604 668/131/604 659/131/604 
f 669/131/605 659/131/605 668/131/605 
f 668/131/606 670/131/606 669/131/606 
f 660/131/607 659/131/607 669/131/607 
f 669/131/607 671/131/607 660/131/607 
f 672/131/608 663/131/608 660/131/608 
f 660/131/608 671/131/608 672/131/608 
f 650/131/609 648/131/609 663/131/609 
f 663/131/609 672/131/609 650/131/609 
f 647/131/610 661/131/610 663/131/610 
f 663/131/611 648/131/611 647/131/611 
f 647/131/612 646/131/612 662/131/612 
f 662/131/612 661/131/612 647/131/612 
f 646/131/613 645/131/613 673/131/613 
f 673/131/613 662/131/613 646/131/613 
f 662/131/614 673/131/614 674/131/614 
f 674/131/615 657/131/615 662/131/615 
f 664/131/616 658/131/616 657/131/616 
f 657/131/616 674/131/616 664/131/616 
f 675/131/617 676/131/617 677/131/617 
f 677/131/617 678/131/617 675/131/617 
f 679/131/618 680/131/618 676/131/618 
f 676/131/618 675/131/618 679/131/618 
f 676/131/619 681/131/619 682/131/619 
f 682/131/620 677/131/620 676/131/620 
f 676/131/621 680/131/621 683/131/621 
f 683/131/621 681/131/621 676/131/621 
f 678/131/622 684/131/622 685/131/622 
f 685/131/622 686/131/622 678/131/622 
f 678/131/623 686/131/623 687/131/623 
f 687/131/623 675/131/623 678/131/623 
f 679/131/624 675/131/624 687/131/624 
f 687/131/625 688/131/625 679/131/625 
f 689/131/626 679/131/626 688/131/626 
f 688/131/626 690/131/626 689/131/626 
f 680/131/627 679/131/627 689/131/627 
f 689/131/628 691/131/628 680/131/628 
f 692/131/629 683/131/629 680/131/629 
f 680/131/630 691/131/630 692/131/630 
f 670/131/631 668/131/631 683/131/631 
f 683/131/631 692/131/631 670/131/631 
f 667/131/632 681/131/632 683/131/632 
f 683/131/632 668/131/632 667/131/632 
f 667/131/633 666/131/633 682/131/633 
f 682/131/634 681/131/634 667/131/634 
f 666/131/635 665/131/635 693/131/635 
f 693/131/635 682/131/635 666/131/635 
f 682/131/636 693/131/636 694/131/636 
f 694/131/637 677/131/637 682/131/637 
f 684/131/638 678/131/638 677/131/638 
f 677/131/638 694/131/638 684/131/638 
f 695/131/639 696/131/639 697/131/639 
f 697/131/639 698/131/639 695/131/639 
f 699/131/640 700/131/640 696/131/640 
f 696/131/640 695/131/640 699/131/640 
f 696/131/641 701/131/641 702/131/641 
f 702/131/642 697/131/642 696/131/642 
f 696/131/643 700/131/643 703/131/643 
f 703/131/644 701/131/644 696/131/644 
f 698/131/645 704/131/645 705/131/645 
f 705/131/645 706/131/645 698/131/645 
f 698/131/646 706/131/646 707/131/646 
f 707/131/646 695/131/646 698/131/646 
f 699/131/647 695/131/647 707/131/647 
f 707/131/647 708/131/647 699/131/647 
f 709/131/648 699/131/648 708/131/648 
f 708/131/648 710/131/648 709/131/648 
f 700/131/649 699/131/649 709/131/649 
f 709/131/649 711/131/649 700/131/649 
f 712/131/650 703/131/650 700/131/650 
f 700/131/651 711/131/651 712/131/651 
f 690/131/652 688/131/652 703/131/652 
f 703/131/652 712/131/652 690/131/652 
f 687/131/653 701/131/653 703/131/653 
f 703/131/653 688/131/653 687/131/653 
f 687/131/654 686/131/654 702/131/654 
f 702/131/654 701/131/654 687/131/654 
f 686/131/655 685/131/655 713/131/655 
f 713/131/656 702/131/656 686/131/656 
f 702/131/657 713/131/657 714/131/657 
f 714/131/658 697/131/658 702/131/658 
f 704/131/659 698/131/659 697/131/659 
f 697/131/659 714/131/659 704/131/659 
f 715/131/660 716/131/660 717/131/660 
f 717/131/660 718/131/660 715/131/660 
f 719/131/661 720/131/661 716/131/661 
f 716/131/661 715/131/661 719/131/661 
f 716/131/662 721/131/662 722/131/662 
f 722/131/662 717/131/662 716/131/662 
f 716/131/663 720/131/663 723/131/663 
f 723/131/663 721/131/663 716/131/663 
f 718/131/664 724/131/664 725/131/664 
f 725/131/665 726/131/665 718/131/665 
f 718/131/666 726/131/666 727/131/666 
f 727/131/666 715/131/666 718/131/666 
f 719/131/667 715/131/667 727/131/667 
f 727/131/667 728/131/667 719/131/667 
f 729/131/668 719/131/668 728/131/668 
f 728/131/668 730/131/668 729/131/668 
f 720/131/669 719/131/669 729/131/669 
f 729/131/669 731/131/669 720/131/669 
f 732/131/670 723/131/670 720/131/670 
f 720/131/670 731/131/670 732/131/670 
f 710/131/671 708/131/671 723/131/671 
f 723/131/671 732/131/671 710/131/671 
f 707/131/672 721/131/672 723/131/672 
f 723/131/672 708/131/672 707/131/672 
f 707/131/673 706/131/673 722/131/673 
f 722/131/673 721/131/673 707/131/673 
f 706/131/674 705/131/674 733/131/674 
f 733/131/674 722/131/674 706/131/674 
f 722/131/675 733/131/675 734/131/675 
f 734/131/676 717/131/676 722/131/676 
f 724/131/677 718/131/677 717/131/677 
f 717/131/678 734/131/678 724/131/678 
f 735/131/352 736/131/352 737/131/352 
f 737/131/352 738/131/352 735/131/352 
f 739/131/350 740/131/350 736/131/350 
f 736/131/350 735/131/350 739/131/350 
f 736/131/354 741/131/354 742/131/354 
f 742/131/354 737/131/354 736/131/354 
f 736/131/353 740/131/353 743/131/353 
f 743/131/353 741/131/353 736/131/353 
f 738/131/358 744/131/358 745/131/358 
f 745/131/358 746/131/358 738/131/358 
f 738/131/357 746/131/357 747/131/357 
f 747/131/357 735/131/357 738/131/357 
f 739/131/356 735/131/356 747/131/356 
f 747/131/356 748/131/356 739/131/356 
f 749/131/679 739/131/679 748/131/679 
f 748/131/355 750/131/355 749/131/355 
f 740/131/368 739/131/368 749/131/368 
f 749/131/368 751/131/368 740/131/368 
f 752/131/366 743/131/366 740/131/366 
f 740/131/366 751/131/366 752/131/366 
f 730/131/365 728/131/365 743/131/365 
f 743/131/365 752/131/365 730/131/365 
f 727/131/364 741/131/364 743/131/364 
f 743/131/364 728/131/364 727/131/364 
f 727/131/363 726/131/363 742/131/363 
f 742/131/680 741/131/680 727/131/680 
f 726/131/362 725/131/362 753/131/362 
f 753/131/362 742/131/362 726/131/362 
f 742/131/361 753/131/361 754/131/361 
f 754/131/361 737/131/361 742/131/361 
f 744/131/360 738/131/360 737/131/360 
f 737/131/360 754/131/360 744/131/360 
f 755/131/370 756/131/370 757/131/370 
f 757/131/681 758/131/681 755/131/681 
f 759/131/369 760/131/369 756/131/369 
f 756/131/682 755/131/682 759/131/682 
f 756/131/683 761/131/683 762/131/683 
f 762/131/683 757/131/683 756/131/683 
f 756/131/684 760/131/684 763/131/684 
f 763/131/684 761/131/684 756/131/684 
f 758/131/379 764/131/379 765/131/379 
f 765/131/379 766/131/379 758/131/379 
f 758/131/685 766/131/685 767/131/685 
f 767/131/686 755/131/686 758/131/686 
f 759/131/687 755/131/687 767/131/687 
f 767/131/687 768/131/687 759/131/687 
f 769/131/374 759/131/374 768/131/374 
f 768/131/374 770/131/374 769/131/374 
f 760/131/388 759/131/388 769/131/388 
f 769/131/388 771/131/388 760/131/388 
f 772/131/386 763/131/386 760/131/386 
f 760/131/386 771/131/386 772/131/386 
f 750/131/688 748/131/688 763/131/688 
f 763/131/688 772/131/688 750/131/688 
f 747/131/689 761/131/689 763/131/689 
f 763/131/384 748/131/384 747/131/384 
f 747/131/383 746/131/383 762/131/383 
f 762/131/690 761/131/690 747/131/690 
f 746/131/382 745/131/382 773/131/382 
f 773/131/382 762/131/382 746/131/382 
f 762/131/381 773/131/381 774/131/381 
f 774/131/691 757/131/691 762/131/691 
f 764/131/380 758/131/380 757/131/380 
f 757/131/380 774/131/380 764/131/380 
f 775/131/392 776/131/392 777/131/392 
f 777/131/392 778/131/392 775/131/392 
f 779/131/692 780/131/692 776/131/692 
f 776/131/693 775/131/693 779/131/693 
f 776/131/395 781/131/395 782/131/395 
f 782/131/694 777/131/694 776/131/694 
f 776/131/393 780/131/393 783/131/393 
f 783/131/695 781/131/695 776/131/695 
f 778/131/400 784/131/400 785/131/400 
f 785/131/400 786/131/400 778/131/400 
f 778/131/399 786/131/399 787/131/399 
f 787/131/399 775/131/399 778/131/399 
f 779/131/696 775/131/696 787/131/696 
f 787/131/398 788/131/398 779/131/398 
f 789/131/396 779/131/396 788/131/396 
f 788/131/396 790/131/396 789/131/396 
f 780/131/411 779/131/411 789/131/411 
f 789/131/697 791/131/697 780/131/697 
f 792/131/410 783/131/410 780/131/410 
f 780/131/410 791/131/410 792/131/410 
f 770/131/409 768/131/409 783/131/409 
f 783/131/409 792/131/409 770/131/409 
f 767/131/408 781/131/408 783/131/408 
f 783/131/408 768/131/408 767/131/408 
f 767/131/698 766/131/698 782/131/698 
f 782/131/698 781/131/698 767/131/698 
f 766/131/405 765/131/405 793/131/405 
f 793/131/405 782/131/405 766/131/405 
f 782/131/403 793/131/403 794/131/403 
f 794/131/699 777/131/699 782/131/699 
f 784/131/700 778/131/700 777/131/700 
f 777/131/700 794/131/700 784/131/700 
f 795/131/414 796/131/414 797/131/414 
f 797/131/414 798/131/414 795/131/414 
f 799/131/412 800/131/412 796/131/412 
f 796/131/412 795/131/412 799/131/412 
f 796/131/417 801/131/417 802/131/417 
f 802/131/417 797/131/417 796/131/417 
f 796/131/416 800/131/416 803/131/416 
f 803/131/416 801/131/416 796/131/416 
f 798/131/422 804/131/422 805/131/422 
f 805/131/422 806/131/422 798/131/422 
f 798/131/420 806/131/420 807/131/420 
f 807/131/701 795/131/701 798/131/701 
f 799/131/419 795/131/419 807/131/419 
f 807/131/419 808/131/419 799/131/419 
f 809/131/418 799/131/418 808/131/418 
f 808/131/418 810/131/418 809/131/418 
f 800/131/433 799/131/433 809/131/433 
f 809/131/433 811/131/433 800/131/433 
f 812/131/431 803/131/431 800/131/431 
f 800/131/431 811/131/431 812/131/431 
f 790/131/430 788/131/430 803/131/430 
f 803/131/430 812/131/430 790/131/430 
f 787/131/702 801/131/702 803/131/702 
f 803/131/703 788/131/703 787/131/703 
f 787/131/428 786/131/428 802/131/428 
f 802/131/428 801/131/428 787/131/428 
f 786/131/704 785/131/704 813/131/704 
f 813/131/704 802/131/704 786/131/704 
f 802/131/425 813/131/425 814/131/425 
f 814/131/425 797/131/425 802/131/425 
f 804/131/423 798/131/423 797/131/423 
f 797/131/423 814/131/423 804/131/423 
f 815/131/705 816/131/705 817/131/705 
f 817/131/436 818/131/436 815/131/436 
f 819/131/706 820/131/706 816/131/706 
f 816/131/435 815/131/435 819/131/435 
f 816/131/438 821/131/438 822/131/438 
f 822/131/438 817/131/438 816/131/438 
f 816/131/707 820/131/707 823/131/707 
f 823/131/437 821/131/437 816/131/437 
f 818/131/443 824/131/443 825/131/443 
f 825/131/443 826/131/443 818/131/443 
f 818/131/442 826/131/442 827/131/442 
f 827/131/442 815/131/442 818/131/442 
f 819/131/441 815/131/441 827/131/441 
f 827/131/441 828/131/441 819/131/441 
f 829/131/440 819/131/440 828/131/440 
f 828/131/440 830/131/440 829/131/440 
f 820/131/454 819/131/454 829/131/454 
f 829/131/454 831/131/454 820/131/454 
f 832/131/452 823/131/452 820/131/452 
f 820/131/452 831/131/452 832/131/452 
f 810/131/451 808/131/451 823/131/451 
f 823/131/451 832/131/451 810/131/451 
f 807/131/450 821/131/450 823/131/450 
f 823/131/450 808/131/450 807/131/450 
f 807/131/449 806/131/449 822/131/449 
f 822/131/449 821/131/449 807/131/449 
f 806/131/708 805/131/708 833/131/708 
f 833/131/708 822/131/708 806/131/708 
f 822/131/446 833/131/446 834/131/446 
f 834/131/446 817/131/446 822/131/446 
f 824/131/444 818/131/444 817/131/444 
f 817/131/444 834/131/444 824/131/444 
f 835/131/457 836/131/457 837/131/457 
f 837/131/457 838/131/457 835/131/457 
f 839/131/456 840/131/456 836/131/456 
f 836/131/456 835/131/456 839/131/456 
f 836/131/459 841/131/459 842/131/459 
f 842/131/459 837/131/459 836/131/459 
f 836/131/458 840/131/458 843/131/458 
f 843/131/458 841/131/458 836/131/458 
f 838/131/464 844/131/464 845/131/464 
f 845/131/709 846/131/709 838/131/709 
f 838/131/463 846/131/463 847/131/463 
f 847/131/463 835/131/463 838/131/463 
f 839/131/710 835/131/710 847/131/710 
f 847/131/462 848/131/462 839/131/462 
f 849/131/461 839/131/461 848/131/461 
f 848/131/461 850/131/461 849/131/461 
f 840/131/474 839/131/474 849/131/474 
f 849/131/474 851/131/474 840/131/474 
f 852/131/473 843/131/473 840/131/473 
f 840/131/473 851/131/473 852/131/473 
f 830/131/472 828/131/472 843/131/472 
f 843/131/472 852/131/472 830/131/472 
f 827/131/711 841/131/711 843/131/711 
f 843/131/470 828/131/470 827/131/470 
f 827/131/469 826/131/469 842/131/469 
f 842/131/469 841/131/469 827/131/469 
f 826/131/467 825/131/468 853/131/468 
f 853/131/468 842/131/468 826/131/468 
f 842/131/712 853/131/712 854/131/712 
f 854/131/712 837/131/712 842/131/712 
f 844/131/465 838/131/465 837/131/465 
f 837/131/465 854/131/465 844/131/465 
f 855/131/476 856/131/476 857/131/476 
f 857/131/476 858/131/476 855/131/476 
f 859/131/475 860/131/475 856/131/475 
f 856/131/475 855/131/475 859/131/475 
f 856/131/478 861/131/478 862/131/478 
f 862/131/478 857/131/478 856/131/478 
f 856/131/477 860/131/477 863/131/477 
f 863/131/477 861/131/477 856/131/477 
f 858/131/484 864/131/484 865/131/484 
f 865/131/484 866/131/484 858/131/484 
f 858/131/483 866/131/483 867/131/483 
f 867/131/482 855/131/482 858/131/482 
f 859/131/481 855/131/481 867/131/481 
f 867/131/481 868/131/481 859/131/481 
f 869/131/480 859/131/480 868/131/480 
f 868/131/480 870/131/480 869/131/480 
f 860/131/495 859/131/495 869/131/495 
f 869/131/495 871/131/495 860/131/495 
f 872/131/494 863/131/494 860/131/494 
f 860/131/713 871/131/713 872/131/713 
f 850/131/493 848/131/493 863/131/493 
f 863/131/493 872/131/493 850/131/493 
f 847/131/492 861/131/492 863/131/492 
f 863/131/492 848/131/492 847/131/492 
f 847/131/490 846/131/490 862/131/490 
f 862/131/490 861/131/490 847/131/490 
f 846/131/714 845/131/714 873/131/714 
f 873/131/714 862/131/714 846/131/714 
f 862/131/715 873/131/715 874/131/715 
f 874/131/715 857/131/715 862/131/715 
f 864/131/485 858/131/485 857/131/485 
f 857/131/485 874/131/485 864/131/485 
f 875/131/716 876/131/716 877/131/716 
f 877/131/717 878/131/717 875/131/717 
f 879/131/496 880/131/496 876/131/496 
f 876/131/496 875/131/496 879/131/496 
f 876/131/501 881/131/501 882/131/501 
f 882/131/501 877/131/501 876/131/501 
f 876/131/500 880/131/500 883/131/500 
f 883/131/718 881/131/718 876/131/718 
f 878/131/506 884/131/506 885/131/506 
f 885/131/506 886/131/506 878/131/506 
f 878/131/719 886/131/719 887/131/719 
f 887/131/505 875/131/505 878/131/505 
f 879/131/503 875/131/503 887/131/503 
f 887/131/503 888/131/503 879/131/503 
f 889/131/502 879/131/502 888/131/502 
f 888/131/720 890/131/720 889/131/720 
f 880/131/516 879/131/516 889/131/516 
f 889/131/516 891/131/516 880/131/516 
f 892/131/515 883/131/515 880/131/515 
f 880/131/515 891/131/515 892/131/515 
f 870/131/514 868/131/514 883/131/514 
f 883/131/721 892/131/721 870/131/721 
f 867/131/722 881/131/722 883/131/722 
f 883/131/512 868/131/512 867/131/512 
f 867/131/511 866/131/511 882/131/511 
f 882/131/511 881/131/511 867/131/511 
f 866/131/510 865/131/510 893/131/510 
f 893/131/510 882/131/510 866/131/510 
f 882/131/723 893/131/723 894/131/723 
f 894/131/723 877/131/723 882/131/723 
f 884/131/507 878/131/507 877/131/507 
f 877/131/507 894/131/507 884/131/507 
f 895/131/519 896/131/519 897/131/519 
f 897/131/519 898/131/519 895/131/519 
f 899/131/517 900/131/517 896/131/517 
f 896/131/517 895/131/517 899/131/517 
f 896/131/724 901/131/724 902/131/724 
f 902/131/521 897/131/521 896/131/521 
f 896/131/520 900/131/520 903/131/520 
f 903/131/520 901/131/520 896/131/520 
f 898/131/527 904/131/527 905/131/527 
f 905/131/527 906/131/527 898/131/527 
f 898/131/526 906/131/526 907/131/526 
f 907/131/526 895/131/526 898/131/526 
f 899/131/725 895/131/725 907/131/725 
f 907/131/524 908/131/524 899/131/524 
f 909/131/523 899/131/523 908/131/523 
f 908/131/523 910/131/523 909/131/523 
f 900/131/536 899/131/536 909/131/536 
f 909/131/536 911/131/536 900/131/536 
f 912/131/535 903/131/535 900/131/535 
f 900/131/535 911/131/535 912/131/535 
f 890/131/726 888/131/726 903/131/726 
f 903/131/534 912/131/534 890/131/534 
f 887/131/533 901/131/533 903/131/533 
f 903/131/533 888/131/533 887/131/533 
f 887/131/727 886/131/727 902/131/727 
f 902/131/532 901/131/532 887/131/532 
f 886/131/531 885/131/531 913/131/531 
f 913/131/531 902/131/531 886/131/531 
f 902/131/728 913/131/728 914/131/728 
f 914/131/728 897/131/728 902/131/728 
f 904/131/729 898/131/729 897/131/729 
f 897/131/729 914/131/729 904/131/729 
f 915/131/730 916/131/730 917/131/730 
f 917/131/539 918/131/539 915/131/539 
f 919/131/537 920/131/537 916/131/537 
f 916/131/537 915/131/537 919/131/537 
f 916/131/731 921/131/731 922/131/731 
f 922/131/731 917/131/731 916/131/731 
f 916/131/540 920/131/540 923/131/540 
f 923/131/540 921/131/540 916/131/540 
f 918/131/732 924/131/732 925/131/732 
f 925/131/733 926/131/733 918/131/733 
f 918/131/544 926/131/544 927/131/544 
f 927/131/544 915/131/544 918/131/544 
f 919/131/543 915/131/543 927/131/543 
f 927/131/543 928/131/543 919/131/543 
f 929/131/542 919/131/542 928/131/542 
f 928/131/542 930/131/542 929/131/542 
f 920/131/734 919/131/556 929/131/734 
f 929/131/556 931/131/556 920/131/556 
f 932/131/735 923/131/735 920/131/735 
f 920/131/555 931/131/555 932/131/555 
f 910/131/553 908/131/553 923/131/553 
f 923/131/736 932/131/736 910/131/736 
f 907/131/552 921/131/552 923/131/552 
f 923/131/552 908/131/552 907/131/552 
f 907/131/550 906/131/550 922/131/550 
f 922/131/737 921/131/737 907/131/737 
f 906/131/549 905/131/549 933/131/549 
f 933/131/549 922/131/549 906/131/549 
f 922/131/548 933/131/548 934/131/548 
f 934/131/548 917/131/548 922/131/548 
f 924/131/547 918/131/547 917/131/547 
f 917/131/547 934/131/547 924/131/547 
f 935/131/559 936/131/559 937/131/559 
f 937/131/559 938/131/559 935/131/559 
f 939/131/558 940/131/558 936/131/558 
f 936/131/558 935/131/558 939/131/558 
f 936/131/563 941/131/563 942/131/563 
f 942/131/563 937/131/563 936/131/563 
f 936/131/561 940/131/561 943/131/561 
f 943/131/561 941/131/561 936/131/561 
f 938/131/568 944/131/568 945/131/568 
f 945/131/568 946/131/568 938/131/568 
f 938/131/566 946/131/566 947/131/566 
f 947/131/566 935/131/566 938/131/566 
f 939/131/738 935/131/738 947/131/738 
f 947/131/565 948/131/565 939/131/565 
f 949/131/739 939/131/739 948/131/739 
f 948/131/740 950/131/740 949/131/740 
f 940/131/577 939/131/577 949/131/577 
f 949/131/577 951/131/577 940/131/577 
f 952/131/575 943/131/575 940/131/575 
f 940/131/575 951/131/575 952/131/575 
f 930/131/574 928/131/574 943/131/574 
f 943/131/574 952/131/574 930/131/574 
f 927/131/573 941/131/573 943/131/573 
f 943/131/573 928/131/573 927/131/573 
f 927/131/572 926/131/572 942/131/572 
f 942/131/572 941/131/572 927/131/572 
f 926/131/741 925/131/741 953/131/741 
f 953/131/571 942/131/571 926/131/571 
f 942/131/570 953/131/570 954/131/570 
f 954/131/570 937/131/570 942/131/570 
f 944/131/742 938/131/742 937/131/742 
f 937/131/743 954/131/743 944/131/743 
f 955/131/744 956/131/744 957/131/744 
f 957/131/580 958/131/580 955/131/580 
f 959/131/579 960/131/579 956/131/579 
f 956/131/579 955/131/579 959/131/579 
f 956/131/745 961/131/745 962/131/745 
f 962/131/582 957/131/582 956/131/582 
f 956/131/746 960/131/746 963/131/746 
f 963/131/581 961/131/581 956/131/581 
f 958/131/747 964/131/747 965/131/747 
f 965/131/587 966/131/587 958/131/587 
f 958/131/586 966/131/586 967/131/586 
f 967/131/586 955/131/586 958/131/586 
f 959/131/585 955/131/585 967/131/585 
f 967/131/585 968/131/585 959/131/585 
f 969/131/748 959/131/748 968/131/748 
f 968/131/748 970/131/748 969/131/748 
f 960/131/595 959/131/595 969/131/595 
f 969/131/595 971/131/595 960/131/595 
f 972/131/594 963/131/594 960/131/594 
f 960/131/594 971/131/594 972/131/594 
f 950/131/593 948/131/593 963/131/593 
f 963/131/593 972/131/593 950/131/593 
f 947/131/592 961/131/592 963/131/592 
f 963/131/592 948/131/592 947/131/592 
f 947/131/591 946/131/591 962/131/591 
f 962/131/591 961/131/591 947/131/591 
f 946/131/590 945/131/590 973/131/590 
f 973/131/590 962/131/590 946/131/590 
f 962/131/589 973/131/589 974/131/589 
f 974/131/589 957/131/589 962/131/589 
f 964/131/749 958/131/749 957/131/749 
f 957/131/749 974/131/749 964/131/749 
f 975/131/599 976/131/599 977/131/599 
f 977/131/599 978/131/599 975/131/599 
f 979/131/597 980/131/597 976/131/597 
f 976/131/597 975/131/597 979/131/597 
f 976/131/601 981/131/601 982/131/601 
f 982/131/601 977/131/601 976/131/601 
f 976/131/600 980/131/600 983/131/600 
f 983/131/600 981/131/600 976/131/600 
f 978/131/750 984/131/750 985/131/750 
f 985/131/751 986/131/751 978/131/751 
f 978/131/752 986/131/752 987/131/752 
f 987/131/753 975/131/753 978/131/753 
f 979/131/603 975/131/603 987/131/603 
f 987/131/603 988/131/603 979/131/603 
f 989/131/602 979/131/602 988/131/602 
f 988/131/602 990/131/602 989/131/602 
f 980/131/616 979/131/616 989/131/616 
f 989/131/616 991/131/616 980/131/616 
f 992/131/754 983/131/754 980/131/754 
f 980/131/754 991/131/754 992/131/754 
f 970/131/613 968/131/613 983/131/613 
f 983/131/613 992/131/613 970/131/613 
f 967/131/612 981/131/612 983/131/612 
f 983/131/612 968/131/612 967/131/612 
f 967/131/755 966/131/755 982/131/755 
f 982/131/756 981/131/756 967/131/756 
f 966/131/609 965/131/609 993/131/609 
f 993/131/609 982/131/609 966/131/609 
f 982/131/608 993/131/608 994/131/608 
f 994/131/608 977/131/608 982/131/608 
f 984/131/607 978/131/607 977/131/607 
f 977/131/607 994/131/607 984/131/607 
f 995/131/618 996/131/618 997/131/618 
f 997/131/757 998/131/757 995/131/757 
f 999/131/617 1000/131/617 996/131/617 
f 996/131/617 995/131/617 999/131/617 
f 996/131/621 1001/131/621 1002/131/621 
f 1002/131/621 997/131/621 996/131/621 
f 996/131/619 1000/131/619 1003/131/619 
f 1003/131/758 1001/131/758 996/131/758 
f 998/131/626 1004/131/626 1005/131/626 
f 1005/131/626 1006/131/626 998/131/626 
f 998/131/759 1006/131/759 1007/131/759 
f 1007/131/759 995/131/759 998/131/759 
f 999/131/623 995/131/623 1007/131/623 
f 1007/131/623 1008/131/623 999/131/623 
f 1009/131/622 999/131/622 1008/131/622 
f 1008/131/622 1010/131/622 1009/131/622 
f 1000/131/638 999/131/638 1009/131/638 
f 1009/131/638 1011/131/638 1000/131/638 
f 1012/131/636 1003/131/636 1000/131/636 
f 1000/131/636 1011/131/636 1012/131/636 
f 990/131/635 988/131/635 1003/131/635 
f 1003/131/635 1012/131/635 990/131/635 
f 987/131/760 1001/131/760 1003/131/760 
f 1003/131/633 988/131/633 987/131/633 
f 987/131/632 986/131/632 1002/131/632 
f 1002/131/761 1001/131/761 987/131/761 
f 986/131/762 985/131/762 1013/131/762 
f 1013/131/631 1002/131/631 986/131/631 
f 1002/131/763 1013/131/763 1014/131/763 
f 1014/131/764 997/131/764 1002/131/764 
f 1004/131/627 998/131/627 997/131/627 
f 997/131/627 1014/131/627 1004/131/627 
f 1015/131/765 1016/131/765 1017/131/765 
f 1017/131/765 1018/131/765 1015/131/765 
f 1019/131/639 1020/131/639 1016/131/639 
f 1016/131/639 1015/131/639 1019/131/639 
f 1016/131/766 1021/131/766 1022/131/766 
f 1022/131/643 1017/131/643 1016/131/643 
f 1016/131/642 1020/131/642 1023/131/642 
f 1023/131/641 1021/131/641 1016/131/641 
f 1018/131/648 1024/131/648 1025/131/648 
f 1025/131/648 1026/131/648 1018/131/648 
f 1018/131/647 1026/131/647 1027/131/647 
f 1027/131/647 1015/131/647 1018/131/647 
f 1019/131/646 1015/131/646 1027/131/646 
f 1027/131/646 1028/131/646 1019/131/646 
f 1029/131/645 1019/131/645 1028/131/645 
f 1028/131/645 1030/131/645 1029/131/645 
f 1020/131/659 1019/131/659 1029/131/659 
f 1029/131/659 1031/131/659 1020/131/659 
f 1032/131/767 1023/131/767 1020/131/767 
f 1020/131/768 1031/131/768 1032/131/768 
f 1010/131/656 1008/131/656 1023/131/656 
f 1023/131/656 1032/131/656 1010/131/656 
f 1007/131/769 1021/131/769 1023/131/769 
f 1023/131/654 1008/131/654 1007/131/654 
f 1007/131/770 1006/131/770 1022/131/770 
f 1022/131/771 1021/131/771 1007/131/771 
f 1006/131/652 1005/131/652 1033/131/652 
f 1033/131/652 1022/131/652 1006/131/652 
f 1022/131/772 1033/131/772 1034/131/772 
f 1034/131/650 1017/131/650 1022/131/650 
f 1024/131/649 1018/131/649 1017/131/649 
f 1017/131/649 1034/131/649 1024/131/649 
f 1035/131/661 1036/131/661 1037/131/661 
f 1037/131/773 1038/131/773 1035/131/773 
f 1039/131/660 1040/131/660 1036/131/660 
f 1036/131/660 1035/131/660 1039/131/660 
f 1036/131/663 1041/131/663 1042/131/663 
f 1042/131/663 1037/131/663 1036/131/663 
f 1036/131/662 1040/131/662 1043/131/662 
f 1043/131/662 1041/131/662 1036/131/662 
f 1038/131/668 1044/131/668 433/131/668 
f 433/131/774 431/131/774 1038/131/774 
f 1035/131/667 1038/131/667 431/131/667 
f 431/131/667 430/131/667 1035/131/667 
f 1035/131/666 430/131/666 428/131/666 
f 428/131/775 1039/131/775 1035/131/775 
f 428/131/776 429/131/776 1045/131/776 
f 1045/131/777 1039/131/777 428/131/777 
f 1040/131/677 1039/131/677 1045/131/677 
f 1045/131/677 1046/131/677 1040/131/677 
f 1047/131/675 1043/131/675 1040/131/675 
f 1040/131/778 1046/131/778 1047/131/778 
f 1030/131/674 1028/131/674 1043/131/674 
f 1043/131/674 1047/131/674 1030/131/674 
f 1027/131/673 1041/131/673 1043/131/673 
f 1043/131/673 1028/131/673 1027/131/673 
f 1027/131/672 1026/131/672 1042/131/672 
f 1042/131/672 1041/131/672 1027/131/672 
f 1026/131/671 1025/131/671 1048/131/671 
f 1048/131/779 1042/131/779 1026/131/779 
f 1042/131/670 1048/131/670 1049/131/670 
f 1049/131/670 1037/131/670 1042/131/670 
f 1044/131/780 1038/131/780 1037/131/780 
f 1037/131/669 1049/131/669 1044/131/669 
f 1050/131/781 1051/131/781 1052/131/781 
f 1052/131/781 1053/131/781 1050/131/781 
f 1054/131/782 1055/131/782 1051/131/782 
f 1051/131/783 1050/131/783 1054/131/783 
f 1051/131/784 1056/131/784 1057/131/784 
f 1057/131/784 1052/131/784 1051/131/784 
f 1051/131/785 1055/131/785 1058/131/785 
f 1058/131/785 1056/131/785 1051/131/785 
f 1059/131/786 1053/131/786 1060/131/786 
f 1060/131/786 1061/131/786 1059/131/786 
f 1062/131/787 1050/131/787 1053/131/787 
f 1053/131/787 1059/131/787 1062/131/787 
f 1050/131/788 1062/131/788 1063/131/788 
f 1063/131/788 1054/131/788 1050/131/788 
f 394/131/789 1054/131/789 1063/131/789 
f 1063/131/789 395/131/789 394/131/789 
f 394/131/790 409/131/790 1055/131/790 
f 1055/131/790 1054/131/790 394/131/790 
f 408/131/791 1058/131/791 1055/131/791 
f 1055/131/792 409/131/792 408/131/792 
f 1058/131/793 408/131/793 407/131/793 
f 407/131/793 1064/131/793 1058/131/793 
f 1064/131/794 1065/131/794 1056/131/794 
f 1056/131/794 1058/131/794 1064/131/794 
f 1056/131/795 1065/131/795 1066/131/795 
f 1066/131/795 1057/131/795 1056/131/795 
f 1066/131/796 1067/131/796 1068/131/796 
f 1068/131/796 1057/131/796 1066/131/796 
f 1057/131/797 1068/131/797 1069/131/797 
f 1069/131/798 1052/131/798 1057/131/798 
f 1053/131/799 1052/131/799 1069/131/799 
f 1069/131/800 1060/131/800 1053/131/800 
f 1070/131/801 1071/131/801 1072/131/801 
f 1072/131/801 1073/131/801 1070/131/801 
f 1074/131/802 1075/131/802 1071/131/802 
f 1071/131/802 1070/131/802 1074/131/802 
f 1071/131/803 1076/131/803 1077/131/803 
f 1077/131/803 1072/131/803 1071/131/803 
f 1071/131/804 1075/131/804 1078/131/804 
f 1078/131/805 1076/131/805 1071/131/805 
f 1079/131/806 1080/131/806 1081/131/806 
f 1081/131/806 1073/131/806 1079/131/806 
f 1081/131/807 1082/131/807 1070/131/807 
f 1070/131/808 1073/131/808 1081/131/808 
f 1070/131/809 1082/131/809 1083/131/809 
f 1083/131/810 1074/131/810 1070/131/810 
f 1060/131/811 1074/131/811 1083/131/811 
f 1083/131/811 1061/131/811 1060/131/811 
f 1074/131/812 1060/131/812 1069/131/812 
f 1069/131/812 1075/131/812 1074/131/812 
f 1068/131/813 1078/131/813 1075/131/813 
f 1075/131/814 1069/131/814 1068/131/814 
f 1078/131/815 1068/131/815 1067/131/815 
f 1067/131/815 1084/131/815 1078/131/815 
f 1084/131/816 1085/131/816 1076/131/816 
f 1076/131/816 1078/131/816 1084/131/816 
f 1086/131/817 1077/131/817 1076/131/817 
f 1076/131/818 1085/131/818 1086/131/818 
f 1086/131/819 1087/131/819 1088/131/819 
f 1088/131/820 1077/131/820 1086/131/820 
f 1072/131/821 1077/131/821 1088/131/821 
f 1088/131/821 1089/131/821 1072/131/821 
f 1089/131/822 1079/131/822 1073/131/822 
f 1073/131/822 1072/131/822 1089/131/822 
f 1090/131/823 1091/131/823 1092/131/823 
f 1092/131/824 1093/131/824 1090/131/824 
f 1094/131/825 1095/131/825 1091/131/825 
f 1091/131/825 1090/131/825 1094/131/825 
f 1091/131/826 1096/131/826 1097/131/826 
f 1097/131/826 1092/131/826 1091/131/826 
f 1091/131/827 1095/131/827 1098/131/827 
f 1098/131/827 1096/131/827 1091/131/827 
f 1099/131/828 1100/131/828 1101/131/828 
f 1101/131/829 1093/131/829 1099/131/829 
f 1090/131/830 1093/131/830 1101/131/830 
f 1101/131/831 1102/131/831 1090/131/831 
f 1090/131/832 1102/131/832 1103/131/832 
f 1103/131/833 1094/131/833 1090/131/833 
f 1079/131/834 1094/131/834 1103/131/834 
f 1103/131/834 1080/131/834 1079/131/834 
f 1094/131/835 1079/131/835 1089/131/835 
f 1089/131/835 1095/131/835 1094/131/835 
f 1088/131/836 1098/131/836 1095/131/836 
f 1095/131/836 1089/131/836 1088/131/836 
f 1098/131/837 1088/131/837 1087/131/837 
f 1087/131/837 1104/131/837 1098/131/837 
f 1104/131/838 1105/131/838 1096/131/838 
f 1096/131/838 1098/131/838 1104/131/838 
f 1105/131/839 1106/131/839 1097/131/839 
f 1097/131/839 1096/131/839 1105/131/839 
f 1106/131/840 1107/131/840 1108/131/840 
f 1108/131/841 1097/131/841 1106/131/841 
f 1097/131/842 1108/131/842 1109/131/842 
f 1109/131/842 1092/131/842 1097/131/842 
f 1092/131/843 1109/131/843 1099/131/843 
f 1099/131/844 1093/131/844 1092/131/844 
f 1110/131/845 1111/131/845 1112/131/845 
f 1112/131/845 1113/131/845 1110/131/845 
f 1114/131/846 1115/131/846 1111/131/846 
f 1111/131/846 1110/131/846 1114/131/846 
f 1111/131/847 1116/131/847 1117/131/847 
f 1117/131/848 1112/131/848 1111/131/848 
f 1111/131/849 1115/131/849 1118/131/849 
f 1118/131/850 1116/131/850 1111/131/850 
f 1119/131/851 1120/131/851 1121/131/851 
f 1121/131/851 1113/131/851 1119/131/851 
f 1110/131/852 1113/131/852 1121/131/852 
f 1121/131/852 1122/131/852 1110/131/852 
f 1110/131/853 1122/131/853 1123/131/853 
f 1123/131/853 1114/131/853 1110/131/853 
f 1099/131/854 1114/131/854 1123/131/854 
f 1123/131/854 1100/131/854 1099/131/854 
f 1114/131/855 1099/131/855 1109/131/855 
f 1109/131/855 1115/131/855 1114/131/855 
f 1115/131/856 1109/131/856 1108/131/856 
f 1108/131/856 1118/131/856 1115/131/856 
f 1118/131/857 1108/131/857 1107/131/857 
f 1107/131/857 1124/131/857 1118/131/857 
f 1124/131/858 1125/131/858 1116/131/858 
f 1116/131/858 1118/131/858 1124/131/858 
f 1125/131/859 1126/131/859 1117/131/859 
f 1117/131/860 1116/131/860 1125/131/860 
f 1126/131/861 1127/131/861 1128/131/861 
f 1128/131/861 1117/131/861 1126/131/861 
f 1112/131/862 1117/131/862 1128/131/862 
f 1128/131/863 1129/131/863 1112/131/863 
f 1112/131/864 1129/131/864 1119/131/864 
f 1119/131/865 1113/131/865 1112/131/865 
f 1130/131/866 1131/131/866 1132/131/866 
f 1132/131/866 1133/131/866 1130/131/866 
f 1134/131/867 1135/131/867 1131/131/867 
f 1131/131/867 1130/131/867 1134/131/867 
f 1131/131/868 1136/131/868 1137/131/868 
f 1137/131/869 1132/131/869 1131/131/869 
f 1131/131/870 1135/131/870 1138/131/870 
f 1138/131/870 1136/131/870 1131/131/870 
f 1139/131/871 1140/131/871 1141/131/871 
f 1141/131/872 1133/131/872 1139/131/872 
f 1130/131/873 1133/131/873 1141/131/873 
f 1141/131/873 1142/131/873 1130/131/873 
f 1130/131/874 1142/131/874 1143/131/874 
f 1143/131/875 1134/131/875 1130/131/875 
f 1119/131/876 1134/131/876 1143/131/876 
f 1143/131/876 1120/131/876 1119/131/876 
f 1134/131/877 1119/131/877 1129/131/877 
f 1129/131/877 1135/131/877 1134/131/877 
f 1128/131/878 1138/131/878 1135/131/878 
f 1135/131/879 1129/131/879 1128/131/879 
f 1138/131/880 1128/131/880 1127/131/880 
f 1127/131/881 1144/131/881 1138/131/881 
f 1144/131/882 1145/131/882 1136/131/882 
f 1136/131/883 1138/131/883 1144/131/883 
f 1145/131/884 1146/131/884 1137/131/884 
f 1137/131/884 1136/131/884 1145/131/884 
f 1146/131/885 1147/131/885 1148/131/885 
f 1148/131/885 1137/131/885 1146/131/885 
f 1132/131/886 1137/131/886 1148/131/886 
f 1148/131/886 1149/131/886 1132/131/886 
f 1132/131/887 1149/131/887 1139/131/887 
f 1139/131/887 1133/131/887 1132/131/887 
f 1150/131/888 1151/131/888 1152/131/888 
f 1152/131/888 1153/131/888 1150/131/888 
f 1154/131/889 1155/131/889 1151/131/889 
f 1151/131/889 1150/131/889 1154/131/889 
f 1151/131/890 1156/131/890 1157/131/890 
f 1157/131/891 1152/131/891 1151/131/891 
f 1151/131/892 1155/131/892 1158/131/892 
f 1158/131/892 1156/131/892 1151/131/892 
f 1159/131/893 1160/131/893 1161/131/893 
f 1161/131/893 1153/131/893 1159/131/893 
f 1150/131/894 1153/131/894 1161/131/894 
f 1161/131/894 1162/131/894 1150/131/894 
f 1150/131/895 1162/131/895 1163/131/895 
f 1163/131/895 1154/131/895 1150/131/895 
f 1139/131/896 1154/131/896 1163/131/896 
f 1163/131/897 1140/131/897 1139/131/897 
f 1154/131/898 1139/131/898 1149/131/898 
f 1149/131/898 1155/131/898 1154/131/898 
f 1148/131/899 1158/131/899 1155/131/899 
f 1155/131/899 1149/131/899 1148/131/899 
f 1158/131/900 1148/131/900 1147/131/900 
f 1147/131/900 1164/131/900 1158/131/900 
f 1164/131/901 1165/131/901 1156/131/901 
f 1156/131/902 1158/131/902 1164/131/902 
f 1165/131/903 1166/131/903 1157/131/903 
f 1157/131/904 1156/131/904 1165/131/904 
f 1166/131/905 1167/131/905 1168/131/905 
f 1168/131/906 1157/131/906 1166/131/906 
f 1152/131/907 1157/131/907 1168/131/907 
f 1168/131/908 1169/131/908 1152/131/908 
f 1152/131/909 1169/131/909 1159/131/909 
f 1159/131/910 1153/131/910 1152/131/910 
f 1170/131/911 1171/131/911 1172/131/911 
f 1172/131/911 1173/131/911 1170/131/911 
f 1174/131/912 1175/131/912 1171/131/912 
f 1171/131/912 1170/131/912 1174/131/912 
f 1171/131/913 1176/131/913 1177/131/913 
f 1177/131/914 1172/131/914 1171/131/914 
f 1171/131/915 1175/131/915 1178/131/915 
f 1178/131/915 1176/131/915 1171/131/915 
f 1179/131/916 1180/131/916 1181/131/916 
f 1181/131/916 1173/131/916 1179/131/916 
f 1170/131/917 1173/131/917 1181/131/917 
f 1181/131/917 1182/131/917 1170/131/917 
f 1170/131/918 1182/131/918 1183/131/918 
f 1183/131/918 1174/131/918 1170/131/918 
f 1159/131/919 1174/131/919 1183/131/919 
f 1183/131/919 1160/131/919 1159/131/919 
f 1174/131/920 1159/131/920 1169/131/920 
f 1169/131/920 1175/131/920 1174/131/920 
f 1168/131/921 1178/131/921 1175/131/921 
f 1175/131/921 1169/131/921 1168/131/921 
f 1178/131/922 1168/131/922 1167/131/922 
f 1167/131/923 1184/131/923 1178/131/923 
f 1184/131/924 1185/131/924 1176/131/924 
f 1176/131/924 1178/131/924 1184/131/924 
f 1185/131/925 1186/131/925 1177/131/925 
f 1177/131/925 1176/131/925 1185/131/925 
f 1186/131/926 1187/131/926 1188/131/926 
f 1188/131/927 1177/131/927 1186/131/927 
f 1172/131/928 1177/131/928 1188/131/928 
f 1188/131/928 1189/131/928 1172/131/928 
f 1172/131/929 1189/131/929 1179/131/929 
f 1179/131/930 1173/131/930 1172/131/930 
f 1190/131/931 1191/131/931 1192/131/931 
f 1192/131/931 1193/131/931 1190/131/931 
f 1194/131/932 1195/131/932 1191/131/932 
f 1191/131/933 1190/131/933 1194/131/933 
f 1191/131/934 1196/131/934 1197/131/934 
f 1197/131/934 1192/131/934 1191/131/934 
f 1191/131/935 1195/131/935 1198/131/935 
f 1198/131/936 1196/131/936 1191/131/936 
f 1199/131/937 1200/131/937 1201/131/937 
f 1201/131/938 1193/131/938 1199/131/938 
f 1190/131/939 1193/131/939 1201/131/939 
f 1201/131/939 1202/131/939 1190/131/939 
f 1190/131/940 1202/131/940 1203/131/940 
f 1203/131/940 1194/131/940 1190/131/940 
f 1179/131/941 1194/131/941 1203/131/941 
f 1203/131/941 1180/131/941 1179/131/941 
f 1194/131/942 1179/131/942 1189/131/942 
f 1189/131/943 1195/131/943 1194/131/943 
f 1188/131/944 1198/131/944 1195/131/944 
f 1195/131/944 1189/131/944 1188/131/944 
f 1204/131/945 1198/131/945 1188/131/945 
f 1188/131/946 1187/131/946 1204/131/946 
f 1204/131/947 1205/131/947 1196/131/947 
f 1196/131/947 1198/131/947 1204/131/947 
f 1205/131/948 1206/131/948 1197/131/948 
f 1197/131/949 1196/131/949 1205/131/949 
f 1206/131/950 1207/131/950 1208/131/950 
f 1208/131/951 1197/131/951 1206/131/951 
f 1192/131/952 1197/131/952 1208/131/952 
f 1208/131/953 1209/131/953 1192/131/953 
f 1192/131/954 1209/131/954 1199/131/954 
f 1199/131/954 1193/131/954 1192/131/954 
f 1210/131/955 1211/131/955 1212/131/955 
f 1212/131/956 1213/131/956 1210/131/956 
f 1214/131/957 1215/131/957 1211/131/957 
f 1211/131/958 1210/131/958 1214/131/958 
f 1211/131/959 1216/131/959 1217/131/959 
f 1217/131/959 1212/131/959 1211/131/959 
f 1211/131/960 1215/131/960 1218/131/960 
f 1218/131/961 1216/131/961 1211/131/961 
f 1219/131/962 1220/131/962 1221/131/962 
f 1221/131/963 1213/131/963 1219/131/963 
f 1210/131/964 1213/131/964 1221/131/964 
f 1221/131/964 1222/131/964 1210/131/964 
f 1210/131/965 1222/131/965 1223/131/965 
f 1223/131/965 1214/131/965 1210/131/965 
f 1199/131/966 1214/131/966 1223/131/966 
f 1223/131/966 1200/131/966 1199/131/966 
f 1214/131/967 1199/131/967 1209/131/967 
f 1209/131/967 1215/131/967 1214/131/967 
f 1208/131/968 1218/131/968 1215/131/968 
f 1215/131/968 1209/131/968 1208/131/968 
f 1218/131/969 1208/131/969 1207/131/969 
f 1207/131/970 1224/131/970 1218/131/970 
f 1224/131/971 1225/131/971 1216/131/971 
f 1216/131/971 1218/131/971 1224/131/971 
f 1225/131/972 1226/131/972 1217/131/972 
f 1217/131/972 1216/131/972 1225/131/972 
f 1226/131/973 1227/131/973 1228/131/973 
f 1228/131/973 1217/131/973 1226/131/973 
f 1212/131/974 1217/131/974 1228/131/974 
f 1228/131/975 1229/131/975 1212/131/975 
f 1212/131/976 1229/131/976 1219/131/976 
f 1219/131/976 1213/131/976 1212/131/976 
f 1230/131/977 1231/131/977 1232/131/977 
f 1232/131/977 1233/131/977 1230/131/977 
f 1234/131/978 1235/131/978 1231/131/978 
f 1231/131/978 1230/131/978 1234/131/978 
f 1231/131/979 1236/131/979 1237/131/979 
f 1237/131/979 1232/131/979 1231/131/979 
f 1231/131/980 1235/131/980 1238/131/980 
f 1238/131/980 1236/131/980 1231/131/980 
f 1239/131/981 1240/131/981 1241/131/981 
f 1241/131/981 1233/131/981 1239/131/981 
f 1230/131/982 1233/131/982 1241/131/982 
f 1241/131/982 1242/131/982 1230/131/982 
f 1230/131/983 1242/131/983 1243/131/983 
f 1243/131/984 1234/131/984 1230/131/984 
f 1219/131/985 1234/131/985 1243/131/985 
f 1243/131/985 1220/131/985 1219/131/985 
f 1234/131/986 1219/131/986 1229/131/986 
f 1229/131/987 1235/131/987 1234/131/987 
f 1228/131/988 1238/131/988 1235/131/988 
f 1235/131/988 1229/131/988 1228/131/988 
f 1238/131/989 1228/131/989 1227/131/989 
f 1227/131/990 1244/131/990 1238/131/990 
f 1244/131/991 1245/131/991 1236/131/991 
f 1236/131/991 1238/131/991 1244/131/991 
f 1245/131/992 1246/131/992 1237/131/992 
f 1237/131/992 1236/131/992 1245/131/992 
f 1246/131/993 1247/131/993 1248/131/993 
f 1248/131/994 1237/131/994 1246/131/994 
f 1232/131/995 1237/131/995 1248/131/995 
f 1248/131/996 1249/131/996 1232/131/996 
f 1232/131/997 1249/131/997 1239/131/997 
f 1239/131/997 1233/131/997 1232/131/997 
f 1250/131/998 1251/131/998 1252/131/998 
f 1252/131/999 1253/131/999 1250/131/999 
f 1254/131/1000 1255/131/1000 1251/131/1000 
f 1251/131/1001 1250/131/1001 1254/131/1001 
f 1251/131/1002 1256/131/1002 1257/131/1002 
f 1257/131/1003 1252/131/1003 1251/131/1003 
f 1251/131/1004 1255/131/1004 1258/131/1004 
f 1258/131/1004 1256/131/1004 1251/131/1004 
f 1259/131/1005 1260/131/1005 1261/131/1005 
f 1261/131/1005 1253/131/1005 1259/131/1005 
f 1250/131/1006 1253/131/1006 1261/131/1006 
f 1261/131/1006 1262/131/1006 1250/131/1006 
f 1250/131/1007 1262/131/1007 1263/131/1007 
f 1263/131/1007 1254/131/1007 1250/131/1007 
f 1239/131/1008 1254/131/1008 1263/131/1008 
f 1263/131/1008 1240/131/1008 1239/131/1008 
f 1254/131/1009 1239/131/1009 1249/131/1009 
f 1249/131/1009 1255/131/1009 1254/131/1009 
f 1248/131/1010 1258/131/1010 1255/131/1010 
f 1255/131/1011 1249/131/1011 1248/131/1011 
f 1258/131/1012 1248/131/1012 1247/131/1012 
f 1247/131/1012 1264/131/1012 1258/131/1012 
f 1264/131/1013 1265/131/1013 1256/131/1013 
f 1256/131/1013 1258/131/1013 1264/131/1013 
f 1265/131/1014 1266/131/1014 1257/131/1014 
f 1257/131/1015 1256/131/1015 1265/131/1015 
f 1266/131/1016 1267/131/1016 1268/131/1016 
f 1268/131/1016 1257/131/1016 1266/131/1016 
f 1252/131/1017 1257/131/1017 1268/131/1017 
f 1268/131/1017 1269/131/1017 1252/131/1017 
f 1252/131/1018 1269/131/1018 1259/131/1018 
f 1259/131/1018 1253/131/1018 1252/131/1018 
f 1270/131/1019 1271/131/1019 1272/131/1019 
f 1272/131/1019 1273/131/1019 1270/131/1019 
f 1274/131/1020 1275/131/1020 1271/131/1020 
f 1271/131/1020 1270/131/1020 1274/131/1020 
f 1271/131/1021 1276/131/1021 1277/131/1021 
f 1277/131/1022 1272/131/1022 1271/131/1022 
f 1271/131/1023 1275/131/1023 1278/131/1023 
f 1278/131/1024 1276/131/1024 1271/131/1024 
f 1279/131/1025 1280/131/1025 1281/131/1025 
f 1281/131/1025 1273/131/1025 1279/131/1025 
f 1270/131/1026 1273/131/1026 1281/131/1026 
f 1281/131/1027 1282/131/1027 1270/131/1027 
f 1270/131/1028 1282/131/1028 1283/131/1028 
f 1283/131/1029 1274/131/1029 1270/131/1029 
f 1259/131/1030 1274/131/1030 1283/131/1030 
f 1283/131/1030 1260/131/1030 1259/131/1030 
f 1274/131/1031 1259/131/1031 1269/131/1031 
f 1269/131/1032 1275/131/1032 1274/131/1032 
f 1268/131/1033 1278/131/1033 1275/131/1033 
f 1275/131/1033 1269/131/1033 1268/131/1033 
f 1278/131/1034 1268/131/1034 1267/131/1034 
f 1267/131/1034 1284/131/1034 1278/131/1034 
f 1284/131/1035 1285/131/1035 1276/131/1035 
f 1276/131/1035 1278/131/1035 1284/131/1035 
f 1285/131/1036 1286/131/1036 1277/131/1036 
f 1277/131/1036 1276/131/1036 1285/131/1036 
f 1286/131/1037 1287/131/1037 1288/131/1037 
f 1288/131/1037 1277/131/1037 1286/131/1037 
f 1272/131/1038 1277/131/1038 1288/131/1038 
f 1288/131/1038 1289/131/1038 1272/131/1038 
f 1272/131/1039 1289/131/1039 1279/131/1039 
f 1279/131/1039 1273/131/1039 1272/131/1039 
f 1290/131/1040 1291/131/1040 1292/131/1040 
f 1292/131/1040 1293/131/1040 1290/131/1040 
f 1294/131/1041 1295/131/1041 1291/131/1041 
f 1291/131/1041 1290/131/1041 1294/131/1041 
f 1291/131/1042 1296/131/1042 1297/131/1042 
f 1297/131/1042 1292/131/1042 1291/131/1042 
f 1291/131/1043 1295/131/1043 1298/131/1043 
f 1298/131/1044 1296/131/1044 1291/131/1044 
f 1299/131/1045 1300/131/1045 1301/131/1045 
f 1301/131/1045 1293/131/1045 1299/131/1045 
f 1290/131/1046 1293/131/1046 1301/131/1046 
f 1301/131/1047 1302/131/1047 1290/131/1047 
f 1290/131/1048 1302/131/1048 1303/131/1048 
f 1303/131/1049 1294/131/1049 1290/131/1049 
f 1279/131/1050 1294/131/1050 1303/131/1050 
f 1303/131/1051 1280/131/1051 1279/131/1051 
f 1294/131/1052 1279/131/1052 1289/131/1052 
f 1289/131/1052 1295/131/1052 1294/131/1052 
f 1288/131/1053 1298/131/1053 1295/131/1053 
f 1295/131/1053 1289/131/1053 1288/131/1053 
f 1298/131/1054 1288/131/1054 1287/131/1054 
f 1287/131/1054 1304/131/1054 1298/131/1054 
f 1304/131/1055 1305/131/1055 1296/131/1055 
f 1296/131/1055 1298/131/1055 1304/131/1055 
f 1305/131/1056 1306/131/1056 1297/131/1056 
f 1297/131/1056 1296/131/1056 1305/131/1056 
f 1306/131/1057 1307/131/1057 1308/131/1057 
f 1308/131/1057 1297/131/1057 1306/131/1057 
f 1292/131/1058 1297/131/1058 1308/131/1058 
f 1308/131/1059 1309/131/1059 1292/131/1059 
f 1292/131/1060 1309/131/1060 1299/131/1060 
f 1299/131/1061 1293/131/1061 1292/131/1061 
f 1310/131/1062 1311/131/1062 1312/131/1062 
f 1312/131/1063 1313/131/1063 1310/131/1063 
f 1314/131/1064 1315/131/1064 1311/131/1064 
f 1311/131/1064 1310/131/1064 1314/131/1064 
f 1311/131/1065 1316/131/1065 1317/131/1065 
f 1317/131/1066 1312/131/1066 1311/131/1066 
f 1311/131/1067 1315/131/1067 1318/131/1067 
f 1318/131/1068 1316/131/1068 1311/131/1068 
f 1319/131/1069 1320/131/1069 1321/131/1069 
f 1321/131/1069 1313/131/1069 1319/131/1069 
f 1310/131/1070 1313/131/1070 1321/131/1070 
f 1321/131/1070 1322/131/1070 1310/131/1070 
f 1310/131/1071 1322/131/1071 1323/131/1071 
f 1323/131/1071 1314/131/1071 1310/131/1071 
f 1299/131/1072 1314/131/1072 1323/131/1072 
f 1323/131/1072 1300/131/1072 1299/131/1072 
f 1314/131/1073 1299/131/1073 1309/131/1073 
f 1309/131/1074 1315/131/1074 1314/131/1074 
f 1308/131/1075 1318/131/1075 1315/131/1075 
f 1315/131/1075 1309/131/1075 1308/131/1075 
f 1318/131/1076 1308/131/1076 1307/131/1076 
f 1307/131/1077 1324/131/1077 1318/131/1077 
f 1324/131/1078 1325/131/1078 1316/131/1078 
f 1316/131/1078 1318/131/1078 1324/131/1078 
f 1325/131/1079 1326/131/1079 1317/131/1079 
f 1317/131/1079 1316/131/1079 1325/131/1079 
f 1326/131/1080 1327/131/1080 1328/131/1080 
f 1328/131/1080 1317/131/1080 1326/131/1080 
f 1312/131/1081 1317/131/1081 1328/131/1081 
f 1328/131/1081 1329/131/1081 1312/131/1081 
f 1312/131/1082 1329/131/1082 1319/131/1082 
f 1319/131/1083 1313/131/1083 1312/131/1083 
f 1330/131/1084 1331/131/1084 1332/131/1084 
f 1332/131/1084 1333/131/1084 1330/131/1084 
f 1334/131/1085 1335/131/1085 1331/131/1085 
f 1331/131/1086 1330/131/1086 1334/131/1086 
f 1331/131/1087 1336/131/1087 1337/131/1087 
f 1337/131/1087 1332/131/1087 1331/131/1087 
f 1331/131/1088 1335/131/1088 1338/131/1088 
f 1338/131/1089 1336/131/1089 1331/131/1089 
f 1339/131/1090 1340/131/1090 1341/131/1090 
f 1341/131/1090 1333/131/1090 1339/131/1090 
f 1330/131/1091 1333/131/1091 1341/131/1091 
f 1341/131/1091 1342/131/1091 1330/131/1091 
f 1330/131/1092 1342/131/1092 1343/131/1092 
f 1343/131/1092 1334/131/1092 1330/131/1092 
f 1319/131/1093 1334/131/1093 1343/131/1093 
f 1343/131/1094 1320/131/1094 1319/131/1094 
f 1334/131/1095 1319/131/1095 1329/131/1095 
f 1329/131/1096 1335/131/1096 1334/131/1096 
f 1328/131/1097 1338/131/1097 1335/131/1097 
f 1335/131/1097 1329/131/1097 1328/131/1097 
f 1338/131/1098 1328/131/1098 1327/131/1098 
f 1327/131/1099 1344/131/1099 1338/131/1099 
f 1344/131/1100 1345/131/1100 1336/131/1100 
f 1336/131/1101 1338/131/1101 1344/131/1101 
f 1345/131/1102 1346/131/1102 1337/131/1102 
f 1337/131/1102 1336/131/1102 1345/131/1102 
f 1346/131/1103 1347/131/1103 1348/131/1103 
f 1348/131/1104 1337/131/1104 1346/131/1104 
f 1332/131/1105 1337/131/1105 1348/131/1105 
f 1348/131/1105 1349/131/1105 1332/131/1105 
f 1332/131/1106 1349/131/1106 1339/131/1106 
f 1339/131/1106 1333/131/1106 1332/131/1106 
f 1350/131/331 1351/131/331 1352/131/331 
f 1352/131/331 1353/131/331 1350/131/331 
f 1354/131/332 1355/131/332 1351/131/332 
f 1351/131/332 1350/131/332 1354/131/332 
f 1351/131/1107 1356/131/1107 1357/131/1107 
f 1357/131/327 1352/131/327 1351/131/327 
f 1351/131/329 1355/131/329 1358/131/329 
f 1358/131/329 1356/131/329 1351/131/329 
f 1359/131/346 1360/131/346 1361/131/346 
f 1361/131/1108 1353/131/1108 1359/131/1108 
f 1350/131/343 1353/131/343 1361/131/343 
f 1361/131/343 1362/131/343 1350/131/343 
f 1350/131/342 1362/131/342 1363/131/342 
f 1363/131/342 1354/131/342 1350/131/342 
f 1339/131/340 1354/131/340 1363/131/340 
f 1363/131/1109 1340/131/1109 1339/131/1109 
f 1354/131/339 1339/131/339 1349/131/339 
f 1349/131/339 1355/131/339 1354/131/339 
f 1348/131/338 1358/131/338 1355/131/338 
f 1355/131/338 1349/131/338 1348/131/338 
f 1358/131/1110 1348/131/1110 1347/131/1110 
f 1347/131/337 1364/131/337 1358/131/337 
f 1364/131/336 1365/131/336 1356/131/336 
f 1356/131/1111 1358/131/1111 1364/131/1111 
f 1365/131/335 1366/131/335 1357/131/335 
f 1357/131/335 1356/131/335 1365/131/335 
f 1366/131/333 1367/131/333 1368/131/333 
f 1368/131/333 1357/131/333 1366/131/333 
f 1352/131/348 1357/131/348 1368/131/348 
f 1368/131/348 1369/131/348 1352/131/348 
f 1352/131/347 1369/131/347 1359/131/347 
f 1359/131/1112 1353/131/1112 1352/131/1112 
f 1370/131/784 1371/131/784 1372/131/784 
f 1372/131/1113 1373/131/1113 1370/131/1113 
f 1374/131/785 1375/131/785 1371/131/785 
f 1371/131/785 1370/131/785 1374/131/785 
f 1371/131/781 1376/131/781 1377/131/781 
f 1377/131/781 1372/131/781 1371/131/781 
f 1371/131/1114 1375/131/1114 1378/131/1114 
f 1378/131/783 1376/131/783 1371/131/783 
f 1379/131/796 1380/131/796 1381/131/796 
f 1381/131/796 1373/131/796 1379/131/796 
f 1370/131/1115 1373/131/1115 1381/131/1115 
f 1381/131/795 1382/131/795 1370/131/795 
f 1370/131/794 1382/131/794 1383/131/794 
f 1383/131/794 1374/131/794 1370/131/794 
f 1359/131/1116 1374/131/1116 1383/131/1116 
f 1383/131/793 1360/131/793 1359/131/793 
f 1374/131/792 1359/131/792 1369/131/792 
f 1369/131/791 1375/131/791 1374/131/791 
f 1368/131/1117 1378/131/1117 1375/131/1117 
f 1375/131/790 1369/131/790 1368/131/790 
f 1378/131/789 1368/131/789 1367/131/789 
f 1367/131/789 1384/131/789 1378/131/789 
f 1384/131/788 1385/131/788 1376/131/788 
f 1376/131/788 1378/131/788 1384/131/788 
f 1385/131/787 1386/131/787 1377/131/787 
f 1377/131/787 1376/131/787 1385/131/787 
f 1386/131/786 1387/131/786 1388/131/786 
f 1388/131/786 1377/131/786 1386/131/786 
f 1372/131/799 1377/131/799 1388/131/799 
f 1388/131/799 1389/131/799 1372/131/799 
f 1372/131/798 1389/131/798 1379/131/798 
f 1379/131/1118 1373/131/1118 1372/131/1118 
f 1390/131/1119 1391/131/1119 1392/131/1119 
f 1392/131/1119 1393/131/1119 1390/131/1119 
f 1394/131/805 1395/131/805 1391/131/805 
f 1391/131/805 1390/131/805 1394/131/805 
f 1391/131/801 1396/131/801 1397/131/801 
f 1397/131/801 1392/131/801 1391/131/801 
f 1391/131/1120 1395/131/1120 1398/131/1120 
f 1398/131/802 1396/131/802 1391/131/802 
f 1399/131/820 1400/131/820 1401/131/820 
f 1401/131/820 1393/131/820 1399/131/820 
f 1390/131/817 1393/131/817 1401/131/817 
f 1401/131/1121 1402/131/1121 1390/131/1121 
f 1390/131/816 1402/131/816 1403/131/816 
f 1403/131/816 1394/131/816 1390/131/816 
f 1379/131/815 1394/131/815 1403/131/815 
f 1403/131/815 1380/131/815 1379/131/815 
f 1394/131/1122 1379/131/1122 1389/131/1122 
f 1389/131/1122 1395/131/1122 1394/131/1122 
f 1388/131/1123 1398/131/1123 1395/131/1123 
f 1395/131/1124 1389/131/1124 1388/131/1124 
f 1398/131/811 1388/131/811 1387/131/811 
f 1387/131/811 1404/131/811 1398/131/811 
f 1404/131/1125 1405/131/1125 1396/131/1125 
f 1396/131/1126 1398/131/1126 1404/131/1126 
f 1405/131/808 1406/131/808 1397/131/808 
f 1397/131/808 1396/131/808 1405/131/808 
f 1406/131/806 1407/131/806 1408/131/806 
f 1408/131/806 1397/131/806 1406/131/806 
f 1392/131/822 1397/131/822 1408/131/822 
f 1408/131/822 1409/131/822 1392/131/822 
f 1392/131/821 1409/131/821 1399/131/821 
f 1399/131/821 1393/131/821 1392/131/821 
f 1410/131/826 1411/131/826 1412/131/826 
f 1412/131/826 1413/131/826 1410/131/826 
f 1414/131/827 1415/131/827 1411/131/827 
f 1411/131/827 1410/131/827 1414/131/827 
f 1411/131/823 1416/131/823 1417/131/823 
f 1417/131/824 1412/131/824 1411/131/824 
f 1411/131/825 1415/131/825 1418/131/825 
f 1418/131/825 1416/131/825 1411/131/825 
f 1419/131/840 1420/131/840 1421/131/840 
f 1421/131/840 1413/131/840 1419/131/840 
f 1410/131/1127 1413/131/1127 1421/131/1127 
f 1421/131/839 1422/131/839 1410/131/839 
f 1410/131/838 1422/131/838 1423/131/838 
f 1423/131/838 1414/131/838 1410/131/838 
f 1399/131/837 1414/131/837 1423/131/837 
f 1423/131/837 1400/131/837 1399/131/837 
f 1414/131/836 1399/131/836 1409/131/836 
f 1409/131/836 1415/131/836 1414/131/836 
f 1408/131/1128 1418/131/1128 1415/131/1128 
f 1415/131/1129 1409/131/1129 1408/131/1129 
f 1418/131/1130 1408/131/1130 1407/131/1130 
f 1407/131/834 1424/131/834 1418/131/834 
f 1424/131/1131 1425/131/1131 1416/131/1131 
f 1416/131/1131 1418/131/1131 1424/131/1131 
f 1425/131/830 1426/131/830 1417/131/830 
f 1417/131/830 1416/131/830 1425/131/830 
f 1426/131/829 1427/131/829 1428/131/829 
f 1428/131/1132 1417/131/1132 1426/131/1132 
f 1412/131/1133 1417/131/1133 1428/131/1133 
f 1428/131/843 1429/131/843 1412/131/843 
f 1412/131/842 1429/131/842 1419/131/842 
f 1419/131/842 1413/131/842 1412/131/842 
f 1430/131/848 1431/131/848 1432/131/848 
f 1432/131/848 1433/131/848 1430/131/848 
f 1434/131/1134 1435/131/1134 1431/131/1134 
f 1431/131/1135 1430/131/1135 1434/131/1135 
f 1431/131/845 1436/131/845 1437/131/845 
f 1437/131/845 1432/131/845 1431/131/845 
f 1431/131/846 1435/131/846 1438/131/846 
f 1438/131/846 1436/131/846 1431/131/846 
f 1439/131/1136 1440/131/1136 1441/131/1136 
f 1441/131/861 1433/131/861 1439/131/861 
f 1430/131/859 1433/131/859 1441/131/859 
f 1441/131/859 1442/131/859 1430/131/859 
f 1430/131/858 1442/131/858 1443/131/858 
f 1443/131/858 1434/131/858 1430/131/858 
f 1419/131/1137 1434/131/1137 1443/131/1137 
f 1443/131/857 1420/131/857 1419/131/857 
f 1434/131/856 1419/131/856 1429/131/856 
f 1429/131/856 1435/131/856 1434/131/856 
f 1428/131/855 1438/131/855 1435/131/855 
f 1435/131/855 1429/131/855 1428/131/855 
f 1438/131/854 1428/131/854 1427/131/854 
f 1427/131/854 1444/131/854 1438/131/854 
f 1444/131/853 1445/131/853 1436/131/853 
f 1436/131/853 1438/131/853 1444/131/853 
f 1445/131/852 1446/131/852 1437/131/852 
f 1437/131/852 1436/131/852 1445/131/852 
f 1446/131/1138 1447/131/1138 1448/131/1138 
f 1448/131/1138 1437/131/1138 1446/131/1138 
f 1432/131/865 1437/131/865 1448/131/865 
f 1448/131/865 1449/131/865 1432/131/865 
f 1432/131/863 1449/131/863 1439/131/863 
f 1439/131/1139 1433/131/1139 1432/131/1139 
f 1450/131/1140 1451/131/1140 1452/131/1140 
f 1452/131/1140 1453/131/1140 1450/131/1140 
f 1454/131/870 1455/131/870 1451/131/870 
f 1451/131/870 1450/131/870 1454/131/870 
f 1451/131/866 1456/131/866 1457/131/866 
f 1457/131/866 1452/131/866 1451/131/866 
f 1451/131/1141 1455/131/1141 1458/131/1141 
f 1458/131/1141 1456/131/1141 1451/131/1141 
f 1459/131/885 1460/131/885 1461/131/885 
f 1461/131/885 1453/131/885 1459/131/885 
f 1450/131/884 1453/131/884 1461/131/884 
f 1461/131/884 1462/131/884 1450/131/884 
f 1450/131/1142 1462/131/1142 1463/131/1142 
f 1463/131/882 1454/131/882 1450/131/882 
f 1439/131/1143 1454/131/1143 1463/131/1143 
f 1463/131/880 1440/131/880 1439/131/880 
f 1454/131/878 1439/131/878 1449/131/878 
f 1449/131/878 1455/131/878 1454/131/878 
f 1448/131/877 1458/131/877 1455/131/877 
f 1455/131/877 1449/131/877 1448/131/877 
f 1458/131/876 1448/131/876 1447/131/876 
f 1447/131/876 1464/131/876 1458/131/876 
f 1464/131/875 1465/131/875 1456/131/875 
f 1456/131/875 1458/131/875 1464/131/875 
f 1465/131/873 1466/131/873 1457/131/873 
f 1457/131/873 1456/131/873 1465/131/873 
f 1466/131/1144 1467/131/1144 1468/131/1144 
f 1468/131/1144 1457/131/1144 1466/131/1144 
f 1452/131/887 1457/131/887 1468/131/887 
f 1468/131/887 1469/131/887 1452/131/887 
f 1452/131/886 1469/131/886 1459/131/886 
f 1459/131/886 1453/131/886 1452/131/886 
f 1470/131/890 1471/131/890 1472/131/890 
f 1472/131/890 1473/131/890 1470/131/890 
f 1474/131/892 1475/131/892 1471/131/892 
f 1471/131/892 1470/131/892 1474/131/892 
f 1471/131/1145 1476/131/1145 1477/131/1145 
f 1477/131/888 1472/131/888 1471/131/888 
f 1471/131/889 1475/131/889 1478/131/889 
f 1478/131/889 1476/131/889 1471/131/889 
f 1479/131/1146 1480/131/1146 1481/131/1146 
f 1481/131/905 1473/131/905 1479/131/905 
f 1470/131/904 1473/131/904 1481/131/904 
f 1481/131/903 1482/131/903 1470/131/903 
f 1470/131/902 1482/131/902 1483/131/902 
f 1483/131/1147 1474/131/1147 1470/131/1147 
f 1459/131/900 1474/131/900 1483/131/900 
f 1483/131/900 1460/131/900 1459/131/900 
f 1474/131/899 1459/131/899 1469/131/899 
f 1469/131/899 1475/131/899 1474/131/899 
f 1468/131/898 1478/131/898 1475/131/898 
f 1475/131/898 1469/131/898 1468/131/898 
f 1478/131/897 1468/131/897 1467/131/897 
f 1467/131/1148 1484/131/1148 1478/131/1148 
f 1484/131/895 1485/131/895 1476/131/895 
f 1476/131/895 1478/131/895 1484/131/895 
f 1485/131/894 1486/131/894 1477/131/894 
f 1477/131/894 1476/131/894 1485/131/894 
f 1486/131/893 1487/131/893 1488/131/893 
f 1488/131/893 1477/131/893 1486/131/893 
f 1472/131/1149 1477/131/1149 1488/131/1149 
f 1488/131/1149 1489/131/1149 1472/131/1149 
f 1472/131/908 1489/131/908 1479/131/908 
f 1479/131/908 1473/131/908 1472/131/908 
f 1490/131/914 1491/131/914 1492/131/914 
f 1492/131/914 1493/131/914 1490/131/914 
f 1494/131/915 1495/131/915 1491/131/915 
f 1491/131/915 1490/131/915 1494/131/915 
f 1491/131/911 1496/131/911 1497/131/911 
f 1497/131/1150 1492/131/1150 1491/131/1150 
f 1491/131/912 1495/131/912 1498/131/912 
f 1498/131/912 1496/131/912 1491/131/912 
f 1499/131/926 1500/131/926 1501/131/926 
f 1501/131/926 1493/131/926 1499/131/926 
f 1490/131/925 1493/131/925 1501/131/925 
f 1501/131/1151 1502/131/1151 1490/131/1151 
f 1490/131/924 1502/131/924 1503/131/924 
f 1503/131/924 1494/131/924 1490/131/924 
f 1479/131/1152 1494/131/1152 1503/131/1152 
f 1503/131/1152 1480/131/1152 1479/131/1152 
f 1494/131/921 1479/131/921 1489/131/921 
f 1489/131/921 1495/131/921 1494/131/921 
f 1488/131/920 1498/131/920 1495/131/920 
f 1495/131/920 1489/131/920 1488/131/920 
f 1498/131/919 1488/131/919 1487/131/919 
f 1487/131/1153 1504/131/1153 1498/131/1153 
f 1504/131/918 1505/131/918 1496/131/918 
f 1496/131/918 1498/131/918 1504/131/918 
f 1505/131/917 1506/131/917 1497/131/917 
f 1497/131/917 1496/131/917 1505/131/917 
f 1506/131/916 1507/131/916 1508/131/916 
f 1508/131/916 1497/131/916 1506/131/916 
f 1492/131/930 1497/131/930 1508/131/930 
f 1508/131/930 1509/131/930 1492/131/930 
f 1492/131/928 1509/131/928 1499/131/928 
f 1499/131/928 1493/131/928 1492/131/928 
f 1510/131/1154 1511/131/1154 1512/131/1154 
f 1512/131/934 1513/131/934 1510/131/934 
f 1514/131/1155 1515/131/1155 1511/131/1155 
f 1511/131/935 1510/131/935 1514/131/935 
f 1511/131/931 1516/131/931 1517/131/931 
f 1517/131/931 1512/131/931 1511/131/931 
f 1511/131/933 1515/131/933 1518/131/933 
f 1518/131/933 1516/131/933 1511/131/933 
f 1519/131/950 1520/131/950 1521/131/950 
f 1521/131/950 1513/131/950 1519/131/950 
f 1510/131/949 1513/131/949 1521/131/949 
f 1521/131/949 1522/131/949 1510/131/949 
f 1510/131/1156 1522/131/1156 1523/131/1156 
f 1523/131/947 1514/131/947 1510/131/947 
f 1499/131/946 1514/131/946 1523/131/946 
f 1523/131/946 1500/131/946 1499/131/946 
f 1514/131/944 1499/131/944 1509/131/944 
f 1509/131/944 1515/131/944 1514/131/944 
f 1508/131/1157 1518/131/1157 1515/131/1157 
f 1515/131/943 1509/131/943 1508/131/943 
f 1518/131/941 1508/131/941 1507/131/941 
f 1507/131/941 1524/131/941 1518/131/941 
f 1524/131/940 1525/131/940 1516/131/940 
f 1516/131/940 1518/131/940 1524/131/940 
f 1525/131/939 1526/131/939 1517/131/939 
f 1517/131/939 1516/131/939 1525/131/939 
f 1526/131/937 1527/131/937 1528/131/937 
f 1528/131/937 1517/131/937 1526/131/937 
f 1512/131/954 1517/131/954 1528/131/954 
f 1528/131/954 1529/131/954 1512/131/954 
f 1512/131/953 1529/131/953 1519/131/953 
f 1519/131/1158 1513/131/1158 1512/131/1158 
f 1530/131/959 1531/131/959 1532/131/959 
f 1532/131/959 1533/131/959 1530/131/959 
f 1534/131/960 1535/131/960 1531/131/960 
f 1531/131/960 1530/131/960 1534/131/960 
f 1531/131/956 1536/131/956 1537/131/956 
f 1537/131/956 1532/131/956 1531/131/956 
f 1531/131/1159 1535/131/1159 1538/131/1159 
f 1538/131/957 1536/131/957 1531/131/957 
f 1539/131/973 1540/131/973 1541/131/973 
f 1541/131/973 1533/131/973 1539/131/973 
f 1530/131/1160 1533/131/1160 1541/131/1160 
f 1541/131/1161 1542/131/1161 1530/131/1161 
f 1530/131/971 1542/131/971 1543/131/971 
f 1543/131/1162 1534/131/1162 1530/131/1162 
f 1519/131/969 1534/131/969 1543/131/969 
f 1543/131/1163 1520/131/1163 1519/131/1163 
f 1534/131/968 1519/131/968 1529/131/968 
f 1529/131/968 1535/131/968 1534/131/968 
f 1528/131/967 1538/131/967 1535/131/967 
f 1535/131/967 1529/131/967 1528/131/967 
f 1538/131/966 1528/131/966 1527/131/966 
f 1527/131/966 1544/131/966 1538/131/966 
f 1544/131/965 1545/131/965 1536/131/965 
f 1536/131/965 1538/131/965 1544/131/965 
f 1545/131/964 1546/131/964 1537/131/964 
f 1537/131/964 1536/131/964 1545/131/964 
f 1546/131/1164 1547/131/1164 1548/131/1164 
f 1548/131/962 1537/131/962 1546/131/962 
f 1532/131/976 1537/131/976 1548/131/976 
f 1548/131/976 1549/131/976 1532/131/976 
f 1532/131/974 1549/131/974 1539/131/974 
f 1539/131/974 1533/131/974 1532/131/974 
f 1550/131/979 1551/131/979 1552/131/979 
f 1552/131/979 1553/131/979 1550/131/979 
f 1554/131/1165 1555/131/1165 1551/131/1165 
f 1551/131/980 1550/131/980 1554/131/980 
f 1551/131/977 1556/131/977 1557/131/977 
f 1557/131/977 1552/131/977 1551/131/977 
f 1551/131/978 1555/131/978 1558/131/978 
f 1558/131/978 1556/131/978 1551/131/978 
f 1559/131/1166 1560/131/1166 1561/131/1166 
f 1561/131/1166 1553/131/1166 1559/131/1166 
f 1550/131/1167 1553/131/1167 1561/131/1167 
f 1561/131/1168 1562/131/1168 1550/131/1168 
f 1550/131/991 1562/131/991 1563/131/991 
f 1563/131/991 1554/131/991 1550/131/991 
f 1539/131/989 1554/131/989 1563/131/989 
f 1563/131/989 1540/131/989 1539/131/989 
f 1554/131/988 1539/131/988 1549/131/988 
f 1549/131/988 1555/131/988 1554/131/988 
f 1548/131/986 1558/131/986 1555/131/986 
f 1555/131/986 1549/131/986 1548/131/986 
f 1558/131/985 1548/131/985 1547/131/985 
f 1547/131/985 1564/131/985 1558/131/985 
f 1564/131/983 1565/131/983 1556/131/983 
f 1556/131/983 1558/131/983 1564/131/983 
f 1565/131/982 1566/131/982 1557/131/982 
f 1557/131/1169 1556/131/1169 1565/131/1169 
f 1566/131/1170 1567/131/1170 1568/131/1170 
f 1568/131/981 1557/131/981 1566/131/981 
f 1552/131/997 1557/131/997 1568/131/997 
f 1568/131/997 1569/131/997 1552/131/997 
f 1552/131/995 1569/131/995 1559/131/995 
f 1559/131/995 1553/131/995 1552/131/995 
f 1570/131/1171 1571/131/1171 1572/131/1171 
f 1572/131/1003 1573/131/1003 1570/131/1003 
f 1574/131/1004 1575/131/1004 1571/131/1004 
f 1571/131/1172 1570/131/1172 1574/131/1172 
f 1571/131/999 1576/131/999 1577/131/999 
f 1577/131/999 1572/131/999 1571/131/999 
f 1571/131/1000 1575/131/1000 1578/131/1000 
f 1578/131/1173 1576/131/1173 1571/131/1173 
f 1579/131/1016 1580/131/1016 1581/131/1016 
f 1581/131/1174 1573/131/1174 1579/131/1174 
f 1570/131/1014 1573/131/1014 1581/131/1014 
f 1581/131/1014 1582/131/1014 1570/131/1014 
f 1570/131/1013 1582/131/1013 1583/131/1013 
f 1583/131/1013 1574/131/1013 1570/131/1013 
f 1559/131/1012 1574/131/1012 1583/131/1012 
f 1583/131/1012 1560/131/1012 1559/131/1012 
f 1574/131/1175 1559/131/1175 1569/131/1175 
f 1569/131/1011 1575/131/1011 1574/131/1011 
f 1568/131/1009 1578/131/1009 1575/131/1009 
f 1575/131/1176 1569/131/1176 1568/131/1176 
f 1578/131/1008 1568/131/1008 1567/131/1008 
f 1567/131/1008 1584/131/1008 1578/131/1008 
f 1584/131/1007 1585/131/1007 1576/131/1007 
f 1576/131/1007 1578/131/1007 1584/131/1007 
f 1585/131/1006 1586/131/1006 1577/131/1006 
f 1577/131/1006 1576/131/1006 1585/131/1006 
f 1586/131/1177 1587/131/1177 1588/131/1177 
f 1588/131/1005 1577/131/1005 1586/131/1005 
f 1572/131/1018 1577/131/1018 1588/131/1018 
f 1588/131/1018 1589/131/1018 1572/131/1018 
f 1572/131/1017 1589/131/1017 1579/131/1017 
f 1579/131/1017 1573/131/1017 1572/131/1017 
f 1590/131/1022 1591/131/1022 1592/131/1022 
f 1592/131/1021 1593/131/1021 1590/131/1021 
f 1594/131/1023 1595/131/1023 1591/131/1023 
f 1591/131/1178 1590/131/1023 1594/131/1023 
f 1591/131/1019 1596/131/1019 1597/131/1019 
f 1597/131/1019 1592/131/1019 1591/131/1019 
f 1591/131/1020 1595/131/1020 1598/131/1020 
f 1598/131/1020 1596/131/1020 1591/131/1020 
f 1599/131/1037 1600/131/1037 1601/131/1037 
f 1601/131/1037 1593/131/1037 1599/131/1037 
f 1590/131/1036 1593/131/1036 1601/131/1036 
f 1601/131/1036 1602/131/1036 1590/131/1036 
f 1590/131/1179 1602/131/1179 1603/131/1179 
f 1603/131/1179 1594/131/1179 1590/131/1179 
f 1579/131/1034 1594/131/1034 1603/131/1034 
f 1603/131/1034 1580/131/1034 1579/131/1034 
f 1594/131/1033 1579/131/1033 1589/131/1033 
f 1589/131/1033 1595/131/1033 1594/131/1033 
f 1588/131/1180 1598/131/1180 1595/131/1180 
f 1595/131/1181 1589/131/1181 1588/131/1181 
f 1598/131/1030 1588/131/1030 1587/131/1030 
f 1587/131/1030 1604/131/1030 1598/131/1030 
f 1604/131/1029 1605/131/1029 1596/131/1029 
f 1596/131/1029 1598/131/1029 1604/131/1029 
f 1605/131/1182 1606/131/1182 1597/131/1182 
f 1597/131/1027 1596/131/1027 1605/131/1027 
f 1606/131/1025 1607/131/1025 1608/131/1025 
f 1608/131/1025 1597/131/1025 1606/131/1025 
f 1592/131/1039 1597/131/1039 1608/131/1039 
f 1608/131/1039 1609/131/1039 1592/131/1039 
f 1592/131/1038 1609/131/1038 1599/131/1038 
f 1599/131/1038 1593/131/1038 1592/131/1038 
f 1610/131/1183 1611/131/1183 1612/131/1183 
f 1612/131/1042 1613/131/1042 1610/131/1042 
f 1614/131/1044 1615/131/1044 1611/131/1044 
f 1611/131/1044 1610/131/1044 1614/131/1044 
f 1611/131/1040 1616/131/1040 1617/131/1040 
f 1617/131/1040 1612/131/1040 1611/131/1040 
f 1611/131/1041 1615/131/1041 1618/131/1041 
f 1618/131/1041 1616/131/1041 1611/131/1041 
f 1619/131/1057 1620/131/1057 1621/131/1057 
f 1621/131/1057 1613/131/1057 1619/131/1057 
f 1610/131/1056 1613/131/1056 1621/131/1056 
f 1621/131/1056 1622/131/1056 1610/131/1056 
f 1610/131/1055 1622/131/1055 1623/131/1055 
f 1623/131/1055 1614/131/1055 1610/131/1055 
f 1599/131/1054 1614/131/1054 1623/131/1054 
f 1623/131/1054 1600/131/1054 1599/131/1054 
f 1614/131/1053 1599/131/1053 1609/131/1053 
f 1609/131/1053 1615/131/1053 1614/131/1053 
f 1608/131/1052 1618/131/1052 1615/131/1052 
f 1615/131/1052 1609/131/1052 1608/131/1052 
f 1618/131/1050 1608/131/1050 1607/131/1050 
f 1607/131/1050 1624/131/1050 1618/131/1050 
f 1624/131/1184 1625/131/1184 1616/131/1184 
f 1616/131/1048 1618/131/1048 1624/131/1048 
f 1625/131/1185 1626/131/1185 1617/131/1185 
f 1617/131/1047 1616/131/1047 1625/131/1047 
f 1626/131/1045 1627/131/1045 1628/131/1045 
f 1628/131/1045 1617/131/1045 1626/131/1045 
f 1612/131/1186 1617/131/1186 1628/131/1186 
f 1628/131/1060 1629/131/1060 1612/131/1060 
f 1612/131/1187 1629/131/1187 1619/131/1187 
f 1619/131/1058 1613/131/1058 1612/131/1058 
f 1630/131/1066 1631/131/1066 1632/131/1066 
f 1632/131/1066 1633/131/1066 1630/131/1066 
f 1634/131/1188 1635/131/1188 1631/131/1188 
f 1631/131/1188 1630/131/1188 1634/131/1188 
f 1631/131/1189 1636/131/1189 1637/131/1189 
f 1637/131/1190 1632/131/1190 1631/131/1190 
f 1631/131/1064 1635/131/1064 1638/131/1064 
f 1638/131/1064 1636/131/1064 1631/131/1064 
f 1639/131/1080 1640/131/1080 1641/131/1080 
f 1641/131/1080 1633/131/1080 1639/131/1080 
f 1630/131/1079 1633/131/1079 1641/131/1079 
f 1641/131/1079 1642/131/1079 1630/131/1079 
f 1630/131/1078 1642/131/1078 1643/131/1078 
f 1643/131/1078 1634/131/1078 1630/131/1078 
f 1619/131/1076 1634/131/1076 1643/131/1076 
f 1643/131/1076 1620/131/1076 1619/131/1076 
f 1634/131/1191 1619/131/1191 1629/131/1191 
f 1629/131/1191 1635/131/1191 1634/131/1191 
f 1628/131/1192 1638/131/1192 1635/131/1192 
f 1635/131/1193 1629/131/1193 1628/131/1193 
f 1638/131/1072 1628/131/1072 1627/131/1072 
f 1627/131/1072 1644/131/1072 1638/131/1072 
f 1644/131/1194 1645/131/1194 1636/131/1194 
f 1636/131/1071 1638/131/1071 1644/131/1071 
f 1645/131/1070 1646/131/1070 1637/131/1070 
f 1637/131/1070 1636/131/1070 1645/131/1070 
f 1646/131/1069 1647/131/1069 1648/131/1069 
f 1648/131/1069 1637/131/1069 1646/131/1069 
f 1632/131/1195 1637/131/1195 1648/131/1195 
f 1648/131/1196 1649/131/1196 1632/131/1196 
f 1632/131/1081 1649/131/1081 1639/131/1081 
f 1639/131/1081 1633/131/1081 1632/131/1081 
f 1650/131/1087 1651/131/1087 1652/131/1087 
f 1652/131/1087 1653/131/1087 1650/131/1087 
f 1654/131/1089 1655/131/1089 1651/131/1089 
f 1651/131/1089 1650/131/1089 1654/131/1089 
f 1651/131/1197 1656/131/1197 1657/131/1197 
f 1657/131/1084 1652/131/1084 1651/131/1084 
f 1651/131/1085 1655/131/1085 1658/131/1085 
f 1658/131/1085 1656/131/1085 1651/131/1085 
f 400/131/1104 399/131/1104 1659/131/1104 
f 1659/131/1104 1653/131/1104 400/131/1104 
f 1650/131/1102 1653/131/1102 1659/131/1102 
f 1659/131/1102 1660/131/1102 1650/131/1102 
f 1650/131/1100 1660/131/1100 1661/131/1100 
f 1661/131/1198 1654/131/1198 1650/131/1198 
f 1639/131/1199 1654/131/1199 1661/131/1199 
f 1661/131/1199 1640/131/1199 1639/131/1199 
f 1654/131/1097 1639/131/1097 1649/131/1097 
f 1649/131/1097 1655/131/1097 1654/131/1097 
f 1648/131/1096 1658/131/1096 1655/131/1096 
f 1655/131/1096 1649/131/1096 1648/131/1096 
f 1658/131/1094 1648/131/1094 1647/131/1094 
f 1647/131/1094 1662/131/1094 1658/131/1094 
f 1662/131/1092 1663/131/1092 1656/131/1092 
f 1656/131/1092 1658/131/1092 1662/131/1092 
f 1663/131/1091 1664/131/1091 1657/131/1091 
f 1657/131/1091 1656/131/1091 1663/131/1091 
f 402/131/1200 1657/131/1200 1664/131/1200 
f 1664/131/1090 404/131/1090 402/131/1090 
f 1657/131/1201 402/131/1201 401/131/1201 
f 401/131/1106 1652/131/1106 1657/131/1106 
f 1652/131/1105 401/131/1105 400/131/1105 
f 400/131/1105 1653/131/1105 1652/131/1105 
f 1665/131/1202 1666/131/1202 1667/131/1202 
f 1667/131/1202 1668/131/1202 1665/131/1202 
f 1669/131/1203 1670/131/1203 1666/131/1203 
f 1666/131/1203 1665/131/1203 1669/131/1203 
f 1666/131/1204 1671/131/1204 1672/131/1204 
f 1672/131/1204 1667/131/1204 1666/131/1204 
f 1673/131/1205 1671/131/1205 1666/131/1205 
f 1666/131/1206 1670/131/1206 1673/131/1206 
f 1674/131/1207 910/131/1207 932/131/1207 
f 932/131/1208 1668/131/1208 1674/131/1208 
f 1668/131/1209 932/131/1209 931/131/1209 
f 931/131/1209 1665/131/1209 1668/131/1209 
f 1669/131/1210 1665/131/1210 931/131/1210 
f 931/131/1210 929/131/1210 1669/131/1210 
f 1669/131/1211 929/131/1211 930/131/1211 
f 930/131/1211 1675/131/1211 1669/131/1211 
f 1669/131/1212 1675/131/1212 1676/131/1212 
f 1676/131/1212 1670/131/1212 1669/131/1212 
f 1677/131/1213 1673/131/1213 1670/131/1213 
f 1670/131/1214 1676/131/1214 1677/131/1214 
f 1673/131/1215 1677/131/1215 1547/131/1215 
f 1547/131/1215 1546/131/1215 1673/131/1215 
f 1673/131/1216 1546/131/1216 1545/131/1216 
f 1545/131/1216 1671/131/1216 1673/131/1216 
f 1545/131/1217 1544/131/1217 1672/131/1217 
f 1672/131/1218 1671/131/1218 1545/131/1218 
f 1544/131/1219 1527/131/1219 1678/131/1219 
f 1678/131/1219 1672/131/1219 1544/131/1219 
f 1667/131/1220 1672/131/1220 1678/131/1220 
f 1678/131/1220 1679/131/1220 1667/131/1220 
f 1667/131/1221 1679/131/1221 1674/131/1221 
f 1674/131/1222 1668/131/1222 1667/131/1222 
f 1680/131/1223 1681/131/1223 1682/131/1223 
f 1682/131/1223 1683/131/1223 1680/131/1223 
f 1684/131/1224 1685/131/1224 1681/131/1224 
f 1681/131/1224 1680/131/1224 1684/131/1224 
f 1681/131/1225 1686/131/1225 1687/131/1225 
f 1687/131/1225 1682/131/1225 1681/131/1225 
f 1685/131/1226 1688/131/1226 1686/131/1226 
f 1686/131/1226 1681/131/1226 1685/131/1226 
f 433/131/1227 1044/131/1227 1683/131/1227 
f 1683/131/1228 1689/131/1228 433/131/1228 
f 1049/131/1229 1680/131/1229 1683/131/1229 
f 1683/131/1229 1044/131/1229 1049/131/1229 
f 1049/131/1230 1048/131/1230 1684/131/1230 
f 1684/131/1230 1680/131/1230 1049/131/1230 
f 1048/131/1231 1025/131/1231 1690/131/1231 
f 1690/131/1231 1684/131/1231 1048/131/1231 
f 1684/131/1232 1690/131/1232 1691/131/1232 
f 1691/131/1232 1685/131/1232 1684/131/1232 
f 1692/131/1233 1688/131/1233 1685/131/1233 
f 1685/131/1233 1691/131/1233 1692/131/1233 
f 1688/131/1234 1692/131/1234 1640/131/1234 
f 1640/131/1234 1661/131/1234 1688/131/1234 
f 1688/131/1235 1661/131/1235 1660/131/1235 
f 1660/131/1235 1686/131/1235 1688/131/1235 
f 1686/131/1236 1660/131/1236 1659/131/1236 
f 1659/131/1236 1687/131/1236 1686/131/1236 
f 1659/131/1237 399/131/1237 1693/131/1237 
f 1693/131/1238 1687/131/1238 1659/131/1238 
f 1687/131/1239 1693/131/1239 1694/131/1239 
f 1694/131/1239 1682/131/1239 1687/131/1239 
f 1682/131/1240 1694/131/1240 1689/131/1240 
f 1689/131/1240 1683/131/1240 1682/131/1240 
f 1695/131/1241 1696/131/1241 1697/131/1241 
f 1697/131/1242 1698/131/1242 1695/131/1242 
f 1699/131/1243 1700/131/1243 1696/131/1243 
f 1696/131/1244 1695/131/1244 1699/131/1244 
f 1696/131/1245 1701/131/1245 1702/131/1245 
f 1702/131/1246 1697/131/1246 1696/131/1246 
f 1696/131/1247 1700/131/1247 1703/131/1247 
f 1703/131/1247 1701/131/1247 1696/131/1247 
f 1698/131/1248 1704/131/1248 525/131/1248 
f 525/131/1248 524/131/1248 1698/131/1248 
f 1698/131/1249 524/131/1249 534/131/1249 
f 534/131/1249 1695/131/1249 1698/131/1249 
f 1699/131/1250 1695/131/1250 534/131/1250 
f 534/131/1250 533/131/1250 1699/131/1250 
f 533/131/1251 505/131/1251 1705/131/1251 
f 1705/131/1252 1699/131/1252 533/131/1252 
f 1699/131/1253 1705/131/1253 1706/131/1253 
f 1706/131/1253 1700/131/1253 1699/131/1253 
f 1707/131/1254 1703/131/1254 1700/131/1254 
f 1700/131/1254 1706/131/1254 1707/131/1254 
f 1120/131/1255 1143/131/1255 1703/131/1255 
f 1703/131/1255 1707/131/1255 1120/131/1255 
f 1703/131/1256 1143/131/1256 1142/131/1256 
f 1142/131/1256 1701/131/1256 1703/131/1256 
f 1142/131/1257 1141/131/1257 1702/131/1257 
f 1702/131/1257 1701/131/1257 1142/131/1257 
f 1141/131/1258 1140/131/1258 1708/131/1258 
f 1708/131/1258 1702/131/1258 1141/131/1258 
f 1709/131/1259 1697/131/1259 1702/131/1259 
f 1702/131/1259 1708/131/1259 1709/131/1259 
f 1697/131/1260 1709/131/1260 1704/131/1260 
f 1704/131/1260 1698/131/1260 1697/131/1260 
f 1710/131/1261 1711/131/1261 1712/131/1261 
f 1712/131/1262 1713/131/1262 1710/131/1262 
f 1714/131/1263 1715/131/1263 1711/131/1263 
f 1711/131/1263 1710/131/1263 1714/131/1263 
f 1711/131/1264 1716/131/1264 1717/131/1264 
f 1717/131/1265 1712/131/1265 1711/131/1265 
f 1718/131/1266 1716/131/1266 1711/131/1266 
f 1711/131/1266 1715/131/1266 1718/131/1266 
f 1713/131/1267 1675/131/1267 930/131/1267 
f 930/131/1267 952/131/1267 1713/131/1267 
f 1713/131/1268 952/131/1268 951/131/1268 
f 951/131/1268 1710/131/1268 1713/131/1268 
f 1714/131/1269 1710/131/1269 951/131/1269 
f 951/131/1269 949/131/1269 1714/131/1269 
f 1719/131/1270 1714/131/1270 949/131/1270 
f 949/131/1270 950/131/1270 1719/131/1270 
f 1719/131/1271 1720/131/1271 1715/131/1271 
f 1715/131/1271 1714/131/1271 1719/131/1271 
f 1721/131/1272 1718/131/1272 1715/131/1272 
f 1715/131/1272 1720/131/1272 1721/131/1272 
f 1718/131/1273 1721/131/1273 1567/131/1273 
f 1567/131/1273 1566/131/1273 1718/131/1273 
f 1718/131/1274 1566/131/1274 1565/131/1274 
f 1565/131/1274 1716/131/1274 1718/131/1274 
f 1565/131/1275 1564/131/1275 1717/131/1275 
f 1717/131/1275 1716/131/1275 1565/131/1275 
f 1547/131/1276 1677/131/1276 1717/131/1276 
f 1717/131/1276 1564/131/1276 1547/131/1276 
f 1712/131/1277 1717/131/1277 1677/131/1277 
f 1677/131/1277 1676/131/1277 1712/131/1277 
f 1713/131/1278 1712/131/1278 1676/131/1278 
f 1676/131/1278 1675/131/1278 1713/131/1278 
f 1722/131/1279 1723/131/1279 1724/131/1279 
f 1724/131/1279 1725/131/1279 1722/131/1279 
f 1726/131/1280 1727/131/1280 1723/131/1280 
f 1723/131/1280 1722/131/1280 1726/131/1280 
f 1723/131/1281 1728/131/1281 1729/131/1281 
f 1729/131/1281 1724/131/1281 1723/131/1281 
f 1727/131/1282 1730/131/1282 1728/131/1282 
f 1728/131/1282 1723/131/1282 1727/131/1282 
f 1731/131/1283 429/131/1283 427/131/1283 
f 427/131/1283 1725/131/1283 1731/131/1283 
f 426/131/1284 1722/131/1284 1725/131/1284 
f 1725/131/1284 427/131/1284 426/131/1284 
f 425/131/1285 1726/131/1285 1722/131/1285 
f 1722/131/1285 426/131/1285 425/131/1285 
f 1732/131/1286 1726/131/1286 425/131/1286 
f 425/131/1287 424/131/1287 1732/131/1287 
f 1732/131/1288 1733/131/1288 1727/131/1288 
f 1727/131/1288 1726/131/1288 1732/131/1288 
f 1734/131/1289 1730/131/1289 1727/131/1289 
f 1727/131/1289 1733/131/1289 1734/131/1289 
f 1734/131/1290 407/131/1290 406/131/1290 
f 406/131/1290 1730/131/1290 1734/131/1290 
f 1728/131/1291 1730/131/1291 406/131/1291 
f 406/131/1291 405/131/1291 1728/131/1291 
f 1729/131/1292 1728/131/1292 405/131/1292 
f 405/131/1292 403/131/1292 1729/131/1292 
f 403/131/1293 404/131/1293 1735/131/1293 
f 1735/131/1293 1729/131/1293 403/131/1293 
f 1724/131/1294 1729/131/1294 1735/131/1294 
f 1735/131/1294 1736/131/1294 1724/131/1294 
f 1736/131/1295 1731/131/1295 1725/131/1295 
f 1725/131/1295 1724/131/1295 1736/131/1295 
f 1737/131/1296 1738/131/1296 1739/131/1296 
f 1739/131/1296 1740/131/1296 1737/131/1296 
f 1741/131/1297 1742/131/1297 1738/131/1297 
f 1738/131/1298 1737/131/1298 1741/131/1298 
f 1738/131/1299 1743/131/1299 1744/131/1299 
f 1744/131/1299 1739/131/1299 1738/131/1299 
f 1742/131/1300 1745/131/1300 1743/131/1300 
f 1743/131/1301 1738/131/1301 1742/131/1301 
f 1746/131/1302 545/131/1302 544/131/1302 
f 544/131/1302 1740/131/1302 1746/131/1302 
f 554/131/1303 1737/131/1303 1740/131/1303 
f 1740/131/1303 544/131/1303 554/131/1303 
f 554/131/1304 553/131/1304 1741/131/1304 
f 1741/131/1304 1737/131/1304 554/131/1304 
f 1704/131/1305 1741/131/1305 553/131/1305 
f 553/131/1305 525/131/1305 1704/131/1305 
f 1742/131/1306 1741/131/1306 1704/131/1306 
f 1704/131/1306 1709/131/1306 1742/131/1306 
f 1742/131/1307 1709/131/1307 1708/131/1307 
f 1708/131/1307 1745/131/1307 1742/131/1307 
f 1140/131/1308 1163/131/1308 1745/131/1308 
f 1745/131/1308 1708/131/1308 1140/131/1308 
f 1745/131/1309 1163/131/1309 1162/131/1309 
f 1162/131/1309 1743/131/1309 1745/131/1309 
f 1743/131/1310 1162/131/1310 1161/131/1310 
f 1161/131/1310 1744/131/1310 1743/131/1310 
f 1160/131/1311 1747/131/1311 1744/131/1311 
f 1744/131/1311 1161/131/1311 1160/131/1311 
f 1748/131/1312 1739/131/1312 1744/131/1312 
f 1744/131/1312 1747/131/1312 1748/131/1312 
f 1748/131/1313 1746/131/1313 1740/131/1313 
f 1740/131/1313 1739/131/1313 1748/131/1313 
f 1749/131/1314 1750/131/1314 1751/131/1314 
f 1751/131/1315 1752/131/1315 1749/131/1315 
f 1753/131/1316 1754/131/1316 1750/131/1316 
f 1750/131/1316 1749/131/1316 1753/131/1316 
f 1750/131/1317 1755/131/1317 1756/131/1317 
f 1756/131/1317 1751/131/1317 1750/131/1317 
f 1757/131/1318 1755/131/1318 1750/131/1318 
f 1750/131/1318 1754/131/1318 1757/131/1318 
f 1719/131/1319 950/131/1319 972/131/1319 
f 972/131/1319 1752/131/1319 1719/131/1319 
f 1752/131/1320 972/131/1320 971/131/1320 
f 971/131/1320 1749/131/1320 1752/131/1320 
f 1753/131/1321 1749/131/1321 971/131/1321 
f 971/131/1321 969/131/1321 1753/131/1321 
f 1758/131/1322 1753/131/1322 969/131/1322 
f 969/131/1322 970/131/1322 1758/131/1322 
f 1758/131/1323 1759/131/1323 1754/131/1323 
f 1754/131/1323 1753/131/1323 1758/131/1323 
f 1759/131/1324 1760/131/1324 1757/131/1324 
f 1757/131/1324 1754/131/1324 1759/131/1324 
f 1757/131/1325 1760/131/1325 1587/131/1325 
f 1587/131/1325 1586/131/1325 1757/131/1325 
f 1757/131/1326 1586/131/1326 1585/131/1326 
f 1585/131/1327 1755/131/1327 1757/131/1327 
f 1585/131/1328 1584/131/1328 1756/131/1328 
f 1756/131/1328 1755/131/1328 1585/131/1328 
f 1584/131/1329 1567/131/1329 1721/131/1329 
f 1721/131/1329 1756/131/1329 1584/131/1329 
f 1721/131/1330 1720/131/1330 1751/131/1330 
f 1751/131/1330 1756/131/1330 1721/131/1330 
f 1719/131/1331 1752/131/1331 1751/131/1331 
f 1751/131/1331 1720/131/1331 1719/131/1331 
f 1761/131/1332 1762/131/1332 1763/131/1332 
f 1763/131/1332 1764/131/1332 1761/131/1332 
f 1765/131/1333 1766/131/1333 1762/131/1333 
f 1762/131/1333 1761/131/1333 1765/131/1333 
f 1762/131/1334 1767/131/1334 1768/131/1334 
f 1768/131/1334 1763/131/1334 1762/131/1334 
f 1766/131/1335 1769/131/1335 1767/131/1335 
f 1767/131/1335 1762/131/1335 1766/131/1335 
f 1732/131/1336 424/131/1336 452/131/1336 
f 452/131/1336 1764/131/1336 1732/131/1336 
f 451/131/1337 1761/131/1337 1764/131/1337 
f 1764/131/1337 452/131/1337 451/131/1337 
f 450/131/1338 1765/131/1338 1761/131/1338 
f 1761/131/1338 451/131/1338 450/131/1338 
f 450/131/1339 449/131/1339 1770/131/1339 
f 1770/131/1340 1765/131/1340 450/131/1340 
f 1770/131/1341 1771/131/1341 1766/131/1341 
f 1766/131/1341 1765/131/1341 1770/131/1341 
f 1772/131/1342 1769/131/1342 1766/131/1342 
f 1766/131/1342 1771/131/1342 1772/131/1342 
f 1769/131/1343 1772/131/1343 1067/131/1343 
f 1067/131/1343 1066/131/1343 1769/131/1343 
f 1767/131/1344 1769/131/1344 1066/131/1344 
f 1066/131/1344 1065/131/1344 1767/131/1344 
f 1768/131/1345 1767/131/1345 1065/131/1345 
f 1065/131/1346 1064/131/1346 1768/131/1346 
f 1064/131/1347 407/131/1347 1734/131/1347 
f 1734/131/1347 1768/131/1347 1064/131/1347 
f 1733/131/1348 1763/131/1348 1768/131/1348 
f 1768/131/1348 1734/131/1348 1733/131/1348 
f 1764/131/1349 1763/131/1349 1733/131/1349 
f 1733/131/1349 1732/131/1349 1764/131/1349 
f 1773/131/1350 1774/131/1350 1775/131/1350 
f 1775/131/1350 1776/131/1350 1773/131/1350 
f 1777/131/1351 1778/131/1351 1774/131/1351 
f 1774/131/1351 1773/131/1351 1777/131/1351 
f 1774/131/1352 1779/131/1352 1780/131/1352 
f 1780/131/1352 1775/131/1352 1774/131/1352 
f 1778/131/1353 1781/131/1353 1779/131/1353 
f 1779/131/1353 1774/131/1353 1778/131/1353 
f 1776/131/1354 1782/131/1354 565/131/1354 
f 565/131/1354 564/131/1354 1776/131/1354 
f 574/131/1355 1773/131/1355 1776/131/1355 
f 1776/131/1356 564/131/1356 574/131/1356 
f 574/131/1357 573/131/1357 1777/131/1357 
f 1777/131/1357 1773/131/1357 574/131/1357 
f 545/131/1358 1746/131/1358 1777/131/1358 
f 1777/131/1358 573/131/1358 545/131/1358 
f 1746/131/1359 1748/131/1359 1778/131/1359 
f 1778/131/1359 1777/131/1359 1746/131/1359 
f 1781/131/1360 1778/131/1360 1748/131/1360 
f 1748/131/1361 1747/131/1361 1781/131/1361 
f 1781/131/1362 1747/131/1362 1160/131/1362 
f 1160/131/1362 1183/131/1362 1781/131/1362 
f 1781/131/1363 1183/131/1363 1182/131/1363 
f 1182/131/1363 1779/131/1363 1781/131/1363 
f 1779/131/1364 1182/131/1364 1181/131/1364 
f 1181/131/1364 1780/131/1364 1779/131/1364 
f 1181/131/1365 1180/131/1365 1783/131/1365 
f 1783/131/1365 1780/131/1365 1181/131/1365 
f 1775/131/1366 1780/131/1366 1783/131/1366 
f 1783/131/1366 1784/131/1366 1775/131/1366 
f 1784/131/1367 1782/131/1367 1776/131/1367 
f 1776/131/1367 1775/131/1367 1784/131/1367 
f 1785/131/1368 1786/131/1368 1787/131/1368 
f 1787/131/1368 1788/131/1368 1785/131/1368 
f 1789/131/1369 1790/131/1369 1786/131/1369 
f 1786/131/1370 1785/131/1370 1789/131/1370 
f 1786/131/1371 1791/131/1371 1792/131/1371 
f 1792/131/1372 1787/131/1372 1786/131/1372 
f 1793/131/1373 1791/131/1373 1786/131/1373 
f 1786/131/1373 1790/131/1373 1793/131/1373 
f 1758/131/1374 970/131/1374 992/131/1374 
f 992/131/1375 1788/131/1375 1758/131/1375 
f 1788/131/1376 992/131/1376 991/131/1376 
f 991/131/1376 1785/131/1376 1788/131/1376 
f 1789/131/1377 1785/131/1377 991/131/1377 
f 991/131/1377 989/131/1377 1789/131/1377 
f 1794/131/1378 1789/131/1378 989/131/1378 
f 989/131/1379 990/131/1379 1794/131/1379 
f 1794/131/1380 1795/131/1380 1790/131/1380 
f 1790/131/1380 1789/131/1380 1794/131/1380 
f 1793/131/1381 1790/131/1381 1795/131/1381 
f 1795/131/1381 1796/131/1381 1793/131/1381 
f 1793/131/1382 1796/131/1382 1607/131/1382 
f 1607/131/1382 1606/131/1382 1793/131/1382 
f 1793/131/1383 1606/131/1383 1605/131/1383 
f 1605/131/1383 1791/131/1383 1793/131/1383 
f 1605/131/1384 1604/131/1384 1792/131/1384 
f 1792/131/1385 1791/131/1385 1605/131/1385 
f 1587/131/1386 1760/131/1386 1792/131/1386 
f 1792/131/1387 1604/131/1387 1587/131/1387 
f 1759/131/1388 1787/131/1388 1792/131/1388 
f 1792/131/1388 1760/131/1388 1759/131/1388 
f 1788/131/1389 1787/131/1389 1759/131/1389 
f 1759/131/1389 1758/131/1389 1788/131/1389 
f 1797/131/1390 1798/131/1390 1799/131/1390 
f 1799/131/1391 1800/131/1391 1797/131/1391 
f 1801/131/1392 1802/131/1392 1798/131/1392 
f 1798/131/1392 1797/131/1392 1801/131/1392 
f 1798/131/1393 1803/131/1394 1804/131/1393 
f 1804/131/1395 1799/131/1395 1798/131/1395 
f 1802/131/1396 1805/131/1396 1803/131/1396 
f 1803/131/1396 1798/131/1396 1802/131/1396 
f 1770/131/1397 449/131/1397 472/131/1397 
f 472/131/1397 1800/131/1397 1770/131/1397 
f 1800/131/1398 472/131/1398 471/131/1398 
f 471/131/1398 1797/131/1398 1800/131/1398 
f 470/131/1399 1801/131/1399 1797/131/1399 
f 1797/131/1400 471/131/1400 470/131/1400 
f 470/131/1401 469/131/1401 1806/131/1401 
f 1806/131/1401 1801/131/1401 470/131/1401 
f 1806/131/1402 1807/131/1402 1802/131/1402 
f 1802/131/1402 1801/131/1402 1806/131/1402 
f 1805/131/1403 1802/131/1403 1807/131/1403 
f 1807/131/1403 1808/131/1403 1805/131/1403 
f 1805/131/1404 1808/131/1404 1087/131/1404 
f 1087/131/1404 1086/131/1404 1805/131/1404 
f 1803/131/1405 1805/131/1405 1086/131/1405 
f 1086/131/1405 1085/131/1405 1803/131/1405 
f 1085/131/1406 1084/131/1406 1804/131/1406 
f 1804/131/1406 1803/131/1406 1085/131/1406 
f 1084/131/1407 1067/131/1407 1772/131/1407 
f 1772/131/1408 1804/131/1408 1084/131/1408 
f 1771/131/1409 1799/131/1409 1804/131/1409 
f 1804/131/1409 1772/131/1409 1771/131/1409 
f 1799/131/1410 1771/131/1410 1770/131/1410 
f 1770/131/1410 1800/131/1410 1799/131/1410 
f 1809/131/1411 1810/131/1411 1811/131/1411 
f 1811/131/1411 1812/131/1411 1809/131/1411 
f 1813/131/1412 1814/131/1412 1810/131/1412 
f 1810/131/1412 1809/131/1412 1813/131/1412 
f 1810/131/1413 1815/131/1413 1816/131/1413 
f 1816/131/1413 1811/131/1413 1810/131/1413 
f 1814/131/1414 1817/131/1414 1815/131/1414 
f 1815/131/1414 1810/131/1414 1814/131/1414 
f 585/131/1415 584/131/1415 1812/131/1415 
f 1812/131/1416 1818/131/1416 585/131/1416 
f 594/131/1417 1809/131/1417 1812/131/1417 
f 1812/131/1417 584/131/1417 594/131/1417 
f 594/131/1418 593/131/1418 1813/131/1418 
f 1813/131/1419 1809/131/1419 594/131/1419 
f 1813/131/1420 593/131/1420 565/131/1420 
f 565/131/1420 1782/131/1420 1813/131/1420 
f 1814/131/1421 1813/131/1421 1782/131/1421 
f 1782/131/1421 1784/131/1421 1814/131/1421 
f 1783/131/1422 1817/131/1422 1814/131/1422 
f 1814/131/1422 1784/131/1422 1783/131/1422 
f 1203/131/1423 1817/131/1423 1783/131/1423 
f 1783/131/1424 1180/131/1424 1203/131/1424 
f 1817/131/1425 1203/131/1425 1202/131/1425 
f 1202/131/1425 1815/131/1425 1817/131/1425 
f 1815/131/1426 1202/131/1426 1201/131/1426 
f 1201/131/1426 1816/131/1426 1815/131/1426 
f 1201/131/1427 1200/131/1427 1819/131/1427 
f 1819/131/1427 1816/131/1427 1201/131/1427 
f 1811/131/1428 1816/131/1428 1819/131/1428 
f 1819/131/1429 1820/131/1429 1811/131/1429 
f 1820/131/1430 1818/131/1430 1812/131/1430 
f 1812/131/1430 1811/131/1430 1820/131/1430 
f 1821/131/1431 1822/131/1431 1823/131/1431 
f 1823/131/1432 1824/131/1432 1821/131/1432 
f 1825/131/1433 1826/131/1433 1822/131/1433 
f 1822/131/1434 1821/131/1434 1825/131/1434 
f 1822/131/1435 1827/131/1435 1828/131/1435 
f 1828/131/1435 1823/131/1435 1822/131/1435 
f 1829/131/1436 1827/131/1436 1822/131/1436 
f 1822/131/1437 1826/131/1437 1829/131/1437 
f 1794/131/1438 990/131/1438 1012/131/1438 
f 1012/131/1439 1824/131/1439 1794/131/1439 
f 1824/131/1440 1012/131/1440 1011/131/1440 
f 1011/131/1440 1821/131/1440 1824/131/1440 
f 1825/131/1441 1821/131/1441 1011/131/1441 
f 1011/131/1442 1009/131/1442 1825/131/1442 
f 1830/131/1443 1825/131/1443 1009/131/1443 
f 1009/131/1443 1010/131/1443 1830/131/1443 
f 1830/131/1444 1831/131/1444 1826/131/1444 
f 1826/131/1444 1825/131/1444 1830/131/1444 
f 1829/131/1445 1826/131/1445 1831/131/1445 
f 1831/131/1445 1832/131/1445 1829/131/1445 
f 1829/131/1446 1832/131/1446 1627/131/1446 
f 1627/131/1447 1626/131/1447 1829/131/1447 
f 1829/131/1448 1626/131/1448 1625/131/1448 
f 1625/131/1449 1827/131/1449 1829/131/1449 
f 1625/131/1450 1624/131/1450 1828/131/1450 
f 1828/131/1451 1827/131/1451 1625/131/1451 
f 1624/131/1452 1607/131/1452 1796/131/1452 
f 1796/131/1452 1828/131/1452 1624/131/1452 
f 1823/131/1453 1828/131/1453 1796/131/1453 
f 1796/131/1453 1795/131/1453 1823/131/1453 
f 1824/131/1454 1823/131/1454 1795/131/1454 
f 1795/131/1455 1794/131/1455 1824/131/1455 
f 1833/131/1456 1834/131/1456 1835/131/1456 
f 1835/131/1456 1836/131/1456 1833/131/1456 
f 1837/131/1457 1838/131/1457 1834/131/1457 
f 1834/131/1458 1833/131/1458 1837/131/1458 
f 1834/131/1459 1839/131/1459 1840/131/1459 
f 1840/131/1459 1835/131/1459 1834/131/1459 
f 1838/131/1460 1841/131/1460 1839/131/1460 
f 1839/131/1460 1834/131/1460 1838/131/1460 
f 1836/131/1461 1806/131/1461 469/131/1461 
f 469/131/1461 492/131/1461 1836/131/1461 
f 491/131/1462 1833/131/1462 1836/131/1462 
f 1836/131/1462 492/131/1462 491/131/1462 
f 489/131/1463 1837/131/1463 1833/131/1463 
f 1833/131/1463 491/131/1463 489/131/1463 
f 1842/131/1464 1837/131/1464 489/131/1464 
f 489/131/1464 490/131/1464 1842/131/1464 
f 1842/131/1465 1843/131/1465 1838/131/1465 
f 1838/131/1465 1837/131/1465 1842/131/1465 
f 1841/131/1466 1838/131/1466 1843/131/1466 
f 1843/131/1467 1844/131/1467 1841/131/1467 
f 1841/131/1468 1844/131/1468 1107/131/1468 
f 1107/131/1469 1106/131/1469 1841/131/1469 
f 1839/131/1470 1841/131/1470 1106/131/1470 
f 1106/131/1470 1105/131/1470 1839/131/1470 
f 1840/131/1471 1839/131/1471 1105/131/1471 
f 1105/131/1471 1104/131/1471 1840/131/1471 
f 1104/131/1472 1087/131/1472 1808/131/1472 
f 1808/131/1472 1840/131/1472 1104/131/1472 
f 1807/131/1473 1835/131/1473 1840/131/1473 
f 1840/131/1473 1808/131/1473 1807/131/1473 
f 1836/131/1474 1835/131/1474 1807/131/1474 
f 1807/131/1474 1806/131/1474 1836/131/1474 
f 1845/131/1203 1846/131/1203 1847/131/1203 
f 1847/131/1203 1848/131/1203 1845/131/1203 
f 1849/131/1202 1850/131/1202 1846/131/1202 
f 1846/131/1202 1845/131/1202 1849/131/1202 
f 1846/131/1205 1851/131/1205 1852/131/1205 
f 1852/131/1205 1847/131/1205 1846/131/1205 
f 1850/131/1204 1853/131/1204 1851/131/1204 
f 1851/131/1204 1846/131/1204 1850/131/1204 
f 1848/131/1211 1854/131/1211 605/131/1211 
f 605/131/1211 604/131/1211 1848/131/1211 
f 614/131/1210 1845/131/1210 1848/131/1210 
f 1848/131/1475 604/131/1475 614/131/1475 
f 614/131/1209 613/131/1209 1849/131/1209 
f 1849/131/1209 1845/131/1209 614/131/1209 
f 1818/131/1208 1849/131/1208 613/131/1208 
f 613/131/1476 585/131/1476 1818/131/1476 
f 1850/131/1221 1849/131/1221 1818/131/1221 
f 1818/131/1221 1820/131/1221 1850/131/1221 
f 1819/131/1220 1853/131/1220 1850/131/1220 
f 1850/131/1220 1820/131/1220 1819/131/1220 
f 1223/131/1219 1853/131/1219 1819/131/1219 
f 1819/131/1219 1200/131/1219 1223/131/1219 
f 1853/131/1217 1223/131/1217 1222/131/1217 
f 1222/131/1217 1851/131/1217 1853/131/1217 
f 1851/131/1216 1222/131/1216 1221/131/1216 
f 1221/131/1216 1852/131/1216 1851/131/1216 
f 1221/131/1215 1220/131/1215 1855/131/1215 
f 1855/131/1477 1852/131/1477 1221/131/1477 
f 1847/131/1214 1852/131/1214 1855/131/1214 
f 1855/131/1214 1856/131/1214 1847/131/1214 
f 1856/131/1212 1854/131/1212 1848/131/1212 
f 1848/131/1212 1847/131/1212 1856/131/1212 
f 1857/131/1478 1858/131/1478 1859/131/1478 
f 1859/131/1478 1860/131/1478 1857/131/1478 
f 1861/131/1479 1862/131/1479 1858/131/1479 
f 1858/131/1479 1857/131/1479 1861/131/1479 
f 1858/131/1480 1863/131/1480 1864/131/1480 
f 1864/131/1480 1859/131/1480 1858/131/1480 
f 1865/131/1481 1863/131/1481 1858/131/1481 
f 1858/131/1481 1862/131/1481 1865/131/1481 
f 1830/131/1482 1010/131/1482 1032/131/1482 
f 1032/131/1482 1860/131/1482 1830/131/1482 
f 1860/131/1483 1032/131/1483 1031/131/1483 
f 1031/131/1483 1857/131/1483 1860/131/1483 
f 1861/131/1484 1857/131/1484 1031/131/1484 
f 1031/131/1484 1029/131/1484 1861/131/1484 
f 1866/131/1485 1861/131/1485 1029/131/1485 
f 1029/131/1485 1030/131/1485 1866/131/1485 
f 1866/131/1486 1867/131/1486 1862/131/1486 
f 1862/131/1486 1861/131/1486 1866/131/1486 
f 1865/131/1487 1862/131/1487 1867/131/1487 
f 1867/131/1487 1868/131/1487 1865/131/1487 
f 1865/131/1488 1868/131/1488 1647/131/1488 
f 1647/131/1489 1646/131/1489 1865/131/1489 
f 1865/131/1490 1646/131/1490 1645/131/1490 
f 1645/131/1490 1863/131/1490 1865/131/1490 
f 1645/131/1491 1644/131/1491 1864/131/1491 
f 1864/131/1491 1863/131/1491 1645/131/1491 
f 1644/131/1492 1627/131/1492 1832/131/1492 
f 1832/131/1492 1864/131/1492 1644/131/1492 
f 1859/131/1493 1864/131/1493 1832/131/1493 
f 1832/131/1493 1831/131/1493 1859/131/1493 
f 1860/131/1494 1859/131/1494 1831/131/1494 
f 1831/131/1494 1830/131/1494 1860/131/1494 
f 1869/131/1495 1870/131/1495 1871/131/1495 
f 1871/131/1496 1872/131/1496 1869/131/1496 
f 1873/131/1497 1874/131/1497 1870/131/1497 
f 1870/131/1498 1869/131/1498 1873/131/1498 
f 1870/131/1499 1875/131/1499 1876/131/1499 
f 1876/131/1499 1871/131/1499 1870/131/1499 
f 1874/131/1500 1877/131/1500 1875/131/1500 
f 1875/131/1500 1870/131/1500 1874/131/1500 
f 1842/131/1501 490/131/1501 512/131/1501 
f 512/131/1501 1872/131/1501 1842/131/1501 
f 511/131/1502 1869/131/1502 1872/131/1502 
f 1872/131/1503 512/131/1503 511/131/1503 
f 510/131/1504 1873/131/1504 1869/131/1504 
f 1869/131/1504 511/131/1504 510/131/1504 
f 1878/131/1505 1873/131/1505 510/131/1505 
f 510/131/1506 509/131/1506 1878/131/1506 
f 1878/131/1507 1879/131/1507 1874/131/1507 
f 1874/131/1508 1873/131/1508 1878/131/1508 
f 1877/131/1509 1874/131/1509 1879/131/1509 
f 1879/131/1509 1880/131/1509 1877/131/1509 
f 1877/131/1510 1880/131/1510 1127/131/1510 
f 1127/131/1510 1126/131/1510 1877/131/1510 
f 1875/131/1511 1877/131/1511 1126/131/1511 
f 1126/131/1511 1125/131/1511 1875/131/1511 
f 1876/131/1512 1875/131/1512 1125/131/1512 
f 1125/131/1513 1124/131/1513 1876/131/1513 
f 1124/131/1514 1107/131/1514 1844/131/1514 
f 1844/131/1514 1876/131/1514 1124/131/1514 
f 1843/131/1515 1871/131/1515 1876/131/1515 
f 1876/131/1516 1844/131/1516 1843/131/1516 
f 1872/131/1517 1871/131/1517 1843/131/1517 
f 1843/131/1518 1842/131/1518 1872/131/1518 
f 1881/131/1263 1882/131/1263 1883/131/1263 
f 1883/131/1263 1884/131/1263 1881/131/1263 
f 1885/131/1519 1886/131/1519 1882/131/1519 
f 1882/131/1519 1881/131/1519 1885/131/1519 
f 1882/131/1520 1887/131/1520 1888/131/1520 
f 1888/131/1266 1883/131/1266 1882/131/1266 
f 1886/131/1264 1889/131/1264 1887/131/1264 
f 1887/131/1265 1882/131/1265 1886/131/1265 
f 1884/131/1270 1890/131/1270 625/131/1270 
f 625/131/1270 624/131/1270 1884/131/1270 
f 634/131/1521 1881/131/1521 1884/131/1521 
f 1884/131/1269 624/131/1269 634/131/1269 
f 634/131/1268 633/131/1268 1885/131/1268 
f 1885/131/1268 1881/131/1268 634/131/1268 
f 1854/131/1267 1885/131/1267 633/131/1267 
f 633/131/1267 605/131/1267 1854/131/1267 
f 1886/131/1278 1885/131/1278 1854/131/1278 
f 1854/131/1278 1856/131/1278 1886/131/1278 
f 1855/131/1277 1889/131/1277 1886/131/1277 
f 1886/131/1277 1856/131/1277 1855/131/1277 
f 1243/131/1522 1889/131/1522 1855/131/1522 
f 1855/131/1523 1220/131/1523 1243/131/1523 
f 1889/131/1524 1243/131/1524 1242/131/1524 
f 1242/131/1275 1887/131/1275 1889/131/1275 
f 1887/131/1274 1242/131/1274 1241/131/1274 
f 1241/131/1274 1888/131/1274 1887/131/1274 
f 1241/131/1273 1240/131/1273 1891/131/1273 
f 1891/131/1273 1888/131/1273 1241/131/1273 
f 1883/131/1272 1888/131/1272 1891/131/1272 
f 1891/131/1272 1892/131/1272 1883/131/1272 
f 1892/131/1271 1890/131/1271 1884/131/1271 
f 1884/131/1271 1883/131/1271 1892/131/1271 
f 1893/131/1525 1894/131/1525 1895/131/1525 
f 1895/131/1525 1896/131/1525 1893/131/1525 
f 1897/131/1526 1898/131/1526 1894/131/1526 
f 1894/131/1526 1893/131/1526 1897/131/1526 
f 1894/131/1527 1899/131/1527 1900/131/1527 
f 1900/131/1527 1895/131/1527 1894/131/1527 
f 1901/131/1528 1899/131/1528 1894/131/1528 
f 1894/131/1528 1898/131/1528 1901/131/1528 
f 1866/131/1529 1030/131/1529 1047/131/1529 
f 1047/131/1529 1896/131/1529 1866/131/1529 
f 1896/131/1530 1047/131/1530 1046/131/1530 
f 1046/131/1530 1893/131/1530 1896/131/1530 
f 1897/131/1531 1893/131/1531 1046/131/1531 
f 1046/131/1532 1045/131/1532 1897/131/1531 
f 1731/131/1533 1897/131/1533 1045/131/1533 
f 1045/131/1534 429/131/1534 1731/131/1534 
f 1736/131/1535 1898/131/1535 1897/131/1535 
f 1897/131/1535 1731/131/1535 1736/131/1535 
f 1735/131/1536 1901/131/1536 1898/131/1536 
f 1898/131/1536 1736/131/1536 1735/131/1536 
f 1901/131/1537 1735/131/1537 404/131/1537 
f 404/131/1537 1664/131/1537 1901/131/1537 
f 1901/131/1538 1664/131/1538 1663/131/1538 
f 1663/131/1538 1899/131/1538 1901/131/1538 
f 1663/131/1539 1662/131/1539 1900/131/1539 
f 1900/131/1539 1899/131/1539 1663/131/1539 
f 1662/131/1540 1647/131/1540 1868/131/1540 
f 1868/131/1541 1900/131/1541 1662/131/1541 
f 1895/131/1542 1900/131/1542 1868/131/1542 
f 1868/131/1542 1867/131/1542 1895/131/1542 
f 1896/131/1543 1895/131/1543 1867/131/1543 
f 1867/131/1544 1866/131/1544 1896/131/1544 
f 1902/131/1545 1903/131/1545 1904/131/1545 
f 1904/131/1546 1905/131/1546 1902/131/1546 
f 1906/131/1547 1907/131/1547 1903/131/1547 
f 1903/131/1548 1902/131/1548 1906/131/1548 
f 1903/131/1549 1908/131/1549 1909/131/1549 
f 1909/131/1550 1904/131/1550 1903/131/1550 
f 1907/131/1551 1910/131/1551 1908/131/1551 
f 1908/131/1552 1903/131/1552 1907/131/1552 
f 1878/131/1553 509/131/1553 532/131/1553 
f 532/131/1554 1905/131/1554 1878/131/1554 
f 531/131/1555 1902/131/1555 1905/131/1555 
f 1905/131/1555 532/131/1555 531/131/1555 
f 530/131/1556 1906/131/1556 1902/131/1556 
f 1902/131/1557 531/131/1557 530/131/1557 
f 530/131/1558 529/131/1558 1911/131/1558 
f 1911/131/1559 1906/131/1559 530/131/1559 
f 1911/131/1560 1912/131/1560 1907/131/1560 
f 1907/131/1560 1906/131/1560 1911/131/1560 
f 1907/131/1561 1912/131/1561 1913/131/1561 
f 1913/131/1561 1910/131/1561 1907/131/1561 
f 1147/131/1562 1146/131/1562 1910/131/1562 
f 1910/131/1562 1913/131/1562 1147/131/1562 
f 1908/131/1563 1910/131/1563 1146/131/1563 
f 1146/131/1563 1145/131/1563 1908/131/1563 
f 1909/131/1564 1908/131/1564 1145/131/1564 
f 1145/131/1565 1144/131/1565 1909/131/1565 
f 1144/131/1566 1127/131/1566 1880/131/1566 
f 1880/131/1567 1909/131/1567 1144/131/1567 
f 1879/131/1568 1904/131/1568 1909/131/1568 
f 1909/131/1568 1880/131/1568 1879/131/1568 
f 1905/131/1569 1904/131/1569 1879/131/1569 
f 1879/131/1569 1878/131/1569 1905/131/1569 
f 1914/131/1316 1915/131/1316 1916/131/1316 
f 1916/131/1570 1917/131/1570 1914/131/1570 
f 1918/131/1314 1919/131/1314 1915/131/1314 
f 1915/131/1314 1914/131/1314 1918/131/1314 
f 1915/131/1571 1920/131/1318 1921/131/1318 
f 1921/131/1318 1916/131/1318 1915/131/1318 
f 1919/131/1317 1922/131/1317 1920/131/1317 
f 1920/131/1317 1915/131/1317 1919/131/1317 
f 1917/131/1322 1923/131/1322 645/131/1322 
f 645/131/1572 644/131/1572 1917/131/1572 
f 654/131/1321 1914/131/1321 1917/131/1321 
f 1917/131/1321 644/131/1321 654/131/1321 
f 654/131/1320 653/131/1320 1918/131/1320 
f 1918/131/1320 1914/131/1320 654/131/1320 
f 1890/131/1319 1918/131/1319 653/131/1319 
f 653/131/1319 625/131/1319 1890/131/1319 
f 1919/131/1331 1918/131/1331 1890/131/1331 
f 1890/131/1331 1892/131/1331 1919/131/1331 
f 1891/131/1330 1922/131/1330 1919/131/1330 
f 1919/131/1330 1892/131/1330 1891/131/1330 
f 1263/131/1329 1922/131/1329 1891/131/1329 
f 1891/131/1329 1240/131/1329 1263/131/1329 
f 1922/131/1328 1263/131/1328 1262/131/1328 
f 1262/131/1328 1920/131/1328 1922/131/1328 
f 1920/131/1327 1262/131/1327 1261/131/1327 
f 1261/131/1327 1921/131/1327 1920/131/1327 
f 1921/131/1325 1261/131/1325 1260/131/1325 
f 1260/131/1325 1924/131/1325 1921/131/1325 
f 1921/131/1324 1924/131/1324 1925/131/1324 
f 1925/131/1324 1916/131/1324 1921/131/1324 
f 1916/131/1323 1925/131/1323 1923/131/1323 
f 1923/131/1573 1917/131/1573 1916/131/1573 
f 1926/131/1574 1927/131/1574 1928/131/1574 
f 1928/131/1575 1929/131/1575 1926/131/1575 
f 1930/131/1576 1931/131/1576 1927/131/1576 
f 1927/131/1576 1926/131/1576 1930/131/1576 
f 1927/131/1577 1932/131/1577 1933/131/1577 
f 1933/131/1578 1928/131/1578 1927/131/1578 
f 1934/131/1579 1932/131/1579 1927/131/1579 
f 1927/131/1579 1931/131/1579 1934/131/1579 
f 1911/131/1580 529/131/1580 552/131/1580 
f 552/131/1580 1929/131/1580 1911/131/1580 
f 1929/131/1581 552/131/1581 551/131/1581 
f 551/131/1581 1926/131/1581 1929/131/1581 
f 1930/131/1582 1926/131/1582 551/131/1582 
f 551/131/1582 550/131/1582 1930/131/1582 
f 1935/131/1583 1930/131/1583 550/131/1583 
f 550/131/1583 549/131/1583 1935/131/1583 
f 1935/131/1584 1936/131/1584 1931/131/1584 
f 1931/131/1584 1930/131/1584 1935/131/1584 
f 1934/131/1585 1931/131/1585 1936/131/1585 
f 1936/131/1586 1937/131/1586 1934/131/1586 
f 1167/131/1587 1166/131/1587 1934/131/1587 
f 1934/131/1587 1937/131/1587 1167/131/1587 
f 1934/131/1588 1166/131/1588 1165/131/1588 
f 1165/131/1588 1932/131/1588 1934/131/1588 
f 1165/131/1589 1164/131/1589 1933/131/1589 
f 1933/131/1589 1932/131/1589 1165/131/1589 
f 1164/131/1590 1147/131/1590 1913/131/1590 
f 1913/131/1590 1933/131/1590 1164/131/1590 
f 1928/131/1591 1933/131/1591 1913/131/1591 
f 1913/131/1591 1912/131/1591 1928/131/1591 
f 1929/131/1592 1928/131/1592 1912/131/1592 
f 1912/131/1592 1911/131/1592 1929/131/1592 
f 1938/131/1593 1939/131/1593 1940/131/1593 
f 1940/131/1593 1941/131/1593 1938/131/1593 
f 1942/131/1368 1943/131/1368 1939/131/1368 
f 1939/131/1368 1938/131/1368 1942/131/1368 
f 1939/131/1373 1944/131/1373 1945/131/1373 
f 1945/131/1373 1940/131/1373 1939/131/1373 
f 1943/131/1372 1946/131/1372 1944/131/1372 
f 1944/131/1372 1939/131/1372 1943/131/1372 
f 1941/131/1594 1947/131/1594 665/131/1594 
f 665/131/1594 664/131/1594 1941/131/1594 
f 674/131/1377 1938/131/1377 1941/131/1377 
f 1941/131/1595 664/131/1595 674/131/1595 
f 674/131/1376 673/131/1376 1942/131/1376 
f 1942/131/1596 1938/131/1596 674/131/1596 
f 673/131/1374 645/131/1374 1923/131/1374 
f 1923/131/1375 1942/131/1375 673/131/1375 
f 1943/131/1389 1942/131/1389 1923/131/1389 
f 1923/131/1389 1925/131/1389 1943/131/1389 
f 1924/131/1388 1946/131/1388 1943/131/1388 
f 1943/131/1388 1925/131/1388 1924/131/1388 
f 1924/131/1386 1260/131/1386 1283/131/1386 
f 1283/131/1386 1946/131/1386 1924/131/1386 
f 1946/131/1385 1283/131/1385 1282/131/1385 
f 1282/131/1385 1944/131/1385 1946/131/1385 
f 1944/131/1383 1282/131/1383 1281/131/1383 
f 1281/131/1383 1945/131/1383 1944/131/1383 
f 1945/131/1597 1281/131/1597 1280/131/1597 
f 1280/131/1382 1948/131/1382 1945/131/1382 
f 1949/131/1381 1940/131/1381 1945/131/1381 
f 1945/131/1381 1948/131/1381 1949/131/1381 
f 1940/131/1380 1949/131/1380 1947/131/1380 
f 1947/131/1380 1941/131/1380 1940/131/1380 
f 1950/131/1598 1951/131/1598 1952/131/1598 
f 1952/131/1598 1953/131/1598 1950/131/1598 
f 1954/131/1599 1955/131/1599 1951/131/1599 
f 1951/131/1600 1950/131/1600 1954/131/1600 
f 1951/131/1601 1956/131/1601 1957/131/1601 
f 1957/131/1601 1952/131/1601 1951/131/1601 
f 1958/131/1602 1956/131/1602 1951/131/1602 
f 1951/131/1602 1955/131/1602 1958/131/1602 
f 1935/131/1603 549/131/1603 572/131/1603 
f 572/131/1604 1953/131/1604 1935/131/1604 
f 1953/131/1605 572/131/1605 571/131/1605 
f 571/131/1606 1950/131/1606 1953/131/1606 
f 1954/131/1607 1950/131/1607 571/131/1607 
f 571/131/1608 569/131/1608 1954/131/1608 
f 1954/131/1609 569/131/1609 570/131/1609 
f 570/131/1609 1959/131/1609 1954/131/1609 
f 1959/131/1610 1960/131/1610 1955/131/1610 
f 1955/131/1610 1954/131/1610 1959/131/1610 
f 1958/131/1611 1955/131/1611 1960/131/1611 
f 1960/131/1611 1961/131/1611 1958/131/1611 
f 1187/131/1612 1186/131/1612 1958/131/1612 
f 1958/131/1613 1961/131/1613 1187/131/1613 
f 1958/131/1614 1186/131/1614 1185/131/1614 
f 1185/131/1615 1956/131/1615 1958/131/1615 
f 1185/131/1616 1184/131/1616 1957/131/1616 
f 1957/131/1616 1956/131/1616 1185/131/1616 
f 1184/131/1617 1167/131/1617 1937/131/1617 
f 1937/131/1617 1957/131/1617 1184/131/1617 
f 1936/131/1618 1952/131/1618 1957/131/1618 
f 1957/131/1618 1937/131/1618 1936/131/1618 
f 1952/131/1619 1936/131/1619 1935/131/1619 
f 1935/131/1619 1953/131/1619 1952/131/1619 
f 1962/131/1620 1963/131/1620 1964/131/1620 
f 1964/131/1620 1965/131/1620 1962/131/1620 
f 1966/131/1432 1967/131/1432 1963/131/1432 
f 1963/131/1432 1962/131/1432 1966/131/1432 
f 1963/131/1621 1968/131/1621 1969/131/1621 
f 1969/131/1621 1964/131/1621 1963/131/1621 
f 1967/131/1435 1970/131/1435 1968/131/1435 
f 1968/131/1435 1963/131/1435 1967/131/1435 
f 1965/131/1443 1971/131/1443 685/131/1443 
f 685/131/1622 684/131/1622 1965/131/1622 
f 694/131/1441 1962/131/1441 1965/131/1441 
f 1965/131/1441 684/131/1441 694/131/1441 
f 694/131/1440 693/131/1440 1966/131/1440 
f 1966/131/1440 1962/131/1440 694/131/1440 
f 693/131/1439 665/131/1439 1947/131/1439 
f 1947/131/1439 1966/131/1439 693/131/1439 
f 1967/131/1454 1966/131/1454 1947/131/1454 
f 1947/131/1454 1949/131/1454 1967/131/1454 
f 1948/131/1453 1970/131/1453 1967/131/1453 
f 1967/131/1453 1949/131/1453 1948/131/1453 
f 1948/131/1452 1280/131/1452 1303/131/1452 
f 1303/131/1452 1970/131/1452 1948/131/1452 
f 1970/131/1623 1303/131/1623 1302/131/1623 
f 1302/131/1451 1968/131/1451 1970/131/1451 
f 1968/131/1449 1302/131/1449 1301/131/1449 
f 1301/131/1449 1969/131/1449 1968/131/1449 
f 1969/131/1446 1301/131/1446 1300/131/1446 
f 1300/131/1446 1972/131/1446 1969/131/1446 
f 1973/131/1445 1964/131/1445 1969/131/1445 
f 1969/131/1445 1972/131/1445 1973/131/1445 
f 1964/131/1444 1973/131/1444 1971/131/1444 
f 1971/131/1624 1965/131/1624 1964/131/1624 
f 1974/131/1625 1975/131/1625 1976/131/1625 
f 1976/131/1626 1977/131/1626 1974/131/1626 
f 1978/131/1627 1979/131/1627 1975/131/1627 
f 1975/131/1627 1974/131/1627 1978/131/1627 
f 1975/131/1628 1980/131/1628 1981/131/1628 
f 1981/131/1628 1976/131/1628 1975/131/1628 
f 1982/131/1629 1980/131/1629 1975/131/1629 
f 1975/131/1629 1979/131/1629 1982/131/1629 
f 1959/131/1630 570/131/1630 592/131/1630 
f 592/131/1630 1977/131/1630 1959/131/1630 
f 1977/131/1631 592/131/1631 591/131/1631 
f 591/131/1631 1974/131/1631 1977/131/1631 
f 1978/131/1632 1974/131/1632 591/131/1632 
f 591/131/1632 589/131/1632 1978/131/1632 
f 1978/131/1633 589/131/1633 590/131/1633 
f 590/131/1633 1983/131/1633 1978/131/1633 
f 1983/131/1634 1984/131/1634 1979/131/1634 
f 1979/131/1634 1978/131/1634 1983/131/1634 
f 1982/131/1635 1979/131/1635 1984/131/1635 
f 1984/131/1635 1985/131/1635 1982/131/1635 
f 1207/131/1636 1206/131/1636 1982/131/1636 
f 1982/131/1636 1985/131/1636 1207/131/1636 
f 1982/131/1637 1206/131/1637 1205/131/1637 
f 1205/131/1637 1980/131/1637 1982/131/1637 
f 1205/131/1638 1204/131/1638 1981/131/1638 
f 1981/131/1639 1980/131/1639 1205/131/1639 
f 1204/131/1640 1187/131/1640 1961/131/1640 
f 1961/131/1641 1981/131/1641 1204/131/1641 
f 1960/131/1642 1976/131/1642 1981/131/1642 
f 1981/131/1642 1961/131/1642 1960/131/1642 
f 1959/131/1643 1977/131/1643 1976/131/1643 
f 1976/131/1643 1960/131/1643 1959/131/1643 
f 1986/131/1479 1987/131/1479 1988/131/1479 
f 1988/131/1479 1989/131/1479 1986/131/1479 
f 1990/131/1478 1991/131/1478 1987/131/1478 
f 1987/131/1478 1986/131/1478 1990/131/1478 
f 1987/131/1481 1992/131/1481 1993/131/1481 
f 1993/131/1481 1988/131/1481 1987/131/1481 
f 1991/131/1644 1994/131/1644 1992/131/1644 
f 1992/131/1480 1987/131/1480 1991/131/1480 
f 1989/131/1485 1995/131/1485 705/131/1485 
f 705/131/1485 704/131/1485 1989/131/1485 
f 714/131/1484 1986/131/1484 1989/131/1484 
f 1989/131/1484 704/131/1484 714/131/1484 
f 714/131/1483 713/131/1483 1990/131/1483 
f 1990/131/1483 1986/131/1483 714/131/1483 
f 713/131/1482 685/131/1482 1971/131/1482 
f 1971/131/1482 1990/131/1482 713/131/1482 
f 1991/131/1645 1990/131/1645 1971/131/1645 
f 1971/131/1494 1973/131/1494 1991/131/1494 
f 1972/131/1493 1994/131/1493 1991/131/1493 
f 1991/131/1493 1973/131/1493 1972/131/1493 
f 1972/131/1646 1300/131/1646 1323/131/1646 
f 1323/131/1647 1994/131/1647 1972/131/1647 
f 1994/131/1491 1323/131/1491 1322/131/1491 
f 1322/131/1491 1992/131/1491 1994/131/1491 
f 1992/131/1490 1322/131/1490 1321/131/1490 
f 1321/131/1648 1993/131/1648 1992/131/1648 
f 1993/131/1649 1321/131/1649 1320/131/1649 
f 1320/131/1649 1996/131/1649 1993/131/1649 
f 1993/131/1487 1996/131/1487 1997/131/1487 
f 1997/131/1487 1988/131/1487 1993/131/1487 
f 1988/131/1486 1997/131/1486 1995/131/1486 
f 1995/131/1486 1989/131/1486 1988/131/1486 
f 1998/131/1650 1999/131/1650 2000/131/1650 
f 2000/131/1650 2001/131/1650 1998/131/1650 
f 2002/131/1651 2003/131/1651 1999/131/1651 
f 1999/131/1652 1998/131/1652 2002/131/1652 
f 1999/131/1653 2004/131/1653 2005/131/1653 
f 2005/131/1653 2000/131/1653 1999/131/1653 
f 2006/131/1654 2004/131/1654 1999/131/1654 
f 1999/131/1655 2003/131/1655 2006/131/1655 
f 1983/131/1656 590/131/1656 612/131/1656 
f 612/131/1656 2001/131/1656 1983/131/1656 
f 2001/131/1657 612/131/1657 611/131/1657 
f 611/131/1657 1998/131/1657 2001/131/1657 
f 2002/131/1658 1998/131/1658 611/131/1658 
f 611/131/1658 609/131/1658 2002/131/1658 
f 2002/131/1659 609/131/1659 610/131/1659 
f 610/131/1659 2007/131/1659 2002/131/1659 
f 2007/131/1660 2008/131/1660 2003/131/1660 
f 2003/131/1660 2002/131/1660 2007/131/1660 
f 2006/131/1661 2003/131/1661 2008/131/1661 
f 2008/131/1661 2009/131/1661 2006/131/1661 
f 1227/131/1662 1226/131/1662 2006/131/1662 
f 2006/131/1662 2009/131/1662 1227/131/1662 
f 2006/131/1663 1226/131/1663 1225/131/1663 
f 1225/131/1663 2004/131/1663 2006/131/1663 
f 1225/131/1664 1224/131/1664 2005/131/1664 
f 2005/131/1664 2004/131/1664 1225/131/1664 
f 1224/131/1665 1207/131/1665 1985/131/1665 
f 1985/131/1665 2005/131/1665 1224/131/1665 
f 1984/131/1666 2000/131/1666 2005/131/1666 
f 2005/131/1666 1985/131/1666 1984/131/1666 
f 2000/131/1667 1984/131/1667 1983/131/1667 
f 1983/131/1667 2001/131/1667 2000/131/1667 
f 2010/131/1526 2011/131/1526 2012/131/1526 
f 2012/131/1526 2013/131/1526 2010/131/1526 
f 2014/131/1668 2015/131/1668 2011/131/1668 
f 2011/131/1668 2010/131/1668 2014/131/1668 
f 2011/131/1528 2016/131/1528 2017/131/1528 
f 2017/131/1528 2012/131/1528 2011/131/1528 
f 2015/131/1527 2018/131/1527 2016/131/1527 
f 2016/131/1527 2011/131/1527 2015/131/1527 
f 2013/131/1534 2019/131/1534 725/131/1534 
f 725/131/1534 724/131/1534 2013/131/1534 
f 734/131/1531 2010/131/1531 2013/131/1531 
f 2013/131/1669 724/131/1669 734/131/1669 
f 734/131/1530 733/131/1530 2014/131/1530 
f 2014/131/1530 2010/131/1530 734/131/1530 
f 733/131/1529 705/131/1529 1995/131/1529 
f 1995/131/1529 2014/131/1529 733/131/1529 
f 2015/131/1544 2014/131/1544 1995/131/1544 
f 1995/131/1544 1997/131/1544 2015/131/1544 
f 1996/131/1542 2018/131/1542 2015/131/1542 
f 2015/131/1542 1997/131/1542 1996/131/1542 
f 1996/131/1541 1320/131/1541 1343/131/1541 
f 1343/131/1541 2018/131/1541 1996/131/1541 
f 2018/131/1539 1343/131/1539 1342/131/1539 
f 1342/131/1670 2016/131/1670 2018/131/1670 
f 2016/131/1538 1342/131/1538 1341/131/1538 
f 1341/131/1538 2017/131/1538 2016/131/1538 
f 2017/131/1537 1341/131/1537 1340/131/1537 
f 1340/131/1537 2020/131/1537 2017/131/1537 
f 2021/131/1536 2012/131/1536 2017/131/1536 
f 2017/131/1536 2020/131/1536 2021/131/1536 
f 2012/131/1535 2021/131/1535 2019/131/1535 
f 2019/131/1535 2013/131/1535 2012/131/1535 
f 2022/131/1671 2023/131/1671 2024/131/1671 
f 2024/131/1672 2025/131/1672 2022/131/1672 
f 2026/131/1673 2027/131/1673 2023/131/1673 
f 2023/131/1673 2022/131/1673 2026/131/1673 
f 2023/131/1674 2028/131/1674 2029/131/1674 
f 2029/131/1675 2024/131/1675 2023/131/1675 
f 2030/131/1676 2028/131/1676 2023/131/1676 
f 2023/131/1677 2027/131/1677 2030/131/1677 
f 2007/131/1678 610/131/1678 632/131/1678 
f 632/131/1679 2025/131/1679 2007/131/1679 
f 2025/131/1680 632/131/1680 631/131/1680 
f 631/131/1681 2022/131/1681 2025/131/1681 
f 2026/131/1682 2022/131/1682 631/131/1682 
f 631/131/1682 629/131/1682 2026/131/1682 
f 2026/131/1683 629/131/1683 630/131/1683 
f 630/131/1683 2031/131/1683 2026/131/1683 
f 2031/131/1684 2032/131/1684 2027/131/1684 
f 2027/131/1684 2026/131/1684 2031/131/1684 
f 2030/131/1685 2027/131/1685 2032/131/1685 
f 2032/131/1685 2033/131/1685 2030/131/1685 
f 1247/131/1686 1246/131/1686 2030/131/1686 
f 2030/131/1687 2033/131/1687 1247/131/1687 
f 2030/131/1688 1246/131/1688 1245/131/1688 
f 1245/131/1688 2028/131/1688 2030/131/1688 
f 1245/131/1689 1244/131/1689 2029/131/1689 
f 2029/131/1689 2028/131/1689 1245/131/1689 
f 1244/131/1690 1227/131/1690 2009/131/1690 
f 2009/131/1691 2029/131/1691 1244/131/1691 
f 2008/131/1692 2024/131/1692 2029/131/1692 
f 2029/131/1692 2009/131/1692 2008/131/1692 
f 2024/131/1693 2008/131/1693 2007/131/1693 
f 2007/131/1693 2025/131/1693 2024/131/1693 
f 2034/131/1280 2035/131/1280 2036/131/1280 
f 2036/131/1280 2037/131/1280 2034/131/1280 
f 2038/131/1279 2039/131/1279 2035/131/1279 
f 2035/131/1279 2034/131/1279 2038/131/1279 
f 2035/131/1282 2040/131/1282 2041/131/1282 
f 2041/131/1694 2036/131/1694 2035/131/1694 
f 2039/131/1281 2042/131/1281 2040/131/1281 
f 2040/131/1695 2035/131/1695 2039/131/1695 
f 2037/131/1696 2043/131/1696 745/131/1696 
f 745/131/1696 744/131/1696 2037/131/1696 
f 754/131/1697 2034/131/1697 2037/131/1697 
f 2037/131/1697 744/131/1697 754/131/1697 
f 754/131/1284 753/131/1284 2038/131/1284 
f 2038/131/1284 2034/131/1284 754/131/1284 
f 753/131/1283 725/131/1283 2019/131/1283 
f 2019/131/1698 2038/131/1698 753/131/1698 
f 2039/131/1295 2038/131/1295 2019/131/1295 
f 2019/131/1295 2021/131/1295 2039/131/1295 
f 2020/131/1294 2042/131/1294 2039/131/1294 
f 2039/131/1294 2021/131/1294 2020/131/1294 
f 2020/131/1699 1340/131/1699 1363/131/1699 
f 1363/131/1293 2042/131/1293 2020/131/1293 
f 2042/131/1292 1363/131/1292 1362/131/1292 
f 1362/131/1292 2040/131/1292 2042/131/1292 
f 2040/131/1291 1362/131/1291 1361/131/1291 
f 1361/131/1291 2041/131/1291 2040/131/1291 
f 2041/131/1290 1361/131/1290 1360/131/1290 
f 1360/131/1290 2044/131/1290 2041/131/1290 
f 2045/131/1289 2036/131/1289 2041/131/1289 
f 2041/131/1289 2044/131/1289 2045/131/1289 
f 2036/131/1288 2045/131/1288 2043/131/1288 
f 2043/131/1288 2037/131/1288 2036/131/1288 
f 2046/131/1700 2047/131/1700 2048/131/1700 
f 2048/131/1701 2049/131/1701 2046/131/1701 
f 2050/131/1702 2051/131/1702 2047/131/1702 
f 2047/131/1703 2046/131/1703 2050/131/1703 
f 2047/131/1704 2052/131/1704 2053/131/1704 
f 2053/131/1705 2048/131/1705 2047/131/1705 
f 2054/131/1706 2052/131/1706 2047/131/1706 
f 2047/131/1706 2051/131/1706 2054/131/1706 
f 2031/131/1707 630/131/1707 652/131/1707 
f 652/131/1708 2049/131/1708 2031/131/1708 
f 2049/131/1709 652/131/1709 651/131/1709 
f 651/131/1709 2046/131/1709 2049/131/1709 
f 2050/131/1710 2046/131/1710 651/131/1710 
f 651/131/1711 649/131/1711 2050/131/1711 
f 2050/131/1712 649/131/1712 650/131/1712 
f 650/131/1713 2055/131/1713 2050/131/1713 
f 2055/131/1714 2056/131/1714 2051/131/1714 
f 2051/131/1714 2050/131/1714 2055/131/1714 
f 2054/131/1715 2051/131/1715 2056/131/1715 
f 2056/131/1716 2057/131/1716 2054/131/1716 
f 1267/131/1717 1266/131/1717 2054/131/1717 
f 2054/131/1717 2057/131/1717 1267/131/1717 
f 2054/131/1718 1266/131/1718 1265/131/1718 
f 1265/131/1719 2052/131/1719 2054/131/1719 
f 1265/131/1720 1264/131/1720 2053/131/1720 
f 2053/131/1721 2052/131/1721 1265/131/1721 
f 1264/131/1722 1247/131/1722 2033/131/1722 
f 2033/131/1723 2053/131/1723 1264/131/1723 
f 2032/131/1724 2048/131/1724 2053/131/1724 
f 2053/131/1724 2033/131/1724 2032/131/1724 
f 2031/131/1725 2049/131/1725 2048/131/1725 
f 2048/131/1725 2032/131/1725 2031/131/1725 
f 2058/131/1333 2059/131/1333 2060/131/1333 
f 2060/131/1333 2061/131/1333 2058/131/1333 
f 2062/131/1332 2063/131/1332 2059/131/1332 
f 2059/131/1332 2058/131/1332 2062/131/1332 
f 2059/131/1335 2064/131/1335 2065/131/1335 
f 2065/131/1335 2060/131/1335 2059/131/1335 
f 2063/131/1334 2066/131/1334 2064/131/1334 
f 2064/131/1334 2059/131/1334 2063/131/1334 
f 2061/131/1726 2067/131/1726 765/131/1726 
f 765/131/1727 764/131/1727 2061/131/1727 
f 774/131/1338 2058/131/1338 2061/131/1338 
f 2061/131/1728 764/131/1728 774/131/1728 
f 774/131/1337 773/131/1337 2062/131/1337 
f 2062/131/1337 2058/131/1337 774/131/1337 
f 773/131/1336 745/131/1336 2043/131/1336 
f 2043/131/1336 2062/131/1336 773/131/1336 
f 2063/131/1349 2062/131/1349 2043/131/1349 
f 2043/131/1349 2045/131/1349 2063/131/1349 
f 2044/131/1348 2066/131/1348 2063/131/1348 
f 2063/131/1729 2045/131/1729 2044/131/1729 
f 2044/131/1347 1360/131/1347 1383/131/1347 
f 1383/131/1347 2066/131/1347 2044/131/1347 
f 2066/131/1345 1383/131/1345 1382/131/1345 
f 1382/131/1345 2064/131/1345 2066/131/1345 
f 2064/131/1344 1382/131/1344 1381/131/1344 
f 1381/131/1344 2065/131/1344 2064/131/1344 
f 2065/131/1343 1381/131/1343 1380/131/1343 
f 1380/131/1343 2068/131/1343 2065/131/1343 
f 2069/131/1342 2060/131/1342 2065/131/1342 
f 2065/131/1730 2068/131/1730 2069/131/1730 
f 2060/131/1341 2069/131/1341 2067/131/1341 
f 2067/131/1341 2061/131/1341 2060/131/1341 
f 2070/131/1731 2071/131/1731 2072/131/1731 
f 2072/131/1731 2073/131/1731 2070/131/1731 
f 2074/131/1732 2075/131/1732 2071/131/1732 
f 2071/131/1732 2070/131/1732 2074/131/1732 
f 2071/131/1733 2076/131/1733 2077/131/1733 
f 2077/131/1734 2072/131/1734 2071/131/1734 
f 2078/131/1735 2076/131/1735 2071/131/1735 
f 2071/131/1736 2075/131/1736 2078/131/1736 
f 2055/131/1737 650/131/1737 672/131/1737 
f 672/131/1737 2073/131/1737 2055/131/1737 
f 2073/131/1738 672/131/1738 671/131/1738 
f 671/131/1738 2070/131/1738 2073/131/1738 
f 2074/131/1739 2070/131/1739 671/131/1739 
f 671/131/1740 669/131/1740 2074/131/1740 
f 2074/131/1741 669/131/1741 670/131/1741 
f 670/131/1741 2079/131/1741 2074/131/1741 
f 2079/131/1742 2080/131/1742 2075/131/1742 
f 2075/131/1742 2074/131/1742 2079/131/1742 
f 2078/131/1743 2075/131/1743 2080/131/1743 
f 2080/131/1744 2081/131/1744 2078/131/1744 
f 1287/131/1745 1286/131/1745 2078/131/1745 
f 2078/131/1745 2081/131/1745 1287/131/1745 
f 2078/131/1746 1286/131/1746 1285/131/1746 
f 1285/131/1746 2076/131/1746 2078/131/1746 
f 1285/131/1747 1284/131/1747 2077/131/1747 
f 2077/131/1747 2076/131/1747 1285/131/1747 
f 1284/131/1748 1267/131/1748 2057/131/1748 
f 2057/131/1749 2077/131/1749 1284/131/1749 
f 2056/131/1750 2072/131/1750 2077/131/1750 
f 2077/131/1750 2057/131/1750 2056/131/1750 
f 2055/131/1751 2073/131/1751 2072/131/1751 
f 2072/131/1751 2056/131/1751 2055/131/1751 
f 2082/131/1392 2083/131/1392 2084/131/1392 
f 2084/131/1392 2085/131/1392 2082/131/1392 
f 2086/131/1391 2087/131/1391 2083/131/1391 
f 2083/131/1752 2082/131/1752 2086/131/1752 
f 2083/131/1396 2088/131/1396 2089/131/1396 
f 2089/131/1396 2084/131/1396 2083/131/1396 
f 2087/131/1393 2090/131/1393 2088/131/1393 
f 2088/131/1753 2083/131/1753 2087/131/1753 
f 2085/131/1754 2091/131/1754 785/131/1754 
f 785/131/1754 784/131/1754 2085/131/1754 
f 794/131/1400 2082/131/1400 2085/131/1400 
f 2085/131/1400 784/131/1400 794/131/1400 
f 794/131/1398 793/131/1398 2086/131/1398 
f 2086/131/1398 2082/131/1398 794/131/1398 
f 793/131/1397 765/131/1397 2067/131/1397 
f 2067/131/1397 2086/131/1397 793/131/1397 
f 2087/131/1410 2086/131/1410 2067/131/1410 
f 2067/131/1410 2069/131/1410 2087/131/1410 
f 2068/131/1409 2090/131/1409 2087/131/1409 
f 2087/131/1409 2069/131/1409 2068/131/1409 
f 2068/131/1408 1380/131/1408 1403/131/1408 
f 1403/131/1408 2090/131/1408 2068/131/1408 
f 2090/131/1406 1403/131/1406 1402/131/1406 
f 1402/131/1406 2088/131/1406 2090/131/1406 
f 2088/131/1405 1402/131/1405 1401/131/1405 
f 1401/131/1755 2089/131/1755 2088/131/1755 
f 2089/131/1404 1401/131/1404 1400/131/1404 
f 1400/131/1404 2092/131/1404 2089/131/1404 
f 2093/131/1403 2084/131/1403 2089/131/1403 
f 2089/131/1403 2092/131/1403 2093/131/1403 
f 2084/131/1402 2093/131/1402 2091/131/1402 
f 2091/131/1402 2085/131/1402 2084/131/1402 
f 2094/131/1756 2095/131/1756 2096/131/1756 
f 2096/131/1756 2097/131/1756 2094/131/1756 
f 2098/131/1757 2099/131/1757 2095/131/1757 
f 2095/131/1757 2094/131/1757 2098/131/1757 
f 2095/131/1758 2100/131/1758 2101/131/1758 
f 2101/131/1758 2096/131/1758 2095/131/1758 
f 2102/131/1759 2100/131/1759 2095/131/1759 
f 2095/131/1759 2099/131/1759 2102/131/1759 
f 2079/131/1760 670/131/1760 692/131/1760 
f 692/131/1760 2097/131/1760 2079/131/1760 
f 2097/131/1761 692/131/1761 691/131/1761 
f 691/131/1761 2094/131/1761 2097/131/1761 
f 2098/131/1762 2094/131/1762 691/131/1762 
f 691/131/1762 689/131/1762 2098/131/1762 
f 2098/131/1763 689/131/1763 690/131/1763 
f 690/131/1763 2103/131/1763 2098/131/1763 
f 2103/131/1764 2104/131/1764 2099/131/1764 
f 2099/131/1764 2098/131/1764 2103/131/1764 
f 2102/131/1765 2099/131/1765 2104/131/1765 
f 2104/131/1765 2105/131/1765 2102/131/1765 
f 1307/131/1766 1306/131/1766 2102/131/1766 
f 2102/131/1766 2105/131/1766 1307/131/1766 
f 2102/131/1767 1306/131/1767 1305/131/1767 
f 1305/131/1767 2100/131/1767 2102/131/1767 
f 1305/131/1768 1304/131/1768 2101/131/1768 
f 2101/131/1768 2100/131/1768 1305/131/1768 
f 1304/131/1769 1287/131/1769 2081/131/1769 
f 2081/131/1769 2101/131/1769 1304/131/1769 
f 2080/131/1770 2096/131/1770 2101/131/1770 
f 2101/131/1771 2081/131/1771 2080/131/1771 
f 2096/131/1772 2080/131/1772 2079/131/1772 
f 2079/131/1772 2097/131/1772 2096/131/1772 
f 2106/131/1458 2107/131/1458 2108/131/1458 
f 2108/131/1458 2109/131/1458 2106/131/1458 
f 2110/131/1456 2111/131/1456 2107/131/1456 
f 2107/131/1456 2106/131/1456 2110/131/1456 
f 2107/131/1460 2112/131/1460 2113/131/1460 
f 2113/131/1460 2108/131/1460 2107/131/1460 
f 2111/131/1459 2114/131/1459 2112/131/1459 
f 2112/131/1459 2107/131/1459 2111/131/1459 
f 2109/131/1464 2115/131/1464 805/131/1464 
f 805/131/1464 804/131/1464 2109/131/1464 
f 814/131/1463 2106/131/1463 2109/131/1463 
f 2109/131/1463 804/131/1463 814/131/1463 
f 814/131/1462 813/131/1462 2110/131/1462 
f 2110/131/1773 2106/131/1773 814/131/1773 
f 813/131/1461 785/131/1461 2091/131/1461 
f 2091/131/1461 2110/131/1461 813/131/1461 
f 2111/131/1474 2110/131/1474 2091/131/1474 
f 2091/131/1474 2093/131/1474 2111/131/1474 
f 2092/131/1473 2114/131/1473 2111/131/1473 
f 2111/131/1473 2093/131/1473 2092/131/1473 
f 2092/131/1472 1400/131/1472 1423/131/1472 
f 1423/131/1472 2114/131/1472 2092/131/1472 
f 2114/131/1471 1423/131/1471 1422/131/1471 
f 1422/131/1471 2112/131/1471 2114/131/1471 
f 2112/131/1470 1422/131/1470 1421/131/1470 
f 1421/131/1470 2113/131/1470 2112/131/1470 
f 2113/131/1468 1421/131/1468 1420/131/1468 
f 1420/131/1469 2116/131/1469 2113/131/1469 
f 2117/131/1467 2108/131/1467 2113/131/1467 
f 2113/131/1467 2116/131/1467 2117/131/1467 
f 2108/131/1465 2117/131/1465 2115/131/1465 
f 2115/131/1465 2109/131/1465 2108/131/1465 
f 2118/131/1774 2119/131/1774 2120/131/1774 
f 2120/131/1774 2121/131/1774 2118/131/1774 
f 2122/131/1775 2123/131/1775 2119/131/1775 
f 2119/131/1775 2118/131/1775 2122/131/1775 
f 2119/131/1776 2124/131/1776 2125/131/1776 
f 2125/131/1776 2120/131/1776 2119/131/1776 
f 2126/131/1777 2124/131/1777 2119/131/1777 
f 2119/131/1777 2123/131/1777 2126/131/1777 
f 2103/131/1778 690/131/1778 712/131/1778 
f 712/131/1778 2121/131/1778 2103/131/1778 
f 2121/131/1779 712/131/1779 711/131/1779 
f 711/131/1779 2118/131/1779 2121/131/1779 
f 2122/131/1780 2118/131/1780 711/131/1780 
f 711/131/1780 709/131/1780 2122/131/1780 
f 2122/131/1781 709/131/1781 710/131/1781 
f 710/131/1781 2127/131/1781 2122/131/1781 
f 2127/131/1782 2128/131/1782 2123/131/1782 
f 2123/131/1783 2122/131/1783 2127/131/1783 
f 2126/131/1784 2123/131/1784 2128/131/1784 
f 2128/131/1784 2129/131/1784 2126/131/1784 
f 1327/131/1785 1326/131/1785 2126/131/1785 
f 2126/131/1786 2129/131/1786 1327/131/1786 
f 2126/131/1787 1326/131/1787 1325/131/1787 
f 1325/131/1787 2124/131/1787 2126/131/1787 
f 1325/131/1788 1324/131/1788 2125/131/1788 
f 2125/131/1788 2124/131/1788 1325/131/1788 
f 1324/131/1789 1307/131/1789 2105/131/1789 
f 2105/131/1789 2125/131/1789 1324/131/1789 
f 2104/131/1790 2120/131/1790 2125/131/1790 
f 2125/131/1791 2105/131/1791 2104/131/1791 
f 2120/131/1792 2104/131/1792 2103/131/1792 
f 2103/131/1792 2121/131/1792 2120/131/1792 
f 2130/131/1793 2131/131/1793 2132/131/1793 
f 2132/131/1793 2133/131/1793 2130/131/1793 
f 2134/131/1794 2135/131/1794 2131/131/1794 
f 2131/131/1794 2130/131/1794 2134/131/1794 
f 2131/131/1500 2136/131/1500 2137/131/1500 
f 2137/131/1500 2132/131/1500 2131/131/1500 
f 2135/131/1499 2138/131/1499 2136/131/1499 
f 2136/131/1499 2131/131/1499 2135/131/1499 
f 2133/131/1505 2139/131/1505 825/131/1505 
f 825/131/1505 824/131/1505 2133/131/1505 
f 834/131/1504 2130/131/1504 2133/131/1504 
f 2133/131/1504 824/131/1504 834/131/1504 
f 834/131/1503 833/131/1503 2134/131/1503 
f 2134/131/1503 2130/131/1503 834/131/1503 
f 833/131/1795 805/131/1795 2115/131/1795 
f 2115/131/1501 2134/131/1501 833/131/1501 
f 2135/131/1517 2134/131/1517 2115/131/1517 
f 2115/131/1517 2117/131/1517 2135/131/1517 
f 2116/131/1796 2138/131/1796 2135/131/1796 
f 2135/131/1796 2117/131/1796 2116/131/1796 
f 2116/131/1514 1420/131/1514 1443/131/1514 
f 1443/131/1514 2138/131/1514 2116/131/1514 
f 2138/131/1513 1443/131/1513 1442/131/1513 
f 1442/131/1513 2136/131/1513 2138/131/1513 
f 2136/131/1511 1442/131/1511 1441/131/1511 
f 1441/131/1511 2137/131/1511 2136/131/1511 
f 2137/131/1510 1441/131/1510 1440/131/1510 
f 1440/131/1510 2140/131/1510 2137/131/1510 
f 2141/131/1797 2132/131/1797 2137/131/1797 
f 2137/131/1797 2140/131/1797 2141/131/1797 
f 2132/131/1798 2141/131/1798 2139/131/1798 
f 2139/131/1507 2133/131/1507 2132/131/1507 
f 2142/131/1799 2143/131/1799 2144/131/1799 
f 2144/131/1799 2145/131/1799 2142/131/1799 
f 2146/131/1223 2147/131/1223 2143/131/1223 
f 2143/131/1223 2142/131/1223 2146/131/1223 
f 2143/131/1226 2148/131/1226 2149/131/1226 
f 2149/131/1226 2144/131/1226 2143/131/1226 
f 2150/131/1225 2148/131/1225 2143/131/1225 
f 2143/131/1800 2147/131/1800 2150/131/1800 
f 2127/131/1801 710/131/1801 732/131/1801 
f 732/131/1231 2145/131/1231 2127/131/1231 
f 2145/131/1230 732/131/1230 731/131/1230 
f 731/131/1230 2142/131/1230 2145/131/1230 
f 2146/131/1229 2142/131/1229 731/131/1229 
f 731/131/1229 729/131/1229 2146/131/1229 
f 2146/131/1228 729/131/1228 730/131/1228 
f 730/131/1228 2151/131/1228 2146/131/1228 
f 2151/131/1240 2152/131/1240 2147/131/1240 
f 2147/131/1240 2146/131/1240 2151/131/1240 
f 2150/131/1239 2147/131/1239 2152/131/1239 
f 2152/131/1239 2153/131/1239 2150/131/1239 
f 1347/131/1237 1346/131/1237 2150/131/1237 
f 2150/131/1237 2153/131/1237 1347/131/1237 
f 2150/131/1236 1346/131/1236 1345/131/1236 
f 1345/131/1236 2148/131/1236 2150/131/1236 
f 1345/131/1235 1344/131/1235 2149/131/1235 
f 2149/131/1235 2148/131/1235 1345/131/1235 
f 1344/131/1234 1327/131/1234 2129/131/1234 
f 2129/131/1234 2149/131/1234 1344/131/1234 
f 2128/131/1233 2144/131/1233 2149/131/1233 
f 2149/131/1233 2129/131/1233 2128/131/1233 
f 2127/131/1232 2145/131/1232 2144/131/1232 
f 2144/131/1232 2128/131/1232 2127/131/1232 
f 2154/131/1802 2155/131/1802 2156/131/1802 
f 2156/131/1803 2157/131/1803 2154/131/1803 
f 2158/131/1804 2159/131/1804 2155/131/1804 
f 2155/131/1545 2154/131/1545 2158/131/1545 
f 2155/131/1551 2160/131/1551 2161/131/1551 
f 2161/131/1551 2156/131/1551 2155/131/1551 
f 2159/131/1550 2162/131/1550 2160/131/1550 
f 2160/131/1550 2155/131/1550 2159/131/1550 
f 2157/131/1805 2163/131/1805 845/131/1805 
f 845/131/1805 844/131/1805 2157/131/1805 
f 854/131/1557 2154/131/1557 2157/131/1557 
f 2157/131/1806 844/131/1806 854/131/1806 
f 854/131/1555 853/131/1555 2158/131/1555 
f 2158/131/1555 2154/131/1555 854/131/1555 
f 853/131/1554 825/131/1554 2139/131/1554 
f 2139/131/1554 2158/131/1554 853/131/1554 
f 2159/131/1569 2158/131/1569 2139/131/1569 
f 2139/131/1569 2141/131/1569 2159/131/1569 
f 2140/131/1568 2162/131/1568 2159/131/1568 
f 2159/131/1568 2141/131/1568 2140/131/1568 
f 2140/131/1567 1440/131/1567 1463/131/1567 
f 1463/131/1807 2162/131/1807 2140/131/1807 
f 2162/131/1564 1463/131/1564 1462/131/1564 
f 1462/131/1564 2160/131/1564 2162/131/1564 
f 2160/131/1563 1462/131/1563 1461/131/1563 
f 1461/131/1563 2161/131/1563 2160/131/1563 
f 2161/131/1562 1461/131/1562 1460/131/1562 
f 1460/131/1562 2164/131/1562 2161/131/1562 
f 2165/131/1808 2156/131/1808 2161/131/1808 
f 2161/131/1561 2164/131/1561 2165/131/1561 
f 2156/131/1560 2165/131/1560 2163/131/1560 
f 2163/131/1560 2157/131/1560 2156/131/1560 
f 2166/131/1809 2167/131/1809 2168/131/1809 
f 2168/131/1810 2169/131/1810 2166/131/1810 
f 2170/131/1811 2171/131/1811 2167/131/1811 
f 2167/131/1811 2166/131/1811 2170/131/1811 
f 2167/131/1812 2172/131/1812 2173/131/1812 
f 2173/131/1812 2168/131/1812 2167/131/1812 
f 2174/131/1813 2172/131/1813 2167/131/1813 
f 2167/131/1813 2171/131/1813 2174/131/1813 
f 2151/131/1814 730/131/1814 752/131/1814 
f 752/131/1815 2169/131/1815 2151/131/1815 
f 2169/131/1816 752/131/1816 751/131/1816 
f 751/131/1816 2166/131/1816 2169/131/1816 
f 2170/131/1817 2166/131/1817 751/131/1817 
f 751/131/1817 749/131/1817 2170/131/1817 
f 2170/131/1818 749/131/1818 750/131/1818 
f 750/131/1818 2175/131/1818 2170/131/1818 
f 2175/131/1819 2176/131/1819 2171/131/1819 
f 2171/131/1819 2170/131/1819 2175/131/1819 
f 2174/131/1820 2171/131/1820 2176/131/1820 
f 2176/131/1820 2177/131/1820 2174/131/1820 
f 1367/131/1821 1366/131/1821 2174/131/1821 
f 2174/131/1822 2177/131/1822 1367/131/1822 
f 2174/131/1823 1366/131/1823 1365/131/1823 
f 1365/131/1824 2172/131/1824 2174/131/1824 
f 1365/131/1825 1364/131/1825 2173/131/1825 
f 2173/131/1825 2172/131/1825 1365/131/1825 
f 1364/131/1826 1347/131/1826 2153/131/1826 
f 2153/131/1826 2173/131/1826 1364/131/1826 
f 2152/131/1827 2168/131/1827 2173/131/1827 
f 2173/131/1827 2153/131/1827 2152/131/1827 
f 2151/131/1828 2169/131/1828 2168/131/1828 
f 2168/131/1828 2152/131/1828 2151/131/1828 
f 2178/131/1576 2179/131/1576 2180/131/1576 
f 2180/131/1576 2181/131/1576 2178/131/1576 
f 2182/131/1829 2183/131/1829 2179/131/1829 
f 2179/131/1575 2178/131/1575 2182/131/1575 
f 2179/131/1579 2184/131/1579 2185/131/1579 
f 2185/131/1579 2180/131/1579 2179/131/1579 
f 2183/131/1578 2186/131/1578 2184/131/1578 
f 2184/131/1830 2179/131/1830 2183/131/1830 
f 2181/131/1831 2187/131/1831 865/131/1831 
f 865/131/1583 864/131/1583 2181/131/1583 
f 874/131/1582 2178/131/1582 2181/131/1582 
f 2181/131/1582 864/131/1582 874/131/1582 
f 874/131/1832 873/131/1832 2182/131/1832 
f 2182/131/1581 2178/131/1581 874/131/1581 
f 873/131/1580 845/131/1580 2163/131/1580 
f 2163/131/1580 2182/131/1580 873/131/1580 
f 2183/131/1592 2182/131/1592 2163/131/1592 
f 2163/131/1592 2165/131/1592 2183/131/1592 
f 2164/131/1591 2186/131/1591 2183/131/1591 
f 2183/131/1591 2165/131/1591 2164/131/1591 
f 2164/131/1590 1460/131/1590 1483/131/1590 
f 1483/131/1590 2186/131/1590 2164/131/1590 
f 2186/131/1833 1483/131/1833 1482/131/1833 
f 1482/131/1833 2184/131/1833 2186/131/1833 
f 2184/131/1588 1482/131/1588 1481/131/1588 
f 1481/131/1588 2185/131/1588 2184/131/1588 
f 2185/131/1587 1481/131/1587 1480/131/1587 
f 1480/131/1834 2188/131/1834 2185/131/1834 
f 2185/131/1586 2188/131/1586 2189/131/1586 
f 2189/131/1586 2180/131/1586 2185/131/1586 
f 2180/131/1584 2189/131/1584 2187/131/1584 
f 2187/131/1584 2181/131/1584 2180/131/1584 
f 2190/131/1835 2191/131/1835 2192/131/1835 
f 2192/131/1835 2193/131/1835 2190/131/1835 
f 2194/131/1836 2195/131/1836 2191/131/1836 
f 2191/131/1837 2190/131/1837 2194/131/1837 
f 2191/131/1838 2196/131/1838 2197/131/1838 
f 2197/131/1838 2192/131/1838 2191/131/1838 
f 2198/131/1839 2196/131/1839 2191/131/1839 
f 2191/131/1839 2195/131/1839 2198/131/1839 
f 2175/131/1840 750/131/1840 772/131/1840 
f 772/131/1840 2193/131/1840 2175/131/1840 
f 2193/131/1841 772/131/1841 771/131/1841 
f 771/131/1841 2190/131/1841 2193/131/1841 
f 2194/131/1842 2190/131/1842 771/131/1842 
f 771/131/1843 769/131/1843 2194/131/1843 
f 2194/131/1844 769/131/1844 770/131/1844 
f 770/131/1844 2199/131/1844 2194/131/1844 
f 2199/131/1845 2200/131/1845 2195/131/1845 
f 2195/131/1845 2194/131/1845 2199/131/1845 
f 2198/131/1846 2195/131/1846 2200/131/1846 
f 2200/131/1846 2201/131/1846 2198/131/1846 
f 1387/131/1847 1386/131/1847 2198/131/1847 
f 2198/131/1847 2201/131/1847 1387/131/1847 
f 2198/131/1848 1386/131/1848 1385/131/1848 
f 1385/131/1849 2196/131/1849 2198/131/1849 
f 1385/131/1850 1384/131/1850 2197/131/1850 
f 2197/131/1851 2196/131/1851 1385/131/1851 
f 1384/131/1852 1367/131/1852 2177/131/1852 
f 2177/131/1852 2197/131/1852 1384/131/1852 
f 2176/131/1853 2192/131/1853 2197/131/1853 
f 2197/131/1853 2177/131/1853 2176/131/1853 
f 2192/131/1854 2176/131/1854 2175/131/1854 
f 2175/131/1854 2193/131/1854 2192/131/1854 
f 2202/131/1855 2203/131/1855 2204/131/1855 
f 2204/131/1599 2205/131/1599 2202/131/1599 
f 2206/131/1598 2207/131/1598 2203/131/1598 
f 2203/131/1598 2202/131/1598 2206/131/1598 
f 2203/131/1602 2208/131/1602 2209/131/1602 
f 2209/131/1602 2204/131/1602 2203/131/1602 
f 2207/131/1601 2210/131/1601 2208/131/1601 
f 2208/131/1601 2203/131/1601 2207/131/1601 
f 2205/131/1609 2211/131/1609 885/131/1609 
f 885/131/1609 884/131/1609 2205/131/1609 
f 894/131/1608 2202/131/1608 2205/131/1608 
f 2205/131/1608 884/131/1608 894/131/1608 
f 894/131/1606 893/131/1606 2206/131/1606 
f 2206/131/1605 2202/131/1605 894/131/1605 
f 893/131/1856 865/131/1856 2187/131/1856 
f 2187/131/1604 2206/131/1604 893/131/1604 
f 2207/131/1619 2206/131/1619 2187/131/1619 
f 2187/131/1619 2189/131/1619 2207/131/1619 
f 2188/131/1618 2210/131/1618 2207/131/1618 
f 2207/131/1618 2189/131/1618 2188/131/1618 
f 2188/131/1617 1480/131/1617 1503/131/1617 
f 1503/131/1617 2210/131/1617 2188/131/1617 
f 2210/131/1616 1503/131/1616 1502/131/1616 
f 1502/131/1616 2208/131/1616 2210/131/1616 
f 2208/131/1857 1502/131/1857 1501/131/1857 
f 1501/131/1615 2209/131/1615 2208/131/1615 
f 2209/131/1613 1501/131/1613 1500/131/1613 
f 1500/131/1613 2212/131/1613 2209/131/1613 
f 2209/131/1611 2212/131/1611 2213/131/1611 
f 2213/131/1611 2204/131/1611 2209/131/1611 
f 2204/131/1610 2213/131/1610 2211/131/1610 
f 2211/131/1610 2205/131/1610 2204/131/1610 
f 2214/131/1858 2215/131/1858 2216/131/1858 
f 2216/131/1859 2217/131/1859 2214/131/1859 
f 2218/131/1860 2219/131/1860 2215/131/1860 
f 2215/131/1861 2214/131/1861 2218/131/1861 
f 2215/131/1862 2220/131/1862 2221/131/1862 
f 2221/131/1863 2216/131/1863 2215/131/1863 
f 2222/131/1864 2220/131/1864 2215/131/1864 
f 2215/131/1864 2219/131/1864 2222/131/1864 
f 2199/131/1865 770/131/1865 792/131/1865 
f 792/131/1865 2217/131/1865 2199/131/1865 
f 2217/131/1866 792/131/1866 791/131/1866 
f 791/131/1867 2214/131/1867 2217/131/1867 
f 2218/131/1868 2214/131/1868 791/131/1868 
f 791/131/1868 789/131/1868 2218/131/1868 
f 2218/131/1869 789/131/1869 790/131/1869 
f 790/131/1869 2223/131/1869 2218/131/1869 
f 2223/131/1870 2224/131/1870 2219/131/1870 
f 2219/131/1870 2218/131/1870 2223/131/1870 
f 2222/131/1871 2219/131/1871 2224/131/1871 
f 2224/131/1871 2225/131/1871 2222/131/1871 
f 1407/131/1872 1406/131/1872 2222/131/1872 
f 2222/131/1872 2225/131/1872 1407/131/1872 
f 2222/131/1873 1406/131/1873 1405/131/1873 
f 1405/131/1873 2220/131/1873 2222/131/1873 
f 1405/131/1874 1404/131/1874 2221/131/1874 
f 2221/131/1875 2220/131/1875 1405/131/1875 
f 1404/131/1876 1387/131/1876 2201/131/1876 
f 2201/131/1876 2221/131/1876 1404/131/1876 
f 2200/131/1877 2216/131/1877 2221/131/1877 
f 2221/131/1878 2201/131/1878 2200/131/1878 
f 2199/131/1879 2217/131/1879 2216/131/1879 
f 2216/131/1879 2200/131/1879 2199/131/1879 
f 2226/131/1627 2227/131/1627 2228/131/1627 
f 2228/131/1627 2229/131/1627 2226/131/1627 
f 2230/131/1625 2231/131/1625 2227/131/1625 
f 2227/131/1625 2226/131/1625 2230/131/1625 
f 2227/131/1629 2232/131/1629 2233/131/1629 
f 2233/131/1629 2228/131/1629 2227/131/1629 
f 2231/131/1628 2234/131/1628 2232/131/1628 
f 2232/131/1628 2227/131/1628 2231/131/1628 
f 2229/131/1633 2235/131/1633 905/131/1633 
f 905/131/1880 904/131/1880 2229/131/1880 
f 914/131/1632 2226/131/1632 2229/131/1632 
f 2229/131/1881 904/131/1881 914/131/1881 
f 914/131/1631 913/131/1631 2230/131/1631 
f 2230/131/1631 2226/131/1631 914/131/1631 
f 913/131/1630 885/131/1630 2211/131/1630 
f 2211/131/1630 2230/131/1630 913/131/1630 
f 2231/131/1643 2230/131/1643 2211/131/1643 
f 2211/131/1643 2213/131/1643 2231/131/1643 
f 2212/131/1642 2234/131/1642 2231/131/1642 
f 2231/131/1642 2213/131/1642 2212/131/1642 
f 2212/131/1882 1500/131/1882 1523/131/1882 
f 1523/131/1882 2234/131/1882 2212/131/1882 
f 2234/131/1639 1523/131/1639 1522/131/1639 
f 1522/131/1639 2232/131/1639 2234/131/1639 
f 2232/131/1637 1522/131/1637 1521/131/1637 
f 1521/131/1637 2233/131/1637 2232/131/1637 
f 2233/131/1636 1521/131/1636 1520/131/1636 
f 1520/131/1883 2236/131/1883 2233/131/1883 
f 2237/131/1635 2228/131/1635 2233/131/1635 
f 2233/131/1884 2236/131/1884 2237/131/1884 
f 2228/131/1634 2237/131/1634 2235/131/1634 
f 2235/131/1634 2229/131/1634 2228/131/1634 
f 2238/131/1885 2239/131/1885 2240/131/1885 
f 2240/131/1885 2241/131/1885 2238/131/1885 
f 2242/131/1886 2243/131/1886 2239/131/1886 
f 2239/131/1886 2238/131/1886 2242/131/1886 
f 2239/131/1887 2244/131/1887 2245/131/1887 
f 2245/131/1888 2240/131/1888 2239/131/1888 
f 2246/131/1889 2244/131/1889 2239/131/1889 
f 2239/131/1889 2243/131/1889 2246/131/1889 
f 2223/131/1890 790/131/1890 812/131/1890 
f 812/131/1891 2241/131/1891 2223/131/1891 
f 2241/131/1892 812/131/1892 811/131/1892 
f 811/131/1892 2238/131/1892 2241/131/1892 
f 2242/131/1893 2238/131/1893 811/131/1893 
f 811/131/1893 809/131/1893 2242/131/1893 
f 2242/131/1894 809/131/1894 810/131/1894 
f 810/131/1895 2247/131/1895 2242/131/1895 
f 2247/131/1896 2248/131/1896 2243/131/1896 
f 2243/131/1896 2242/131/1896 2247/131/1896 
f 2246/131/1897 2243/131/1897 2248/131/1897 
f 2248/131/1897 2249/131/1897 2246/131/1897 
f 1427/131/1898 1426/131/1898 2246/131/1898 
f 2246/131/1898 2249/131/1898 1427/131/1898 
f 2246/131/1899 1426/131/1899 1425/131/1899 
f 1425/131/1900 2244/131/1900 2246/131/1900 
f 1425/131/1901 1424/131/1901 2245/131/1901 
f 2245/131/1901 2244/131/1901 1425/131/1901 
f 1424/131/1902 1407/131/1902 2225/131/1902 
f 2225/131/1902 2245/131/1902 1424/131/1902 
f 2224/131/1903 2240/131/1903 2245/131/1903 
f 2245/131/1903 2225/131/1903 2224/131/1903 
f 2223/131/1904 2241/131/1904 2240/131/1904 
f 2240/131/1904 2224/131/1904 2223/131/1904 
f 2250/131/1651 2251/131/1651 2252/131/1651 
f 2252/131/1651 2253/131/1651 2250/131/1651 
f 2254/131/1650 2255/131/1650 2251/131/1650 
f 2251/131/1650 2250/131/1650 2254/131/1650 
f 2251/131/1905 2256/131/1905 2257/131/1905 
f 2257/131/1655 2252/131/1655 2251/131/1655 
f 2255/131/1906 2258/131/1906 2256/131/1906 
f 2256/131/1653 2251/131/1653 2255/131/1653 
f 2253/131/1659 2259/131/1659 925/131/1659 
f 925/131/1659 924/131/1659 2253/131/1659 
f 934/131/1658 2250/131/1658 2253/131/1658 
f 2253/131/1907 924/131/1907 934/131/1907 
f 934/131/1657 933/131/1657 2254/131/1657 
f 2254/131/1657 2250/131/1657 934/131/1657 
f 933/131/1656 905/131/1656 2235/131/1656 
f 2235/131/1656 2254/131/1656 933/131/1656 
f 2255/131/1667 2254/131/1667 2235/131/1667 
f 2235/131/1667 2237/131/1667 2255/131/1667 
f 2236/131/1908 2258/131/1908 2255/131/1908 
f 2255/131/1666 2237/131/1666 2236/131/1666 
f 2236/131/1665 1520/131/1665 1543/131/1665 
f 1543/131/1665 2258/131/1665 2236/131/1665 
f 2258/131/1664 1543/131/1664 1542/131/1664 
f 1542/131/1664 2256/131/1664 2258/131/1664 
f 2256/131/1909 1542/131/1909 1541/131/1909 
f 1541/131/1910 2257/131/1910 2256/131/1910 
f 2257/131/1662 1541/131/1662 1540/131/1662 
f 1540/131/1662 2260/131/1662 2257/131/1662 
f 2261/131/1661 2252/131/1661 2257/131/1661 
f 2257/131/1661 2260/131/1661 2261/131/1661 
f 2252/131/1660 2261/131/1660 2259/131/1660 
f 2259/131/1660 2253/131/1660 2252/131/1660 
f 2262/131/1911 2263/131/1911 2264/131/1911 
f 2264/131/1911 2265/131/1911 2262/131/1911 
f 2266/131/1912 2267/131/1912 2263/131/1912 
f 2263/131/1912 2262/131/1912 2266/131/1912 
f 2263/131/1913 2268/131/1913 2269/131/1913 
f 2269/131/1913 2264/131/1913 2263/131/1913 
f 2270/131/1914 2268/131/1914 2263/131/1914 
f 2263/131/1914 2267/131/1914 2270/131/1914 
f 2247/131/1915 810/131/1915 832/131/1915 
f 832/131/1915 2265/131/1915 2247/131/1915 
f 2265/131/1916 832/131/1916 831/131/1916 
f 831/131/1916 2262/131/1916 2265/131/1916 
f 2266/131/1917 2262/131/1917 831/131/1917 
f 831/131/1917 829/131/1917 2266/131/1917 
f 2266/131/1918 829/131/1918 830/131/1918 
f 830/131/1918 2271/131/1918 2266/131/1918 
f 2271/131/1919 2272/131/1919 2267/131/1919 
f 2267/131/1919 2266/131/1919 2271/131/1919 
f 2270/131/1920 2267/131/1920 2272/131/1920 
f 2272/131/1920 2273/131/1920 2270/131/1920 
f 1447/131/1921 1446/131/1921 2270/131/1921 
f 2270/131/1921 2273/131/1921 1447/131/1921 
f 2270/131/1922 1446/131/1922 1445/131/1922 
f 1445/131/1922 2268/131/1922 2270/131/1922 
f 1445/131/1923 1444/131/1923 2269/131/1923 
f 2269/131/1923 2268/131/1923 1445/131/1923 
f 1444/131/1924 1427/131/1924 2249/131/1924 
f 2249/131/1924 2269/131/1924 1444/131/1924 
f 2248/131/1925 2264/131/1925 2269/131/1925 
f 2269/131/1925 2249/131/1925 2248/131/1925 
f 2264/131/1926 2248/131/1926 2247/131/1926 
f 2247/131/1926 2265/131/1926 2264/131/1926 
f 2274/131/1673 2275/131/1673 2276/131/1673 
f 2276/131/1673 2277/131/1673 2274/131/1673 
f 2278/131/1927 2279/131/1927 2275/131/1927 
f 2275/131/1928 2274/131/1928 2278/131/1928 
f 2275/131/1929 2280/131/1929 2281/131/1929 
f 2281/131/1677 2276/131/1677 2275/131/1677 
f 2279/131/1930 2282/131/1930 2280/131/1930 
f 2280/131/1674 2275/131/1674 2279/131/1674 
f 2277/131/1683 2283/131/1683 945/131/1683 
f 945/131/1931 944/131/1931 2277/131/1931 
f 954/131/1682 2274/131/1682 2277/131/1682 
f 2277/131/1682 944/131/1682 954/131/1682 
f 954/131/1681 953/131/1681 2278/131/1681 
f 2278/131/1681 2274/131/1681 954/131/1681 
f 953/131/1678 925/131/1678 2259/131/1678 
f 2259/131/1932 2278/131/1932 953/131/1932 
f 2279/131/1933 2278/131/1933 2259/131/1933 
f 2259/131/1693 2261/131/1693 2279/131/1693 
f 2260/131/1692 2282/131/1692 2279/131/1692 
f 2279/131/1692 2261/131/1692 2260/131/1692 
f 2260/131/1690 1540/131/1690 1563/131/1690 
f 1563/131/1690 2282/131/1690 2260/131/1690 
f 2282/131/1689 1563/131/1689 1562/131/1689 
f 1562/131/1689 2280/131/1689 2282/131/1689 
f 2280/131/1688 1562/131/1688 1561/131/1688 
f 1561/131/1688 2281/131/1688 2280/131/1688 
f 2281/131/1687 1561/131/1687 1560/131/1687 
f 1560/131/1687 2284/131/1687 2281/131/1687 
f 2281/131/1685 2284/131/1685 2285/131/1685 
f 2285/131/1934 2276/131/1934 2281/131/1934 
f 2276/131/1684 2285/131/1684 2283/131/1684 
f 2283/131/1684 2277/131/1684 2276/131/1684 
f 2286/131/1811 2287/131/1811 2288/131/1811 
f 2288/131/1811 2289/131/1811 2286/131/1811 
f 2290/131/1809 2291/131/1809 2287/131/1809 
f 2287/131/1809 2286/131/1809 2290/131/1809 
f 2287/131/1813 2292/131/1813 2293/131/1813 
f 2293/131/1813 2288/131/1813 2287/131/1813 
f 2287/131/1812 2291/131/1812 2294/131/1812 
f 2294/131/1812 2292/131/1812 2287/131/1812 
f 2289/131/1818 2295/131/1818 421/131/1818 
f 421/131/1818 420/131/1818 2289/131/1818 
f 2289/131/1935 420/131/1935 434/131/1935 
f 434/131/1935 2286/131/1935 2289/131/1935 
f 432/131/1816 2290/131/1816 2286/131/1816 
f 2286/131/1936 434/131/1936 432/131/1936 
f 1689/131/1937 2290/131/1937 432/131/1937 
f 432/131/1814 433/131/1814 1689/131/1814 
f 2290/131/1828 1689/131/1828 1694/131/1828 
f 1694/131/1828 2291/131/1828 2290/131/1828 
f 2291/131/1827 1694/131/1827 1693/131/1827 
f 1693/131/1827 2294/131/1827 2291/131/1827 
f 399/131/1826 398/131/1826 2294/131/1826 
f 2294/131/1826 1693/131/1826 399/131/1826 
f 2294/131/1825 398/131/1825 397/131/1825 
f 397/131/1825 2292/131/1825 2294/131/1825 
f 2293/131/1823 2292/131/1823 397/131/1823 
f 397/131/1823 396/131/1823 2293/131/1823 
f 396/131/1938 395/131/1938 2296/131/1938 
f 2296/131/1938 2293/131/1938 396/131/1938 
f 2288/131/1820 2293/131/1820 2296/131/1820 
f 2296/131/1820 2297/131/1820 2288/131/1820 
f 2288/131/1819 2297/131/1819 2295/131/1819 
f 2295/131/1819 2289/131/1819 2288/131/1819 
f 2298/131/1244 2299/131/1244 2300/131/1244 
f 2300/131/1244 2301/131/1244 2298/131/1244 
f 2302/131/1939 2303/131/1939 2299/131/1939 
f 2299/131/1939 2298/131/1939 2302/131/1939 
f 2299/131/1247 2304/131/1247 2305/131/1247 
f 2305/131/1247 2300/131/1247 2299/131/1247 
f 2306/131/1246 2304/131/1246 2299/131/1246 
f 2299/131/1245 2303/131/1245 2306/131/1245 
f 2271/131/1252 830/131/1252 852/131/1252 
f 852/131/1252 2301/131/1252 2271/131/1252 
f 2301/131/1250 852/131/1250 851/131/1250 
f 851/131/1250 2298/131/1250 2301/131/1250 
f 2302/131/1249 2298/131/1249 851/131/1249 
f 851/131/1249 849/131/1249 2302/131/1249 
f 2307/131/1248 2302/131/1248 849/131/1248 
f 849/131/1248 850/131/1248 2307/131/1248 
f 2307/131/1260 2308/131/1260 2303/131/1260 
f 2303/131/1260 2302/131/1260 2307/131/1260 
f 2306/131/1259 2303/131/1259 2308/131/1259 
f 2308/131/1259 2309/131/1259 2306/131/1259 
f 2306/131/1258 2309/131/1258 1467/131/1258 
f 1467/131/1940 1466/131/1940 2306/131/1940 
f 2306/131/1257 1466/131/1257 1465/131/1257 
f 1465/131/1941 2304/131/1941 2306/131/1941 
f 1465/131/1256 1464/131/1256 2305/131/1256 
f 2305/131/1256 2304/131/1256 1465/131/1256 
f 1464/131/1942 1447/131/1942 2273/131/1942 
f 2273/131/1255 2305/131/1255 1464/131/1255 
f 2273/131/1254 2272/131/1254 2300/131/1254 
f 2300/131/1254 2305/131/1254 2273/131/1254 
f 2271/131/1253 2301/131/1253 2300/131/1253 
f 2300/131/1253 2272/131/1253 2271/131/1253 
f 2310/131/1943 2311/131/1943 2312/131/1943 
f 2312/131/1702 2313/131/1702 2310/131/1702 
f 2314/131/1700 2315/131/1700 2311/131/1700 
f 2311/131/1700 2310/131/1700 2314/131/1700 
f 2311/131/1944 2316/131/1944 2317/131/1944 
f 2317/131/1944 2312/131/1944 2311/131/1944 
f 2315/131/1705 2318/131/1705 2316/131/1705 
f 2316/131/1705 2311/131/1705 2315/131/1705 
f 2313/131/1712 2319/131/1712 965/131/1712 
f 965/131/1945 964/131/1945 2313/131/1945 
f 974/131/1711 2310/131/1711 2313/131/1711 
f 2313/131/1711 964/131/1711 974/131/1711 
f 974/131/1709 973/131/1709 2314/131/1709 
f 2314/131/1709 2310/131/1709 974/131/1709 
f 973/131/1708 945/131/1708 2283/131/1708 
f 2283/131/1708 2314/131/1708 973/131/1708 
f 2315/131/1946 2314/131/1946 2283/131/1946 
f 2283/131/1946 2285/131/1946 2315/131/1946 
f 2284/131/1724 2318/131/1724 2315/131/1724 
f 2315/131/1724 2285/131/1724 2284/131/1724 
f 2284/131/1723 1560/131/1723 1583/131/1723 
f 1583/131/1723 2318/131/1723 2284/131/1723 
f 2318/131/1720 1583/131/1720 1582/131/1720 
f 1582/131/1720 2316/131/1720 2318/131/1720 
f 2316/131/1947 1582/131/1947 1581/131/1947 
f 1581/131/1947 2317/131/1947 2316/131/1947 
f 1581/131/1717 1580/131/1717 2320/131/1717 
f 2320/131/1948 2317/131/1948 1581/131/1948 
f 2312/131/1715 2317/131/1715 2320/131/1715 
f 2320/131/1715 2321/131/1715 2312/131/1715 
f 2313/131/1714 2312/131/1714 2321/131/1714 
f 2321/131/1714 2319/131/1714 2313/131/1714 
f 2322/131/1949 2323/131/1949 2324/131/1949 
f 2324/131/1837 2325/131/1837 2322/131/1837 
f 2326/131/1835 2327/131/1835 2323/131/1835 
f 2323/131/1835 2322/131/1835 2326/131/1835 
f 2323/131/1839 2328/131/1839 2329/131/1839 
f 2329/131/1839 2324/131/1839 2323/131/1839 
f 2323/131/1838 2327/131/1838 2330/131/1838 
f 2330/131/1838 2328/131/1838 2323/131/1838 
f 445/131/1844 444/131/1844 2325/131/1844 
f 2325/131/1844 2331/131/1844 445/131/1844 
f 2325/131/1843 444/131/1843 454/131/1843 
f 454/131/1843 2322/131/1843 2325/131/1843 
f 454/131/1841 453/131/1841 2326/131/1841 
f 2326/131/1841 2322/131/1841 454/131/1841 
f 2326/131/1840 453/131/1840 421/131/1840 
f 421/131/1840 2295/131/1840 2326/131/1840 
f 2297/131/1854 2327/131/1854 2326/131/1854 
f 2326/131/1854 2295/131/1854 2297/131/1854 
f 2296/131/1853 2330/131/1853 2327/131/1853 
f 2327/131/1853 2297/131/1853 2296/131/1853 
f 395/131/1852 1063/131/1852 2330/131/1852 
f 2330/131/1852 2296/131/1852 395/131/1852 
f 2330/131/1851 1063/131/1851 1062/131/1851 
f 1062/131/1851 2328/131/1851 2330/131/1851 
f 2329/131/1849 2328/131/1849 1062/131/1849 
f 1062/131/1849 1059/131/1849 2329/131/1849 
f 1059/131/1950 1061/131/1950 2332/131/1950 
f 2332/131/1950 2329/131/1950 1059/131/1950 
f 2324/131/1951 2329/131/1951 2332/131/1951 
f 2332/131/1846 2333/131/1846 2324/131/1846 
f 2324/131/1845 2333/131/1845 2331/131/1845 
f 2331/131/1952 2325/131/1952 2324/131/1952 
f 2334/131/1953 2335/131/1953 2336/131/1953 
f 2336/131/1953 2337/131/1953 2334/131/1953 
f 2338/131/1296 2339/131/1296 2335/131/1296 
f 2335/131/1296 2334/131/1296 2338/131/1296 
f 2335/131/1301 2340/131/1301 2341/131/1301 
f 2341/131/1954 2336/131/1954 2335/131/1954 
f 2342/131/1299 2340/131/1299 2335/131/1299 
f 2335/131/1299 2339/131/1299 2342/131/1299 
f 2307/131/1955 850/131/1955 872/131/1955 
f 872/131/1955 2337/131/1955 2307/131/1955 
f 2337/131/1304 872/131/1304 871/131/1304 
f 871/131/1304 2334/131/1304 2337/131/1304 
f 2338/131/1303 2334/131/1303 871/131/1303 
f 871/131/1303 869/131/1303 2338/131/1303 
f 2343/131/1302 2338/131/1302 869/131/1302 
f 869/131/1302 870/131/1302 2343/131/1302 
f 2343/131/1313 2344/131/1313 2339/131/1313 
f 2339/131/1313 2338/131/1313 2343/131/1313 
f 2342/131/1312 2339/131/1312 2344/131/1312 
f 2344/131/1312 2345/131/1312 2342/131/1312 
f 2342/131/1311 2345/131/1311 1487/131/1311 
f 1487/131/1311 1486/131/1311 2342/131/1311 
f 2342/131/1310 1486/131/1310 1485/131/1310 
f 1485/131/1956 2340/131/1956 2342/131/1956 
f 1485/131/1309 1484/131/1309 2341/131/1309 
f 2341/131/1309 2340/131/1309 1485/131/1309 
f 1484/131/1308 1467/131/1308 2309/131/1308 
f 2309/131/1308 2341/131/1308 1484/131/1308 
f 2336/131/1307 2341/131/1307 2309/131/1307 
f 2309/131/1307 2308/131/1307 2336/131/1307 
f 2337/131/1306 2336/131/1306 2308/131/1306 
f 2308/131/1306 2307/131/1306 2337/131/1306 
f 2346/131/1732 2347/131/1732 2348/131/1732 
f 2348/131/1732 2349/131/1732 2346/131/1732 
f 2350/131/1731 2351/131/1731 2347/131/1731 
f 2347/131/1731 2346/131/1731 2350/131/1731 
f 2347/131/1735 2352/131/1735 2353/131/1735 
f 2353/131/1735 2348/131/1735 2347/131/1735 
f 2351/131/1733 2354/131/1733 2352/131/1733 
f 2352/131/1733 2347/131/1733 2351/131/1733 
f 2349/131/1741 2355/131/1741 985/131/1741 
f 985/131/1741 984/131/1741 2349/131/1741 
f 994/131/1957 2346/131/1957 2349/131/1957 
f 2349/131/1739 984/131/1739 994/131/1739 
f 994/131/1738 993/131/1738 2350/131/1738 
f 2350/131/1738 2346/131/1738 994/131/1738 
f 993/131/1737 965/131/1737 2319/131/1737 
f 2319/131/1737 2350/131/1737 993/131/1737 
f 2350/131/1958 2319/131/1958 2321/131/1958 
f 2321/131/1751 2351/131/1751 2350/131/1751 
f 2320/131/1750 2354/131/1750 2351/131/1750 
f 2351/131/1750 2321/131/1750 2320/131/1750 
f 1603/131/1749 2354/131/1749 2320/131/1749 
f 2320/131/1748 1580/131/1748 1603/131/1748 
f 2354/131/1747 1603/131/1747 1602/131/1747 
f 1602/131/1747 2352/131/1747 2354/131/1747 
f 2352/131/1746 1602/131/1746 1601/131/1746 
f 1601/131/1746 2353/131/1746 2352/131/1746 
f 1601/131/1745 1600/131/1745 2356/131/1745 
f 2356/131/1745 2353/131/1745 1601/131/1745 
f 2348/131/1959 2353/131/1959 2356/131/1959 
f 2356/131/1744 2357/131/1744 2348/131/1744 
f 2349/131/1742 2348/131/1742 2357/131/1742 
f 2357/131/1742 2355/131/1742 2349/131/1742 
f 2358/131/1860 2359/131/1860 2360/131/1860 
f 2360/131/1861 2361/131/1861 2358/131/1861 
f 2362/131/1960 2363/131/1960 2359/131/1960 
f 2359/131/1961 2358/131/1961 2362/131/1961 
f 2359/131/1864 2364/131/1864 2365/131/1864 
f 2365/131/1864 2360/131/1864 2359/131/1864 
f 2359/131/1962 2363/131/1962 2366/131/1962 
f 2366/131/1963 2364/131/1963 2359/131/1963 
f 2361/131/1964 2367/131/1964 465/131/1964 
f 465/131/1869 464/131/1869 2361/131/1869 
f 2361/131/1868 464/131/1868 474/131/1868 
f 474/131/1868 2358/131/1868 2361/131/1868 
f 2358/131/1867 474/131/1867 473/131/1867 
f 473/131/1867 2362/131/1867 2358/131/1867 
f 473/131/1965 445/131/1965 2331/131/1965 
f 2331/131/1965 2362/131/1965 473/131/1965 
f 2333/131/1879 2363/131/1879 2362/131/1879 
f 2362/131/1879 2331/131/1879 2333/131/1879 
f 2332/131/1878 2366/131/1878 2363/131/1878 
f 2363/131/1878 2333/131/1878 2332/131/1878 
f 1083/131/1876 2366/131/1876 2332/131/1876 
f 2332/131/1876 1061/131/1876 1083/131/1876 
f 2366/131/1966 1083/131/1966 1082/131/1966 
f 1082/131/1875 2364/131/1875 2366/131/1875 
f 2365/131/1873 2364/131/1873 1082/131/1873 
f 1082/131/1873 1081/131/1873 2365/131/1873 
f 1081/131/1872 1080/131/1872 2368/131/1872 
f 2368/131/1872 2365/131/1872 1081/131/1872 
f 2360/131/1871 2365/131/1871 2368/131/1871 
f 2368/131/1871 2369/131/1871 2360/131/1871 
f 2360/131/1870 2369/131/1870 2367/131/1870 
f 2367/131/1870 2361/131/1870 2360/131/1870 
f 2370/131/1351 2371/131/1351 2372/131/1351 
f 2372/131/1967 2373/131/1967 2370/131/1967 
f 2374/131/1350 2375/131/1350 2371/131/1350 
f 2371/131/1350 2370/131/1350 2374/131/1350 
f 2371/131/1353 2376/131/1353 2377/131/1353 
f 2377/131/1353 2372/131/1353 2371/131/1353 
f 2378/131/1352 2376/131/1352 2371/131/1352 
f 2371/131/1968 2375/131/1968 2378/131/1968 
f 2343/131/1969 870/131/1969 892/131/1969 
f 892/131/1358 2373/131/1358 2343/131/1358 
f 2373/131/1357 892/131/1357 891/131/1357 
f 891/131/1357 2370/131/1357 2373/131/1357 
f 2374/131/1356 2370/131/1356 891/131/1356 
f 891/131/1355 889/131/1355 2374/131/1355 
f 2379/131/1354 2374/131/1354 889/131/1354 
f 889/131/1354 890/131/1970 2379/131/1354 
f 2379/131/1367 2380/131/1367 2375/131/1367 
f 2375/131/1367 2374/131/1367 2379/131/1367 
f 2378/131/1366 2375/131/1366 2380/131/1366 
f 2380/131/1366 2381/131/1366 2378/131/1366 
f 2378/131/1365 2381/131/1365 1507/131/1365 
f 1507/131/1365 1506/131/1365 2378/131/1365 
f 2378/131/1364 1506/131/1364 1505/131/1364 
f 1505/131/1364 2376/131/1364 2378/131/1364 
f 1505/131/1363 1504/131/1363 2377/131/1363 
f 2377/131/1971 2376/131/1971 1505/131/1971 
f 1504/131/1362 1487/131/1362 2345/131/1362 
f 2345/131/1362 2377/131/1362 1504/131/1362 
f 2372/131/1360 2377/131/1360 2345/131/1360 
f 2345/131/1972 2344/131/1972 2372/131/1972 
f 2373/131/1359 2372/131/1359 2344/131/1359 
f 2344/131/1359 2343/131/1359 2373/131/1359 
f 2382/131/1757 2383/131/1757 2384/131/1757 
f 2384/131/1757 2385/131/1757 2382/131/1757 
f 2386/131/1756 2387/131/1756 2383/131/1756 
f 2383/131/1756 2382/131/1756 2386/131/1756 
f 2383/131/1759 2388/131/1759 2389/131/1759 
f 2389/131/1759 2384/131/1759 2383/131/1759 
f 2387/131/1758 2390/131/1758 2388/131/1758 
f 2388/131/1758 2383/131/1758 2387/131/1758 
f 2385/131/1973 2391/131/1973 1005/131/1973 
f 1005/131/1763 1004/131/1763 2385/131/1763 
f 1014/131/1762 2382/131/1762 2385/131/1762 
f 2385/131/1762 1004/131/1762 1014/131/1762 
f 1014/131/1761 1013/131/1761 2386/131/1761 
f 2386/131/1761 2382/131/1761 1014/131/1761 
f 1013/131/1760 985/131/1760 2355/131/1760 
f 2355/131/1760 2386/131/1760 1013/131/1760 
f 2386/131/1772 2355/131/1772 2357/131/1772 
f 2357/131/1772 2387/131/1772 2386/131/1772 
f 2356/131/1771 2390/131/1771 2387/131/1771 
f 2387/131/1771 2357/131/1771 2356/131/1771 
f 1623/131/1769 2390/131/1769 2356/131/1769 
f 2356/131/1769 1600/131/1769 1623/131/1769 
f 2390/131/1768 1623/131/1768 1622/131/1768 
f 1622/131/1768 2388/131/1768 2390/131/1768 
f 2388/131/1767 1622/131/1767 1621/131/1767 
f 1621/131/1767 2389/131/1767 2388/131/1767 
f 1621/131/1766 1620/131/1766 2392/131/1766 
f 2392/131/1766 2389/131/1766 1621/131/1766 
f 2384/131/1765 2389/131/1765 2392/131/1765 
f 2392/131/1765 2393/131/1765 2384/131/1765 
f 2385/131/1764 2384/131/1764 2393/131/1764 
f 2393/131/1764 2391/131/1764 2385/131/1764 
f 2394/131/1886 2395/131/1886 2396/131/1886 
f 2396/131/1886 2397/131/1886 2394/131/1886 
f 2398/131/1885 2399/131/1885 2395/131/1885 
f 2395/131/1885 2394/131/1885 2398/131/1885 
f 2395/131/1889 2400/131/1889 2401/131/1889 
f 2401/131/1889 2396/131/1889 2395/131/1889 
f 2395/131/1888 2399/131/1888 2402/131/1888 
f 2402/131/1888 2400/131/1888 2395/131/1888 
f 2397/131/1974 2403/131/1974 485/131/1974 
f 485/131/1974 484/131/1974 2397/131/1974 
f 2397/131/1893 484/131/1893 494/131/1893 
f 494/131/1893 2394/131/1893 2397/131/1893 
f 2398/131/1892 2394/131/1892 494/131/1892 
f 494/131/1892 493/131/1892 2398/131/1892 
f 493/131/1891 465/131/1891 2367/131/1891 
f 2367/131/1891 2398/131/1891 493/131/1891 
f 2369/131/1904 2399/131/1904 2398/131/1904 
f 2398/131/1904 2367/131/1904 2369/131/1904 
f 2368/131/1903 2402/131/1903 2399/131/1903 
f 2399/131/1903 2369/131/1903 2368/131/1903 
f 1103/131/1902 2402/131/1902 2368/131/1902 
f 2368/131/1975 1080/131/1975 1103/131/1975 
f 2402/131/1976 1103/131/1976 1102/131/1976 
f 1102/131/1976 2400/131/1976 2402/131/1976 
f 1102/131/1900 1101/131/1900 2401/131/1900 
f 2401/131/1900 2400/131/1900 1102/131/1900 
f 1101/131/1898 1100/131/1898 2404/131/1898 
f 2404/131/1898 2401/131/1898 1101/131/1898 
f 2396/131/1897 2401/131/1897 2404/131/1897 
f 2404/131/1897 2405/131/1897 2396/131/1897 
f 2396/131/1896 2405/131/1896 2403/131/1896 
f 2403/131/1977 2397/131/1977 2396/131/1977 
f 2406/131/1412 2407/131/1412 2408/131/1412 
f 2408/131/1412 2409/131/1412 2406/131/1412 
f 2410/131/1411 2411/131/1411 2407/131/1411 
f 2407/131/1411 2406/131/1411 2410/131/1411 
f 2407/131/1414 2412/131/1414 2413/131/1414 
f 2413/131/1414 2408/131/1414 2407/131/1414 
f 2414/131/1413 2412/131/1413 2407/131/1413 
f 2407/131/1413 2411/131/1413 2414/131/1413 
f 2379/131/1420 890/131/1420 912/131/1420 
f 912/131/1420 2409/131/1420 2379/131/1420 
f 2409/131/1419 912/131/1419 911/131/1419 
f 911/131/1419 2406/131/1419 2409/131/1419 
f 2410/131/1417 2406/131/1417 911/131/1417 
f 911/131/1417 909/131/1417 2410/131/1417 
f 909/131/1415 910/131/1415 1674/131/1415 
f 1674/131/1415 2410/131/1415 909/131/1415 
f 1679/131/1978 2411/131/1978 2410/131/1978 
f 2410/131/1978 1674/131/1978 1679/131/1978 
f 2414/131/1429 2411/131/1429 1679/131/1429 
f 1679/131/1428 1678/131/1428 2414/131/1428 
f 2414/131/1427 1678/131/1427 1527/131/1427 
f 1527/131/1979 1526/131/1979 2414/131/1979 
f 2414/131/1426 1526/131/1426 1525/131/1426 
f 1525/131/1980 2412/131/1980 2414/131/1980 
f 1525/131/1425 1524/131/1425 2413/131/1425 
f 2413/131/1425 2412/131/1425 1525/131/1425 
f 1524/131/1423 1507/131/1423 2381/131/1423 
f 2381/131/1423 2413/131/1423 1524/131/1423 
f 2408/131/1422 2413/131/1422 2381/131/1422 
f 2381/131/1422 2380/131/1422 2408/131/1422 
f 2409/131/1421 2408/131/1421 2380/131/1421 
f 2380/131/1421 2379/131/1421 2409/131/1421 
f 2415/131/1775 2416/131/1775 2417/131/1775 
f 2417/131/1775 2418/131/1775 2415/131/1775 
f 2419/131/1774 2420/131/1774 2416/131/1774 
f 2416/131/1774 2415/131/1774 2419/131/1774 
f 2416/131/1777 2421/131/1777 2422/131/1777 
f 2422/131/1981 2417/131/1981 2416/131/1981 
f 2420/131/1982 2423/131/1982 2421/131/1982 
f 2421/131/1776 2416/131/1776 2420/131/1776 
f 2418/131/1781 1690/131/1781 1025/131/1781 
f 1025/131/1781 1024/131/1781 2418/131/1781 
f 1034/131/1780 2415/131/1780 2418/131/1780 
f 2418/131/1780 1024/131/1780 1034/131/1780 
f 1034/131/1983 1033/131/1983 2419/131/1983 
f 2419/131/1779 2415/131/1779 1034/131/1779 
f 1033/131/1984 1005/131/1984 2391/131/1984 
f 2391/131/1985 2419/131/1985 1033/131/1985 
f 2419/131/1986 2391/131/1986 2393/131/1986 
f 2393/131/1792 2420/131/1792 2419/131/1792 
f 2392/131/1790 2423/131/1790 2420/131/1790 
f 2420/131/1790 2393/131/1790 2392/131/1790 
f 1643/131/1789 2423/131/1789 2392/131/1789 
f 2392/131/1789 1620/131/1789 1643/131/1789 
f 2423/131/1788 1643/131/1788 1642/131/1788 
f 1642/131/1788 2421/131/1788 2423/131/1788 
f 2421/131/1987 1642/131/1987 1641/131/1987 
f 1641/131/1988 2422/131/1988 2421/131/1988 
f 1641/131/1785 1640/131/1785 1692/131/1785 
f 1692/131/1989 2422/131/1989 1641/131/1989 
f 2422/131/1784 1692/131/1784 1691/131/1784 
f 1691/131/1990 2417/131/1990 2422/131/1990 
f 2418/131/1783 2417/131/1783 1691/131/1783 
f 1691/131/1783 1690/131/1783 2418/131/1783 
f 2424/131/1912 2425/131/1912 2426/131/1912 
f 2426/131/1912 2427/131/1912 2424/131/1912 
f 2428/131/1911 2429/131/1911 2425/131/1911 
f 2425/131/1911 2424/131/1911 2428/131/1911 
f 2425/131/1914 2430/131/1914 2431/131/1914 
f 2431/131/1914 2426/131/1914 2425/131/1914 
f 2425/131/1991 2429/131/1991 2432/131/1991 
f 2432/131/1913 2430/131/1913 2425/131/1913 
f 2427/131/1918 1705/131/1918 505/131/1918 
f 505/131/1918 504/131/1918 2427/131/1918 
f 2427/131/1917 504/131/1917 514/131/1917 
f 514/131/1917 2424/131/1917 2427/131/1917 
f 2428/131/1916 2424/131/1916 514/131/1916 
f 514/131/1916 513/131/1916 2428/131/1916 
f 513/131/1915 485/131/1915 2403/131/1915 
f 2403/131/1915 2428/131/1915 513/131/1915 
f 2405/131/1926 2429/131/1926 2428/131/1926 
f 2428/131/1926 2403/131/1926 2405/131/1926 
f 2404/131/1925 2432/131/1925 2429/131/1925 
f 2429/131/1992 2405/131/1992 2404/131/1992 
f 1123/131/1924 2432/131/1924 2404/131/1924 
f 2404/131/1924 1100/131/1924 1123/131/1924 
f 2432/131/1993 1123/131/1993 1122/131/1993 
f 1122/131/1994 2430/131/1994 2432/131/1994 
f 1122/131/1922 1121/131/1922 2431/131/1922 
f 2431/131/1922 2430/131/1922 1122/131/1922 
f 1121/131/1921 1120/131/1921 1707/131/1921 
f 1707/131/1921 2431/131/1921 1121/131/1921 
f 1707/131/1920 1706/131/1920 2426/131/1920 
f 2426/131/1920 2431/131/1920 1707/131/1920 
f 2427/131/1919 2426/131/1919 1706/131/1919 
f 1706/131/1919 1705/131/1919 2427/131/1919 
f 2433/131/1995 2434/131/1995 2435/131/1995 
f 2435/131/1995 2436/131/1995 2437/131/1995 
f 2433/131/1995 2435/131/1995 2437/131/1995 
f 2437/131/1996 2438/131/1996 2439/131/1996 
f 2439/131/1995 2440/131/1995 2441/131/1995 
f 2437/131/1997 2439/131/1997 2441/131/1997 
f 2433/131/1998 2437/131/1998 2441/131/1998 
f 2441/131/1995 2442/131/1995 2443/131/1995 
f 2443/131/1999 2444/131/1999 2445/131/1999 
f 2441/131/1997 2443/131/1997 2445/131/1997 
f 2445/131/1995 2446/131/1995 2447/131/1995 
f 2447/131/1995 2448/131/1995 2449/131/1995 
f 2445/131/1995 2447/131/1995 2449/131/1995 
f 2441/131/2000 2445/131/2000 2449/131/2000 
f 2449/131/1995 2450/131/1995 2451/131/1995 
f 2451/131/1995 2452/131/1995 2453/131/1995 
f 2449/131/1995 2451/131/1995 2453/131/1995 
f 2453/131/1996 2454/131/1996 2455/131/1996 
f 2455/131/1995 2456/131/1995 2457/131/1995 
f 2453/131/1997 2455/131/1997 2457/131/1997 
f 2449/131/2001 2453/131/2001 2457/131/2001 
f 2441/131/2002 2449/131/2002 2457/131/2002 
f 2433/131/2003 2441/131/2003 2457/131/2003 
f 2458/131/1995 2459/131/1995 2460/131/1995 
f 2457/131/1995 2458/131/1995 2460/131/1995 
f 2457/131/2004 2460/131/2004 2461/131/2004 
f 2433/131/2005 2457/131/2005 2461/131/2005 
f 2462/131/1995 2433/131/1995 2461/131/1995 
f 2462/131/1995 2461/131/1995 2463/131/1995 
f 2462/131/1995 2463/131/1995 2464/131/1995 
f 2465/131/2006 2466/131/2006 2467/131/2006 
f 2467/131/2007 2468/131/2007 2465/131/2007 
f 2451/131/2008 2469/131/2008 2470/131/2008 
f 2470/131/2009 2452/131/2009 2451/131/2009 
f 2471/131/2010 2433/131/2010 2462/131/2010 
f 2462/131/2011 2472/131/2011 2471/131/2011 
f 2437/131/2012 2473/131/2012 2474/131/2012 
f 2474/131/2013 2438/131/2013 2437/131/2013 
f 2450/131/2014 2475/131/2014 2469/131/2014 
f 2469/131/2015 2451/131/2015 2450/131/2015 
f 2472/131/2016 2462/131/2016 2464/131/2016 
f 2464/131/2017 2476/131/2017 2472/131/2017 
f 2436/131/2018 2477/131/2018 2473/131/2018 
f 2473/131/2019 2437/131/2019 2436/131/2019 
f 2449/131/2020 2478/131/2020 2475/131/2020 
f 2475/131/2021 2450/131/2021 2449/131/2021 
f 2476/131/2022 2464/131/2022 2463/131/2022 
f 2463/131/2023 2479/131/2023 2476/131/2023 
f 2435/131/2024 2480/131/2024 2477/131/2024 
f 2477/131/2025 2436/131/2025 2435/131/2025 
f 2448/131/2026 2481/131/2026 2478/131/2026 
f 2478/131/2027 2449/131/2027 2448/131/2027 
f 2463/131/2028 2461/131/2028 2482/131/2028 
f 2482/131/2028 2479/131/2028 2463/131/2028 
f 2434/131/2029 2483/131/2029 2480/131/2029 
f 2480/131/2030 2435/131/2030 2434/131/2030 
f 2447/131/2031 2484/131/2031 2481/131/2031 
f 2481/131/2032 2448/131/2032 2447/131/2032 
f 2460/131/2033 2485/131/2033 2482/131/2033 
f 2482/131/2033 2461/131/2033 2460/131/2033 
f 2434/131/2034 2433/131/2034 2471/131/2034 
f 2471/131/2034 2483/131/2034 2434/131/2034 
f 2446/131/2035 2486/131/2035 2484/131/2035 
f 2484/131/2035 2447/131/2035 2446/131/2035 
f 2487/131/2036 2485/131/2036 2460/131/2036 
f 2460/131/2037 2459/131/2037 2487/131/2037 
f 2445/131/2038 2488/131/2038 2486/131/2038 
f 2486/131/2038 2446/131/2038 2445/131/2038 
f 2458/131/2039 2489/131/2039 2487/131/2039 
f 2487/131/2040 2459/131/2040 2458/131/2040 
f 2444/131/2041 2490/131/2041 2488/131/2041 
f 2488/131/2042 2445/131/2042 2444/131/2042 
f 2468/131/2043 2489/131/2043 2458/131/2043 
f 2458/131/2043 2457/131/2043 2468/131/2043 
f 2443/131/2044 2491/131/2044 2490/131/2044 
f 2490/131/2044 2444/131/2044 2443/131/2044 
f 2468/131/2045 2457/131/2045 2456/131/2045 
f 2456/131/2046 2465/131/2046 2468/131/2046 
f 2442/131/2047 2492/131/2047 2491/131/2047 
f 2491/131/2048 2443/131/2048 2442/131/2048 
f 2456/131/2049 2455/131/2049 2493/131/2049 
f 2493/131/2050 2465/131/2050 2456/131/2050 
f 2441/131/2051 2494/131/2051 2492/131/2051 
f 2492/131/2052 2442/131/2052 2441/131/2052 
f 2454/131/2053 2495/131/2053 2493/131/2053 
f 2493/131/2054 2455/131/2054 2454/131/2054 
f 2440/131/2055 2496/131/2055 2494/131/2055 
f 2494/131/2056 2441/131/2056 2440/131/2056 
f 2453/131/2057 2497/131/2057 2495/131/2057 
f 2495/131/2057 2454/131/2057 2453/131/2057 
f 2439/131/2058 2498/131/2058 2496/131/2058 
f 2496/131/2059 2440/131/2059 2439/131/2059 
f 2452/131/2060 2470/131/2060 2497/131/2060 
f 2497/131/2060 2453/131/2060 2452/131/2060 
f 2438/131/2061 2474/131/2061 2498/131/2061 
f 2498/131/2062 2439/131/2062 2438/131/2062 
f 2499/131/2063 2500/131/2063 2501/131/2063 
f 2501/131/2064 2502/131/2064 2499/131/2064 
f 2492/131/2065 2503/131/2065 2504/131/2065 
f 2504/131/2066 2491/131/2067 2492/131/2067 
f 2493/131/2068 2505/131/2068 2466/131/2068 
f 2466/131/2068 2465/131/2068 2493/131/2068 
f 2494/131/2069 2506/131/2069 2503/131/2069 
f 2503/131/2070 2492/131/2070 2494/131/2070 
f 2495/131/2071 2502/131/2071 2505/131/2071 
f 2505/131/2071 2493/131/2071 2495/131/2071 
f 2496/131/2072 2507/131/2072 2506/131/2072 
f 2506/131/2073 2494/131/2073 2496/131/2073 
f 2497/131/2074 2499/131/2074 2502/131/2074 
f 2502/131/2075 2495/131/2075 2497/131/2075 
f 2498/131/2076 2508/131/2076 2507/131/2076 
f 2507/131/2077 2496/131/2077 2498/131/2077 
f 2470/131/2078 2509/131/2078 2499/131/2078 
f 2499/131/2079 2497/131/2079 2470/131/2079 
f 2474/131/2080 2510/131/2080 2508/131/2080 
f 2508/131/2081 2498/131/2081 2474/131/2081 
f 2469/131/2082 2511/131/2082 2509/131/2082 
f 2509/131/2082 2470/131/2082 2469/131/2082 
f 2472/131/2083 2512/131/2083 2513/131/2083 
f 2513/131/2084 2471/131/2084 2472/131/2084 
f 2473/131/2085 2514/131/2085 2510/131/2085 
f 2510/131/2086 2474/131/2086 2473/131/2086 
f 2475/131/2087 2515/131/2087 2511/131/2087 
f 2511/131/2088 2469/131/2088 2475/131/2088 
f 2476/131/2089 2516/131/2089 2512/131/2089 
f 2512/131/2090 2472/131/2090 2476/131/2090 
f 2477/131/2091 2517/131/2091 2514/131/2091 
f 2514/131/2092 2473/131/2092 2477/131/2092 
f 2478/131/2093 2518/131/2093 2515/131/2093 
f 2515/131/2093 2475/131/2093 2478/131/2093 
f 2479/131/2094 2519/131/2094 2516/131/2094 
f 2516/131/2095 2476/131/2095 2479/131/2095 
f 2480/131/2096 2520/131/2096 2517/131/2096 
f 2517/131/2096 2477/131/2096 2480/131/2096 
f 2481/131/2097 2521/131/2097 2518/131/2097 
f 2518/131/2098 2478/131/2098 2481/131/2098 
f 2482/131/2099 2522/131/2099 2519/131/2099 
f 2519/131/2100 2479/131/2100 2482/131/2100 
f 2483/131/2101 2523/131/2101 2520/131/2101 
f 2520/131/2102 2480/131/2102 2483/131/2102 
f 2484/131/2103 2524/131/2103 2521/131/2103 
f 2521/131/2103 2481/131/2103 2484/131/2103 
f 2485/131/2104 2525/131/2104 2522/131/2104 
f 2522/131/2105 2482/131/2105 2485/131/2105 
f 2483/131/2106 2471/131/2106 2513/131/2106 
f 2513/131/2107 2523/131/2107 2483/131/2107 
f 2486/131/2108 2526/131/2108 2524/131/2108 
f 2524/131/2109 2484/131/2109 2486/131/2109 
f 2487/131/2110 2527/131/2110 2525/131/2110 
f 2525/131/2111 2485/131/2111 2487/131/2111 
f 2488/131/2112 2528/131/2112 2526/131/2112 
f 2526/131/2113 2486/131/2113 2488/131/2113 
f 2489/131/2114 2529/131/2114 2527/131/2114 
f 2527/131/2115 2487/131/2115 2489/131/2115 
f 2490/131/2116 2530/131/2116 2528/131/2116 
f 2528/131/2116 2488/131/2116 2490/131/2116 
f 2468/131/2117 2467/131/2117 2529/131/2117 
f 2529/131/2117 2489/131/2117 2468/131/2117 
f 2491/131/2118 2504/131/2118 2530/131/2118 
f 2530/131/2118 2490/131/2118 2491/131/2118 
f 2531/131/2119 2532/131/2119 2533/131/2119 
f 2533/131/2120 2534/131/2120 2531/131/2120 
f 2508/131/2121 2535/131/2121 2536/131/2121 
f 2536/131/2121 2507/131/2121 2508/131/2121 
f 2509/131/2122 2537/131/2122 2500/131/2122 
f 2500/131/2122 2499/131/2122 2509/131/2122 
f 2510/131/2123 2538/131/2124 2535/131/2124 
f 2535/131/2124 2508/131/2124 2510/131/2124 
f 2511/131/2125 2531/131/2125 2537/131/2125 
f 2537/131/2126 2509/131/2126 2511/131/2126 
f 2512/131/2127 2539/131/2127 2540/131/2127 
f 2540/131/2128 2513/131/2128 2512/131/2128 
f 2514/131/2129 2541/131/2129 2538/131/2129 
f 2538/131/2130 2510/131/2130 2514/131/2130 
f 2515/131/2131 2532/131/2131 2531/131/2131 
f 2531/131/2131 2511/131/2131 2515/131/2131 
f 2516/131/2132 2542/131/2132 2539/131/2132 
f 2539/131/2132 2512/131/2132 2516/131/2132 
f 2517/131/2133 2543/131/2133 2541/131/2133 
f 2541/131/2134 2514/131/2134 2517/131/2134 
f 2518/131/2135 2544/131/2135 2532/131/2135 
f 2532/131/2136 2515/131/2136 2518/131/2136 
f 2519/131/2137 2545/131/2137 2542/131/2137 
f 2542/131/2138 2516/131/2138 2519/131/2138 
f 2520/131/2139 2546/131/2139 2543/131/2139 
f 2543/131/2140 2517/131/2140 2520/131/2140 
f 2521/131/2141 2547/131/2141 2544/131/2141 
f 2544/131/2142 2518/131/2142 2521/131/2142 
f 2522/131/2143 2548/131/2143 2545/131/2143 
f 2545/131/2144 2519/131/2144 2522/131/2144 
f 2523/131/2145 2549/131/2145 2546/131/2145 
f 2546/131/2145 2520/131/2145 2523/131/2145 
f 2524/131/2146 2550/131/2146 2547/131/2146 
f 2547/131/2147 2521/131/2147 2524/131/2147 
f 2525/131/2148 2551/131/2148 2548/131/2148 
f 2548/131/2148 2522/131/2148 2525/131/2148 
f 2523/131/2149 2513/131/2149 2540/131/2149 
f 2540/131/2150 2549/131/2150 2523/131/2150 
f 2526/131/2151 2552/131/2151 2550/131/2151 
f 2550/131/2151 2524/131/2151 2526/131/2151 
f 2527/131/2152 2553/131/2152 2551/131/2152 
f 2551/131/2152 2525/131/2152 2527/131/2152 
f 2528/131/2153 2554/131/2153 2552/131/2153 
f 2552/131/2154 2526/131/2154 2528/131/2154 
f 2529/131/2155 2555/131/2155 2553/131/2155 
f 2553/131/2155 2527/131/2155 2529/131/2155 
f 2530/131/2156 2556/131/2156 2554/131/2156 
f 2554/131/2157 2528/131/2157 2530/131/2157 
f 2467/131/2158 2557/131/2158 2555/131/2158 
f 2555/131/2158 2529/131/2158 2467/131/2158 
f 2504/131/2159 2558/131/2159 2556/131/2159 
f 2556/131/2160 2530/131/2160 2504/131/2160 
f 2466/131/2161 2559/131/2161 2557/131/2161 
f 2557/131/2162 2467/131/2162 2466/131/2162 
f 2503/131/2163 2560/131/2163 2558/131/2163 
f 2558/131/2163 2504/131/2163 2503/131/2163 
f 2505/131/2164 2561/131/2164 2559/131/2164 
f 2559/131/2165 2466/131/2165 2505/131/2165 
f 2506/131/2166 2562/131/2166 2560/131/2166 
f 2560/131/2166 2503/131/2166 2506/131/2166 
f 2502/131/2167 2501/131/2167 2561/131/2167 
f 2561/131/2167 2505/131/2167 2502/131/2167 
f 2507/131/2168 2536/131/2168 2562/131/2168 
f 2562/131/2168 2506/131/2168 2507/131/2168 
f 2563/131/2169 2564/131/2169 2565/131/2169 
f 2565/131/2170 2566/131/2170 2563/131/2170 
f 2542/131/2171 2567/131/2171 2568/131/2171 
f 2568/131/2172 2539/131/2172 2542/131/2172 
f 2569/131/2173 2570/131/2173 2541/131/2173 
f 2541/131/2174 2543/131/2174 2569/131/2174 
f 2532/131/2175 2544/131/2175 2571/131/2175 
f 2571/131/2176 2533/131/2176 2532/131/2176 
f 2545/131/2022 2572/131/2022 2567/131/2022 
f 2567/131/2177 2542/131/2177 2545/131/2177 
f 2543/131/2178 2546/131/2178 2573/131/2178 
f 2573/131/2179 2569/131/2179 2543/131/2179 
f 2544/131/2180 2547/131/2180 2566/131/2180 
f 2566/131/2181 2571/131/2181 2544/131/2181 
f 2548/131/2182 2574/131/2182 2572/131/2182 
f 2572/131/2183 2545/131/2183 2548/131/2183 
f 2546/131/2030 2549/131/2030 2575/131/2030 
f 2575/131/2030 2573/131/2030 2546/131/2030 
f 2547/131/2184 2550/131/2184 2563/131/2184 
f 2563/131/2185 2566/131/2185 2547/131/2185 
f 2551/131/2186 2576/131/2186 2574/131/2186 
f 2574/131/2187 2548/131/2187 2551/131/2187 
f 2575/131/2188 2549/131/2188 2540/131/2188 
f 2540/131/2189 2577/131/2189 2575/131/2189 
f 2550/131/2035 2552/131/2035 2578/131/2035 
f 2578/131/2190 2563/131/2190 2550/131/2190 
f 2553/131/2037 2579/131/2037 2576/131/2037 
f 2576/131/2191 2551/131/2191 2553/131/2191 
f 2580/131/2038 2578/131/2038 2552/131/2038 
f 2552/131/2192 2554/131/2192 2580/131/2192 
f 2555/131/2193 2581/131/2193 2579/131/2193 
f 2579/131/2194 2553/131/2194 2555/131/2194 
f 2554/131/2195 2556/131/2195 2582/131/2195 
f 2582/131/2042 2580/131/2042 2554/131/2042 
f 2555/131/2196 2557/131/2196 2583/131/2196 
f 2583/131/2196 2581/131/2196 2555/131/2196 
f 2556/131/2197 2558/131/2197 2584/131/2197 
f 2584/131/2198 2582/131/2198 2556/131/2198 
f 2557/131/2046 2559/131/2046 2585/131/2046 
f 2585/131/2046 2583/131/2046 2557/131/2046 
f 2586/131/2199 2584/131/2199 2558/131/2199 
f 2558/131/2200 2560/131/2200 2586/131/2200 
f 2585/131/2201 2559/131/2201 2561/131/2201 
f 2561/131/2049 2587/131/2049 2585/131/2049 
f 2560/131/2051 2562/131/2051 2588/131/2051 
f 2588/131/2051 2586/131/2051 2560/131/2051 
f 2561/131/2202 2501/131/2202 2589/131/2202 
f 2589/131/2203 2587/131/2203 2561/131/2203 
f 2562/131/2204 2536/131/2204 2590/131/2204 
f 2590/131/2205 2588/131/2205 2562/131/2205 
f 2589/131/2206 2501/131/2206 2500/131/2206 
f 2500/131/2207 2591/131/2207 2589/131/2207 
f 2592/131/2208 2590/131/2208 2536/131/2208 
f 2536/131/2209 2535/131/2209 2592/131/2209 
f 2591/131/2210 2500/131/2210 2537/131/2210 
f 2537/131/2210 2593/131/2210 2591/131/2210 
f 2535/131/2062 2538/131/2062 2594/131/2062 
f 2594/131/2061 2592/131/2061 2535/131/2061 
f 2534/131/2211 2593/131/2211 2537/131/2211 
f 2537/131/2212 2531/131/2212 2534/131/2212 
f 2539/131/2213 2568/131/2213 2577/131/2213 
f 2577/131/2214 2540/131/2214 2539/131/2214 
f 2538/131/2215 2541/131/2215 2570/131/2215 
f 2570/131/2216 2594/131/2216 2538/131/2216 
f 2595/131/2217 2596/131/2217 2597/131/2217 
f 2597/131/2218 2598/131/2218 2595/131/2218 
f 2576/131/2219 2599/131/2219 2600/131/2219 
f 2600/131/2220 2574/131/2220 2576/131/2220 
f 2601/131/2221 2575/131/2221 2577/131/2221 
f 2577/131/2222 2602/131/2222 2601/131/2222 
f 2564/131/2223 2563/131/2223 2578/131/2223 
f 2578/131/2224 2603/131/2224 2564/131/2224 
f 2604/131/2225 2599/131/2225 2576/131/2225 
f 2576/131/2226 2579/131/2226 2604/131/2226 
f 2580/131/2227 2598/131/2227 2603/131/2227 
f 2603/131/2228 2578/131/2228 2580/131/2228 
f 2581/131/2229 2605/131/2229 2604/131/2229 
f 2604/131/2230 2579/131/2230 2581/131/2230 
f 2582/131/2231 2595/131/2231 2598/131/2231 
f 2598/131/2232 2580/131/2232 2582/131/2232 
f 2583/131/2233 2606/131/2233 2605/131/2233 
f 2605/131/2234 2581/131/2234 2583/131/2234 
f 2607/131/2235 2595/131/2235 2582/131/2235 
f 2582/131/2236 2584/131/2236 2607/131/2236 
f 2585/131/2237 2608/131/2237 2606/131/2237 
f 2606/131/2238 2583/131/2238 2585/131/2238 
f 2586/131/2239 2609/131/2239 2607/131/2239 
f 2607/131/2240 2584/131/2240 2586/131/2240 
f 2610/131/2241 2608/131/2241 2585/131/2241 
f 2585/131/2241 2587/131/2241 2610/131/2241 
f 2588/131/2242 2611/131/2242 2609/131/2242 
f 2609/131/2243 2586/131/2243 2588/131/2243 
f 2589/131/2244 2612/131/2244 2610/131/2244 
f 2610/131/2245 2587/131/2245 2589/131/2245 
f 2613/131/2246 2611/131/2246 2588/131/2246 
f 2588/131/2247 2590/131/2247 2613/131/2247 
f 2591/131/2248 2614/131/2248 2612/131/2248 
f 2612/131/2248 2589/131/2248 2591/131/2248 
f 2592/131/2249 2615/131/2249 2613/131/2249 
f 2613/131/2250 2590/131/2250 2592/131/2250 
f 2616/131/2251 2614/131/2251 2591/131/2251 
f 2591/131/2251 2593/131/2251 2616/131/2251 
f 2594/131/2252 2617/131/2252 2615/131/2252 
f 2615/131/2253 2592/131/2253 2594/131/2253 
f 2534/131/2254 2618/131/2254 2616/131/2254 
f 2616/131/2255 2593/131/2255 2534/131/2255 
f 2568/131/2256 2619/131/2256 2602/131/2256 
f 2602/131/2256 2577/131/2256 2568/131/2256 
f 2617/131/2257 2594/131/2257 2570/131/2257 
f 2570/131/2258 2620/131/2258 2617/131/2258 
f 2533/131/2259 2621/131/2259 2618/131/2259 
f 2618/131/2260 2534/131/2260 2533/131/2260 
f 2567/131/2261 2622/131/2261 2619/131/2261 
f 2619/131/2262 2568/131/2262 2567/131/2262 
f 2569/131/2263 2623/131/2263 2620/131/2263 
f 2620/131/2264 2570/131/2264 2569/131/2264 
f 2624/131/2265 2621/131/2265 2533/131/2265 
f 2533/131/2265 2571/131/2265 2624/131/2265 
f 2625/131/2266 2622/131/2266 2567/131/2266 
f 2567/131/2266 2572/131/2266 2625/131/2266 
f 2573/131/2267 2626/131/2267 2623/131/2267 
f 2623/131/2268 2569/131/2268 2573/131/2268 
f 2566/131/2269 2565/131/2269 2624/131/2269 
f 2624/131/2270 2571/131/2270 2566/131/2270 
f 2574/131/2271 2600/131/2271 2625/131/2271 
f 2625/131/2272 2572/131/2272 2574/131/2272 
f 2601/131/2273 2626/131/2273 2573/131/2273 
f 2573/131/2273 2575/131/2273 2601/131/2273 
f 2627/131/2274 2628/131/2274 2629/131/2274 
f 2629/131/2051 2630/131/2051 2627/131/2051 
f 2631/131/2275 2605/131/2275 2606/131/2275 
f 2606/131/2276 2632/131/2276 2631/131/2276 
f 2607/131/2277 2633/131/2277 2596/131/2277 
f 2596/131/2278 2595/131/2278 2607/131/2278 
f 2608/131/2279 2634/131/2279 2632/131/2279 
f 2632/131/2280 2606/131/2280 2608/131/2280 
f 2633/131/2281 2607/131/2281 2609/131/2281 
f 2609/131/2282 2629/131/2282 2633/131/2282 
f 2610/131/2283 2635/131/2283 2634/131/2283 
f 2634/131/2283 2608/131/2283 2610/131/2283 
f 2611/131/2284 2630/131/2284 2629/131/2284 
f 2629/131/2284 2609/131/2284 2611/131/2284 
f 2636/131/2285 2635/131/2285 2610/131/2285 
f 2610/131/2286 2612/131/2286 2636/131/2286 
f 2613/131/2287 2637/131/2287 2630/131/2287 
f 2630/131/2288 2611/131/2288 2613/131/2288 
f 2614/131/2289 2638/131/2289 2636/131/2289 
f 2636/131/2290 2612/131/2290 2614/131/2290 
f 2637/131/2291 2613/131/2291 2615/131/2291 
f 2615/131/2291 2639/131/2291 2637/131/2291 
f 2616/131/2292 2640/131/2292 2638/131/2292 
f 2638/131/2293 2614/131/2293 2616/131/2293 
f 2617/131/2294 2641/131/2294 2639/131/2294 
f 2639/131/2295 2615/131/2295 2617/131/2295 
f 2642/131/2296 2640/131/2296 2616/131/2296 
f 2616/131/2296 2618/131/2296 2642/131/2296 
f 2602/131/2297 2619/131/2297 2643/131/2297 
f 2643/131/2298 2644/131/2298 2602/131/2298 
f 2620/131/2299 2645/131/2299 2641/131/2299 
f 2641/131/2300 2617/131/2300 2620/131/2300 
f 2621/131/2301 2646/131/2301 2642/131/2301 
f 2642/131/2302 2618/131/2302 2621/131/2302 
f 2622/131/2303 2647/131/2303 2643/131/2303 
f 2643/131/2304 2619/131/2304 2622/131/2304 
f 2648/131/2305 2645/131/2305 2620/131/2305 
f 2620/131/2306 2623/131/2306 2648/131/2306 
f 2624/131/2307 2649/131/2307 2646/131/2307 
f 2646/131/2308 2621/131/2308 2624/131/2308 
f 2625/131/2309 2650/131/2309 2647/131/2309 
f 2647/131/2309 2622/131/2309 2625/131/2309 
f 2626/131/2310 2651/131/2310 2648/131/2310 
f 2648/131/2311 2623/131/2311 2626/131/2311 
f 2649/131/2312 2624/131/2312 2565/131/2312 
f 2565/131/2313 2652/131/2313 2649/131/2313 
f 2600/131/2314 2653/131/2314 2650/131/2314 
f 2650/131/2315 2625/131/2315 2600/131/2315 
f 2601/131/2316 2654/131/2316 2651/131/2316 
f 2651/131/2317 2626/131/2317 2601/131/2317 
f 2564/131/2318 2655/131/2318 2652/131/2318 
f 2652/131/2319 2565/131/2319 2564/131/2319 
f 2653/131/2320 2600/131/2320 2599/131/2320 
f 2599/131/2320 2656/131/2320 2653/131/2320 
f 2644/131/2321 2654/131/2321 2601/131/2321 
f 2601/131/2322 2602/131/2322 2644/131/2322 
f 2603/131/2323 2657/131/2323 2655/131/2323 
f 2655/131/2323 2564/131/2323 2603/131/2323 
f 2604/131/2324 2658/131/2324 2656/131/2324 
f 2656/131/2325 2599/131/2325 2604/131/2325 
f 2657/131/2326 2603/131/2326 2598/131/2326 
f 2598/131/2327 2597/131/2327 2657/131/2327 
f 2605/131/2328 2631/131/2328 2658/131/2328 
f 2658/131/2328 2604/131/2328 2605/131/2328 
f 2659/131/2329 2660/131/2329 2661/131/2329 
f 2661/131/2329 2662/131/2329 2659/131/2329 
f 2636/131/2054 2663/131/2054 2664/131/2054 
f 2664/131/2330 2635/131/2330 2636/131/2330 
f 2637/131/2331 2665/131/2331 2627/131/2331 
f 2627/131/2332 2630/131/2332 2637/131/2332 
f 2666/131/2207 2663/131/2207 2636/131/2207 
f 2636/131/2333 2638/131/2333 2666/131/2333 
f 2639/131/2334 2662/131/2334 2665/131/2334 
f 2665/131/2335 2637/131/2335 2639/131/2335 
f 2640/131/2060 2667/131/2060 2666/131/2060 
f 2666/131/2060 2638/131/2060 2640/131/2060 
f 2659/131/2336 2662/131/2336 2639/131/2336 
f 2639/131/2337 2641/131/2337 2659/131/2337 
f 2642/131/2338 2668/131/2338 2667/131/2338 
f 2667/131/2339 2640/131/2339 2642/131/2339 
f 2644/131/2340 2643/131/2340 2669/131/2340 
f 2669/131/2341 2670/131/2341 2644/131/2341 
f 2645/131/2342 2671/131/2342 2659/131/2342 
f 2659/131/2343 2641/131/2343 2645/131/2343 
f 2672/131/2014 2668/131/2014 2642/131/2014 
f 2642/131/2344 2646/131/2344 2672/131/2344 
f 2669/131/2345 2643/131/2345 2647/131/2345 
f 2647/131/2345 2673/131/2345 2669/131/2345 
f 2648/131/2173 2674/131/2173 2671/131/2173 
f 2671/131/2346 2645/131/2346 2648/131/2346 
f 2649/131/2347 2675/131/2347 2672/131/2347 
f 2672/131/2348 2646/131/2348 2649/131/2348 
f 2673/131/2349 2647/131/2349 2650/131/2349 
f 2650/131/2022 2676/131/2022 2673/131/2022 
f 2677/131/2024 2674/131/2024 2648/131/2024 
f 2648/131/2350 2651/131/2350 2677/131/2350 
f 2652/131/2026 2678/131/2026 2675/131/2026 
f 2675/131/2027 2649/131/2027 2652/131/2027 
f 2653/131/2182 2679/131/2182 2676/131/2182 
f 2676/131/2182 2650/131/2182 2653/131/2182 
f 2654/131/2030 2680/131/2030 2677/131/2030 
f 2677/131/2351 2651/131/2351 2654/131/2351 
f 2681/131/2185 2678/131/2185 2652/131/2185 
f 2652/131/2352 2655/131/2352 2681/131/2352 
f 2656/131/2033 2682/131/2033 2679/131/2033 
f 2679/131/2033 2653/131/2033 2656/131/2033 
f 2670/131/2353 2680/131/2353 2654/131/2353 
f 2654/131/2034 2644/131/2034 2670/131/2034 
f 2657/131/2035 2683/131/2035 2681/131/2035 
f 2681/131/2035 2655/131/2035 2657/131/2035 
f 2682/131/2037 2656/131/2037 2658/131/2037 
f 2658/131/2037 2684/131/2037 2682/131/2037 
f 2597/131/2354 2685/131/2354 2683/131/2354 
f 2683/131/2354 2657/131/2354 2597/131/2354 
f 2631/131/2039 2686/131/2039 2684/131/2039 
f 2684/131/2355 2658/131/2355 2631/131/2355 
f 2687/131/2356 2685/131/2356 2597/131/2356 
f 2597/131/2041 2596/131/2041 2687/131/2041 
f 2632/131/2043 2688/131/2043 2686/131/2043 
f 2686/131/2357 2631/131/2357 2632/131/2357 
f 2633/131/2197 2689/131/2197 2687/131/2197 
f 2687/131/2358 2596/131/2358 2633/131/2358 
f 2690/131/2046 2688/131/2046 2632/131/2046 
f 2632/131/2359 2634/131/2359 2690/131/2359 
f 2629/131/2048 2628/131/2048 2689/131/2048 
f 2689/131/2048 2633/131/2048 2629/131/2048 
f 2635/131/2360 2664/131/2360 2690/131/2360 
f 2690/131/2049 2634/131/2049 2635/131/2049 
f 2691/131/2361 2692/131/2361 2693/131/2361 
f 2693/131/2361 2694/131/2361 2691/131/2361 
f 2668/131/2362 2695/131/2362 2696/131/2362 
f 2696/131/2362 2667/131/2362 2668/131/2362 
f 2697/131/2363 2698/131/2363 2670/131/2363 
f 2670/131/2363 2669/131/2363 2697/131/2363 
f 2699/131/2364 2660/131/2364 2659/131/2364 
f 2659/131/2364 2671/131/2364 2699/131/2364 
f 2672/131/2365 2700/131/2365 2695/131/2365 
f 2695/131/2365 2668/131/2365 2672/131/2365 
f 2673/131/2366 2701/131/2366 2697/131/2366 
f 2697/131/2366 2669/131/2366 2673/131/2366 
f 2674/131/2367 2702/131/2367 2699/131/2367 
f 2699/131/2367 2671/131/2367 2674/131/2367 
f 2703/131/2368 2700/131/2368 2672/131/2368 
f 2672/131/2368 2675/131/2368 2703/131/2368 
f 2676/131/2369 2704/131/2369 2701/131/2369 
f 2701/131/2369 2673/131/2369 2676/131/2369 
f 2677/131/2370 2705/131/2370 2702/131/2370 
f 2702/131/2370 2674/131/2370 2677/131/2370 
f 2678/131/2371 2706/131/2371 2703/131/2371 
f 2703/131/2371 2675/131/2371 2678/131/2371 
f 2707/131/2372 2704/131/2372 2676/131/2372 
f 2676/131/2372 2679/131/2372 2707/131/2372 
f 2705/131/2373 2677/131/2373 2680/131/2373 
f 2680/131/2373 2708/131/2373 2705/131/2373 
f 2681/131/2374 2709/131/2374 2706/131/2374 
f 2706/131/2374 2678/131/2374 2681/131/2374 
f 2682/131/2375 2710/131/2375 2707/131/2375 
f 2707/131/2375 2679/131/2375 2682/131/2375 
f 2698/131/2376 2708/131/2376 2680/131/2376 
f 2680/131/2376 2670/131/2376 2698/131/2376 
f 2709/131/2377 2681/131/2377 2683/131/2377 
f 2683/131/2377 2711/131/2377 2709/131/2377 
f 2684/131/2378 2712/131/2378 2710/131/2378 
f 2710/131/2378 2682/131/2378 2684/131/2378 
f 2685/131/2379 2713/131/2379 2711/131/2379 
f 2711/131/2379 2683/131/2379 2685/131/2379 
f 2714/131/2380 2712/131/2380 2684/131/2380 
f 2684/131/2380 2686/131/2380 2714/131/2380 
f 2687/131/2381 2715/131/2381 2713/131/2381 
f 2713/131/2381 2685/131/2381 2687/131/2381 
f 2688/131/2382 2716/131/2382 2714/131/2382 
f 2714/131/2382 2686/131/2382 2688/131/2382 
f 2693/131/2383 2715/131/2383 2687/131/2383 
f 2687/131/2383 2689/131/2383 2693/131/2383 
f 2690/131/2384 2717/131/2384 2716/131/2384 
f 2716/131/2384 2688/131/2384 2690/131/2384 
f 2628/131/2385 2694/131/2385 2693/131/2385 
f 2693/131/2385 2689/131/2385 2628/131/2385 
f 2717/131/2386 2690/131/2386 2664/131/2386 
f 2664/131/2386 2718/131/2386 2717/131/2386 
f 2627/131/2387 2719/131/2387 2694/131/2387 
f 2694/131/2388 2628/131/2388 2627/131/2388 
f 2663/131/2389 2720/131/2389 2718/131/2389 
f 2718/131/2389 2664/131/2389 2663/131/2389 
f 2719/131/2390 2627/131/2390 2665/131/2390 
f 2665/131/2391 2721/131/2391 2719/131/2391 
f 2666/131/2392 2722/131/2392 2720/131/2392 
f 2720/131/2392 2663/131/2392 2666/131/2392 
f 2662/131/2393 2661/131/2393 2721/131/2393 
f 2721/131/2393 2665/131/2393 2662/131/2393 
f 2696/131/2394 2722/131/2394 2666/131/2394 
f 2666/131/2394 2667/131/2394 2696/131/2394 
f 2723/131/2395 2724/131/2395 2725/131/2395 
f 2725/131/2395 2726/131/2395 2723/131/2395 
f 2718/131/2396 2727/131/2396 2728/131/2396 
f 2728/131/2397 2717/131/2397 2718/131/2397 
f 2719/131/2398 2729/131/2398 2691/131/2398 
f 2691/131/2399 2694/131/2399 2719/131/2399 
f 2730/131/2400 2727/131/2400 2718/131/2400 
f 2718/131/2401 2720/131/2401 2730/131/2401 
f 2721/131/2402 2726/131/2402 2729/131/2402 
f 2729/131/2402 2719/131/2402 2721/131/2402 
f 2722/131/2403 2731/131/2403 2730/131/2403 
f 2730/131/2404 2720/131/2404 2722/131/2404 
f 2726/131/2405 2721/131/2405 2661/131/2405 
f 2661/131/2406 2723/131/2406 2726/131/2406 
f 2696/131/2407 2732/131/2407 2731/131/2407 
f 2731/131/2408 2722/131/2408 2696/131/2408 
f 2660/131/2409 2733/131/2409 2723/131/2409 
f 2723/131/2409 2661/131/2409 2660/131/2409 
f 2732/131/2410 2696/131/2410 2695/131/2410 
f 2695/131/2411 2734/131/2411 2732/131/2411 
f 2698/131/2412 2697/131/2412 2735/131/2412 
f 2735/131/2413 2736/131/2413 2698/131/2413 
f 2699/131/2414 2737/131/2414 2733/131/2414 
f 2733/131/2415 2660/131/2415 2699/131/2415 
f 2700/131/2416 2738/131/2416 2734/131/2416 
f 2734/131/2417 2695/131/2417 2700/131/2417 
f 2701/131/2418 2739/131/2418 2735/131/2418 
f 2735/131/2419 2697/131/2419 2701/131/2419 
f 2740/131/2420 2737/131/2420 2699/131/2420 
f 2699/131/2421 2702/131/2421 2740/131/2421 
f 2703/131/2422 2741/131/2422 2738/131/2422 
f 2738/131/2423 2700/131/2423 2703/131/2423 
f 2704/131/2424 2742/131/2424 2739/131/2424 
f 2739/131/2425 2701/131/2425 2704/131/2425 
f 2705/131/2426 2743/131/2426 2740/131/2426 
f 2740/131/2427 2702/131/2427 2705/131/2427 
f 2744/131/2428 2741/131/2428 2703/131/2428 
f 2703/131/2428 2706/131/2428 2744/131/2428 
f 2707/131/2429 2745/131/2429 2742/131/2429 
f 2742/131/2430 2704/131/2430 2707/131/2430 
f 2708/131/2431 2746/131/2431 2743/131/2431 
f 2743/131/2432 2705/131/2432 2708/131/2432 
f 2709/131/2433 2747/131/2433 2744/131/2433 
f 2744/131/2434 2706/131/2434 2709/131/2434 
f 2745/131/2435 2707/131/2435 2710/131/2435 
f 2710/131/2435 2748/131/2435 2745/131/2435 
f 2736/131/2436 2746/131/2436 2708/131/2436 
f 2708/131/2436 2698/131/2436 2736/131/2436 
f 2711/131/2437 2749/131/2437 2747/131/2437 
f 2747/131/2438 2709/131/2438 2711/131/2438 
f 2712/131/2439 2750/131/2439 2748/131/2439 
f 2748/131/2440 2710/131/2440 2712/131/2440 
f 2749/131/2441 2711/131/2441 2713/131/2441 
f 2713/131/2442 2751/131/2442 2749/131/2442 
f 2714/131/2443 2752/131/2443 2750/131/2443 
f 2750/131/2444 2712/131/2444 2714/131/2444 
f 2715/131/2445 2753/131/2445 2751/131/2445 
f 2751/131/2446 2713/131/2446 2715/131/2446 
f 2754/131/2447 2752/131/2447 2714/131/2447 
f 2714/131/2448 2716/131/2448 2754/131/2448 
f 2693/131/2449 2692/131/2449 2753/131/2449 
f 2753/131/2450 2715/131/2450 2693/131/2450 
f 2717/131/2451 2728/131/2451 2754/131/2451 
f 2754/131/2452 2716/131/2452 2717/131/2452 
f 2755/131/2453 2756/131/2453 2757/131/2453 
f 2757/131/2453 2758/131/2453 2755/131/2453 
f 2732/131/2454 2759/131/2454 2760/131/2454 
f 2760/131/2454 2731/131/2454 2732/131/2454 
f 2723/131/2455 2733/131/2455 2761/131/2455 
f 2761/131/2456 2724/131/2456 2723/131/2456 
f 2734/131/2457 2762/131/2457 2759/131/2457 
f 2759/131/2458 2732/131/2458 2734/131/2458 
f 2736/131/2459 2735/131/2459 2763/131/2459 
f 2763/131/2460 2764/131/2460 2736/131/2460 
f 2761/131/2461 2733/131/2461 2737/131/2461 
f 2737/131/2462 2756/131/2462 2761/131/2462 
f 2734/131/2463 2738/131/2463 2765/131/2463 
f 2765/131/2464 2762/131/2464 2734/131/2464 
f 2763/131/2465 2735/131/2465 2739/131/2465 
f 2739/131/2465 2766/131/2465 2763/131/2465 
f 2740/131/2466 2757/131/2466 2756/131/2466 
f 2756/131/2466 2737/131/2466 2740/131/2466 
f 2765/131/2467 2738/131/2467 2741/131/2467 
f 2741/131/2468 2767/131/2468 2765/131/2468 
f 2766/131/2469 2739/131/2469 2742/131/2469 
f 2742/131/2470 2768/131/2470 2766/131/2470 
f 2740/131/2471 2743/131/2471 2769/131/2471 
f 2769/131/2471 2757/131/2471 2740/131/2471 
f 2744/131/2472 2770/131/2472 2767/131/2472 
f 2767/131/2473 2741/131/2473 2744/131/2473 
f 2745/131/2474 2771/131/2474 2768/131/2474 
f 2768/131/2474 2742/131/2474 2745/131/2474 
f 2769/131/2475 2743/131/2475 2746/131/2475 
f 2746/131/2476 2772/131/2476 2769/131/2476 
f 2744/131/2477 2747/131/2477 2773/131/2477 
f 2773/131/2478 2770/131/2478 2744/131/2478 
f 2748/131/2479 2774/131/2479 2771/131/2479 
f 2771/131/2479 2745/131/2479 2748/131/2479 
f 2746/131/2480 2736/131/2480 2764/131/2480 
f 2764/131/2480 2772/131/2480 2746/131/2480 
f 2773/131/2481 2747/131/2481 2749/131/2481 
f 2749/131/2481 2775/131/2481 2773/131/2481 
f 2774/131/2482 2748/131/2482 2750/131/2482 
f 2750/131/2483 2776/131/2483 2774/131/2483 
f 2751/131/2484 2777/131/2484 2775/131/2484 
f 2775/131/2484 2749/131/2484 2751/131/2484 
f 2752/131/2485 2778/131/2485 2776/131/2485 
f 2776/131/2486 2750/131/2486 2752/131/2486 
f 2751/131/2487 2753/131/2487 2779/131/2487 
f 2779/131/2487 2777/131/2487 2751/131/2487 
f 2754/131/2488 2780/131/2488 2778/131/2488 
f 2778/131/2489 2752/131/2489 2754/131/2489 
f 2779/131/2490 2753/131/2490 2692/131/2490 
f 2692/131/2490 2781/131/2490 2779/131/2490 
f 2754/131/2491 2728/131/2491 2782/131/2491 
f 2782/131/2492 2780/131/2492 2754/131/2492 
f 2691/131/2493 2783/131/2493 2781/131/2493 
f 2781/131/2494 2692/131/2494 2691/131/2494 
f 2782/131/2495 2728/131/2495 2727/131/2495 
f 2727/131/2496 2784/131/2496 2782/131/2496 
f 2691/131/2497 2729/131/2497 2785/131/2497 
f 2785/131/2498 2783/131/2498 2691/131/2498 
f 2786/131/2499 2784/131/2499 2727/131/2499 
f 2727/131/2500 2730/131/2500 2786/131/2500 
f 2785/131/2501 2729/131/2501 2726/131/2501 
f 2726/131/2502 2725/131/2502 2785/131/2502 
f 2786/131/2503 2730/131/2503 2731/131/2503 
f 2731/131/2504 2760/131/2504 2786/131/2504 
f 2787/131/2505 2788/131/2505 2789/131/2505 
f 2789/131/2506 2790/131/2506 2787/131/2506 
f 2767/131/2507 2791/131/2507 2792/131/2507 
f 2792/131/2507 2765/131/2507 2767/131/2507 
f 2768/131/2508 2793/131/2508 2794/131/2508 
f 2794/131/2508 2766/131/2508 2768/131/2508 
f 2769/131/2509 2795/131/2509 2758/131/2509 
f 2758/131/2509 2757/131/2509 2769/131/2509 
f 2791/131/2510 2767/131/2510 2770/131/2510 
f 2770/131/2510 2796/131/2510 2791/131/2510 
f 2768/131/2511 2771/131/2511 2797/131/2511 
f 2797/131/2511 2793/131/2511 2768/131/2511 
f 2772/131/2512 2789/131/2512 2795/131/2512 
f 2795/131/2512 2769/131/2512 2772/131/2512 
f 2773/131/2513 2798/131/2513 2796/131/2513 
f 2796/131/2513 2770/131/2513 2773/131/2513 
f 2797/131/2514 2771/131/2514 2774/131/2514 
f 2774/131/2514 2799/131/2514 2797/131/2514 
f 2790/131/2515 2789/131/2515 2772/131/2515 
f 2772/131/2515 2764/131/2515 2790/131/2515 
f 2775/131/2516 2800/131/2516 2798/131/2516 
f 2798/131/2516 2773/131/2516 2775/131/2516 
f 2776/131/2517 2801/131/2517 2799/131/2517 
f 2799/131/2517 2774/131/2517 2776/131/2517 
f 2800/131/2518 2775/131/2518 2777/131/2518 
f 2777/131/2518 2802/131/2518 2800/131/2518 
f 2776/131/2519 2778/131/2519 2803/131/2519 
f 2803/131/2519 2801/131/2519 2776/131/2519 
f 2779/131/2520 2804/131/2520 2802/131/2520 
f 2802/131/2521 2777/131/2521 2779/131/2521 
f 2803/131/2522 2778/131/2522 2780/131/2522 
f 2780/131/2522 2805/131/2522 2803/131/2522 
f 2781/131/2523 2806/131/2523 2804/131/2523 
f 2804/131/2523 2779/131/2523 2781/131/2523 
f 2782/131/2524 2807/131/2524 2805/131/2524 
f 2805/131/2524 2780/131/2524 2782/131/2524 
f 2806/131/2525 2781/131/2525 2783/131/2525 
f 2783/131/2525 2808/131/2525 2806/131/2525 
f 2784/131/2526 2809/131/2526 2807/131/2526 
f 2807/131/2526 2782/131/2526 2784/131/2526 
f 2785/131/2527 2810/131/2527 2808/131/2527 
f 2808/131/2528 2783/131/2528 2785/131/2528 
f 2784/131/2529 2786/131/2529 2811/131/2529 
f 2811/131/2529 2809/131/2529 2784/131/2529 
f 2725/131/2530 2812/131/2530 2810/131/2530 
f 2810/131/2530 2785/131/2530 2725/131/2530 
f 2813/131/2531 2811/131/2531 2786/131/2531 
f 2786/131/2531 2760/131/2531 2813/131/2531 
f 2812/131/2532 2725/131/2532 2724/131/2532 
f 2724/131/2532 2814/131/2532 2812/131/2532 
f 2813/131/2533 2760/131/2533 2759/131/2533 
f 2759/131/2533 2815/131/2533 2813/131/2533 
f 2761/131/2534 2816/131/2534 2814/131/2534 
f 2814/131/2534 2724/131/2534 2761/131/2534 
f 2815/131/2535 2759/131/2535 2762/131/2535 
f 2762/131/2535 2817/131/2535 2815/131/2535 
f 2763/131/2536 2818/131/2536 2790/131/2536 
f 2790/131/2536 2764/131/2536 2763/131/2536 
f 2756/131/2537 2755/131/2537 2816/131/2537 
f 2816/131/2537 2761/131/2537 2756/131/2537 
f 2765/131/2538 2792/131/2538 2817/131/2538 
f 2817/131/2538 2762/131/2538 2765/131/2538 
f 2818/131/2539 2763/131/2539 2766/131/2539 
f 2766/131/2539 2794/131/2539 2818/131/2539 
f 2819/131/2540 2820/131/2540 2821/131/2540 
f 2821/131/2541 2822/131/2541 2819/131/2541 
f 2800/131/2542 2823/131/2542 2824/131/2542 
f 2824/131/2542 2798/131/2542 2800/131/2542 
f 2825/131/2543 2799/131/2543 2801/131/2543 
f 2801/131/2544 2826/131/2544 2825/131/2544 
f 2802/131/2545 2827/131/2545 2823/131/2545 
f 2823/131/2546 2800/131/2546 2802/131/2546 
f 2803/131/2547 2828/131/2547 2826/131/2547 
f 2826/131/2548 2801/131/2548 2803/131/2548 
f 2827/131/2549 2802/131/2549 2804/131/2549 
f 2804/131/2550 2822/131/2550 2827/131/2550 
f 2805/131/2551 2829/131/2551 2828/131/2551 
f 2828/131/2551 2803/131/2551 2805/131/2551 
f 2806/131/2552 2819/131/2552 2822/131/2552 
f 2822/131/2553 2804/131/2553 2806/131/2553 
f 2829/131/2554 2805/131/2554 2807/131/2554 
f 2807/131/2554 2830/131/2554 2829/131/2554 
f 2808/131/2555 2831/131/2555 2819/131/2555 
f 2819/131/2555 2806/131/2555 2808/131/2555 
f 2809/131/2556 2832/131/2556 2830/131/2556 
f 2830/131/2556 2807/131/2556 2809/131/2556 
f 2831/131/2557 2808/131/2557 2810/131/2557 
f 2810/131/2558 2833/131/2558 2831/131/2558 
f 2811/131/2559 2834/131/2559 2832/131/2559 
f 2832/131/2560 2809/131/2560 2811/131/2560 
f 2812/131/2561 2835/131/2561 2833/131/2561 
f 2833/131/2561 2810/131/2561 2812/131/2561 
f 2834/131/2562 2811/131/2562 2813/131/2562 
f 2813/131/2563 2836/131/2563 2834/131/2563 
f 2814/131/2564 2837/131/2564 2835/131/2564 
f 2835/131/2565 2812/131/2565 2814/131/2565 
f 2815/131/2566 2838/131/2566 2836/131/2566 
f 2836/131/2566 2813/131/2566 2815/131/2566 
f 2837/131/2567 2814/131/2567 2816/131/2567 
f 2816/131/2568 2839/131/2568 2837/131/2568 
f 2817/131/2569 2840/131/2569 2838/131/2569 
f 2838/131/2570 2815/131/2570 2817/131/2570 
f 2790/131/2571 2818/131/2571 2841/131/2571 
f 2841/131/2572 2787/131/2572 2790/131/2572 
f 2755/131/2573 2842/131/2573 2839/131/2573 
f 2839/131/2574 2816/131/2574 2755/131/2574 
f 2840/131/2575 2817/131/2575 2792/131/2575 
f 2792/131/2576 2843/131/2576 2840/131/2576 
f 2794/131/2577 2844/131/2577 2841/131/2577 
f 2841/131/2577 2818/131/2577 2794/131/2577 
f 2758/131/2578 2845/131/2578 2842/131/2578 
f 2842/131/2579 2755/131/2579 2758/131/2579 
f 2791/131/2580 2846/131/2580 2843/131/2580 
f 2843/131/2581 2792/131/2581 2791/131/2581 
f 2844/131/2582 2794/131/2582 2793/131/2582 
f 2793/131/2582 2847/131/2582 2844/131/2582 
f 2845/131/2583 2758/131/2583 2795/131/2583 
f 2795/131/2584 2848/131/2584 2845/131/2584 
f 2796/131/2585 2849/131/2585 2846/131/2585 
f 2846/131/2586 2791/131/2586 2796/131/2586 
f 2797/131/2587 2850/131/2587 2847/131/2587 
f 2847/131/2588 2793/131/2588 2797/131/2588 
f 2789/131/2589 2788/131/2589 2848/131/2589 
f 2848/131/2590 2795/131/2590 2789/131/2590 
f 2849/131/2591 2796/131/2591 2798/131/2591 
f 2798/131/2592 2824/131/2592 2849/131/2592 
f 2799/131/2593 2825/131/2593 2850/131/2593 
f 2850/131/2594 2797/131/2594 2799/131/2594 
f 2851/131/2595 2852/131/2595 2853/131/2595 
f 2853/131/2595 2854/131/2595 2851/131/2595 
f 2855/131/2596 2856/131/2596 2829/131/2596 
f 2829/131/2597 2830/131/2597 2855/131/2597 
f 2831/131/2598 2857/131/2598 2820/131/2598 
f 2820/131/2599 2819/131/2599 2831/131/2599 
f 2832/131/2600 2858/131/2600 2855/131/2600 
f 2855/131/2601 2830/131/2601 2832/131/2601 
f 2852/131/2602 2857/131/2602 2831/131/2602 
f 2831/131/2603 2833/131/2603 2852/131/2603 
f 2834/131/2604 2859/131/2604 2858/131/2604 
f 2858/131/2604 2832/131/2604 2834/131/2604 
f 2835/131/2605 2853/131/2605 2852/131/2605 
f 2852/131/2606 2833/131/2606 2835/131/2606 
f 2860/131/2607 2859/131/2607 2834/131/2607 
f 2834/131/2608 2836/131/2608 2860/131/2608 
f 2837/131/2609 2861/131/2609 2853/131/2609 
f 2853/131/2610 2835/131/2610 2837/131/2610 
f 2838/131/2611 2862/131/2611 2860/131/2611 
f 2860/131/2612 2836/131/2612 2838/131/2612 
f 2863/131/2613 2861/131/2613 2837/131/2613 
f 2837/131/2614 2839/131/2614 2863/131/2614 
f 2840/131/2615 2864/131/2615 2862/131/2615 
f 2862/131/2616 2838/131/2616 2840/131/2616 
f 2865/131/2617 2787/131/2617 2841/131/2617 
f 2841/131/2618 2866/131/2618 2865/131/2618 
f 2842/131/2619 2867/131/2619 2863/131/2619 
f 2863/131/2620 2839/131/2620 2842/131/2620 
f 2868/131/2621 2864/131/2621 2840/131/2621 
f 2840/131/2622 2843/131/2622 2868/131/2622 
f 2866/131/2623 2841/131/2623 2844/131/2623 
f 2844/131/2624 2869/131/2624 2866/131/2624 
f 2845/131/2625 2870/131/2625 2867/131/2625 
f 2867/131/2626 2842/131/2626 2845/131/2626 
f 2846/131/2627 2871/131/2627 2868/131/2627 
f 2868/131/2627 2843/131/2627 2846/131/2627 
f 2847/131/2628 2872/131/2628 2869/131/2628 
f 2869/131/2629 2844/131/2629 2847/131/2629 
f 2873/131/2630 2870/131/2630 2845/131/2630 
f 2845/131/2631 2848/131/2631 2873/131/2631 
f 2849/131/2632 2874/131/2632 2871/131/2632 
f 2871/131/2633 2846/131/2633 2849/131/2633 
f 2872/131/2634 2847/131/2634 2850/131/2634 
f 2850/131/2635 2875/131/2635 2872/131/2635 
f 2788/131/2636 2876/131/2636 2873/131/2636 
f 2873/131/2637 2848/131/2637 2788/131/2637 
f 2877/131/2638 2874/131/2638 2849/131/2638 
f 2849/131/2639 2824/131/2639 2877/131/2639 
f 2825/131/2640 2878/131/2640 2875/131/2640 
f 2875/131/2641 2850/131/2641 2825/131/2641 
f 2865/131/2642 2876/131/2642 2788/131/2642 
f 2788/131/2643 2787/131/2643 2865/131/2643 
f 2823/131/2644 2879/131/2644 2877/131/2644 
f 2877/131/2644 2824/131/2644 2823/131/2644 
f 2826/131/2645 2880/131/2645 2878/131/2645 
f 2878/131/2646 2825/131/2646 2826/131/2646 
f 2827/131/2647 2881/131/2647 2879/131/2647 
f 2879/131/2648 2823/131/2648 2827/131/2648 
f 2880/131/2649 2826/131/2649 2828/131/2649 
f 2828/131/2650 2882/131/2650 2880/131/2650 
f 2821/131/2651 2881/131/2651 2827/131/2651 
f 2827/131/2652 2822/131/2652 2821/131/2652 
f 2829/131/2653 2856/131/2653 2882/131/2653 
f 2882/131/2654 2828/131/2654 2829/131/2654 
f 2883/131/2655 2884/131/2655 2885/131/2655 
f 2885/131/2655 2886/131/2655 2883/131/2655 
f 2860/131/2656 2887/131/2656 2888/131/2656 
f 2888/131/2656 2859/131/2656 2860/131/2656 
f 2861/131/2657 2889/131/2657 2854/131/2657 
f 2854/131/2658 2853/131/2658 2861/131/2658 
f 2890/131/2659 2887/131/2659 2860/131/2659 
f 2860/131/2659 2862/131/2659 2890/131/2659 
f 2863/131/2660 2891/131/2660 2889/131/2660 
f 2889/131/2660 2861/131/2660 2863/131/2660 
f 2864/131/2661 2892/131/2661 2890/131/2661 
f 2890/131/2661 2862/131/2661 2864/131/2661 
f 2884/131/2662 2883/131/2662 2865/131/2662 
f 2865/131/2662 2866/131/2662 2884/131/2662 
f 2893/131/2663 2891/131/2663 2863/131/2663 
f 2863/131/2663 2867/131/2663 2893/131/2663 
f 2868/131/2664 2894/131/2664 2892/131/2664 
f 2892/131/2664 2864/131/2664 2868/131/2664 
f 2869/131/2665 2895/131/2665 2884/131/2665 
f 2884/131/2665 2866/131/2665 2869/131/2665 
f 2870/131/2666 2896/131/2666 2893/131/2666 
f 2893/131/2666 2867/131/2666 2870/131/2666 
f 2897/131/2667 2894/131/2667 2868/131/2667 
f 2868/131/2667 2871/131/2667 2897/131/2667 
f 2872/131/2668 2898/131/2668 2895/131/2668 
f 2895/131/2668 2869/131/2668 2872/131/2668 
f 2873/131/2669 2899/131/2669 2896/131/2669 
f 2896/131/2669 2870/131/2669 2873/131/2669 
f 2874/131/2670 2900/131/2670 2897/131/2670 
f 2897/131/2670 2871/131/2670 2874/131/2670 
f 2901/131/2671 2898/131/2671 2872/131/2671 
f 2872/131/2671 2875/131/2671 2901/131/2671 
f 2902/131/2672 2899/131/2672 2873/131/2672 
f 2873/131/2672 2876/131/2672 2902/131/2672 
f 2877/131/2673 2903/131/2673 2900/131/2673 
f 2900/131/2673 2874/131/2673 2877/131/2673 
f 2878/131/2674 2904/131/2674 2901/131/2674 
f 2901/131/2674 2875/131/2674 2878/131/2674 
f 2902/131/2675 2876/131/2675 2865/131/2675 
f 2865/131/2675 2883/131/2675 2902/131/2675 
f 2903/131/2676 2877/131/2676 2879/131/2676 
f 2879/131/2676 2905/131/2676 2903/131/2676 
f 2880/131/2677 2906/131/2677 2904/131/2677 
f 2904/131/2677 2878/131/2677 2880/131/2677 
f 2881/131/2678 2907/131/2678 2905/131/2678 
f 2905/131/2678 2879/131/2678 2881/131/2678 
f 2908/131/2679 2906/131/2679 2880/131/2679 
f 2880/131/2679 2882/131/2679 2908/131/2679 
f 2821/131/2680 2909/131/2680 2907/131/2680 
f 2907/131/2680 2881/131/2680 2821/131/2680 
f 2856/131/2681 2910/131/2681 2908/131/2681 
f 2908/131/2681 2882/131/2681 2856/131/2681 
f 2909/131/2682 2821/131/2682 2820/131/2682 
f 2820/131/2682 2911/131/2682 2909/131/2682 
f 2855/131/2683 2912/131/2683 2910/131/2683 
f 2910/131/2683 2856/131/2683 2855/131/2683 
f 2857/131/2684 2913/131/2684 2911/131/2684 
f 2911/131/2684 2820/131/2684 2857/131/2684 
f 2914/131/2685 2912/131/2685 2855/131/2685 
f 2855/131/2685 2858/131/2685 2914/131/2685 
f 2852/131/2686 2851/131/2686 2913/131/2686 
f 2913/131/2686 2857/131/2686 2852/131/2686 
f 2859/131/2687 2888/131/2687 2914/131/2687 
f 2914/131/2687 2858/131/2687 2859/131/2687 
f 2915/131/2688 2916/131/2688 2917/131/2688 
f 2917/131/2689 2918/131/2689 2915/131/2689 
f 2893/131/2690 2919/131/2690 2920/131/2690 
f 2920/131/2691 2891/131/2691 2893/131/2691 
f 2894/131/2692 2921/131/2692 2922/131/2692 
f 2922/131/2693 2892/131/2693 2894/131/2693 
f 2895/131/2694 2923/131/2694 2885/131/2694 
f 2885/131/2695 2884/131/2695 2895/131/2695 
f 2924/131/2696 2919/131/2696 2893/131/2696 
f 2893/131/2697 2896/131/2697 2924/131/2697 
f 2897/131/2698 2925/131/2698 2921/131/2698 
f 2921/131/2699 2894/131/2699 2897/131/2699 
f 2898/131/2700 2918/131/2700 2923/131/2700 
f 2923/131/2701 2895/131/2701 2898/131/2701 
f 2899/131/2702 2926/131/2702 2924/131/2702 
f 2924/131/2703 2896/131/2703 2899/131/2703 
f 2925/131/2704 2897/131/2704 2900/131/2704 
f 2900/131/2705 2927/131/2705 2925/131/2705 
f 2901/131/2706 2915/131/2706 2918/131/2706 
f 2918/131/2706 2898/131/2706 2901/131/2706 
f 2902/131/2707 2928/131/2707 2926/131/2707 
f 2926/131/2708 2899/131/2708 2902/131/2708 
f 2903/131/2709 2929/131/2709 2927/131/2709 
f 2927/131/2710 2900/131/2710 2903/131/2710 
f 2915/131/2711 2901/131/2711 2904/131/2711 
f 2904/131/2712 2930/131/2712 2915/131/2712 
f 2928/131/2713 2902/131/2713 2883/131/2713 
f 2883/131/2714 2886/131/2714 2928/131/2714 
f 2905/131/2715 2931/131/2715 2929/131/2715 
f 2929/131/2716 2903/131/2716 2905/131/2716 
f 2906/131/2717 2932/131/2717 2930/131/2717 
f 2930/131/2718 2904/131/2718 2906/131/2718 
f 2933/131/2719 2931/131/2719 2905/131/2719 
f 2905/131/2720 2907/131/2720 2933/131/2720 
f 2908/131/2721 2934/131/2721 2932/131/2721 
f 2932/131/2722 2906/131/2722 2908/131/2722 
f 2909/131/2723 2935/131/2723 2933/131/2723 
f 2933/131/2724 2907/131/2724 2909/131/2724 
f 2936/131/2725 2934/131/2725 2908/131/2725 
f 2908/131/2726 2910/131/2726 2936/131/2726 
f 2911/131/2727 2937/131/2727 2935/131/2727 
f 2935/131/2728 2909/131/2728 2911/131/2728 
f 2912/131/2729 2938/131/2729 2936/131/2729 
f 2936/131/2730 2910/131/2730 2912/131/2730 
f 2937/131/2731 2911/131/2731 2913/131/2731 
f 2913/131/2732 2939/131/2732 2937/131/2732 
f 2914/131/2733 2940/131/2733 2938/131/2733 
f 2938/131/2734 2912/131/2734 2914/131/2734 
f 2851/131/2735 2941/131/2735 2939/131/2735 
f 2939/131/2736 2913/131/2736 2851/131/2736 
f 2942/131/2737 2940/131/2737 2914/131/2737 
f 2914/131/2738 2888/131/2738 2942/131/2738 
f 2854/131/2739 2943/131/2739 2941/131/2739 
f 2941/131/2740 2851/131/2740 2854/131/2740 
f 2887/131/2741 2944/131/2741 2942/131/2741 
f 2942/131/2741 2888/131/2741 2887/131/2741 
f 2945/131/2742 2943/131/2742 2854/131/2742 
f 2854/131/2743 2889/131/2743 2945/131/2743 
f 2890/131/2744 2946/131/2744 2944/131/2744 
f 2944/131/2745 2887/131/2745 2890/131/2745 
f 2891/131/2746 2920/131/2746 2945/131/2746 
f 2945/131/2746 2889/131/2746 2891/131/2746 
f 2946/131/2747 2890/131/2747 2892/131/2747 
f 2892/131/2747 2922/131/2747 2946/131/2747 
f 2947/131/2748 2948/131/2748 2949/131/2748 
f 2949/131/2748 2950/131/2748 2947/131/2748 
f 2928/131/2749 2951/131/2749 2952/131/2749 
f 2952/131/2749 2926/131/2749 2928/131/2749 
f 2953/131/2750 2954/131/2750 2927/131/2750 
f 2927/131/2750 2929/131/2750 2953/131/2750 
f 2930/131/2751 2955/131/2751 2916/131/2751 
f 2916/131/2752 2915/131/2752 2930/131/2752 
f 2956/131/2753 2951/131/2753 2928/131/2753 
f 2928/131/2753 2886/131/2753 2956/131/2753 
f 2931/131/2754 2957/131/2754 2953/131/2754 
f 2953/131/2755 2929/131/2755 2931/131/2755 
f 2955/131/2756 2930/131/2756 2932/131/2756 
f 2932/131/2757 2949/131/2757 2955/131/2757 
f 2933/131/2758 2958/131/2758 2957/131/2758 
f 2957/131/2759 2931/131/2759 2933/131/2759 
f 2934/131/2760 2950/131/2760 2949/131/2760 
f 2949/131/2761 2932/131/2761 2934/131/2761 
f 2959/131/2762 2958/131/2762 2933/131/2762 
f 2933/131/2763 2935/131/2763 2959/131/2763 
f 2936/131/2764 2960/131/2764 2950/131/2764 
f 2950/131/2764 2934/131/2764 2936/131/2764 
f 2937/131/2765 2961/131/2765 2959/131/2765 
f 2959/131/2766 2935/131/2766 2937/131/2766 
f 2962/131/2767 2960/131/2767 2936/131/2767 
f 2936/131/2768 2938/131/2768 2962/131/2768 
f 2939/131/2769 2963/131/2769 2961/131/2769 
f 2961/131/2770 2937/131/2770 2939/131/2770 
f 2940/131/2771 2964/131/2771 2962/131/2771 
f 2962/131/2772 2938/131/2772 2940/131/2772 
f 2965/131/2773 2963/131/2773 2939/131/2773 
f 2939/131/2774 2941/131/2774 2965/131/2774 
f 2942/131/2775 2966/131/2775 2964/131/2775 
f 2964/131/2776 2940/131/2776 2942/131/2776 
f 2943/131/2777 2967/131/2777 2965/131/2777 
f 2965/131/2778 2941/131/2778 2943/131/2778 
f 2968/131/2779 2966/131/2779 2942/131/2779 
f 2942/131/2779 2944/131/2779 2968/131/2779 
f 2945/131/2780 2969/131/2780 2967/131/2780 
f 2967/131/2780 2943/131/2780 2945/131/2780 
f 2946/131/2781 2970/131/2781 2968/131/2781 
f 2968/131/2782 2944/131/2782 2946/131/2782 
f 2971/131/2783 2969/131/2783 2945/131/2783 
f 2945/131/2784 2920/131/2784 2971/131/2784 
f 2922/131/2785 2972/131/2785 2970/131/2785 
f 2970/131/2786 2946/131/2786 2922/131/2786 
f 2886/131/2787 2885/131/2787 2973/131/2787 
f 2973/131/2787 2956/131/2787 2886/131/2787 
f 2919/131/2788 2974/131/2788 2971/131/2788 
f 2971/131/2789 2920/131/2789 2919/131/2789 
f 2975/131/2790 2972/131/2790 2922/131/2790 
f 2922/131/2791 2921/131/2791 2975/131/2791 
f 2976/131/2792 2973/131/2792 2885/131/2792 
f 2885/131/2793 2923/131/2793 2976/131/2793 
f 2924/131/2794 2977/131/2794 2974/131/2794 
f 2974/131/2795 2919/131/2795 2924/131/2795 
f 2925/131/2796 2978/131/2796 2975/131/2796 
f 2975/131/2797 2921/131/2797 2925/131/2797 
f 2917/131/2798 2976/131/2798 2923/131/2798 
f 2923/131/2799 2918/131/2799 2917/131/2799 
f 2952/131/2800 2977/131/2800 2924/131/2800 
f 2924/131/2801 2926/131/2801 2952/131/2801 
f 2927/131/2802 2954/131/2802 2978/131/2802 
f 2978/131/2802 2925/131/2802 2927/131/2802 
f 2979/131/2803 2980/131/2803 2981/131/2803 
f 2981/131/2804 2982/131/2804 2979/131/2804 
f 2959/131/2805 2983/131/2805 2984/131/2805 
f 2984/131/2805 2958/131/2805 2959/131/2805 
f 2960/131/2806 2985/131/2806 2947/131/2806 
f 2947/131/2806 2950/131/2806 2960/131/2806 
f 2983/131/2807 2959/131/2807 2961/131/2807 
f 2961/131/2807 2986/131/2807 2983/131/2807 
f 2962/131/2808 2982/131/2808 2985/131/2808 
f 2985/131/2808 2960/131/2808 2962/131/2808 
f 2963/131/2809 2987/131/2809 2986/131/2809 
f 2986/131/2809 2961/131/2809 2963/131/2809 
f 2979/131/2810 2982/131/2810 2962/131/2810 
f 2962/131/2810 2964/131/2810 2979/131/2810 
f 2965/131/2811 2988/131/2811 2987/131/2811 
f 2987/131/2811 2963/131/2811 2965/131/2811 
f 2966/131/2812 2989/131/2812 2979/131/2812 
f 2979/131/2812 2964/131/2812 2966/131/2812 
f 2990/131/2813 2988/131/2813 2965/131/2813 
f 2965/131/2813 2967/131/2813 2990/131/2813 
f 2968/131/2814 2991/131/2814 2989/131/2814 
f 2989/131/2814 2966/131/2814 2968/131/2814 
f 2969/131/2815 2992/131/2815 2990/131/2815 
f 2990/131/2815 2967/131/2815 2969/131/2815 
f 2993/131/2816 2991/131/2816 2968/131/2816 
f 2968/131/2816 2970/131/2816 2993/131/2816 
f 2971/131/2817 2994/131/2817 2992/131/2817 
f 2992/131/2817 2969/131/2817 2971/131/2817 
f 2972/131/2818 2995/131/2818 2993/131/2818 
f 2993/131/2818 2970/131/2818 2972/131/2818 
f 2996/131/2819 2997/131/2819 2956/131/2819 
f 2956/131/2819 2973/131/2819 2996/131/2819 
f 2998/131/2820 2994/131/2820 2971/131/2820 
f 2971/131/2820 2974/131/2820 2998/131/2820 
f 2975/131/2821 2999/131/2821 2995/131/2821 
f 2995/131/2821 2972/131/2821 2975/131/2821 
f 2976/131/2822 3000/131/2822 2996/131/2822 
f 2996/131/2822 2973/131/2822 2976/131/2822 
f 2977/131/2823 3001/131/2823 2998/131/2823 
f 2998/131/2823 2974/131/2823 2977/131/2823 
f 2999/131/2824 2975/131/2824 2978/131/2824 
f 2978/131/2824 3002/131/2824 2999/131/2824 
f 2917/131/2825 3003/131/2825 3000/131/2825 
f 3000/131/2825 2976/131/2825 2917/131/2825 
f 2952/131/2826 3004/131/2826 3001/131/2826 
f 3001/131/2826 2977/131/2826 2952/131/2826 
f 2954/131/2827 3005/131/2827 3002/131/2827 
f 3002/131/2827 2978/131/2827 2954/131/2827 
f 3006/131/2828 3003/131/2828 2917/131/2828 
f 2917/131/2828 2916/131/2828 3006/131/2828 
f 3007/131/2829 3004/131/2829 2952/131/2829 
f 2952/131/2829 2951/131/2829 3007/131/2829 
f 2953/131/2830 3008/131/2830 3005/131/2830 
f 3005/131/2830 2954/131/2830 2953/131/2830 
f 2955/131/2831 3009/131/2831 3006/131/2831 
f 3006/131/2831 2916/131/2831 2955/131/2831 
f 2997/131/2832 3007/131/2832 2951/131/2832 
f 2951/131/2832 2956/131/2832 2997/131/2832 
f 3008/131/2833 2953/131/2833 2957/131/2833 
f 2957/131/2833 3010/131/2833 3008/131/2833 
f 2949/131/2834 2948/131/2834 3009/131/2834 
f 3009/131/2834 2955/131/2834 2949/131/2834 
f 2958/131/2835 2984/131/2835 3010/131/2835 
f 3010/131/2835 2957/131/2835 2958/131/2835 
f 3011/131/2836 3012/131/2836 3013/131/2836 
f 3013/131/2837 3014/131/2837 3011/131/2837 
f 2988/131/2838 3015/131/2838 3016/131/2838 
f 3016/131/2839 2987/131/2839 2988/131/2839 
f 3017/131/2840 2980/131/2840 2979/131/2840 
f 2979/131/2841 2989/131/2841 3017/131/2841 
f 2990/131/2842 3018/131/2842 3015/131/2842 
f 3015/131/2843 2988/131/2843 2990/131/2843 
f 2991/131/2844 3014/131/2844 3017/131/2844 
f 3017/131/2845 2989/131/2845 2991/131/2845 
f 3018/131/2846 2990/131/2846 2992/131/2846 
f 2992/131/2847 3019/131/2847 3018/131/2847 
f 2993/131/2848 3011/131/2848 3014/131/2848 
f 3014/131/2849 2991/131/2849 2993/131/2849 
f 2994/131/2850 3020/131/2850 3019/131/2850 
f 3019/131/2850 2992/131/2850 2994/131/2850 
f 3011/131/2851 2993/131/2851 2995/131/2851 
f 2995/131/2852 3021/131/2852 3011/131/2852 
f 2997/131/2853 2996/131/2853 3022/131/2853 
f 3022/131/2854 3023/131/2854 2997/131/2854 
f 2998/131/2855 3024/131/2855 3020/131/2855 
f 3020/131/2855 2994/131/2855 2998/131/2855 
f 2999/131/2856 3025/131/2856 3021/131/2856 
f 3021/131/2857 2995/131/2857 2999/131/2857 
f 3000/131/2858 3026/131/2858 3022/131/2858 
f 3022/131/2859 2996/131/2859 3000/131/2859 
f 3027/131/2860 3024/131/2860 2998/131/2860 
f 2998/131/2861 3001/131/2861 3027/131/2861 
f 3002/131/2862 3028/131/2862 3025/131/2862 
f 3025/131/2862 2999/131/2862 3002/131/2862 
f 3003/131/2863 3029/131/2863 3026/131/2863 
f 3026/131/2864 3000/131/2864 3003/131/2864 
f 3004/131/2865 3030/131/2865 3027/131/2865 
f 3027/131/2866 3001/131/2866 3004/131/2866 
f 3031/131/2867 3028/131/2867 3002/131/2867 
f 3002/131/2868 3005/131/2868 3031/131/2868 
f 3006/131/2869 3032/131/2869 3029/131/2869 
f 3029/131/2870 3003/131/2870 3006/131/2870 
f 3007/131/2871 3033/131/2871 3030/131/2871 
f 3030/131/2872 3004/131/2872 3007/131/2872 
f 3008/131/2873 3034/131/2873 3031/131/2873 
f 3031/131/2873 3005/131/2873 3008/131/2873 
f 3032/131/2874 3006/131/2874 3009/131/2874 
f 3009/131/2875 3035/131/2875 3032/131/2875 
f 3023/131/2876 3033/131/2876 3007/131/2876 
f 3007/131/2877 2997/131/2877 3023/131/2877 
f 3010/131/2878 3036/131/2878 3034/131/2878 
f 3034/131/2879 3008/131/2879 3010/131/2879 
f 2948/131/2880 3037/131/2880 3035/131/2880 
f 3035/131/2880 3009/131/2880 2948/131/2880 
f 3038/131/2881 3036/131/2881 3010/131/2881 
f 3010/131/2882 2984/131/2882 3038/131/2882 
f 2947/131/2883 3039/131/2883 3037/131/2883 
f 3037/131/2884 2948/131/2884 2947/131/2884 
f 2983/131/2885 3040/131/2885 3038/131/2885 
f 3038/131/2886 2984/131/2886 2983/131/2886 
f 3041/131/2887 3039/131/2887 2947/131/2887 
f 2947/131/2888 2985/131/2888 3041/131/2888 
f 2986/131/2889 3042/131/2889 3040/131/2889 
f 3040/131/2889 2983/131/2889 2986/131/2889 
f 2982/131/2890 2981/131/2890 3041/131/2890 
f 3041/131/2891 2985/131/2891 2982/131/2891 
f 3042/131/2892 2986/131/2892 2987/131/2892 
f 2987/131/2893 3016/131/2893 3042/131/2893 
f 3043/131/2894 3044/131/2894 3045/131/2894 
f 3045/131/2894 3046/131/2894 3043/131/2894 
f 3019/131/2895 3020/131/2895 3047/131/2895 
f 3047/131/2896 3048/131/2896 3019/131/2896 
f 3021/131/2897 3049/131/2897 3012/131/2897 
f 3012/131/2898 3011/131/2898 3021/131/2898 
f 3023/131/2899 3022/131/2899 3050/131/2899 
f 3050/131/2900 3051/131/2900 3023/131/2900 
f 3047/131/2901 3020/131/2901 3024/131/2901 
f 3024/131/2902 3052/131/2902 3047/131/2902 
f 3021/131/2903 3025/131/2903 3046/131/2903 
f 3046/131/2904 3049/131/2904 3021/131/2904 
f 3050/131/2905 3022/131/2905 3026/131/2905 
f 3026/131/2906 3053/131/2906 3050/131/2906 
f 3027/131/2907 3054/131/2907 3052/131/2907 
f 3052/131/2907 3024/131/2907 3027/131/2907 
f 3046/131/2908 3025/131/2908 3028/131/2908 
f 3028/131/2908 3043/131/2908 3046/131/2908 
f 3055/131/2909 3053/131/2909 3026/131/2909 
f 3026/131/2910 3029/131/2910 3055/131/2910 
f 3027/131/2911 3030/131/2911 3056/131/2911 
f 3056/131/2912 3054/131/2912 3027/131/2912 
f 3031/131/2913 3057/131/2913 3043/131/2913 
f 3043/131/2913 3028/131/2913 3031/131/2913 
f 3032/131/2914 3058/131/2914 3055/131/2914 
f 3055/131/2915 3029/131/2915 3032/131/2915 
f 3056/131/2916 3030/131/2916 3033/131/2916 
f 3033/131/2916 3059/131/2916 3056/131/2916 
f 3031/131/2917 3034/131/2917 3060/131/2917 
f 3060/131/2918 3057/131/2918 3031/131/2918 
f 3035/131/2919 3061/131/2919 3058/131/2919 
f 3058/131/2919 3032/131/2919 3035/131/2919 
f 3033/131/2920 3023/131/2920 3051/131/2920 
f 3051/131/2921 3059/131/2921 3033/131/2921 
f 3060/131/2922 3034/131/2922 3036/131/2922 
f 3036/131/2923 3062/131/2923 3060/131/2923 
f 3063/131/2924 3061/131/2924 3035/131/2924 
f 3035/131/2925 3037/131/2925 3063/131/2925 
f 3038/131/2926 3064/131/2926 3062/131/2926 
f 3062/131/2926 3036/131/2926 3038/131/2926 
f 3039/131/2927 3065/131/2927 3063/131/2927 
f 3063/131/2928 3037/131/2928 3039/131/2928 
f 3038/131/2929 3040/131/2929 3066/131/2929 
f 3066/131/2930 3064/131/2930 3038/131/2930 
f 3041/131/2931 3067/131/2931 3065/131/2931 
f 3065/131/2932 3039/131/2932 3041/131/2932 
f 3066/131/2933 3040/131/2933 3042/131/2933 
f 3042/131/2933 3068/131/2933 3066/131/2933 
f 3041/131/2934 2981/131/2934 3069/131/2934 
f 3069/131/2935 3067/131/2935 3041/131/2935 
f 3016/131/2936 3070/131/2936 3068/131/2936 
f 3068/131/2937 3042/131/2937 3016/131/2937 
f 3069/131/2938 2981/131/2938 2980/131/2938 
f 2980/131/2938 3071/131/2938 3069/131/2938 
f 3016/131/2939 3015/131/2939 3072/131/2939 
f 3072/131/2939 3070/131/2939 3016/131/2939 
f 3073/131/2940 3071/131/2940 2980/131/2940 
f 2980/131/2940 3017/131/2940 3073/131/2940 
f 3072/131/2941 3015/131/2941 3018/131/2941 
f 3018/131/2941 3074/131/2941 3072/131/2941 
f 3073/131/2942 3017/131/2942 3014/131/2942 
f 3014/131/2942 3013/131/2942 3073/131/2942 
f 3019/131/2943 3048/131/2943 3074/131/2943 
f 3074/131/2944 3018/131/2944 3019/131/2944 
f 3075/131/2945 3076/131/2945 3077/131/2945 
f 3077/131/2946 3078/131/2946 3075/131/2946 
f 3055/131/2947 3079/131/2947 3080/131/2947 
f 3080/131/2947 3053/131/2947 3055/131/2947 
f 3056/131/2948 3081/131/2948 3082/131/2948 
f 3082/131/2948 3054/131/2948 3056/131/2948 
f 3044/131/2949 3043/131/2949 3057/131/2949 
f 3057/131/2949 3083/131/2949 3044/131/2949 
f 3055/131/2950 3058/131/2950 3084/131/2950 
f 3084/131/2950 3079/131/2950 3055/131/2950 
f 3059/131/2951 3085/131/2951 3081/131/2951 
f 3081/131/2951 3056/131/2951 3059/131/2951 
f 3060/131/2952 3078/131/2952 3083/131/2952 
f 3083/131/2952 3057/131/2952 3060/131/2952 
f 3084/131/2953 3058/131/2953 3061/131/2953 
f 3061/131/2953 3086/131/2953 3084/131/2953 
f 3087/131/2954 3085/131/2954 3059/131/2954 
f 3059/131/2954 3051/131/2954 3087/131/2954 
f 3062/131/2955 3075/131/2955 3078/131/2955 
f 3078/131/2955 3060/131/2955 3062/131/2955 
f 3063/131/2956 3088/131/2956 3086/131/2956 
f 3086/131/2956 3061/131/2956 3063/131/2956 
f 3075/131/2957 3062/131/2957 3064/131/2957 
f 3064/131/2957 3089/131/2957 3075/131/2957 
f 3063/131/2958 3065/131/2958 3090/131/2958 
f 3090/131/2958 3088/131/2958 3063/131/2958 
f 3066/131/2959 3091/131/2959 3089/131/2959 
f 3089/131/2959 3064/131/2959 3066/131/2959 
f 3090/131/2960 3065/131/2960 3067/131/2960 
f 3067/131/2960 3092/131/2960 3090/131/2960 
f 3068/131/2961 3093/131/2961 3091/131/2961 
f 3091/131/2961 3066/131/2961 3068/131/2961 
f 3069/131/2962 3094/131/2962 3092/131/2962 
f 3092/131/2962 3067/131/2962 3069/131/2962 
f 3093/131/2963 3068/131/2963 3070/131/2963 
f 3070/131/2963 3095/131/2963 3093/131/2963 
f 3071/131/2964 3096/131/2964 3094/131/2964 
f 3094/131/2964 3069/131/2964 3071/131/2964 
f 3072/131/2965 3097/131/2965 3095/131/2965 
f 3095/131/2965 3070/131/2965 3072/131/2965 
f 3071/131/2966 3073/131/2966 3098/131/2966 
f 3098/131/2966 3096/131/2966 3071/131/2966 
f 3074/131/2967 3099/131/2967 3097/131/2967 
f 3097/131/2968 3072/131/2968 3074/131/2968 
f 3100/131/2969 3098/131/2969 3073/131/2969 
f 3073/131/2969 3013/131/2969 3100/131/2969 
f 3099/131/2970 3074/131/2970 3048/131/2970 
f 3048/131/2970 3101/131/2970 3099/131/2970 
f 3100/131/2971 3013/131/2971 3012/131/2971 
f 3012/131/2971 3102/131/2971 3100/131/2971 
f 3047/131/2972 3103/131/2972 3101/131/2972 
f 3101/131/2972 3048/131/2972 3047/131/2972 
f 3102/131/2973 3012/131/2973 3049/131/2973 
f 3049/131/2973 3104/131/2973 3102/131/2973 
f 3050/131/2974 3105/131/2974 3087/131/2974 
f 3087/131/2974 3051/131/2974 3050/131/2974 
f 3052/131/2975 3106/131/2975 3103/131/2975 
f 3103/131/2976 3047/131/2976 3052/131/2976 
f 3046/131/2977 3045/131/2977 3104/131/2977 
f 3104/131/2977 3049/131/2977 3046/131/2977 
f 3105/131/2978 3050/131/2978 3053/131/2978 
f 3053/131/2978 3080/131/2978 3105/131/2978 
f 3106/131/2979 3052/131/2979 3054/131/2979 
f 3054/131/2979 3082/131/2979 3106/131/2979 
f 3107/131/2980 3108/131/2980 3109/131/2980 
f 3109/131/2980 3110/131/2980 3107/131/2980 
f 3111/131/2981 3086/131/2981 3088/131/2981 
f 3088/131/2981 3112/131/2981 3111/131/2981 
f 3089/131/2982 3113/131/2982 3076/131/2982 
f 3076/131/2983 3075/131/2983 3089/131/2983 
f 3090/131/2984 3114/131/2984 3112/131/2984 
f 3112/131/2985 3088/131/2985 3090/131/2985 
f 3113/131/2986 3089/131/2986 3091/131/2986 
f 3091/131/2987 3110/131/2987 3113/131/2987 
f 3092/131/2988 3115/131/2988 3114/131/2988 
f 3114/131/2989 3090/131/2989 3092/131/2989 
f 3093/131/2990 3107/131/2990 3110/131/2990 
f 3110/131/2991 3091/131/2991 3093/131/2991 
f 3115/131/2992 3092/131/2992 3094/131/2992 
f 3094/131/2993 3116/131/2993 3115/131/2993 
f 3095/131/2994 3117/131/2994 3107/131/2994 
f 3107/131/2995 3093/131/2995 3095/131/2995 
f 3096/131/2996 3118/131/2996 3116/131/2996 
f 3116/131/2997 3094/131/2997 3096/131/2997 
f 3117/131/2998 3095/131/2998 3097/131/2998 
f 3097/131/2999 3119/131/2999 3117/131/2999 
f 3098/131/3000 3120/131/3000 3118/131/3000 
f 3118/131/3001 3096/131/3001 3098/131/3001 
f 3099/131/3002 3121/131/3002 3119/131/3002 
f 3119/131/3003 3097/131/3003 3099/131/3003 
f 3120/131/3004 3098/131/3004 3100/131/3004 
f 3100/131/3005 3122/131/3005 3120/131/3005 
f 3101/131/3006 3123/131/3006 3121/131/3006 
f 3121/131/3007 3099/131/3007 3101/131/3007 
f 3102/131/3008 3124/131/3008 3122/131/3008 
f 3122/131/3009 3100/131/3009 3102/131/3009 
f 3123/131/3010 3101/131/3010 3103/131/3010 
f 3103/131/3010 3125/131/3010 3123/131/3010 
f 3104/131/3011 3126/131/3011 3124/131/3011 
f 3124/131/3012 3102/131/3012 3104/131/3012 
f 3087/131/3013 3105/131/3013 3127/131/3013 
f 3127/131/3014 3128/131/3014 3087/131/3014 
f 3106/131/3015 3129/131/3015 3125/131/3015 
f 3125/131/3015 3103/131/3015 3106/131/3015 
f 3126/131/3016 3104/131/3016 3045/131/3016 
f 3045/131/3017 3130/131/3017 3126/131/3017 
f 3080/131/3018 3131/131/3018 3127/131/3018 
f 3127/131/3019 3105/131/3019 3080/131/3019 
f 3082/131/3020 3132/131/3020 3129/131/3020 
f 3129/131/3021 3106/131/3021 3082/131/3021 
f 3044/131/3022 3133/131/3022 3130/131/3022 
f 3130/131/3022 3045/131/3022 3044/131/3022 
f 3131/131/3023 3080/131/3023 3079/131/3023 
f 3079/131/3024 3134/131/3024 3131/131/3024 
f 3132/131/3025 3082/131/3025 3081/131/3025 
f 3081/131/3026 3135/131/3026 3132/131/3026 
f 3083/131/3027 3136/131/3027 3133/131/3027 
f 3133/131/3028 3044/131/3028 3083/131/3028 
f 3084/131/3029 3137/131/3029 3134/131/3029 
f 3134/131/3030 3079/131/3030 3084/131/3030 
f 3085/131/3031 3138/131/3031 3135/131/3031 
f 3135/131/3031 3081/131/3031 3085/131/3031 
f 3136/131/3032 3083/131/3032 3078/131/3032 
f 3078/131/3033 3077/131/3033 3136/131/3033 
f 3086/131/3034 3111/131/3034 3137/131/3034 
f 3137/131/3034 3084/131/3034 3086/131/3034 
f 3128/131/3035 3138/131/3035 3085/131/3035 
f 3085/131/3036 3087/131/3036 3128/131/3036 
f 3139/131/3037 3140/131/3037 3141/131/3037 
f 3141/131/3038 3142/131/3038 3139/131/3038 
f 3116/131/3039 3143/131/3039 3144/131/3039 
f 3144/131/3039 3115/131/3039 3116/131/3039 
f 3117/131/3040 3145/131/3040 3108/131/3040 
f 3108/131/3041 3107/131/3041 3117/131/3041 
f 3118/131/3042 3146/131/3042 3143/131/3042 
f 3143/131/3042 3116/131/3042 3118/131/3042 
f 3119/131/3043 3142/131/3043 3145/131/3043 
f 3145/131/3043 3117/131/3043 3119/131/3043 
f 3147/131/3044 3146/131/3044 3118/131/3044 
f 3118/131/3045 3120/131/3045 3147/131/3045 
f 3121/131/3046 3139/131/3046 3142/131/3046 
f 3142/131/3047 3119/131/3047 3121/131/3047 
f 3122/131/3048 3148/131/3048 3147/131/3048 
f 3147/131/3049 3120/131/3049 3122/131/3049 
f 3149/131/3050 3139/131/3050 3121/131/3050 
f 3121/131/3051 3123/131/3051 3149/131/3051 
f 3148/131/3052 3122/131/3052 3124/131/3052 
f 3124/131/3053 3150/131/3053 3148/131/3053 
f 3151/131/3054 3149/131/3054 3123/131/3054 
f 3123/131/3055 3125/131/3055 3151/131/3055 
f 3126/131/3056 3152/131/3056 3150/131/3056 
f 3150/131/3057 3124/131/3057 3126/131/3057 
f 3153/131/3058 3128/131/3058 3127/131/3058 
f 3127/131/3058 3154/131/3058 3153/131/3058 
f 3155/131/3059 3151/131/3059 3125/131/3059 
f 3125/131/3060 3129/131/3060 3155/131/3060 
f 3130/131/3061 3156/131/3061 3152/131/3061 
f 3152/131/3062 3126/131/3062 3130/131/3062 
f 3154/131/3063 3127/131/3063 3131/131/3063 
f 3131/131/3063 3157/131/3063 3154/131/3063 
f 3155/131/3064 3129/131/3064 3132/131/3064 
f 3132/131/3065 3158/131/3065 3155/131/3065 
f 3133/131/3066 3159/131/3066 3156/131/3066 
f 3156/131/3066 3130/131/3066 3133/131/3066 
f 3134/131/3067 3160/131/3067 3157/131/3067 
f 3157/131/3068 3131/131/3068 3134/131/3068 
f 3135/131/3069 3161/131/3069 3158/131/3069 
f 3158/131/3069 3132/131/3069 3135/131/3069 
f 3136/131/3070 3162/131/3070 3159/131/3070 
f 3159/131/3071 3133/131/3071 3136/131/3071 
f 3160/131/3072 3134/131/3072 3137/131/3072 
f 3137/131/3073 3163/131/3073 3160/131/3073 
f 3138/131/3074 3164/131/3074 3161/131/3074 
f 3161/131/3075 3135/131/3075 3138/131/3075 
f 3077/131/3076 3165/131/3076 3162/131/3076 
f 3162/131/3076 3136/131/3076 3077/131/3076 
f 3111/131/3077 3166/131/3077 3163/131/3077 
f 3163/131/3078 3137/131/3078 3111/131/3078 
f 3153/131/3079 3164/131/3079 3138/131/3079 
f 3138/131/3080 3128/131/3080 3153/131/3080 
f 3076/131/3081 3167/131/3081 3165/131/3081 
f 3165/131/3081 3077/131/3081 3076/131/3081 
f 3112/131/3082 3168/131/3082 3166/131/3082 
f 3166/131/3082 3111/131/3082 3112/131/3082 
f 3113/131/3083 3169/131/3083 3167/131/3083 
f 3167/131/3084 3076/131/3084 3113/131/3084 
f 3168/131/3085 3112/131/3085 3114/131/3085 
f 3114/131/3086 3170/131/3086 3168/131/3086 
f 3110/131/3087 3109/131/3087 3169/131/3087 
f 3169/131/3088 3113/131/3088 3110/131/3088 
f 3144/131/3089 3170/131/3089 3114/131/3089 
f 3114/131/3089 3115/131/3089 3144/131/3089 
f 3171/131/3090 3172/131/3090 3173/131/3090 
f 3173/131/3091 3174/131/3091 3171/131/3091 
f 3175/131/3092 3176/131/3092 3147/131/3092 
f 3147/131/3092 3148/131/3092 3175/131/3092 
f 3177/131/3093 3140/131/3093 3139/131/3093 
f 3139/131/3094 3149/131/3094 3177/131/3094 
f 3150/131/3095 3178/131/3095 3175/131/3095 
f 3175/131/3095 3148/131/3095 3150/131/3095 
f 3179/131/3096 3177/131/3096 3149/131/3096 
f 3149/131/3096 3151/131/3096 3179/131/3096 
f 3152/131/3097 3180/131/3097 3178/131/3097 
f 3178/131/3097 3150/131/3097 3152/131/3097 
f 3153/131/3098 3154/131/3098 3181/131/3098 
f 3181/131/3098 3182/131/3098 3153/131/3098 
f 3155/131/3099 3183/131/3099 3179/131/3099 
f 3179/131/3099 3151/131/3099 3155/131/3099 
f 3180/131/3100 3152/131/3100 3156/131/3100 
f 3156/131/3100 3184/131/3100 3180/131/3100 
f 3157/131/3101 3185/131/3101 3181/131/3101 
f 3181/131/3101 3154/131/3101 3157/131/3101 
f 3183/131/3102 3155/131/3102 3158/131/3102 
f 3158/131/3102 3186/131/3102 3183/131/3102 
f 3159/131/3103 3187/131/3103 3184/131/3103 
f 3184/131/3103 3156/131/3103 3159/131/3103 
f 3160/131/3104 3188/131/3104 3185/131/3104 
f 3185/131/3104 3157/131/3104 3160/131/3104 
f 3189/131/3105 3186/131/3105 3158/131/3105 
f 3158/131/3105 3161/131/3105 3189/131/3105 
f 3172/131/3106 3187/131/3106 3159/131/3106 
f 3159/131/3106 3162/131/3106 3172/131/3106 
f 3163/131/3107 3190/131/3107 3188/131/3107 
f 3188/131/3107 3160/131/3107 3163/131/3107 
f 3164/131/3108 3191/131/3108 3189/131/3108 
f 3189/131/3108 3161/131/3108 3164/131/3108 
f 3172/131/3109 3162/131/3109 3165/131/3109 
f 3165/131/3109 3173/131/3109 3172/131/3109 
f 3166/131/3110 3192/131/3110 3190/131/3110 
f 3190/131/3110 3163/131/3110 3166/131/3110 
f 3182/131/3111 3191/131/3111 3164/131/3111 
f 3164/131/3111 3153/131/3111 3182/131/3111 
f 3167/131/3112 3193/131/3112 3173/131/3112 
f 3173/131/3112 3165/131/3112 3167/131/3112 
f 3192/131/3113 3166/131/3113 3168/131/3113 
f 3168/131/3114 3194/131/3114 3192/131/3114 
f 3193/131/3115 3167/131/3115 3169/131/3115 
f 3169/131/3115 3195/131/3115 3193/131/3115 
f 3170/131/3116 3196/131/3116 3194/131/3116 
f 3194/131/3116 3168/131/3116 3170/131/3116 
f 3195/131/3117 3169/131/3117 3109/131/3117 
f 3109/131/3117 3197/131/3117 3195/131/3117 
f 3198/131/3118 3196/131/3118 3170/131/3118 
f 3170/131/3118 3144/131/3118 3198/131/3118 
f 3199/131/3119 3197/131/3119 3109/131/3119 
f 3109/131/3119 3108/131/3119 3199/131/3119 
f 3200/131/3120 3198/131/3120 3144/131/3120 
f 3144/131/3120 3143/131/3120 3200/131/3120 
f 3145/131/3121 3201/131/3121 3199/131/3121 
f 3199/131/3121 3108/131/3121 3145/131/3121 
f 3146/131/3122 3202/131/3122 3200/131/3122 
f 3200/131/3122 3143/131/3122 3146/131/3122 
f 3201/131/3123 3145/131/3123 3142/131/3123 
f 3142/131/3123 3141/131/3123 3201/131/3123 
f 3146/131/3124 3147/131/3124 3176/131/3124 
f 3176/131/3125 3202/131/3125 3146/131/3125 
f 3203/131/3126 3204/131/3126 3205/131/3126 
f 3205/131/3127 3206/131/3127 3203/131/3127 
f 3192/131/3128 3207/131/3128 3208/131/3128 
f 3208/131/3129 3190/131/3129 3192/131/3129 
f 3191/131/3130 3182/131/3130 3209/131/3130 
f 3209/131/3130 3210/131/3130 3191/131/3130 
f 3211/131/3131 3174/131/3131 3173/131/3131 
f 3173/131/3132 3193/131/3132 3211/131/3132 
f 3192/131/3133 3194/131/3133 3212/131/3133 
f 3212/131/3133 3207/131/3133 3192/131/3133 
f 3195/131/3134 3204/131/3134 3211/131/3134 
f 3211/131/3134 3193/131/3134 3195/131/3134 
f 3213/131/3135 3212/131/3135 3194/131/3135 
f 3194/131/3135 3196/131/3135 3213/131/3135 
f 3197/131/3136 3205/131/3136 3204/131/3136 
f 3204/131/3137 3195/131/3137 3197/131/3137 
f 3198/131/3138 3214/131/3138 3213/131/3138 
f 3213/131/3139 3196/131/3139 3198/131/3139 
f 3205/131/3140 3197/131/3140 3199/131/3140 
f 3199/131/3141 3215/131/3141 3205/131/3141 
f 3200/131/3142 3216/131/3142 3214/131/3142 
f 3214/131/3143 3198/131/3143 3200/131/3143 
f 3201/131/3144 3217/131/3144 3215/131/3144 
f 3215/131/3145 3199/131/3145 3201/131/3145 
f 3200/131/3146 3202/131/3146 3218/131/3146 
f 3218/131/3147 3216/131/3147 3200/131/3147 
f 3201/131/3148 3141/131/3148 3219/131/3148 
f 3219/131/3148 3217/131/3148 3201/131/3148 
f 3176/131/3149 3220/131/3149 3218/131/3149 
f 3218/131/3149 3202/131/3149 3176/131/3149 
f 3221/131/3150 3219/131/3150 3141/131/3150 
f 3141/131/3151 3140/131/3151 3221/131/3151 
f 3222/131/3152 3220/131/3152 3176/131/3152 
f 3176/131/3152 3175/131/3152 3222/131/3152 
f 3221/131/3153 3140/131/3153 3177/131/3153 
f 3177/131/3154 3223/131/3154 3221/131/3154 
f 3224/131/3155 3222/131/3155 3175/131/3155 
f 3175/131/3155 3178/131/3155 3224/131/3155 
f 3179/131/3156 3225/131/3156 3223/131/3156 
f 3223/131/3157 3177/131/3157 3179/131/3157 
f 3178/131/3158 3180/131/3158 3226/131/3158 
f 3226/131/3158 3224/131/3158 3178/131/3158 
f 3227/131/3159 3209/131/3159 3182/131/3159 
f 3182/131/3159 3181/131/3159 3227/131/3159 
f 3179/131/3160 3183/131/3160 3228/131/3160 
f 3228/131/3161 3225/131/3161 3179/131/3161 
f 3226/131/3162 3180/131/3162 3184/131/3162 
f 3184/131/3163 3229/131/3163 3226/131/3163 
f 3227/131/3164 3181/131/3164 3185/131/3164 
f 3185/131/3164 3230/131/3164 3227/131/3164 
f 3186/131/3165 3231/131/3165 3228/131/3165 
f 3228/131/3166 3183/131/3166 3186/131/3166 
f 3184/131/3167 3187/131/3167 3232/131/3167 
f 3232/131/3168 3229/131/3168 3184/131/3168 
f 3185/131/3169 3188/131/3169 3233/131/3169 
f 3233/131/3169 3230/131/3169 3185/131/3169 
f 3234/131/3170 3231/131/3170 3186/131/3170 
f 3186/131/3171 3189/131/3171 3234/131/3171 
f 3172/131/3172 3171/131/3172 3232/131/3172 
f 3232/131/3172 3187/131/3172 3172/131/3172 
f 3208/131/3173 3233/131/3173 3188/131/3173 
f 3188/131/3173 3190/131/3173 3208/131/3173 
f 3210/131/3174 3234/131/3174 3189/131/3174 
f 3189/131/3174 3191/131/3174 3210/131/3174 
f 3235/131/3175 3236/131/3175 3237/131/3175 
f 3237/131/3175 3238/131/3175 3235/131/3175 
f 3239/131/3176 3213/131/3176 3214/131/3176 
f 3214/131/3177 3240/131/3177 3239/131/3177 
f 3205/131/3178 3215/131/3178 3241/131/3178 
f 3241/131/3179 3206/131/3179 3205/131/3179 
f 3242/131/3180 3240/131/3180 3214/131/3180 
f 3214/131/3181 3216/131/3181 3242/131/3181 
f 3236/131/3182 3241/131/3182 3215/131/3182 
f 3215/131/3182 3217/131/3182 3236/131/3182 
f 3216/131/3183 3218/131/3183 3243/131/3183 
f 3243/131/3184 3242/131/3184 3216/131/3184 
f 3219/131/3185 3237/131/3185 3236/131/3185 
f 3236/131/3186 3217/131/3186 3219/131/3186 
f 3244/131/3187 3243/131/3187 3218/131/3187 
f 3218/131/3188 3220/131/3188 3244/131/3188 
f 3221/131/3189 3245/131/3189 3237/131/3189 
f 3237/131/3190 3219/131/3190 3221/131/3190 
f 3222/131/3191 3246/131/3191 3244/131/3191 
f 3244/131/3192 3220/131/3192 3222/131/3192 
f 3245/131/3193 3221/131/3193 3223/131/3193 
f 3223/131/3194 3247/131/3194 3245/131/3194 
f 3224/131/3195 3248/131/3195 3246/131/3195 
f 3246/131/3196 3222/131/3196 3224/131/3196 
f 3247/131/3197 3223/131/3197 3225/131/3197 
f 3225/131/3198 3249/131/3198 3247/131/3198 
f 3248/131/3199 3224/131/3199 3226/131/3199 
f 3226/131/3199 3250/131/3199 3248/131/3199 
f 3251/131/3200 3252/131/3200 3209/131/3200 
f 3209/131/3201 3227/131/3201 3251/131/3201 
f 3225/131/3202 3228/131/3202 3253/131/3202 
f 3253/131/3203 3249/131/3203 3225/131/3203 
f 3254/131/3204 3250/131/3204 3226/131/3204 
f 3226/131/3204 3229/131/3204 3254/131/3204 
f 3255/131/3205 3251/131/3205 3227/131/3205 
f 3227/131/3206 3230/131/3206 3255/131/3206 
f 3256/131/3207 3253/131/3207 3228/131/3207 
f 3228/131/3208 3231/131/3208 3256/131/3208 
f 3229/131/3209 3232/131/3209 3257/131/3209 
f 3257/131/3209 3254/131/3209 3229/131/3209 
f 3233/131/3210 3258/131/3210 3255/131/3210 
f 3255/131/3211 3230/131/3211 3233/131/3211 
f 3234/131/3212 3259/131/3212 3256/131/3212 
f 3256/131/3213 3231/131/3213 3234/131/3213 
f 3260/131/3214 3257/131/3214 3232/131/3214 
f 3232/131/3214 3171/131/3214 3260/131/3214 
f 3258/131/3215 3233/131/3215 3208/131/3215 
f 3208/131/3215 3261/131/3215 3258/131/3215 
f 3210/131/3216 3262/131/3216 3259/131/3216 
f 3259/131/3217 3234/131/3217 3210/131/3217 
f 3174/131/3218 3263/131/3218 3260/131/3218 
f 3260/131/3218 3171/131/3218 3174/131/3218 
f 3264/131/3219 3261/131/3219 3208/131/3219 
f 3208/131/3220 3207/131/3220 3264/131/3220 
f 3262/131/3221 3210/131/3221 3209/131/3221 
f 3209/131/3221 3252/131/3221 3262/131/3221 
f 3211/131/3222 3265/131/3222 3263/131/3222 
f 3263/131/3222 3174/131/3222 3211/131/3222 
f 3212/131/3223 3266/131/3223 3264/131/3223 
f 3264/131/3224 3207/131/3224 3212/131/3224 
f 3265/131/3225 3211/131/3225 3204/131/3225 
f 3204/131/3226 3203/131/3226 3265/131/3226 
f 3213/131/3227 3239/131/3227 3266/131/3227 
f 3266/131/3228 3212/131/3228 3213/131/3228 
f 3267/131/3229 3268/131/3229 3269/131/3229 
f 3267/131/3229 3269/131/3229 3270/131/3229 
f 3270/131/3229 3271/131/3229 3272/131/3229 
f 3270/131/3229 3272/131/3229 3273/131/3229 
f 3267/131/3230 3270/131/3230 3273/131/3230 
f 3273/131/3229 3274/131/3229 3275/131/3229 
f 3273/131/3231 3275/131/3231 3276/131/3231 
f 3277/131/3229 3278/131/3229 3279/131/3229 
f 3276/131/3229 3277/131/3229 3279/131/3229 
f 3273/131/3232 3276/131/3232 3279/131/3232 
f 3267/131/3233 3273/131/3233 3279/131/3233 
f 3279/131/3229 3280/131/3229 3281/131/3229 
f 3279/131/3229 3281/131/3229 3282/131/3229 
f 3283/131/3234 3284/131/3234 3285/131/3234 
f 3282/131/3235 3283/131/3235 3285/131/3235 
f 3279/131/3231 3282/131/3231 3285/131/3231 
f 3267/131/3230 3279/131/3230 3285/131/3230 
f 3285/131/3232 3286/131/3232 3287/131/3232 
f 3285/131/3229 3287/131/3229 3288/131/3229 
f 3285/131/3236 3288/131/3236 3235/131/3236 
f 3267/131/3230 3285/131/3230 3235/131/3230 
f 3289/131/3229 3290/131/3229 3291/131/3229 
f 3238/131/3229 3289/131/3229 3291/131/3229 
f 3235/131/3229 3238/131/3229 3291/131/3229 
f 3235/131/3229 3291/131/3229 3292/131/3229 
f 3267/131/3237 3235/131/3237 3292/131/3237 
f 3292/131/3229 3293/131/3229 3294/131/3229 
f 3292/131/3238 3294/131/3238 3295/131/3238 
f 3292/131/3239 3295/131/3239 3296/131/3239 
f 3267/131/3229 3292/131/3229 3296/131/3229 
f 3244/131/3240 3277/131/3240 3276/131/3240 
f 3276/131/3240 3243/131/3240 3244/131/3240 
f 3289/131/3241 3238/131/3241 3237/131/3241 
f 3237/131/3241 3245/131/3241 3289/131/3241 
f 3277/131/3242 3244/131/3242 3246/131/3242 
f 3246/131/3242 3278/131/3242 3277/131/3242 
f 3245/131/3243 3247/131/3243 3290/131/3243 
f 3290/131/3243 3289/131/3243 3245/131/3243 
f 3279/131/3244 3278/131/3244 3246/131/3244 
f 3246/131/3244 3248/131/3244 3279/131/3244 
f 3291/131/3245 3290/131/3245 3247/131/3245 
f 3247/131/3245 3249/131/3245 3291/131/3245 
f 3248/131/3246 3250/131/3246 3280/131/3246 
f 3280/131/3246 3279/131/3246 3248/131/3246 
f 3267/131/3247 3296/131/3247 3252/131/3247 
f 3252/131/3247 3251/131/3247 3267/131/3247 
f 3253/131/3248 3292/131/3248 3291/131/3248 
f 3291/131/3248 3249/131/3248 3253/131/3248 
f 3281/131/3249 3280/131/3249 3250/131/3249 
f 3250/131/3249 3254/131/3249 3281/131/3249 
f 3251/131/3250 3255/131/3250 3268/131/3250 
f 3268/131/3250 3267/131/3250 3251/131/3250 
f 3256/131/3251 3293/131/3251 3292/131/3251 
f 3292/131/3251 3253/131/3251 3256/131/3251 
f 3257/131/3252 3282/131/3252 3281/131/3252 
f 3281/131/3252 3254/131/3252 3257/131/3252 
f 3269/131/3253 3268/131/3253 3255/131/3253 
f 3255/131/3253 3258/131/3253 3269/131/3253 
f 3293/131/3254 3256/131/3254 3259/131/3254 
f 3259/131/3254 3294/131/3254 3293/131/3254 
f 3260/131/3255 3283/131/3255 3282/131/3255 
f 3282/131/3255 3257/131/3255 3260/131/3255 
f 3261/131/3256 3270/131/3256 3269/131/3256 
f 3269/131/3256 3258/131/3256 3261/131/3256 
f 3295/131/3257 3294/131/3257 3259/131/3257 
f 3259/131/3257 3262/131/3257 3295/131/3257 
f 3283/131/3258 3260/131/3258 3263/131/3258 
f 3263/131/3258 3284/131/3258 3283/131/3258 
f 3264/131/3259 3271/131/3259 3270/131/3259 
f 3270/131/3259 3261/131/3259 3264/131/3259 
f 3252/131/3260 3296/131/3260 3295/131/3260 
f 3295/131/3260 3262/131/3260 3252/131/3260 
f 3285/131/3261 3284/131/3261 3263/131/3261 
f 3263/131/3261 3265/131/3261 3285/131/3261 
f 3271/131/3262 3264/131/3262 3266/131/3262 
f 3266/131/3262 3272/131/3262 3271/131/3262 
f 3265/131/3263 3203/131/3263 3286/131/3263 
f 3286/131/3263 3285/131/3263 3265/131/3263 
f 3273/131/3264 3272/131/3264 3266/131/3264 
f 3266/131/3264 3239/131/3264 3273/131/3264 
f 3287/131/3265 3286/131/3265 3203/131/3265 
f 3203/131/3265 3206/131/3265 3287/131/3265 
f 3239/131/3266 3240/131/3266 3274/131/3266 
f 3274/131/3266 3273/131/3266 3239/131/3266 
f 3241/131/3267 3288/131/3267 3287/131/3267 
f 3287/131/3267 3206/131/3267 3241/131/3267 
f 3275/131/3268 3274/131/3268 3240/131/3268 
f 3240/131/3269 3242/131/3269 3275/131/3269 
f 3236/131/3270 3235/131/3270 3288/131/3270 
f 3288/131/3270 3241/131/3270 3236/131/3270 
f 3243/131/3271 3276/131/3271 3275/131/3271 
f 3275/131/3271 3242/131/3271 3243/131/3271 
f 3297/131/35 3298/131/35 3299/131/35 
f 3299/131/35 3300/131/35 3301/131/35 
f 3297/131/35 3299/131/35 3301/131/35 
f 3301/131/35 3302/131/35 3303/131/35 
f 3303/131/35 3304/131/35 3305/131/35 
f 3301/131/35 3303/131/35 3305/131/35 
f 3297/131/35 3301/131/35 3305/131/35 
f 3305/131/35 3306/131/35 3307/131/35 
f 3307/131/35 3308/131/35 3309/131/35 
f 3305/131/35 3307/131/35 3309/131/35 
f 3309/131/35 3310/131/35 3311/131/35 
f 3311/131/35 3312/131/35 3313/131/35 
f 3309/131/35 3311/131/35 3313/131/35 
f 3305/131/35 3309/131/35 3313/131/35 
f 3313/131/35 3314/131/35 3315/131/35 
f 3315/131/35 3316/131/35 3317/131/35 
f 3313/131/35 3315/131/35 3317/131/35 
f 3317/131/35 3318/131/35 3319/131/35 
f 3319/131/35 3320/131/35 3321/131/35 
f 3317/131/35 3319/131/35 3321/131/35 
f 3313/131/35 3317/131/35 3321/131/35 
f 3305/131/35 3313/131/35 3321/131/35 
f 3297/131/35 3305/131/35 3321/131/35 
f 3322/131/35 3323/131/35 3324/131/35 
f 3321/131/35 3322/131/35 3324/131/35 
f 3321/131/35 3324/131/35 3325/131/35 
f 3297/131/35 3321/131/35 3325/131/35 
f 3326/131/35 3297/131/35 3325/131/35 
f 3326/131/35 3325/131/35 3327/131/35 
f 3326/131/35 3327/131/35 3328/131/35 
f 3329/131/3272 3330/131/3272 3331/131/3272 
f 3331/131/3273 3332/131/3273 3329/131/3273 
f 3299/131/3274 3333/131/3274 3334/131/3274 
f 3334/131/3275 3300/131/3275 3299/131/3275 
f 3312/131/3276 3335/131/3276 3336/131/3276 
f 3336/131/3277 3313/131/3277 3312/131/3277 
f 3327/131/3278 3325/131/3278 3337/131/3278 
f 3337/131/3279 3338/131/3279 3327/131/3279 
f 3298/131/3280 3339/131/3280 3333/131/3280 
f 3333/131/3281 3299/131/3281 3298/131/3281 
f 3311/131/3282 3340/131/3282 3335/131/3282 
f 3335/131/3283 3312/131/3283 3311/131/3283 
f 3324/131/3284 3341/131/3284 3337/131/3284 
f 3337/131/3285 3325/131/3285 3324/131/3285 
f 3298/131/3286 3297/131/3286 3342/131/3286 
f 3342/131/3287 3339/131/3287 3298/131/3287 
f 3310/131/3288 3343/131/3288 3340/131/3288 
f 3340/131/3289 3311/131/3289 3310/131/3289 
f 3344/131/3290 3341/131/3290 3324/131/3290 
f 3324/131/3291 3323/131/3291 3344/131/3291 
f 3309/131/3292 3345/131/3292 3343/131/3292 
f 3343/131/3293 3310/131/3293 3309/131/3293 
f 3322/131/3294 3346/131/3294 3344/131/3294 
f 3344/131/3295 3323/131/3295 3322/131/3295 
f 3308/131/3296 3347/131/3296 3345/131/3296 
f 3345/131/3296 3309/131/3296 3308/131/3296 
f 3348/131/3297 3346/131/3297 3322/131/3297 
f 3322/131/3298 3321/131/3298 3348/131/3298 
f 3307/131/3299 3349/131/3299 3347/131/3299 
f 3347/131/3300 3308/131/3300 3307/131/3300 
f 3348/131/3301 3321/131/3301 3320/131/3301 
f 3320/131/3302 3350/131/3302 3348/131/3302 
f 3306/131/3303 3351/131/3303 3349/131/3303 
f 3349/131/3304 3307/131/3304 3306/131/3304 
f 3320/131/3305 3319/131/3305 3352/131/3305 
f 3352/131/3306 3350/131/3306 3320/131/3306 
f 3305/131/3307 3332/131/3307 3351/131/3307 
f 3351/131/3308 3306/131/3308 3305/131/3308 
f 3318/131/3309 3353/131/3309 3352/131/3309 
f 3352/131/3310 3319/131/3310 3318/131/3310 
f 3304/131/3311 3329/131/3311 3332/131/3311 
f 3332/131/3311 3305/131/3311 3304/131/3311 
f 3317/131/3312 3354/131/3312 3353/131/3312 
f 3353/131/3312 3318/131/3312 3317/131/3312 
f 3303/131/3313 3355/131/3313 3329/131/3313 
f 3329/131/3313 3304/131/3313 3303/131/3313 
f 3316/131/3314 3356/131/3314 3354/131/3314 
f 3354/131/3315 3317/131/3315 3316/131/3315 
f 3302/131/3316 3357/131/3316 3355/131/3316 
f 3355/131/3317 3303/131/3317 3302/131/3317 
f 3315/131/3318 3358/131/3318 3356/131/3318 
f 3356/131/3319 3316/131/3319 3315/131/3319 
f 3342/131/3320 3297/131/3320 3326/131/3320 
f 3326/131/3321 3359/131/3321 3342/131/3321 
f 3301/131/3322 3360/131/3322 3357/131/3322 
f 3357/131/3323 3302/131/3323 3301/131/3323 
f 3314/131/3324 3361/131/3324 3358/131/3324 
f 3358/131/3325 3315/131/3325 3314/131/3325 
f 3359/131/3326 3326/131/3326 3328/131/3326 
f 3328/131/3327 3362/131/3327 3359/131/3327 
f 3300/131/3328 3334/131/3328 3360/131/3328 
f 3360/131/3329 3301/131/3329 3300/131/3329 
f 3313/131/3330 3336/131/3330 3361/131/3330 
f 3361/131/3331 3314/131/3331 3313/131/3331 
f 3362/131/3332 3328/131/3332 3327/131/3332 
f 3327/131/3333 3338/131/3333 3362/131/3333 
f 3363/131/3334 3364/131/3334 3365/131/3334 
f 3365/131/3334 3366/131/3334 3367/131/3334 
f 3363/131/3334 3365/131/3334 3367/131/3334 
f 3367/131/3334 3368/131/3334 3369/131/3334 
f 3367/131/3334 3369/131/3334 3370/131/3334 
f 3363/131/3334 3367/131/3334 3370/131/3334 
f 3363/131/3334 3370/131/3334 3371/131/3334 
f 3371/131/3334 3372/131/3334 3373/131/3334 
f 3373/131/3334 3374/131/3334 3375/131/3334 
f 3371/131/3334 3373/131/3334 3375/131/3334 
f 3375/131/3334 3376/131/3334 3377/131/3334 
f 3377/131/3334 3378/131/3334 3379/131/3334 
f 3375/131/3334 3377/131/3334 3379/131/3334 
f 3371/131/3334 3375/131/3334 3379/131/3334 
f 3379/131/3334 3380/131/3334 3381/131/3334 
f 3381/131/3334 3382/131/3334 3383/131/3334 
f 3379/131/3334 3381/131/3334 3383/131/3334 
f 3383/131/3334 3384/131/3334 3385/131/3334 
f 3385/131/3334 3331/131/3334 3330/131/3334 
f 3383/131/3334 3385/131/3334 3330/131/3334 
f 3379/131/3334 3383/131/3334 3330/131/3334 
f 3371/131/3334 3379/131/3334 3330/131/3334 
f 3330/131/3334 3386/131/3334 3387/131/3334 
f 3387/131/3334 3388/131/3334 3389/131/3334 
f 3330/131/3334 3387/131/3334 3389/131/3334 
f 3389/131/3334 3390/131/3334 3391/131/3334 
f 3389/131/3334 3391/131/3334 3392/131/3334 
f 3330/131/3334 3389/131/3334 3392/131/3334 
f 3371/131/3334 3330/131/3334 3392/131/3334 
f 3363/131/3334 3371/131/3334 3392/131/3334 
f 3354/131/3335 3374/131/3335 3373/131/3335 
f 3373/131/3335 3353/131/3335 3354/131/3335 
f 3355/131/3336 3386/131/3336 3330/131/3336 
f 3330/131/3336 3329/131/3336 3355/131/3336 
f 3356/131/3337 3375/131/3337 3374/131/3337 
f 3374/131/3337 3354/131/3337 3356/131/3337 
f 3357/131/3338 3387/131/3338 3386/131/3338 
f 3386/131/3338 3355/131/3338 3357/131/3338 
f 3358/131/3339 3376/131/3339 3375/131/3339 
f 3375/131/3339 3356/131/3339 3358/131/3339 
f 3359/131/3340 3363/131/3340 3392/131/3340 
f 3392/131/3340 3342/131/3340 3359/131/3340 
f 3360/131/3341 3388/131/3341 3387/131/3341 
f 3387/131/3341 3357/131/3341 3360/131/3341 
f 3361/131/3342 3377/131/3342 3376/131/3342 
f 3376/131/3342 3358/131/3342 3361/131/3342 
f 3362/131/3343 3364/131/3343 3363/131/3343 
f 3363/131/3343 3359/131/3343 3362/131/3343 
f 3334/131/3344 3389/131/3344 3388/131/3344 
f 3388/131/3344 3360/131/3344 3334/131/3344 
f 3336/131/3345 3378/131/3345 3377/131/3345 
f 3377/131/3345 3361/131/3345 3336/131/3345 
f 3338/131/3346 3365/131/3346 3364/131/3346 
f 3364/131/3346 3362/131/3346 3338/131/3346 
f 3333/131/3347 3390/131/3347 3389/131/3347 
f 3389/131/3347 3334/131/3347 3333/131/3347 
f 3335/131/3348 3379/131/3348 3378/131/3348 
f 3378/131/3348 3336/131/3348 3335/131/3348 
f 3337/131/3349 3366/131/3349 3365/131/3349 
f 3365/131/3349 3338/131/3349 3337/131/3349 
f 3339/131/3350 3391/131/3350 3390/131/3350 
f 3390/131/3350 3333/131/3350 3339/131/3350 
f 3340/131/3351 3380/131/3351 3379/131/3351 
f 3379/131/3351 3335/131/3351 3340/131/3351 
f 3341/131/3352 3367/131/3352 3366/131/3352 
f 3366/131/3352 3337/131/3352 3341/131/3352 
f 3339/131/3353 3342/131/3353 3392/131/3353 
f 3392/131/3354 3391/131/3354 3339/131/3354 
f 3343/131/3355 3381/131/3355 3380/131/3355 
f 3380/131/3355 3340/131/3355 3343/131/3355 
f 3344/131/3356 3368/131/3356 3367/131/3356 
f 3367/131/3356 3341/131/3356 3344/131/3356 
f 3345/131/3357 3382/131/3357 3381/131/3357 
f 3381/131/3357 3343/131/3357 3345/131/3357 
f 3346/131/3358 3369/131/3358 3368/131/3358 
f 3368/131/3358 3344/131/3358 3346/131/3358 
f 3347/131/3359 3383/131/3359 3382/131/3359 
f 3382/131/3359 3345/131/3359 3347/131/3359 
f 3348/131/3360 3370/131/3360 3369/131/3360 
f 3369/131/3360 3346/131/3360 3348/131/3360 
f 3349/131/3361 3384/131/3361 3383/131/3361 
f 3383/131/3361 3347/131/3361 3349/131/3361 
f 3350/131/3362 3371/131/3362 3370/131/3362 
f 3370/131/3362 3348/131/3362 3350/131/3362 
f 3351/131/3363 3385/131/3363 3384/131/3363 
f 3384/131/3363 3349/131/3363 3351/131/3363 
f 3352/131/3364 3372/131/3364 3371/131/3364 
f 3371/131/3364 3350/131/3364 3352/131/3364 
f 3332/131/3365 3331/131/3365 3385/131/3365 
f 3385/131/3365 3351/131/3365 3332/131/3365 
f 3353/131/3366 3373/131/3366 3372/131/3366 
f 3372/131/3366 3352/131/3366 3353/131/3366 
f 3393/131/35 3394/131/35 3395/131/35 
f 3395/131/35 3396/131/35 3397/131/35 
f 3393/131/35 3395/131/35 3397/131/35 
f 3397/131/35 3398/131/35 3399/131/35 
f 3399/131/35 3400/131/35 3401/131/35 
f 3397/131/35 3399/131/35 3401/131/35 
f 3393/131/35 3397/131/35 3401/131/35 
f 3401/131/35 3402/131/35 3403/131/35 
f 3403/131/35 3404/131/35 3405/131/35 
f 3401/131/35 3403/131/35 3405/131/35 
f 3405/131/35 3406/131/35 3407/131/35 
f 3407/131/35 3408/131/35 3409/131/35 
f 3405/131/35 3407/131/35 3409/131/35 
f 3401/131/35 3405/131/35 3409/131/35 
f 3409/131/35 3410/131/35 3411/131/35 
f 3411/131/35 3412/131/35 3413/131/35 
f 3409/131/35 3411/131/35 3413/131/35 
f 3413/131/35 3414/131/35 3415/131/35 
f 3415/131/35 3416/131/35 3417/131/35 
f 3413/131/35 3415/131/35 3417/131/35 
f 3409/131/35 3413/131/35 3417/131/35 
f 3401/131/35 3409/131/35 3417/131/35 
f 3393/131/35 3401/131/35 3417/131/35 
f 3418/131/35 3419/131/35 3420/131/35 
f 3417/131/35 3418/131/35 3420/131/35 
f 3417/131/35 3420/131/35 3421/131/35 
f 3393/131/35 3417/131/35 3421/131/35 
f 3422/131/35 3393/131/35 3421/131/35 
f 3422/131/35 3421/131/35 3423/131/35 
f 3422/131/35 3423/131/35 3424/131/35 
f 3425/131/3334 3426/131/3334 3427/131/3334 
f 3427/131/3334 3428/131/3334 3429/131/3334 
f 3425/131/3334 3427/131/3334 3429/131/3334 
f 3429/131/3334 3430/131/3334 3431/131/3334 
f 3431/131/3334 3432/131/3334 3433/131/3334 
f 3429/131/3334 3431/131/3334 3433/131/3334 
f 3425/131/3334 3429/131/3334 3433/131/3334 
f 3433/131/3334 3434/131/3334 3435/131/3334 
f 3435/131/3334 3436/131/3334 3437/131/3334 
f 3433/131/3334 3435/131/3334 3437/131/3334 
f 3437/131/3334 3438/131/3334 3439/131/3334 
f 3439/131/3334 3440/131/3334 3441/131/3334 
f 3437/131/3334 3439/131/3334 3441/131/3334 
f 3433/131/3334 3437/131/3334 3441/131/3334 
f 3425/131/3334 3433/131/3334 3441/131/3334 
f 3441/131/3334 3442/131/3334 3443/131/3334 
f 3443/131/3334 3444/131/3334 3445/131/3334 
f 3441/131/3334 3443/131/3334 3445/131/3334 
f 3445/131/3334 3446/131/3334 3447/131/3334 
f 3447/131/3334 3448/131/3334 3449/131/3334 
f 3445/131/3334 3447/131/3334 3449/131/3334 
f 3441/131/3334 3445/131/3334 3449/131/3334 
f 3449/131/3334 3450/131/3334 3451/131/3334 
f 3451/131/3334 3452/131/3334 3453/131/3334 
f 3449/131/3334 3451/131/3334 3453/131/3334 
f 3453/131/3334 3454/131/3334 3455/131/3334 
f 3453/131/3334 3455/131/3334 3456/131/3334 
f 3449/131/3334 3453/131/3334 3456/131/3334 
f 3441/131/3334 3449/131/3334 3456/131/3334 
f 3425/131/3334 3441/131/3334 3456/131/3334 
f 3418/131/3367 3431/131/3367 3430/131/3367 
f 3430/131/3368 3419/131/3368 3418/131/3368 
f 3404/131/3369 3445/131/3369 3444/131/3369 
f 3444/131/3370 3405/131/3370 3404/131/3370 
f 3432/131/3371 3431/131/3371 3418/131/3371 
f 3418/131/3372 3417/131/3372 3432/131/3372 
f 3403/131/3373 3446/131/3373 3445/131/3373 
f 3445/131/3374 3404/131/3374 3403/131/3374 
f 3432/131/3375 3417/131/3375 3416/131/3375 
f 3416/131/3375 3433/131/3375 3432/131/3375 
f 3402/131/3376 3447/131/3376 3446/131/3376 
f 3446/131/3377 3403/131/3377 3402/131/3377 
f 3416/131/3378 3415/131/3378 3434/131/3378 
f 3434/131/3379 3433/131/3379 3416/131/3379 
f 3401/131/3380 3448/131/3380 3447/131/3380 
f 3447/131/3381 3402/131/3381 3401/131/3381 
f 3414/131/3382 3435/131/3382 3434/131/3382 
f 3434/131/3383 3415/131/3383 3414/131/3383 
f 3400/131/3384 3449/131/3384 3448/131/3384 
f 3448/131/3385 3401/131/3385 3400/131/3385 
f 3413/131/3386 3436/131/3386 3435/131/3386 
f 3435/131/3387 3414/131/3387 3413/131/3387 
f 3399/131/3388 3450/131/3388 3449/131/3388 
f 3449/131/3389 3400/131/3389 3399/131/3389 
f 3412/131/3390 3437/131/3390 3436/131/3390 
f 3436/131/3391 3413/131/3391 3412/131/3391 
f 3398/131/3392 3451/131/3392 3450/131/3392 
f 3450/131/3393 3399/131/3393 3398/131/3393 
f 3411/131/3394 3438/131/3394 3437/131/3394 
f 3437/131/3395 3412/131/3395 3411/131/3395 
f 3456/131/3396 3393/131/3396 3422/131/3396 
f 3422/131/3397 3425/131/3397 3456/131/3397 
f 3397/131/3398 3452/131/3398 3451/131/3398 
f 3451/131/3399 3398/131/3399 3397/131/3399 
f 3410/131/3400 3439/131/3400 3438/131/3400 
f 3438/131/3400 3411/131/3400 3410/131/3400 
f 3425/131/3401 3422/131/3401 3424/131/3401 
f 3424/131/3402 3426/131/3402 3425/131/3402 
f 3396/131/3403 3453/131/3403 3452/131/3403 
f 3452/131/3404 3397/131/3404 3396/131/3404 
f 3409/131/3405 3440/131/3405 3439/131/3405 
f 3439/131/3406 3410/131/3406 3409/131/3406 
f 3426/131/3407 3424/131/3407 3423/131/3407 
f 3423/131/3407 3427/131/3407 3426/131/3407 
f 3395/131/3408 3454/131/3408 3453/131/3408 
f 3453/131/3409 3396/131/3409 3395/131/3409 
f 3408/131/3410 3441/131/3410 3440/131/3410 
f 3440/131/3411 3409/131/3411 3408/131/3411 
f 3423/131/3412 3421/131/3412 3428/131/3412 
f 3428/131/3413 3427/131/3413 3423/131/3413 
f 3394/131/3414 3455/131/3414 3454/131/3414 
f 3454/131/3415 3395/131/3415 3394/131/3415 
f 3407/131/3416 3442/131/3416 3441/131/3416 
f 3441/131/3417 3408/131/3417 3407/131/3417 
f 3420/131/3418 3429/131/3418 3428/131/3418 
f 3428/131/3418 3421/131/3418 3420/131/3418 
f 3394/131/3419 3393/131/3419 3456/131/3419 
f 3456/131/3420 3455/131/3420 3394/131/3420 
f 3406/131/3421 3443/131/3421 3442/131/3421 
f 3442/131/3422 3407/131/3422 3406/131/3422 
f 3430/131/3423 3429/131/3423 3420/131/3423 
f 3420/131/3424 3419/131/3424 3430/131/3424 
f 3405/131/3425 3444/131/3425 3443/131/3425 
f 3443/131/3426 3406/131/3426 3405/131/3426 
f 3457/131/35 3458/131/35 3459/131/35 
f 3459/131/35 3460/131/35 3461/131/35 
f 3457/131/35 3459/131/35 3461/131/35 
f 3461/131/35 3462/131/35 3463/131/35 
f 3463/131/35 3464/131/35 3465/131/35 
f 3461/131/35 3463/131/35 3465/131/35 
f 3457/131/35 3461/131/35 3465/131/35 
f 3465/131/35 3466/131/35 3467/131/35 
f 3467/131/35 3468/131/35 3469/131/35 
f 3465/131/35 3467/131/35 3469/131/35 
f 3469/131/35 3470/131/35 3471/131/35 
f 3471/131/35 3472/131/35 3473/131/35 
f 3469/131/35 3471/131/35 3473/131/35 
f 3465/131/35 3469/131/35 3473/131/35 
f 3473/131/35 3474/131/35 3475/131/35 
f 3475/131/35 3476/131/35 3477/131/35 
f 3473/131/35 3475/131/35 3477/131/35 
f 3477/131/35 3478/131/35 3479/131/35 
f 3479/131/35 3480/131/35 3481/131/35 
f 3477/131/35 3479/131/35 3481/131/35 
f 3473/131/35 3477/131/35 3481/131/35 
f 3465/131/35 3473/131/35 3481/131/35 
f 3457/131/35 3465/131/35 3481/131/35 
f 3482/131/35 3483/131/35 3484/131/35 
f 3481/131/35 3482/131/35 3484/131/35 
f 3481/131/35 3484/131/35 3485/131/35 
f 3457/131/35 3481/131/35 3485/131/35 
f 3486/131/35 3457/131/35 3485/131/35 
f 3486/131/35 3485/131/35 3487/131/35 
f 3486/131/35 3487/131/35 3488/131/35 
f 3489/131/3349 3490/131/3349 3491/131/3349 
f 3491/131/3349 3492/131/3349 3489/131/3349 
f 3493/131/3427 3481/131/3427 3480/131/3427 
f 3480/131/3428 3494/131/3428 3493/131/3428 
f 3466/131/3429 3495/131/3429 3496/131/3429 
f 3496/131/3429 3467/131/3429 3466/131/3429 
f 3480/131/3430 3479/131/3430 3497/131/3430 
f 3497/131/3431 3494/131/3431 3480/131/3431 
f 3465/131/3432 3498/131/3432 3495/131/3432 
f 3495/131/3432 3466/131/3432 3465/131/3432 
f 3478/131/3433 3499/131/3433 3497/131/3433 
f 3497/131/3434 3479/131/3434 3478/131/3434 
f 3464/131/3435 3500/131/3435 3498/131/3435 
f 3498/131/3436 3465/131/3436 3464/131/3436 
f 3477/131/3437 3501/131/3437 3499/131/3437 
f 3499/131/3437 3478/131/3437 3477/131/3437 
f 3463/131/3438 3502/131/3438 3500/131/3438 
f 3500/131/3438 3464/131/3438 3463/131/3438 
f 3476/131/3439 3503/131/3439 3501/131/3439 
f 3501/131/3440 3477/131/3440 3476/131/3440 
f 3462/131/3441 3504/131/3441 3502/131/3441 
f 3502/131/3441 3463/131/3441 3462/131/3441 
f 3475/131/3442 3505/131/3442 3503/131/3442 
f 3503/131/3443 3476/131/3443 3475/131/3443 
f 3506/131/3444 3457/131/3444 3486/131/3444 
f 3486/131/3445 3507/131/3445 3506/131/3445 
f 3461/131/3446 3508/131/3446 3504/131/3446 
f 3504/131/3446 3462/131/3446 3461/131/3446 
f 3474/131/3447 3509/131/3447 3505/131/3447 
f 3505/131/3448 3475/131/3448 3474/131/3448 
f 3507/131/3449 3486/131/3449 3488/131/3449 
f 3488/131/3449 3510/131/3449 3507/131/3449 
f 3460/131/3450 3511/131/3450 3508/131/3450 
f 3508/131/3451 3461/131/3451 3460/131/3451 
f 3473/131/3452 3512/131/3452 3509/131/3452 
f 3509/131/3453 3474/131/3453 3473/131/3453 
f 3510/131/3454 3488/131/3454 3487/131/3454 
f 3487/131/3455 3492/131/3455 3510/131/3455 
f 3459/131/3456 3513/131/3456 3511/131/3456 
f 3511/131/3456 3460/131/3456 3459/131/3456 
f 3472/131/3457 3514/131/3457 3512/131/3457 
f 3512/131/3457 3473/131/3457 3472/131/3457 
f 3487/131/3458 3485/131/3458 3489/131/3458 
f 3489/131/3459 3492/131/3459 3487/131/3459 
f 3458/131/3460 3515/131/3460 3513/131/3460 
f 3513/131/3461 3459/131/3461 3458/131/3461 
f 3471/131/3462 3516/131/3462 3514/131/3462 
f 3514/131/3462 3472/131/3462 3471/131/3462 
f 3484/131/3463 3517/131/3463 3489/131/3463 
f 3489/131/3464 3485/131/3464 3484/131/3464 
f 3458/131/3465 3457/131/3465 3506/131/3465 
f 3506/131/3465 3515/131/3465 3458/131/3465 
f 3470/131/3466 3518/131/3466 3516/131/3466 
f 3516/131/3467 3471/131/3467 3470/131/3467 
f 3519/131/3468 3517/131/3468 3484/131/3468 
f 3484/131/3469 3483/131/3469 3519/131/3469 
f 3469/131/3470 3520/131/3470 3518/131/3470 
f 3518/131/3471 3470/131/3471 3469/131/3471 
f 3482/131/3472 3521/131/3472 3519/131/3472 
f 3519/131/3473 3483/131/3473 3482/131/3473 
f 3468/131/3474 3522/131/3474 3520/131/3474 
f 3520/131/3475 3469/131/3475 3468/131/3475 
f 3493/131/3476 3521/131/3476 3482/131/3476 
f 3482/131/3476 3481/131/3476 3493/131/3476 
f 3467/131/3477 3496/131/3477 3522/131/3477 
f 3522/131/3478 3468/131/3478 3467/131/3478 
f 3523/131/3334 3524/131/3334 3491/131/3334 
f 3491/131/3334 3490/131/3334 3525/131/3334 
f 3523/131/3334 3491/131/3334 3525/131/3334 
f 3525/131/3334 3526/131/3334 3527/131/3334 
f 3525/131/3334 3527/131/3334 3528/131/3334 
f 3523/131/3334 3525/131/3334 3528/131/3334 
f 3523/131/3334 3528/131/3334 3529/131/3334 
f 3529/131/3334 3530/131/3334 3531/131/3334 
f 3531/131/3334 3532/131/3334 3533/131/3334 
f 3529/131/3334 3531/131/3334 3533/131/3334 
f 3533/131/3334 3534/131/3334 3535/131/3334 
f 3535/131/3334 3536/131/3334 3537/131/3334 
f 3533/131/3334 3535/131/3334 3537/131/3334 
f 3529/131/3334 3533/131/3334 3537/131/3334 
f 3537/131/3334 3538/131/3334 3539/131/3334 
f 3539/131/3334 3540/131/3334 3541/131/3334 
f 3537/131/3334 3539/131/3334 3541/131/3334 
f 3541/131/3334 3542/131/3334 3543/131/3334 
f 3543/131/3334 3544/131/3334 3545/131/3334 
f 3541/131/3334 3543/131/3334 3545/131/3334 
f 3537/131/3334 3541/131/3334 3545/131/3334 
f 3529/131/3334 3537/131/3334 3545/131/3334 
f 3545/131/3334 3546/131/3334 3547/131/3334 
f 3547/131/3334 3548/131/3334 3549/131/3334 
f 3545/131/3334 3547/131/3334 3549/131/3334 
f 3549/131/3334 3550/131/3334 3551/131/3334 
f 3549/131/3334 3551/131/3334 3552/131/3334 
f 3545/131/3334 3549/131/3334 3552/131/3334 
f 3529/131/3334 3545/131/3334 3552/131/3334 
f 3523/131/3334 3529/131/3334 3552/131/3334 
f 3515/131/3479 3551/131/3479 3550/131/3479 
f 3550/131/3480 3513/131/3480 3515/131/3480 
f 3516/131/3481 3538/131/3481 3537/131/3481 
f 3537/131/3482 3514/131/3482 3516/131/3482 
f 3517/131/3352 3525/131/3352 3490/131/3352 
f 3490/131/3352 3489/131/3352 3517/131/3352 
f 3515/131/3483 3506/131/3483 3552/131/3483 
f 3552/131/3483 3551/131/3483 3515/131/3483 
f 3518/131/3484 3539/131/3484 3538/131/3484 
f 3538/131/3484 3516/131/3484 3518/131/3484 
f 3519/131/3485 3526/131/3485 3525/131/3485 
f 3525/131/3485 3517/131/3485 3519/131/3485 
f 3520/131/3357 3540/131/3357 3539/131/3357 
f 3539/131/3357 3518/131/3357 3520/131/3357 
f 3521/131/3358 3527/131/3358 3526/131/3358 
f 3526/131/3486 3519/131/3486 3521/131/3486 
f 3522/131/3487 3541/131/3487 3540/131/3487 
f 3540/131/3487 3520/131/3487 3522/131/3487 
f 3493/131/3488 3528/131/3488 3527/131/3488 
f 3527/131/3489 3521/131/3489 3493/131/3489 
f 3496/131/3490 3542/131/3490 3541/131/3490 
f 3541/131/3490 3522/131/3490 3496/131/3490 
f 3494/131/3491 3529/131/3491 3528/131/3491 
f 3528/131/3491 3493/131/3491 3494/131/3491 
f 3495/131/3363 3543/131/3363 3542/131/3363 
f 3542/131/3363 3496/131/3363 3495/131/3363 
f 3497/131/3492 3530/131/3492 3529/131/3492 
f 3529/131/3493 3494/131/3493 3497/131/3493 
f 3498/131/3494 3544/131/3494 3543/131/3494 
f 3543/131/3494 3495/131/3494 3498/131/3494 
f 3499/131/3495 3531/131/3495 3530/131/3495 
f 3530/131/3366 3497/131/3366 3499/131/3366 
f 3500/131/3496 3545/131/3496 3544/131/3496 
f 3544/131/3496 3498/131/3496 3500/131/3496 
f 3501/131/3497 3532/131/3497 3531/131/3497 
f 3531/131/3497 3499/131/3497 3501/131/3497 
f 3502/131/3336 3546/131/3336 3545/131/3336 
f 3545/131/3498 3500/131/3498 3502/131/3498 
f 3503/131/3337 3533/131/3337 3532/131/3337 
f 3532/131/3337 3501/131/3337 3503/131/3337 
f 3504/131/3499 3547/131/3499 3546/131/3499 
f 3546/131/3499 3502/131/3499 3504/131/3499 
f 3505/131/3500 3534/131/3500 3533/131/3500 
f 3533/131/3501 3503/131/3501 3505/131/3501 
f 3507/131/3502 3523/131/3502 3552/131/3502 
f 3552/131/3502 3506/131/3502 3507/131/3502 
f 3508/131/3341 3548/131/3341 3547/131/3341 
f 3547/131/3341 3504/131/3341 3508/131/3341 
f 3509/131/3342 3535/131/3342 3534/131/3342 
f 3534/131/3342 3505/131/3342 3509/131/3342 
f 3510/131/3343 3524/131/3343 3523/131/3343 
f 3523/131/3343 3507/131/3343 3510/131/3343 
f 3511/131/3344 3549/131/3344 3548/131/3344 
f 3548/131/3344 3508/131/3344 3511/131/3344 
f 3512/131/3503 3536/131/3503 3535/131/3503 
f 3535/131/3503 3509/131/3503 3512/131/3503 
f 3492/131/3504 3491/131/3504 3524/131/3504 
f 3524/131/3505 3510/131/3505 3492/131/3505 
f 3513/131/3506 3550/131/3506 3549/131/3506 
f 3549/131/3506 3511/131/3506 3513/131/3506 
f 3514/131/3507 3537/131/3507 3536/131/3507 
f 3536/131/3507 3512/131/3507 3514/131/3507 
# 0 polygons - 7076 triangles

