# 3ds Max Wavefront OBJ Exporter v0.99 - (c)2007 guruware
# File Created: 26.04.2025 21:10:28

mtllib Reja2.mtl

#
# object modular_grid001
#

v  -4.8585 7.4716 -4.1159
v  -4.8585 7.5472 -4.1159
v  -4.8585 7.5472 -4.1751
v  -4.8585 7.4716 -4.1751
v  -0.2514 7.5591 -4.1159
v  -0.0092 7.5591 -4.1159
v  -0.0092 7.5591 -4.1751
v  -0.2514 7.5591 -4.1751
v  -0.0092 7.4716 -4.1093
v  -0.0092 7.5472 -4.1093
v  -0.2514 7.5472 -4.1093
v  -0.2514 7.4716 -4.1093
v  -0.0031 7.5472 -4.3527
v  -0.0031 7.5472 -4.2935
v  -0.0031 7.4716 -4.2935
v  -0.0031 7.4716 -4.3527
v  -0.0092 7.4597 -4.1751
v  -0.0092 7.4597 -4.1159
v  -0.2514 7.4597 -4.1159
v  -0.2514 7.4597 -4.1751
v  -4.8524 7.4632 -4.3574
v  -4.8560 7.4647 -4.3565
v  -4.8568 7.4716 -4.3574
v  -4.8524 7.4716 -4.3593
v  -4.8524 7.4597 -4.3527
v  -4.8568 7.4632 -4.3527
v  -4.8585 7.4716 -4.3527
v  -4.8568 7.4716 -4.1112
v  -4.8568 7.4632 -4.1159
v  -4.8560 7.4647 -4.1121
v  -4.8524 7.4597 -4.1159
v  -4.8524 7.4632 -4.1112
v  -4.8524 7.4716 -4.1093
v  -0.0092 7.4716 -4.3593
v  -0.0049 7.4716 -4.3574
v  -0.0057 7.4647 -4.3565
v  -0.0092 7.4632 -4.3574
v  -0.0049 7.4632 -4.3527
v  -0.0092 7.4597 -4.3527
v  -0.0092 7.4632 -4.1112
v  -0.0057 7.4647 -4.1121
v  -0.0049 7.4716 -4.1112
v  -0.0049 7.4632 -4.1159
v  -0.0031 7.4716 -4.1159
v  -0.0092 7.5556 -4.3574
v  -0.0057 7.5541 -4.3565
v  -0.0049 7.5472 -4.3574
v  -0.0092 7.5472 -4.3593
v  -0.0092 7.5591 -4.3527
v  -0.0049 7.5556 -4.3527
v  -4.8524 7.5556 -4.3574
v  -4.8524 7.5472 -4.3593
v  -4.8568 7.5472 -4.3574
v  -4.8560 7.5541 -4.3565
v  -4.8585 7.5472 -4.3527
v  -4.8568 7.5556 -4.3527
v  -4.8524 7.5591 -4.3527
v  -4.8568 7.5472 -4.1112
v  -4.8560 7.5541 -4.1121
v  -4.8568 7.5556 -4.1159
v  -4.8524 7.5472 -4.1093
v  -4.8524 7.5556 -4.1112
v  -4.8524 7.5591 -4.1159
v  -0.0049 7.5472 -4.1112
v  -0.0057 7.5541 -4.1121
v  -0.0092 7.5556 -4.1112
v  -0.0031 7.5472 -4.1159
v  -0.0049 7.5556 -4.1159
v  -4.6103 7.4597 -4.3527
v  -4.6103 7.4632 -4.3574
v  -4.6103 7.4716 -4.3593
v  -4.8524 7.4597 -4.1751
v  -4.8568 7.4632 -4.1751
v  -0.2514 7.4632 -4.1112
v  -0.0049 7.4632 -4.2935
v  -0.0092 7.4597 -4.2935
v  -4.6103 7.5556 -4.3574
v  -4.6103 7.5472 -4.3593
v  -4.6103 7.5591 -4.3527
v  -4.8568 7.5556 -4.1751
v  -4.8524 7.5591 -4.1751
v  -0.2514 7.5556 -4.1112
v  -0.0049 7.5556 -4.2935
v  -0.0092 7.5591 -4.2935
v  -0.2514 7.4716 -4.3593
v  -0.2514 7.5472 -4.3593
v  -0.4935 7.4716 -4.3593
v  -0.4935 7.5472 -4.3593
v  -0.7357 7.5472 -4.3593
v  -0.7357 7.4716 -4.3593
v  -0.9778 7.4716 -4.3593
v  -0.9778 7.5472 -4.3593
v  -1.2200 7.4716 -4.3593
v  -1.2200 7.5472 -4.3593
v  -1.4622 7.4716 -4.3593
v  -1.4622 7.5472 -4.3593
v  -1.7043 7.4716 -4.3593
v  -1.7043 7.5472 -4.3593
v  -1.9465 7.4716 -4.3593
v  -1.9465 7.5472 -4.3593
v  -2.1887 7.5472 -4.3593
v  -2.1887 7.4716 -4.3593
v  -2.4308 7.5472 -4.3593
v  -2.4308 7.4716 -4.3593
v  -2.6730 7.4716 -4.3593
v  -2.6730 7.5472 -4.3593
v  -2.9151 7.4716 -4.3593
v  -2.9151 7.5472 -4.3593
v  -3.1573 7.4716 -4.3593
v  -3.1573 7.5472 -4.3593
v  -3.3995 7.4716 -4.3593
v  -3.3995 7.5472 -4.3593
v  -3.6416 7.4716 -4.3593
v  -3.6416 7.5472 -4.3593
v  -3.8838 7.4716 -4.3593
v  -3.8838 7.5472 -4.3593
v  -4.1260 7.4716 -4.3593
v  -4.1260 7.5472 -4.3593
v  -4.3681 7.4716 -4.3593
v  -4.3681 7.5472 -4.3593
v  -4.6103 7.5556 -4.1112
v  -4.6103 7.5591 -4.1159
v  -4.3681 7.5556 -4.1112
v  -4.3681 7.5591 -4.1159
v  -4.1260 7.5556 -4.1112
v  -4.1260 7.5591 -4.1159
v  -3.8838 7.5591 -4.1159
v  -3.8838 7.5556 -4.1112
v  -3.6416 7.5556 -4.1112
v  -3.6416 7.5591 -4.1159
v  -3.3995 7.5556 -4.1112
v  -3.3995 7.5591 -4.1159
v  -3.1573 7.5556 -4.1112
v  -3.1573 7.5591 -4.1159
v  -2.9151 7.5556 -4.1112
v  -2.9151 7.5591 -4.1159
v  -2.6730 7.5556 -4.1112
v  -2.6730 7.5591 -4.1159
v  -2.4308 7.5556 -4.1112
v  -2.4308 7.5591 -4.1159
v  -2.1887 7.5556 -4.1112
v  -2.1887 7.5591 -4.1159
v  -1.9465 7.5556 -4.1112
v  -1.9465 7.5591 -4.1159
v  -1.7043 7.5591 -4.1159
v  -1.7043 7.5556 -4.1112
v  -1.4622 7.5556 -4.1112
v  -1.4622 7.5591 -4.1159
v  -1.2200 7.5556 -4.1112
v  -1.2200 7.5591 -4.1159
v  -0.9778 7.5591 -4.1159
v  -0.9778 7.5556 -4.1112
v  -0.7357 7.5591 -4.1159
v  -0.7357 7.5556 -4.1112
v  -0.4935 7.5591 -4.1159
v  -0.4935 7.5556 -4.1112
v  -4.6103 7.5472 -4.1093
v  -4.3681 7.5472 -4.1093
v  -4.1260 7.5472 -4.1093
v  -3.8838 7.5472 -4.1093
v  -3.6416 7.5472 -4.1093
v  -3.3995 7.5472 -4.1093
v  -3.1573 7.5472 -4.1093
v  -2.9151 7.5472 -4.1093
v  -2.6730 7.5472 -4.1093
v  -2.4308 7.5472 -4.1093
v  -2.1887 7.5472 -4.1093
v  -1.9465 7.5472 -4.1093
v  -1.7043 7.5472 -4.1093
v  -1.4622 7.5472 -4.1093
v  -1.2200 7.5472 -4.1093
v  -0.9778 7.5472 -4.1093
v  -0.7357 7.5472 -4.1093
v  -0.4935 7.5472 -4.1093
v  -0.2514 7.5556 -4.3574
v  -0.2514 7.5591 -4.3527
v  -0.4935 7.5556 -4.3574
v  -0.4935 7.5591 -4.3527
v  -0.7357 7.5591 -4.3527
v  -0.7357 7.5556 -4.3574
v  -0.9778 7.5556 -4.3574
v  -0.9778 7.5591 -4.3527
v  -1.2200 7.5591 -4.3527
v  -1.2200 7.5556 -4.3574
v  -1.4622 7.5556 -4.3574
v  -1.4622 7.5591 -4.3527
v  -1.7043 7.5591 -4.3527
v  -1.7043 7.5556 -4.3574
v  -1.9465 7.5556 -4.3574
v  -1.9465 7.5591 -4.3527
v  -2.1887 7.5591 -4.3527
v  -2.1887 7.5556 -4.3574
v  -2.4308 7.5556 -4.3574
v  -2.4308 7.5591 -4.3527
v  -2.6730 7.5556 -4.3574
v  -2.6730 7.5591 -4.3527
v  -2.9151 7.5556 -4.3574
v  -2.9151 7.5591 -4.3527
v  -3.1573 7.5591 -4.3527
v  -3.1573 7.5556 -4.3574
v  -3.3995 7.5591 -4.3527
v  -3.3995 7.5556 -4.3574
v  -3.6416 7.5556 -4.3574
v  -3.6416 7.5591 -4.3527
v  -3.8838 7.5591 -4.3527
v  -3.8838 7.5556 -4.3574
v  -4.1260 7.5556 -4.3574
v  -4.1260 7.5591 -4.3527
v  -4.3681 7.5556 -4.3574
v  -4.3681 7.5591 -4.3527
v  -4.6103 7.4632 -4.1112
v  -4.6103 7.4716 -4.1093
v  -4.3681 7.4632 -4.1112
v  -4.3681 7.4716 -4.1093
v  -4.1260 7.4632 -4.1112
v  -4.1260 7.4716 -4.1093
v  -3.8838 7.4632 -4.1112
v  -3.8838 7.4716 -4.1093
v  -3.6416 7.4716 -4.1093
v  -3.6416 7.4632 -4.1112
v  -3.3995 7.4632 -4.1112
v  -3.3995 7.4716 -4.1093
v  -3.1573 7.4632 -4.1112
v  -3.1573 7.4716 -4.1093
v  -2.9151 7.4632 -4.1112
v  -2.9151 7.4716 -4.1093
v  -2.6730 7.4632 -4.1112
v  -2.6730 7.4716 -4.1093
v  -2.4308 7.4716 -4.1093
v  -2.4308 7.4632 -4.1112
v  -2.1887 7.4632 -4.1112
v  -2.1887 7.4716 -4.1093
v  -1.9465 7.4632 -4.1112
v  -1.9465 7.4716 -4.1093
v  -1.7043 7.4716 -4.1093
v  -1.7043 7.4632 -4.1112
v  -1.4622 7.4632 -4.1112
v  -1.4622 7.4716 -4.1093
v  -1.2200 7.4632 -4.1112
v  -1.2200 7.4716 -4.1093
v  -0.9778 7.4716 -4.1093
v  -0.9778 7.4632 -4.1112
v  -0.7357 7.4716 -4.1093
v  -0.7357 7.4632 -4.1112
v  -0.4935 7.4632 -4.1112
v  -0.4935 7.4716 -4.1093
v  -4.6103 7.4597 -4.1159
v  -4.3681 7.4597 -4.1159
v  -4.1260 7.4597 -4.1159
v  -3.8838 7.4597 -4.1159
v  -3.6416 7.4597 -4.1159
v  -3.3995 7.4597 -4.1159
v  -3.1573 7.4597 -4.1159
v  -2.9151 7.4597 -4.1159
v  -2.6730 7.4597 -4.1159
v  -2.4308 7.4597 -4.1159
v  -2.1887 7.4597 -4.1159
v  -1.9465 7.4597 -4.1159
v  -1.7043 7.4597 -4.1159
v  -1.4622 7.4597 -4.1159
v  -1.2200 7.4597 -4.1159
v  -0.9778 7.4597 -4.1159
v  -0.7357 7.4597 -4.1159
v  -0.4935 7.4597 -4.1159
v  -0.2514 7.4632 -4.3574
v  -0.4935 7.4632 -4.3574
v  -0.7357 7.4632 -4.3574
v  -0.9778 7.4632 -4.3574
v  -1.2200 7.4632 -4.3574
v  -1.4622 7.4632 -4.3574
v  -1.7043 7.4632 -4.3574
v  -1.9465 7.4632 -4.3574
v  -2.1887 7.4632 -4.3574
v  -2.4308 7.4632 -4.3574
v  -2.6730 7.4632 -4.3574
v  -2.9151 7.4632 -4.3574
v  -3.1573 7.4632 -4.3574
v  -3.3995 7.4632 -4.3574
v  -3.6416 7.4632 -4.3574
v  -3.8838 7.4632 -4.3574
v  -4.1260 7.4632 -4.3574
v  -4.3681 7.4632 -4.3574
v  -0.2514 7.4597 -4.3527
v  -0.4935 7.4597 -4.3527
v  -0.7357 7.4597 -4.3527
v  -0.9778 7.4597 -4.3527
v  -1.2200 7.4597 -4.3527
v  -1.4622 7.4597 -4.3527
v  -1.7043 7.4597 -4.3527
v  -1.9465 7.4597 -4.3527
v  -2.1887 7.4597 -4.3527
v  -2.4308 7.4597 -4.3527
v  -2.6730 7.4597 -4.3527
v  -2.9151 7.4597 -4.3527
v  -3.1573 7.4597 -4.3527
v  -3.3995 7.4597 -4.3527
v  -3.6416 7.4597 -4.3527
v  -3.8838 7.4597 -4.3527
v  -4.1260 7.4597 -4.3527
v  -4.3681 7.4597 -4.3527
v  -4.6103 7.4597 -4.1751
v  -4.3681 7.4597 -4.1751
v  -4.1260 7.4597 -4.1751
v  -3.8838 7.4597 -4.1751
v  -3.6416 7.4597 -4.1751
v  -3.3995 7.4597 -4.1751
v  -3.1573 7.4597 -4.1751
v  -2.9151 7.4597 -4.1751
v  -2.6730 7.4597 -4.1751
v  -2.4308 7.4597 -4.1751
v  -2.1887 7.4597 -4.1751
v  -1.9465 7.4597 -4.1751
v  -1.7043 7.4597 -4.1751
v  -1.4622 7.4597 -4.1751
v  -1.2200 7.4597 -4.1751
v  -0.9778 7.4597 -4.1751
v  -0.7357 7.4597 -4.1751
v  -0.4935 7.4597 -4.1751
v  -4.6103 7.5591 -4.1751
v  -4.3681 7.5591 -4.1751
v  -4.1260 7.5591 -4.1751
v  -3.8838 7.5591 -4.1751
v  -3.6416 7.5591 -4.1751
v  -3.3995 7.5591 -4.1751
v  -3.1573 7.5591 -4.1751
v  -2.9151 7.5591 -4.1751
v  -2.6730 7.5591 -4.1751
v  -2.4308 7.5591 -4.1751
v  -2.1887 7.5591 -4.1751
v  -1.9465 7.5591 -4.1751
v  -1.7043 7.5591 -4.1751
v  -1.4622 7.5591 -4.1751
v  -1.2200 7.5591 -4.1751
v  -0.9778 7.5591 -4.1751
v  -0.7357 7.5591 -4.1751
v  -0.4935 7.5591 -4.1751
v  -0.4935 7.5591 -4.2935
v  -0.2514 7.5591 -4.2935
v  -0.2514 7.5591 -4.2343
v  -0.4935 7.5591 -4.2343
v  -0.7357 7.5591 -4.2935
v  -0.7357 7.5591 -4.2343
v  -0.9778 7.5591 -4.2935
v  -0.9778 7.5591 -4.2343
v  -1.2200 7.5591 -4.2935
v  -1.2200 7.5591 -4.2343
v  -1.4622 7.5591 -4.2935
v  -1.4622 7.5591 -4.2343
v  -1.7043 7.5591 -4.2935
v  -1.7043 7.5591 -4.2343
v  -1.9465 7.5591 -4.2935
v  -1.9465 7.5591 -4.2343
v  -2.1887 7.5591 -4.2935
v  -2.1887 7.5591 -4.2343
v  -2.4308 7.5591 -4.2935
v  -2.4308 7.5591 -4.2343
v  -2.6730 7.5591 -4.2935
v  -2.6730 7.5591 -4.2343
v  -2.9151 7.5591 -4.2935
v  -2.9151 7.5591 -4.2343
v  -3.1573 7.5591 -4.2935
v  -3.1573 7.5591 -4.2343
v  -3.3995 7.5591 -4.2935
v  -3.3995 7.5591 -4.2343
v  -3.6416 7.5591 -4.2935
v  -3.6416 7.5591 -4.2343
v  -3.8838 7.5591 -4.2935
v  -3.8838 7.5591 -4.2343
v  -4.1260 7.5591 -4.2935
v  -4.1260 7.5591 -4.2343
v  -4.3681 7.5591 -4.2935
v  -4.3681 7.5591 -4.2343
v  -4.6103 7.5591 -4.2935
v  -4.6103 7.5591 -4.2343
v  -4.8524 7.5591 -4.2935
v  -4.8524 7.5591 -4.2343
v  -0.4935 7.4597 -4.2935
v  -0.2514 7.4597 -4.2935
v  -0.2514 7.4597 -4.2343
v  -0.4935 7.4597 -4.2343
v  -0.7357 7.4597 -4.2935
v  -0.7357 7.4597 -4.2343
v  -0.9778 7.4597 -4.2935
v  -0.9778 7.4597 -4.2343
v  -1.2200 7.4597 -4.2935
v  -1.2200 7.4597 -4.2343
v  -1.4622 7.4597 -4.2935
v  -1.4622 7.4597 -4.2343
v  -1.7043 7.4597 -4.2935
v  -1.7043 7.4597 -4.2343
v  -1.9465 7.4597 -4.2935
v  -1.9465 7.4597 -4.2343
v  -2.1887 7.4597 -4.2935
v  -2.1887 7.4597 -4.2343
v  -2.4308 7.4597 -4.2935
v  -2.4308 7.4597 -4.2343
v  -2.6730 7.4597 -4.2935
v  -2.6730 7.4597 -4.2343
v  -2.9151 7.4597 -4.2935
v  -2.9151 7.4597 -4.2343
v  -3.1573 7.4597 -4.2935
v  -3.1573 7.4597 -4.2343
v  -3.3995 7.4597 -4.2935
v  -3.3995 7.4597 -4.2343
v  -3.6416 7.4597 -4.2935
v  -3.6416 7.4597 -4.2343
v  -3.8838 7.4597 -4.2935
v  -3.8838 7.4597 -4.2343
v  -4.1260 7.4597 -4.2935
v  -4.1260 7.4597 -4.2343
v  -4.3681 7.4597 -4.2935
v  -4.3681 7.4597 -4.2343
v  -4.6103 7.4597 -4.2935
v  -4.6103 7.4597 -4.2343
v  -4.8524 7.4597 -4.2935
v  -4.8524 7.4597 -4.2343
v  -0.0049 7.5556 -4.1751
v  -0.0049 7.5556 -4.2343
v  -0.0092 7.5591 -4.2343
v  -0.0031 7.5472 -4.1751
v  -0.0031 7.5472 -4.2343
v  -4.8568 7.5556 -4.2935
v  -4.8568 7.5556 -4.2343
v  -4.8585 7.5472 -4.2935
v  -4.8585 7.5472 -4.2343
v  -0.0049 7.4632 -4.1751
v  -0.0031 7.4716 -4.1751
v  -0.0049 7.4632 -4.2343
v  -0.0031 7.4716 -4.2343
v  -0.0092 7.4597 -4.2343
v  -4.8568 7.4632 -4.2935
v  -4.8585 7.4716 -4.2935
v  -4.8568 7.4632 -4.2343
v  -4.8585 7.4716 -4.2343
v  -4.1250 9.0451 -4.2935
v  -4.1248 0.5848 -4.2935
v  -4.1256 0.5848 -4.2935
v  -4.1255 9.0450 -4.2935
v  -4.5322 0.5848 -4.2935
v  -4.5321 9.0451 -4.2935
v  -4.5315 9.0450 -4.2935
v  -4.5315 0.5848 -4.2935
v  -4.1322 9.1431 -4.2935
v  -4.5250 9.1432 -4.2935
v  -4.1250 9.0451 -4.2101
v  -4.1322 9.1431 -4.2101
v  -4.1255 9.0450 -4.2101
v  -4.5250 9.1432 -4.2101
v  -4.5321 9.0451 -4.2101
v  -4.5315 9.0450 -4.2101
v  -4.1256 0.5848 -4.2101
v  -4.1248 0.5848 -4.2101
v  -4.5315 0.5848 -4.2101
v  -4.5322 0.5848 -4.2101
v  -4.5419 9.0463 -4.2921
v  -4.5346 9.1482 -4.2921
v  -4.5510 9.0475 -4.2880
v  -4.5434 9.1528 -4.2880
v  -4.5510 9.1568 -4.2814
v  -4.5588 9.0485 -4.2814
v  -4.5648 9.0493 -4.2729
v  -4.5569 9.1599 -4.2729
v  -4.5686 9.0498 -4.2629
v  -4.5605 9.1618 -4.2629
v  -4.5618 9.1624 -4.2514
v  -4.5699 9.0499 -4.2514
v  -4.5346 9.1482 -4.2115
v  -4.5419 9.0463 -4.2115
v  -4.5434 9.1528 -4.2157
v  -4.5510 9.0475 -4.2157
v  -4.5510 9.1568 -4.2222
v  -4.5588 9.0485 -4.2222
v  -4.5569 9.1599 -4.2308
v  -4.5648 9.0493 -4.2308
v  -4.5686 9.0498 -4.2407
v  -4.5605 9.1618 -4.2407
v  -4.5047 9.2392 -4.2935
v  -4.5132 9.2488 -4.2921
v  -4.5212 9.2578 -4.2880
v  -4.5280 9.2655 -4.2814
v  -4.5333 9.2714 -4.2729
v  -4.5365 9.2751 -4.2629
v  -4.5377 9.2764 -4.2514
v  -4.5132 9.2488 -4.2115
v  -4.5047 9.2392 -4.2101
v  -4.5212 9.2578 -4.2157
v  -4.5280 9.2655 -4.2222
v  -4.5333 9.2714 -4.2308
v  -4.5365 9.2751 -4.2407
v  -4.4793 9.3352 -4.2921
v  -4.4724 9.3216 -4.2935
v  -4.4858 9.3479 -4.2880
v  -4.4914 9.3588 -4.2814
v  -4.4957 9.3672 -4.2729
v  -4.4984 9.3724 -4.2629
v  -4.4993 9.3742 -4.2514
v  -4.4724 9.3216 -4.2101
v  -4.4793 9.3352 -4.2115
v  -4.4858 9.3479 -4.2157
v  -4.4914 9.3588 -4.2222
v  -4.4957 9.3672 -4.2308
v  -4.4984 9.3724 -4.2407
v  -4.4352 9.4015 -4.2921
v  -4.4302 9.3849 -4.2935
v  -4.4398 9.4171 -4.2880
v  -4.4437 9.4304 -4.2814
v  -4.4467 9.4407 -4.2729
v  -4.4486 9.4471 -4.2629
v  -4.4493 9.4493 -4.2514
v  -4.4302 9.3849 -4.2101
v  -4.4352 9.4015 -4.2115
v  -4.4398 9.4171 -4.2157
v  -4.4437 9.4304 -4.2222
v  -4.4467 9.4407 -4.2308
v  -4.4486 9.4471 -4.2407
v  -4.3812 9.4246 -4.2935
v  -4.3837 9.4432 -4.2921
v  -4.3861 9.4606 -4.2880
v  -4.3881 9.4755 -4.2814
v  -4.3897 9.4869 -4.2729
v  -4.3907 9.4941 -4.2629
v  -4.3910 9.4965 -4.2514
v  -4.3811 9.4243 -4.2101
v  -4.3837 9.4432 -4.2115
v  -4.3861 9.4606 -4.2157
v  -4.3881 9.4755 -4.2222
v  -4.3897 9.4869 -4.2308
v  -4.3907 9.4941 -4.2407
v  -4.3285 9.4572 -4.2921
v  -4.3285 9.4379 -4.2935
v  -4.3285 9.4751 -4.2880
v  -4.3285 9.4905 -4.2814
v  -4.3285 9.5023 -4.2729
v  -4.3285 9.5098 -4.2629
v  -4.3285 9.5123 -4.2514
v  -4.1152 9.0463 -4.2115
v  -4.1225 9.1482 -4.2115
v  -4.1061 9.0475 -4.2157
v  -4.1136 9.1528 -4.2157
v  -4.0982 9.0485 -4.2222
v  -4.1060 9.1568 -4.2222
v  -4.0922 9.0493 -4.2308
v  -4.1002 9.1599 -4.2308
v  -4.0885 9.0498 -4.2407
v  -4.0965 9.1618 -4.2407
v  -4.0872 9.0499 -4.2514
v  -4.0952 9.1624 -4.2514
v  -4.1152 9.0463 -4.2921
v  -4.1225 9.1482 -4.2921
v  -4.1136 9.1528 -4.2880
v  -4.1061 9.0475 -4.2880
v  -4.1060 9.1568 -4.2814
v  -4.0982 9.0485 -4.2814
v  -4.0922 9.0493 -4.2729
v  -4.1002 9.1599 -4.2729
v  -4.0965 9.1618 -4.2629
v  -4.0885 9.0498 -4.2629
v  -4.1525 9.2390 -4.2101
v  -4.1438 9.2488 -4.2115
v  -4.1358 9.2578 -4.2157
v  -4.1290 9.2655 -4.2222
v  -4.1238 9.2714 -4.2308
v  -4.1205 9.2751 -4.2407
v  -4.1194 9.2764 -4.2514
v  -4.1438 9.2488 -4.2921
v  -4.1525 9.2390 -4.2935
v  -4.1358 9.2578 -4.2880
v  -4.1290 9.2655 -4.2814
v  -4.1238 9.2714 -4.2729
v  -4.1205 9.2751 -4.2629
v  -4.1777 9.3352 -4.2115
v  -4.1848 9.3214 -4.2101
v  -4.1712 9.3479 -4.2157
v  -4.1656 9.3588 -4.2222
v  -4.1614 9.3672 -4.2308
v  -4.1587 9.3724 -4.2407
v  -4.1578 9.3742 -4.2514
v  -4.1848 9.3214 -4.2935
v  -4.1777 9.3352 -4.2921
v  -4.1712 9.3479 -4.2880
v  -4.1656 9.3588 -4.2814
v  -4.1614 9.3672 -4.2729
v  -4.1587 9.3724 -4.2629
v  -4.2219 9.4015 -4.2115
v  -4.2269 9.3846 -4.2101
v  -4.2173 9.4171 -4.2157
v  -4.2133 9.4304 -4.2222
v  -4.2103 9.4407 -4.2308
v  -4.2084 9.4471 -4.2407
v  -4.2078 9.4493 -4.2514
v  -4.2269 9.3846 -4.2935
v  -4.2219 9.4015 -4.2921
v  -4.2173 9.4171 -4.2880
v  -4.2133 9.4304 -4.2814
v  -4.2103 9.4407 -4.2729
v  -4.2084 9.4471 -4.2629
v  -4.2733 9.4432 -4.2115
v  -4.2759 9.4243 -4.2101
v  -4.2709 9.4606 -4.2157
v  -4.2689 9.4755 -4.2222
v  -4.2673 9.4869 -4.2308
v  -4.2663 9.4941 -4.2407
v  -4.2660 9.4965 -4.2514
v  -4.2759 9.4243 -4.2935
v  -4.2733 9.4432 -4.2921
v  -4.2709 9.4606 -4.2880
v  -4.2689 9.4755 -4.2814
v  -4.2673 9.4869 -4.2729
v  -4.2663 9.4941 -4.2629
v  -4.3285 9.4379 -4.2101
v  -4.3285 9.4572 -4.2115
v  -4.3285 9.4751 -4.2157
v  -4.3285 9.4905 -4.2222
v  -4.3285 9.5023 -4.2308
v  -4.3285 9.5098 -4.2407
v  -4.1150 0.5848 -4.2115
v  -4.1059 0.5848 -4.2157
v  -4.0981 0.5848 -4.2222
v  -4.0921 0.5848 -4.2308
v  -4.0883 0.5848 -4.2407
v  -4.0870 0.5848 -4.2514
v  -4.1150 0.5848 -4.2921
v  -4.1059 0.5848 -4.2880
v  -4.0981 0.5848 -4.2814
v  -4.0921 0.5848 -4.2729
v  -4.0883 0.5848 -4.2629
v  -4.5420 0.5848 -4.2921
v  -4.5511 0.5848 -4.2880
v  -4.5590 0.5848 -4.2814
v  -4.5650 0.5848 -4.2729
v  -4.5687 0.5848 -4.2629
v  -4.5700 0.5848 -4.2514
v  -4.5420 0.5848 -4.2115
v  -4.5511 0.5848 -4.2157
v  -4.5590 0.5848 -4.2222
v  -4.5650 0.5848 -4.2308
v  -4.5687 0.5848 -4.2407
v  -4.4938 9.0402 -4.2514
v  -4.4950 9.0403 -4.2629
v  -4.4894 9.1245 -4.2629
v  -4.4881 9.1238 -4.2514
v  -4.4988 9.0408 -4.2729
v  -4.4931 9.1264 -4.2729
v  -4.4989 9.1295 -4.2814
v  -4.5048 9.0416 -4.2814
v  -4.5126 9.0426 -4.2880
v  -4.5065 9.1335 -4.2880
v  -4.5217 9.0438 -4.2921
v  -4.5154 9.1381 -4.2921
v  -4.4894 9.1245 -4.2407
v  -4.4950 9.0403 -4.2407
v  -4.4931 9.1264 -4.2308
v  -4.4988 9.0408 -4.2308
v  -4.4989 9.1295 -4.2222
v  -4.5048 9.0416 -4.2222
v  -4.5126 9.0426 -4.2157
v  -4.5065 9.1335 -4.2157
v  -4.5154 9.1381 -4.2115
v  -4.5217 9.0438 -4.2115
v  -4.4716 9.2018 -4.2514
v  -4.4727 9.2031 -4.2629
v  -4.4760 9.2068 -4.2729
v  -4.4813 9.2127 -4.2814
v  -4.4881 9.2204 -4.2880
v  -4.4960 9.2294 -4.2921
v  -4.4727 9.2031 -4.2407
v  -4.4760 9.2068 -4.2308
v  -4.4813 9.2127 -4.2222
v  -4.4881 9.2204 -4.2157
v  -4.4960 9.2294 -4.2115
v  -4.4463 9.2705 -4.2629
v  -4.4454 9.2687 -4.2514
v  -4.4490 9.2758 -4.2729
v  -4.4532 9.2842 -4.2814
v  -4.4588 9.2951 -4.2880
v  -4.4653 9.3078 -4.2921
v  -4.4463 9.2705 -4.2407
v  -4.4490 9.2758 -4.2308
v  -4.4532 9.2842 -4.2222
v  -4.4588 9.2951 -4.2157
v  -4.4653 9.3078 -4.2115
v  -4.4118 9.3223 -4.2629
v  -4.4111 9.3201 -4.2514
v  -4.4137 9.3287 -4.2729
v  -4.4167 9.3390 -4.2814
v  -4.4207 9.3523 -4.2880
v  -4.4252 9.3679 -4.2921
v  -4.4118 9.3223 -4.2407
v  -4.4137 9.3287 -4.2308
v  -4.4167 9.3390 -4.2222
v  -4.4207 9.3523 -4.2157
v  -4.4252 9.3679 -4.2115
v  -4.3713 9.3524 -4.2514
v  -4.3716 9.3549 -4.2629
v  -4.3726 9.3620 -4.2729
v  -4.3742 9.3735 -4.2814
v  -4.3762 9.3884 -4.2880
v  -4.3786 9.4057 -4.2921
v  -4.3716 9.3549 -4.2407
v  -4.3726 9.3620 -4.2308
v  -4.3742 9.3735 -4.2222
v  -4.3762 9.3884 -4.2157
v  -4.3786 9.4057 -4.2115
v  -4.3285 9.3634 -4.2514
v  -4.3285 9.3660 -4.2629
v  -4.3285 9.3734 -4.2729
v  -4.3285 9.3852 -4.2814
v  -4.3285 9.4006 -4.2880
v  -4.3285 9.4186 -4.2921
v  -4.3285 9.3660 -4.2407
v  -4.3285 9.3734 -4.2308
v  -4.3285 9.3852 -4.2222
v  -4.3285 9.4006 -4.2157
v  -4.3285 9.4186 -4.2115
v  -4.1689 9.1238 -4.2514
v  -4.1633 9.0402 -4.2514
v  -4.1620 9.0403 -4.2407
v  -4.1677 9.1245 -4.2407
v  -4.1582 9.0408 -4.2308
v  -4.1640 9.1264 -4.2308
v  -4.1522 9.0416 -4.2222
v  -4.1581 9.1295 -4.2222
v  -4.1505 9.1335 -4.2157
v  -4.1444 9.0426 -4.2157
v  -4.1353 9.0438 -4.2115
v  -4.1417 9.1381 -4.2115
v  -4.1677 9.1245 -4.2629
v  -4.1620 9.0403 -4.2629
v  -4.1640 9.1264 -4.2729
v  -4.1582 9.0408 -4.2729
v  -4.1581 9.1295 -4.2814
v  -4.1522 9.0416 -4.2814
v  -4.1505 9.1335 -4.2880
v  -4.1444 9.0426 -4.2880
v  -4.1417 9.1381 -4.2921
v  -4.1353 9.0438 -4.2921
v  -4.1843 9.2031 -4.2407
v  -4.1854 9.2018 -4.2514
v  -4.1810 9.2068 -4.2308
v  -4.1758 9.2127 -4.2222
v  -4.1689 9.2204 -4.2157
v  -4.1610 9.2294 -4.2115
v  -4.1843 9.2031 -4.2629
v  -4.1810 9.2068 -4.2729
v  -4.1758 9.2127 -4.2814
v  -4.1689 9.2204 -4.2880
v  -4.1610 9.2294 -4.2921
v  -4.2117 9.2687 -4.2514
v  -4.2108 9.2705 -4.2407
v  -4.2081 9.2758 -4.2308
v  -4.2038 9.2842 -4.2222
v  -4.1982 9.2951 -4.2157
v  -4.1917 9.3078 -4.2115
v  -4.2108 9.2705 -4.2629
v  -4.2081 9.2758 -4.2729
v  -4.2038 9.2842 -4.2814
v  -4.1982 9.2951 -4.2880
v  -4.1917 9.3078 -4.2921
v  -4.2453 9.3223 -4.2407
v  -4.2459 9.3201 -4.2514
v  -4.2434 9.3287 -4.2308
v  -4.2403 9.3390 -4.2222
v  -4.2364 9.3523 -4.2157
v  -4.2318 9.3679 -4.2115
v  -4.2453 9.3223 -4.2629
v  -4.2434 9.3287 -4.2729
v  -4.2403 9.3390 -4.2814
v  -4.2364 9.3523 -4.2880
v  -4.2318 9.3679 -4.2921
v  -4.2858 9.3524 -4.2514
v  -4.2854 9.3549 -4.2407
v  -4.2844 9.3620 -4.2308
v  -4.2829 9.3735 -4.2222
v  -4.2808 9.3884 -4.2157
v  -4.2785 9.4057 -4.2115
v  -4.2854 9.3549 -4.2629
v  -4.2844 9.3620 -4.2729
v  -4.2829 9.3735 -4.2814
v  -4.2808 9.3884 -4.2880
v  -4.2785 9.4057 -4.2921
v  -4.1633 0.5848 -4.2514
v  -4.1620 0.5848 -4.2407
v  -4.1582 0.5848 -4.2308
v  -4.1522 0.5848 -4.2222
v  -4.1444 0.5848 -4.2157
v  -4.1353 0.5848 -4.2115
v  -4.1620 0.5848 -4.2629
v  -4.1582 0.5848 -4.2729
v  -4.1522 0.5848 -4.2814
v  -4.1444 0.5848 -4.2880
v  -4.1353 0.5848 -4.2921
v  -4.4950 0.5848 -4.2629
v  -4.4938 0.5848 -4.2514
v  -4.4988 0.5848 -4.2729
v  -4.5048 0.5848 -4.2814
v  -4.5126 0.5848 -4.2880
v  -4.5217 0.5848 -4.2921
v  -4.4950 0.5848 -4.2407
v  -4.4988 0.5848 -4.2308
v  -4.5048 0.5848 -4.2222
v  -4.5126 0.5848 -4.2157
v  -4.5217 0.5848 -4.2115
v  -3.3629 0.5848 -4.2935
v  -3.3629 9.0450 -4.2935
v  -3.3623 9.0451 -4.2935
v  -3.3622 0.5848 -4.2935
v  -3.7689 9.0450 -4.2935
v  -3.7689 0.5848 -4.2935
v  -3.7696 0.5848 -4.2935
v  -3.7694 9.0451 -4.2935
v  -3.3695 9.1431 -4.2935
v  -3.7624 9.1432 -4.2935
v  -3.3623 9.0451 -4.2101
v  -3.3695 9.1431 -4.2101
v  -3.3629 9.0450 -4.2101
v  -3.7624 9.1432 -4.2101
v  -3.7694 9.0451 -4.2101
v  -3.7689 9.0450 -4.2101
v  -3.3629 0.5848 -4.2101
v  -3.3622 0.5848 -4.2101
v  -3.7696 0.5848 -4.2101
v  -3.7689 0.5848 -4.2101
v  -3.7719 9.1482 -4.2921
v  -3.7792 9.0463 -4.2921
v  -3.7883 9.0475 -4.2880
v  -3.7808 9.1528 -4.2880
v  -3.7962 9.0485 -4.2814
v  -3.7884 9.1568 -4.2814
v  -3.8022 9.0493 -4.2729
v  -3.7942 9.1599 -4.2729
v  -3.8059 9.0498 -4.2629
v  -3.7979 9.1618 -4.2629
v  -3.8072 9.0499 -4.2514
v  -3.7992 9.1624 -4.2514
v  -3.7719 9.1482 -4.2115
v  -3.7792 9.0463 -4.2115
v  -3.7808 9.1528 -4.2157
v  -3.7883 9.0475 -4.2157
v  -3.7884 9.1568 -4.2222
v  -3.7962 9.0485 -4.2222
v  -3.7942 9.1599 -4.2308
v  -3.8022 9.0493 -4.2308
v  -3.7979 9.1618 -4.2407
v  -3.8059 9.0498 -4.2407
v  -3.7506 9.2488 -4.2921
v  -3.7421 9.2392 -4.2935
v  -3.7586 9.2578 -4.2880
v  -3.7654 9.2655 -4.2814
v  -3.7706 9.2714 -4.2729
v  -3.7739 9.2751 -4.2629
v  -3.7750 9.2764 -4.2514
v  -3.7506 9.2488 -4.2115
v  -3.7421 9.2392 -4.2101
v  -3.7586 9.2578 -4.2157
v  -3.7654 9.2655 -4.2222
v  -3.7706 9.2714 -4.2308
v  -3.7739 9.2751 -4.2407
v  -3.7167 9.3352 -4.2921
v  -3.7097 9.3216 -4.2935
v  -3.7232 9.3479 -4.2880
v  -3.7288 9.3588 -4.2814
v  -3.7330 9.3672 -4.2729
v  -3.7357 9.3724 -4.2629
v  -3.7366 9.3742 -4.2514
v  -3.7167 9.3352 -4.2115
v  -3.7097 9.3216 -4.2101
v  -3.7232 9.3479 -4.2157
v  -3.7288 9.3588 -4.2222
v  -3.7330 9.3672 -4.2308
v  -3.7357 9.3724 -4.2407
v  -3.6725 9.4015 -4.2921
v  -3.6676 9.3849 -4.2935
v  -3.6771 9.4171 -4.2880
v  -3.6811 9.4304 -4.2814
v  -3.6841 9.4407 -4.2729
v  -3.6860 9.4471 -4.2629
v  -3.6866 9.4493 -4.2514
v  -3.6676 9.3849 -4.2101
v  -3.6725 9.4015 -4.2115
v  -3.6771 9.4171 -4.2157
v  -3.6811 9.4304 -4.2222
v  -3.6841 9.4407 -4.2308
v  -3.6860 9.4471 -4.2407
v  -3.6211 9.4432 -4.2921
v  -3.6185 9.4246 -4.2935
v  -3.6235 9.4606 -4.2880
v  -3.6255 9.4755 -4.2814
v  -3.6271 9.4869 -4.2729
v  -3.6281 9.4941 -4.2629
v  -3.6284 9.4965 -4.2514
v  -3.6185 9.4243 -4.2101
v  -3.6211 9.4432 -4.2115
v  -3.6235 9.4606 -4.2157
v  -3.6255 9.4755 -4.2222
v  -3.6271 9.4869 -4.2308
v  -3.6281 9.4941 -4.2407
v  -3.5659 9.4379 -4.2935
v  -3.5659 9.4572 -4.2921
v  -3.5659 9.4751 -4.2880
v  -3.5659 9.4905 -4.2814
v  -3.5659 9.5023 -4.2729
v  -3.5659 9.5098 -4.2629
v  -3.5659 9.5123 -4.2514
v  -3.3525 9.0463 -4.2115
v  -3.3598 9.1482 -4.2115
v  -3.3434 9.0475 -4.2157
v  -3.3510 9.1528 -4.2157
v  -3.3356 9.0485 -4.2222
v  -3.3434 9.1568 -4.2222
v  -3.3296 9.0493 -4.2308
v  -3.3375 9.1599 -4.2308
v  -3.3258 9.0498 -4.2407
v  -3.3339 9.1618 -4.2407
v  -3.3245 9.0499 -4.2514
v  -3.3326 9.1624 -4.2514
v  -3.3525 9.0463 -4.2921
v  -3.3598 9.1482 -4.2921
v  -3.3510 9.1528 -4.2880
v  -3.3434 9.0475 -4.2880
v  -3.3434 9.1568 -4.2814
v  -3.3356 9.0485 -4.2814
v  -3.3375 9.1599 -4.2729
v  -3.3296 9.0493 -4.2729
v  -3.3339 9.1618 -4.2629
v  -3.3258 9.0498 -4.2629
v  -3.3812 9.2488 -4.2115
v  -3.3898 9.2390 -4.2101
v  -3.3732 9.2578 -4.2157
v  -3.3664 9.2655 -4.2222
v  -3.3612 9.2714 -4.2308
v  -3.3579 9.2751 -4.2407
v  -3.3567 9.2764 -4.2514
v  -3.3898 9.2390 -4.2935
v  -3.3812 9.2488 -4.2921
v  -3.3732 9.2578 -4.2880
v  -3.3664 9.2655 -4.2814
v  -3.3612 9.2714 -4.2729
v  -3.3579 9.2751 -4.2629
v  -3.4151 9.3352 -4.2115
v  -3.4221 9.3214 -4.2101
v  -3.4086 9.3479 -4.2157
v  -3.4030 9.3588 -4.2222
v  -3.3987 9.3672 -4.2308
v  -3.3960 9.3724 -4.2407
v  -3.3951 9.3742 -4.2514
v  -3.4151 9.3352 -4.2921
v  -3.4221 9.3214 -4.2935
v  -3.4086 9.3479 -4.2880
v  -3.4030 9.3588 -4.2814
v  -3.3987 9.3672 -4.2729
v  -3.3960 9.3724 -4.2629
v  -3.4592 9.4015 -4.2115
v  -3.4642 9.3846 -4.2101
v  -3.4546 9.4171 -4.2157
v  -3.4507 9.4304 -4.2222
v  -3.4477 9.4407 -4.2308
v  -3.4458 9.4471 -4.2407
v  -3.4451 9.4493 -4.2514
v  -3.4592 9.4015 -4.2921
v  -3.4642 9.3846 -4.2935
v  -3.4546 9.4171 -4.2880
v  -3.4507 9.4304 -4.2814
v  -3.4477 9.4407 -4.2729
v  -3.4458 9.4471 -4.2629
v  -3.5107 9.4432 -4.2115
v  -3.5133 9.4243 -4.2101
v  -3.5083 9.4606 -4.2157
v  -3.5063 9.4755 -4.2222
v  -3.5047 9.4869 -4.2308
v  -3.5037 9.4941 -4.2407
v  -3.5034 9.4965 -4.2514
v  -3.5107 9.4432 -4.2921
v  -3.5133 9.4243 -4.2935
v  -3.5083 9.4606 -4.2880
v  -3.5063 9.4755 -4.2814
v  -3.5047 9.4869 -4.2729
v  -3.5037 9.4941 -4.2629
v  -3.5659 9.4379 -4.2101
v  -3.5659 9.4572 -4.2115
v  -3.5659 9.4751 -4.2157
v  -3.5659 9.4905 -4.2222
v  -3.5659 9.5023 -4.2308
v  -3.5659 9.5098 -4.2407
v  -3.3524 0.5848 -4.2115
v  -3.3433 0.5848 -4.2157
v  -3.3354 0.5848 -4.2222
v  -3.3294 0.5848 -4.2308
v  -3.3257 0.5848 -4.2407
v  -3.3244 0.5848 -4.2514
v  -3.3524 0.5848 -4.2921
v  -3.3433 0.5848 -4.2880
v  -3.3354 0.5848 -4.2814
v  -3.3294 0.5848 -4.2729
v  -3.3257 0.5848 -4.2629
v  -3.7794 0.5848 -4.2921
v  -3.7885 0.5848 -4.2880
v  -3.7963 0.5848 -4.2814
v  -3.8023 0.5848 -4.2729
v  -3.8061 0.5848 -4.2629
v  -3.8074 0.5848 -4.2514
v  -3.7794 0.5848 -4.2115
v  -3.7885 0.5848 -4.2157
v  -3.7963 0.5848 -4.2222
v  -3.8023 0.5848 -4.2308
v  -3.8061 0.5848 -4.2407
v  -3.7324 9.0403 -4.2629
v  -3.7267 9.1245 -4.2629
v  -3.7255 9.1238 -4.2514
v  -3.7311 9.0402 -4.2514
v  -3.7362 9.0408 -4.2729
v  -3.7304 9.1264 -4.2729
v  -3.7422 9.0416 -4.2814
v  -3.7363 9.1295 -4.2814
v  -3.7500 9.0426 -4.2880
v  -3.7439 9.1335 -4.2880
v  -3.7591 9.0438 -4.2921
v  -3.7527 9.1381 -4.2921
v  -3.7267 9.1245 -4.2407
v  -3.7324 9.0403 -4.2407
v  -3.7304 9.1264 -4.2308
v  -3.7362 9.0408 -4.2308
v  -3.7363 9.1295 -4.2222
v  -3.7422 9.0416 -4.2222
v  -3.7439 9.1335 -4.2157
v  -3.7500 9.0426 -4.2157
v  -3.7527 9.1381 -4.2115
v  -3.7591 9.0438 -4.2115
v  -3.7090 9.2018 -4.2514
v  -3.7101 9.2031 -4.2629
v  -3.7134 9.2068 -4.2729
v  -3.7186 9.2127 -4.2814
v  -3.7255 9.2204 -4.2880
v  -3.7334 9.2294 -4.2921
v  -3.7101 9.2031 -4.2407
v  -3.7134 9.2068 -4.2308
v  -3.7186 9.2127 -4.2222
v  -3.7255 9.2204 -4.2157
v  -3.7334 9.2294 -4.2115
v  -3.6836 9.2705 -4.2629
v  -3.6827 9.2687 -4.2514
v  -3.6863 9.2758 -4.2729
v  -3.6906 9.2842 -4.2814
v  -3.6962 9.2951 -4.2880
v  -3.7027 9.3078 -4.2921
v  -3.6836 9.2705 -4.2407
v  -3.6863 9.2758 -4.2308
v  -3.6906 9.2842 -4.2222
v  -3.6962 9.2951 -4.2157
v  -3.7027 9.3078 -4.2115
v  -3.6485 9.3201 -4.2514
v  -3.6491 9.3223 -4.2629
v  -3.6511 9.3287 -4.2729
v  -3.6541 9.3390 -4.2814
v  -3.6580 9.3523 -4.2880
v  -3.6626 9.3679 -4.2921
v  -3.6491 9.3223 -4.2407
v  -3.6511 9.3287 -4.2308
v  -3.6541 9.3390 -4.2222
v  -3.6580 9.3523 -4.2157
v  -3.6626 9.3679 -4.2115
v  -3.6090 9.3549 -4.2629
v  -3.6086 9.3524 -4.2514
v  -3.6100 9.3620 -4.2729
v  -3.6115 9.3735 -4.2814
v  -3.6136 9.3884 -4.2880
v  -3.6160 9.4057 -4.2921
v  -3.6090 9.3549 -4.2407
v  -3.6100 9.3620 -4.2308
v  -3.6115 9.3735 -4.2222
v  -3.6136 9.3884 -4.2157
v  -3.6160 9.4057 -4.2115
v  -3.5659 9.3660 -4.2629
v  -3.5659 9.3634 -4.2514
v  -3.5659 9.3734 -4.2729
v  -3.5659 9.3852 -4.2814
v  -3.5659 9.4006 -4.2880
v  -3.5659 9.4186 -4.2921
v  -3.5659 9.3660 -4.2407
v  -3.5659 9.3734 -4.2308
v  -3.5659 9.3852 -4.2222
v  -3.5659 9.4006 -4.2157
v  -3.5659 9.4186 -4.2115
v  -3.3994 9.0403 -4.2407
v  -3.4050 9.1245 -4.2407
v  -3.4063 9.1238 -4.2514
v  -3.4006 9.0402 -4.2514
v  -3.3956 9.0408 -4.2308
v  -3.4014 9.1264 -4.2308
v  -3.3896 9.0416 -4.2222
v  -3.3955 9.1295 -4.2222
v  -3.3818 9.0426 -4.2157
v  -3.3879 9.1335 -4.2157
v  -3.3727 9.0438 -4.2115
v  -3.3790 9.1381 -4.2115
v  -3.4050 9.1245 -4.2629
v  -3.3994 9.0403 -4.2629
v  -3.4014 9.1264 -4.2729
v  -3.3956 9.0408 -4.2729
v  -3.3955 9.1295 -4.2814
v  -3.3896 9.0416 -4.2814
v  -3.3879 9.1335 -4.2880
v  -3.3818 9.0426 -4.2880
v  -3.3790 9.1381 -4.2921
v  -3.3727 9.0438 -4.2921
v  -3.4228 9.2018 -4.2514
v  -3.4217 9.2031 -4.2407
v  -3.4184 9.2068 -4.2308
v  -3.4131 9.2127 -4.2222
v  -3.4063 9.2204 -4.2157
v  -3.3984 9.2294 -4.2115
v  -3.4217 9.2031 -4.2629
v  -3.4184 9.2068 -4.2729
v  -3.4131 9.2127 -4.2814
v  -3.4063 9.2204 -4.2880
v  -3.3984 9.2294 -4.2921
v  -3.4481 9.2705 -4.2407
v  -3.4490 9.2687 -4.2514
v  -3.4454 9.2758 -4.2308
v  -3.4412 9.2842 -4.2222
v  -3.4356 9.2951 -4.2157
v  -3.4291 9.3078 -4.2115
v  -3.4481 9.2705 -4.2629
v  -3.4454 9.2758 -4.2729
v  -3.4412 9.2842 -4.2814
v  -3.4356 9.2951 -4.2880
v  -3.4291 9.3078 -4.2921
v  -3.4826 9.3223 -4.2407
v  -3.4833 9.3201 -4.2514
v  -3.4807 9.3287 -4.2308
v  -3.4777 9.3390 -4.2222
v  -3.4737 9.3523 -4.2157
v  -3.4692 9.3679 -4.2115
v  -3.4826 9.3223 -4.2629
v  -3.4807 9.3287 -4.2729
v  -3.4777 9.3390 -4.2814
v  -3.4737 9.3523 -4.2880
v  -3.4692 9.3679 -4.2921
v  -3.5228 9.3549 -4.2407
v  -3.5231 9.3524 -4.2514
v  -3.5218 9.3620 -4.2308
v  -3.5202 9.3735 -4.2222
v  -3.5182 9.3884 -4.2157
v  -3.5158 9.4057 -4.2115
v  -3.5228 9.3549 -4.2629
v  -3.5218 9.3620 -4.2729
v  -3.5202 9.3735 -4.2814
v  -3.5182 9.3884 -4.2880
v  -3.5158 9.4057 -4.2921
v  -3.4006 0.5848 -4.2514
v  -3.3994 0.5848 -4.2407
v  -3.3956 0.5848 -4.2308
v  -3.3896 0.5848 -4.2222
v  -3.3818 0.5848 -4.2157
v  -3.3727 0.5848 -4.2115
v  -3.3994 0.5848 -4.2629
v  -3.3956 0.5848 -4.2729
v  -3.3896 0.5848 -4.2814
v  -3.3818 0.5848 -4.2880
v  -3.3727 0.5848 -4.2921
v  -3.7311 0.5848 -4.2514
v  -3.7324 0.5848 -4.2629
v  -3.7362 0.5848 -4.2729
v  -3.7422 0.5848 -4.2814
v  -3.7500 0.5848 -4.2880
v  -3.7591 0.5848 -4.2921
v  -3.7324 0.5848 -4.2407
v  -3.7362 0.5848 -4.2308
v  -3.7422 0.5848 -4.2222
v  -3.7500 0.5848 -4.2157
v  -3.7591 0.5848 -4.2115
v  -2.6003 0.5848 -4.2935
v  -2.6003 9.0450 -4.2935
v  -2.5997 9.0451 -4.2935
v  -2.5995 0.5848 -4.2935
v  -3.0062 9.0450 -4.2935
v  -3.0062 0.5848 -4.2935
v  -3.0070 0.5848 -4.2935
v  -3.0068 9.0451 -4.2935
v  -2.6069 9.1431 -4.2935
v  -2.9998 9.1432 -4.2935
v  -2.5997 9.0451 -4.2101
v  -2.6069 9.1431 -4.2101
v  -2.6003 9.0450 -4.2101
v  -2.9998 9.1432 -4.2101
v  -3.0068 9.0451 -4.2101
v  -3.0062 9.0450 -4.2101
v  -2.5995 0.5848 -4.2101
v  -2.6003 0.5848 -4.2101
v  -3.0062 0.5848 -4.2101
v  -3.0070 0.5848 -4.2101
v  -3.0166 9.0463 -4.2921
v  -3.0093 9.1482 -4.2921
v  -3.0181 9.1528 -4.2880
v  -3.0257 9.0475 -4.2880
v  -3.0335 9.0485 -4.2814
v  -3.0258 9.1568 -4.2814
v  -3.0395 9.0493 -4.2729
v  -3.0316 9.1599 -4.2729
v  -3.0353 9.1618 -4.2629
v  -3.0433 9.0498 -4.2629
v  -3.0365 9.1624 -4.2514
v  -3.0446 9.0499 -4.2514
v  -3.0093 9.1482 -4.2115
v  -3.0166 9.0463 -4.2115
v  -3.0257 9.0475 -4.2157
v  -3.0181 9.1528 -4.2157
v  -3.0258 9.1568 -4.2222
v  -3.0335 9.0485 -4.2222
v  -3.0316 9.1599 -4.2308
v  -3.0395 9.0493 -4.2308
v  -3.0353 9.1618 -4.2407
v  -3.0433 9.0498 -4.2407
v  -2.9794 9.2392 -4.2935
v  -2.9880 9.2488 -4.2921
v  -2.9959 9.2578 -4.2880
v  -3.0027 9.2655 -4.2814
v  -3.0080 9.2714 -4.2729
v  -3.0113 9.2751 -4.2629
v  -3.0124 9.2764 -4.2514
v  -2.9794 9.2392 -4.2101
v  -2.9880 9.2488 -4.2115
v  -2.9959 9.2578 -4.2157
v  -3.0027 9.2655 -4.2222
v  -3.0080 9.2714 -4.2308
v  -3.0113 9.2751 -4.2407
v  -2.9471 9.3216 -4.2935
v  -2.9541 9.3352 -4.2921
v  -2.9606 9.3479 -4.2880
v  -2.9661 9.3588 -4.2814
v  -2.9704 9.3672 -4.2729
v  -2.9731 9.3724 -4.2629
v  -2.9740 9.3742 -4.2514
v  -2.9471 9.3216 -4.2101
v  -2.9541 9.3352 -4.2115
v  -2.9606 9.3479 -4.2157
v  -2.9661 9.3588 -4.2222
v  -2.9704 9.3672 -4.2308
v  -2.9731 9.3724 -4.2407
v  -2.9099 9.4015 -4.2921
v  -2.9050 9.3849 -4.2935
v  -2.9145 9.4171 -4.2880
v  -2.9184 9.4304 -4.2814
v  -2.9214 9.4407 -4.2729
v  -2.9234 9.4471 -4.2629
v  -2.9240 9.4493 -4.2514
v  -2.9050 9.3849 -4.2101
v  -2.9099 9.4015 -4.2115
v  -2.9145 9.4171 -4.2157
v  -2.9184 9.4304 -4.2222
v  -2.9214 9.4407 -4.2308
v  -2.9234 9.4471 -4.2407
v  -2.8585 9.4432 -4.2921
v  -2.8559 9.4246 -4.2935
v  -2.8608 9.4606 -4.2880
v  -2.8629 9.4755 -4.2814
v  -2.8644 9.4869 -4.2729
v  -2.8654 9.4941 -4.2629
v  -2.8658 9.4965 -4.2514
v  -2.8585 9.4432 -4.2115
v  -2.8559 9.4243 -4.2101
v  -2.8608 9.4606 -4.2157
v  -2.8629 9.4755 -4.2222
v  -2.8644 9.4869 -4.2308
v  -2.8654 9.4941 -4.2407
v  -2.8032 9.4572 -4.2921
v  -2.8032 9.4379 -4.2935
v  -2.8032 9.4751 -4.2880
v  -2.8032 9.4905 -4.2814
v  -2.8032 9.5023 -4.2729
v  -2.8032 9.5098 -4.2629
v  -2.8032 9.5123 -4.2514
v  -2.5899 9.0463 -4.2115
v  -2.5972 9.1482 -4.2115
v  -2.5808 9.0475 -4.2157
v  -2.5883 9.1528 -4.2157
v  -2.5730 9.0485 -4.2222
v  -2.5807 9.1568 -4.2222
v  -2.5670 9.0493 -4.2308
v  -2.5749 9.1599 -4.2308
v  -2.5712 9.1618 -4.2407
v  -2.5632 9.0498 -4.2407
v  -2.5619 9.0499 -4.2514
v  -2.5700 9.1624 -4.2514
v  -2.5972 9.1482 -4.2921
v  -2.5899 9.0463 -4.2921
v  -2.5808 9.0475 -4.2880
v  -2.5883 9.1528 -4.2880
v  -2.5730 9.0485 -4.2814
v  -2.5807 9.1568 -4.2814
v  -2.5670 9.0493 -4.2729
v  -2.5749 9.1599 -4.2729
v  -2.5712 9.1618 -4.2629
v  -2.5632 9.0498 -4.2629
v  -2.6185 9.2488 -4.2115
v  -2.6272 9.2390 -4.2101
v  -2.6106 9.2578 -4.2157
v  -2.6038 9.2655 -4.2222
v  -2.5985 9.2714 -4.2308
v  -2.5952 9.2751 -4.2407
v  -2.5941 9.2764 -4.2514
v  -2.6272 9.2390 -4.2935
v  -2.6185 9.2488 -4.2921
v  -2.6106 9.2578 -4.2880
v  -2.6038 9.2655 -4.2814
v  -2.5985 9.2714 -4.2729
v  -2.5952 9.2751 -4.2629
v  -2.6595 9.3214 -4.2101
v  -2.6524 9.3352 -4.2115
v  -2.6459 9.3479 -4.2157
v  -2.6404 9.3588 -4.2222
v  -2.6361 9.3672 -4.2308
v  -2.6334 9.3724 -4.2407
v  -2.6325 9.3742 -4.2514
v  -2.6595 9.3214 -4.2935
v  -2.6524 9.3352 -4.2921
v  -2.6459 9.3479 -4.2880
v  -2.6404 9.3588 -4.2814
v  -2.6361 9.3672 -4.2729
v  -2.6334 9.3724 -4.2629
v  -2.6966 9.4015 -4.2115
v  -2.7016 9.3846 -4.2101
v  -2.6920 9.4171 -4.2157
v  -2.6881 9.4304 -4.2222
v  -2.6850 9.4407 -4.2308
v  -2.6831 9.4471 -4.2407
v  -2.6825 9.4493 -4.2514
v  -2.7016 9.3846 -4.2935
v  -2.6966 9.4015 -4.2921
v  -2.6920 9.4171 -4.2880
v  -2.6881 9.4304 -4.2814
v  -2.6850 9.4407 -4.2729
v  -2.6831 9.4471 -4.2629
v  -2.7480 9.4432 -4.2115
v  -2.7506 9.4243 -4.2101
v  -2.7457 9.4606 -4.2157
v  -2.7436 9.4755 -4.2222
v  -2.7421 9.4869 -4.2308
v  -2.7411 9.4941 -4.2407
v  -2.7407 9.4965 -4.2514
v  -2.7506 9.4243 -4.2935
v  -2.7480 9.4432 -4.2921
v  -2.7457 9.4606 -4.2880
v  -2.7436 9.4755 -4.2814
v  -2.7421 9.4869 -4.2729
v  -2.7411 9.4941 -4.2629
v  -2.8032 9.4379 -4.2101
v  -2.8032 9.4572 -4.2115
v  -2.8032 9.4751 -4.2157
v  -2.8032 9.4905 -4.2222
v  -2.8032 9.5023 -4.2308
v  -2.8032 9.5098 -4.2407
v  -2.5897 0.5848 -4.2115
v  -2.5806 0.5848 -4.2157
v  -2.5728 0.5848 -4.2222
v  -2.5668 0.5848 -4.2308
v  -2.5630 0.5848 -4.2407
v  -2.5617 0.5848 -4.2514
v  -2.5897 0.5848 -4.2921
v  -2.5806 0.5848 -4.2880
v  -2.5728 0.5848 -4.2814
v  -2.5668 0.5848 -4.2729
v  -2.5630 0.5848 -4.2629
v  -3.0168 0.5848 -4.2921
v  -3.0259 0.5848 -4.2880
v  -3.0337 0.5848 -4.2814
v  -3.0397 0.5848 -4.2729
v  -3.0435 0.5848 -4.2629
v  -3.0448 0.5848 -4.2514
v  -3.0168 0.5848 -4.2115
v  -3.0259 0.5848 -4.2157
v  -3.0337 0.5848 -4.2222
v  -3.0397 0.5848 -4.2308
v  -3.0435 0.5848 -4.2407
v  -2.9698 9.0403 -4.2629
v  -2.9641 9.1245 -4.2629
v  -2.9629 9.1238 -4.2514
v  -2.9685 9.0402 -4.2514
v  -2.9735 9.0408 -4.2729
v  -2.9678 9.1264 -4.2729
v  -2.9736 9.1295 -4.2814
v  -2.9795 9.0416 -4.2814
v  -2.9874 9.0426 -4.2880
v  -2.9812 9.1335 -4.2880
v  -2.9901 9.1381 -4.2921
v  -2.9965 9.0438 -4.2921
v  -2.9641 9.1245 -4.2407
v  -2.9698 9.0403 -4.2407
v  -2.9678 9.1264 -4.2308
v  -2.9735 9.0408 -4.2308
v  -2.9795 9.0416 -4.2222
v  -2.9736 9.1295 -4.2222
v  -2.9812 9.1335 -4.2157
v  -2.9874 9.0426 -4.2157
v  -2.9901 9.1381 -4.2115
v  -2.9965 9.0438 -4.2115
v  -2.9463 9.2018 -4.2514
v  -2.9475 9.2031 -4.2629
v  -2.9508 9.2068 -4.2729
v  -2.9560 9.2127 -4.2814
v  -2.9628 9.2204 -4.2880
v  -2.9708 9.2294 -4.2921
v  -2.9475 9.2031 -4.2407
v  -2.9508 9.2068 -4.2308
v  -2.9560 9.2127 -4.2222
v  -2.9628 9.2204 -4.2157
v  -2.9708 9.2294 -4.2115
v  -2.9201 9.2687 -4.2514
v  -2.9210 9.2705 -4.2629
v  -2.9237 9.2758 -4.2729
v  -2.9280 9.2842 -4.2814
v  -2.9335 9.2951 -4.2880
v  -2.9400 9.3078 -4.2921
v  -2.9210 9.2705 -4.2407
v  -2.9237 9.2758 -4.2308
v  -2.9280 9.2842 -4.2222
v  -2.9335 9.2951 -4.2157
v  -2.9400 9.3078 -4.2115
v  -2.8865 9.3223 -4.2629
v  -2.8859 9.3201 -4.2514
v  -2.8884 9.3287 -4.2729
v  -2.8914 9.3390 -4.2814
v  -2.8954 9.3523 -4.2880
v  -2.9000 9.3679 -4.2921
v  -2.8865 9.3223 -4.2407
v  -2.8884 9.3287 -4.2308
v  -2.8914 9.3390 -4.2222
v  -2.8954 9.3523 -4.2157
v  -2.9000 9.3679 -4.2115
v  -2.8460 9.3524 -4.2514
v  -2.8463 9.3549 -4.2629
v  -2.8473 9.3620 -4.2729
v  -2.8489 9.3735 -4.2814
v  -2.8509 9.3884 -4.2880
v  -2.8533 9.4057 -4.2921
v  -2.8463 9.3549 -4.2407
v  -2.8473 9.3620 -4.2308
v  -2.8489 9.3735 -4.2222
v  -2.8509 9.3884 -4.2157
v  -2.8533 9.4057 -4.2115
v  -2.8032 9.3634 -4.2514
v  -2.8032 9.3660 -4.2629
v  -2.8032 9.3734 -4.2729
v  -2.8032 9.3852 -4.2814
v  -2.8032 9.4006 -4.2880
v  -2.8032 9.4186 -4.2921
v  -2.8032 9.3660 -4.2407
v  -2.8032 9.3734 -4.2308
v  -2.8032 9.3852 -4.2222
v  -2.8032 9.4006 -4.2157
v  -2.8032 9.4186 -4.2115
v  -2.6367 9.0403 -4.2407
v  -2.6424 9.1245 -4.2407
v  -2.6436 9.1238 -4.2514
v  -2.6380 9.0402 -4.2514
v  -2.6330 9.0408 -4.2308
v  -2.6387 9.1264 -4.2308
v  -2.6329 9.1295 -4.2222
v  -2.6270 9.0416 -4.2222
v  -2.6191 9.0426 -4.2157
v  -2.6253 9.1335 -4.2157
v  -2.6164 9.1381 -4.2115
v  -2.6100 9.0438 -4.2115
v  -2.6424 9.1245 -4.2629
v  -2.6367 9.0403 -4.2629
v  -2.6387 9.1264 -4.2729
v  -2.6330 9.0408 -4.2729
v  -2.6270 9.0416 -4.2814
v  -2.6329 9.1295 -4.2814
v  -2.6191 9.0426 -4.2880
v  -2.6253 9.1335 -4.2880
v  -2.6164 9.1381 -4.2921
v  -2.6100 9.0438 -4.2921
v  -2.6601 9.2018 -4.2514
v  -2.6590 9.2031 -4.2407
v  -2.6557 9.2068 -4.2308
v  -2.6505 9.2127 -4.2222
v  -2.6437 9.2204 -4.2157
v  -2.6357 9.2294 -4.2115
v  -2.6590 9.2031 -4.2629
v  -2.6557 9.2068 -4.2729
v  -2.6505 9.2127 -4.2814
v  -2.6437 9.2204 -4.2880
v  -2.6357 9.2294 -4.2921
v  -2.6855 9.2705 -4.2407
v  -2.6864 9.2687 -4.2514
v  -2.6828 9.2758 -4.2308
v  -2.6785 9.2842 -4.2222
v  -2.6730 9.2951 -4.2157
v  -2.6665 9.3078 -4.2115
v  -2.6855 9.2705 -4.2629
v  -2.6828 9.2758 -4.2729
v  -2.6785 9.2842 -4.2814
v  -2.6730 9.2951 -4.2880
v  -2.6665 9.3078 -4.2921
v  -2.7206 9.3201 -4.2514
v  -2.7200 9.3223 -4.2407
v  -2.7181 9.3287 -4.2308
v  -2.7151 9.3390 -4.2222
v  -2.7111 9.3523 -4.2157
v  -2.7065 9.3679 -4.2115
v  -2.7200 9.3223 -4.2629
v  -2.7181 9.3287 -4.2729
v  -2.7151 9.3390 -4.2814
v  -2.7111 9.3523 -4.2880
v  -2.7065 9.3679 -4.2921
v  -2.7601 9.3549 -4.2407
v  -2.7605 9.3524 -4.2514
v  -2.7592 9.3620 -4.2308
v  -2.7576 9.3735 -4.2222
v  -2.7556 9.3884 -4.2157
v  -2.7532 9.4057 -4.2115
v  -2.7601 9.3549 -4.2629
v  -2.7592 9.3620 -4.2729
v  -2.7576 9.3735 -4.2814
v  -2.7556 9.3884 -4.2880
v  -2.7532 9.4057 -4.2921
v  -2.6380 0.5848 -4.2514
v  -2.6367 0.5848 -4.2407
v  -2.6330 0.5848 -4.2308
v  -2.6270 0.5848 -4.2222
v  -2.6191 0.5848 -4.2157
v  -2.6100 0.5848 -4.2115
v  -2.6367 0.5848 -4.2629
v  -2.6330 0.5848 -4.2729
v  -2.6270 0.5848 -4.2814
v  -2.6191 0.5848 -4.2880
v  -2.6100 0.5848 -4.2921
v  -2.9685 0.5848 -4.2514
v  -2.9698 0.5848 -4.2629
v  -2.9735 0.5848 -4.2729
v  -2.9795 0.5848 -4.2814
v  -2.9874 0.5848 -4.2880
v  -2.9965 0.5848 -4.2921
v  -2.9698 0.5848 -4.2407
v  -2.9735 0.5848 -4.2308
v  -2.9795 0.5848 -4.2222
v  -2.9874 0.5848 -4.2157
v  -2.9965 0.5848 -4.2115
v  -1.8376 0.5848 -4.2935
v  -1.8376 9.0450 -4.2935
v  -1.8370 9.0451 -4.2935
v  -1.8369 0.5848 -4.2935
v  -2.2436 9.0450 -4.2935
v  -2.2436 0.5848 -4.2935
v  -2.2443 0.5848 -4.2935
v  -2.2442 9.0451 -4.2935
v  -1.8442 9.1431 -4.2935
v  -2.2371 9.1432 -4.2935
v  -1.8370 9.0451 -4.2101
v  -1.8442 9.1431 -4.2101
v  -1.8376 9.0450 -4.2101
v  -2.2371 9.1432 -4.2101
v  -2.2442 9.0451 -4.2101
v  -2.2436 9.0450 -4.2101
v  -1.8369 0.5848 -4.2101
v  -1.8376 0.5848 -4.2101
v  -2.2443 0.5848 -4.2101
v  -2.2436 0.5848 -4.2101
v  -2.2540 9.0463 -4.2921
v  -2.2467 9.1482 -4.2921
v  -2.2555 9.1528 -4.2880
v  -2.2631 9.0475 -4.2880
v  -2.2709 9.0485 -4.2814
v  -2.2631 9.1568 -4.2814
v  -2.2769 9.0493 -4.2729
v  -2.2690 9.1599 -4.2729
v  -2.2726 9.1618 -4.2629
v  -2.2807 9.0498 -4.2629
v  -2.2739 9.1624 -4.2514
v  -2.2820 9.0499 -4.2514
v  -2.2467 9.1482 -4.2115
v  -2.2540 9.0463 -4.2115
v  -2.2631 9.0475 -4.2157
v  -2.2555 9.1528 -4.2157
v  -2.2631 9.1568 -4.2222
v  -2.2709 9.0485 -4.2222
v  -2.2690 9.1599 -4.2308
v  -2.2769 9.0493 -4.2308
v  -2.2726 9.1618 -4.2407
v  -2.2807 9.0498 -4.2407
v  -2.2168 9.2392 -4.2935
v  -2.2253 9.2488 -4.2921
v  -2.2333 9.2578 -4.2880
v  -2.2401 9.2655 -4.2814
v  -2.2453 9.2714 -4.2729
v  -2.2486 9.2751 -4.2629
v  -2.2498 9.2764 -4.2514
v  -2.2168 9.2392 -4.2101
v  -2.2253 9.2488 -4.2115
v  -2.2333 9.2578 -4.2157
v  -2.2401 9.2655 -4.2222
v  -2.2453 9.2714 -4.2308
v  -2.2486 9.2751 -4.2407
v  -2.1845 9.3216 -4.2935
v  -2.1914 9.3352 -4.2921
v  -2.1979 9.3479 -4.2880
v  -2.2035 9.3588 -4.2814
v  -2.2078 9.3672 -4.2729
v  -2.2105 9.3724 -4.2629
v  -2.2114 9.3742 -4.2514
v  -2.1845 9.3216 -4.2101
v  -2.1914 9.3352 -4.2115
v  -2.1979 9.3479 -4.2157
v  -2.2035 9.3588 -4.2222
v  -2.2078 9.3672 -4.2308
v  -2.2105 9.3724 -4.2407
v  -2.1473 9.4015 -4.2921
v  -2.1423 9.3849 -4.2935
v  -2.1519 9.4171 -4.2880
v  -2.1558 9.4304 -4.2814
v  -2.1588 9.4407 -4.2729
v  -2.1607 9.4471 -4.2629
v  -2.1614 9.4493 -4.2514
v  -2.1423 9.3849 -4.2101
v  -2.1473 9.4015 -4.2115
v  -2.1519 9.4171 -4.2157
v  -2.1558 9.4304 -4.2222
v  -2.1588 9.4407 -4.2308
v  -2.1607 9.4471 -4.2407
v  -2.0958 9.4432 -4.2921
v  -2.0933 9.4246 -4.2935
v  -2.0982 9.4606 -4.2880
v  -2.1002 9.4755 -4.2814
v  -2.1018 9.4869 -4.2729
v  -2.1028 9.4941 -4.2629
v  -2.1031 9.4965 -4.2514
v  -2.0958 9.4432 -4.2115
v  -2.0932 9.4243 -4.2101
v  -2.0982 9.4606 -4.2157
v  -2.1002 9.4755 -4.2222
v  -2.1018 9.4869 -4.2308
v  -2.1028 9.4941 -4.2407
v  -2.0406 9.4572 -4.2921
v  -2.0406 9.4379 -4.2935
v  -2.0406 9.4751 -4.2880
v  -2.0406 9.4905 -4.2814
v  -2.0406 9.5023 -4.2729
v  -2.0406 9.5098 -4.2629
v  -2.0406 9.5123 -4.2514
v  -1.8273 9.0463 -4.2115
v  -1.8346 9.1482 -4.2115
v  -1.8182 9.0475 -4.2157
v  -1.8257 9.1528 -4.2157
v  -1.8103 9.0485 -4.2222
v  -1.8181 9.1568 -4.2222
v  -1.8043 9.0493 -4.2308
v  -1.8123 9.1599 -4.2308
v  -1.8086 9.1618 -4.2407
v  -1.8006 9.0498 -4.2407
v  -1.7993 9.0499 -4.2514
v  -1.8073 9.1624 -4.2514
v  -1.8346 9.1482 -4.2921
v  -1.8273 9.0463 -4.2921
v  -1.8182 9.0475 -4.2880
v  -1.8257 9.1528 -4.2880
v  -1.8181 9.1568 -4.2814
v  -1.8103 9.0485 -4.2814
v  -1.8043 9.0493 -4.2729
v  -1.8123 9.1599 -4.2729
v  -1.8086 9.1618 -4.2629
v  -1.8006 9.0498 -4.2629
v  -1.8559 9.2488 -4.2115
v  -1.8646 9.2390 -4.2101
v  -1.8479 9.2578 -4.2157
v  -1.8411 9.2655 -4.2222
v  -1.8359 9.2714 -4.2308
v  -1.8326 9.2751 -4.2407
v  -1.8315 9.2764 -4.2514
v  -1.8646 9.2390 -4.2935
v  -1.8559 9.2488 -4.2921
v  -1.8479 9.2578 -4.2880
v  -1.8411 9.2655 -4.2814
v  -1.8359 9.2714 -4.2729
v  -1.8326 9.2751 -4.2629
v  -1.8969 9.3214 -4.2101
v  -1.8898 9.3352 -4.2115
v  -1.8833 9.3479 -4.2157
v  -1.8777 9.3588 -4.2222
v  -1.8734 9.3672 -4.2308
v  -1.8708 9.3724 -4.2407
v  -1.8698 9.3742 -4.2514
v  -1.8969 9.3214 -4.2935
v  -1.8898 9.3352 -4.2921
v  -1.8833 9.3479 -4.2880
v  -1.8777 9.3588 -4.2814
v  -1.8734 9.3672 -4.2729
v  -1.8708 9.3724 -4.2629
v  -1.9340 9.4015 -4.2115
v  -1.9390 9.3846 -4.2101
v  -1.9294 9.4171 -4.2157
v  -1.9254 9.4304 -4.2222
v  -1.9224 9.4407 -4.2308
v  -1.9205 9.4471 -4.2407
v  -1.9199 9.4493 -4.2514
v  -1.9390 9.3846 -4.2935
v  -1.9340 9.4015 -4.2921
v  -1.9294 9.4171 -4.2880
v  -1.9254 9.4304 -4.2814
v  -1.9224 9.4407 -4.2729
v  -1.9205 9.4471 -4.2629
v  -1.9854 9.4432 -4.2115
v  -1.9880 9.4243 -4.2101
v  -1.9830 9.4606 -4.2157
v  -1.9810 9.4755 -4.2222
v  -1.9794 9.4869 -4.2308
v  -1.9784 9.4941 -4.2407
v  -1.9781 9.4965 -4.2514
v  -1.9880 9.4243 -4.2935
v  -1.9854 9.4432 -4.2921
v  -1.9830 9.4606 -4.2880
v  -1.9810 9.4755 -4.2814
v  -1.9794 9.4869 -4.2729
v  -1.9784 9.4941 -4.2629
v  -2.0406 9.4379 -4.2101
v  -2.0406 9.4572 -4.2115
v  -2.0406 9.4751 -4.2157
v  -2.0406 9.4905 -4.2222
v  -2.0406 9.5023 -4.2308
v  -2.0406 9.5098 -4.2407
v  -1.8271 0.5848 -4.2115
v  -1.8180 0.5848 -4.2157
v  -1.8102 0.5848 -4.2222
v  -1.8042 0.5848 -4.2308
v  -1.8004 0.5848 -4.2407
v  -1.7991 0.5848 -4.2514
v  -1.8271 0.5848 -4.2921
v  -1.8180 0.5848 -4.2880
v  -1.8102 0.5848 -4.2814
v  -1.8042 0.5848 -4.2729
v  -1.8004 0.5848 -4.2629
v  -2.2541 0.5848 -4.2921
v  -2.2632 0.5848 -4.2880
v  -2.2711 0.5848 -4.2814
v  -2.2771 0.5848 -4.2729
v  -2.2808 0.5848 -4.2629
v  -2.2821 0.5848 -4.2514
v  -2.2541 0.5848 -4.2115
v  -2.2632 0.5848 -4.2157
v  -2.2711 0.5848 -4.2222
v  -2.2771 0.5848 -4.2308
v  -2.2808 0.5848 -4.2407
v  -2.2071 9.0403 -4.2629
v  -2.2015 9.1245 -4.2629
v  -2.2002 9.1238 -4.2514
v  -2.2059 9.0402 -4.2514
v  -2.2109 9.0408 -4.2729
v  -2.2051 9.1264 -4.2729
v  -2.2110 9.1295 -4.2814
v  -2.2169 9.0416 -4.2814
v  -2.2247 9.0426 -4.2880
v  -2.2186 9.1335 -4.2880
v  -2.2275 9.1381 -4.2921
v  -2.2338 9.0438 -4.2921
v  -2.2015 9.1245 -4.2407
v  -2.2071 9.0403 -4.2407
v  -2.2051 9.1264 -4.2308
v  -2.2109 9.0408 -4.2308
v  -2.2169 9.0416 -4.2222
v  -2.2110 9.1295 -4.2222
v  -2.2186 9.1335 -4.2157
v  -2.2247 9.0426 -4.2157
v  -2.2275 9.1381 -4.2115
v  -2.2338 9.0438 -4.2115
v  -2.1837 9.2018 -4.2514
v  -2.1848 9.2031 -4.2629
v  -2.1881 9.2068 -4.2729
v  -2.1934 9.2127 -4.2814
v  -2.2002 9.2204 -4.2880
v  -2.2081 9.2294 -4.2921
v  -2.1848 9.2031 -4.2407
v  -2.1881 9.2068 -4.2308
v  -2.1934 9.2127 -4.2222
v  -2.2002 9.2204 -4.2157
v  -2.2081 9.2294 -4.2115
v  -2.1575 9.2687 -4.2514
v  -2.1584 9.2705 -4.2629
v  -2.1611 9.2758 -4.2729
v  -2.1653 9.2842 -4.2814
v  -2.1709 9.2951 -4.2880
v  -2.1774 9.3078 -4.2921
v  -2.1584 9.2705 -4.2407
v  -2.1611 9.2758 -4.2308
v  -2.1653 9.2842 -4.2222
v  -2.1709 9.2951 -4.2157
v  -2.1774 9.3078 -4.2115
v  -2.1239 9.3223 -4.2629
v  -2.1232 9.3201 -4.2514
v  -2.1258 9.3287 -4.2729
v  -2.1288 9.3390 -4.2814
v  -2.1327 9.3523 -4.2880
v  -2.1373 9.3679 -4.2921
v  -2.1239 9.3223 -4.2407
v  -2.1258 9.3287 -4.2308
v  -2.1288 9.3390 -4.2222
v  -2.1327 9.3523 -4.2157
v  -2.1373 9.3679 -4.2115
v  -2.0834 9.3524 -4.2514
v  -2.0837 9.3549 -4.2629
v  -2.0847 9.3620 -4.2729
v  -2.0863 9.3735 -4.2814
v  -2.0883 9.3884 -4.2880
v  -2.0907 9.4057 -4.2921
v  -2.0837 9.3549 -4.2407
v  -2.0847 9.3620 -4.2308
v  -2.0863 9.3735 -4.2222
v  -2.0883 9.3884 -4.2157
v  -2.0907 9.4057 -4.2115
v  -2.0406 9.3634 -4.2514
v  -2.0406 9.3660 -4.2629
v  -2.0406 9.3734 -4.2729
v  -2.0406 9.3852 -4.2814
v  -2.0406 9.4006 -4.2880
v  -2.0406 9.4186 -4.2921
v  -2.0406 9.3660 -4.2407
v  -2.0406 9.3734 -4.2308
v  -2.0406 9.3852 -4.2222
v  -2.0406 9.4006 -4.2157
v  -2.0406 9.4186 -4.2115
v  -1.8741 9.0403 -4.2407
v  -1.8798 9.1245 -4.2407
v  -1.8810 9.1238 -4.2514
v  -1.8754 9.0402 -4.2514
v  -1.8703 9.0408 -4.2308
v  -1.8761 9.1264 -4.2308
v  -1.8643 9.0416 -4.2222
v  -1.8702 9.1295 -4.2222
v  -1.8565 9.0426 -4.2157
v  -1.8626 9.1335 -4.2157
v  -1.8538 9.1381 -4.2115
v  -1.8474 9.0437 -4.2115
v  -1.8798 9.1245 -4.2629
v  -1.8741 9.0403 -4.2629
v  -1.8761 9.1264 -4.2729
v  -1.8703 9.0408 -4.2729
v  -1.8643 9.0416 -4.2814
v  -1.8702 9.1295 -4.2814
v  -1.8565 9.0426 -4.2880
v  -1.8626 9.1335 -4.2880
v  -1.8538 9.1381 -4.2921
v  -1.8474 9.0437 -4.2921
v  -1.8975 9.2018 -4.2514
v  -1.8964 9.2031 -4.2407
v  -1.8931 9.2068 -4.2308
v  -1.8879 9.2127 -4.2222
v  -1.8810 9.2204 -4.2157
v  -1.8731 9.2294 -4.2115
v  -1.8964 9.2031 -4.2629
v  -1.8931 9.2068 -4.2729
v  -1.8879 9.2127 -4.2814
v  -1.8810 9.2204 -4.2880
v  -1.8731 9.2294 -4.2921
v  -1.9229 9.2705 -4.2407
v  -1.9238 9.2687 -4.2514
v  -1.9202 9.2758 -4.2308
v  -1.9159 9.2842 -4.2222
v  -1.9103 9.2951 -4.2157
v  -1.9038 9.3078 -4.2115
v  -1.9229 9.2705 -4.2629
v  -1.9202 9.2758 -4.2729
v  -1.9159 9.2842 -4.2814
v  -1.9103 9.2951 -4.2880
v  -1.9038 9.3078 -4.2921
v  -1.9573 9.3223 -4.2407
v  -1.9580 9.3201 -4.2514
v  -1.9554 9.3287 -4.2308
v  -1.9524 9.3390 -4.2222
v  -1.9485 9.3523 -4.2157
v  -1.9439 9.3679 -4.2115
v  -1.9573 9.3223 -4.2629
v  -1.9554 9.3287 -4.2729
v  -1.9524 9.3390 -4.2814
v  -1.9485 9.3523 -4.2880
v  -1.9439 9.3679 -4.2921
v  -1.9975 9.3549 -4.2407
v  -1.9978 9.3524 -4.2514
v  -1.9965 9.3620 -4.2308
v  -1.9950 9.3735 -4.2222
v  -1.9929 9.3884 -4.2157
v  -1.9905 9.4057 -4.2115
v  -1.9975 9.3549 -4.2629
v  -1.9965 9.3620 -4.2729
v  -1.9950 9.3735 -4.2814
v  -1.9929 9.3884 -4.2880
v  -1.9905 9.4057 -4.2921
v  -1.8754 0.5848 -4.2514
v  -1.8741 0.5848 -4.2407
v  -1.8703 0.5848 -4.2308
v  -1.8643 0.5848 -4.2222
v  -1.8565 0.5848 -4.2157
v  -1.8474 0.5848 -4.2115
v  -1.8741 0.5848 -4.2629
v  -1.8703 0.5848 -4.2729
v  -1.8643 0.5848 -4.2814
v  -1.8565 0.5848 -4.2880
v  -1.8474 0.5848 -4.2921
v  -2.2059 0.5848 -4.2514
v  -2.2071 0.5848 -4.2629
v  -2.2109 0.5848 -4.2729
v  -2.2169 0.5848 -4.2814
v  -2.2247 0.5848 -4.2880
v  -2.2338 0.5848 -4.2921
v  -2.2071 0.5848 -4.2407
v  -2.2109 0.5848 -4.2308
v  -2.2169 0.5848 -4.2222
v  -2.2247 0.5848 -4.2157
v  -2.2338 0.5848 -4.2115
v  -1.0750 0.5848 -4.2935
v  -1.0750 9.0450 -4.2935
v  -1.0744 9.0451 -4.2935
v  -1.0742 0.5848 -4.2935
v  -1.4809 9.0450 -4.2935
v  -1.4809 0.5848 -4.2935
v  -1.4817 0.5848 -4.2935
v  -1.4815 9.0451 -4.2935
v  -1.0816 9.1431 -4.2935
v  -1.4745 9.1432 -4.2935
v  -1.0744 9.0451 -4.2101
v  -1.0816 9.1431 -4.2101
v  -1.0750 9.0450 -4.2101
v  -1.4745 9.1432 -4.2101
v  -1.4815 9.0451 -4.2101
v  -1.4809 9.0450 -4.2101
v  -1.0742 0.5848 -4.2101
v  -1.0750 0.5848 -4.2101
v  -1.4817 0.5848 -4.2101
v  -1.4809 0.5848 -4.2101
v  -1.4913 9.0463 -4.2921
v  -1.4840 9.1482 -4.2921
v  -1.4929 9.1528 -4.2880
v  -1.5004 9.0475 -4.2880
v  -1.5083 9.0485 -4.2814
v  -1.5005 9.1568 -4.2814
v  -1.5143 9.0493 -4.2729
v  -1.5063 9.1599 -4.2729
v  -1.5100 9.1618 -4.2629
v  -1.5180 9.0498 -4.2629
v  -1.5112 9.1624 -4.2514
v  -1.5193 9.0499 -4.2514
v  -1.4840 9.1482 -4.2115
v  -1.4913 9.0463 -4.2115
v  -1.5004 9.0475 -4.2157
v  -1.4929 9.1528 -4.2157
v  -1.5005 9.1568 -4.2222
v  -1.5083 9.0485 -4.2222
v  -1.5063 9.1599 -4.2308
v  -1.5143 9.0493 -4.2308
v  -1.5100 9.1618 -4.2407
v  -1.5180 9.0498 -4.2407
v  -1.4542 9.2392 -4.2935
v  -1.4627 9.2488 -4.2921
v  -1.4707 9.2578 -4.2880
v  -1.4775 9.2655 -4.2814
v  -1.4827 9.2714 -4.2729
v  -1.4860 9.2751 -4.2629
v  -1.4871 9.2764 -4.2514
v  -1.4542 9.2392 -4.2101
v  -1.4627 9.2488 -4.2115
v  -1.4707 9.2578 -4.2157
v  -1.4775 9.2655 -4.2222
v  -1.4827 9.2714 -4.2308
v  -1.4860 9.2751 -4.2407
v  -1.4218 9.3216 -4.2935
v  -1.4288 9.3352 -4.2921
v  -1.4353 9.3479 -4.2880
v  -1.4409 9.3588 -4.2814
v  -1.4451 9.3672 -4.2729
v  -1.4478 9.3724 -4.2629
v  -1.4487 9.3742 -4.2514
v  -1.4218 9.3216 -4.2101
v  -1.4288 9.3352 -4.2115
v  -1.4353 9.3479 -4.2157
v  -1.4409 9.3588 -4.2222
v  -1.4451 9.3672 -4.2308
v  -1.4478 9.3724 -4.2407
v  -1.3846 9.4015 -4.2921
v  -1.3797 9.3849 -4.2935
v  -1.3892 9.4171 -4.2880
v  -1.3932 9.4304 -4.2814
v  -1.3962 9.4407 -4.2729
v  -1.3981 9.4471 -4.2629
v  -1.3987 9.4493 -4.2514
v  -1.3797 9.3849 -4.2101
v  -1.3846 9.4015 -4.2115
v  -1.3892 9.4171 -4.2157
v  -1.3932 9.4304 -4.2222
v  -1.3962 9.4407 -4.2308
v  -1.3981 9.4471 -4.2407
v  -1.3332 9.4432 -4.2921
v  -1.3306 9.4246 -4.2935
v  -1.3356 9.4606 -4.2880
v  -1.3376 9.4755 -4.2814
v  -1.3392 9.4869 -4.2729
v  -1.3401 9.4941 -4.2629
v  -1.3405 9.4965 -4.2514
v  -1.3332 9.4432 -4.2115
v  -1.3306 9.4243 -4.2101
v  -1.3356 9.4606 -4.2157
v  -1.3376 9.4755 -4.2222
v  -1.3392 9.4869 -4.2308
v  -1.3401 9.4941 -4.2407
v  -1.2780 9.4572 -4.2921
v  -1.2780 9.4379 -4.2935
v  -1.2780 9.4751 -4.2880
v  -1.2780 9.4905 -4.2814
v  -1.2780 9.5023 -4.2729
v  -1.2780 9.5098 -4.2629
v  -1.2780 9.5123 -4.2514
v  -1.0646 9.0463 -4.2115
v  -1.0719 9.1482 -4.2115
v  -1.0555 9.0475 -4.2157
v  -1.0631 9.1528 -4.2157
v  -1.0477 9.0485 -4.2222
v  -1.0555 9.1568 -4.2222
v  -1.0417 9.0493 -4.2308
v  -1.0496 9.1599 -4.2308
v  -1.0460 9.1618 -4.2407
v  -1.0379 9.0498 -4.2407
v  -1.0366 9.0499 -4.2514
v  -1.0447 9.1624 -4.2514
v  -1.0719 9.1482 -4.2921
v  -1.0646 9.0463 -4.2921
v  -1.0555 9.0475 -4.2880
v  -1.0631 9.1528 -4.2880
v  -1.0555 9.1568 -4.2814
v  -1.0477 9.0485 -4.2814
v  -1.0417 9.0493 -4.2729
v  -1.0496 9.1599 -4.2729
v  -1.0460 9.1618 -4.2629
v  -1.0379 9.0498 -4.2629
v  -1.0933 9.2488 -4.2115
v  -1.1019 9.2390 -4.2101
v  -1.0853 9.2578 -4.2157
v  -1.0785 9.2655 -4.2222
v  -1.0732 9.2714 -4.2308
v  -1.0700 9.2751 -4.2407
v  -1.0688 9.2764 -4.2514
v  -1.1019 9.2390 -4.2935
v  -1.0933 9.2488 -4.2921
v  -1.0853 9.2578 -4.2880
v  -1.0785 9.2655 -4.2814
v  -1.0732 9.2714 -4.2729
v  -1.0700 9.2751 -4.2629
v  -1.1342 9.3214 -4.2101
v  -1.1272 9.3352 -4.2115
v  -1.1207 9.3479 -4.2157
v  -1.1151 9.3588 -4.2222
v  -1.1108 9.3672 -4.2308
v  -1.1081 9.3724 -4.2407
v  -1.1072 9.3742 -4.2514
v  -1.1342 9.3214 -4.2935
v  -1.1272 9.3352 -4.2921
v  -1.1207 9.3479 -4.2880
v  -1.1151 9.3588 -4.2814
v  -1.1108 9.3672 -4.2729
v  -1.1081 9.3724 -4.2629
v  -1.1713 9.4015 -4.2115
v  -1.1763 9.3846 -4.2101
v  -1.1667 9.4171 -4.2157
v  -1.1628 9.4304 -4.2222
v  -1.1598 9.4407 -4.2308
v  -1.1579 9.4471 -4.2407
v  -1.1572 9.4493 -4.2514
v  -1.1763 9.3846 -4.2935
v  -1.1713 9.4015 -4.2921
v  -1.1667 9.4171 -4.2880
v  -1.1628 9.4304 -4.2814
v  -1.1598 9.4407 -4.2729
v  -1.1579 9.4471 -4.2629
v  -1.2228 9.4432 -4.2115
v  -1.2254 9.4243 -4.2101
v  -1.2204 9.4606 -4.2157
v  -1.2184 9.4755 -4.2222
v  -1.2168 9.4869 -4.2308
v  -1.2158 9.4941 -4.2407
v  -1.2155 9.4965 -4.2514
v  -1.2254 9.4243 -4.2935
v  -1.2228 9.4432 -4.2921
v  -1.2204 9.4606 -4.2880
v  -1.2184 9.4755 -4.2814
v  -1.2168 9.4869 -4.2729
v  -1.2158 9.4941 -4.2629
v  -1.2780 9.4379 -4.2101
v  -1.2780 9.4572 -4.2115
v  -1.2780 9.4751 -4.2157
v  -1.2780 9.4905 -4.2222
v  -1.2780 9.5023 -4.2308
v  -1.2780 9.5098 -4.2407
v  -1.0645 0.5848 -4.2115
v  -1.0554 0.5848 -4.2157
v  -1.0475 0.5848 -4.2222
v  -1.0415 0.5848 -4.2308
v  -1.0378 0.5848 -4.2407
v  -1.0365 0.5848 -4.2514
v  -1.0645 0.5848 -4.2921
v  -1.0554 0.5848 -4.2880
v  -1.0475 0.5848 -4.2814
v  -1.0415 0.5848 -4.2729
v  -1.0378 0.5848 -4.2629
v  -1.4915 0.5848 -4.2921
v  -1.5006 0.5848 -4.2880
v  -1.5084 0.5848 -4.2814
v  -1.5144 0.5848 -4.2729
v  -1.5182 0.5848 -4.2629
v  -1.5195 0.5848 -4.2514
v  -1.4915 0.5848 -4.2115
v  -1.5006 0.5848 -4.2157
v  -1.5084 0.5848 -4.2222
v  -1.5144 0.5848 -4.2308
v  -1.5182 0.5848 -4.2407
v  -1.4445 9.0403 -4.2629
v  -1.4388 9.1245 -4.2629
v  -1.4376 9.1238 -4.2514
v  -1.4432 9.0402 -4.2514
v  -1.4483 9.0408 -4.2729
v  -1.4425 9.1264 -4.2729
v  -1.4484 9.1295 -4.2814
v  -1.4543 9.0416 -4.2814
v  -1.4621 9.0426 -4.2880
v  -1.4560 9.1335 -4.2880
v  -1.4648 9.1381 -4.2921
v  -1.4712 9.0437 -4.2921
v  -1.4388 9.1245 -4.2407
v  -1.4445 9.0403 -4.2407
v  -1.4425 9.1264 -4.2308
v  -1.4483 9.0408 -4.2308
v  -1.4543 9.0416 -4.2222
v  -1.4484 9.1295 -4.2222
v  -1.4560 9.1335 -4.2157
v  -1.4621 9.0426 -4.2157
v  -1.4648 9.1381 -4.2115
v  -1.4712 9.0437 -4.2115
v  -1.4211 9.2018 -4.2514
v  -1.4222 9.2031 -4.2629
v  -1.4255 9.2068 -4.2729
v  -1.4307 9.2127 -4.2814
v  -1.4376 9.2204 -4.2880
v  -1.4455 9.2294 -4.2921
v  -1.4222 9.2031 -4.2407
v  -1.4255 9.2068 -4.2308
v  -1.4307 9.2127 -4.2222
v  -1.4376 9.2204 -4.2157
v  -1.4455 9.2294 -4.2115
v  -1.3948 9.2687 -4.2514
v  -1.3957 9.2705 -4.2629
v  -1.3984 9.2758 -4.2729
v  -1.4027 9.2842 -4.2814
v  -1.4083 9.2951 -4.2880
v  -1.4148 9.3078 -4.2921
v  -1.3957 9.2705 -4.2407
v  -1.3984 9.2758 -4.2308
v  -1.4027 9.2842 -4.2222
v  -1.4083 9.2951 -4.2157
v  -1.4148 9.3078 -4.2115
v  -1.3612 9.3223 -4.2629
v  -1.3606 9.3201 -4.2514
v  -1.3631 9.3287 -4.2729
v  -1.3662 9.3390 -4.2814
v  -1.3701 9.3523 -4.2880
v  -1.3747 9.3679 -4.2921
v  -1.3612 9.3223 -4.2407
v  -1.3631 9.3287 -4.2308
v  -1.3662 9.3390 -4.2222
v  -1.3701 9.3523 -4.2157
v  -1.3747 9.3679 -4.2115
v  -1.3207 9.3524 -4.2514
v  -1.3211 9.3549 -4.2629
v  -1.3221 9.3620 -4.2729
v  -1.3236 9.3735 -4.2814
v  -1.3257 9.3884 -4.2880
v  -1.3280 9.4057 -4.2921
v  -1.3211 9.3549 -4.2407
v  -1.3221 9.3620 -4.2308
v  -1.3236 9.3735 -4.2222
v  -1.3257 9.3884 -4.2157
v  -1.3280 9.4057 -4.2115
v  -1.2780 9.3634 -4.2514
v  -1.2780 9.3660 -4.2629
v  -1.2780 9.3734 -4.2729
v  -1.2780 9.3852 -4.2814
v  -1.2780 9.4006 -4.2880
v  -1.2780 9.4186 -4.2921
v  -1.2780 9.3660 -4.2407
v  -1.2780 9.3734 -4.2308
v  -1.2780 9.3852 -4.2222
v  -1.2780 9.4006 -4.2157
v  -1.2780 9.4186 -4.2115
v  -1.1115 9.0403 -4.2407
v  -1.1171 9.1245 -4.2407
v  -1.1184 9.1238 -4.2514
v  -1.1127 9.0402 -4.2514
v  -1.1077 9.0408 -4.2308
v  -1.1134 9.1264 -4.2308
v  -1.1017 9.0416 -4.2222
v  -1.1076 9.1295 -4.2222
v  -1.0939 9.0426 -4.2157
v  -1.1000 9.1335 -4.2157
v  -1.0911 9.1381 -4.2115
v  -1.0848 9.0437 -4.2115
v  -1.1171 9.1245 -4.2629
v  -1.1115 9.0403 -4.2629
v  -1.1134 9.1264 -4.2729
v  -1.1077 9.0408 -4.2729
v  -1.1017 9.0416 -4.2814
v  -1.1076 9.1295 -4.2814
v  -1.0939 9.0426 -4.2880
v  -1.1000 9.1335 -4.2880
v  -1.0911 9.1381 -4.2921
v  -1.0848 9.0437 -4.2921
v  -1.1349 9.2018 -4.2514
v  -1.1338 9.2031 -4.2407
v  -1.1305 9.2068 -4.2308
v  -1.1252 9.2127 -4.2222
v  -1.1184 9.2204 -4.2157
v  -1.1104 9.2294 -4.2115
v  -1.1338 9.2031 -4.2629
v  -1.1305 9.2068 -4.2729
v  -1.1252 9.2127 -4.2814
v  -1.1184 9.2204 -4.2880
v  -1.1104 9.2294 -4.2921
v  -1.1602 9.2705 -4.2407
v  -1.1611 9.2687 -4.2514
v  -1.1575 9.2758 -4.2308
v  -1.1533 9.2842 -4.2222
v  -1.1477 9.2951 -4.2157
v  -1.1412 9.3078 -4.2115
v  -1.1602 9.2705 -4.2629
v  -1.1575 9.2758 -4.2729
v  -1.1533 9.2842 -4.2814
v  -1.1477 9.2951 -4.2880
v  -1.1412 9.3078 -4.2921
v  -1.1947 9.3223 -4.2407
v  -1.1954 9.3201 -4.2514
v  -1.1928 9.3287 -4.2308
v  -1.1898 9.3390 -4.2222
v  -1.1858 9.3523 -4.2157
v  -1.1813 9.3679 -4.2115
v  -1.1947 9.3223 -4.2629
v  -1.1928 9.3287 -4.2729
v  -1.1898 9.3390 -4.2814
v  -1.1858 9.3523 -4.2880
v  -1.1813 9.3679 -4.2921
v  -1.2349 9.3549 -4.2407
v  -1.2352 9.3524 -4.2514
v  -1.2339 9.3620 -4.2308
v  -1.2323 9.3735 -4.2222
v  -1.2303 9.3884 -4.2157
v  -1.2279 9.4057 -4.2115
v  -1.2349 9.3549 -4.2629
v  -1.2339 9.3620 -4.2729
v  -1.2323 9.3735 -4.2814
v  -1.2303 9.3884 -4.2880
v  -1.2279 9.4057 -4.2921
v  -1.1127 0.5848 -4.2514
v  -1.1115 0.5848 -4.2407
v  -1.1077 0.5848 -4.2308
v  -1.1017 0.5848 -4.2222
v  -1.0939 0.5848 -4.2157
v  -1.0848 0.5848 -4.2115
v  -1.1115 0.5848 -4.2629
v  -1.1077 0.5848 -4.2729
v  -1.1017 0.5848 -4.2814
v  -1.0939 0.5848 -4.2880
v  -1.0848 0.5848 -4.2921
v  -1.4432 0.5848 -4.2514
v  -1.4445 0.5848 -4.2629
v  -1.4483 0.5848 -4.2729
v  -1.4543 0.5848 -4.2814
v  -1.4621 0.5848 -4.2880
v  -1.4712 0.5848 -4.2921
v  -1.4445 0.5848 -4.2407
v  -1.4483 0.5848 -4.2308
v  -1.4543 0.5848 -4.2222
v  -1.4621 0.5848 -4.2157
v  -1.4712 0.5848 -4.2115
v  -0.3124 0.5848 -4.2935
v  -0.3124 9.0450 -4.2935
v  -0.3118 9.0451 -4.2935
v  -0.3116 0.5848 -4.2935
v  -0.7183 9.0450 -4.2935
v  -0.7183 0.5848 -4.2935
v  -0.7191 0.5848 -4.2935
v  -0.7189 9.0451 -4.2935
v  -0.3190 9.1431 -4.2935
v  -0.7119 9.1432 -4.2935
v  -0.3118 9.0451 -4.2101
v  -0.3190 9.1431 -4.2101
v  -0.3124 9.0450 -4.2101
v  -0.7119 9.1432 -4.2101
v  -0.7189 9.0451 -4.2101
v  -0.7183 9.0450 -4.2101
v  -0.3116 0.5848 -4.2101
v  -0.3124 0.5848 -4.2101
v  -0.7191 0.5848 -4.2101
v  -0.7183 0.5848 -4.2101
v  -0.7287 9.0463 -4.2921
v  -0.7214 9.1482 -4.2921
v  -0.7302 9.1528 -4.2880
v  -0.7378 9.0475 -4.2880
v  -0.7456 9.0485 -4.2814
v  -0.7379 9.1568 -4.2814
v  -0.7516 9.0493 -4.2729
v  -0.7437 9.1599 -4.2729
v  -0.7474 9.1618 -4.2629
v  -0.7554 9.0498 -4.2629
v  -0.7486 9.1624 -4.2514
v  -0.7567 9.0499 -4.2514
v  -0.7214 9.1482 -4.2115
v  -0.7287 9.0463 -4.2115
v  -0.7378 9.0475 -4.2157
v  -0.7302 9.1528 -4.2157
v  -0.7379 9.1568 -4.2222
v  -0.7456 9.0485 -4.2222
v  -0.7437 9.1599 -4.2308
v  -0.7516 9.0493 -4.2308
v  -0.7474 9.1618 -4.2407
v  -0.7554 9.0498 -4.2407
v  -0.6915 9.2392 -4.2935
v  -0.7001 9.2488 -4.2921
v  -0.7080 9.2578 -4.2880
v  -0.7148 9.2655 -4.2814
v  -0.7201 9.2714 -4.2729
v  -0.7234 9.2751 -4.2629
v  -0.7245 9.2764 -4.2514
v  -0.6915 9.2392 -4.2101
v  -0.7001 9.2488 -4.2115
v  -0.7080 9.2578 -4.2157
v  -0.7148 9.2655 -4.2222
v  -0.7201 9.2714 -4.2308
v  -0.7234 9.2751 -4.2407
v  -0.6592 9.3216 -4.2935
v  -0.6662 9.3352 -4.2921
v  -0.6727 9.3479 -4.2880
v  -0.6782 9.3588 -4.2814
v  -0.6825 9.3672 -4.2729
v  -0.6852 9.3724 -4.2629
v  -0.6861 9.3742 -4.2514
v  -0.6592 9.3216 -4.2101
v  -0.6662 9.3352 -4.2115
v  -0.6727 9.3479 -4.2157
v  -0.6782 9.3588 -4.2222
v  -0.6825 9.3672 -4.2308
v  -0.6852 9.3724 -4.2407
v  -0.6220 9.4015 -4.2921
v  -0.6171 9.3849 -4.2935
v  -0.6266 9.4171 -4.2880
v  -0.6305 9.4304 -4.2814
v  -0.6335 9.4407 -4.2729
v  -0.6354 9.4471 -4.2629
v  -0.6361 9.4493 -4.2514
v  -0.6171 9.3849 -4.2101
v  -0.6220 9.4015 -4.2115
v  -0.6266 9.4171 -4.2157
v  -0.6305 9.4304 -4.2222
v  -0.6335 9.4407 -4.2308
v  -0.6354 9.4471 -4.2407
v  -0.5705 9.4432 -4.2921
v  -0.5680 9.4246 -4.2935
v  -0.5729 9.4606 -4.2880
v  -0.5750 9.4755 -4.2814
v  -0.5765 9.4869 -4.2729
v  -0.5775 9.4941 -4.2629
v  -0.5778 9.4965 -4.2514
v  -0.5705 9.4432 -4.2115
v  -0.5680 9.4243 -4.2101
v  -0.5729 9.4606 -4.2157
v  -0.5750 9.4755 -4.2222
v  -0.5765 9.4869 -4.2308
v  -0.5775 9.4941 -4.2407
v  -0.5153 9.4572 -4.2921
v  -0.5153 9.4379 -4.2935
v  -0.5153 9.4751 -4.2880
v  -0.5153 9.4905 -4.2814
v  -0.5153 9.5023 -4.2729
v  -0.5153 9.5098 -4.2629
v  -0.5153 9.5123 -4.2514
v  -0.3020 9.0463 -4.2115
v  -0.3093 9.1482 -4.2115
v  -0.2929 9.0475 -4.2157
v  -0.3004 9.1528 -4.2157
v  -0.2851 9.0485 -4.2222
v  -0.2928 9.1568 -4.2222
v  -0.2791 9.0493 -4.2308
v  -0.2870 9.1599 -4.2308
v  -0.2833 9.1618 -4.2407
v  -0.2753 9.0498 -4.2407
v  -0.2740 9.0499 -4.2514
v  -0.2821 9.1624 -4.2514
v  -0.3093 9.1482 -4.2921
v  -0.3020 9.0463 -4.2921
v  -0.2929 9.0475 -4.2880
v  -0.3004 9.1528 -4.2880
v  -0.2851 9.0485 -4.2814
v  -0.2928 9.1568 -4.2814
v  -0.2791 9.0493 -4.2729
v  -0.2870 9.1599 -4.2729
v  -0.2833 9.1618 -4.2629
v  -0.2753 9.0498 -4.2629
v  -0.3306 9.2488 -4.2115
v  -0.3393 9.2390 -4.2101
v  -0.3227 9.2578 -4.2157
v  -0.3158 9.2655 -4.2222
v  -0.3106 9.2714 -4.2308
v  -0.3073 9.2751 -4.2407
v  -0.3062 9.2764 -4.2514
v  -0.3393 9.2390 -4.2935
v  -0.3306 9.2488 -4.2921
v  -0.3227 9.2578 -4.2880
v  -0.3158 9.2655 -4.2814
v  -0.3106 9.2714 -4.2729
v  -0.3073 9.2751 -4.2629
v  -0.3716 9.3214 -4.2101
v  -0.3645 9.3352 -4.2115
v  -0.3580 9.3479 -4.2157
v  -0.3525 9.3588 -4.2222
v  -0.3482 9.3672 -4.2308
v  -0.3455 9.3724 -4.2407
v  -0.3446 9.3742 -4.2514
v  -0.3716 9.3214 -4.2935
v  -0.3645 9.3352 -4.2921
v  -0.3580 9.3479 -4.2880
v  -0.3525 9.3588 -4.2814
v  -0.3482 9.3672 -4.2729
v  -0.3455 9.3724 -4.2629
v  -0.4087 9.4015 -4.2115
v  -0.4137 9.3846 -4.2101
v  -0.4041 9.4171 -4.2157
v  -0.4002 9.4304 -4.2222
v  -0.3971 9.4407 -4.2308
v  -0.3952 9.4471 -4.2407
v  -0.3946 9.4493 -4.2514
v  -0.4137 9.3846 -4.2935
v  -0.4087 9.4015 -4.2921
v  -0.4041 9.4171 -4.2880
v  -0.4002 9.4304 -4.2814
v  -0.3971 9.4407 -4.2729
v  -0.3952 9.4471 -4.2629
v  -0.4601 9.4432 -4.2115
v  -0.4627 9.4243 -4.2101
v  -0.4578 9.4606 -4.2157
v  -0.4557 9.4755 -4.2222
v  -0.4542 9.4869 -4.2308
v  -0.4532 9.4941 -4.2407
v  -0.4528 9.4965 -4.2514
v  -0.4627 9.4243 -4.2935
v  -0.4601 9.4432 -4.2921
v  -0.4578 9.4606 -4.2880
v  -0.4557 9.4755 -4.2814
v  -0.4542 9.4869 -4.2729
v  -0.4532 9.4941 -4.2629
v  -0.5153 9.4379 -4.2101
v  -0.5153 9.4572 -4.2115
v  -0.5153 9.4751 -4.2157
v  -0.5153 9.4905 -4.2222
v  -0.5153 9.5023 -4.2308
v  -0.5153 9.5098 -4.2407
v  -0.3018 0.5848 -4.2115
v  -0.2927 0.5848 -4.2157
v  -0.2849 0.5848 -4.2222
v  -0.2789 0.5848 -4.2308
v  -0.2751 0.5848 -4.2407
v  -0.2738 0.5848 -4.2514
v  -0.3018 0.5848 -4.2921
v  -0.2927 0.5848 -4.2880
v  -0.2849 0.5848 -4.2814
v  -0.2789 0.5848 -4.2729
v  -0.2751 0.5848 -4.2629
v  -0.7289 0.5848 -4.2921
v  -0.7380 0.5848 -4.2880
v  -0.7458 0.5848 -4.2814
v  -0.7518 0.5848 -4.2729
v  -0.7556 0.5848 -4.2629
v  -0.7568 0.5848 -4.2514
v  -0.7289 0.5848 -4.2115
v  -0.7380 0.5848 -4.2157
v  -0.7458 0.5848 -4.2222
v  -0.7518 0.5848 -4.2308
v  -0.7556 0.5848 -4.2407
v  -0.6819 9.0403 -4.2629
v  -0.6762 9.1245 -4.2629
v  -0.6749 9.1238 -4.2514
v  -0.6806 9.0402 -4.2514
v  -0.6856 9.0408 -4.2729
v  -0.6799 9.1264 -4.2729
v  -0.6857 9.1295 -4.2814
v  -0.6916 9.0416 -4.2814
v  -0.6994 9.0426 -4.2880
v  -0.6933 9.1335 -4.2880
v  -0.7022 9.1381 -4.2921
v  -0.7085 9.0437 -4.2921
v  -0.6762 9.1245 -4.2407
v  -0.6819 9.0403 -4.2407
v  -0.6799 9.1264 -4.2308
v  -0.6856 9.0408 -4.2308
v  -0.6916 9.0416 -4.2222
v  -0.6857 9.1295 -4.2222
v  -0.6933 9.1335 -4.2157
v  -0.6994 9.0426 -4.2157
v  -0.7022 9.1381 -4.2115
v  -0.7085 9.0437 -4.2115
v  -0.6584 9.2018 -4.2514
v  -0.6596 9.2031 -4.2629
v  -0.6629 9.2068 -4.2729
v  -0.6681 9.2127 -4.2814
v  -0.6749 9.2204 -4.2880
v  -0.6829 9.2294 -4.2921
v  -0.6596 9.2031 -4.2407
v  -0.6629 9.2068 -4.2308
v  -0.6681 9.2127 -4.2222
v  -0.6749 9.2204 -4.2157
v  -0.6829 9.2294 -4.2115
v  -0.6322 9.2687 -4.2514
v  -0.6331 9.2705 -4.2629
v  -0.6358 9.2758 -4.2729
v  -0.6401 9.2842 -4.2814
v  -0.6456 9.2951 -4.2880
v  -0.6521 9.3078 -4.2921
v  -0.6331 9.2705 -4.2407
v  -0.6358 9.2758 -4.2308
v  -0.6401 9.2842 -4.2222
v  -0.6456 9.2951 -4.2157
v  -0.6521 9.3078 -4.2115
v  -0.5986 9.3223 -4.2629
v  -0.5980 9.3201 -4.2514
v  -0.6005 9.3287 -4.2729
v  -0.6035 9.3390 -4.2814
v  -0.6075 9.3523 -4.2880
v  -0.6121 9.3679 -4.2921
v  -0.5986 9.3223 -4.2407
v  -0.6005 9.3287 -4.2308
v  -0.6035 9.3390 -4.2222
v  -0.6075 9.3523 -4.2157
v  -0.6121 9.3679 -4.2115
v  -0.5581 9.3524 -4.2514
v  -0.5584 9.3549 -4.2629
v  -0.5594 9.3620 -4.2729
v  -0.5610 9.3735 -4.2814
v  -0.5630 9.3884 -4.2880
v  -0.5654 9.4057 -4.2921
v  -0.5584 9.3549 -4.2407
v  -0.5594 9.3620 -4.2308
v  -0.5610 9.3735 -4.2222
v  -0.5630 9.3884 -4.2157
v  -0.5654 9.4057 -4.2115
v  -0.5153 9.3634 -4.2514
v  -0.5153 9.3660 -4.2629
v  -0.5153 9.3734 -4.2729
v  -0.5153 9.3852 -4.2814
v  -0.5153 9.4006 -4.2880
v  -0.5153 9.4186 -4.2921
v  -0.5153 9.3660 -4.2407
v  -0.5153 9.3734 -4.2308
v  -0.5153 9.3852 -4.2222
v  -0.5153 9.4006 -4.2157
v  -0.5153 9.4186 -4.2115
v  -0.3488 9.0403 -4.2407
v  -0.3545 9.1245 -4.2407
v  -0.3557 9.1238 -4.2514
v  -0.3501 9.0402 -4.2514
v  -0.3450 9.0408 -4.2308
v  -0.3508 9.1264 -4.2308
v  -0.3391 9.0416 -4.2222
v  -0.3450 9.1295 -4.2222
v  -0.3312 9.0426 -4.2157
v  -0.3374 9.1335 -4.2157
v  -0.3285 9.1381 -4.2115
v  -0.3221 9.0437 -4.2115
v  -0.3545 9.1245 -4.2629
v  -0.3488 9.0403 -4.2629
v  -0.3508 9.1264 -4.2729
v  -0.3450 9.0408 -4.2729
v  -0.3391 9.0416 -4.2814
v  -0.3450 9.1295 -4.2814
v  -0.3312 9.0426 -4.2880
v  -0.3374 9.1335 -4.2880
v  -0.3285 9.1381 -4.2921
v  -0.3221 9.0437 -4.2921
v  -0.3722 9.2018 -4.2514
v  -0.3711 9.2031 -4.2407
v  -0.3678 9.2068 -4.2308
v  -0.3626 9.2127 -4.2222
v  -0.3558 9.2204 -4.2157
v  -0.3478 9.2294 -4.2115
v  -0.3711 9.2031 -4.2629
v  -0.3678 9.2068 -4.2729
v  -0.3626 9.2127 -4.2814
v  -0.3558 9.2204 -4.2880
v  -0.3478 9.2294 -4.2921
v  -0.3976 9.2705 -4.2407
v  -0.3985 9.2687 -4.2514
v  -0.3949 9.2758 -4.2308
v  -0.3906 9.2842 -4.2222
v  -0.3850 9.2951 -4.2157
v  -0.3786 9.3078 -4.2115
v  -0.3976 9.2705 -4.2629
v  -0.3949 9.2758 -4.2729
v  -0.3906 9.2842 -4.2814
v  -0.3850 9.2951 -4.2880
v  -0.3786 9.3078 -4.2921
v  -0.4321 9.3223 -4.2407
v  -0.4327 9.3201 -4.2514
v  -0.4302 9.3287 -4.2308
v  -0.4272 9.3390 -4.2222
v  -0.4232 9.3523 -4.2157
v  -0.4186 9.3679 -4.2115
v  -0.4321 9.3223 -4.2629
v  -0.4302 9.3287 -4.2729
v  -0.4272 9.3390 -4.2814
v  -0.4232 9.3523 -4.2880
v  -0.4186 9.3679 -4.2921
v  -0.4722 9.3549 -4.2407
v  -0.4726 9.3524 -4.2514
v  -0.4713 9.3620 -4.2308
v  -0.4697 9.3735 -4.2222
v  -0.4677 9.3884 -4.2157
v  -0.4653 9.4057 -4.2115
v  -0.4722 9.3549 -4.2629
v  -0.4713 9.3620 -4.2729
v  -0.4697 9.3735 -4.2814
v  -0.4677 9.3884 -4.2880
v  -0.4653 9.4057 -4.2921
v  -0.3501 0.5848 -4.2514
v  -0.3488 0.5848 -4.2407
v  -0.3451 0.5848 -4.2308
v  -0.3391 0.5848 -4.2222
v  -0.3312 0.5848 -4.2157
v  -0.3221 0.5848 -4.2115
v  -0.3488 0.5848 -4.2629
v  -0.3451 0.5848 -4.2729
v  -0.3391 0.5848 -4.2814
v  -0.3312 0.5848 -4.2880
v  -0.3221 0.5848 -4.2921
v  -0.6806 0.5848 -4.2514
v  -0.6819 0.5848 -4.2629
v  -0.6856 0.5848 -4.2729
v  -0.6916 0.5848 -4.2814
v  -0.6994 0.5848 -4.2880
v  -0.7085 0.5848 -4.2921
v  -0.6819 0.5848 -4.2407
v  -0.6856 0.5848 -4.2308
v  -0.6916 0.5848 -4.2222
v  -0.6994 0.5848 -4.2157
v  -0.7085 0.5848 -4.2115
v  -5.0873 8.9397 -4.1159
v  -5.0873 8.9397 -4.1751
v  -5.0873 8.4145 -4.1751
v  -5.0873 8.4145 -4.1159
v  -4.8646 8.9516 -4.1159
v  -4.8646 8.9516 -4.1751
v  -4.9188 8.9516 -4.1751
v  -4.9188 8.9516 -4.1159
v  -4.8646 8.9397 -4.1093
v  -4.9188 8.9397 -4.1093
v  -4.9188 8.4145 -4.1093
v  -4.8646 8.4145 -4.1093
v  -4.8585 8.9397 -4.2935
v  -4.8585 8.4145 -4.2935
v  -4.8585 8.4145 -4.3527
v  -4.8585 8.9397 -4.3527
v  -4.8646 0.0000 -4.1159
v  -4.9188 0.0000 -4.1159
v  -4.9188 0.0000 -4.1751
v  -4.8646 0.0000 -4.1751
v  -5.0848 0.0050 -4.3565
v  -5.0855 0.0119 -4.3574
v  -5.0812 0.0119 -4.3593
v  -5.0812 0.0035 -4.3574
v  -5.0812 0.0000 -4.3527
v  -5.0855 0.0035 -4.3527
v  -5.0873 0.0119 -4.3527
v  -5.0848 0.0050 -4.1121
v  -5.0855 0.0119 -4.1112
v  -5.0873 0.0119 -4.1159
v  -5.0855 0.0035 -4.1159
v  -5.0812 0.0000 -4.1159
v  -5.0812 0.0035 -4.1112
v  -5.0812 0.0119 -4.1093
v  -4.8611 0.0050 -4.3565
v  -4.8646 0.0035 -4.3574
v  -4.8646 0.0119 -4.3593
v  -4.8603 0.0119 -4.3574
v  -4.8585 0.0119 -4.3527
v  -4.8603 0.0035 -4.3527
v  -4.8646 0.0000 -4.3527
v  -4.8611 0.0050 -4.1121
v  -4.8603 0.0119 -4.1112
v  -4.8646 0.0119 -4.1093
v  -4.8646 0.0035 -4.1112
v  -4.8603 0.0035 -4.1159
v  -4.8585 0.0119 -4.1159
v  -5.0847 8.9466 -4.3565
v  -5.0812 8.9481 -4.3574
v  -5.0812 8.9397 -4.3593
v  -5.0855 8.9397 -4.3574
v  -5.0873 8.9397 -4.3527
v  -5.0855 8.9481 -4.3527
v  -5.0812 8.9516 -4.3527
v  -5.0848 8.9466 -4.1121
v  -5.0855 8.9481 -4.1159
v  -5.0855 8.9397 -4.1112
v  -5.0812 8.9397 -4.1093
v  -5.0812 8.9481 -4.1112
v  -5.0812 8.9516 -4.1159
v  -4.8611 8.9466 -4.3565
v  -4.8603 8.9397 -4.3574
v  -4.8646 8.9397 -4.3593
v  -4.8646 8.9481 -4.3574
v  -4.8646 8.9516 -4.3527
v  -4.8603 8.9481 -4.3527
v  -4.8646 8.9481 -4.1112
v  -4.8603 8.9397 -4.1112
v  -4.8611 8.9466 -4.1121
v  -4.8585 8.9397 -4.1159
v  -4.8603 8.9481 -4.1159
v  -5.0271 0.0000 -4.3527
v  -5.0271 0.0035 -4.3574
v  -5.0271 0.0119 -4.3593
v  -5.0855 0.0035 -4.1751
v  -5.0812 0.0000 -4.1751
v  -5.0873 0.0119 -4.1751
v  -4.9188 0.0035 -4.1112
v  -4.9188 0.0119 -4.1093
v  -4.8603 0.0035 -4.2935
v  -4.8646 0.0000 -4.2935
v  -4.8585 0.0119 -4.2935
v  -5.0271 8.9481 -4.3574
v  -5.0271 8.9397 -4.3593
v  -5.0271 8.9516 -4.3527
v  -5.0855 8.9481 -4.1751
v  -5.0812 8.9516 -4.1751
v  -4.9188 8.9481 -4.1112
v  -4.8603 8.9481 -4.2935
v  -4.8646 8.9516 -4.2935
v  -4.8603 8.4145 -4.3574
v  -4.8646 8.4145 -4.3593
v  -4.8603 0.5371 -4.1112
v  -4.8646 0.5371 -4.1093
v  -4.8585 0.5371 -4.1159
v  -5.0812 8.4145 -4.1093
v  -5.0855 8.4145 -4.1112
v  -5.0855 0.5371 -4.3574
v  -5.0812 0.5371 -4.3593
v  -5.0873 0.5371 -4.3527
v  -5.0812 8.4145 -4.3593
v  -5.0271 8.4145 -4.3593
v  -5.0271 0.5371 -4.3593
v  -5.0271 1.0623 -4.3593
v  -5.0812 1.0623 -4.3593
v  -5.0812 1.5874 -4.3593
v  -5.0271 1.5874 -4.3593
v  -5.0812 2.1126 -4.3593
v  -5.0271 2.1126 -4.3593
v  -5.0271 2.6377 -4.3593
v  -5.0812 2.6377 -4.3593
v  -5.0812 3.1629 -4.3593
v  -5.0271 3.1629 -4.3593
v  -5.0812 3.6881 -4.3593
v  -5.0271 3.6881 -4.3593
v  -5.0271 4.2132 -4.3593
v  -5.0812 4.2132 -4.3593
v  -5.0271 4.7384 -4.3593
v  -5.0812 4.7384 -4.3593
v  -5.0271 5.2635 -4.3593
v  -5.0812 5.2635 -4.3593
v  -5.0812 5.7887 -4.3593
v  -5.0271 5.7887 -4.3593
v  -5.0271 6.3139 -4.3593
v  -5.0812 6.3139 -4.3593
v  -5.0812 6.8390 -4.3593
v  -5.0271 6.8390 -4.3593
v  -5.0812 7.3642 -4.3593
v  -5.0271 7.3642 -4.3593
v  -5.0812 7.8893 -4.3593
v  -5.0271 7.8893 -4.3593
v  -5.0855 8.4145 -4.3574
v  -5.0873 8.4145 -4.3527
v  -5.0855 7.8893 -4.3574
v  -5.0873 7.8893 -4.3527
v  -5.0873 7.3642 -4.3527
v  -5.0855 7.3642 -4.3574
v  -5.0855 6.8390 -4.3574
v  -5.0873 6.8390 -4.3527
v  -5.0855 6.3139 -4.3574
v  -5.0873 6.3139 -4.3527
v  -5.0873 5.7887 -4.3527
v  -5.0855 5.7887 -4.3574
v  -5.0873 5.2635 -4.3527
v  -5.0855 5.2635 -4.3574
v  -5.0855 4.7384 -4.3574
v  -5.0873 4.7384 -4.3527
v  -5.0855 4.2132 -4.3574
v  -5.0873 4.2132 -4.3527
v  -5.0873 3.6881 -4.3527
v  -5.0855 3.6881 -4.3574
v  -5.0855 3.1629 -4.3574
v  -5.0873 3.1629 -4.3527
v  -5.0873 2.6377 -4.3527
v  -5.0855 2.6377 -4.3574
v  -5.0873 2.1126 -4.3527
v  -5.0855 2.1126 -4.3574
v  -5.0855 1.5874 -4.3574
v  -5.0873 1.5874 -4.3527
v  -5.0873 1.0623 -4.3527
v  -5.0855 1.0623 -4.3574
v  -5.0855 0.5371 -4.1112
v  -5.0873 0.5371 -4.1159
v  -5.0855 1.0623 -4.1112
v  -5.0873 1.0623 -4.1159
v  -5.0873 1.5874 -4.1159
v  -5.0855 1.5874 -4.1112
v  -5.0855 2.1126 -4.1112
v  -5.0873 2.1126 -4.1159
v  -5.0855 2.6377 -4.1112
v  -5.0873 2.6377 -4.1159
v  -5.0855 3.1629 -4.1112
v  -5.0873 3.1629 -4.1159
v  -5.0855 3.6881 -4.1112
v  -5.0873 3.6881 -4.1159
v  -5.0855 4.2132 -4.1112
v  -5.0873 4.2132 -4.1159
v  -5.0855 4.7384 -4.1112
v  -5.0873 4.7384 -4.1159
v  -5.0873 5.2635 -4.1159
v  -5.0855 5.2635 -4.1112
v  -5.0855 5.7887 -4.1112
v  -5.0873 5.7887 -4.1159
v  -5.0855 6.3139 -4.1112
v  -5.0873 6.3139 -4.1159
v  -5.0855 6.8390 -4.1112
v  -5.0873 6.8390 -4.1159
v  -5.0855 7.3642 -4.1112
v  -5.0873 7.3642 -4.1159
v  -5.0873 7.8893 -4.1159
v  -5.0855 7.8893 -4.1112
v  -5.0812 0.5371 -4.1093
v  -5.0812 1.0623 -4.1093
v  -5.0812 1.5874 -4.1093
v  -5.0812 2.1126 -4.1093
v  -5.0812 2.6377 -4.1093
v  -5.0812 3.1629 -4.1093
v  -5.0812 3.6881 -4.1093
v  -5.0812 4.2132 -4.1093
v  -5.0812 4.7384 -4.1093
v  -5.0812 5.2635 -4.1093
v  -5.0812 5.7887 -4.1093
v  -5.0812 6.3139 -4.1093
v  -5.0812 6.8390 -4.1093
v  -5.0812 7.3642 -4.1093
v  -5.0812 7.8893 -4.1093
v  -4.8603 8.4145 -4.1112
v  -4.8585 8.4145 -4.1159
v  -4.8585 7.8893 -4.1159
v  -4.8603 7.8893 -4.1112
v  -4.8603 7.3642 -4.1112
v  -4.8585 7.3642 -4.1159
v  -4.8603 6.8390 -4.1112
v  -4.8585 6.8390 -4.1159
v  -4.8585 6.3139 -4.1159
v  -4.8603 6.3139 -4.1112
v  -4.8585 5.7887 -4.1159
v  -4.8603 5.7887 -4.1112
v  -4.8603 5.2635 -4.1112
v  -4.8585 5.2635 -4.1159
v  -4.8585 4.7384 -4.1159
v  -4.8603 4.7384 -4.1112
v  -4.8603 4.2132 -4.1112
v  -4.8585 4.2132 -4.1159
v  -4.8585 3.6881 -4.1159
v  -4.8603 3.6881 -4.1112
v  -4.8585 3.1629 -4.1159
v  -4.8603 3.1629 -4.1112
v  -4.8603 2.6377 -4.1112
v  -4.8585 2.6377 -4.1159
v  -4.8585 2.1126 -4.1159
v  -4.8603 2.1126 -4.1112
v  -4.8603 1.5874 -4.1112
v  -4.8585 1.5874 -4.1159
v  -4.8603 1.0623 -4.1112
v  -4.8585 1.0623 -4.1159
v  -4.8646 7.8893 -4.1093
v  -4.8646 7.3642 -4.1093
v  -4.8646 6.8390 -4.1093
v  -4.8646 6.3139 -4.1093
v  -4.8646 5.7887 -4.1093
v  -4.8646 5.2635 -4.1093
v  -4.8646 4.7384 -4.1093
v  -4.8646 4.2132 -4.1093
v  -4.8646 3.6881 -4.1093
v  -4.8646 3.1629 -4.1093
v  -4.8646 2.6377 -4.1093
v  -4.8646 2.1126 -4.1093
v  -4.8646 1.5874 -4.1093
v  -4.8646 1.0623 -4.1093
v  -4.8603 0.5371 -4.3574
v  -4.8585 0.5371 -4.3527
v  -4.8603 1.0623 -4.3574
v  -4.8585 1.0623 -4.3527
v  -4.8603 1.5874 -4.3574
v  -4.8585 1.5874 -4.3527
v  -4.8585 2.1126 -4.3527
v  -4.8603 2.1126 -4.3574
v  -4.8603 2.6377 -4.3574
v  -4.8585 2.6377 -4.3527
v  -4.8603 3.1629 -4.3574
v  -4.8585 3.1629 -4.3527
v  -4.8603 3.6881 -4.3574
v  -4.8585 3.6881 -4.3527
v  -4.8603 4.2132 -4.3574
v  -4.8585 4.2132 -4.3527
v  -4.8585 4.7384 -4.3527
v  -4.8603 4.7384 -4.3574
v  -4.8603 5.2635 -4.3574
v  -4.8585 5.2635 -4.3527
v  -4.8585 5.7887 -4.3527
v  -4.8603 5.7887 -4.3574
v  -4.8603 6.3139 -4.3574
v  -4.8585 6.3139 -4.3527
v  -4.8585 6.8390 -4.3527
v  -4.8603 6.8390 -4.3574
v  -4.8585 7.3642 -4.3527
v  -4.8603 7.3642 -4.3574
v  -4.8603 7.8893 -4.3574
v  -4.8585 7.8893 -4.3527
v  -4.8646 0.5371 -4.3593
v  -4.8646 1.0623 -4.3593
v  -4.8646 1.5874 -4.3593
v  -4.8646 2.1126 -4.3593
v  -4.8646 2.6377 -4.3593
v  -4.8646 3.1629 -4.3593
v  -4.8646 3.6881 -4.3593
v  -4.8646 4.2132 -4.3593
v  -4.8646 4.7384 -4.3593
v  -4.8646 5.2635 -4.3593
v  -4.8646 5.7887 -4.3593
v  -4.8646 6.3139 -4.3593
v  -4.8646 6.8390 -4.3593
v  -4.8646 7.3642 -4.3593
v  -4.8646 7.8893 -4.3593
v  -4.8585 0.5371 -4.2935
v  -4.8585 1.0623 -4.2935
v  -4.8585 1.5874 -4.2935
v  -4.8585 2.1126 -4.2935
v  -4.8585 2.6377 -4.2935
v  -4.8585 3.1629 -4.2935
v  -4.8585 3.6881 -4.2935
v  -4.8585 4.2132 -4.2935
v  -4.8585 4.7384 -4.2935
v  -4.8585 5.2635 -4.2935
v  -4.8585 5.7887 -4.2935
v  -4.8585 6.3139 -4.2935
v  -4.8585 6.8390 -4.2935
v  -4.8585 7.3642 -4.2935
v  -4.8585 7.8893 -4.2935
v  -4.9188 0.5371 -4.1093
v  -4.9188 1.0623 -4.1093
v  -4.9188 1.5874 -4.1093
v  -4.9188 2.1126 -4.1093
v  -4.9188 2.6377 -4.1093
v  -4.9188 3.1629 -4.1093
v  -4.9188 3.6881 -4.1093
v  -4.9188 4.2132 -4.1093
v  -4.9188 4.7384 -4.1093
v  -4.9188 5.2635 -4.1093
v  -4.9188 5.7887 -4.1093
v  -4.9188 6.3139 -4.1093
v  -4.9188 6.8390 -4.1093
v  -4.9188 7.3642 -4.1093
v  -4.9188 7.8893 -4.1093
v  -5.0873 0.5371 -4.1751
v  -5.0873 1.0623 -4.1751
v  -5.0873 1.5874 -4.1751
v  -5.0873 2.1126 -4.1751
v  -5.0873 2.6377 -4.1751
v  -5.0873 3.1629 -4.1751
v  -5.0873 3.6881 -4.1751
v  -5.0873 4.2132 -4.1751
v  -5.0873 4.7384 -4.1751
v  -5.0873 5.2635 -4.1751
v  -5.0873 5.7887 -4.1751
v  -5.0873 6.3139 -4.1751
v  -5.0873 6.8390 -4.1751
v  -5.0873 7.3642 -4.1751
v  -5.0873 7.8893 -4.1751
v  -5.0873 7.8893 -4.2935
v  -5.0873 8.4145 -4.2935
v  -5.0873 7.8893 -4.2343
v  -5.0873 8.4145 -4.2343
v  -5.0873 7.3642 -4.2935
v  -5.0873 7.3642 -4.2343
v  -5.0873 6.8390 -4.2935
v  -5.0873 6.8390 -4.2343
v  -5.0873 6.3139 -4.2935
v  -5.0873 6.3139 -4.2343
v  -5.0873 5.7887 -4.2935
v  -5.0873 5.7887 -4.2343
v  -5.0873 5.2635 -4.2935
v  -5.0873 5.2635 -4.2343
v  -5.0873 4.7384 -4.2935
v  -5.0873 4.7384 -4.2343
v  -5.0873 4.2132 -4.2935
v  -5.0873 4.2132 -4.2343
v  -5.0873 3.6881 -4.2935
v  -5.0873 3.6881 -4.2343
v  -5.0873 3.1629 -4.2935
v  -5.0873 3.1629 -4.2343
v  -5.0873 2.6377 -4.2935
v  -5.0873 2.6377 -4.2343
v  -5.0873 2.1126 -4.2935
v  -5.0873 2.1126 -4.2343
v  -5.0873 1.5874 -4.2935
v  -5.0873 1.5874 -4.2343
v  -5.0873 1.0623 -4.2935
v  -5.0873 1.0623 -4.2343
v  -5.0873 0.5371 -4.2935
v  -5.0873 0.5371 -4.2343
v  -5.0873 0.0119 -4.2935
v  -5.0873 0.0119 -4.2343
v  -4.8585 7.8893 -4.1751
v  -4.8585 8.4145 -4.1751
v  -4.8585 8.4145 -4.2343
v  -4.8585 7.8893 -4.2343
v  -4.8585 7.3642 -4.1751
v  -4.8585 7.3642 -4.2343
v  -4.8585 6.8390 -4.1751
v  -4.8585 6.8390 -4.2343
v  -4.8585 6.3139 -4.1751
v  -4.8585 6.3139 -4.2343
v  -4.8585 5.7887 -4.1751
v  -4.8585 5.7887 -4.2343
v  -4.8585 5.2635 -4.1751
v  -4.8585 5.2635 -4.2343
v  -4.8585 4.7384 -4.1751
v  -4.8585 4.7384 -4.2343
v  -4.8585 4.2132 -4.1751
v  -4.8585 4.2132 -4.2343
v  -4.8585 3.6881 -4.1751
v  -4.8585 3.6881 -4.2343
v  -4.8585 3.1629 -4.1751
v  -4.8585 3.1629 -4.2343
v  -4.8585 2.6377 -4.1751
v  -4.8585 2.6377 -4.2343
v  -4.8585 2.1126 -4.1751
v  -4.8585 2.1126 -4.2343
v  -4.8585 1.5874 -4.1751
v  -4.8585 1.5874 -4.2343
v  -4.8585 1.0623 -4.1751
v  -4.8585 1.0623 -4.2343
v  -4.8585 0.5371 -4.1751
v  -4.8585 0.5371 -4.2343
v  -4.8585 0.0119 -4.1751
v  -4.8585 0.0119 -4.2343
v  -4.8603 8.9481 -4.1751
v  -4.8646 8.9516 -4.2343
v  -4.8603 8.9481 -4.2343
v  -4.8585 8.9397 -4.1751
v  -4.8585 8.9397 -4.2343
v  -5.0855 8.9481 -4.2935
v  -5.0812 8.9516 -4.2935
v  -5.0812 8.9516 -4.2343
v  -5.0855 8.9481 -4.2343
v  -5.0873 8.9397 -4.2935
v  -5.0873 8.9397 -4.2343
v  -4.8603 0.0035 -4.1751
v  -4.8603 0.0035 -4.2343
v  -4.8646 0.0000 -4.2343
v  -5.0855 0.0035 -4.2935
v  -5.0855 0.0035 -4.2343
v  -5.0812 0.0000 -4.2935
v  -5.0812 0.0000 -4.2343
v  -4.9188 0.0000 -4.3527
v  -4.9188 0.0000 -4.2935
v  -4.9188 0.0000 -4.2343
v  -4.9188 8.9516 -4.3527
v  -4.9188 8.9516 -4.2935
v  -4.9188 8.9516 -4.2343
v  -5.0271 8.9516 -4.2343
v  -5.0271 8.9516 -4.1751
v  -4.9729 8.9516 -4.1751
v  -4.9729 8.9516 -4.2343
v  -5.0271 8.9516 -4.2935
v  -4.9729 8.9516 -4.2935
v  -4.9729 8.9516 -4.3527
v  -5.0271 0.0000 -4.2343
v  -5.0271 0.0000 -4.1751
v  -4.9729 0.0000 -4.2343
v  -4.9729 0.0000 -4.1751
v  -5.0271 0.0000 -4.2935
v  -4.9729 0.0000 -4.2935
v  -4.9729 0.0000 -4.3527
v  -5.0271 7.8893 -4.1093
v  -5.0271 8.4145 -4.1093
v  -4.9729 7.8893 -4.1093
v  -4.9729 8.4145 -4.1093
v  -5.0271 7.3642 -4.1093
v  -4.9729 7.3642 -4.1093
v  -5.0271 6.8390 -4.1093
v  -4.9729 6.8390 -4.1093
v  -5.0271 6.3139 -4.1093
v  -4.9729 6.3139 -4.1093
v  -5.0271 5.7887 -4.1093
v  -4.9729 5.7887 -4.1093
v  -5.0271 5.2635 -4.1093
v  -4.9729 5.2635 -4.1093
v  -5.0271 4.7384 -4.1093
v  -4.9729 4.7384 -4.1093
v  -5.0271 4.2132 -4.1093
v  -4.9729 4.2132 -4.1093
v  -5.0271 3.6881 -4.1093
v  -4.9729 3.6881 -4.1093
v  -5.0271 3.1629 -4.1093
v  -4.9729 3.1629 -4.1093
v  -5.0271 2.6377 -4.1093
v  -4.9729 2.6377 -4.1093
v  -5.0271 2.1126 -4.1093
v  -4.9729 2.1126 -4.1093
v  -5.0271 1.5874 -4.1093
v  -4.9729 1.5874 -4.1093
v  -5.0271 1.0623 -4.1093
v  -4.9729 1.0623 -4.1093
v  -5.0271 0.5371 -4.1093
v  -4.9729 0.5371 -4.1093
v  -5.0271 0.0119 -4.1093
v  -4.9729 0.0119 -4.1093
v  -4.9188 8.4145 -4.3593
v  -4.9188 7.8893 -4.3593
v  -4.9729 7.8893 -4.3593
v  -4.9729 8.4145 -4.3593
v  -4.9188 7.3642 -4.3593
v  -4.9729 7.3642 -4.3593
v  -4.9188 6.8390 -4.3593
v  -4.9729 6.8390 -4.3593
v  -4.9188 6.3139 -4.3593
v  -4.9729 6.3139 -4.3593
v  -4.9188 5.7887 -4.3593
v  -4.9729 5.7887 -4.3593
v  -4.9188 5.2635 -4.3593
v  -4.9729 5.2635 -4.3593
v  -4.9188 4.7384 -4.3593
v  -4.9729 4.7384 -4.3593
v  -4.9188 4.2132 -4.3593
v  -4.9729 4.2132 -4.3593
v  -4.9188 3.6881 -4.3593
v  -4.9729 3.6881 -4.3593
v  -4.9188 3.1629 -4.3593
v  -4.9729 3.1629 -4.3593
v  -4.9188 2.6377 -4.3593
v  -4.9729 2.6377 -4.3593
v  -4.9188 2.1126 -4.3593
v  -4.9729 2.1126 -4.3593
v  -4.9188 1.5874 -4.3593
v  -4.9729 1.5874 -4.3593
v  -4.9188 1.0623 -4.3593
v  -4.9729 1.0623 -4.3593
v  -4.9188 0.5371 -4.3593
v  -4.9729 0.5371 -4.3593
v  -4.9188 0.0119 -4.3593
v  -4.9729 0.0119 -4.3593
v  -4.9188 8.9397 -4.3593
v  -4.9729 8.9397 -4.3593
v  -5.0271 8.9481 -4.1112
v  -5.0271 8.9516 -4.1159
v  -4.9729 8.9516 -4.1159
v  -4.9729 8.9481 -4.1112
v  -5.0271 8.9397 -4.1093
v  -4.9729 8.9397 -4.1093
v  -4.9188 8.9481 -4.3574
v  -4.9729 8.9481 -4.3574
v  -5.0271 0.0035 -4.1112
v  -4.9729 0.0035 -4.1112
v  -5.0271 0.0000 -4.1159
v  -4.9729 0.0000 -4.1159
v  -4.9188 0.0035 -4.3574
v  -4.9729 0.0035 -4.3574
v  -4.8585 0.5848 -4.1159
v  -4.8585 0.5848 -4.1751
v  -4.8585 0.5092 -4.1751
v  -4.8585 0.5092 -4.1159
v  -0.2641 0.5968 -4.1159
v  -0.0092 0.5968 -4.1159
v  -0.0092 0.5968 -4.1751
v  -0.2641 0.5968 -4.1751
v  -0.0092 0.5848 -4.1093
v  -0.2641 0.5848 -4.1093
v  -0.2641 0.5092 -4.1093
v  -0.0092 0.5092 -4.1093
v  -0.0031 0.5848 -4.3527
v  -0.0031 0.5848 -4.2935
v  -0.0031 0.5092 -4.2935
v  -0.0031 0.5092 -4.3527
v  -0.2641 0.4973 -4.1751
v  -0.0092 0.4973 -4.1751
v  -0.0092 0.4973 -4.1159
v  -0.2641 0.4973 -4.1159
v  -4.8560 0.5024 -4.3565
v  -4.8568 0.5092 -4.3574
v  -4.8524 0.5092 -4.3593
v  -4.8524 0.5008 -4.3574
v  -4.8524 0.4973 -4.3527
v  -4.8568 0.5008 -4.3527
v  -4.8585 0.5092 -4.3527
v  -4.8568 0.5008 -4.1159
v  -4.8560 0.5024 -4.1121
v  -4.8568 0.5092 -4.1112
v  -4.8524 0.4973 -4.1159
v  -4.8524 0.5008 -4.1112
v  -4.8524 0.5092 -4.1093
v  -0.0057 0.5024 -4.3565
v  -0.0092 0.5008 -4.3574
v  -0.0092 0.5092 -4.3593
v  -0.0049 0.5092 -4.3574
v  -0.0049 0.5008 -4.3527
v  -0.0092 0.4973 -4.3527
v  -0.0057 0.5024 -4.1121
v  -0.0049 0.5092 -4.1112
v  -0.0092 0.5008 -4.1112
v  -0.0049 0.5008 -4.1159
v  -0.0031 0.5092 -4.1159
v  -0.0057 0.5917 -4.3565
v  -0.0049 0.5848 -4.3574
v  -0.0092 0.5848 -4.3593
v  -0.0092 0.5933 -4.3574
v  -0.0049 0.5933 -4.3527
v  -0.0092 0.5968 -4.3527
v  -4.8560 0.5917 -4.3565
v  -4.8524 0.5933 -4.3574
v  -4.8524 0.5848 -4.3593
v  -4.8568 0.5848 -4.3574
v  -4.8585 0.5848 -4.3527
v  -4.8568 0.5933 -4.3527
v  -4.8524 0.5968 -4.3527
v  -4.8560 0.5917 -4.1121
v  -4.8568 0.5933 -4.1159
v  -4.8568 0.5848 -4.1112
v  -4.8524 0.5848 -4.1093
v  -4.8524 0.5933 -4.1112
v  -4.8524 0.5968 -4.1159
v  -0.0057 0.5917 -4.1121
v  -0.0092 0.5933 -4.1112
v  -0.0049 0.5848 -4.1112
v  -0.0031 0.5848 -4.1159
v  -0.0049 0.5933 -4.1159
v  -4.5975 0.4973 -4.3527
v  -4.5975 0.5008 -4.3574
v  -4.5975 0.5092 -4.3593
v  -4.8568 0.5008 -4.1751
v  -4.8524 0.4973 -4.1751
v  -0.2641 0.5008 -4.1112
v  -0.0092 0.4973 -4.2935
v  -0.0049 0.5008 -4.2935
v  -4.5975 0.5848 -4.3593
v  -4.5975 0.5933 -4.3574
v  -4.5975 0.5968 -4.3527
v  -4.8568 0.5933 -4.1751
v  -4.8524 0.5968 -4.1751
v  -0.2641 0.5933 -4.1112
v  -0.0049 0.5933 -4.2935
v  -0.0092 0.5968 -4.2935
v  -0.2641 0.5092 -4.3593
v  -0.2641 0.5848 -4.3593
v  -0.5190 0.5092 -4.3593
v  -0.5190 0.5848 -4.3593
v  -0.7739 0.5092 -4.3593
v  -0.7739 0.5848 -4.3593
v  -1.0288 0.5092 -4.3593
v  -1.0288 0.5848 -4.3593
v  -1.2837 0.5092 -4.3593
v  -1.2837 0.5848 -4.3593
v  -1.5386 0.5848 -4.3593
v  -1.5386 0.5092 -4.3593
v  -1.7935 0.5092 -4.3593
v  -1.7935 0.5848 -4.3593
v  -2.0485 0.5092 -4.3593
v  -2.0485 0.5848 -4.3593
v  -2.3034 0.5092 -4.3593
v  -2.3034 0.5848 -4.3593
v  -2.5583 0.5092 -4.3593
v  -2.5583 0.5848 -4.3593
v  -2.8132 0.5848 -4.3593
v  -2.8132 0.5092 -4.3593
v  -3.0681 0.5092 -4.3593
v  -3.0681 0.5848 -4.3593
v  -3.3230 0.5848 -4.3593
v  -3.3230 0.5092 -4.3593
v  -3.5779 0.5092 -4.3593
v  -3.5779 0.5848 -4.3593
v  -3.8328 0.5848 -4.3593
v  -3.8328 0.5092 -4.3593
v  -4.0877 0.5848 -4.3593
v  -4.0877 0.5092 -4.3593
v  -4.3426 0.5092 -4.3593
v  -4.3426 0.5848 -4.3593
v  -4.5975 0.5933 -4.1112
v  -4.5975 0.5968 -4.1159
v  -4.3426 0.5933 -4.1112
v  -4.3426 0.5968 -4.1159
v  -4.0877 0.5933 -4.1112
v  -4.0877 0.5968 -4.1159
v  -3.8328 0.5968 -4.1159
v  -3.8328 0.5933 -4.1112
v  -3.5779 0.5933 -4.1112
v  -3.5779 0.5968 -4.1159
v  -3.3230 0.5968 -4.1159
v  -3.3230 0.5933 -4.1112
v  -3.0681 0.5968 -4.1159
v  -3.0681 0.5933 -4.1112
v  -2.8132 0.5933 -4.1112
v  -2.8132 0.5968 -4.1159
v  -2.5583 0.5968 -4.1159
v  -2.5583 0.5933 -4.1112
v  -2.3034 0.5968 -4.1159
v  -2.3034 0.5933 -4.1112
v  -2.0485 0.5933 -4.1112
v  -2.0485 0.5968 -4.1159
v  -1.7935 0.5933 -4.1112
v  -1.7935 0.5968 -4.1159
v  -1.5386 0.5933 -4.1112
v  -1.5386 0.5968 -4.1159
v  -1.2837 0.5933 -4.1112
v  -1.2837 0.5968 -4.1159
v  -1.0288 0.5968 -4.1159
v  -1.0288 0.5933 -4.1112
v  -0.7739 0.5933 -4.1112
v  -0.7739 0.5968 -4.1159
v  -0.5190 0.5933 -4.1112
v  -0.5190 0.5968 -4.1159
v  -4.5975 0.5848 -4.1093
v  -4.3426 0.5848 -4.1093
v  -4.0877 0.5848 -4.1093
v  -3.8328 0.5848 -4.1093
v  -3.5779 0.5848 -4.1093
v  -3.3230 0.5848 -4.1093
v  -3.0681 0.5848 -4.1093
v  -2.8132 0.5848 -4.1093
v  -2.5583 0.5848 -4.1093
v  -2.3034 0.5848 -4.1093
v  -2.0485 0.5848 -4.1093
v  -1.7935 0.5848 -4.1093
v  -1.5386 0.5848 -4.1093
v  -1.2837 0.5848 -4.1093
v  -1.0288 0.5848 -4.1093
v  -0.7739 0.5848 -4.1093
v  -0.5190 0.5848 -4.1093
v  -0.2641 0.5933 -4.3574
v  -0.2641 0.5968 -4.3527
v  -0.5190 0.5933 -4.3574
v  -0.5190 0.5968 -4.3527
v  -0.7739 0.5933 -4.3574
v  -0.7739 0.5968 -4.3527
v  -1.0288 0.5968 -4.3527
v  -1.0288 0.5933 -4.3574
v  -1.2837 0.5968 -4.3527
v  -1.2837 0.5933 -4.3574
v  -1.5386 0.5933 -4.3574
v  -1.5386 0.5968 -4.3527
v  -1.7935 0.5968 -4.3527
v  -1.7935 0.5933 -4.3574
v  -2.0485 0.5933 -4.3574
v  -2.0485 0.5968 -4.3527
v  -2.3034 0.5968 -4.3527
v  -2.3034 0.5933 -4.3574
v  -2.5583 0.5933 -4.3574
v  -2.5583 0.5968 -4.3527
v  -2.8132 0.5968 -4.3527
v  -2.8132 0.5933 -4.3574
v  -3.0681 0.5933 -4.3574
v  -3.0681 0.5968 -4.3527
v  -3.3230 0.5968 -4.3527
v  -3.3230 0.5933 -4.3574
v  -3.5779 0.5968 -4.3527
v  -3.5779 0.5933 -4.3574
v  -3.8328 0.5933 -4.3574
v  -3.8328 0.5968 -4.3527
v  -4.0877 0.5968 -4.3527
v  -4.0877 0.5933 -4.3574
v  -4.3426 0.5968 -4.3527
v  -4.3426 0.5933 -4.3574
v  -4.5975 0.5008 -4.1112
v  -4.5975 0.5092 -4.1093
v  -4.3426 0.5008 -4.1112
v  -4.3426 0.5092 -4.1093
v  -4.0877 0.5092 -4.1093
v  -4.0877 0.5008 -4.1112
v  -3.8328 0.5092 -4.1093
v  -3.8328 0.5008 -4.1112
v  -3.5779 0.5008 -4.1112
v  -3.5779 0.5092 -4.1093
v  -3.3230 0.5092 -4.1093
v  -3.3230 0.5008 -4.1112
v  -3.0681 0.5092 -4.1093
v  -3.0681 0.5008 -4.1112
v  -2.8132 0.5092 -4.1093
v  -2.8132 0.5008 -4.1112
v  -2.5583 0.5092 -4.1093
v  -2.5583 0.5008 -4.1112
v  -2.3034 0.5092 -4.1093
v  -2.3034 0.5008 -4.1112
v  -2.0485 0.5092 -4.1093
v  -2.0485 0.5008 -4.1112
v  -1.7935 0.5008 -4.1112
v  -1.7935 0.5092 -4.1093
v  -1.5386 0.5092 -4.1093
v  -1.5386 0.5008 -4.1112
v  -1.2837 0.5092 -4.1093
v  -1.2837 0.5008 -4.1112
v  -1.0288 0.5008 -4.1112
v  -1.0288 0.5092 -4.1093
v  -0.7739 0.5092 -4.1093
v  -0.7739 0.5008 -4.1112
v  -0.5190 0.5092 -4.1093
v  -0.5190 0.5008 -4.1112
v  -4.5975 0.4973 -4.1159
v  -4.3426 0.4973 -4.1159
v  -4.0877 0.4973 -4.1159
v  -3.8328 0.4973 -4.1159
v  -3.5779 0.4973 -4.1159
v  -3.3230 0.4973 -4.1159
v  -3.0681 0.4973 -4.1159
v  -2.8132 0.4973 -4.1159
v  -2.5583 0.4973 -4.1159
v  -2.3034 0.4973 -4.1159
v  -2.0485 0.4973 -4.1159
v  -1.7935 0.4973 -4.1159
v  -1.5386 0.4973 -4.1159
v  -1.2837 0.4973 -4.1159
v  -1.0288 0.4973 -4.1159
v  -0.7739 0.4973 -4.1159
v  -0.5190 0.4973 -4.1159
v  -0.2641 0.5008 -4.3574
v  -0.5190 0.5008 -4.3574
v  -0.7739 0.5008 -4.3574
v  -1.0288 0.5008 -4.3574
v  -1.2837 0.5008 -4.3574
v  -1.5386 0.5008 -4.3574
v  -1.7935 0.5008 -4.3574
v  -2.0485 0.5008 -4.3574
v  -2.3034 0.5008 -4.3574
v  -2.5583 0.5008 -4.3574
v  -2.8132 0.5008 -4.3574
v  -3.0681 0.5008 -4.3574
v  -3.3230 0.5008 -4.3574
v  -3.5779 0.5008 -4.3574
v  -3.8328 0.5008 -4.3574
v  -4.0877 0.5008 -4.3574
v  -4.3426 0.5008 -4.3574
v  -0.2641 0.4973 -4.3527
v  -0.5190 0.4973 -4.3527
v  -0.7739 0.4973 -4.3527
v  -1.0288 0.4973 -4.3527
v  -1.2837 0.4973 -4.3527
v  -1.5386 0.4973 -4.3527
v  -1.7935 0.4973 -4.3527
v  -2.0485 0.4973 -4.3527
v  -2.3034 0.4973 -4.3527
v  -2.5583 0.4973 -4.3527
v  -2.8132 0.4973 -4.3527
v  -3.0681 0.4973 -4.3527
v  -3.3230 0.4973 -4.3527
v  -3.5779 0.4973 -4.3527
v  -3.8328 0.4973 -4.3527
v  -4.0877 0.4973 -4.3527
v  -4.3426 0.4973 -4.3527
v  -4.5975 0.4973 -4.1751
v  -4.3426 0.4973 -4.1751
v  -4.0877 0.4973 -4.1751
v  -3.8328 0.4973 -4.1751
v  -3.5779 0.4973 -4.1751
v  -3.3230 0.4973 -4.1751
v  -3.0681 0.4973 -4.1751
v  -2.8132 0.4973 -4.1751
v  -2.5583 0.4973 -4.1751
v  -2.3034 0.4973 -4.1751
v  -2.0485 0.4973 -4.1751
v  -1.7935 0.4973 -4.1751
v  -1.5386 0.4973 -4.1751
v  -1.2837 0.4973 -4.1751
v  -1.0288 0.4973 -4.1751
v  -0.7739 0.4973 -4.1751
v  -0.5190 0.4973 -4.1751
v  -4.5975 0.5968 -4.1751
v  -4.3426 0.5968 -4.1751
v  -4.0877 0.5968 -4.1751
v  -3.8328 0.5968 -4.1751
v  -3.5779 0.5968 -4.1751
v  -3.3230 0.5968 -4.1751
v  -3.0681 0.5968 -4.1751
v  -2.8132 0.5968 -4.1751
v  -2.5583 0.5968 -4.1751
v  -2.3034 0.5968 -4.1751
v  -2.0485 0.5968 -4.1751
v  -1.7935 0.5968 -4.1751
v  -1.5386 0.5968 -4.1751
v  -1.2837 0.5968 -4.1751
v  -1.0288 0.5968 -4.1751
v  -0.7739 0.5968 -4.1751
v  -0.5190 0.5968 -4.1751
v  -0.5190 0.5968 -4.2935
v  -0.2641 0.5968 -4.2935
v  -0.5190 0.5968 -4.2343
v  -0.2641 0.5968 -4.2343
v  -0.7739 0.5968 -4.2935
v  -0.7739 0.5968 -4.2343
v  -1.0288 0.5968 -4.2935
v  -1.0288 0.5968 -4.2343
v  -1.2837 0.5968 -4.2935
v  -1.2837 0.5968 -4.2343
v  -1.5386 0.5968 -4.2935
v  -1.5386 0.5968 -4.2343
v  -1.7935 0.5968 -4.2935
v  -1.7935 0.5968 -4.2343
v  -2.0485 0.5968 -4.2935
v  -2.0485 0.5968 -4.2343
v  -2.3034 0.5968 -4.2935
v  -2.3034 0.5968 -4.2343
v  -2.5583 0.5968 -4.2935
v  -2.5583 0.5968 -4.2343
v  -2.8132 0.5968 -4.2935
v  -2.8132 0.5968 -4.2343
v  -3.0681 0.5968 -4.2935
v  -3.0681 0.5968 -4.2343
v  -3.3230 0.5968 -4.2935
v  -3.3230 0.5968 -4.2343
v  -3.5779 0.5968 -4.2935
v  -3.5779 0.5968 -4.2343
v  -3.8328 0.5968 -4.2935
v  -3.8328 0.5968 -4.2343
v  -4.0877 0.5968 -4.2935
v  -4.0877 0.5968 -4.2343
v  -4.3426 0.5968 -4.2935
v  -4.3426 0.5968 -4.2343
v  -4.5975 0.5968 -4.2935
v  -4.5975 0.5968 -4.2343
v  -4.8524 0.5968 -4.2935
v  -4.8524 0.5968 -4.2343
v  -0.2641 0.4973 -4.2935
v  -0.5190 0.4973 -4.2935
v  -0.5190 0.4973 -4.2343
v  -0.2641 0.4973 -4.2343
v  -0.7739 0.4973 -4.2935
v  -0.7739 0.4973 -4.2343
v  -1.0288 0.4973 -4.2935
v  -1.0288 0.4973 -4.2343
v  -1.2837 0.4973 -4.2935
v  -1.2837 0.4973 -4.2343
v  -1.5386 0.4973 -4.2935
v  -1.5386 0.4973 -4.2343
v  -1.7935 0.4973 -4.2935
v  -1.7935 0.4973 -4.2343
v  -2.0485 0.4973 -4.2935
v  -2.0485 0.4973 -4.2343
v  -2.3034 0.4973 -4.2935
v  -2.3034 0.4973 -4.2343
v  -2.5583 0.4973 -4.2935
v  -2.5583 0.4973 -4.2343
v  -2.8132 0.4973 -4.2935
v  -2.8132 0.4973 -4.2343
v  -3.0681 0.4973 -4.2935
v  -3.0681 0.4973 -4.2343
v  -3.3230 0.4973 -4.2935
v  -3.3230 0.4973 -4.2343
v  -3.5779 0.4973 -4.2935
v  -3.5779 0.4973 -4.2343
v  -3.8328 0.4973 -4.2935
v  -3.8328 0.4973 -4.2343
v  -4.0877 0.4973 -4.2935
v  -4.0877 0.4973 -4.2343
v  -4.3426 0.4973 -4.2935
v  -4.3426 0.4973 -4.2343
v  -4.5975 0.4973 -4.2935
v  -4.5975 0.4973 -4.2343
v  -4.8524 0.4973 -4.2935
v  -4.8524 0.4973 -4.2343
v  -0.0049 0.5933 -4.1751
v  -0.0049 0.5933 -4.2343
v  -0.0092 0.5968 -4.2343
v  -0.0031 0.5848 -4.1751
v  -0.0031 0.5848 -4.2343
v  -4.8568 0.5933 -4.2935
v  -4.8568 0.5933 -4.2343
v  -4.8585 0.5848 -4.2935
v  -4.8585 0.5848 -4.2343
v  -0.0049 0.5008 -4.1751
v  -0.0031 0.5092 -4.1751
v  -0.0031 0.5092 -4.2343
v  -0.0049 0.5008 -4.2343
v  -0.0092 0.4973 -4.2343
v  -4.8568 0.5008 -4.2935
v  -4.8585 0.5092 -4.2935
v  -4.8585 0.5092 -4.2343
v  -4.8568 0.5008 -4.2343
# 3588 vertices

vn 0.1794 -0.1794 0.9673
vn 0.1794 0.1794 0.9673
vn 0.0000 0.1951 0.9808
vn 0.0000 -0.1951 0.9808
vn 0.1951 0.9808 -0.0000
vn 0.1794 0.9673 -0.1794
vn 0.0000 0.9808 -0.1951
vn 0.0000 1.0000 -0.0000
vn 0.9673 -0.1794 -0.1794
vn 0.9673 0.1794 -0.1794
vn 0.9808 0.1951 -0.0000
vn 0.9808 -0.1951 -0.0000
vn -0.1794 0.1794 -0.9673
vn 0.0000 0.1951 -0.9808
vn 0.0000 -0.1951 -0.9808
vn -0.1794 -0.1794 -0.9673
vn 0.0000 -0.9808 -0.1951
vn 0.1794 -0.9673 -0.1794
vn 0.1951 -0.9808 -0.0000
vn 0.0000 -1.0000 -0.0000
vn -0.6965 -0.6965 0.1726
vn -0.5773 -0.5774 0.5774
vn -0.6965 -0.1726 0.6965
vn -0.9673 -0.1794 0.1794
vn -0.1793 -0.9673 0.1794
vn -0.1725 -0.6965 0.6965
vn -0.1794 -0.1794 0.9673
vn 0.6965 -0.1726 0.6965
vn 0.1726 -0.6965 0.6965
vn 0.5773 -0.5774 0.5773
vn 0.1794 -0.9673 0.1794
vn 0.6965 -0.6965 0.1726
vn 0.9673 -0.1794 0.1794
vn -0.9673 -0.1794 -0.1794
vn -0.6965 -0.1726 -0.6965
vn -0.5773 -0.5774 -0.5773
vn -0.6965 -0.6965 -0.1726
vn -0.1726 -0.6965 -0.6965
vn -0.1794 -0.9673 -0.1794
vn 0.6965 -0.6965 -0.1726
vn 0.5773 -0.5774 -0.5773
vn 0.6965 -0.1726 -0.6965
vn 0.1725 -0.6965 -0.6965
vn 0.1794 -0.1794 -0.9673
vn -0.6965 0.6965 -0.1726
vn -0.5773 0.5774 -0.5773
vn -0.6965 0.1726 -0.6965
vn -0.9673 0.1794 -0.1794
vn -0.1794 0.9673 -0.1794
vn -0.1726 0.6965 -0.6965
vn -0.6965 0.6965 0.1726
vn -0.9673 0.1794 0.1794
vn -0.6965 0.1726 0.6965
vn -0.5774 0.5773 0.5773
vn -0.1794 0.1794 0.9673
vn -0.1726 0.6965 0.6965
vn -0.1794 0.9673 0.1794
vn 0.6965 0.1726 0.6965
vn 0.5774 0.5774 0.5773
vn 0.1726 0.6965 0.6965
vn 0.9673 0.1794 0.1794
vn 0.6965 0.6965 0.1726
vn 0.1794 0.9673 0.1794
vn 0.6965 0.1726 -0.6965
vn 0.5774 0.5774 -0.5773
vn 0.6965 0.6965 -0.1726
vn 0.1794 0.1794 -0.9673
vn 0.1726 0.6965 -0.6965
vn -0.1951 -0.9808 -0.0000
vn -0.7071 -0.7071 -0.0000
vn -0.9808 -0.1951 -0.0000
vn 0.0000 -0.9808 0.1951
vn 0.0000 -0.7071 0.7071
vn 0.7071 -0.7071 -0.0000
vn 0.0000 -0.7071 -0.7071
vn -0.7071 0.7071 -0.0000
vn -0.9808 0.1951 -0.0000
vn -0.1951 0.9808 -0.0000
vn 0.0000 0.7071 0.7071
vn 0.0000 0.9808 0.1951
vn 0.7071 0.7071 -0.0000
vn 0.0000 0.7071 -0.7071
vn -0.0000 -1.0000 -0.0000
vn -0.0000 1.0000 -0.0000
vn -0.0000 0.9808 0.1951
vn -0.0000 -0.9808 0.1951
vn -0.9977 0.0048 -0.0677
vn -0.9979 0.0000 -0.0653
vn -0.9979 0.0000 0.0654
vn -0.9980 -0.0041 0.0624
vn -0.9979 0.0000 0.0653
vn -0.9977 0.0048 0.0679
vn -0.9981 -0.0040 -0.0622
vn -0.9979 0.0000 -0.0654
vn -1.0000 0.0029 -0.0093
vn -0.9999 0.0034 0.0110
vn 0.9977 0.0048 -0.0677
vn 1.0000 0.0029 -0.0093
vn 0.9980 -0.0041 0.0624
vn 0.9999 0.0034 0.0110
vn 0.9977 0.0048 0.0679
vn 0.9981 -0.0040 -0.0622
vn 0.9979 0.0000 0.0654
vn 0.9979 0.0000 -0.0653
vn 0.9979 0.0000 -0.0654
vn 0.9979 0.0000 0.0653
vn -0.9647 0.0184 0.2628
vn -0.9638 0.0702 0.2572
vn -0.8642 0.0351 0.5019
vn -0.8632 0.1328 0.4871
vn -0.7047 0.1866 0.6846
vn -0.7053 0.0494 0.7072
vn -0.4987 0.0603 0.8647
vn -0.4984 0.2279 0.8364
vn -0.2533 0.0673 0.9650
vn -0.2533 0.2543 0.9334
vn 0.0049 0.2628 0.9648
vn 0.0049 0.0696 0.9976
vn 0.9638 0.0702 0.2572
vn 0.9647 0.0184 0.2628
vn 0.8632 0.1328 0.4871
vn 0.8642 0.0351 0.5019
vn 0.7047 0.1866 0.6846
vn 0.7053 0.0494 0.7072
vn 0.4984 0.2279 0.8364
vn 0.4987 0.0603 0.8647
vn 0.2581 0.0672 0.9638
vn 0.2581 0.2539 0.9321
vn -0.9999 0.0059 0.0102
vn -0.9637 0.1335 0.2312
vn -0.8631 0.2526 0.4374
vn -0.7045 0.3548 0.6146
vn -0.4983 0.4335 0.7508
vn -0.2532 0.4837 0.8378
vn 0.0049 0.5000 0.8660
vn 0.9637 0.1335 0.2312
vn 0.9999 0.0059 0.0102
vn 0.8631 0.2526 0.4374
vn 0.7045 0.3549 0.6146
vn 0.4983 0.4335 0.7508
vn 0.2580 0.4831 0.8367
vn -0.9637 0.1887 0.1887
vn -0.9999 0.0083 0.0083
vn -0.8631 0.3571 0.3571
vn -0.7045 0.5018 0.5018
vn -0.4983 0.6131 0.6130
vn -0.2532 0.6841 0.6841
vn 0.0049 0.7071 0.7071
vn 0.9999 0.0083 0.0083
vn 0.9637 0.1887 0.1887
vn 0.8631 0.3571 0.3571
vn 0.7046 0.5018 0.5018
vn 0.4983 0.6131 0.6130
vn 0.2581 0.6832 0.6832
vn -0.9637 0.2311 0.1334
vn -0.9999 0.0102 0.0059
vn -0.8631 0.4374 0.2525
vn -0.7046 0.6146 0.3548
vn -0.4984 0.7508 0.4335
vn -0.2533 0.8378 0.4837
vn 0.0049 0.8660 0.5000
vn 0.9999 0.0098 0.0057
vn 0.9638 0.2309 0.1333
vn 0.8631 0.4374 0.2525
vn 0.7046 0.6146 0.3548
vn 0.4984 0.7508 0.4335
vn 0.2581 0.8367 0.4831
vn -0.9999 0.0112 0.0030
vn -0.9637 0.2580 0.0687
vn -0.8631 0.4881 0.1301
vn -0.7045 0.6857 0.1828
vn -0.4983 0.8377 0.2233
vn -0.2532 0.9348 0.2492
vn 0.0049 0.9662 0.2576
vn 0.9999 0.0100 0.0026
vn 0.9638 0.2575 0.0686
vn 0.8631 0.4881 0.1301
vn 0.7045 0.6857 0.1828
vn 0.4983 0.8377 0.2233
vn 0.2581 0.9335 0.2489
vn -0.9638 0.2666 -0.0000
vn -0.9999 0.0106 0.0000
vn -0.8631 0.5051 0.0000
vn -0.7045 0.7097 -0.0000
vn -0.4982 0.8670 -0.0000
vn -0.2531 0.9674 0.0000
vn 0.0049 1.0000 -0.0000
vn 0.9647 0.0184 -0.2625
vn 0.9640 0.0700 -0.2566
vn 0.8642 0.0351 -0.5019
vn 0.8632 0.1328 -0.4871
vn 0.7053 0.0494 -0.7072
vn 0.7047 0.1866 -0.6846
vn 0.4987 0.0603 -0.8647
vn 0.4984 0.2279 -0.8364
vn 0.2581 0.0672 -0.9638
vn 0.2581 0.2539 -0.9321
vn 0.0049 0.0696 -0.9976
vn 0.0049 0.2628 -0.9648
vn -0.9647 0.0184 -0.2625
vn -0.9640 0.0700 -0.2566
vn -0.8632 0.1328 -0.4871
vn -0.8642 0.0351 -0.5019
vn -0.7047 0.1866 -0.6846
vn -0.7053 0.0494 -0.7072
vn -0.4987 0.0603 -0.8647
vn -0.4984 0.2279 -0.8364
vn -0.2533 0.2543 -0.9334
vn -0.2533 0.0673 -0.9650
vn 1.0000 0.0048 -0.0084
vn 0.9640 0.1330 -0.2304
vn 0.8631 0.2526 -0.4374
vn 0.7045 0.3548 -0.6146
vn 0.4983 0.4335 -0.7508
vn 0.2580 0.4831 -0.8367
vn 0.0049 0.5000 -0.8660
vn -0.9640 0.1330 -0.2304
vn -1.0000 0.0048 -0.0084
vn -0.8631 0.2526 -0.4374
vn -0.7045 0.3548 -0.6146
vn -0.4983 0.4335 -0.7508
vn -0.2532 0.4837 -0.8378
vn 0.9640 0.1881 -0.1881
vn 1.0000 0.0068 -0.0068
vn 0.8631 0.3571 -0.3571
vn 0.7045 0.5018 -0.5018
vn 0.4983 0.6131 -0.6130
vn 0.2581 0.6832 -0.6832
vn 0.0049 0.7071 -0.7071
vn -1.0000 0.0068 -0.0068
vn -0.9640 0.1881 -0.1881
vn -0.8631 0.3571 -0.3571
vn -0.7046 0.5018 -0.5018
vn -0.4983 0.6131 -0.6130
vn -0.2532 0.6841 -0.6841
vn 0.9640 0.2304 -0.1330
vn 1.0000 0.0084 -0.0048
vn 0.8631 0.4374 -0.2525
vn 0.7046 0.6146 -0.3548
vn 0.4984 0.7508 -0.4335
vn 0.2581 0.8367 -0.4831
vn 0.0049 0.8660 -0.5000
vn -1.0000 0.0084 -0.0048
vn -0.9640 0.2304 -0.1330
vn -0.8631 0.4374 -0.2525
vn -0.7046 0.6146 -0.3548
vn -0.4984 0.7508 -0.4335
vn -0.2532 0.8378 -0.4837
vn 0.9639 0.2573 -0.0686
vn 1.0000 0.0096 -0.0025
vn 0.8631 0.4880 -0.1301
vn 0.7045 0.6857 -0.1828
vn 0.4983 0.8377 -0.2233
vn 0.2581 0.9335 -0.2489
vn 0.0049 0.9662 -0.2576
vn -1.0000 0.0096 -0.0025
vn -0.9639 0.2573 -0.0686
vn -0.8631 0.4880 -0.1301
vn -0.7045 0.6857 -0.1828
vn -0.4983 0.8377 -0.2233
vn -0.2532 0.9348 -0.2492
vn 0.9999 0.0102 0.0000
vn 0.9639 0.2663 0.0000
vn 0.8631 0.5051 0.0000
vn 0.7045 0.7097 -0.0000
vn 0.4982 0.8670 -0.0000
vn 0.2580 0.9661 -0.0000
vn 0.9660 0.0000 -0.2586
vn 0.8662 0.0000 -0.4996
vn 0.7075 0.0000 -0.7067
vn 0.5004 0.0000 -0.8658
vn 0.2591 0.0000 -0.9659
vn 0.0049 0.0000 -1.0000
vn -0.9660 0.0000 -0.2586
vn -0.8662 0.0000 -0.4996
vn -0.7075 0.0000 -0.7067
vn -0.5004 0.0000 -0.8658
vn -0.2543 0.0000 -0.9671
vn -0.9660 0.0000 0.2586
vn -0.8662 0.0000 0.4996
vn -0.7075 0.0000 0.7067
vn -0.5004 0.0000 0.8658
vn -0.2543 0.0000 0.9671
vn 0.0049 0.0000 1.0000
vn 0.9660 0.0000 0.2586
vn 0.8662 0.0000 0.4996
vn 0.7075 0.0000 0.7067
vn 0.5004 0.0000 0.8658
vn 0.2591 0.0000 0.9659
vn 0.0050 -0.0654 -0.9978
vn -0.2560 -0.0632 -0.9646
vn -0.2589 -0.2500 -0.9330
vn 0.0050 -0.2588 -0.9659
vn -0.5031 -0.0565 -0.8623
vn -0.5079 -0.2229 -0.8321
vn -0.7155 -0.1808 -0.6748
vn -0.7106 -0.0460 -0.7021
vn -0.8688 -0.0324 -0.4941
vn -0.8725 -0.1265 -0.4720
vn -0.9675 -0.0165 -0.2524
vn -0.9693 -0.0635 -0.2375
vn 0.2636 -0.2497 -0.9318
vn 0.2607 -0.0631 -0.9634
vn 0.5079 -0.2229 -0.8321
vn 0.5031 -0.0565 -0.8623
vn 0.7155 -0.1808 -0.6748
vn 0.7106 -0.0460 -0.7021
vn 0.8688 -0.0324 -0.4941
vn 0.8725 -0.1265 -0.4720
vn 0.9693 -0.0635 -0.2375
vn 0.9675 -0.0165 -0.2524
vn 0.0050 -0.5000 -0.8660
vn -0.2589 -0.4830 -0.8365
vn -0.5079 -0.4307 -0.7460
vn -0.7155 -0.3493 -0.6050
vn -0.8725 -0.2443 -0.4232
vn -0.9694 -0.1228 -0.2127
vn 0.2636 -0.4823 -0.8354
vn 0.5079 -0.4307 -0.7460
vn 0.7155 -0.3493 -0.6050
vn 0.8725 -0.2443 -0.4232
vn 0.9694 -0.1228 -0.2127
vn -0.2589 -0.6830 -0.6830
vn 0.0050 -0.7071 -0.7071
vn -0.5079 -0.6091 -0.6091
vn -0.7155 -0.4940 -0.4940
vn -0.8725 -0.3455 -0.3455
vn -0.9694 -0.1737 -0.1737
vn 0.2636 -0.6821 -0.6821
vn 0.5079 -0.6091 -0.6091
vn 0.7155 -0.4940 -0.4940
vn 0.8725 -0.3455 -0.3455
vn 0.9694 -0.1737 -0.1737
vn -0.2589 -0.8365 -0.4830
vn 0.0050 -0.8660 -0.5000
vn -0.5079 -0.7460 -0.4307
vn -0.7155 -0.6050 -0.3493
vn -0.8725 -0.4232 -0.2443
vn -0.9694 -0.2127 -0.1228
vn 0.2636 -0.8354 -0.4823
vn 0.5079 -0.7460 -0.4307
vn 0.7155 -0.6050 -0.3493
vn 0.8725 -0.4232 -0.2443
vn 0.9693 -0.2130 -0.1229
vn 0.0050 -0.9659 -0.2588
vn -0.2589 -0.9330 -0.2500
vn -0.5079 -0.8321 -0.2229
vn -0.7155 -0.6748 -0.1808
vn -0.8725 -0.4720 -0.1265
vn -0.9693 -0.2375 -0.0636
vn 0.2636 -0.9318 -0.2497
vn 0.5079 -0.8321 -0.2229
vn 0.7155 -0.6748 -0.1808
vn 0.8725 -0.4720 -0.1265
vn 0.9692 -0.2380 -0.0637
vn 0.0050 -1.0000 0.0000
vn -0.2589 -0.9659 0.0000
vn -0.5079 -0.8614 0.0000
vn -0.7155 -0.6986 0.0000
vn -0.8725 -0.4887 0.0000
vn -0.9692 -0.2464 0.0001
vn 0.2636 -0.9646 0.0000
vn 0.5079 -0.8614 0.0000
vn 0.7155 -0.6986 0.0000
vn 0.8725 -0.4887 0.0000
vn 0.9691 -0.2467 0.0000
vn 0.0050 -0.2588 0.9659
vn 0.0050 -0.0654 0.9978
vn 0.2607 -0.0631 0.9634
vn 0.2636 -0.2497 0.9318
vn 0.5031 -0.0565 0.8623
vn 0.5079 -0.2229 0.8321
vn 0.7106 -0.0460 0.7021
vn 0.7155 -0.1808 0.6748
vn 0.8725 -0.1265 0.4720
vn 0.8688 -0.0324 0.4941
vn 0.9674 -0.0166 0.2527
vn 0.9691 -0.0638 0.2383
vn -0.2589 -0.2500 0.9330
vn -0.2560 -0.0632 0.9646
vn -0.5079 -0.2229 0.8321
vn -0.5031 -0.0565 0.8623
vn -0.7155 -0.1808 0.6748
vn -0.7106 -0.0460 0.7021
vn -0.8725 -0.1265 0.4720
vn -0.8688 -0.0324 0.4941
vn -0.9691 -0.0638 0.2383
vn -0.9674 -0.0166 0.2527
vn 0.2636 -0.4823 0.8354
vn 0.0050 -0.5000 0.8660
vn 0.5079 -0.4307 0.7460
vn 0.7155 -0.3493 0.6050
vn 0.8725 -0.2443 0.4232
vn 0.9691 -0.1233 0.2136
vn -0.2589 -0.4830 0.8365
vn -0.5079 -0.4307 0.7460
vn -0.7155 -0.3493 0.6050
vn -0.8725 -0.2443 0.4232
vn -0.9691 -0.1233 0.2136
vn 0.0050 -0.7071 0.7071
vn 0.2636 -0.6821 0.6821
vn 0.5079 -0.6091 0.6091
vn 0.7155 -0.4940 0.4940
vn 0.8725 -0.3455 0.3455
vn 0.9691 -0.1744 0.1744
vn -0.2589 -0.6830 0.6830
vn -0.5079 -0.6091 0.6091
vn -0.7155 -0.4940 0.4940
vn -0.8725 -0.3455 0.3455
vn -0.9691 -0.1744 0.1744
vn 0.2636 -0.8354 0.4823
vn 0.0050 -0.8660 0.5000
vn 0.5079 -0.7460 0.4307
vn 0.7155 -0.6050 0.3493
vn 0.8725 -0.4232 0.2443
vn 0.9691 -0.2136 0.1233
vn -0.2589 -0.8365 0.4830
vn -0.5079 -0.7460 0.4307
vn -0.7155 -0.6050 0.3493
vn -0.8725 -0.4232 0.2443
vn -0.9691 -0.2136 0.1233
vn 0.0050 -0.9659 0.2588
vn 0.2636 -0.9318 0.2497
vn 0.5079 -0.8321 0.2229
vn 0.7155 -0.6748 0.1808
vn 0.8725 -0.4720 0.1265
vn 0.9691 -0.2383 0.0638
vn -0.2589 -0.9330 0.2500
vn -0.5079 -0.8321 0.2229
vn -0.7155 -0.6748 0.1808
vn -0.8725 -0.4720 0.1265
vn -0.9691 -0.2383 0.0638
vn 0.0049 -0.0000 1.0000
vn 0.2588 -0.0000 0.9659
vn 0.5000 -0.0000 0.8660
vn 0.7071 0.0000 0.7071
vn 0.8660 0.0000 0.5000
vn 0.9659 0.0000 0.2588
vn -0.2541 0.0000 0.9672
vn -0.5000 0.0000 0.8660
vn -0.7071 0.0000 0.7071
vn -0.8660 0.0000 0.5000
vn -0.9659 0.0000 0.2588
vn -0.2541 0.0000 -0.9672
vn -0.5000 0.0000 -0.8660
vn -0.7071 0.0000 -0.7071
vn -0.8660 0.0000 -0.5000
vn -0.9659 0.0000 -0.2588
vn 0.2588 0.0000 -0.9659
vn 0.5000 0.0000 -0.8660
vn 0.7071 0.0000 -0.7071
vn 0.8660 0.0000 -0.5000
vn 0.9659 0.0000 -0.2588
vn 0.7045 0.3548 0.6146
vn -0.7046 0.5018 0.5018
vn -0.8631 0.5051 -0.0000
vn -0.2532 0.9674 -0.0000
vn 1.0000 0.0069 -0.0068
vn 0.4983 0.6131 -0.6131
vn -1.0000 0.0069 -0.0068
vn -0.7045 0.5018 -0.5018
vn -0.4983 0.6131 -0.6131
vn 0.8631 0.4881 -0.1301
vn -0.8631 0.4881 -0.1301
vn 0.9999 0.0102 -0.0000
vn 0.9639 0.2663 -0.0000
vn 0.8631 0.5051 -0.0000
vn -0.5079 -0.2230 -0.8321
vn 0.5032 -0.0565 -0.8623
vn -0.5079 -0.8614 -0.0000
vn -0.7155 -0.6986 -0.0000
vn 0.7155 -0.6986 -0.0000
vn 0.5031 -0.0565 0.8624
vn 0.5079 -0.2230 0.8321
vn -0.5031 -0.0565 0.8624
vn 0.2588 0.0000 0.9659
vn 0.5000 0.0000 0.8660
vn 0.0049 -0.0000 -1.0000
vn -0.2541 -0.0000 -0.9672
vn -0.8660 -0.0000 -0.5000
vn -0.9659 -0.0000 -0.2588
vn 0.2588 -0.0000 -0.9659
vn 0.5000 -0.0000 -0.8660
vn -0.7045 0.3549 0.6146
vn 0.7045 0.5018 0.5018
vn -0.4982 0.8670 0.0000
vn 0.0049 1.0000 0.0000
vn 0.7045 0.3549 -0.6146
vn -0.7045 0.3549 -0.6146
vn 0.7046 0.5018 -0.5018
vn 0.2580 0.6832 -0.6832
vn -0.2533 0.8378 -0.4837
vn 0.4982 0.8670 0.0000
vn 0.2580 0.9661 0.0000
vn -0.5031 -0.0565 -0.8624
vn 0.0050 -1.0000 -0.0000
vn -0.2589 -0.9659 -0.0000
vn -0.8725 -0.4887 -0.0000
vn 0.2636 -0.9646 -0.0000
vn 0.8725 -0.4887 -0.0000
vn 0.9691 -0.2467 -0.0000
vn 0.5032 -0.0565 0.8623
vn -0.5032 -0.0565 0.8623
vn 0.7071 -0.0000 0.7071
vn -0.9637 0.1888 0.1887
vn -0.9637 0.2312 0.1335
vn 0.9638 0.2310 0.1333
vn 0.2581 0.2540 -0.9321
vn 0.7045 0.7097 0.0000
vn -0.5032 -0.0565 -0.8623
vn -0.5079 -0.2230 0.8321
vn 0.2581 0.2540 0.9321
vn -0.4983 0.6131 0.6131
vn 0.4983 0.6131 0.6131
vn -0.2532 0.8378 0.4837
vn -0.7045 0.7097 0.0000
vn 0.5079 -0.2230 -0.8321
vn 0.5031 -0.0565 -0.8624
vn 0.5079 -0.8614 -0.0000
vn -0.5000 -0.0000 -0.8660
vn 0.8660 -0.0000 0.5000
vn 0.0000 0.0000 1.0000
vn 0.1951 0.0000 0.9808
vn 1.0000 0.0000 -0.0000
vn 0.9808 0.0000 -0.1951
vn 0.0000 0.0000 -1.0000
vn -0.1951 0.0000 -0.9808
vn -0.5773 -0.5774 0.5773
vn -0.1794 -0.9673 0.1794
vn -0.1726 -0.6965 0.6965
vn 0.5773 -0.5774 0.5774
vn 0.1726 -0.6965 -0.6965
vn 0.5774 0.5773 0.5773
vn -0.1725 0.6965 -0.6965
vn -0.0000 -0.7071 0.7071
vn -0.0000 -0.1951 0.9808
vn 0.7071 -0.7071 0.0000
vn 0.9808 -0.1951 0.0000
vn -0.9808 0.0000 -0.1951
vn 0.1951 0.0000 -0.9808
vn 0.9808 0.0000 0.1951
vn -0.9808 0.0000 0.1951
vn -0.1951 0.0000 0.9808
vn -0.9808 -0.0000 0.1951
vn -1.0000 0.0000 -0.0000
vn -0.7071 -0.0000 0.7071
vn -0.1951 -0.0000 0.9808
vn 0.9808 -0.0000 0.1951
vn 0.7071 -0.0000 -0.7071
vn 0.1951 -0.0000 -0.9808
vn -0.0000 0.7071 -0.7071
vn -0.0000 0.1951 -0.9808
vn 1.0000 0.0000 0.0000
vn -1.0000 0.0000 0.0000
vn -0.5774 -0.5774 0.5773
vn 0.5774 -0.5774 0.5773
vn -0.5773 0.5774 0.5774
vn 0.5773 0.5774 0.5773
vn 0.5773 0.5774 -0.5773
# 559 vertex normals

vt 0.4953 0.0965 0.0000
vt 0.4993 0.0965 0.0000
vt 0.4994 0.1023 0.0000
vt 0.4952 0.1023 0.0000
vt 0.2631 0.0298 0.0000
vt 0.2631 0.0039 0.0000
vt 0.2689 0.0038 0.0000
vt 0.2689 0.0297 0.0000
vt 0.4485 0.0038 0.0000
vt 0.4525 0.0038 0.0000
vt 0.4526 0.0295 0.0000
vt 0.4484 0.0295 0.0000
vt 0.4953 0.0890 0.0000
vt 0.4952 0.0832 0.0000
vt 0.4994 0.0832 0.0000
vt 0.4993 0.0889 0.0000
vt 0.3114 0.0038 0.0000
vt 0.3172 0.0039 0.0000
vt 0.3173 0.0297 0.0000
vt 0.3115 0.0297 0.0000
vt 0.4597 0.0037 0.0000
vt 0.4597 0.0033 0.0000
vt 0.4601 0.0033 0.0000
vt 0.4602 0.0038 0.0000
vt 0.2936 0.5259 0.0000
vt 0.2941 0.5258 0.0000
vt 0.2941 0.5263 0.0000
vt 0.2937 0.5263 0.0000
vt 0.4953 0.1203 0.0000
vt 0.4949 0.1203 0.0000
vt 0.4948 0.1199 0.0000
vt 0.4953 0.1198 0.0000
vt 0.4953 0.0960 0.0000
vt 0.4948 0.0965 0.0000
vt 0.4949 0.0961 0.0000
vt 0.3173 0.5258 0.0000
vt 0.3178 0.5258 0.0000
vt 0.3177 0.5262 0.0000
vt 0.3173 0.5263 0.0000
vt 0.4485 0.5262 0.0000
vt 0.4481 0.5261 0.0000
vt 0.4480 0.5257 0.0000
vt 0.4485 0.5257 0.0000
vt 0.4602 0.5257 0.0000
vt 0.4602 0.5262 0.0000
vt 0.4598 0.5261 0.0000
vt 0.4597 0.5257 0.0000
vt 0.4998 0.0894 0.0000
vt 0.4994 0.0894 0.0000
vt 0.4998 0.0890 0.0000
vt 0.2941 0.0039 0.0000
vt 0.2936 0.0039 0.0000
vt 0.2937 0.0035 0.0000
vt 0.2941 0.0034 0.0000
vt 0.4480 0.0037 0.0000
vt 0.4480 0.0033 0.0000
vt 0.4484 0.0033 0.0000
vt 0.3177 0.0039 0.0000
vt 0.3172 0.0034 0.0000
vt 0.3176 0.0035 0.0000
vt 0.4994 0.0651 0.0000
vt 0.4998 0.0652 0.0000
vt 0.4998 0.0656 0.0000
vt 0.4993 0.0656 0.0000
vt 0.4648 0.5257 0.0000
vt 0.4647 0.5261 0.0000
vt 0.4643 0.5262 0.0000
vt 0.4643 0.5257 0.0000
vt 0.2867 0.0035 0.0000
vt 0.2868 0.0039 0.0000
vt 0.2863 0.0039 0.0000
vt 0.2863 0.0034 0.0000
vt 0.4949 0.0894 0.0000
vt 0.4948 0.0890 0.0000
vt 0.4953 0.0895 0.0000
vt 0.4647 0.0037 0.0000
vt 0.4642 0.0038 0.0000
vt 0.4642 0.0032 0.0000
vt 0.4646 0.0033 0.0000
vt 0.4993 0.1198 0.0000
vt 0.4998 0.1198 0.0000
vt 0.4998 0.1202 0.0000
vt 0.4994 0.1203 0.0000
vt 0.2869 0.5262 0.0000
vt 0.2865 0.5263 0.0000
vt 0.2864 0.5258 0.0000
vt 0.2869 0.5258 0.0000
vt 0.4994 0.0960 0.0000
vt 0.4998 0.0960 0.0000
vt 0.4998 0.0964 0.0000
vt 0.4526 0.5262 0.0000
vt 0.4526 0.5257 0.0000
vt 0.4531 0.5257 0.0000
vt 0.4530 0.5261 0.0000
vt 0.2628 0.5258 0.0000
vt 0.2633 0.5258 0.0000
vt 0.2633 0.5263 0.0000
vt 0.2629 0.5262 0.0000
vt 0.4526 0.0032 0.0000
vt 0.4530 0.0033 0.0000
vt 0.4530 0.0037 0.0000
vt 0.4953 0.0651 0.0000
vt 0.4953 0.0656 0.0000
vt 0.4948 0.0656 0.0000
vt 0.4949 0.0652 0.0000
vt 0.2627 0.0035 0.0000
vt 0.2631 0.0034 0.0000
vt 0.2626 0.0039 0.0000
vt 0.2940 0.5000 0.0000
vt 0.2935 0.5000 0.0000
vt 0.4601 0.0295 0.0000
vt 0.4596 0.0295 0.0000
vt 0.3115 0.5259 0.0000
vt 0.3115 0.5264 0.0000
vt 0.4947 0.1023 0.0000
vt 0.3178 0.0297 0.0000
vt 0.4479 0.0295 0.0000
vt 0.2998 0.0033 0.0000
vt 0.2998 0.0038 0.0000
vt 0.4999 0.0832 0.0000
vt 0.4648 0.0295 0.0000
vt 0.4643 0.0295 0.0000
vt 0.2865 0.5000 0.0000
vt 0.2870 0.5000 0.0000
vt 0.4999 0.1023 0.0000
vt 0.2690 0.5259 0.0000
vt 0.2690 0.5264 0.0000
vt 0.4531 0.0295 0.0000
vt 0.2626 0.0297 0.0000
vt 0.4947 0.0832 0.0000
vt 0.2805 0.0033 0.0000
vt 0.2805 0.0038 0.0000
vt 0.4601 0.5000 0.0000
vt 0.4643 0.5000 0.0000
vt 0.4601 0.4739 0.0000
vt 0.4643 0.4739 0.0000
vt 0.4643 0.4477 0.0000
vt 0.4601 0.4477 0.0000
vt 0.4601 0.4216 0.0000
vt 0.4643 0.4216 0.0000
vt 0.4601 0.3954 0.0000
vt 0.4643 0.3954 0.0000
vt 0.4601 0.3693 0.0000
vt 0.4643 0.3693 0.0000
vt 0.4601 0.3432 0.0000
vt 0.4643 0.3432 0.0000
vt 0.4601 0.3170 0.0000
vt 0.4643 0.3170 0.0000
vt 0.4643 0.2909 0.0000
vt 0.4601 0.2909 0.0000
vt 0.4643 0.2647 0.0000
vt 0.4601 0.2647 0.0000
vt 0.4601 0.2386 0.0000
vt 0.4643 0.2386 0.0000
vt 0.4601 0.2124 0.0000
vt 0.4643 0.2125 0.0000
vt 0.4601 0.1863 0.0000
vt 0.4643 0.1863 0.0000
vt 0.4601 0.1602 0.0000
vt 0.4643 0.1602 0.0000
vt 0.4601 0.1340 0.0000
vt 0.4643 0.1340 0.0000
vt 0.4601 0.1079 0.0000
vt 0.4643 0.1079 0.0000
vt 0.4601 0.0817 0.0000
vt 0.4643 0.0817 0.0000
vt 0.4601 0.0556 0.0000
vt 0.4643 0.0556 0.0000
vt 0.2626 0.5000 0.0000
vt 0.2631 0.5000 0.0000
vt 0.2626 0.4739 0.0000
vt 0.2631 0.4739 0.0000
vt 0.2626 0.4477 0.0000
vt 0.2631 0.4477 0.0000
vt 0.2631 0.4216 0.0000
vt 0.2626 0.4216 0.0000
vt 0.2626 0.3955 0.0000
vt 0.2631 0.3955 0.0000
vt 0.2626 0.3694 0.0000
vt 0.2631 0.3694 0.0000
vt 0.2626 0.3432 0.0000
vt 0.2631 0.3432 0.0000
vt 0.2626 0.3171 0.0000
vt 0.2631 0.3171 0.0000
vt 0.2626 0.2910 0.0000
vt 0.2631 0.2910 0.0000
vt 0.2626 0.2649 0.0000
vt 0.2631 0.2649 0.0000
vt 0.2626 0.2387 0.0000
vt 0.2631 0.2387 0.0000
vt 0.2626 0.2126 0.0000
vt 0.2631 0.2126 0.0000
vt 0.2631 0.1865 0.0000
vt 0.2626 0.1865 0.0000
vt 0.2626 0.1603 0.0000
vt 0.2631 0.1603 0.0000
vt 0.2626 0.1342 0.0000
vt 0.2631 0.1342 0.0000
vt 0.2631 0.1081 0.0000
vt 0.2626 0.1081 0.0000
vt 0.2631 0.0820 0.0000
vt 0.2626 0.0820 0.0000
vt 0.2631 0.0558 0.0000
vt 0.2626 0.0558 0.0000
vt 0.4526 0.5000 0.0000
vt 0.4531 0.5000 0.0000
vt 0.4526 0.4739 0.0000
vt 0.4531 0.4739 0.0000
vt 0.4526 0.4477 0.0000
vt 0.4531 0.4477 0.0000
vt 0.4531 0.4216 0.0000
vt 0.4526 0.4216 0.0000
vt 0.4526 0.3954 0.0000
vt 0.4531 0.3954 0.0000
vt 0.4526 0.3693 0.0000
vt 0.4531 0.3693 0.0000
vt 0.4526 0.3432 0.0000
vt 0.4531 0.3432 0.0000
vt 0.4531 0.3170 0.0000
vt 0.4526 0.3170 0.0000
vt 0.4526 0.2909 0.0000
vt 0.4531 0.2909 0.0000
vt 0.4526 0.2647 0.0000
vt 0.4531 0.2647 0.0000
vt 0.4526 0.2386 0.0000
vt 0.4531 0.2386 0.0000
vt 0.4531 0.2125 0.0000
vt 0.4526 0.2125 0.0000
vt 0.4526 0.1863 0.0000
vt 0.4531 0.1863 0.0000
vt 0.4526 0.1602 0.0000
vt 0.4531 0.1602 0.0000
vt 0.4526 0.1340 0.0000
vt 0.4531 0.1340 0.0000
vt 0.4531 0.1079 0.0000
vt 0.4526 0.1079 0.0000
vt 0.4526 0.0817 0.0000
vt 0.4531 0.0817 0.0000
vt 0.4526 0.0556 0.0000
vt 0.4531 0.0556 0.0000
vt 0.2869 0.0297 0.0000
vt 0.2864 0.0297 0.0000
vt 0.2870 0.0558 0.0000
vt 0.2865 0.0558 0.0000
vt 0.2865 0.0820 0.0000
vt 0.2870 0.0820 0.0000
vt 0.2870 0.1081 0.0000
vt 0.2865 0.1081 0.0000
vt 0.2865 0.1342 0.0000
vt 0.2870 0.1342 0.0000
vt 0.2870 0.1603 0.0000
vt 0.2865 0.1603 0.0000
vt 0.2865 0.1865 0.0000
vt 0.2870 0.1865 0.0000
vt 0.2870 0.2126 0.0000
vt 0.2865 0.2126 0.0000
vt 0.2865 0.2387 0.0000
vt 0.2870 0.2387 0.0000
vt 0.2870 0.2649 0.0000
vt 0.2865 0.2649 0.0000
vt 0.2870 0.2910 0.0000
vt 0.2865 0.2910 0.0000
vt 0.2870 0.3171 0.0000
vt 0.2865 0.3171 0.0000
vt 0.2865 0.3432 0.0000
vt 0.2870 0.3432 0.0000
vt 0.2865 0.3694 0.0000
vt 0.2870 0.3694 0.0000
vt 0.2870 0.3955 0.0000
vt 0.2865 0.3955 0.0000
vt 0.2865 0.4216 0.0000
vt 0.2870 0.4216 0.0000
vt 0.2870 0.4477 0.0000
vt 0.2865 0.4477 0.0000
vt 0.2870 0.4739 0.0000
vt 0.2865 0.4739 0.0000
vt 0.4648 0.5000 0.0000
vt 0.4648 0.4739 0.0000
vt 0.4648 0.4477 0.0000
vt 0.4648 0.4216 0.0000
vt 0.4648 0.3954 0.0000
vt 0.4648 0.3693 0.0000
vt 0.4648 0.3432 0.0000
vt 0.4648 0.3170 0.0000
vt 0.4648 0.2909 0.0000
vt 0.4648 0.2647 0.0000
vt 0.4648 0.2386 0.0000
vt 0.4648 0.2125 0.0000
vt 0.4648 0.1863 0.0000
vt 0.4648 0.1602 0.0000
vt 0.4648 0.1340 0.0000
vt 0.4648 0.1079 0.0000
vt 0.4648 0.0817 0.0000
vt 0.4648 0.0556 0.0000
vt 0.4479 0.5000 0.0000
vt 0.4484 0.5000 0.0000
vt 0.4479 0.4739 0.0000
vt 0.4484 0.4739 0.0000
vt 0.4479 0.4477 0.0000
vt 0.4484 0.4477 0.0000
vt 0.4479 0.4216 0.0000
vt 0.4484 0.4216 0.0000
vt 0.4484 0.3954 0.0000
vt 0.4479 0.3954 0.0000
vt 0.4479 0.3693 0.0000
vt 0.4484 0.3693 0.0000
vt 0.4479 0.3432 0.0000
vt 0.4484 0.3432 0.0000
vt 0.4479 0.3170 0.0000
vt 0.4484 0.3170 0.0000
vt 0.4479 0.2909 0.0000
vt 0.4484 0.2909 0.0000
vt 0.4484 0.2647 0.0000
vt 0.4479 0.2647 0.0000
vt 0.4479 0.2386 0.0000
vt 0.4484 0.2386 0.0000
vt 0.4479 0.2125 0.0000
vt 0.4484 0.2125 0.0000
vt 0.4484 0.1863 0.0000
vt 0.4479 0.1863 0.0000
vt 0.4479 0.1602 0.0000
vt 0.4484 0.1602 0.0000
vt 0.4479 0.1340 0.0000
vt 0.4484 0.1340 0.0000
vt 0.4484 0.1079 0.0000
vt 0.4479 0.1079 0.0000
vt 0.4484 0.0817 0.0000
vt 0.4479 0.0817 0.0000
vt 0.4479 0.0556 0.0000
vt 0.4484 0.0556 0.0000
vt 0.3174 0.5000 0.0000
vt 0.3179 0.5000 0.0000
vt 0.3173 0.4739 0.0000
vt 0.3179 0.4739 0.0000
vt 0.3173 0.4478 0.0000
vt 0.3179 0.4478 0.0000
vt 0.3174 0.4216 0.0000
vt 0.3179 0.4216 0.0000
vt 0.3174 0.3955 0.0000
vt 0.3179 0.3955 0.0000
vt 0.3174 0.3694 0.0000
vt 0.3179 0.3694 0.0000
vt 0.3179 0.3432 0.0000
vt 0.3174 0.3432 0.0000
vt 0.3179 0.3171 0.0000
vt 0.3174 0.3171 0.0000
vt 0.3179 0.2910 0.0000
vt 0.3174 0.2910 0.0000
vt 0.3179 0.2649 0.0000
vt 0.3174 0.2649 0.0000
vt 0.3179 0.2387 0.0000
vt 0.3174 0.2387 0.0000
vt 0.3179 0.2126 0.0000
vt 0.3174 0.2126 0.0000
vt 0.3174 0.1865 0.0000
vt 0.3179 0.1865 0.0000
vt 0.3179 0.1604 0.0000
vt 0.3174 0.1604 0.0000
vt 0.3174 0.1342 0.0000
vt 0.3179 0.1342 0.0000
vt 0.3174 0.1081 0.0000
vt 0.3179 0.1081 0.0000
vt 0.3174 0.0820 0.0000
vt 0.3179 0.0820 0.0000
vt 0.3179 0.0558 0.0000
vt 0.3174 0.0558 0.0000
vt 0.4596 0.5000 0.0000
vt 0.4596 0.4739 0.0000
vt 0.4596 0.4477 0.0000
vt 0.4596 0.4216 0.0000
vt 0.4596 0.3954 0.0000
vt 0.4596 0.3693 0.0000
vt 0.4596 0.3432 0.0000
vt 0.4596 0.3170 0.0000
vt 0.4596 0.2909 0.0000
vt 0.4596 0.2647 0.0000
vt 0.4596 0.2386 0.0000
vt 0.4596 0.2124 0.0000
vt 0.4596 0.1863 0.0000
vt 0.4596 0.1602 0.0000
vt 0.4596 0.1340 0.0000
vt 0.4596 0.1079 0.0000
vt 0.4596 0.0817 0.0000
vt 0.4596 0.0556 0.0000
vt 0.2935 0.0297 0.0000
vt 0.2940 0.0297 0.0000
vt 0.2940 0.0558 0.0000
vt 0.2935 0.0558 0.0000
vt 0.2940 0.0820 0.0000
vt 0.2935 0.0820 0.0000
vt 0.2940 0.1081 0.0000
vt 0.2935 0.1081 0.0000
vt 0.2940 0.1342 0.0000
vt 0.2935 0.1342 0.0000
vt 0.2935 0.1603 0.0000
vt 0.2940 0.1603 0.0000
vt 0.2940 0.1865 0.0000
vt 0.2935 0.1865 0.0000
vt 0.2940 0.2126 0.0000
vt 0.2935 0.2126 0.0000
vt 0.2940 0.2387 0.0000
vt 0.2935 0.2387 0.0000
vt 0.2935 0.2649 0.0000
vt 0.2940 0.2649 0.0000
vt 0.2940 0.2910 0.0000
vt 0.2935 0.2910 0.0000
vt 0.2940 0.3171 0.0000
vt 0.2935 0.3171 0.0000
vt 0.2940 0.3432 0.0000
vt 0.2935 0.3432 0.0000
vt 0.2940 0.3694 0.0000
vt 0.2935 0.3694 0.0000
vt 0.2935 0.3955 0.0000
vt 0.2940 0.3955 0.0000
vt 0.2935 0.4216 0.0000
vt 0.2940 0.4216 0.0000
vt 0.2940 0.4478 0.0000
vt 0.2935 0.4478 0.0000
vt 0.2935 0.4739 0.0000
vt 0.2940 0.4739 0.0000
vt 0.3115 0.5000 0.0000
vt 0.3115 0.4739 0.0000
vt 0.3115 0.4478 0.0000
vt 0.3115 0.4216 0.0000
vt 0.3115 0.3955 0.0000
vt 0.3115 0.3694 0.0000
vt 0.3115 0.3432 0.0000
vt 0.3115 0.3171 0.0000
vt 0.3115 0.2910 0.0000
vt 0.3115 0.2649 0.0000
vt 0.3115 0.2387 0.0000
vt 0.3115 0.2126 0.0000
vt 0.3115 0.1865 0.0000
vt 0.3115 0.1604 0.0000
vt 0.3115 0.1342 0.0000
vt 0.3115 0.1081 0.0000
vt 0.3115 0.0820 0.0000
vt 0.3115 0.0558 0.0000
vt 0.2690 0.5000 0.0000
vt 0.2689 0.4739 0.0000
vt 0.2689 0.4477 0.0000
vt 0.2689 0.4216 0.0000
vt 0.2689 0.3955 0.0000
vt 0.2689 0.3694 0.0000
vt 0.2689 0.3432 0.0000
vt 0.2689 0.3171 0.0000
vt 0.2689 0.2910 0.0000
vt 0.2689 0.2649 0.0000
vt 0.2689 0.2387 0.0000
vt 0.2689 0.2126 0.0000
vt 0.2689 0.1865 0.0000
vt 0.2689 0.1603 0.0000
vt 0.2689 0.1342 0.0000
vt 0.2690 0.1081 0.0000
vt 0.2690 0.0820 0.0000
vt 0.2689 0.0558 0.0000
vt 0.2806 0.0558 0.0000
vt 0.2806 0.0297 0.0000
vt 0.2747 0.0297 0.0000
vt 0.2748 0.0558 0.0000
vt 0.2806 0.0820 0.0000
vt 0.2748 0.0820 0.0000
vt 0.2806 0.1081 0.0000
vt 0.2748 0.1081 0.0000
vt 0.2806 0.1342 0.0000
vt 0.2748 0.1342 0.0000
vt 0.2806 0.1603 0.0000
vt 0.2748 0.1603 0.0000
vt 0.2806 0.1865 0.0000
vt 0.2748 0.1865 0.0000
vt 0.2806 0.2126 0.0000
vt 0.2748 0.2126 0.0000
vt 0.2806 0.2387 0.0000
vt 0.2748 0.2387 0.0000
vt 0.2806 0.2649 0.0000
vt 0.2748 0.2649 0.0000
vt 0.2806 0.2910 0.0000
vt 0.2748 0.2910 0.0000
vt 0.2806 0.3171 0.0000
vt 0.2748 0.3171 0.0000
vt 0.2806 0.3432 0.0000
vt 0.2748 0.3432 0.0000
vt 0.2806 0.3694 0.0000
vt 0.2748 0.3694 0.0000
vt 0.2806 0.3955 0.0000
vt 0.2748 0.3955 0.0000
vt 0.2806 0.4216 0.0000
vt 0.2748 0.4216 0.0000
vt 0.2806 0.4477 0.0000
vt 0.2748 0.4477 0.0000
vt 0.2806 0.4739 0.0000
vt 0.2748 0.4739 0.0000
vt 0.2807 0.5000 0.0000
vt 0.2748 0.5000 0.0000
vt 0.2807 0.5259 0.0000
vt 0.2748 0.5260 0.0000
vt 0.2998 0.0558 0.0000
vt 0.2999 0.0297 0.0000
vt 0.3057 0.0297 0.0000
vt 0.3057 0.0558 0.0000
vt 0.2998 0.0820 0.0000
vt 0.3057 0.0820 0.0000
vt 0.2998 0.1081 0.0000
vt 0.3057 0.1081 0.0000
vt 0.2998 0.1342 0.0000
vt 0.3057 0.1342 0.0000
vt 0.2998 0.1603 0.0000
vt 0.3057 0.1604 0.0000
vt 0.2998 0.1865 0.0000
vt 0.3057 0.1865 0.0000
vt 0.2998 0.2126 0.0000
vt 0.3057 0.2126 0.0000
vt 0.2998 0.2387 0.0000
vt 0.3057 0.2387 0.0000
vt 0.2998 0.2649 0.0000
vt 0.3057 0.2649 0.0000
vt 0.2998 0.2910 0.0000
vt 0.3057 0.2910 0.0000
vt 0.2998 0.3171 0.0000
vt 0.3057 0.3171 0.0000
vt 0.2998 0.3432 0.0000
vt 0.3057 0.3432 0.0000
vt 0.2998 0.3694 0.0000
vt 0.3057 0.3694 0.0000
vt 0.2998 0.3955 0.0000
vt 0.3057 0.3955 0.0000
vt 0.2998 0.4216 0.0000
vt 0.3057 0.4216 0.0000
vt 0.2998 0.4478 0.0000
vt 0.3057 0.4478 0.0000
vt 0.2998 0.4739 0.0000
vt 0.3057 0.4739 0.0000
vt 0.2998 0.5000 0.0000
vt 0.3057 0.5000 0.0000
vt 0.2999 0.5260 0.0000
vt 0.3057 0.5260 0.0000
vt 0.2689 0.0033 0.0000
vt 0.2747 0.0032 0.0000
vt 0.2747 0.0037 0.0000
vt 0.4952 0.0714 0.0000
vt 0.4947 0.0714 0.0000
vt 0.4952 0.0773 0.0000
vt 0.4947 0.0773 0.0000
vt 0.2807 0.5264 0.0000
vt 0.2748 0.5265 0.0000
vt 0.4994 0.1140 0.0000
vt 0.4999 0.1140 0.0000
vt 0.4994 0.1082 0.0000
vt 0.4999 0.1082 0.0000
vt 0.4999 0.0714 0.0000
vt 0.4994 0.0714 0.0000
vt 0.4999 0.0773 0.0000
vt 0.4994 0.0773 0.0000
vt 0.3114 0.0033 0.0000
vt 0.3056 0.0037 0.0000
vt 0.3056 0.0032 0.0000
vt 0.4947 0.1140 0.0000
vt 0.4952 0.1140 0.0000
vt 0.4947 0.1081 0.0000
vt 0.4952 0.1081 0.0000
vt 0.2999 0.5265 0.0000
vt 0.3057 0.5265 0.0000
vt 0.0759 0.5328 0.0000
vt 0.0760 0.9968 0.0000
vt 0.0756 0.9968 0.0000
vt 0.0758 0.5328 0.0000
vt 0.0761 0.0033 0.0000
vt 0.0759 0.4660 0.0000
vt 0.0758 0.4660 0.0000
vt 0.0756 0.0033 0.0000
vt 0.0762 0.5274 0.0000
vt 0.0762 0.4714 0.0000
vt 0.0882 0.5328 0.0000
vt 0.0879 0.5274 0.0000
vt 0.0883 0.5328 0.0000
vt 0.0879 0.4714 0.0000
vt 0.0882 0.4660 0.0000
vt 0.0892 0.9967 0.0000
vt 0.0888 0.9967 0.0000
vt 0.0893 0.0033 0.0000
vt 0.0888 0.0033 0.0000
vt 0.0769 0.4659 0.0000
vt 0.0772 0.4714 0.0000
vt 0.0780 0.4659 0.0000
vt 0.0782 0.4713 0.0000
vt 0.0792 0.4713 0.0000
vt 0.0790 0.4658 0.0000
vt 0.0800 0.4658 0.0000
vt 0.0801 0.4713 0.0000
vt 0.0810 0.4658 0.0000
vt 0.0811 0.4713 0.0000
vt 0.0821 0.4713 0.0000
vt 0.0821 0.4658 0.0000
vt 0.0868 0.4714 0.0000
vt 0.0871 0.4659 0.0000
vt 0.0858 0.4713 0.0000
vt 0.0861 0.4659 0.0000
vt 0.0849 0.4713 0.0000
vt 0.0851 0.4658 0.0000
vt 0.0839 0.4713 0.0000
vt 0.0841 0.4658 0.0000
vt 0.0831 0.4658 0.0000
vt 0.0830 0.4713 0.0000
vt 0.0763 0.4770 0.0000
vt 0.0773 0.4770 0.0000
vt 0.0783 0.4770 0.0000
vt 0.0793 0.4770 0.0000
vt 0.0802 0.4770 0.0000
vt 0.0811 0.4770 0.0000
vt 0.0821 0.4770 0.0000
vt 0.0867 0.4770 0.0000
vt 0.0877 0.4770 0.0000
vt 0.0857 0.4770 0.0000
vt 0.0848 0.4770 0.0000
vt 0.0839 0.4770 0.0000
vt 0.0830 0.4770 0.0000
vt 0.0774 0.4826 0.0000
vt 0.0764 0.4826 0.0000
vt 0.0784 0.4826 0.0000
vt 0.0793 0.4826 0.0000
vt 0.0802 0.4826 0.0000
vt 0.0811 0.4826 0.0000
vt 0.0821 0.4826 0.0000
vt 0.0877 0.4826 0.0000
vt 0.0867 0.4826 0.0000
vt 0.0857 0.4826 0.0000
vt 0.0848 0.4826 0.0000
vt 0.0839 0.4826 0.0000
vt 0.0830 0.4826 0.0000
vt 0.0774 0.4882 0.0000
vt 0.0764 0.4882 0.0000
vt 0.0784 0.4882 0.0000
vt 0.0793 0.4882 0.0000
vt 0.0802 0.4882 0.0000
vt 0.0811 0.4882 0.0000
vt 0.0821 0.4882 0.0000
vt 0.0877 0.4882 0.0000
vt 0.0867 0.4882 0.0000
vt 0.0857 0.4882 0.0000
vt 0.0848 0.4882 0.0000
vt 0.0839 0.4882 0.0000
vt 0.0830 0.4882 0.0000
vt 0.0764 0.4938 0.0000
vt 0.0774 0.4938 0.0000
vt 0.0784 0.4938 0.0000
vt 0.0793 0.4938 0.0000
vt 0.0802 0.4938 0.0000
vt 0.0811 0.4938 0.0000
vt 0.0821 0.4938 0.0000
vt 0.0877 0.4938 0.0000
vt 0.0867 0.4938 0.0000
vt 0.0857 0.4938 0.0000
vt 0.0848 0.4938 0.0000
vt 0.0838 0.4938 0.0000
vt 0.0830 0.4938 0.0000
vt 0.0774 0.4994 0.0000
vt 0.0764 0.4994 0.0000
vt 0.0784 0.4994 0.0000
vt 0.0793 0.4994 0.0000
vt 0.0802 0.4994 0.0000
vt 0.0811 0.4994 0.0000
vt 0.0821 0.4994 0.0000
vt 0.0872 0.5329 0.0000
vt 0.0869 0.5274 0.0000
vt 0.0862 0.5329 0.0000
vt 0.0859 0.5274 0.0000
vt 0.0851 0.5330 0.0000
vt 0.0849 0.5275 0.0000
vt 0.0841 0.5330 0.0000
vt 0.0840 0.5275 0.0000
vt 0.0831 0.5330 0.0000
vt 0.0830 0.5275 0.0000
vt 0.0821 0.5330 0.0000
vt 0.0821 0.5275 0.0000
vt 0.0770 0.5329 0.0000
vt 0.0773 0.5274 0.0000
vt 0.0783 0.5274 0.0000
vt 0.0780 0.5329 0.0000
vt 0.0792 0.5275 0.0000
vt 0.0790 0.5330 0.0000
vt 0.0800 0.5330 0.0000
vt 0.0802 0.5275 0.0000
vt 0.0811 0.5275 0.0000
vt 0.0810 0.5330 0.0000
vt 0.0878 0.5217 0.0000
vt 0.0868 0.5217 0.0000
vt 0.0858 0.5217 0.0000
vt 0.0848 0.5217 0.0000
vt 0.0839 0.5217 0.0000
vt 0.0830 0.5218 0.0000
vt 0.0821 0.5218 0.0000
vt 0.0774 0.5217 0.0000
vt 0.0763 0.5217 0.0000
vt 0.0783 0.5217 0.0000
vt 0.0793 0.5218 0.0000
vt 0.0802 0.5218 0.0000
vt 0.0811 0.5218 0.0000
vt 0.0867 0.5161 0.0000
vt 0.0878 0.5161 0.0000
vt 0.0857 0.5161 0.0000
vt 0.0848 0.5161 0.0000
vt 0.0839 0.5161 0.0000
vt 0.0830 0.5161 0.0000
vt 0.0821 0.5161 0.0000
vt 0.0764 0.5161 0.0000
vt 0.0774 0.5161 0.0000
vt 0.0784 0.5161 0.0000
vt 0.0793 0.5161 0.0000
vt 0.0802 0.5161 0.0000
vt 0.0811 0.5161 0.0000
vt 0.0867 0.5105 0.0000
vt 0.0877 0.5105 0.0000
vt 0.0857 0.5105 0.0000
vt 0.0848 0.5105 0.0000
vt 0.0839 0.5105 0.0000
vt 0.0830 0.5105 0.0000
vt 0.0821 0.5105 0.0000
vt 0.0764 0.5105 0.0000
vt 0.0774 0.5105 0.0000
vt 0.0784 0.5105 0.0000
vt 0.0793 0.5105 0.0000
vt 0.0802 0.5105 0.0000
vt 0.0811 0.5105 0.0000
vt 0.0867 0.5049 0.0000
vt 0.0877 0.5049 0.0000
vt 0.0857 0.5049 0.0000
vt 0.0848 0.5049 0.0000
vt 0.0839 0.5049 0.0000
vt 0.0830 0.5049 0.0000
vt 0.0821 0.5049 0.0000
vt 0.0764 0.5049 0.0000
vt 0.0774 0.5049 0.0000
vt 0.0784 0.5049 0.0000
vt 0.0793 0.5049 0.0000
vt 0.0802 0.5049 0.0000
vt 0.0811 0.5049 0.0000
vt 0.0877 0.4994 0.0000
vt 0.0867 0.4994 0.0000
vt 0.0857 0.4994 0.0000
vt 0.0848 0.4994 0.0000
vt 0.0839 0.4994 0.0000
vt 0.0830 0.4994 0.0000
vt 0.0877 0.9967 0.0000
vt 0.0867 0.9967 0.0000
vt 0.0856 0.9967 0.0000
vt 0.0846 0.9967 0.0000
vt 0.0835 0.9967 0.0000
vt 0.0824 0.9967 0.0000
vt 0.0771 0.9967 0.0000
vt 0.0781 0.9967 0.0000
vt 0.0792 0.9967 0.0000
vt 0.0802 0.9967 0.0000
vt 0.0813 0.9967 0.0000
vt 0.0771 0.0033 0.0000
vt 0.0782 0.0033 0.0000
vt 0.0792 0.0033 0.0000
vt 0.0803 0.0033 0.0000
vt 0.0813 0.0033 0.0000
vt 0.0825 0.0033 0.0000
vt 0.0877 0.0033 0.0000
vt 0.0867 0.0033 0.0000
vt 0.0856 0.0033 0.0000
vt 0.0846 0.0033 0.0000
vt 0.0835 0.0033 0.0000
vt 0.0691 0.4662 0.0000
vt 0.0703 0.4662 0.0000
vt 0.0704 0.4716 0.0000
vt 0.0691 0.4716 0.0000
vt 0.0715 0.4662 0.0000
vt 0.0716 0.4715 0.0000
vt 0.0728 0.4715 0.0000
vt 0.0726 0.4662 0.0000
vt 0.0737 0.4661 0.0000
vt 0.0740 0.4715 0.0000
vt 0.0747 0.4660 0.0000
vt 0.0751 0.4714 0.0000
vt 0.0936 0.4716 0.0000
vt 0.0937 0.4662 0.0000
vt 0.0948 0.4663 0.0000
vt 0.0948 0.4716 0.0000
vt 0.0924 0.4715 0.0000
vt 0.0926 0.4662 0.0000
vt 0.0912 0.4715 0.0000
vt 0.0915 0.4662 0.0000
vt 0.0904 0.4661 0.0000
vt 0.0901 0.4715 0.0000
vt 0.0890 0.4714 0.0000
vt 0.0893 0.4660 0.0000
vt 0.0692 0.4771 0.0000
vt 0.0705 0.4771 0.0000
vt 0.0718 0.4771 0.0000
vt 0.0730 0.4771 0.0000
vt 0.0741 0.4771 0.0000
vt 0.0752 0.4771 0.0000
vt 0.0936 0.4771 0.0000
vt 0.0948 0.4771 0.0000
vt 0.0923 0.4771 0.0000
vt 0.0911 0.4771 0.0000
vt 0.0899 0.4771 0.0000
vt 0.0888 0.4770 0.0000
vt 0.0706 0.4827 0.0000
vt 0.0692 0.4827 0.0000
vt 0.0718 0.4827 0.0000
vt 0.0730 0.4827 0.0000
vt 0.0742 0.4827 0.0000
vt 0.0753 0.4826 0.0000
vt 0.0948 0.4827 0.0000
vt 0.0935 0.4827 0.0000
vt 0.0923 0.4827 0.0000
vt 0.0911 0.4827 0.0000
vt 0.0899 0.4827 0.0000
vt 0.0888 0.4826 0.0000
vt 0.0706 0.4883 0.0000
vt 0.0692 0.4883 0.0000
vt 0.0718 0.4883 0.0000
vt 0.0730 0.4882 0.0000
vt 0.0742 0.4882 0.0000
vt 0.0753 0.4882 0.0000
vt 0.0947 0.4883 0.0000
vt 0.0935 0.4883 0.0000
vt 0.0922 0.4883 0.0000
vt 0.0910 0.4882 0.0000
vt 0.0899 0.4882 0.0000
vt 0.0888 0.4882 0.0000
vt 0.0693 0.4938 0.0000
vt 0.0706 0.4938 0.0000
vt 0.0719 0.4938 0.0000
vt 0.0731 0.4938 0.0000
vt 0.0742 0.4938 0.0000
vt 0.0753 0.4938 0.0000
vt 0.0947 0.4938 0.0000
vt 0.0935 0.4938 0.0000
vt 0.0922 0.4938 0.0000
vt 0.0910 0.4938 0.0000
vt 0.0899 0.4938 0.0000
vt 0.0887 0.4938 0.0000
vt 0.0693 0.4994 0.0000
vt 0.0707 0.4994 0.0000
vt 0.0719 0.4994 0.0000
vt 0.0731 0.4994 0.0000
vt 0.0743 0.4994 0.0000
vt 0.0754 0.4994 0.0000
vt 0.0934 0.4994 0.0000
vt 0.0947 0.4994 0.0000
vt 0.0922 0.4994 0.0000
vt 0.0910 0.4994 0.0000
vt 0.0898 0.4994 0.0000
vt 0.0887 0.4994 0.0000
vt 0.0949 0.5272 0.0000
vt 0.0949 0.5325 0.0000
vt 0.0938 0.5325 0.0000
vt 0.0937 0.5272 0.0000
vt 0.0927 0.5326 0.0000
vt 0.0925 0.5272 0.0000
vt 0.0916 0.5326 0.0000
vt 0.0913 0.5273 0.0000
vt 0.0901 0.5273 0.0000
vt 0.0905 0.5327 0.0000
vt 0.0894 0.5328 0.0000
vt 0.0890 0.5273 0.0000
vt 0.0691 0.5272 0.0000
vt 0.0705 0.5272 0.0000
vt 0.0704 0.5326 0.0000
vt 0.0692 0.5326 0.0000
vt 0.0717 0.5273 0.0000
vt 0.0715 0.5326 0.0000
vt 0.0729 0.5273 0.0000
vt 0.0726 0.5326 0.0000
vt 0.0740 0.5273 0.0000
vt 0.0737 0.5327 0.0000
vt 0.0751 0.5273 0.0000
vt 0.0748 0.5328 0.0000
vt 0.0936 0.5216 0.0000
vt 0.0949 0.5216 0.0000
vt 0.0924 0.5217 0.0000
vt 0.0912 0.5217 0.0000
vt 0.0900 0.5217 0.0000
vt 0.0889 0.5217 0.0000
vt 0.0705 0.5217 0.0000
vt 0.0691 0.5217 0.0000
vt 0.0717 0.5217 0.0000
vt 0.0730 0.5217 0.0000
vt 0.0741 0.5217 0.0000
vt 0.0752 0.5217 0.0000
vt 0.0948 0.5161 0.0000
vt 0.0935 0.5161 0.0000
vt 0.0923 0.5161 0.0000
vt 0.0911 0.5161 0.0000
vt 0.0899 0.5161 0.0000
vt 0.0888 0.5161 0.0000
vt 0.0692 0.5161 0.0000
vt 0.0706 0.5161 0.0000
vt 0.0718 0.5161 0.0000
vt 0.0730 0.5161 0.0000
vt 0.0742 0.5161 0.0000
vt 0.0753 0.5161 0.0000
vt 0.0935 0.5105 0.0000
vt 0.0948 0.5105 0.0000
vt 0.0923 0.5105 0.0000
vt 0.0911 0.5105 0.0000
vt 0.0899 0.5105 0.0000
vt 0.0888 0.5105 0.0000
vt 0.0692 0.5105 0.0000
vt 0.0706 0.5105 0.0000
vt 0.0718 0.5105 0.0000
vt 0.0730 0.5105 0.0000
vt 0.0742 0.5105 0.0000
vt 0.0753 0.5105 0.0000
vt 0.0947 0.5049 0.0000
vt 0.0935 0.5049 0.0000
vt 0.0922 0.5049 0.0000
vt 0.0910 0.5049 0.0000
vt 0.0899 0.5049 0.0000
vt 0.0888 0.5049 0.0000
vt 0.0693 0.5049 0.0000
vt 0.0706 0.5049 0.0000
vt 0.0719 0.5049 0.0000
vt 0.0731 0.5049 0.0000
vt 0.0742 0.5049 0.0000
vt 0.0754 0.5049 0.0000
vt 0.0955 0.9967 0.0000
vt 0.0945 0.9967 0.0000
vt 0.0934 0.9967 0.0000
vt 0.0924 0.9967 0.0000
vt 0.0913 0.9967 0.0000
vt 0.0903 0.9967 0.0000
vt 0.0703 0.9968 0.0000
vt 0.0692 0.9968 0.0000
vt 0.0714 0.9968 0.0000
vt 0.0724 0.9968 0.0000
vt 0.0735 0.9968 0.0000
vt 0.0745 0.9968 0.0000
vt 0.0704 0.0032 0.0000
vt 0.0693 0.0032 0.0000
vt 0.0714 0.0032 0.0000
vt 0.0725 0.0032 0.0000
vt 0.0735 0.0032 0.0000
vt 0.0746 0.0032 0.0000
vt 0.0955 0.0033 0.0000
vt 0.0945 0.0033 0.0000
vt 0.0934 0.0033 0.0000
vt 0.0924 0.0033 0.0000
vt 0.0914 0.0033 0.0000
vt 0.0903 0.0033 0.0000
vt 0.1743 0.9968 0.0000
vt 0.1746 0.5328 0.0000
vt 0.1747 0.5328 0.0000
vt 0.1748 0.9968 0.0000
vt 0.1746 0.4660 0.0000
vt 0.1744 0.0033 0.0000
vt 0.1749 0.0033 0.0000
vt 0.1747 0.4660 0.0000
vt 0.1750 0.5274 0.0000
vt 0.1750 0.4714 0.0000
vt 0.1870 0.5328 0.0000
vt 0.1867 0.5274 0.0000
vt 0.1871 0.5328 0.0000
vt 0.1867 0.4714 0.0000
vt 0.1870 0.4660 0.0000
vt 0.1880 0.9967 0.0000
vt 0.1876 0.9967 0.0000
vt 0.1876 0.0033 0.0000
vt 0.1880 0.0033 0.0000
vt 0.1760 0.4714 0.0000
vt 0.1757 0.4659 0.0000
vt 0.1767 0.4659 0.0000
vt 0.1770 0.4713 0.0000
vt 0.1778 0.4658 0.0000
vt 0.1780 0.4713 0.0000
vt 0.1788 0.4658 0.0000
vt 0.1789 0.4713 0.0000
vt 0.1798 0.4658 0.0000
vt 0.1799 0.4713 0.0000
vt 0.1809 0.4658 0.0000
vt 0.1809 0.4713 0.0000
vt 0.1856 0.4714 0.0000
vt 0.1859 0.4659 0.0000
vt 0.1846 0.4713 0.0000
vt 0.1849 0.4659 0.0000
vt 0.1836 0.4713 0.0000
vt 0.1839 0.4658 0.0000
vt 0.1827 0.4713 0.0000
vt 0.1829 0.4658 0.0000
vt 0.1818 0.4713 0.0000
vt 0.1819 0.4658 0.0000
vt 0.1761 0.4770 0.0000
vt 0.1751 0.4770 0.0000
vt 0.1771 0.4770 0.0000
vt 0.1781 0.4770 0.0000
vt 0.1790 0.4770 0.0000
vt 0.1799 0.4770 0.0000
vt 0.1809 0.4770 0.0000
vt 0.1855 0.4770 0.0000
vt 0.1865 0.4770 0.0000
vt 0.1845 0.4770 0.0000
vt 0.1836 0.4770 0.0000
vt 0.1827 0.4770 0.0000
vt 0.1817 0.4770 0.0000
vt 0.1762 0.4826 0.0000
vt 0.1752 0.4826 0.0000
vt 0.1771 0.4826 0.0000
vt 0.1781 0.4826 0.0000
vt 0.1790 0.4826 0.0000
vt 0.1799 0.4826 0.0000
vt 0.1809 0.4826 0.0000
vt 0.1855 0.4826 0.0000
vt 0.1865 0.4826 0.0000
vt 0.1845 0.4826 0.0000
vt 0.1836 0.4826 0.0000
vt 0.1826 0.4826 0.0000
vt 0.1817 0.4826 0.0000
vt 0.1762 0.4882 0.0000
vt 0.1752 0.4882 0.0000
vt 0.1772 0.4882 0.0000
vt 0.1781 0.4882 0.0000
vt 0.1790 0.4882 0.0000
vt 0.1799 0.4882 0.0000
vt 0.1809 0.4882 0.0000
vt 0.1865 0.4882 0.0000
vt 0.1854 0.4882 0.0000
vt 0.1845 0.4882 0.0000
vt 0.1835 0.4882 0.0000
vt 0.1826 0.4882 0.0000
vt 0.1817 0.4882 0.0000
vt 0.1762 0.4938 0.0000
vt 0.1752 0.4938 0.0000
vt 0.1772 0.4938 0.0000
vt 0.1781 0.4938 0.0000
vt 0.1790 0.4938 0.0000
vt 0.1799 0.4938 0.0000
vt 0.1809 0.4938 0.0000
vt 0.1865 0.4938 0.0000
vt 0.1854 0.4938 0.0000
vt 0.1845 0.4938 0.0000
vt 0.1835 0.4938 0.0000
vt 0.1826 0.4938 0.0000
vt 0.1817 0.4938 0.0000
vt 0.1752 0.4994 0.0000
vt 0.1762 0.4994 0.0000
vt 0.1772 0.4994 0.0000
vt 0.1781 0.4994 0.0000
vt 0.1790 0.4994 0.0000
vt 0.1799 0.4994 0.0000
vt 0.1809 0.4994 0.0000
vt 0.1860 0.5329 0.0000
vt 0.1857 0.5274 0.0000
vt 0.1849 0.5329 0.0000
vt 0.1847 0.5274 0.0000
vt 0.1839 0.5330 0.0000
vt 0.1837 0.5275 0.0000
vt 0.1829 0.5330 0.0000
vt 0.1827 0.5275 0.0000
vt 0.1819 0.5330 0.0000
vt 0.1818 0.5275 0.0000
vt 0.1809 0.5330 0.0000
vt 0.1809 0.5275 0.0000
vt 0.1758 0.5329 0.0000
vt 0.1760 0.5274 0.0000
vt 0.1770 0.5274 0.0000
vt 0.1768 0.5329 0.0000
vt 0.1780 0.5275 0.0000
vt 0.1778 0.5330 0.0000
vt 0.1790 0.5275 0.0000
vt 0.1788 0.5330 0.0000
vt 0.1799 0.5275 0.0000
vt 0.1798 0.5330 0.0000
vt 0.1856 0.5217 0.0000
vt 0.1866 0.5217 0.0000
vt 0.1846 0.5217 0.0000
vt 0.1836 0.5217 0.0000
vt 0.1827 0.5217 0.0000
vt 0.1818 0.5218 0.0000
vt 0.1809 0.5218 0.0000
vt 0.1751 0.5217 0.0000
vt 0.1761 0.5217 0.0000
vt 0.1771 0.5217 0.0000
vt 0.1781 0.5218 0.0000
vt 0.1790 0.5218 0.0000
vt 0.1799 0.5218 0.0000
vt 0.1855 0.5161 0.0000
vt 0.1865 0.5161 0.0000
vt 0.1845 0.5161 0.0000
vt 0.1836 0.5161 0.0000
vt 0.1827 0.5161 0.0000
vt 0.1818 0.5161 0.0000
vt 0.1809 0.5161 0.0000
vt 0.1762 0.5161 0.0000
vt 0.1751 0.5161 0.0000
vt 0.1772 0.5161 0.0000
vt 0.1781 0.5161 0.0000
vt 0.1790 0.5161 0.0000
vt 0.1799 0.5161 0.0000
vt 0.1855 0.5105 0.0000
vt 0.1865 0.5105 0.0000
vt 0.1845 0.5105 0.0000
vt 0.1836 0.5105 0.0000
vt 0.1827 0.5105 0.0000
vt 0.1818 0.5105 0.0000
vt 0.1809 0.5105 0.0000
vt 0.1762 0.5105 0.0000
vt 0.1752 0.5105 0.0000
vt 0.1772 0.5105 0.0000
vt 0.1781 0.5105 0.0000
vt 0.1790 0.5105 0.0000
vt 0.1799 0.5105 0.0000
vt 0.1855 0.5049 0.0000
vt 0.1865 0.5049 0.0000
vt 0.1845 0.5049 0.0000
vt 0.1835 0.5049 0.0000
vt 0.1826 0.5049 0.0000
vt 0.1818 0.5049 0.0000
vt 0.1809 0.5049 0.0000
vt 0.1762 0.5049 0.0000
vt 0.1752 0.5049 0.0000
vt 0.1772 0.5049 0.0000
vt 0.1781 0.5049 0.0000
vt 0.1790 0.5049 0.0000
vt 0.1799 0.5049 0.0000
vt 0.1864 0.4994 0.0000
vt 0.1854 0.4994 0.0000
vt 0.1845 0.4994 0.0000
vt 0.1835 0.4994 0.0000
vt 0.1826 0.4994 0.0000
vt 0.1818 0.4994 0.0000
vt 0.1865 0.9967 0.0000
vt 0.1855 0.9967 0.0000
vt 0.1844 0.9967 0.0000
vt 0.1833 0.9967 0.0000
vt 0.1823 0.9967 0.0000
vt 0.1812 0.9967 0.0000
vt 0.1759 0.9967 0.0000
vt 0.1769 0.9967 0.0000
vt 0.1780 0.9967 0.0000
vt 0.1790 0.9967 0.0000
vt 0.1801 0.9967 0.0000
vt 0.1759 0.0033 0.0000
vt 0.1770 0.0033 0.0000
vt 0.1780 0.0033 0.0000
vt 0.1791 0.0033 0.0000
vt 0.1801 0.0033 0.0000
vt 0.1813 0.0033 0.0000
vt 0.1865 0.0033 0.0000
vt 0.1855 0.0033 0.0000
vt 0.1844 0.0033 0.0000
vt 0.1834 0.0033 0.0000
vt 0.1823 0.0033 0.0000
vt 0.1691 0.4662 0.0000
vt 0.1692 0.4716 0.0000
vt 0.1679 0.4716 0.0000
vt 0.1679 0.4662 0.0000
vt 0.1702 0.4662 0.0000
vt 0.1704 0.4715 0.0000
vt 0.1713 0.4662 0.0000
vt 0.1716 0.4715 0.0000
vt 0.1724 0.4661 0.0000
vt 0.1728 0.4715 0.0000
vt 0.1735 0.4660 0.0000
vt 0.1739 0.4714 0.0000
vt 0.1924 0.4716 0.0000
vt 0.1925 0.4662 0.0000
vt 0.1936 0.4663 0.0000
vt 0.1936 0.4716 0.0000
vt 0.1912 0.4715 0.0000
vt 0.1914 0.4662 0.0000
vt 0.1900 0.4715 0.0000
vt 0.1903 0.4662 0.0000
vt 0.1889 0.4715 0.0000
vt 0.1892 0.4661 0.0000
vt 0.1877 0.4714 0.0000
vt 0.1881 0.4660 0.0000
vt 0.1679 0.4771 0.0000
vt 0.1693 0.4771 0.0000
vt 0.1705 0.4771 0.0000
vt 0.1717 0.4771 0.0000
vt 0.1729 0.4771 0.0000
vt 0.1740 0.4771 0.0000
vt 0.1936 0.4771 0.0000
vt 0.1923 0.4771 0.0000
vt 0.1911 0.4771 0.0000
vt 0.1899 0.4771 0.0000
vt 0.1887 0.4771 0.0000
vt 0.1876 0.4770 0.0000
vt 0.1693 0.4827 0.0000
vt 0.1680 0.4827 0.0000
vt 0.1706 0.4827 0.0000
vt 0.1718 0.4827 0.0000
vt 0.1730 0.4827 0.0000
vt 0.1741 0.4826 0.0000
vt 0.1923 0.4827 0.0000
vt 0.1936 0.4827 0.0000
vt 0.1910 0.4827 0.0000
vt 0.1898 0.4827 0.0000
vt 0.1887 0.4827 0.0000
vt 0.1876 0.4826 0.0000
vt 0.1680 0.4883 0.0000
vt 0.1694 0.4883 0.0000
vt 0.1706 0.4883 0.0000
vt 0.1718 0.4882 0.0000
vt 0.1730 0.4882 0.0000
vt 0.1741 0.4882 0.0000
vt 0.1935 0.4883 0.0000
vt 0.1923 0.4883 0.0000
vt 0.1910 0.4883 0.0000
vt 0.1898 0.4882 0.0000
vt 0.1887 0.4882 0.0000
vt 0.1875 0.4882 0.0000
vt 0.1694 0.4938 0.0000
vt 0.1681 0.4938 0.0000
vt 0.1706 0.4938 0.0000
vt 0.1719 0.4938 0.0000
vt 0.1730 0.4938 0.0000
vt 0.1741 0.4938 0.0000
vt 0.1935 0.4938 0.0000
vt 0.1923 0.4938 0.0000
vt 0.1910 0.4938 0.0000
vt 0.1898 0.4938 0.0000
vt 0.1886 0.4938 0.0000
vt 0.1875 0.4938 0.0000
vt 0.1695 0.4994 0.0000
vt 0.1681 0.4994 0.0000
vt 0.1707 0.4994 0.0000
vt 0.1719 0.4994 0.0000
vt 0.1730 0.4994 0.0000
vt 0.1742 0.4994 0.0000
vt 0.1935 0.4994 0.0000
vt 0.1922 0.4994 0.0000
vt 0.1910 0.4994 0.0000
vt 0.1898 0.4994 0.0000
vt 0.1886 0.4994 0.0000
vt 0.1875 0.4994 0.0000
vt 0.1926 0.5325 0.0000
vt 0.1925 0.5272 0.0000
vt 0.1937 0.5272 0.0000
vt 0.1937 0.5325 0.0000
vt 0.1915 0.5326 0.0000
vt 0.1913 0.5272 0.0000
vt 0.1904 0.5326 0.0000
vt 0.1901 0.5273 0.0000
vt 0.1893 0.5327 0.0000
vt 0.1889 0.5273 0.0000
vt 0.1882 0.5328 0.0000
vt 0.1878 0.5273 0.0000
vt 0.1680 0.5326 0.0000
vt 0.1679 0.5272 0.0000
vt 0.1693 0.5272 0.0000
vt 0.1692 0.5326 0.0000
vt 0.1705 0.5273 0.0000
vt 0.1703 0.5326 0.0000
vt 0.1717 0.5273 0.0000
vt 0.1714 0.5326 0.0000
vt 0.1728 0.5273 0.0000
vt 0.1725 0.5327 0.0000
vt 0.1739 0.5273 0.0000
vt 0.1736 0.5328 0.0000
vt 0.1937 0.5216 0.0000
vt 0.1924 0.5216 0.0000
vt 0.1912 0.5217 0.0000
vt 0.1899 0.5217 0.0000
vt 0.1888 0.5217 0.0000
vt 0.1877 0.5217 0.0000
vt 0.1693 0.5217 0.0000
vt 0.1679 0.5217 0.0000
vt 0.1705 0.5217 0.0000
vt 0.1717 0.5217 0.0000
vt 0.1729 0.5217 0.0000
vt 0.1740 0.5217 0.0000
vt 0.1923 0.5161 0.0000
vt 0.1936 0.5161 0.0000
vt 0.1911 0.5161 0.0000
vt 0.1899 0.5161 0.0000
vt 0.1887 0.5161 0.0000
vt 0.1876 0.5161 0.0000
vt 0.1680 0.5161 0.0000
vt 0.1693 0.5161 0.0000
vt 0.1706 0.5161 0.0000
vt 0.1718 0.5161 0.0000
vt 0.1730 0.5161 0.0000
vt 0.1741 0.5161 0.0000
vt 0.1923 0.5105 0.0000
vt 0.1936 0.5105 0.0000
vt 0.1911 0.5105 0.0000
vt 0.1899 0.5105 0.0000
vt 0.1887 0.5105 0.0000
vt 0.1876 0.5105 0.0000
vt 0.1694 0.5105 0.0000
vt 0.1680 0.5105 0.0000
vt 0.1706 0.5105 0.0000
vt 0.1718 0.5105 0.0000
vt 0.1730 0.5105 0.0000
vt 0.1741 0.5105 0.0000
vt 0.1923 0.5049 0.0000
vt 0.1935 0.5049 0.0000
vt 0.1910 0.5049 0.0000
vt 0.1898 0.5049 0.0000
vt 0.1887 0.5049 0.0000
vt 0.1875 0.5049 0.0000
vt 0.1681 0.5049 0.0000
vt 0.1694 0.5049 0.0000
vt 0.1706 0.5049 0.0000
vt 0.1719 0.5049 0.0000
vt 0.1730 0.5049 0.0000
vt 0.1741 0.5049 0.0000
vt 0.1943 0.9967 0.0000
vt 0.1933 0.9967 0.0000
vt 0.1922 0.9967 0.0000
vt 0.1912 0.9967 0.0000
vt 0.1901 0.9967 0.0000
vt 0.1891 0.9967 0.0000
vt 0.1691 0.9968 0.0000
vt 0.1680 0.9968 0.0000
vt 0.1702 0.9968 0.0000
vt 0.1712 0.9968 0.0000
vt 0.1722 0.9968 0.0000
vt 0.1733 0.9968 0.0000
vt 0.1680 0.0032 0.0000
vt 0.1692 0.0032 0.0000
vt 0.1702 0.0032 0.0000
vt 0.1713 0.0032 0.0000
vt 0.1723 0.0032 0.0000
vt 0.1734 0.0032 0.0000
vt 0.1943 0.0033 0.0000
vt 0.1933 0.0033 0.0000
vt 0.1922 0.0033 0.0000
vt 0.1912 0.0033 0.0000
vt 0.1901 0.0033 0.0000
vt 0.1891 0.0033 0.0000
vt 0.1414 0.9968 0.0000
vt 0.1417 0.5328 0.0000
vt 0.1418 0.5328 0.0000
vt 0.1419 0.9968 0.0000
vt 0.1417 0.4660 0.0000
vt 0.1415 0.0033 0.0000
vt 0.1419 0.0033 0.0000
vt 0.1421 0.5274 0.0000
vt 0.1420 0.4714 0.0000
vt 0.1541 0.5328 0.0000
vt 0.1538 0.5274 0.0000
vt 0.1542 0.5328 0.0000
vt 0.1537 0.4714 0.0000
vt 0.1540 0.4660 0.0000
vt 0.1541 0.4660 0.0000
vt 0.1546 0.9967 0.0000
vt 0.1551 0.9967 0.0000
vt 0.1551 0.0033 0.0000
vt 0.1547 0.0033 0.0000
vt 0.1428 0.4659 0.0000
vt 0.1431 0.4714 0.0000
vt 0.1441 0.4713 0.0000
vt 0.1438 0.4659 0.0000
vt 0.1448 0.4658 0.0000
vt 0.1451 0.4713 0.0000
vt 0.1458 0.4658 0.0000
vt 0.1460 0.4713 0.0000
vt 0.1469 0.4713 0.0000
vt 0.1468 0.4658 0.0000
vt 0.1479 0.4713 0.0000
vt 0.1479 0.4658 0.0000
vt 0.1527 0.4714 0.0000
vt 0.1530 0.4659 0.0000
vt 0.1520 0.4659 0.0000
vt 0.1517 0.4713 0.0000
vt 0.1507 0.4713 0.0000
vt 0.1509 0.4658 0.0000
vt 0.1498 0.4713 0.0000
vt 0.1499 0.4658 0.0000
vt 0.1488 0.4713 0.0000
vt 0.1489 0.4658 0.0000
vt 0.1422 0.4770 0.0000
vt 0.1432 0.4770 0.0000
vt 0.1442 0.4770 0.0000
vt 0.1451 0.4770 0.0000
vt 0.1461 0.4770 0.0000
vt 0.1470 0.4770 0.0000
vt 0.1479 0.4770 0.0000
vt 0.1536 0.4770 0.0000
vt 0.1526 0.4770 0.0000
vt 0.1516 0.4770 0.0000
vt 0.1506 0.4770 0.0000
vt 0.1497 0.4770 0.0000
vt 0.1488 0.4770 0.0000
vt 0.1422 0.4826 0.0000
vt 0.1432 0.4826 0.0000
vt 0.1442 0.4826 0.0000
vt 0.1452 0.4826 0.0000
vt 0.1461 0.4826 0.0000
vt 0.1470 0.4826 0.0000
vt 0.1479 0.4826 0.0000
vt 0.1536 0.4826 0.0000
vt 0.1525 0.4826 0.0000
vt 0.1516 0.4826 0.0000
vt 0.1506 0.4826 0.0000
vt 0.1497 0.4826 0.0000
vt 0.1488 0.4826 0.0000
vt 0.1433 0.4882 0.0000
vt 0.1423 0.4882 0.0000
vt 0.1442 0.4882 0.0000
vt 0.1452 0.4882 0.0000
vt 0.1461 0.4882 0.0000
vt 0.1470 0.4882 0.0000
vt 0.1479 0.4882 0.0000
vt 0.1535 0.4882 0.0000
vt 0.1525 0.4882 0.0000
vt 0.1515 0.4882 0.0000
vt 0.1506 0.4882 0.0000
vt 0.1497 0.4882 0.0000
vt 0.1488 0.4882 0.0000
vt 0.1433 0.4938 0.0000
vt 0.1423 0.4938 0.0000
vt 0.1443 0.4938 0.0000
vt 0.1452 0.4938 0.0000
vt 0.1461 0.4938 0.0000
vt 0.1470 0.4938 0.0000
vt 0.1479 0.4938 0.0000
vt 0.1525 0.4938 0.0000
vt 0.1535 0.4938 0.0000
vt 0.1515 0.4938 0.0000
vt 0.1506 0.4938 0.0000
vt 0.1497 0.4938 0.0000
vt 0.1488 0.4938 0.0000
vt 0.1433 0.4994 0.0000
vt 0.1423 0.4994 0.0000
vt 0.1443 0.4994 0.0000
vt 0.1452 0.4994 0.0000
vt 0.1461 0.4994 0.0000
vt 0.1470 0.4994 0.0000
vt 0.1479 0.4994 0.0000
vt 0.1531 0.5329 0.0000
vt 0.1527 0.5274 0.0000
vt 0.1520 0.5329 0.0000
vt 0.1517 0.5274 0.0000
vt 0.1510 0.5330 0.0000
vt 0.1508 0.5275 0.0000
vt 0.1500 0.5330 0.0000
vt 0.1498 0.5275 0.0000
vt 0.1489 0.5275 0.0000
vt 0.1490 0.5330 0.0000
vt 0.1480 0.5330 0.0000
vt 0.1480 0.5275 0.0000
vt 0.1431 0.5274 0.0000
vt 0.1428 0.5329 0.0000
vt 0.1439 0.5329 0.0000
vt 0.1441 0.5274 0.0000
vt 0.1449 0.5330 0.0000
vt 0.1451 0.5275 0.0000
vt 0.1459 0.5330 0.0000
vt 0.1460 0.5275 0.0000
vt 0.1470 0.5275 0.0000
vt 0.1469 0.5330 0.0000
vt 0.1526 0.5217 0.0000
vt 0.1537 0.5217 0.0000
vt 0.1516 0.5217 0.0000
vt 0.1507 0.5217 0.0000
vt 0.1498 0.5217 0.0000
vt 0.1489 0.5218 0.0000
vt 0.1480 0.5218 0.0000
vt 0.1422 0.5217 0.0000
vt 0.1432 0.5217 0.0000
vt 0.1442 0.5217 0.0000
vt 0.1452 0.5218 0.0000
vt 0.1461 0.5218 0.0000
vt 0.1470 0.5218 0.0000
vt 0.1536 0.5161 0.0000
vt 0.1526 0.5161 0.0000
vt 0.1516 0.5161 0.0000
vt 0.1507 0.5161 0.0000
vt 0.1497 0.5161 0.0000
vt 0.1488 0.5161 0.0000
vt 0.1480 0.5161 0.0000
vt 0.1422 0.5161 0.0000
vt 0.1433 0.5161 0.0000
vt 0.1442 0.5161 0.0000
vt 0.1452 0.5161 0.0000
vt 0.1461 0.5161 0.0000
vt 0.1470 0.5161 0.0000
vt 0.1525 0.5105 0.0000
vt 0.1536 0.5105 0.0000
vt 0.1516 0.5105 0.0000
vt 0.1506 0.5105 0.0000
vt 0.1497 0.5105 0.0000
vt 0.1488 0.5105 0.0000
vt 0.1479 0.5105 0.0000
vt 0.1422 0.5105 0.0000
vt 0.1433 0.5105 0.0000
vt 0.1443 0.5105 0.0000
vt 0.1452 0.5105 0.0000
vt 0.1461 0.5105 0.0000
vt 0.1470 0.5105 0.0000
vt 0.1525 0.5049 0.0000
vt 0.1535 0.5049 0.0000
vt 0.1516 0.5049 0.0000
vt 0.1506 0.5049 0.0000
vt 0.1497 0.5049 0.0000
vt 0.1488 0.5049 0.0000
vt 0.1479 0.5049 0.0000
vt 0.1423 0.5049 0.0000
vt 0.1433 0.5049 0.0000
vt 0.1443 0.5049 0.0000
vt 0.1452 0.5049 0.0000
vt 0.1461 0.5049 0.0000
vt 0.1470 0.5049 0.0000
vt 0.1535 0.4994 0.0000
vt 0.1525 0.4994 0.0000
vt 0.1515 0.4994 0.0000
vt 0.1506 0.4994 0.0000
vt 0.1497 0.4994 0.0000
vt 0.1488 0.4994 0.0000
vt 0.1536 0.9967 0.0000
vt 0.1525 0.9967 0.0000
vt 0.1515 0.9967 0.0000
vt 0.1504 0.9967 0.0000
vt 0.1494 0.9967 0.0000
vt 0.1483 0.9967 0.0000
vt 0.1429 0.9968 0.0000
vt 0.1440 0.9967 0.0000
vt 0.1450 0.9967 0.0000
vt 0.1461 0.9967 0.0000
vt 0.1472 0.9967 0.0000
vt 0.1430 0.0033 0.0000
vt 0.1440 0.0033 0.0000
vt 0.1451 0.0033 0.0000
vt 0.1461 0.0033 0.0000
vt 0.1472 0.0033 0.0000
vt 0.1483 0.0033 0.0000
vt 0.1536 0.0033 0.0000
vt 0.1526 0.0033 0.0000
vt 0.1515 0.0033 0.0000
vt 0.1504 0.0033 0.0000
vt 0.1494 0.0033 0.0000
vt 0.1362 0.4662 0.0000
vt 0.1363 0.4716 0.0000
vt 0.1350 0.4716 0.0000
vt 0.1350 0.4662 0.0000
vt 0.1373 0.4662 0.0000
vt 0.1375 0.4715 0.0000
vt 0.1387 0.4715 0.0000
vt 0.1384 0.4662 0.0000
vt 0.1395 0.4661 0.0000
vt 0.1398 0.4715 0.0000
vt 0.1410 0.4714 0.0000
vt 0.1406 0.4660 0.0000
vt 0.1607 0.4663 0.0000
vt 0.1607 0.4716 0.0000
vt 0.1595 0.4716 0.0000
vt 0.1596 0.4662 0.0000
vt 0.1582 0.4715 0.0000
vt 0.1584 0.4662 0.0000
vt 0.1573 0.4662 0.0000
vt 0.1571 0.4715 0.0000
vt 0.1559 0.4715 0.0000
vt 0.1563 0.4661 0.0000
vt 0.1548 0.4714 0.0000
vt 0.1552 0.4660 0.0000
vt 0.1350 0.4771 0.0000
vt 0.1364 0.4771 0.0000
vt 0.1376 0.4771 0.0000
vt 0.1388 0.4771 0.0000
vt 0.1400 0.4771 0.0000
vt 0.1411 0.4771 0.0000
vt 0.1607 0.4771 0.0000
vt 0.1594 0.4771 0.0000
vt 0.1582 0.4771 0.0000
vt 0.1570 0.4771 0.0000
vt 0.1558 0.4771 0.0000
vt 0.1547 0.4770 0.0000
vt 0.1351 0.4827 0.0000
vt 0.1364 0.4827 0.0000
vt 0.1377 0.4827 0.0000
vt 0.1389 0.4827 0.0000
vt 0.1400 0.4827 0.0000
vt 0.1411 0.4826 0.0000
vt 0.1606 0.4827 0.0000
vt 0.1594 0.4827 0.0000
vt 0.1581 0.4827 0.0000
vt 0.1569 0.4827 0.0000
vt 0.1558 0.4827 0.0000
vt 0.1546 0.4826 0.0000
vt 0.1364 0.4883 0.0000
vt 0.1351 0.4883 0.0000
vt 0.1377 0.4883 0.0000
vt 0.1389 0.4882 0.0000
vt 0.1401 0.4882 0.0000
vt 0.1412 0.4882 0.0000
vt 0.1606 0.4883 0.0000
vt 0.1593 0.4883 0.0000
vt 0.1581 0.4883 0.0000
vt 0.1569 0.4882 0.0000
vt 0.1557 0.4882 0.0000
vt 0.1546 0.4882 0.0000
vt 0.1351 0.4938 0.0000
vt 0.1365 0.4938 0.0000
vt 0.1377 0.4938 0.0000
vt 0.1389 0.4938 0.0000
vt 0.1401 0.4938 0.0000
vt 0.1412 0.4938 0.0000
vt 0.1606 0.4938 0.0000
vt 0.1593 0.4938 0.0000
vt 0.1581 0.4938 0.0000
vt 0.1569 0.4938 0.0000
vt 0.1557 0.4938 0.0000
vt 0.1546 0.4938 0.0000
vt 0.1352 0.4994 0.0000
vt 0.1365 0.4994 0.0000
vt 0.1378 0.4994 0.0000
vt 0.1390 0.4994 0.0000
vt 0.1401 0.4994 0.0000
vt 0.1412 0.4994 0.0000
vt 0.1605 0.4994 0.0000
vt 0.1593 0.4994 0.0000
vt 0.1580 0.4994 0.0000
vt 0.1568 0.4994 0.0000
vt 0.1557 0.4994 0.0000
vt 0.1546 0.4994 0.0000
vt 0.1597 0.5325 0.0000
vt 0.1596 0.5272 0.0000
vt 0.1608 0.5272 0.0000
vt 0.1608 0.5325 0.0000
vt 0.1585 0.5326 0.0000
vt 0.1583 0.5272 0.0000
vt 0.1572 0.5273 0.0000
vt 0.1574 0.5326 0.0000
vt 0.1563 0.5327 0.0000
vt 0.1560 0.5273 0.0000
vt 0.1549 0.5273 0.0000
vt 0.1552 0.5328 0.0000
vt 0.1350 0.5326 0.0000
vt 0.1350 0.5272 0.0000
vt 0.1363 0.5272 0.0000
vt 0.1362 0.5326 0.0000
vt 0.1375 0.5273 0.0000
vt 0.1373 0.5326 0.0000
vt 0.1385 0.5326 0.0000
vt 0.1387 0.5273 0.0000
vt 0.1395 0.5327 0.0000
vt 0.1399 0.5273 0.0000
vt 0.1410 0.5273 0.0000
vt 0.1406 0.5328 0.0000
vt 0.1607 0.5216 0.0000
vt 0.1595 0.5216 0.0000
vt 0.1582 0.5217 0.0000
vt 0.1570 0.5217 0.0000
vt 0.1558 0.5217 0.0000
vt 0.1547 0.5217 0.0000
vt 0.1350 0.5217 0.0000
vt 0.1364 0.5217 0.0000
vt 0.1376 0.5217 0.0000
vt 0.1388 0.5217 0.0000
vt 0.1400 0.5217 0.0000
vt 0.1411 0.5217 0.0000
vt 0.1594 0.5161 0.0000
vt 0.1607 0.5161 0.0000
vt 0.1582 0.5161 0.0000
vt 0.1570 0.5161 0.0000
vt 0.1558 0.5161 0.0000
vt 0.1547 0.5161 0.0000
vt 0.1350 0.5161 0.0000
vt 0.1364 0.5161 0.0000
vt 0.1377 0.5161 0.0000
vt 0.1389 0.5161 0.0000
vt 0.1400 0.5161 0.0000
vt 0.1412 0.5161 0.0000
vt 0.1606 0.5105 0.0000
vt 0.1594 0.5105 0.0000
vt 0.1581 0.5105 0.0000
vt 0.1569 0.5105 0.0000
vt 0.1558 0.5105 0.0000
vt 0.1546 0.5105 0.0000
vt 0.1351 0.5105 0.0000
vt 0.1365 0.5105 0.0000
vt 0.1377 0.5105 0.0000
vt 0.1389 0.5105 0.0000
vt 0.1401 0.5105 0.0000
vt 0.1412 0.5105 0.0000
vt 0.1593 0.5049 0.0000
vt 0.1606 0.5049 0.0000
vt 0.1581 0.5049 0.0000
vt 0.1569 0.5049 0.0000
vt 0.1557 0.5049 0.0000
vt 0.1546 0.5049 0.0000
vt 0.1351 0.5049 0.0000
vt 0.1365 0.5049 0.0000
vt 0.1377 0.5049 0.0000
vt 0.1389 0.5049 0.0000
vt 0.1401 0.5049 0.0000
vt 0.1412 0.5049 0.0000
vt 0.1614 0.9967 0.0000
vt 0.1603 0.9967 0.0000
vt 0.1593 0.9967 0.0000
vt 0.1582 0.9967 0.0000
vt 0.1572 0.9967 0.0000
vt 0.1562 0.9967 0.0000
vt 0.1362 0.9968 0.0000
vt 0.1350 0.9968 0.0000
vt 0.1372 0.9968 0.0000
vt 0.1383 0.9968 0.0000
vt 0.1393 0.9968 0.0000
vt 0.1404 0.9968 0.0000
vt 0.1351 0.0032 0.0000
vt 0.1362 0.0032 0.0000
vt 0.1373 0.0032 0.0000
vt 0.1383 0.0032 0.0000
vt 0.1394 0.0032 0.0000
vt 0.1404 0.0032 0.0000
vt 0.1603 0.0033 0.0000
vt 0.1614 0.0033 0.0000
vt 0.1593 0.0033 0.0000
vt 0.1583 0.0033 0.0000
vt 0.1572 0.0033 0.0000
vt 0.1562 0.0033 0.0000
vt 0.1085 0.9968 0.0000
vt 0.1088 0.5328 0.0000
vt 0.1090 0.9968 0.0000
vt 0.1087 0.4660 0.0000
vt 0.1085 0.0033 0.0000
vt 0.1090 0.0033 0.0000
vt 0.1088 0.4660 0.0000
vt 0.1091 0.5274 0.0000
vt 0.1091 0.4714 0.0000
vt 0.1212 0.5328 0.0000
vt 0.1209 0.5274 0.0000
vt 0.1208 0.4714 0.0000
vt 0.1211 0.4660 0.0000
vt 0.1212 0.4660 0.0000
vt 0.1217 0.9967 0.0000
vt 0.1222 0.9967 0.0000
vt 0.1217 0.0033 0.0000
vt 0.1222 0.0033 0.0000
vt 0.1099 0.4659 0.0000
vt 0.1102 0.4714 0.0000
vt 0.1112 0.4713 0.0000
vt 0.1109 0.4659 0.0000
vt 0.1119 0.4658 0.0000
vt 0.1121 0.4713 0.0000
vt 0.1129 0.4658 0.0000
vt 0.1131 0.4713 0.0000
vt 0.1140 0.4713 0.0000
vt 0.1139 0.4658 0.0000
vt 0.1150 0.4713 0.0000
vt 0.1150 0.4658 0.0000
vt 0.1198 0.4714 0.0000
vt 0.1201 0.4659 0.0000
vt 0.1190 0.4659 0.0000
vt 0.1188 0.4713 0.0000
vt 0.1178 0.4713 0.0000
vt 0.1180 0.4658 0.0000
vt 0.1168 0.4713 0.0000
vt 0.1170 0.4658 0.0000
vt 0.1159 0.4713 0.0000
vt 0.1160 0.4658 0.0000
vt 0.1092 0.4770 0.0000
vt 0.1103 0.4770 0.0000
vt 0.1113 0.4770 0.0000
vt 0.1122 0.4770 0.0000
vt 0.1131 0.4770 0.0000
vt 0.1140 0.4770 0.0000
vt 0.1150 0.4770 0.0000
vt 0.1207 0.4770 0.0000
vt 0.1196 0.4770 0.0000
vt 0.1187 0.4770 0.0000
vt 0.1177 0.4770 0.0000
vt 0.1168 0.4770 0.0000
vt 0.1159 0.4770 0.0000
vt 0.1093 0.4826 0.0000
vt 0.1103 0.4826 0.0000
vt 0.1113 0.4826 0.0000
vt 0.1122 0.4826 0.0000
vt 0.1131 0.4826 0.0000
vt 0.1140 0.4826 0.0000
vt 0.1150 0.4826 0.0000
vt 0.1206 0.4826 0.0000
vt 0.1196 0.4826 0.0000
vt 0.1186 0.4826 0.0000
vt 0.1177 0.4826 0.0000
vt 0.1168 0.4826 0.0000
vt 0.1159 0.4826 0.0000
vt 0.1103 0.4882 0.0000
vt 0.1093 0.4882 0.0000
vt 0.1113 0.4882 0.0000
vt 0.1122 0.4882 0.0000
vt 0.1132 0.4882 0.0000
vt 0.1140 0.4882 0.0000
vt 0.1150 0.4882 0.0000
vt 0.1206 0.4882 0.0000
vt 0.1196 0.4882 0.0000
vt 0.1186 0.4882 0.0000
vt 0.1177 0.4882 0.0000
vt 0.1168 0.4882 0.0000
vt 0.1159 0.4882 0.0000
vt 0.1104 0.4938 0.0000
vt 0.1093 0.4938 0.0000
vt 0.1113 0.4938 0.0000
vt 0.1123 0.4938 0.0000
vt 0.1132 0.4938 0.0000
vt 0.1141 0.4938 0.0000
vt 0.1150 0.4938 0.0000
vt 0.1196 0.4938 0.0000
vt 0.1206 0.4938 0.0000
vt 0.1186 0.4938 0.0000
vt 0.1177 0.4938 0.0000
vt 0.1168 0.4938 0.0000
vt 0.1159 0.4938 0.0000
vt 0.1104 0.4994 0.0000
vt 0.1094 0.4994 0.0000
vt 0.1113 0.4994 0.0000
vt 0.1123 0.4994 0.0000
vt 0.1132 0.4994 0.0000
vt 0.1141 0.4994 0.0000
vt 0.1150 0.4994 0.0000
vt 0.1201 0.5329 0.0000
vt 0.1198 0.5274 0.0000
vt 0.1191 0.5329 0.0000
vt 0.1188 0.5274 0.0000
vt 0.1181 0.5330 0.0000
vt 0.1178 0.5275 0.0000
vt 0.1171 0.5330 0.0000
vt 0.1169 0.5275 0.0000
vt 0.1160 0.5275 0.0000
vt 0.1160 0.5330 0.0000
vt 0.1150 0.5330 0.0000
vt 0.1150 0.5275 0.0000
vt 0.1102 0.5274 0.0000
vt 0.1099 0.5329 0.0000
vt 0.1109 0.5329 0.0000
vt 0.1112 0.5274 0.0000
vt 0.1122 0.5275 0.0000
vt 0.1120 0.5330 0.0000
vt 0.1130 0.5330 0.0000
vt 0.1131 0.5275 0.0000
vt 0.1140 0.5275 0.0000
vt 0.1140 0.5330 0.0000
vt 0.1197 0.5217 0.0000
vt 0.1207 0.5217 0.0000
vt 0.1187 0.5217 0.0000
vt 0.1178 0.5217 0.0000
vt 0.1168 0.5217 0.0000
vt 0.1159 0.5218 0.0000
vt 0.1150 0.5218 0.0000
vt 0.1093 0.5217 0.0000
vt 0.1103 0.5217 0.0000
vt 0.1113 0.5217 0.0000
vt 0.1122 0.5218 0.0000
vt 0.1132 0.5218 0.0000
vt 0.1141 0.5218 0.0000
vt 0.1207 0.5161 0.0000
vt 0.1196 0.5161 0.0000
vt 0.1187 0.5161 0.0000
vt 0.1177 0.5161 0.0000
vt 0.1168 0.5161 0.0000
vt 0.1159 0.5161 0.0000
vt 0.1150 0.5161 0.0000
vt 0.1093 0.5161 0.0000
vt 0.1103 0.5161 0.0000
vt 0.1113 0.5161 0.0000
vt 0.1123 0.5161 0.0000
vt 0.1132 0.5161 0.0000
vt 0.1141 0.5161 0.0000
vt 0.1196 0.5105 0.0000
vt 0.1206 0.5105 0.0000
vt 0.1186 0.5105 0.0000
vt 0.1177 0.5105 0.0000
vt 0.1168 0.5105 0.0000
vt 0.1159 0.5105 0.0000
vt 0.1150 0.5105 0.0000
vt 0.1093 0.5105 0.0000
vt 0.1104 0.5105 0.0000
vt 0.1113 0.5105 0.0000
vt 0.1123 0.5105 0.0000
vt 0.1132 0.5105 0.0000
vt 0.1141 0.5105 0.0000
vt 0.1196 0.5049 0.0000
vt 0.1206 0.5049 0.0000
vt 0.1186 0.5049 0.0000
vt 0.1177 0.5049 0.0000
vt 0.1168 0.5049 0.0000
vt 0.1159 0.5049 0.0000
vt 0.1150 0.5049 0.0000
vt 0.1093 0.5049 0.0000
vt 0.1104 0.5049 0.0000
vt 0.1113 0.5049 0.0000
vt 0.1123 0.5049 0.0000
vt 0.1132 0.5049 0.0000
vt 0.1141 0.5049 0.0000
vt 0.1206 0.4994 0.0000
vt 0.1196 0.4994 0.0000
vt 0.1186 0.4994 0.0000
vt 0.1177 0.4994 0.0000
vt 0.1168 0.4994 0.0000
vt 0.1159 0.4994 0.0000
vt 0.1207 0.9967 0.0000
vt 0.1196 0.9967 0.0000
vt 0.1185 0.9967 0.0000
vt 0.1175 0.9967 0.0000
vt 0.1164 0.9967 0.0000
vt 0.1154 0.9967 0.0000
vt 0.1100 0.9967 0.0000
vt 0.1111 0.9967 0.0000
vt 0.1121 0.9967 0.0000
vt 0.1132 0.9967 0.0000
vt 0.1142 0.9967 0.0000
vt 0.1101 0.0033 0.0000
vt 0.1111 0.0033 0.0000
vt 0.1122 0.0033 0.0000
vt 0.1132 0.0033 0.0000
vt 0.1143 0.0033 0.0000
vt 0.1154 0.0033 0.0000
vt 0.1207 0.0033 0.0000
vt 0.1196 0.0033 0.0000
vt 0.1186 0.0033 0.0000
vt 0.1175 0.0033 0.0000
vt 0.1165 0.0033 0.0000
vt 0.1033 0.4662 0.0000
vt 0.1034 0.4716 0.0000
vt 0.1020 0.4716 0.0000
vt 0.1021 0.4662 0.0000
vt 0.1044 0.4662 0.0000
vt 0.1046 0.4715 0.0000
vt 0.1058 0.4715 0.0000
vt 0.1055 0.4662 0.0000
vt 0.1066 0.4661 0.0000
vt 0.1069 0.4715 0.0000
vt 0.1080 0.4714 0.0000
vt 0.1077 0.4660 0.0000
vt 0.1277 0.4663 0.0000
vt 0.1278 0.4716 0.0000
vt 0.1265 0.4716 0.0000
vt 0.1266 0.4662 0.0000
vt 0.1253 0.4715 0.0000
vt 0.1255 0.4662 0.0000
vt 0.1244 0.4662 0.0000
vt 0.1241 0.4715 0.0000
vt 0.1230 0.4715 0.0000
vt 0.1233 0.4661 0.0000
vt 0.1219 0.4714 0.0000
vt 0.1222 0.4660 0.0000
vt 0.1021 0.4771 0.0000
vt 0.1034 0.4771 0.0000
vt 0.1047 0.4771 0.0000
vt 0.1059 0.4771 0.0000
vt 0.1071 0.4771 0.0000
vt 0.1082 0.4771 0.0000
vt 0.1277 0.4771 0.0000
vt 0.1265 0.4771 0.0000
vt 0.1252 0.4771 0.0000
vt 0.1240 0.4771 0.0000
vt 0.1229 0.4771 0.0000
vt 0.1218 0.4770 0.0000
vt 0.1021 0.4827 0.0000
vt 0.1035 0.4827 0.0000
vt 0.1047 0.4827 0.0000
vt 0.1059 0.4827 0.0000
vt 0.1071 0.4827 0.0000
vt 0.1082 0.4826 0.0000
vt 0.1277 0.4827 0.0000
vt 0.1264 0.4827 0.0000
vt 0.1252 0.4827 0.0000
vt 0.1240 0.4827 0.0000
vt 0.1228 0.4827 0.0000
vt 0.1217 0.4826 0.0000
vt 0.1035 0.4883 0.0000
vt 0.1021 0.4883 0.0000
vt 0.1047 0.4883 0.0000
vt 0.1060 0.4882 0.0000
vt 0.1071 0.4882 0.0000
vt 0.1082 0.4882 0.0000
vt 0.1277 0.4883 0.0000
vt 0.1264 0.4883 0.0000
vt 0.1252 0.4883 0.0000
vt 0.1240 0.4882 0.0000
vt 0.1228 0.4882 0.0000
vt 0.1217 0.4882 0.0000
vt 0.1022 0.4938 0.0000
vt 0.1036 0.4938 0.0000
vt 0.1048 0.4938 0.0000
vt 0.1060 0.4938 0.0000
vt 0.1072 0.4938 0.0000
vt 0.1083 0.4938 0.0000
vt 0.1276 0.4938 0.0000
vt 0.1264 0.4938 0.0000
vt 0.1252 0.4938 0.0000
vt 0.1239 0.4938 0.0000
vt 0.1228 0.4938 0.0000
vt 0.1217 0.4938 0.0000
vt 0.1023 0.4994 0.0000
vt 0.1036 0.4994 0.0000
vt 0.1048 0.4994 0.0000
vt 0.1060 0.4994 0.0000
vt 0.1072 0.4994 0.0000
vt 0.1083 0.4994 0.0000
vt 0.1276 0.4994 0.0000
vt 0.1263 0.4994 0.0000
vt 0.1251 0.4994 0.0000
vt 0.1239 0.4994 0.0000
vt 0.1228 0.4994 0.0000
vt 0.1217 0.4994 0.0000
vt 0.1267 0.5325 0.0000
vt 0.1266 0.5272 0.0000
vt 0.1279 0.5272 0.0000
vt 0.1278 0.5325 0.0000
vt 0.1256 0.5326 0.0000
vt 0.1254 0.5272 0.0000
vt 0.1245 0.5326 0.0000
vt 0.1242 0.5273 0.0000
vt 0.1234 0.5327 0.0000
vt 0.1231 0.5273 0.0000
vt 0.1219 0.5273 0.0000
vt 0.1223 0.5328 0.0000
vt 0.1021 0.5326 0.0000
vt 0.1021 0.5272 0.0000
vt 0.1034 0.5272 0.0000
vt 0.1033 0.5326 0.0000
vt 0.1046 0.5273 0.0000
vt 0.1044 0.5326 0.0000
vt 0.1055 0.5326 0.0000
vt 0.1058 0.5273 0.0000
vt 0.1066 0.5327 0.0000
vt 0.1069 0.5273 0.0000
vt 0.1081 0.5273 0.0000
vt 0.1077 0.5328 0.0000
vt 0.1278 0.5216 0.0000
vt 0.1265 0.5216 0.0000
vt 0.1253 0.5217 0.0000
vt 0.1241 0.5217 0.0000
vt 0.1229 0.5217 0.0000
vt 0.1218 0.5217 0.0000
vt 0.1021 0.5217 0.0000
vt 0.1034 0.5217 0.0000
vt 0.1047 0.5217 0.0000
vt 0.1059 0.5217 0.0000
vt 0.1071 0.5217 0.0000
vt 0.1082 0.5217 0.0000
vt 0.1265 0.5161 0.0000
vt 0.1277 0.5161 0.0000
vt 0.1252 0.5161 0.0000
vt 0.1240 0.5161 0.0000
vt 0.1229 0.5161 0.0000
vt 0.1217 0.5161 0.0000
vt 0.1021 0.5161 0.0000
vt 0.1035 0.5161 0.0000
vt 0.1047 0.5161 0.0000
vt 0.1059 0.5161 0.0000
vt 0.1071 0.5161 0.0000
vt 0.1082 0.5161 0.0000
vt 0.1264 0.5105 0.0000
vt 0.1277 0.5105 0.0000
vt 0.1252 0.5105 0.0000
vt 0.1240 0.5105 0.0000
vt 0.1228 0.5105 0.0000
vt 0.1217 0.5105 0.0000
vt 0.1035 0.5105 0.0000
vt 0.1022 0.5105 0.0000
vt 0.1048 0.5105 0.0000
vt 0.1060 0.5105 0.0000
vt 0.1071 0.5105 0.0000
vt 0.1083 0.5105 0.0000
vt 0.1264 0.5049 0.0000
vt 0.1277 0.5049 0.0000
vt 0.1252 0.5049 0.0000
vt 0.1240 0.5049 0.0000
vt 0.1228 0.5049 0.0000
vt 0.1217 0.5049 0.0000
vt 0.1022 0.5049 0.0000
vt 0.1036 0.5049 0.0000
vt 0.1048 0.5049 0.0000
vt 0.1060 0.5049 0.0000
vt 0.1072 0.5049 0.0000
vt 0.1083 0.5049 0.0000
vt 0.1285 0.9967 0.0000
vt 0.1274 0.9967 0.0000
vt 0.1264 0.9967 0.0000
vt 0.1253 0.9967 0.0000
vt 0.1243 0.9967 0.0000
vt 0.1232 0.9967 0.0000
vt 0.1033 0.9968 0.0000
vt 0.1021 0.9968 0.0000
vt 0.1043 0.9968 0.0000
vt 0.1053 0.9968 0.0000
vt 0.1064 0.9968 0.0000
vt 0.1074 0.9968 0.0000
vt 0.1022 0.0032 0.0000
vt 0.1033 0.0032 0.0000
vt 0.1044 0.0032 0.0000
vt 0.1054 0.0032 0.0000
vt 0.1065 0.0032 0.0000
vt 0.1075 0.0032 0.0000
vt 0.1274 0.0033 0.0000
vt 0.1285 0.0033 0.0000
vt 0.1264 0.0033 0.0000
vt 0.1253 0.0033 0.0000
vt 0.1243 0.0033 0.0000
vt 0.1232 0.0033 0.0000
vt 0.0426 0.9968 0.0000
vt 0.0429 0.5328 0.0000
vt 0.0430 0.5328 0.0000
vt 0.0431 0.9968 0.0000
vt 0.0429 0.4660 0.0000
vt 0.0427 0.0033 0.0000
vt 0.0431 0.0033 0.0000
vt 0.0430 0.4660 0.0000
vt 0.0433 0.5274 0.0000
vt 0.0433 0.4714 0.0000
vt 0.0553 0.5328 0.0000
vt 0.0550 0.5274 0.0000
vt 0.0554 0.5328 0.0000
vt 0.0549 0.4714 0.0000
vt 0.0552 0.4660 0.0000
vt 0.0553 0.4660 0.0000
vt 0.0559 0.9967 0.0000
vt 0.0563 0.9967 0.0000
vt 0.0559 0.0033 0.0000
vt 0.0563 0.0033 0.0000
vt 0.0440 0.4659 0.0000
vt 0.0443 0.4714 0.0000
vt 0.0453 0.4713 0.0000
vt 0.0450 0.4659 0.0000
vt 0.0461 0.4658 0.0000
vt 0.0463 0.4713 0.0000
vt 0.0471 0.4658 0.0000
vt 0.0472 0.4713 0.0000
vt 0.0482 0.4713 0.0000
vt 0.0481 0.4658 0.0000
vt 0.0491 0.4713 0.0000
vt 0.0491 0.4658 0.0000
vt 0.0539 0.4714 0.0000
vt 0.0542 0.4659 0.0000
vt 0.0532 0.4659 0.0000
vt 0.0529 0.4713 0.0000
vt 0.0519 0.4713 0.0000
vt 0.0522 0.4658 0.0000
vt 0.0510 0.4713 0.0000
vt 0.0511 0.4658 0.0000
vt 0.0501 0.4713 0.0000
vt 0.0501 0.4658 0.0000
vt 0.0434 0.4770 0.0000
vt 0.0444 0.4770 0.0000
vt 0.0454 0.4770 0.0000
vt 0.0463 0.4770 0.0000
vt 0.0473 0.4770 0.0000
vt 0.0482 0.4770 0.0000
vt 0.0491 0.4770 0.0000
vt 0.0548 0.4770 0.0000
vt 0.0538 0.4770 0.0000
vt 0.0528 0.4770 0.0000
vt 0.0519 0.4770 0.0000
vt 0.0509 0.4770 0.0000
vt 0.0500 0.4770 0.0000
vt 0.0434 0.4826 0.0000
vt 0.0445 0.4826 0.0000
vt 0.0454 0.4826 0.0000
vt 0.0464 0.4826 0.0000
vt 0.0473 0.4826 0.0000
vt 0.0482 0.4826 0.0000
vt 0.0491 0.4826 0.0000
vt 0.0548 0.4826 0.0000
vt 0.0538 0.4826 0.0000
vt 0.0528 0.4826 0.0000
vt 0.0518 0.4826 0.0000
vt 0.0509 0.4826 0.0000
vt 0.0500 0.4826 0.0000
vt 0.0445 0.4882 0.0000
vt 0.0435 0.4882 0.0000
vt 0.0455 0.4882 0.0000
vt 0.0464 0.4882 0.0000
vt 0.0473 0.4882 0.0000
vt 0.0482 0.4882 0.0000
vt 0.0491 0.4882 0.0000
vt 0.0547 0.4882 0.0000
vt 0.0537 0.4882 0.0000
vt 0.0528 0.4882 0.0000
vt 0.0518 0.4882 0.0000
vt 0.0509 0.4882 0.0000
vt 0.0500 0.4882 0.0000
vt 0.0445 0.4938 0.0000
vt 0.0435 0.4938 0.0000
vt 0.0455 0.4938 0.0000
vt 0.0464 0.4938 0.0000
vt 0.0473 0.4938 0.0000
vt 0.0482 0.4938 0.0000
vt 0.0491 0.4938 0.0000
vt 0.0537 0.4938 0.0000
vt 0.0548 0.4938 0.0000
vt 0.0528 0.4938 0.0000
vt 0.0518 0.4938 0.0000
vt 0.0509 0.4938 0.0000
vt 0.0500 0.4938 0.0000
vt 0.0445 0.4994 0.0000
vt 0.0435 0.4994 0.0000
vt 0.0455 0.4994 0.0000
vt 0.0464 0.4994 0.0000
vt 0.0473 0.4994 0.0000
vt 0.0482 0.4994 0.0000
vt 0.0492 0.4994 0.0000
vt 0.0543 0.5329 0.0000
vt 0.0540 0.5274 0.0000
vt 0.0532 0.5329 0.0000
vt 0.0530 0.5274 0.0000
vt 0.0522 0.5330 0.0000
vt 0.0520 0.5275 0.0000
vt 0.0512 0.5330 0.0000
vt 0.0510 0.5275 0.0000
vt 0.0501 0.5275 0.0000
vt 0.0502 0.5330 0.0000
vt 0.0492 0.5330 0.0000
vt 0.0492 0.5275 0.0000
vt 0.0443 0.5274 0.0000
vt 0.0440 0.5329 0.0000
vt 0.0451 0.5329 0.0000
vt 0.0453 0.5274 0.0000
vt 0.0463 0.5275 0.0000
vt 0.0461 0.5330 0.0000
vt 0.0471 0.5330 0.0000
vt 0.0473 0.5275 0.0000
vt 0.0482 0.5275 0.0000
vt 0.0481 0.5330 0.0000
vt 0.0538 0.5217 0.0000
vt 0.0549 0.5217 0.0000
vt 0.0529 0.5217 0.0000
vt 0.0519 0.5217 0.0000
vt 0.0510 0.5217 0.0000
vt 0.0501 0.5218 0.0000
vt 0.0492 0.5218 0.0000
vt 0.0434 0.5217 0.0000
vt 0.0444 0.5217 0.0000
vt 0.0454 0.5217 0.0000
vt 0.0464 0.5218 0.0000
vt 0.0473 0.5218 0.0000
vt 0.0482 0.5218 0.0000
vt 0.0548 0.5161 0.0000
vt 0.0538 0.5161 0.0000
vt 0.0528 0.5161 0.0000
vt 0.0519 0.5161 0.0000
vt 0.0510 0.5161 0.0000
vt 0.0501 0.5161 0.0000
vt 0.0492 0.5161 0.0000
vt 0.0434 0.5161 0.0000
vt 0.0445 0.5161 0.0000
vt 0.0455 0.5161 0.0000
vt 0.0464 0.5161 0.0000
vt 0.0473 0.5161 0.0000
vt 0.0482 0.5161 0.0000
vt 0.0538 0.5105 0.0000
vt 0.0548 0.5105 0.0000
vt 0.0528 0.5105 0.0000
vt 0.0518 0.5105 0.0000
vt 0.0509 0.5105 0.0000
vt 0.0500 0.5105 0.0000
vt 0.0492 0.5105 0.0000
vt 0.0435 0.5105 0.0000
vt 0.0445 0.5105 0.0000
vt 0.0455 0.5105 0.0000
vt 0.0464 0.5105 0.0000
vt 0.0473 0.5105 0.0000
vt 0.0482 0.5105 0.0000
vt 0.0537 0.5049 0.0000
vt 0.0548 0.5049 0.0000
vt 0.0528 0.5049 0.0000
vt 0.0518 0.5049 0.0000
vt 0.0509 0.5049 0.0000
vt 0.0500 0.5049 0.0000
vt 0.0492 0.5049 0.0000
vt 0.0435 0.5049 0.0000
vt 0.0445 0.5049 0.0000
vt 0.0455 0.5049 0.0000
vt 0.0464 0.5049 0.0000
vt 0.0473 0.5049 0.0000
vt 0.0482 0.5049 0.0000
vt 0.0547 0.4994 0.0000
vt 0.0537 0.4994 0.0000
vt 0.0528 0.4994 0.0000
vt 0.0518 0.4994 0.0000
vt 0.0509 0.4994 0.0000
vt 0.0500 0.4994 0.0000
vt 0.0548 0.9967 0.0000
vt 0.0537 0.9967 0.0000
vt 0.0527 0.9967 0.0000
vt 0.0516 0.9967 0.0000
vt 0.0506 0.9967 0.0000
vt 0.0495 0.9967 0.0000
vt 0.0442 0.9968 0.0000
vt 0.0452 0.9967 0.0000
vt 0.0463 0.9967 0.0000
vt 0.0473 0.9967 0.0000
vt 0.0484 0.9967 0.0000
vt 0.0442 0.0033 0.0000
vt 0.0453 0.0033 0.0000
vt 0.0463 0.0033 0.0000
vt 0.0474 0.0033 0.0000
vt 0.0484 0.0033 0.0000
vt 0.0496 0.0033 0.0000
vt 0.0548 0.0033 0.0000
vt 0.0538 0.0033 0.0000
vt 0.0527 0.0033 0.0000
vt 0.0517 0.0033 0.0000
vt 0.0506 0.0033 0.0000
vt 0.0374 0.4662 0.0000
vt 0.0375 0.4716 0.0000
vt 0.0362 0.4716 0.0000
vt 0.0362 0.4662 0.0000
vt 0.0385 0.4662 0.0000
vt 0.0387 0.4715 0.0000
vt 0.0399 0.4715 0.0000
vt 0.0396 0.4662 0.0000
vt 0.0407 0.4661 0.0000
vt 0.0411 0.4715 0.0000
vt 0.0422 0.4714 0.0000
vt 0.0418 0.4660 0.0000
vt 0.0619 0.4663 0.0000
vt 0.0619 0.4716 0.0000
vt 0.0607 0.4716 0.0000
vt 0.0608 0.4662 0.0000
vt 0.0595 0.4715 0.0000
vt 0.0597 0.4662 0.0000
vt 0.0586 0.4662 0.0000
vt 0.0583 0.4715 0.0000
vt 0.0571 0.4715 0.0000
vt 0.0575 0.4661 0.0000
vt 0.0560 0.4714 0.0000
vt 0.0564 0.4660 0.0000
vt 0.0362 0.4771 0.0000
vt 0.0376 0.4771 0.0000
vt 0.0388 0.4771 0.0000
vt 0.0400 0.4771 0.0000
vt 0.0412 0.4771 0.0000
vt 0.0423 0.4771 0.0000
vt 0.0619 0.4771 0.0000
vt 0.0606 0.4771 0.0000
vt 0.0594 0.4771 0.0000
vt 0.0582 0.4771 0.0000
vt 0.0570 0.4771 0.0000
vt 0.0559 0.4770 0.0000
vt 0.0363 0.4827 0.0000
vt 0.0376 0.4827 0.0000
vt 0.0389 0.4827 0.0000
vt 0.0401 0.4827 0.0000
vt 0.0412 0.4827 0.0000
vt 0.0424 0.4826 0.0000
vt 0.0618 0.4827 0.0000
vt 0.0606 0.4827 0.0000
vt 0.0593 0.4827 0.0000
vt 0.0581 0.4827 0.0000
vt 0.0570 0.4827 0.0000
vt 0.0559 0.4826 0.0000
vt 0.0377 0.4883 0.0000
vt 0.0363 0.4883 0.0000
vt 0.0389 0.4883 0.0000
vt 0.0401 0.4882 0.0000
vt 0.0413 0.4882 0.0000
vt 0.0424 0.4882 0.0000
vt 0.0618 0.4883 0.0000
vt 0.0606 0.4883 0.0000
vt 0.0593 0.4883 0.0000
vt 0.0581 0.4882 0.0000
vt 0.0569 0.4882 0.0000
vt 0.0558 0.4882 0.0000
vt 0.0363 0.4938 0.0000
vt 0.0377 0.4938 0.0000
vt 0.0389 0.4938 0.0000
vt 0.0401 0.4938 0.0000
vt 0.0413 0.4938 0.0000
vt 0.0424 0.4938 0.0000
vt 0.0618 0.4938 0.0000
vt 0.0605 0.4938 0.0000
vt 0.0593 0.4938 0.0000
vt 0.0581 0.4938 0.0000
vt 0.0569 0.4938 0.0000
vt 0.0558 0.4938 0.0000
vt 0.0364 0.4994 0.0000
vt 0.0378 0.4994 0.0000
vt 0.0390 0.4994 0.0000
vt 0.0402 0.4994 0.0000
vt 0.0413 0.4994 0.0000
vt 0.0424 0.4994 0.0000
vt 0.0617 0.4994 0.0000
vt 0.0605 0.4994 0.0000
vt 0.0593 0.4994 0.0000
vt 0.0581 0.4994 0.0000
vt 0.0569 0.4994 0.0000
vt 0.0558 0.4994 0.0000
vt 0.0609 0.5325 0.0000
vt 0.0608 0.5272 0.0000
vt 0.0620 0.5272 0.0000
vt 0.0620 0.5325 0.0000
vt 0.0598 0.5326 0.0000
vt 0.0596 0.5272 0.0000
vt 0.0586 0.5326 0.0000
vt 0.0584 0.5273 0.0000
vt 0.0575 0.5327 0.0000
vt 0.0572 0.5273 0.0000
vt 0.0561 0.5273 0.0000
vt 0.0565 0.5328 0.0000
vt 0.0362 0.5326 0.0000
vt 0.0362 0.5272 0.0000
vt 0.0375 0.5272 0.0000
vt 0.0374 0.5326 0.0000
vt 0.0388 0.5273 0.0000
vt 0.0386 0.5326 0.0000
vt 0.0397 0.5326 0.0000
vt 0.0399 0.5273 0.0000
vt 0.0408 0.5327 0.0000
vt 0.0411 0.5273 0.0000
vt 0.0422 0.5273 0.0000
vt 0.0418 0.5328 0.0000
vt 0.0619 0.5216 0.0000
vt 0.0607 0.5216 0.0000
vt 0.0594 0.5217 0.0000
vt 0.0582 0.5217 0.0000
vt 0.0571 0.5217 0.0000
vt 0.0560 0.5217 0.0000
vt 0.0362 0.5217 0.0000
vt 0.0376 0.5217 0.0000
vt 0.0388 0.5217 0.0000
vt 0.0400 0.5217 0.0000
vt 0.0412 0.5217 0.0000
vt 0.0423 0.5217 0.0000
vt 0.0606 0.5161 0.0000
vt 0.0619 0.5161 0.0000
vt 0.0594 0.5161 0.0000
vt 0.0582 0.5161 0.0000
vt 0.0570 0.5161 0.0000
vt 0.0559 0.5161 0.0000
vt 0.0362 0.5161 0.0000
vt 0.0376 0.5161 0.0000
vt 0.0389 0.5161 0.0000
vt 0.0401 0.5161 0.0000
vt 0.0412 0.5161 0.0000
vt 0.0424 0.5161 0.0000
vt 0.0606 0.5105 0.0000
vt 0.0619 0.5105 0.0000
vt 0.0593 0.5105 0.0000
vt 0.0581 0.5105 0.0000
vt 0.0570 0.5105 0.0000
vt 0.0559 0.5105 0.0000
vt 0.0363 0.5105 0.0000
vt 0.0377 0.5105 0.0000
vt 0.0389 0.5105 0.0000
vt 0.0401 0.5105 0.0000
vt 0.0413 0.5105 0.0000
vt 0.0424 0.5105 0.0000
vt 0.0605 0.5049 0.0000
vt 0.0618 0.5049 0.0000
vt 0.0593 0.5049 0.0000
vt 0.0581 0.5049 0.0000
vt 0.0569 0.5049 0.0000
vt 0.0558 0.5049 0.0000
vt 0.0363 0.5049 0.0000
vt 0.0377 0.5049 0.0000
vt 0.0389 0.5049 0.0000
vt 0.0401 0.5049 0.0000
vt 0.0413 0.5049 0.0000
vt 0.0424 0.5049 0.0000
vt 0.0626 0.9967 0.0000
vt 0.0616 0.9967 0.0000
vt 0.0605 0.9967 0.0000
vt 0.0595 0.9967 0.0000
vt 0.0584 0.9967 0.0000
vt 0.0574 0.9967 0.0000
vt 0.0374 0.9968 0.0000
vt 0.0363 0.9968 0.0000
vt 0.0384 0.9968 0.0000
vt 0.0395 0.9968 0.0000
vt 0.0405 0.9968 0.0000
vt 0.0416 0.9968 0.0000
vt 0.0363 0.0032 0.0000
vt 0.0375 0.0032 0.0000
vt 0.0385 0.0032 0.0000
vt 0.0395 0.0032 0.0000
vt 0.0406 0.0032 0.0000
vt 0.0416 0.0032 0.0000
vt 0.0616 0.0033 0.0000
vt 0.0626 0.0033 0.0000
vt 0.0605 0.0033 0.0000
vt 0.0595 0.0033 0.0000
vt 0.0584 0.0033 0.0000
vt 0.0574 0.0033 0.0000
vt 0.0097 0.9968 0.0000
vt 0.0100 0.5328 0.0000
vt 0.0101 0.5328 0.0000
vt 0.0102 0.9968 0.0000
vt 0.0100 0.4660 0.0000
vt 0.0098 0.0033 0.0000
vt 0.0102 0.0033 0.0000
vt 0.0103 0.5274 0.0000
vt 0.0103 0.4714 0.0000
vt 0.0224 0.5328 0.0000
vt 0.0221 0.5274 0.0000
vt 0.0225 0.5328 0.0000
vt 0.0220 0.4714 0.0000
vt 0.0223 0.4660 0.0000
vt 0.0224 0.4660 0.0000
vt 0.0229 0.9967 0.0000
vt 0.0234 0.9967 0.0000
vt 0.0229 0.0033 0.0000
vt 0.0234 0.0033 0.0000
vt 0.0111 0.4659 0.0000
vt 0.0114 0.4714 0.0000
vt 0.0124 0.4713 0.0000
vt 0.0121 0.4659 0.0000
vt 0.0131 0.4658 0.0000
vt 0.0133 0.4713 0.0000
vt 0.0141 0.4658 0.0000
vt 0.0143 0.4713 0.0000
vt 0.0152 0.4713 0.0000
vt 0.0151 0.4658 0.0000
vt 0.0162 0.4713 0.0000
vt 0.0162 0.4658 0.0000
vt 0.0210 0.4714 0.0000
vt 0.0213 0.4659 0.0000
vt 0.0202 0.4659 0.0000
vt 0.0200 0.4713 0.0000
vt 0.0190 0.4713 0.0000
vt 0.0192 0.4658 0.0000
vt 0.0181 0.4713 0.0000
vt 0.0182 0.4658 0.0000
vt 0.0171 0.4713 0.0000
vt 0.0172 0.4658 0.0000
vt 0.0105 0.4770 0.0000
vt 0.0115 0.4770 0.0000
vt 0.0125 0.4770 0.0000
vt 0.0134 0.4770 0.0000
vt 0.0143 0.4770 0.0000
vt 0.0152 0.4770 0.0000
vt 0.0162 0.4770 0.0000
vt 0.0219 0.4770 0.0000
vt 0.0209 0.4770 0.0000
vt 0.0199 0.4770 0.0000
vt 0.0189 0.4770 0.0000
vt 0.0180 0.4770 0.0000
vt 0.0171 0.4770 0.0000
vt 0.0105 0.4826 0.0000
vt 0.0115 0.4826 0.0000
vt 0.0125 0.4826 0.0000
vt 0.0134 0.4826 0.0000
vt 0.0144 0.4826 0.0000
vt 0.0153 0.4826 0.0000
vt 0.0162 0.4826 0.0000
vt 0.0218 0.4826 0.0000
vt 0.0208 0.4826 0.0000
vt 0.0199 0.4826 0.0000
vt 0.0189 0.4826 0.0000
vt 0.0180 0.4826 0.0000
vt 0.0171 0.4826 0.0000
vt 0.0116 0.4882 0.0000
vt 0.0105 0.4882 0.0000
vt 0.0125 0.4882 0.0000
vt 0.0135 0.4882 0.0000
vt 0.0144 0.4882 0.0000
vt 0.0153 0.4882 0.0000
vt 0.0162 0.4882 0.0000
vt 0.0218 0.4882 0.0000
vt 0.0208 0.4882 0.0000
vt 0.0198 0.4882 0.0000
vt 0.0189 0.4882 0.0000
vt 0.0180 0.4882 0.0000
vt 0.0171 0.4882 0.0000
vt 0.0116 0.4938 0.0000
vt 0.0106 0.4938 0.0000
vt 0.0125 0.4938 0.0000
vt 0.0135 0.4938 0.0000
vt 0.0144 0.4938 0.0000
vt 0.0153 0.4938 0.0000
vt 0.0162 0.4938 0.0000
vt 0.0208 0.4938 0.0000
vt 0.0218 0.4938 0.0000
vt 0.0198 0.4938 0.0000
vt 0.0189 0.4938 0.0000
vt 0.0180 0.4938 0.0000
vt 0.0171 0.4938 0.0000
vt 0.0116 0.4994 0.0000
vt 0.0106 0.4994 0.0000
vt 0.0125 0.4994 0.0000
vt 0.0135 0.4994 0.0000
vt 0.0144 0.4994 0.0000
vt 0.0153 0.4994 0.0000
vt 0.0162 0.4994 0.0000
vt 0.0213 0.5329 0.0000
vt 0.0210 0.5274 0.0000
vt 0.0203 0.5329 0.0000
vt 0.0200 0.5274 0.0000
vt 0.0193 0.5330 0.0000
vt 0.0191 0.5275 0.0000
vt 0.0183 0.5330 0.0000
vt 0.0181 0.5275 0.0000
vt 0.0172 0.5275 0.0000
vt 0.0173 0.5330 0.0000
vt 0.0163 0.5330 0.0000
vt 0.0163 0.5275 0.0000
vt 0.0114 0.5274 0.0000
vt 0.0111 0.5329 0.0000
vt 0.0121 0.5329 0.0000
vt 0.0124 0.5274 0.0000
vt 0.0132 0.5330 0.0000
vt 0.0134 0.5275 0.0000
vt 0.0142 0.5330 0.0000
vt 0.0143 0.5275 0.0000
vt 0.0153 0.5275 0.0000
vt 0.0152 0.5330 0.0000
vt 0.0209 0.5217 0.0000
vt 0.0220 0.5217 0.0000
vt 0.0199 0.5217 0.0000
vt 0.0190 0.5217 0.0000
vt 0.0181 0.5217 0.0000
vt 0.0171 0.5218 0.0000
vt 0.0162 0.5218 0.0000
vt 0.0105 0.5217 0.0000
vt 0.0115 0.5217 0.0000
vt 0.0125 0.5217 0.0000
vt 0.0134 0.5218 0.0000
vt 0.0144 0.5218 0.0000
vt 0.0153 0.5218 0.0000
vt 0.0219 0.5161 0.0000
vt 0.0209 0.5161 0.0000
vt 0.0199 0.5161 0.0000
vt 0.0189 0.5161 0.0000
vt 0.0180 0.5161 0.0000
vt 0.0171 0.5161 0.0000
vt 0.0162 0.5161 0.0000
vt 0.0105 0.5161 0.0000
vt 0.0115 0.5161 0.0000
vt 0.0125 0.5161 0.0000
vt 0.0135 0.5161 0.0000
vt 0.0144 0.5161 0.0000
vt 0.0153 0.5161 0.0000
vt 0.0208 0.5105 0.0000
vt 0.0219 0.5105 0.0000
vt 0.0199 0.5105 0.0000
vt 0.0189 0.5105 0.0000
vt 0.0180 0.5105 0.0000
vt 0.0171 0.5105 0.0000
vt 0.0162 0.5105 0.0000
vt 0.0105 0.5105 0.0000
vt 0.0116 0.5105 0.0000
vt 0.0125 0.5105 0.0000
vt 0.0135 0.5105 0.0000
vt 0.0144 0.5105 0.0000
vt 0.0153 0.5105 0.0000
vt 0.0208 0.5049 0.0000
vt 0.0218 0.5049 0.0000
vt 0.0198 0.5049 0.0000
vt 0.0189 0.5049 0.0000
vt 0.0180 0.5049 0.0000
vt 0.0171 0.5049 0.0000
vt 0.0162 0.5049 0.0000
vt 0.0105 0.5049 0.0000
vt 0.0116 0.5049 0.0000
vt 0.0125 0.5049 0.0000
vt 0.0135 0.5049 0.0000
vt 0.0144 0.5049 0.0000
vt 0.0153 0.5049 0.0000
vt 0.0218 0.4994 0.0000
vt 0.0208 0.4994 0.0000
vt 0.0198 0.4994 0.0000
vt 0.0189 0.4994 0.0000
vt 0.0180 0.4994 0.0000
vt 0.0171 0.4994 0.0000
vt 0.0219 0.9967 0.0000
vt 0.0208 0.9967 0.0000
vt 0.0198 0.9967 0.0000
vt 0.0187 0.9967 0.0000
vt 0.0176 0.9967 0.0000
vt 0.0166 0.9967 0.0000
vt 0.0112 0.9968 0.0000
vt 0.0123 0.9967 0.0000
vt 0.0133 0.9967 0.0000
vt 0.0144 0.9967 0.0000
vt 0.0154 0.9967 0.0000
vt 0.0113 0.0033 0.0000
vt 0.0123 0.0033 0.0000
vt 0.0134 0.0033 0.0000
vt 0.0144 0.0033 0.0000
vt 0.0155 0.0033 0.0000
vt 0.0166 0.0033 0.0000
vt 0.0219 0.0033 0.0000
vt 0.0208 0.0033 0.0000
vt 0.0198 0.0033 0.0000
vt 0.0187 0.0033 0.0000
vt 0.0177 0.0033 0.0000
vt 0.0045 0.4662 0.0000
vt 0.0046 0.4716 0.0000
vt 0.0032 0.4716 0.0000
vt 0.0033 0.4662 0.0000
vt 0.0056 0.4662 0.0000
vt 0.0058 0.4715 0.0000
vt 0.0070 0.4715 0.0000
vt 0.0067 0.4662 0.0000
vt 0.0078 0.4661 0.0000
vt 0.0081 0.4715 0.0000
vt 0.0092 0.4714 0.0000
vt 0.0089 0.4660 0.0000
vt 0.0290 0.4663 0.0000
vt 0.0290 0.4716 0.0000
vt 0.0277 0.4716 0.0000
vt 0.0278 0.4662 0.0000
vt 0.0265 0.4715 0.0000
vt 0.0267 0.4662 0.0000
vt 0.0256 0.4662 0.0000
vt 0.0254 0.4715 0.0000
vt 0.0242 0.4715 0.0000
vt 0.0245 0.4661 0.0000
vt 0.0231 0.4714 0.0000
vt 0.0235 0.4660 0.0000
vt 0.0033 0.4771 0.0000
vt 0.0047 0.4771 0.0000
vt 0.0059 0.4771 0.0000
vt 0.0071 0.4771 0.0000
vt 0.0083 0.4771 0.0000
vt 0.0094 0.4771 0.0000
vt 0.0290 0.4771 0.0000
vt 0.0277 0.4771 0.0000
vt 0.0265 0.4771 0.0000
vt 0.0253 0.4771 0.0000
vt 0.0241 0.4771 0.0000
vt 0.0230 0.4770 0.0000
vt 0.0033 0.4827 0.0000
vt 0.0047 0.4827 0.0000
vt 0.0059 0.4827 0.0000
vt 0.0072 0.4827 0.0000
vt 0.0083 0.4827 0.0000
vt 0.0094 0.4826 0.0000
vt 0.0289 0.4827 0.0000
vt 0.0276 0.4827 0.0000
vt 0.0264 0.4827 0.0000
vt 0.0252 0.4827 0.0000
vt 0.0240 0.4827 0.0000
vt 0.0229 0.4826 0.0000
vt 0.0047 0.4883 0.0000
vt 0.0034 0.4883 0.0000
vt 0.0060 0.4883 0.0000
vt 0.0072 0.4882 0.0000
vt 0.0083 0.4882 0.0000
vt 0.0095 0.4882 0.0000
vt 0.0289 0.4883 0.0000
vt 0.0276 0.4883 0.0000
vt 0.0264 0.4883 0.0000
vt 0.0252 0.4882 0.0000
vt 0.0240 0.4882 0.0000
vt 0.0229 0.4882 0.0000
vt 0.0034 0.4938 0.0000
vt 0.0048 0.4938 0.0000
vt 0.0060 0.4938 0.0000
vt 0.0072 0.4938 0.0000
vt 0.0084 0.4938 0.0000
vt 0.0095 0.4938 0.0000
vt 0.0289 0.4938 0.0000
vt 0.0276 0.4938 0.0000
vt 0.0264 0.4938 0.0000
vt 0.0252 0.4938 0.0000
vt 0.0240 0.4938 0.0000
vt 0.0229 0.4938 0.0000
vt 0.0035 0.4994 0.0000
vt 0.0048 0.4994 0.0000
vt 0.0061 0.4994 0.0000
vt 0.0073 0.4994 0.0000
vt 0.0084 0.4994 0.0000
vt 0.0095 0.4994 0.0000
vt 0.0288 0.4994 0.0000
vt 0.0276 0.4994 0.0000
vt 0.0263 0.4994 0.0000
vt 0.0251 0.4994 0.0000
vt 0.0240 0.4994 0.0000
vt 0.0229 0.4994 0.0000
vt 0.0279 0.5325 0.0000
vt 0.0278 0.5272 0.0000
vt 0.0291 0.5272 0.0000
vt 0.0291 0.5325 0.0000
vt 0.0268 0.5326 0.0000
vt 0.0266 0.5272 0.0000
vt 0.0257 0.5326 0.0000
vt 0.0254 0.5273 0.0000
vt 0.0246 0.5327 0.0000
vt 0.0243 0.5273 0.0000
vt 0.0232 0.5273 0.0000
vt 0.0235 0.5328 0.0000
vt 0.0033 0.5326 0.0000
vt 0.0033 0.5272 0.0000
vt 0.0046 0.5272 0.0000
vt 0.0045 0.5326 0.0000
vt 0.0058 0.5273 0.0000
vt 0.0056 0.5326 0.0000
vt 0.0067 0.5326 0.0000
vt 0.0070 0.5273 0.0000
vt 0.0078 0.5327 0.0000
vt 0.0082 0.5273 0.0000
vt 0.0093 0.5273 0.0000
vt 0.0089 0.5328 0.0000
vt 0.0290 0.5216 0.0000
vt 0.0277 0.5216 0.0000
vt 0.0265 0.5217 0.0000
vt 0.0253 0.5217 0.0000
vt 0.0241 0.5217 0.0000
vt 0.0230 0.5217 0.0000
vt 0.0033 0.5217 0.0000
vt 0.0046 0.5217 0.0000
vt 0.0059 0.5217 0.0000
vt 0.0071 0.5217 0.0000
vt 0.0083 0.5217 0.0000
vt 0.0094 0.5217 0.0000
vt 0.0277 0.5161 0.0000
vt 0.0290 0.5161 0.0000
vt 0.0264 0.5161 0.0000
vt 0.0252 0.5161 0.0000
vt 0.0241 0.5161 0.0000
vt 0.0230 0.5161 0.0000
vt 0.0033 0.5161 0.0000
vt 0.0047 0.5161 0.0000
vt 0.0059 0.5161 0.0000
vt 0.0072 0.5161 0.0000
vt 0.0083 0.5161 0.0000
vt 0.0094 0.5161 0.0000
vt 0.0277 0.5105 0.0000
vt 0.0289 0.5105 0.0000
vt 0.0264 0.5105 0.0000
vt 0.0252 0.5105 0.0000
vt 0.0240 0.5105 0.0000
vt 0.0229 0.5105 0.0000
vt 0.0034 0.5105 0.0000
vt 0.0047 0.5105 0.0000
vt 0.0060 0.5105 0.0000
vt 0.0072 0.5105 0.0000
vt 0.0084 0.5105 0.0000
vt 0.0095 0.5105 0.0000
vt 0.0276 0.5049 0.0000
vt 0.0289 0.5049 0.0000
vt 0.0264 0.5049 0.0000
vt 0.0252 0.5049 0.0000
vt 0.0240 0.5049 0.0000
vt 0.0229 0.5049 0.0000
vt 0.0034 0.5049 0.0000
vt 0.0048 0.5049 0.0000
vt 0.0060 0.5049 0.0000
vt 0.0072 0.5049 0.0000
vt 0.0084 0.5049 0.0000
vt 0.0095 0.5049 0.0000
vt 0.0297 0.9967 0.0000
vt 0.0286 0.9967 0.0000
vt 0.0276 0.9967 0.0000
vt 0.0265 0.9967 0.0000
vt 0.0255 0.9967 0.0000
vt 0.0244 0.9967 0.0000
vt 0.0045 0.9968 0.0000
vt 0.0033 0.9968 0.0000
vt 0.0055 0.9968 0.0000
vt 0.0066 0.9968 0.0000
vt 0.0076 0.9968 0.0000
vt 0.0087 0.9968 0.0000
vt 0.0034 0.0032 0.0000
vt 0.0045 0.0032 0.0000
vt 0.0056 0.0032 0.0000
vt 0.0066 0.0032 0.0000
vt 0.0077 0.0032 0.0000
vt 0.0087 0.0032 0.0000
vt 0.0286 0.0033 0.0000
vt 0.0297 0.0033 0.0000
vt 0.0276 0.0033 0.0000
vt 0.0265 0.0033 0.0000
vt 0.0255 0.0033 0.0000
vt 0.0245 0.0033 0.0000
vt 0.4100 0.4957 0.0000
vt 0.4042 0.4958 0.0000
vt 0.4042 0.4670 0.0000
vt 0.4100 0.4670 0.0000
vt 0.5186 0.0271 0.0000
vt 0.5128 0.0271 0.0000
vt 0.5128 0.0213 0.0000
vt 0.5186 0.0213 0.0000
vt 0.3249 0.0039 0.0000
vt 0.3307 0.0038 0.0000
vt 0.3307 0.0326 0.0000
vt 0.3249 0.0326 0.0000
vt 0.4351 0.4958 0.0000
vt 0.4351 0.4670 0.0000
vt 0.4409 0.4670 0.0000
vt 0.4409 0.4957 0.0000
vt 0.5186 0.0580 0.0000
vt 0.5128 0.0581 0.0000
vt 0.5128 0.0522 0.0000
vt 0.5186 0.0522 0.0000
vt 0.3555 0.4961 0.0000
vt 0.3555 0.4957 0.0000
vt 0.3560 0.4956 0.0000
vt 0.3559 0.4961 0.0000
vt 0.4952 0.0343 0.0000
vt 0.4953 0.0348 0.0000
vt 0.4948 0.0348 0.0000
vt 0.4948 0.0343 0.0000
vt 0.3863 0.0035 0.0000
vt 0.3867 0.0034 0.0000
vt 0.3867 0.0039 0.0000
vt 0.3862 0.0039 0.0000
vt 0.4103 0.0035 0.0000
vt 0.4103 0.0039 0.0000
vt 0.4098 0.0039 0.0000
vt 0.4099 0.0034 0.0000
vt 0.4948 0.0580 0.0000
vt 0.4953 0.0580 0.0000
vt 0.4953 0.0585 0.0000
vt 0.4949 0.0584 0.0000
vt 0.3486 0.4961 0.0000
vt 0.3482 0.4962 0.0000
vt 0.3482 0.4957 0.0000
vt 0.3487 0.4957 0.0000
vt 0.3795 0.4961 0.0000
vt 0.3791 0.4962 0.0000
vt 0.3791 0.4957 0.0000
vt 0.3796 0.4957 0.0000
vt 0.4412 0.0039 0.0000
vt 0.4407 0.0039 0.0000
vt 0.4408 0.0034 0.0000
vt 0.4412 0.0035 0.0000
vt 0.5189 0.0343 0.0000
vt 0.5190 0.0347 0.0000
vt 0.5185 0.0348 0.0000
vt 0.5185 0.0343 0.0000
vt 0.3246 0.4961 0.0000
vt 0.3246 0.4957 0.0000
vt 0.3251 0.4956 0.0000
vt 0.3250 0.4961 0.0000
vt 0.5190 0.0584 0.0000
vt 0.5186 0.0585 0.0000
vt 0.5191 0.0580 0.0000
vt 0.4172 0.0035 0.0000
vt 0.4175 0.0034 0.0000
vt 0.4176 0.0039 0.0000
vt 0.4171 0.0039 0.0000
vt 0.3554 0.0035 0.0000
vt 0.3558 0.0034 0.0000
vt 0.3558 0.0039 0.0000
vt 0.3553 0.0039 0.0000
vt 0.3863 0.4957 0.0000
vt 0.3868 0.4956 0.0000
vt 0.3868 0.4961 0.0000
vt 0.3864 0.4961 0.0000
vt 0.4948 0.0034 0.0000
vt 0.4952 0.0034 0.0000
vt 0.4953 0.0038 0.0000
vt 0.4948 0.0038 0.0000
vt 0.4104 0.4961 0.0000
vt 0.4100 0.4962 0.0000
vt 0.4105 0.4957 0.0000
vt 0.3485 0.0035 0.0000
vt 0.3486 0.0039 0.0000
vt 0.3481 0.0039 0.0000
vt 0.3481 0.0034 0.0000
vt 0.5189 0.0034 0.0000
vt 0.5190 0.0038 0.0000
vt 0.5185 0.0038 0.0000
vt 0.5185 0.0034 0.0000
vt 0.3794 0.0035 0.0000
vt 0.3794 0.0039 0.0000
vt 0.3789 0.0039 0.0000
vt 0.3790 0.0034 0.0000
vt 0.4948 0.0271 0.0000
vt 0.4953 0.0271 0.0000
vt 0.4953 0.0276 0.0000
vt 0.4949 0.0275 0.0000
vt 0.4413 0.4961 0.0000
vt 0.4409 0.4962 0.0000
vt 0.4414 0.4957 0.0000
vt 0.3249 0.0034 0.0000
vt 0.3244 0.0039 0.0000
vt 0.3245 0.0035 0.0000
vt 0.4172 0.4957 0.0000
vt 0.4177 0.4956 0.0000
vt 0.4177 0.4961 0.0000
vt 0.4173 0.4961 0.0000
vt 0.5186 0.0276 0.0000
vt 0.5191 0.0271 0.0000
vt 0.5190 0.0275 0.0000
vt 0.5010 0.0347 0.0000
vt 0.5010 0.0342 0.0000
vt 0.3617 0.4958 0.0000
vt 0.3617 0.4963 0.0000
vt 0.4947 0.0523 0.0000
vt 0.4952 0.0523 0.0000
vt 0.4041 0.0033 0.0000
vt 0.4041 0.0038 0.0000
vt 0.5128 0.0586 0.0000
vt 0.3308 0.4963 0.0000
vt 0.3308 0.4958 0.0000
vt 0.5191 0.0405 0.0000
vt 0.5186 0.0405 0.0000
vt 0.4350 0.0033 0.0000
vt 0.4350 0.0038 0.0000
vt 0.3616 0.0033 0.0000
vt 0.3616 0.0038 0.0000
vt 0.4952 0.0096 0.0000
vt 0.4947 0.0096 0.0000
vt 0.4042 0.4963 0.0000
vt 0.5127 0.0038 0.0000
vt 0.5127 0.0033 0.0000
vt 0.3307 0.0033 0.0000
vt 0.5191 0.0213 0.0000
vt 0.4351 0.4963 0.0000
vt 0.5011 0.0272 0.0000
vt 0.5011 0.0277 0.0000
vt 0.3796 0.0325 0.0000
vt 0.3791 0.0325 0.0000
vt 0.4414 0.4670 0.0000
vt 0.3244 0.4671 0.0000
vt 0.3249 0.4671 0.0000
vt 0.4170 0.0326 0.0000
vt 0.4175 0.0326 0.0000
vt 0.3482 0.0325 0.0000
vt 0.3487 0.0325 0.0000
vt 0.4105 0.4670 0.0000
vt 0.3553 0.4671 0.0000
vt 0.3558 0.4671 0.0000
vt 0.3866 0.0326 0.0000
vt 0.3861 0.0326 0.0000
vt 0.3558 0.0326 0.0000
vt 0.3616 0.0326 0.0000
vt 0.3617 0.4670 0.0000
vt 0.3616 0.4381 0.0000
vt 0.3558 0.4381 0.0000
vt 0.3558 0.4091 0.0000
vt 0.3616 0.4091 0.0000
vt 0.3558 0.3801 0.0000
vt 0.3616 0.3801 0.0000
vt 0.3616 0.3512 0.0000
vt 0.3558 0.3512 0.0000
vt 0.3558 0.3222 0.0000
vt 0.3616 0.3222 0.0000
vt 0.3558 0.2932 0.0000
vt 0.3616 0.2932 0.0000
vt 0.3616 0.2643 0.0000
vt 0.3558 0.2643 0.0000
vt 0.3616 0.2353 0.0000
vt 0.3558 0.2353 0.0000
vt 0.3616 0.2063 0.0000
vt 0.3558 0.2063 0.0000
vt 0.3558 0.1774 0.0000
vt 0.3616 0.1774 0.0000
vt 0.3616 0.1484 0.0000
vt 0.3558 0.1484 0.0000
vt 0.3558 0.1194 0.0000
vt 0.3616 0.1194 0.0000
vt 0.3558 0.0905 0.0000
vt 0.3616 0.0905 0.0000
vt 0.3558 0.0615 0.0000
vt 0.3616 0.0615 0.0000
vt 0.3862 0.4671 0.0000
vt 0.3867 0.4671 0.0000
vt 0.3861 0.4381 0.0000
vt 0.3866 0.4381 0.0000
vt 0.3866 0.4091 0.0000
vt 0.3861 0.4091 0.0000
vt 0.3861 0.3801 0.0000
vt 0.3866 0.3801 0.0000
vt 0.3861 0.3512 0.0000
vt 0.3866 0.3512 0.0000
vt 0.3866 0.3222 0.0000
vt 0.3861 0.3222 0.0000
vt 0.3867 0.2932 0.0000
vt 0.3861 0.2932 0.0000
vt 0.3861 0.2643 0.0000
vt 0.3867 0.2643 0.0000
vt 0.3861 0.2353 0.0000
vt 0.3867 0.2353 0.0000
vt 0.3867 0.2063 0.0000
vt 0.3862 0.2063 0.0000
vt 0.3862 0.1774 0.0000
vt 0.3867 0.1774 0.0000
vt 0.3867 0.1484 0.0000
vt 0.3862 0.1484 0.0000
vt 0.3867 0.1194 0.0000
vt 0.3862 0.1194 0.0000
vt 0.3862 0.0905 0.0000
vt 0.3867 0.0905 0.0000
vt 0.3867 0.0615 0.0000
vt 0.3862 0.0615 0.0000
vt 0.3553 0.0326 0.0000
vt 0.3553 0.0615 0.0000
vt 0.3553 0.0905 0.0000
vt 0.3553 0.1194 0.0000
vt 0.3553 0.1484 0.0000
vt 0.3553 0.1774 0.0000
vt 0.3553 0.2063 0.0000
vt 0.3553 0.2353 0.0000
vt 0.3553 0.2643 0.0000
vt 0.3553 0.2932 0.0000
vt 0.3553 0.3222 0.0000
vt 0.3553 0.3512 0.0000
vt 0.3553 0.3801 0.0000
vt 0.3553 0.4091 0.0000
vt 0.3553 0.4381 0.0000
vt 0.4105 0.0325 0.0000
vt 0.4100 0.0325 0.0000
vt 0.4105 0.0615 0.0000
vt 0.4100 0.0615 0.0000
vt 0.4100 0.0905 0.0000
vt 0.4105 0.0905 0.0000
vt 0.4105 0.1194 0.0000
vt 0.4100 0.1194 0.0000
vt 0.4105 0.1484 0.0000
vt 0.4100 0.1484 0.0000
vt 0.4105 0.1774 0.0000
vt 0.4100 0.1774 0.0000
vt 0.4105 0.2063 0.0000
vt 0.4100 0.2063 0.0000
vt 0.4105 0.2353 0.0000
vt 0.4100 0.2353 0.0000
vt 0.4105 0.2643 0.0000
vt 0.4100 0.2643 0.0000
vt 0.4100 0.2932 0.0000
vt 0.4105 0.2932 0.0000
vt 0.4105 0.3222 0.0000
vt 0.4100 0.3222 0.0000
vt 0.4105 0.3512 0.0000
vt 0.4100 0.3512 0.0000
vt 0.4105 0.3801 0.0000
vt 0.4100 0.3801 0.0000
vt 0.4105 0.4091 0.0000
vt 0.4100 0.4091 0.0000
vt 0.4100 0.4381 0.0000
vt 0.4105 0.4381 0.0000
vt 0.3483 0.4670 0.0000
vt 0.3488 0.4670 0.0000
vt 0.3487 0.4381 0.0000
vt 0.3482 0.4381 0.0000
vt 0.3482 0.4091 0.0000
vt 0.3487 0.4091 0.0000
vt 0.3482 0.3801 0.0000
vt 0.3487 0.3801 0.0000
vt 0.3487 0.3512 0.0000
vt 0.3482 0.3512 0.0000
vt 0.3487 0.3222 0.0000
vt 0.3482 0.3222 0.0000
vt 0.3482 0.2932 0.0000
vt 0.3487 0.2932 0.0000
vt 0.3482 0.2643 0.0000
vt 0.3487 0.2643 0.0000
vt 0.3482 0.2353 0.0000
vt 0.3487 0.2353 0.0000
vt 0.3482 0.2063 0.0000
vt 0.3488 0.2063 0.0000
vt 0.3482 0.1774 0.0000
vt 0.3488 0.1774 0.0000
vt 0.3482 0.1484 0.0000
vt 0.3488 0.1484 0.0000
vt 0.3483 0.1194 0.0000
vt 0.3488 0.1194 0.0000
vt 0.3483 0.0905 0.0000
vt 0.3488 0.0905 0.0000
vt 0.3483 0.0615 0.0000
vt 0.3488 0.0615 0.0000
vt 0.4171 0.4671 0.0000
vt 0.4176 0.4671 0.0000
vt 0.4175 0.4381 0.0000
vt 0.4170 0.4381 0.0000
vt 0.4170 0.4091 0.0000
vt 0.4175 0.4091 0.0000
vt 0.4170 0.3801 0.0000
vt 0.4175 0.3801 0.0000
vt 0.4175 0.3512 0.0000
vt 0.4170 0.3512 0.0000
vt 0.4175 0.3222 0.0000
vt 0.4170 0.3222 0.0000
vt 0.4170 0.2932 0.0000
vt 0.4175 0.2932 0.0000
vt 0.4175 0.2643 0.0000
vt 0.4170 0.2643 0.0000
vt 0.4170 0.2353 0.0000
vt 0.4175 0.2353 0.0000
vt 0.4175 0.2063 0.0000
vt 0.4170 0.2063 0.0000
vt 0.4175 0.1774 0.0000
vt 0.4170 0.1774 0.0000
vt 0.4170 0.1484 0.0000
vt 0.4175 0.1484 0.0000
vt 0.4175 0.1194 0.0000
vt 0.4170 0.1194 0.0000
vt 0.4170 0.0905 0.0000
vt 0.4175 0.0905 0.0000
vt 0.4170 0.0615 0.0000
vt 0.4175 0.0615 0.0000
vt 0.3244 0.0326 0.0000
vt 0.3249 0.0615 0.0000
vt 0.3244 0.0615 0.0000
vt 0.3249 0.0905 0.0000
vt 0.3244 0.0905 0.0000
vt 0.3249 0.1194 0.0000
vt 0.3244 0.1194 0.0000
vt 0.3249 0.1484 0.0000
vt 0.3244 0.1484 0.0000
vt 0.3249 0.1774 0.0000
vt 0.3244 0.1774 0.0000
vt 0.3249 0.2063 0.0000
vt 0.3244 0.2063 0.0000
vt 0.3249 0.2353 0.0000
vt 0.3244 0.2353 0.0000
vt 0.3249 0.2643 0.0000
vt 0.3244 0.2643 0.0000
vt 0.3244 0.2932 0.0000
vt 0.3249 0.2932 0.0000
vt 0.3249 0.3222 0.0000
vt 0.3244 0.3222 0.0000
vt 0.3249 0.3512 0.0000
vt 0.3244 0.3512 0.0000
vt 0.3249 0.3801 0.0000
vt 0.3244 0.3801 0.0000
vt 0.3249 0.4091 0.0000
vt 0.3244 0.4091 0.0000
vt 0.3249 0.4381 0.0000
vt 0.3244 0.4381 0.0000
vt 0.4414 0.0325 0.0000
vt 0.4409 0.0325 0.0000
vt 0.4414 0.0615 0.0000
vt 0.4409 0.0615 0.0000
vt 0.4414 0.0905 0.0000
vt 0.4409 0.0905 0.0000
vt 0.4409 0.1194 0.0000
vt 0.4414 0.1194 0.0000
vt 0.4414 0.1484 0.0000
vt 0.4409 0.1484 0.0000
vt 0.4414 0.1774 0.0000
vt 0.4409 0.1774 0.0000
vt 0.4414 0.2063 0.0000
vt 0.4409 0.2063 0.0000
vt 0.4414 0.2353 0.0000
vt 0.4409 0.2353 0.0000
vt 0.4409 0.2643 0.0000
vt 0.4414 0.2643 0.0000
vt 0.4414 0.2932 0.0000
vt 0.4409 0.2932 0.0000
vt 0.4409 0.3222 0.0000
vt 0.4414 0.3222 0.0000
vt 0.4414 0.3512 0.0000
vt 0.4409 0.3512 0.0000
vt 0.4409 0.3801 0.0000
vt 0.4414 0.3801 0.0000
vt 0.4409 0.4091 0.0000
vt 0.4414 0.4091 0.0000
vt 0.4414 0.4381 0.0000
vt 0.4409 0.4381 0.0000
vt 0.3791 0.4670 0.0000
vt 0.3796 0.4670 0.0000
vt 0.3791 0.4381 0.0000
vt 0.3796 0.4381 0.0000
vt 0.3791 0.4091 0.0000
vt 0.3796 0.4091 0.0000
vt 0.3791 0.3801 0.0000
vt 0.3796 0.3801 0.0000
vt 0.3791 0.3512 0.0000
vt 0.3796 0.3512 0.0000
vt 0.3791 0.3222 0.0000
vt 0.3796 0.3222 0.0000
vt 0.3791 0.2932 0.0000
vt 0.3796 0.2932 0.0000
vt 0.3791 0.2643 0.0000
vt 0.3796 0.2643 0.0000
vt 0.3791 0.2353 0.0000
vt 0.3796 0.2353 0.0000
vt 0.3791 0.2063 0.0000
vt 0.3796 0.2063 0.0000
vt 0.3791 0.1774 0.0000
vt 0.3796 0.1774 0.0000
vt 0.3791 0.1484 0.0000
vt 0.3796 0.1484 0.0000
vt 0.3796 0.1194 0.0000
vt 0.3791 0.1194 0.0000
vt 0.3791 0.0905 0.0000
vt 0.3796 0.0905 0.0000
vt 0.3796 0.0615 0.0000
vt 0.3791 0.0615 0.0000
vt 0.4350 0.0325 0.0000
vt 0.4351 0.0615 0.0000
vt 0.4351 0.0905 0.0000
vt 0.4351 0.1194 0.0000
vt 0.4351 0.1484 0.0000
vt 0.4351 0.1774 0.0000
vt 0.4351 0.2063 0.0000
vt 0.4351 0.2353 0.0000
vt 0.4351 0.2643 0.0000
vt 0.4351 0.2932 0.0000
vt 0.4351 0.3222 0.0000
vt 0.4351 0.3512 0.0000
vt 0.4351 0.3801 0.0000
vt 0.4351 0.4091 0.0000
vt 0.4351 0.4381 0.0000
vt 0.3308 0.4670 0.0000
vt 0.3307 0.4381 0.0000
vt 0.3307 0.4091 0.0000
vt 0.3307 0.3801 0.0000
vt 0.3307 0.3512 0.0000
vt 0.3307 0.3222 0.0000
vt 0.3307 0.2932 0.0000
vt 0.3307 0.2643 0.0000
vt 0.3307 0.2353 0.0000
vt 0.3307 0.2063 0.0000
vt 0.3307 0.1774 0.0000
vt 0.3307 0.1484 0.0000
vt 0.3307 0.1194 0.0000
vt 0.3307 0.0905 0.0000
vt 0.3307 0.0615 0.0000
vt 0.4041 0.0325 0.0000
vt 0.4042 0.0615 0.0000
vt 0.4042 0.0905 0.0000
vt 0.4042 0.1194 0.0000
vt 0.4042 0.1484 0.0000
vt 0.4042 0.1774 0.0000
vt 0.4042 0.2063 0.0000
vt 0.4042 0.2353 0.0000
vt 0.4042 0.2643 0.0000
vt 0.4042 0.2932 0.0000
vt 0.4042 0.3222 0.0000
vt 0.4042 0.3512 0.0000
vt 0.4042 0.3801 0.0000
vt 0.4042 0.4091 0.0000
vt 0.4042 0.4381 0.0000
vt 0.3925 0.4381 0.0000
vt 0.3926 0.4670 0.0000
vt 0.3983 0.4381 0.0000
vt 0.3984 0.4670 0.0000
vt 0.3925 0.4091 0.0000
vt 0.3983 0.4091 0.0000
vt 0.3925 0.3801 0.0000
vt 0.3983 0.3801 0.0000
vt 0.3925 0.3512 0.0000
vt 0.3983 0.3512 0.0000
vt 0.3925 0.3222 0.0000
vt 0.3983 0.3222 0.0000
vt 0.3925 0.2932 0.0000
vt 0.3983 0.2932 0.0000
vt 0.3925 0.2643 0.0000
vt 0.3983 0.2643 0.0000
vt 0.3925 0.2353 0.0000
vt 0.3983 0.2353 0.0000
vt 0.3925 0.2063 0.0000
vt 0.3983 0.2063 0.0000
vt 0.3925 0.1774 0.0000
vt 0.3983 0.1774 0.0000
vt 0.3925 0.1484 0.0000
vt 0.3983 0.1484 0.0000
vt 0.3925 0.1194 0.0000
vt 0.3983 0.1194 0.0000
vt 0.3925 0.0905 0.0000
vt 0.3983 0.0905 0.0000
vt 0.3925 0.0615 0.0000
vt 0.3983 0.0615 0.0000
vt 0.3925 0.0326 0.0000
vt 0.3983 0.0326 0.0000
vt 0.3924 0.0038 0.0000
vt 0.3983 0.0037 0.0000
vt 0.4234 0.4381 0.0000
vt 0.4234 0.4670 0.0000
vt 0.4293 0.4670 0.0000
vt 0.4292 0.4381 0.0000
vt 0.4234 0.4091 0.0000
vt 0.4292 0.4091 0.0000
vt 0.4234 0.3801 0.0000
vt 0.4292 0.3801 0.0000
vt 0.4234 0.3512 0.0000
vt 0.4292 0.3512 0.0000
vt 0.4234 0.3222 0.0000
vt 0.4292 0.3222 0.0000
vt 0.4234 0.2932 0.0000
vt 0.4292 0.2932 0.0000
vt 0.4234 0.2643 0.0000
vt 0.4292 0.2643 0.0000
vt 0.4234 0.2353 0.0000
vt 0.4292 0.2353 0.0000
vt 0.4234 0.2063 0.0000
vt 0.4292 0.2063 0.0000
vt 0.4234 0.1774 0.0000
vt 0.4292 0.1774 0.0000
vt 0.4234 0.1484 0.0000
vt 0.4292 0.1484 0.0000
vt 0.4234 0.1194 0.0000
vt 0.4292 0.1194 0.0000
vt 0.4234 0.0905 0.0000
vt 0.4292 0.0905 0.0000
vt 0.4234 0.0615 0.0000
vt 0.4292 0.0615 0.0000
vt 0.4234 0.0326 0.0000
vt 0.4292 0.0326 0.0000
vt 0.4233 0.0038 0.0000
vt 0.4292 0.0037 0.0000
vt 0.5128 0.0277 0.0000
vt 0.5069 0.0272 0.0000
vt 0.5069 0.0277 0.0000
vt 0.4235 0.4958 0.0000
vt 0.4235 0.4963 0.0000
vt 0.4293 0.4963 0.0000
vt 0.4293 0.4958 0.0000
vt 0.5010 0.0033 0.0000
vt 0.5010 0.0038 0.0000
vt 0.5069 0.0038 0.0000
vt 0.5069 0.0032 0.0000
vt 0.3926 0.4958 0.0000
vt 0.3926 0.4963 0.0000
vt 0.3984 0.4963 0.0000
vt 0.3984 0.4958 0.0000
vt 0.4233 0.0033 0.0000
vt 0.4292 0.0032 0.0000
vt 0.5191 0.0522 0.0000
vt 0.5191 0.0464 0.0000
vt 0.5186 0.0464 0.0000
vt 0.3924 0.0033 0.0000
vt 0.3983 0.0032 0.0000
vt 0.4952 0.0406 0.0000
vt 0.4947 0.0406 0.0000
vt 0.4952 0.0464 0.0000
vt 0.4947 0.0464 0.0000
vt 0.5127 0.0347 0.0000
vt 0.5127 0.0405 0.0000
vt 0.5128 0.0464 0.0000
vt 0.4952 0.0213 0.0000
vt 0.5011 0.0213 0.0000
vt 0.5069 0.0213 0.0000
vt 0.5069 0.0096 0.0000
vt 0.5127 0.0096 0.0000
vt 0.5128 0.0155 0.0000
vt 0.5069 0.0155 0.0000
vt 0.5010 0.0096 0.0000
vt 0.5011 0.0155 0.0000
vt 0.4952 0.0155 0.0000
vt 0.5011 0.0464 0.0000
vt 0.5011 0.0522 0.0000
vt 0.5069 0.0464 0.0000
vt 0.5069 0.0522 0.0000
vt 0.5010 0.0405 0.0000
vt 0.5069 0.0405 0.0000
vt 0.5069 0.0347 0.0000
vt 0.3424 0.0615 0.0000
vt 0.3423 0.0325 0.0000
vt 0.3366 0.0615 0.0000
vt 0.3365 0.0326 0.0000
vt 0.3424 0.0905 0.0000
vt 0.3366 0.0905 0.0000
vt 0.3424 0.1194 0.0000
vt 0.3366 0.1194 0.0000
vt 0.3424 0.1484 0.0000
vt 0.3366 0.1484 0.0000
vt 0.3424 0.1774 0.0000
vt 0.3366 0.1774 0.0000
vt 0.3424 0.2063 0.0000
vt 0.3366 0.2063 0.0000
vt 0.3424 0.2353 0.0000
vt 0.3366 0.2353 0.0000
vt 0.3424 0.2643 0.0000
vt 0.3366 0.2643 0.0000
vt 0.3424 0.2932 0.0000
vt 0.3366 0.2932 0.0000
vt 0.3424 0.3222 0.0000
vt 0.3366 0.3222 0.0000
vt 0.3424 0.3512 0.0000
vt 0.3366 0.3512 0.0000
vt 0.3424 0.3801 0.0000
vt 0.3366 0.3801 0.0000
vt 0.3424 0.4091 0.0000
vt 0.3366 0.4091 0.0000
vt 0.3424 0.4381 0.0000
vt 0.3366 0.4381 0.0000
vt 0.3424 0.4670 0.0000
vt 0.3366 0.4670 0.0000
vt 0.3424 0.4958 0.0000
vt 0.3366 0.4958 0.0000
vt 0.3732 0.0325 0.0000
vt 0.3733 0.0615 0.0000
vt 0.3675 0.0615 0.0000
vt 0.3674 0.0326 0.0000
vt 0.3733 0.0905 0.0000
vt 0.3675 0.0905 0.0000
vt 0.3733 0.1194 0.0000
vt 0.3675 0.1194 0.0000
vt 0.3733 0.1484 0.0000
vt 0.3675 0.1484 0.0000
vt 0.3733 0.1774 0.0000
vt 0.3675 0.1774 0.0000
vt 0.3733 0.2063 0.0000
vt 0.3675 0.2063 0.0000
vt 0.3733 0.2353 0.0000
vt 0.3674 0.2353 0.0000
vt 0.3733 0.2643 0.0000
vt 0.3674 0.2643 0.0000
vt 0.3733 0.2932 0.0000
vt 0.3674 0.2932 0.0000
vt 0.3733 0.3222 0.0000
vt 0.3674 0.3222 0.0000
vt 0.3733 0.3512 0.0000
vt 0.3674 0.3512 0.0000
vt 0.3733 0.3801 0.0000
vt 0.3674 0.3801 0.0000
vt 0.3733 0.4091 0.0000
vt 0.3674 0.4091 0.0000
vt 0.3733 0.4381 0.0000
vt 0.3674 0.4381 0.0000
vt 0.3733 0.4670 0.0000
vt 0.3675 0.4670 0.0000
vt 0.3733 0.4958 0.0000
vt 0.3675 0.4958 0.0000
vt 0.3732 0.0038 0.0000
vt 0.3674 0.0037 0.0000
vt 0.5191 0.0096 0.0000
vt 0.5186 0.0096 0.0000
vt 0.5186 0.0154 0.0000
vt 0.5191 0.0154 0.0000
vt 0.3423 0.0038 0.0000
vt 0.3423 0.0033 0.0000
vt 0.3365 0.0037 0.0000
vt 0.3365 0.0032 0.0000
vt 0.4947 0.0214 0.0000
vt 0.4947 0.0155 0.0000
vt 0.3732 0.0033 0.0000
vt 0.3674 0.0032 0.0000
vt 0.3425 0.4963 0.0000
vt 0.3366 0.4963 0.0000
vt 0.5011 0.0581 0.0000
vt 0.5011 0.0586 0.0000
vt 0.5069 0.0586 0.0000
vt 0.5069 0.0581 0.0000
vt 0.3733 0.4963 0.0000
vt 0.3675 0.4963 0.0000
vt 0.5127 0.0342 0.0000
vt 0.5069 0.0342 0.0000
vt 0.4993 0.1582 0.0000
vt 0.4994 0.1640 0.0000
vt 0.4952 0.1640 0.0000
vt 0.4953 0.1582 0.0000
vt 0.2013 0.0311 0.0000
vt 0.2014 0.0039 0.0000
vt 0.2071 0.0038 0.0000
vt 0.2071 0.0311 0.0000
vt 0.4876 0.0038 0.0000
vt 0.4877 0.0308 0.0000
vt 0.4835 0.0308 0.0000
vt 0.4835 0.0038 0.0000
vt 0.4993 0.1273 0.0000
vt 0.4994 0.1331 0.0000
vt 0.4952 0.1331 0.0000
vt 0.4953 0.1274 0.0000
vt 0.2381 0.4986 0.0000
vt 0.2381 0.5260 0.0000
vt 0.2324 0.5258 0.0000
vt 0.2322 0.4986 0.0000
vt 0.4714 0.0033 0.0000
vt 0.4718 0.0033 0.0000
vt 0.4719 0.0038 0.0000
vt 0.4714 0.0037 0.0000
vt 0.2559 0.0039 0.0000
vt 0.2555 0.0039 0.0000
vt 0.2555 0.0034 0.0000
vt 0.2559 0.0035 0.0000
vt 0.4949 0.1820 0.0000
vt 0.4948 0.1816 0.0000
vt 0.4953 0.1816 0.0000
vt 0.4953 0.1821 0.0000
vt 0.4948 0.1582 0.0000
vt 0.4949 0.1578 0.0000
vt 0.4953 0.1577 0.0000
vt 0.2319 0.0035 0.0000
vt 0.2323 0.0034 0.0000
vt 0.2323 0.0039 0.0000
vt 0.2318 0.0039 0.0000
vt 0.4836 0.5257 0.0000
vt 0.4836 0.5262 0.0000
vt 0.4832 0.5261 0.0000
vt 0.4831 0.5257 0.0000
vt 0.4715 0.5261 0.0000
vt 0.4714 0.5257 0.0000
vt 0.4719 0.5257 0.0000
vt 0.4719 0.5262 0.0000
vt 0.4949 0.1269 0.0000
vt 0.4953 0.1269 0.0000
vt 0.4948 0.1273 0.0000
vt 0.2559 0.5262 0.0000
vt 0.2555 0.5263 0.0000
vt 0.2555 0.5258 0.0000
vt 0.2560 0.5258 0.0000
vt 0.4831 0.0033 0.0000
vt 0.4835 0.0033 0.0000
vt 0.4831 0.0037 0.0000
vt 0.2319 0.5262 0.0000
vt 0.2319 0.5258 0.0000
vt 0.2323 0.5263 0.0000
vt 0.4953 0.1507 0.0000
vt 0.4953 0.1512 0.0000
vt 0.4949 0.1511 0.0000
vt 0.4948 0.1507 0.0000
vt 0.4764 0.5261 0.0000
vt 0.4760 0.5262 0.0000
vt 0.4760 0.5257 0.0000
vt 0.4764 0.5257 0.0000
vt 0.2245 0.0034 0.0000
vt 0.2249 0.0035 0.0000
vt 0.2250 0.0039 0.0000
vt 0.2245 0.0039 0.0000
vt 0.4998 0.1273 0.0000
vt 0.4994 0.1268 0.0000
vt 0.4998 0.1269 0.0000
vt 0.4763 0.0033 0.0000
vt 0.4764 0.0037 0.0000
vt 0.4759 0.0038 0.0000
vt 0.4759 0.0032 0.0000
vt 0.4998 0.1819 0.0000
vt 0.4994 0.1820 0.0000
vt 0.4993 0.1815 0.0000
vt 0.4998 0.1815 0.0000
vt 0.2251 0.5262 0.0000
vt 0.2247 0.5263 0.0000
vt 0.2247 0.5258 0.0000
vt 0.2252 0.5258 0.0000
vt 0.4998 0.1578 0.0000
vt 0.4998 0.1582 0.0000
vt 0.4994 0.1577 0.0000
vt 0.4877 0.5262 0.0000
vt 0.4876 0.5257 0.0000
vt 0.4881 0.5257 0.0000
vt 0.4881 0.5261 0.0000
vt 0.2015 0.5263 0.0000
vt 0.2011 0.5262 0.0000
vt 0.2010 0.5258 0.0000
vt 0.2015 0.5258 0.0000
vt 0.4880 0.0033 0.0000
vt 0.4881 0.0037 0.0000
vt 0.4876 0.0032 0.0000
vt 0.4994 0.1512 0.0000
vt 0.4993 0.1507 0.0000
vt 0.4998 0.1507 0.0000
vt 0.4998 0.1511 0.0000
vt 0.2009 0.0035 0.0000
vt 0.2013 0.0034 0.0000
vt 0.2009 0.0039 0.0000
vt 0.2556 0.0311 0.0000
vt 0.2561 0.0311 0.0000
vt 0.4713 0.0308 0.0000
vt 0.4718 0.0308 0.0000
vt 0.2380 0.0033 0.0000
vt 0.2380 0.0038 0.0000
vt 0.4947 0.1640 0.0000
vt 0.2317 0.4986 0.0000
vt 0.4830 0.0308 0.0000
vt 0.2498 0.5259 0.0000
vt 0.2498 0.5264 0.0000
vt 0.4947 0.1331 0.0000
vt 0.4760 0.0308 0.0000
vt 0.4765 0.0308 0.0000
vt 0.2247 0.4986 0.0000
vt 0.2252 0.4986 0.0000
vt 0.4999 0.1640 0.0000
vt 0.2073 0.5264 0.0000
vt 0.2073 0.5259 0.0000
vt 0.4882 0.0308 0.0000
vt 0.2008 0.0311 0.0000
vt 0.4999 0.1331 0.0000
vt 0.2188 0.0033 0.0000
vt 0.2187 0.0038 0.0000
vt 0.4718 0.4986 0.0000
vt 0.4760 0.4986 0.0000
vt 0.4718 0.4711 0.0000
vt 0.4760 0.4711 0.0000
vt 0.4718 0.4436 0.0000
vt 0.4760 0.4436 0.0000
vt 0.4718 0.4161 0.0000
vt 0.4760 0.4161 0.0000
vt 0.4718 0.3886 0.0000
vt 0.4760 0.3886 0.0000
vt 0.4760 0.3610 0.0000
vt 0.4718 0.3610 0.0000
vt 0.4718 0.3335 0.0000
vt 0.4760 0.3335 0.0000
vt 0.4718 0.3060 0.0000
vt 0.4760 0.3060 0.0000
vt 0.4718 0.2785 0.0000
vt 0.4760 0.2785 0.0000
vt 0.4718 0.2510 0.0000
vt 0.4760 0.2510 0.0000
vt 0.4760 0.2234 0.0000
vt 0.4718 0.2234 0.0000
vt 0.4718 0.1959 0.0000
vt 0.4760 0.1959 0.0000
vt 0.4760 0.1684 0.0000
vt 0.4718 0.1684 0.0000
vt 0.4718 0.1409 0.0000
vt 0.4760 0.1409 0.0000
vt 0.4760 0.1134 0.0000
vt 0.4718 0.1134 0.0000
vt 0.4760 0.0859 0.0000
vt 0.4718 0.0859 0.0000
vt 0.4718 0.0583 0.0000
vt 0.4760 0.0583 0.0000
vt 0.2008 0.4987 0.0000
vt 0.2014 0.4987 0.0000
vt 0.2008 0.4711 0.0000
vt 0.2013 0.4711 0.0000
vt 0.2008 0.4436 0.0000
vt 0.2013 0.4436 0.0000
vt 0.2013 0.4161 0.0000
vt 0.2008 0.4161 0.0000
vt 0.2008 0.3886 0.0000
vt 0.2013 0.3886 0.0000
vt 0.2013 0.3611 0.0000
vt 0.2008 0.3611 0.0000
vt 0.2013 0.3336 0.0000
vt 0.2008 0.3336 0.0000
vt 0.2008 0.3061 0.0000
vt 0.2013 0.3061 0.0000
vt 0.2013 0.2786 0.0000
vt 0.2008 0.2786 0.0000
vt 0.2013 0.2511 0.0000
vt 0.2008 0.2511 0.0000
vt 0.2008 0.2236 0.0000
vt 0.2013 0.2236 0.0000
vt 0.2008 0.1961 0.0000
vt 0.2013 0.1961 0.0000
vt 0.2008 0.1686 0.0000
vt 0.2013 0.1686 0.0000
vt 0.2008 0.1411 0.0000
vt 0.2013 0.1411 0.0000
vt 0.2013 0.1136 0.0000
vt 0.2008 0.1136 0.0000
vt 0.2008 0.0861 0.0000
vt 0.2013 0.0861 0.0000
vt 0.2008 0.0586 0.0000
vt 0.2013 0.0586 0.0000
vt 0.4877 0.4986 0.0000
vt 0.4882 0.4986 0.0000
vt 0.4877 0.4711 0.0000
vt 0.4882 0.4711 0.0000
vt 0.4882 0.4436 0.0000
vt 0.4877 0.4436 0.0000
vt 0.4877 0.4161 0.0000
vt 0.4882 0.4161 0.0000
vt 0.4877 0.3886 0.0000
vt 0.4882 0.3886 0.0000
vt 0.4882 0.3610 0.0000
vt 0.4877 0.3610 0.0000
vt 0.4877 0.3335 0.0000
vt 0.4882 0.3335 0.0000
vt 0.4877 0.3060 0.0000
vt 0.4882 0.3060 0.0000
vt 0.4877 0.2785 0.0000
vt 0.4882 0.2785 0.0000
vt 0.4877 0.2510 0.0000
vt 0.4882 0.2510 0.0000
vt 0.4882 0.2234 0.0000
vt 0.4877 0.2234 0.0000
vt 0.4882 0.1959 0.0000
vt 0.4877 0.1959 0.0000
vt 0.4882 0.1684 0.0000
vt 0.4877 0.1684 0.0000
vt 0.4877 0.1409 0.0000
vt 0.4882 0.1409 0.0000
vt 0.4877 0.1134 0.0000
vt 0.4882 0.1134 0.0000
vt 0.4882 0.0859 0.0000
vt 0.4877 0.0859 0.0000
vt 0.4882 0.0583 0.0000
vt 0.4877 0.0583 0.0000
vt 0.2252 0.0310 0.0000
vt 0.2247 0.0311 0.0000
vt 0.2252 0.0586 0.0000
vt 0.2247 0.0586 0.0000
vt 0.2252 0.0861 0.0000
vt 0.2247 0.0861 0.0000
vt 0.2247 0.1136 0.0000
vt 0.2252 0.1136 0.0000
vt 0.2247 0.1411 0.0000
vt 0.2252 0.1411 0.0000
vt 0.2252 0.1686 0.0000
vt 0.2247 0.1686 0.0000
vt 0.2247 0.1961 0.0000
vt 0.2252 0.1961 0.0000
vt 0.2252 0.2236 0.0000
vt 0.2247 0.2236 0.0000
vt 0.2247 0.2511 0.0000
vt 0.2252 0.2511 0.0000
vt 0.2252 0.2786 0.0000
vt 0.2247 0.2786 0.0000
vt 0.2247 0.3061 0.0000
vt 0.2252 0.3061 0.0000
vt 0.2252 0.3336 0.0000
vt 0.2247 0.3336 0.0000
vt 0.2247 0.3611 0.0000
vt 0.2252 0.3611 0.0000
vt 0.2247 0.3886 0.0000
vt 0.2252 0.3886 0.0000
vt 0.2252 0.4161 0.0000
vt 0.2247 0.4161 0.0000
vt 0.2247 0.4436 0.0000
vt 0.2252 0.4436 0.0000
vt 0.2247 0.4711 0.0000
vt 0.2252 0.4711 0.0000
vt 0.4765 0.4986 0.0000
vt 0.4765 0.4711 0.0000
vt 0.4765 0.4436 0.0000
vt 0.4765 0.4161 0.0000
vt 0.4765 0.3886 0.0000
vt 0.4765 0.3610 0.0000
vt 0.4765 0.3335 0.0000
vt 0.4765 0.3060 0.0000
vt 0.4765 0.2785 0.0000
vt 0.4765 0.2510 0.0000
vt 0.4765 0.2234 0.0000
vt 0.4765 0.1959 0.0000
vt 0.4765 0.1684 0.0000
vt 0.4765 0.1409 0.0000
vt 0.4765 0.1134 0.0000
vt 0.4765 0.0859 0.0000
vt 0.4765 0.0583 0.0000
vt 0.4830 0.4986 0.0000
vt 0.4835 0.4986 0.0000
vt 0.4830 0.4711 0.0000
vt 0.4835 0.4711 0.0000
vt 0.4835 0.4436 0.0000
vt 0.4830 0.4436 0.0000
vt 0.4835 0.4161 0.0000
vt 0.4830 0.4161 0.0000
vt 0.4830 0.3886 0.0000
vt 0.4835 0.3886 0.0000
vt 0.4835 0.3610 0.0000
vt 0.4830 0.3610 0.0000
vt 0.4835 0.3335 0.0000
vt 0.4830 0.3335 0.0000
vt 0.4835 0.3060 0.0000
vt 0.4830 0.3060 0.0000
vt 0.4835 0.2785 0.0000
vt 0.4830 0.2785 0.0000
vt 0.4835 0.2510 0.0000
vt 0.4830 0.2510 0.0000
vt 0.4835 0.2234 0.0000
vt 0.4830 0.2234 0.0000
vt 0.4830 0.1959 0.0000
vt 0.4835 0.1959 0.0000
vt 0.4835 0.1684 0.0000
vt 0.4830 0.1684 0.0000
vt 0.4835 0.1409 0.0000
vt 0.4830 0.1409 0.0000
vt 0.4830 0.1134 0.0000
vt 0.4835 0.1134 0.0000
vt 0.4835 0.0859 0.0000
vt 0.4830 0.0859 0.0000
vt 0.4835 0.0583 0.0000
vt 0.4830 0.0583 0.0000
vt 0.2322 0.0311 0.0000
vt 0.2317 0.0311 0.0000
vt 0.2322 0.0586 0.0000
vt 0.2317 0.0586 0.0000
vt 0.2322 0.0861 0.0000
vt 0.2317 0.0861 0.0000
vt 0.2322 0.1136 0.0000
vt 0.2317 0.1136 0.0000
vt 0.2322 0.1411 0.0000
vt 0.2317 0.1411 0.0000
vt 0.2322 0.1686 0.0000
vt 0.2317 0.1686 0.0000
vt 0.2322 0.1961 0.0000
vt 0.2317 0.1961 0.0000
vt 0.2322 0.2236 0.0000
vt 0.2317 0.2236 0.0000
vt 0.2317 0.2511 0.0000
vt 0.2322 0.2511 0.0000
vt 0.2322 0.2786 0.0000
vt 0.2317 0.2786 0.0000
vt 0.2322 0.3061 0.0000
vt 0.2317 0.3061 0.0000
vt 0.2322 0.3336 0.0000
vt 0.2317 0.3336 0.0000
vt 0.2317 0.3611 0.0000
vt 0.2322 0.3611 0.0000
vt 0.2322 0.3886 0.0000
vt 0.2317 0.3886 0.0000
vt 0.2322 0.4161 0.0000
vt 0.2317 0.4161 0.0000
vt 0.2322 0.4436 0.0000
vt 0.2317 0.4436 0.0000
vt 0.2322 0.4711 0.0000
vt 0.2317 0.4711 0.0000
vt 0.4713 0.4986 0.0000
vt 0.4713 0.4711 0.0000
vt 0.4713 0.4436 0.0000
vt 0.4713 0.4161 0.0000
vt 0.4713 0.3886 0.0000
vt 0.4713 0.3610 0.0000
vt 0.4713 0.3335 0.0000
vt 0.4713 0.3060 0.0000
vt 0.4713 0.2785 0.0000
vt 0.4713 0.2510 0.0000
vt 0.4713 0.2234 0.0000
vt 0.4713 0.1959 0.0000
vt 0.4713 0.1684 0.0000
vt 0.4713 0.1409 0.0000
vt 0.4713 0.1134 0.0000
vt 0.4713 0.0859 0.0000
vt 0.4713 0.0583 0.0000
vt 0.2556 0.4986 0.0000
vt 0.2561 0.4986 0.0000
vt 0.2556 0.4711 0.0000
vt 0.2561 0.4711 0.0000
vt 0.2556 0.4436 0.0000
vt 0.2561 0.4436 0.0000
vt 0.2556 0.4161 0.0000
vt 0.2561 0.4161 0.0000
vt 0.2556 0.3886 0.0000
vt 0.2561 0.3886 0.0000
vt 0.2556 0.3611 0.0000
vt 0.2561 0.3611 0.0000
vt 0.2556 0.3336 0.0000
vt 0.2561 0.3336 0.0000
vt 0.2556 0.3061 0.0000
vt 0.2561 0.3061 0.0000
vt 0.2556 0.2786 0.0000
vt 0.2561 0.2786 0.0000
vt 0.2561 0.2511 0.0000
vt 0.2556 0.2511 0.0000
vt 0.2556 0.2236 0.0000
vt 0.2561 0.2236 0.0000
vt 0.2556 0.1961 0.0000
vt 0.2561 0.1961 0.0000
vt 0.2556 0.1686 0.0000
vt 0.2561 0.1686 0.0000
vt 0.2556 0.1411 0.0000
vt 0.2561 0.1411 0.0000
vt 0.2561 0.1136 0.0000
vt 0.2556 0.1136 0.0000
vt 0.2556 0.0861 0.0000
vt 0.2561 0.0861 0.0000
vt 0.2556 0.0586 0.0000
vt 0.2561 0.0586 0.0000
vt 0.2381 0.0311 0.0000
vt 0.2381 0.0586 0.0000
vt 0.2381 0.0861 0.0000
vt 0.2381 0.1136 0.0000
vt 0.2381 0.1411 0.0000
vt 0.2381 0.1686 0.0000
vt 0.2381 0.1961 0.0000
vt 0.2381 0.2236 0.0000
vt 0.2381 0.2511 0.0000
vt 0.2381 0.2786 0.0000
vt 0.2381 0.3061 0.0000
vt 0.2381 0.3336 0.0000
vt 0.2381 0.3611 0.0000
vt 0.2381 0.3886 0.0000
vt 0.2381 0.4161 0.0000
vt 0.2381 0.4436 0.0000
vt 0.2381 0.4711 0.0000
vt 0.2072 0.4986 0.0000
vt 0.2072 0.4711 0.0000
vt 0.2072 0.4436 0.0000
vt 0.2072 0.4161 0.0000
vt 0.2072 0.3886 0.0000
vt 0.2072 0.3611 0.0000
vt 0.2072 0.3336 0.0000
vt 0.2072 0.3061 0.0000
vt 0.2072 0.2786 0.0000
vt 0.2072 0.2511 0.0000
vt 0.2072 0.2236 0.0000
vt 0.2072 0.1961 0.0000
vt 0.2072 0.1686 0.0000
vt 0.2072 0.1411 0.0000
vt 0.2072 0.1136 0.0000
vt 0.2072 0.0861 0.0000
vt 0.2072 0.0586 0.0000
vt 0.2189 0.0586 0.0000
vt 0.2188 0.0311 0.0000
vt 0.2130 0.0586 0.0000
vt 0.2130 0.0311 0.0000
vt 0.2189 0.0861 0.0000
vt 0.2130 0.0861 0.0000
vt 0.2189 0.1136 0.0000
vt 0.2130 0.1136 0.0000
vt 0.2189 0.1411 0.0000
vt 0.2130 0.1411 0.0000
vt 0.2189 0.1686 0.0000
vt 0.2130 0.1686 0.0000
vt 0.2189 0.1961 0.0000
vt 0.2130 0.1961 0.0000
vt 0.2189 0.2236 0.0000
vt 0.2130 0.2236 0.0000
vt 0.2189 0.2511 0.0000
vt 0.2130 0.2511 0.0000
vt 0.2189 0.2786 0.0000
vt 0.2130 0.2786 0.0000
vt 0.2189 0.3061 0.0000
vt 0.2130 0.3061 0.0000
vt 0.2189 0.3336 0.0000
vt 0.2130 0.3336 0.0000
vt 0.2189 0.3611 0.0000
vt 0.2130 0.3611 0.0000
vt 0.2189 0.3886 0.0000
vt 0.2130 0.3886 0.0000
vt 0.2188 0.4161 0.0000
vt 0.2130 0.4161 0.0000
vt 0.2188 0.4436 0.0000
vt 0.2130 0.4436 0.0000
vt 0.2189 0.4711 0.0000
vt 0.2130 0.4711 0.0000
vt 0.2189 0.4986 0.0000
vt 0.2131 0.4986 0.0000
vt 0.2189 0.5259 0.0000
vt 0.2131 0.5260 0.0000
vt 0.2497 0.4986 0.0000
vt 0.2497 0.4711 0.0000
vt 0.2439 0.4711 0.0000
vt 0.2439 0.4986 0.0000
vt 0.2497 0.4436 0.0000
vt 0.2439 0.4436 0.0000
vt 0.2497 0.4161 0.0000
vt 0.2439 0.4161 0.0000
vt 0.2497 0.3886 0.0000
vt 0.2439 0.3886 0.0000
vt 0.2497 0.3611 0.0000
vt 0.2439 0.3611 0.0000
vt 0.2497 0.3336 0.0000
vt 0.2439 0.3336 0.0000
vt 0.2497 0.3061 0.0000
vt 0.2439 0.3061 0.0000
vt 0.2497 0.2786 0.0000
vt 0.2439 0.2786 0.0000
vt 0.2497 0.2511 0.0000
vt 0.2439 0.2511 0.0000
vt 0.2497 0.2236 0.0000
vt 0.2439 0.2236 0.0000
vt 0.2497 0.1961 0.0000
vt 0.2439 0.1961 0.0000
vt 0.2497 0.1686 0.0000
vt 0.2439 0.1686 0.0000
vt 0.2497 0.1411 0.0000
vt 0.2439 0.1411 0.0000
vt 0.2497 0.1136 0.0000
vt 0.2439 0.1136 0.0000
vt 0.2497 0.0861 0.0000
vt 0.2439 0.0861 0.0000
vt 0.2497 0.0586 0.0000
vt 0.2439 0.0586 0.0000
vt 0.2497 0.0311 0.0000
vt 0.2439 0.0311 0.0000
vt 0.2497 0.0038 0.0000
vt 0.2439 0.0037 0.0000
vt 0.2071 0.0033 0.0000
vt 0.2129 0.0032 0.0000
vt 0.2129 0.0037 0.0000
vt 0.4994 0.1449 0.0000
vt 0.4999 0.1449 0.0000
vt 0.4994 0.1390 0.0000
vt 0.4999 0.1390 0.0000
vt 0.2189 0.5264 0.0000
vt 0.2131 0.5265 0.0000
vt 0.4994 0.1758 0.0000
vt 0.4999 0.1758 0.0000
vt 0.4994 0.1699 0.0000
vt 0.4999 0.1699 0.0000
vt 0.4947 0.1449 0.0000
vt 0.4952 0.1449 0.0000
vt 0.4952 0.1390 0.0000
vt 0.4947 0.1390 0.0000
vt 0.2381 0.5265 0.0000
vt 0.2439 0.5265 0.0000
vt 0.2439 0.5260 0.0000
vt 0.4947 0.1758 0.0000
vt 0.4952 0.1758 0.0000
vt 0.4952 0.1699 0.0000
vt 0.4947 0.1699 0.0000
vt 0.2497 0.0033 0.0000
vt 0.2439 0.0032 0.0000
# 4052 texture coords

o modular_grid001
g modular_grid001
usemtl 01___Default
s off
f 1/1/1 2/2/2 3/3/3 4/4/4 
f 5/5/5 6/6/6 7/7/7 8/8/8 
f 9/9/9 10/10/10 11/11/11 12/12/12 
f 13/13/13 14/14/14 15/15/15 16/16/16 
f 17/17/17 18/18/18 19/19/19 20/20/20 
f 21/21/21 22/22/22 23/23/23 24/24/24 
f 21/25/21 25/26/25 26/27/26 22/28/22 
f 23/29/23 22/30/22 26/31/26 27/32/27 
f 28/33/28 1/1/1 29/34/29 30/35/30 
f 31/36/31 32/37/32 30/38/30 29/39/29 
f 28/40/28 30/41/30 32/42/32 33/43/33 
f 34/44/34 35/45/35 36/46/36 37/47/37 
f 36/48/36 35/49/35 16/16/16 38/50/38 
f 39/51/39 37/52/37 36/53/36 38/54/38 
f 40/55/40 41/56/41 42/57/42 9/9/9 
f 40/58/40 18/18/18 43/59/43 41/60/41 
f 42/61/42 41/62/41 43/63/43 44/64/44 
f 45/65/45 46/66/46 47/67/47 48/68/48 
f 46/69/46 45/70/45 49/71/49 50/72/50 
f 46/73/46 50/74/50 13/13/13 47/75/47 
f 51/76/51 52/77/52 53/78/53 54/79/54 
f 55/80/55 56/81/56 54/82/54 53/83/53 
f 54/84/54 56/85/56 57/86/57 51/87/51 
f 2/2/2 58/88/58 59/89/59 60/90/60 
f 58/91/58 61/92/61 62/93/62 59/94/59 
f 62/95/62 63/96/63 60/97/60 59/98/59 
f 10/10/10 64/99/64 65/100/65 66/101/66 
f 64/102/64 67/103/67 68/104/68 65/105/65 
f 65/106/65 68/107/68 6/6/6 66/108/66 
f 69/109/69 25/26/25 21/25/21 70/110/70 
f 71/111/71 70/112/70 21/21/21 24/24/24 
f 72/113/72 31/36/31 29/39/29 73/114/73 
f 1/1/1 4/4/4 73/115/73 29/34/29 
f 18/18/18 40/58/40 74/116/74 19/19/19 
f 9/9/9 12/12/12 74/117/74 40/55/40 
f 39/51/39 38/54/38 75/118/75 76/119/17 
f 16/16/16 15/15/15 75/120/75 38/50/38 
f 51/76/51 77/121/76 78/122/77 52/77/52 
f 57/86/57 79/123/78 77/124/76 51/87/51 
f 80/125/79 3/3/3 2/2/2 60/90/60 
f 60/97/60 63/96/63 81/126/80 80/127/79 
f 66/101/66 82/128/81 11/11/11 10/10/10 
f 82/129/81 66/108/66 6/6/6 5/5/5 
f 13/13/13 50/74/50 83/130/82 14/14/14 
f 83/131/82 50/72/50 49/71/49 84/132/7 
f 47/67/47 35/45/35 34/44/34 48/68/48 
f 16/16/16 35/49/35 47/75/47 13/13/13 
f 42/57/42 64/99/64 10/10/10 9/9/9 
f 64/102/64 42/61/42 44/64/44 67/103/67 
f 58/91/58 28/40/28 33/43/33 61/92/61 
f 2/2/2 1/1/1 28/33/28 58/88/58 
f 23/23/23 53/78/53 52/77/52 24/24/24 
f 53/83/53 23/29/23 27/32/27 55/80/55 
f 24/24/24 52/77/52 78/122/77 71/111/71 
f 85/133/71 86/134/77 48/68/48 34/44/34 
f 85/133/71 87/135/71 88/136/77 86/134/77 
f 89/137/77 88/136/77 87/135/71 90/138/71 
f 91/139/71 92/140/77 89/137/77 90/138/71 
f 93/141/71 94/142/77 92/140/77 91/139/71 
f 93/141/71 95/143/71 96/144/77 94/142/77 
f 95/143/71 97/145/71 98/146/77 96/144/77 
f 97/145/71 99/147/71 100/148/77 98/146/77 
f 101/149/77 100/148/77 99/147/71 102/150/71 
f 103/151/77 101/149/77 102/150/71 104/152/71 
f 105/153/71 106/154/77 103/151/77 104/152/71 
f 105/153/71 107/155/71 108/156/77 106/154/77 
f 109/157/71 110/158/77 108/156/77 107/155/71 
f 109/157/71 111/159/71 112/160/77 110/158/77 
f 111/159/71 113/161/71 114/162/77 112/160/77 
f 115/163/71 116/164/77 114/162/77 113/161/71 
f 117/165/71 118/166/77 116/164/77 115/163/71 
f 119/167/71 120/168/77 118/166/77 117/165/71 
f 119/167/71 71/111/71 78/122/77 120/168/77 
f 62/95/62 121/169/81 122/170/5 63/96/63 
f 121/169/81 123/171/81 124/172/5 122/170/5 
f 125/173/81 126/174/5 124/172/5 123/171/81 
f 127/175/5 126/174/5 125/173/81 128/176/81 
f 129/177/81 130/178/5 127/175/5 128/176/81 
f 129/177/81 131/179/81 132/180/5 130/178/5 
f 132/180/5 131/179/81 133/181/81 134/182/5 
f 135/183/81 136/184/5 134/182/5 133/181/81 
f 135/183/81 137/185/81 138/186/5 136/184/5 
f 139/187/81 140/188/5 138/186/5 137/185/81 
f 140/188/5 139/187/81 141/189/81 142/190/5 
f 142/190/5 141/189/81 143/191/81 144/192/5 
f 145/193/5 144/192/5 143/191/81 146/194/81 
f 145/193/5 146/194/81 147/195/81 148/196/5 
f 148/196/5 147/195/81 149/197/81 150/198/5 
f 151/199/5 150/198/5 149/197/81 152/200/81 
f 153/201/5 151/199/5 152/200/81 154/202/81 
f 155/203/5 153/201/5 154/202/81 156/204/81 
f 82/129/81 5/5/5 155/203/5 156/204/81 
f 157/205/11 121/206/81 62/93/62 61/92/61 
f 157/205/11 158/207/11 123/208/81 121/206/81 
f 123/208/81 158/207/11 159/209/11 125/210/81 
f 128/211/81 125/210/81 159/209/11 160/212/11 
f 128/211/81 160/212/11 161/213/11 129/214/81 
f 162/215/11 131/216/81 129/214/81 161/213/11 
f 131/216/81 162/215/11 163/217/11 133/218/81 
f 135/219/81 133/218/81 163/217/11 164/220/11 
f 135/219/81 164/220/11 165/221/11 137/222/81 
f 137/222/81 165/221/11 166/223/11 139/224/81 
f 166/223/11 167/225/11 141/226/81 139/224/81 
f 143/227/81 141/226/81 167/225/11 168/228/11 
f 168/228/11 169/229/11 146/230/81 143/227/81 
f 146/230/81 169/229/11 170/231/11 147/232/81 
f 170/231/11 171/233/11 149/234/81 147/232/81 
f 152/235/81 149/234/81 171/233/11 172/236/11 
f 173/237/11 154/238/81 152/235/81 172/236/11 
f 173/237/11 174/239/11 156/240/81 154/238/81 
f 82/128/81 156/240/81 174/239/11 11/11/11 
f 45/70/45 175/241/76 176/242/78 49/71/49 
f 176/242/78 175/241/76 177/243/76 178/244/78 
f 179/245/78 178/244/78 177/243/76 180/246/76 
f 179/245/78 180/246/76 181/247/76 182/248/78 
f 183/249/78 182/248/78 181/247/76 184/250/76 
f 185/251/76 186/252/78 183/249/78 184/250/76 
f 187/253/78 186/252/78 185/251/76 188/254/76 
f 189/255/76 190/256/78 187/253/78 188/254/76 
f 191/257/78 190/256/78 189/255/76 192/258/76 
f 192/258/76 193/259/76 194/260/78 191/257/78 
f 194/260/78 193/259/76 195/261/76 196/262/78 
f 196/262/78 195/261/76 197/263/76 198/264/78 
f 199/265/78 198/264/78 197/263/76 200/266/76 
f 201/267/78 199/265/78 200/266/76 202/268/76 
f 201/267/78 202/268/76 203/269/76 204/270/78 
f 205/271/78 204/270/78 203/269/76 206/272/76 
f 205/271/78 206/272/76 207/273/76 208/274/78 
f 209/275/76 210/276/78 208/274/78 207/273/76 
f 79/123/78 210/276/78 209/275/76 77/124/76 
f 48/68/48 86/134/77 175/277/76 45/65/45 
f 177/278/76 175/277/76 86/134/77 88/136/77 
f 89/137/77 180/279/76 177/278/76 88/136/77 
f 181/280/76 180/279/76 89/137/77 92/140/77 
f 184/281/76 181/280/76 92/140/77 94/142/77 
f 94/142/77 96/144/77 185/282/76 184/281/76 
f 96/144/77 98/146/77 188/283/76 185/282/76 
f 188/283/76 98/146/77 100/148/77 189/284/76 
f 192/285/76 189/284/76 100/148/77 101/149/77 
f 101/149/77 103/151/77 193/286/76 192/285/76 
f 193/286/76 103/151/77 106/154/77 195/287/76 
f 108/156/77 197/288/76 195/287/76 106/154/77 
f 108/156/77 110/158/77 200/289/76 197/288/76 
f 200/289/76 110/158/77 112/160/77 202/290/76 
f 203/291/76 202/290/76 112/160/77 114/162/77 
f 203/291/76 114/162/77 116/164/77 206/292/76 
f 206/292/76 116/164/77 118/166/77 207/293/76 
f 207/293/76 118/166/77 120/168/77 209/294/76 
f 209/294/76 120/168/77 78/122/77 77/121/76 
f 33/43/33 32/42/32 211/295/74 212/296/12 
f 213/297/74 214/298/12 212/296/12 211/295/74 
f 214/298/12 213/297/74 215/299/74 216/300/12 
f 217/301/74 218/302/12 216/300/12 215/299/74 
f 219/303/12 218/302/12 217/301/74 220/304/74 
f 220/304/74 221/305/74 222/306/12 219/303/12 
f 223/307/74 224/308/12 222/306/12 221/305/74 
f 223/307/74 225/309/74 226/310/12 224/308/12 
f 227/311/74 228/312/12 226/310/12 225/309/74 
f 229/313/12 228/312/12 227/311/74 230/314/74 
f 231/315/74 232/316/12 229/313/12 230/314/74 
f 233/317/74 234/318/12 232/316/12 231/315/74 
f 235/319/12 234/318/12 233/317/74 236/320/74 
f 235/319/12 236/320/74 237/321/74 238/322/12 
f 237/321/74 239/323/74 240/324/12 238/322/12 
f 241/325/12 240/324/12 239/323/74 242/326/74 
f 243/327/12 241/325/12 242/326/74 244/328/74 
f 245/329/74 246/330/12 243/327/12 244/328/74 
f 74/117/74 12/12/12 246/330/12 245/329/74 
f 32/37/32 31/36/31 247/331/19 211/332/74 
f 211/332/74 247/331/19 248/333/19 213/334/74 
f 248/333/19 249/335/19 215/336/74 213/334/74 
f 249/335/19 250/337/19 217/338/74 215/336/74 
f 251/339/19 220/340/74 217/338/74 250/337/19 
f 252/341/19 221/342/74 220/340/74 251/339/19 
f 223/343/74 221/342/74 252/341/19 253/344/19 
f 225/345/74 223/343/74 253/344/19 254/346/19 
f 227/347/74 225/345/74 254/346/19 255/348/19 
f 230/349/74 227/347/74 255/348/19 256/350/19 
f 231/351/74 230/349/74 256/350/19 257/352/19 
f 233/353/74 231/351/74 257/352/19 258/354/19 
f 233/353/74 258/354/19 259/355/19 236/356/74 
f 237/357/74 236/356/74 259/355/19 260/358/19 
f 261/359/19 239/360/74 237/357/74 260/358/19 
f 261/359/19 262/361/19 242/362/74 239/360/74 
f 262/361/19 263/363/19 244/364/74 242/362/74 
f 245/365/74 244/364/74 263/363/19 264/366/19 
f 264/366/19 19/19/19 74/116/74 245/365/74 
f 85/133/71 34/44/34 37/47/37 265/367/70 
f 265/367/70 266/368/70 87/135/71 85/133/71 
f 87/135/71 266/368/70 267/369/70 90/138/71 
f 91/139/71 90/138/71 267/369/70 268/370/70 
f 91/139/71 268/370/70 269/371/70 93/141/71 
f 93/141/71 269/371/70 270/372/70 95/143/71 
f 97/145/71 95/143/71 270/372/70 271/373/70 
f 99/147/71 97/145/71 271/373/70 272/374/70 
f 99/147/71 272/374/70 273/375/70 102/150/71 
f 104/152/71 102/150/71 273/375/70 274/376/70 
f 275/377/70 105/153/71 104/152/71 274/376/70 
f 107/155/71 105/153/71 275/377/70 276/378/70 
f 109/157/71 107/155/71 276/378/70 277/379/70 
f 278/380/70 111/159/71 109/157/71 277/379/70 
f 111/159/71 278/380/70 279/381/70 113/161/71 
f 115/163/71 113/161/71 279/381/70 280/382/70 
f 115/163/71 280/382/70 281/383/70 117/165/71 
f 281/383/70 282/384/70 119/167/71 117/165/71 
f 282/384/70 70/112/70 71/111/71 119/167/71 
f 265/385/70 37/52/37 39/51/39 283/386/69 
f 283/386/69 284/387/69 266/388/70 265/385/70 
f 285/389/69 267/390/70 266/388/70 284/387/69 
f 286/391/69 268/392/70 267/390/70 285/389/69 
f 287/393/69 269/394/70 268/392/70 286/391/69 
f 270/395/70 269/394/70 287/393/69 288/396/69 
f 289/397/69 271/398/70 270/395/70 288/396/69 
f 289/397/69 290/399/69 272/400/70 271/398/70 
f 291/401/69 273/402/70 272/400/70 290/399/69 
f 274/403/70 273/402/70 291/401/69 292/404/69 
f 293/405/69 275/406/70 274/403/70 292/404/69 
f 294/407/69 276/408/70 275/406/70 293/405/69 
f 294/407/69 295/409/69 277/410/70 276/408/70 
f 296/411/69 278/412/70 277/410/70 295/409/69 
f 279/413/70 278/412/70 296/411/69 297/414/69 
f 280/415/70 279/413/70 297/414/69 298/416/69 
f 299/417/69 281/418/70 280/415/70 298/416/69 
f 282/419/70 281/418/70 299/417/69 300/420/69 
f 300/420/69 69/109/69 70/110/70 282/419/70 
f 72/113/72 301/421/83 247/331/19 31/36/31 
f 302/422/83 248/333/19 247/331/19 301/421/83 
f 303/423/83 249/335/19 248/333/19 302/422/83 
f 249/335/19 303/423/83 304/424/20 250/337/19 
f 305/425/20 251/339/19 250/337/19 304/424/20 
f 252/341/19 251/339/19 305/425/20 306/426/20 
f 307/427/20 253/344/19 252/341/19 306/426/20 
f 254/346/19 253/344/19 307/427/20 308/428/20 
f 254/346/19 308/428/20 309/429/20 255/348/19 
f 309/429/20 310/430/20 256/350/19 255/348/19 
f 310/430/20 311/431/20 257/352/19 256/350/19 
f 311/431/20 312/432/20 258/354/19 257/352/19 
f 313/433/20 259/355/19 258/354/19 312/432/20 
f 260/358/19 259/355/19 313/433/20 314/434/20 
f 261/359/19 260/358/19 314/434/20 315/435/20 
f 316/436/20 262/361/19 261/359/19 315/435/20 
f 316/436/20 317/437/20 263/363/19 262/361/19 
f 263/363/19 317/437/20 318/438/20 264/366/19 
f 264/366/19 318/438/20 20/20/20 19/19/19 
f 157/205/11 61/92/61 33/43/33 212/296/12 
f 158/207/11 157/205/11 212/296/12 214/298/12 
f 158/207/11 214/298/12 216/300/12 159/209/11 
f 160/212/11 159/209/11 216/300/12 218/302/12 
f 218/302/12 219/303/12 161/213/11 160/212/11 
f 161/213/11 219/303/12 222/306/12 162/215/11 
f 162/215/11 222/306/12 224/308/12 163/217/11 
f 164/220/11 163/217/11 224/308/12 226/310/12 
f 226/310/12 228/312/12 165/221/11 164/220/11 
f 229/313/12 166/223/11 165/221/11 228/312/12 
f 229/313/12 232/316/12 167/225/11 166/223/11 
f 167/225/11 232/316/12 234/318/12 168/228/11 
f 235/319/12 169/229/11 168/228/11 234/318/12 
f 235/319/12 238/322/12 170/231/11 169/229/11 
f 240/324/12 171/233/11 170/231/11 238/322/12 
f 171/233/11 240/324/12 241/325/12 172/236/11 
f 172/236/11 241/325/12 243/327/12 173/237/11 
f 173/237/11 243/327/12 246/330/12 174/239/11 
f 11/11/11 174/239/11 246/330/12 12/12/12 
f 122/170/5 319/439/8 81/126/80 63/96/63 
f 122/170/5 124/172/5 320/440/8 319/439/8 
f 320/440/8 124/172/5 126/174/5 321/441/8 
f 322/442/84 321/441/8 126/174/5 127/175/5 
f 130/178/5 323/443/84 322/442/84 127/175/5 
f 130/178/5 132/180/5 324/444/84 323/443/84 
f 134/182/5 325/445/84 324/444/84 132/180/5 
f 134/182/5 136/184/5 326/446/84 325/445/84 
f 327/447/84 326/446/84 136/184/5 138/186/5 
f 140/188/5 328/448/84 327/447/84 138/186/5 
f 328/448/84 140/188/5 142/190/5 329/449/84 
f 142/190/5 144/192/5 330/450/84 329/449/84 
f 330/450/84 144/192/5 145/193/5 331/451/84 
f 331/451/84 145/193/5 148/196/5 332/452/84 
f 332/452/84 148/196/5 150/198/5 333/453/84 
f 334/454/84 333/453/84 150/198/5 151/199/5 
f 334/454/84 151/199/5 153/201/5 335/455/84 
f 336/456/8 335/455/84 153/201/5 155/203/5 
f 155/203/5 5/5/5 8/8/8 336/456/8 
f 176/242/78 178/244/78 337/457/84 338/458/8 
f 339/459/8 338/458/8 337/457/84 340/460/84 
f 8/8/8 339/459/8 340/460/84 336/456/8 
f 178/244/78 179/245/78 341/461/84 337/457/84 
f 341/461/84 342/462/84 340/460/84 337/457/84 
f 335/455/84 336/456/8 340/460/84 342/462/84 
f 182/248/78 343/463/84 341/461/84 179/245/78 
f 344/464/84 342/462/84 341/461/84 343/463/84 
f 342/462/84 344/464/84 334/454/84 335/455/84 
f 183/249/78 345/465/84 343/463/84 182/248/78 
f 344/464/84 343/463/84 345/465/84 346/466/84 
f 344/464/84 346/466/84 333/453/84 334/454/84 
f 345/465/84 183/249/78 186/252/78 347/467/84 
f 346/466/84 345/465/84 347/467/84 348/468/84 
f 332/452/84 333/453/84 346/466/84 348/468/84 
f 187/253/78 349/469/84 347/467/84 186/252/78 
f 350/470/84 348/468/84 347/467/84 349/469/84 
f 331/451/84 332/452/84 348/468/84 350/470/84 
f 190/256/78 351/471/84 349/469/84 187/253/78 
f 351/471/84 352/472/84 350/470/84 349/469/84 
f 330/450/84 331/451/84 350/470/84 352/472/84 
f 353/473/84 351/471/84 190/256/78 191/257/78 
f 351/471/84 353/473/84 354/474/84 352/472/84 
f 354/474/84 329/449/84 330/450/84 352/472/84 
f 355/475/84 353/473/84 191/257/78 194/260/78 
f 355/475/84 356/476/84 354/474/84 353/473/84 
f 328/448/84 329/449/84 354/474/84 356/476/84 
f 194/260/78 196/262/78 357/477/84 355/475/84 
f 358/478/84 356/476/84 355/475/84 357/477/84 
f 358/478/84 327/447/84 328/448/84 356/476/84 
f 198/264/78 359/479/84 357/477/84 196/262/78 
f 357/477/84 359/479/84 360/480/84 358/478/84 
f 360/480/84 326/446/84 327/447/84 358/478/84 
f 359/479/84 198/264/78 199/265/78 361/481/84 
f 359/479/84 361/481/84 362/482/84 360/480/84 
f 362/482/84 325/445/84 326/446/84 360/480/84 
f 361/481/84 199/265/78 201/267/78 363/483/84 
f 364/484/84 362/482/84 361/481/84 363/483/84 
f 362/482/84 364/484/84 324/444/84 325/445/84 
f 365/485/84 363/483/84 201/267/78 204/270/78 
f 363/483/84 365/485/84 366/486/84 364/484/84 
f 366/486/84 323/443/84 324/444/84 364/484/84 
f 365/485/84 204/270/78 205/271/78 367/487/84 
f 366/486/84 365/485/84 367/487/84 368/488/84 
f 366/486/84 368/488/84 322/442/84 323/443/84 
f 367/487/84 205/271/78 208/274/78 369/489/8 
f 369/489/8 370/490/8 368/488/84 367/487/84 
f 322/442/84 368/488/84 370/490/8 321/441/8 
f 210/276/78 371/491/8 369/489/8 208/274/78 
f 370/490/8 369/489/8 371/491/8 372/492/8 
f 320/440/8 321/441/8 370/490/8 372/492/8 
f 373/493/84 371/491/8 210/276/78 79/123/78 
f 372/492/8 371/491/8 373/493/84 374/494/8 
f 374/494/8 319/439/8 320/440/8 372/492/8 
f 375/495/85 373/493/84 79/123/78 57/86/57 
f 373/493/84 375/495/85 376/496/85 374/494/8 
f 319/439/8 374/494/8 376/496/85 81/126/80 
f 377/497/20 284/387/69 283/386/69 378/498/20 
f 379/499/20 380/500/20 377/497/20 378/498/20 
f 379/499/20 20/20/20 318/438/20 380/500/20 
f 285/389/69 284/387/69 377/497/20 381/501/20 
f 380/500/20 382/502/20 381/501/20 377/497/20 
f 382/502/20 380/500/20 318/438/20 317/437/20 
f 286/391/69 285/389/69 381/501/20 383/503/20 
f 383/503/20 381/501/20 382/502/20 384/504/20 
f 382/502/20 317/437/20 316/436/20 384/504/20 
f 286/391/69 383/503/20 385/505/20 287/393/69 
f 385/505/20 383/503/20 384/504/20 386/506/20 
f 386/506/20 384/504/20 316/436/20 315/435/20 
f 385/505/20 387/507/20 288/396/69 287/393/69 
f 387/507/20 385/505/20 386/506/20 388/508/20 
f 386/506/20 315/435/20 314/434/20 388/508/20 
f 289/397/69 288/396/69 387/507/20 389/509/20 
f 388/508/20 390/510/20 389/509/20 387/507/20 
f 390/510/20 388/508/20 314/434/20 313/433/20 
f 289/397/69 389/509/20 391/511/20 290/399/69 
f 392/512/20 391/511/20 389/509/20 390/510/20 
f 390/510/20 313/433/20 312/432/20 392/512/20 
f 393/513/20 291/401/69 290/399/69 391/511/20 
f 393/513/20 391/511/20 392/512/20 394/514/20 
f 312/432/20 311/431/20 394/514/20 392/512/20 
f 292/404/69 291/401/69 393/513/20 395/515/20 
f 394/514/20 396/516/20 395/515/20 393/513/20 
f 396/516/20 394/514/20 311/431/20 310/430/20 
f 293/405/69 292/404/69 395/515/20 397/517/20 
f 397/517/20 395/515/20 396/516/20 398/518/20 
f 396/516/20 310/430/20 309/429/20 398/518/20 
f 399/519/20 294/407/69 293/405/69 397/517/20 
f 398/518/20 400/520/20 399/519/20 397/517/20 
f 398/518/20 309/429/20 308/428/20 400/520/20 
f 294/407/69 399/519/20 401/521/20 295/409/69 
f 401/521/20 399/519/20 400/520/20 402/522/20 
f 400/520/20 308/428/20 307/427/20 402/522/20 
f 403/523/20 296/411/69 295/409/69 401/521/20 
f 402/522/20 404/524/20 403/523/20 401/521/20 
f 402/522/20 307/427/20 306/426/20 404/524/20 
f 403/523/20 405/525/20 297/414/69 296/411/69 
f 405/525/20 403/523/20 404/524/20 406/526/20 
f 404/524/20 306/426/20 305/425/20 406/526/20 
f 297/414/69 405/525/20 407/527/20 298/416/69 
f 408/528/20 407/527/20 405/525/20 406/526/20 
f 305/425/20 304/424/20 408/528/20 406/526/20 
f 299/417/69 298/416/69 407/527/20 409/529/83 
f 407/527/20 408/528/20 410/530/20 409/529/83 
f 408/528/20 304/424/20 303/423/83 410/530/20 
f 300/420/69 299/417/69 409/529/83 411/531/83 
f 411/531/83 409/529/83 410/530/20 412/532/83 
f 410/530/20 303/423/83 302/422/83 412/532/83 
f 413/533/83 69/109/69 300/420/69 411/531/83 
f 412/532/83 414/534/83 413/533/83 411/531/83 
f 414/534/83 412/532/83 302/422/83 301/421/83 
f 415/535/86 25/26/25 69/109/69 413/533/83 
f 415/535/86 413/533/83 414/534/83 416/536/86 
f 414/534/83 301/421/83 72/113/72 416/536/86 
f 68/107/68 417/537/82 7/7/7 6/6/6 
f 7/7/7 417/537/82 418/538/82 419/539/7 
f 418/538/82 83/131/82 84/132/7 419/539/7 
f 68/104/68 67/103/67 420/540/14 417/541/82 
f 421/542/14 418/543/82 417/541/82 420/540/14 
f 421/542/14 14/14/14 83/130/82 418/543/82 
f 56/85/56 422/544/79 375/495/85 57/86/57 
f 422/544/79 423/545/79 376/496/85 375/495/85 
f 423/545/79 80/127/79 81/126/80 376/496/85 
f 55/80/55 424/546/3 422/547/79 56/81/56 
f 422/547/79 424/546/3 425/548/3 423/549/79 
f 425/548/3 3/3/3 80/125/79 423/549/79 
f 44/64/44 43/63/43 426/550/75 427/551/15 
f 427/551/15 426/550/75 428/552/75 429/553/15 
f 15/15/15 429/553/15 428/552/75 75/120/75 
f 426/554/75 43/59/43 18/18/18 17/17/17 
f 17/17/17 430/555/17 428/556/75 426/554/75 
f 76/119/17 75/118/75 428/556/75 430/555/17 
f 26/31/26 431/557/73 432/558/4 27/32/27 
f 431/557/73 433/559/73 434/560/4 432/558/4 
f 73/115/73 4/4/4 434/560/4 433/559/73 
f 415/535/86 431/561/73 26/27/26 25/26/25 
f 433/562/73 431/561/73 415/535/86 416/536/86 
f 433/562/73 416/536/86 72/113/72 73/114/73 
f 76/119/17 378/498/20 283/386/69 39/51/39 
f 430/555/17 379/499/20 378/498/20 76/119/17 
f 20/20/20 379/499/20 430/555/17 17/17/17 
f 44/64/44 427/551/15 420/540/14 67/103/67 
f 420/540/14 427/551/15 429/553/15 421/542/14 
f 429/553/15 15/15/15 14/14/14 421/542/14 
f 84/132/7 49/71/49 176/242/78 338/458/8 
f 419/539/7 84/132/7 338/458/8 339/459/8 
f 339/459/8 8/8/8 7/7/7 419/539/7 
f 432/558/4 424/546/3 55/80/55 27/32/27 
f 425/548/3 424/546/3 432/558/4 434/560/4 
f 434/560/4 4/4/4 3/3/3 425/548/3 
f 435/563/87 436/564/88 437/565/89 438/566/90 
f 439/567/91 440/568/92 441/569/93 442/570/94 
f 443/571/95 435/563/87 438/566/90 
f 440/568/92 444/572/96 441/569/93 
f 445/573/97 446/574/98 447/575/99 
f 448/576/100 449/577/101 450/577/102 
f 445/573/97 447/575/99 451/578/103 452/579/104 
f 453/580/105 450/577/102 449/577/101 454/581/106 
f 444/572/96 440/568/92 455/582/107 456/583/108 
f 457/584/109 458/585/110 456/583/108 455/582/107 
f 459/586/111 458/585/110 457/584/109 460/587/112 
f 459/586/111 460/587/112 461/588/113 462/589/114 
f 463/590/115 464/591/116 462/589/114 461/588/113 
f 465/592/117 464/591/116 463/590/115 466/593/118 
f 467/594/119 468/595/120 449/577/101 448/576/100 
f 468/595/120 467/594/119 469/596/121 470/597/122 
f 470/597/122 469/596/121 471/598/123 472/599/124 
f 472/599/124 471/598/123 473/600/125 474/601/126 
f 475/602/127 474/601/126 473/600/125 476/603/128 
f 465/592/117 466/593/118 475/602/127 476/603/128 
f 477/604/129 444/572/96 456/583/108 478/605/130 
f 456/583/108 458/585/110 479/606/131 478/605/130 
f 459/586/111 480/607/132 479/606/131 458/585/110 
f 481/608/133 480/607/132 459/586/111 462/589/114 
f 462/589/114 464/591/116 482/609/134 481/608/133 
f 483/610/135 482/609/134 464/591/116 465/592/117 
f 484/611/136 467/594/119 448/576/100 485/612/137 
f 486/613/138 469/596/121 467/594/119 484/611/136 
f 487/614/139 471/598/123 469/596/121 486/613/138 
f 487/614/139 488/615/140 473/600/125 471/598/123 
f 488/615/140 489/616/141 476/603/128 473/600/125 
f 465/592/117 476/603/128 489/616/141 483/610/135 
f 477/604/129 478/605/130 490/617/142 491/618/143 
f 478/605/130 479/606/131 492/619/144 490/617/142 
f 479/606/131 480/607/132 493/620/145 492/619/144 
f 480/607/132 481/608/133 494/621/146 493/620/145 
f 494/621/146 481/608/133 482/609/134 495/622/147 
f 495/622/147 482/609/134 483/610/135 496/623/148 
f 497/624/149 498/625/150 484/611/136 485/612/137 
f 498/625/150 499/626/151 486/613/138 484/611/136 
f 500/627/152 487/614/139 486/613/138 499/626/151 
f 488/615/140 487/614/139 500/627/152 501/628/153 
f 502/629/154 489/616/141 488/615/140 501/628/153 
f 496/623/148 483/610/135 489/616/141 502/629/154 
f 503/630/155 504/631/156 491/618/143 490/617/142 
f 505/632/157 503/630/155 490/617/142 492/619/144 
f 505/632/157 492/619/144 493/620/145 506/633/158 
f 493/620/145 494/621/146 507/634/159 506/633/158 
f 508/635/160 507/634/159 494/621/146 495/622/147 
f 509/636/161 508/635/160 495/622/147 496/623/148 
f 498/625/150 497/624/149 510/637/162 511/638/163 
f 512/639/164 499/626/151 498/625/150 511/638/163 
f 512/639/164 513/640/165 500/627/152 499/626/151 
f 500/627/152 513/640/165 514/641/166 501/628/153 
f 514/641/166 515/642/167 502/629/154 501/628/153 
f 509/636/161 496/623/148 502/629/154 515/642/167 
f 516/643/168 504/631/156 503/630/155 517/644/169 
f 517/644/169 503/630/155 505/632/157 518/645/170 
f 506/633/158 519/646/171 518/645/170 505/632/157 
f 520/647/172 519/646/171 506/633/158 507/634/159 
f 507/634/159 508/635/160 521/648/173 520/647/172 
f 509/636/161 522/649/174 521/648/173 508/635/160 
f 523/650/175 524/651/176 511/638/163 510/637/162 
f 525/652/177 512/639/164 511/638/163 524/651/176 
f 513/640/165 512/639/164 525/652/177 526/653/178 
f 513/640/165 526/653/178 527/654/179 514/641/166 
f 528/655/180 515/642/167 514/641/166 527/654/179 
f 522/649/174 509/636/161 515/642/167 528/655/180 
f 516/643/168 517/644/169 529/656/181 530/657/182 
f 518/645/170 531/658/183 529/656/181 517/644/169 
f 532/659/184 531/658/183 518/645/170 519/646/171 
f 519/646/171 520/647/172 533/660/185 532/659/184 
f 520/647/172 521/648/173 534/661/186 533/660/185 
f 521/648/173 522/649/174 535/662/187 534/661/186 
f 445/573/97 536/663/188 537/664/189 446/574/98 
f 536/663/188 538/665/190 539/666/191 537/664/189 
f 539/666/191 538/665/190 540/667/192 541/668/193 
f 542/669/194 543/670/195 541/668/193 540/667/192 
f 543/670/195 542/669/194 544/671/196 545/672/197 
f 544/671/196 546/673/198 547/674/199 545/672/197 
f 548/675/200 435/563/87 443/571/95 549/676/201 
f 550/677/202 551/678/203 548/675/200 549/676/201 
f 551/678/203 550/677/202 552/679/204 553/680/205 
f 554/681/206 553/680/205 552/679/204 555/682/207 
f 556/683/208 557/684/209 554/681/206 555/682/207 
f 556/683/208 547/674/199 546/673/198 557/684/209 
f 558/685/210 446/574/98 537/664/189 559/686/211 
f 559/686/211 537/664/189 539/666/191 560/687/212 
f 539/666/191 541/668/193 561/688/213 560/687/212 
f 543/670/195 562/689/214 561/688/213 541/668/193 
f 543/670/195 545/672/197 563/690/215 562/689/214 
f 564/691/216 563/690/215 545/672/197 547/674/199 
f 565/692/217 549/676/201 443/571/95 566/693/218 
f 565/692/217 567/694/219 550/677/202 549/676/201 
f 550/677/202 567/694/219 568/695/220 552/679/204 
f 568/695/220 569/696/221 555/682/207 552/679/204 
f 570/697/222 556/683/208 555/682/207 569/696/221 
f 556/683/208 570/697/222 564/691/216 547/674/199 
f 571/698/223 572/699/224 558/685/210 559/686/211 
f 559/686/211 560/687/212 573/700/225 571/698/223 
f 561/688/213 574/701/226 573/700/225 560/687/212 
f 561/688/213 562/689/214 575/702/227 574/701/226 
f 562/689/214 563/690/215 576/703/228 575/702/227 
f 564/691/216 577/704/229 576/703/228 563/690/215 
f 578/705/230 579/706/231 565/692/217 566/693/218 
f 579/706/231 580/707/232 567/694/219 565/692/217 
f 567/694/219 580/707/232 581/708/233 568/695/220 
f 582/709/234 569/696/221 568/695/220 581/708/233 
f 570/697/222 569/696/221 582/709/234 583/710/235 
f 583/710/235 577/704/229 564/691/216 570/697/222 
f 571/698/223 584/711/236 585/712/237 572/699/224 
f 584/711/236 571/698/223 573/700/225 586/713/238 
f 587/714/239 586/713/238 573/700/225 574/701/226 
f 587/714/239 574/701/226 575/702/227 588/715/240 
f 576/703/228 589/716/241 588/715/240 575/702/227 
f 576/703/228 577/704/229 590/717/242 589/716/241 
f 578/705/230 591/718/243 592/719/244 579/706/231 
f 579/706/231 592/719/244 593/720/245 580/707/232 
f 594/721/246 581/708/233 580/707/232 593/720/245 
f 582/709/234 581/708/233 594/721/246 595/722/247 
f 595/722/247 596/723/248 583/710/235 582/709/234 
f 583/710/235 596/723/248 590/717/242 577/704/229 
f 585/712/237 584/711/236 597/724/249 598/725/250 
f 586/713/238 599/726/251 597/724/249 584/711/236 
f 587/714/239 600/727/252 599/726/251 586/713/238 
f 588/715/240 601/728/253 600/727/252 587/714/239 
f 588/715/240 589/716/241 602/729/254 601/728/253 
f 589/716/241 590/717/242 603/730/255 602/729/254 
f 592/719/244 591/718/243 604/731/256 605/732/257 
f 606/733/258 593/720/245 592/719/244 605/732/257 
f 607/734/259 594/721/246 593/720/245 606/733/258 
f 608/735/260 595/722/247 594/721/246 607/734/259 
f 609/736/261 596/723/248 595/722/247 608/735/260 
f 603/730/255 590/717/242 596/723/248 609/736/261 
f 610/737/262 598/725/250 597/724/249 611/738/263 
f 599/726/251 612/739/264 611/738/263 597/724/249 
f 613/740/265 612/739/264 599/726/251 600/727/252 
f 601/728/253 614/741/266 613/740/265 600/727/252 
f 601/728/253 602/729/254 615/742/267 614/741/266 
f 603/730/255 535/662/187 615/742/267 602/729/254 
f 616/743/268 536/663/188 445/573/97 452/579/104 
f 536/663/188 616/743/268 617/744/269 538/665/190 
f 540/667/192 538/665/190 617/744/269 618/745/270 
f 540/667/192 618/745/270 619/746/271 542/669/194 
f 619/746/271 620/747/272 544/671/196 542/669/194 
f 621/748/273 546/673/198 544/671/196 620/747/272 
f 436/564/88 435/563/87 548/675/200 622/749/274 
f 548/675/200 551/678/203 623/750/275 622/749/274 
f 624/751/276 623/750/275 551/678/203 553/680/205 
f 625/752/277 624/751/276 553/680/205 554/681/206 
f 557/684/209 626/753/278 625/752/277 554/681/206 
f 546/673/198 621/748/273 626/753/278 557/684/209 
f 440/568/92 439/567/91 627/754/279 455/582/107 
f 455/582/107 627/754/279 628/755/280 457/584/109 
f 629/756/281 460/587/112 457/584/109 628/755/280 
f 630/757/282 461/588/113 460/587/112 629/756/281 
f 461/588/113 630/757/282 631/758/283 463/590/115 
f 463/590/115 631/758/283 632/759/284 466/593/118 
f 449/577/101 468/595/120 633/760/285 454/581/106 
f 634/761/286 633/760/285 468/595/120 470/597/122 
f 634/761/286 470/597/122 472/599/124 635/762/287 
f 474/601/126 636/763/288 635/762/287 472/599/124 
f 637/764/289 636/763/288 474/601/126 475/602/127 
f 466/593/118 632/759/284 637/764/289 475/602/127 
f 638/765/290 639/766/291 640/767/292 641/768/293 
f 639/766/291 642/769/294 643/770/295 640/767/292 
f 644/771/296 643/770/295 642/769/294 645/772/297 
f 646/773/298 647/774/299 644/771/296 645/772/297 
f 648/775/300 649/776/301 647/774/299 646/773/298 
f 441/569/93 444/572/96 649/776/301 648/775/300 
f 650/777/302 651/778/303 638/779/290 641/780/293 
f 652/781/304 653/782/305 651/778/303 650/777/302 
f 652/781/304 654/783/306 655/784/307 653/782/305 
f 656/785/308 655/784/307 654/783/306 657/786/309 
f 656/785/308 657/786/309 658/787/310 659/788/311 
f 448/576/100 450/577/102 659/788/311 658/787/310 
f 660/789/312 641/768/293 640/767/292 661/790/313 
f 661/790/313 640/767/292 643/770/295 662/791/314 
f 644/771/296 663/792/315 662/791/314 643/770/295 
f 663/792/315 644/771/296 647/774/299 664/793/316 
f 665/794/317 664/793/316 647/774/299 649/776/301 
f 444/572/96 477/604/129 665/794/317 649/776/301 
f 666/795/318 650/777/302 641/780/293 660/796/312 
f 666/795/318 667/797/319 652/781/304 650/777/302 
f 668/798/320 654/783/306 652/781/304 667/797/319 
f 668/798/320 669/799/321 657/786/309 654/783/306 
f 657/786/309 669/799/321 670/800/322 658/787/310 
f 485/612/137 448/576/100 658/787/310 670/800/322 
f 660/789/312 661/790/313 671/801/323 672/802/324 
f 671/801/323 661/790/313 662/791/314 673/803/325 
f 662/791/314 663/792/315 674/804/326 673/803/325 
f 663/792/315 664/793/316 675/805/327 674/804/326 
f 675/805/327 664/793/316 665/794/317 676/806/328 
f 676/806/328 665/794/317 477/604/129 491/618/143 
f 660/796/312 672/807/324 677/808/329 666/795/318 
f 667/797/319 666/795/318 677/808/329 678/809/330 
f 668/798/320 667/797/319 678/809/330 679/810/331 
f 669/799/321 668/798/320 679/810/331 680/811/332 
f 669/799/321 680/811/332 681/812/333 670/800/322 
f 485/612/137 670/800/322 681/812/333 497/624/149 
f 682/813/334 683/814/335 672/802/324 671/801/323 
f 673/803/325 684/815/336 682/813/334 671/801/323 
f 674/804/326 685/816/337 684/815/336 673/803/325 
f 675/805/327 686/817/338 685/816/337 674/804/326 
f 686/817/338 675/805/327 676/806/328 687/818/339 
f 491/618/143 504/631/156 687/818/339 676/806/328 
f 677/808/329 672/807/324 683/819/335 688/820/340 
f 678/809/330 677/808/329 688/820/340 689/821/341 
f 678/809/330 689/821/341 690/822/342 679/810/331 
f 691/823/343 680/811/332 679/810/331 690/822/342 
f 680/811/332 691/823/343 692/824/344 681/812/333 
f 692/824/344 510/637/162 497/624/149 681/812/333 
f 693/825/345 683/814/335 682/813/334 694/826/346 
f 695/827/347 694/826/346 682/813/334 684/815/336 
f 696/828/348 695/827/347 684/815/336 685/816/337 
f 696/828/348 685/816/337 686/817/338 697/829/349 
f 697/829/349 686/817/338 687/818/339 698/830/350 
f 504/631/156 516/643/168 698/830/350 687/818/339 
f 693/831/345 699/832/351 688/820/340 683/819/335 
f 689/821/341 688/820/340 699/832/351 700/833/352 
f 689/821/341 700/833/352 701/834/353 690/822/342 
f 690/822/342 701/834/353 702/835/354 691/823/343 
f 691/823/343 702/835/354 703/836/355 692/824/344 
f 703/836/355 523/650/175 510/637/162 692/824/344 
f 704/837/356 693/825/345 694/826/346 705/838/357 
f 694/826/346 695/827/347 706/839/358 705/838/357 
f 707/840/359 706/839/358 695/827/347 696/828/348 
f 697/829/349 708/841/360 707/840/359 696/828/348 
f 709/842/361 708/841/360 697/829/349 698/830/350 
f 530/657/182 709/842/361 698/830/350 516/643/168 
f 710/843/362 699/832/351 693/831/345 704/844/356 
f 700/833/352 699/832/351 710/843/362 711/845/363 
f 712/846/364 701/834/353 700/833/352 711/845/363 
f 713/847/365 702/835/354 701/834/353 712/846/364 
f 702/835/354 713/847/365 714/848/366 703/836/355 
f 610/737/262 523/650/175 703/836/355 714/848/366 
f 715/849/367 716/850/368 717/851/369 718/852/370 
f 719/853/371 720/854/372 718/852/370 717/851/369 
f 721/855/373 722/856/374 720/854/372 719/853/371 
f 723/857/375 722/856/374 721/855/373 724/858/376 
f 725/859/377 726/860/378 723/857/375 724/858/376 
f 447/575/99 446/574/98 726/860/378 725/859/377 
f 715/861/367 727/862/379 728/863/380 716/864/368 
f 728/863/380 727/862/379 729/865/381 730/866/382 
f 731/867/383 732/868/384 730/866/382 729/865/381 
f 733/869/385 734/870/386 732/868/384 731/867/383 
f 733/869/385 735/871/387 736/872/388 734/870/386 
f 736/872/388 735/871/387 443/571/95 438/566/90 
f 718/852/370 737/873/389 738/874/390 715/849/367 
f 737/873/389 718/852/370 720/854/372 739/875/391 
f 740/876/392 739/875/391 720/854/372 722/856/374 
f 722/856/374 723/857/375 741/877/393 740/876/392 
f 741/877/393 723/857/375 726/860/378 742/878/394 
f 446/574/98 558/685/210 742/878/394 726/860/378 
f 743/879/395 727/862/379 715/861/367 738/880/390 
f 744/881/396 729/865/381 727/862/379 743/879/395 
f 744/881/396 745/882/397 731/867/383 729/865/381 
f 731/867/383 745/882/397 746/883/398 733/869/385 
f 735/871/387 733/869/385 746/883/398 747/884/399 
f 566/693/218 443/571/95 735/871/387 747/884/399 
f 748/885/400 738/874/390 737/873/389 749/886/401 
f 749/886/401 737/873/389 739/875/391 750/887/402 
f 740/876/392 751/888/403 750/887/402 739/875/391 
f 752/889/404 751/888/403 740/876/392 741/877/393 
f 741/877/393 742/878/394 753/890/405 752/889/404 
f 742/878/394 558/685/210 572/699/224 753/890/405 
f 748/891/400 754/892/406 743/879/395 738/880/390 
f 755/893/407 744/881/396 743/879/395 754/892/406 
f 744/881/396 755/893/407 756/894/408 745/882/397 
f 756/894/408 757/895/409 746/883/398 745/882/397 
f 757/895/409 758/896/410 747/884/399 746/883/398 
f 747/884/399 758/896/410 578/705/230 566/693/218 
f 748/885/400 749/886/401 759/897/411 760/898/412 
f 749/886/401 750/887/402 761/899/413 759/897/411 
f 750/887/402 751/888/403 762/900/414 761/899/413 
f 763/901/415 762/900/414 751/888/403 752/889/404 
f 752/889/404 753/890/405 764/902/416 763/901/415 
f 585/712/237 764/902/416 753/890/405 572/699/224 
f 748/891/400 760/903/412 765/904/417 754/892/406 
f 765/904/417 766/905/418 755/893/407 754/892/406 
f 767/906/419 756/894/408 755/893/407 766/905/418 
f 767/906/419 768/907/420 757/895/409 756/894/408 
f 768/907/420 769/908/421 758/896/410 757/895/409 
f 769/908/421 591/718/243 578/705/230 758/896/410 
f 770/909/422 760/898/412 759/897/411 771/910/423 
f 759/897/411 761/899/413 772/911/424 771/910/423 
f 761/899/413 762/900/414 773/912/425 772/911/424 
f 762/900/414 763/901/415 774/913/426 773/912/425 
f 775/914/427 774/913/426 763/901/415 764/902/416 
f 775/914/427 764/902/416 585/712/237 598/725/250 
f 770/915/422 776/916/428 765/904/417 760/903/412 
f 765/904/417 776/916/428 777/917/429 766/905/418 
f 777/917/429 778/918/430 767/906/419 766/905/418 
f 779/919/431 768/907/420 767/906/419 778/918/430 
f 779/919/431 780/920/432 769/908/421 768/907/420 
f 769/908/421 780/920/432 604/731/256 591/718/243 
f 781/921/433 782/922/434 717/851/369 716/850/368 
f 717/851/369 782/922/434 783/923/435 719/853/371 
f 719/853/371 783/923/435 784/924/436 721/855/373 
f 721/855/373 784/924/436 785/925/437 724/858/376 
f 724/858/376 785/925/437 786/926/438 725/859/377 
f 447/575/99 725/859/377 786/926/438 451/578/103 
f 787/927/439 781/928/433 716/864/368 728/863/380 
f 728/863/380 730/866/382 788/929/440 787/927/439 
f 732/868/384 789/930/441 788/929/440 730/866/382 
f 734/870/386 790/931/442 789/930/441 732/868/384 
f 736/872/388 791/932/443 790/931/442 734/870/386 
f 736/872/388 438/566/90 437/565/89 791/932/443 
f 792/933/444 639/766/291 638/765/290 793/934/273 
f 794/935/445 642/769/294 639/766/291 792/933/444 
f 795/936/446 645/772/297 642/769/294 794/935/445 
f 795/936/446 796/937/447 646/773/298 645/772/297 
f 646/773/298 796/937/447 797/938/448 648/775/300 
f 648/775/300 797/938/448 442/570/94 441/569/93 
f 793/939/273 638/779/290 651/778/303 798/940/449 
f 798/940/449 651/778/303 653/782/305 799/941/450 
f 799/941/450 653/782/305 655/784/307 800/942/451 
f 655/784/307 656/785/308 801/943/452 800/942/451 
f 801/943/452 656/785/308 659/788/311 802/944/453 
f 453/580/105 802/944/453 659/788/311 450/577/102 
f 523/650/175 610/737/262 611/738/263 524/651/176 
f 524/651/176 611/738/263 612/739/264 525/652/177 
f 526/653/178 525/652/177 612/739/264 613/740/265 
f 526/653/178 613/740/265 614/741/266 527/654/179 
f 615/742/267 528/655/180 527/654/179 614/741/266 
f 528/655/180 615/742/267 535/662/187 522/649/174 
f 604/731/256 530/657/182 529/656/181 605/732/257 
f 529/656/181 531/658/183 606/733/258 605/732/257 
f 606/733/258 531/658/183 532/659/184 607/734/259 
f 532/659/184 533/660/185 608/735/260 607/734/259 
f 533/660/185 534/661/186 609/736/261 608/735/260 
f 535/662/187 603/730/255 609/736/261 534/661/186 
f 710/843/362 704/844/356 770/909/422 771/910/423 
f 710/843/362 771/910/423 772/911/424 711/845/363 
f 772/911/424 773/912/425 712/846/364 711/845/363 
f 773/912/425 774/913/426 713/847/365 712/846/364 
f 713/847/365 774/913/426 775/914/427 714/848/366 
f 598/725/250 610/737/262 714/848/366 775/914/427 
f 705/838/357 776/916/428 770/915/422 704/837/356 
f 776/916/428 705/838/357 706/839/358 777/917/429 
f 778/918/430 777/917/429 706/839/358 707/840/359 
f 707/840/359 708/841/360 779/919/431 778/918/430 
f 779/919/431 708/841/360 709/842/361 780/920/432 
f 780/920/432 709/842/361 530/657/182 604/731/256 
f 803/945/89 804/946/90 805/947/87 806/948/88 
f 807/949/93 808/950/94 809/951/91 810/952/92 
f 811/953/95 805/947/87 804/946/90 
f 810/952/92 812/954/96 807/949/93 
f 813/955/97 814/956/98 815/957/99 
f 816/958/100 817/959/101 818/959/102 
f 815/957/99 819/960/103 820/961/104 813/955/97 
f 818/959/102 817/959/101 821/962/106 822/963/105 
f 823/964/108 812/954/96 810/952/92 824/965/107 
f 823/964/108 824/965/107 825/966/109 826/967/110 
f 826/967/110 825/966/109 827/968/112 828/969/111 
f 828/969/111 827/968/112 829/970/113 830/971/114 
f 830/971/114 829/970/113 831/972/115 832/973/116 
f 832/973/116 831/972/115 833/974/118 834/975/117 
f 817/959/101 816/958/100 835/976/119 836/977/120 
f 836/977/120 835/976/119 837/978/121 838/979/122 
f 838/979/122 837/978/121 839/980/123 840/981/124 
f 840/981/124 839/980/123 841/982/125 842/983/126 
f 842/983/126 841/982/125 843/984/128 844/985/127 
f 834/975/117 833/974/118 844/985/127 843/984/128 
f 823/964/108 845/986/130 846/987/129 812/954/96 
f 826/967/110 847/988/131 845/986/130 823/964/108 
f 828/969/111 848/989/132 847/988/131 826/967/110 
f 830/971/114 849/990/133 848/989/132 828/969/111 
f 832/973/116 850/991/134 849/990/133 830/971/114 
f 834/975/117 851/992/135 850/991/134 832/973/116 
f 852/993/136 835/976/119 816/958/100 853/994/137 
f 852/993/136 854/995/138 837/978/121 835/976/119 
f 839/980/123 837/978/121 854/995/138 855/996/454 
f 855/996/454 856/997/140 841/982/125 839/980/123 
f 843/984/128 841/982/125 856/997/140 857/998/141 
f 851/992/135 834/975/117 843/984/128 857/998/141 
f 846/987/129 845/986/130 858/999/142 859/1000/143 
f 858/999/142 845/986/130 847/988/131 860/1001/144 
f 847/988/131 848/989/132 861/1002/455 860/1001/144 
f 861/1002/455 848/989/132 849/990/133 862/1003/146 
f 849/990/133 850/991/134 863/1004/147 862/1003/146 
f 863/1004/147 850/991/134 851/992/135 864/1005/148 
f 865/1006/150 852/993/136 853/994/137 866/1007/149 
f 852/993/136 865/1006/150 867/1008/151 854/995/138 
f 868/1009/152 855/996/454 854/995/138 867/1008/151 
f 855/996/454 868/1009/152 869/1010/153 856/997/140 
f 870/1011/154 857/998/141 856/997/140 869/1010/153 
f 870/1011/154 864/1005/148 851/992/135 857/998/141 
f 858/999/142 871/1012/155 872/1013/156 859/1000/143 
f 860/1001/144 873/1014/157 871/1012/155 858/999/142 
f 861/1002/455 874/1015/158 873/1014/157 860/1001/144 
f 862/1003/146 875/1016/159 874/1015/158 861/1002/455 
f 863/1004/147 876/1017/160 875/1016/159 862/1003/146 
f 876/1017/160 863/1004/147 864/1005/148 877/1018/161 
f 878/1019/162 879/1020/163 865/1006/150 866/1007/149 
f 865/1006/150 879/1020/163 880/1021/164 867/1008/151 
f 880/1021/164 881/1022/165 868/1009/152 867/1008/151 
f 868/1009/152 881/1022/165 882/1023/166 869/1010/153 
f 882/1023/166 883/1024/167 870/1011/154 869/1010/153 
f 877/1018/161 864/1005/148 870/1011/154 883/1024/167 
f 884/1025/169 885/1026/168 872/1013/156 871/1012/155 
f 884/1025/169 871/1012/155 873/1014/157 886/1027/170 
f 886/1027/170 873/1014/157 874/1015/158 887/1028/171 
f 887/1028/171 874/1015/158 875/1016/159 888/1029/172 
f 888/1029/172 875/1016/159 876/1017/160 889/1030/173 
f 877/1018/161 890/1031/174 889/1030/173 876/1017/160 
f 878/1019/162 891/1032/175 892/1033/176 879/1020/163 
f 893/1034/177 880/1021/164 879/1020/163 892/1033/176 
f 880/1021/164 893/1034/177 894/1035/178 881/1022/165 
f 895/1036/179 882/1023/166 881/1022/165 894/1035/178 
f 896/1037/180 883/1024/167 882/1023/166 895/1036/179 
f 883/1024/167 896/1037/180 890/1031/174 877/1018/161 
f 897/1038/182 885/1026/168 884/1025/169 898/1039/181 
f 898/1039/181 884/1025/169 886/1027/170 899/1040/456 
f 887/1028/171 900/1041/184 899/1040/456 886/1027/170 
f 900/1041/184 887/1028/171 888/1029/172 901/1042/185 
f 901/1042/185 888/1029/172 889/1030/173 902/1043/457 
f 902/1043/457 889/1030/173 890/1031/174 903/1044/187 
f 814/956/98 813/955/97 904/1045/188 905/1046/189 
f 904/1045/188 906/1047/190 907/1048/191 905/1046/189 
f 906/1047/190 908/1049/192 909/1050/193 907/1048/191 
f 908/1049/192 910/1051/194 911/1052/195 909/1050/193 
f 910/1051/194 912/1053/196 913/1054/197 911/1052/195 
f 912/1053/196 914/1055/198 915/1056/199 913/1054/197 
f 916/1057/200 805/947/87 811/953/95 917/1058/201 
f 917/1058/201 918/1059/202 919/1060/203 916/1057/200 
f 918/1059/202 920/1061/204 921/1062/205 919/1060/203 
f 920/1061/204 922/1063/207 923/1064/206 921/1062/205 
f 922/1063/207 924/1065/208 925/1066/209 923/1064/206 
f 914/1055/198 925/1066/209 924/1065/208 915/1056/199 
f 814/956/98 905/1046/189 926/1067/211 927/1068/210 
f 907/1048/191 928/1069/212 926/1067/211 905/1046/189 
f 907/1048/191 909/1050/193 929/1070/213 928/1069/212 
f 909/1050/193 911/1052/195 930/1071/214 929/1070/213 
f 930/1071/214 911/1052/195 913/1054/197 931/1072/215 
f 915/1056/199 932/1073/216 931/1072/215 913/1054/197 
f 917/1058/201 811/953/95 933/1074/218 934/1075/217 
f 934/1075/217 935/1076/219 918/1059/202 917/1058/201 
f 920/1061/204 918/1059/202 935/1076/219 936/1077/220 
f 936/1077/220 937/1078/221 922/1063/207 920/1061/204 
f 924/1065/208 922/1063/207 937/1078/221 938/1079/222 
f 932/1073/216 915/1056/199 924/1065/208 938/1079/222 
f 926/1067/211 939/1080/223 940/1081/458 927/1068/210 
f 928/1069/212 941/1082/225 939/1080/223 926/1067/211 
f 929/1070/213 942/1083/226 941/1082/225 928/1069/212 
f 930/1071/214 943/1084/459 942/1083/226 929/1070/213 
f 943/1084/459 930/1071/214 931/1072/215 944/1085/228 
f 932/1073/216 945/1086/229 944/1085/228 931/1072/215 
f 946/1087/231 934/1075/217 933/1074/218 947/1088/460 
f 948/1089/232 935/1076/219 934/1075/217 946/1087/231 
f 935/1076/219 948/1089/232 949/1090/461 936/1077/220 
f 950/1091/462 937/1078/221 936/1077/220 949/1090/461 
f 937/1078/221 950/1091/462 951/1092/235 938/1079/222 
f 932/1073/216 938/1079/222 951/1092/235 945/1086/229 
f 940/1081/458 939/1080/223 952/1093/236 953/1094/237 
f 952/1093/236 939/1080/223 941/1082/225 954/1095/238 
f 941/1082/225 942/1083/226 955/1096/239 954/1095/238 
f 955/1096/239 942/1083/226 943/1084/459 956/1097/240 
f 943/1084/459 944/1085/228 957/1098/241 956/1097/240 
f 957/1098/241 944/1085/228 945/1086/229 958/1099/242 
f 959/1100/244 946/1087/231 947/1088/460 960/1101/243 
f 948/1089/232 946/1087/231 959/1100/244 961/1102/245 
f 962/1103/246 949/1090/461 948/1089/232 961/1102/245 
f 963/1104/247 950/1091/462 949/1090/461 962/1103/246 
f 964/1105/248 951/1092/235 950/1091/462 963/1104/247 
f 958/1099/242 945/1086/229 951/1092/235 964/1105/248 
f 952/1093/236 965/1106/249 966/1107/250 953/1094/237 
f 954/1095/238 967/1108/463 965/1106/249 952/1093/236 
f 967/1108/463 954/1095/238 955/1096/239 968/1109/252 
f 956/1097/240 969/1110/253 968/1109/252 955/1096/239 
f 969/1110/253 956/1097/240 957/1098/241 970/1111/254 
f 970/1111/254 957/1098/241 958/1099/242 971/1112/255 
f 972/1113/257 959/1100/244 960/1101/243 973/1114/256 
f 974/1115/464 961/1102/245 959/1100/244 972/1113/257 
f 961/1102/245 974/1115/464 975/1116/259 962/1103/246 
f 962/1103/246 975/1116/259 976/1117/260 963/1104/247 
f 977/1118/261 964/1105/248 963/1104/247 976/1117/260 
f 971/1112/255 958/1099/242 964/1105/248 977/1118/261 
f 978/1119/465 966/1107/250 965/1106/249 979/1120/466 
f 967/1108/463 980/1121/467 979/1120/466 965/1106/249 
f 968/1109/252 981/1122/265 980/1121/467 967/1108/463 
f 969/1110/253 982/1123/266 981/1122/265 968/1109/252 
f 970/1111/254 983/1124/267 982/1123/266 969/1110/253 
f 971/1112/255 903/1044/187 983/1124/267 970/1111/254 
f 984/1125/268 904/1045/188 813/955/97 820/961/104 
f 904/1045/188 984/1125/268 985/1126/269 906/1047/190 
f 906/1047/190 985/1126/269 986/1127/270 908/1049/192 
f 908/1049/192 986/1127/270 987/1128/271 910/1051/194 
f 988/1129/272 912/1053/196 910/1051/194 987/1128/271 
f 989/1130/273 914/1055/198 912/1053/196 988/1129/272 
f 916/1057/200 990/1131/274 806/948/88 805/947/87 
f 990/1131/274 916/1057/200 919/1060/203 991/1132/275 
f 991/1132/275 919/1060/203 921/1062/205 992/1133/276 
f 923/1064/206 993/1134/277 992/1133/276 921/1062/205 
f 925/1066/209 994/1135/278 993/1134/277 923/1064/206 
f 994/1135/278 925/1066/209 914/1055/198 989/1130/273 
f 995/1136/279 824/965/107 810/952/92 809/951/91 
f 824/965/107 995/1136/279 996/1137/280 825/966/109 
f 997/1138/281 827/968/112 825/966/109 996/1137/280 
f 827/968/112 997/1138/281 998/1139/282 829/970/113 
f 999/1140/283 831/972/115 829/970/113 998/1139/282 
f 1000/1141/284 833/974/118 831/972/115 999/1140/283 
f 817/959/101 836/977/120 1001/1142/285 821/962/106 
f 838/979/122 1002/1143/286 1001/1142/285 836/977/120 
f 838/979/122 840/981/124 1003/1144/287 1002/1143/286 
f 840/981/124 842/983/126 1004/1145/288 1003/1144/287 
f 842/983/126 844/985/127 1005/1146/289 1004/1145/288 
f 1005/1146/289 844/985/127 833/974/118 1000/1141/284 
f 1006/1147/291 1007/1148/292 1008/1149/293 1009/1150/290 
f 1010/1151/294 1011/1152/468 1007/1148/292 1006/1147/291 
f 1012/1153/297 1013/1154/296 1011/1152/468 1010/1151/294 
f 1014/1155/298 1015/1156/299 1013/1154/296 1012/1153/297 
f 1016/1157/300 1017/1158/301 1015/1156/299 1014/1155/298 
f 807/949/93 812/954/96 1017/1158/301 1016/1157/300 
f 1018/1159/302 1019/1160/303 1009/1161/290 1008/1162/293 
f 1018/1159/302 1020/1163/304 1021/1164/469 1019/1160/303 
f 1022/1165/306 1023/1166/307 1021/1164/469 1020/1163/304 
f 1024/1167/309 1025/1168/308 1023/1166/307 1022/1165/306 
f 1026/1169/310 1027/1170/311 1025/1168/308 1024/1167/309 
f 818/959/102 1027/1170/311 1026/1169/310 816/958/100 
f 1028/1171/312 1008/1149/293 1007/1148/292 1029/1172/313 
f 1029/1172/313 1007/1148/292 1011/1152/468 1030/1173/314 
f 1030/1173/314 1011/1152/468 1013/1154/296 1031/1174/315 
f 1013/1154/296 1015/1156/299 1032/1175/316 1031/1174/315 
f 1015/1156/299 1017/1158/301 1033/1176/317 1032/1175/316 
f 1017/1158/301 812/954/96 846/987/129 1033/1176/317 
f 1028/1177/312 1034/1178/318 1018/1159/302 1008/1162/293 
f 1020/1163/304 1018/1159/302 1034/1178/318 1035/1179/319 
f 1036/1180/320 1022/1165/306 1020/1163/304 1035/1179/319 
f 1037/1181/321 1024/1167/309 1022/1165/306 1036/1180/320 
f 1037/1181/321 1038/1182/322 1026/1169/310 1024/1167/309 
f 1026/1169/310 1038/1182/322 853/994/137 816/958/100 
f 1028/1171/312 1029/1172/313 1039/1183/323 1040/1184/324 
f 1039/1183/323 1029/1172/313 1030/1173/314 1041/1185/325 
f 1031/1174/315 1042/1186/326 1041/1185/325 1030/1173/314 
f 1042/1186/326 1031/1174/315 1032/1175/316 1043/1187/327 
f 1033/1176/317 1044/1188/328 1043/1187/327 1032/1175/316 
f 1044/1188/328 1033/1176/317 846/987/129 859/1000/143 
f 1045/1189/329 1034/1178/318 1028/1177/312 1040/1190/324 
f 1046/1191/330 1035/1179/319 1034/1178/318 1045/1189/329 
f 1035/1179/319 1046/1191/330 1047/1192/331 1036/1180/320 
f 1047/1192/331 1048/1193/332 1037/1181/321 1036/1180/320 
f 1049/1194/333 1038/1182/322 1037/1181/321 1048/1193/332 
f 1049/1194/333 866/1007/149 853/994/137 1038/1182/322 
f 1050/1195/335 1040/1184/324 1039/1183/323 1051/1196/334 
f 1052/1197/336 1051/1196/334 1039/1183/323 1041/1185/325 
f 1042/1186/326 1053/1198/337 1052/1197/336 1041/1185/325 
f 1043/1187/327 1054/1199/338 1053/1198/337 1042/1186/326 
f 1044/1188/328 1055/1200/339 1054/1199/338 1043/1187/327 
f 859/1000/143 872/1013/156 1055/1200/339 1044/1188/328 
f 1045/1189/329 1040/1190/324 1050/1201/335 1056/1202/340 
f 1057/1203/341 1046/1191/330 1045/1189/329 1056/1202/340 
f 1058/1204/342 1047/1192/331 1046/1191/330 1057/1203/341 
f 1047/1192/331 1058/1204/342 1059/1205/343 1048/1193/332 
f 1060/1206/344 1049/1194/333 1048/1193/332 1059/1205/343 
f 1049/1194/333 1060/1206/344 878/1019/162 866/1007/149 
f 1051/1196/334 1061/1207/346 1062/1208/345 1050/1195/335 
f 1052/1197/336 1063/1209/347 1061/1207/346 1051/1196/334 
f 1053/1198/337 1064/1210/348 1063/1209/347 1052/1197/336 
f 1054/1199/338 1065/1211/349 1064/1210/348 1053/1198/337 
f 1055/1200/339 1066/1212/350 1065/1211/349 1054/1199/338 
f 885/1026/168 1066/1212/350 1055/1200/339 872/1013/156 
f 1062/1213/345 1067/1214/351 1056/1202/340 1050/1201/335 
f 1068/1215/352 1057/1203/341 1056/1202/340 1067/1214/351 
f 1069/1216/353 1058/1204/342 1057/1203/341 1068/1215/352 
f 1070/1217/354 1059/1205/343 1058/1204/342 1069/1216/353 
f 1071/1218/355 1060/1206/344 1059/1205/343 1070/1217/354 
f 891/1032/175 878/1019/162 1060/1206/344 1071/1218/355 
f 1061/1207/346 1072/1219/357 1073/1220/356 1062/1208/345 
f 1063/1209/347 1074/1221/470 1072/1219/357 1061/1207/346 
f 1064/1210/348 1075/1222/471 1074/1221/470 1063/1209/347 
f 1065/1211/349 1076/1223/360 1075/1222/471 1064/1210/348 
f 1066/1212/350 1077/1224/361 1076/1223/360 1065/1211/349 
f 897/1038/182 1077/1224/361 1066/1212/350 885/1026/168 
f 1062/1213/345 1073/1225/356 1078/1226/362 1067/1214/351 
f 1067/1214/351 1078/1226/362 1079/1227/363 1068/1215/352 
f 1079/1227/363 1080/1228/472 1069/1216/353 1068/1215/352 
f 1081/1229/365 1070/1217/354 1069/1216/353 1080/1228/472 
f 1082/1230/366 1071/1218/355 1070/1217/354 1081/1229/365 
f 891/1032/175 1071/1218/355 1082/1230/366 978/1119/465 
f 1083/1231/369 1084/1232/370 1085/1233/367 1086/1234/368 
f 1084/1232/370 1083/1231/369 1087/1235/473 1088/1236/474 
f 1088/1236/474 1087/1235/473 1089/1237/373 1090/1238/374 
f 1090/1238/374 1089/1237/373 1091/1239/376 1092/1240/375 
f 1092/1240/375 1091/1239/376 1093/1241/377 1094/1242/378 
f 1094/1242/378 1093/1241/377 815/957/99 814/956/98 
f 1086/1243/368 1085/1244/367 1095/1245/379 1096/1246/380 
f 1096/1246/380 1095/1245/379 1097/1247/381 1098/1248/475 
f 1098/1248/475 1097/1247/381 1099/1249/383 1100/1250/384 
f 1100/1250/384 1099/1249/383 1101/1251/385 1102/1252/386 
f 1102/1252/386 1101/1251/385 1103/1253/387 1104/1254/388 
f 811/953/95 804/946/90 1104/1254/388 1103/1253/387 
f 1105/1255/390 1085/1233/367 1084/1232/370 1106/1256/389 
f 1088/1236/474 1107/1257/391 1106/1256/389 1084/1232/370 
f 1090/1238/374 1108/1258/392 1107/1257/391 1088/1236/474 
f 1092/1240/375 1109/1259/393 1108/1258/392 1090/1238/374 
f 1094/1242/378 1110/1260/394 1109/1259/393 1092/1240/375 
f 814/956/98 927/1068/210 1110/1260/394 1094/1242/378 
f 1111/1261/395 1095/1245/379 1085/1244/367 1105/1262/390 
f 1111/1261/395 1112/1263/396 1097/1247/381 1095/1245/379 
f 1099/1249/383 1097/1247/381 1112/1263/396 1113/1264/397 
f 1113/1264/397 1114/1265/398 1101/1251/385 1099/1249/383 
f 1103/1253/387 1101/1251/385 1114/1265/398 1115/1266/399 
f 933/1074/218 811/953/95 1103/1253/387 1115/1266/399 
f 1106/1256/389 1116/1267/401 1117/1268/400 1105/1255/390 
f 1107/1257/391 1118/1269/402 1116/1267/401 1106/1256/389 
f 1107/1257/391 1108/1258/392 1119/1270/403 1118/1269/402 
f 1108/1258/392 1109/1259/393 1120/1271/404 1119/1270/403 
f 1110/1260/394 1121/1272/405 1120/1271/404 1109/1259/393 
f 1110/1260/394 927/1068/210 940/1081/458 1121/1272/405 
f 1105/1262/390 1117/1273/400 1122/1274/406 1111/1261/395 
f 1111/1261/395 1122/1274/406 1123/1275/407 1112/1263/396 
f 1123/1275/407 1124/1276/408 1113/1264/397 1112/1263/396 
f 1124/1276/408 1125/1277/409 1114/1265/398 1113/1264/397 
f 1125/1277/409 1126/1278/410 1115/1266/399 1114/1265/398 
f 1126/1278/410 947/1088/460 933/1074/218 1115/1266/399 
f 1117/1268/400 1116/1267/401 1127/1279/411 1128/1280/412 
f 1127/1279/411 1116/1267/401 1118/1269/402 1129/1281/413 
f 1130/1282/414 1129/1281/413 1118/1269/402 1119/1270/403 
f 1130/1282/414 1119/1270/403 1120/1271/404 1131/1283/415 
f 1132/1284/416 1131/1283/415 1120/1271/404 1121/1272/405 
f 1132/1284/416 1121/1272/405 940/1081/458 953/1094/237 
f 1133/1285/417 1122/1274/406 1117/1273/400 1128/1286/412 
f 1134/1287/418 1123/1275/407 1122/1274/406 1133/1285/417 
f 1135/1288/419 1124/1276/408 1123/1275/407 1134/1287/418 
f 1136/1289/420 1125/1277/409 1124/1276/408 1135/1288/419 
f 1137/1290/421 1126/1278/410 1125/1277/409 1136/1289/420 
f 960/1101/243 947/1088/460 1126/1278/410 1137/1290/421 
f 1128/1280/412 1127/1279/411 1138/1291/423 1139/1292/422 
f 1138/1291/423 1127/1279/411 1129/1281/413 1140/1293/424 
f 1129/1281/413 1130/1282/414 1141/1294/425 1140/1293/424 
f 1141/1294/425 1130/1282/414 1131/1283/415 1142/1295/426 
f 1143/1296/427 1142/1295/426 1131/1283/415 1132/1284/416 
f 1132/1284/416 953/1094/237 966/1107/250 1143/1296/427 
f 1133/1285/417 1128/1286/412 1139/1297/422 1144/1298/428 
f 1133/1285/417 1144/1298/428 1145/1299/429 1134/1287/418 
f 1134/1287/418 1145/1299/429 1146/1300/430 1135/1288/419 
f 1146/1300/430 1147/1301/431 1136/1289/420 1135/1288/419 
f 1136/1289/420 1147/1301/431 1148/1302/432 1137/1290/421 
f 960/1101/243 1137/1290/421 1148/1302/432 973/1114/256 
f 1086/1234/368 1149/1303/433 1150/1304/476 1083/1231/369 
f 1151/1305/477 1087/1235/473 1083/1231/369 1150/1304/476 
f 1089/1237/373 1087/1235/473 1151/1305/477 1152/1306/436 
f 1152/1306/436 1153/1307/437 1091/1239/376 1089/1237/373 
f 1153/1307/437 1154/1308/438 1093/1241/377 1091/1239/376 
f 1093/1241/377 1154/1308/438 819/960/103 815/957/99 
f 1096/1246/380 1155/1309/439 1149/1310/433 1086/1243/368 
f 1098/1248/475 1156/1311/440 1155/1309/439 1096/1246/380 
f 1156/1311/440 1098/1248/475 1100/1250/384 1157/1312/441 
f 1157/1312/441 1100/1250/384 1102/1252/386 1158/1313/442 
f 1158/1313/442 1102/1252/386 1104/1254/388 1159/1314/443 
f 1104/1254/388 804/946/90 803/945/89 1159/1314/443 
f 1009/1150/290 1160/1315/478 1161/1316/479 1006/1147/291 
f 1162/1317/445 1010/1151/294 1006/1147/291 1161/1316/479 
f 1010/1151/294 1162/1317/445 1163/1318/446 1012/1153/297 
f 1164/1319/480 1014/1155/298 1012/1153/297 1163/1318/446 
f 1014/1155/298 1164/1319/480 1165/1320/481 1016/1157/300 
f 807/949/93 1016/1157/300 1165/1320/481 808/950/94 
f 1160/1321/478 1009/1161/290 1019/1160/303 1166/1322/482 
f 1166/1322/482 1019/1160/303 1021/1164/469 1167/1323/483 
f 1021/1164/469 1023/1166/307 1168/1324/451 1167/1323/483 
f 1168/1324/451 1023/1166/307 1025/1168/308 1169/1325/452 
f 1025/1168/308 1027/1170/311 1170/1326/453 1169/1325/452 
f 1027/1170/311 818/959/102 822/963/105 1170/1326/453 
f 978/1119/465 979/1120/466 892/1033/176 891/1032/175 
f 979/1120/466 980/1121/467 893/1034/177 892/1033/176 
f 980/1121/467 981/1122/265 894/1035/178 893/1034/177 
f 981/1122/265 982/1123/266 895/1036/179 894/1035/178 
f 982/1123/266 983/1124/267 896/1037/180 895/1036/179 
f 903/1044/187 890/1031/174 896/1037/180 983/1124/267 
f 897/1038/182 898/1039/181 972/1113/257 973/1114/256 
f 899/1040/456 974/1115/464 972/1113/257 898/1039/181 
f 899/1040/456 900/1041/184 975/1116/259 974/1115/464 
f 901/1042/185 976/1117/260 975/1116/259 900/1041/184 
f 901/1042/185 902/1043/457 977/1118/261 976/1117/260 
f 977/1118/261 902/1043/457 903/1044/187 971/1112/255 
f 1138/1291/423 1078/1226/362 1073/1225/356 1139/1292/422 
f 1079/1227/363 1078/1226/362 1138/1291/423 1140/1293/424 
f 1141/1294/425 1080/1228/472 1079/1227/363 1140/1293/424 
f 1142/1295/426 1081/1229/365 1080/1228/472 1141/1294/425 
f 1082/1230/366 1081/1229/365 1142/1295/426 1143/1296/427 
f 1082/1230/366 1143/1296/427 966/1107/250 978/1119/465 
f 1144/1298/428 1139/1297/422 1073/1220/356 1072/1219/357 
f 1072/1219/357 1074/1221/470 1145/1299/429 1144/1298/428 
f 1074/1221/470 1075/1222/471 1146/1300/430 1145/1299/429 
f 1075/1222/471 1076/1223/360 1147/1301/431 1146/1300/430 
f 1076/1223/360 1077/1224/361 1148/1302/432 1147/1301/431 
f 897/1038/182 973/1114/256 1148/1302/432 1077/1224/361 
f 1171/1327/89 1172/1328/90 1173/1329/87 1174/1330/88 
f 1175/1331/93 1176/1332/94 1177/1333/91 1178/1331/92 
f 1179/1334/95 1173/1329/87 1172/1328/90 
f 1178/1331/92 1180/1335/96 1175/1331/93 
f 1181/1336/97 1182/1337/98 1183/1338/99 
f 1184/1339/100 1185/1340/101 1186/1341/102 
f 1187/1342/104 1181/1336/97 1183/1338/99 1188/1343/103 
f 1189/1344/105 1186/1341/102 1185/1340/101 1190/1345/106 
f 1180/1335/96 1178/1331/92 1191/1346/107 1192/1347/108 
f 1193/1348/110 1192/1347/108 1191/1346/107 1194/1349/109 
f 1194/1349/109 1195/1350/112 1196/1351/111 1193/1348/110 
f 1197/1352/113 1198/1353/114 1196/1351/111 1195/1350/112 
f 1199/1354/116 1198/1353/114 1197/1352/113 1200/1355/115 
f 1201/1356/117 1199/1354/116 1200/1355/115 1202/1357/118 
f 1185/1340/101 1184/1339/100 1203/1358/119 1204/1359/120 
f 1205/1360/122 1204/1359/120 1203/1358/119 1206/1361/121 
f 1207/1362/123 1208/1363/124 1205/1360/122 1206/1361/121 
f 1207/1362/123 1209/1364/125 1210/1365/126 1208/1363/124 
f 1209/1364/125 1211/1366/128 1212/1367/127 1210/1365/126 
f 1202/1357/118 1212/1367/127 1211/1366/128 1201/1356/117 
f 1213/1368/129 1180/1335/96 1192/1347/108 1214/1369/130 
f 1214/1369/130 1192/1347/108 1193/1348/110 1215/1370/131 
f 1215/1370/131 1193/1348/110 1196/1351/111 1216/1371/484 
f 1216/1371/484 1196/1351/111 1198/1353/114 1217/1372/133 
f 1217/1372/133 1198/1353/114 1199/1354/116 1218/1373/134 
f 1218/1373/134 1199/1354/116 1201/1356/117 1219/1374/135 
f 1220/1375/137 1221/1376/136 1203/1358/119 1184/1339/100 
f 1222/1377/138 1206/1361/121 1203/1358/119 1221/1376/136 
f 1222/1377/138 1223/1378/139 1207/1362/123 1206/1361/121 
f 1209/1364/125 1207/1362/123 1223/1378/139 1224/1379/140 
f 1225/1380/141 1211/1366/128 1209/1364/125 1224/1379/140 
f 1211/1366/128 1225/1380/141 1219/1374/135 1201/1356/117 
f 1226/1381/143 1213/1368/129 1214/1369/130 1227/1382/142 
f 1227/1382/142 1214/1369/130 1215/1370/131 1228/1383/144 
f 1228/1383/144 1215/1370/131 1216/1371/484 1229/1384/145 
f 1229/1384/145 1216/1371/484 1217/1372/133 1230/1385/146 
f 1230/1385/146 1217/1372/133 1218/1373/134 1231/1386/147 
f 1231/1386/147 1218/1373/134 1219/1374/135 1232/1387/148 
f 1233/1388/149 1234/1389/150 1221/1376/136 1220/1375/137 
f 1234/1389/150 1235/1390/151 1222/1377/138 1221/1376/136 
f 1235/1390/151 1236/1391/485 1223/1378/139 1222/1377/138 
f 1236/1391/485 1237/1392/153 1224/1379/140 1223/1378/139 
f 1224/1379/140 1237/1392/153 1238/1393/154 1225/1380/141 
f 1225/1380/141 1238/1393/154 1232/1387/148 1219/1374/135 
f 1226/1381/143 1227/1382/142 1239/1394/155 1240/1395/156 
f 1228/1383/144 1241/1396/157 1239/1394/155 1227/1382/142 
f 1228/1383/144 1229/1384/145 1242/1397/158 1241/1396/157 
f 1242/1397/158 1229/1384/145 1230/1385/146 1243/1398/159 
f 1230/1385/146 1231/1386/147 1244/1399/160 1243/1398/159 
f 1232/1387/148 1245/1400/161 1244/1399/160 1231/1386/147 
f 1233/1388/149 1246/1401/162 1247/1402/163 1234/1389/150 
f 1234/1389/150 1247/1402/163 1248/1403/164 1235/1390/151 
f 1235/1390/151 1248/1403/164 1249/1404/165 1236/1391/485 
f 1249/1404/165 1250/1405/166 1237/1392/153 1236/1391/485 
f 1250/1405/166 1251/1406/167 1238/1393/154 1237/1392/153 
f 1245/1400/161 1232/1387/148 1238/1393/154 1251/1406/167 
f 1240/1395/156 1239/1394/155 1252/1407/169 1253/1408/168 
f 1252/1407/169 1239/1394/155 1241/1396/157 1254/1409/170 
f 1241/1396/157 1242/1397/158 1255/1410/171 1254/1409/170 
f 1255/1410/171 1242/1397/158 1243/1398/159 1256/1411/172 
f 1243/1398/159 1244/1399/160 1257/1412/173 1256/1411/172 
f 1257/1412/173 1244/1399/160 1245/1400/161 1258/1413/174 
f 1259/1414/176 1247/1402/163 1246/1401/162 1260/1415/175 
f 1259/1414/176 1261/1416/177 1248/1403/164 1247/1402/163 
f 1248/1403/164 1261/1416/177 1262/1417/178 1249/1404/165 
f 1263/1418/179 1250/1405/166 1249/1404/165 1262/1417/178 
f 1263/1418/179 1264/1419/180 1251/1406/167 1250/1405/166 
f 1245/1400/161 1251/1406/167 1264/1419/180 1258/1413/174 
f 1252/1407/169 1265/1420/181 1266/1421/182 1253/1408/168 
f 1265/1420/181 1252/1407/169 1254/1409/170 1267/1422/456 
f 1267/1422/456 1254/1409/170 1255/1410/171 1268/1423/184 
f 1268/1423/184 1255/1410/171 1256/1411/172 1269/1424/486 
f 1269/1424/486 1256/1411/172 1257/1412/173 1270/1425/186 
f 1257/1412/173 1258/1413/174 1271/1426/487 1270/1425/186 
f 1182/1337/98 1181/1336/97 1272/1427/188 1273/1428/189 
f 1274/1429/190 1275/1430/191 1273/1428/189 1272/1427/188 
f 1274/1429/190 1276/1431/192 1277/1432/193 1275/1430/191 
f 1278/1433/194 1279/1434/195 1277/1432/193 1276/1431/192 
f 1280/1435/197 1279/1434/195 1278/1433/194 1281/1436/196 
f 1281/1436/196 1282/1437/198 1283/1438/199 1280/1435/197 
f 1179/1334/95 1284/1439/201 1285/1440/200 1173/1329/87 
f 1286/1441/203 1285/1440/200 1284/1439/201 1287/1442/202 
f 1288/1443/205 1286/1441/203 1287/1442/202 1289/1444/204 
f 1290/1445/206 1288/1443/205 1289/1444/204 1291/1446/207 
f 1291/1446/207 1292/1447/208 1293/1448/209 1290/1445/206 
f 1282/1437/198 1293/1448/209 1292/1447/208 1283/1438/199 
f 1273/1428/189 1294/1449/211 1295/1450/210 1182/1337/98 
f 1294/1449/211 1273/1428/189 1275/1430/191 1296/1451/212 
f 1296/1451/212 1275/1430/191 1277/1432/193 1297/1452/488 
f 1297/1452/488 1277/1432/193 1279/1434/195 1298/1453/214 
f 1298/1453/214 1279/1434/195 1280/1435/197 1299/1454/215 
f 1299/1454/215 1280/1435/197 1283/1438/199 1300/1455/216 
f 1284/1439/201 1179/1334/95 1301/1456/218 1302/1457/217 
f 1303/1458/219 1287/1442/202 1284/1439/201 1302/1457/217 
f 1303/1458/219 1304/1459/489 1289/1444/204 1287/1442/202 
f 1291/1446/207 1289/1444/204 1304/1459/489 1305/1460/221 
f 1306/1461/222 1292/1447/208 1291/1446/207 1305/1460/221 
f 1292/1447/208 1306/1461/222 1300/1455/216 1283/1438/199 
f 1307/1462/224 1295/1450/210 1294/1449/211 1308/1463/223 
f 1308/1463/223 1294/1449/211 1296/1451/212 1309/1464/225 
f 1309/1464/225 1296/1451/212 1297/1452/488 1310/1465/490 
f 1310/1465/490 1297/1452/488 1298/1453/214 1311/1466/227 
f 1311/1466/227 1298/1453/214 1299/1454/215 1312/1467/491 
f 1312/1467/491 1299/1454/215 1300/1455/216 1313/1468/229 
f 1314/1469/230 1315/1470/231 1302/1457/217 1301/1456/218 
f 1315/1470/231 1316/1471/232 1303/1458/219 1302/1457/217 
f 1317/1472/233 1304/1459/489 1303/1458/219 1316/1471/232 
f 1317/1472/233 1318/1473/234 1305/1460/221 1304/1459/489 
f 1318/1473/234 1319/1474/235 1306/1461/222 1305/1460/221 
f 1300/1455/216 1306/1461/222 1319/1474/235 1313/1468/229 
f 1308/1463/223 1320/1475/236 1321/1476/237 1307/1462/224 
f 1309/1464/225 1322/1477/238 1320/1475/236 1308/1463/223 
f 1310/1465/490 1323/1478/239 1322/1477/238 1309/1464/225 
f 1323/1478/239 1310/1465/490 1311/1466/227 1324/1479/240 
f 1312/1467/491 1325/1480/241 1324/1479/240 1311/1466/227 
f 1313/1468/229 1326/1481/242 1325/1480/241 1312/1467/491 
f 1327/1482/243 1328/1483/244 1315/1470/231 1314/1469/230 
f 1328/1483/244 1329/1484/245 1316/1471/232 1315/1470/231 
f 1317/1472/233 1316/1471/232 1329/1484/245 1330/1485/246 
f 1317/1472/233 1330/1485/246 1331/1486/247 1318/1473/234 
f 1318/1473/234 1331/1486/247 1332/1487/492 1319/1474/235 
f 1326/1481/242 1313/1468/229 1319/1474/235 1332/1487/492 
f 1320/1475/236 1333/1488/249 1334/1489/250 1321/1476/237 
f 1333/1488/249 1320/1475/236 1322/1477/238 1335/1490/463 
f 1335/1490/463 1322/1477/238 1323/1478/239 1336/1491/252 
f 1324/1479/240 1337/1492/253 1336/1491/252 1323/1478/239 
f 1325/1480/241 1338/1493/254 1337/1492/253 1324/1479/240 
f 1339/1494/255 1338/1493/254 1325/1480/241 1326/1481/242 
f 1340/1495/256 1341/1496/257 1328/1483/244 1327/1482/243 
f 1342/1497/464 1329/1484/245 1328/1483/244 1341/1496/257 
f 1329/1484/245 1342/1497/464 1343/1498/259 1330/1485/246 
f 1344/1499/260 1331/1486/247 1330/1485/246 1343/1498/259 
f 1331/1486/247 1344/1499/260 1345/1500/261 1332/1487/492 
f 1345/1500/261 1339/1494/255 1326/1481/242 1332/1487/492 
f 1346/1501/262 1334/1489/250 1333/1488/249 1347/1502/263 
f 1347/1502/263 1333/1488/249 1335/1490/463 1348/1503/467 
f 1335/1490/463 1336/1491/252 1349/1504/265 1348/1503/467 
f 1349/1504/265 1336/1491/252 1337/1492/253 1350/1505/493 
f 1338/1493/254 1351/1506/494 1350/1505/493 1337/1492/253 
f 1339/1494/255 1271/1426/487 1351/1506/494 1338/1493/254 
f 1272/1427/188 1181/1336/97 1187/1342/104 1352/1507/268 
f 1272/1427/188 1352/1507/268 1353/1508/269 1274/1429/190 
f 1274/1429/190 1353/1508/269 1354/1509/270 1276/1431/192 
f 1276/1431/192 1354/1509/270 1355/1510/271 1278/1433/194 
f 1355/1510/271 1356/1511/272 1281/1436/196 1278/1433/194 
f 1281/1436/196 1356/1511/272 1357/1512/273 1282/1437/198 
f 1285/1440/200 1358/1513/274 1174/1330/88 1173/1329/87 
f 1285/1440/200 1286/1441/203 1359/1514/275 1358/1513/274 
f 1288/1443/205 1360/1515/276 1359/1514/275 1286/1441/203 
f 1288/1443/205 1290/1445/206 1361/1516/277 1360/1515/276 
f 1361/1516/277 1290/1445/206 1293/1448/209 1362/1517/278 
f 1362/1517/278 1293/1448/209 1282/1437/198 1357/1512/273 
f 1178/1331/92 1177/1333/91 1363/1518/279 1191/1346/107 
f 1191/1346/107 1363/1518/279 1364/1519/280 1194/1349/109 
f 1194/1349/109 1364/1519/280 1365/1520/281 1195/1350/112 
f 1366/1521/282 1197/1352/113 1195/1350/112 1365/1520/281 
f 1366/1521/282 1367/1522/283 1200/1355/115 1197/1352/113 
f 1368/1523/284 1202/1357/118 1200/1355/115 1367/1522/283 
f 1204/1359/120 1369/1524/285 1190/1345/106 1185/1340/101 
f 1204/1359/120 1205/1360/122 1370/1525/286 1369/1524/285 
f 1205/1360/122 1208/1363/124 1371/1526/287 1370/1525/286 
f 1210/1365/126 1372/1527/288 1371/1526/287 1208/1363/124 
f 1372/1527/288 1210/1365/126 1212/1367/127 1373/1528/289 
f 1373/1528/289 1212/1367/127 1202/1357/118 1368/1523/284 
f 1374/1529/291 1375/1530/292 1376/1531/293 1377/1532/290 
f 1374/1529/291 1378/1533/495 1379/1534/295 1375/1530/292 
f 1380/1535/296 1379/1534/295 1378/1533/495 1381/1536/297 
f 1382/1537/298 1383/1538/299 1380/1535/296 1381/1536/297 
f 1384/1539/301 1383/1538/299 1382/1537/298 1385/1540/300 
f 1385/1540/300 1175/1331/93 1180/1335/96 1384/1539/301 
f 1377/1541/290 1376/1542/293 1386/1543/302 1387/1544/303 
f 1388/1545/304 1389/1546/305 1387/1544/303 1386/1543/302 
f 1390/1547/307 1389/1546/305 1388/1545/304 1391/1548/306 
f 1391/1548/306 1392/1549/309 1393/1550/308 1390/1547/307 
f 1392/1549/309 1394/1551/310 1395/1552/311 1393/1550/308 
f 1184/1339/100 1186/1341/102 1395/1552/311 1394/1551/310 
f 1396/1553/312 1376/1531/293 1375/1530/292 1397/1554/313 
f 1397/1554/313 1375/1530/292 1379/1534/295 1398/1555/314 
f 1398/1555/314 1379/1534/295 1380/1535/296 1399/1556/315 
f 1383/1538/299 1400/1557/316 1399/1556/315 1380/1535/296 
f 1400/1557/316 1383/1538/299 1384/1539/301 1401/1558/317 
f 1384/1539/301 1180/1335/96 1213/1368/129 1401/1558/317 
f 1386/1543/302 1376/1542/293 1396/1559/312 1402/1560/318 
f 1402/1560/318 1403/1561/319 1388/1545/304 1386/1543/302 
f 1404/1562/320 1391/1548/306 1388/1545/304 1403/1561/319 
f 1391/1548/306 1404/1562/320 1405/1563/321 1392/1549/309 
f 1405/1563/321 1406/1564/322 1394/1551/310 1392/1549/309 
f 1220/1375/137 1184/1339/100 1394/1551/310 1406/1564/322 
f 1407/1565/324 1396/1553/312 1397/1554/313 1408/1566/323 
f 1408/1566/323 1397/1554/313 1398/1555/314 1409/1567/325 
f 1409/1567/325 1398/1555/314 1399/1556/315 1410/1568/326 
f 1399/1556/315 1400/1557/316 1411/1569/327 1410/1568/326 
f 1411/1569/327 1400/1557/316 1401/1558/317 1412/1570/328 
f 1401/1558/317 1213/1368/129 1226/1381/143 1412/1570/328 
f 1407/1571/324 1413/1572/329 1402/1560/318 1396/1559/312 
f 1413/1572/329 1414/1573/330 1403/1561/319 1402/1560/318 
f 1414/1573/330 1415/1574/331 1404/1562/320 1403/1561/319 
f 1415/1574/331 1416/1575/332 1405/1563/321 1404/1562/320 
f 1416/1575/332 1417/1576/333 1406/1564/322 1405/1563/321 
f 1233/1388/149 1220/1375/137 1406/1564/322 1417/1576/333 
f 1407/1565/324 1408/1566/323 1418/1577/334 1419/1578/335 
f 1409/1567/325 1420/1579/336 1418/1577/334 1408/1566/323 
f 1409/1567/325 1410/1568/326 1421/1580/337 1420/1579/336 
f 1421/1580/337 1410/1568/326 1411/1569/327 1422/1581/338 
f 1411/1569/327 1412/1570/328 1423/1582/339 1422/1581/338 
f 1412/1570/328 1226/1381/143 1240/1395/156 1423/1582/339 
f 1419/1583/335 1424/1584/340 1413/1572/329 1407/1571/324 
f 1413/1572/329 1424/1584/340 1425/1585/341 1414/1573/330 
f 1414/1573/330 1425/1585/341 1426/1586/342 1415/1574/331 
f 1427/1587/343 1416/1575/332 1415/1574/331 1426/1586/342 
f 1428/1588/344 1417/1576/333 1416/1575/332 1427/1587/343 
f 1233/1388/149 1417/1576/333 1428/1588/344 1246/1401/162 
f 1429/1589/345 1419/1578/335 1418/1577/334 1430/1590/346 
f 1418/1577/334 1420/1579/336 1431/1591/347 1430/1590/346 
f 1431/1591/347 1420/1579/336 1421/1580/337 1432/1592/348 
f 1421/1580/337 1422/1581/338 1433/1593/349 1432/1592/348 
f 1433/1593/349 1422/1581/338 1423/1582/339 1434/1594/350 
f 1423/1582/339 1240/1395/156 1253/1408/168 1434/1594/350 
f 1429/1595/345 1435/1596/351 1424/1584/340 1419/1583/335 
f 1435/1596/351 1436/1597/352 1425/1585/341 1424/1584/340 
f 1425/1585/341 1436/1597/352 1437/1598/353 1426/1586/342 
f 1437/1598/353 1438/1599/354 1427/1587/343 1426/1586/342 
f 1439/1600/355 1428/1588/344 1427/1587/343 1438/1599/354 
f 1439/1600/355 1260/1415/175 1246/1401/162 1428/1588/344 
f 1440/1601/496 1429/1589/345 1430/1590/346 1441/1602/497 
f 1430/1590/346 1431/1591/347 1442/1603/358 1441/1602/497 
f 1442/1603/358 1431/1591/347 1432/1592/348 1443/1604/359 
f 1444/1605/498 1443/1604/359 1432/1592/348 1433/1593/349 
f 1444/1605/498 1433/1593/349 1434/1594/350 1445/1606/361 
f 1434/1594/350 1253/1408/168 1266/1421/182 1445/1606/361 
f 1429/1595/345 1440/1607/496 1446/1608/499 1435/1596/351 
f 1446/1608/499 1447/1609/363 1436/1597/352 1435/1596/351 
f 1448/1610/364 1437/1598/353 1436/1597/352 1447/1609/363 
f 1448/1610/364 1449/1611/500 1438/1599/354 1437/1598/353 
f 1449/1611/500 1450/1612/501 1439/1600/355 1438/1599/354 
f 1439/1600/355 1450/1612/501 1346/1501/262 1260/1415/175 
f 1451/1613/369 1452/1614/370 1453/1615/367 1454/1616/368 
f 1451/1613/369 1455/1617/502 1456/1618/372 1452/1614/370 
f 1457/1619/374 1456/1618/372 1455/1617/502 1458/1620/373 
f 1459/1621/376 1460/1622/375 1457/1619/374 1458/1620/373 
f 1461/1623/378 1460/1622/375 1459/1621/376 1462/1624/377 
f 1182/1337/98 1461/1623/378 1462/1624/377 1183/1338/99 
f 1454/1625/368 1453/1626/367 1463/1627/379 1464/1628/380 
f 1465/1629/381 1466/1630/503 1464/1628/380 1463/1627/379 
f 1467/1631/384 1466/1630/503 1465/1629/381 1468/1632/383 
f 1469/1633/386 1467/1631/384 1468/1632/383 1470/1634/385 
f 1470/1634/385 1471/1635/387 1472/1636/388 1469/1633/386 
f 1472/1636/388 1471/1635/387 1179/1334/95 1172/1328/90 
f 1473/1637/390 1453/1615/367 1452/1614/370 1474/1638/389 
f 1474/1638/389 1452/1614/370 1456/1618/372 1475/1639/391 
f 1475/1639/391 1456/1618/372 1457/1619/374 1476/1640/392 
f 1460/1622/375 1477/1641/393 1476/1640/392 1457/1619/374 
f 1477/1641/393 1460/1622/375 1461/1623/378 1478/1642/394 
f 1182/1337/98 1295/1450/210 1478/1642/394 1461/1623/378 
f 1463/1627/379 1453/1626/367 1473/1643/390 1479/1644/395 
f 1479/1644/395 1480/1645/396 1465/1629/381 1463/1627/379 
f 1481/1646/397 1468/1632/383 1465/1629/381 1480/1645/396 
f 1482/1647/398 1470/1634/385 1468/1632/383 1481/1646/397 
f 1482/1647/398 1483/1648/399 1471/1635/387 1470/1634/385 
f 1301/1456/218 1179/1334/95 1471/1635/387 1483/1648/399 
f 1473/1637/390 1474/1638/389 1484/1649/401 1485/1650/400 
f 1474/1638/389 1475/1639/391 1486/1651/402 1484/1649/401 
f 1475/1639/391 1476/1640/392 1487/1652/403 1486/1651/402 
f 1487/1652/403 1476/1640/392 1477/1641/393 1488/1653/404 
f 1477/1641/393 1478/1642/394 1489/1654/405 1488/1653/404 
f 1307/1462/224 1489/1654/405 1478/1642/394 1295/1450/210 
f 1485/1655/400 1490/1656/406 1479/1644/395 1473/1643/390 
f 1490/1656/406 1491/1657/407 1480/1645/396 1479/1644/395 
f 1491/1657/407 1492/1658/408 1481/1646/397 1480/1645/396 
f 1482/1647/398 1481/1646/397 1492/1658/408 1493/1659/409 
f 1482/1647/398 1493/1659/409 1494/1660/410 1483/1648/399 
f 1494/1660/410 1314/1469/230 1301/1456/218 1483/1648/399 
f 1495/1661/412 1485/1650/400 1484/1649/401 1496/1662/411 
f 1496/1662/411 1484/1649/401 1486/1651/402 1497/1663/413 
f 1487/1652/403 1498/1664/414 1497/1663/413 1486/1651/402 
f 1498/1664/414 1487/1652/403 1488/1653/404 1499/1665/415 
f 1499/1665/415 1488/1653/404 1489/1654/405 1500/1666/416 
f 1321/1476/237 1500/1666/416 1489/1654/405 1307/1462/224 
f 1485/1655/400 1495/1667/412 1501/1668/417 1490/1656/406 
f 1490/1656/406 1501/1668/417 1502/1669/418 1491/1657/407 
f 1503/1670/419 1492/1658/408 1491/1657/407 1502/1669/418 
f 1492/1658/408 1503/1670/419 1504/1671/420 1493/1659/409 
f 1493/1659/409 1504/1671/420 1505/1672/421 1494/1660/410 
f 1327/1482/243 1314/1469/230 1494/1660/410 1505/1672/421 
f 1506/1673/423 1507/1674/422 1495/1661/412 1496/1662/411 
f 1508/1675/424 1506/1673/423 1496/1662/411 1497/1663/413 
f 1509/1676/425 1508/1675/424 1497/1663/413 1498/1664/414 
f 1498/1664/414 1499/1665/415 1510/1677/426 1509/1676/425 
f 1511/1678/427 1510/1677/426 1499/1665/415 1500/1666/416 
f 1321/1476/237 1334/1489/250 1511/1678/427 1500/1666/416 
f 1507/1679/422 1512/1680/428 1501/1668/417 1495/1667/412 
f 1501/1668/417 1512/1680/428 1513/1681/429 1502/1669/418 
f 1502/1669/418 1513/1681/429 1514/1682/430 1503/1670/419 
f 1514/1682/430 1515/1683/431 1504/1671/420 1503/1670/419 
f 1504/1671/420 1515/1683/431 1516/1684/432 1505/1672/421 
f 1516/1684/432 1340/1495/256 1327/1482/243 1505/1672/421 
f 1454/1616/368 1517/1685/433 1518/1686/434 1451/1613/369 
f 1455/1617/502 1451/1613/369 1518/1686/434 1519/1687/435 
f 1455/1617/502 1519/1687/435 1520/1688/504 1458/1620/373 
f 1521/1689/437 1459/1621/376 1458/1620/373 1520/1688/504 
f 1459/1621/376 1521/1689/437 1522/1690/438 1462/1624/377 
f 1188/1343/103 1183/1338/99 1462/1624/377 1522/1690/438 
f 1523/1691/439 1517/1692/433 1454/1625/368 1464/1628/380 
f 1466/1630/503 1524/1693/440 1523/1691/439 1464/1628/380 
f 1466/1630/503 1467/1631/384 1525/1694/441 1524/1693/440 
f 1469/1633/386 1526/1695/442 1525/1694/441 1467/1631/384 
f 1527/1696/443 1526/1695/442 1469/1633/386 1472/1636/388 
f 1472/1636/388 1172/1328/90 1171/1327/89 1527/1696/443 
f 1377/1532/290 1528/1697/273 1529/1698/444 1374/1529/291 
f 1529/1698/444 1530/1699/445 1378/1533/495 1374/1529/291 
f 1378/1533/495 1530/1699/445 1531/1700/446 1381/1536/297 
f 1381/1536/297 1531/1700/446 1532/1701/447 1382/1537/298 
f 1532/1701/447 1533/1702/448 1385/1540/300 1382/1537/298 
f 1175/1331/93 1385/1540/300 1533/1702/448 1176/1332/94 
f 1377/1541/290 1387/1544/303 1534/1703/449 1528/1704/273 
f 1389/1546/305 1535/1705/450 1534/1703/449 1387/1544/303 
f 1535/1705/450 1389/1546/305 1390/1547/307 1536/1706/451 
f 1393/1550/308 1537/1707/452 1536/1706/451 1390/1547/307 
f 1537/1707/452 1393/1550/308 1395/1552/311 1538/1708/453 
f 1189/1344/105 1538/1708/453 1395/1552/311 1186/1341/102 
f 1260/1415/175 1346/1501/262 1347/1502/263 1259/1414/176 
f 1259/1414/176 1347/1502/263 1348/1503/467 1261/1416/177 
f 1261/1416/177 1348/1503/467 1349/1504/265 1262/1417/178 
f 1262/1417/178 1349/1504/265 1350/1505/493 1263/1418/179 
f 1263/1418/179 1350/1505/493 1351/1506/494 1264/1419/180 
f 1264/1419/180 1351/1506/494 1271/1426/487 1258/1413/174 
f 1340/1495/256 1266/1421/182 1265/1420/181 1341/1496/257 
f 1265/1420/181 1267/1422/456 1342/1497/464 1341/1496/257 
f 1268/1423/184 1343/1498/259 1342/1497/464 1267/1422/456 
f 1268/1423/184 1269/1424/486 1344/1499/260 1343/1498/259 
f 1270/1425/186 1345/1500/261 1344/1499/260 1269/1424/486 
f 1270/1425/186 1271/1426/487 1339/1494/255 1345/1500/261 
f 1440/1607/496 1507/1674/422 1506/1673/423 1446/1608/499 
f 1446/1608/499 1506/1673/423 1508/1675/424 1447/1609/363 
f 1447/1609/363 1508/1675/424 1509/1676/425 1448/1610/364 
f 1449/1611/500 1448/1610/364 1509/1676/425 1510/1677/426 
f 1511/1678/427 1450/1612/501 1449/1611/500 1510/1677/426 
f 1511/1678/427 1334/1489/250 1346/1501/262 1450/1612/501 
f 1440/1601/496 1441/1602/497 1512/1680/428 1507/1679/422 
f 1442/1603/358 1513/1681/429 1512/1680/428 1441/1602/497 
f 1513/1681/429 1442/1603/358 1443/1604/359 1514/1682/430 
f 1443/1604/359 1444/1605/498 1515/1683/431 1514/1682/430 
f 1445/1606/361 1516/1684/432 1515/1683/431 1444/1605/498 
f 1340/1495/256 1516/1684/432 1445/1606/361 1266/1421/182 
f 1539/1709/89 1540/1710/90 1541/1710/87 1542/1711/88 
f 1543/1712/93 1544/1713/94 1545/1714/91 1546/1715/92 
f 1547/1716/95 1541/1710/87 1540/1710/90 
f 1546/1715/92 1548/1717/96 1543/1712/93 
f 1549/1718/97 1550/1719/98 1551/1718/99 
f 1552/1720/100 1553/1721/101 1554/1722/102 
f 1555/1723/104 1549/1718/97 1551/1718/99 1556/1724/103 
f 1553/1721/101 1557/1725/106 1558/1726/105 1554/1722/102 
f 1548/1717/96 1546/1715/92 1559/1727/107 1560/1728/108 
f 1561/1729/110 1560/1728/108 1559/1727/107 1562/1730/109 
f 1562/1730/109 1563/1731/112 1564/1732/111 1561/1729/110 
f 1565/1733/113 1566/1734/114 1564/1732/111 1563/1731/112 
f 1567/1735/116 1566/1734/114 1565/1733/113 1568/1736/115 
f 1569/1737/117 1567/1735/116 1568/1736/115 1570/1738/118 
f 1553/1721/101 1552/1720/100 1571/1739/119 1572/1740/120 
f 1573/1741/122 1572/1740/120 1571/1739/119 1574/1742/121 
f 1574/1742/121 1575/1743/123 1576/1744/124 1573/1741/122 
f 1575/1743/123 1577/1745/125 1578/1746/126 1576/1744/124 
f 1577/1745/125 1579/1747/128 1580/1748/127 1578/1746/126 
f 1570/1738/118 1580/1748/127 1579/1747/128 1569/1737/117 
f 1581/1749/129 1548/1717/96 1560/1728/108 1582/1750/130 
f 1582/1750/130 1560/1728/108 1561/1729/110 1583/1751/131 
f 1583/1751/131 1561/1729/110 1564/1732/111 1584/1752/132 
f 1584/1752/132 1564/1732/111 1566/1734/114 1585/1753/133 
f 1585/1753/133 1566/1734/114 1567/1735/116 1586/1754/134 
f 1586/1754/134 1567/1735/116 1569/1737/117 1587/1755/135 
f 1588/1756/137 1589/1757/136 1571/1739/119 1552/1720/100 
f 1590/1758/138 1574/1742/121 1571/1739/119 1589/1757/136 
f 1590/1758/138 1591/1759/454 1575/1743/123 1574/1742/121 
f 1577/1745/125 1575/1743/123 1591/1759/454 1592/1760/140 
f 1593/1761/141 1579/1747/128 1577/1745/125 1592/1760/140 
f 1579/1747/128 1593/1761/141 1587/1755/135 1569/1737/117 
f 1594/1762/143 1581/1749/129 1582/1750/130 1595/1763/505 
f 1595/1763/505 1582/1750/130 1583/1751/131 1596/1764/144 
f 1596/1764/144 1583/1751/131 1584/1752/132 1597/1765/455 
f 1597/1765/455 1584/1752/132 1585/1753/133 1598/1766/146 
f 1598/1766/146 1585/1753/133 1586/1754/134 1599/1767/147 
f 1599/1767/147 1586/1754/134 1587/1755/135 1600/1768/148 
f 1601/1769/149 1602/1770/150 1589/1757/136 1588/1756/137 
f 1602/1770/150 1603/1771/151 1590/1758/138 1589/1757/136 
f 1603/1771/151 1604/1772/152 1591/1759/454 1590/1758/138 
f 1604/1772/152 1605/1773/153 1592/1760/140 1591/1759/454 
f 1592/1760/140 1605/1773/153 1606/1774/154 1593/1761/141 
f 1593/1761/141 1606/1774/154 1600/1768/148 1587/1755/135 
f 1594/1762/143 1595/1763/505 1607/1775/506 1608/1776/156 
f 1596/1764/144 1609/1777/157 1607/1775/506 1595/1763/505 
f 1596/1764/144 1597/1765/455 1610/1778/158 1609/1777/157 
f 1610/1778/158 1597/1765/455 1598/1766/146 1611/1779/159 
f 1598/1766/146 1599/1767/147 1612/1780/160 1611/1779/159 
f 1600/1768/148 1613/1781/161 1612/1780/160 1599/1767/147 
f 1601/1769/149 1614/1782/162 1615/1783/507 1602/1770/150 
f 1602/1770/150 1615/1783/507 1616/1784/164 1603/1771/151 
f 1603/1771/151 1616/1784/164 1617/1785/165 1604/1772/152 
f 1617/1785/165 1618/1786/166 1605/1773/153 1604/1772/152 
f 1618/1786/166 1619/1787/167 1606/1774/154 1605/1773/153 
f 1613/1781/161 1600/1768/148 1606/1774/154 1619/1787/167 
f 1608/1776/156 1607/1775/506 1620/1788/169 1621/1789/168 
f 1620/1788/169 1607/1775/506 1609/1777/157 1622/1790/170 
f 1609/1777/157 1610/1778/158 1623/1791/171 1622/1790/170 
f 1623/1791/171 1610/1778/158 1611/1779/159 1624/1792/172 
f 1611/1779/159 1612/1780/160 1625/1793/173 1624/1792/172 
f 1625/1793/173 1612/1780/160 1613/1781/161 1626/1794/174 
f 1627/1795/176 1615/1783/507 1614/1782/162 1628/1796/175 
f 1627/1795/176 1629/1797/177 1616/1784/164 1615/1783/507 
f 1616/1784/164 1629/1797/177 1630/1798/178 1617/1785/165 
f 1631/1799/179 1618/1786/166 1617/1785/165 1630/1798/178 
f 1631/1799/179 1632/1800/180 1619/1787/167 1618/1786/166 
f 1613/1781/161 1619/1787/167 1632/1800/180 1626/1794/174 
f 1620/1788/169 1633/1801/181 1634/1802/182 1621/1789/168 
f 1633/1801/181 1620/1788/169 1622/1790/170 1635/1803/183 
f 1635/1803/183 1622/1790/170 1623/1791/171 1636/1804/184 
f 1636/1804/184 1623/1791/171 1624/1792/172 1637/1805/185 
f 1637/1805/185 1624/1792/172 1625/1793/173 1638/1806/457 
f 1625/1793/173 1626/1794/174 1639/1807/487 1638/1806/457 
f 1550/1719/98 1549/1718/97 1640/1808/188 1641/1809/189 
f 1642/1810/190 1643/1811/191 1641/1809/189 1640/1808/188 
f 1642/1810/190 1644/1812/192 1645/1813/193 1643/1811/191 
f 1646/1814/194 1647/1815/195 1645/1813/193 1644/1812/192 
f 1648/1816/508 1647/1815/195 1646/1814/194 1649/1817/196 
f 1649/1817/196 1650/1818/198 1651/1819/199 1648/1816/508 
f 1547/1716/95 1652/1820/201 1653/1821/200 1541/1710/87 
f 1654/1822/203 1653/1821/200 1652/1820/201 1655/1823/202 
f 1656/1824/204 1657/1825/205 1654/1822/203 1655/1823/202 
f 1658/1826/206 1657/1825/205 1656/1824/204 1659/1827/207 
f 1659/1827/207 1660/1828/208 1661/1829/209 1658/1826/206 
f 1650/1818/198 1661/1829/209 1660/1828/208 1651/1819/199 
f 1641/1809/189 1662/1830/211 1663/1831/210 1550/1719/98 
f 1662/1830/211 1641/1809/189 1643/1811/191 1664/1832/212 
f 1664/1832/212 1643/1811/191 1645/1813/193 1665/1833/213 
f 1665/1833/213 1645/1813/193 1647/1815/195 1666/1834/214 
f 1666/1834/214 1647/1815/195 1648/1816/508 1667/1835/215 
f 1667/1835/215 1648/1816/508 1651/1819/199 1668/1836/216 
f 1652/1820/201 1547/1716/95 1669/1837/218 1670/1838/217 
f 1671/1839/219 1655/1823/202 1652/1820/201 1670/1838/217 
f 1671/1839/219 1672/1840/220 1656/1824/204 1655/1823/202 
f 1659/1827/207 1656/1824/204 1672/1840/220 1673/1841/221 
f 1674/1842/222 1660/1828/208 1659/1827/207 1673/1841/221 
f 1660/1828/208 1674/1842/222 1668/1836/216 1651/1819/199 
f 1675/1843/458 1663/1831/210 1662/1830/211 1676/1844/223 
f 1676/1844/223 1662/1830/211 1664/1832/212 1677/1845/225 
f 1677/1845/225 1664/1832/212 1665/1833/213 1678/1846/490 
f 1678/1846/490 1665/1833/213 1666/1834/214 1679/1847/459 
f 1679/1847/459 1666/1834/214 1667/1835/215 1680/1848/228 
f 1680/1848/228 1667/1835/215 1668/1836/216 1681/1849/229 
f 1682/1850/460 1683/1851/231 1670/1838/217 1669/1837/218 
f 1683/1851/231 1684/1852/232 1671/1839/219 1670/1838/217 
f 1685/1853/233 1672/1840/220 1671/1839/219 1684/1852/232 
f 1685/1853/233 1686/1854/462 1673/1841/221 1672/1840/220 
f 1686/1854/462 1687/1855/235 1674/1842/222 1673/1841/221 
f 1668/1836/216 1674/1842/222 1687/1855/235 1681/1849/229 
f 1676/1844/223 1688/1856/236 1689/1857/237 1675/1843/458 
f 1677/1845/225 1690/1858/238 1688/1856/236 1676/1844/223 
f 1678/1846/490 1691/1859/239 1690/1858/238 1677/1845/225 
f 1691/1859/239 1678/1846/490 1679/1847/459 1692/1860/240 
f 1680/1848/228 1693/1861/241 1692/1860/240 1679/1847/459 
f 1681/1849/229 1694/1862/242 1693/1861/241 1680/1848/228 
f 1695/1863/243 1696/1864/244 1683/1851/231 1682/1850/460 
f 1696/1864/244 1697/1865/245 1684/1852/232 1683/1851/231 
f 1685/1853/233 1684/1852/232 1697/1865/245 1698/1866/246 
f 1685/1853/233 1698/1866/246 1699/1867/247 1686/1854/462 
f 1686/1854/462 1699/1867/247 1700/1868/248 1687/1855/235 
f 1694/1862/242 1681/1849/229 1687/1855/235 1700/1868/248 
f 1688/1856/236 1701/1869/249 1702/1870/250 1689/1857/237 
f 1701/1869/249 1688/1856/236 1690/1858/238 1703/1871/463 
f 1703/1871/463 1690/1858/238 1691/1859/239 1704/1872/252 
f 1692/1860/240 1705/1873/253 1704/1872/252 1691/1859/239 
f 1693/1861/241 1706/1874/254 1705/1873/253 1692/1860/240 
f 1707/1875/255 1706/1874/254 1693/1861/241 1694/1862/242 
f 1708/1876/256 1709/1877/257 1696/1864/244 1695/1863/243 
f 1710/1878/464 1697/1865/245 1696/1864/244 1709/1877/257 
f 1697/1865/245 1710/1878/464 1711/1879/259 1698/1866/246 
f 1712/1880/260 1699/1867/247 1698/1866/246 1711/1879/259 
f 1699/1867/247 1712/1880/260 1713/1881/261 1700/1868/248 
f 1713/1881/261 1707/1875/255 1694/1862/242 1700/1868/248 
f 1714/1882/465 1702/1870/250 1701/1869/249 1715/1883/466 
f 1715/1883/466 1701/1869/249 1703/1871/463 1716/1884/467 
f 1703/1871/463 1704/1872/252 1717/1885/509 1716/1884/467 
f 1717/1885/509 1704/1872/252 1705/1873/253 1718/1886/266 
f 1706/1874/254 1719/1887/267 1718/1886/266 1705/1873/253 
f 1707/1875/255 1639/1807/487 1719/1887/267 1706/1874/254 
f 1640/1808/188 1549/1718/97 1555/1723/104 1720/1888/268 
f 1640/1808/188 1720/1888/268 1721/1889/269 1642/1810/190 
f 1642/1810/190 1721/1889/269 1722/1890/270 1644/1812/192 
f 1644/1812/192 1722/1890/270 1723/1891/271 1646/1814/194 
f 1723/1891/271 1724/1892/272 1649/1817/196 1646/1814/194 
f 1649/1817/196 1724/1892/272 1725/1893/273 1650/1818/198 
f 1653/1821/200 1726/1894/274 1542/1711/88 1541/1710/87 
f 1653/1821/200 1654/1822/203 1727/1895/275 1726/1894/274 
f 1657/1825/205 1728/1896/276 1727/1895/275 1654/1822/203 
f 1657/1825/205 1658/1826/206 1729/1897/277 1728/1896/276 
f 1729/1897/277 1658/1826/206 1661/1829/209 1730/1898/278 
f 1730/1898/278 1661/1829/209 1650/1818/198 1725/1893/273 
f 1546/1715/92 1545/1714/91 1731/1899/279 1559/1727/107 
f 1559/1727/107 1731/1899/279 1732/1900/280 1562/1730/109 
f 1562/1730/109 1732/1900/280 1733/1901/281 1563/1731/112 
f 1734/1902/282 1565/1733/113 1563/1731/112 1733/1901/281 
f 1734/1902/282 1735/1903/283 1568/1736/115 1565/1733/113 
f 1736/1904/284 1570/1738/118 1568/1736/115 1735/1903/283 
f 1572/1740/120 1737/1905/285 1557/1725/106 1553/1721/101 
f 1572/1740/120 1573/1741/122 1738/1906/286 1737/1905/285 
f 1573/1741/122 1576/1744/124 1739/1907/287 1738/1906/286 
f 1578/1746/126 1740/1908/288 1739/1907/287 1576/1744/124 
f 1740/1908/288 1578/1746/126 1580/1748/127 1741/1909/289 
f 1741/1909/289 1580/1748/127 1570/1738/118 1736/1904/284 
f 1742/1910/291 1743/1911/292 1744/1912/293 1745/1913/290 
f 1742/1910/291 1746/1914/510 1747/1915/295 1743/1911/292 
f 1748/1916/296 1747/1915/295 1746/1914/510 1749/1917/297 
f 1750/1918/298 1751/1919/299 1748/1916/296 1749/1917/297 
f 1752/1920/301 1751/1919/299 1750/1918/298 1753/1921/300 
f 1753/1921/300 1543/1712/93 1548/1717/96 1752/1920/301 
f 1745/1922/290 1744/1923/293 1754/1924/302 1755/1925/303 
f 1756/1926/304 1757/1927/469 1755/1925/303 1754/1924/302 
f 1758/1928/307 1757/1927/469 1756/1926/304 1759/1929/306 
f 1759/1929/306 1760/1930/309 1761/1931/308 1758/1928/307 
f 1760/1930/309 1762/1932/310 1763/1933/311 1761/1931/308 
f 1552/1720/100 1554/1722/102 1763/1933/311 1762/1932/310 
f 1764/1934/312 1744/1912/293 1743/1911/292 1765/1935/313 
f 1765/1935/313 1743/1911/292 1747/1915/295 1766/1936/314 
f 1766/1936/314 1747/1915/295 1748/1916/296 1767/1937/315 
f 1751/1919/299 1768/1938/316 1767/1937/315 1748/1916/296 
f 1768/1938/316 1751/1919/299 1752/1920/301 1769/1939/317 
f 1752/1920/301 1548/1717/96 1581/1749/129 1769/1939/317 
f 1754/1924/302 1744/1923/293 1764/1940/312 1770/1941/318 
f 1770/1941/318 1771/1942/319 1756/1926/304 1754/1924/302 
f 1772/1943/320 1759/1929/306 1756/1926/304 1771/1942/319 
f 1759/1929/306 1772/1943/320 1773/1944/321 1760/1930/309 
f 1773/1944/321 1774/1945/322 1762/1932/310 1760/1930/309 
f 1588/1756/137 1552/1720/100 1762/1932/310 1774/1945/322 
f 1775/1946/324 1764/1934/312 1765/1935/313 1776/1947/323 
f 1776/1947/323 1765/1935/313 1766/1936/314 1777/1948/325 
f 1777/1948/325 1766/1936/314 1767/1937/315 1778/1949/326 
f 1767/1937/315 1768/1938/316 1779/1950/327 1778/1949/326 
f 1779/1950/327 1768/1938/316 1769/1939/317 1780/1951/328 
f 1769/1939/317 1581/1749/129 1594/1762/143 1780/1951/328 
f 1775/1952/324 1781/1953/329 1770/1941/318 1764/1940/312 
f 1781/1953/329 1782/1954/330 1771/1942/319 1770/1941/318 
f 1782/1954/330 1783/1955/331 1772/1943/320 1771/1942/319 
f 1783/1955/331 1784/1956/332 1773/1944/321 1772/1943/320 
f 1784/1956/332 1785/1957/333 1774/1945/322 1773/1944/321 
f 1601/1769/149 1588/1756/137 1774/1945/322 1785/1957/333 
f 1775/1946/324 1776/1947/323 1786/1958/334 1787/1959/335 
f 1777/1948/325 1788/1960/336 1786/1958/334 1776/1947/323 
f 1777/1948/325 1778/1949/326 1789/1961/337 1788/1960/336 
f 1789/1961/337 1778/1949/326 1779/1950/327 1790/1962/338 
f 1779/1950/327 1780/1951/328 1791/1963/339 1790/1962/338 
f 1780/1951/328 1594/1762/143 1608/1776/156 1791/1963/339 
f 1787/1964/335 1792/1965/340 1781/1953/329 1775/1952/324 
f 1781/1953/329 1792/1965/340 1793/1966/341 1782/1954/330 
f 1782/1954/330 1793/1966/341 1794/1967/342 1783/1955/331 
f 1795/1968/343 1784/1956/332 1783/1955/331 1794/1967/342 
f 1796/1969/344 1785/1957/333 1784/1956/332 1795/1968/343 
f 1601/1769/149 1785/1957/333 1796/1969/344 1614/1782/162 
f 1797/1970/345 1787/1959/335 1786/1958/334 1798/1971/346 
f 1786/1958/334 1788/1960/336 1799/1972/347 1798/1971/346 
f 1799/1972/347 1788/1960/336 1789/1961/337 1800/1973/348 
f 1789/1961/337 1790/1962/338 1801/1974/349 1800/1973/348 
f 1801/1974/349 1790/1962/338 1791/1963/339 1802/1975/350 
f 1791/1963/339 1608/1776/156 1621/1789/168 1802/1975/350 
f 1797/1976/345 1803/1977/351 1792/1965/340 1787/1964/335 
f 1803/1977/351 1804/1978/352 1793/1966/341 1792/1965/340 
f 1793/1966/341 1804/1978/352 1805/1979/353 1794/1967/342 
f 1805/1979/353 1806/1980/354 1795/1968/343 1794/1967/342 
f 1807/1981/355 1796/1969/344 1795/1968/343 1806/1980/354 
f 1807/1981/355 1628/1796/175 1614/1782/162 1796/1969/344 
f 1808/1982/356 1797/1970/345 1798/1971/346 1809/1983/357 
f 1798/1971/346 1799/1972/347 1810/1984/358 1809/1983/357 
f 1810/1984/358 1799/1972/347 1800/1973/348 1811/1985/359 
f 1812/1986/360 1811/1985/359 1800/1973/348 1801/1974/349 
f 1812/1986/360 1801/1974/349 1802/1975/350 1813/1987/361 
f 1802/1975/350 1621/1789/168 1634/1802/182 1813/1987/361 
f 1797/1976/345 1808/1988/356 1814/1989/362 1803/1977/351 
f 1814/1989/362 1815/1990/363 1804/1978/352 1803/1977/351 
f 1816/1991/364 1805/1979/353 1804/1978/352 1815/1990/363 
f 1816/1991/364 1817/1992/365 1806/1980/354 1805/1979/353 
f 1817/1992/365 1818/1993/366 1807/1981/355 1806/1980/354 
f 1807/1981/355 1818/1993/366 1714/1882/465 1628/1796/175 
f 1819/1994/369 1820/1995/370 1821/1996/367 1822/1997/368 
f 1819/1994/369 1823/1998/473 1824/1999/474 1820/1995/370 
f 1825/2000/373 1826/2001/374 1824/1999/474 1823/1998/473 
f 1827/2002/376 1828/2003/375 1826/2001/374 1825/2000/373 
f 1829/2004/378 1828/2003/375 1827/2002/376 1830/2005/377 
f 1550/1719/98 1829/2004/378 1830/2005/377 1551/1718/99 
f 1822/2006/368 1821/2007/367 1831/2008/379 1832/2009/380 
f 1833/2010/511 1834/2011/475 1832/2009/380 1831/2008/379 
f 1835/2012/384 1834/2011/475 1833/2010/511 1836/2013/383 
f 1837/2014/386 1835/2012/384 1836/2013/383 1838/2015/385 
f 1838/2015/385 1839/2016/387 1840/2017/388 1837/2014/386 
f 1840/2017/388 1839/2016/387 1547/1716/95 1540/1710/90 
f 1841/2018/390 1821/1996/367 1820/1995/370 1842/2019/389 
f 1842/2019/389 1820/1995/370 1824/1999/474 1843/2020/391 
f 1843/2020/391 1824/1999/474 1826/2001/374 1844/2021/392 
f 1828/2003/375 1845/2022/393 1844/2021/392 1826/2001/374 
f 1845/2022/393 1828/2003/375 1829/2004/378 1846/2023/394 
f 1550/1719/98 1663/1831/210 1846/2023/394 1829/2004/378 
f 1831/2008/379 1821/2007/367 1841/2024/390 1847/2025/395 
f 1847/2025/395 1848/2026/396 1833/2010/511 1831/2008/379 
f 1849/2027/397 1836/2013/383 1833/2010/511 1848/2026/396 
f 1850/2028/398 1838/2015/385 1836/2013/383 1849/2027/397 
f 1850/2028/398 1851/2029/399 1839/2016/387 1838/2015/385 
f 1669/1837/218 1547/1716/95 1839/2016/387 1851/2029/399 
f 1841/2018/390 1842/2019/389 1852/2030/401 1853/2031/400 
f 1842/2019/389 1843/2020/391 1854/2032/402 1852/2030/401 
f 1843/2020/391 1844/2021/392 1855/2033/403 1854/2032/402 
f 1855/2033/403 1844/2021/392 1845/2022/393 1856/2034/404 
f 1845/2022/393 1846/2023/394 1857/2035/405 1856/2034/404 
f 1675/1843/458 1857/2035/405 1846/2023/394 1663/1831/210 
f 1853/2036/400 1858/2037/406 1847/2025/395 1841/2024/390 
f 1858/2037/406 1859/2038/407 1848/2026/396 1847/2025/395 
f 1859/2038/407 1860/2039/408 1849/2027/397 1848/2026/396 
f 1850/2028/398 1849/2027/397 1860/2039/408 1861/2040/409 
f 1850/2028/398 1861/2040/409 1862/2041/410 1851/2029/399 
f 1862/2041/410 1682/1850/460 1669/1837/218 1851/2029/399 
f 1852/2030/401 1863/2042/411 1864/2043/412 1853/2031/400 
f 1863/2042/411 1852/2030/401 1854/2032/402 1865/2044/413 
f 1855/2033/403 1866/2045/414 1865/2044/413 1854/2032/402 
f 1866/2045/414 1855/2033/403 1856/2034/404 1867/2046/415 
f 1867/2046/415 1856/2034/404 1857/2035/405 1868/2047/416 
f 1689/1857/237 1868/2047/416 1857/2035/405 1675/1843/458 
f 1869/2048/417 1858/2037/406 1853/2036/400 1864/2049/412 
f 1858/2037/406 1869/2048/417 1870/2050/418 1859/2038/407 
f 1871/2051/419 1860/2039/408 1859/2038/407 1870/2050/418 
f 1860/2039/408 1871/2051/419 1872/2052/420 1861/2040/409 
f 1861/2040/409 1872/2052/420 1873/2053/421 1862/2041/410 
f 1695/1863/243 1682/1850/460 1862/2041/410 1873/2053/421 
f 1874/2054/423 1875/2055/422 1864/2043/412 1863/2042/411 
f 1876/2056/424 1874/2054/423 1863/2042/411 1865/2044/413 
f 1877/2057/425 1876/2056/424 1865/2044/413 1866/2045/414 
f 1866/2045/414 1867/2046/415 1878/2058/426 1877/2057/425 
f 1879/2059/427 1878/2058/426 1867/2046/415 1868/2047/416 
f 1689/1857/237 1702/1870/250 1879/2059/427 1868/2047/416 
f 1875/2060/422 1880/2061/428 1869/2048/417 1864/2049/412 
f 1869/2048/417 1880/2061/428 1881/2062/429 1870/2050/418 
f 1870/2050/418 1881/2062/429 1882/2063/430 1871/2051/419 
f 1882/2063/430 1883/2064/431 1872/2052/420 1871/2051/419 
f 1872/2052/420 1883/2064/431 1884/2065/432 1873/2053/421 
f 1884/2065/432 1708/1876/256 1695/1863/243 1873/2053/421 
f 1822/1997/368 1885/2066/433 1886/2067/434 1819/1994/369 
f 1887/2068/435 1823/1998/473 1819/1994/369 1886/2067/434 
f 1823/1998/473 1887/2068/435 1888/2069/436 1825/2000/373 
f 1889/2070/437 1827/2002/376 1825/2000/373 1888/2069/436 
f 1827/2002/376 1889/2070/437 1890/2071/438 1830/2005/377 
f 1556/1724/103 1551/1718/99 1830/2005/377 1890/2071/438 
f 1891/2072/439 1885/2073/433 1822/2006/368 1832/2009/380 
f 1834/2011/475 1892/2074/440 1891/2072/439 1832/2009/380 
f 1834/2011/475 1835/2012/384 1893/2075/441 1892/2074/440 
f 1837/2014/386 1894/2076/442 1893/2075/441 1835/2012/384 
f 1895/2077/443 1894/2076/442 1837/2014/386 1840/2017/388 
f 1840/2017/388 1540/1710/90 1539/1709/89 1895/2077/443 
f 1745/1913/290 1896/2078/478 1897/2079/444 1742/1910/291 
f 1897/2079/444 1898/2080/445 1746/1914/510 1742/1910/291 
f 1746/1914/510 1898/2080/445 1899/2081/446 1749/1917/297 
f 1749/1917/297 1899/2081/446 1900/2082/480 1750/1918/298 
f 1900/2082/480 1901/2083/481 1753/1921/300 1750/1918/298 
f 1543/1712/93 1753/1921/300 1901/2083/481 1544/1713/94 
f 1745/1922/290 1755/1925/303 1902/2084/482 1896/2085/478 
f 1757/1927/469 1903/2086/450 1902/2084/482 1755/1925/303 
f 1903/2086/450 1757/1927/469 1758/1928/307 1904/2087/451 
f 1761/1931/308 1905/2088/452 1904/2087/451 1758/1928/307 
f 1905/2088/452 1761/1931/308 1763/1933/311 1906/2089/453 
f 1558/1726/105 1906/2089/453 1763/1933/311 1554/1722/102 
f 1628/1796/175 1714/1882/465 1715/1883/466 1627/1795/176 
f 1627/1795/176 1715/1883/466 1716/1884/467 1629/1797/177 
f 1629/1797/177 1716/1884/467 1717/1885/509 1630/1798/178 
f 1630/1798/178 1717/1885/509 1718/1886/266 1631/1799/179 
f 1631/1799/179 1718/1886/266 1719/1887/267 1632/1800/180 
f 1632/1800/180 1719/1887/267 1639/1807/487 1626/1794/174 
f 1708/1876/256 1634/1802/182 1633/1801/181 1709/1877/257 
f 1633/1801/181 1635/1803/183 1710/1878/464 1709/1877/257 
f 1636/1804/184 1711/1879/259 1710/1878/464 1635/1803/183 
f 1636/1804/184 1637/1805/185 1712/1880/260 1711/1879/259 
f 1638/1806/457 1713/1881/261 1712/1880/260 1637/1805/185 
f 1638/1806/457 1639/1807/487 1707/1875/255 1713/1881/261 
f 1808/1988/356 1875/2055/422 1874/2054/423 1814/1989/362 
f 1814/1989/362 1874/2054/423 1876/2056/424 1815/1990/363 
f 1815/1990/363 1876/2056/424 1877/2057/425 1816/1991/364 
f 1817/1992/365 1816/1991/364 1877/2057/425 1878/2058/426 
f 1879/2059/427 1818/1993/366 1817/1992/365 1878/2058/426 
f 1879/2059/427 1702/1870/250 1714/1882/465 1818/1993/366 
f 1808/1982/356 1809/1983/357 1880/2061/428 1875/2060/422 
f 1810/1984/358 1881/2062/429 1880/2061/428 1809/1983/357 
f 1881/2062/429 1810/1984/358 1811/1985/359 1882/2063/430 
f 1811/1985/359 1812/1986/360 1883/2064/431 1882/2063/430 
f 1813/1987/361 1884/2065/432 1883/2064/431 1812/1986/360 
f 1708/1876/256 1884/2065/432 1813/1987/361 1634/1802/182 
f 1907/2090/89 1908/2091/90 1909/2092/87 1910/2093/88 
f 1911/2094/93 1912/2095/94 1913/2096/91 1914/2097/92 
f 1915/2098/95 1909/2092/87 1908/2091/90 
f 1914/2097/92 1916/2099/96 1911/2094/93 
f 1917/2100/97 1918/2101/98 1919/2102/99 
f 1920/2103/100 1921/2104/101 1922/2105/102 
f 1923/2106/104 1917/2100/97 1919/2102/99 1924/2107/103 
f 1921/2104/101 1925/2108/106 1926/2109/105 1922/2105/102 
f 1916/2099/96 1914/2097/92 1927/2110/107 1928/2111/108 
f 1929/2112/110 1928/2111/108 1927/2110/107 1930/2113/109 
f 1930/2113/109 1931/2114/112 1932/2115/111 1929/2112/110 
f 1933/2116/113 1934/2117/114 1932/2115/111 1931/2114/112 
f 1935/2118/116 1934/2117/114 1933/2116/113 1936/2119/115 
f 1937/2120/117 1935/2118/116 1936/2119/115 1938/2121/118 
f 1921/2104/101 1920/2103/100 1939/2122/119 1940/2123/120 
f 1941/2124/122 1940/2123/120 1939/2122/119 1942/2125/121 
f 1942/2125/121 1943/2126/123 1944/2127/124 1941/2124/122 
f 1943/2126/123 1945/2128/125 1946/2129/126 1944/2127/124 
f 1945/2128/125 1947/2130/512 1948/2131/127 1946/2129/126 
f 1938/2121/118 1948/2131/127 1947/2130/512 1937/2120/117 
f 1949/2132/129 1916/2099/96 1928/2111/108 1950/2133/130 
f 1950/2133/130 1928/2111/108 1929/2112/110 1951/2134/131 
f 1951/2134/131 1929/2112/110 1932/2115/111 1952/2135/484 
f 1952/2135/484 1932/2115/111 1934/2117/114 1953/2136/133 
f 1953/2136/133 1934/2117/114 1935/2118/116 1954/2137/134 
f 1954/2137/134 1935/2118/116 1937/2120/117 1955/2138/135 
f 1956/2139/137 1957/2140/136 1939/2122/119 1920/2103/100 
f 1958/2141/138 1942/2125/121 1939/2122/119 1957/2140/136 
f 1958/2141/138 1959/2142/139 1943/2126/123 1942/2125/121 
f 1945/2128/125 1943/2126/123 1959/2142/139 1960/2143/140 
f 1961/2144/141 1947/2130/512 1945/2128/125 1960/2143/140 
f 1947/2130/512 1961/2144/141 1955/2138/135 1937/2120/117 
f 1962/2145/143 1949/2132/129 1950/2133/130 1963/2146/142 
f 1963/2146/142 1950/2133/130 1951/2134/131 1964/2147/144 
f 1964/2147/144 1951/2134/131 1952/2135/484 1965/2148/455 
f 1965/2148/455 1952/2135/484 1953/2136/133 1966/2149/513 
f 1966/2149/513 1953/2136/133 1954/2137/134 1967/2150/147 
f 1967/2150/147 1954/2137/134 1955/2138/135 1968/2151/148 
f 1969/2152/149 1970/2153/150 1957/2140/136 1956/2139/137 
f 1970/2153/150 1971/2154/151 1958/2141/138 1957/2140/136 
f 1971/2154/151 1972/2155/152 1959/2142/139 1958/2141/138 
f 1972/2155/152 1973/2156/514 1960/2143/140 1959/2142/139 
f 1960/2143/140 1973/2156/514 1974/2157/154 1961/2144/141 
f 1961/2144/141 1974/2157/154 1968/2151/148 1955/2138/135 
f 1962/2145/143 1963/2146/142 1975/2158/155 1976/2159/156 
f 1964/2147/144 1977/2160/157 1975/2158/155 1963/2146/142 
f 1964/2147/144 1965/2148/455 1978/2161/158 1977/2160/157 
f 1978/2161/158 1965/2148/455 1966/2149/513 1979/2162/159 
f 1966/2149/513 1967/2150/147 1980/2163/515 1979/2162/159 
f 1968/2151/148 1981/2164/161 1980/2163/515 1967/2150/147 
f 1969/2152/149 1982/2165/162 1983/2166/507 1970/2153/150 
f 1970/2153/150 1983/2166/507 1984/2167/164 1971/2154/151 
f 1971/2154/151 1984/2167/164 1985/2168/165 1972/2155/152 
f 1985/2168/165 1986/2169/166 1973/2156/514 1972/2155/152 
f 1986/2169/166 1987/2170/167 1974/2157/154 1973/2156/514 
f 1981/2164/161 1968/2151/148 1974/2157/154 1987/2170/167 
f 1976/2159/156 1975/2158/155 1988/2171/169 1989/2172/168 
f 1988/2171/169 1975/2158/155 1977/2160/157 1990/2173/170 
f 1977/2160/157 1978/2161/158 1991/2174/171 1990/2173/170 
f 1991/2174/171 1978/2161/158 1979/2162/159 1992/2175/172 
f 1979/2162/159 1980/2163/515 1993/2176/173 1992/2175/172 
f 1993/2176/173 1980/2163/515 1981/2164/161 1994/2177/174 
f 1995/2178/176 1983/2166/507 1982/2165/162 1996/2179/175 
f 1995/2178/176 1997/2180/177 1984/2167/164 1983/2166/507 
f 1984/2167/164 1997/2180/177 1998/2181/178 1985/2168/165 
f 1999/2182/179 1986/2169/166 1985/2168/165 1998/2181/178 
f 1999/2182/179 2000/2183/180 1987/2170/167 1986/2169/166 
f 1981/2164/161 1987/2170/167 2000/2183/180 1994/2177/174 
f 1988/2171/169 2001/2184/181 2002/2185/182 1989/2172/168 
f 2001/2184/181 1988/2171/169 1990/2173/170 2003/2186/183 
f 2003/2186/183 1990/2173/170 1991/2174/171 2004/2187/516 
f 2004/2187/516 1991/2174/171 1992/2175/172 2005/2188/185 
f 2005/2188/185 1992/2175/172 1993/2176/173 2006/2189/457 
f 1993/2176/173 1994/2177/174 2007/2190/187 2006/2189/457 
f 1918/2101/98 1917/2100/97 2008/2191/188 2009/2192/189 
f 2010/2193/190 2011/2194/191 2009/2192/189 2008/2191/188 
f 2012/2195/192 2013/2196/193 2011/2194/191 2010/2193/190 
f 2014/2197/194 2015/2198/195 2013/2196/193 2012/2195/192 
f 2016/2199/197 2015/2198/195 2014/2197/194 2017/2200/196 
f 2017/2200/196 2018/2201/198 2019/2202/199 2016/2199/197 
f 1915/2098/95 2020/2203/201 2021/2204/200 1909/2092/87 
f 2022/2205/203 2021/2204/200 2020/2203/201 2023/2206/202 
f 2024/2207/204 2025/2208/205 2022/2205/203 2023/2206/202 
f 2026/2209/206 2025/2208/205 2024/2207/204 2027/2210/207 
f 2027/2210/207 2028/2211/208 2029/2212/209 2026/2209/206 
f 2018/2201/198 2029/2212/209 2028/2211/208 2019/2202/199 
f 2009/2192/189 2030/2213/211 2031/2214/210 1918/2101/98 
f 2030/2213/211 2009/2192/189 2011/2194/191 2032/2215/212 
f 2032/2215/212 2011/2194/191 2013/2196/193 2033/2216/213 
f 2033/2216/213 2013/2196/193 2015/2198/195 2034/2217/214 
f 2034/2217/214 2015/2198/195 2016/2199/197 2035/2218/215 
f 2035/2218/215 2016/2199/197 2019/2202/199 2036/2219/216 
f 2020/2203/201 1915/2098/95 2037/2220/218 2038/2221/217 
f 2039/2222/219 2023/2206/202 2020/2203/201 2038/2221/217 
f 2039/2222/219 2040/2223/220 2024/2207/204 2023/2206/202 
f 2027/2210/207 2024/2207/204 2040/2223/220 2041/2224/221 
f 2042/2225/222 2028/2211/208 2027/2210/207 2041/2224/221 
f 2028/2211/208 2042/2225/222 2036/2219/216 2019/2202/199 
f 2043/2226/224 2031/2214/210 2030/2213/211 2044/2227/223 
f 2044/2227/223 2030/2213/211 2032/2215/212 2045/2228/225 
f 2045/2228/225 2032/2215/212 2033/2216/213 2046/2229/490 
f 2046/2229/490 2033/2216/213 2034/2217/214 2047/2230/227 
f 2047/2230/227 2034/2217/214 2035/2218/215 2048/2231/228 
f 2048/2231/228 2035/2218/215 2036/2219/216 2049/2232/229 
f 2050/2233/230 2051/2234/231 2038/2221/217 2037/2220/218 
f 2051/2234/231 2052/2235/232 2039/2222/219 2038/2221/217 
f 2053/2236/233 2040/2223/220 2039/2222/219 2052/2235/232 
f 2053/2236/233 2054/2237/234 2041/2224/221 2040/2223/220 
f 2054/2237/234 2055/2238/235 2042/2225/222 2041/2224/221 
f 2036/2219/216 2042/2225/222 2055/2238/235 2049/2232/229 
f 2044/2227/223 2056/2239/236 2057/2240/237 2043/2226/224 
f 2045/2228/225 2058/2241/238 2056/2239/236 2044/2227/223 
f 2046/2229/490 2059/2242/239 2058/2241/238 2045/2228/225 
f 2059/2242/239 2046/2229/490 2047/2230/227 2060/2243/240 
f 2048/2231/228 2061/2244/241 2060/2243/240 2047/2230/227 
f 2049/2232/229 2062/2245/242 2061/2244/241 2048/2231/228 
f 2063/2246/243 2064/2247/244 2051/2234/231 2050/2233/230 
f 2064/2247/244 2065/2248/245 2052/2235/232 2051/2234/231 
f 2053/2236/233 2052/2235/232 2065/2248/245 2066/2249/246 
f 2053/2236/233 2066/2249/246 2067/2250/247 2054/2237/234 
f 2054/2237/234 2067/2250/247 2068/2251/492 2055/2238/235 
f 2062/2245/242 2049/2232/229 2055/2238/235 2068/2251/492 
f 2056/2239/236 2069/2252/249 2070/2253/250 2057/2240/237 
f 2069/2252/249 2056/2239/236 2058/2241/238 2071/2254/463 
f 2071/2254/463 2058/2241/238 2059/2242/239 2072/2255/252 
f 2060/2243/240 2073/2256/253 2072/2255/252 2059/2242/239 
f 2061/2244/241 2074/2257/254 2073/2256/253 2060/2243/240 
f 2075/2258/255 2074/2257/254 2061/2244/241 2062/2245/242 
f 2076/2259/256 2077/2260/257 2064/2247/244 2063/2246/243 
f 2078/2261/464 2065/2248/245 2064/2247/244 2077/2260/257 
f 2065/2248/245 2078/2261/464 2079/2262/259 2066/2249/246 
f 2080/2263/260 2067/2250/247 2066/2249/246 2079/2262/259 
f 2067/2250/247 2080/2263/260 2081/2264/261 2068/2251/492 
f 2081/2264/261 2075/2258/255 2062/2245/242 2068/2251/492 
f 2082/2265/262 2070/2253/250 2069/2252/249 2083/2266/263 
f 2083/2266/263 2069/2252/249 2071/2254/463 2084/2267/264 
f 2071/2254/463 2072/2255/252 2085/2268/509 2084/2267/264 
f 2085/2268/509 2072/2255/252 2073/2256/253 2086/2269/493 
f 2074/2257/254 2087/2270/267 2086/2269/493 2073/2256/253 
f 2075/2258/255 2007/2190/187 2087/2270/267 2074/2257/254 
f 2008/2191/188 1917/2100/97 1923/2106/104 2088/2271/268 
f 2008/2191/188 2088/2271/268 2089/2272/269 2010/2193/190 
f 2010/2193/190 2089/2272/269 2090/2273/270 2012/2195/192 
f 2012/2195/192 2090/2273/270 2091/2274/271 2014/2197/194 
f 2091/2274/271 2092/2275/272 2017/2200/196 2014/2197/194 
f 2017/2200/196 2092/2275/272 2093/2276/273 2018/2201/198 
f 2021/2204/200 2094/2277/274 1910/2093/88 1909/2092/87 
f 2021/2204/200 2022/2205/203 2095/2278/275 2094/2277/274 
f 2025/2208/205 2096/2279/276 2095/2278/275 2022/2205/203 
f 2025/2208/205 2026/2209/206 2097/2280/277 2096/2279/276 
f 2097/2280/277 2026/2209/206 2029/2212/209 2098/2281/278 
f 2098/2281/278 2029/2212/209 2018/2201/198 2093/2276/273 
f 1914/2097/92 1913/2096/91 2099/2282/279 1927/2110/107 
f 1927/2110/107 2099/2282/279 2100/2283/280 1930/2113/109 
f 1930/2113/109 2100/2283/280 2101/2284/281 1931/2114/112 
f 2102/2285/282 1933/2116/113 1931/2114/112 2101/2284/281 
f 2102/2285/282 2103/2286/283 1936/2119/115 1933/2116/113 
f 2104/2287/284 1938/2121/118 1936/2119/115 2103/2286/283 
f 1940/2123/120 2105/2288/285 1925/2108/106 1921/2104/101 
f 1940/2123/120 1941/2124/122 2106/2289/286 2105/2288/285 
f 1941/2124/122 1944/2127/124 2107/2290/287 2106/2289/286 
f 1946/2129/126 2108/2291/288 2107/2290/287 1944/2127/124 
f 2108/2291/288 1946/2129/126 1948/2131/127 2109/2292/289 
f 2109/2292/289 1948/2131/127 1938/2121/118 2104/2287/284 
f 2110/2293/291 2111/2294/292 2112/2295/293 2113/2296/290 
f 2110/2293/291 2114/2297/495 2115/2298/468 2111/2294/292 
f 2116/2299/296 2115/2298/468 2114/2297/495 2117/2300/297 
f 2118/2301/298 2119/2302/299 2116/2299/296 2117/2300/297 
f 2120/2303/301 2119/2302/299 2118/2301/298 2121/2304/300 
f 2121/2304/300 1911/2094/93 1916/2099/96 2120/2303/301 
f 2113/2305/290 2112/2306/293 2122/2307/302 2123/2308/303 
f 2124/2309/517 2125/2310/518 2123/2308/303 2122/2307/302 
f 2126/2311/307 2125/2310/518 2124/2309/517 2127/2312/306 
f 2128/2313/309 2129/2314/308 2126/2311/307 2127/2312/306 
f 2128/2313/309 2130/2315/310 2131/2316/311 2129/2314/308 
f 1920/2103/100 1922/2105/102 2131/2316/311 2130/2315/310 
f 2132/2317/312 2112/2295/293 2111/2294/292 2133/2318/313 
f 2133/2318/313 2111/2294/292 2115/2298/468 2134/2319/314 
f 2134/2319/314 2115/2298/468 2116/2299/296 2135/2320/315 
f 2119/2302/299 2136/2321/316 2135/2320/315 2116/2299/296 
f 2136/2321/316 2119/2302/299 2120/2303/301 2137/2322/317 
f 2120/2303/301 1916/2099/96 1949/2132/129 2137/2322/317 
f 2122/2307/302 2112/2306/293 2132/2323/312 2138/2324/318 
f 2138/2324/318 2139/2325/319 2124/2309/517 2122/2307/302 
f 2140/2326/320 2127/2312/306 2124/2309/517 2139/2325/319 
f 2127/2312/306 2140/2326/320 2141/2327/321 2128/2313/309 
f 2141/2327/321 2142/2328/322 2130/2315/310 2128/2313/309 
f 1956/2139/137 1920/2103/100 2130/2315/310 2142/2328/322 
f 2143/2329/324 2132/2317/312 2133/2318/313 2144/2330/323 
f 2144/2330/323 2133/2318/313 2134/2319/314 2145/2331/325 
f 2145/2331/325 2134/2319/314 2135/2320/315 2146/2332/326 
f 2135/2320/315 2136/2321/316 2147/2333/327 2146/2332/326 
f 2147/2333/327 2136/2321/316 2137/2322/317 2148/2334/328 
f 2137/2322/317 1949/2132/129 1962/2145/143 2148/2334/328 
f 2143/2335/324 2149/2336/329 2138/2324/318 2132/2323/312 
f 2149/2336/329 2150/2337/330 2139/2325/319 2138/2324/318 
f 2150/2337/330 2151/2338/331 2140/2326/320 2139/2325/319 
f 2151/2338/331 2152/2339/332 2141/2327/321 2140/2326/320 
f 2152/2339/332 2153/2340/333 2142/2328/322 2141/2327/321 
f 1969/2152/149 1956/2139/137 2142/2328/322 2153/2340/333 
f 2143/2329/324 2144/2330/323 2154/2341/334 2155/2342/335 
f 2145/2331/325 2156/2343/336 2154/2341/334 2144/2330/323 
f 2145/2331/325 2146/2332/326 2157/2344/337 2156/2343/336 
f 2157/2344/337 2146/2332/326 2147/2333/327 2158/2345/338 
f 2147/2333/327 2148/2334/328 2159/2346/339 2158/2345/338 
f 2148/2334/328 1962/2145/143 1976/2159/156 2159/2346/339 
f 2155/2347/335 2160/2348/340 2149/2336/329 2143/2335/324 
f 2149/2336/329 2160/2348/340 2161/2349/341 2150/2337/330 
f 2150/2337/330 2161/2349/341 2162/2350/342 2151/2338/331 
f 2163/2351/343 2152/2339/332 2151/2338/331 2162/2350/342 
f 2164/2352/344 2153/2340/333 2152/2339/332 2163/2351/343 
f 1969/2152/149 2153/2340/333 2164/2352/344 1982/2165/162 
f 2165/2353/345 2155/2342/335 2154/2341/334 2166/2354/346 
f 2154/2341/334 2156/2343/336 2167/2355/347 2166/2354/346 
f 2167/2355/347 2156/2343/336 2157/2344/337 2168/2356/348 
f 2157/2344/337 2158/2345/338 2169/2357/349 2168/2356/348 
f 2169/2357/349 2158/2345/338 2159/2346/339 2170/2358/350 
f 2159/2346/339 1976/2159/156 1989/2172/168 2170/2358/350 
f 2165/2359/345 2171/2360/351 2160/2348/340 2155/2347/335 
f 2171/2360/351 2172/2361/352 2161/2349/341 2160/2348/340 
f 2161/2349/341 2172/2361/352 2173/2362/353 2162/2350/342 
f 2173/2362/353 2174/2363/354 2163/2351/343 2162/2350/342 
f 2175/2364/355 2164/2352/344 2163/2351/343 2174/2363/354 
f 2175/2364/355 1996/2179/175 1982/2165/162 2164/2352/344 
f 2176/2365/496 2165/2353/345 2166/2354/346 2177/2366/497 
f 2166/2354/346 2167/2355/347 2178/2367/470 2177/2366/497 
f 2178/2367/470 2167/2355/347 2168/2356/348 2179/2368/471 
f 2180/2369/498 2179/2368/471 2168/2356/348 2169/2357/349 
f 2180/2369/498 2169/2357/349 2170/2358/350 2181/2370/361 
f 2170/2358/350 1989/2172/168 2002/2185/182 2181/2370/361 
f 2165/2359/345 2176/2371/496 2182/2372/499 2171/2360/351 
f 2182/2372/499 2183/2373/519 2172/2361/352 2171/2360/351 
f 2184/2374/472 2173/2362/353 2172/2361/352 2183/2373/519 
f 2184/2374/472 2185/2375/500 2174/2363/354 2173/2362/353 
f 2185/2375/500 2186/2376/366 2175/2364/355 2174/2363/354 
f 2175/2364/355 2186/2376/366 2082/2265/262 1996/2179/175 
f 2187/2377/369 2188/2378/370 2189/2379/367 2190/2380/368 
f 2187/2377/369 2191/2381/502 2192/2382/372 2188/2378/370 
f 2193/2383/373 2194/2384/374 2192/2382/372 2191/2381/502 
f 2195/2385/376 2196/2386/375 2194/2384/374 2193/2383/373 
f 2197/2387/378 2196/2386/375 2195/2385/376 2198/2388/377 
f 1918/2101/98 2197/2387/378 2198/2388/377 1919/2102/99 
f 2190/2389/368 2189/2390/367 2199/2391/379 2200/2392/380 
f 2201/2393/381 2202/2394/503 2200/2392/380 2199/2391/379 
f 2203/2395/384 2202/2394/503 2201/2393/381 2204/2396/383 
f 2205/2397/386 2203/2395/384 2204/2396/383 2206/2398/385 
f 2206/2398/385 2207/2399/387 2208/2400/388 2205/2397/386 
f 2208/2400/388 2207/2399/387 1915/2098/95 1908/2091/90 
f 2209/2401/390 2189/2379/367 2188/2378/370 2210/2402/389 
f 2210/2402/389 2188/2378/370 2192/2382/372 2211/2403/391 
f 2211/2403/391 2192/2382/372 2194/2384/374 2212/2404/392 
f 2196/2386/375 2213/2405/393 2212/2404/392 2194/2384/374 
f 2213/2405/393 2196/2386/375 2197/2387/378 2214/2406/394 
f 1918/2101/98 2031/2214/210 2214/2406/394 2197/2387/378 
f 2199/2391/379 2189/2390/367 2209/2407/390 2215/2408/395 
f 2215/2408/395 2216/2409/396 2201/2393/381 2199/2391/379 
f 2217/2410/397 2204/2396/383 2201/2393/381 2216/2409/396 
f 2218/2411/398 2206/2398/385 2204/2396/383 2217/2410/397 
f 2218/2411/398 2219/2412/399 2207/2399/387 2206/2398/385 
f 2037/2220/218 1915/2098/95 2207/2399/387 2219/2412/399 
f 2209/2401/390 2210/2402/389 2220/2413/401 2221/2414/400 
f 2210/2402/389 2211/2403/391 2222/2415/402 2220/2413/401 
f 2211/2403/391 2212/2404/392 2223/2416/403 2222/2415/402 
f 2223/2416/403 2212/2404/392 2213/2405/393 2224/2417/404 
f 2213/2405/393 2214/2406/394 2225/2418/405 2224/2417/404 
f 2043/2226/224 2225/2418/405 2214/2406/394 2031/2214/210 
f 2221/2419/400 2226/2420/406 2215/2408/395 2209/2407/390 
f 2226/2420/406 2227/2421/407 2216/2409/396 2215/2408/395 
f 2227/2421/407 2228/2422/408 2217/2410/397 2216/2409/396 
f 2218/2411/398 2217/2410/397 2228/2422/408 2229/2423/409 
f 2218/2411/398 2229/2423/409 2230/2424/410 2219/2412/399 
f 2230/2424/410 2050/2233/230 2037/2220/218 2219/2412/399 
f 2220/2413/401 2231/2425/411 2232/2426/412 2221/2414/400 
f 2231/2425/411 2220/2413/401 2222/2415/402 2233/2427/413 
f 2223/2416/403 2234/2428/414 2233/2427/413 2222/2415/402 
f 2234/2428/414 2223/2416/403 2224/2417/404 2235/2429/415 
f 2235/2429/415 2224/2417/404 2225/2418/405 2236/2430/416 
f 2057/2240/237 2236/2430/416 2225/2418/405 2043/2226/224 
f 2221/2419/400 2232/2431/412 2237/2432/417 2226/2420/406 
f 2226/2420/406 2237/2432/417 2238/2433/418 2227/2421/407 
f 2239/2434/419 2228/2422/408 2227/2421/407 2238/2433/418 
f 2228/2422/408 2239/2434/419 2240/2435/420 2229/2423/409 
f 2229/2423/409 2240/2435/420 2241/2436/421 2230/2424/410 
f 2063/2246/243 2050/2233/230 2230/2424/410 2241/2436/421 
f 2242/2437/423 2243/2438/422 2232/2426/412 2231/2425/411 
f 2244/2439/424 2242/2437/423 2231/2425/411 2233/2427/413 
f 2245/2440/425 2244/2439/424 2233/2427/413 2234/2428/414 
f 2234/2428/414 2235/2429/415 2246/2441/426 2245/2440/425 
f 2247/2442/427 2246/2441/426 2235/2429/415 2236/2430/416 
f 2057/2240/237 2070/2253/250 2247/2442/427 2236/2430/416 
f 2243/2443/422 2248/2444/428 2237/2432/417 2232/2431/412 
f 2237/2432/417 2248/2444/428 2249/2445/429 2238/2433/418 
f 2238/2433/418 2249/2445/429 2250/2446/430 2239/2434/419 
f 2250/2446/430 2251/2447/431 2240/2435/420 2239/2434/419 
f 2240/2435/420 2251/2447/431 2252/2448/432 2241/2436/421 
f 2252/2448/432 2076/2259/256 2063/2246/243 2241/2436/421 
f 2190/2380/368 2253/2449/433 2254/2450/434 2187/2377/369 
f 2255/2451/435 2191/2381/502 2187/2377/369 2254/2450/434 
f 2191/2381/502 2255/2451/435 2256/2452/436 2193/2383/373 
f 2257/2453/437 2195/2385/376 2193/2383/373 2256/2452/436 
f 2195/2385/376 2257/2453/437 2258/2454/438 2198/2388/377 
f 1924/2107/103 1919/2102/99 2198/2388/377 2258/2454/438 
f 2259/2455/439 2253/2456/433 2190/2389/368 2200/2392/380 
f 2202/2394/503 2260/2457/440 2259/2455/439 2200/2392/380 
f 2202/2394/503 2203/2395/384 2261/2458/441 2260/2457/440 
f 2205/2397/386 2262/2459/442 2261/2458/441 2203/2395/384 
f 2263/2460/443 2262/2459/442 2205/2397/386 2208/2400/388 
f 2208/2400/388 1908/2091/90 1907/2090/89 2263/2460/443 
f 2113/2296/290 2264/2461/478 2265/2462/479 2110/2293/291 
f 2265/2462/479 2266/2463/520 2114/2297/495 2110/2293/291 
f 2114/2297/495 2266/2463/520 2267/2464/446 2117/2300/297 
f 2117/2300/297 2267/2464/446 2268/2465/447 2118/2301/298 
f 2268/2465/447 2269/2466/448 2121/2304/300 2118/2301/298 
f 1911/2094/93 2121/2304/300 2269/2466/448 1912/2095/94 
f 2113/2305/290 2123/2308/303 2270/2467/449 2264/2468/478 
f 2125/2310/518 2271/2469/450 2270/2467/449 2123/2308/303 
f 2271/2469/450 2125/2310/518 2126/2311/307 2272/2470/451 
f 2129/2314/308 2273/2471/452 2272/2470/451 2126/2311/307 
f 2273/2471/452 2129/2314/308 2131/2316/311 2274/2472/453 
f 1926/2109/105 2274/2472/453 2131/2316/311 1922/2105/102 
f 1996/2179/175 2082/2265/262 2083/2266/263 1995/2178/176 
f 1995/2178/176 2083/2266/263 2084/2267/264 1997/2180/177 
f 1997/2180/177 2084/2267/264 2085/2268/509 1998/2181/178 
f 1998/2181/178 2085/2268/509 2086/2269/493 1999/2182/179 
f 1999/2182/179 2086/2269/493 2087/2270/267 2000/2183/180 
f 2000/2183/180 2087/2270/267 2007/2190/187 1994/2177/174 
f 2076/2259/256 2002/2185/182 2001/2184/181 2077/2260/257 
f 2001/2184/181 2003/2186/183 2078/2261/464 2077/2260/257 
f 2004/2187/516 2079/2262/259 2078/2261/464 2003/2186/183 
f 2004/2187/516 2005/2188/185 2080/2263/260 2079/2262/259 
f 2006/2189/457 2081/2264/261 2080/2263/260 2005/2188/185 
f 2006/2189/457 2007/2190/187 2075/2258/255 2081/2264/261 
f 2176/2371/496 2243/2438/422 2242/2437/423 2182/2372/499 
f 2182/2372/499 2242/2437/423 2244/2439/424 2183/2373/519 
f 2183/2373/519 2244/2439/424 2245/2440/425 2184/2374/472 
f 2185/2375/500 2184/2374/472 2245/2440/425 2246/2441/426 
f 2247/2442/427 2186/2376/366 2185/2375/500 2246/2441/426 
f 2247/2442/427 2070/2253/250 2082/2265/262 2186/2376/366 
f 2176/2365/496 2177/2366/497 2248/2444/428 2243/2443/422 
f 2178/2367/470 2249/2445/429 2248/2444/428 2177/2366/497 
f 2249/2445/429 2178/2367/470 2179/2368/471 2250/2446/430 
f 2179/2368/471 2180/2369/498 2251/2447/431 2250/2446/430 
f 2181/2370/361 2252/2448/432 2251/2447/431 2180/2369/498 
f 2076/2259/256 2252/2448/432 2181/2370/361 2002/2185/182 
f 2275/2473/89 2276/2474/90 2277/2475/87 2278/2476/88 
f 2279/2477/93 2280/2478/94 2281/2479/91 2282/2477/92 
f 2283/2480/95 2277/2475/87 2276/2474/90 
f 2282/2477/92 2284/2481/96 2279/2477/93 
f 2285/2482/97 2286/2483/98 2287/2484/99 
f 2288/2485/100 2289/2486/101 2290/2487/102 
f 2291/2488/104 2285/2482/97 2287/2484/99 2292/2489/103 
f 2289/2486/101 2293/2490/106 2294/2491/105 2290/2487/102 
f 2284/2481/96 2282/2477/92 2295/2492/107 2296/2493/108 
f 2297/2494/110 2296/2493/108 2295/2492/107 2298/2495/109 
f 2298/2495/109 2299/2496/112 2300/2497/111 2297/2494/110 
f 2301/2498/113 2302/2499/114 2300/2497/111 2299/2496/112 
f 2303/2500/116 2302/2499/114 2301/2498/113 2304/2501/115 
f 2305/2502/117 2303/2500/116 2304/2501/115 2306/2503/118 
f 2289/2486/101 2288/2485/100 2307/2504/119 2308/2505/120 
f 2309/2506/122 2308/2505/120 2307/2504/119 2310/2507/121 
f 2310/2507/121 2311/2508/123 2312/2509/124 2309/2506/122 
f 2311/2508/123 2313/2510/125 2314/2511/126 2312/2509/124 
f 2313/2510/125 2315/2512/512 2316/2513/127 2314/2511/126 
f 2306/2503/118 2316/2513/127 2315/2512/512 2305/2502/117 
f 2317/2514/129 2284/2481/96 2296/2493/108 2318/2515/130 
f 2318/2515/130 2296/2493/108 2297/2494/110 2319/2516/131 
f 2319/2516/131 2297/2494/110 2300/2497/111 2320/2517/484 
f 2320/2517/484 2300/2497/111 2302/2499/114 2321/2518/133 
f 2321/2518/133 2302/2499/114 2303/2500/116 2322/2519/134 
f 2322/2519/134 2303/2500/116 2305/2502/117 2323/2520/135 
f 2324/2521/137 2325/2522/136 2307/2504/119 2288/2485/100 
f 2326/2523/138 2310/2507/121 2307/2504/119 2325/2522/136 
f 2326/2523/138 2327/2524/139 2311/2508/123 2310/2507/121 
f 2313/2510/125 2311/2508/123 2327/2524/139 2328/2525/140 
f 2329/2526/141 2315/2512/512 2313/2510/125 2328/2525/140 
f 2315/2512/512 2329/2526/141 2323/2520/135 2305/2502/117 
f 2330/2527/143 2317/2514/129 2318/2515/130 2331/2528/142 
f 2331/2528/142 2318/2515/130 2319/2516/131 2332/2529/144 
f 2332/2529/144 2319/2516/131 2320/2517/484 2333/2530/455 
f 2333/2530/455 2320/2517/484 2321/2518/133 2334/2531/513 
f 2334/2531/513 2321/2518/133 2322/2519/134 2335/2532/147 
f 2335/2532/147 2322/2519/134 2323/2520/135 2336/2533/148 
f 2337/2534/149 2338/2535/150 2325/2522/136 2324/2521/137 
f 2338/2535/150 2339/2536/151 2326/2523/138 2325/2522/136 
f 2339/2536/151 2340/2537/152 2327/2524/139 2326/2523/138 
f 2340/2537/152 2341/2538/514 2328/2525/140 2327/2524/139 
f 2328/2525/140 2341/2538/514 2342/2539/154 2329/2526/141 
f 2329/2526/141 2342/2539/154 2336/2533/148 2323/2520/135 
f 2330/2527/143 2331/2528/142 2343/2540/155 2344/2541/156 
f 2332/2529/144 2345/2542/157 2343/2540/155 2331/2528/142 
f 2332/2529/144 2333/2530/455 2346/2543/158 2345/2542/157 
f 2346/2543/158 2333/2530/455 2334/2531/513 2347/2544/159 
f 2334/2531/513 2335/2532/147 2348/2545/515 2347/2544/159 
f 2336/2533/148 2349/2546/161 2348/2545/515 2335/2532/147 
f 2337/2534/149 2350/2547/162 2351/2548/507 2338/2535/150 
f 2338/2535/150 2351/2548/507 2352/2549/164 2339/2536/151 
f 2339/2536/151 2352/2549/164 2353/2550/165 2340/2537/152 
f 2353/2550/165 2354/2551/166 2341/2538/514 2340/2537/152 
f 2354/2551/166 2355/2552/167 2342/2539/154 2341/2538/514 
f 2349/2546/161 2336/2533/148 2342/2539/154 2355/2552/167 
f 2344/2541/156 2343/2540/155 2356/2553/169 2357/2554/168 
f 2356/2553/169 2343/2540/155 2345/2542/157 2358/2555/170 
f 2345/2542/157 2346/2543/158 2359/2556/171 2358/2555/170 
f 2359/2556/171 2346/2543/158 2347/2544/159 2360/2557/172 
f 2347/2544/159 2348/2545/515 2361/2558/173 2360/2557/172 
f 2361/2558/173 2348/2545/515 2349/2546/161 2362/2559/174 
f 2363/2560/176 2351/2548/507 2350/2547/162 2364/2561/175 
f 2363/2560/176 2365/2562/177 2352/2549/164 2351/2548/507 
f 2352/2549/164 2365/2562/177 2366/2563/178 2353/2550/165 
f 2367/2564/179 2354/2551/166 2353/2550/165 2366/2563/178 
f 2367/2564/179 2368/2565/180 2355/2552/167 2354/2551/166 
f 2349/2546/161 2355/2552/167 2368/2565/180 2362/2559/174 
f 2356/2553/169 2369/2566/181 2370/2567/182 2357/2554/168 
f 2369/2566/181 2356/2553/169 2358/2555/170 2371/2568/456 
f 2371/2568/456 2358/2555/170 2359/2556/171 2372/2569/516 
f 2372/2569/516 2359/2556/171 2360/2557/172 2373/2570/185 
f 2373/2570/185 2360/2557/172 2361/2558/173 2374/2571/457 
f 2361/2558/173 2362/2559/174 2375/2572/187 2374/2571/457 
f 2286/2483/98 2285/2482/97 2376/2573/188 2377/2574/189 
f 2378/2575/190 2379/2576/191 2377/2574/189 2376/2573/188 
f 2380/2577/192 2381/2578/193 2379/2576/191 2378/2575/190 
f 2382/2579/194 2383/2580/195 2381/2578/193 2380/2577/192 
f 2384/2581/197 2383/2580/195 2382/2579/194 2385/2582/196 
f 2385/2582/196 2386/2583/198 2387/2584/199 2384/2581/197 
f 2283/2480/95 2388/2585/201 2389/2586/200 2277/2475/87 
f 2390/2587/203 2389/2586/200 2388/2585/201 2391/2588/202 
f 2392/2589/205 2390/2587/203 2391/2588/202 2393/2590/204 
f 2394/2591/206 2392/2589/205 2393/2590/204 2395/2592/207 
f 2395/2592/207 2396/2593/208 2397/2594/209 2394/2591/206 
f 2386/2583/198 2397/2594/209 2396/2593/208 2387/2584/199 
f 2377/2574/189 2398/2595/211 2399/2596/210 2286/2483/98 
f 2398/2595/211 2377/2574/189 2379/2576/191 2400/2597/212 
f 2400/2597/212 2379/2576/191 2381/2578/193 2401/2598/213 
f 2401/2598/213 2381/2578/193 2383/2580/195 2402/2599/214 
f 2402/2599/214 2383/2580/195 2384/2581/197 2403/2600/215 
f 2403/2600/215 2384/2581/197 2387/2584/199 2404/2601/216 
f 2388/2585/201 2283/2480/95 2405/2602/218 2406/2603/217 
f 2407/2604/219 2391/2588/202 2388/2585/201 2406/2603/217 
f 2407/2604/219 2408/2605/220 2393/2590/204 2391/2588/202 
f 2395/2592/207 2393/2590/204 2408/2605/220 2409/2606/221 
f 2410/2607/222 2396/2593/208 2395/2592/207 2409/2606/221 
f 2396/2593/208 2410/2607/222 2404/2601/216 2387/2584/199 
f 2411/2608/224 2399/2596/210 2398/2595/211 2412/2609/223 
f 2412/2609/223 2398/2595/211 2400/2597/212 2413/2610/225 
f 2413/2610/225 2400/2597/212 2401/2598/213 2414/2611/490 
f 2414/2611/490 2401/2598/213 2402/2599/214 2415/2612/227 
f 2415/2612/227 2402/2599/214 2403/2600/215 2416/2613/228 
f 2416/2613/228 2403/2600/215 2404/2601/216 2417/2614/229 
f 2418/2615/230 2419/2616/231 2406/2603/217 2405/2602/218 
f 2419/2616/231 2420/2617/232 2407/2604/219 2406/2603/217 
f 2421/2618/233 2408/2605/220 2407/2604/219 2420/2617/232 
f 2421/2618/233 2422/2619/234 2409/2606/221 2408/2605/220 
f 2422/2619/234 2423/2620/235 2410/2607/222 2409/2606/221 
f 2404/2601/216 2410/2607/222 2423/2620/235 2417/2614/229 
f 2412/2609/223 2424/2621/236 2425/2622/237 2411/2608/224 
f 2413/2610/225 2426/2623/238 2424/2621/236 2412/2609/223 
f 2414/2611/490 2427/2624/239 2426/2623/238 2413/2610/225 
f 2427/2624/239 2414/2611/490 2415/2612/227 2428/2625/240 
f 2416/2613/228 2429/2626/241 2428/2625/240 2415/2612/227 
f 2417/2614/229 2430/2627/242 2429/2626/241 2416/2613/228 
f 2431/2628/243 2432/2629/244 2419/2616/231 2418/2615/230 
f 2432/2629/244 2433/2630/245 2420/2617/232 2419/2616/231 
f 2421/2618/233 2420/2617/232 2433/2630/245 2434/2631/246 
f 2421/2618/233 2434/2631/246 2435/2632/247 2422/2619/234 
f 2422/2619/234 2435/2632/247 2436/2633/492 2423/2620/235 
f 2430/2627/242 2417/2614/229 2423/2620/235 2436/2633/492 
f 2424/2621/236 2437/2634/249 2438/2635/250 2425/2622/237 
f 2437/2634/249 2424/2621/236 2426/2623/238 2439/2636/463 
f 2439/2636/463 2426/2623/238 2427/2624/239 2440/2637/252 
f 2428/2625/240 2441/2638/253 2440/2637/252 2427/2624/239 
f 2429/2626/241 2442/2639/254 2441/2638/253 2428/2625/240 
f 2443/2640/255 2442/2639/254 2429/2626/241 2430/2627/242 
f 2444/2641/256 2445/2642/257 2432/2629/244 2431/2628/243 
f 2446/2643/464 2433/2630/245 2432/2629/244 2445/2642/257 
f 2433/2630/245 2446/2643/464 2447/2644/259 2434/2631/246 
f 2448/2645/260 2435/2632/247 2434/2631/246 2447/2644/259 
f 2435/2632/247 2448/2645/260 2449/2646/261 2436/2633/492 
f 2449/2646/261 2443/2640/255 2430/2627/242 2436/2633/492 
f 2450/2647/262 2438/2635/250 2437/2634/249 2451/2648/263 
f 2451/2648/263 2437/2634/249 2439/2636/463 2452/2649/264 
f 2439/2636/463 2440/2637/252 2453/2650/265 2452/2649/264 
f 2453/2650/265 2440/2637/252 2441/2638/253 2454/2651/266 
f 2442/2639/254 2455/2652/267 2454/2651/266 2441/2638/253 
f 2443/2640/255 2375/2572/187 2455/2652/267 2442/2639/254 
f 2376/2573/188 2285/2482/97 2291/2488/104 2456/2653/268 
f 2376/2573/188 2456/2653/268 2457/2654/269 2378/2575/190 
f 2378/2575/190 2457/2654/269 2458/2655/270 2380/2577/192 
f 2380/2577/192 2458/2655/270 2459/2656/271 2382/2579/194 
f 2459/2656/271 2460/2657/272 2385/2582/196 2382/2579/194 
f 2385/2582/196 2460/2657/272 2461/2658/273 2386/2583/198 
f 2389/2586/200 2462/2659/274 2278/2476/88 2277/2475/87 
f 2389/2586/200 2390/2587/203 2463/2660/275 2462/2659/274 
f 2392/2589/205 2464/2661/276 2463/2660/275 2390/2587/203 
f 2392/2589/205 2394/2591/206 2465/2662/277 2464/2661/276 
f 2465/2662/277 2394/2591/206 2397/2594/209 2466/2663/278 
f 2466/2663/278 2397/2594/209 2386/2583/198 2461/2658/273 
f 2282/2477/92 2281/2479/91 2467/2664/279 2295/2492/107 
f 2295/2492/107 2467/2664/279 2468/2665/280 2298/2495/109 
f 2298/2495/109 2468/2665/280 2469/2666/281 2299/2496/112 
f 2470/2667/282 2301/2498/113 2299/2496/112 2469/2666/281 
f 2470/2667/282 2471/2668/283 2304/2501/115 2301/2498/113 
f 2472/2669/284 2306/2503/118 2304/2501/115 2471/2668/283 
f 2308/2505/120 2473/2670/285 2293/2490/106 2289/2486/101 
f 2308/2505/120 2309/2506/122 2474/2671/286 2473/2670/285 
f 2309/2506/122 2312/2509/124 2475/2672/287 2474/2671/286 
f 2314/2511/126 2476/2673/288 2475/2672/287 2312/2509/124 
f 2476/2673/288 2314/2511/126 2316/2513/127 2477/2674/289 
f 2477/2674/289 2316/2513/127 2306/2503/118 2472/2669/284 
f 2478/2675/291 2479/2676/292 2480/2677/293 2481/2678/290 
f 2478/2675/291 2482/2679/495 2483/2680/295 2479/2676/292 
f 2484/2681/296 2483/2680/295 2482/2679/495 2485/2682/297 
f 2486/2683/298 2487/2684/299 2484/2681/296 2485/2682/297 
f 2488/2685/301 2487/2684/299 2486/2683/298 2489/2686/300 
f 2489/2686/300 2279/2477/93 2284/2481/96 2488/2685/301 
f 2481/2687/290 2480/2688/293 2490/2689/302 2491/2690/303 
f 2492/2691/517 2493/2692/518 2491/2690/303 2490/2689/302 
f 2494/2693/307 2493/2692/518 2492/2691/517 2495/2694/306 
f 2495/2694/306 2496/2695/309 2497/2696/308 2494/2693/307 
f 2496/2695/309 2498/2697/310 2499/2698/311 2497/2696/308 
f 2288/2485/100 2290/2487/102 2499/2698/311 2498/2697/310 
f 2500/2699/312 2480/2677/293 2479/2676/292 2501/2700/313 
f 2501/2700/313 2479/2676/292 2483/2680/295 2502/2701/314 
f 2502/2701/314 2483/2680/295 2484/2681/296 2503/2702/315 
f 2487/2684/299 2504/2703/316 2503/2702/315 2484/2681/296 
f 2504/2703/316 2487/2684/299 2488/2685/301 2505/2704/317 
f 2488/2685/301 2284/2481/96 2317/2514/129 2505/2704/317 
f 2490/2689/302 2480/2688/293 2500/2705/312 2506/2706/318 
f 2506/2706/318 2507/2707/319 2492/2691/517 2490/2689/302 
f 2508/2708/320 2495/2694/306 2492/2691/517 2507/2707/319 
f 2495/2694/306 2508/2708/320 2509/2709/321 2496/2695/309 
f 2509/2709/321 2510/2710/322 2498/2697/310 2496/2695/309 
f 2324/2521/137 2288/2485/100 2498/2697/310 2510/2710/322 
f 2511/2711/324 2500/2699/312 2501/2700/313 2512/2712/323 
f 2512/2712/323 2501/2700/313 2502/2701/314 2513/2713/325 
f 2513/2713/325 2502/2701/314 2503/2702/315 2514/2714/326 
f 2503/2702/315 2504/2703/316 2515/2715/327 2514/2714/326 
f 2515/2715/327 2504/2703/316 2505/2704/317 2516/2716/328 
f 2505/2704/317 2317/2514/129 2330/2527/143 2516/2716/328 
f 2511/2717/324 2517/2718/329 2506/2706/318 2500/2705/312 
f 2517/2718/329 2518/2719/330 2507/2707/319 2506/2706/318 
f 2518/2719/330 2519/2720/331 2508/2708/320 2507/2707/319 
f 2519/2720/331 2520/2721/332 2509/2709/321 2508/2708/320 
f 2520/2721/332 2521/2722/333 2510/2710/322 2509/2709/321 
f 2337/2534/149 2324/2521/137 2510/2710/322 2521/2722/333 
f 2511/2711/324 2512/2712/323 2522/2723/334 2523/2724/335 
f 2513/2713/325 2524/2725/336 2522/2723/334 2512/2712/323 
f 2513/2713/325 2514/2714/326 2525/2726/337 2524/2725/336 
f 2525/2726/337 2514/2714/326 2515/2715/327 2526/2727/338 
f 2515/2715/327 2516/2716/328 2527/2728/339 2526/2727/338 
f 2516/2716/328 2330/2527/143 2344/2541/156 2527/2728/339 
f 2523/2729/335 2528/2730/340 2517/2718/329 2511/2717/324 
f 2517/2718/329 2528/2730/340 2529/2731/341 2518/2719/330 
f 2518/2719/330 2529/2731/341 2530/2732/342 2519/2720/331 
f 2531/2733/343 2520/2721/332 2519/2720/331 2530/2732/342 
f 2532/2734/344 2521/2722/333 2520/2721/332 2531/2733/343 
f 2337/2534/149 2521/2722/333 2532/2734/344 2350/2547/162 
f 2533/2735/345 2523/2724/335 2522/2723/334 2534/2736/346 
f 2522/2723/334 2524/2725/336 2535/2737/347 2534/2736/346 
f 2535/2737/347 2524/2725/336 2525/2726/337 2536/2738/348 
f 2525/2726/337 2526/2727/338 2537/2739/349 2536/2738/348 
f 2537/2739/349 2526/2727/338 2527/2728/339 2538/2740/350 
f 2527/2728/339 2344/2541/156 2357/2554/168 2538/2740/350 
f 2533/2741/345 2539/2742/351 2528/2730/340 2523/2729/335 
f 2539/2742/351 2540/2743/352 2529/2731/341 2528/2730/340 
f 2529/2731/341 2540/2743/352 2541/2744/353 2530/2732/342 
f 2541/2744/353 2542/2745/354 2531/2733/343 2530/2732/342 
f 2543/2746/355 2532/2734/344 2531/2733/343 2542/2745/354 
f 2543/2746/355 2364/2561/175 2350/2547/162 2532/2734/344 
f 2544/2747/496 2533/2735/345 2534/2736/346 2545/2748/497 
f 2534/2736/346 2535/2737/347 2546/2749/470 2545/2748/497 
f 2546/2749/470 2535/2737/347 2536/2738/348 2547/2750/471 
f 2548/2751/498 2547/2750/471 2536/2738/348 2537/2739/349 
f 2548/2751/498 2537/2739/349 2538/2740/350 2549/2752/361 
f 2538/2740/350 2357/2554/168 2370/2567/182 2549/2752/361 
f 2533/2741/345 2544/2753/496 2550/2754/499 2539/2742/351 
f 2550/2754/499 2551/2755/519 2540/2743/352 2539/2742/351 
f 2552/2756/472 2541/2744/353 2540/2743/352 2551/2755/519 
f 2552/2756/472 2553/2757/500 2542/2745/354 2541/2744/353 
f 2553/2757/500 2554/2758/501 2543/2746/355 2542/2745/354 
f 2543/2746/355 2554/2758/501 2450/2647/262 2364/2561/175 
f 2555/2759/369 2556/2760/370 2557/2761/367 2558/2762/368 
f 2555/2759/369 2559/2763/502 2560/2764/372 2556/2760/370 
f 2561/2765/373 2562/2766/374 2560/2764/372 2559/2763/502 
f 2563/2767/376 2564/2768/375 2562/2766/374 2561/2765/373 
f 2565/2769/378 2564/2768/375 2563/2767/376 2566/2770/377 
f 2286/2483/98 2565/2769/378 2566/2770/377 2287/2484/99 
f 2558/2771/368 2557/2772/367 2567/2773/379 2568/2774/380 
f 2569/2775/381 2570/2776/503 2568/2774/380 2567/2773/379 
f 2571/2777/384 2570/2776/503 2569/2775/381 2572/2778/383 
f 2573/2779/386 2571/2777/384 2572/2778/383 2574/2780/385 
f 2574/2780/385 2575/2781/387 2576/2782/388 2573/2779/386 
f 2576/2782/388 2575/2781/387 2283/2480/95 2276/2474/90 
f 2577/2783/390 2557/2761/367 2556/2760/370 2578/2784/389 
f 2578/2784/389 2556/2760/370 2560/2764/372 2579/2785/391 
f 2579/2785/391 2560/2764/372 2562/2766/374 2580/2786/392 
f 2564/2768/375 2581/2787/393 2580/2786/392 2562/2766/374 
f 2581/2787/393 2564/2768/375 2565/2769/378 2582/2788/394 
f 2286/2483/98 2399/2596/210 2582/2788/394 2565/2769/378 
f 2567/2773/379 2557/2772/367 2577/2789/390 2583/2790/395 
f 2583/2790/395 2584/2791/396 2569/2775/381 2567/2773/379 
f 2585/2792/397 2572/2778/383 2569/2775/381 2584/2791/396 
f 2586/2793/398 2574/2780/385 2572/2778/383 2585/2792/397 
f 2586/2793/398 2587/2794/399 2575/2781/387 2574/2780/385 
f 2405/2602/218 2283/2480/95 2575/2781/387 2587/2794/399 
f 2577/2783/390 2578/2784/389 2588/2795/401 2589/2796/400 
f 2578/2784/389 2579/2785/391 2590/2797/402 2588/2795/401 
f 2579/2785/391 2580/2786/392 2591/2798/403 2590/2797/402 
f 2591/2798/403 2580/2786/392 2581/2787/393 2592/2799/404 
f 2581/2787/393 2582/2788/394 2593/2800/405 2592/2799/404 
f 2411/2608/224 2593/2800/405 2582/2788/394 2399/2596/210 
f 2589/2801/400 2594/2802/406 2583/2790/395 2577/2789/390 
f 2594/2802/406 2595/2803/407 2584/2791/396 2583/2790/395 
f 2595/2803/407 2596/2804/408 2585/2792/397 2584/2791/396 
f 2586/2793/398 2585/2792/397 2596/2804/408 2597/2805/409 
f 2586/2793/398 2597/2805/409 2598/2806/410 2587/2794/399 
f 2598/2806/410 2418/2615/230 2405/2602/218 2587/2794/399 
f 2588/2795/401 2599/2807/411 2600/2808/412 2589/2796/400 
f 2599/2807/411 2588/2795/401 2590/2797/402 2601/2809/413 
f 2591/2798/403 2602/2810/414 2601/2809/413 2590/2797/402 
f 2592/2799/404 2603/2811/415 2602/2810/414 2591/2798/403 
f 2603/2811/415 2592/2799/404 2593/2800/405 2604/2812/416 
f 2425/2622/237 2604/2812/416 2593/2800/405 2411/2608/224 
f 2589/2801/400 2600/2813/412 2605/2814/417 2594/2802/406 
f 2594/2802/406 2605/2814/417 2606/2815/418 2595/2803/407 
f 2607/2816/419 2596/2804/408 2595/2803/407 2606/2815/418 
f 2596/2804/408 2607/2816/419 2608/2817/420 2597/2805/409 
f 2597/2805/409 2608/2817/420 2609/2818/421 2598/2806/410 
f 2431/2628/243 2418/2615/230 2598/2806/410 2609/2818/421 
f 2610/2819/423 2611/2820/422 2600/2808/412 2599/2807/411 
f 2612/2821/424 2610/2819/423 2599/2807/411 2601/2809/413 
f 2613/2822/425 2612/2821/424 2601/2809/413 2602/2810/414 
f 2602/2810/414 2603/2811/415 2614/2823/426 2613/2822/425 
f 2615/2824/427 2614/2823/426 2603/2811/415 2604/2812/416 
f 2425/2622/237 2438/2635/250 2615/2824/427 2604/2812/416 
f 2611/2825/422 2616/2826/428 2605/2814/417 2600/2813/412 
f 2605/2814/417 2616/2826/428 2617/2827/429 2606/2815/418 
f 2606/2815/418 2617/2827/429 2618/2828/430 2607/2816/419 
f 2618/2828/430 2619/2829/431 2608/2817/420 2607/2816/419 
f 2608/2817/420 2619/2829/431 2620/2830/432 2609/2818/421 
f 2620/2830/432 2444/2641/256 2431/2628/243 2609/2818/421 
f 2558/2762/368 2621/2831/433 2622/2832/434 2555/2759/369 
f 2559/2763/502 2555/2759/369 2622/2832/434 2623/2833/435 
f 2559/2763/502 2623/2833/435 2624/2834/504 2561/2765/373 
f 2625/2835/521 2563/2767/376 2561/2765/373 2624/2834/504 
f 2563/2767/376 2625/2835/521 2626/2836/438 2566/2770/377 
f 2292/2489/103 2287/2484/99 2566/2770/377 2626/2836/438 
f 2627/2837/439 2621/2838/433 2558/2771/368 2568/2774/380 
f 2570/2776/503 2628/2839/440 2627/2837/439 2568/2774/380 
f 2570/2776/503 2571/2777/384 2629/2840/441 2628/2839/440 
f 2573/2779/386 2630/2841/442 2629/2840/441 2571/2777/384 
f 2631/2842/443 2630/2841/442 2573/2779/386 2576/2782/388 
f 2576/2782/388 2276/2474/90 2275/2473/89 2631/2842/443 
f 2481/2678/290 2632/2843/273 2633/2844/444 2478/2675/291 
f 2633/2844/444 2634/2845/445 2482/2679/495 2478/2675/291 
f 2482/2679/495 2634/2845/445 2635/2846/446 2485/2682/297 
f 2485/2682/297 2635/2846/446 2636/2847/480 2486/2683/298 
f 2636/2847/480 2637/2848/481 2489/2686/300 2486/2683/298 
f 2279/2477/93 2489/2686/300 2637/2848/481 2280/2478/94 
f 2481/2687/290 2491/2690/303 2638/2849/482 2632/2850/273 
f 2493/2692/518 2639/2851/483 2638/2849/482 2491/2690/303 
f 2639/2851/483 2493/2692/518 2494/2693/307 2640/2852/451 
f 2497/2696/308 2641/2853/452 2640/2852/451 2494/2693/307 
f 2641/2853/452 2497/2696/308 2499/2698/311 2642/2854/453 
f 2294/2491/105 2642/2854/453 2499/2698/311 2290/2487/102 
f 2364/2561/175 2450/2647/262 2451/2648/263 2363/2560/176 
f 2363/2560/176 2451/2648/263 2452/2649/264 2365/2562/177 
f 2365/2562/177 2452/2649/264 2453/2650/265 2366/2563/178 
f 2366/2563/178 2453/2650/265 2454/2651/266 2367/2564/179 
f 2367/2564/179 2454/2651/266 2455/2652/267 2368/2565/180 
f 2368/2565/180 2455/2652/267 2375/2572/187 2362/2559/174 
f 2444/2641/256 2370/2567/182 2369/2566/181 2445/2642/257 
f 2369/2566/181 2371/2568/456 2446/2643/464 2445/2642/257 
f 2372/2569/516 2447/2644/259 2446/2643/464 2371/2568/456 
f 2372/2569/516 2373/2570/185 2448/2645/260 2447/2644/259 
f 2374/2571/457 2449/2646/261 2448/2645/260 2373/2570/185 
f 2374/2571/457 2375/2572/187 2443/2640/255 2449/2646/261 
f 2544/2753/496 2611/2820/422 2610/2819/423 2550/2754/499 
f 2550/2754/499 2610/2819/423 2612/2821/424 2551/2755/519 
f 2551/2755/519 2612/2821/424 2613/2822/425 2552/2756/472 
f 2553/2757/500 2552/2756/472 2613/2822/425 2614/2823/426 
f 2615/2824/427 2554/2758/501 2553/2757/500 2614/2823/426 
f 2615/2824/427 2438/2635/250 2450/2647/262 2554/2758/501 
f 2544/2747/496 2545/2748/497 2616/2826/428 2611/2825/422 
f 2546/2749/470 2617/2827/429 2616/2826/428 2545/2748/497 
f 2617/2827/429 2546/2749/470 2547/2750/471 2618/2828/430 
f 2547/2750/471 2548/2751/498 2619/2829/431 2618/2828/430 
f 2549/2752/361 2620/2830/432 2619/2829/431 2548/2751/498 
f 2444/2641/256 2620/2830/432 2549/2752/361 2370/2567/182 
f 2643/2855/2 2644/2856/3 2645/2857/522 2646/2858/523 
f 2647/2859/6 2648/2860/7 2649/2861/8 2650/2862/5 
f 2651/2863/10 2652/2864/11 2653/2865/524 2654/2866/525 
f 2655/2867/14 2656/2868/526 2657/2869/527 2658/2870/13 
f 2659/2871/18 2660/2872/19 2661/2873/20 2662/2874/17 
f 2663/2875/528 2664/2876/23 2665/2877/24 2666/2878/21 
f 2666/2879/21 2667/2880/529 2668/2881/530 2663/2882/528 
f 2663/2883/528 2668/2884/530 2669/2885/27 2664/2886/23 
f 2670/2887/531 2671/2888/28 2672/2889/1 2673/2890/29 
f 2673/2891/29 2674/2892/31 2675/2893/32 2670/2894/531 
f 2670/2895/531 2675/2896/32 2676/2897/33 2671/2898/28 
f 2677/2899/36 2678/2900/37 2679/2901/34 2680/2902/35 
f 2680/2903/35 2681/2904/16 2682/2905/38 2677/2906/36 
f 2677/2907/36 2682/2908/38 2683/2909/39 2678/2910/37 
f 2684/2911/41 2685/2912/42 2686/2913/9 2687/2914/40 
f 2684/2915/41 2687/2916/40 2659/2871/18 2688/2917/532 
f 2684/2918/41 2688/2919/532 2689/2920/44 2685/2921/42 
f 2690/2922/54 2691/2923/51 2692/2924/52 2693/2925/53 
f 2693/2926/53 2694/2927/55 2695/2928/56 2690/2929/54 
f 2690/2930/54 2695/2931/56 2696/2932/57 2691/2933/51 
f 2697/2934/533 2698/2935/60 2643/2855/2 2699/2936/58 
f 2697/2937/533 2699/2938/58 2700/2939/61 2701/2940/62 
f 2697/2941/533 2701/2942/62 2702/2943/63 2698/2944/60 
f 2703/2945/46 2704/2946/47 2705/2947/48 2706/2948/45 
f 2706/2949/45 2707/2950/49 2708/2951/534 2703/2952/46 
f 2703/2953/46 2708/2954/534 2658/2870/13 2704/2955/47 
f 2709/2956/66 2651/2863/10 2710/2957/64 2711/2958/65 
f 2710/2959/64 2712/2960/67 2713/2961/68 2711/2962/65 
f 2713/2963/68 2647/2859/6 2709/2964/66 2711/2965/65 
f 2714/2966/69 2667/2880/529 2666/2879/21 2715/2967/70 
f 2665/2877/24 2716/2968/71 2715/2969/70 2666/2878/21 
f 2673/2891/29 2717/2970/535 2718/2971/86 2674/2892/31 
f 2717/2972/535 2673/2890/29 2672/2889/1 2719/2973/536 
f 2687/2916/40 2720/2974/537 2660/2872/19 2659/2871/18 
f 2720/2975/537 2687/2914/40 2686/2913/9 2721/2976/538 
f 2683/2909/39 2682/2908/38 2722/2977/75 2723/2978/17 
f 2722/2979/75 2682/2905/38 2681/2904/16 2724/2980/15 
f 2691/2923/51 2725/2981/76 2726/2982/77 2692/2924/52 
f 2691/2933/51 2696/2932/57 2727/2983/78 2725/2984/76 
f 2698/2935/60 2728/2985/79 2644/2856/3 2643/2855/2 
f 2698/2944/60 2702/2943/63 2729/2986/80 2728/2987/79 
f 2709/2956/66 2730/2988/81 2652/2864/11 2651/2863/10 
f 2709/2964/66 2647/2859/6 2650/2862/5 2730/2989/81 
f 2708/2954/534 2731/2990/82 2655/2867/14 2658/2870/13 
f 2708/2951/534 2707/2950/49 2732/2991/7 2731/2992/82 
f 2705/2947/48 2704/2946/47 2733/2993/446 2734/2994/539 
f 2657/2869/527 2733/2995/446 2704/2955/47 2658/2870/13 
f 2686/2913/9 2685/2912/42 2735/2996/451 2736/2997/525 
f 2735/2998/451 2685/2921/42 2689/2920/44 2737/2999/540 
f 2738/3000/541 2700/2939/61 2699/2938/58 2739/3001/436 
f 2646/2858/523 2739/3002/436 2699/2936/58 2643/2855/2 
f 2665/2877/24 2664/2876/23 2740/3003/441 2741/3004/542 
f 2664/2886/23 2669/2885/27 2742/3005/543 2740/3006/441 
f 2743/3007/544 2692/2924/52 2726/2982/77 2744/3008/545 
f 2745/3009/545 2716/2968/71 2665/2877/24 2741/3004/542 
f 2746/3010/545 2745/3009/545 2741/3004/542 2747/3011/542 
f 2748/3012/542 2749/3013/545 2746/3010/545 2747/3011/542 
f 2750/3014/542 2751/3015/545 2749/3013/545 2748/3012/542 
f 2752/3016/545 2751/3015/545 2750/3014/542 2753/3017/542 
f 2753/3017/542 2754/3018/542 2755/3019/545 2752/3016/545 
f 2756/3020/542 2757/3021/545 2755/3019/545 2754/3018/542 
f 2758/3022/545 2757/3021/545 2756/3020/542 2759/3023/542 
f 2760/3024/545 2758/3022/545 2759/3023/542 2761/3025/542 
f 2762/3026/545 2760/3024/545 2761/3025/542 2763/3027/542 
f 2763/3027/542 2764/3028/542 2765/3029/545 2762/3026/545 
f 2766/3030/545 2765/3029/545 2764/3028/542 2767/3031/542 
f 2767/3031/542 2768/3032/542 2769/3033/545 2766/3030/545 
f 2768/3032/542 2770/3034/542 2771/3035/545 2769/3033/545 
f 2772/3036/544 2773/3037/545 2771/3035/545 2770/3034/542 
f 2773/3037/545 2772/3036/544 2743/3007/544 2744/3008/545 
f 2774/3038/546 2775/3039/547 2694/2927/55 2693/2926/53 
f 2774/3038/546 2776/3040/546 2777/3041/547 2775/3039/547 
f 2778/3042/543 2777/3041/547 2776/3040/546 2779/3043/441 
f 2779/3043/441 2780/3044/441 2781/3045/543 2778/3042/543 
f 2780/3044/441 2782/3046/441 2783/3047/543 2781/3045/543 
f 2784/3048/543 2783/3047/543 2782/3046/441 2785/3049/441 
f 2786/3050/543 2784/3048/543 2785/3049/441 2787/3051/441 
f 2787/3051/441 2788/3052/441 2789/3053/543 2786/3050/543 
f 2789/3053/543 2788/3052/441 2790/3054/441 2791/3055/543 
f 2792/3056/543 2791/3055/543 2790/3054/441 2793/3057/441 
f 2793/3057/441 2794/3058/441 2795/3059/543 2792/3056/543 
f 2796/3060/543 2795/3059/543 2794/3058/441 2797/3061/441 
f 2798/3062/543 2796/3060/543 2797/3061/441 2799/3063/441 
f 2800/3064/441 2801/3065/543 2798/3062/543 2799/3063/441 
f 2802/3066/543 2801/3065/543 2800/3064/441 2803/3067/441 
f 2740/3006/441 2742/3005/543 2802/3066/543 2803/3067/441 
f 2692/2924/52 2743/3007/544 2774/3068/546 2693/2925/53 
f 2774/3068/546 2743/3007/544 2772/3036/544 2776/3069/546 
f 2772/3036/544 2770/3034/542 2779/3070/441 2776/3069/546 
f 2768/3032/542 2780/3071/441 2779/3070/441 2770/3034/542 
f 2780/3071/441 2768/3032/542 2767/3031/542 2782/3072/441 
f 2764/3028/542 2785/3073/441 2782/3072/441 2767/3031/542 
f 2763/3027/542 2787/3074/441 2785/3073/441 2764/3028/542 
f 2788/3075/441 2787/3074/441 2763/3027/542 2761/3025/542 
f 2788/3075/441 2761/3025/542 2759/3023/542 2790/3076/441 
f 2756/3020/542 2793/3077/441 2790/3076/441 2759/3023/542 
f 2754/3018/542 2794/3078/441 2793/3077/441 2756/3020/542 
f 2753/3017/542 2797/3079/441 2794/3078/441 2754/3018/542 
f 2750/3014/542 2799/3080/441 2797/3079/441 2753/3017/542 
f 2748/3012/542 2800/3081/441 2799/3080/441 2750/3014/542 
f 2747/3011/542 2803/3082/441 2800/3081/441 2748/3012/542 
f 2740/3003/441 2803/3082/441 2747/3011/542 2741/3004/542 
f 2804/3083/504 2805/3084/523 2672/2889/1 2671/2888/28 
f 2806/3085/504 2807/3086/523 2805/3084/523 2804/3083/504 
f 2808/3087/523 2807/3086/523 2806/3085/504 2809/3088/504 
f 2810/3089/436 2811/3090/523 2808/3087/523 2809/3088/504 
f 2811/3090/523 2810/3089/436 2812/3091/436 2813/3092/523 
f 2813/3092/523 2812/3091/436 2814/3093/436 2815/3094/523 
f 2816/3095/436 2817/3096/523 2815/3094/523 2814/3093/436 
f 2816/3095/436 2818/3097/436 2819/3098/523 2817/3096/523 
f 2818/3097/436 2820/3099/436 2821/3100/523 2819/3098/523 
f 2822/3101/523 2821/3100/523 2820/3099/436 2823/3102/436 
f 2822/3101/523 2823/3102/436 2824/3103/436 2825/3104/523 
f 2826/3105/436 2827/3106/523 2825/3104/523 2824/3103/436 
f 2828/3107/436 2829/3108/523 2827/3106/523 2826/3105/436 
f 2830/3109/436 2831/3110/523 2829/3108/523 2828/3107/436 
f 2832/3111/523 2831/3110/523 2830/3109/436 2833/3112/436 
f 2832/3111/523 2833/3112/436 2739/3002/436 2646/2858/523 
f 2671/2898/28 2676/2897/33 2834/3113/548 2804/3114/504 
f 2806/3115/504 2804/3114/504 2834/3113/548 2835/3116/548 
f 2836/3117/548 2809/3118/504 2806/3115/504 2835/3116/548 
f 2837/3119/541 2810/3120/436 2809/3118/504 2836/3117/548 
f 2812/3121/436 2810/3120/436 2837/3119/541 2838/3122/541 
f 2814/3123/436 2812/3121/436 2838/3122/541 2839/3124/541 
f 2839/3124/541 2840/3125/541 2816/3126/436 2814/3123/436 
f 2840/3125/541 2841/3127/541 2818/3128/436 2816/3126/436 
f 2841/3127/541 2842/3129/541 2820/3130/436 2818/3128/436 
f 2842/3129/541 2843/3131/541 2823/3132/436 2820/3130/436 
f 2844/3133/541 2824/3134/436 2823/3132/436 2843/3131/541 
f 2844/3133/541 2845/3135/541 2826/3136/436 2824/3134/436 
f 2845/3135/541 2846/3137/541 2828/3138/436 2826/3136/436 
f 2846/3137/541 2847/3139/541 2830/3140/436 2828/3138/436 
f 2847/3139/541 2848/3141/541 2833/3142/436 2830/3140/436 
f 2739/3001/436 2833/3142/436 2848/3141/541 2738/3000/541 
f 2849/3143/549 2850/3144/550 2712/2960/67 2710/2959/64 
f 2851/3145/550 2850/3144/550 2849/3143/549 2852/3146/549 
f 2852/3146/549 2853/3147/451 2854/3148/540 2851/3145/550 
f 2855/3149/451 2856/3150/540 2854/3148/540 2853/3147/451 
f 2857/3151/540 2856/3150/540 2855/3149/451 2858/3152/451 
f 2859/3153/540 2857/3151/540 2858/3152/451 2860/3154/451 
f 2860/3154/451 2861/3155/451 2862/3156/540 2859/3153/540 
f 2863/3157/540 2862/3156/540 2861/3155/451 2864/3158/451 
f 2864/3158/451 2865/3159/451 2866/3160/540 2863/3157/540 
f 2867/3161/540 2866/3160/540 2865/3159/451 2868/3162/451 
f 2869/3163/540 2867/3161/540 2868/3162/451 2870/3164/451 
f 2870/3164/451 2871/3165/451 2872/3166/540 2869/3163/540 
f 2873/3167/540 2872/3166/540 2871/3165/451 2874/3168/451 
f 2874/3168/451 2875/3169/451 2876/3170/540 2873/3167/540 
f 2875/3169/451 2877/3171/451 2878/3172/540 2876/3170/540 
f 2877/3171/451 2735/2998/451 2737/2999/540 2878/3172/540 
f 2849/3173/549 2710/2957/64 2651/2863/10 2654/2866/525 
f 2654/2866/525 2879/3174/525 2852/3175/549 2849/3173/549 
f 2879/3174/525 2880/3176/525 2853/3177/451 2852/3175/549 
f 2880/3176/525 2881/3178/525 2855/3179/451 2853/3177/451 
f 2881/3178/525 2882/3180/525 2858/3181/451 2855/3179/451 
f 2858/3181/451 2882/3180/525 2883/3182/525 2860/3183/451 
f 2883/3182/525 2884/3184/525 2861/3185/451 2860/3183/451 
f 2884/3184/525 2885/3186/525 2864/3187/451 2861/3185/451 
f 2885/3186/525 2886/3188/525 2865/3189/451 2864/3187/451 
f 2868/3190/451 2865/3189/451 2886/3188/525 2887/3191/525 
f 2868/3190/451 2887/3191/525 2888/3192/525 2870/3193/451 
f 2870/3193/451 2888/3192/525 2889/3194/525 2871/3195/451 
f 2889/3194/525 2890/3196/525 2874/3197/451 2871/3195/451 
f 2891/3198/525 2875/3199/451 2874/3197/451 2890/3196/525 
f 2891/3198/525 2892/3200/525 2877/3201/451 2875/3199/451 
f 2877/3201/451 2892/3200/525 2736/2997/525 2735/2996/451 
f 2893/3202/446 2894/3203/527 2681/2904/16 2680/2903/35 
f 2893/3202/446 2895/3204/446 2896/3205/527 2894/3203/527 
f 2895/3204/446 2897/3206/446 2898/3207/527 2896/3205/527 
f 2899/3208/527 2898/3207/527 2897/3206/446 2900/3209/446 
f 2899/3208/527 2900/3209/446 2901/3210/446 2902/3211/527 
f 2903/3212/446 2904/3213/527 2902/3211/527 2901/3210/446 
f 2905/3214/446 2906/3215/527 2904/3213/527 2903/3212/446 
f 2907/3216/446 2908/3217/527 2906/3215/527 2905/3214/446 
f 2909/3218/527 2908/3217/527 2907/3216/446 2910/3219/446 
f 2909/3218/527 2910/3219/446 2911/3220/446 2912/3221/527 
f 2913/3222/527 2912/3221/527 2911/3220/446 2914/3223/446 
f 2914/3223/446 2915/3224/446 2916/3225/527 2913/3222/527 
f 2917/3226/527 2916/3225/527 2915/3224/446 2918/3227/446 
f 2919/3228/527 2917/3226/527 2918/3227/446 2920/3229/446 
f 2921/3230/446 2922/3231/527 2919/3228/527 2920/3229/446 
f 2922/3231/527 2921/3230/446 2733/2995/446 2657/2869/527 
f 2679/2901/34 2923/3232/539 2893/3233/446 2680/2902/35 
f 2923/3232/539 2924/3234/539 2895/3235/446 2893/3233/446 
f 2924/3234/539 2925/3236/539 2897/3237/446 2895/3235/446 
f 2925/3236/539 2926/3238/539 2900/3239/446 2897/3237/446 
f 2927/3240/539 2901/3241/446 2900/3239/446 2926/3238/539 
f 2927/3240/539 2928/3242/539 2903/3243/446 2901/3241/446 
f 2928/3242/539 2929/3244/539 2905/3245/446 2903/3243/446 
f 2929/3244/539 2930/3246/539 2907/3247/446 2905/3245/446 
f 2930/3246/539 2931/3248/539 2910/3249/446 2907/3247/446 
f 2931/3248/539 2932/3250/539 2911/3251/446 2910/3249/446 
f 2932/3250/539 2933/3252/539 2914/3253/446 2911/3251/446 
f 2933/3252/539 2934/3254/539 2915/3255/446 2914/3253/446 
f 2918/3256/446 2915/3255/446 2934/3254/539 2935/3257/539 
f 2935/3257/539 2936/3258/539 2920/3259/446 2918/3256/446 
f 2921/3260/446 2920/3259/446 2936/3258/539 2937/3261/539 
f 2733/2993/446 2921/3260/446 2937/3261/539 2734/2994/539 
f 2724/2980/15 2681/2904/16 2894/3203/527 2938/3262/526 
f 2938/3262/526 2894/3203/527 2896/3205/527 2939/3263/526 
f 2939/3263/526 2896/3205/527 2898/3207/527 2940/3264/526 
f 2940/3264/526 2898/3207/527 2899/3208/527 2941/3265/526 
f 2941/3265/526 2899/3208/527 2902/3211/527 2942/3266/526 
f 2904/3213/527 2943/3267/526 2942/3266/526 2902/3211/527 
f 2943/3267/526 2904/3213/527 2906/3215/527 2944/3268/526 
f 2944/3268/526 2906/3215/527 2908/3217/527 2945/3269/526 
f 2945/3269/526 2908/3217/527 2909/3218/527 2946/3270/526 
f 2946/3270/526 2909/3218/527 2912/3221/527 2947/3271/526 
f 2947/3271/526 2912/3221/527 2913/3222/527 2948/3272/526 
f 2913/3222/527 2916/3225/527 2949/3273/526 2948/3272/526 
f 2949/3273/526 2916/3225/527 2917/3226/527 2950/3274/526 
f 2950/3274/526 2917/3226/527 2919/3228/527 2951/3275/526 
f 2951/3275/526 2919/3228/527 2922/3231/527 2952/3276/526 
f 2952/3276/526 2922/3231/527 2657/2869/527 2656/2868/526 
f 2953/3277/524 2721/2976/538 2686/2913/9 2736/2997/525 
f 2892/3200/525 2954/3278/524 2953/3277/524 2736/2997/525 
f 2954/3278/524 2892/3200/525 2891/3198/525 2955/3279/524 
f 2955/3279/524 2891/3198/525 2890/3196/525 2956/3280/524 
f 2890/3196/525 2889/3194/525 2957/3281/524 2956/3280/524 
f 2888/3192/525 2958/3282/524 2957/3281/524 2889/3194/525 
f 2958/3282/524 2888/3192/525 2887/3191/525 2959/3283/524 
f 2887/3191/525 2886/3188/525 2960/3284/524 2959/3283/524 
f 2886/3188/525 2885/3186/525 2961/3285/524 2960/3284/524 
f 2885/3186/525 2884/3184/525 2962/3286/524 2961/3285/524 
f 2884/3184/525 2883/3182/525 2963/3287/524 2962/3286/524 
f 2883/3182/525 2882/3180/525 2964/3288/524 2963/3287/524 
f 2882/3180/525 2881/3178/525 2965/3289/524 2964/3288/524 
f 2880/3176/525 2966/3290/524 2965/3289/524 2881/3178/525 
f 2879/3174/525 2967/3291/524 2966/3290/524 2880/3176/525 
f 2653/2865/524 2967/3291/524 2879/3174/525 2654/2866/525 
f 2719/2973/536 2672/2889/1 2805/3084/523 2968/3292/522 
f 2968/3292/522 2805/3084/523 2807/3086/523 2969/3293/522 
f 2969/3293/522 2807/3086/523 2808/3087/523 2970/3294/522 
f 2811/3090/523 2971/3295/522 2970/3294/522 2808/3087/523 
f 2971/3295/522 2811/3090/523 2813/3092/523 2972/3296/522 
f 2813/3092/523 2815/3094/523 2973/3297/522 2972/3296/522 
f 2815/3094/523 2817/3096/523 2974/3298/522 2973/3297/522 
f 2817/3096/523 2819/3098/523 2975/3299/522 2974/3298/522 
f 2976/3300/522 2975/3299/522 2819/3098/523 2821/3100/523 
f 2822/3101/523 2977/3301/522 2976/3300/522 2821/3100/523 
f 2822/3101/523 2825/3104/523 2978/3302/522 2977/3301/522 
f 2979/3303/522 2978/3302/522 2825/3104/523 2827/3106/523 
f 2980/3304/522 2979/3303/522 2827/3106/523 2829/3108/523 
f 2981/3305/522 2980/3304/522 2829/3108/523 2831/3110/523 
f 2832/3111/523 2982/3306/522 2981/3305/522 2831/3110/523 
f 2832/3111/523 2646/2858/523 2645/2857/522 2982/3306/522 
f 2777/3041/547 2983/3307/522 2984/3308/522 2775/3039/547 
f 2984/3308/522 2983/3307/522 2985/3309/522 2986/3310/522 
f 2986/3310/522 2985/3309/522 2982/3306/522 2645/2857/522 
f 2987/3311/522 2983/3307/522 2777/3041/547 2778/3042/543 
f 2985/3309/522 2983/3307/522 2987/3311/522 2988/3312/522 
f 2982/3306/522 2985/3309/522 2988/3312/522 2981/3305/522 
f 2781/3045/543 2989/3313/522 2987/3311/522 2778/3042/543 
f 2990/3314/522 2988/3312/522 2987/3311/522 2989/3313/522 
f 2990/3314/522 2980/3304/522 2981/3305/522 2988/3312/522 
f 2783/3047/543 2991/3315/522 2989/3313/522 2781/3045/543 
f 2991/3315/522 2992/3316/522 2990/3314/522 2989/3313/522 
f 2979/3303/522 2980/3304/522 2990/3314/522 2992/3316/522 
f 2784/3048/543 2993/3317/522 2991/3315/522 2783/3047/543 
f 2992/3316/522 2991/3315/522 2993/3317/522 2994/3318/522 
f 2978/3302/522 2979/3303/522 2992/3316/522 2994/3318/522 
f 2786/3050/543 2995/3319/522 2993/3317/522 2784/3048/543 
f 2995/3319/522 2996/3320/522 2994/3318/522 2993/3317/522 
f 2978/3302/522 2994/3318/522 2996/3320/522 2977/3301/522 
f 2995/3319/522 2786/3050/543 2789/3053/543 2997/3321/522 
f 2996/3320/522 2995/3319/522 2997/3321/522 2998/3322/522 
f 2996/3320/522 2998/3322/522 2976/3300/522 2977/3301/522 
f 2997/3321/522 2789/3053/543 2791/3055/543 2999/3323/522 
f 3000/3324/522 2998/3322/522 2997/3321/522 2999/3323/522 
f 2998/3322/522 3000/3324/522 2975/3299/522 2976/3300/522 
f 2999/3323/522 2791/3055/543 2792/3056/543 3001/3325/522 
f 3002/3326/522 3000/3324/522 2999/3323/522 3001/3325/522 
f 2974/3298/522 2975/3299/522 3000/3324/522 3002/3326/522 
f 3001/3325/522 2792/3056/543 2795/3059/543 3003/3327/522 
f 3004/3328/522 3002/3326/522 3001/3325/522 3003/3327/522 
f 2973/3297/522 2974/3298/522 3002/3326/522 3004/3328/522 
f 3005/3329/522 3003/3327/522 2795/3059/543 2796/3060/543 
f 3005/3329/522 3006/3330/522 3004/3328/522 3003/3327/522 
f 2972/3296/522 2973/3297/522 3004/3328/522 3006/3330/522 
f 3007/3331/522 3005/3329/522 2796/3060/543 2798/3062/543 
f 3008/3332/522 3006/3330/522 3005/3329/522 3007/3331/522 
f 2972/3296/522 3006/3330/522 3008/3332/522 2971/3295/522 
f 3007/3331/522 2798/3062/543 2801/3065/543 3009/3333/522 
f 3008/3332/522 3007/3331/522 3009/3333/522 3010/3334/522 
f 2970/3294/522 2971/3295/522 3008/3332/522 3010/3334/522 
f 3011/3335/522 3009/3333/522 2801/3065/543 2802/3066/543 
f 3011/3335/522 3012/3336/522 3010/3334/522 3009/3333/522 
f 2969/3293/522 2970/3294/522 3010/3334/522 3012/3336/522 
f 2802/3066/543 2742/3005/543 3013/3337/522 3011/3335/522 
f 3013/3337/522 3014/3338/522 3012/3336/522 3011/3335/522 
f 2968/3292/522 2969/3293/522 3012/3336/522 3014/3338/522 
f 3013/3337/522 2742/3005/543 2669/2885/27 3015/3339/4 
f 3015/3339/4 3016/3340/536 3014/3338/522 3013/3337/522 
f 2719/2973/536 2968/3292/522 3014/3338/522 3016/3340/536 
f 2851/3145/550 3017/3341/526 3018/3342/526 2850/3144/550 
f 3019/3343/526 3018/3342/526 3017/3341/526 3020/3344/526 
f 3020/3344/526 2952/3276/526 2656/2868/526 3019/3343/526 
f 3021/3345/526 3017/3341/526 2851/3145/550 2854/3148/540 
f 3020/3344/526 3017/3341/526 3021/3345/526 3022/3346/526 
f 3022/3346/526 2951/3275/526 2952/3276/526 3020/3344/526 
f 3021/3345/526 2854/3148/540 2856/3150/540 3023/3347/526 
f 3022/3346/526 3021/3345/526 3023/3347/526 3024/3348/526 
f 3024/3348/526 2950/3274/526 2951/3275/526 3022/3346/526 
f 2857/3151/540 3025/3349/526 3023/3347/526 2856/3150/540 
f 3026/3350/526 3024/3348/526 3023/3347/526 3025/3349/526 
f 2949/3273/526 2950/3274/526 3024/3348/526 3026/3350/526 
f 3027/3351/526 3025/3349/526 2857/3151/540 2859/3153/540 
f 3026/3350/526 3025/3349/526 3027/3351/526 3028/3352/526 
f 3028/3352/526 2948/3272/526 2949/3273/526 3026/3350/526 
f 3027/3351/526 2859/3153/540 2862/3156/540 3029/3353/526 
f 3028/3352/526 3027/3351/526 3029/3353/526 3030/3354/526 
f 3030/3354/526 2947/3271/526 2948/3272/526 3028/3352/526 
f 2863/3157/540 3031/3355/526 3029/3353/526 2862/3156/540 
f 3031/3355/526 3032/3356/526 3030/3354/526 3029/3353/526 
f 2947/3271/526 3030/3354/526 3032/3356/526 2946/3270/526 
f 2866/3160/540 3033/3357/526 3031/3355/526 2863/3157/540 
f 3034/3358/526 3032/3356/526 3031/3355/526 3033/3357/526 
f 2946/3270/526 3032/3356/526 3034/3358/526 2945/3269/526 
f 3035/3359/526 3033/3357/526 2866/3160/540 2867/3161/540 
f 3033/3357/526 3035/3359/526 3036/3360/526 3034/3358/526 
f 2945/3269/526 3034/3358/526 3036/3360/526 2944/3268/526 
f 3037/3361/526 3035/3359/526 2867/3161/540 2869/3163/540 
f 3035/3359/526 3037/3361/526 3038/3362/526 3036/3360/526 
f 2944/3268/526 3036/3360/526 3038/3362/526 2943/3267/526 
f 2872/3166/540 3039/3363/526 3037/3361/526 2869/3163/540 
f 3038/3362/526 3037/3361/526 3039/3363/526 3040/3364/526 
f 2942/3266/526 2943/3267/526 3038/3362/526 3040/3364/526 
f 3041/3365/526 3039/3363/526 2872/3166/540 2873/3167/540 
f 3042/3366/526 3040/3364/526 3039/3363/526 3041/3365/526 
f 2942/3266/526 3040/3364/526 3042/3366/526 2941/3265/526 
f 3043/3367/526 3041/3365/526 2873/3167/540 2876/3170/540 
f 3041/3365/526 3043/3367/526 3044/3368/526 3042/3366/526 
f 2941/3265/526 3042/3366/526 3044/3368/526 2940/3264/526 
f 2878/3172/540 3045/3369/526 3043/3367/526 2876/3170/540 
f 3044/3368/526 3043/3367/526 3045/3369/526 3046/3370/526 
f 2940/3264/526 3044/3368/526 3046/3370/526 2939/3263/526 
f 3045/3369/526 2878/3172/540 2737/2999/540 3047/3371/526 
f 3045/3369/526 3047/3371/526 3048/3372/526 3046/3370/526 
f 3048/3372/526 2938/3262/526 2939/3263/526 3046/3370/526 
f 3049/3373/15 3047/3371/526 2737/2999/540 2689/2920/44 
f 3047/3371/526 3049/3373/15 3050/3374/15 3048/3372/526 
f 3050/3374/15 2724/2980/15 2938/3262/526 3048/3372/526 
f 2713/2963/68 3051/3375/551 2648/2860/7 2647/2859/6 
f 3052/3376/7 2648/2860/7 3051/3375/551 3053/3377/551 
f 3053/3377/551 2731/2992/82 2732/2991/7 3052/3376/7 
f 2712/2960/67 3054/3378/552 3051/3379/551 2713/2961/68 
f 3053/3380/551 3051/3379/551 3054/3378/552 3055/3381/552 
f 3055/3381/552 2655/2867/14 2731/2990/82 3053/3380/551 
f 3056/3382/79 3057/3383/80 2696/2932/57 2695/2931/56 
f 3058/3384/80 3057/3383/80 3056/3382/79 3059/3385/79 
f 3059/3385/79 2728/2987/79 2729/2986/80 3058/3384/80 
f 2694/2927/55 3060/3386/3 3056/3387/79 2695/2928/56 
f 3059/3388/79 3056/3387/79 3060/3386/3 3061/3389/3 
f 3061/3389/3 2644/2856/3 2728/2985/79 3059/3388/79 
f 3062/3390/75 3049/3373/15 2689/2920/44 2688/2919/532 
f 3062/3390/75 3063/3391/75 3050/3374/15 3049/3373/15 
f 3050/3374/15 3063/3391/75 2722/2979/75 2724/2980/15 
f 2662/2874/17 3062/3392/75 2688/2917/532 2659/2871/18 
f 3063/3393/75 3062/3392/75 2662/2874/17 3064/3394/17 
f 3064/3394/17 2723/2978/17 2722/2977/75 3063/3393/75 
f 2668/2884/530 3065/3395/73 3015/3339/4 2669/2885/27 
f 3065/3395/73 3066/3396/535 3016/3340/536 3015/3339/4 
f 2717/2972/535 2719/2973/536 3016/3340/536 3066/3396/535 
f 3067/3397/72 3065/3398/73 2668/2881/530 2667/2880/529 
f 3068/3399/86 3066/3400/535 3065/3398/73 3067/3397/72 
f 3068/3399/86 2718/2971/86 2717/2970/535 3066/3400/535 
f 3069/3401/69 2683/2909/39 2723/2978/17 3070/3402/20 
f 3070/3402/20 2723/2978/17 3064/3394/17 3071/3403/20 
f 2661/2873/20 3071/3403/20 3064/3394/17 2662/2874/17 
f 3018/3342/526 3054/3378/552 2712/2960/67 2850/3144/550 
f 3019/3343/526 3055/3381/552 3054/3378/552 3018/3342/526 
f 3019/3343/526 2656/2868/526 2655/2867/14 3055/3381/552 
f 2732/2991/7 2707/2950/49 3072/3404/78 3073/3405/8 
f 3073/3405/8 3074/3406/8 3052/3376/7 2732/2991/7 
f 3074/3406/8 2649/2861/8 2648/2860/7 3052/3376/7 
f 2775/3039/547 2984/3308/522 3060/3386/3 2694/2927/55 
f 2984/3308/522 2986/3310/522 3061/3389/3 3060/3386/3 
f 2645/2857/522 2644/2856/3 3061/3389/3 2986/3310/522 
f 3075/3407/8 3058/3384/80 2729/2986/80 3076/3408/8 
f 3076/3408/8 3077/3409/8 3078/3410/8 3075/3407/8 
f 3077/3409/8 2649/2861/8 3074/3406/8 3078/3410/8 
f 3057/3383/80 3058/3384/80 3075/3407/8 3079/3411/8 
f 3078/3410/8 3080/3412/8 3079/3411/8 3075/3407/8 
f 3078/3410/8 3074/3406/8 3073/3405/8 3080/3412/8 
f 3057/3383/80 3079/3411/8 2727/2983/78 2696/2932/57 
f 3081/3413/78 2727/2983/78 3079/3411/8 3080/3412/8 
f 3080/3412/8 3073/3405/8 3072/3404/78 3081/3413/78 
f 3068/3399/86 3082/3414/20 3083/3415/20 2718/2971/86 
f 3082/3414/20 3084/3416/20 3085/3417/20 3083/3415/20 
f 3071/3403/20 2661/2873/20 3085/3417/20 3084/3416/20 
f 3067/3397/72 3086/3418/20 3082/3414/20 3068/3399/86 
f 3082/3414/20 3086/3418/20 3087/3419/20 3084/3416/20 
f 3070/3402/20 3071/3403/20 3084/3416/20 3087/3419/20 
f 2714/2966/69 3086/3418/20 3067/3397/72 2667/2880/529 
f 3088/3420/69 3087/3419/20 3086/3418/20 2714/2966/69 
f 3088/3420/69 3069/3401/69 3070/3402/20 3087/3419/20 
f 2738/3000/541 2848/3141/541 3089/3421/524 3090/3422/524 
f 3089/3421/524 3091/3423/524 3092/3424/524 3090/3422/524 
f 3091/3423/524 2967/3291/524 2653/2865/524 3092/3424/524 
f 2847/3139/541 3093/3425/524 3089/3421/524 2848/3141/541 
f 3089/3421/524 3093/3425/524 3094/3426/524 3091/3423/524 
f 3094/3426/524 2966/3290/524 2967/3291/524 3091/3423/524 
f 2846/3137/541 3095/3427/524 3093/3425/524 2847/3139/541 
f 3096/3428/524 3094/3426/524 3093/3425/524 3095/3427/524 
f 2965/3289/524 2966/3290/524 3094/3426/524 3096/3428/524 
f 2845/3135/541 3097/3429/524 3095/3427/524 2846/3137/541 
f 3098/3430/524 3096/3428/524 3095/3427/524 3097/3429/524 
f 2964/3288/524 2965/3289/524 3096/3428/524 3098/3430/524 
f 3099/3431/524 3097/3429/524 2845/3135/541 2844/3133/541 
f 3098/3430/524 3097/3429/524 3099/3431/524 3100/3432/524 
f 2963/3287/524 2964/3288/524 3098/3430/524 3100/3432/524 
f 3099/3431/524 2844/3133/541 2843/3131/541 3101/3433/524 
f 3100/3432/524 3099/3431/524 3101/3433/524 3102/3434/524 
f 2963/3287/524 3100/3432/524 3102/3434/524 2962/3286/524 
f 2842/3129/541 3103/3435/524 3101/3433/524 2843/3131/541 
f 3102/3434/524 3101/3433/524 3103/3435/524 3104/3436/524 
f 2962/3286/524 3102/3434/524 3104/3436/524 2961/3285/524 
f 2841/3127/541 3105/3437/524 3103/3435/524 2842/3129/541 
f 3103/3435/524 3105/3437/524 3106/3438/524 3104/3436/524 
f 2961/3285/524 3104/3436/524 3106/3438/524 2960/3284/524 
f 3107/3439/524 3105/3437/524 2841/3127/541 2840/3125/541 
f 3106/3438/524 3105/3437/524 3107/3439/524 3108/3440/524 
f 2959/3283/524 2960/3284/524 3106/3438/524 3108/3440/524 
f 2839/3124/541 3109/3441/524 3107/3439/524 2840/3125/541 
f 3107/3439/524 3109/3441/524 3110/3442/524 3108/3440/524 
f 2959/3283/524 3108/3440/524 3110/3442/524 2958/3282/524 
f 3109/3441/524 2839/3124/541 2838/3122/541 3111/3443/553 
f 3109/3441/524 3111/3443/553 3112/3444/524 3110/3442/524 
f 2957/3281/524 2958/3282/524 3110/3442/524 3112/3444/524 
f 2837/3119/541 3113/3445/553 3111/3443/553 2838/3122/541 
f 3112/3444/524 3111/3443/553 3113/3445/553 3114/3446/524 
f 2956/3280/524 2957/3281/524 3112/3444/524 3114/3446/524 
f 2836/3117/548 3115/3447/553 3113/3445/553 2837/3119/541 
f 3116/3448/553 3114/3446/524 3113/3445/553 3115/3447/553 
f 2955/3279/524 2956/3280/524 3114/3446/524 3116/3448/553 
f 2835/3116/548 3117/3449/553 3115/3447/553 2836/3117/548 
f 3118/3450/553 3116/3448/553 3115/3447/553 3117/3449/553 
f 2954/3278/524 2955/3279/524 3116/3448/553 3118/3450/553 
f 2834/3113/548 3119/3451/524 3117/3449/553 2835/3116/548 
f 3120/3452/524 3118/3450/553 3117/3449/553 3119/3451/524 
f 2954/3278/524 3118/3450/553 3120/3452/524 2953/3277/524 
f 2676/2897/33 3121/3453/12 3119/3451/524 2834/3113/548 
f 3122/3454/538 3120/3452/524 3119/3451/524 3121/3453/12 
f 3122/3454/538 2721/2976/538 2953/3277/524 3120/3452/524 
f 3123/3455/545 2734/2994/539 2937/3261/539 3124/3456/545 
f 3125/3457/545 3126/3458/545 3123/3455/545 3124/3456/545 
f 3125/3457/545 2773/3037/545 2744/3008/545 3126/3458/545 
f 2936/3258/539 3127/3459/545 3124/3456/545 2937/3261/539 
f 3125/3457/545 3124/3456/545 3127/3459/545 3128/3460/545 
f 2773/3037/545 3125/3457/545 3128/3460/545 2771/3035/545 
f 2935/3257/539 3129/3461/545 3127/3459/545 2936/3258/539 
f 3127/3459/545 3129/3461/545 3130/3462/545 3128/3460/545 
f 2769/3033/545 2771/3035/545 3128/3460/545 3130/3462/545 
f 3131/3463/545 3129/3461/545 2935/3257/539 2934/3254/539 
f 3129/3461/545 3131/3463/545 3132/3464/545 3130/3462/545 
f 3132/3464/545 2766/3030/545 2769/3033/545 3130/3462/545 
f 3133/3465/545 3131/3463/545 2934/3254/539 2933/3252/539 
f 3132/3464/545 3131/3463/545 3133/3465/545 3134/3466/545 
f 2766/3030/545 3132/3464/545 3134/3466/545 2765/3029/545 
f 2932/3250/539 3135/3467/545 3133/3465/545 2933/3252/539 
f 3133/3465/545 3135/3467/545 3136/3468/545 3134/3466/545 
f 2762/3026/545 2765/3029/545 3134/3466/545 3136/3468/545 
f 3135/3467/545 2932/3250/539 2931/3248/539 3137/3469/554 
f 3135/3467/545 3137/3469/554 3138/3470/545 3136/3468/545 
f 3138/3470/545 2760/3024/545 2762/3026/545 3136/3468/545 
f 3139/3471/554 3137/3469/554 2931/3248/539 2930/3246/539 
f 3138/3470/545 3137/3469/554 3139/3471/554 3140/3472/545 
f 2760/3024/545 3138/3470/545 3140/3472/545 2758/3022/545 
f 2929/3244/539 3141/3473/554 3139/3471/554 2930/3246/539 
f 3142/3474/545 3140/3472/545 3139/3471/554 3141/3473/554 
f 3140/3472/545 3142/3474/545 2757/3021/545 2758/3022/545 
f 2928/3242/539 3143/3475/554 3141/3473/554 2929/3244/539 
f 3142/3474/545 3141/3473/554 3143/3475/554 3144/3476/545 
f 2755/3019/545 2757/3021/545 3142/3474/545 3144/3476/545 
f 2927/3240/539 3145/3477/545 3143/3475/554 2928/3242/539 
f 3146/3478/545 3144/3476/545 3143/3475/554 3145/3477/545 
f 3146/3478/545 2752/3016/545 2755/3019/545 3144/3476/545 
f 2926/3238/539 3147/3479/545 3145/3477/545 2927/3240/539 
f 3148/3480/545 3146/3478/545 3145/3477/545 3147/3479/545 
f 2752/3016/545 3146/3478/545 3148/3480/545 2751/3015/545 
f 2925/3236/539 3149/3481/545 3147/3479/545 2926/3238/539 
f 3147/3479/545 3149/3481/545 3150/3482/545 3148/3480/545 
f 2749/3013/545 2751/3015/545 3148/3480/545 3150/3482/545 
f 2925/3236/539 2924/3234/539 3151/3483/545 3149/3481/545 
f 3152/3484/545 3150/3482/545 3149/3481/545 3151/3483/545 
f 3152/3484/545 2746/3010/545 2749/3013/545 3150/3482/545 
f 2923/3232/539 3153/3485/545 3151/3483/545 2924/3234/539 
f 3151/3483/545 3153/3485/545 3154/3486/545 3152/3484/545 
f 2746/3010/545 3152/3484/545 3154/3486/545 2745/3009/545 
f 3155/3487/71 3153/3485/545 2923/3232/539 2679/2901/34 
f 3153/3485/545 3155/3487/71 3156/3488/71 3154/3486/545 
f 3156/3488/71 2716/2968/71 2745/3009/545 3154/3486/545 
f 3157/3489/77 2705/2947/48 2734/2994/539 3123/3455/545 
f 3157/3489/77 3123/3455/545 3126/3458/545 3158/3490/77 
f 2726/2982/77 3158/3490/77 3126/3458/545 2744/3008/545 
f 3159/3491/81 3160/3492/5 2702/2943/63 2701/2942/62 
f 3161/3493/5 3160/3492/5 3159/3491/81 3162/3494/81 
f 3162/3494/81 2730/2989/81 2650/2862/5 3161/3493/5 
f 2700/2939/61 3163/3495/11 3159/3496/81 2701/2940/62 
f 3163/3495/11 3164/3497/11 3162/3498/81 3159/3496/81 
f 3164/3497/11 2652/2864/11 2730/2988/81 3162/3498/81 
f 2706/2949/45 3165/3499/76 3072/3404/78 2707/2950/49 
f 3165/3499/76 3166/3500/76 3081/3413/78 3072/3404/78 
f 2725/2984/76 2727/2983/78 3081/3413/78 3166/3500/76 
f 2705/2947/48 3157/3489/77 3165/3501/76 2706/2948/45 
f 3157/3489/77 3158/3490/77 3166/3502/76 3165/3501/76 
f 2725/2981/76 3166/3502/76 3158/3490/77 2726/2982/77 
f 2675/2896/32 3167/3503/74 3121/3453/12 2676/2897/33 
f 3121/3453/12 3167/3503/74 3168/3504/537 3122/3454/538 
f 2721/2976/538 3122/3454/538 3168/3504/537 2720/2975/537 
f 2674/2892/31 3169/3505/19 3167/3506/74 2675/2893/32 
f 3168/3507/537 3167/3506/74 3169/3505/19 3170/3508/19 
f 3170/3508/19 2660/2872/19 2720/2974/537 3168/3507/537 
f 2679/2901/34 2678/2900/37 3171/3509/70 3155/3487/71 
f 3172/3510/70 3156/3488/71 3155/3487/71 3171/3509/70 
f 3156/3488/71 3172/3510/70 2715/2969/70 2716/2968/71 
f 3171/3511/70 2678/2910/37 2683/2909/39 3069/3401/69 
f 3171/3511/70 3069/3401/69 3088/3420/69 3172/3512/70 
f 2715/2967/70 3172/3512/70 3088/3420/69 2714/2966/69 
f 3169/3505/19 2674/2892/31 2718/2971/86 3083/3415/20 
f 3085/3417/20 3170/3508/19 3169/3505/19 3083/3415/20 
f 3170/3508/19 3085/3417/20 2661/2873/20 2660/2872/19 
f 3163/3495/11 2700/2939/61 2738/3000/541 3090/3422/524 
f 3092/3424/524 3164/3497/11 3163/3495/11 3090/3422/524 
f 3164/3497/11 3092/3424/524 2653/2865/524 2652/2864/11 
f 3160/3492/5 3076/3408/8 2729/2986/80 2702/2943/63 
f 3160/3492/5 3161/3493/5 3077/3409/8 3076/3408/8 
f 2649/2861/8 3077/3409/8 3161/3493/5 2650/2862/5 
f 3173/3513/2 3174/3514/3 3175/3515/4 3176/3516/1 
f 3177/3517/5 3178/3518/6 3179/3519/7 3180/3520/8 
f 3181/3521/10 3182/3522/11 3183/3523/12 3184/3524/9 
f 3185/3525/13 3186/3526/14 3187/3527/15 3188/3528/16 
f 3189/3529/20 3190/3530/17 3191/3531/18 3192/3532/19 
f 3193/3533/555 3194/3534/23 3195/3535/24 3196/3536/21 
f 3196/3537/21 3197/3538/529 3198/3539/530 3193/3540/555 
f 3193/3541/555 3198/3542/530 3199/3543/27 3194/3544/23 
f 3200/3545/29 3201/3546/556 3202/3547/28 3176/3516/1 
f 3201/3548/556 3200/3549/29 3203/3550/31 3204/3551/32 
f 3205/3552/33 3202/3553/28 3201/3554/556 3204/3555/32 
f 3206/3556/36 3207/3557/37 3208/3558/34 3209/3559/35 
f 3206/3560/36 3209/3561/35 3188/3528/16 3210/3562/38 
f 3206/3563/36 3210/3564/38 3211/3565/39 3207/3566/37 
f 3212/3567/41 3213/3568/42 3184/3524/9 3214/3569/40 
f 3212/3570/41 3214/3571/40 3191/3531/18 3215/3572/532 
f 3216/3573/44 3213/3574/42 3212/3575/41 3215/3576/532 
f 3217/3577/46 3218/3578/47 3219/3579/48 3220/3580/45 
f 3221/3581/50 3217/3582/46 3220/3583/45 3222/3584/49 
f 3221/3585/50 3185/3525/13 3218/3586/47 3217/3587/46 
f 3223/3588/557 3224/3589/51 3225/3590/52 3226/3591/53 
f 3223/3592/557 3226/3593/53 3227/3594/55 3228/3595/56 
f 3223/3596/557 3228/3597/56 3229/3598/57 3224/3599/51 
f 3230/3600/558 3231/3601/60 3173/3513/2 3232/3602/58 
f 3232/3603/58 3233/3604/61 3234/3605/62 3230/3606/558 
f 3231/3607/60 3230/3608/558 3234/3609/62 3235/3610/63 
f 3236/3611/559 3237/3612/66 3181/3521/10 3238/3613/64 
f 3238/3614/64 3239/3615/67 3240/3616/68 3236/3617/559 
f 3236/3618/559 3240/3619/68 3178/3518/6 3237/3620/66 
f 3241/3621/69 3197/3538/529 3196/3537/21 3242/3622/70 
f 3242/3623/70 3196/3536/21 3195/3535/24 3243/3624/71 
f 3203/3550/31 3200/3549/29 3244/3625/73 3245/3626/72 
f 3175/3515/4 3244/3627/73 3200/3545/29 3176/3516/1 
f 3192/3532/19 3191/3531/18 3214/3571/40 3246/3628/74 
f 3214/3569/40 3184/3524/9 3183/3523/12 3246/3629/74 
f 3247/3630/17 3211/3565/39 3210/3564/38 3248/3631/75 
f 3188/3528/16 3187/3527/15 3248/3632/75 3210/3562/38 
f 3249/3633/77 3225/3590/52 3224/3589/51 3250/3634/76 
f 3224/3599/51 3229/3598/57 3251/3635/78 3250/3636/76 
f 3231/3601/60 3252/3637/79 3174/3514/3 3173/3513/2 
f 3252/3638/79 3231/3607/60 3235/3610/63 3253/3639/80 
f 3237/3612/66 3254/3640/81 3182/3522/11 3181/3521/10 
f 3254/3641/81 3237/3620/66 3178/3518/6 3177/3517/5 
f 3221/3585/50 3255/3642/82 3186/3526/14 3185/3525/13 
f 3255/3643/82 3221/3581/50 3222/3584/49 3256/3644/7 
f 3208/3558/34 3219/3579/48 3218/3578/47 3209/3559/35 
f 3185/3525/13 3188/3528/16 3209/3561/35 3218/3586/47 
f 3181/3521/10 3184/3524/9 3213/3568/42 3238/3613/64 
f 3238/3614/64 3213/3574/42 3216/3573/44 3239/3615/67 
f 3205/3552/33 3233/3604/61 3232/3603/58 3202/3553/28 
f 3176/3516/1 3202/3547/28 3232/3602/58 3173/3513/2 
f 3195/3535/24 3194/3534/23 3226/3591/53 3225/3590/52 
f 3226/3593/53 3194/3544/23 3199/3543/27 3227/3594/55 
f 3225/3590/52 3249/3633/77 3243/3624/71 3195/3535/24 
f 3208/3558/34 3257/3645/71 3258/3646/77 3219/3579/48 
f 3258/3646/77 3257/3645/71 3259/3647/71 3260/3648/77 
f 3261/3649/71 3262/3650/77 3260/3648/77 3259/3647/71 
f 3261/3649/71 3263/3651/71 3264/3652/77 3262/3650/77 
f 3263/3651/71 3265/3653/71 3266/3654/77 3264/3652/77 
f 3267/3655/77 3266/3654/77 3265/3653/71 3268/3656/71 
f 3267/3655/77 3268/3656/71 3269/3657/71 3270/3658/77 
f 3271/3659/71 3272/3660/77 3270/3658/77 3269/3657/71 
f 3273/3661/71 3274/3662/77 3272/3660/77 3271/3659/71 
f 3275/3663/71 3276/3664/77 3274/3662/77 3273/3661/71 
f 3277/3665/77 3276/3664/77 3275/3663/71 3278/3666/71 
f 3277/3665/77 3278/3666/71 3279/3667/71 3280/3668/77 
f 3281/3669/77 3280/3668/77 3279/3667/71 3282/3670/71 
f 3282/3670/71 3283/3671/71 3284/3672/77 3281/3669/77 
f 3285/3673/77 3284/3672/77 3283/3671/71 3286/3674/71 
f 3287/3675/77 3285/3673/77 3286/3674/71 3288/3676/71 
f 3289/3677/71 3290/3678/77 3287/3675/77 3288/3676/71 
f 3289/3677/71 3243/3624/71 3249/3633/77 3290/3678/77 
f 3234/3609/62 3291/3679/81 3292/3680/5 3235/3610/63 
f 3291/3679/81 3293/3681/81 3294/3682/5 3292/3680/5 
f 3293/3681/81 3295/3683/81 3296/3684/5 3294/3682/5 
f 3297/3685/5 3296/3684/5 3295/3683/81 3298/3686/81 
f 3298/3686/81 3299/3687/81 3300/3688/5 3297/3685/5 
f 3301/3689/5 3300/3688/5 3299/3687/81 3302/3690/81 
f 3303/3691/5 3301/3689/5 3302/3690/81 3304/3692/81 
f 3304/3692/81 3305/3693/81 3306/3694/5 3303/3691/5 
f 3307/3695/5 3306/3694/5 3305/3693/81 3308/3696/81 
f 3309/3697/5 3307/3695/5 3308/3696/81 3310/3698/81 
f 3310/3698/81 3311/3699/81 3312/3700/5 3309/3697/5 
f 3311/3699/81 3313/3701/81 3314/3702/5 3312/3700/5 
f 3313/3701/81 3315/3703/81 3316/3704/5 3314/3702/5 
f 3315/3703/81 3317/3705/81 3318/3706/5 3316/3704/5 
f 3319/3707/5 3318/3706/5 3317/3705/81 3320/3708/81 
f 3321/3709/81 3322/3710/5 3319/3707/5 3320/3708/81 
f 3322/3710/5 3321/3709/81 3323/3711/81 3324/3712/5 
f 3323/3711/81 3254/3641/81 3177/3517/5 3324/3712/5 
f 3233/3604/61 3325/3713/11 3291/3714/81 3234/3605/62 
f 3326/3715/11 3293/3716/81 3291/3714/81 3325/3713/11 
f 3295/3717/81 3293/3716/81 3326/3715/11 3327/3718/11 
f 3328/3719/11 3298/3720/81 3295/3717/81 3327/3718/11 
f 3329/3721/11 3299/3722/81 3298/3720/81 3328/3719/11 
f 3302/3723/81 3299/3722/81 3329/3721/11 3330/3724/11 
f 3331/3725/11 3304/3726/81 3302/3723/81 3330/3724/11 
f 3332/3727/11 3305/3728/81 3304/3726/81 3331/3725/11 
f 3333/3729/11 3308/3730/81 3305/3728/81 3332/3727/11 
f 3334/3731/11 3310/3732/81 3308/3730/81 3333/3729/11 
f 3311/3733/81 3310/3732/81 3334/3731/11 3335/3734/11 
f 3313/3735/81 3311/3733/81 3335/3734/11 3336/3736/11 
f 3315/3737/81 3313/3735/81 3336/3736/11 3337/3738/11 
f 3338/3739/11 3317/3740/81 3315/3737/81 3337/3738/11 
f 3317/3740/81 3338/3739/11 3339/3741/11 3320/3742/81 
f 3321/3743/81 3320/3742/81 3339/3741/11 3340/3744/11 
f 3323/3745/81 3321/3743/81 3340/3744/11 3341/3746/11 
f 3182/3522/11 3254/3640/81 3323/3745/81 3341/3746/11 
f 3342/3747/76 3343/3748/78 3222/3584/49 3220/3583/45 
f 3344/3749/76 3345/3750/78 3343/3748/78 3342/3747/76 
f 3344/3749/76 3346/3751/76 3347/3752/78 3345/3750/78 
f 3348/3753/78 3347/3752/78 3346/3751/76 3349/3754/76 
f 3350/3755/78 3348/3753/78 3349/3754/76 3351/3756/76 
f 3351/3756/76 3352/3757/76 3353/3758/78 3350/3755/78 
f 3354/3759/78 3353/3758/78 3352/3757/76 3355/3760/76 
f 3356/3761/76 3357/3762/78 3354/3759/78 3355/3760/76 
f 3358/3763/78 3357/3762/78 3356/3761/76 3359/3764/76 
f 3360/3765/76 3361/3766/78 3358/3763/78 3359/3764/76 
f 3362/3767/78 3361/3766/78 3360/3765/76 3363/3768/76 
f 3364/3769/76 3365/3770/78 3362/3767/78 3363/3768/76 
f 3366/3771/78 3365/3770/78 3364/3769/76 3367/3772/76 
f 3368/3773/78 3366/3771/78 3367/3772/76 3369/3774/76 
f 3370/3775/76 3371/3776/78 3368/3773/78 3369/3774/76 
f 3372/3777/78 3371/3776/78 3370/3775/76 3373/3778/76 
f 3374/3779/78 3372/3777/78 3373/3778/76 3375/3780/76 
f 3375/3780/76 3250/3636/76 3251/3635/78 3374/3779/78 
f 3220/3580/45 3219/3579/48 3258/3646/77 3342/3781/76 
f 3344/3782/76 3342/3781/76 3258/3646/77 3260/3648/77 
f 3260/3648/77 3262/3650/77 3346/3783/76 3344/3782/76 
f 3349/3784/76 3346/3783/76 3262/3650/77 3264/3652/77 
f 3264/3652/77 3266/3654/77 3351/3785/76 3349/3784/76 
f 3352/3786/76 3351/3785/76 3266/3654/77 3267/3655/77 
f 3267/3655/77 3270/3658/77 3355/3787/76 3352/3786/76 
f 3272/3660/77 3356/3788/76 3355/3787/76 3270/3658/77 
f 3272/3660/77 3274/3662/77 3359/3789/76 3356/3788/76 
f 3360/3790/76 3359/3789/76 3274/3662/77 3276/3664/77 
f 3276/3664/77 3277/3665/77 3363/3791/76 3360/3790/76 
f 3364/3792/76 3363/3791/76 3277/3665/77 3280/3668/77 
f 3281/3669/77 3367/3793/76 3364/3792/76 3280/3668/77 
f 3367/3793/76 3281/3669/77 3284/3672/77 3369/3794/76 
f 3285/3673/77 3370/3795/76 3369/3794/76 3284/3672/77 
f 3373/3796/76 3370/3795/76 3285/3673/77 3287/3675/77 
f 3290/3678/77 3375/3797/76 3373/3796/76 3287/3675/77 
f 3375/3797/76 3290/3678/77 3249/3633/77 3250/3634/76 
f 3376/3798/74 3377/3799/12 3205/3552/33 3204/3555/32 
f 3378/3800/74 3379/3801/12 3377/3799/12 3376/3798/74 
f 3380/3802/12 3379/3801/12 3378/3800/74 3381/3803/74 
f 3382/3804/12 3380/3802/12 3381/3803/74 3383/3805/74 
f 3384/3806/74 3385/3807/12 3382/3804/12 3383/3805/74 
f 3386/3808/12 3385/3807/12 3384/3806/74 3387/3809/74 
f 3388/3810/12 3386/3808/12 3387/3809/74 3389/3811/74 
f 3390/3812/12 3388/3810/12 3389/3811/74 3391/3813/74 
f 3392/3814/12 3390/3812/12 3391/3813/74 3393/3815/74 
f 3394/3816/12 3392/3814/12 3393/3815/74 3395/3817/74 
f 3396/3818/12 3394/3816/12 3395/3817/74 3397/3819/74 
f 3397/3819/74 3398/3820/74 3399/3821/12 3396/3818/12 
f 3400/3822/12 3399/3821/12 3398/3820/74 3401/3823/74 
f 3402/3824/12 3400/3822/12 3401/3823/74 3403/3825/74 
f 3404/3826/74 3405/3827/12 3402/3824/12 3403/3825/74 
f 3406/3828/12 3405/3827/12 3404/3826/74 3407/3829/74 
f 3408/3830/12 3406/3828/12 3407/3829/74 3409/3831/74 
f 3409/3831/74 3246/3629/74 3183/3523/12 3408/3830/12 
f 3203/3550/31 3410/3832/19 3376/3833/74 3204/3551/32 
f 3411/3834/19 3378/3835/74 3376/3833/74 3410/3832/19 
f 3412/3836/19 3381/3837/74 3378/3835/74 3411/3834/19 
f 3413/3838/19 3383/3839/74 3381/3837/74 3412/3836/19 
f 3414/3840/19 3384/3841/74 3383/3839/74 3413/3838/19 
f 3414/3840/19 3415/3842/19 3387/3843/74 3384/3841/74 
f 3416/3844/19 3389/3845/74 3387/3843/74 3415/3842/19 
f 3416/3844/19 3417/3846/19 3391/3847/74 3389/3845/74 
f 3393/3848/74 3391/3847/74 3417/3846/19 3418/3849/19 
f 3419/3850/19 3395/3851/74 3393/3848/74 3418/3849/19 
f 3420/3852/19 3397/3853/74 3395/3851/74 3419/3850/19 
f 3421/3854/19 3398/3855/74 3397/3853/74 3420/3852/19 
f 3401/3856/74 3398/3855/74 3421/3854/19 3422/3857/19 
f 3401/3856/74 3422/3857/19 3423/3858/19 3403/3859/74 
f 3424/3860/19 3404/3861/74 3403/3859/74 3423/3858/19 
f 3425/3862/19 3407/3863/74 3404/3861/74 3424/3860/19 
f 3426/3864/19 3409/3865/74 3407/3863/74 3425/3862/19 
f 3409/3865/74 3426/3864/19 3192/3532/19 3246/3628/74 
f 3207/3557/37 3427/3866/70 3257/3645/71 3208/3558/34 
f 3428/3867/70 3259/3647/71 3257/3645/71 3427/3866/70 
f 3428/3867/70 3429/3868/70 3261/3649/71 3259/3647/71 
f 3430/3869/70 3263/3651/71 3261/3649/71 3429/3868/70 
f 3431/3870/70 3265/3653/71 3263/3651/71 3430/3869/70 
f 3265/3653/71 3431/3870/70 3432/3871/70 3268/3656/71 
f 3269/3657/71 3268/3656/71 3432/3871/70 3433/3872/70 
f 3433/3872/70 3434/3873/70 3271/3659/71 3269/3657/71 
f 3273/3661/71 3271/3659/71 3434/3873/70 3435/3874/70 
f 3273/3661/71 3435/3874/70 3436/3875/70 3275/3663/71 
f 3437/3876/70 3278/3666/71 3275/3663/71 3436/3875/70 
f 3279/3667/71 3278/3666/71 3437/3876/70 3438/3877/70 
f 3279/3667/71 3438/3877/70 3439/3878/70 3282/3670/71 
f 3283/3671/71 3282/3670/71 3439/3878/70 3440/3879/70 
f 3286/3674/71 3283/3671/71 3440/3879/70 3441/3880/70 
f 3288/3676/71 3286/3674/71 3441/3880/70 3442/3881/70 
f 3443/3882/70 3289/3677/71 3288/3676/71 3442/3881/70 
f 3289/3677/71 3443/3882/70 3242/3623/70 3243/3624/71 
f 3211/3565/39 3444/3883/69 3427/3884/70 3207/3566/37 
f 3445/3885/69 3428/3886/70 3427/3884/70 3444/3883/69 
f 3445/3885/69 3446/3887/69 3429/3888/70 3428/3886/70 
f 3429/3888/70 3446/3887/69 3447/3889/69 3430/3890/70 
f 3448/3891/69 3431/3892/70 3430/3890/70 3447/3889/69 
f 3449/3893/69 3432/3894/70 3431/3892/70 3448/3891/69 
f 3432/3894/70 3449/3893/69 3450/3895/69 3433/3896/70 
f 3451/3897/69 3434/3898/70 3433/3896/70 3450/3895/69 
f 3452/3899/69 3435/3900/70 3434/3898/70 3451/3897/69 
f 3436/3901/70 3435/3900/70 3452/3899/69 3453/3902/69 
f 3454/3903/69 3437/3904/70 3436/3901/70 3453/3902/69 
f 3437/3904/70 3454/3903/69 3455/3905/69 3438/3906/70 
f 3438/3906/70 3455/3905/69 3456/3907/69 3439/3908/70 
f 3457/3909/69 3440/3910/70 3439/3908/70 3456/3907/69 
f 3441/3911/70 3440/3910/70 3457/3909/69 3458/3912/69 
f 3458/3912/69 3459/3913/69 3442/3914/70 3441/3911/70 
f 3442/3914/70 3459/3913/69 3460/3915/69 3443/3916/70 
f 3242/3622/70 3443/3916/70 3460/3915/69 3241/3621/69 
f 3245/3626/72 3461/3917/20 3410/3832/19 3203/3550/31 
f 3410/3832/19 3461/3917/20 3462/3918/20 3411/3834/19 
f 3463/3919/20 3412/3836/19 3411/3834/19 3462/3918/20 
f 3464/3920/20 3413/3838/19 3412/3836/19 3463/3919/20 
f 3465/3921/20 3414/3840/19 3413/3838/19 3464/3920/20 
f 3414/3840/19 3465/3921/20 3466/3922/20 3415/3842/19 
f 3466/3922/20 3467/3923/83 3416/3844/19 3415/3842/19 
f 3468/3924/20 3417/3846/19 3416/3844/19 3467/3923/83 
f 3468/3924/20 3469/3925/83 3418/3849/19 3417/3846/19 
f 3418/3849/19 3469/3925/83 3470/3926/83 3419/3850/19 
f 3470/3926/83 3471/3927/20 3420/3852/19 3419/3850/19 
f 3472/3928/20 3421/3854/19 3420/3852/19 3471/3927/20 
f 3472/3928/20 3473/3929/20 3422/3857/19 3421/3854/19 
f 3474/3930/20 3423/3858/19 3422/3857/19 3473/3929/20 
f 3423/3858/19 3474/3930/20 3475/3931/20 3424/3860/19 
f 3476/3932/20 3425/3862/19 3424/3860/19 3475/3931/20 
f 3426/3864/19 3425/3862/19 3476/3932/20 3477/3933/20 
f 3192/3532/19 3426/3864/19 3477/3933/20 3189/3529/20 
f 3325/3713/11 3233/3604/61 3205/3552/33 3377/3799/12 
f 3325/3713/11 3377/3799/12 3379/3801/12 3326/3715/11 
f 3380/3802/12 3327/3718/11 3326/3715/11 3379/3801/12 
f 3328/3719/11 3327/3718/11 3380/3802/12 3382/3804/12 
f 3328/3719/11 3382/3804/12 3385/3807/12 3329/3721/11 
f 3386/3808/12 3330/3724/11 3329/3721/11 3385/3807/12 
f 3388/3810/12 3331/3725/11 3330/3724/11 3386/3808/12 
f 3331/3725/11 3388/3810/12 3390/3812/12 3332/3727/11 
f 3390/3812/12 3392/3814/12 3333/3729/11 3332/3727/11 
f 3394/3816/12 3334/3731/11 3333/3729/11 3392/3814/12 
f 3396/3818/12 3335/3734/11 3334/3731/11 3394/3816/12 
f 3335/3734/11 3396/3818/12 3399/3821/12 3336/3736/11 
f 3337/3738/11 3336/3736/11 3399/3821/12 3400/3822/12 
f 3402/3824/12 3338/3739/11 3337/3738/11 3400/3822/12 
f 3338/3739/11 3402/3824/12 3405/3827/12 3339/3741/11 
f 3340/3744/11 3339/3741/11 3405/3827/12 3406/3828/12 
f 3408/3830/12 3341/3746/11 3340/3744/11 3406/3828/12 
f 3341/3746/11 3408/3830/12 3183/3523/12 3182/3522/11 
f 3478/3934/8 3253/3639/80 3235/3610/63 3292/3680/5 
f 3294/3682/5 3479/3935/8 3478/3934/8 3292/3680/5 
f 3479/3935/8 3294/3682/5 3296/3684/5 3480/3936/8 
f 3297/3685/5 3481/3937/8 3480/3936/8 3296/3684/5 
f 3481/3937/8 3297/3685/5 3300/3688/5 3482/3938/8 
f 3301/3689/5 3483/3939/8 3482/3938/8 3300/3688/5 
f 3301/3689/5 3303/3691/5 3484/3940/8 3483/3939/8 
f 3484/3940/8 3303/3691/5 3306/3694/5 3485/3941/8 
f 3485/3941/8 3306/3694/5 3307/3695/5 3486/3942/8 
f 3309/3697/5 3487/3943/8 3486/3942/8 3307/3695/5 
f 3487/3943/8 3309/3697/5 3312/3700/5 3488/3944/84 
f 3314/3702/5 3489/3945/84 3488/3944/84 3312/3700/5 
f 3314/3702/5 3316/3704/5 3490/3946/84 3489/3945/84 
f 3490/3946/84 3316/3704/5 3318/3706/5 3491/3947/84 
f 3491/3947/84 3318/3706/5 3319/3707/5 3492/3948/84 
f 3492/3948/84 3319/3707/5 3322/3710/5 3493/3949/84 
f 3322/3710/5 3324/3712/5 3494/3950/8 3493/3949/84 
f 3180/3520/8 3494/3950/8 3324/3712/5 3177/3517/5 
f 3343/3748/78 3345/3750/78 3495/3951/84 3496/3952/8 
f 3497/3953/84 3498/3954/8 3496/3952/8 3495/3951/84 
f 3180/3520/8 3498/3954/8 3497/3953/84 3494/3950/8 
f 3495/3951/84 3345/3750/78 3347/3752/78 3499/3955/84 
f 3499/3955/84 3500/3956/84 3497/3953/84 3495/3951/84 
f 3494/3950/8 3497/3953/84 3500/3956/84 3493/3949/84 
f 3348/3753/78 3501/3957/84 3499/3955/84 3347/3752/78 
f 3502/3958/84 3500/3956/84 3499/3955/84 3501/3957/84 
f 3492/3948/84 3493/3949/84 3500/3956/84 3502/3958/84 
f 3350/3755/78 3503/3959/84 3501/3957/84 3348/3753/78 
f 3504/3960/84 3502/3958/84 3501/3957/84 3503/3959/84 
f 3502/3958/84 3504/3960/84 3491/3947/84 3492/3948/84 
f 3353/3758/78 3505/3961/84 3503/3959/84 3350/3755/78 
f 3506/3962/84 3504/3960/84 3503/3959/84 3505/3961/84 
f 3490/3946/84 3491/3947/84 3504/3960/84 3506/3962/84 
f 3507/3963/84 3505/3961/84 3353/3758/78 3354/3759/78 
f 3508/3964/84 3506/3962/84 3505/3961/84 3507/3963/84 
f 3490/3946/84 3506/3962/84 3508/3964/84 3489/3945/84 
f 3507/3963/84 3354/3759/78 3357/3762/78 3509/3965/84 
f 3510/3966/84 3508/3964/84 3507/3963/84 3509/3965/84 
f 3510/3966/84 3488/3944/84 3489/3945/84 3508/3964/84 
f 3511/3967/8 3509/3965/84 3357/3762/78 3358/3763/78 
f 3512/3968/8 3510/3966/84 3509/3965/84 3511/3967/8 
f 3488/3944/84 3510/3966/84 3512/3968/8 3487/3943/8 
f 3511/3967/8 3358/3763/78 3361/3766/78 3513/3969/8 
f 3514/3970/8 3512/3968/8 3511/3967/8 3513/3969/8 
f 3514/3970/8 3486/3942/8 3487/3943/8 3512/3968/8 
f 3513/3969/8 3361/3766/78 3362/3767/78 3515/3971/8 
f 3516/3972/8 3514/3970/8 3513/3969/8 3515/3971/8 
f 3486/3942/8 3514/3970/8 3516/3972/8 3485/3941/8 
f 3515/3971/8 3362/3767/78 3365/3770/78 3517/3973/8 
f 3518/3974/8 3516/3972/8 3515/3971/8 3517/3973/8 
f 3518/3974/8 3484/3940/8 3485/3941/8 3516/3972/8 
f 3366/3771/78 3519/3975/8 3517/3973/8 3365/3770/78 
f 3520/3976/8 3518/3974/8 3517/3973/8 3519/3975/8 
f 3484/3940/8 3518/3974/8 3520/3976/8 3483/3939/8 
f 3368/3773/78 3521/3977/84 3519/3975/8 3366/3771/78 
f 3522/3978/8 3520/3976/8 3519/3975/8 3521/3977/84 
f 3522/3978/8 3482/3938/8 3483/3939/8 3520/3976/8 
f 3521/3977/84 3368/3773/78 3371/3776/78 3523/3979/84 
f 3524/3980/8 3522/3978/8 3521/3977/84 3523/3979/84 
f 3482/3938/8 3522/3978/8 3524/3980/8 3481/3937/8 
f 3523/3979/84 3371/3776/78 3372/3777/78 3525/3981/8 
f 3526/3982/8 3524/3980/8 3523/3979/84 3525/3981/8 
f 3526/3982/8 3480/3936/8 3481/3937/8 3524/3980/8 
f 3374/3779/78 3527/3983/8 3525/3981/8 3372/3777/78 
f 3528/3984/8 3526/3982/8 3525/3981/8 3527/3983/8 
f 3480/3936/8 3526/3982/8 3528/3984/8 3479/3935/8 
f 3251/3635/78 3529/3985/8 3527/3983/8 3374/3779/78 
f 3530/3986/8 3528/3984/8 3527/3983/8 3529/3985/8 
f 3530/3986/8 3478/3934/8 3479/3935/8 3528/3984/8 
f 3529/3985/8 3251/3635/78 3229/3598/57 3531/3987/80 
f 3532/3988/80 3530/3986/8 3529/3985/8 3531/3987/80 
f 3478/3934/8 3530/3986/8 3532/3988/80 3253/3639/80 
f 3444/3883/69 3533/3989/20 3534/3990/20 3445/3885/69 
f 3535/3991/20 3534/3990/20 3533/3989/20 3536/3992/20 
f 3189/3529/20 3477/3933/20 3535/3991/20 3536/3992/20 
f 3445/3885/69 3534/3990/20 3537/3993/20 3446/3887/69 
f 3537/3993/20 3534/3990/20 3535/3991/20 3538/3994/20 
f 3538/3994/20 3535/3991/20 3477/3933/20 3476/3932/20 
f 3447/3889/69 3446/3887/69 3537/3993/20 3539/3995/20 
f 3538/3994/20 3540/3996/20 3539/3995/20 3537/3993/20 
f 3475/3931/20 3540/3996/20 3538/3994/20 3476/3932/20 
f 3448/3891/69 3447/3889/69 3539/3995/20 3541/3997/20 
f 3540/3996/20 3542/3998/20 3541/3997/20 3539/3995/20 
f 3542/3998/20 3540/3996/20 3475/3931/20 3474/3930/20 
f 3449/3893/69 3448/3891/69 3541/3997/20 3543/3999/20 
f 3542/3998/20 3544/4000/20 3543/3999/20 3541/3997/20 
f 3544/4000/20 3542/3998/20 3474/3930/20 3473/3929/20 
f 3450/3895/69 3449/3893/69 3543/3999/20 3545/4001/20 
f 3544/4000/20 3546/4002/20 3545/4001/20 3543/3999/20 
f 3472/3928/20 3546/4002/20 3544/4000/20 3473/3929/20 
f 3451/3897/69 3450/3895/69 3545/4001/20 3547/4003/20 
f 3546/4002/20 3548/4004/20 3547/4003/20 3545/4001/20 
f 3548/4004/20 3546/4002/20 3472/3928/20 3471/3927/20 
f 3452/3899/69 3451/3897/69 3547/4003/20 3549/4005/83 
f 3548/4004/20 3550/4006/83 3549/4005/83 3547/4003/20 
f 3471/3927/20 3470/3926/83 3550/4006/83 3548/4004/20 
f 3549/4005/83 3551/4007/83 3453/3902/69 3452/3899/69 
f 3550/4006/83 3552/4008/83 3551/4007/83 3549/4005/83 
f 3469/3925/83 3552/4008/83 3550/4006/83 3470/3926/83 
f 3453/3902/69 3551/4007/83 3553/4009/20 3454/3903/69 
f 3553/4009/20 3551/4007/83 3552/4008/83 3554/4010/83 
f 3554/4010/83 3552/4008/83 3469/3925/83 3468/3924/20 
f 3555/4011/20 3455/3905/69 3454/3903/69 3553/4009/20 
f 3555/4011/20 3553/4009/20 3554/4010/83 3556/4012/83 
f 3467/3923/83 3556/4012/83 3554/4010/83 3468/3924/20 
f 3455/3905/69 3555/4011/20 3557/4013/20 3456/3907/69 
f 3557/4013/20 3555/4011/20 3556/4012/83 3558/4014/20 
f 3558/4014/20 3556/4012/83 3467/3923/83 3466/3922/20 
f 3559/4015/20 3457/3909/69 3456/3907/69 3557/4013/20 
f 3559/4015/20 3557/4013/20 3558/4014/20 3560/4016/20 
f 3466/3922/20 3465/3921/20 3560/4016/20 3558/4014/20 
f 3457/3909/69 3559/4015/20 3561/4017/20 3458/3912/69 
f 3561/4017/20 3559/4015/20 3560/4016/20 3562/4018/20 
f 3560/4016/20 3465/3921/20 3464/3920/20 3562/4018/20 
f 3563/4019/20 3459/3913/69 3458/3912/69 3561/4017/20 
f 3563/4019/20 3561/4017/20 3562/4018/20 3564/4020/20 
f 3562/4018/20 3464/3920/20 3463/3919/20 3564/4020/20 
f 3459/3913/69 3563/4019/20 3565/4021/20 3460/3915/69 
f 3565/4021/20 3563/4019/20 3564/4020/20 3566/4022/20 
f 3564/4020/20 3463/3919/20 3462/3918/20 3566/4022/20 
f 3565/4021/20 3567/4023/20 3241/3621/69 3460/3915/69 
f 3567/4023/20 3565/4021/20 3566/4022/20 3568/4024/20 
f 3566/4022/20 3462/3918/20 3461/3917/20 3568/4024/20 
f 3197/3538/529 3241/3621/69 3567/4023/20 3569/4025/72 
f 3569/4025/72 3567/4023/20 3568/4024/20 3570/4026/72 
f 3245/3626/72 3570/4026/72 3568/4024/20 3461/3917/20 
f 3178/3518/6 3240/3619/68 3571/4027/82 3179/3519/7 
f 3571/4027/82 3572/4028/82 3573/4029/7 3179/3519/7 
f 3572/4028/82 3255/3643/82 3256/3644/7 3573/4029/7 
f 3239/3615/67 3574/4030/14 3571/4031/82 3240/3616/68 
f 3571/4031/82 3574/4030/14 3575/4032/14 3572/4033/82 
f 3186/3526/14 3255/3642/82 3572/4033/82 3575/4032/14 
f 3228/3597/56 3576/4034/79 3531/3987/80 3229/3598/57 
f 3577/4035/79 3532/3988/80 3531/3987/80 3576/4034/79 
f 3252/3638/79 3253/3639/80 3532/3988/80 3577/4035/79 
f 3227/3594/55 3578/4036/3 3576/4037/79 3228/3595/56 
f 3579/4038/3 3577/4039/79 3576/4037/79 3578/4036/3 
f 3174/3514/3 3252/3637/79 3577/4039/79 3579/4038/3 
f 3215/3576/532 3580/4040/75 3581/4041/15 3216/3573/44 
f 3582/4042/15 3581/4041/15 3580/4040/75 3583/4043/75 
f 3583/4043/75 3248/3632/75 3187/3527/15 3582/4042/15 
f 3215/3572/532 3191/3531/18 3190/3530/17 3580/4044/75 
f 3583/4045/75 3580/4044/75 3190/3530/17 3584/4046/17 
f 3247/3630/17 3248/3631/75 3583/4045/75 3584/4046/17 
f 3198/3542/530 3585/4047/73 3586/4048/4 3199/3543/27 
f 3587/4049/4 3586/4048/4 3585/4047/73 3588/4050/73 
f 3588/4050/73 3244/3627/73 3175/3515/4 3587/4049/4 
f 3197/3538/529 3569/4025/72 3585/4051/73 3198/3539/530 
f 3569/4025/72 3570/4026/72 3588/4052/73 3585/4051/73 
f 3244/3625/73 3588/4052/73 3570/4026/72 3245/3626/72 
f 3247/3630/17 3533/3989/20 3444/3883/69 3211/3565/39 
f 3584/4046/17 3536/3992/20 3533/3989/20 3247/3630/17 
f 3584/4046/17 3190/3530/17 3189/3529/20 3536/3992/20 
f 3574/4030/14 3239/3615/67 3216/3573/44 3581/4041/15 
f 3575/4032/14 3574/4030/14 3581/4041/15 3582/4042/15 
f 3186/3526/14 3575/4032/14 3582/4042/15 3187/3527/15 
f 3222/3584/49 3343/3748/78 3496/3952/8 3256/3644/7 
f 3496/3952/8 3498/3954/8 3573/4029/7 3256/3644/7 
f 3573/4029/7 3498/3954/8 3180/3520/8 3179/3519/7 
f 3199/3543/27 3586/4048/4 3578/4036/3 3227/3594/55 
f 3579/4038/3 3578/4036/3 3586/4048/4 3587/4049/4 
f 3174/3514/3 3579/4038/3 3587/4049/4 3175/3515/4 
# 3414 polygons - 24 triangles

