# 3ds Max Wavefront OBJ Exporter v0.99 - (c)2007 guruware
# File Created: 22.03.2025 17:05:23

mtllib RuedaDD.mtl

#
# object RuedaDD
#

v  0.0517 0.1290 -0.0578
v  0.0545 0.1363 -0.0577
v  0.0874 0.1182 -0.0580
v  0.0828 0.1119 -0.0581
v  -0.0006 -0.1449 -0.0573
v  0.0347 -0.1404 -0.0576
v  0.0366 -0.1479 -0.0575
v  -0.0006 -0.1526 -0.0572
v  0.0182 0.1379 0.0506
v  0.0526 0.1290 0.0503
v  0.0555 0.1363 0.0501
v  0.0191 0.1456 0.0505
v  -0.0876 0.1182 0.0514
v  -0.0830 0.1119 0.0515
v  -0.0519 0.1290 0.0513
v  -0.0547 0.1363 0.0511
v  -0.1159 0.0925 -0.0561
v  -0.0886 0.1182 -0.0564
v  -0.0840 0.1119 -0.0566
v  -0.1099 0.0875 -0.0564
v  0.0678 -0.1273 -0.0579
v  0.0966 -0.1064 -0.0582
v  0.1019 -0.1120 -0.0581
v  0.0715 -0.1341 -0.0578
v  -0.1351 0.0608 0.0518
v  -0.1280 0.0575 0.0519
v  -0.1090 0.0875 0.0518
v  -0.1150 0.0925 0.0517
v  -0.0717 -0.1341 0.0513
v  -0.0368 -0.1479 0.0510
v  -0.0349 -0.1404 0.0511
v  -0.0680 -0.1273 0.0514
v  -0.1490 -0.0123 0.0520
v  -0.1412 -0.0118 0.0521
v  -0.1390 0.0237 0.0520
v  -0.1467 0.0251 0.0520
v  0.0004 -0.1526 0.0506
v  0.0004 -0.1449 0.0508
v  0.0688 -0.1273 0.0502
v  0.0725 -0.1341 0.0500
v  0.1029 -0.1120 0.0497
v  0.0975 -0.1064 0.0499
v  0.0357 -0.1404 0.0505
v  0.0376 -0.1479 0.0503
v  0.1398 0.0237 0.0495
v  0.1420 -0.0118 0.0495
v  0.1498 -0.0123 0.0493
v  0.1474 0.0251 0.0493
v  0.1097 0.0875 0.0498
v  0.1288 0.0575 0.0496
v  0.1358 0.0608 0.0494
v  0.1157 0.0925 0.0496
v  0.1354 -0.0468 0.0496
v  0.1428 -0.0492 0.0494
v  -0.0727 -0.1341 -0.0565
v  -0.0690 -0.1273 -0.0567
v  -0.0359 -0.1404 -0.0570
v  -0.0378 -0.1479 -0.0568
v  0.0838 0.1119 0.0500
v  0.0884 0.1182 0.0498
v  0.1388 0.0237 -0.0586
v  0.1465 0.0251 -0.0585
v  0.1488 -0.0123 -0.0585
v  0.1411 -0.0118 -0.0586
v  0.1202 -0.0790 0.0497
v  0.1268 -0.0831 0.0495
v  -0.1031 -0.1120 -0.0563
v  -0.0977 -0.1064 -0.0565
v  -0.1430 -0.0492 -0.0559
v  -0.1356 -0.0468 -0.0561
v  -0.1204 -0.0790 -0.0563
v  -0.1270 -0.0831 -0.0560
v  -0.0193 0.1456 -0.0570
v  0.0182 0.1456 -0.0573
v  0.0172 0.1379 -0.0575
v  -0.0184 0.1379 -0.0572
v  -0.1500 -0.0123 -0.0558
v  -0.1476 0.0251 -0.0559
v  -0.1400 0.0237 -0.0561
v  -0.1422 -0.0118 -0.0561
v  -0.1360 0.0608 -0.0560
v  -0.1290 0.0575 -0.0562
v  -0.1420 -0.0492 0.0519
v  -0.1260 -0.0831 0.0518
v  -0.1194 -0.0790 0.0519
v  -0.1346 -0.0468 0.0520
v  0.1188 0.0951 0.0469
v  0.0907 0.1215 0.0472
v  0.0349 -0.1375 0.0502
v  0.0004 -0.1419 0.0505
v  -0.0174 0.1379 0.0509
v  -0.0508 0.1263 0.0509
v  -0.0170 0.1349 0.0506
v  -0.1169 -0.0774 0.0515
v  -0.0947 -0.1042 0.0513
v  -0.0930 -0.1023 0.0505
v  -0.1147 -0.0760 0.0507
v  0.0673 -0.1247 0.0499
v  -0.0910 -0.1002 0.0484
v  -0.1123 -0.0745 0.0486
v  -0.0653 -0.1224 0.0503
v  -0.0640 -0.1199 0.0482
v  -0.0498 0.1238 0.0501
v  -0.0798 0.1074 0.0504
v  -0.0781 0.1051 0.0483
v  -0.0488 0.1212 0.0480
v  -0.1047 0.0840 0.0506
v  -0.1025 0.0822 0.0485
v  -0.1230 0.0551 0.0508
v  -0.1204 0.0539 0.0487
v  -0.1336 0.0226 0.0509
v  -0.1308 0.0221 0.0488
v  -0.1357 -0.0115 0.0509
v  -0.1329 -0.0113 0.0488
v  0.0004 -0.1566 0.0480
v  0.0386 -0.1518 0.0476
v  0.1177 -0.0774 0.0494
v  0.1325 -0.0459 0.0493
v  0.1300 -0.0451 0.0485
v  0.1155 -0.0760 0.0487
v  0.0343 -0.1350 0.0494
v  0.0004 -0.1393 0.0497
v  0.0506 0.1238 0.0492
v  0.0175 0.1323 0.0495
v  0.0171 0.1295 0.0474
v  0.0495 0.1212 0.0471
v  0.0661 -0.1224 0.0491
v  -0.1181 0.0951 0.0490
v  -0.1387 0.0625 0.0492
v  0.1306 0.0221 -0.0553
v  0.1327 -0.0113 -0.0553
v  0.1336 -0.0113 0.0464
v  0.1315 0.0221 0.0464
v  -0.0335 -0.1350 0.0500
v  0.0004 -0.1364 0.0476
v  -0.0328 -0.1322 0.0479
v  0.0937 -0.1023 0.0489
v  0.0917 -0.1002 0.0468
v  0.0647 -0.1199 0.0470
v  0.1456 -0.0504 -0.0558
v  0.1529 -0.0126 -0.0559
v  0.1538 -0.0126 0.0466
v  0.1466 -0.0504 0.0467
v  0.0821 0.1095 0.0497
v  0.0515 0.1263 0.0500
v  0.0805 0.1074 0.0490
v  0.0955 -0.1042 0.0496
v  -0.0562 0.1400 0.0485
v  -0.0900 0.1215 0.0488
v  0.0178 0.1349 0.0503
v  -0.1361 0.0231 0.0517
v  -0.1253 0.0562 0.0516
v  -0.1067 0.0856 0.0514
v  -0.0968 -0.1064 0.0517
v  -0.1318 -0.0459 0.0516
v  0.1369 0.0231 0.0492
v  0.1391 -0.0117 0.0492
v  0.0336 -0.1322 0.0473
v  -0.0342 -0.1375 0.0508
v  0.1054 0.0840 0.0488
v  0.0788 0.1051 0.0469
v  0.1032 0.0822 0.0467
v  -0.0666 -0.1247 0.0511
v  -0.1293 -0.0451 0.0509
v  -0.1266 -0.0442 0.0487
v  -0.0379 -0.1518 0.0483
v  0.1395 0.0625 0.0467
v  0.1237 0.0551 0.0486
v  0.1211 0.0539 0.0465
v  -0.0737 -0.1376 0.0486
v  -0.1304 -0.0853 -0.0534
v  -0.1468 -0.0504 -0.0532
v  0.1264 -0.0442 -0.0553
v  0.1122 -0.0745 -0.0551
v  0.1131 -0.0745 0.0466
v  0.1273 -0.0442 0.0464
v  -0.0497 0.1212 -0.0537
v  -0.0173 0.1295 -0.0540
v  -0.0164 0.1295 0.0477
v  0.1291 -0.0451 -0.0574
v  0.1145 -0.0760 -0.0573
v  -0.0177 0.1323 -0.0561
v  0.0165 0.1323 -0.0564
v  0.0162 0.1295 -0.0543
v  0.0326 -0.1322 -0.0544
v  -0.0006 -0.1364 -0.0541
v  -0.0919 -0.1002 -0.0533
v  -0.1133 -0.0745 -0.0531
v  0.1292 -0.0853 -0.0557
v  0.1258 -0.0831 -0.0583
v  0.1418 -0.0492 -0.0585
v  0.1023 0.0822 -0.0550
v  0.1202 0.0539 -0.0552
v  -0.1516 0.0259 -0.0532
v  -0.1397 0.0625 -0.0533
v  -0.1540 -0.0126 -0.0532
v  -0.0746 -0.1376 -0.0539
v  -0.1058 -0.1150 -0.0536
v  -0.1383 -0.0117 0.0517
v  0.1385 0.0625 -0.0558
v  0.1179 0.0951 -0.0556
v  -0.1049 -0.1150 0.0489
v  -0.1294 -0.0853 0.0491
v  0.1514 0.0259 0.0466
v  -0.1190 0.0951 -0.0535
v  0.0377 -0.1518 -0.0549
v  0.0735 -0.1376 -0.0552
v  0.0744 -0.1376 0.0473
v  0.0898 0.1215 -0.0553
v  0.0560 0.1400 -0.0550
v  0.0570 0.1400 0.0475
v  0.1504 0.0259 -0.0559
v  -0.1458 -0.0504 0.0493
v  -0.0909 0.1215 -0.0537
v  -0.0006 -0.1566 -0.0545
v  -0.0571 0.1400 -0.0540
v  0.1343 0.0226 0.0485
v  0.1365 -0.0115 0.0485
v  0.1056 -0.1150 0.0470
v  0.1302 -0.0853 0.0468
v  0.1074 0.0856 0.0495
v  0.0196 0.1496 0.0478
v  -0.0189 0.1496 0.0482
v  -0.0184 0.1456 0.0508
v  0.1349 0.0608 -0.0584
v  -0.0198 0.1496 -0.0544
v  -0.0557 0.1363 -0.0567
v  0.0908 -0.1002 -0.0549
v  0.0638 -0.1199 -0.0547
v  -0.1317 0.0221 -0.0529
v  -0.1213 0.0539 -0.0530
v  -0.1275 -0.0442 -0.0530
v  -0.1338 -0.0113 -0.0529
v  -0.0338 -0.1322 -0.0538
v  -0.0649 -0.1199 -0.0535
v  0.0779 0.1051 -0.0548
v  -0.0167 0.1323 0.0499
v  0.0333 -0.1350 -0.0565
v  -0.0006 -0.1393 -0.0562
v  0.0796 0.1074 -0.0570
v  0.1045 0.0840 -0.0572
v  0.0496 0.1238 -0.0567
v  0.0486 0.1212 -0.0546
v  -0.1302 -0.0451 -0.0551
v  -0.1366 -0.0115 -0.0550
v  -0.1157 -0.0760 -0.0552
v  -0.0388 -0.1518 -0.0542
v  0.1148 0.0925 -0.0582
v  0.1228 0.0551 -0.0573
v  -0.0790 0.1051 -0.0534
v  -0.0939 -0.1023 -0.0554
v  -0.0663 -0.1224 -0.0557
v  -0.0807 0.1074 -0.0555
v  -0.0508 0.1238 -0.0558
v  -0.1056 0.0840 -0.0553
v  -0.1034 0.0822 -0.0532
v  -0.1239 0.0551 -0.0551
v  -0.1345 0.0226 -0.0550
v  0.1047 -0.1150 -0.0555
v  0.1334 0.0226 -0.0574
v  0.1355 -0.0115 -0.0575
v  0.0187 0.1496 -0.0547
v  -0.0345 -0.1350 -0.0559
v  0.0928 -0.1023 -0.0571
v  0.0651 -0.1224 -0.0568
v  -0.0813 0.1095 0.0512
v  -0.1531 -0.0126 0.0494
v  0.1261 0.0562 0.0493
v  -0.1506 0.0259 0.0493
v  -0.1021 -0.1120 0.0516
v  0.0896 -0.1028 -0.0322
v  0.0789 -0.1106 -0.0321
v  0.0788 -0.1106 -0.0415
v  0.0895 -0.1028 -0.0416
v  0.1318 0.0275 -0.0419
v  0.1278 0.0401 -0.0419
v  0.1278 0.0401 -0.0325
v  0.1319 0.0275 -0.0326
v  0.0682 -0.1183 -0.0320
v  0.0681 -0.1183 -0.0414
v  0.0128 0.1333 -0.0409
v  -0.0004 0.1333 -0.0408
v  -0.0004 0.1333 -0.0314
v  0.0129 0.1333 -0.0315
v  -0.1286 0.0401 -0.0396
v  -0.1285 0.0401 -0.0302
v  -0.1245 0.0527 -0.0303
v  -0.1245 0.0527 -0.0396
v  -0.1327 0.0275 -0.0396
v  -0.1326 0.0275 -0.0302
v  -0.0796 -0.1106 -0.0307
v  -0.0903 -0.1028 -0.0306
v  -0.0904 -0.1028 -0.0400
v  -0.0797 -0.1106 -0.0401
v  -0.0689 -0.1183 -0.0308
v  -0.0690 -0.1183 -0.0401
v  0.1237 0.0527 -0.0419
v  0.1237 0.0527 -0.0325
v  -0.1175 0.0410 -0.0339
v  -0.1201 0.0401 -0.0331
v  -0.1202 0.0401 -0.0425
v  -0.1176 0.0410 -0.0433
v  -0.0888 -0.0225 -0.0519
v  -0.0887 -0.0225 -0.0410
v  -0.0961 -0.0094 -0.0405
v  -0.0962 -0.0094 -0.0509
v  -0.0478 0.0759 -0.0522
v  -0.0477 0.0759 -0.0414
v  -0.0375 0.0870 -0.0410
v  -0.0376 0.0870 -0.0515
v  -0.0539 0.0158 -0.0528
v  -0.0538 0.0158 -0.0414
v  -0.0517 0.0214 -0.0414
v  -0.0518 0.0214 -0.0528
v  -0.0555 0.0101 -0.0528
v  -0.0554 0.0101 -0.0414
v  0.0038 0.1230 -0.0444
v  0.0039 0.1230 -0.0350
v  0.0022 0.1252 -0.0342
v  0.0022 0.1252 -0.0436
v  -0.0595 0.0673 -0.0413
v  -0.0596 0.0673 -0.0521
v  -0.0733 0.0611 -0.0511
v  -0.0732 0.0611 -0.0407
v  0.0468 -0.0246 -0.0535
v  0.0448 -0.0207 -0.0532
v  0.0449 -0.0207 -0.0419
v  0.0469 -0.0246 -0.0421
v  -0.0567 -0.0108 -0.0414
v  -0.0712 -0.0150 -0.0422
v  -0.0713 -0.0150 -0.0540
v  -0.0568 -0.0108 -0.0529
v  0.0558 -0.0108 -0.0424
v  0.0514 -0.0106 -0.0422
v  0.0513 -0.0106 -0.0535
v  0.0557 -0.0108 -0.0539
v  -0.0267 0.0491 -0.0531
v  -0.0252 0.0450 -0.0528
v  -0.0251 0.0450 -0.0415
v  -0.0266 0.0491 -0.0417
v  0.0505 -0.0271 -0.0424
v  0.0504 -0.0271 -0.0538
v  -0.0353 0.0616 -0.0543
v  -0.0352 0.0616 -0.0425
v  -0.0523 -0.0106 -0.0412
v  -0.0524 -0.0106 -0.0526
v  0.0703 -0.0150 -0.0434
v  0.0702 -0.0150 -0.0552
v  0.0055 0.0543 -0.0419
v  0.0054 0.0543 -0.0533
v  -0.0005 0.0546 -0.0533
v  -0.0004 0.0546 -0.0419
v  0.0646 -0.0321 -0.0552
v  0.0647 -0.0321 -0.0434
v  -0.0065 0.0543 -0.0532
v  -0.0064 0.0543 -0.0418
v  -0.0484 -0.0126 -0.0411
v  -0.0485 -0.0126 -0.0523
v  0.0877 -0.0225 -0.0534
v  0.0951 -0.0094 -0.0526
v  0.0952 -0.0094 -0.0422
v  0.0878 -0.0225 -0.0426
v  -0.0259 0.0407 -0.0525
v  -0.0258 0.0407 -0.0413
v  0.0832 -0.0364 -0.0534
v  0.0833 -0.0364 -0.0426
v  0.0816 -0.0514 -0.0421
v  0.0815 -0.0514 -0.0525
v  -0.0004 0.1261 -0.0339
v  -0.0005 0.1261 -0.0433
v  -0.0461 -0.0163 -0.0522
v  -0.0460 -0.0163 -0.0410
v  0.0722 0.0611 -0.0524
v  0.0585 0.0673 -0.0532
v  0.0586 0.0673 -0.0424
v  0.0723 0.0611 -0.0420
v  -0.0030 0.1252 -0.0342
v  -0.0031 0.1252 -0.0435
v  0.0256 0.0491 -0.0536
v  0.0257 0.0491 -0.0422
v  0.0242 0.0450 -0.0419
v  0.0241 0.0450 -0.0533
v  0.0216 -0.0949 -0.0416
v  0.0068 -0.0919 -0.0419
v  0.0067 -0.0919 -0.0527
v  0.0215 -0.0949 -0.0520
v  -0.0459 -0.0207 -0.0523
v  -0.0458 -0.0207 -0.0411
v  0.0342 0.0616 -0.0549
v  0.0343 0.0616 -0.0431
v  0.0487 0.0510 -0.0550
v  0.0395 0.0390 -0.0537
v  0.0396 0.0390 -0.0423
v  0.0488 0.0510 -0.0432
v  0.0467 0.0759 -0.0531
v  0.0365 0.0870 -0.0521
v  0.0366 0.0870 -0.0417
v  0.0468 0.0759 -0.0422
v  0.0084 -0.0730 -0.0547
v  0.0085 -0.0730 -0.0429
v  0.0081 -0.0579 -0.0420
v  0.0080 -0.0579 -0.0535
v  -0.0478 -0.0246 -0.0526
v  -0.0477 -0.0246 -0.0413
v  -0.0047 0.1230 -0.0443
v  -0.0047 0.1230 -0.0349
v  0.0361 0.0363 -0.0534
v  0.0362 0.0363 -0.0420
v  -0.0728 -0.1056 -0.0429
v  -0.0755 -0.1048 -0.0426
v  -0.0754 -0.1048 -0.0332
v  -0.0728 -0.1056 -0.0335
v  0.0069 -0.0536 -0.0418
v  0.0068 -0.0536 -0.0531
v  -0.0515 -0.0271 -0.0529
v  -0.0514 -0.0271 -0.0415
v  -0.0771 -0.1025 -0.0429
v  -0.0770 -0.1025 -0.0335
v  0.0317 0.0357 -0.0530
v  0.0318 0.0357 -0.0418
v  0.0038 -0.0506 -0.0415
v  0.0037 -0.0506 -0.0528
v  -0.0771 -0.0998 -0.0436
v  -0.0771 -0.0998 -0.0343
v  -0.0657 -0.0321 -0.0540
v  -0.0656 -0.0321 -0.0422
v  -0.0287 0.0372 -0.0524
v  -0.0286 0.0372 -0.0412
v  0.0450 -0.0163 -0.0530
v  0.0451 -0.0163 -0.0418
v  -0.0328 0.0357 -0.0525
v  -0.0327 0.0357 -0.0412
v  -0.0004 -0.0494 -0.0414
v  -0.0005 -0.0494 -0.0526
v  -0.0843 -0.0364 -0.0519
v  -0.0825 -0.0514 -0.0511
v  -0.0824 -0.0514 -0.0406
v  -0.0842 -0.0364 -0.0411
v  0.0474 -0.0126 -0.0532
v  0.0475 -0.0126 -0.0419
v  -0.0371 0.0363 -0.0527
v  -0.0370 0.0363 -0.0414
v  -0.0406 0.0390 -0.0530
v  -0.0405 0.0390 -0.0416
v  -0.0047 -0.0506 -0.0415
v  -0.0078 -0.0536 -0.0416
v  -0.0079 -0.0536 -0.0530
v  -0.0048 -0.0506 -0.0527
v  -0.0078 -0.0919 -0.0526
v  -0.0077 -0.0919 -0.0418
v  -0.0225 -0.0949 -0.0412
v  -0.0226 -0.0949 -0.0516
v  -0.0498 0.0510 -0.0542
v  -0.0497 0.0510 -0.0424
v  -0.0334 -0.0469 -0.0416
v  -0.0380 -0.0432 -0.0415
v  -0.0381 -0.0432 -0.0530
v  -0.0335 -0.0469 -0.0530
v  -0.0091 -0.0579 -0.0533
v  -0.0090 -0.0579 -0.0419
v  -0.0095 -0.0730 -0.0545
v  -0.0094 -0.0730 -0.0427
v  -0.0286 -0.0502 -0.0530
v  -0.0285 -0.0502 -0.0416
v  -0.0137 0.1333 -0.0406
v  -0.0136 0.1333 -0.0313
v  -0.0259 -0.0285 -0.0409
v  -0.0252 -0.0285 0.0355
v  -0.0312 -0.0214 0.0355
v  -0.0318 -0.0214 -0.0409
v  -0.0351 -0.0129 0.0355
v  -0.0358 -0.0129 -0.0408
v  -0.0369 -0.0038 0.0356
v  -0.0375 -0.0038 -0.0408
v  -0.0177 -0.0340 0.0354
v  -0.0184 -0.0340 -0.0410
v  0.0310 -0.0214 -0.0414
v  0.0316 -0.0214 0.0349
v  0.0257 -0.0285 0.0350
v  0.0250 -0.0285 -0.0414
v  0.0349 -0.0129 -0.0415
v  0.0356 -0.0129 0.0349
v  -0.0090 -0.0374 0.0353
v  -0.0097 -0.0374 -0.0411
v  0.0379 0.0657 -0.0434
v  0.0378 0.0657 -0.0554
v  -0.0127 0.0753 -0.0549
v  -0.0129 0.0759 -0.0548
v  -0.0128 0.0759 -0.0429
v  -0.0126 0.0753 -0.0430
v  -0.0083 0.0609 -0.0422
v  -0.0084 0.0609 -0.0538
v  -0.0276 0.1022 -0.0489
v  -0.0275 0.1022 -0.0391
v  -0.0220 0.1145 -0.0371
v  -0.0166 0.1266 -0.0336
v  -0.0166 0.1266 -0.0429
v  -0.0221 0.1145 -0.0465
v  0.0074 0.0609 -0.0423
v  0.0117 0.0753 -0.0432
v  0.0119 0.0759 -0.0431
v  0.0118 0.0759 -0.0550
v  0.0116 0.0753 -0.0551
v  0.0073 0.0609 -0.0539
v  -0.0059 0.1162 -0.0466
v  -0.0058 0.1162 -0.0373
v  -0.0093 0.0960 -0.0411
v  -0.0113 0.0844 -0.0422
v  -0.0114 0.0844 -0.0534
v  -0.0094 0.0960 -0.0513
v  0.0897 0.0563 -0.0500
v  0.0759 0.0601 -0.0521
v  0.0744 0.0605 -0.0523
v  0.0745 0.0605 -0.0419
v  0.0760 0.0601 -0.0418
v  0.0898 0.0563 -0.0401
v  0.0104 0.0844 -0.0424
v  0.0084 0.0960 -0.0412
v  0.0050 0.1162 -0.0374
v  0.0050 0.1162 -0.0467
v  0.0084 0.0960 -0.0515
v  0.0103 0.0844 -0.0536
v  0.0266 0.1022 -0.0494
v  0.0211 0.1145 -0.0469
v  0.0157 0.1266 -0.0432
v  0.0158 0.1266 -0.0338
v  0.0212 0.1145 -0.0375
v  0.0267 0.1022 -0.0396
v  0.0353 0.0889 -0.0519
v  0.0344 0.0902 -0.0517
v  0.0345 0.0902 -0.0415
v  0.0354 0.0889 -0.0416
v  0.0619 -0.1147 -0.0343
v  0.0503 -0.1081 -0.0378
v  0.0386 -0.1013 -0.0397
v  0.0385 -0.1013 -0.0495
v  0.0502 -0.1081 -0.0471
v  0.0618 -0.1147 -0.0436
v  0.0693 -0.1048 -0.0449
v  0.0643 -0.0999 -0.0473
v  0.0496 -0.0857 -0.0519
v  0.0412 -0.0774 -0.0539
v  0.0350 -0.0714 -0.0552
v  0.0351 -0.0714 -0.0434
v  0.0413 -0.0774 -0.0426
v  0.0497 -0.0857 -0.0416
v  0.0644 -0.0999 -0.0379
v  0.0694 -0.1048 -0.0356
v  0.0823 -0.0695 -0.0499
v  0.0824 -0.0695 -0.0401
v  0.0853 -0.0826 -0.0381
v  0.0881 -0.0957 -0.0345
v  0.0880 -0.0957 -0.0439
v  0.0852 -0.0826 -0.0475
v  0.0731 -0.0935 -0.0473
v  0.0762 -0.0998 -0.0450
v  0.0763 -0.0998 -0.0356
v  0.0732 -0.0935 -0.0380
v  0.0641 -0.0752 -0.0417
v  0.0589 -0.0647 -0.0428
v  0.0550 -0.0569 -0.0435
v  0.0549 -0.0569 -0.0554
v  0.0588 -0.0647 -0.0540
v  0.0640 -0.0752 -0.0520
v  -0.0435 -0.0474 -0.0419
v  -0.0554 -0.0565 -0.0426
v  -0.0559 -0.0569 -0.0425
v  -0.0560 -0.0569 -0.0544
v  -0.0555 -0.0565 -0.0545
v  -0.0436 -0.0474 -0.0534
v  -0.0360 -0.0714 -0.0427
v  -0.0361 -0.0714 -0.0546
v  -0.0423 -0.0774 -0.0531
v  -0.0507 -0.0857 -0.0510
v  -0.0653 -0.0999 -0.0461
v  -0.0702 -0.1048 -0.0437
v  -0.0701 -0.1048 -0.0343
v  -0.0652 -0.0999 -0.0368
v  -0.0506 -0.0857 -0.0407
v  -0.0422 -0.0774 -0.0419
v  0.0252 -0.0963 -0.0414
v  0.0237 -0.0957 -0.0415
v  0.0237 -0.0957 -0.0518
v  0.0251 -0.0963 -0.0516
v  -0.0861 -0.0826 -0.0459
v  -0.0889 -0.0957 -0.0423
v  -0.0888 -0.0957 -0.0329
v  -0.0861 -0.0826 -0.0366
v  -0.0833 -0.0695 -0.0386
v  -0.0834 -0.0695 -0.0484
v  0.0299 -0.0567 -0.0425
v  0.0349 -0.0708 -0.0434
v  0.0348 -0.0708 -0.0553
v  0.0298 -0.0567 -0.0541
v  0.0275 -0.0502 -0.0535
v  0.0276 -0.0502 -0.0421
v  -0.0091 -0.0785 -0.0550
v  -0.0089 -0.0785 -0.0430
v  -0.0246 -0.0957 -0.0410
v  -0.0261 -0.0963 -0.0409
v  -0.0394 -0.1013 -0.0390
v  -0.0395 -0.1013 -0.0488
v  -0.0262 -0.0963 -0.0512
v  -0.0247 -0.0957 -0.0514
v  0.0080 -0.0785 -0.0432
v  0.0079 -0.0785 -0.0551
v  -0.0598 -0.0647 -0.0417
v  -0.0650 -0.0752 -0.0406
v  -0.0740 -0.0935 -0.0367
v  -0.0741 -0.0935 -0.0460
v  -0.0651 -0.0752 -0.0508
v  -0.0599 -0.0647 -0.0530
v  -0.0511 -0.1081 -0.0369
v  -0.0626 -0.1147 -0.0331
v  -0.0627 -0.1147 -0.0425
v  -0.0512 -0.1081 -0.0462
v  -0.0359 -0.0708 -0.0547
v  -0.0358 -0.0708 -0.0428
v  -0.0308 -0.0567 -0.0420
v  -0.0309 -0.0567 -0.0536
v  0.0367 -0.0038 -0.0415
v  0.0374 -0.0038 0.0349
v  -0.0141 0.0331 -0.0410
v  -0.0223 0.0287 -0.0409
v  -0.0216 0.0287 0.0354
v  -0.0134 0.0331 0.0354
v  -0.0291 0.0223 -0.0409
v  -0.0284 0.0223 0.0355
v  0.0361 0.0055 -0.0415
v  0.0368 0.0055 0.0349
v  -0.0341 0.0144 -0.0408
v  -0.0334 0.0144 0.0355
v  0.0182 -0.0340 0.0351
v  0.0175 -0.0340 -0.0413
v  -0.0051 0.0355 -0.0411
v  -0.0044 0.0355 0.0353
v  0.0282 0.0223 -0.0414
v  0.0214 0.0287 -0.0413
v  0.0221 0.0287 0.0350
v  0.0289 0.0223 0.0350
v  0.0095 -0.0374 0.0351
v  0.0088 -0.0374 -0.0412
v  0.0042 0.0355 -0.0412
v  0.0049 0.0355 0.0352
v  0.0132 0.0331 -0.0413
v  0.0139 0.0331 0.0351
v  0.0002 -0.0386 0.0352
v  -0.0004 -0.0386 -0.0411
v  0.0332 0.0144 -0.0414
v  0.0339 0.0144 0.0349
v  -0.0363 0.0055 0.0356
v  -0.0370 0.0055 -0.0408
v  0.0528 0.0158 -0.0538
v  0.0529 0.0158 -0.0424
v  0.0545 0.0101 -0.0424
v  0.0544 0.0101 -0.0538
v  0.0276 0.0372 -0.0529
v  0.0277 0.0372 -0.0417
v  -0.0826 -0.0536 -0.0509
v  -0.0827 -0.0552 -0.0507
v  -0.0826 -0.0552 -0.0404
v  -0.0826 -0.0536 -0.0405
v  0.1193 0.0329 -0.0454
v  0.1194 0.0329 -0.0360
v  0.1210 0.0352 -0.0353
v  0.1209 0.0352 -0.0446
v  -0.0711 -0.0334 -0.0544
v  -0.0710 -0.0334 -0.0425
v  -0.0975 -0.0076 -0.0404
v  -0.0985 -0.0064 -0.0403
v  -0.1074 0.0048 -0.0384
v  -0.1075 0.0048 -0.0482
v  -0.0986 -0.0064 -0.0505
v  -0.0976 -0.0076 -0.0507
v  -0.1218 0.0352 -0.0425
v  -0.1218 0.0379 -0.0422
v  -0.1217 0.0379 -0.0328
v  -0.1217 0.0352 -0.0331
v  -0.0763 -0.0172 -0.0424
v  -0.0764 -0.0172 -0.0544
v  0.0249 0.0407 -0.0530
v  0.0250 0.0407 -0.0417
v  -0.0624 0.0103 -0.0533
v  -0.0773 0.0107 -0.0543
v  -0.0780 0.0107 -0.0542
v  -0.0779 0.0107 -0.0423
v  -0.0772 0.0107 -0.0424
v  -0.0623 0.0103 -0.0417
v  -0.0857 0.0147 -0.0527
v  -0.0961 0.0202 -0.0505
v  -0.1141 0.0297 -0.0457
v  -0.1202 0.0329 -0.0432
v  -0.1202 0.0329 -0.0339
v  -0.1140 0.0297 -0.0363
v  -0.0960 0.0202 -0.0403
v  -0.0856 0.0147 -0.0415
v  0.1210 0.0379 -0.0350
v  0.1209 0.0379 -0.0443
v  -0.1174 0.0138 -0.0363
v  -0.1273 0.0227 -0.0326
v  -0.1273 0.0227 -0.0419
v  -0.1175 0.0138 -0.0456
v  -0.0703 0.0341 -0.0424
v  -0.0788 0.0354 -0.0416
v  -0.0905 0.0371 -0.0403
v  -0.1107 0.0400 -0.0364
v  -0.1108 0.0400 -0.0457
v  -0.0906 0.0371 -0.0506
v  -0.0789 0.0354 -0.0528
v  -0.0704 0.0341 -0.0543
v  -0.0907 0.0563 -0.0483
v  -0.1041 0.0549 -0.0458
v  -0.1173 0.0535 -0.0420
v  -0.1173 0.0535 -0.0326
v  -0.1040 0.0549 -0.0364
v  -0.0906 0.0563 -0.0385
v  -0.0574 0.0253 -0.0417
v  -0.0697 0.0338 -0.0425
v  -0.0698 0.0338 -0.0544
v  -0.0575 0.0253 -0.0533
v  0.1193 0.0401 -0.0446
v  0.1194 0.0401 -0.0353
v  -0.0755 0.0605 -0.0509
v  -0.0770 0.0601 -0.0507
v  -0.0769 0.0601 -0.0405
v  -0.0754 0.0605 -0.0406
v  -0.0526 0.0557 -0.0426
v  -0.0527 0.0557 -0.0546
v  0.0762 -0.1025 -0.0442
v  0.0745 -0.1048 -0.0439
v  0.0746 -0.1048 -0.0346
v  0.0762 -0.1025 -0.0349
v  0.0324 -0.0469 -0.0536
v  0.0325 -0.0469 -0.0422
v  0.0719 -0.1056 -0.0442
v  0.0720 -0.1056 -0.0348
v  0.1167 0.0410 -0.0360
v  0.1167 0.0410 -0.0454
v  0.0372 -0.0432 -0.0422
v  0.0371 -0.0432 -0.0536
v  -0.0362 0.0889 -0.0409
v  -0.0354 0.0902 -0.0408
v  -0.0355 0.0902 -0.0511
v  -0.0363 0.0889 -0.0513
v  -0.0389 0.0657 -0.0547
v  -0.0388 0.0657 -0.0428
v  0.1131 0.0297 -0.0477
v  0.0950 0.0202 -0.0523
v  0.0846 0.0147 -0.0543
v  0.0769 0.0107 -0.0556
v  0.0770 0.0107 -0.0437
v  0.0847 0.0147 -0.0430
v  0.0951 0.0202 -0.0420
v  0.1132 0.0297 -0.0384
v  0.0817 -0.0536 -0.0420
v  0.0817 -0.0552 -0.0419
v  0.0817 -0.0552 -0.0521
v  0.0816 -0.0536 -0.0523
v  0.0965 -0.0076 -0.0525
v  0.0975 -0.0064 -0.0523
v  0.1065 0.0048 -0.0501
v  0.1065 0.0048 -0.0403
v  0.0976 -0.0064 -0.0420
v  0.0966 -0.0076 -0.0421
v  0.0692 0.0341 -0.0555
v  0.0693 0.0341 -0.0437
v  0.0688 0.0338 -0.0437
v  0.0565 0.0253 -0.0428
v  0.0508 0.0214 -0.0423
v  0.0507 0.0214 -0.0537
v  0.0564 0.0253 -0.0543
v  0.0687 0.0338 -0.0557
v  0.0753 -0.0172 -0.0438
v  0.0752 -0.0172 -0.0557
v  0.1265 0.0227 -0.0348
v  0.1166 0.0138 -0.0384
v  0.1165 0.0138 -0.0477
v  0.1264 0.0227 -0.0442
v  0.1164 0.0535 -0.0441
v  0.1031 0.0549 -0.0476
v  0.1032 0.0549 -0.0383
v  0.1165 0.0535 -0.0347
v  0.0545 -0.0565 -0.0436
v  0.0426 -0.0474 -0.0426
v  0.0425 -0.0474 -0.0542
v  0.0544 -0.0565 -0.0555
v  0.0515 0.0557 -0.0555
v  0.0516 0.0557 -0.0436
v  0.0700 -0.0334 -0.0557
v  0.0701 -0.0334 -0.0437
v  0.0762 0.0107 -0.0557
v  0.0613 0.0103 -0.0544
v  0.0614 0.0103 -0.0428
v  0.0763 0.0107 -0.0438
v  0.1099 0.0400 -0.0383
v  0.0896 0.0371 -0.0420
v  0.0779 0.0354 -0.0430
v  0.0778 0.0354 -0.0542
v  0.0895 0.0371 -0.0522
v  0.1098 0.0400 -0.0477
v  -0.0292 0.0710 -0.0428
v  -0.0128 0.0960 -0.0410
v  -0.0129 0.0960 -0.0513
v  -0.0293 0.0710 -0.0548
v  -0.0894 0.0404 -0.0404
v  -0.0606 0.0482 -0.0426
v  -0.0970 0.0169 -0.0403
v  -0.1169 0.0207 -0.0363
v  -0.1078 0.0490 -0.0364
v  0.0385 0.0168 -0.0415
v  0.0597 0.0482 -0.0436
v  0.0327 0.0259 -0.0414
v  -0.1170 0.0207 -0.0456
v  -0.0971 0.0169 -0.0505
v  -0.0783 -0.0064 -0.0424
v  -0.0678 -0.0732 -0.0405
v  -0.0663 -0.0433 -0.0425
v  -0.0478 -0.0877 -0.0407
v  -0.0576 -0.1055 -0.0368
v  -0.0816 -0.0880 -0.0366
v  -0.0576 -0.1055 -0.0462
v  -0.0479 -0.0877 -0.0510
v  -0.0678 -0.0732 -0.0508
v  -0.0199 -0.0771 -0.0429
v  0.0469 -0.0877 -0.0416
v  0.0189 -0.0771 -0.0433
v  0.0568 -0.1055 -0.0379
v  0.0808 -0.0880 -0.0381
v  0.0468 -0.0877 -0.0518
v  0.0567 -0.1055 -0.0472
v  0.0654 -0.0433 -0.0437
v  0.0669 -0.0732 -0.0418
v  0.0962 0.0169 -0.0420
v  0.0774 -0.0064 -0.0438
v  0.1161 0.0207 -0.0384
v  0.1069 0.0490 -0.0476
v  0.0884 0.0404 -0.0522
v  0.0961 0.0169 -0.0523
v  0.0885 0.0404 -0.0419
v  0.0118 0.0960 -0.0515
v  0.0144 0.1162 -0.0468
v  0.0145 0.1162 -0.0375
v  0.0119 0.0960 -0.0413
v  0.0282 0.0710 -0.0553
v  0.0283 0.0710 -0.0434
v  0.0050 0.0412 -0.0412
v  0.0154 0.0385 -0.0413
v  0.0049 0.0413 -0.0523
v  0.0016 0.0150 -0.0516
v  -0.0026 0.0150 -0.0516
v  -0.0059 0.0413 -0.0522
v  0.0153 0.0386 -0.0524
v  0.0056 0.0140 -0.0517
v  0.0248 0.0333 -0.0414
v  0.0248 0.0334 -0.0525
v  0.0093 0.0120 -0.0517
v  0.0595 0.0482 -0.0556
v  0.0327 0.0260 -0.0525
v  0.0123 0.0091 -0.0517
v  0.1070 0.0490 -0.0383
v  0.0385 0.0169 -0.0526
v  0.0146 0.0056 -0.0517
v  0.1161 0.0207 -0.0477
v  0.0418 0.0065 -0.0415
v  0.0419 0.0066 -0.0526
v  0.0158 0.0016 -0.0517
v  0.0773 -0.0064 -0.0557
v  0.0425 -0.0042 -0.0415
v  0.0425 -0.0042 -0.0526
v  0.0161 -0.0026 -0.0517
v  0.0160 -0.0016 -0.0517
v  0.0405 -0.0148 -0.0415
v  0.0405 -0.0148 -0.0526
v  0.0153 -0.0067 -0.0517
v  0.0653 -0.0433 -0.0556
v  -0.0370 -0.0246 -0.0519
v  -0.0146 -0.0104 -0.0515
v  -0.0119 -0.0137 -0.0515
v  -0.0301 -0.0330 -0.0520
v  -0.0664 -0.0433 -0.0544
v  -0.0153 0.1162 -0.0372
v  -0.0067 0.0140 -0.0515
v  -0.0164 0.0386 -0.0521
v  -0.0416 -0.0148 -0.0519
v  -0.0164 -0.0067 -0.0515
v  0.0036 -0.0177 -0.0516
v  -0.0005 -0.0182 -0.0516
v  -0.0047 -0.0177 -0.0516
v  -0.0086 -0.0161 -0.0515
v  -0.0172 -0.0026 -0.0515
v  -0.0171 -0.0016 -0.0515
v  -0.0169 0.0016 -0.0515
v  -0.0156 0.0056 -0.0515
v  -0.0134 0.0091 -0.0515
v  -0.0103 0.0120 -0.0515
v  0.0135 -0.0104 -0.0517
v  0.0109 -0.0137 -0.0517
v  0.0075 -0.0161 -0.0517
v  -0.0154 0.1162 -0.0466
v  -0.0299 -0.0329 -0.0409
v  -0.0368 -0.0246 -0.0408
v  -0.0817 -0.0880 -0.0460
v  -0.0213 -0.0393 -0.0521
v  -0.0212 -0.0392 -0.0409
v  -0.0200 -0.0771 -0.0549
v  -0.0113 -0.0433 -0.0521
v  -0.0111 -0.0432 -0.0410
v  -0.0005 -0.0447 -0.0522
v  -0.0004 -0.0445 -0.0411
v  0.0188 -0.0771 -0.0552
v  0.0102 -0.0433 -0.0523
v  0.0103 -0.0432 -0.0412
v  0.0203 -0.0393 -0.0524
v  0.0203 -0.0392 -0.0413
v  0.0290 -0.0330 -0.0525
v  0.0290 -0.0329 -0.0414
v  0.0807 -0.0880 -0.0474
v  0.0668 -0.0732 -0.0520
v  0.0359 -0.0246 -0.0526
v  0.0359 -0.0246 -0.0415
v  -0.0414 -0.0148 -0.0408
v  -0.0434 -0.0042 -0.0407
v  -0.0784 -0.0064 -0.0543
v  -0.0436 -0.0042 -0.0519
v  -0.0427 0.0065 -0.0408
v  -0.0895 0.0404 -0.0506
v  -0.1078 0.0490 -0.0457
v  -0.0429 0.0066 -0.0519
v  -0.0394 0.0168 -0.0408
v  -0.0396 0.0169 -0.0519
v  -0.0607 0.0482 -0.0545
v  -0.0336 0.0259 -0.0408
v  -0.0338 0.0260 -0.0519
v  -0.0257 0.0333 -0.0409
v  -0.0259 0.0334 -0.0520
v  -0.0163 0.0385 -0.0410
v  -0.0058 0.0412 -0.0411
v  0.0002 -0.0145 0.0352
v  0.0035 -0.0141 0.0352
v  0.0065 -0.0129 0.0352
v  0.0092 -0.0110 0.0352
v  0.0113 -0.0084 0.0351
v  0.0127 -0.0055 0.0351
v  0.0133 -0.0023 0.0351
v  0.0131 0.0010 0.0351
v  0.0121 0.0041 0.0351
v  0.0103 0.0069 0.0351
v  0.0079 0.0091 0.0352
v  0.0051 0.0107 0.0352
v  0.0019 0.0115 0.0352
v  -0.0030 -0.0141 0.0353
v  -0.0061 -0.0129 0.0353
v  -0.0087 -0.0110 0.0353
v  -0.0108 -0.0084 0.0353
v  -0.0122 -0.0055 0.0353
v  -0.0128 -0.0023 0.0353
v  -0.0126 0.0010 0.0353
v  -0.0116 0.0041 0.0353
v  -0.0098 0.0069 0.0353
v  -0.0074 0.0091 0.0353
v  -0.0046 0.0107 0.0353
v  -0.0014 0.0115 0.0352
v  -0.0132 0.0010 -0.0350
v  -0.0134 -0.0023 -0.0350
v  -0.0128 -0.0055 -0.0350
v  -0.0114 -0.0084 -0.0350
v  -0.0093 -0.0110 -0.0350
v  -0.0067 -0.0129 -0.0350
v  -0.0036 -0.0141 -0.0350
v  -0.0004 -0.0145 -0.0351
v  0.0029 -0.0141 -0.0351
v  0.0059 -0.0129 -0.0351
v  0.0086 -0.0110 -0.0352
v  0.0107 -0.0084 -0.0352
v  0.0120 -0.0055 -0.0352
v  0.0127 -0.0023 -0.0352
v  0.0125 0.0010 -0.0352
v  0.0114 0.0041 -0.0352
v  0.0097 0.0069 -0.0352
v  0.0073 0.0091 -0.0351
v  0.0044 0.0107 -0.0351
v  0.0013 0.0115 -0.0351
v  -0.0020 0.0115 -0.0351
v  -0.0052 0.0107 -0.0350
v  -0.0081 0.0091 -0.0350
v  -0.0105 0.0069 -0.0350
v  -0.0122 0.0041 -0.0350
v  0.1192 -0.0790 -0.0584
v  0.1344 -0.0468 -0.0585
v  0.1088 0.0875 -0.0583
v  0.1278 0.0575 -0.0585
v  -0.0528 0.1290 -0.0569
v  -0.1393 -0.0117 -0.0558
v  -0.1327 -0.0459 -0.0558
v  -0.1371 0.0231 -0.0558
v  0.1167 -0.0774 -0.0581
v  0.1316 -0.0459 -0.0582
v  -0.1263 0.0562 -0.0559
v  -0.1076 0.0856 -0.0561
v  -0.1179 -0.0774 -0.0560
v  -0.0957 -0.1042 -0.0562
v  0.1381 -0.0117 -0.0583
v  0.1359 0.0231 -0.0582
v  -0.0006 -0.1419 -0.0570
v  -0.0351 -0.1375 -0.0567
v  0.0168 0.1349 -0.0572
v  -0.0180 0.1349 -0.0569
v  -0.0675 -0.1247 -0.0564
v  0.1251 0.0562 -0.0581
v  0.1065 0.0856 -0.0580
v  0.0945 -0.1042 -0.0579
v  0.0340 -0.1375 -0.0573
v  -0.0517 0.1263 -0.0566
v  0.0664 -0.1247 -0.0576
v  0.0811 0.1095 -0.0577
v  0.0506 0.1263 -0.0575
v  -0.0823 0.1095 -0.0563
# 1017 vertices

vn 0.2656 -0.9639 -0.0178
vn 0.3525 -0.8944 -0.2752
vn 0.4153 -0.8776 -0.2395
vn 0.2696 -0.9628 -0.0155
vn 0.2588 -0.9657 0.0192
vn 0.2634 -0.9645 0.0186
vn 0.3183 -0.9036 0.2868
vn 0.2472 -0.9226 0.2961
vn -0.2565 0.9664 -0.0190
vn -0.2520 0.9676 -0.0178
vn -0.1420 0.9508 -0.2752
vn -0.2114 0.9322 -0.2937
vn -0.4153 0.8776 -0.2395
vn -0.2696 0.9628 -0.0155
vn -0.2656 0.9639 -0.0178
vn -0.3525 0.8944 -0.2752
vn 0.0269 -0.9817 -0.1887
vn 0.0791 -0.9677 -0.2395
vn 0.2479 -0.9687 -0.0155
vn 0.2445 -0.9696 -0.0122
vn 0.2677 -0.9633 0.0169
vn 0.2715 -0.9623 0.0140
vn 0.4430 -0.8702 0.2158
vn 0.3850 -0.8857 0.2594
vn -0.5060 0.8533 -0.1260
vn -0.2755 0.9613 -0.0082
vn -0.2730 0.9619 -0.0122
vn -0.4675 0.8636 -0.1887
vn -0.3850 0.8857 0.2594
vn -0.3183 0.9036 0.2868
vn -0.2634 0.9645 0.0186
vn -0.2677 0.9633 0.0169
vn -0.5326 0.8462 0.0186
vn -0.2773 0.9608 0.0012
vn -0.2770 0.9609 -0.0036
vn -0.5281 0.8474 -0.0555
vn -0.2472 0.9226 0.2961
vn -0.2588 0.9657 0.0192
vn -0.2498 0.9681 0.0169
vn -0.1094 0.9595 0.2594
vn -0.0515 0.9751 0.2158
vn -0.2461 0.9692 0.0140
vn -0.2542 0.9670 0.0186
vn -0.1761 0.9417 0.2868
vn -0.2406 0.9706 -0.0036
vn -0.2403 0.9707 0.0012
vn 0.0382 0.9991 0.0186
vn 0.0337 0.9979 -0.0555
vn -0.2445 0.9696 -0.0122
vn -0.2420 0.9702 -0.0082
vn 0.0115 0.9920 -0.1260
vn -0.0269 0.9817 -0.1887
vn -0.2411 0.9705 0.0059
vn 0.0248 0.9955 0.0915
vn 0.1094 -0.9595 0.2594
vn 0.2498 -0.9681 0.0169
vn 0.2542 -0.9670 0.0186
vn 0.1761 -0.9417 0.2868
vn -0.2479 0.9687 -0.0155
vn -0.0791 0.9677 -0.2395
vn 0.2770 -0.9609 -0.0036
vn 0.5281 -0.8474 -0.0555
vn 0.5326 -0.8462 0.0186
vn 0.2773 -0.9608 0.0012
vn -0.2431 0.9699 0.0103
vn -0.0058 0.9873 0.1586
vn 0.0515 -0.9751 0.2158
vn 0.2461 -0.9692 0.0140
vn -0.0248 -0.9955 0.0915
vn 0.2411 -0.9705 0.0059
vn 0.2431 -0.9699 0.0103
vn 0.0058 -0.9873 0.1586
vn 0.2114 -0.9322 -0.2937
vn 0.2831 -0.9130 -0.2937
vn 0.2611 -0.9651 -0.0190
vn 0.2565 -0.9664 -0.0190
vn -0.0382 -0.9991 0.0186
vn -0.0337 -0.9979 -0.0555
vn 0.2406 -0.9706 -0.0036
vn 0.2403 -0.9707 0.0012
vn -0.0115 -0.9920 -0.1260
vn 0.2420 -0.9702 -0.0082
vn -0.5192 0.8497 0.0915
vn -0.4887 0.8579 0.1586
vn -0.2744 0.9615 0.0103
vn -0.2764 0.9610 0.0059
vn 0.1934 0.9163 -0.3507
vn 0.0963 0.8903 -0.4451
vn -0.2573 0.9604 -0.1071
vn -0.2831 0.9535 -0.1038
vn -0.3008 0.9347 -0.1893
vn -0.2538 0.9473 -0.1954
vn -0.2444 0.9638 0.1063
vn -0.2192 0.9706 0.0996
vn -0.1843 0.9659 0.1817
vn -0.2302 0.9536 0.1939
vn -0.0944 0.9900 -0.1047
vn -0.1246 0.9819 -0.1425
vn 0.0628 0.9437 -0.3247
vn 0.1316 0.9621 -0.2387
vn -0.3072 0.9470 -0.0939
vn -0.3448 0.9229 -0.1713
vn 0.4734 0.5937 -0.6506
vn 0.6112 0.6306 -0.4782
vn -0.0244 0.9203 -0.3904
vn 0.2986 0.5469 -0.7821
vn -0.0733 0.9072 0.4142
vn 0.0212 0.9326 0.3604
vn 0.3900 0.5714 0.7221
vn 0.2007 0.5206 0.8299
vn 0.0998 0.9536 0.2840
vn 0.5476 0.6136 0.5689
vn 0.1576 0.9691 0.1897
vn 0.6634 0.6446 0.3800
vn 0.1909 0.9780 0.0835
vn 0.7301 0.6625 0.1672
vn 0.1977 0.9799 -0.0280
vn 0.7437 0.6661 -0.0560
vn -0.2161 0.8066 0.5502
vn -0.0840 0.8420 0.5329
vn -0.4132 0.9046 -0.1047
vn -0.4334 0.8992 -0.0604
vn -0.6410 0.7551 -0.1377
vn -0.5950 0.7674 -0.2387
vn -0.3387 0.8361 -0.4315
vn -0.2317 0.8648 -0.4455
vn -0.3901 0.8223 0.4142
vn -0.2856 0.8503 0.4420
vn -0.2248 0.4066 0.8855
vn -0.4341 0.3506 0.8299
vn -0.4390 0.8092 -0.3904
vn -0.6256 0.6969 -0.3507
vn -0.6970 0.6777 -0.2343
vn -0.7301 -0.6625 0.1672
vn -0.7437 -0.6661 -0.0560
vn -0.9771 0.2050 -0.0560
vn -0.9636 0.2087 0.1672
vn -0.1247 0.8935 -0.4315
vn -0.1167 0.4356 -0.8925
vn 0.0977 0.4930 -0.8645
vn -0.5263 0.7859 -0.3247
vn -0.7069 0.2775 -0.6506
vn -0.5321 0.3243 -0.7821
vn 0.9187 0.2462 0.3090
vn 0.9640 0.2583 0.0628
vn -0.3648 0.9176 0.1581
vn -0.3233 0.9287 0.1817
vn -0.4846 0.7970 0.3604
vn -0.3831 0.9127 -0.1425
vn -0.4118 0.7542 -0.5116
vn -0.5285 0.7229 -0.4451
vn -0.2954 0.9502 0.0996
vn -0.2703 0.9569 0.1063
vn -0.2775 0.9410 0.1939
vn -0.1637 0.9855 0.0456
vn -0.1557 0.9876 0.0201
vn -0.0684 0.9970 0.0366
vn -0.0830 0.9931 0.0832
vn -0.1776 0.9817 0.0683
vn -0.1084 0.9863 0.1246
vn -0.1699 0.9838 -0.0574
vn -0.1865 0.9793 -0.0781
vn -0.1589 0.9867 -0.0331
vn -0.0743 0.9954 -0.0604
vn -0.3606 0.9327 -0.0067
vn -0.3590 0.9331 0.0201
vn -0.4393 0.8976 0.0366
vn -0.4422 0.8968 -0.0123
vn -0.3311 0.3781 -0.8645
vn -0.2069 0.9599 -0.1893
vn -0.5633 0.7760 0.2840
vn -0.6235 0.2998 0.7221
vn -0.7810 0.2576 0.5689
vn -0.2075 0.9737 -0.0939
vn -0.2316 0.9673 -0.1038
vn -0.1629 0.9717 -0.1713
vn 0.1775 0.9744 -0.1377
vn 0.7032 0.6553 -0.2758
vn -0.3483 0.7712 0.5329
vn 0.2648 0.9354 -0.2343
vn -0.6211 0.7605 0.1897
vn -0.8968 0.2266 0.3800
vn -0.4722 0.7380 0.4821
vn -0.2326 -0.9268 0.2948
vn -0.2893 -0.9420 0.1700
vn -0.7032 -0.6553 -0.2758
vn -0.6112 -0.6306 -0.4782
vn -0.8446 0.2406 -0.4782
vn -0.9367 0.2159 -0.2758
vn 0.4341 -0.3506 0.8299
vn 0.2248 -0.4066 0.8855
vn -0.0087 0.4646 0.8855
vn -0.1775 -0.9744 -0.1377
vn -0.1316 -0.9621 -0.2387
vn 0.2856 -0.8503 0.4420
vn 0.1778 -0.8792 0.4420
vn 0.0087 -0.4646 0.8855
vn -0.0977 -0.4930 -0.8645
vn 0.1167 -0.4356 -0.8925
vn 0.7069 -0.2775 -0.6506
vn 0.8446 -0.2406 -0.4782
vn 0.7216 -0.6711 0.1700
vn 0.6648 -0.6863 0.2948
vn 0.4887 -0.8579 0.1586
vn 0.5192 -0.8497 0.0915
vn -0.5476 -0.6136 0.5689
vn -0.6634 -0.6446 0.3800
vn 0.7465 -0.6645 0.0345
vn -0.3059 -0.9465 -0.1031
vn -0.2648 -0.9354 -0.2343
vn -0.3143 -0.9487 0.0345
vn -0.0399 -0.8752 0.4821
vn -0.1477 -0.9041 0.4011
vn -0.0654 0.9978 -0.0123
vn 0.8740 0.2342 -0.4258
vn 0.7443 0.1994 -0.6374
vn -0.3182 0.9441 0.0867
vn -0.8156 -0.2185 0.5358
vn -0.6612 -0.1772 0.7290
vn 0.3143 0.9487 0.0345
vn 0.3059 0.9465 -0.1031
vn -0.7443 -0.1994 -0.6374
vn -0.8740 -0.2342 -0.4258
vn 0.2402 0.0644 0.9686
vn 0.4653 0.1247 0.8763
vn 0.5678 0.1521 -0.8090
vn 0.3556 0.0953 -0.9298
vn 0.9488 0.2542 -0.1874
vn -0.9187 -0.2462 0.3090
vn -0.5678 -0.1521 -0.8090
vn -0.0000 -0.0000 1.0000
vn -0.3556 -0.0953 -0.9298
vn -0.6544 0.7515 0.0835
vn -0.6612 0.7497 -0.0280
vn 0.1477 0.9041 0.4011
vn 0.2326 0.9268 0.2948
vn -0.3993 0.9083 0.1246
vn -0.1495 0.8244 -0.5459
vn -0.2827 0.7887 -0.5459
vn -0.2831 0.9130 -0.2937
vn 0.6970 -0.6777 -0.2343
vn 0.7382 -0.6667 -0.1031
vn 0.5060 -0.8533 -0.1260
vn 0.0205 -0.8590 -0.5116
vn 0.1495 -0.8244 -0.5459
vn 0.1420 -0.9508 -0.2752
vn -0.4734 -0.5937 -0.6506
vn -0.2986 -0.5469 -0.7821
vn 0.9636 -0.2087 0.1672
vn 0.8968 -0.2266 0.3800
vn 0.9367 -0.2159 -0.2758
vn 0.9771 -0.2050 -0.0560
vn 0.3311 -0.3781 -0.8645
vn 0.5321 -0.3243 -0.7821
vn -0.1934 -0.9163 -0.3507
vn -0.0963 -0.8903 -0.4451
vn 0.0399 0.8752 0.4821
vn -0.3900 -0.5714 0.7221
vn -0.1778 0.8792 0.4420
vn -0.3282 0.9414 -0.0781
vn 0.1247 -0.8935 -0.4315
vn 0.2317 -0.8648 -0.4455
vn -0.0212 -0.9326 0.3604
vn -0.0998 -0.9536 0.2840
vn 0.0733 -0.9072 0.4142
vn -0.2007 -0.5206 0.8299
vn 0.6410 -0.7551 -0.1377
vn 0.6612 -0.7497 -0.0280
vn 0.5950 -0.7674 -0.2387
vn 0.2161 -0.8066 0.5502
vn 0.0840 -0.8420 0.5329
vn 0.6256 -0.6969 -0.3507
vn 0.4675 -0.8636 -0.1887
vn -0.1576 -0.9691 0.1897
vn 0.6235 -0.2998 0.7221
vn 0.4118 -0.7542 -0.5116
vn 0.5285 -0.7229 -0.4451
vn 0.5263 -0.7859 -0.3247
vn 0.4390 -0.8092 -0.3904
vn 0.4846 -0.7970 0.3604
vn 0.3901 -0.8223 0.4142
vn 0.5633 -0.7760 0.2840
vn 0.7810 -0.2576 0.5689
vn 0.6211 -0.7605 0.1897
vn 0.6544 -0.7515 0.0835
vn 0.3483 -0.7712 0.5329
vn 0.5799 -0.7091 0.4011
vn 0.4722 -0.7380 0.4821
vn -0.1909 -0.9780 0.0835
vn -0.1977 -0.9799 -0.0280
vn 0.2827 -0.7887 -0.5459
vn 0.3387 -0.8361 -0.4315
vn -0.0628 -0.9437 -0.3247
vn 0.0244 -0.9203 -0.3904
vn -0.1965 0.9767 0.0867
vn -0.1429 0.9770 0.1581
vn -0.4653 -0.1247 0.8763
vn -0.2402 -0.0644 0.9686
vn -0.9640 -0.2583 0.0628
vn 0.1211 0.0324 -0.9921
vn -0.1211 -0.0324 -0.9921
vn -0.3371 0.9390 0.0683
vn -0.3510 0.9353 0.0456
vn -0.4246 0.9015 0.0832
vn -0.9488 -0.2542 -0.1874
vn -0.6648 0.6863 0.2948
vn -0.5799 0.7091 0.4011
vn -0.4430 0.8702 0.2158
vn -0.7216 0.6711 0.1700
vn -0.3447 0.9370 -0.0574
vn -0.3558 0.9340 -0.0331
vn 0.2893 0.9420 0.1700
vn -0.7382 0.6667 -0.1031
vn -0.7465 0.6645 0.0345
vn -0.1540 0.9880 -0.0067
vn -0.0205 0.8590 -0.5116
vn 0.8156 0.2185 0.5358
vn 0.6612 0.1772 0.7290
vn 0.5678 0.1521 0.8090
vn 0.9187 0.2462 -0.3090
vn 0.0000 0.0000 -1.0000
vn -0.9187 -0.2462 -0.3090
vn -0.5678 -0.1521 0.8090
vn 0.0906 0.0243 0.9956
vn 0.5731 0.1536 0.8049
vn -0.8405 -0.2252 0.4927
vn -0.7998 -0.2143 0.5606
vn -0.7124 -0.1909 -0.6753
vn -0.7622 -0.2042 -0.6143
vn -0.9034 -0.2421 -0.3538
vn -0.9318 -0.2497 -0.2635
vn -0.8866 -0.2376 0.3969
vn -0.5624 -0.1507 0.8131
vn -0.4002 -0.1072 -0.9101
vn -0.3288 -0.0881 -0.9403
vn 0.7273 0.1949 -0.6581
vn 0.9445 0.2531 -0.2094
vn 0.1527 0.0409 0.9874
vn 0.3277 0.0878 0.9407
vn -0.1527 -0.0409 0.9874
vn 0.2147 0.0575 0.9750
vn -0.8599 -0.2304 0.4555
vn -0.9620 -0.2578 0.0898
vn 0.4370 0.1171 -0.8918
vn -0.7629 -0.2044 0.6134
vn -0.2147 -0.0575 0.9750
vn -0.3277 -0.0878 0.9407
vn 0.0459 0.0123 -0.9989
vn -0.0000 0.0000 -1.0000
vn 0.2690 0.0721 -0.9605
vn -0.0459 -0.0123 -0.9989
vn -0.6452 -0.1729 0.7442
vn 0.8405 0.2252 0.4927
vn 0.7998 0.2143 0.5606
vn -0.8830 -0.2366 -0.4054
vn 0.9598 0.2572 0.1128
vn 0.9654 0.2587 0.0331
vn 0.0000 -0.0000 1.0000
vn 0.3288 0.0881 -0.9403
vn 0.4002 0.1072 -0.9101
vn 0.5624 0.1507 0.8131
vn 0.8599 0.2304 0.4555
vn 0.9620 0.2578 0.0898
vn -0.2679 -0.0718 0.9608
vn -0.1929 -0.0517 0.9799
vn -0.9445 -0.2531 -0.2094
vn 0.7629 0.2044 0.6134
vn -0.7992 -0.2141 -0.5616
vn -0.6842 -0.1833 -0.7059
vn 0.7124 0.1909 -0.6753
vn 0.7622 0.2042 -0.6143
vn -0.9654 -0.2587 -0.0320
vn -0.9543 -0.2557 0.1547
vn -0.7273 -0.1949 -0.6581
vn 0.8866 0.2376 0.3969
vn -0.3798 -0.1018 -0.9194
vn 0.0067 0.0018 -1.0000
vn -0.8293 -0.2222 0.5127
vn -0.4370 -0.1171 -0.8918
vn 0.9166 0.2456 -0.3156
vn 0.0995 0.0267 -0.9947
vn -0.4842 -0.1297 0.8653
vn 0.9426 0.2526 0.2185
vn -0.2690 -0.0721 -0.9605
vn -0.0995 -0.0267 -0.9947
vn -0.9598 -0.2572 0.1128
vn -0.9654 -0.2587 0.0331
vn 0.6452 0.1729 0.7442
vn 0.3798 0.1018 -0.9194
vn 0.6842 0.1833 -0.7059
vn 0.4842 0.1297 0.8653
vn 0.8293 0.2222 0.5127
vn 0.1929 0.0517 0.9799
vn 0.2679 0.0718 0.9608
vn 0.7992 0.2141 -0.5616
vn -0.6042 -0.1619 0.7802
vn 0.9543 0.2557 0.1547
vn 0.9654 0.2587 -0.0320
vn -0.5300 -0.1420 0.8360
vn -0.0000 -0.0000 -1.0000
vn 0.7273 0.1949 0.6581
vn 0.9261 0.2482 -0.2841
vn -0.8476 -0.2271 -0.4796
vn -0.8824 -0.2364 -0.4067
vn -0.9261 -0.2482 -0.2841
vn 0.9522 0.2551 0.1681
vn 0.1787 0.0479 -0.9827
vn 0.2552 0.0684 -0.9645
vn -0.9522 -0.2551 0.1681
vn 0.8476 0.2271 -0.4796
vn 0.8824 0.2364 -0.4067
vn 0.8071 0.2163 -0.5493
vn -0.4830 -0.1294 0.8660
vn -0.4134 -0.1108 0.9038
vn 0.4920 0.1318 -0.8606
vn 0.6749 0.1808 -0.7154
vn 0.9580 0.2567 -0.1278
vn 0.9448 0.2532 -0.2079
vn -0.8658 -0.2320 0.4435
vn -0.9426 -0.2526 0.2185
vn 0.5880 0.1575 0.7934
vn -0.6749 -0.1808 -0.7154
vn -0.4920 -0.1318 -0.8606
vn -0.3411 -0.0914 0.9356
vn -0.9448 -0.2532 -0.2079
vn -0.9580 -0.2567 -0.1278
vn 0.9105 0.2440 -0.3337
vn 0.9620 0.2578 -0.0899
vn 0.3411 0.0914 0.9356
vn 0.4134 0.1108 0.9038
vn -0.9620 -0.2578 -0.0899
vn 0.8658 0.2320 0.4435
vn 0.4830 0.1294 0.8660
vn -0.9105 -0.2440 -0.3337
vn 0.0000 0.0000 1.0000
vn 0.9318 0.2497 -0.2635
vn -0.9649 -0.2585 -0.0468
vn -0.6385 -0.1711 -0.7503
vn -0.9207 -0.2467 -0.3025
vn -0.2147 -0.0575 -0.9750
vn -0.7540 -0.2020 0.6250
vn -0.7025 -0.1882 0.6863
vn 0.9207 0.2467 -0.3025
vn 0.3799 0.1018 0.9194
vn 0.8830 0.2366 -0.4054
vn 0.0252 0.0068 -0.9997
vn 0.4486 0.1202 -0.8856
vn 0.6385 0.1711 -0.7503
vn -0.6463 -0.1732 0.7432
vn -0.1399 -0.0375 0.9895
vn -0.1787 -0.0479 -0.9827
vn -0.1010 -0.0271 -0.9945
vn -0.5472 -0.1466 0.8241
vn -0.5731 -0.1536 0.8049
vn -0.2552 -0.0684 -0.9645
vn 0.8293 0.2222 -0.5127
vn -0.9166 -0.2456 -0.3156
vn 0.5300 0.1420 0.8360
vn -0.0067 -0.0018 -1.0000
vn -0.0906 -0.0243 0.9956
vn 0.6042 0.1619 0.7802
vn -0.8071 -0.2163 -0.5493
vn -0.7273 -0.1949 0.6581
vn -0.4486 -0.1202 -0.8856
vn 0.9649 0.2585 -0.0468
vn 0.7540 0.2020 0.6250
vn 0.7025 0.1882 0.6863
vn 0.5472 0.1466 0.8241
vn 0.9034 0.2421 -0.3538
vn -0.3799 -0.1018 0.9194
vn 0.6463 0.1732 0.7432
vn 0.1010 0.0271 -0.9945
vn -0.5880 -0.1575 0.7934
vn -0.8293 -0.2222 -0.5127
vn 0.2147 0.0575 -0.9750
vn -0.0252 -0.0068 -0.9997
vn 0.1399 0.0375 0.9895
vn -0.2517 0.9676 0.0184
vn -0.2540 0.9670 0.0193
vn -0.2345 0.9676 0.0933
vn -0.2461 0.9646 0.0948
vn -0.2393 0.9610 0.1389
vn -0.2223 0.9653 0.1367
vn -0.2237 0.9706 0.0889
vn 0.2292 -0.9527 -0.1995
vn 0.2335 -0.9566 -0.1745
vn 0.2122 -0.9620 -0.1717
vn 0.1923 -0.9676 -0.1635
vn 0.2048 -0.9589 -0.1962
vn -0.1339 0.9892 0.0596
vn -0.1741 0.9839 0.0407
vn -0.1791 0.9825 0.0516
vn -0.2425 0.9701 0.0107
vn -0.2441 0.9697 0.0126
vn -0.1865 0.9806 0.0609
vn -0.1411 0.9871 0.0756
vn -0.1234 0.9920 0.0262
vn -0.1670 0.9858 0.0179
vn -0.1266 0.9910 0.0436
vn -0.0127 0.9967 0.0798
vn -0.0069 0.9988 0.0480
vn 0.0584 0.9931 0.1018
vn 0.0659 0.9959 0.0613
vn -0.0261 0.9937 0.1092
vn 0.0414 0.9894 0.1393
vn -0.2342 0.9721 -0.0120
vn -0.2093 0.9775 -0.0239
vn -0.2750 0.9614 0.0107
vn -0.2735 0.9618 0.0126
vn -0.2378 0.9711 -0.0179
vn -0.0133 -0.9986 -0.0518
vn -0.0070 -0.9963 -0.0860
vn 0.0673 -0.9958 -0.0626
vn 0.0628 -0.9973 -0.0377
vn 0.0879 -0.9956 -0.0330
vn -0.2397 0.9708 -0.0012
vn -0.2396 0.9709 0.0013
vn -0.1648 0.9863 0.0060
vn -0.1202 0.9927 0.0089
vn -0.1655 0.9862 -0.0060
vn -0.1637 0.9812 -0.1021
vn -0.1944 0.9784 -0.0697
vn -0.1859 0.9806 -0.0614
vn -0.2439 0.9697 -0.0127
vn -0.2426 0.9701 -0.0106
vn -0.1797 0.9824 -0.0512
vn -0.1512 0.9844 -0.0899
vn -0.1911 0.9739 -0.1227
vn -0.2132 0.9734 -0.0837
vn -0.1761 0.9777 -0.1142
vn -0.1034 0.9724 -0.2090
vn -0.1309 0.9656 -0.2247
vn -0.0572 0.9621 -0.2666
vn -0.0923 0.9535 -0.2868
vn -0.0806 0.9791 -0.1869
vn -0.0282 0.9707 -0.2386
vn 0.1202 -0.9628 0.2420
vn 0.0906 -0.9701 0.2251
vn 0.1384 -0.9767 0.1639
vn 0.1600 -0.9713 0.1762
vn 0.1206 -0.9818 0.1466
vn 0.1385 -0.9820 0.1282
vn -0.2540 0.9670 -0.0191
vn -0.2517 0.9676 -0.0185
vn -0.2234 0.9706 -0.0896
vn -0.2061 0.9697 -0.1312
vn -0.2347 0.9677 -0.0926
vn -0.3214 0.9390 -0.1227
vn -0.3021 0.9496 -0.0837
vn -0.2919 0.9523 -0.0896
vn -0.2659 0.9638 -0.0185
vn -0.2635 0.9645 -0.0191
vn -0.2806 0.9554 -0.0926
vn -0.3064 0.9428 -0.1312
vn -0.3363 0.9348 -0.1142
vn -0.3695 0.9017 -0.2247
vn -0.3967 0.8938 -0.2090
vn -0.4315 0.8618 -0.2666
vn -0.4610 0.8548 -0.2386
vn -0.4197 0.8882 -0.1869
vn -0.3968 0.8719 -0.2868
vn 0.3471 -0.9211 0.1762
vn 0.3685 -0.9151 0.1639
vn 0.4066 -0.8855 0.2251
vn 0.3773 -0.8939 0.2420
vn 0.3366 -0.9289 0.1541
vn -0.2749 0.9614 -0.0106
vn -0.2736 0.9618 -0.0127
vn -0.3293 0.9422 -0.0614
vn -0.3208 0.9446 -0.0697
vn -0.3489 0.9316 -0.1021
vn -0.3612 0.9281 -0.0899
vn -0.3356 0.9406 -0.0512
vn -0.3891 0.9208 0.0262
vn -0.3483 0.9372 0.0179
vn -0.3505 0.9366 0.0060
vn -0.2780 0.9606 0.0013
vn -0.2778 0.9606 -0.0012
vn -0.3498 0.9368 -0.0060
vn -0.3923 0.9198 0.0089
vn -0.4934 0.8684 0.0480
vn -0.4873 0.8696 0.0798
vn -0.3859 0.9215 0.0436
vn 0.4901 -0.8637 -0.1176
vn 0.5042 -0.8593 -0.0860
vn 0.4396 -0.8960 -0.0626
vn 0.4293 -0.8991 -0.0856
vn 0.4443 -0.8951 -0.0377
vn 0.4216 -0.9062 -0.0330
vn -0.3362 0.9404 0.0516
vn -0.3412 0.9391 0.0407
vn -0.3786 0.9236 0.0596
vn -0.3713 0.9254 0.0756
vn -0.3288 0.9424 0.0609
vn 0.2779 -0.9397 -0.1995
vn 0.2761 -0.9452 -0.1745
vn 0.2535 -0.9459 -0.2026
vn 0.2486 -0.9278 -0.2782
vn 0.2822 -0.9194 -0.2740
vn -0.2812 0.9253 0.2544
vn -0.2500 0.9331 0.2583
vn -0.2562 0.9563 0.1411
vn -0.2732 0.9519 0.1389
vn -0.2692 0.9584 0.0948
vn 0.3021 -0.9329 -0.1962
vn 0.3173 -0.9341 -0.1635
vn 0.2973 -0.9392 -0.1717
vn 0.3154 -0.9099 -0.2695
vn 0.3067 -0.9259 -0.2207
vn 0.2841 -0.9028 -0.3229
vn -0.3121 0.9165 0.2502
vn -0.2842 0.9021 0.3247
vn -0.2901 0.9472 0.1367
vn -0.2989 0.9372 0.1798
vn -0.2658 0.9639 0.0184
vn -0.2916 0.9524 0.0889
vn -0.2808 0.9552 0.0933
vn -0.2636 0.9645 0.0193
vn -0.2516 0.9662 -0.0557
vn -0.2553 0.9665 -0.0279
vn -0.2487 0.9682 -0.0261
vn 0.2522 -0.9663 0.0516
vn 0.2558 -0.9664 0.0240
vn 0.2617 -0.9649 0.0240
vn 0.2648 -0.9629 0.0516
vn 0.2400 -0.9696 0.0483
vn 0.2502 -0.9679 0.0225
vn 0.2483 -0.9654 0.0792
vn 0.2387 -0.9680 0.0779
vn 0.2296 -0.9704 0.0742
vn 0.3372 -0.9285 -0.1553
vn -0.2680 0.9632 0.0175
vn -0.3024 0.9494 0.0844
vn -0.2428 0.9698 -0.0227
vn -0.2265 0.9729 -0.0454
vn -0.2321 0.9714 -0.0496
vn 0.2289 -0.9725 0.0421
vn 0.2450 -0.9693 0.0195
vn 0.2206 -0.9728 0.0705
vn 0.2127 -0.9750 0.0646
vn 0.3857 -0.9158 -0.1121
vn 0.3719 -0.9192 -0.1292
vn -0.3213 0.9444 0.0702
vn -0.2719 0.9622 0.0145
vn -0.2210 0.9744 -0.0412
vn 0.2198 -0.9750 0.0331
vn 0.2408 -0.9705 0.0154
vn 0.2048 -0.9770 0.0586
vn 0.1986 -0.9788 0.0509
vn 0.4085 -0.9097 -0.0749
vn 0.3993 -0.9119 -0.0950
vn 0.4187 -0.9016 -0.1086
vn 0.4378 -0.8907 -0.1221
vn 0.4755 -0.8670 -0.1491
vn 0.5292 -0.8371 -0.1386
vn -0.4743 0.8736 0.1092
vn -0.5306 0.8361 0.1393
vn -0.4607 0.8767 0.1384
vn -0.4057 0.9086 0.0995
vn 0.2130 -0.9768 0.0221
vn 0.2376 -0.9713 0.0103
vn 0.1924 -0.9804 0.0431
vn 0.1882 -0.9815 0.0340
vn 0.5108 -0.8581 -0.0518
vn 0.5457 -0.8319 -0.1013
vn 0.5536 -0.8306 -0.0610
vn -0.5551 0.8295 0.0613
vn -0.5471 0.8308 0.1018
vn -0.2321 0.9727 -0.0053
vn -0.2051 0.9787 -0.0105
vn -0.2064 0.9783 -0.0175
vn 0.2091 -0.9778 0.0097
vn 0.2358 -0.9718 0.0045
vn 0.1841 -0.9826 0.0249
vn 0.1823 -0.9831 0.0150
vn 0.4488 -0.8936 -0.0127
vn 0.4243 -0.9054 0.0110
vn 0.4256 -0.9049 -0.0111
vn 0.5168 -0.8559 -0.0175
vn 0.4717 -0.8817 -0.0143
vn -0.4991 0.8664 0.0162
vn -0.4333 0.9012 0.0117
vn -0.2316 0.9728 0.0018
vn 0.2083 -0.9781 -0.0033
vn 0.2355 -0.9719 -0.0015
vn 0.2353 -0.9719 0.0015
vn 0.1804 -0.9836 0.0051
vn 0.1811 -0.9835 -0.0050
vn 0.4229 -0.9056 0.0332
vn -0.2777 0.9607 -0.0037
vn -0.3490 0.9369 -0.0180
vn -0.2329 0.9725 0.0087
vn -0.2068 0.9782 0.0173
vn -0.2047 0.9788 0.0106
vn 0.2107 -0.9774 -0.0161
vn 0.2365 -0.9716 -0.0075
vn 0.1817 -0.9832 -0.0151
vn 0.1847 -0.9825 -0.0247
vn 0.3982 -0.9124 0.0942
vn 0.4096 -0.9091 0.0755
vn -0.3418 0.9389 -0.0410
vn -0.2762 0.9611 -0.0085
vn 0.3009 -0.9533 -0.0279
vn 0.2784 -0.9604 -0.0129
vn 0.2747 -0.9614 -0.0176
vn 0.2929 -0.9554 -0.0379
vn 0.3108 -0.9487 -0.0582
vn 0.3178 -0.9468 -0.0513
vn 0.3231 -0.9454 -0.0428
vn -0.2191 0.9420 0.2544
vn 0.2673 -0.9633 0.0225
vn 0.2770 -0.9597 0.0483
vn 0.1114 -0.9893 0.0942
vn 0.0998 -0.9921 0.0755
vn -0.1662 0.9859 -0.0180
vn -0.2399 0.9708 -0.0037
vn 0.3062 -0.9518 -0.0161
vn 0.2809 -0.9597 -0.0075
vn 0.2588 -0.9659 -0.0000
vn 0.2677 -0.9603 0.0792
vn 0.2580 -0.9628 0.0804
vn 0.2153 -0.9373 -0.2740
vn 0.2053 -0.9239 -0.3229
vn 0.2445 -0.9126 -0.3278
vn -0.0578 0.9847 -0.1647
vn -0.2955 0.9545 0.0409
vn -0.2773 0.9606 0.0205
vn -0.2816 0.9594 0.0150
vn -0.1162 0.9862 -0.1183
vn 0.0661 -0.9773 0.2013
vn 0.0295 -0.9710 0.2373
vn 0.0415 -0.9833 0.1773
vn -0.2588 0.9659 -0.0000
vn 0.0824 -0.9860 0.1452
vn 0.1027 -0.9863 0.1291
vn 0.1228 -0.9860 0.1130
vn 0.2827 -0.9581 -0.0456
vn 0.2951 -0.9529 -0.0699
vn 0.3036 -0.9506 -0.0651
vn 0.2700 -0.9626 -0.0212
vn -0.2905 0.9558 0.0458
vn -0.2845 0.9574 0.0492
vn -0.2718 0.9620 0.0246
vn 0.0933 -0.9539 0.2852
vn 0.0584 -0.9624 0.2652
vn 0.1729 -0.9728 0.1541
vn 0.2772 -0.9577 -0.0773
vn 0.2866 -0.9551 -0.0748
vn 0.2710 -0.9613 -0.0504
vn 0.2645 -0.9641 -0.0234
vn -0.2655 0.9637 0.0272
vn -0.1582 0.9578 -0.2402
vn -0.1883 0.9668 -0.1726
vn 0.1497 -0.9543 0.2587
vn 0.1814 -0.9652 0.1884
vn 0.1710 -0.9622 0.2119
vn 0.1917 -0.9675 0.1648
vn 0.2125 -0.9622 0.1703
vn 0.2585 -0.9646 -0.0520
vn 0.2580 -0.9628 -0.0798
vn 0.2677 -0.9602 -0.0798
vn 0.2587 -0.9656 -0.0242
vn -0.2564 0.9664 -0.0198
vn -0.2653 0.9625 0.0561
vn -0.2584 0.9644 0.0561
vn -0.2587 0.9655 0.0281
vn -0.2460 0.9646 -0.0956
vn 0.2333 -0.9564 0.1758
vn 0.2388 -0.9680 -0.0773
vn 0.2482 -0.9654 -0.0798
vn 0.2460 -0.9680 -0.0504
vn 0.2529 -0.9672 -0.0234
vn -0.2516 0.9662 0.0561
vn -0.2612 0.9651 -0.0198
vn -0.2520 0.9674 0.0272
vn -0.2693 0.9583 -0.0956
vn 0.2970 -0.9396 0.1703
vn 0.2762 -0.9449 0.1758
vn 0.2343 -0.9711 -0.0456
vn 0.2209 -0.9728 -0.0699
vn 0.2294 -0.9705 -0.0748
vn 0.2475 -0.9687 -0.0212
vn -0.2323 0.9714 0.0492
vn -0.2456 0.9690 0.0246
vn -0.3203 0.9315 -0.1726
vn -0.3419 0.9085 -0.2402
vn 0.3962 -0.8727 0.2852
vn 0.3475 -0.9013 0.2587
vn 0.3330 -0.9188 0.2119
vn 0.3255 -0.9266 0.1884
vn 0.3177 -0.9338 0.1648
vn 0.2241 -0.9738 -0.0379
vn 0.2052 -0.9770 -0.0582
vn 0.2123 -0.9750 -0.0651
vn 0.2428 -0.9699 -0.0176
vn -0.2263 0.9730 0.0458
vn -0.2213 0.9743 0.0409
vn -0.2401 0.9705 0.0205
vn 0.4314 -0.8794 0.2013
vn 0.4599 -0.8557 0.2373
vn 0.4306 -0.8627 0.2652
vn 0.3865 -0.9106 0.1466
vn 0.3711 -0.9197 0.1282
vn 0.1929 -0.9803 -0.0428
vn 0.1981 -0.9788 -0.0513
vn 0.2161 -0.9760 -0.0279
vn 0.2390 -0.9709 -0.0129
vn -0.2358 0.9717 0.0150
vn -0.4423 0.8816 -0.1647
vn -0.3925 0.9121 -0.1183
vn 0.4557 -0.8723 0.1773
vn 0.4042 -0.9055 0.1291
vn 0.4216 -0.8951 0.1452
vn 0.3866 -0.9153 0.1130
vn 0.1877 -0.9816 -0.0342
vn -0.2089 0.9776 0.0241
vn -0.2414 0.9704 -0.0085
vn -0.1734 0.9840 -0.0410
vn -0.2845 0.9586 0.0087
vn -0.3100 0.9506 0.0173
vn -0.3079 0.9511 0.0241
vn -0.3121 0.9500 0.0106
vn -0.2858 0.9583 0.0018
vn 0.3283 -0.9440 -0.0342
vn 0.3313 -0.9432 -0.0247
vn 0.0852 -0.9963 0.0110
vn 0.0866 -0.9957 0.0332
vn 0.3343 -0.9423 -0.0151
vn 0.3349 -0.9422 -0.0050
vn 0.3086 -0.9512 -0.0033
vn 0.2820 -0.9594 -0.0015
vn 0.0581 -0.9982 -0.0127
vn 0.0324 -0.9994 -0.0143
vn -0.0196 -0.9997 -0.0175
vn -0.0641 -0.9961 -0.0610
vn 0.0839 -0.9964 -0.0111
vn -0.0010 0.9999 0.0162
vn -0.0754 0.9971 0.0117
vn -0.2854 0.9584 -0.0053
vn -0.3117 0.9501 -0.0105
vn 0.0778 -0.9933 -0.0856
vn 0.1011 -0.9921 -0.0749
vn 0.0074 -0.9930 -0.1176
vn 0.3355 -0.9420 0.0051
vn 0.3337 -0.9426 0.0150
vn 0.3078 -0.9514 0.0097
vn 0.2817 -0.9595 0.0045
vn 0.2822 -0.9593 0.0015
vn -0.0566 -0.9932 -0.1013
vn -0.0398 -0.9896 -0.1386
vn -0.2833 0.9590 -0.0120
vn -0.3075 0.9513 -0.0239
vn -0.3104 0.9504 -0.0175
vn 0.3039 -0.9524 0.0221
vn 0.2799 -0.9600 0.0103
vn 0.3319 -0.9430 0.0249
vn 0.3277 -0.9442 0.0340
vn 0.1239 -0.9859 -0.1121
vn 0.1102 -0.9894 -0.0950
vn 0.0882 -0.9902 -0.1086
vn 0.0217 -0.9886 -0.1491
vn 0.0662 -0.9903 -0.1221
vn -0.0394 0.9896 0.1384
vn -0.1029 0.9897 0.0995
vn -0.2796 0.9599 -0.0179
vn 0.2972 -0.9542 0.0331
vn 0.2767 -0.9608 0.0154
vn 0.3236 -0.9452 0.0431
vn 0.3174 -0.9469 0.0509
vn 0.1375 -0.9820 -0.1292
vn -0.2456 0.9693 0.0145
vn -0.1939 0.9785 0.0702
vn -0.2747 0.9613 -0.0227
vn -0.2903 0.9559 -0.0454
vn -0.2958 0.9544 -0.0412
vn 0.2880 -0.9567 0.0421
vn 0.2725 -0.9620 0.0195
vn 0.3112 -0.9485 0.0586
vn 0.3033 -0.9507 0.0646
vn 0.1723 -0.9727 -0.1553
vn -0.2128 0.9734 0.0844
vn -0.2495 0.9682 0.0175
vn -0.2847 0.9573 -0.0496
vn -0.2687 0.9629 -0.0261
vn 0.2954 -0.9528 0.0705
vn 0.2864 -0.9552 0.0742
vn 0.1973 -0.9552 -0.2207
vn 0.1818 -0.9457 -0.2695
vn -0.2050 0.9234 0.3247
vn -0.1880 0.9498 0.2502
vn -0.2097 0.9611 0.1798
vn -0.2621 0.9646 -0.0279
vn -0.2652 0.9626 -0.0557
vn -0.2584 0.9644 -0.0566
vn 0.2773 -0.9576 0.0779
vn -0.2444 0.9120 0.3296
vn -0.2588 0.9659 0.0000
vn 0.9488 0.2542 0.1874
vn 0.9640 0.2583 -0.0628
vn 0.8156 0.2185 -0.5358
vn 0.6612 0.1772 -0.7290
vn 0.4653 0.1247 -0.8763
vn 0.2402 0.0644 -0.9686
vn -0.2402 -0.0644 -0.9686
vn -0.4653 -0.1247 -0.8763
vn -0.6612 -0.1772 -0.7290
vn -0.8156 -0.2185 -0.5358
vn -0.9640 -0.2583 -0.0628
vn -0.9488 -0.2542 0.1874
vn -0.8740 -0.2342 0.4258
vn -0.7443 -0.1994 0.6374
vn -0.3556 -0.0953 0.9298
vn -0.1211 -0.0324 0.9921
vn 0.1211 0.0324 0.9921
vn 0.3556 0.0953 0.9298
vn 0.7443 0.1994 0.6374
vn 0.8740 0.2342 0.4258
vn 0.2744 -0.9615 0.0103
vn 0.2764 -0.9610 0.0059
vn 0.2730 -0.9619 -0.0122
vn 0.2755 -0.9613 -0.0082
vn -0.2611 0.9651 -0.0190
vn -0.2715 0.9623 0.0140
vn 0.2520 -0.9676 -0.0178
vn 0.3558 -0.9340 -0.0331
vn 0.3606 -0.9327 -0.0067
vn 0.4422 -0.8968 -0.0123
vn 0.4334 -0.8992 -0.0604
vn 0.3590 -0.9331 0.0201
vn 0.4393 -0.8976 0.0366
vn 0.1589 -0.9867 -0.0331
vn 0.1699 -0.9838 -0.0574
vn 0.0944 -0.9900 -0.1047
vn 0.0743 -0.9954 -0.0604
vn 0.3510 -0.9353 0.0456
vn 0.4246 -0.9015 0.0832
vn 0.3371 -0.9390 0.0683
vn 0.3993 -0.9083 0.1246
vn 0.3282 -0.9414 -0.0781
vn 0.3447 -0.9370 -0.0574
vn 0.4132 -0.9046 -0.1047
vn 0.3831 -0.9127 -0.1425
vn 0.1557 -0.9876 0.0201
vn 0.1540 -0.9880 -0.0067
vn 0.0654 -0.9978 -0.0123
vn 0.0684 -0.9970 0.0366
vn 0.2538 -0.9473 -0.1954
vn 0.3008 -0.9347 -0.1893
vn 0.2703 -0.9569 0.1063
vn 0.2444 -0.9638 0.1063
vn 0.2302 -0.9536 0.1939
vn 0.2775 -0.9410 0.1939
vn 0.2831 -0.9535 -0.1038
vn 0.3072 -0.9470 -0.0939
vn 0.3448 -0.9229 -0.1713
vn 0.2573 -0.9604 -0.1071
vn 0.0830 -0.9931 0.0832
vn 0.1084 -0.9863 0.1246
vn 0.1865 -0.9793 -0.0781
vn 0.1246 -0.9819 -0.1425
vn 0.2316 -0.9673 -0.1038
vn 0.2069 -0.9599 -0.1893
vn 0.2954 -0.9502 0.0996
vn 0.3233 -0.9287 0.1817
vn 0.2075 -0.9737 -0.0939
vn 0.1629 -0.9717 -0.1713
vn 0.1429 -0.9770 0.1581
vn 0.1843 -0.9659 0.1817
vn 0.2192 -0.9706 0.0996
vn 0.1965 -0.9767 0.0867
vn 0.1776 -0.9817 0.0683
vn 0.1637 -0.9855 0.0456
vn 0.3182 -0.9441 0.0867
vn 0.3648 -0.9176 0.1581
# 974 vertex normals

vt -20.2163 26.9648 0.0000
vt -20.5032 27.6909 0.0000
vt -23.7916 25.8828 0.0000
vt -23.3336 25.2507 0.0000
vt -15.6405 2.9934 0.0000
vt -19.1699 3.4394 0.0000
vt -19.3636 2.6865 0.0000
vt -15.6405 2.2161 0.0000
vt 18.0488 31.0051 0.0000
vt 21.4945 30.1202 0.0000
vt 21.7813 30.8464 0.0000
vt 18.1465 31.7798 0.0000
vt 6.2932 28.8943 0.0000
vt 6.7512 28.2622 0.0000
vt 9.8685 29.9763 0.0000
vt 9.5816 30.7024 0.0000
vt -5.5801 23.5877 0.0000
vt -8.3155 26.1569 0.0000
vt -8.7735 25.5248 0.0000
vt -6.1805 23.0894 0.0000
vt -21.6312 4.4167 0.0000
vt -24.5091 6.5079 0.0000
vt -25.0425 5.9418 0.0000
vt -22.0066 3.7357 0.0000
vt 0.9615 22.6109 0.0000
vt 1.6665 22.2774 0.0000
vt 3.5724 25.2812 0.0000
vt 2.9720 25.7796 0.0000
vt 8.0613 0.7482 0.0000
vt 11.5504 -0.6335 0.0000
vt 11.7443 0.1194 0.0000
vt 8.4367 1.4292 0.0000
vt -0.6832 14.5346 0.0000
vt 0.0944 14.5818 0.0000
vt 0.3177 18.1322 0.0000
vt -0.4476 18.2800 0.0000
vt 11.9436 -0.7336 0.0000
vt 15.6667 -1.2041 0.0000
vt 15.6668 -0.4267 0.0000
vt 12.1374 0.0192 0.0000
vt 23.6560 1.6303 0.0000
vt 24.0314 0.9494 0.0000
vt 27.0673 3.1554 0.0000
vt 26.5339 3.7216 0.0000
vt 19.9942 0.1235 0.0000
vt 20.1881 -0.6294 0.0000
vt 23.6772 0.7523 0.0000
vt 23.3018 1.4333 0.0000
vt 31.4157 18.1315 0.0000
vt 31.6390 14.5810 0.0000
vt 32.4166 14.5339 0.0000
vt 32.1810 18.2792 0.0000
vt 28.1627 25.2759 0.0000
vt 30.0686 22.2721 0.0000
vt 30.7736 22.6055 0.0000
vt 28.7630 25.7742 0.0000
vt 30.9482 10.6854 0.0000
vt 31.6892 10.4464 0.0000
vt 32.3923 14.1327 0.0000
vt 31.6147 14.1798 0.0000
vt -9.3299 3.9515 0.0000
vt -9.7052 4.6325 0.0000
vt -13.0128 3.3227 0.0000
vt -12.8190 2.5698 0.0000
vt 21.8694 29.9713 0.0000
vt 24.9867 28.2572 0.0000
vt 25.4447 28.8893 0.0000
vt 22.1563 30.6975 0.0000
vt -27.9850 17.9157 0.0000
vt -28.7503 18.0634 0.0000
vt -28.9859 14.3181 0.0000
vt -28.2083 14.3652 0.0000
vt 29.3103 7.0829 0.0000
vt 29.9682 6.6673 0.0000
vt 31.5657 10.0630 0.0000
vt 30.8247 10.3019 0.0000
vt -6.6948 5.9361 0.0000
vt -7.2282 6.5023 0.0000
vt -10.1060 4.4110 0.0000
vt -9.7306 3.7301 0.0000
vt -3.2826 11.5234 0.0000
vt -4.0236 11.7623 0.0000
vt -5.5381 8.5434 0.0000
vt -4.8802 8.1277 0.0000
vt 26.8277 3.9999 0.0000
vt 27.3611 3.4338 0.0000
vt 29.7529 6.3255 0.0000
vt 29.0951 6.7412 0.0000
vt -4.6359 8.5141 0.0000
vt -5.2938 8.9298 0.0000
vt -7.5611 6.1885 0.0000
vt -7.0277 5.6224 0.0000
vt -13.9933 28.4015 0.0000
vt -17.7460 28.4015 0.0000
vt -17.6484 27.6267 0.0000
vt -14.0909 27.6267 0.0000
vt -2.7475 14.3188 0.0000
vt -2.9831 18.0642 0.0000
vt -3.7484 17.9164 0.0000
vt -3.5251 14.3660 0.0000
vt -2.8965 17.6155 0.0000
vt -4.0560 21.1846 0.0000
vt -4.7610 20.8511 0.0000
vt -3.6619 17.4677 0.0000
vt -3.8609 20.7712 0.0000
vt -5.8714 23.9399 0.0000
vt -6.4718 23.4416 0.0000
vt -4.5658 20.4378 0.0000
vt 0.1687 10.0584 0.0000
vt 1.7663 6.6627 0.0000
vt 2.4241 7.0783 0.0000
vt 0.9097 10.2973 0.0000
vt -12.3756 2.6850 0.0000
vt -12.5693 3.4379 0.0000
vt -16.0987 2.9919 0.0000
vt -16.0987 2.2146 0.0000
vt 59.8804 49.1464 0.0000
vt 57.3231 52.0292 0.0000
vt 56.9981 51.6734 0.0000
vt 59.4884 48.8661 0.0000
vt 14.7323 10.1350 0.0000
vt 18.2613 10.5834 0.0000
vt 18.1873 10.8718 0.0000
vt 14.7318 10.4327 0.0000
vt 16.3391 20.6052 0.0000
vt 12.8947 19.7156 0.0000
vt 13.0044 19.4389 0.0000
vt 16.3770 20.3099 0.0000
vt 22.6257 22.3741 0.0000
vt 24.7903 19.6451 0.0000
vt 24.9815 19.8385 0.0000
vt 22.8576 22.5163 0.0000
vt 16.0496 10.0665 0.0000
vt 19.3546 11.3828 0.0000
vt 19.2108 11.6435 0.0000
vt 15.9747 10.3547 0.0000
vt 45.4483 34.2481 0.0000
vt 47.3366 31.3993 0.0000
vt 47.6120 31.6248 0.0000
vt 45.7633 34.4139 0.0000
vt 39.5680 40.5167 0.0000
vt 42.0999 38.2208 0.0000
vt 42.3112 38.5072 0.0000
vt 39.8325 40.7550 0.0000
vt 38.4951 -15.4138 0.0000
vt 35.6768 -17.3475 0.0000
vt 35.9067 -17.6193 0.0000
vt 38.6658 -15.7261 0.0000
vt 45.0267 -7.1318 0.0000
vt 42.8083 -9.7318 0.0000
vt 43.1009 -9.9344 0.0000
vt 45.2728 -7.3889 0.0000
vt 49.1016 1.0500 0.0000
vt 47.5524 -1.9966 0.0000
vt 47.8843 -2.1252 0.0000
vt 49.4010 0.8576 0.0000
vt 51.2618 8.5947 0.0000
vt 50.4007 5.2871 0.0000
vt 50.7525 5.2326 0.0000
vt 51.5955 8.4708 0.0000
vt 51.9166 15.4525 0.0000
vt 51.7445 12.0390 0.0000
vt 52.1000 12.0569 0.0000
vt 52.2684 15.3988 0.0000
vt 22.7599 -45.0729 0.0000
vt 26.5699 -44.4951 0.0000
vt 26.4482 -44.0288 0.0000
vt 22.7379 -44.5915 0.0000
vt 5.0282 18.4922 0.0000
vt 6.4606 21.6673 0.0000
vt 6.2010 21.7485 0.0000
vt 4.7955 18.6331 0.0000
vt 12.7586 25.1094 0.0000
vt 16.2120 25.5644 0.0000
vt 16.1443 25.8279 0.0000
vt 12.7557 25.3814 0.0000
vt 5.2810 -26.9627 0.0000
vt 2.0262 -25.9196 0.0000
vt 1.9522 -26.2678 0.0000
vt 5.1388 -27.2889 0.0000
vt 10.1533 24.3325 0.0000
vt 13.3728 25.6621 0.0000
vt 13.2395 25.8992 0.0000
vt 10.0804 24.5946 0.0000
vt -37.4390 46.2724 0.0000
vt -39.2400 42.8656 0.0000
vt -38.7928 42.6862 0.0000
vt -37.0389 46.0039 0.0000
vt -93.9342 16.0178 0.0000
vt -93.9342 12.6717 0.0000
vt -83.7635 12.6717 0.0000
vt -83.7635 16.0178 0.0000
vt 20.2110 50.4363 0.0000
vt 23.5871 49.9040 0.0000
vt 23.6068 50.2593 0.0000
vt 20.3015 50.7805 0.0000
vt -13.0374 44.3966 0.0000
vt -10.5055 46.6925 0.0000
vt -10.7700 46.9308 0.0000
vt -13.2487 44.6830 0.0000
vt 93.9747 16.1479 0.0000
vt 93.9747 20.0015 0.0000
vt 83.7230 20.0015 0.0000
vt 83.7230 16.1479 0.0000
vt 11.9913 4.3412 0.0000
vt 8.9696 6.0739 0.0000
vt 8.8636 5.8233 0.0000
vt 11.8286 4.1232 0.0000
vt 7.8961 22.9134 0.0000
vt 10.6723 25.0172 0.0000
vt 10.4831 25.2127 0.0000
vt 7.7591 23.1484 0.0000
vt -15.7885 66.1150 0.0000
vt -19.0048 63.9924 0.0000
vt -18.6987 63.6202 0.0000
vt -15.5666 65.6873 0.0000
vt 18.8331 19.6259 0.0000
vt 15.3886 20.5155 0.0000
vt 15.3507 20.2203 0.0000
vt 18.7233 19.3492 0.0000
vt 11.5870 18.6429 0.0000
vt 10.4936 15.2576 0.0000
vt 10.7860 15.2021 0.0000
vt 11.8567 18.5168 0.0000
vt 12.5349 19.5949 0.0000
vt 10.6367 16.5862 0.0000
vt 10.9063 16.4599 0.0000
vt 12.7649 19.4059 0.0000
vt -28.4297 57.3268 0.0000
vt -30.9870 54.4440 0.0000
vt -30.5950 54.1638 0.0000
vt -28.1047 56.9711 0.0000
vt 10.8330 13.4502 0.0000
vt 13.0927 10.7026 0.0000
vt 13.2973 10.9188 0.0000
vt 11.0847 13.6091 0.0000
vt 10.5229 14.7820 0.0000
vt 12.0303 11.5597 0.0000
vt 12.2821 11.7184 0.0000
vt 10.8062 14.8735 0.0000
vt 20.8653 13.8956 0.0000
vt 20.6432 17.4461 0.0000
vt 20.3507 17.3907 0.0000
vt 20.5682 13.9142 0.0000
vt 8.0141 51.6599 0.0000
vt 11.3902 52.1922 0.0000
vt 11.2997 52.5365 0.0000
vt 7.9943 52.0153 0.0000
vt 15.5054 25.2320 0.0000
vt 18.9588 24.7769 0.0000
vt 18.9617 25.0489 0.0000
vt 15.5731 25.4954 0.0000
vt 25.2813 11.8025 0.0000
vt 23.4707 8.8267 0.0000
vt 23.7184 8.7143 0.0000
vt 25.4950 11.6342 0.0000
vt 17.6484 20.2684 0.0000
vt 14.0909 20.2684 0.0000
vt 14.1280 19.9730 0.0000
vt 17.6113 19.9730 0.0000
vt -14.5479 -16.0338 0.0000
vt -16.7663 -13.4337 0.0000
vt -17.0124 -13.6908 0.0000
vt -14.8405 -16.2364 0.0000
vt 12.3594 11.2554 0.0000
vt 15.6644 9.9392 0.0000
vt 15.7392 10.2273 0.0000
vt 12.5032 11.5161 0.0000
vt 13.4750 10.5372 0.0000
vt 17.0041 10.0887 0.0000
vt 17.0045 10.3864 0.0000
vt 13.5491 10.8255 0.0000
vt -5.8116 -22.9817 0.0000
vt -8.6299 -21.0480 0.0000
vt -8.8007 -21.3603 0.0000
vt -6.0415 -23.2534 0.0000
vt 51.2442 21.8274 0.0000
vt 51.7606 18.4488 0.0000
vt 52.1052 18.5377 0.0000
vt 51.5997 21.8455 0.0000
vt 49.1847 28.0133 0.0000
vt 50.3904 24.8152 0.0000
vt 50.7091 24.9737 0.0000
vt 49.5286 28.1047 0.0000
vt 11.4589 12.2478 0.0000
vt 14.3311 10.1487 0.0000
vt 14.4754 10.4091 0.0000
vt 11.6631 12.4644 0.0000
vt 5.0600 -45.9402 0.0000
vt 8.8700 -46.5180 0.0000
vt 8.8920 -46.0366 0.0000
vt 5.1817 -45.4739 0.0000
vt 66.9239 38.2637 0.0000
vt 65.1228 41.6705 0.0000
vt 64.7228 41.4020 0.0000
vt 66.4766 38.0843 0.0000
vt -20.7049 -7.4244 0.0000
vt -22.2540 -4.3778 0.0000
vt -22.5534 -4.5703 0.0000
vt -21.0368 -7.5530 0.0000
vt -11.6621 -41.2374 0.0000
vt -8.1816 -42.8917 0.0000
vt -8.0215 -42.4372 0.0000
vt -11.4108 -40.8263 0.0000
vt -50.8814 25.5586 0.0000
vt -49.4751 29.1464 0.0000
vt -49.9396 29.2744 0.0000
vt -51.3092 25.7805 0.0000
vt -93.9342 22.3386 0.0000
vt -93.9342 18.9925 0.0000
vt -83.7635 18.9925 0.0000
vt -83.7635 22.3386 0.0000
vt 93.9342 17.5207 0.0000
vt 93.9342 20.8669 0.0000
vt 83.7635 20.8669 0.0000
vt 83.7635 17.5207 0.0000
vt -76.6056 -4.9704 0.0000
vt -75.3998 -8.1685 0.0000
vt -75.0811 -8.0100 0.0000
vt -76.2616 -4.8790 0.0000
vt -14.1607 79.4886 0.0000
vt -17.5786 79.4886 0.0000
vt -17.5427 79.1345 0.0000
vt -14.1966 79.1345 0.0000
vt -93.9342 19.3442 0.0000
vt -93.9342 15.9980 0.0000
vt -83.7635 15.9980 0.0000
vt -83.7635 19.3442 0.0000
vt 93.9342 0.0552 0.0000
vt 93.9342 3.4014 0.0000
vt 83.7635 3.4014 0.0000
vt 83.7635 0.0552 0.0000
vt 22.2700 32.9974 0.0000
vt 23.6764 29.4096 0.0000
vt 24.1041 29.6315 0.0000
vt 22.7346 33.1254 0.0000
vt -93.9342 6.1483 0.0000
vt -93.9342 2.8022 0.0000
vt -83.7635 2.8022 0.0000
vt -83.7635 6.1483 0.0000
vt 25.2048 24.2577 0.0000
vt 25.8096 20.4518 0.0000
vt 26.2750 20.5769 0.0000
vt 25.6860 24.2831 0.0000
vt -50.8348 4.4721 0.0000
vt -51.8416 8.1919 0.0000
vt -52.2910 8.0180 0.0000
vt -51.3105 4.3956 0.0000
vt -52.3923 18.6541 0.0000
vt -51.7876 22.4599 0.0000
vt -52.2687 22.4853 0.0000
vt -52.8577 18.7791 0.0000
vt -42.0575 39.5047 0.0000
vt -39.1533 42.0376 0.0000
vt -39.5063 42.3656 0.0000
vt -42.3345 39.8990 0.0000
vt 25.2649 18.7179 0.0000
vt 25.8916 15.2915 0.0000
vt 26.1513 15.3722 0.0000
vt 25.5364 18.7343 0.0000
vt 93.9747 2.5499 0.0000
vt 93.9747 6.4035 0.0000
vt 83.7230 6.4035 0.0000
vt 83.7230 2.5499 0.0000
vt 19.8178 18.7273 0.0000
vt 16.7046 20.4488 0.0000
vt 16.5941 20.1724 0.0000
vt 19.6424 18.4867 0.0000
vt -93.9747 3.6564 0.0000
vt -93.9747 -0.1971 0.0000
vt -83.7230 -0.1971 0.0000
vt -83.7230 3.6564 0.0000
vt 72.2720 16.2245 0.0000
vt 72.0704 20.0728 0.0000
vt 71.5944 19.9974 0.0000
vt 71.7909 16.2498 0.0000
vt -93.9747 23.4103 0.0000
vt -93.9747 19.5567 0.0000
vt -83.7230 19.5567 0.0000
vt -83.7230 23.4103 0.0000
vt 93.9747 18.4877 0.0000
vt 93.9747 22.3413 0.0000
vt 83.7230 22.3413 0.0000
vt 83.7230 18.4877 0.0000
vt 93.9747 -8.4273 0.0000
vt 93.9747 -4.5737 0.0000
vt 83.7230 -4.5737 0.0000
vt 83.7230 -8.4273 0.0000
vt -3.5770 49.4603 0.0000
vt -0.5128 50.9745 0.0000
vt -0.7018 51.2761 0.0000
vt -3.7017 49.7937 0.0000
vt 93.9747 -2.9715 0.0000
vt 93.9747 0.8821 0.0000
vt 83.7230 0.8821 0.0000
vt 83.7230 -2.9715 0.0000
vt 93.9747 7.7901 0.0000
vt 93.9747 11.6437 0.0000
vt 83.7230 11.6437 0.0000
vt 83.7230 7.7901 0.0000
vt -93.9747 9.0800 0.0000
vt -93.9747 5.2264 0.0000
vt -83.7230 5.2264 0.0000
vt -83.7230 9.0800 0.0000
vt -93.9747 24.0190 0.0000
vt -93.9747 20.1655 0.0000
vt -83.7230 20.1655 0.0000
vt -83.7230 24.0190 0.0000
vt 93.9747 15.7445 0.0000
vt 93.9747 19.5981 0.0000
vt 83.7230 19.5981 0.0000
vt 83.7230 15.7445 0.0000
vt -93.9747 23.2396 0.0000
vt -93.9747 19.3860 0.0000
vt -83.7230 19.3860 0.0000
vt -83.7230 23.2396 0.0000
vt 4.8279 12.9172 0.0000
vt 4.6182 16.3942 0.0000
vt 4.3506 16.3453 0.0000
vt 4.5564 12.9336 0.0000
vt 61.6354 -18.1444 0.0000
vt 63.8221 -14.9713 0.0000
vt 63.3989 -14.7409 0.0000
vt 61.2695 -17.8309 0.0000
vt 9.4402 5.6542 0.0000
vt 6.9517 8.0916 0.0000
vt 6.7861 7.8758 0.0000
vt 9.2278 5.4842 0.0000
vt 4.5814 15.7643 0.0000
vt 5.2081 19.1907 0.0000
vt 4.9365 19.2071 0.0000
vt 4.3216 15.8451 0.0000
vt 17.7964 71.8307 0.0000
vt 13.9429 71.8307 0.0000
vt 13.9933 71.3514 0.0000
vt 17.7460 71.3514 0.0000
vt -26.1690 20.5538 0.0000
vt -25.6526 23.9324 0.0000
vt -26.0081 23.9504 0.0000
vt -26.5136 20.6427 0.0000
vt 25.0070 5.2941 0.0000
vt 24.0002 1.5744 0.0000
vt 24.4760 1.4979 0.0000
vt 25.4564 5.1203 0.0000
vt -25.3877 -23.7445 0.0000
vt -29.0703 -22.6094 0.0000
vt -29.1633 -23.0822 0.0000
vt -25.5770 -24.1876 0.0000
vt -93.9342 23.5471 0.0000
vt -93.9342 20.2009 0.0000
vt -83.7635 20.2009 0.0000
vt -83.7635 23.5471 0.0000
vt 93.9342 17.8501 0.0000
vt 93.9342 21.1963 0.0000
vt 83.7635 21.1963 0.0000
vt 83.7635 17.8501 0.0000
vt 93.9342 10.4525 0.0000
vt 93.9342 13.7987 0.0000
vt 83.7635 13.7987 0.0000
vt 83.7635 10.4525 0.0000
vt 93.9342 -10.7697 0.0000
vt 93.9342 -7.4235 0.0000
vt 83.7635 -7.4235 0.0000
vt 83.7635 -10.7697 0.0000
vt -42.5568 -10.7949 0.0000
vt -45.1140 -7.9121 0.0000
vt -45.4391 -8.2679 0.0000
vt -42.9487 -11.0752 0.0000
vt 52.1278 -29.4185 0.0000
vt 55.0319 -26.8856 0.0000
vt 54.6789 -26.5576 0.0000
vt 51.8508 -29.0242 0.0000
vt -93.9342 0.6271 0.0000
vt -93.9342 -2.7190 0.0000
vt -83.7635 -2.7190 0.0000
vt -83.7635 0.6271 0.0000
vt -24.5243 1.8887 0.0000
vt -25.3854 5.1963 0.0000
vt -25.7191 5.0724 0.0000
vt -24.8760 1.8341 0.0000
vt 29.1795 -22.5606 0.0000
vt 25.9247 -23.6036 0.0000
vt 26.0669 -23.9299 0.0000
vt 29.2534 -22.9088 0.0000
vt 17.3437 10.3254 0.0000
vt 20.2159 12.4244 0.0000
vt 20.0117 12.6410 0.0000
vt 17.1994 10.5858 0.0000
vt -26.2963 11.3263 0.0000
vt -26.4684 14.7398 0.0000
vt -26.8202 14.6862 0.0000
vt -26.6518 11.3443 0.0000
vt -27.9506 -52.8389 0.0000
vt -24.5744 -53.3712 0.0000
vt -24.5547 -53.0158 0.0000
vt -27.8600 -52.4947 0.0000
vt -93.9342 23.6328 0.0000
vt -93.9342 20.2866 0.0000
vt -83.7635 20.2866 0.0000
vt -83.7635 23.6328 0.0000
vt -64.1213 55.5807 0.0000
vt -66.3397 52.9806 0.0000
vt -66.0470 52.7780 0.0000
vt -63.8751 55.3236 0.0000
vt -51.5277 66.6266 0.0000
vt -54.3459 64.6929 0.0000
vt -54.1160 64.4212 0.0000
vt -51.3569 66.3144 0.0000
vt 53.3475 2.3839 0.0000
vt 53.8639 5.7626 0.0000
vt 53.5084 5.7806 0.0000
vt 53.0028 2.4729 0.0000
vt 93.9342 14.6646 0.0000
vt 93.9342 18.0108 0.0000
vt 83.7635 18.0108 0.0000
vt 83.7635 14.6646 0.0000
vt 49.1018 -12.6960 0.0000
vt 50.3075 -9.4979 0.0000
vt 49.9635 -9.4065 0.0000
vt 48.7831 -12.5375 0.0000
vt 93.9342 5.4785 0.0000
vt 93.9342 8.8247 0.0000
vt 83.7635 8.8247 0.0000
vt 83.7635 5.4785 0.0000
vt -23.6103 50.6804 0.0000
vt -19.8003 51.2582 0.0000
vt -19.9220 51.7244 0.0000
vt -23.6323 51.1618 0.0000
vt 21.7894 -4.2757 0.0000
vt 19.9884 -7.6826 0.0000
vt 20.4356 -7.8619 0.0000
vt 22.1895 -4.5443 0.0000
vt -72.5259 43.8150 0.0000
vt -74.0751 40.7684 0.0000
vt -73.7432 40.6398 0.0000
vt -72.2265 43.6225 0.0000
vt -34.0200 45.8993 0.0000
vt -30.5395 47.5535 0.0000
vt -30.7908 47.9647 0.0000
vt -34.1801 46.3537 0.0000
vt 93.9342 -15.4910 0.0000
vt 93.9342 -12.1449 0.0000
vt 83.7635 -12.1449 0.0000
vt 83.7635 -15.4910 0.0000
vt -93.9342 -9.8753 0.0000
vt -93.9342 -13.2214 0.0000
vt -83.7635 -13.2214 0.0000
vt -83.7635 -9.8753 0.0000
vt 93.9342 19.6389 0.0000
vt 93.9342 22.9851 0.0000
vt 83.7635 22.9851 0.0000
vt 83.7635 19.6389 0.0000
vt 8.1323 -20.6261 0.0000
vt 4.9160 -22.7487 0.0000
vt 5.2220 -23.1209 0.0000
vt 8.3541 -21.0538 0.0000
vt 16.2206 -13.2098 0.0000
vt 13.6633 -16.0926 0.0000
vt 14.0553 -16.3729 0.0000
vt 16.5456 -13.5655 0.0000
vt -93.9342 -4.8283 0.0000
vt -93.9342 -8.1745 0.0000
vt -83.7635 -8.1745 0.0000
vt -83.7635 -4.8283 0.0000
vt 41.2909 -27.3455 0.0000
vt 43.1792 -24.4967 0.0000
vt 42.8642 -24.3309 0.0000
vt 41.0155 -27.1200 0.0000
vt 93.9342 -5.4767 0.0000
vt 93.9342 -2.1306 0.0000
vt 83.7635 -2.1306 0.0000
vt 83.7635 -5.4767 0.0000
vt 29.3253 -40.5460 0.0000
vt 31.8572 -38.2501 0.0000
vt 31.5928 -38.0118 0.0000
vt 29.1140 -40.2596 0.0000
vt 24.4808 70.3271 0.0000
vt 21.6625 72.2608 0.0000
vt 21.4917 71.9486 0.0000
vt 24.2509 70.0554 0.0000
vt 38.0793 59.2826 0.0000
vt 35.8609 61.8826 0.0000
vt 35.6148 61.6255 0.0000
vt 37.7866 59.0800 0.0000
vt 93.9747 12.4197 0.0000
vt 93.9747 16.2733 0.0000
vt 83.7230 16.2733 0.0000
vt 83.7230 12.4197 0.0000
vt 47.2275 46.1962 0.0000
vt 45.6784 49.2428 0.0000
vt 45.3790 49.0504 0.0000
vt 46.8956 46.0676 0.0000
vt 52.4982 32.0750 0.0000
vt 51.6371 35.3826 0.0000
vt 51.3034 35.2587 0.0000
vt 52.1465 32.0205 0.0000
vt 54.4493 17.3920 0.0000
vt 54.2773 20.8055 0.0000
vt 53.9254 20.7519 0.0000
vt 54.0939 17.4100 0.0000
vt 93.9342 19.8089 0.0000
vt 93.9342 23.1551 0.0000
vt 83.7635 23.1551 0.0000
vt 83.7635 19.8089 0.0000
vt -11.8296 52.7033 0.0000
vt -8.0196 52.1255 0.0000
vt -7.9976 52.6069 0.0000
vt -11.7079 53.1696 0.0000
vt -34.4745 75.3369 0.0000
vt -37.7293 74.2939 0.0000
vt -37.5871 73.9676 0.0000
vt -34.4005 74.9888 0.0000
vt 9.5870 47.2035 0.0000
vt 12.4912 44.6706 0.0000
vt 12.7681 45.0649 0.0000
vt 9.9400 47.5316 0.0000
vt 6.5236 77.6529 0.0000
vt 3.2688 78.6959 0.0000
vt 3.1949 78.3478 0.0000
vt 6.3814 77.3266 0.0000
vt -77.5135 31.9842 0.0000
vt -78.3746 28.6766 0.0000
vt -78.0229 28.6221 0.0000
vt -77.1799 31.8603 0.0000
vt -79.7254 20.0929 0.0000
vt -79.8975 16.6794 0.0000
vt -79.5420 16.6974 0.0000
vt -79.3736 20.0393 0.0000
vt -47.6723 -3.0807 0.0000
vt -49.4733 0.3261 0.0000
vt -49.8734 0.0576 0.0000
vt -48.1195 -3.2601 0.0000
vt 17.1274 40.8138 0.0000
vt 19.3141 37.6408 0.0000
vt 19.6800 37.9542 0.0000
vt 17.5506 41.0442 0.0000
vt -93.9342 22.0870 0.0000
vt -93.9342 18.7408 0.0000
vt -83.7635 18.7408 0.0000
vt -83.7635 22.0870 0.0000
vt -13.9429 -26.4791 0.0000
vt -17.7964 -26.4791 0.0000
vt -17.7460 -26.9583 0.0000
vt -13.9933 -26.9583 0.0000
vt -79.4554 7.8675 0.0000
vt -78.9390 4.4889 0.0000
vt -78.5944 4.5779 0.0000
vt -79.1000 7.8856 0.0000
vt -35.1457 -18.0596 0.0000
vt -38.3620 -15.9370 0.0000
vt -38.5838 -16.3647 0.0000
vt -35.4517 -18.4318 0.0000
vt -7.0267 -55.1272 0.0000
vt -3.6506 -54.5948 0.0000
vt -3.7412 -54.2506 0.0000
vt -7.0465 -54.7718 0.0000
vt -93.9342 19.7460 0.0000
vt -93.9342 16.3999 0.0000
vt -83.7635 16.3999 0.0000
vt -83.7635 19.7460 0.0000
vt -93.9342 11.3883 0.0000
vt -93.9342 8.0421 0.0000
vt -83.7635 8.0421 0.0000
vt -83.7635 11.3883 0.0000
vt 93.9342 20.4179 0.0000
vt 93.9342 23.7641 0.0000
vt 83.7635 23.7641 0.0000
vt 83.7635 20.4179 0.0000
vt -38.0248 87.0592 0.0000
vt -41.2569 86.1931 0.0000
vt -38.6246 76.3690 0.0000
vt -35.3924 77.2350 0.0000
vt -60.9197 -32.0743 0.0000
vt -58.3878 -34.3702 0.0000
vt -58.1765 -34.0838 0.0000
vt -60.6553 -31.8360 0.0000
vt 20.5957 23.7638 0.0000
vt 23.3718 21.6600 0.0000
vt 23.5089 21.8950 0.0000
vt 20.7848 23.9593 0.0000
vt 13.6947 20.2631 0.0000
vt 11.1086 17.8203 0.0000
vt 11.3384 17.6310 0.0000
vt 13.8706 20.0229 0.0000
vt -93.9747 -1.8758 0.0000
vt -93.9747 -5.7294 0.0000
vt -83.7230 -5.7294 0.0000
vt -83.7230 -1.8758 0.0000
vt 24.1945 20.6717 0.0000
vt 25.6270 17.4966 0.0000
vt 25.8597 17.6375 0.0000
vt 24.4541 20.7530 0.0000
vt -93.9747 -11.8909 0.0000
vt -93.9747 -15.7445 0.0000
vt -83.7230 -15.7445 0.0000
vt -83.7230 -11.8909 0.0000
vt -93.9747 14.0541 0.0000
vt -93.9747 10.2006 0.0000
vt -83.7230 10.2006 0.0000
vt -83.7230 14.0541 0.0000
vt 24.1533 9.4001 0.0000
vt 21.6648 6.9627 0.0000
vt 21.8771 6.7926 0.0000
vt 24.3189 9.1842 0.0000
vt 93.9747 -13.4747 0.0000
vt 93.9747 -9.6211 0.0000
vt 83.7230 -9.6211 0.0000
vt 83.7230 -13.4747 0.0000
vt 25.8294 14.2265 0.0000
vt 24.7935 10.9009 0.0000
vt 25.0610 10.8518 0.0000
vt 26.0775 14.1150 0.0000
vt 39.0129 -39.0143 0.0000
vt 42.4933 -37.3601 0.0000
vt 42.2421 -36.9489 0.0000
vt 38.8527 -38.5598 0.0000
vt 25.8164 16.5550 0.0000
vt 25.6066 13.0780 0.0000
vt 25.8782 13.0944 0.0000
vt 26.0840 16.5060 0.0000
vt 22.4507 7.1921 0.0000
vt 19.4290 5.4594 0.0000
vt 19.5917 5.2414 0.0000
vt 22.5567 6.9415 0.0000
vt 41.5125 86.1665 0.0000
vt 37.7902 87.1639 0.0000
vt 35.1369 77.2616 0.0000
vt 38.8592 76.2642 0.0000
vt -93.9747 21.1211 0.0000
vt -93.9747 17.2675 0.0000
vt -83.7230 17.2675 0.0000
vt -83.7230 21.1211 0.0000
vt 18.1791 24.7517 0.0000
vt 21.3986 23.4222 0.0000
vt 21.4715 23.6843 0.0000
vt 18.3124 24.9888 0.0000
vt -2.2447 -25.3810 0.0000
vt -5.9274 -26.5160 0.0000
vt -5.7380 -26.9591 0.0000
vt -2.1518 -25.8538 0.0000
vt -70.6890 -18.4588 0.0000
vt -68.8007 -21.3077 0.0000
vt -68.5254 -21.0822 0.0000
vt -70.3741 -18.2931 0.0000
vt 20.5433 17.6350 0.0000
vt 17.9572 20.0778 0.0000
vt 17.7813 19.8376 0.0000
vt 20.3135 17.4457 0.0000
vt 20.9700 16.4184 0.0000
vt 19.0718 19.4271 0.0000
vt 18.8417 19.2382 0.0000
vt 20.7004 16.2922 0.0000
vt -93.9747 21.4517 0.0000
vt -93.9747 17.5981 0.0000
vt -83.7230 17.5981 0.0000
vt -83.7230 21.4517 0.0000
vt -35.5674 -20.0702 0.0000
vt -33.3807 -23.2432 0.0000
vt -33.0147 -22.9298 0.0000
vt -35.1442 -19.8398 0.0000
vt -93.9747 18.2662 0.0000
vt -93.9747 14.4127 0.0000
vt -83.7230 14.4127 0.0000
vt -83.7230 18.2662 0.0000
vt -42.0539 -6.7320 0.0000
vt -40.6475 -10.3198 0.0000
vt -40.2197 -10.0979 0.0000
vt -41.5893 -6.6041 0.0000
vt -24.0924 29.3427 0.0000
vt -22.8866 32.5408 0.0000
vt -23.2306 32.6322 0.0000
vt -24.4111 29.5011 0.0000
vt 17.5786 -26.8401 0.0000
vt 14.1607 -26.8401 0.0000
vt 14.1966 -27.1942 0.0000
vt 17.5427 -27.1942 0.0000
vt 19.5568 11.7024 0.0000
vt 21.0642 14.9247 0.0000
vt 20.7809 15.0163 0.0000
vt 19.3050 11.8612 0.0000
vt 67.8526 -6.4688 0.0000
vt 69.2589 -2.8810 0.0000
vt 68.7944 -2.7531 0.0000
vt 67.4248 -6.2469 0.0000
vt 71.2819 5.0233 0.0000
vt 71.8867 8.8291 0.0000
vt 71.4055 8.8545 0.0000
vt 70.8166 5.1483 0.0000
vt -43.0536 33.8767 0.0000
vt -44.0604 30.1569 0.0000
vt -43.5847 30.0804 0.0000
vt -42.6042 33.7028 0.0000
vt -45.3040 7.0313 0.0000
vt -44.6992 3.2255 0.0000
vt -44.2338 3.3505 0.0000
vt -44.8228 7.0567 0.0000
vt -25.4656 -32.0515 0.0000
vt -22.5614 -34.5845 0.0000
vt -22.2844 -34.1902 0.0000
vt -25.1126 -31.7235 0.0000
vt 70.8950 27.2592 0.0000
vt 69.8882 30.9789 0.0000
vt 69.4388 30.8051 0.0000
vt 70.4192 27.1827 0.0000
vt 0.1133 71.3389 0.0000
vt -3.5694 70.2039 0.0000
vt -3.3800 69.7608 0.0000
vt 0.2062 70.8661 0.0000
vt -47.5688 32.5419 0.0000
vt -45.3821 35.7150 0.0000
vt -45.8053 35.9454 0.0000
vt -47.9348 32.8554 0.0000
vt 26.1046 14.9275 0.0000
vt 25.9030 11.0792 0.0000
vt 26.3842 11.1045 0.0000
vt 26.5806 14.8521 0.0000
vt -52.3584 11.6884 0.0000
vt -52.5601 15.5367 0.0000
vt -53.0360 15.4612 0.0000
vt -52.8396 11.7137 0.0000
vt -93.9747 -7.1691 0.0000
vt -93.9747 -11.0227 0.0000
vt -83.7230 -11.0227 0.0000
vt -83.7230 -7.1691 0.0000
vt -45.6149 20.6819 0.0000
vt -45.8166 16.8337 0.0000
vt -45.3354 16.8589 0.0000
vt -45.1390 20.6065 0.0000
vt 6.1517 20.9261 0.0000
vt 8.3163 23.6552 0.0000
vt 8.0844 23.7974 0.0000
vt 5.9605 21.1196 0.0000
vt 31.1166 46.2935 0.0000
vt 34.1808 44.7794 0.0000
vt 34.3055 45.1127 0.0000
vt 31.3057 46.5951 0.0000
vt 10.5492 16.1528 0.0000
vt 11.2121 12.6576 0.0000
vt 11.4953 12.7491 0.0000
vt 10.8463 16.1713 0.0000
vt 10.9112 17.4693 0.0000
vt 10.6891 13.9188 0.0000
vt 10.9862 13.9374 0.0000
vt 11.2037 17.4139 0.0000
vt -0.2917 51.4309 0.0000
vt 3.1887 49.7766 0.0000
vt 3.3489 50.2311 0.0000
vt -0.0405 51.8420 0.0000
vt -46.5926 -44.3506 0.0000
vt -43.5284 -45.8647 0.0000
vt -43.4037 -45.5314 0.0000
vt -46.4036 -44.0490 0.0000
vt 5.7544 10.1441 0.0000
vt 4.7184 13.4697 0.0000
vt 4.4703 13.3582 0.0000
vt 5.4868 10.0950 0.0000
vt 7.3183 7.6525 0.0000
vt 5.5078 10.6283 0.0000
vt 5.2941 10.4600 0.0000
vt 7.0706 7.5401 0.0000
vt 18.5360 10.8848 0.0000
vt 20.7957 13.6324 0.0000
vt 20.5440 13.7913 0.0000
vt 18.3314 11.1011 0.0000
vt 49.2345 59.3033 0.0000
vt 46.0182 61.4259 0.0000
vt 45.7963 60.9982 0.0000
vt 48.9285 58.9311 0.0000
vt 34.8844 67.4323 0.0000
vt 31.2018 68.5674 0.0000
vt 31.1088 68.0946 0.0000
vt 34.6951 66.9892 0.0000
vt 21.0777 15.1488 0.0000
vt 19.9842 18.5340 0.0000
vt 19.7146 18.4079 0.0000
vt 20.7853 15.0933 0.0000
vt 14.7893 3.8500 0.0000
vt 11.4246 4.7511 0.0000
vt 11.3864 4.4817 0.0000
vt 14.6879 3.5976 0.0000
vt -19.8268 37.4371 0.0000
vt -17.9385 40.2859 0.0000
vt -18.2534 40.4517 0.0000
vt -20.1021 37.6626 0.0000
vt 20.2287 5.3938 0.0000
vt 16.8640 4.4927 0.0000
vt 16.9655 4.2403 0.0000
vt 20.2670 5.1245 0.0000
vt 20.3481 12.7257 0.0000
vt 21.0109 16.2209 0.0000
vt 20.7138 16.2395 0.0000
vt 20.0648 12.8172 0.0000
vt 17.6113 4.2240 0.0000
vt 14.1280 4.2240 0.0000
vt 14.1607 3.9540 0.0000
vt 17.5786 3.9540 0.0000
vt 14.9913 20.6058 0.0000
vt 11.8782 18.8842 0.0000
vt 12.0536 18.6437 0.0000
vt 15.1018 20.3293 0.0000
vt 93.9747 18.7404 0.0000
vt 93.9747 22.5940 0.0000
vt 83.7230 22.5940 0.0000
vt 83.7230 18.7404 0.0000
vt 93.9747 20.0343 0.0000
vt 93.9747 23.8878 0.0000
vt 83.7230 23.8878 0.0000
vt 83.7230 20.0343 0.0000
vt 93.9747 19.9482 0.0000
vt 93.9747 23.8018 0.0000
vt 83.7230 23.8018 0.0000
vt 83.7230 19.9482 0.0000
vt 12.9246 -50.5457 0.0000
vt 15.9887 -49.0315 0.0000
vt 15.7997 -48.7299 0.0000
vt 12.7999 -50.2123 0.0000
vt 91.6599 23.2812 0.0000
vt 91.6599 21.9573 0.0000
vt 92.5977 21.9573 0.0000
vt 92.5977 23.2812 0.0000
vt 92.5977 8.5262 0.0000
vt 92.5977 9.8500 0.0000
vt 91.6599 9.8500 0.0000
vt 91.6599 8.5262 0.0000
vt 91.6599 20.6334 0.0000
vt 92.5977 20.6334 0.0000
vt 40.5737 84.9925 0.0000
vt 39.2950 85.3352 0.0000
vt 39.0522 84.4293 0.0000
vt 40.3310 84.0867 0.0000
vt -92.5977 19.6580 0.0000
vt -91.6599 19.6580 0.0000
vt -91.6599 20.9819 0.0000
vt -92.5977 20.9819 0.0000
vt -92.5977 18.3342 0.0000
vt -91.6599 18.3342 0.0000
vt -91.6599 -3.7203 0.0000
vt -91.6599 -2.3965 0.0000
vt -92.5977 -2.3965 0.0000
vt -92.5977 -3.7203 0.0000
vt -91.6599 -5.0442 0.0000
vt -92.5977 -5.0442 0.0000
vt 92.5977 11.1739 0.0000
vt 91.6599 11.1739 0.0000
vt 92.0176 10.3933 0.0000
vt 91.9408 10.1175 0.0000
vt 92.8769 10.1175 0.0000
vt 92.9532 10.3933 0.0000
vt -93.7875 8.1982 0.0000
vt -92.7043 8.1982 0.0000
vt -92.6574 9.7078 0.0000
vt -93.7003 9.7078 0.0000
vt -93.7875 24.6770 0.0000
vt -92.7043 24.6770 0.0000
vt -92.6574 26.1866 0.0000
vt -93.7003 26.1866 0.0000
vt -93.8530 19.8584 0.0000
vt -92.7111 19.8584 0.0000
vt -92.7095 20.4514 0.0000
vt -93.8507 20.4514 0.0000
vt -93.8530 19.4133 0.0000
vt -93.8507 18.8203 0.0000
vt -92.7095 18.8203 0.0000
vt -92.7111 19.4133 0.0000
vt -92.9532 12.4819 0.0000
vt -92.0176 12.4819 0.0000
vt -91.9408 12.7576 0.0000
vt -92.8769 12.7576 0.0000
vt -92.7043 18.3529 0.0000
vt -93.7875 18.3529 0.0000
vt -93.7003 16.8432 0.0000
vt -92.6574 16.8432 0.0000
vt 93.8251 2.5722 0.0000
vt 93.7972 3.0116 0.0000
vt 92.6720 3.0116 0.0000
vt 92.6915 2.5722 0.0000
vt 92.7161 13.9682 0.0000
vt 92.8013 12.4586 0.0000
vt 93.9813 12.4586 0.0000
vt 93.8601 13.9682 0.0000
vt -92.7161 -21.0551 0.0000
vt -92.6915 -20.6156 0.0000
vt -93.8251 -20.6156 0.0000
vt -93.8601 -21.0551 0.0000
vt -93.8601 14.9092 0.0000
vt -93.8251 14.4697 0.0000
vt -92.6915 14.4697 0.0000
vt -92.7161 14.9092 0.0000
vt 92.7161 -10.0132 0.0000
vt 93.8601 -10.0132 0.0000
vt 93.8251 -9.5737 0.0000
vt 92.6915 -9.5737 0.0000
vt -93.9813 10.9582 0.0000
vt -93.8601 9.4486 0.0000
vt -92.7161 9.4486 0.0000
vt -92.8013 10.9582 0.0000
vt 92.6915 11.1099 0.0000
vt 92.7161 10.6704 0.0000
vt 93.8601 10.6704 0.0000
vt 93.8251 11.1099 0.0000
vt -92.8013 -17.9724 0.0000
vt -92.7161 -16.4628 0.0000
vt -93.8601 -16.4628 0.0000
vt -93.9813 -17.9724 0.0000
vt 92.7095 -15.4420 0.0000
vt 93.8507 -15.4420 0.0000
vt 93.8530 -14.8490 0.0000
vt 92.7111 -14.8490 0.0000
vt 93.9813 -16.9488 0.0000
vt 93.8601 -15.4392 0.0000
vt 92.7161 -15.4392 0.0000
vt 92.8013 -16.9488 0.0000
vt -92.7111 16.8545 0.0000
vt -93.8530 16.8545 0.0000
vt -93.8507 16.2615 0.0000
vt -92.7095 16.2615 0.0000
vt -92.6720 -3.2113 0.0000
vt -92.6915 -2.7719 0.0000
vt -93.8251 -2.7719 0.0000
vt -93.7972 -3.2113 0.0000
vt 93.7875 23.8374 0.0000
vt 93.7003 25.3470 0.0000
vt 92.6574 25.3470 0.0000
vt 92.7043 23.8374 0.0000
vt -93.8251 22.0780 0.0000
vt -93.7972 21.6385 0.0000
vt -92.6720 21.6385 0.0000
vt -92.6915 22.0780 0.0000
vt 93.7875 14.6866 0.0000
vt 92.7043 14.6866 0.0000
vt 92.6574 13.1770 0.0000
vt 93.7003 13.1770 0.0000
vt -91.9408 -6.4655 0.0000
vt -91.9106 -6.1898 0.0000
vt -92.8468 -6.1898 0.0000
vt -92.8769 -6.4655 0.0000
vt -93.7972 5.8803 0.0000
vt -93.7835 5.4409 0.0000
vt -92.6623 5.4409 0.0000
vt -92.6720 5.8803 0.0000
vt 93.7003 -12.0430 0.0000
vt 93.7875 -10.5334 0.0000
vt 92.7043 -10.5334 0.0000
vt 92.6574 -12.0430 0.0000
vt 91.9106 23.9446 0.0000
vt 91.9408 23.6689 0.0000
vt 92.8769 23.6689 0.0000
vt 92.8468 23.9446 0.0000
vt 93.8601 25.6026 0.0000
vt 92.7161 25.6026 0.0000
vt 92.6915 25.1632 0.0000
vt 93.8251 25.1632 0.0000
vt -92.6574 -16.4797 0.0000
vt -92.7043 -14.9701 0.0000
vt -93.7875 -14.9701 0.0000
vt -93.7003 -16.4797 0.0000
vt -93.7972 13.0985 0.0000
vt -92.6720 13.0985 0.0000
vt -92.6623 13.5379 0.0000
vt -93.7835 13.5379 0.0000
vt 93.9813 28.9392 0.0000
vt 92.8013 28.9392 0.0000
vt 92.7161 27.4296 0.0000
vt 93.8601 27.4296 0.0000
vt -93.9813 29.1330 0.0000
vt -93.8601 27.6233 0.0000
vt -92.7161 27.6233 0.0000
vt -92.8013 29.1330 0.0000
vt 93.7875 3.2427 0.0000
vt 93.7003 4.7523 0.0000
vt 92.6574 4.7523 0.0000
vt 92.7043 3.2427 0.0000
vt -93.9813 7.9298 0.0000
vt -92.8013 7.9298 0.0000
vt -92.7161 9.4395 0.0000
vt -93.8601 9.4395 0.0000
vt -93.8251 16.7939 0.0000
vt -92.6915 16.7939 0.0000
vt -92.6720 17.2333 0.0000
vt -93.7972 17.2333 0.0000
vt 92.9532 31.6223 0.0000
vt 92.8769 31.8981 0.0000
vt 91.9408 31.8981 0.0000
vt 92.0176 31.6223 0.0000
vt -93.8601 27.6923 0.0000
vt -93.8251 27.2529 0.0000
vt -92.6915 27.2529 0.0000
vt -92.7161 27.6923 0.0000
vt 92.8769 -6.6704 0.0000
vt 92.8468 -6.3947 0.0000
vt 91.9106 -6.3947 0.0000
vt 91.9408 -6.6704 0.0000
vt -93.8601 4.7823 0.0000
vt -92.7161 4.7823 0.0000
vt -92.6915 5.2218 0.0000
vt -93.8251 5.2218 0.0000
vt -92.6915 16.6427 0.0000
vt -93.8251 16.6427 0.0000
vt -93.8601 16.2032 0.0000
vt -92.7161 16.2032 0.0000
vt 92.8769 -0.3940 0.0000
vt 91.9408 -0.3940 0.0000
vt 91.9106 -0.6697 0.0000
vt 92.8468 -0.6697 0.0000
vt -92.6915 22.2014 0.0000
vt -93.8251 22.2014 0.0000
vt -93.7972 21.7619 0.0000
vt -92.6720 21.7619 0.0000
vt -92.6915 -4.5847 0.0000
vt -92.6720 -4.1453 0.0000
vt -93.7972 -4.1453 0.0000
vt -93.8251 -4.5847 0.0000
vt 92.9532 5.5318 0.0000
vt 92.0176 5.5318 0.0000
vt 91.9408 5.2561 0.0000
vt 92.8769 5.2561 0.0000
vt -92.7161 14.4811 0.0000
vt -93.8601 14.4811 0.0000
vt -93.9813 12.9715 0.0000
vt -92.8013 12.9715 0.0000
vt -93.7972 23.7402 0.0000
vt -93.7835 23.3008 0.0000
vt -92.6623 23.3008 0.0000
vt -92.6720 23.7402 0.0000
vt 93.7972 14.4542 0.0000
vt 93.7835 14.8936 0.0000
vt 92.6623 14.8936 0.0000
vt 92.6720 14.4542 0.0000
vt -92.6623 19.0060 0.0000
vt -93.7835 19.0060 0.0000
vt -93.7972 18.5666 0.0000
vt -92.6720 18.5666 0.0000
vt -92.6720 -12.8522 0.0000
vt -92.6623 -12.4127 0.0000
vt -93.7835 -12.4127 0.0000
vt -93.7972 -12.8522 0.0000
vt -93.7875 11.1049 0.0000
vt -93.7003 9.5953 0.0000
vt -92.6574 9.5953 0.0000
vt -92.7043 11.1049 0.0000
vt 93.7972 23.4224 0.0000
vt 92.6720 23.4224 0.0000
vt 92.6623 22.9830 0.0000
vt 93.7835 22.9830 0.0000
vt 93.7972 -9.6188 0.0000
vt 93.8251 -9.1793 0.0000
vt 92.6915 -9.1793 0.0000
vt 92.6720 -9.6188 0.0000
vt 93.8251 2.1363 0.0000
vt 93.8601 2.5757 0.0000
vt 92.7161 2.5757 0.0000
vt 92.6915 2.1363 0.0000
vt 92.6720 18.4460 0.0000
vt 92.6915 18.0065 0.0000
vt 93.8251 18.0065 0.0000
vt 93.7972 18.4460 0.0000
vt 93.7875 16.1298 0.0000
vt 92.7043 16.1298 0.0000
vt 92.6574 14.6202 0.0000
vt 93.7003 14.6202 0.0000
vt 93.9813 9.8149 0.0000
vt 92.8013 9.8149 0.0000
vt 92.7161 8.3053 0.0000
vt 93.8601 8.3053 0.0000
vt 92.6915 25.4120 0.0000
vt 92.6720 24.9725 0.0000
vt 93.7972 24.9725 0.0000
vt 93.8251 25.4120 0.0000
vt -92.7111 -2.9439 0.0000
vt -92.7095 -2.3509 0.0000
vt -93.8507 -2.3509 0.0000
vt -93.8530 -2.9439 0.0000
vt 93.8601 13.6963 0.0000
vt 93.8251 14.1358 0.0000
vt 92.6915 14.1358 0.0000
vt 92.7161 13.6963 0.0000
vt 93.9813 8.7561 0.0000
vt 93.8601 10.2658 0.0000
vt 92.7161 10.2658 0.0000
vt 92.8013 8.7561 0.0000
vt -93.8507 -5.0814 0.0000
vt -92.7095 -5.0814 0.0000
vt -92.7111 -4.4884 0.0000
vt -93.8530 -4.4884 0.0000
vt 38.0162 85.6778 0.0000
vt 37.7735 84.7720 0.0000
vt -92.6351 1.3777 0.0000
vt -84.9984 1.3777 0.0000
vt -84.9984 2.3098 0.0000
vt -92.6351 2.3098 0.0000
vt -92.6351 6.8211 0.0000
vt -84.9984 6.8211 0.0000
vt -84.9984 7.7533 0.0000
vt -92.6351 7.7533 0.0000
vt -92.6351 11.8067 0.0000
vt -84.9984 11.8067 0.0000
vt -84.9984 12.7388 0.0000
vt -92.6351 12.7388 0.0000
vt -84.9984 -4.1816 0.0000
vt -84.9984 -3.2495 0.0000
vt -92.6351 -3.2495 0.0000
vt -92.6351 -4.1816 0.0000
vt 92.6351 22.5412 0.0000
vt 84.9984 22.5412 0.0000
vt 84.9984 21.6091 0.0000
vt 92.6351 21.6091 0.0000
vt 92.6351 20.3351 0.0000
vt 92.6351 21.2672 0.0000
vt 84.9984 21.2672 0.0000
vt 84.9984 20.3351 0.0000
vt -84.9984 -9.5075 0.0000
vt -84.9984 -8.5754 0.0000
vt -92.6351 -8.5754 0.0000
vt -92.6351 -9.5075 0.0000
vt 92.7043 31.0610 0.0000
vt 92.8319 29.7114 0.0000
vt 92.8013 29.1587 0.0000
vt 93.9813 29.1587 0.0000
vt 94.0249 29.7114 0.0000
vt 93.7875 31.0610 0.0000
vt 94.0249 18.0738 0.0000
vt 94.0135 18.1370 0.0000
vt 92.8258 18.1370 0.0000
vt 92.8319 18.0738 0.0000
vt 92.7472 16.5785 0.0000
vt 92.7095 15.8861 0.0000
vt 93.8507 15.8861 0.0000
vt 93.9043 16.5785 0.0000
vt -93.4374 28.9960 0.0000
vt -92.4556 28.9960 0.0000
vt -92.2561 30.3435 0.0000
vt -91.8914 31.6766 0.0000
vt -91.6599 32.4024 0.0000
vt -92.5977 32.4024 0.0000
vt -92.8278 31.6766 0.0000
vt -93.1903 30.3435 0.0000
vt -92.7472 25.5954 0.0000
vt -92.8319 27.0907 0.0000
vt -92.8258 27.1539 0.0000
vt -94.0135 27.1539 0.0000
vt -94.0249 27.0907 0.0000
vt -93.9043 25.5954 0.0000
vt -93.8507 24.9029 0.0000
vt -92.7095 24.9029 0.0000
vt 93.1903 29.4723 0.0000
vt 92.9532 30.1654 0.0000
vt 92.0176 30.1654 0.0000
vt 92.2561 29.4723 0.0000
vt 92.6368 27.4276 0.0000
vt 92.7491 26.2509 0.0000
vt 92.8258 25.3829 0.0000
vt 94.0135 25.3829 0.0000
vt 93.8708 26.2509 0.0000
vt 93.6619 27.4276 0.0000
vt 93.4374 -18.3819 0.0000
vt 93.6619 -16.9556 0.0000
vt 93.6812 -16.7965 0.0000
vt 93.7003 -16.5703 0.0000
vt 92.6574 -16.5703 0.0000
vt 92.6472 -16.7965 0.0000
vt 92.6368 -16.9556 0.0000
vt 92.4556 -18.3819 0.0000
vt -94.0135 20.0488 0.0000
vt -92.8258 20.0488 0.0000
vt -92.7491 20.9169 0.0000
vt -92.6368 22.0935 0.0000
vt -92.2561 24.1383 0.0000
vt -92.0176 24.8314 0.0000
vt -92.9532 24.8314 0.0000
vt -93.1903 24.1383 0.0000
vt -93.6619 22.0935 0.0000
vt -93.8708 20.9169 0.0000
vt 93.4374 16.0868 0.0000
vt 93.1903 17.4343 0.0000
vt 92.8278 18.7674 0.0000
vt 92.5977 19.4932 0.0000
vt 91.6599 19.4932 0.0000
vt 91.8914 18.7674 0.0000
vt 92.2561 17.4343 0.0000
vt 92.4556 16.0868 0.0000
vt 93.7003 9.6091 0.0000
vt 93.6812 9.8352 0.0000
vt 93.6619 9.9943 0.0000
vt 93.4374 11.4206 0.0000
vt 92.4556 11.4206 0.0000
vt 92.6368 9.9943 0.0000
vt 92.6472 9.8352 0.0000
vt 92.6574 9.6091 0.0000
vt -91.6599 -17.7623 0.0000
vt -91.8914 -17.0364 0.0000
vt -92.2561 -15.7034 0.0000
vt -92.4556 -14.3558 0.0000
vt -93.4374 -14.3558 0.0000
vt -93.1903 -15.7034 0.0000
vt -92.8278 -17.0364 0.0000
vt -92.5977 -17.7623 0.0000
vt 92.9532 -12.7191 0.0000
vt 93.1903 -12.0260 0.0000
vt 93.6619 -9.9813 0.0000
vt 93.8708 -8.8046 0.0000
vt 94.0135 -7.9366 0.0000
vt 92.8258 -7.9366 0.0000
vt 92.7491 -8.8046 0.0000
vt 92.6368 -9.9813 0.0000
vt 92.2561 -12.0260 0.0000
vt 92.0176 -12.7191 0.0000
vt 93.4374 3.5054 0.0000
vt 92.4556 3.5054 0.0000
vt 92.2561 2.1578 0.0000
vt 91.8914 0.8248 0.0000
vt 91.6599 0.0990 0.0000
vt 92.5977 0.0990 0.0000
vt 92.8278 0.8248 0.0000
vt 93.1903 2.1578 0.0000
vt -93.1903 -4.6458 0.0000
vt -92.9532 -5.3389 0.0000
vt -92.0176 -5.3389 0.0000
vt -92.2561 -4.6458 0.0000
vt -92.6368 -2.6011 0.0000
vt -92.7491 -1.4244 0.0000
vt -92.8258 -0.5563 0.0000
vt -94.0135 -0.5563 0.0000
vt -93.8708 -1.4244 0.0000
vt -93.6619 -2.6011 0.0000
vt 93.8507 16.5135 0.0000
vt 92.7095 16.5135 0.0000
vt 92.7472 15.8211 0.0000
vt 92.8319 14.3258 0.0000
vt 92.8258 14.2626 0.0000
vt 94.0135 14.2626 0.0000
vt 94.0249 14.3258 0.0000
vt 93.9043 15.8211 0.0000
vt -92.8258 14.7693 0.0000
vt -94.0135 14.7693 0.0000
vt -93.8708 13.9013 0.0000
vt -93.6619 12.7246 0.0000
vt -93.1903 10.6799 0.0000
vt -92.9532 9.9868 0.0000
vt -92.0176 9.9868 0.0000
vt -92.2561 10.6799 0.0000
vt -92.6368 12.7246 0.0000
vt -92.7491 13.9013 0.0000
vt -92.6368 -15.1172 0.0000
vt -92.6472 -14.9581 0.0000
vt -92.6574 -14.7320 0.0000
vt -93.7003 -14.7320 0.0000
vt -93.6812 -14.9581 0.0000
vt -93.6619 -15.1172 0.0000
vt -93.4374 -16.5435 0.0000
vt -92.4556 -16.5435 0.0000
vt -93.1903 8.7572 0.0000
vt -92.8278 7.4241 0.0000
vt -92.5977 6.6983 0.0000
vt -91.6599 6.6983 0.0000
vt -91.8914 7.4241 0.0000
vt -92.2561 8.7572 0.0000
vt -92.4556 10.1047 0.0000
vt -93.4374 10.1047 0.0000
vt 92.7472 3.1148 0.0000
vt 92.8319 1.6195 0.0000
vt 92.8258 1.5563 0.0000
vt 94.0135 1.5563 0.0000
vt 94.0249 1.6195 0.0000
vt 93.9043 3.1148 0.0000
vt 93.8507 3.8073 0.0000
vt 92.7095 3.8073 0.0000
vt 94.0249 6.4369 0.0000
vt 93.9813 6.9896 0.0000
vt 92.8013 6.9896 0.0000
vt 92.8319 6.4369 0.0000
vt 92.7043 5.0873 0.0000
vt 93.7875 5.0873 0.0000
vt 92.6472 14.7361 0.0000
vt 92.6368 14.5770 0.0000
vt 92.4556 13.1507 0.0000
vt 93.4374 13.1507 0.0000
vt 93.6619 14.5770 0.0000
vt 93.6812 14.7361 0.0000
vt 93.7003 14.9623 0.0000
vt 92.6574 14.9623 0.0000
vt -92.7043 7.9403 0.0000
vt -92.8319 9.2900 0.0000
vt -92.8013 9.8427 0.0000
vt -93.9813 9.8427 0.0000
vt -94.0249 9.2900 0.0000
vt -93.7875 7.9403 0.0000
vt 92.7491 12.6508 0.0000
vt 92.6368 11.4741 0.0000
vt 92.2561 9.4294 0.0000
vt 92.0176 8.7363 0.0000
vt 92.9532 8.7363 0.0000
vt 93.1903 9.4294 0.0000
vt 93.6619 11.4741 0.0000
vt 93.8708 12.6508 0.0000
vt 94.0135 13.5189 0.0000
vt 92.8258 13.5189 0.0000
vt 93.4374 13.1310 0.0000
vt 92.4556 13.1310 0.0000
vt 92.2561 11.7835 0.0000
vt 91.8914 10.4504 0.0000
vt 91.6599 9.7246 0.0000
vt 92.5977 9.7246 0.0000
vt 92.8278 10.4504 0.0000
vt 93.1903 11.7835 0.0000
vt -94.0249 12.2120 0.0000
vt -94.0135 12.1488 0.0000
vt -92.8258 12.1488 0.0000
vt -92.8319 12.2120 0.0000
vt -92.7472 13.7073 0.0000
vt -92.7095 14.3997 0.0000
vt -93.8507 14.3997 0.0000
vt -93.9043 13.7073 0.0000
vt 92.6623 18.1646 0.0000
vt 92.6720 17.7251 0.0000
vt 93.7972 17.7251 0.0000
vt 93.7835 18.1646 0.0000
vt 92.6351 18.6862 0.0000
vt 84.9984 18.6862 0.0000
vt 84.9984 17.7541 0.0000
vt 92.6351 17.7541 0.0000
vt -92.6351 21.8502 0.0000
vt -92.6351 20.9181 0.0000
vt -84.9984 20.9181 0.0000
vt -84.9984 21.8502 0.0000
vt -92.6351 22.6597 0.0000
vt -92.6351 21.7275 0.0000
vt -84.9984 21.7275 0.0000
vt -84.9984 22.6597 0.0000
vt 92.6351 14.9604 0.0000
vt 84.9984 14.9604 0.0000
vt 84.9984 14.0282 0.0000
vt 92.6351 14.0282 0.0000
vt -92.6351 21.1425 0.0000
vt -84.9984 21.1425 0.0000
vt -84.9984 22.0746 0.0000
vt -92.6351 22.0746 0.0000
vt 84.9984 22.4281 0.0000
vt 84.9984 21.4960 0.0000
vt 92.6351 21.4960 0.0000
vt 92.6351 22.4281 0.0000
vt -92.6351 19.6972 0.0000
vt -92.6351 18.7650 0.0000
vt -84.9984 18.7650 0.0000
vt -84.9984 19.6972 0.0000
vt 92.6351 -1.4094 0.0000
vt 92.6351 -0.4773 0.0000
vt 84.9984 -0.4773 0.0000
vt 84.9984 -1.4094 0.0000
vt 84.9984 20.9351 0.0000
vt 84.9984 20.0030 0.0000
vt 92.6351 20.0030 0.0000
vt 92.6351 20.9351 0.0000
vt 39.7548 85.2506 0.0000
vt 38.8545 85.4919 0.0000
vt 36.8779 78.1154 0.0000
vt 37.7783 77.8741 0.0000
vt 92.6351 -6.8953 0.0000
vt 92.6351 -5.9631 0.0000
vt 84.9984 -5.9631 0.0000
vt 84.9984 -6.8953 0.0000
vt 84.9984 18.1559 0.0000
vt 84.9984 17.2238 0.0000
vt 92.6351 17.2238 0.0000
vt 92.6351 18.1559 0.0000
vt 92.6351 -11.9771 0.0000
vt 92.6351 -11.0450 0.0000
vt 84.9984 -11.0450 0.0000
vt 84.9984 -11.9771 0.0000
vt 92.6351 9.3917 0.0000
vt 92.6351 10.3238 0.0000
vt 84.9984 10.3238 0.0000
vt 84.9984 9.3917 0.0000
vt -92.6351 16.0212 0.0000
vt -84.9984 16.0212 0.0000
vt -84.9984 16.9533 0.0000
vt -92.6351 16.9533 0.0000
vt 92.6351 4.1357 0.0000
vt 92.6351 5.0678 0.0000
vt 84.9984 5.0678 0.0000
vt 84.9984 4.1357 0.0000
vt -92.6351 19.1996 0.0000
vt -84.9984 19.1996 0.0000
vt -84.9984 20.1318 0.0000
vt -92.6351 20.1318 0.0000
vt -84.9984 -14.2652 0.0000
vt -84.9984 -13.3331 0.0000
vt -92.6351 -13.3331 0.0000
vt -92.6351 -14.2652 0.0000
vt 93.8530 11.0493 0.0000
vt 92.7111 11.0493 0.0000
vt 92.7095 10.4563 0.0000
vt 93.8507 10.4563 0.0000
vt 92.6720 -11.1728 0.0000
vt 93.7972 -11.1728 0.0000
vt 93.7835 -10.7334 0.0000
vt 92.6623 -10.7334 0.0000
vt -93.6812 10.6489 0.0000
vt -93.6619 10.4898 0.0000
vt -93.4374 9.0635 0.0000
vt -92.4556 9.0635 0.0000
vt -92.6368 10.4898 0.0000
vt -92.6472 10.6489 0.0000
vt -92.6574 10.8750 0.0000
vt -93.7003 10.8750 0.0000
vt -92.9532 31.4809 0.0000
vt -92.0176 31.4809 0.0000
vt -91.9408 31.7567 0.0000
vt -92.8769 31.7567 0.0000
vt -93.9813 11.8865 0.0000
vt -94.0249 11.3338 0.0000
vt -93.7875 9.9842 0.0000
vt -92.7043 9.9842 0.0000
vt -92.8319 11.3338 0.0000
vt -92.8013 11.8865 0.0000
vt -93.7003 7.5557 0.0000
vt -92.6574 7.5557 0.0000
vt -92.6472 7.7819 0.0000
vt -92.6368 7.9410 0.0000
vt -92.4556 9.3673 0.0000
vt -93.4374 9.3673 0.0000
vt -93.6619 7.9410 0.0000
vt -93.6812 7.7819 0.0000
vt 92.8769 19.1613 0.0000
vt 92.8468 19.4371 0.0000
vt 91.9106 19.4371 0.0000
vt 91.9408 19.1613 0.0000
vt 92.8013 13.6574 0.0000
vt 92.8319 13.1047 0.0000
vt 92.7043 11.7550 0.0000
vt 93.7875 11.7550 0.0000
vt 94.0249 13.1047 0.0000
vt 93.9813 13.6574 0.0000
vt 93.7972 4.0046 0.0000
vt 92.6720 4.0046 0.0000
vt 92.6623 3.5651 0.0000
vt 93.7835 3.5651 0.0000
vt 92.7095 -9.9390 0.0000
vt 93.8507 -9.9390 0.0000
vt 93.9043 -9.2465 0.0000
vt 94.0249 -7.7512 0.0000
vt 94.0135 -7.6880 0.0000
vt 92.8258 -7.6880 0.0000
vt 92.8319 -7.7512 0.0000
vt 92.7472 -9.2465 0.0000
vt 94.0135 0.5743 0.0000
vt 93.8708 1.4424 0.0000
vt 93.6619 2.6190 0.0000
vt 93.1903 4.6638 0.0000
vt 92.9532 5.3569 0.0000
vt 92.0176 5.3569 0.0000
vt 92.2561 4.6638 0.0000
vt 92.6368 2.6190 0.0000
vt 92.7491 1.4424 0.0000
vt 92.8258 0.5743 0.0000
vt -92.8769 19.3268 0.0000
vt -91.9408 19.3268 0.0000
vt -91.9106 19.6025 0.0000
vt -92.8468 19.6025 0.0000
vt -93.4374 6.9559 0.0000
vt -92.4556 6.9559 0.0000
vt -92.2561 8.3035 0.0000
vt -91.8914 9.6365 0.0000
vt -91.6599 10.3624 0.0000
vt -92.5977 10.3624 0.0000
vt -92.8278 9.6365 0.0000
vt -93.1903 8.3035 0.0000
vt 92.8769 18.1666 0.0000
vt 91.9408 18.1666 0.0000
vt 91.9106 17.8909 0.0000
vt 92.8468 17.8909 0.0000
vt -92.8258 -6.0331 0.0000
vt -92.7491 -5.1650 0.0000
vt -92.6368 -3.9884 0.0000
vt -92.2561 -1.9436 0.0000
vt -92.0176 -1.2505 0.0000
vt -92.9532 -1.2505 0.0000
vt -93.1903 -1.9436 0.0000
vt -93.6619 -3.9884 0.0000
vt -93.8708 -5.1650 0.0000
vt -94.0135 -6.0331 0.0000
vt 93.8251 16.9053 0.0000
vt 92.6915 16.9053 0.0000
vt 92.6720 16.4659 0.0000
vt 93.7972 16.4659 0.0000
vt -93.4374 9.0349 0.0000
vt -93.1903 7.6874 0.0000
vt -92.8278 6.3543 0.0000
vt -92.5977 5.6285 0.0000
vt -91.6599 5.6285 0.0000
vt -91.8914 6.3543 0.0000
vt -92.2561 7.6874 0.0000
vt -92.4556 9.0349 0.0000
vt -92.7095 1.2303 0.0000
vt -92.7472 1.9228 0.0000
vt -92.8319 3.4181 0.0000
vt -92.8258 3.4813 0.0000
vt -94.0135 3.4813 0.0000
vt -94.0249 3.4181 0.0000
vt -93.9043 1.9228 0.0000
vt -93.8507 1.2303 0.0000
vt -92.8769 -0.6229 0.0000
vt -92.8468 -0.8986 0.0000
vt -91.9106 -0.8986 0.0000
vt -91.9408 -0.6229 0.0000
vt -93.7003 14.0411 0.0000
vt -93.6812 13.8150 0.0000
vt -93.6619 13.6559 0.0000
vt -93.4374 12.2296 0.0000
vt -92.4556 12.2296 0.0000
vt -92.6368 13.6559 0.0000
vt -92.6472 13.8150 0.0000
vt -92.6574 14.0411 0.0000
vt 92.7043 14.1200 0.0000
vt 92.8319 12.7703 0.0000
vt 92.8013 12.2176 0.0000
vt 93.9813 12.2176 0.0000
vt 94.0249 12.7703 0.0000
vt 93.7875 14.1200 0.0000
vt -92.8769 18.1278 0.0000
vt -92.8468 17.8521 0.0000
vt -91.9106 17.8521 0.0000
vt -91.9408 18.1278 0.0000
vt 93.8530 22.0459 0.0000
vt 92.7111 22.0459 0.0000
vt 92.7095 21.4529 0.0000
vt 93.8507 21.4529 0.0000
vt 92.8769 -20.6236 0.0000
vt 92.9532 -20.3478 0.0000
vt 92.0176 -20.3478 0.0000
vt 91.9408 -20.6236 0.0000
vt -91.9408 -19.8765 0.0000
vt -92.0176 -19.6008 0.0000
vt -92.9532 -19.6008 0.0000
vt -92.8769 -19.8765 0.0000
vt 92.7095 22.4122 0.0000
vt 92.7111 21.8192 0.0000
vt 93.8530 21.8192 0.0000
vt 93.8507 22.4122 0.0000
vt 92.9532 13.3163 0.0000
vt 92.8769 13.5920 0.0000
vt 91.9408 13.5920 0.0000
vt 92.0176 13.3163 0.0000
vt -93.7003 27.0440 0.0000
vt -92.6574 27.0440 0.0000
vt -92.6472 27.2701 0.0000
vt -92.6368 27.4292 0.0000
vt -92.4556 28.8555 0.0000
vt -93.4374 28.8555 0.0000
vt -93.6619 27.4292 0.0000
vt -93.6812 27.2701 0.0000
vt -92.9532 6.1349 0.0000
vt -92.8769 5.8592 0.0000
vt -91.9408 5.8592 0.0000
vt -92.0176 6.1349 0.0000
vt -94.0249 8.8228 0.0000
vt -93.9813 8.2701 0.0000
vt -92.8013 8.2701 0.0000
vt -92.8319 8.8228 0.0000
vt -92.7043 10.1724 0.0000
vt -93.7875 10.1724 0.0000
vt -91.9106 23.8419 0.0000
vt -92.8468 23.8419 0.0000
vt -92.8769 23.5662 0.0000
vt -91.9408 23.5662 0.0000
vt -92.9532 10.0189 0.0000
vt -92.8769 9.7432 0.0000
vt -91.9408 9.7432 0.0000
vt -92.0176 10.0189 0.0000
vt -92.0176 33.4651 0.0000
vt -92.9532 33.4651 0.0000
vt -93.1903 32.7720 0.0000
vt -93.6619 30.7273 0.0000
vt -93.8708 29.5506 0.0000
vt -94.0135 28.6826 0.0000
vt -92.8258 28.6826 0.0000
vt -92.7491 29.5506 0.0000
vt -92.6368 30.7273 0.0000
vt -92.2561 32.7720 0.0000
vt 93.7003 9.3909 0.0000
vt 92.6574 9.3909 0.0000
vt 92.6472 9.1648 0.0000
vt 92.6368 9.0057 0.0000
vt 92.4556 7.5794 0.0000
vt 93.4374 7.5794 0.0000
vt 93.6619 9.0057 0.0000
vt 93.6812 9.1648 0.0000
vt 93.7003 27.3919 0.0000
vt 93.6812 27.6180 0.0000
vt 93.6619 27.7771 0.0000
vt 93.4374 29.2034 0.0000
vt 92.4556 29.2034 0.0000
vt 92.6368 27.7771 0.0000
vt 92.6472 27.6180 0.0000
vt 92.6574 27.3919 0.0000
vt 94.0135 29.6371 0.0000
vt 92.8258 29.6371 0.0000
vt 92.8319 29.5739 0.0000
vt 92.7472 28.0786 0.0000
vt 92.7095 27.3861 0.0000
vt 93.8507 27.3861 0.0000
vt 93.9043 28.0786 0.0000
vt 94.0249 29.5739 0.0000
vt 93.8530 8.6286 0.0000
vt 93.8507 9.2216 0.0000
vt 92.7095 9.2216 0.0000
vt 92.7111 8.6286 0.0000
vt -92.7043 -17.4270 0.0000
vt -92.8319 -16.0774 0.0000
vt -92.8013 -15.5246 0.0000
vt -93.9813 -15.5246 0.0000
vt -94.0249 -16.0774 0.0000
vt -93.7875 -17.4270 0.0000
vt 91.6599 33.9495 0.0000
vt 91.8914 33.2237 0.0000
vt 92.2561 31.8906 0.0000
vt 92.4556 30.5431 0.0000
vt 93.4374 30.5431 0.0000
vt 93.1903 31.8906 0.0000
vt 92.8278 33.2237 0.0000
vt 92.5977 33.9495 0.0000
vt 92.5977 -25.9370 0.0000
vt 92.8278 -25.2111 0.0000
vt 93.1903 -23.8781 0.0000
vt 93.4374 -22.5305 0.0000
vt 92.4556 -22.5305 0.0000
vt 92.2561 -23.8781 0.0000
vt 91.8914 -25.2111 0.0000
vt 91.6599 -25.9370 0.0000
vt -92.8258 -10.9194 0.0000
vt -92.8319 -10.8562 0.0000
vt -92.7472 -9.3609 0.0000
vt -92.7095 -8.6685 0.0000
vt -93.8507 -8.6685 0.0000
vt -93.9043 -9.3609 0.0000
vt -94.0249 -10.8562 0.0000
vt -94.0135 -10.9194 0.0000
vt -94.0249 29.0425 0.0000
vt -93.9813 28.4898 0.0000
vt -92.8013 28.4898 0.0000
vt -92.8319 29.0425 0.0000
vt -92.7043 30.3922 0.0000
vt -93.7875 30.3922 0.0000
vt 93.7875 -20.9611 0.0000
vt 94.0249 -19.6115 0.0000
vt 93.9813 -19.0588 0.0000
vt 92.8013 -19.0588 0.0000
vt 92.8319 -19.6115 0.0000
vt 92.7043 -20.9611 0.0000
vt -94.0135 24.0405 0.0000
vt -94.0249 23.9773 0.0000
vt -93.9043 22.4820 0.0000
vt -93.8507 21.7895 0.0000
vt -92.7095 21.7895 0.0000
vt -92.7472 22.4820 0.0000
vt -92.8319 23.9773 0.0000
vt -92.8258 24.0405 0.0000
vt 92.0176 30.1543 0.0000
vt 92.2561 29.4612 0.0000
vt 92.6368 27.4165 0.0000
vt 92.7491 26.2398 0.0000
vt 92.8258 25.3718 0.0000
vt 94.0135 25.3718 0.0000
vt 93.8708 26.2398 0.0000
vt 93.6619 27.4165 0.0000
vt 93.1903 29.4612 0.0000
vt 92.9532 30.1543 0.0000
vt 15.2271 14.0395 0.0000
vt 16.8849 14.4671 0.0000
vt 16.8668 14.5279 0.0000
vt 17.0108 15.3874 0.0000
vt 16.8616 16.5524 0.0000
vt 14.6018 15.9695 0.0000
vt 14.5147 15.8360 0.0000
vt -18.8126 8.9455 0.0000
vt -18.9684 7.7681 0.0000
vt -18.8290 6.8995 0.0000
vt -18.8475 6.8380 0.0000
vt -17.1909 6.4059 0.0000
vt -16.4681 8.2215 0.0000
vt -16.5545 8.3564 0.0000
vt 14.4923 14.9383 0.0000
vt 15.5558 14.4398 0.0000
vt 16.4181 14.3140 0.0000
vt 16.4705 14.2781 0.0000
vt 17.3848 15.7255 0.0000
vt 15.8924 16.9534 0.0000
vt 15.7386 16.9113 0.0000
vt 14.6736 14.6196 0.0000
vt 15.8275 14.4004 0.0000
vt 14.7795 14.9472 0.0000
vt 22.4925 12.1606 0.0000
vt 22.5972 12.4886 0.0000
vt 20.7476 13.4398 0.0000
vt 20.4610 12.5419 0.0000
vt 31.7746 10.8148 0.0000
vt 31.3863 9.5492 0.0000
vt 31.9712 9.0609 0.0000
vt 33.0678 8.8626 0.0000
vt 33.3442 9.7637 0.0000
vt 32.6865 10.0873 0.0000
vt 32.5125 10.3146 0.0000
vt 32.5016 10.5918 0.0000
vt 32.6661 10.8151 0.0000
vt 32.9376 10.9058 0.0000
vt 33.6636 10.8049 0.0000
vt 33.9400 11.7060 0.0000
vt 32.9209 12.1567 0.0000
vt 32.1628 12.0804 0.0000
vt 24.1676 20.1139 0.0000
vt 25.9747 20.9631 0.0000
vt 27.2096 21.8106 0.0000
vt 26.2933 23.2567 0.0000
vt 23.5904 21.0249 0.0000
vt -24.3588 11.3521 0.0000
vt -24.6432 12.2508 0.0000
vt -26.5132 11.2987 0.0000
vt -26.4093 10.9705 0.0000
vt -21.9312 12.3316 0.0000
vt -22.0361 12.6595 0.0000
vt -23.0984 12.1122 0.0000
vt 16.9694 14.4690 0.0000
vt 17.0764 16.1777 0.0000
vt 17.0129 16.1793 0.0000
vt 16.2404 16.5825 0.0000
vt 15.0865 16.8016 0.0000
vt 14.9406 14.4724 0.0000
vt 15.0406 14.3482 0.0000
vt 16.0006 13.9591 0.0000
vt 16.8071 14.8130 0.0000
vt 17.1967 15.5925 0.0000
vt 17.2471 15.6310 0.0000
vt 16.1589 16.9526 0.0000
vt 14.5254 15.9199 0.0000
vt 14.5172 15.7606 0.0000
vt 16.3748 14.0326 0.0000
vt 16.9435 15.0602 0.0000
vt 16.0967 14.2356 0.0000
vt 21.2870 20.4593 0.0000
vt 21.0102 20.6639 0.0000
vt 19.5143 19.2189 0.0000
vt 20.2722 18.6585 0.0000
vt 26.2074 27.9558 0.0000
vt 27.2566 27.1485 0.0000
vt 27.9188 27.5250 0.0000
vt 28.4891 28.4824 0.0000
vt 27.7421 29.0573 0.0000
vt 27.2084 28.5548 0.0000
vt 26.9346 28.4716 0.0000
vt 26.6712 28.5585 0.0000
vt 26.5196 28.7909 0.0000
vt 26.5299 29.0769 0.0000
vt 26.8790 29.7215 0.0000
vt 26.1320 30.2963 0.0000
vt 25.3526 29.4998 0.0000
vt 25.1582 28.7632 0.0000
vt -22.7574 21.7914 0.0000
vt -22.0020 22.3551 0.0000
vt -23.5154 23.8087 0.0000
vt -23.7913 23.6028 0.0000
vt -18.9457 21.4749 0.0000
vt -19.7636 22.3360 0.0000
vt -19.2227 21.2704 0.0000
vt 17.2253 16.1882 0.0000
vt 15.6346 16.8209 0.0000
vt 15.6133 16.7611 0.0000
vt 14.9899 16.1521 0.0000
vt 14.4231 15.1234 0.0000
vt 16.5915 14.2609 0.0000
vt 16.7406 14.3173 0.0000
vt 17.2961 15.2246 0.0000
vt 16.7293 16.2533 0.0000
vt 16.1059 16.8623 0.0000
vt 16.0846 16.9221 0.0000
vt 14.4939 16.2893 0.0000
vt 14.9786 14.4185 0.0000
vt 15.1277 14.3621 0.0000
vt 15.3133 14.1730 0.0000
vt 15.5914 14.3760 0.0000
vt 14.7446 15.2007 0.0000
vt 11.2733 19.1844 0.0000
vt 12.0311 19.7448 0.0000
vt 10.5353 21.1899 0.0000
vt 10.2585 20.9852 0.0000
vt 4.8842 29.6567 0.0000
vt 5.9334 30.4641 0.0000
vt 5.7390 31.2007 0.0000
vt 4.9596 31.9972 0.0000
vt 4.2126 31.4224 0.0000
vt 4.5617 30.7778 0.0000
vt 4.5720 30.4918 0.0000
vt 4.4204 30.2594 0.0000
vt 4.1570 30.1725 0.0000
vt 3.8832 30.2557 0.0000
vt 3.3495 30.7582 0.0000
vt 2.6025 30.1833 0.0000
vt 3.1728 29.2259 0.0000
vt 3.8350 28.8494 0.0000
vt -7.6519 24.4000 0.0000
vt -7.9279 24.6059 0.0000
vt -9.4413 23.1523 0.0000
vt -8.6858 22.5886 0.0000
vt -10.6342 20.4899 0.0000
vt -10.0521 21.5251 0.0000
vt -10.9112 20.6943 0.0000
vt 15.4925 17.0975 0.0000
vt 14.4043 15.7759 0.0000
vt 14.4548 15.7374 0.0000
vt 14.8444 14.9579 0.0000
vt 15.6508 14.1040 0.0000
vt 17.1343 15.9055 0.0000
vt 17.1261 16.0647 0.0000
vt 16.5059 16.7831 0.0000
vt 15.3520 16.5640 0.0000
vt 14.5794 16.1608 0.0000
vt 14.5159 16.1592 0.0000
vt 14.6229 14.4506 0.0000
vt 16.5518 14.3298 0.0000
vt 16.6517 14.4540 0.0000
vt 10.7782 12.2200 0.0000
vt 10.4916 13.1179 0.0000
vt 8.6420 12.1667 0.0000
vt 8.7467 11.8387 0.0000
vt 16.9322 14.5330 0.0000
vt 16.8262 14.8606 0.0000
vt 15.7783 14.3139 0.0000
vt -5.7253 13.7023 0.0000
vt -6.0096 12.8037 0.0000
vt -3.9323 12.5069 0.0000
vt -3.8285 12.8351 0.0000
vt -9.3527 12.0382 0.0000
vt -8.1855 11.8188 0.0000
vt -9.2478 12.3661 0.0000
vt 14.2491 15.5921 0.0000
vt 15.1634 14.1448 0.0000
vt 15.2158 14.1806 0.0000
vt 16.0781 14.3065 0.0000
vt 17.1416 14.8049 0.0000
vt 15.8953 16.7780 0.0000
vt 15.7415 16.8200 0.0000
vt -17.1021 8.2706 0.0000
vt -16.9556 7.0921 0.0000
vt -16.7578 8.2706 0.0000
vt -17.1021 3.2632 0.0000
vt -16.7578 3.2632 0.0000
vt -16.4142 5.3333 0.0000
vt -17.3568 5.3333 0.0000
vt 17.3568 9.6868 0.0000
vt 16.4142 9.6868 0.0000
vt 16.7578 7.6355 0.0000
vt 17.1021 7.6355 0.0000
vt 17.1021 16.2295 0.0000
vt 16.7578 16.2295 0.0000
vt 16.9556 15.0641 0.0000
vt -14.6372 8.2706 0.0000
vt -14.9815 8.2706 0.0000
vt -14.7837 7.0921 0.0000
vt -12.8949 8.7018 0.0000
vt -15.1530 8.1127 0.0000
vt -15.2395 7.9778 0.0000
vt -14.5166 6.1621 0.0000
vt -12.8601 6.5943 0.0000
vt -12.8785 6.6558 0.0000
vt -12.7392 7.5244 0.0000
vt -11.9133 5.8576 0.0000
vt -12.5863 5.6801 0.0000
vt -13.1191 4.4179 0.0000
vt -13.8882 3.1959 0.0000
vt -11.6317 3.7910 0.0000
vt -9.2810 -4.0794 0.0000
vt -9.4436 -2.9777 0.0000
vt -9.9527 -4.2619 0.0000
vt 9.3129 -3.9609 0.0000
vt 9.9846 -4.1436 0.0000
vt 9.4760 -2.8586 0.0000
vt 12.7363 8.0772 0.0000
vt 14.9942 7.4872 0.0000
vt 14.2201 8.6988 0.0000
vt 13.6820 9.9502 0.0000
vt 13.0085 10.1262 0.0000
vt 16.5030 13.9682 0.0000
vt 17.2154 15.7647 0.0000
vt 17.1283 15.8983 0.0000
vt 14.8686 16.4812 0.0000
vt 14.7194 15.3162 0.0000
vt 14.8634 14.4567 0.0000
vt 14.8453 14.3958 0.0000
vt 20.0482 27.8060 0.0000
vt 18.3901 28.2324 0.0000
vt 17.9642 26.7965 0.0000
vt 17.7128 24.8157 0.0000
vt 18.7572 24.5471 0.0000
vt -16.4106 22.0721 0.0000
vt -16.0786 19.4440 0.0000
vt -15.6607 19.4440 0.0000
vt -15.3287 22.0721 0.0000
vt -18.0260 21.7293 0.0000
vt -17.0507 19.2663 0.0000
vt -16.6459 19.3703 0.0000
vt -16.9782 21.9984 0.0000
vt -18.2882 27.0112 0.0000
vt -18.5395 28.9815 0.0000
vt -18.9666 30.4195 0.0000
vt -20.6245 29.9925 0.0000
vt -19.3358 26.7413 0.0000
vt -10.5456 7.6923 0.0000
vt -11.2808 9.5029 0.0000
vt -11.4029 9.3116 0.0000
vt -12.4110 8.1846 0.0000
vt -11.5056 7.1560 0.0000
vt 14.3985 14.7857 0.0000
vt 15.3612 14.2540 0.0000
vt 16.2544 15.2738 0.0000
vt 15.2382 16.3912 0.0000
vt 15.1146 16.5808 0.0000
vt 20.9199 23.5372 0.0000
vt 21.2054 23.9297 0.0000
vt 20.9325 24.2743 0.0000
vt 20.8614 24.7085 0.0000
vt 21.0101 25.1228 0.0000
vt 21.8673 26.3683 0.0000
vt 22.2318 26.7849 0.0000
vt 21.2685 27.3154 0.0000
vt 19.9752 24.0574 0.0000
vt -19.5052 20.9963 0.0000
vt -17.9480 18.8533 0.0000
vt -17.5817 19.0548 0.0000
vt -18.5573 21.5176 0.0000
vt -22.3800 29.2816 0.0000
vt -23.3430 28.7505 0.0000
vt -22.9778 28.3333 0.0000
vt -22.1185 27.0863 0.0000
vt -21.9692 26.6715 0.0000
vt -22.0397 26.2368 0.0000
vt -22.3122 25.8917 0.0000
vt -22.0342 25.5098 0.0000
vt -21.0869 26.0323 0.0000
vt -10.2137 7.9134 0.0000
vt -9.4181 8.6725 0.0000
vt -10.1339 9.8410 0.0000
vt -11.5082 9.2102 0.0000
vt -11.7269 9.1500 0.0000
vt 15.6975 13.8307 0.0000
vt 17.1887 15.0600 0.0000
vt 16.9704 15.1199 0.0000
vt 15.5964 15.7470 0.0000
vt 14.8976 14.5854 0.0000
vt 25.4636 24.2603 0.0000
vt 24.6625 25.0137 0.0000
vt 24.3782 24.5388 0.0000
vt 23.4568 23.3400 0.0000
vt 23.1083 23.0711 0.0000
vt 22.6734 23.0051 0.0000
vt 22.2615 23.1588 0.0000
vt 21.9759 22.7664 0.0000
vt 22.7614 22.0276 0.0000
vt -20.7554 19.9197 0.0000
vt -18.7141 18.2314 0.0000
vt -18.4094 18.5175 0.0000
vt -19.9669 20.6604 0.0000
vt -23.5490 24.4009 0.0000
vt -23.8274 24.7825 0.0000
vt -24.2393 24.6287 0.0000
vt -24.6747 24.6947 0.0000
vt -25.0239 24.9639 0.0000
vt -25.9480 26.1637 0.0000
vt -26.2333 26.6391 0.0000
vt -27.0338 25.8850 0.0000
vt -24.3364 23.6591 0.0000
vt -10.4076 10.4647 0.0000
vt -9.3303 9.9647 0.0000
vt -8.4597 9.8384 0.0000
vt -8.4065 9.8024 0.0000
vt -7.4996 11.2545 0.0000
vt -9.0167 12.4863 0.0000
vt -9.1713 12.4441 0.0000
vt -6.1426 7.7483 0.0000
vt -4.9159 9.7336 0.0000
vt -6.3090 9.3539 0.0000
vt -7.6716 9.2120 0.0000
vt -8.0375 8.6199 0.0000
vt 0.6674 3.2235 0.0000
vt 1.0253 3.8204 0.0000
vt -0.3489 3.6789 0.0000
vt -0.5612 3.2867 0.0000
vt 0.4558 3.7422 0.0000
vt -0.9190 3.8838 0.0000
vt 11.7432 10.9856 0.0000
vt 11.3749 11.5762 0.0000
vt 10.0201 11.7177 0.0000
vt 8.6331 12.0964 0.0000
vt 9.8679 10.1162 0.0000
vt -21.6982 18.5671 0.0000
vt -19.3012 17.4394 0.0000
vt -19.0773 17.7924 0.0000
vt -21.1187 19.4806 0.0000
vt -28.2219 24.4462 0.0000
vt -29.1371 22.9994 0.0000
vt -27.8995 22.1516 0.0000
vt -26.1014 21.3078 0.0000
vt -25.5231 22.2220 0.0000
vt -8.6019 14.3860 0.0000
vt -8.7068 14.0581 0.0000
vt -7.5240 13.8875 0.0000
vt -4.5720 10.4850 0.0000
vt -4.4681 10.8133 0.0000
vt -6.3382 11.7653 0.0000
vt -6.6225 10.8666 0.0000
vt 3.9376 10.6505 0.0000
vt 2.9192 11.1012 0.0000
vt 2.1616 11.0250 0.0000
vt 1.7731 9.7594 0.0000
vt 1.3846 8.4938 0.0000
vt 1.9689 8.0056 0.0000
vt 3.0648 7.8073 0.0000
vt 3.3414 8.7083 0.0000
vt 2.6842 9.0319 0.0000
vt 2.5104 9.2592 0.0000
vt 2.4997 9.5363 0.0000
vt 2.6641 9.7597 0.0000
vt 2.9354 9.8504 0.0000
vt 3.6610 9.7495 0.0000
vt -2.9451 7.8441 0.0000
vt -1.8485 8.0425 0.0000
vt -1.2636 8.5307 0.0000
vt -1.6519 9.7963 0.0000
vt -2.0401 11.0620 0.0000
vt -2.7981 11.1382 0.0000
vt -3.8173 10.6876 0.0000
vt -3.5409 9.7865 0.0000
vt -2.8149 9.8873 0.0000
vt -2.5434 9.7967 0.0000
vt -2.3789 9.5733 0.0000
vt -2.3898 9.2961 0.0000
vt -2.5638 9.0688 0.0000
vt -3.2215 8.7452 0.0000
vt 7.9970 14.1869 0.0000
vt 8.1017 13.8589 0.0000
vt 10.1603 14.1554 0.0000
vt 9.8736 15.0533 0.0000
vt 16.1737 16.8784 0.0000
vt 15.1099 16.3803 0.0000
vt 16.2796 16.5508 0.0000
vt 25.0525 17.9155 0.0000
vt 27.0139 18.2891 0.0000
vt 26.3207 18.2710 0.0000
vt 26.1647 18.8432 0.0000
vt 25.9551 19.3979 0.0000
vt 26.5269 19.7902 0.0000
vt 24.7197 18.9413 0.0000
vt -22.2749 17.0233 0.0000
vt -19.6727 16.5271 0.0000
vt -19.5436 16.9246 0.0000
vt -21.9407 18.0522 0.0000
vt -26.8902 19.6312 0.0000
vt -28.6885 20.4744 0.0000
vt -28.1155 20.0820 0.0000
vt -28.3249 19.5272 0.0000
vt -28.4805 18.9550 0.0000
vt -29.1748 18.9731 0.0000
vt -27.2235 18.6020 0.0000
vt -8.5595 16.2788 0.0000
vt -8.7038 13.9495 0.0000
vt -8.6025 13.8253 0.0000
vt -6.6520 13.9461 0.0000
vt -6.5462 15.6548 0.0000
vt -6.6104 15.6565 0.0000
vt -7.3923 16.0597 0.0000
vt -5.6092 16.3469 0.0000
vt -5.6518 15.6522 0.0000
vt -4.6204 14.7504 0.0000
vt -3.7013 13.6368 0.0000
vt -3.5586 15.9661 0.0000
vt 4.4848 15.7349 0.0000
vt 3.3888 15.9323 0.0000
vt 4.4435 15.0401 0.0000
vt -4.3588 15.7426 0.0000
vt -4.3175 15.0478 0.0000
vt -3.2620 15.9399 0.0000
vt 7.9252 16.2386 0.0000
vt 8.0692 13.9094 0.0000
vt 8.9787 15.0229 0.0000
vt 9.9998 15.9247 0.0000
vt 9.9569 16.6194 0.0000
vt 28.8610 15.3479 0.0000
vt 28.7536 17.0565 0.0000
vt 27.2564 17.0175 0.0000
vt 25.2950 16.6439 0.0000
vt 25.3626 15.5676 0.0000
vt -22.4494 15.3848 0.0000
vt -19.8056 15.5511 0.0000
vt -19.7994 15.6493 0.0000
vt -19.7794 15.9683 0.0000
vt -22.3815 16.4645 0.0000
vt -27.5696 16.7856 0.0000
vt -29.5209 17.1566 0.0000
vt -31.0206 17.1956 0.0000
vt -31.1277 15.4870 0.0000
vt -27.6374 15.7059 0.0000
vt -6.9177 18.2266 0.0000
vt -8.8682 18.1057 0.0000
vt -8.7257 17.9291 0.0000
vt -7.9780 16.6147 0.0000
vt -6.7148 17.1458 0.0000
vt 14.7658 16.7292 0.0000
vt 14.5607 15.6489 0.0000
vt 15.8080 15.1180 0.0000
vt 16.5530 16.4319 0.0000
vt 16.6946 16.6084 0.0000
vt 25.0796 13.2141 0.0000
vt 25.5413 13.0644 0.0000
vt 25.7843 13.4307 0.0000
vt 26.1750 13.6328 0.0000
vt 26.6150 13.6198 0.0000
vt 28.0649 13.1908 0.0000
vt 28.5740 12.9735 0.0000
vt 28.7797 14.0537 0.0000
vt 25.2814 14.2735 0.0000
vt -22.2110 13.7540 0.0000
vt -19.6916 14.5724 0.0000
vt -19.7699 14.9830 0.0000
vt -22.4137 14.8167 0.0000
vt -31.0118 13.6372 0.0000
vt -30.8064 12.5569 0.0000
vt -30.2963 12.7742 0.0000
vt -28.8439 13.2033 0.0000
vt -28.4032 13.2162 0.0000
vt -28.0120 13.0141 0.0000
vt -27.7688 12.6478 0.0000
vt -27.3194 12.7933 0.0000
vt -27.5214 13.8561 0.0000
vt -7.0445 18.5755 0.0000
vt -7.5066 19.5733 0.0000
vt -8.8435 19.2725 0.0000
vt -8.6894 17.7682 0.0000
vt -8.7029 17.5417 0.0000
vt 14.2744 15.1961 0.0000
vt 15.9086 14.1644 0.0000
vt 15.8972 14.3905 0.0000
vt 16.0628 15.8917 0.0000
vt 14.7409 16.1919 0.0000
vt -10.4643 11.7407 0.0000
vt -12.7011 13.1599 0.0000
vt -12.9675 12.8378 0.0000
vt -11.1538 10.9070 0.0000
vt -7.0728 7.5127 0.0000
vt -5.7103 6.0676 0.0000
vt -4.5187 5.1562 0.0000
vt -3.4296 6.4770 0.0000
vt -6.3846 8.3474 0.0000
vt 14.6372 7.6355 0.0000
vt 14.9815 7.6355 0.0000
vt 15.3251 9.6868 0.0000
vt 14.3826 9.6868 0.0000
vt 14.6372 16.2295 0.0000
vt 14.7837 15.0641 0.0000
vt 14.9815 16.2295 0.0000
vt -14.7606 22.0029 0.0000
vt -15.0929 19.3748 0.0000
vt -14.6880 19.2708 0.0000
vt -13.7127 21.7338 0.0000
vt -24.2817 18.1903 0.0000
vt -22.6233 17.1566 0.0000
vt -22.6368 17.3831 0.0000
vt -22.4827 18.8874 0.0000
vt -23.8196 19.1882 0.0000
vt 16.8311 16.6750 0.0000
vt 14.9023 16.5542 0.0000
vt 15.0439 16.3777 0.0000
vt 15.7889 15.0638 0.0000
vt 17.0362 15.5947 0.0000
vt -9.6965 13.2044 0.0000
vt -12.2159 14.0228 0.0000
vt -12.3938 13.6446 0.0000
vt -10.1570 12.2255 0.0000
vt -16.2843 13.8982 0.0000
vt -15.8697 13.8458 0.0000
vt -15.4550 13.8982 0.0000
vt -15.0663 14.0520 0.0000
vt -14.7282 14.2977 0.0000
vt -14.4617 14.6198 0.0000
vt -14.2837 14.9980 0.0000
vt -14.2054 15.4086 0.0000
vt -14.2116 15.5067 0.0000
vt -14.2317 15.8258 0.0000
vt -14.3608 16.2233 0.0000
vt -14.5848 16.5762 0.0000
vt -14.8895 16.8623 0.0000
vt -15.2558 17.0637 0.0000
vt -15.6607 17.1677 0.0000
vt -16.0786 17.1677 0.0000
vt -16.4835 17.0637 0.0000
vt -16.8498 16.8623 0.0000
vt -17.1545 16.5762 0.0000
vt -17.3785 16.2233 0.0000
vt -17.5076 15.8258 0.0000
vt -17.5277 15.5067 0.0000
vt -17.5339 15.4086 0.0000
vt -17.4556 14.9980 0.0000
vt -17.2776 14.6198 0.0000
vt -17.0112 14.2977 0.0000
vt -16.6730 14.0520 0.0000
vt -15.3287 27.2712 0.0000
vt -15.0806 29.2419 0.0000
vt -15.2773 28.5758 0.0000
vt -15.8697 28.6041 0.0000
vt -16.4620 28.5758 0.0000
vt -16.6587 29.2419 0.0000
vt -16.4106 27.2712 0.0000
vt -14.3826 -4.7707 0.0000
vt -14.2506 -3.6649 0.0000
vt -14.5458 -2.9630 0.0000
vt -15.8697 -2.9630 0.0000
vt -17.1935 -2.9630 0.0000
vt -17.4887 -3.6649 0.0000
vt -17.3568 -4.7707 0.0000
vt -16.4142 -4.7707 0.0000
vt -16.2977 -4.0475 0.0000
vt -16.1314 -3.8146 0.0000
vt -15.8697 -3.7230 0.0000
vt -15.6079 -3.8146 0.0000
vt -15.4416 -4.0475 0.0000
vt -15.3251 -4.7707 0.0000
vt 31.4435 25.0037 0.0000
vt 31.0150 25.5522 0.0000
vt 30.6526 24.2185 0.0000
vt 5.2234 7.9657 0.0000
vt 6.3136 6.6458 0.0000
vt 7.5026 7.5565 0.0000
vt 8.8708 9.0107 0.0000
vt 8.1841 9.8422 0.0000
vt 22.3853 18.9766 0.0000
vt 20.9132 20.7875 0.0000
vt 20.8211 19.3527 0.0000
vt 20.5151 18.0253 0.0000
vt 20.9542 17.4852 0.0000
vt -31.5534 25.1057 0.0000
vt -30.7634 24.3208 0.0000
vt -31.1248 25.6541 0.0000
vt 18.0554 18.5298 0.0000
vt 18.3984 18.9938 0.0000
vt 17.4534 19.5133 0.0000
vt 17.2386 18.9788 0.0000
vt -24.1608 19.9117 0.0000
vt -23.7241 20.4537 0.0000
vt -24.0437 21.7860 0.0000
vt -24.1492 23.2260 0.0000
vt -25.6131 21.4086 0.0000
vt -22.1160 21.6368 0.0000
vt -23.1969 20.3092 0.0000
vt -23.1457 20.2705 0.0000
vt -22.7448 19.4875 0.0000
vt -21.9233 18.6297 0.0000
vt -20.4499 20.4394 0.0000
vt -20.4599 20.5994 0.0000
vt -9.3335 5.5706 0.0000
vt -8.3733 3.8319 0.0000
vt -8.6066 4.4860 0.0000
vt -8.1113 4.8121 0.0000
vt -7.6493 5.1838 0.0000
vt -7.0980 4.7615 0.0000
vt -8.4593 6.2078 0.0000
vt -11.5718 10.5144 0.0000
vt -13.3854 12.4453 0.0000
vt -13.7235 12.1996 0.0000
vt -12.4470 9.8784 0.0000
vt 9.8332 8.1062 0.0000
vt 8.4655 6.6514 0.0000
vt 9.0159 7.0733 0.0000
vt 9.4782 6.7020 0.0000
vt 9.9738 6.3762 0.0000
vt 9.7416 5.7228 0.0000
vt 10.7052 7.4716 0.0000
vt 14.3838 15.4858 0.0000
vt 14.6619 15.2829 0.0000
vt 15.1892 16.3407 0.0000
vt 17.8807 20.4267 0.0000
vt 18.6386 19.8664 0.0000
vt 19.5818 21.7200 0.0000
vt 19.3050 21.9247 0.0000
vt -28.5712 28.6099 0.0000
vt -28.0017 27.6528 0.0000
vt -27.3398 27.2764 0.0000
vt -26.2904 28.0835 0.0000
vt -25.2410 28.8905 0.0000
vt -25.4348 29.6269 0.0000
vt -26.2136 30.4230 0.0000
vt -26.9607 29.8484 0.0000
vt -26.6122 29.2041 0.0000
vt -26.6021 28.9182 0.0000
vt -26.7537 28.6859 0.0000
vt -27.0171 28.5990 0.0000
vt -27.2908 28.6822 0.0000
vt -27.8241 29.1845 0.0000
vt -21.8158 25.0769 0.0000
vt -22.0917 24.8710 0.0000
vt -21.1291 23.0064 0.0000
vt -20.3737 23.5700 0.0000
vt -20.9288 20.0109 0.0000
vt -20.6518 20.2154 0.0000
vt -21.5109 21.0461 0.0000
vt -11.1314 0.8748 0.0000
vt -9.5404 1.5068 0.0000
vt -10.0428 2.9203 0.0000
vt -11.0009 4.6601 0.0000
vt -12.0063 4.2608 0.0000
vt -12.9493 9.6030 0.0000
vt -14.2257 11.9243 0.0000
vt -14.6143 11.7704 0.0000
vt -13.9551 9.2046 0.0000
vt 11.8618 6.8393 0.0000
vt 10.8992 5.0899 0.0000
vt 10.3986 3.6783 0.0000
vt 11.9900 3.0473 0.0000
vt 12.8642 6.4417 0.0000
vt 16.5289 20.8006 0.0000
vt 17.1745 20.5404 0.0000
vt 18.3525 21.2245 0.0000
vt 19.6963 21.7359 0.0000
vt 17.5317 22.6080 0.0000
vt 21.8291 32.5122 0.0000
vt 21.2795 31.5428 0.0000
vt 22.4710 32.2430 0.0000
vt -21.8790 32.6542 0.0000
vt -22.5209 32.3852 0.0000
vt -21.3298 31.6853 0.0000
vt -19.1300 26.3066 0.0000
vt -21.2918 25.4276 0.0000
vt -19.9430 24.9122 0.0000
vt -18.7591 24.2227 0.0000
vt -18.1144 24.4849 0.0000
vt -17.3030 22.0798 0.0000
vt -17.8788 23.1185 0.0000
vt -18.5079 23.7334 0.0000
vt -18.5297 23.7939 0.0000
vt -20.1180 23.1549 0.0000
vt -19.6179 21.2657 0.0000
vt -19.4681 21.2088 0.0000
vt -14.9208 3.6685 0.0000
vt -14.9204 3.1961 0.0000
vt -14.4969 3.0779 0.0000
vt -14.1838 2.7682 0.0000
vt -14.0600 2.3451 0.0000
vt -14.0195 0.8312 0.0000
vt -14.0688 0.2789 0.0000
vt -12.9778 0.4172 0.0000
vt -13.8475 3.8045 0.0000
vt -14.5101 9.0638 0.0000
vt -15.1689 11.6296 0.0000
vt -15.5836 11.5772 0.0000
vt -15.5834 8.9281 0.0000
vt 13.2697 2.7271 0.0000
vt 14.3606 2.5890 0.0000
vt 14.3112 3.1404 0.0000
vt 14.3511 4.6519 0.0000
vt 14.4747 5.0743 0.0000
vt 14.7876 5.3835 0.0000
vt 15.2110 5.5015 0.0000
vt 15.2112 5.9868 0.0000
vt 14.1414 6.1222 0.0000
vt 15.0542 16.7740 0.0000
vt 14.5735 14.9021 0.0000
vt 14.7852 14.9823 0.0000
vt 16.2649 15.2852 0.0000
vt 16.1451 16.6355 0.0000
vt -16.0473 24.3047 0.0000
vt -17.1381 24.1647 0.0000
vt -17.2540 22.7993 0.0000
vt -15.7732 22.4930 0.0000
vt -15.5613 22.4119 0.0000
vt -18.7599 0.4428 0.0000
vt -17.6689 0.3045 0.0000
vt -17.7182 0.8568 0.0000
vt -17.6776 2.3707 0.0000
vt -17.5539 2.7938 0.0000
vt -17.2408 3.1035 0.0000
vt -16.8173 3.2217 0.0000
vt -16.8169 3.6941 0.0000
vt -17.8902 3.8301 0.0000
vt -16.1558 8.9305 0.0000
vt -16.1556 11.5795 0.0000
vt -16.5703 11.6319 0.0000
vt -17.2291 9.0661 0.0000
vt 16.5273 5.9995 0.0000
vt 16.5275 5.5141 0.0000
vt 16.9509 5.3961 0.0000
vt 17.2638 5.0870 0.0000
vt 17.3874 4.6645 0.0000
vt 17.4273 3.1530 0.0000
vt 17.3779 2.6017 0.0000
vt 18.4689 2.7397 0.0000
vt 17.5971 6.1349 0.0000
vt 16.6828 16.8107 0.0000
vt 15.5919 16.6723 0.0000
vt 15.4721 15.3220 0.0000
vt 16.9518 15.0191 0.0000
vt 17.1634 14.9388 0.0000
vt -15.6839 24.4306 0.0000
vt -16.1699 22.5378 0.0000
vt -15.9580 22.6189 0.0000
vt -14.4772 22.9252 0.0000
vt -14.5932 24.2906 0.0000
vt -20.7245 4.7306 0.0000
vt -21.6826 2.9908 0.0000
vt -22.1850 1.5772 0.0000
vt -20.5939 0.9452 0.0000
vt -19.7191 4.3313 0.0000
vt -17.7829 9.2111 0.0000
vt -17.1237 11.7768 0.0000
vt -17.5124 11.9307 0.0000
vt -18.7887 9.6094 0.0000
vt 19.7424 3.0821 0.0000
vt 21.3338 3.7132 0.0000
vt 20.8332 5.1247 0.0000
vt 19.8706 6.8741 0.0000
vt 18.8682 6.4766 0.0000
vt 14.1311 22.9880 0.0000
vt 11.9666 22.1158 0.0000
vt 13.3103 21.6045 0.0000
vt 14.4884 20.9204 0.0000
vt 15.1340 21.1805 0.0000
vt 9.6513 33.7518 0.0000
vt 9.0094 33.4826 0.0000
vt 10.2010 32.7824 0.0000
vt -9.6046 33.8798 0.0000
vt -10.1537 32.9110 0.0000
vt -8.9626 33.6108 0.0000
vt -13.5078 25.0620 0.0000
vt -12.8631 24.7999 0.0000
vt -11.6792 25.4893 0.0000
vt -10.3304 26.0047 0.0000
vt -12.4922 26.8837 0.0000
vt -11.5518 23.5008 0.0000
vt -13.1401 24.1398 0.0000
vt -13.1619 24.0794 0.0000
vt -13.7910 23.4644 0.0000
vt -14.3668 22.4257 0.0000
vt -12.2017 21.5547 0.0000
vt -12.0520 21.6117 0.0000
vt -23.2444 6.3056 0.0000
vt -24.6057 4.8593 0.0000
vt -24.0544 5.2817 0.0000
vt -23.5924 4.9100 0.0000
vt -23.0970 4.5839 0.0000
vt -23.3304 3.9297 0.0000
vt -22.3702 5.6684 0.0000
vt -19.2891 9.8874 0.0000
vt -18.0125 12.2085 0.0000
vt -18.3506 12.4543 0.0000
vt -20.1642 10.5234 0.0000
vt 21.0166 7.5200 0.0000
vt 21.9802 5.7712 0.0000
vt 21.7480 6.4246 0.0000
vt 22.2435 6.7504 0.0000
vt 22.7059 7.1217 0.0000
vt 23.2562 6.6998 0.0000
vt 21.8885 8.1545 0.0000
vt 17.3043 15.6263 0.0000
vt 16.4989 16.4811 0.0000
vt 17.0262 15.4233 0.0000
vt 12.2404 22.4507 0.0000
vt 11.9636 22.2460 0.0000
vt 12.9069 20.3923 0.0000
vt 13.6647 20.9527 0.0000
vt -4.8856 32.1050 0.0000
vt -5.6643 31.3089 0.0000
vt -5.8581 30.5726 0.0000
vt -4.8087 29.7655 0.0000
vt -3.7593 28.9585 0.0000
vt -3.0974 29.3349 0.0000
vt -2.5279 30.2919 0.0000
vt -3.2751 30.8665 0.0000
vt -3.8083 30.3642 0.0000
vt -4.0820 30.2810 0.0000
vt -4.3454 30.3680 0.0000
vt -4.4971 30.6002 0.0000
vt -4.4869 30.8861 0.0000
vt -4.1384 31.5304 0.0000
vt -11.0696 24.3673 0.0000
vt -10.3141 23.8036 0.0000
vt -9.3516 25.6682 0.0000
vt -9.6275 25.8741 0.0000
vt -12.6173 21.9538 0.0000
vt -12.3403 21.7493 0.0000
vt -11.7994 22.8150 0.0000
vt -28.2486 6.5780 0.0000
vt -27.1594 5.2572 0.0000
vt -25.9679 6.1686 0.0000
vt -24.6053 7.6137 0.0000
vt -25.2936 8.4484 0.0000
vt -20.5799 10.9163 0.0000
vt -18.7662 12.8470 0.0000
vt -19.0326 13.1691 0.0000
vt -21.2694 11.7499 0.0000
vt 22.8382 9.0607 0.0000
vt 24.2065 7.6065 0.0000
vt 25.3955 6.6957 0.0000
vt 26.4857 8.0157 0.0000
vt 23.5250 9.8921 0.0000
vt 10.4542 18.0260 0.0000
vt 10.8932 18.5661 0.0000
vt 10.5872 19.8935 0.0000
vt 10.4951 21.3284 0.0000
vt 9.0231 19.5175 0.0000
vt -0.7934 26.7355 0.0000
vt -0.0026 25.9503 0.0000
vt -0.3650 27.2840 0.0000
vt 0.8910 26.8186 0.0000
vt 0.4624 27.3670 0.0000
vt 0.1010 26.0336 0.0000
vt -5.6225 22.2266 0.0000
vt -7.0864 24.0440 0.0000
vt -7.1919 22.6040 0.0000
vt -7.5115 21.2717 0.0000
vt -7.0749 20.7297 0.0000
vt -9.5148 19.1224 0.0000
vt -8.6934 19.9802 0.0000
vt -8.2925 20.7632 0.0000
vt -8.2412 20.8019 0.0000
vt -9.3221 22.1295 0.0000
vt -10.9783 21.0921 0.0000
vt -10.9883 20.9321 0.0000
vt -26.7479 11.0191 0.0000
vt -27.1973 10.8735 0.0000
vt -27.1796 10.4342 0.0000
vt -27.3780 10.0411 0.0000
vt -27.7426 9.7932 0.0000
vt -29.1707 9.2892 0.0000
vt -29.7113 9.1663 0.0000
vt -29.2444 8.1707 0.0000
vt -26.2885 10.0397 0.0000
vt -21.5746 12.2327 0.0000
vt -19.3378 13.6518 0.0000
vt -19.5157 14.0301 0.0000
vt -22.0351 13.2117 0.0000
vt 27.1819 9.1236 0.0000
vt 27.6495 10.1189 0.0000
vt 27.1097 10.2418 0.0000
vt 25.6842 10.7457 0.0000
vt 25.3204 10.9935 0.0000
vt 25.1227 11.3865 0.0000
vt 25.1410 11.8257 0.0000
vt 24.6793 11.9755 0.0000
vt 24.2208 10.9994 0.0000
vt 17.3439 15.0826 0.0000
vt 16.8775 16.0784 0.0000
vt 15.5555 15.7782 0.0000
vt 15.7211 14.2770 0.0000
vt 15.7097 14.0509 0.0000
vt 7.0183 11.9363 0.0000
vt 6.5567 11.7865 0.0000
vt 6.5749 11.3473 0.0000
vt 6.3773 10.9543 0.0000
vt 6.0135 10.7065 0.0000
vt 4.5879 10.2027 0.0000
vt 4.0482 10.0798 0.0000
vt 4.5158 9.0845 0.0000
vt 7.4769 10.9603 0.0000
vt 2.9105 14.0350 0.0000
vt 3.1163 12.9548 0.0000
vt 3.6254 13.1721 0.0000
vt 5.0752 13.6011 0.0000
vt 5.5152 13.6141 0.0000
vt 5.9059 13.4120 0.0000
vt 6.1490 13.0457 0.0000
vt 6.6106 13.1954 0.0000
vt 6.4089 14.2548 0.0000
vt -2.4107 8.0915 0.0000
vt -1.9437 9.0872 0.0000
vt -2.4843 9.2101 0.0000
vt -3.9125 9.7141 0.0000
vt -4.2771 9.9620 0.0000
vt -4.4755 10.3551 0.0000
vt -4.4578 10.7944 0.0000
vt -4.9072 10.9400 0.0000
vt -5.3666 9.9606 0.0000
vt -24.3365 18.0430 0.0000
vt -24.5394 16.9622 0.0000
vt -23.2762 16.4311 0.0000
vt -22.5285 17.7455 0.0000
vt -22.3860 17.9221 0.0000
vt -4.3207 12.7555 0.0000
vt -3.8713 12.6100 0.0000
vt -3.6281 12.9763 0.0000
vt -3.2368 13.1784 0.0000
vt -2.7962 13.1655 0.0000
vt -1.3437 12.7364 0.0000
vt -0.8337 12.5191 0.0000
vt -0.6283 13.5994 0.0000
vt -4.1186 13.8183 0.0000
vt -9.3165 14.8132 0.0000
vt -11.9604 14.9795 0.0000
vt -12.0387 14.5689 0.0000
vt -9.5192 13.7506 0.0000
vt -27.3490 16.0694 0.0000
vt -27.2063 13.7401 0.0000
vt -26.2872 14.8537 0.0000
vt -25.2558 15.7554 0.0000
vt -25.2983 16.4502 0.0000
vt -34.4768 15.9487 0.0000
vt -34.4355 15.2539 0.0000
vt -33.3808 16.1461 0.0000
vt -22.6793 16.3413 0.0000
vt -23.8466 16.1222 0.0000
vt -24.6285 15.7190 0.0000
vt -24.6927 15.7173 0.0000
vt -24.5869 14.0086 0.0000
vt -22.6364 13.8878 0.0000
vt -22.5351 14.0120 0.0000
vt 34.3313 15.9586 0.0000
vt 33.2345 16.1560 0.0000
vt 34.2900 15.2638 0.0000
vt 21.2330 16.6879 0.0000
vt 21.1901 15.9932 0.0000
vt 22.2111 15.0914 0.0000
vt 23.1207 13.9779 0.0000
vt 23.2647 16.3072 0.0000
vt 6.3937 16.6503 0.0000
vt 4.4322 17.0238 0.0000
vt 2.9350 17.0629 0.0000
vt 2.8277 15.3543 0.0000
vt 6.3261 15.5740 0.0000
vt -22.6820 14.6794 0.0000
vt -23.7599 14.1809 0.0000
vt -22.5771 14.3515 0.0000
vt -27.1528 13.3206 0.0000
vt -27.0490 12.9924 0.0000
vt -24.9717 13.2892 0.0000
vt -25.2560 14.1878 0.0000
vt -0.5092 15.4998 0.0000
vt -0.6163 17.2085 0.0000
vt -2.1160 17.1694 0.0000
vt -4.0672 16.7984 0.0000
vt -3.9995 15.7187 0.0000
vt -9.3484 16.4657 0.0000
vt -11.9506 15.9695 0.0000
vt -11.9305 15.6504 0.0000
vt -11.9243 15.5523 0.0000
vt -9.2805 15.3860 0.0000
vt -33.2054 8.8148 0.0000
vt -32.1096 9.0131 0.0000
vt -31.5252 9.5013 0.0000
vt -31.9137 10.7669 0.0000
vt -32.3022 12.0325 0.0000
vt -33.0598 12.1087 0.0000
vt -34.0782 11.6580 0.0000
vt -33.8016 10.7570 0.0000
vt -33.0761 10.8579 0.0000
vt -32.8047 10.7672 0.0000
vt -32.6403 10.5439 0.0000
vt -32.6511 10.2667 0.0000
vt -32.8248 10.0394 0.0000
vt -33.4820 9.7158 0.0000
vt 21.3656 15.3752 0.0000
vt 21.0789 14.4773 0.0000
vt 23.1375 14.1808 0.0000
vt 23.2422 14.5088 0.0000
vt 15.4321 16.9649 0.0000
vt 15.3262 16.6374 0.0000
vt 16.4958 16.4669 0.0000
vt 6.9736 18.9711 0.0000
vt 5.1664 19.8201 0.0000
vt 5.7382 19.4278 0.0000
vt 5.5286 18.8730 0.0000
vt 5.3726 18.3009 0.0000
vt 4.6794 18.3190 0.0000
vt 6.6409 17.9454 0.0000
vt -9.7901 18.0577 0.0000
vt -12.1872 16.9301 0.0000
vt -12.0581 16.5326 0.0000
vt -9.4559 17.0288 0.0000
vt -4.4227 18.6623 0.0000
vt -2.4715 19.0334 0.0000
vt -3.1657 19.0154 0.0000
vt -3.3214 19.5876 0.0000
vt -3.5308 20.1424 0.0000
vt -2.9577 20.5348 0.0000
vt -4.7560 19.6915 0.0000
vt -23.8791 11.7075 0.0000
vt -22.9722 10.2555 0.0000
vt -22.9190 10.2914 0.0000
vt -22.0484 10.4177 0.0000
vt -20.9711 10.9177 0.0000
vt -22.2074 12.8971 0.0000
vt -22.3620 12.9393 0.0000
vt -23.0998 9.3710 0.0000
vt -23.4657 9.9631 0.0000
vt -24.8284 10.1050 0.0000
vt -26.2214 10.4847 0.0000
vt -24.9947 8.4994 0.0000
vt -31.1265 4.7908 0.0000
vt -30.1102 5.2462 0.0000
vt -31.4844 5.3878 0.0000
vt 31.0058 4.8713 0.0000
vt 31.3635 5.4683 0.0000
vt 29.9888 5.3268 0.0000
vt 21.4753 10.6134 0.0000
vt 22.7101 12.5936 0.0000
vt 21.3231 12.2149 0.0000
vt 19.9682 12.0733 0.0000
vt 19.5999 11.4827 0.0000
vt 5.4097 23.3027 0.0000
vt 4.4934 21.8566 0.0000
vt 5.7283 21.0091 0.0000
vt 7.5355 20.1599 0.0000
vt 8.1126 21.0709 0.0000
vt -10.6139 19.4891 0.0000
vt -12.6553 17.8009 0.0000
vt -12.4314 17.4479 0.0000
vt -10.0344 18.5756 0.0000
vt -5.5645 21.4008 0.0000
vt -3.7664 22.2445 0.0000
vt -2.5288 23.0924 0.0000
vt -3.4440 24.5392 0.0000
vt -6.1428 22.3150 0.0000
vt -21.2872 8.4150 0.0000
vt -19.7740 9.6516 0.0000
vt -19.9927 9.7119 0.0000
vt -21.3670 10.3427 0.0000
vt -22.0828 9.1741 0.0000
vt 15.9724 13.9780 0.0000
vt 16.7723 14.7327 0.0000
vt 16.0735 15.8943 0.0000
vt 14.6995 15.2672 0.0000
vt 14.4812 15.2073 0.0000
vt 9.7396 22.8172 0.0000
vt 9.4539 23.2096 0.0000
vt 9.0421 23.0559 0.0000
vt 8.6071 23.1218 0.0000
vt 8.2587 23.3907 0.0000
vt 7.3372 24.5895 0.0000
vt 7.0529 25.0645 0.0000
vt 6.2519 24.3111 0.0000
vt 8.9541 22.0783 0.0000
vt -11.7680 20.6698 0.0000
vt -13.3255 18.5269 0.0000
vt -13.0208 18.2407 0.0000
vt -10.9795 19.9291 0.0000
vt -4.6572 25.9876 0.0000
vt -5.4576 26.7417 0.0000
vt -5.7430 26.2664 0.0000
vt -6.6671 25.0665 0.0000
vt -7.0163 24.7974 0.0000
vt -7.4516 24.7314 0.0000
vt -7.8636 24.8852 0.0000
vt -8.1420 24.5036 0.0000
vt -7.3546 23.7617 0.0000
vt -21.0750 8.1183 0.0000
vt -20.1149 7.5820 0.0000
vt -19.2095 8.6106 0.0000
vt -20.2177 9.7376 0.0000
vt -20.3398 9.9289 0.0000
vt 17.3063 14.9105 0.0000
vt 16.5903 16.7055 0.0000
vt 16.4667 16.5159 0.0000
vt 15.4505 15.3986 0.0000
vt 16.3437 14.3788 0.0000
vt 10.4590 27.3583 0.0000
vt 9.4957 26.8279 0.0000
vt 9.8602 26.4112 0.0000
vt 10.7174 25.1657 0.0000
vt 10.8661 24.7514 0.0000
vt 10.7950 24.3173 0.0000
vt 10.5221 23.9727 0.0000
vt 10.8076 23.5802 0.0000
vt 11.7522 24.1003 0.0000
vt -13.1799 21.5256 0.0000
vt -14.1554 19.0627 0.0000
vt -13.7892 18.8613 0.0000
vt -12.2319 21.0043 0.0000
vt -9.6812 25.5967 0.0000
vt -9.4032 25.9786 0.0000
vt -9.6757 26.3237 0.0000
vt -9.7462 26.7584 0.0000
vt -9.5969 27.1732 0.0000
vt -8.7376 28.4203 0.0000
vt -8.3724 28.8374 0.0000
vt -9.3353 29.3685 0.0000
vt -10.6285 26.1192 0.0000
vt -20.0540 4.1979 0.0000
vt -17.7975 3.6029 0.0000
vt -18.5666 4.8249 0.0000
vt -19.0994 6.0870 0.0000
vt -19.7724 6.2645 0.0000
vt -22.3408 -3.2130 0.0000
vt -21.6691 -3.3956 0.0000
vt -22.1782 -2.1113 0.0000
vt 22.3074 -3.0847 0.0000
vt 22.1444 -1.9823 0.0000
vt 21.6358 -3.2674 0.0000
vt 18.6958 10.3939 0.0000
vt 18.0224 10.2180 0.0000
vt 17.4843 8.9665 0.0000
vt 16.7101 7.7549 0.0000
vt 18.9680 8.3449 0.0000
vt 14.0234 24.8402 0.0000
vt 13.7720 26.8210 0.0000
vt 13.3460 28.2569 0.0000
vt 11.6880 27.8305 0.0000
vt 12.9790 24.5716 0.0000
vt -14.3826 5.3333 0.0000
vt -15.3251 5.3333 0.0000
vt -14.9815 3.2632 0.0000
vt -14.6372 3.2632 0.0000
vt 16.4088 24.9916 0.0000
vt 16.6587 26.9726 0.0000
vt 16.4620 26.3076 0.0000
vt 15.8697 26.3358 0.0000
vt 15.2773 26.3076 0.0000
vt 15.0806 26.9726 0.0000
vt 15.3305 24.9916 0.0000
vt -11.1085 30.0421 0.0000
vt -12.7663 30.4691 0.0000
vt -13.1935 29.0311 0.0000
vt -13.4447 27.0608 0.0000
vt -12.3971 26.7910 0.0000
vt 17.3568 -4.6442 0.0000
vt 17.4887 -3.5377 0.0000
vt 17.1935 -2.8354 0.0000
vt 15.8697 -2.8354 0.0000
vt 14.5458 -2.8354 0.0000
vt 14.2506 -3.5377 0.0000
vt 14.3826 -4.6442 0.0000
vt 15.3251 -4.6442 0.0000
vt 15.4416 -3.9205 0.0000
vt 15.6079 -3.6876 0.0000
vt 15.8697 -3.5959 0.0000
vt 16.1314 -3.6876 0.0000
vt 16.2977 -3.9205 0.0000
vt 16.4142 -4.6442 0.0000
vt 18.7349 17.8917 0.0000
vt 19.1845 18.2556 0.0000
vt 19.2343 17.1047 0.0000
vt 19.7623 17.3450 0.0000
vt 19.5224 16.2182 0.0000
vt 20.0956 16.3194 0.0000
vt 20.1633 15.2432 0.0000
vt 19.5809 15.2879 0.0000
vt 19.9612 14.1839 0.0000
vt 19.4062 14.3723 0.0000
vt 12.9247 12.3772 0.0000
vt 13.3241 12.8107 0.0000
vt 12.7300 13.5289 0.0000
vt 12.2373 13.2081 0.0000
vt 16.4088 19.7815 0.0000
vt 15.3305 19.7815 0.0000
vt 15.4036 19.2106 0.0000
vt 16.3357 19.2106 0.0000
vt 13.7971 11.7433 0.0000
vt 14.0782 12.2628 0.0000
vt 14.7998 11.3464 0.0000
vt 14.9449 11.9196 0.0000
vt 15.8697 11.2112 0.0000
vt 15.8697 11.8028 0.0000
vt 16.9395 11.3464 0.0000
vt 16.7944 11.9196 0.0000
vt 17.6611 12.2628 0.0000
vt 18.4152 12.8107 0.0000
vt 19.0093 13.5289 0.0000
vt 15.8697 14.2143 0.0000
vt 16.1947 14.2554 0.0000
vt 16.4993 14.3760 0.0000
vt 16.7644 14.5686 0.0000
vt 16.9732 14.8210 0.0000
vt 17.1127 15.1175 0.0000
vt 17.1741 15.4393 0.0000
vt 17.1536 15.7663 0.0000
vt 17.0523 16.0779 0.0000
vt 16.8768 16.3545 0.0000
vt 16.6379 16.5788 0.0000
vt 16.3508 16.7367 0.0000
vt 16.0335 16.8181 0.0000
vt 12.5050 17.1047 0.0000
vt 13.0044 17.8917 0.0000
vt 13.6839 18.5298 0.0000
vt 14.5008 18.9788 0.0000
vt 12.3331 14.3723 0.0000
vt 15.5446 14.2554 0.0000
vt 15.2400 14.3760 0.0000
vt 12.1584 15.2879 0.0000
vt 14.9749 14.5686 0.0000
vt 14.7661 14.8210 0.0000
vt 14.6266 15.1175 0.0000
vt 14.5652 15.4393 0.0000
vt 12.2170 16.2182 0.0000
vt 14.5857 15.7663 0.0000
vt 14.6870 16.0779 0.0000
vt 14.8625 16.3545 0.0000
vt 15.1014 16.5788 0.0000
vt 15.3885 16.7367 0.0000
vt 15.7058 16.8181 0.0000
vt 17.9422 11.7433 0.0000
vt 18.8146 12.3772 0.0000
vt 19.5020 13.2081 0.0000
vt 11.7781 14.1839 0.0000
vt 11.5760 15.2432 0.0000
vt 11.6438 16.3194 0.0000
vt 11.9770 17.3450 0.0000
vt 12.5548 18.2556 0.0000
vt 13.3409 18.9938 0.0000
vt 14.2859 19.5133 0.0000
vt 84.9984 16.6510 0.0000
vt 84.9984 16.3234 0.0000
vt 92.0294 16.3234 0.0000
vt 92.0294 16.6510 0.0000
vt 84.9984 12.4366 0.0000
vt 84.9984 12.1090 0.0000
vt 92.0294 12.1090 0.0000
vt 92.0294 12.4366 0.0000
vt 84.9984 7.4510 0.0000
vt 84.9984 7.1234 0.0000
vt 92.0294 7.1234 0.0000
vt 92.0294 7.4510 0.0000
vt 84.9984 2.0076 0.0000
vt 84.9984 1.6799 0.0000
vt 92.0294 1.6799 0.0000
vt 92.0294 2.0076 0.0000
vt 84.9984 -3.5518 0.0000
vt 84.9984 -3.8794 0.0000
vt 92.0294 -3.8794 0.0000
vt 92.0294 -3.5518 0.0000
vt 84.9984 -8.8776 0.0000
vt 84.9984 -9.2052 0.0000
vt 92.0294 -9.2052 0.0000
vt 92.0294 -8.8776 0.0000
vt 84.9984 -13.6354 0.0000
vt 84.9984 -13.9630 0.0000
vt 92.0294 -13.9630 0.0000
vt 92.0294 -13.6354 0.0000
vt -84.9984 17.5260 0.0000
vt -84.9984 17.8537 0.0000
vt -92.0294 17.8537 0.0000
vt -92.0294 17.5260 0.0000
vt -84.9984 20.3052 0.0000
vt -84.9984 20.6329 0.0000
vt -92.0294 20.6329 0.0000
vt -92.0294 20.3052 0.0000
vt -84.9984 21.7982 0.0000
vt -84.9984 22.1259 0.0000
vt -92.0294 22.1259 0.0000
vt -92.0294 21.7982 0.0000
vt -84.9984 21.9113 0.0000
vt -84.9984 22.2389 0.0000
vt -92.0294 22.2389 0.0000
vt -92.0294 21.9113 0.0000
vt -84.9984 20.6373 0.0000
vt -84.9984 20.9650 0.0000
vt -92.0294 20.9650 0.0000
vt -92.0294 20.6373 0.0000
vt -84.9984 18.0563 0.0000
vt -84.9984 18.3840 0.0000
vt -92.0294 18.3840 0.0000
vt -92.0294 18.0563 0.0000
vt -84.9984 14.3305 0.0000
vt -84.9984 14.6581 0.0000
vt -92.0294 14.6581 0.0000
vt -92.0294 14.3305 0.0000
vt -84.9984 9.6939 0.0000
vt -84.9984 10.0215 0.0000
vt -92.0294 10.0215 0.0000
vt -92.0294 9.6939 0.0000
vt -84.9984 4.4379 0.0000
vt -84.9984 4.7656 0.0000
vt -92.0294 4.7656 0.0000
vt -92.0294 4.4379 0.0000
vt -84.9984 -1.1072 0.0000
vt -84.9984 -0.7795 0.0000
vt -92.0294 -0.7795 0.0000
vt -92.0294 -1.1072 0.0000
vt -84.9984 -6.5930 0.0000
vt -84.9984 -6.2654 0.0000
vt -92.0294 -6.2654 0.0000
vt -92.0294 -6.5930 0.0000
vt -84.9984 -11.6749 0.0000
vt -84.9984 -11.3473 0.0000
vt -92.0294 -11.3473 0.0000
vt -92.0294 -11.6749 0.0000
vt -37.4863 77.9524 0.0000
vt -37.1699 78.0372 0.0000
vt -38.9896 84.8287 0.0000
vt -39.3061 84.7439 0.0000
vt 84.9984 19.3949 0.0000
vt 84.9984 19.0673 0.0000
vt 92.0294 19.0673 0.0000
vt 92.0294 19.3949 0.0000
vt 84.9984 21.5480 0.0000
vt 84.9984 21.2204 0.0000
vt 92.0294 21.2204 0.0000
vt 92.0294 21.5480 0.0000
vt 84.9984 22.3574 0.0000
vt 84.9984 22.0298 0.0000
vt 92.0294 22.0298 0.0000
vt 92.0294 22.3574 0.0000
vt 84.9984 21.7723 0.0000
vt 84.9984 21.4447 0.0000
vt 92.0294 21.4447 0.0000
vt 92.0294 21.7723 0.0000
vt 84.9984 19.8295 0.0000
vt 84.9984 19.5019 0.0000
vt 92.0294 19.5019 0.0000
vt 92.0294 19.8295 0.0000
vt 30.2404 21.9091 0.0000
vt 31.3395 18.5257 0.0000
vt 32.1049 18.6734 0.0000
vt 30.9454 22.2425 0.0000
vt -26.1964 8.5479 0.0000
vt -27.7108 11.7669 0.0000
vt -28.4518 11.5280 0.0000
vt -26.8542 8.1323 0.0000
vt -2.7199 14.7749 0.0000
vt -3.4974 14.8220 0.0000
vt -4.1639 11.3275 0.0000
vt -3.4229 11.0886 0.0000
vt -22.9630 25.5189 0.0000
vt -23.4210 26.1510 0.0000
vt -26.1564 23.5818 0.0000
vt -25.5561 23.0835 0.0000
vt -26.9730 20.8476 0.0000
vt -27.6780 21.1811 0.0000
vt -28.8374 17.6120 0.0000
vt -28.0721 17.4642 0.0000
vt -18.7257 3.3268 0.0000
vt -22.0333 4.6366 0.0000
vt -22.4086 3.9556 0.0000
vt -18.9195 2.5739 0.0000
vt 16.0724 -0.4252 0.0000
vt 16.0725 -1.2026 0.0000
vt 19.7956 -0.7321 0.0000
vt 19.6018 0.0207 0.0000
vt 9.9576 30.8492 0.0000
vt 10.2445 30.1231 0.0000
vt 13.6901 31.0079 0.0000
vt 13.5924 31.7827 0.0000
vt -24.1746 6.1943 0.0000
vt -26.4420 8.9356 0.0000
vt -27.0998 8.5200 0.0000
vt -24.7080 5.6282 0.0000
vt 3.2304 26.0895 0.0000
vt 3.8307 25.5911 0.0000
vt 6.4238 28.0266 0.0000
vt 5.9657 28.6586 0.0000
vt -25.2633 23.4362 0.0000
vt -25.8637 23.9346 0.0000
vt -27.8742 20.7659 0.0000
vt -27.1692 20.4324 0.0000
vt -0.6587 14.1305 0.0000
vt 0.0444 10.4442 0.0000
vt 0.7854 10.6832 0.0000
vt 0.1189 14.1776 0.0000
vt 13.9933 31.8316 0.0000
vt 14.0909 31.0568 0.0000
vt 17.6484 31.0568 0.0000
vt 17.7460 31.8316 0.0000
vt -27.5697 11.3297 0.0000
vt -28.2361 14.8242 0.0000
vt -29.0137 14.7771 0.0000
vt -28.3107 11.0908 0.0000
vt -17.1956 27.6825 0.0000
vt -17.2933 28.4573 0.0000
vt -20.9281 27.5239 0.0000
vt -20.6413 26.7977 0.0000
vt 4.6700 3.1498 0.0000
vt 7.7058 0.9437 0.0000
vt 8.0812 1.6246 0.0000
vt 5.2034 3.7159 0.0000
vt -7.9464 25.8878 0.0000
vt -11.2348 27.6959 0.0000
vt -11.5217 26.9698 0.0000
vt -8.4044 25.2557 0.0000
vt -10.8109 27.5267 0.0000
vt -14.4456 28.4601 0.0000
vt -14.5433 27.6854 0.0000
vt -11.0977 26.8005 0.0000
vt -0.3709 18.6769 0.0000
vt 0.3944 18.5292 0.0000
vt 1.4935 21.9126 0.0000
vt 0.7885 22.2460 0.0000
vt 1.9828 6.3197 0.0000
vt 4.3747 3.4280 0.0000
vt 4.9081 3.9941 0.0000
vt 2.6407 6.7353 0.0000
vt 25.3128 28.0207 0.0000
vt 27.9058 25.5852 0.0000
vt 28.5062 26.0836 0.0000
vt 25.7708 28.6527 0.0000
vt 7.6414 9.0821 0.0000
vt 8.3042 12.5773 0.0000
vt 8.0071 12.5959 0.0000
vt 7.3581 9.1736 0.0000
vt 8.4629 15.1167 0.0000
vt 8.2409 18.6672 0.0000
vt 7.9484 18.6118 0.0000
vt 8.1658 15.1353 0.0000
vt -38.4458 6.7934 0.0000
vt -36.9383 3.5711 0.0000
vt -36.6865 3.7299 0.0000
vt -38.1625 6.8850 0.0000
vt 7.7669 21.1561 0.0000
vt 6.6734 24.5413 0.0000
vt 6.4037 24.4152 0.0000
vt 7.4744 21.1006 0.0000
vt 5.5927 26.8255 0.0000
vt 3.6945 29.8341 0.0000
vt 3.4645 29.6452 0.0000
vt 5.3231 26.6992 0.0000
vt 1.7282 -1.4867 0.0000
vt 3.9879 1.2609 0.0000
vt 3.7362 1.4199 0.0000
vt 1.5236 -1.2704 0.0000
vt 5.3512 3.4284 0.0000
vt 6.8587 6.6507 0.0000
vt 6.5754 6.7422 0.0000
vt 5.0994 3.5871 0.0000
vt -39.7953 18.6440 0.0000
vt -40.0174 15.0935 0.0000
vt -39.7202 15.1121 0.0000
vt -39.5028 18.5886 0.0000
vt -12.3594 -25.3075 0.0000
vt -8.9060 -24.8524 0.0000
vt -8.9737 -24.5889 0.0000
vt -12.3623 -25.0354 0.0000
vt 19.6861 35.0848 0.0000
vt 17.8755 38.0606 0.0000
vt 17.6618 37.8923 0.0000
vt 19.4384 34.9724 0.0000
vt -14.0909 39.4579 0.0000
vt -17.6484 39.4579 0.0000
vt -17.6113 39.1625 0.0000
vt -14.1280 39.1625 0.0000
vt -8.5644 -7.8885 0.0000
vt -5.2594 -6.5722 0.0000
vt -5.4032 -6.3116 0.0000
vt -8.6392 -7.6004 0.0000
vt -14.5851 -8.9477 0.0000
vt -11.0560 -8.4993 0.0000
vt -11.1301 -8.2109 0.0000
vt -14.5855 -8.6500 0.0000
vt -3.0085 -5.3444 0.0000
vt -0.1363 -3.2453 0.0000
vt -0.3405 -3.0287 0.0000
vt -3.1528 -5.0840 0.0000
vt -52.9496 28.4944 0.0000
vt -53.9856 25.1687 0.0000
vt -53.7181 25.1196 0.0000
vt -52.7015 28.3828 0.0000
vt -48.6646 36.8864 0.0000
vt -50.4751 33.9106 0.0000
vt -50.2274 33.7982 0.0000
vt -48.4509 36.7180 0.0000
vt -35.6166 1.4432 0.0000
vt -33.3569 -1.3044 0.0000
vt -33.1524 -1.0882 0.0000
vt -35.3649 1.6021 0.0000
vt -20.6804 -8.4530 0.0000
vt -17.1513 -8.9014 0.0000
vt -17.1508 -8.6037 0.0000
vt -20.6063 -8.1646 0.0000
vt -8.0961 38.2954 0.0000
vt -11.5405 39.1850 0.0000
vt -11.5785 38.8898 0.0000
vt -8.2059 38.0187 0.0000
vt 14.7893 -11.7470 0.0000
vt 16.9538 -9.0179 0.0000
vt 16.7219 -8.8757 0.0000
vt 14.5980 -11.5535 0.0000
vt -26.4546 -6.4449 0.0000
vt -23.1496 -7.7612 0.0000
vt -23.0747 -7.4730 0.0000
vt -26.3108 -6.1842 0.0000
vt -52.5086 0.8928 0.0000
vt -51.0762 -2.2823 0.0000
vt -50.8434 -2.1414 0.0000
vt -52.2490 0.9740 0.0000
vt -22.8114 -24.5199 0.0000
vt -19.3580 -24.9750 0.0000
vt -19.3552 -24.7030 0.0000
vt -22.7437 -24.2565 0.0000
vt -32.6552 -21.0303 0.0000
vt -29.4357 -22.3599 0.0000
vt -29.3629 -22.0978 0.0000
vt -32.5219 -20.7932 0.0000
vt -31.5385 -3.0686 0.0000
vt -28.6663 -5.1677 0.0000
vt -28.5220 -4.9073 0.0000
vt -31.3343 -2.8520 0.0000
vt -55.0438 19.4358 0.0000
vt -55.2536 15.9588 0.0000
vt -54.9820 15.9752 0.0000
vt -54.7762 19.3869 0.0000
vt -42.3006 44.1811 0.0000
vt -44.7890 41.7438 0.0000
vt -44.5767 41.5737 0.0000
vt -42.1350 43.9653 0.0000
vt -54.9011 10.1024 0.0000
vt -54.2745 6.6760 0.0000
vt -54.0147 6.7567 0.0000
vt -54.6296 10.1188 0.0000
vt -34.0988 49.8976 0.0000
vt -37.1205 48.1649 0.0000
vt -36.9578 47.9469 0.0000
vt -33.9928 49.6471 0.0000
vt -41.1835 -15.2452 0.0000
vt -38.4074 -17.3490 0.0000
vt -38.2703 -17.1140 0.0000
vt -40.9944 -15.0497 0.0000
vt -20.1872 39.0954 0.0000
vt -23.6316 38.2058 0.0000
vt -23.5219 37.9291 0.0000
vt -20.1493 38.8001 0.0000
vt -25.9909 37.2417 0.0000
vt -29.1041 35.5202 0.0000
vt -28.9287 35.2796 0.0000
vt -25.8804 36.9653 0.0000
vt -31.1342 34.0278 0.0000
vt -33.7203 31.5850 0.0000
vt -33.4905 31.3958 0.0000
vt -30.9583 33.7876 0.0000
vt -35.3012 29.6664 0.0000
vt -37.1994 26.6577 0.0000
vt -36.9298 26.5315 0.0000
vt -35.0712 29.4774 0.0000
vt -38.2447 24.4325 0.0000
vt -39.3382 21.0473 0.0000
vt -39.0457 20.9918 0.0000
vt -37.9750 24.3064 0.0000
vt -2.5919 35.6771 0.0000
vt -5.7050 37.3987 0.0000
vt -5.8155 37.1222 0.0000
vt -2.7673 35.4366 0.0000
vt -14.1280 54.7413 0.0000
vt -17.6113 54.7413 0.0000
vt -17.5786 54.4712 0.0000
vt -14.1607 54.4712 0.0000
vt -24.4930 53.5488 0.0000
vt -27.8577 52.6477 0.0000
vt -27.7562 52.3953 0.0000
vt -24.4547 53.2794 0.0000
vt -39.8644 12.6454 0.0000
vt -39.2016 9.1503 0.0000
vt -38.9183 9.2418 0.0000
vt -39.5673 12.6640 0.0000
vt -3.7957 53.2904 0.0000
vt -7.1604 54.1915 0.0000
vt -7.1986 53.9222 0.0000
vt -3.8971 53.0380 0.0000
vt 2.0684 31.7703 0.0000
vt -0.5177 34.2131 0.0000
vt -0.6936 33.9729 0.0000
vt 1.8386 31.5810 0.0000
vt 20.4210 -3.2779 0.0000
vt 21.8535 -0.1028 0.0000
vt 21.5939 -0.0215 0.0000
vt 20.1883 -3.1370 0.0000
vt -2.1162 -23.2703 0.0000
vt 1.1034 -21.9407 0.0000
vt 0.9700 -21.7036 0.0000
vt -2.1890 -23.0082 0.0000
vt 7.1394 -18.6024 0.0000
vt 9.9156 -16.4986 0.0000
vt 9.7264 -16.3031 0.0000
vt 7.0024 -18.3674 0.0000
vt 5.7002 49.2831 0.0000
vt 2.6784 51.0158 0.0000
vt 2.5725 50.7653 0.0000
vt 5.5375 49.0651 0.0000
vt 13.6840 43.0522 0.0000
vt 11.1956 45.4896 0.0000
vt 11.0300 45.2738 0.0000
vt 13.4717 42.8822 0.0000
vt 23.4378 25.9255 0.0000
vt 22.4018 29.2512 0.0000
vt 22.1537 29.1396 0.0000
vt 23.1702 25.8765 0.0000
vt 24.8190 16.1196 0.0000
vt 24.6093 19.5966 0.0000
vt 24.3417 19.5477 0.0000
vt 24.5475 16.1360 0.0000
vt -47.8958 -7.7368 0.0000
vt -45.7312 -10.4659 0.0000
vt -45.5400 -10.2724 0.0000
vt -47.6639 -7.5946 0.0000
vt 23.8015 6.2032 0.0000
vt 24.4281 9.6296 0.0000
vt 24.1566 9.6460 0.0000
vt 23.5417 6.2839 0.0000
# 3384 texture coords

o RuedaDD
g RuedaDD
usemtl wire_204204204
s off
f 1/1/1 2/2/2 3/3/3 4/4/4 
f 5/5/5 6/6/6 7/7/7 8/8/8 
f 9/9/9 10/10/10 11/11/11 12/12/12 
f 13/13/13 14/14/14 15/15/15 16/16/16 
f 17/17/17 18/18/18 19/19/19 20/20/20 
f 21/21/21 22/22/22 23/23/23 24/24/24 
f 25/25/25 26/26/26 27/27/27 28/28/28 
f 29/29/29 30/30/30 31/31/31 32/32/32 
f 33/33/33 34/34/34 35/35/35 36/36/36 
f 30/37/30 37/38/37 38/39/38 31/40/31 
f 39/41/39 40/42/40 41/43/41 42/44/42 
f 43/45/43 44/46/44 40/47/40 39/48/39 
f 45/49/45 46/50/46 47/51/47 48/52/48 
f 49/53/49 50/54/50 51/55/51 52/56/52 
f 53/57/53 54/58/54 47/59/47 46/60/46 
f 55/61/55 56/62/56 57/63/57 58/64/58 
f 10/65/10 59/66/59 60/67/60 11/68/11 
f 61/69/61 62/70/62 63/71/63 64/72/64 
f 65/73/65 66/74/66 54/75/54 53/76/53 
f 67/77/67 68/78/68 56/79/56 55/80/55 
f 69/81/69 70/82/70 71/83/71 72/84/72 
f 42/85/42 41/86/41 66/87/66 65/88/65 
f 72/89/72 71/90/71 68/91/68 67/92/67 
f 73/93/73 74/94/74 75/95/75 76/96/76 
f 77/97/77 78/98/78 79/99/79 80/100/80 
f 78/101/78 81/102/81 82/103/82 79/104/79 
f 81/105/81 17/106/17 20/107/20 82/108/82 
f 83/109/83 84/110/84 85/111/85 86/112/86 
f 58/113/58 57/114/57 5/115/5 8/116/8 
f 87/117/87 88/118/88 60/119/60 52/120/52 
f 38/121/89 43/122/90 89/123/91 90/124/92 
f 91/125/93 15/126/94 92/127/95 93/128/96 
f 94/129/97 95/130/98 96/131/99 97/132/100 
f 43/133/90 39/134/101 98/135/102 89/136/91 
f 97/137/100 96/138/99 99/139/103 100/140/104 
f 96/141/99 101/142/105 102/143/106 99/144/103 
f 103/145/107 104/146/108 105/147/109 106/148/110 
f 104/149/108 107/150/111 108/151/112 105/152/109 
f 107/153/111 109/154/113 110/155/114 108/156/112 
f 109/157/113 111/158/115 112/159/116 110/160/114 
f 111/161/115 113/162/117 114/163/118 112/164/116 
f 115/165/119 116/166/120 44/167/44 37/168/37 
f 117/169/121 118/170/122 119/171/123 120/172/124 
f 90/173/92 89/174/91 121/175/125 122/176/126 
f 123/177/127 124/178/128 125/179/129 126/180/130 
f 89/181/91 98/182/102 127/183/131 121/184/125 
f 128/185/132 129/186/133 25/187/25 28/188/28 
f 130/189/134 131/190/135 132/191/136 133/192/137 
f 134/193/138 122/194/126 135/195/139 136/196/140 
f 127/197/131 137/198/141 138/199/142 139/200/143 
f 140/201/144 141/202/145 142/203/145 143/204/144 
f 144/205/146 145/206/147 123/207/127 146/208/148 
f 98/209/102 147/210/149 137/211/141 127/212/131 
f 148/213/150 149/214/151 13/215/13 16/216/16 
f 10/217/152 9/218/153 150/219/154 145/220/147 
f 26/221/155 35/222/156 151/223/157 152/224/158 
f 27/225/159 26/226/155 152/227/158 153/228/160 
f 149/229/151 128/230/132 28/231/28 13/232/13 
f 85/233/161 154/234/162 95/235/98 94/236/97 
f 86/237/163 85/238/161 94/239/97 155/240/164 
f 46/241/165 45/242/166 156/243/167 157/244/168 
f 122/245/126 121/246/125 158/247/169 135/248/139 
f 159/249/170 90/250/92 122/251/126 134/252/138 
f 153/253/160 152/254/158 109/255/113 107/256/111 
f 9/257/153 91/258/93 93/259/96 150/260/154 
f 160/261/171 146/262/148 161/263/172 162/264/173 
f 32/265/174 31/266/175 159/267/170 163/268/176 
f 31/269/175 38/270/89 90/271/92 159/272/170 
f 146/273/148 123/274/127 126/275/130 161/276/172 
f 113/277/117 164/278/177 165/279/178 114/280/118 
f 164/281/177 97/282/100 100/283/104 165/284/178 
f 154/285/162 32/286/174 163/287/176 95/288/98 
f 166/289/179 115/290/119 37/291/37 30/292/30 
f 167/293/180 87/294/87 52/295/52 51/296/51 
f 168/297/181 160/298/171 162/299/173 169/300/182 
f 170/301/183 166/302/179 30/303/30 29/304/29 
f 171/305/184 172/306/185 69/307/69 72/308/72 
f 173/309/186 174/310/187 175/311/188 176/312/189 
f 177/313/190 178/314/191 179/315/192 106/316/110 
f 180/317/193 181/318/194 174/319/187 173/320/186 
f 182/321/195 183/322/196 184/323/197 178/324/191 
f 185/325/198 186/326/199 135/327/139 158/328/169 
f 187/329/200 188/330/201 100/331/104 99/332/103 
f 140/333/202 189/334/203 190/335/204 191/336/205 
f 192/337/206 193/338/207 169/339/182 162/340/173 
f 141/341/208 140/342/202 191/343/205 63/344/63 
f 194/345/209 195/346/210 81/347/81 78/348/78 
f 172/349/185 196/350/211 77/351/77 69/352/69 
f 197/353/212 198/354/213 67/355/67 55/356/55 
f 199/357/214 155/358/164 164/359/177 113/360/117 
f 200/361/215 201/362/216 87/363/216 167/364/215 
f 59/365/217 10/366/152 145/367/147 144/368/146 
f 171/369/218 198/370/219 202/371/219 203/372/218 
f 142/373/220 204/374/221 48/375/48 47/376/47 
f 205/377/222 195/378/223 129/379/223 128/380/222 
f 206/381/224 207/382/225 208/383/225 116/384/224 
f 209/385/226 210/386/227 211/387/227 88/388/226 
f 121/389/125 127/390/131 139/391/143 158/392/169 
f 201/393/216 209/394/226 88/395/226 87/396/216 
f 212/397/228 200/398/215 167/399/215 204/400/228 
f 172/401/229 171/402/218 203/403/218 213/404/229 
f 214/405/230 205/406/222 128/407/222 149/408/230 
f 215/409/231 206/410/224 116/411/224 115/412/231 
f 216/413/232 214/414/230 149/415/230 148/416/232 
f 157/417/168 156/418/167 217/419/233 218/420/234 
f 219/421/235 220/422/236 66/423/66 41/424/41 
f 221/425/237 144/426/146 146/427/148 160/428/171 
f 118/429/122 157/430/168 218/431/234 119/432/123 
f 222/433/238 223/434/239 224/435/240 12/436/12 
f 119/437/123 218/438/234 132/439/136 176/440/189 
f 200/441/241 212/442/242 62/443/62 225/444/243 
f 216/445/244 226/446/245 73/447/73 227/448/246 
f 228/449/247 229/450/248 139/451/143 138/452/142 
f 230/453/249 231/454/250 110/455/114 112/456/116 
f 232/457/251 233/458/252 114/459/118 165/460/178 
f 234/461/253 235/462/254 102/463/106 136/464/140 
f 205/465/255 214/466/256 18/467/18 17/468/17 
f 208/469/257 219/470/235 41/471/41 40/472/40 
f 236/473/258 192/474/206 162/475/173 161/476/172 
f 217/477/233 168/478/181 169/479/182 133/480/137 
f 237/481/259 103/482/107 106/483/110 179/484/192 
f 39/485/101 42/486/260 147/487/149 98/488/102 
f 218/489/234 217/490/233 133/491/137 132/492/136 
f 238/493/261 239/494/262 186/495/199 185/496/198 
f 174/497/187 228/498/247 138/499/142 175/500/188 
f 240/501/263 241/502/264 192/503/206 236/504/258 
f 242/505/265 240/506/263 236/507/258 243/508/266 
f 244/509/267 245/510/268 233/511/252 232/512/251 
f 233/513/252 230/514/249 112/515/116 114/516/118 
f 246/517/269 244/518/267 232/519/251 188/520/201 
f 188/521/201 232/522/251 165/523/178 100/524/104 
f 215/525/270 247/526/271 58/527/58 8/528/8 
f 201/529/272 200/530/241 225/531/243 248/532/273 
f 241/533/264 249/534/274 193/535/207 192/536/206 
f 247/537/271 197/538/212 55/539/55 58/540/58 
f 186/541/199 234/542/253 136/543/140 135/544/139 
f 184/545/197 243/546/266 126/547/130 125/548/129 
f 250/549/275 177/550/190 106/551/110 105/552/109 
f 210/553/276 209/554/277 3/555/3 2/556/2 
f 209/557/277 201/558/272 248/559/273 3/560/3 
f 243/561/266 236/562/258 161/563/172 126/564/130 
f 251/565/278 246/566/269 188/567/201 187/568/200 
f 235/569/254 187/570/200 99/571/103 102/572/106 
f 252/573/279 251/574/278 187/575/200 235/576/254 
f 253/577/280 254/578/281 177/579/190 250/580/275 
f 255/581/282 253/582/280 250/583/275 256/584/283 
f 141/585/145 212/586/228 204/587/228 142/588/145 
f 257/589/284 255/590/282 256/591/283 231/592/250 
f 258/593/285 257/594/284 231/595/250 230/596/249 
f 245/597/268 258/598/285 230/599/249 233/600/252 
f 231/601/250 256/602/283 108/603/112 110/604/114 
f 206/605/286 215/606/270 8/607/8 7/608/7 
f 183/609/196 242/610/265 243/611/266 184/612/197 
f 259/613/287 207/614/288 24/615/24 23/616/23 
f 254/617/281 182/618/195 178/619/191 177/620/190 
f 249/621/274 260/622/289 130/623/134 193/624/207 
f 260/625/289 261/626/290 131/627/135 130/628/134 
f 195/629/210 205/630/255 17/631/17 81/632/81 
f 189/633/203 259/634/287 23/635/23 190/636/204 
f 229/637/248 185/638/198 158/639/169 139/640/143 
f 226/641/245 262/642/291 74/643/74 73/644/73 
f 261/645/290 180/646/193 173/647/186 131/648/135 
f 214/649/256 216/650/244 227/651/246 18/652/18 
f 239/653/262 263/654/292 234/655/253 186/656/199 
f 131/657/135 173/658/186 176/659/189 132/660/136 
f 193/661/207 130/662/134 133/663/137 169/664/182 
f 256/665/283 250/666/275 105/667/109 108/668/112 
f 178/669/191 184/670/197 125/671/129 179/672/192 
f 264/673/293 265/674/294 229/675/248 228/676/247 
f 95/677/98 163/678/176 101/679/105 96/680/99 
f 14/681/295 27/682/159 153/683/160 266/684/296 
f 198/685/219 197/686/297 170/687/297 202/688/219 
f 155/689/164 94/690/97 97/691/100 164/692/177 
f 247/693/298 215/694/231 115/695/231 166/696/298 
f 196/697/299 172/698/229 213/699/229 267/700/299 
f 266/701/296 153/702/160 107/703/111 104/704/108 
f 210/705/227 262/706/300 222/707/300 211/708/227 
f 152/709/158 151/710/157 111/711/115 109/712/113 
f 116/713/120 208/714/257 40/715/40 44/716/44 
f 151/717/157 199/718/214 113/719/117 111/720/115 
f 92/721/95 266/722/296 104/723/108 103/724/107 
f 262/725/300 226/726/301 223/727/301 222/728/300 
f 226/729/301 216/730/232 148/731/232 223/732/301 
f 163/733/176 159/734/170 134/735/138 101/736/105 
f 262/737/291 210/738/276 2/739/2 74/740/74 
f 181/741/194 264/742/293 228/743/247 174/744/187 
f 49/745/302 59/746/217 144/747/146 221/748/237 
f 50/749/303 49/750/302 221/751/237 268/752/304 
f 195/753/223 194/754/305 269/755/305 129/756/223 
f 203/757/306 202/758/307 270/759/308 84/760/84 
f 194/761/305 196/762/299 267/763/299 269/764/305 
f 213/765/309 203/766/306 84/767/84 83/768/83 
f 120/769/124 119/770/123 176/771/189 175/772/188 
f 124/773/128 237/774/259 179/775/192 125/776/129 
f 65/777/310 53/778/311 118/779/122 117/780/121 
f 220/781/236 143/782/312 54/783/54 66/784/66 
f 143/785/312 142/786/220 47/787/47 54/788/54 
f 129/789/133 269/790/313 36/791/36 25/792/25 
f 267/793/314 213/794/309 83/795/83 33/796/33 
f 202/797/307 170/798/183 29/799/29 270/800/308 
f 204/801/221 167/802/180 51/803/51 48/804/48 
f 223/805/239 148/806/150 16/807/16 224/808/240 
f 198/809/213 171/810/184 72/811/72 67/812/67 
f 212/813/242 141/814/208 63/815/63 62/816/62 
f 196/817/211 194/818/209 78/819/78 77/820/77 
f 197/821/297 247/822/298 166/823/298 170/824/297 
f 269/825/313 267/826/314 33/827/33 36/828/36 
f 147/829/149 117/830/121 120/831/124 137/832/141 
f 101/833/105 134/834/138 136/835/140 102/836/106 
f 34/837/315 86/838/163 155/839/164 199/840/214 
f 35/841/156 34/842/315 199/843/214 151/844/157 
f 207/845/288 206/846/286 7/847/7 24/848/24 
f 265/849/294 238/850/261 185/851/198 229/852/248 
f 156/853/167 268/854/304 168/855/181 217/856/233 
f 268/857/304 221/858/237 160/859/171 168/860/181 
f 42/861/260 65/862/310 117/863/121 147/864/149 
f 88/865/88 211/866/316 11/867/11 60/868/60 
f 211/869/316 222/870/238 12/871/12 11/872/11 
f 45/873/166 50/874/303 268/875/304 156/876/167 
f 145/877/147 150/878/154 124/879/128 123/880/127 
f 137/881/141 120/882/124 175/883/188 138/884/142 
f 93/885/96 92/886/95 103/887/107 237/888/259 
f 53/889/311 46/890/165 157/891/168 118/892/122 
f 150/893/154 93/894/96 237/895/259 124/896/128 
f 15/897/94 14/898/295 266/899/296 92/900/95 
f 189/901/317 140/902/144 143/903/144 220/904/317 
f 259/905/318 189/906/317 220/907/317 219/908/318 
f 207/909/225 259/910/318 219/911/318 208/912/225 
f 263/913/292 252/914/279 235/915/254 234/916/253 
f 271/917/319 272/918/319 273/919/319 274/920/319 
f 275/921/320 276/922/320 277/923/320 278/924/320 
f 272/918/319 279/925/319 280/926/319 273/919/319 
f 281/927/321 282/928/321 283/929/321 284/930/321 
f 285/931/322 286/932/322 287/933/322 288/934/322 
f 289/935/322 290/936/322 286/932/322 285/931/322 
f 291/937/323 292/938/323 293/939/323 294/940/323 
f 295/941/323 291/937/323 294/940/323 296/942/323 
f 297/943/320 298/944/320 277/923/320 276/922/320 
f 299/945/324 300/946/325 301/947/325 302/948/324 
f 303/949/326 304/950/326 305/951/327 306/952/327 
f 307/953/328 308/954/328 309/955/329 310/956/329 
f 311/957/322 312/958/322 313/959/330 314/960/330 
f 311/961/322 315/962/331 316/963/331 312/964/322 
f 317/965/332 318/966/332 319/967/333 320/968/333 
f 321/969/334 322/970/334 323/971/335 324/972/335 
f 325/973/336 326/974/337 327/975/337 328/976/336 
f 329/977/338 330/978/339 331/979/339 332/980/338 
f 333/981/340 334/982/341 335/983/341 336/984/340 
f 337/985/342 338/986/343 339/987/343 340/988/342 
f 341/989/344 342/990/344 325/991/336 328/992/336 
f 343/993/345 337/994/342 340/995/342 344/996/345 
f 345/997/346 329/998/338 332/999/338 346/1000/346 
f 347/1001/347 333/1002/340 336/1003/340 348/1004/347 
f 349/1005/348 350/1006/348 351/1007/349 352/1008/349 
f 353/1009/350 342/1010/344 341/1011/344 354/1012/350 
f 352/1013/349 351/1014/349 355/1015/351 356/1016/351 
f 357/1017/352 345/1018/346 346/1019/346 358/1020/352 
f 359/1021/353 360/1022/354 361/1023/354 362/1024/353 
f 338/1025/343 363/1026/355 364/1027/355 339/1028/343 
f 365/1029/356 366/1030/356 367/1031/357 368/1032/357 
f 319/1033/333 369/1034/358 370/1035/358 320/1036/333 
f 358/1037/352 371/1038/229 372/1039/229 357/1040/352 
f 373/1041/359 374/1042/360 375/1043/360 376/1044/359 
f 369/1045/358 377/1046/361 378/1047/361 370/1048/358 
f 379/1049/362 380/1050/362 381/1051/363 382/1052/363 
f 383/1053/364 384/1054/365 385/1055/365 386/1056/364 
f 387/1057/366 388/1058/366 372/1059/229 371/1060/229 
f 389/1061/367 390/1062/367 380/1063/362 379/1064/362 
f 391/1065/368 392/1066/369 393/1067/369 394/1068/368 
f 395/1069/370 396/1070/371 397/1071/371 398/1072/370 
f 399/1073/372 400/1074/372 401/1075/373 402/1076/373 
f 403/1077/374 404/1078/374 388/1079/366 387/1080/366 
f 405/1081/375 378/1082/361 377/1083/361 406/1084/375 
f 392/1085/369 407/1086/376 408/1087/376 393/1088/369 
f 409/1089/377 410/1090/226 411/1091/226 412/1092/377 
f 402/1093/373 401/1094/373 413/1095/378 414/1096/378 
f 404/1097/374 403/1098/374 415/1099/379 416/1100/379 
f 417/1101/380 418/1102/380 411/1103/226 410/1104/226 
f 408/1105/376 407/1106/376 419/1107/381 420/1108/381 
f 413/1109/378 421/1110/382 422/1111/382 414/1112/378 
f 423/1113/383 424/1114/383 418/1115/380 417/1116/380 
f 416/1117/379 415/1118/379 425/1119/384 426/1120/384 
f 363/1121/355 427/1122/230 428/1123/230 364/1124/355 
f 326/1125/337 429/1126/144 430/1127/144 327/1128/337 
f 428/1129/230 427/1130/230 431/1131/385 432/1132/385 
f 421/1133/382 433/1134/231 434/1135/231 422/1136/382 
f 435/1137/386 436/1138/387 437/1139/387 438/1140/386 
f 439/1141/388 440/1142/388 430/1143/144 429/1144/144 
f 431/1145/385 441/1146/389 442/1147/389 432/1148/385 
f 441/1149/389 443/1150/390 444/1151/390 442/1152/389 
f 445/1153/391 446/1154/392 447/1155/392 448/1156/391 
f 449/1157/393 450/1158/393 451/1159/394 452/1160/394 
f 453/1161/395 454/1162/395 444/1163/390 443/1164/390 
f 334/1165/341 440/1166/388 439/1167/388 335/1168/341 
f 455/1169/323 456/1170/396 457/1171/396 458/1172/323 
f 459/1173/397 447/1174/392 446/1175/392 460/1176/397 
f 461/1177/398 459/1178/397 460/1179/397 462/1180/398 
f 463/1181/399 464/1182/399 455/1183/323 458/1184/323 
f 282/928/321 465/1185/400 466/1186/400 283/929/321 
f 467/1187/219 468/1188/219 469/1189/218 470/1190/218 
f 470/1191/218 469/1192/218 471/1193/229 472/1194/229 
f 472/1195/229 471/1196/229 473/1197/299 474/1198/299 
f 475/1199/297 468/1200/219 467/1201/219 476/1202/297 
f 477/1203/317 478/1204/317 479/1205/318 480/1206/318 
f 477/1207/317 481/1208/144 482/1209/144 478/1210/317 
f 483/1211/298 475/1212/297 476/1213/297 484/1214/298 
f 398/1215/401 485/1216/401 390/1217/367 389/1218/367 486/1219/401 395/1220/401 
f 487/1221/402 488/1222/402 489/1223/402 490/1224/402 491/1225/402 356/1226/402 355/1227/402 492/1228/402 
f 493/1229/403 494/1230/403 495/1231/404 496/1232/404 466/1233/404 465/1234/404 497/1235/404 498/1236/404 
f 499/1237/405 500/1238/405 501/1239/405 502/1240/405 503/1241/405 504/1242/405 350/1243/405 349/1244/405 
f 505/1245/406 405/1246/375 406/1247/375 506/1248/406 507/1249/406 508/1250/406 489/1251/406 488/1252/406 509/1253/406 510/1254/406 
f 511/1255/407 512/1256/408 513/1257/408 373/1258/359 376/1259/359 514/1260/408 515/1261/408 516/1262/407 
f 502/1263/409 501/1264/409 517/1265/409 518/1266/409 519/1267/409 318/1268/332 317/1269/332 520/1270/409 521/1271/409 522/1272/409 
f 523/1273/410 524/1274/411 525/1275/411 281/1276/411 284/1277/411 526/1278/411 527/1279/411 528/1280/410 
f 396/1281/371 529/1282/412 530/1283/412 523/1284/410 528/1285/410 531/1286/412 532/1287/412 397/1288/371 
f 279/1289/413 533/1290/413 534/1291/413 535/1292/414 536/1293/414 537/1294/413 538/1295/413 280/1296/413 
f 539/1297/415 540/1298/416 541/1299/416 542/1300/416 543/1301/416 544/1302/416 545/1303/416 546/1304/416 547/1305/416 548/1306/415 
f 549/1307/417 550/1308/417 551/1309/418 552/1310/418 271/1311/418 274/1312/418 553/1313/418 554/1314/418 
f 555/1315/419 556/1316/420 557/1317/420 558/1318/419 559/1319/419 560/1320/419 561/1321/419 562/1322/419 563/1323/419 564/1324/419 
f 457/1325/421 456/1326/421 565/1327/421 566/1328/421 567/1329/421 568/1330/421 569/1331/421 570/1332/421 
f 571/1333/422 572/1334/422 573/1335/422 574/1336/422 575/1337/422 576/1338/423 577/1339/423 578/1340/422 579/1341/422 580/1342/422 
f 581/1343/424 582/1344/424 383/1345/364 386/1346/364 583/1347/424 584/1348/424 536/1349/414 535/1350/414 
f 585/1351/425 586/1352/425 293/1353/425 292/1354/425 587/1355/425 588/1356/425 589/1357/426 590/1358/426 
f 591/1359/427 592/1360/427 544/1361/427 543/1362/427 593/1363/427 594/1364/427 595/1365/427 596/1366/427 
f 597/1367/428 461/1368/398 462/1369/398 598/1370/428 450/1371/428 449/1372/428 
f 599/1373/429 600/1374/429 601/1375/430 602/1376/430 603/1377/429 604/1378/429 452/1379/394 451/1380/394 
f 384/1381/431 605/1382/431 400/1383/372 399/1384/372 606/1385/431 385/1386/431 
f 607/1387/432 608/1388/432 609/1389/432 424/1390/383 423/1391/383 610/1392/432 611/1393/432 612/1394/432 568/1395/432 567/1396/432 
f 602/1397/430 601/1398/430 613/1399/433 614/1400/433 295/1401/433 296/1402/433 615/1403/433 616/1404/433 
f 617/1405/434 572/1406/434 571/1407/434 618/1408/434 619/1409/434 464/1410/434 463/1411/434 620/1412/434 
f 433/1413/231 445/1414/391 448/1415/391 434/1416/231 
f 621/1417/145 622/1418/145 482/1419/144 481/1420/144 
f 623/1421/232 624/1422/230 625/1423/230 626/1424/232 
f 624/1425/230 627/1426/222 628/1427/222 625/1428/230 
f 629/1429/228 630/1430/228 622/1431/145 621/1432/145 
f 631/1433/223 632/1434/223 628/1435/222 627/1436/222 
f 479/1437/318 633/1438/225 634/1439/225 480/1440/318 
f 635/1441/301 623/1442/232 626/1443/232 636/1444/301 
f 637/1445/216 638/1446/226 639/1447/226 640/1448/216 
f 633/1449/225 641/1450/224 642/1451/224 634/1452/225 
f 643/1453/300 635/1454/301 636/1455/301 644/1456/300 
f 638/1457/226 645/1458/227 646/1459/227 639/1460/226 
f 641/1461/224 647/1462/435 648/1463/435 642/1464/224 
f 645/1465/227 643/1466/300 644/1467/300 646/1468/227 
f 629/1469/228 649/1470/215 650/1471/215 630/1472/228 
f 474/1473/299 473/1474/299 651/1475/305 652/1476/305 
f 649/1477/215 637/1478/216 640/1479/216 650/1480/215 
f 652/1481/305 651/1482/305 632/1483/223 631/1484/223 
f 647/1485/435 483/1486/298 484/1487/298 648/1488/435 
f 653/1489/320 654/1490/320 655/1491/436 656/1492/436 
f 420/1493/381 419/1494/381 657/1495/226 658/1496/226 
f 659/1497/437 660/1498/437 590/1499/426 589/1500/426 661/1501/437 662/1502/437 437/1503/387 436/1504/387 
f 663/1505/438 664/1506/438 665/1507/439 666/1508/439 
f 425/1509/384 667/1510/440 435/1511/440 438/1512/440 668/1513/440 426/1514/384 
f 306/1515/327 305/1516/327 669/1517/441 670/1518/441 671/1519/442 672/1520/442 673/1521/441 674/1522/441 
f 675/1523/443 676/1524/144 677/1525/144 678/1526/443 
f 330/1527/339 679/1528/444 304/1529/444 303/1530/444 680/1531/444 331/1532/339 
f 681/1533/445 682/1534/445 658/1535/226 657/1536/226 
f 316/1537/446 315/1538/446 683/1539/446 684/1540/446 685/1541/446 686/1542/446 687/1543/446 688/1544/446 
f 685/1545/447 689/1546/447 690/1547/447 691/1548/447 692/1549/448 693/1550/448 694/1551/447 695/1552/447 696/1553/447 686/1554/447 
f 666/1555/439 665/1556/439 697/1557/229 698/1558/229 
f 672/1559/442 671/1560/442 699/1561/449 700/1562/449 290/1563/449 289/1564/449 701/1565/449 702/1566/449 
f 301/1567/325 300/1568/325 677/1569/144 676/1570/144 
f 703/1571/450 704/1572/450 705/1573/450 706/1574/450 299/1575/324 302/1576/324 707/1577/450 708/1578/450 709/1579/450 710/1580/450 
f 382/1581/363 381/1582/363 682/1583/445 681/1584/445 
f 711/1585/451 712/1586/452 713/1587/452 288/1588/452 287/1589/452 714/1590/452 715/1591/452 716/1592/451 
f 313/1593/453 717/1594/453 718/1595/453 703/1596/453 710/1597/453 719/1598/453 720/1599/453 314/1600/453 
f 721/1601/454 698/1602/229 697/1603/229 722/1604/454 
f 323/1605/335 723/1606/455 724/1607/455 711/1608/451 716/1609/451 725/1610/455 726/1611/455 324/1612/335 
f 321/1613/456 727/1614/456 454/1615/395 453/1616/395 728/1617/456 322/1618/456 
f 729/1619/457 730/1620/230 731/1621/230 732/1622/457 
f 733/1623/319 734/1624/319 596/1625/458 595/1626/458 
f 735/1627/459 539/1628/415 548/1629/415 736/1630/459 
f 722/1631/454 737/1632/460 738/1633/460 721/1634/454 
f 739/1635/461 734/1636/319 733/1637/319 740/1638/461 
f 692/1639/448 675/1640/443 678/1641/443 693/1642/448 
f 310/1643/329 309/1644/329 741/1645/462 742/1646/462 494/1647/403 493/1648/403 743/1649/462 744/1650/462 
f 556/1651/420 729/1652/457 732/1653/457 557/1654/420 
f 745/1655/463 343/1656/345 344/1657/345 746/1658/463 308/1659/463 307/1660/463 
f 731/1661/230 730/1662/230 735/1663/459 736/1664/459 
f 576/1665/423 409/1666/377 412/1667/377 577/1668/423 
f 664/1669/438 663/1670/438 747/1671/464 748/1672/464 749/1673/464 750/1674/464 751/1675/464 752/1676/464 753/1677/464 754/1678/464 
f 368/1679/357 367/1680/357 755/1681/465 756/1682/465 550/1683/417 549/1684/417 757/1685/465 758/1686/465 
f 360/1687/354 759/1688/466 760/1689/466 761/1690/467 762/1691/467 763/1692/466 764/1693/466 361/1694/354 
f 765/1695/468 766/1696/468 767/1697/468 768/1698/468 769/1699/468 770/1700/468 771/1701/468 772/1702/468 
f 653/1703/320 770/1704/469 769/1705/469 654/1706/320 
f 362/1707/470 773/1708/470 347/1709/347 348/1710/347 774/1711/470 359/1712/470 
f 278/1713/471 775/1714/471 776/1715/471 762/1716/467 761/1717/467 777/1718/471 778/1719/471 275/1720/471 
f 297/1721/472 779/1722/472 780/1723/472 511/1724/407 516/1725/407 781/1726/472 782/1727/472 298/1728/472 
f 561/1729/473 783/1730/473 784/1731/473 739/1732/473 740/1733/473 785/1734/473 786/1735/473 562/1736/473 
f 787/1737/474 391/1738/368 394/1739/368 788/1740/474 375/1741/474 374/1742/474 
f 365/1743/475 789/1744/475 353/1745/350 354/1746/350 790/1747/475 366/1748/475 
f 750/1749/476 791/1750/476 792/1751/476 656/1752/476 655/1753/476 793/1754/476 794/1755/476 751/1756/476 
f 737/1757/460 795/1758/477 796/1759/477 797/1760/477 766/1761/477 765/1762/477 798/1763/477 799/1764/477 800/1765/477 738/1766/460 
f 801/1767/478 490/1768/479 489/1769/480 508/1770/481 802/1771/482 742/1772/483 741/1773/484 
f 803/1774/485 509/1775/486 488/1776/487 487/1777/487 804/1778/488 744/1779/488 743/1780/489 
f 805/1781/490 704/1782/491 703/1783/492 718/1784/493 806/1785/494 726/1786/495 725/1787/496 
f 807/1788/497 696/1789/498 695/1790/499 
f 807/1791/497 695/1792/499 694/1793/500 808/1794/501 
f 286/1795/502 290/1796/502 700/1797/503 808/1798/501 694/1799/500 693/1800/502 678/1801/502 677/1802/502 300/1803/502 299/1804/502 706/1805/500 809/1806/504 714/1807/505 287/1808/502 
f 810/1809/506 768/1810/507 767/1811/508 811/1812/509 812/1813/510 
f 813/1814/511 691/1815/512 690/1816/513 814/1817/514 
f 814/1818/514 690/1819/513 689/1820/515 
f 815/1821/516 687/1822/517 686/1823/518 696/1824/498 807/1825/497 670/1826/519 669/1827/520 
f 816/1828/521 607/1829/522 567/1830/523 566/1831/524 817/1832/525 662/1833/526 661/1834/527 
f 818/1835/528 580/1836/529 579/1837/530 
f 818/1838/528 579/1839/530 578/1840/531 819/1841/532 
f 291/1842/533 295/1843/533 614/1844/534 819/1845/532 578/1846/531 577/1847/533 412/1848/533 411/1849/533 418/1850/533 424/1851/533 609/1852/531 820/1853/535 587/1854/536 292/1855/533 
f 821/1856/537 575/1857/538 574/1858/539 822/1859/540 
f 823/1860/541 612/1861/542 611/1862/539 
f 824/1863/543 618/1864/544 571/1865/545 580/1866/529 818/1867/528 600/1868/546 599/1869/547 
f 825/1870/548 545/1871/549 544/1872/550 592/1873/551 826/1874/552 582/1875/553 581/1876/554 
f 825/1877/548 546/1878/555 545/1879/549 
f 827/1880/556 547/1881/557 546/1882/555 825/1883/548 
f 272/1884/558 271/1885/558 552/1886/559 828/1887/560 558/1888/557 557/1889/558 732/1890/558 731/1891/558 736/1892/558 548/1893/558 547/1894/557 827/1895/556 533/1896/561 279/1897/558 
f 829/1898/562 541/1899/563 540/1900/564 830/1901/565 
f 829/1902/562 542/1903/566 541/1904/563 
f 831/1905/567 783/1906/568 561/1907/569 560/1908/570 832/1909/571 756/1910/572 755/1911/573 
f 833/1912/574 752/1913/575 751/1914/576 794/1915/577 834/1916/578 764/1917/579 763/1918/580 
f 835/1919/581 754/1920/582 753/1921/583 833/1922/574 
f 833/1923/574 753/1924/583 752/1925/575 
f 836/1926/584 800/1927/585 799/1928/586 837/1929/587 
f 838/1930/588 749/1931/589 748/1932/586 
f 811/1933/509 767/1934/508 766/1935/590 797/1936/591 839/1937/592 515/1938/593 514/1939/594 
f 840/1940/595 522/1941/596 521/1942/597 
f 840/1943/595 521/1944/597 520/1945/598 841/1946/599 
f 842/1947/600 519/1948/601 518/1949/602 843/1950/603 
f 843/1951/603 518/1952/602 517/1953/604 
f 803/1954/485 510/1955/597 509/1956/486 
f 840/1957/595 530/1958/605 529/1959/606 844/1960/606 503/1961/607 502/1962/607 522/1963/596 
f 841/1964/599 524/1965/608 523/1966/609 530/1967/605 840/1968/595 
f 841/1969/599 525/1970/610 524/1971/608 
f 842/1972/600 527/1973/611 526/1974/612 
f 843/1975/603 531/1976/613 528/1977/614 527/1978/611 842/1979/600 
f 845/1980/615 532/1981/616 531/1982/613 843/1983/603 517/1984/604 501/1985/617 500/1986/618 
f 845/1987/615 500/1988/618 499/1989/619 846/1990/620 847/1991/621 
f 848/1992/622 849/1993/623 850/1994/624 851/1995/625 
f 852/1996/626 853/1997/627 849/1998/623 848/1999/622 
f 848/2000/622 504/2001/628 503/2002/629 844/2003/630 852/2004/626 
f 844/2005/606 529/2006/606 396/2007/631 395/2008/631 486/2009/631 
f 845/2010/615 485/2011/632 398/2012/633 397/2013/633 532/2014/616 
f 854/2015/634 658/2016/635 682/2017/636 381/2018/636 380/2019/636 390/2020/636 485/2021/632 845/2022/615 847/2023/621 
f 855/2024/637 856/2025/638 853/2026/627 852/2027/626 
f 844/2028/630 486/2029/639 389/2030/639 379/2031/639 382/2032/639 681/2033/639 657/2034/640 855/2035/637 852/2036/626 
f 857/2037/641 787/2038/642 374/2039/642 373/2040/642 513/2041/641 
f 811/2042/509 514/2043/594 376/2044/643 375/2045/643 788/2046/644 
f 811/2047/509 788/2048/644 394/2049/645 393/2050/645 408/2051/645 420/2052/645 658/2053/635 854/2054/634 812/2055/510 
f 858/2056/646 859/2057/647 856/2058/638 855/2059/637 
f 855/2060/637 657/2061/640 419/2062/648 407/2063/648 392/2064/648 391/2065/648 787/2066/648 857/2067/649 858/2068/646 
f 837/2069/587 798/2070/650 765/2071/651 772/2072/651 857/2073/641 513/2074/641 512/2075/652 
f 837/2076/587 512/2077/652 511/2078/653 780/2079/654 836/2080/584 
f 836/2081/584 780/2082/654 779/2083/655 
f 860/2084/656 782/2085/657 781/2086/658 
f 860/2087/656 781/2088/658 516/2089/659 515/2090/593 839/2091/592 
f 861/2092/660 862/2093/661 859/2094/647 858/2095/646 
f 857/2096/649 772/2097/662 771/2098/663 861/2099/660 858/2100/646 
f 837/2101/587 799/2102/586 798/2103/650 
f 838/2104/588 748/2105/586 747/2106/585 863/2107/664 
f 836/2108/584 779/2109/655 297/2110/665 276/2111/665 275/2112/665 778/2113/666 863/2114/664 747/2115/585 663/2116/665 666/2117/665 698/2118/665 721/2119/665 738/2120/665 800/2121/585 
f 835/2122/581 775/2123/667 278/2124/668 277/2125/668 298/2126/668 782/2127/657 860/2128/656 795/2129/582 737/2130/668 722/2131/668 697/2132/668 665/2133/668 664/2134/668 754/2135/582 
f 839/2136/592 796/2137/583 795/2138/582 860/2139/656 
f 839/2140/592 797/2141/591 796/2142/583 
f 864/2143/669 793/2144/670 655/2145/671 654/2146/671 769/2147/671 768/2148/507 810/2149/506 
f 865/2150/672 866/2151/673 862/2152/661 861/2153/660 
f 861/2154/660 771/2155/663 770/2156/674 653/2157/674 656/2158/674 792/2159/675 865/2160/672 
f 838/2161/588 760/2162/676 759/2163/677 867/2164/677 791/2165/678 750/2166/678 749/2167/589 
f 863/2168/664 777/2169/679 761/2170/680 760/2171/676 838/2172/588 
f 863/2173/664 778/2174/666 777/2175/679 
f 835/2176/581 776/2177/681 775/2178/667 
f 833/2179/574 763/2180/580 762/2181/682 776/2182/681 835/2183/581 
f 834/2184/578 794/2185/577 793/2186/670 864/2187/669 868/2188/683 
f 869/2189/684 870/2190/685 871/2191/686 866/2192/673 865/2193/672 
f 865/2194/672 792/2195/675 791/2196/687 867/2197/688 869/2198/684 
f 867/2199/677 759/2200/677 360/2201/689 359/2202/689 774/2203/689 
f 834/2204/578 773/2205/690 362/2206/691 361/2207/691 764/2208/579 
f 872/2209/692 430/2210/693 440/2211/694 334/2212/694 333/2213/694 347/2214/694 773/2215/690 834/2216/578 868/2217/683 
f 873/2218/695 874/2219/696 870/2220/685 869/2221/684 
f 867/2222/688 774/2223/697 348/2224/697 336/2225/697 335/2226/697 439/2227/697 429/2228/698 873/2229/695 869/2230/684 
f 875/2231/699 789/2232/700 365/2233/700 368/2234/700 758/2235/699 
f 831/2236/567 755/2237/573 367/2238/701 366/2239/701 790/2240/702 
f 876/2241/703 877/2242/704 878/2243/705 879/2244/706 
f 879/2245/706 570/2246/707 569/2247/708 880/2248/709 876/2249/703 
f 802/2250/482 507/2251/602 506/2252/601 881/2253/710 
f 802/2254/482 508/2255/481 507/2256/602 
f 851/2257/625 850/2258/624 882/2259/711 883/2260/712 
f 880/2261/713 659/2262/713 436/2263/714 435/2264/714 667/2265/714 
f 815/2266/516 669/2267/520 305/2268/715 304/2269/715 679/2270/716 
f 884/2271/717 885/2272/718 877/2273/704 876/2274/703 
f 886/2275/719 887/2276/719 888/2277/719 889/2278/719 878/2279/719 877/2280/719 885/2281/719 890/2282/719 891/2283/719 892/2284/719 893/2285/719 894/2286/719 895/2287/719 882/2288/719 850/2289/719 849/2290/719 853/2291/719 856/2292/719 859/2293/719 862/2294/719 866/2295/719 871/2296/719 870/2297/719 874/2298/719 896/2299/719 897/2300/719 898/2301/719 
f 851/2302/625 492/2303/720 355/2304/721 351/2305/721 350/2306/721 504/2307/628 848/2308/622 
f 899/2309/722 497/2310/723 465/2311/724 282/2312/724 281/2313/724 525/2314/610 841/2315/599 520/2316/598 317/2317/724 320/2318/724 370/2319/724 378/2320/724 405/2321/724 505/2322/598 
f 820/2323/535 588/2324/725 587/2325/536 
f 817/2326/525 566/2327/524 565/2328/726 900/2329/727 901/2330/728 
f 816/2331/521 661/2332/527 589/2333/729 588/2334/725 820/2335/535 
f 902/2336/730 586/2337/731 585/2338/732 
f 638/2339/733 854/2340/634 847/2341/621 645/2342/733 
f 902/2343/730 585/2344/732 590/2345/734 660/2346/735 823/2347/541 
f 880/2348/713 569/2349/736 568/2350/736 612/2351/542 823/2352/541 660/2353/735 659/2354/713 
f 903/2355/737 620/2356/738 463/2357/739 458/2358/739 457/2359/739 570/2360/707 879/2361/706 
f 879/2362/706 878/2363/705 889/2364/740 903/2365/737 
f 900/2366/727 565/2367/726 456/2368/741 455/2369/741 464/2370/741 619/2371/742 904/2372/743 
f 816/2373/521 608/2374/530 607/2375/522 
f 820/2376/535 609/2377/531 608/2378/530 816/2379/521 
f 821/2380/537 615/2381/744 296/2382/745 294/2383/745 293/2384/745 586/2385/731 902/2386/730 610/2387/538 423/2388/745 417/2389/745 410/2390/745 409/2391/745 576/2392/745 575/2393/538 
f 823/2394/541 611/2395/539 610/2396/538 902/2397/730 
f 822/2398/540 574/2399/539 573/2400/746 
f 905/2401/747 617/2402/748 620/2403/738 903/2404/737 906/2405/749 
f 903/2406/737 889/2407/740 888/2408/750 906/2409/749 
f 904/2410/743 619/2411/742 618/2412/544 824/2413/543 907/2414/751 
f 819/2415/532 613/2416/752 601/2417/753 600/2418/546 818/2419/528 
f 819/2420/532 614/2421/534 613/2422/752 
f 821/2423/537 616/2424/754 615/2425/744 
f 822/2426/540 603/2427/755 602/2428/756 616/2429/754 821/2430/537 
f 822/2431/540 573/2432/746 572/2433/757 617/2434/757 905/2435/758 604/2436/758 603/2437/755 
f 908/2438/759 434/2439/760 448/2440/761 447/2441/761 459/2442/761 461/2443/761 597/2444/761 905/2445/747 906/2446/749 
f 906/2447/749 888/2448/750 887/2449/762 908/2450/759 
f 824/2451/543 598/2452/763 462/2453/764 460/2454/764 446/2455/764 445/2456/764 433/2457/765 909/2458/766 907/2459/751 
f 824/2460/543 599/2461/547 451/2462/767 450/2463/767 598/2464/763 
f 905/2465/758 597/2466/768 449/2467/768 452/2468/768 604/2469/758 
f 910/2470/769 606/2471/770 399/2472/770 402/2473/770 414/2474/770 422/2475/770 434/2476/760 908/2477/759 911/2478/771 
f 908/2479/759 887/2480/762 886/2481/772 911/2482/771 
f 909/2483/766 433/2484/765 421/2485/773 413/2486/773 401/2487/773 400/2488/773 605/2489/774 826/2490/552 912/2491/775 
f 826/2492/552 605/2493/774 384/2494/776 383/2495/776 582/2496/553 
f 910/2497/777 583/2498/777 386/2499/778 385/2500/778 606/2501/778 
f 913/2502/779 594/2503/780 593/2504/781 910/2505/769 911/2506/771 
f 911/2507/771 886/2508/772 898/2509/782 913/2510/779 
f 826/2511/552 592/2512/551 591/2513/783 914/2514/784 912/2515/775 
f 825/2516/548 581/2517/554 535/2518/785 534/2519/786 827/2520/556 
f 827/2521/556 534/2522/786 533/2523/561 
f 830/2524/565 538/2525/787 537/2526/788 
f 830/2527/565 537/2528/788 536/2529/789 584/2530/790 829/2531/562 
f 910/2532/777 593/2533/791 543/2534/791 542/2535/566 829/2536/562 584/2537/790 583/2538/777 
f 915/2539/792 785/2540/793 740/2541/794 733/2542/794 595/2543/794 594/2544/780 913/2545/779 
f 913/2546/779 898/2547/782 897/2548/795 915/2549/792 
f 914/2550/784 591/2551/783 596/2552/796 734/2553/796 739/2554/796 784/2555/797 916/2556/798 
f 832/2557/571 560/2558/570 559/2559/555 
f 832/2560/571 559/2561/555 558/2562/557 828/2563/560 
f 917/2564/799 553/2565/800 274/2566/801 273/2567/801 280/2568/801 538/2569/787 830/2570/565 540/2571/564 539/2572/801 735/2573/801 730/2574/801 729/2575/801 556/2576/801 555/2577/564 
f 917/2578/799 555/2579/564 564/2580/563 918/2581/802 
f 918/2582/802 564/2583/563 563/2584/803 
f 875/2585/804 786/2586/805 785/2587/793 915/2588/792 919/2589/806 
f 915/2590/792 897/2591/795 896/2592/807 919/2593/806 
f 916/2594/798 784/2595/797 783/2596/568 831/2597/567 920/2598/808 
f 828/2599/560 551/2600/809 550/2601/810 756/2602/572 832/2603/571 
f 828/2604/560 552/2605/559 551/2606/809 
f 917/2607/799 554/2608/811 553/2609/800 
f 918/2610/802 757/2611/812 549/2612/813 554/2613/811 917/2614/799 
f 918/2615/802 563/2616/803 562/2617/814 786/2618/814 875/2619/699 758/2620/699 757/2621/812 
f 873/2622/695 429/2623/698 326/2624/815 325/2625/815 342/2626/815 353/2627/815 789/2628/815 875/2629/804 919/2630/806 
f 919/2631/806 896/2632/807 874/2633/696 873/2634/695 
f 831/2635/567 790/2636/702 354/2637/816 341/2638/816 328/2639/816 327/2640/816 430/2641/693 872/2642/692 920/2643/808 
f 817/2644/525 668/2645/817 438/2646/818 437/2647/818 662/2648/526 
f 921/2649/819 372/2650/820 388/2651/821 404/2652/821 416/2653/821 426/2654/821 668/2655/817 817/2656/525 901/2657/728 
f 815/2658/516 679/2659/716 330/2660/822 329/2661/822 345/2662/822 357/2663/822 372/2664/820 921/2665/819 922/2666/823 
f 880/2667/709 667/2668/824 425/2669/824 415/2670/824 403/2671/824 387/2672/824 371/2673/825 884/2674/717 876/2675/703 
f 923/2676/826 680/2677/827 303/2678/827 306/2679/827 674/2680/826 
f 884/2681/717 371/2682/825 358/2683/828 346/2684/828 332/2685/828 331/2686/828 680/2687/828 923/2688/829 924/2689/830 
f 924/2690/830 890/2691/831 885/2692/718 884/2693/717 
f 814/2694/514 673/2695/832 672/2696/833 702/2697/834 813/2698/511 
f 813/2699/511 702/2700/834 701/2701/835 
f 814/2702/514 689/2703/515 685/2704/836 684/2705/836 923/2706/826 674/2707/826 673/2708/832 
f 808/2709/501 700/2710/503 699/2711/837 
f 808/2712/501 699/2713/837 671/2714/838 670/2715/519 807/2716/497 
f 925/2717/839 688/2718/840 687/2719/517 815/2720/516 922/2721/823 
f 926/2722/841 709/2723/842 708/2724/513 
f 926/2725/841 708/2726/513 707/2727/512 927/2728/843 
f 923/2729/829 684/2730/844 683/2731/845 928/2732/846 924/2733/830 
f 928/2734/846 892/2735/847 891/2736/848 890/2737/831 924/2738/830 
f 813/2739/511 701/2740/835 289/2741/849 285/2742/849 288/2743/849 713/2744/850 927/2745/843 707/2746/512 302/2747/849 301/2748/849 676/2749/849 675/2750/849 692/2751/849 691/2752/512 
f 809/2753/504 706/2754/500 705/2755/499 805/2756/490 
f 805/2757/490 705/2758/499 704/2759/491 
f 929/2760/851 717/2761/852 313/2762/853 312/2763/853 316/2764/853 688/2765/840 925/2766/839 
f 930/2767/854 893/2768/855 892/2769/847 928/2770/846 
f 928/2771/846 683/2772/845 315/2773/856 311/2774/856 314/2775/856 720/2776/857 930/2777/854 
f 931/2778/858 719/2779/859 710/2780/859 709/2781/842 926/2782/841 724/2783/860 723/2784/858 
f 927/2785/843 712/2786/861 711/2787/862 724/2788/860 926/2789/841 
f 927/2790/843 713/2791/850 712/2792/861 
f 809/2793/504 715/2794/863 714/2795/505 
f 805/2796/490 725/2797/496 716/2798/864 715/2799/863 809/2800/504 
f 806/2801/494 718/2802/493 717/2803/852 929/2804/851 932/2805/865 
f 933/2806/866 894/2807/867 893/2808/855 930/2809/854 
f 930/2810/854 720/2811/857 719/2812/868 931/2813/869 933/2814/866 
f 931/2815/858 723/2816/858 323/2817/870 322/2818/870 728/2819/870 
f 806/2820/494 727/2821/871 321/2822/872 324/2823/872 726/2824/495 
f 934/2825/873 428/2826/874 432/2827/875 442/2828/875 444/2829/875 454/2830/875 727/2831/871 806/2832/494 932/2833/865 
f 935/2834/876 895/2835/877 894/2836/867 933/2837/866 
f 931/2838/869 728/2839/878 453/2840/878 443/2841/878 441/2842/878 431/2843/878 427/2844/879 935/2845/876 933/2846/866 
f 804/2847/488 745/2848/880 307/2849/880 310/2850/880 744/2851/488 
f 801/2852/478 741/2853/484 309/2854/881 308/2855/881 746/2856/882 
f 801/2857/478 746/2858/882 344/2859/883 340/2860/883 339/2861/883 364/2862/883 428/2863/874 934/2864/873 936/2865/884 
f 883/2866/712 882/2867/711 895/2868/877 935/2869/876 
f 935/2870/876 427/2871/879 363/2872/885 338/2873/885 337/2874/885 343/2875/885 745/2876/885 804/2877/886 883/2878/712 
f 803/2879/485 743/2880/489 493/2881/887 498/2882/888 899/2883/722 
f 899/2884/722 498/2885/888 497/2886/723 
f 881/2887/710 496/2888/889 495/2889/890 
f 881/2890/710 495/2891/890 494/2892/891 742/2893/483 802/2894/482 
f 937/2895/892 491/2896/893 490/2897/479 801/2898/478 936/2899/884 
f 899/2900/722 505/2901/598 510/2902/597 803/2903/485 
f 846/2904/620 499/2905/619 349/2906/894 352/2907/894 356/2908/894 491/2909/893 937/2910/892 
f 804/2911/886 487/2912/895 492/2913/720 851/2914/625 883/2915/712 
f 842/2916/600 526/2917/612 284/2918/896 283/2919/896 466/2920/896 496/2921/889 881/2922/710 506/2923/601 406/2924/896 377/2925/896 369/2926/896 319/2927/896 318/2928/896 519/2929/601 
f 637/2930/733 812/2931/510 854/2340/634 638/2339/733 
f 649/2932/897 810/2933/506 812/2931/510 637/2930/733 
f 629/2934/897 864/2935/669 810/2933/506 649/2932/897 
f 868/2936/683 864/2935/669 629/2934/897 621/2937/897 
f 872/2938/692 868/2936/683 621/2937/897 481/2939/897 
f 900/2940/727 467/2941/733 470/2942/897 901/2943/728 
f 846/2944/620 937/2945/892 635/2946/733 643/2947/733 
f 904/2948/743 476/2949/733 467/2941/733 900/2940/727 
f 907/2950/751 484/2951/733 476/2949/733 904/2948/743 
f 909/2952/766 648/2953/733 484/2951/733 907/2950/751 
f 645/2342/733 847/2341/621 846/2944/620 643/2947/733 
f 909/2952/766 912/2954/775 642/2955/733 648/2953/733 
f 641/2955/897 483/2951/897 647/2953/897 
f 483/2951/897 641/2955/897 633/2956/897 
f 483/2951/897 633/2956/897 475/2949/897 
f 475/2949/897 633/2956/897 479/2957/897 
f 475/2949/897 479/2957/897 468/2941/897 
f 468/2941/897 479/2957/897 469/2942/897 
f 469/2942/897 479/2957/897 478/2958/897 
f 469/2942/897 478/2958/897 482/2939/897 
f 469/2942/897 482/2939/897 938/2959/897 
f 938/2959/897 482/2939/897 939/2960/897 
f 939/2960/897 482/2939/897 940/2961/897 
f 940/2961/897 482/2939/897 622/2937/897 
f 940/2961/897 622/2937/897 941/2962/897 
f 941/2962/897 622/2937/897 942/2963/897 
f 942/2963/897 622/2937/897 943/2964/897 
f 943/2964/897 622/2937/897 944/2965/897 
f 944/2965/897 622/2937/897 630/2934/897 
f 944/2965/897 630/2934/897 945/2966/897 
f 945/2966/897 630/2934/897 946/2967/897 
f 946/2967/897 630/2934/897 947/2968/897 
f 947/2968/897 630/2934/897 650/2932/897 
f 947/2968/897 650/2932/897 948/2969/897 
f 948/2969/897 650/2932/897 949/2970/897 
f 949/2970/897 650/2932/897 950/2971/897 
f 950/2971/897 650/2932/897 632/2972/897 
f 632/2972/897 650/2932/897 628/2973/897 
f 628/2973/897 650/2932/897 640/2930/897 
f 628/2973/897 640/2930/897 639/2339/897 
f 628/2973/897 639/2339/897 625/2974/897 
f 625/2974/897 639/2339/897 626/2975/897 
f 626/2975/897 639/2339/897 646/2342/897 
f 626/2975/897 646/2342/897 636/2946/897 
f 636/2946/897 646/2342/897 644/2947/897 
f 938/2959/897 471/2976/897 469/2942/897 
f 471/2976/897 938/2959/897 951/2977/897 
f 471/2976/897 951/2977/897 952/2978/897 
f 471/2976/897 952/2978/897 473/2979/897 
f 473/2979/897 952/2978/897 953/2980/897 
f 473/2979/897 953/2980/897 954/2981/897 
f 473/2979/897 954/2981/897 955/2982/897 
f 473/2979/897 955/2982/897 956/2983/897 
f 473/2979/897 956/2983/897 651/2984/897 
f 651/2984/897 956/2983/897 957/2985/897 
f 651/2984/897 957/2985/897 958/2986/897 
f 651/2984/897 958/2986/897 959/2987/897 
f 651/2984/897 959/2987/897 632/2972/897 
f 632/2972/897 959/2987/897 960/2988/897 
f 632/2972/897 960/2988/897 961/2989/897 
f 632/2972/897 961/2989/897 962/2990/897 
f 632/2972/897 962/2990/897 950/2971/897 
f 912/2954/775 914/2991/784 634/2956/733 642/2955/733 
f 914/2991/784 916/2992/798 480/2957/733 634/2956/733 
f 916/2992/798 920/2993/808 477/2958/897 480/2957/733 
f 920/2993/808 872/2938/692 481/2939/897 477/2958/897 
f 901/2943/728 470/2942/897 472/2976/897 921/2994/819 
f 921/2994/819 472/2976/897 474/2979/897 922/2995/823 
f 922/2995/823 474/2979/897 652/2984/897 925/2996/839 
f 652/2984/897 631/2972/897 929/2997/851 925/2996/839 
f 631/2972/897 627/2973/733 932/2998/865 929/2997/851 
f 627/2973/733 624/2974/733 934/2999/873 932/2998/865 
f 624/2974/733 623/2975/733 936/3000/884 934/2999/873 
f 623/2975/733 635/2946/733 937/2945/892 936/3000/884 
f 963/2985/897 964/2983/897 965/2982/897 966/2981/897 967/2980/897 968/2978/897 969/2977/897 970/2959/897 971/2960/897 972/2961/897 973/2962/897 974/2963/897 975/2964/897 976/2965/897 977/2966/897 978/2967/897 979/2968/897 980/2969/897 981/2970/897 982/2971/897 983/2990/897 984/2989/897 985/2988/897 986/2987/897 987/2986/897 
f 957/3001/898 956/3002/899 964/3003/899 963/3004/898 
f 956/3005/899 955/3006/320 965/3007/320 964/3008/899 
f 955/3009/320 954/3010/900 966/3011/900 965/3012/320 
f 954/3013/900 953/3014/901 967/3015/901 966/3016/900 
f 953/3017/901 952/3018/902 968/3019/902 967/3020/901 
f 952/3021/902 951/3022/903 969/3023/903 968/3024/902 
f 951/3025/903 938/3026/400 970/3027/400 969/3028/903 
f 938/3029/400 939/3030/904 971/3031/904 970/3032/400 
f 939/3033/904 940/3034/905 972/3035/905 971/3036/904 
f 940/3037/905 941/3038/906 973/3039/906 972/3040/905 
f 941/3041/906 942/3042/907 974/3043/907 973/3044/906 
f 942/3045/907 943/3046/322 975/3047/322 974/3048/907 
f 943/3049/322 944/3050/908 976/3051/908 975/3052/322 
f 944/3053/908 945/3054/909 977/3055/909 976/3056/908 
f 945/3057/909 946/3058/910 978/3059/910 977/3060/909 
f 946/3061/910 947/3062/911 979/3063/911 978/3064/910 
f 947/3065/911 948/3066/323 980/3067/323 979/3068/911 
f 948/3069/323 949/3070/912 981/3071/912 980/3072/323 
f 949/3073/912 950/3074/913 982/3075/913 981/3076/912 
f 950/3077/913 962/3078/914 983/3079/914 982/3080/913 
f 962/3081/914 961/3082/915 984/3083/915 983/3084/914 
f 961/3085/915 960/3086/319 985/3087/319 984/3088/915 
f 960/3089/319 959/3090/916 986/3091/916 985/3092/319 
f 959/3093/916 958/3094/917 987/3095/917 986/3096/916 
f 958/3097/917 957/3098/898 963/3099/898 987/3100/917 
f 50/3101/50 45/3102/45 48/3103/48 51/3104/51 
f 988/3105/918 989/3106/919 191/3107/205 190/3108/204 
f 77/3109/77 80/3110/80 70/3111/70 69/3112/69 
f 4/3113/4 3/3114/3 248/3115/273 990/3116/920 
f 991/3117/921 225/3118/243 62/3119/62 61/3120/61 
f 6/3121/6 21/3122/21 24/3123/24 7/3124/7 
f 38/3125/38 37/3126/37 44/3127/44 43/3128/43 
f 16/3129/16 15/3130/15 91/3131/922 224/3132/240 
f 22/3133/22 988/3134/918 190/3135/204 23/3136/23 
f 28/3137/28 27/3138/27 14/3139/14 13/3140/13 
f 990/3141/920 248/3142/273 225/3143/243 991/3144/921 
f 33/3145/33 83/3146/83 86/3147/86 34/3148/34 
f 224/3149/240 91/3150/922 9/3151/9 12/3152/12 
f 989/3153/919 64/3154/64 63/3155/63 191/3156/205 
f 75/3157/75 74/3158/74 2/3159/2 1/3160/1 
f 270/3161/308 29/3162/29 32/3163/32 154/3164/923 
f 18/3165/18 227/3166/246 992/3167/924 19/3168/19 
f 227/3169/246 73/3170/73 76/3171/76 992/3172/924 
f 36/3173/36 35/3174/35 26/3175/26 25/3176/25 
f 84/3177/84 270/3178/308 154/3179/923 85/3180/85 
f 59/3181/59 49/3182/49 52/3183/52 60/3184/60 
f 70/3185/925 80/3186/926 993/3187/927 994/3188/928 
f 80/3189/926 79/3190/929 995/3191/930 993/3192/927 
f 989/3193/931 988/3194/932 996/3195/933 997/3196/934 
f 79/3197/929 82/3198/935 998/3199/936 995/3200/930 
f 82/3201/935 20/3202/937 999/3203/938 998/3204/936 
f 68/3205/939 71/3206/940 1000/3207/941 1001/3208/942 
f 71/3209/940 70/3210/925 994/3211/928 1000/3212/941 
f 61/3213/943 64/3214/944 1002/3215/945 1003/3216/946 
f 1004/3217/947 1005/3218/948 263/3219/292 239/3220/262 
f 998/3221/936 999/3222/938 255/3223/282 257/3224/284 
f 76/3225/949 75/3226/950 1006/3227/951 1007/3228/952 
f 57/3229/953 56/3230/954 1008/3231/955 1005/3232/948 
f 5/3233/956 57/3234/953 1005/3235/948 1004/3236/947 
f 56/3237/954 68/3238/939 1001/3239/942 1008/3240/955 
f 1009/3241/957 1003/3242/946 260/3243/289 249/3244/274 
f 1010/3245/958 1009/3246/957 249/3247/274 241/3248/264 
f 988/3249/932 22/3250/959 1011/3251/960 996/3252/933 
f 6/3253/961 5/3254/956 1004/3255/947 1012/3256/962 
f 992/3257/963 76/3258/949 1007/3259/952 1013/3260/964 
f 1001/3261/942 1000/3262/941 246/3263/269 251/3264/278 
f 21/3265/965 6/3266/961 1012/3267/962 1014/3268/966 
f 997/3269/934 996/3270/933 181/3271/194 180/3272/193 
f 1012/3273/962 1004/3274/947 239/3275/262 238/3276/261 
f 1014/3277/966 1012/3278/962 238/3279/261 265/3280/294 
f 22/3281/959 21/3282/965 1014/3283/966 1011/3284/960 
f 1003/3285/946 1002/3286/945 261/3287/290 260/3288/289 
f 1015/3289/967 1010/3290/958 241/3291/264 240/3292/263 
f 1002/3293/945 997/3294/934 180/3295/193 261/3296/290 
f 1016/3297/968 1015/3298/967 240/3299/263 242/3300/265 
f 1011/3301/960 1014/3302/966 265/3303/294 264/3304/293 
f 75/3305/950 1/3306/969 1016/3307/968 1006/3308/951 
f 1/3309/969 4/3310/970 1015/3311/967 1016/3312/968 
f 4/3313/970 990/3314/971 1010/3315/958 1015/3316/967 
f 990/3317/971 991/3318/972 1009/3319/957 1010/3320/958 
f 991/3321/972 61/3322/943 1003/3323/946 1009/3324/957 
f 19/3325/973 992/3326/963 1013/3327/964 1017/3328/974 
f 1007/3329/952 1006/3330/951 183/3331/196 182/3332/195 
f 1006/3333/951 1016/3334/968 242/3335/265 183/3336/196 
f 64/3337/944 989/3338/931 997/3339/934 1002/3340/945 
f 1013/3341/964 1007/3342/952 182/3343/195 254/3344/281 
f 20/3345/937 19/3346/973 1017/3347/974 999/3348/938 
f 1000/3349/941 994/3350/928 244/3351/267 246/3352/269 
f 1005/3353/948 1008/3354/955 252/3355/279 263/3356/292 
f 1008/3357/955 1001/3358/942 251/3359/278 252/3360/279 
f 1017/3361/974 1013/3362/964 254/3363/281 253/3364/280 
f 999/3365/938 1017/3366/974 253/3367/280 255/3368/282 
f 995/3369/930 998/3370/936 257/3371/284 258/3372/285 
f 993/3373/927 995/3374/930 258/3375/285 245/3376/268 
f 996/3377/933 1011/3378/960 264/3379/293 181/3380/194 
f 994/3381/928 993/3382/927 245/3383/268 244/3384/267 
# 682 polygons - 90 triangles

