# 3ds Max Wavefront OBJ Exporter v0.99 - (c)2007 guruware
# File Created: 22.03.2025 17:03:19

mtllib RuedaDI.mtl

#
# object RuedaDI
#

v  0.0719 -0.1120 0.0286
v  0.0826 -0.1042 0.0286
v  0.0826 -0.1042 0.0380
v  0.0719 -0.1120 0.0380
v  0.1208 0.0387 0.0381
v  0.1249 0.0261 0.0382
v  0.1250 0.0261 0.0288
v  0.1209 0.0387 0.0288
v  0.0612 -0.1198 0.0286
v  0.0612 -0.1198 0.0379
v  -0.0074 0.1319 0.0377
v  0.0059 0.1319 0.0377
v  0.0059 0.1319 0.0284
v  -0.0073 0.1319 0.0283
v  -0.1355 0.0387 0.0279
v  -0.1356 0.0387 0.0373
v  -0.1315 0.0513 0.0373
v  -0.1314 0.0513 0.0279
v  -0.1396 0.0261 0.0279
v  -0.1396 0.0261 0.0373
v  -0.0973 -0.1042 0.0280
v  -0.0866 -0.1120 0.0281
v  -0.0866 -0.1120 0.0374
v  -0.0973 -0.1042 0.0374
v  -0.0758 -0.1198 0.0281
v  -0.0759 -0.1198 0.0375
v  0.1168 0.0513 0.0287
v  0.1167 0.0513 0.0381
v  -0.1271 0.0387 0.0307
v  -0.1245 0.0396 0.0315
v  -0.1245 0.0396 0.0409
v  -0.1271 0.0387 0.0401
v  -0.0956 -0.0239 0.0385
v  -0.0956 -0.0239 0.0493
v  -0.1030 -0.0108 0.0484
v  -0.1030 -0.0108 0.0380
v  -0.0546 0.0745 0.0386
v  -0.0546 0.0745 0.0494
v  -0.0444 0.0856 0.0486
v  -0.0444 0.0856 0.0382
v  -0.0607 0.0144 0.0387
v  -0.0608 0.0144 0.0501
v  -0.0587 0.0200 0.0501
v  -0.0586 0.0200 0.0386
v  -0.0623 0.0087 0.0500
v  -0.0623 0.0087 0.0386
v  -0.0031 0.1216 0.0319
v  -0.0031 0.1216 0.0413
v  -0.0047 0.1238 0.0405
v  -0.0047 0.1238 0.0311
v  -0.0664 0.0659 0.0494
v  -0.0664 0.0659 0.0386
v  -0.0801 0.0597 0.0381
v  -0.0802 0.0597 0.0485
v  0.0379 -0.0221 0.0499
v  0.0399 -0.0260 0.0501
v  0.0399 -0.0260 0.0388
v  0.0380 -0.0221 0.0386
v  -0.0781 -0.0165 0.0395
v  -0.0636 -0.0122 0.0387
v  -0.0636 -0.0122 0.0501
v  -0.0781 -0.0165 0.0513
v  0.0445 -0.0120 0.0388
v  0.0489 -0.0122 0.0391
v  0.0488 -0.0122 0.0505
v  0.0445 -0.0120 0.0502
v  -0.0321 0.0436 0.0499
v  -0.0336 0.0477 0.0502
v  -0.0335 0.0477 0.0388
v  -0.0320 0.0436 0.0386
v  0.0435 -0.0285 0.0505
v  0.0436 -0.0285 0.0391
v  -0.0421 0.0602 0.0514
v  -0.0421 0.0602 0.0396
v  -0.0592 -0.0120 0.0385
v  -0.0593 -0.0120 0.0498
v  0.0634 -0.0165 0.0400
v  0.0633 -0.0165 0.0518
v  -0.0015 0.0529 0.0503
v  -0.0014 0.0529 0.0388
v  -0.0074 0.0532 0.0388
v  -0.0074 0.0532 0.0503
v  0.0578 -0.0336 0.0518
v  0.0578 -0.0336 0.0400
v  -0.0133 0.0529 0.0388
v  -0.0133 0.0529 0.0502
v  -0.0553 -0.0141 0.0383
v  -0.0554 -0.0141 0.0495
v  0.0883 -0.0108 0.0491
v  0.0808 -0.0239 0.0499
v  0.0809 -0.0239 0.0391
v  0.0883 -0.0108 0.0386
v  -0.0328 0.0392 0.0496
v  -0.0328 0.0392 0.0384
v  0.0764 -0.0378 0.0391
v  0.0763 -0.0378 0.0499
v  0.0746 -0.0528 0.0490
v  0.0746 -0.0528 0.0386
v  -0.0073 0.1247 0.0308
v  -0.0074 0.1247 0.0402
v  -0.0529 -0.0177 0.0494
v  -0.0529 -0.0177 0.0382
v  0.0516 0.0659 0.0498
v  0.0654 0.0597 0.0490
v  0.0654 0.0597 0.0385
v  0.0517 0.0659 0.0390
v  -0.0100 0.1238 0.0311
v  -0.0100 0.1238 0.0405
v  0.0188 0.0477 0.0390
v  0.0188 0.0477 0.0504
v  0.0173 0.0436 0.0501
v  0.0173 0.0436 0.0387
v  -0.0001 -0.0933 0.0388
v  0.0147 -0.0963 0.0384
v  0.0147 -0.0963 0.0488
v  -0.0001 -0.0933 0.0496
v  -0.0527 -0.0221 0.0383
v  -0.0527 -0.0221 0.0495
v  0.0274 0.0602 0.0399
v  0.0273 0.0602 0.0517
v  0.0327 0.0376 0.0505
v  0.0419 0.0496 0.0517
v  0.0419 0.0496 0.0399
v  0.0327 0.0376 0.0390
v  0.0296 0.0856 0.0489
v  0.0398 0.0745 0.0498
v  0.0399 0.0745 0.0389
v  0.0297 0.0856 0.0384
v  0.0016 -0.0744 0.0398
v  0.0016 -0.0744 0.0516
v  0.0012 -0.0593 0.0504
v  0.0012 -0.0593 0.0389
v  -0.0547 -0.0260 0.0385
v  -0.0547 -0.0260 0.0498
v  -0.0117 0.1216 0.0412
v  -0.0116 0.1216 0.0319
v  0.0292 0.0349 0.0501
v  0.0292 0.0349 0.0388
v  -0.0824 -0.1062 0.0399
v  -0.0797 -0.1070 0.0402
v  -0.0797 -0.1070 0.0309
v  -0.0823 -0.1062 0.0306
v  -0.0000 -0.0551 0.0500
v  0.0000 -0.0551 0.0387
v  -0.0583 -0.0285 0.0387
v  -0.0583 -0.0285 0.0502
v  -0.0840 -0.1039 0.0309
v  -0.0840 -0.1039 0.0402
v  0.0249 0.0343 0.0386
v  0.0249 0.0343 0.0498
v  -0.0031 -0.0520 0.0385
v  -0.0032 -0.0520 0.0497
v  -0.0840 -0.1012 0.0316
v  -0.0840 -0.1012 0.0410
v  -0.0725 -0.0336 0.0395
v  -0.0726 -0.0336 0.0513
v  -0.0355 0.0358 0.0495
v  -0.0355 0.0358 0.0383
v  0.0381 -0.0177 0.0497
v  0.0382 -0.0177 0.0385
v  -0.0396 0.0343 0.0383
v  -0.0397 0.0343 0.0496
v  -0.0074 -0.0508 0.0383
v  -0.0074 -0.0508 0.0496
v  -0.0894 -0.0528 0.0484
v  -0.0911 -0.0378 0.0493
v  -0.0911 -0.0378 0.0385
v  -0.0894 -0.0528 0.0380
v  0.0406 -0.0141 0.0386
v  0.0406 -0.0141 0.0499
v  -0.0440 0.0349 0.0499
v  -0.0440 0.0349 0.0385
v  -0.0475 0.0376 0.0502
v  -0.0474 0.0376 0.0387
v  -0.0147 -0.0551 0.0386
v  -0.0116 -0.0520 0.0384
v  -0.0116 -0.0520 0.0497
v  -0.0148 -0.0551 0.0500
v  -0.0146 -0.0933 0.0387
v  -0.0147 -0.0933 0.0496
v  -0.0295 -0.0963 0.0487
v  -0.0294 -0.0963 0.0382
v  -0.0566 0.0496 0.0396
v  -0.0567 0.0496 0.0514
v  -0.0450 -0.0446 0.0387
v  -0.0403 -0.0483 0.0387
v  -0.0404 -0.0483 0.0501
v  -0.0450 -0.0446 0.0501
v  -0.0160 -0.0593 0.0503
v  -0.0160 -0.0593 0.0389
v  -0.0164 -0.0744 0.0515
v  -0.0164 -0.0744 0.0397
v  -0.0354 -0.0516 0.0387
v  -0.0354 -0.0516 0.0501
v  -0.0206 0.1319 0.0377
v  -0.0206 0.1319 0.0283
v  -0.0326 -0.0300 -0.0384
v  -0.0328 -0.0300 0.0380
v  -0.0388 -0.0228 0.0380
v  -0.0385 -0.0228 -0.0384
v  -0.0427 -0.0143 0.0380
v  -0.0425 -0.0143 -0.0384
v  -0.0445 -0.0052 0.0379
v  -0.0442 -0.0052 -0.0384
v  -0.0250 -0.0354 -0.0384
v  -0.0253 -0.0354 0.0380
v  0.0243 -0.0228 -0.0382
v  0.0240 -0.0228 0.0382
v  0.0181 -0.0300 0.0382
v  0.0184 -0.0300 -0.0382
v  0.0280 -0.0143 0.0382
v  0.0283 -0.0143 -0.0382
v  -0.0163 -0.0389 -0.0383
v  -0.0166 -0.0389 0.0380
v  0.0310 0.0643 0.0402
v  0.0310 0.0643 0.0521
v  -0.0197 0.0745 0.0518
v  -0.0195 0.0739 0.0519
v  -0.0153 0.0595 0.0507
v  -0.0153 0.0595 0.0392
v  -0.0195 0.0739 0.0400
v  -0.0197 0.0745 0.0399
v  -0.0344 0.1007 0.0362
v  -0.0345 0.1007 0.0460
v  -0.0290 0.1131 0.0436
v  -0.0236 0.1252 0.0399
v  -0.0235 0.1252 0.0306
v  -0.0290 0.1131 0.0342
v  0.0048 0.0739 0.0401
v  0.0005 0.0595 0.0392
v  0.0005 0.0595 0.0508
v  0.0047 0.0739 0.0520
v  0.0049 0.0745 0.0519
v  0.0050 0.0745 0.0400
v  -0.0128 0.1148 0.0436
v  -0.0163 0.0946 0.0483
v  -0.0183 0.0830 0.0504
v  -0.0182 0.0830 0.0392
v  -0.0162 0.0946 0.0381
v  -0.0128 0.1148 0.0343
v  0.0691 0.0586 0.0486
v  0.0828 0.0549 0.0464
v  0.0829 0.0549 0.0366
v  0.0691 0.0586 0.0384
v  0.0676 0.0591 0.0385
v  0.0675 0.0591 0.0488
v  0.0035 0.0830 0.0505
v  0.0015 0.0946 0.0484
v  -0.0019 0.1148 0.0436
v  -0.0019 0.1148 0.0343
v  0.0015 0.0946 0.0381
v  0.0035 0.0830 0.0393
v  0.0142 0.1131 0.0437
v  0.0197 0.1007 0.0462
v  0.0197 0.1007 0.0364
v  0.0143 0.1131 0.0344
v  0.0089 0.1252 0.0307
v  0.0088 0.1252 0.0401
v  0.0284 0.0875 0.0487
v  0.0284 0.0875 0.0383
v  0.0276 0.0888 0.0382
v  0.0275 0.0888 0.0485
v  0.0549 -0.1161 0.0308
v  0.0549 -0.1161 0.0402
v  0.0433 -0.1095 0.0438
v  0.0316 -0.1027 0.0462
v  0.0317 -0.1027 0.0364
v  0.0433 -0.1095 0.0345
v  0.0574 -0.1014 0.0438
v  0.0624 -0.1062 0.0415
v  0.0624 -0.1062 0.0321
v  0.0574 -0.1014 0.0345
v  0.0428 -0.0871 0.0383
v  0.0344 -0.0789 0.0394
v  0.0282 -0.0728 0.0401
v  0.0281 -0.0728 0.0520
v  0.0343 -0.0789 0.0506
v  0.0428 -0.0871 0.0485
v  0.0755 -0.0709 0.0366
v  0.0755 -0.0709 0.0464
v  0.0783 -0.0841 0.0439
v  0.0811 -0.0971 0.0403
v  0.0811 -0.0971 0.0309
v  0.0783 -0.0841 0.0346
v  0.0693 -0.1012 0.0415
v  0.0662 -0.0950 0.0439
v  0.0571 -0.0766 0.0486
v  0.0519 -0.0661 0.0506
v  0.0481 -0.0583 0.0520
v  0.0481 -0.0583 0.0402
v  0.0519 -0.0661 0.0394
v  0.0572 -0.0766 0.0383
v  0.0663 -0.0950 0.0345
v  0.0693 -0.1012 0.0322
v  -0.0505 -0.0488 0.0506
v  -0.0624 -0.0579 0.0518
v  -0.0629 -0.0583 0.0517
v  -0.0628 -0.0583 0.0398
v  -0.0623 -0.0579 0.0399
v  -0.0505 -0.0488 0.0391
v  -0.0429 -0.0728 0.0517
v  -0.0429 -0.0728 0.0399
v  -0.0491 -0.0789 0.0391
v  -0.0575 -0.0871 0.0379
v  -0.0721 -0.1014 0.0341
v  -0.0771 -0.1062 0.0317
v  -0.0771 -0.1062 0.0410
v  -0.0722 -0.1014 0.0434
v  -0.0576 -0.0871 0.0482
v  -0.0491 -0.0789 0.0503
v  0.0168 -0.0971 0.0383
v  0.0183 -0.0977 0.0382
v  0.0183 -0.0977 0.0484
v  0.0168 -0.0971 0.0486
v  -0.0958 -0.0971 0.0397
v  -0.0930 -0.0841 0.0433
v  -0.0902 -0.0709 0.0458
v  -0.0902 -0.0709 0.0360
v  -0.0930 -0.0841 0.0340
v  -0.0958 -0.0971 0.0303
v  0.0280 -0.0722 0.0402
v  0.0230 -0.0581 0.0393
v  0.0207 -0.0516 0.0389
v  0.0206 -0.0516 0.0503
v  0.0229 -0.0581 0.0509
v  0.0279 -0.0722 0.0521
v  -0.0159 -0.0799 0.0519
v  -0.0159 -0.0799 0.0400
v  -0.0330 -0.0977 0.0380
v  -0.0315 -0.0971 0.0381
v  -0.0316 -0.0971 0.0485
v  -0.0331 -0.0977 0.0483
v  -0.0464 -0.1027 0.0460
v  -0.0464 -0.1027 0.0361
v  0.0011 -0.0799 0.0401
v  0.0011 -0.0799 0.0520
v  -0.0719 -0.0766 0.0379
v  -0.0667 -0.0661 0.0390
v  -0.0667 -0.0661 0.0502
v  -0.0719 -0.0766 0.0481
v  -0.0810 -0.0950 0.0434
v  -0.0809 -0.0950 0.0340
v  -0.0581 -0.1095 0.0435
v  -0.0696 -0.1161 0.0398
v  -0.0696 -0.1161 0.0304
v  -0.0580 -0.1095 0.0341
v  -0.0427 -0.0722 0.0519
v  -0.0377 -0.0581 0.0507
v  -0.0377 -0.0581 0.0391
v  -0.0427 -0.0722 0.0399
v  0.0300 -0.0052 -0.0382
v  0.0298 -0.0052 0.0382
v  -0.0292 0.0272 0.0380
v  -0.0210 0.0317 0.0380
v  -0.0208 0.0317 -0.0383
v  -0.0290 0.0272 -0.0384
v  -0.0360 0.0209 0.0380
v  -0.0358 0.0209 -0.0384
v  0.0294 0.0041 -0.0382
v  0.0292 0.0041 0.0382
v  -0.0407 0.0130 -0.0384
v  -0.0410 0.0130 0.0380
v  0.0108 -0.0354 -0.0382
v  0.0106 -0.0354 0.0381
v  -0.0120 0.0340 0.0381
v  -0.0118 0.0340 -0.0383
v  0.0145 0.0272 0.0381
v  0.0213 0.0209 0.0382
v  0.0216 0.0209 -0.0382
v  0.0148 0.0272 -0.0382
v  0.0021 -0.0389 -0.0383
v  0.0019 -0.0389 0.0381
v  -0.0027 0.0340 0.0381
v  -0.0024 0.0340 -0.0383
v  0.0063 0.0317 0.0381
v  0.0066 0.0317 -0.0382
v  -0.0071 -0.0400 -0.0383
v  -0.0074 -0.0400 0.0381
v  0.0263 0.0130 0.0382
v  0.0265 0.0130 -0.0382
v  -0.0439 0.0041 0.0380
v  -0.0436 0.0041 -0.0384
v  0.0460 0.0144 0.0390
v  0.0460 0.0144 0.0504
v  0.0475 0.0087 0.0504
v  0.0476 0.0087 0.0390
v  0.0208 0.0358 0.0384
v  0.0207 0.0358 0.0497
v  -0.0896 -0.0566 0.0481
v  -0.0895 -0.0550 0.0483
v  -0.0895 -0.0550 0.0379
v  -0.0895 -0.0566 0.0378
v  0.1124 0.0315 0.0323
v  0.1124 0.0315 0.0417
v  0.1140 0.0338 0.0409
v  0.1140 0.0338 0.0315
v  -0.0780 -0.0348 0.0517
v  -0.0779 -0.0348 0.0398
v  -0.1045 -0.0090 0.0482
v  -0.1055 -0.0078 0.0480
v  -0.1144 0.0033 0.0457
v  -0.1143 0.0033 0.0359
v  -0.1054 -0.0078 0.0378
v  -0.1044 -0.0090 0.0379
v  -0.1287 0.0365 0.0398
v  -0.1287 0.0338 0.0401
v  -0.1287 0.0338 0.0307
v  -0.1287 0.0365 0.0304
v  -0.0832 -0.0186 0.0398
v  -0.0832 -0.0186 0.0517
v  0.0180 0.0392 0.0385
v  0.0180 0.0392 0.0498
v  -0.0692 0.0089 0.0390
v  -0.0842 0.0093 0.0398
v  -0.0848 0.0093 0.0397
v  -0.0848 0.0093 0.0516
v  -0.0842 0.0093 0.0517
v  -0.0692 0.0089 0.0506
v  -0.0925 0.0133 0.0501
v  -0.0925 0.0133 0.0389
v  -0.1029 0.0188 0.0378
v  -0.1210 0.0283 0.0339
v  -0.1271 0.0315 0.0315
v  -0.1271 0.0315 0.0408
v  -0.1210 0.0283 0.0432
v  -0.1029 0.0188 0.0480
v  0.1140 0.0365 0.0406
v  0.1140 0.0365 0.0312
v  -0.1244 0.0124 0.0432
v  -0.1343 0.0213 0.0396
v  -0.1342 0.0213 0.0302
v  -0.1243 0.0124 0.0339
v  -0.0858 0.0340 0.0389
v  -0.0772 0.0327 0.0397
v  -0.0772 0.0327 0.0516
v  -0.0858 0.0340 0.0502
v  -0.0974 0.0357 0.0480
v  -0.1176 0.0386 0.0433
v  -0.1176 0.0386 0.0339
v  -0.0974 0.0357 0.0378
v  -0.1110 0.0535 0.0433
v  -0.0976 0.0549 0.0458
v  -0.0976 0.0549 0.0360
v  -0.1110 0.0535 0.0339
v  -0.1242 0.0521 0.0302
v  -0.1243 0.0521 0.0396
v  -0.0643 0.0239 0.0390
v  -0.0644 0.0239 0.0506
v  -0.0767 0.0323 0.0517
v  -0.0767 0.0323 0.0398
v  0.1124 0.0387 0.0409
v  0.1124 0.0387 0.0315
v  -0.0823 0.0591 0.0483
v  -0.0823 0.0591 0.0379
v  -0.0838 0.0586 0.0378
v  -0.0839 0.0586 0.0481
v  -0.0595 0.0543 0.0399
v  -0.0595 0.0543 0.0518
v  0.0676 -0.1062 0.0404
v  0.0693 -0.1039 0.0408
v  0.0693 -0.1039 0.0314
v  0.0677 -0.1062 0.0311
v  0.0256 -0.0483 0.0389
v  0.0256 -0.0483 0.0504
v  0.0650 -0.1070 0.0407
v  0.0650 -0.1070 0.0314
v  0.1098 0.0396 0.0323
v  0.1098 0.0396 0.0417
v  0.0302 -0.0446 0.0389
v  0.0302 -0.0446 0.0504
v  -0.0432 0.0875 0.0484
v  -0.0423 0.0888 0.0482
v  -0.0423 0.0888 0.0380
v  -0.0432 0.0875 0.0381
v  -0.0458 0.0643 0.0518
v  -0.0457 0.0643 0.0399
v  0.1063 0.0283 0.0347
v  0.0882 0.0188 0.0384
v  0.0777 0.0133 0.0395
v  0.0701 0.0093 0.0402
v  0.0700 0.0093 0.0521
v  0.0777 0.0133 0.0507
v  0.0881 0.0188 0.0487
v  0.1063 0.0283 0.0440
v  0.0747 -0.0550 0.0488
v  0.0748 -0.0566 0.0486
v  0.0748 -0.0566 0.0384
v  0.0748 -0.0550 0.0385
v  0.0897 -0.0090 0.0489
v  0.0897 -0.0090 0.0385
v  0.0907 -0.0078 0.0384
v  0.0996 0.0033 0.0366
v  0.0996 0.0033 0.0465
v  0.0907 -0.0078 0.0487
v  0.0624 0.0327 0.0402
v  0.0624 0.0327 0.0521
v  0.0619 0.0323 0.0522
v  0.0496 0.0239 0.0510
v  0.0439 0.0200 0.0504
v  0.0439 0.0200 0.0390
v  0.0496 0.0239 0.0394
v  0.0619 0.0323 0.0403
v  0.0684 -0.0186 0.0403
v  0.0684 -0.0186 0.0522
v  0.1196 0.0213 0.0311
v  0.1195 0.0213 0.0404
v  0.1096 0.0124 0.0440
v  0.1096 0.0124 0.0347
v  0.1095 0.0521 0.0404
v  0.1096 0.0521 0.0310
v  0.0963 0.0535 0.0346
v  0.0963 0.0535 0.0440
v  0.0476 -0.0579 0.0402
v  0.0476 -0.0579 0.0522
v  0.0357 -0.0488 0.0509
v  0.0357 -0.0488 0.0393
v  0.0447 0.0543 0.0522
v  0.0447 0.0543 0.0402
v  0.0631 -0.0348 0.0522
v  0.0632 -0.0348 0.0403
v  0.0694 0.0093 0.0522
v  0.0694 0.0093 0.0403
v  0.0545 0.0089 0.0394
v  0.0544 0.0089 0.0510
v  0.1029 0.0386 0.0347
v  0.1029 0.0386 0.0440
v  0.0826 0.0357 0.0486
v  0.0710 0.0340 0.0507
v  0.0710 0.0340 0.0395
v  0.0827 0.0357 0.0384
v  -0.0361 0.0696 0.0399
v  -0.0197 0.0946 0.0381
v  -0.0197 0.0946 0.0483
v  -0.0361 0.0696 0.0519
v  -0.0963 0.0389 0.0378
v  -0.0675 0.0468 0.0398
v  -0.1040 0.0155 0.0378
v  -0.1239 0.0193 0.0339
v  -0.1147 0.0476 0.0339
v  0.0316 0.0154 0.0382
v  0.0258 0.0245 0.0382
v  0.0527 0.0468 0.0402
v  -0.1239 0.0193 0.0432
v  -0.1040 0.0155 0.0480
v  -0.0852 -0.0078 0.0398
v  -0.0747 -0.0746 0.0379
v  -0.0732 -0.0447 0.0398
v  -0.0547 -0.0891 0.0379
v  -0.0645 -0.1069 0.0341
v  -0.0886 -0.0894 0.0340
v  -0.0645 -0.1069 0.0434
v  -0.0548 -0.0891 0.0482
v  -0.0747 -0.0746 0.0481
v  -0.0268 -0.0785 0.0400
v  0.0400 -0.0891 0.0383
v  0.0120 -0.0785 0.0401
v  0.0498 -0.1069 0.0345
v  0.0739 -0.0894 0.0346
v  0.0400 -0.0891 0.0485
v  0.0498 -0.1069 0.0438
v  0.0585 -0.0447 0.0403
v  0.0600 -0.0746 0.0383
v  0.0892 0.0155 0.0384
v  0.0705 -0.0078 0.0403
v  0.1092 0.0193 0.0347
v  0.1000 0.0476 0.0440
v  0.0816 0.0389 0.0486
v  0.0892 0.0155 0.0487
v  0.0816 0.0389 0.0384
v  0.0049 0.0946 0.0484
v  0.0075 0.1148 0.0437
v  0.0075 0.1148 0.0343
v  0.0050 0.0946 0.0381
v  0.0213 0.0696 0.0521
v  0.0214 0.0696 0.0401
v  0.0085 0.0371 0.0381
v  -0.0020 0.0398 0.0381
v  -0.0053 0.0136 0.0485
v  -0.0020 0.0399 0.0492
v  -0.0128 0.0399 0.0492
v  -0.0095 0.0136 0.0485
v  -0.0013 0.0126 0.0486
v  0.0085 0.0372 0.0492
v  0.0179 0.0319 0.0382
v  0.0024 0.0106 0.0486
v  0.0180 0.0320 0.0493
v  0.0527 0.0468 0.0522
v  0.0055 0.0077 0.0486
v  0.0259 0.0246 0.0493
v  0.1000 0.0476 0.0346
v  0.0077 0.0042 0.0486
v  0.0317 0.0154 0.0493
v  0.1092 0.0193 0.0440
v  0.0349 0.0051 0.0382
v  0.0090 0.0002 0.0486
v  0.0350 0.0052 0.0493
v  0.0705 -0.0078 0.0522
v  0.0356 -0.0056 0.0382
v  0.0092 -0.0040 0.0486
v  0.0357 -0.0056 0.0493
v  0.0092 -0.0030 0.0486
v  0.0336 -0.0162 0.0382
v  0.0085 -0.0081 0.0486
v  0.0336 -0.0163 0.0493
v  0.0585 -0.0447 0.0522
v  -0.0215 -0.0119 0.0485
v  -0.0438 -0.0261 0.0491
v  -0.0369 -0.0344 0.0491
v  -0.0188 -0.0151 0.0485
v  -0.0733 -0.0447 0.0517
v  -0.0222 0.1148 0.0342
v  -0.0233 0.0372 0.0491
v  -0.0135 0.0126 0.0485
v  -0.0233 -0.0081 0.0485
v  -0.0484 -0.0163 0.0490
v  -0.0074 -0.0196 0.0485
v  -0.0032 -0.0191 0.0486
v  0.0006 -0.0175 0.0486
v  0.0040 -0.0151 0.0486
v  0.0067 -0.0119 0.0486
v  -0.0172 0.0106 0.0485
v  -0.0202 0.0077 0.0485
v  -0.0225 0.0042 0.0485
v  -0.0238 0.0002 0.0485
v  -0.0240 -0.0030 0.0485
v  -0.0240 -0.0040 0.0485
v  -0.0154 -0.0175 0.0485
v  -0.0115 -0.0191 0.0485
v  -0.0222 0.1148 0.0436
v  -0.0437 -0.0260 0.0380
v  -0.0368 -0.0343 0.0380
v  -0.0886 -0.0894 0.0434
v  -0.0282 -0.0407 0.0491
v  -0.0281 -0.0406 0.0380
v  -0.0268 -0.0785 0.0519
v  -0.0181 -0.0447 0.0491
v  -0.0181 -0.0446 0.0380
v  -0.0074 -0.0461 0.0492
v  -0.0074 -0.0459 0.0381
v  0.0120 -0.0785 0.0520
v  0.0033 -0.0447 0.0492
v  0.0033 -0.0446 0.0381
v  0.0134 -0.0407 0.0493
v  0.0134 -0.0406 0.0381
v  0.0221 -0.0344 0.0493
v  0.0221 -0.0343 0.0382
v  0.0738 -0.0894 0.0439
v  0.0599 -0.0746 0.0486
v  0.0290 -0.0261 0.0493
v  0.0290 -0.0260 0.0382
v  -0.0483 -0.0162 0.0379
v  -0.0503 -0.0056 0.0379
v  -0.0853 -0.0078 0.0517
v  -0.0505 -0.0056 0.0490
v  -0.0496 0.0051 0.0379
v  -0.0964 0.0389 0.0480
v  -0.1147 0.0476 0.0433
v  -0.0498 0.0052 0.0490
v  -0.0463 0.0154 0.0379
v  -0.0464 0.0154 0.0490
v  -0.0675 0.0468 0.0518
v  -0.0405 0.0245 0.0380
v  -0.0407 0.0246 0.0491
v  -0.0326 0.0319 0.0380
v  -0.0328 0.0320 0.0491
v  -0.0232 0.0371 0.0380
v  -0.0128 0.0398 0.0381
v  -0.0071 -0.0159 -0.0383
v  -0.0104 -0.0155 -0.0383
v  -0.0134 -0.0143 -0.0383
v  -0.0160 -0.0124 -0.0383
v  -0.0181 -0.0098 -0.0383
v  -0.0195 -0.0069 -0.0383
v  -0.0201 -0.0037 -0.0383
v  -0.0199 -0.0004 -0.0383
v  -0.0189 0.0027 -0.0383
v  -0.0172 0.0055 -0.0383
v  -0.0148 0.0077 -0.0383
v  -0.0119 0.0093 -0.0383
v  -0.0087 0.0101 -0.0383
v  -0.0055 0.0101 -0.0383
v  -0.0038 -0.0155 -0.0383
v  -0.0008 -0.0143 -0.0383
v  0.0018 -0.0124 -0.0383
v  0.0039 -0.0098 -0.0383
v  0.0053 -0.0069 -0.0382
v  0.0059 -0.0037 -0.0382
v  0.0057 -0.0004 -0.0382
v  0.0047 0.0027 -0.0383
v  0.0030 0.0055 -0.0383
v  0.0006 0.0077 -0.0383
v  -0.0023 0.0093 -0.0383
v  -0.0204 -0.0037 0.0320
v  -0.0202 -0.0004 0.0320
v  -0.0192 0.0027 0.0320
v  -0.0174 0.0055 0.0320
v  -0.0150 0.0077 0.0320
v  -0.0122 0.0093 0.0320
v  -0.0090 0.0101 0.0320
v  -0.0057 0.0101 0.0320
v  -0.0025 0.0093 0.0320
v  0.0003 0.0077 0.0320
v  0.0027 0.0055 0.0321
v  0.0045 0.0027 0.0321
v  0.0055 -0.0004 0.0321
v  0.0057 -0.0037 0.0321
v  0.0051 -0.0069 0.0321
v  0.0037 -0.0098 0.0321
v  0.0016 -0.0124 0.0320
v  -0.0010 -0.0143 0.0320
v  -0.0041 -0.0155 0.0320
v  -0.0073 -0.0159 0.0320
v  -0.0106 -0.0155 0.0320
v  -0.0136 -0.0143 0.0320
v  -0.0163 -0.0124 0.0320
v  -0.0184 -0.0098 0.0320
v  -0.0198 -0.0069 0.0320
v  0.1324 0.0222 -0.0534
v  0.1214 0.0561 -0.0534
v  0.1284 0.0594 -0.0532
v  0.1400 0.0237 -0.0532
v  0.1276 -0.0482 0.0547
v  0.1124 -0.0804 0.0547
v  0.1190 -0.0845 0.0546
v  0.1350 -0.0506 0.0546
v  -0.1491 -0.0133 0.0538
v  -0.1568 -0.0137 0.0536
v  -0.1498 -0.0506 0.0536
v  -0.1424 -0.0482 0.0538
v  0.0806 0.1168 0.0544
v  0.0760 0.1105 0.0546
v  0.1019 0.0861 0.0546
v  0.1079 0.0911 0.0545
v  0.1280 0.0594 0.0546
v  0.1210 0.0561 0.0547
v  0.1320 0.0222 0.0547
v  0.1396 0.0237 0.0546
v  0.0610 -0.1287 0.0545
v  0.0279 -0.1418 0.0544
v  0.0298 -0.1493 0.0542
v  0.0647 -0.1355 0.0544
v  -0.0070 -0.1540 -0.0537
v  -0.0070 -0.1463 -0.0538
v  0.0282 -0.1418 -0.0537
v  0.0302 -0.1493 -0.0536
v  -0.0593 0.1276 -0.0540
v  -0.0622 0.1349 -0.0539
v  -0.0258 0.1442 -0.0538
v  -0.0248 0.1365 -0.0539
v  0.0897 -0.1078 0.0546
v  0.0951 -0.1135 0.0545
v  -0.1164 0.0861 -0.0542
v  -0.1224 0.0911 -0.0541
v  -0.0950 0.1168 -0.0540
v  -0.0905 0.1105 -0.0541
v  -0.1494 -0.0506 -0.0542
v  -0.1565 -0.0137 -0.0542
v  -0.1487 -0.0133 -0.0543
v  -0.1420 -0.0482 -0.0543
v  0.0117 0.1442 -0.0536
v  0.0107 0.1365 -0.0538
v  0.1342 -0.0133 0.0548
v  0.1420 -0.0137 0.0546
v  0.0113 0.1442 0.0542
v  0.0104 0.1365 0.0543
v  0.0448 0.1276 0.0545
v  0.0477 0.1349 0.0543
v  -0.0792 -0.1355 -0.0539
v  -0.1095 -0.1135 -0.0540
v  -0.1042 -0.1078 -0.0542
v  -0.0754 -0.1287 -0.0541
v  -0.0625 0.1349 0.0539
v  -0.0954 0.1168 0.0538
v  -0.0908 0.1105 0.0540
v  -0.0597 0.1276 0.0541
v  -0.0262 0.1442 0.0541
v  -0.0252 0.1365 0.0542
v  -0.1465 0.0222 -0.0543
v  -0.1541 0.0237 -0.0542
v  -0.1425 0.0594 -0.0542
v  -0.1355 0.0561 -0.0543
v  -0.1335 -0.0845 -0.0541
v  -0.1269 -0.0804 -0.0543
v  0.1023 0.0861 -0.0535
v  0.0764 0.1105 -0.0536
v  0.0809 0.1168 -0.0534
v  0.1083 0.0911 -0.0533
v  -0.0074 -0.1463 0.0543
v  -0.0074 -0.1540 0.0541
v  0.0452 0.1276 -0.0537
v  0.0481 0.1349 -0.0535
v  -0.1228 0.0911 0.0537
v  -0.1168 0.0861 0.0539
v  -0.0443 -0.1493 -0.0538
v  -0.0423 -0.1418 -0.0540
v  0.0651 -0.1355 -0.0535
v  0.0613 -0.1287 -0.0536
v  0.0901 -0.1078 -0.0535
v  0.0954 -0.1135 -0.0533
v  0.1346 -0.0133 -0.0534
v  0.1424 -0.0137 -0.0532
v  0.1353 -0.0506 -0.0532
v  0.1279 -0.0482 -0.0534
v  -0.0758 -0.1287 0.0540
v  -0.0795 -0.1355 0.0539
v  -0.0446 -0.1493 0.0540
v  -0.0427 -0.1418 0.0542
v  0.1194 -0.0845 -0.0533
v  0.1128 -0.0804 -0.0534
v  -0.1046 -0.1078 0.0539
v  -0.1099 -0.1135 0.0538
v  -0.1338 -0.0845 0.0537
v  -0.1272 -0.0804 0.0539
v  -0.1545 0.0237 0.0536
v  -0.1468 0.0222 0.0538
v  -0.1429 0.0594 0.0537
v  -0.1358 0.0561 0.0538
v  0.0833 0.1200 -0.0507
v  0.1114 0.0937 -0.0506
v  -0.0070 -0.1433 -0.0535
v  0.0275 -0.1389 -0.0534
v  -0.0245 0.1335 -0.0536
v  -0.0582 0.1249 -0.0537
v  -0.1022 -0.1056 -0.0538
v  -0.1244 -0.0788 -0.0539
v  -0.1222 -0.0774 -0.0531
v  -0.1004 -0.1037 -0.0531
v  0.0599 -0.1261 -0.0533
v  -0.1198 -0.0759 -0.0510
v  -0.0984 -0.1017 -0.0510
v  -0.0727 -0.1238 -0.0530
v  -0.0714 -0.1213 -0.0509
v  -0.0872 0.1060 -0.0530
v  -0.0572 0.1224 -0.0529
v  -0.0562 0.1198 -0.0508
v  -0.0855 0.1037 -0.0509
v  -0.1121 0.0826 -0.0531
v  -0.1099 0.0807 -0.0510
v  -0.1304 0.0537 -0.0532
v  -0.1278 0.0525 -0.0510
v  -0.1410 0.0212 -0.0532
v  -0.1382 0.0207 -0.0511
v  -0.1431 -0.0129 -0.0532
v  -0.1403 -0.0127 -0.0511
v  0.0312 -0.1532 -0.0509
v  -0.0071 -0.1581 -0.0510
v  0.1251 -0.0473 -0.0531
v  0.1103 -0.0788 -0.0531
v  0.1081 -0.0774 -0.0524
v  0.1226 -0.0465 -0.0523
v  -0.0071 -0.1407 -0.0528
v  0.0269 -0.1364 -0.0526
v  0.0100 0.1309 -0.0527
v  0.0431 0.1224 -0.0526
v  0.0421 0.1198 -0.0505
v  0.0097 0.1281 -0.0506
v  0.0586 -0.1238 -0.0525
v  -0.1396 -0.0473 0.0535
v  -0.1461 -0.0131 0.0535
v  -0.1462 0.0611 -0.0515
v  -0.1255 0.0937 -0.0514
v  -0.1439 0.0217 0.0535
v  0.1258 -0.0127 0.0515
v  0.1237 0.0207 0.0515
v  0.1241 0.0207 -0.0502
v  0.1262 -0.0127 -0.0502
v  -0.0410 -0.1364 -0.0529
v  -0.0403 -0.1336 -0.0508
v  -0.0071 -0.1378 -0.0506
v  0.0863 -0.1037 -0.0524
v  0.0573 -0.1213 -0.0504
v  0.0843 -0.1017 -0.0503
v  0.1460 -0.0140 0.0520
v  0.1388 -0.0518 0.0520
v  0.1392 -0.0518 -0.0505
v  0.1464 -0.0140 -0.0505
v  0.0441 0.1249 -0.0534
v  0.0746 0.1081 -0.0532
v  0.0731 0.1060 -0.0525
v  0.0881 -0.1056 -0.0532
v  -0.0974 0.1200 -0.0514
v  -0.0636 0.1386 -0.0512
v  0.0104 0.1335 -0.0535
v  -0.1328 0.0548 -0.0540
v  -0.1435 0.0217 -0.0540
v  -0.1141 0.0842 -0.0539
v  -0.1392 -0.0473 -0.0540
v  0.1316 -0.0131 -0.0531
v  0.1294 0.0217 -0.0531
v  0.0261 -0.1336 -0.0505
v  -0.0416 -0.1389 -0.0536
v  0.0980 0.0826 -0.0524
v  0.0958 0.0807 -0.0503
v  0.0714 0.1037 -0.0504
v  -0.0740 -0.1261 -0.0538
v  -0.1367 -0.0465 -0.0532
v  -0.1340 -0.0456 -0.0511
v  -0.0453 -0.1532 -0.0512
v  0.1320 0.0611 -0.0506
v  0.1163 0.0537 -0.0523
v  0.1137 0.0525 -0.0502
v  -0.0811 -0.1390 -0.0513
v  -0.1536 -0.0518 0.0510
v  -0.1372 -0.0867 0.0510
v  0.1053 -0.0759 0.0514
v  0.1196 -0.0456 0.0515
v  0.1199 -0.0456 -0.0502
v  0.1057 -0.0759 -0.0503
v  -0.0241 0.1281 0.0510
v  -0.0565 0.1198 0.0509
v  -0.0238 0.1281 -0.0507
v  0.1077 -0.0774 0.0536
v  0.1223 -0.0465 0.0536
v  0.0097 0.1309 0.0532
v  -0.0245 0.1309 0.0531
v  0.0093 0.1281 0.0511
v  -0.0074 -0.1378 0.0511
v  0.0258 -0.1336 0.0512
v  -0.1201 -0.0759 0.0507
v  -0.0988 -0.1017 0.0508
v  0.1247 -0.0473 0.0544
v  0.1099 -0.0788 0.0544
v  0.1224 -0.0867 0.0519
v  0.1134 0.0525 0.0515
v  0.0955 0.0807 0.0514
v  -0.1465 0.0611 0.0510
v  -0.1584 0.0245 0.0510
v  -0.1608 -0.0140 0.0510
v  -0.1126 -0.1164 0.0511
v  -0.0815 -0.1390 0.0512
v  -0.1457 -0.0131 -0.0540
v  0.1110 0.0937 0.0519
v  0.1317 0.0611 0.0519
v  -0.1369 -0.0867 -0.0515
v  -0.1123 -0.1164 -0.0514
v  0.1440 0.0245 -0.0505
v  -0.1259 0.0937 0.0511
v  0.0667 -0.1390 0.0517
v  0.0308 -0.1532 0.0516
v  0.0670 -0.1390 -0.0508
v  0.0492 0.1386 0.0517
v  0.0830 0.1200 0.0518
v  0.0495 0.1386 -0.0509
v  0.1436 0.0245 0.0520
v  -0.1533 -0.0518 -0.0515
v  -0.0978 0.1200 0.0512
v  -0.0074 -0.1581 0.0515
v  -0.0640 0.1386 0.0513
v  0.1290 -0.0129 -0.0523
v  0.1269 0.0212 -0.0523
v  0.1227 -0.0867 -0.0506
v  0.0982 -0.1164 -0.0507
v  0.1000 0.0842 -0.0532
v  -0.0263 0.1482 -0.0511
v  0.0122 0.1482 -0.0510
v  -0.0267 0.1482 0.0514
v  0.0569 -0.1213 0.0513
v  0.0840 -0.1017 0.0514
v  -0.1282 0.0525 0.0507
v  -0.1385 0.0207 0.0506
v  -0.1406 -0.0127 0.0506
v  -0.1344 -0.0456 0.0506
v  -0.0717 -0.1213 0.0508
v  -0.0406 -0.1336 0.0510
v  -0.1331 0.0548 0.0535
v  -0.1145 0.0842 0.0536
v  0.0711 0.1037 0.0513
v  -0.0241 0.1309 -0.0528
v  -0.1025 -0.1056 0.0536
v  -0.1247 -0.0788 0.0536
v  0.1291 0.0217 0.0544
v  0.1313 -0.0131 0.0544
v  -0.0074 -0.1407 0.0532
v  0.0265 -0.1364 0.0533
v  -0.0420 -0.1389 0.0538
v  -0.0074 -0.1433 0.0540
v  -0.0413 -0.1364 0.0531
v  -0.1308 0.0537 0.0528
v  -0.1125 0.0826 0.0528
v  -0.0248 0.1335 0.0539
v  0.0100 0.1335 0.0540
v  0.0976 0.0826 0.0535
v  0.0727 0.1060 0.0535
v  -0.0744 -0.1261 0.0537
v  0.0428 0.1224 0.0534
v  0.0417 0.1198 0.0512
v  -0.1435 -0.0129 0.0527
v  -0.1371 -0.0465 0.0527
v  -0.1225 -0.0774 0.0528
v  -0.0456 -0.1532 0.0513
v  0.1160 0.0537 0.0536
v  0.1183 0.0548 0.0544
v  0.1265 0.0212 0.0536
v  0.0997 0.0842 0.0543
v  -0.0859 0.1037 0.0508
v  0.0877 -0.1056 0.0543
v  0.0271 -0.1389 0.0541
v  -0.0586 0.1249 0.0538
v  -0.1007 -0.1037 0.0529
v  0.0595 -0.1261 0.0542
v  -0.0731 -0.1238 0.0530
v  -0.0576 0.1224 0.0530
v  -0.0876 0.1060 0.0529
v  -0.1103 0.0807 0.0507
v  -0.1413 0.0212 0.0527
v  0.0583 -0.1238 0.0534
v  0.0978 -0.1164 0.0518
v  0.1287 -0.0129 0.0536
v  0.0743 0.1081 0.0542
v  0.0119 0.1482 0.0515
v  0.0437 0.1249 0.0541
v  0.0859 -0.1037 0.0535
v  -0.0887 0.1081 -0.0538
v  -0.1605 -0.0140 -0.0516
v  -0.0891 0.1081 0.0537
v  0.1187 0.0548 -0.0531
v  -0.1581 0.0245 -0.0516
# 1017 vertices

vn 0.5678 0.1521 0.8090
vn 0.9187 0.2462 -0.3090
vn 0.0000 0.0000 -1.0000
vn -0.9187 -0.2462 -0.3090
vn -0.5678 -0.1521 0.8090
vn 0.5731 0.1536 0.8049
vn 0.0906 0.0243 0.9956
vn -0.8405 -0.2252 0.4927
vn -0.7998 -0.2143 0.5606
vn -0.7124 -0.1909 -0.6753
vn -0.7622 -0.2042 -0.6143
vn -0.9034 -0.2421 -0.3538
vn -0.9318 -0.2497 -0.2635
vn -0.8866 -0.2376 0.3969
vn -0.5624 -0.1507 0.8131
vn -0.4002 -0.1072 -0.9101
vn -0.3288 -0.0881 -0.9403
vn 0.9445 0.2531 -0.2094
vn 0.7273 0.1949 -0.6581
vn 0.3277 0.0878 0.9407
vn 0.1527 0.0409 0.9874
vn 0.2147 0.0575 0.9750
vn -0.1527 -0.0409 0.9874
vn -0.9620 -0.2578 0.0898
vn -0.8599 -0.2304 0.4555
vn 0.4370 0.1171 -0.8918
vn -0.7629 -0.2044 0.6134
vn -0.2147 -0.0575 0.9750
vn -0.3277 -0.0878 0.9407
vn 0.0459 0.0123 -0.9989
vn -0.0000 -0.0000 -1.0000
vn 0.2690 0.0721 -0.9605
vn -0.0459 -0.0123 -0.9989
vn -0.6452 -0.1729 0.7442
vn 0.7998 0.2143 0.5606
vn 0.8405 0.2252 0.4927
vn -0.8830 -0.2366 -0.4054
vn 0.9598 0.2572 0.1128
vn 0.9654 0.2587 0.0331
vn 0.0000 0.0000 1.0000
vn -0.9187 -0.2462 0.3090
vn 0.4002 0.1072 -0.9101
vn 0.3288 0.0881 -0.9403
vn 0.5624 0.1507 0.8131
vn 0.8599 0.2304 0.4555
vn 0.9620 0.2578 0.0898
vn -0.1929 -0.0517 0.9799
vn -0.2679 -0.0718 0.9608
vn -0.9445 -0.2531 -0.2094
vn 0.7629 0.2044 0.6134
vn -0.6842 -0.1833 -0.7059
vn -0.7992 -0.2141 -0.5616
vn 0.7622 0.2042 -0.6143
vn 0.7124 0.1909 -0.6753
vn -0.9654 -0.2587 -0.0320
vn -0.9543 -0.2557 0.1547
vn -0.7273 -0.1949 -0.6581
vn 0.8866 0.2376 0.3969
vn -0.3798 -0.1018 -0.9194
vn 0.5678 0.1521 -0.8090
vn 0.0067 0.0018 -1.0000
vn -0.8293 -0.2222 0.5127
vn -0.4370 -0.1171 -0.8918
vn 0.9166 0.2456 -0.3156
vn 0.0995 0.0267 -0.9947
vn -0.4842 -0.1297 0.8653
vn 0.9426 0.2526 0.2185
vn -0.2690 -0.0721 -0.9605
vn -0.5678 -0.1521 -0.8090
vn 0.9187 0.2462 0.3090
vn -0.0995 -0.0267 -0.9947
vn -0.0000 -0.0000 1.0000
vn -0.9654 -0.2587 0.0331
vn -0.9598 -0.2572 0.1128
vn 0.6452 0.1729 0.7442
vn 0.3798 0.1018 -0.9194
vn 0.6842 0.1833 -0.7059
vn 0.8293 0.2222 0.5127
vn 0.4842 0.1297 0.8653
vn 0.1929 0.0517 0.9799
vn 0.2679 0.0718 0.9608
vn 0.7992 0.2141 -0.5616
vn -0.6042 -0.1619 0.7802
vn 0.9543 0.2557 0.1547
vn 0.9654 0.2587 -0.0320
vn -0.5300 -0.1420 0.8360
vn -0.6612 -0.1772 0.7290
vn -0.8156 -0.2185 0.5358
vn -0.9640 -0.2583 0.0628
vn -0.4653 -0.1247 0.8763
vn 0.8156 0.2185 0.5358
vn 0.6612 0.1772 0.7290
vn -0.2402 -0.0644 0.9686
vn 0.7273 0.1949 0.6581
vn 0.9261 0.2482 -0.2841
vn -0.8476 -0.2271 -0.4796
vn -0.8824 -0.2364 -0.4067
vn -0.9261 -0.2482 -0.2841
vn 0.9522 0.2551 0.1681
vn 0.2552 0.0684 -0.9645
vn 0.1787 0.0479 -0.9827
vn -0.9522 -0.2551 0.1681
vn 0.8824 0.2364 -0.4067
vn 0.8476 0.2271 -0.4796
vn 0.8071 0.2163 -0.5493
vn -0.4830 -0.1294 0.8660
vn -0.4134 -0.1108 0.9038
vn 0.6749 0.1808 -0.7154
vn 0.4920 0.1318 -0.8606
vn 0.9580 0.2567 -0.1278
vn 0.9448 0.2532 -0.2079
vn -0.9426 -0.2526 0.2185
vn -0.8658 -0.2320 0.4435
vn 0.5880 0.1575 0.7934
vn -0.6749 -0.1808 -0.7154
vn -0.4920 -0.1318 -0.8606
vn -0.3411 -0.0914 0.9356
vn -0.9448 -0.2532 -0.2079
vn -0.9580 -0.2567 -0.1278
vn 0.9105 0.2440 -0.3337
vn 0.9620 0.2578 -0.0899
vn 0.3411 0.0914 0.9356
vn 0.4134 0.1108 0.9038
vn -0.9620 -0.2578 -0.0899
vn 0.8658 0.2320 0.4435
vn 0.4830 0.1294 0.8660
vn -0.9105 -0.2440 -0.3337
vn 0.9640 0.2583 0.0628
vn -0.3556 -0.0953 -0.9298
vn -0.7443 -0.1994 -0.6374
vn 0.9488 0.2542 -0.1874
vn -0.8740 -0.2342 -0.4258
vn 0.4653 0.1247 0.8763
vn -0.1211 -0.0324 -0.9921
vn 0.7443 0.1994 -0.6374
vn 0.2402 0.0644 0.9686
vn 0.1211 0.0324 -0.9921
vn 0.3556 0.0953 -0.9298
vn 0.8740 0.2342 -0.4258
vn -0.9488 -0.2542 -0.1874
vn 0.9318 0.2497 -0.2635
vn -0.9649 -0.2585 -0.0468
vn -0.6385 -0.1711 -0.7503
vn -0.9207 -0.2467 -0.3025
vn -0.2147 -0.0575 -0.9750
vn -0.7540 -0.2020 0.6250
vn -0.7025 -0.1882 0.6863
vn 0.9207 0.2467 -0.3025
vn 0.3799 0.1018 0.9194
vn 0.8830 0.2366 -0.4054
vn 0.0252 0.0068 -0.9997
vn 0.4486 0.1202 -0.8856
vn 0.6385 0.1711 -0.7503
vn -0.6463 -0.1732 0.7432
vn -0.1399 -0.0375 0.9895
vn -0.1010 -0.0271 -0.9945
vn -0.1787 -0.0479 -0.9827
vn -0.5472 -0.1466 0.8241
vn -0.5731 -0.1536 0.8049
vn -0.2552 -0.0684 -0.9645
vn 0.8293 0.2222 -0.5127
vn -0.9166 -0.2456 -0.3156
vn 0.5300 0.1420 0.8360
vn -0.0067 -0.0018 -1.0000
vn -0.0906 -0.0243 0.9956
vn 0.6042 0.1619 0.7802
vn -0.8071 -0.2163 -0.5493
vn -0.7273 -0.1949 0.6581
vn -0.4486 -0.1202 -0.8856
vn 0.9649 0.2585 -0.0468
vn 0.7540 0.2020 0.6250
vn 0.7025 0.1882 0.6863
vn 0.5472 0.1466 0.8241
vn 0.9034 0.2421 -0.3538
vn -0.3799 -0.1018 0.9194
vn 0.6463 0.1732 0.7432
vn 0.1010 0.0271 -0.9945
vn -0.5880 -0.1575 0.7934
vn -0.8293 -0.2222 -0.5127
vn 0.2147 0.0575 -0.9750
vn -0.0252 -0.0068 -0.9997
vn 0.1399 0.0375 0.9895
vn 0.2636 -0.9645 0.0193
vn 0.2658 -0.9639 0.0184
vn 0.2916 -0.9524 0.0889
vn 0.2901 -0.9472 0.1367
vn 0.2732 -0.9519 0.1389
vn 0.2692 -0.9584 0.0948
vn 0.2808 -0.9552 0.0933
vn -0.2761 0.9452 -0.1745
vn -0.2779 0.9397 -0.1995
vn -0.3021 0.9329 -0.1962
vn -0.3173 0.9341 -0.1635
vn -0.2973 0.9392 -0.1717
vn 0.3412 -0.9391 0.0407
vn 0.3786 -0.9236 0.0596
vn 0.3713 -0.9254 0.0756
vn 0.3288 -0.9424 0.0609
vn 0.2735 -0.9618 0.0126
vn 0.2750 -0.9614 0.0107
vn 0.3362 -0.9404 0.0516
vn 0.3483 -0.9372 0.0179
vn 0.3891 -0.9208 0.0262
vn 0.3859 -0.9215 0.0436
vn 0.4934 -0.8684 0.0480
vn 0.4873 -0.8696 0.0798
vn 0.5471 -0.8308 0.1018
vn 0.5306 -0.8361 0.1393
vn 0.4743 -0.8736 0.1092
vn 0.5551 -0.8295 0.0613
vn 0.3075 -0.9513 -0.0239
vn 0.2833 -0.9590 -0.0120
vn 0.2796 -0.9599 -0.0179
vn 0.2441 -0.9697 0.0126
vn 0.2425 -0.9701 0.0107
vn -0.5042 0.8593 -0.0860
vn -0.5108 0.8581 -0.0518
vn -0.4443 0.8951 -0.0377
vn -0.4396 0.8960 -0.0626
vn -0.4216 0.9062 -0.0330
vn 0.2780 -0.9606 0.0013
vn 0.2778 -0.9606 -0.0012
vn 0.3498 -0.9368 -0.0060
vn 0.3923 -0.9198 0.0089
vn 0.3505 -0.9366 0.0060
vn 0.3208 -0.9446 -0.0697
vn 0.3489 -0.9316 -0.1021
vn 0.3612 -0.9281 -0.0899
vn 0.3356 -0.9406 -0.0512
vn 0.2749 -0.9614 -0.0106
vn 0.2736 -0.9618 -0.0127
vn 0.3293 -0.9422 -0.0614
vn 0.3021 -0.9496 -0.0837
vn 0.3214 -0.9390 -0.1227
vn 0.3363 -0.9348 -0.1142
vn 0.3695 -0.9017 -0.2247
vn 0.3967 -0.8938 -0.2090
vn 0.4315 -0.8618 -0.2666
vn 0.4610 -0.8548 -0.2386
vn 0.4197 -0.8882 -0.1869
vn 0.3968 -0.8719 -0.2868
vn -0.4066 0.8855 0.2251
vn -0.3773 0.8939 0.2420
vn -0.3471 0.9211 0.1762
vn -0.3685 0.9151 0.1639
vn -0.3711 0.9197 0.1282
vn -0.3865 0.9106 0.1466
vn 0.2659 -0.9638 -0.0185
vn 0.2635 -0.9645 -0.0191
vn 0.2806 -0.9554 -0.0926
vn 0.3064 -0.9428 -0.1312
vn 0.2919 -0.9523 -0.0896
vn 0.2132 -0.9734 -0.0837
vn 0.1911 -0.9739 -0.1227
vn 0.2061 -0.9697 -0.1312
vn 0.2347 -0.9677 -0.0926
vn 0.2540 -0.9670 -0.0191
vn 0.2517 -0.9676 -0.0185
vn 0.2234 -0.9706 -0.0896
vn 0.1761 -0.9777 -0.1142
vn 0.1034 -0.9724 -0.2090
vn 0.1309 -0.9656 -0.2247
vn 0.0572 -0.9621 -0.2666
vn 0.0923 -0.9535 -0.2868
vn 0.0806 -0.9791 -0.1869
vn 0.0282 -0.9707 -0.2386
vn -0.1384 0.9767 0.1639
vn -0.1600 0.9713 0.1762
vn -0.1202 0.9628 0.2420
vn -0.0906 0.9701 0.2251
vn -0.1729 0.9728 0.1541
vn 0.2439 -0.9697 -0.0127
vn 0.2426 -0.9701 -0.0106
vn 0.1797 -0.9824 -0.0512
vn 0.1512 -0.9844 -0.0899
vn 0.1637 -0.9812 -0.1021
vn 0.1944 -0.9784 -0.0697
vn 0.1859 -0.9806 -0.0614
vn 0.1670 -0.9858 0.0179
vn 0.1234 -0.9920 0.0262
vn 0.1202 -0.9927 0.0089
vn 0.1655 -0.9862 -0.0060
vn 0.2397 -0.9708 -0.0012
vn 0.2396 -0.9709 0.0013
vn 0.1648 -0.9863 0.0060
vn 0.0127 -0.9967 0.0798
vn 0.0069 -0.9988 0.0480
vn 0.1266 -0.9910 0.0436
vn 0.0070 0.9963 -0.0860
vn -0.0074 0.9930 -0.1176
vn -0.0778 0.9933 -0.0856
vn -0.0673 0.9958 -0.0626
vn -0.0879 0.9956 -0.0330
vn -0.0628 0.9973 -0.0377
vn 0.1865 -0.9806 0.0609
vn 0.1411 -0.9871 0.0756
vn 0.1339 -0.9892 0.0596
vn 0.1741 -0.9839 0.0407
vn 0.1791 -0.9825 0.0516
vn -0.2335 0.9566 -0.1745
vn -0.2292 0.9527 -0.1995
vn -0.2535 0.9459 -0.2026
vn -0.2153 0.9373 -0.2740
vn -0.2486 0.9278 -0.2782
vn 0.2500 -0.9331 0.2583
vn 0.2191 -0.9420 0.2544
vn 0.2393 -0.9610 0.1389
vn 0.2562 -0.9563 0.1411
vn 0.2461 -0.9646 0.0948
vn -0.2048 0.9589 -0.1962
vn -0.2122 0.9620 -0.1717
vn -0.1923 0.9676 -0.1635
vn -0.1818 0.9457 -0.2695
vn -0.1973 0.9552 -0.2207
vn -0.2053 0.9239 -0.3229
vn 0.1880 -0.9498 0.2502
vn 0.2050 -0.9234 0.3247
vn 0.2223 -0.9653 0.1367
vn 0.2097 -0.9611 0.1798
vn 0.2237 -0.9706 0.0889
vn 0.2517 -0.9676 0.0184
vn 0.2540 -0.9670 0.0193
vn 0.2345 -0.9676 0.0933
vn 0.2687 -0.9629 -0.0261
vn 0.2621 -0.9646 -0.0279
vn 0.2652 -0.9626 -0.0557
vn -0.2617 0.9649 0.0240
vn -0.2648 0.9629 0.0516
vn -0.2522 0.9663 0.0516
vn -0.2558 0.9664 0.0240
vn -0.2673 0.9633 0.0225
vn -0.2770 0.9597 0.0483
vn -0.2677 0.9603 0.0792
vn -0.2864 0.9552 0.0742
vn -0.2773 0.9576 0.0779
vn -0.1723 0.9727 -0.1553
vn 0.2495 -0.9682 0.0175
vn 0.2128 -0.9734 0.0844
vn 0.2903 -0.9559 -0.0454
vn 0.2747 -0.9613 -0.0227
vn 0.2847 -0.9573 -0.0496
vn -0.2725 0.9620 0.0195
vn -0.2880 0.9567 0.0421
vn -0.2954 0.9528 0.0705
vn -0.3033 0.9507 0.0646
vn -0.1375 0.9820 -0.1292
vn -0.1239 0.9859 -0.1121
vn 0.2456 -0.9693 0.0145
vn 0.1939 -0.9785 0.0702
vn 0.2958 -0.9544 -0.0412
vn -0.2767 0.9608 0.0154
vn -0.2972 0.9542 0.0331
vn -0.3174 0.9469 0.0509
vn -0.3112 0.9485 0.0586
vn -0.1011 0.9921 -0.0749
vn -0.0882 0.9902 -0.1086
vn -0.1102 0.9894 -0.0950
vn -0.0217 0.9886 -0.1491
vn -0.0662 0.9903 -0.1221
vn 0.0398 0.9896 -0.1386
vn -0.0414 -0.9894 0.1393
vn 0.0261 -0.9937 0.1092
vn 0.0394 -0.9896 0.1384
vn 0.1029 -0.9897 0.0995
vn -0.2799 0.9600 0.0103
vn -0.3039 0.9524 0.0221
vn -0.3236 0.9452 0.0431
vn -0.3277 0.9442 0.0340
vn 0.0133 0.9986 -0.0518
vn 0.0566 0.9932 -0.1013
vn 0.0641 0.9961 -0.0610
vn -0.0659 -0.9959 0.0613
vn -0.0584 -0.9931 0.1018
vn 0.3117 -0.9501 -0.0105
vn 0.2854 -0.9584 -0.0053
vn 0.3104 -0.9504 -0.0175
vn -0.2817 0.9595 0.0045
vn -0.3078 0.9514 0.0097
vn -0.3337 0.9426 0.0150
vn -0.3319 0.9430 0.0249
vn -0.0581 0.9982 -0.0127
vn -0.0839 0.9964 -0.0111
vn -0.0852 0.9963 0.0110
vn 0.0196 0.9997 -0.0175
vn -0.0324 0.9994 -0.0143
vn 0.0010 -0.9999 0.0162
vn 0.0754 -0.9971 0.0117
vn 0.2858 -0.9583 0.0018
vn -0.2820 0.9594 -0.0015
vn -0.3086 0.9512 -0.0033
vn -0.2822 0.9593 0.0015
vn -0.3349 0.9422 -0.0050
vn -0.3355 0.9420 0.0051
vn -0.0866 0.9957 0.0332
vn 0.2399 -0.9708 -0.0037
vn 0.1662 -0.9859 -0.0180
vn 0.3100 -0.9506 0.0173
vn 0.2845 -0.9586 0.0087
vn 0.3121 -0.9500 0.0106
vn -0.2809 0.9597 -0.0075
vn -0.3062 0.9518 -0.0161
vn -0.3343 0.9423 -0.0151
vn -0.3313 0.9432 -0.0247
vn -0.0998 0.9921 0.0755
vn -0.1114 0.9893 0.0942
vn 0.2414 -0.9704 -0.0085
vn 0.1734 -0.9840 -0.0410
vn -0.2390 0.9709 -0.0129
vn -0.2161 0.9760 -0.0279
vn -0.2241 0.9738 -0.0379
vn -0.2428 0.9699 -0.0176
vn -0.2052 0.9770 -0.0582
vn -0.1929 0.9803 -0.0428
vn -0.1981 0.9788 -0.0513
vn 0.2812 -0.9253 0.2544
vn -0.2400 0.9696 0.0483
vn -0.2502 0.9679 0.0225
vn -0.3982 0.9124 0.0942
vn -0.4096 0.9091 0.0755
vn 0.2777 -0.9607 -0.0037
vn 0.3490 -0.9369 -0.0180
vn -0.2365 0.9716 -0.0075
vn -0.2107 0.9774 -0.0161
vn -0.2588 0.9659 -0.0000
vn -0.2483 0.9654 0.0792
vn -0.2580 0.9628 0.0804
vn -0.2841 0.9028 -0.3229
vn -0.2822 0.9194 -0.2740
vn -0.2445 0.9126 -0.3278
vn 0.4423 -0.8816 -0.1647
vn 0.2358 -0.9717 0.0150
vn 0.2401 -0.9705 0.0205
vn 0.2213 -0.9743 0.0409
vn 0.3925 -0.9121 -0.1183
vn -0.4599 0.8557 0.2373
vn -0.4314 0.8794 0.2013
vn -0.4557 0.8723 0.1773
vn 0.2588 -0.9659 -0.0000
vn -0.4042 0.9055 0.1291
vn -0.4216 0.8951 0.1452
vn -0.3866 0.9153 0.1130
vn -0.2209 0.9728 -0.0699
vn -0.2343 0.9711 -0.0456
vn -0.2123 0.9750 -0.0651
vn -0.2475 0.9687 -0.0212
vn 0.2456 -0.9690 0.0246
vn 0.2323 -0.9714 0.0492
vn 0.2263 -0.9730 0.0458
vn -0.3962 0.8727 0.2852
vn -0.4306 0.8627 0.2652
vn -0.3366 0.9289 0.1541
vn -0.2294 0.9705 -0.0748
vn -0.2388 0.9680 -0.0773
vn -0.2460 0.9680 -0.0504
vn -0.2529 0.9672 -0.0234
vn 0.2520 -0.9674 0.0272
vn 0.3419 -0.9085 -0.2402
vn 0.3203 -0.9315 -0.1726
vn -0.3475 0.9013 0.2587
vn -0.3255 0.9266 0.1884
vn -0.3330 0.9188 0.2119
vn -0.2970 0.9396 0.1703
vn -0.3177 0.9338 0.1648
vn -0.2580 0.9628 -0.0798
vn -0.2585 0.9646 -0.0520
vn -0.2482 0.9654 -0.0798
vn -0.2587 0.9656 -0.0242
vn 0.2612 -0.9651 -0.0198
vn 0.2587 -0.9655 0.0281
vn 0.2584 -0.9644 0.0561
vn 0.2516 -0.9662 0.0561
vn 0.2693 -0.9583 -0.0956
vn -0.2762 0.9449 0.1758
vn -0.2677 0.9602 -0.0798
vn -0.2772 0.9577 -0.0773
vn -0.2710 0.9613 -0.0504
vn -0.2645 0.9641 -0.0234
vn 0.2655 -0.9637 0.0272
vn 0.2564 -0.9664 -0.0198
vn 0.2653 -0.9625 0.0561
vn 0.2460 -0.9646 -0.0956
vn -0.2125 0.9622 0.1703
vn -0.2333 0.9564 0.1758
vn -0.2951 0.9529 -0.0699
vn -0.2827 0.9581 -0.0456
vn -0.2866 0.9551 -0.0748
vn -0.2700 0.9626 -0.0212
vn 0.2718 -0.9620 0.0246
vn 0.2845 -0.9574 0.0492
vn 0.1582 -0.9578 -0.2402
vn 0.1883 -0.9668 -0.1726
vn -0.0933 0.9539 0.2852
vn -0.1497 0.9543 0.2587
vn -0.1814 0.9652 0.1884
vn -0.1710 0.9622 0.2119
vn -0.1917 0.9675 0.1648
vn -0.3108 0.9487 -0.0582
vn -0.2929 0.9554 -0.0379
vn -0.3036 0.9506 -0.0651
vn -0.2747 0.9614 -0.0176
vn 0.2773 -0.9606 0.0205
vn 0.2955 -0.9545 0.0409
vn 0.2905 -0.9558 0.0458
vn -0.0295 0.9710 0.2373
vn -0.0661 0.9773 0.2013
vn -0.0584 0.9624 0.2652
vn -0.1206 0.9818 0.1466
vn -0.1385 0.9820 0.1282
vn -0.3178 0.9468 -0.0513
vn -0.3231 0.9454 -0.0428
vn -0.3009 0.9533 -0.0279
vn -0.2784 0.9604 -0.0129
vn 0.2816 -0.9594 0.0150
vn 0.0578 -0.9847 -0.1647
vn 0.1162 -0.9862 -0.1183
vn -0.0415 0.9833 0.1773
vn -0.1027 0.9863 0.1291
vn -0.0824 0.9860 0.1452
vn -0.1228 0.9860 0.1130
vn -0.3283 0.9440 -0.0342
vn 0.3079 -0.9511 0.0241
vn 0.2762 -0.9611 -0.0085
vn 0.3418 -0.9389 -0.0410
vn 0.2068 -0.9782 0.0173
vn 0.2329 -0.9725 0.0087
vn 0.2089 -0.9776 0.0241
vn 0.2316 -0.9728 0.0018
vn 0.2047 -0.9788 0.0106
vn -0.1877 0.9816 -0.0342
vn -0.1847 0.9825 -0.0247
vn -0.4229 0.9056 0.0332
vn -0.4243 0.9054 0.0110
vn -0.2083 0.9781 -0.0033
vn -0.1811 0.9835 -0.0050
vn -0.1817 0.9832 -0.0151
vn -0.2355 0.9719 -0.0015
vn -0.4488 0.8936 -0.0127
vn -0.5168 0.8559 -0.0175
vn -0.4717 0.8817 -0.0143
vn -0.5536 0.8306 -0.0610
vn -0.4256 0.9049 -0.0111
vn 0.4991 -0.8664 0.0162
vn 0.4333 -0.9012 0.0117
vn 0.2051 -0.9787 -0.0105
vn 0.2321 -0.9727 -0.0053
vn -0.4085 0.9097 -0.0749
vn -0.4293 0.8991 -0.0856
vn -0.4901 0.8637 -0.1176
vn -0.1804 0.9836 0.0051
vn -0.2091 0.9778 0.0097
vn -0.1823 0.9831 0.0150
vn -0.2358 0.9718 0.0045
vn -0.2353 0.9719 0.0015
vn -0.5457 0.8319 -0.1013
vn -0.5292 0.8371 -0.1386
vn 0.2093 -0.9775 -0.0239
vn 0.2342 -0.9721 -0.0120
vn 0.2064 -0.9783 -0.0175
vn -0.2376 0.9713 0.0103
vn -0.2130 0.9768 0.0221
vn -0.1882 0.9815 0.0340
vn -0.1841 0.9826 0.0249
vn -0.3993 0.9119 -0.0950
vn -0.3857 0.9158 -0.1121
vn -0.4187 0.9016 -0.1086
vn -0.4755 0.8670 -0.1491
vn -0.4378 0.8907 -0.1221
vn 0.4607 -0.8767 0.1384
vn 0.4057 -0.9086 0.0995
vn 0.2378 -0.9711 -0.0179
vn -0.2408 0.9705 0.0154
vn -0.2198 0.9750 0.0331
vn -0.1986 0.9788 0.0509
vn -0.1924 0.9804 0.0431
vn -0.3719 0.9192 -0.1292
vn 0.2719 -0.9622 0.0145
vn 0.3213 -0.9444 0.0702
vn 0.2265 -0.9729 -0.0454
vn 0.2428 -0.9698 -0.0227
vn 0.2210 -0.9744 -0.0412
vn -0.2450 0.9693 0.0195
vn -0.2289 0.9725 0.0421
vn -0.2048 0.9770 0.0586
vn -0.2127 0.9750 0.0646
vn -0.3372 0.9285 -0.1553
vn 0.2680 -0.9632 0.0175
vn 0.3024 -0.9494 0.0844
vn 0.2487 -0.9682 -0.0261
vn 0.2321 -0.9714 -0.0496
vn -0.2296 0.9704 0.0742
vn -0.2206 0.9728 0.0705
vn -0.3154 0.9099 -0.2695
vn -0.3067 0.9259 -0.2207
vn 0.2842 -0.9021 0.3247
vn 0.3121 -0.9165 0.2502
vn 0.2989 -0.9372 0.1798
vn 0.2516 -0.9662 -0.0557
vn 0.2553 -0.9665 -0.0279
vn 0.2584 -0.9644 -0.0566
vn -0.2387 0.9680 0.0779
vn 0.2444 -0.9120 0.3296
vn 0.2588 -0.9659 0.0000
vn 0.9640 0.2583 -0.0628
vn 0.9488 0.2542 0.1874
vn 0.8156 0.2185 -0.5358
vn 0.6612 0.1772 -0.7290
vn 0.4653 0.1247 -0.8763
vn 0.2402 0.0644 -0.9686
vn -0.2402 -0.0644 -0.9686
vn -0.4653 -0.1247 -0.8763
vn -0.6612 -0.1772 -0.7290
vn -0.8156 -0.2185 -0.5358
vn -0.9640 -0.2583 -0.0628
vn -0.9488 -0.2542 0.1874
vn -0.8740 -0.2342 0.4258
vn -0.7443 -0.1994 0.6374
vn -0.3556 -0.0953 0.9298
vn -0.1211 -0.0324 0.9921
vn 0.1211 0.0324 0.9921
vn 0.3556 0.0953 0.9298
vn 0.7443 0.1994 0.6374
vn 0.8740 0.2342 0.4258
vn 0.2770 -0.9609 -0.0036
vn 0.2755 -0.9613 -0.0082
vn 0.5060 -0.8533 -0.1260
vn 0.5281 -0.8474 -0.0555
vn -0.2411 0.9705 0.0059
vn -0.2431 0.9699 0.0103
vn -0.0058 0.9873 0.1586
vn 0.0248 0.9955 0.0915
vn -0.2773 0.9608 0.0012
vn -0.5326 0.8462 0.0186
vn -0.5192 0.8497 0.0915
vn -0.2764 0.9610 0.0059
vn -0.0791 0.9677 -0.2395
vn -0.2479 0.9687 -0.0155
vn -0.2445 0.9696 -0.0122
vn -0.0269 0.9817 -0.1887
vn 0.0115 0.9920 -0.1260
vn -0.2420 0.9702 -0.0082
vn -0.2406 0.9706 -0.0036
vn 0.0337 0.9979 -0.0555
vn -0.2498 0.9681 0.0169
vn -0.2542 0.9670 0.0186
vn -0.1761 0.9417 0.2868
vn -0.1094 0.9595 0.2594
vn 0.2472 -0.9226 0.2961
vn 0.2588 -0.9657 0.0192
vn 0.2634 -0.9645 0.0186
vn 0.3183 -0.9036 0.2868
vn 0.2520 -0.9676 -0.0178
vn 0.1420 -0.9508 -0.2752
vn 0.2114 -0.9322 -0.2937
vn 0.2565 -0.9664 -0.0190
vn -0.2461 0.9692 0.0140
vn -0.0515 0.9751 0.2158
vn 0.2445 -0.9696 -0.0122
vn 0.0269 -0.9817 -0.1887
vn 0.0791 -0.9677 -0.2395
vn 0.2479 -0.9687 -0.0155
vn -0.0248 -0.9955 0.0915
vn -0.0382 -0.9991 0.0186
vn 0.2403 -0.9707 0.0012
vn 0.2411 -0.9705 0.0059
vn 0.2831 -0.9130 -0.2937
vn 0.2611 -0.9651 -0.0190
vn -0.2403 0.9707 0.0012
vn 0.0382 0.9991 0.0186
vn -0.2114 0.9322 -0.2937
vn -0.2565 0.9664 -0.0190
vn -0.2520 0.9676 -0.0178
vn -0.1420 0.9508 -0.2752
vn 0.1094 -0.9595 0.2594
vn 0.0515 -0.9751 0.2158
vn 0.2461 -0.9692 0.0140
vn 0.2498 -0.9681 0.0169
vn -0.3525 0.8944 -0.2752
vn -0.4153 0.8776 -0.2395
vn -0.2696 0.9628 -0.0155
vn -0.2656 0.9639 -0.0178
vn -0.2831 0.9130 -0.2937
vn -0.2611 0.9651 -0.0190
vn 0.2406 -0.9706 -0.0036
vn -0.0337 -0.9979 -0.0555
vn -0.0115 -0.9920 -0.1260
vn 0.2420 -0.9702 -0.0082
vn 0.0058 -0.9873 0.1586
vn 0.2431 -0.9699 0.0103
vn 0.2730 -0.9619 -0.0122
vn 0.2696 -0.9628 -0.0155
vn 0.4153 -0.8776 -0.2395
vn 0.4675 -0.8636 -0.1887
vn -0.2588 0.9657 0.0192
vn -0.2472 0.9226 0.2961
vn 0.2656 -0.9639 -0.0178
vn 0.3525 -0.8944 -0.2752
vn -0.4675 0.8636 -0.1887
vn -0.2730 0.9619 -0.0122
vn 0.1761 -0.9417 0.2868
vn 0.2542 -0.9670 0.0186
vn 0.3850 -0.8857 0.2594
vn 0.2677 -0.9633 0.0169
vn 0.2715 -0.9623 0.0140
vn 0.4430 -0.8702 0.2158
vn 0.2773 -0.9608 0.0012
vn 0.5326 -0.8462 0.0186
vn 0.5192 -0.8497 0.0915
vn 0.2764 -0.9610 0.0059
vn -0.2677 0.9633 0.0169
vn -0.3850 0.8857 0.2594
vn -0.3183 0.9036 0.2868
vn -0.2634 0.9645 0.0186
vn 0.4887 -0.8579 0.1586
vn 0.2744 -0.9615 0.0103
vn -0.2715 0.9623 0.0140
vn -0.4430 0.8702 0.2158
vn -0.4887 0.8579 0.1586
vn -0.2744 0.9615 0.0103
vn -0.5281 0.8474 -0.0555
vn -0.2770 0.9609 -0.0036
vn -0.5060 0.8533 -0.1260
vn -0.2755 0.9613 -0.0082
vn 0.5285 -0.7229 -0.4451
vn 0.6256 -0.6969 -0.3507
vn 0.2316 -0.9673 -0.1038
vn 0.2573 -0.9604 -0.1071
vn 0.2538 -0.9473 -0.1954
vn 0.2069 -0.9599 -0.1893
vn 0.2954 -0.9502 0.0996
vn 0.2703 -0.9569 0.1063
vn 0.2775 -0.9410 0.1939
vn 0.3233 -0.9287 0.1817
vn 0.3831 -0.9127 -0.1425
vn 0.4132 -0.9046 -0.1047
vn 0.5950 -0.7674 -0.2387
vn 0.5263 -0.7859 -0.3247
vn 0.2075 -0.9737 -0.0939
vn 0.1629 -0.9717 -0.1713
vn 0.8446 -0.2406 -0.4782
vn 0.7069 -0.2775 -0.6506
vn 0.4390 -0.8092 -0.3904
vn 0.5321 -0.3243 -0.7821
vn 0.4846 -0.7970 0.3604
vn 0.3901 -0.8223 0.4142
vn 0.4341 -0.3506 0.8299
vn 0.6235 -0.2998 0.7221
vn 0.5633 -0.7760 0.2840
vn 0.7810 -0.2576 0.5689
vn 0.6211 -0.7605 0.1897
vn 0.8968 -0.2266 0.3800
vn 0.6544 -0.7515 0.0835
vn 0.9636 -0.2087 0.1672
vn 0.6612 -0.7497 -0.0280
vn 0.9771 -0.2050 -0.0560
vn 0.3483 -0.7712 0.5329
vn 0.2161 -0.8066 0.5502
vn 0.0743 -0.9954 -0.0604
vn 0.0944 -0.9900 -0.1047
vn -0.1316 -0.9621 -0.2387
vn -0.1775 -0.9744 -0.1377
vn 0.2317 -0.8648 -0.4455
vn 0.1247 -0.8935 -0.4315
vn 0.1778 -0.8792 0.4420
vn 0.0733 -0.9072 0.4142
vn -0.2007 -0.5206 0.8299
vn 0.0087 -0.4646 0.8855
vn 0.0244 -0.9203 -0.3904
vn -0.1540 0.9880 -0.0067
vn -0.1589 0.9867 -0.0331
vn -0.0743 0.9954 -0.0604
vn -0.0654 0.9978 -0.0123
vn -0.2648 -0.9354 -0.2343
vn -0.1934 -0.9163 -0.3507
vn -0.1557 0.9876 0.0201
vn -0.0684 0.9970 0.0366
vn -0.9771 0.2050 -0.0560
vn -0.9636 0.2087 0.1672
vn -0.7301 -0.6625 0.1672
vn -0.7437 -0.6661 -0.0560
vn 0.3387 -0.8361 -0.4315
vn 0.3311 -0.3781 -0.8645
vn 0.1167 -0.4356 -0.8925
vn -0.0628 -0.9437 -0.3247
vn -0.2986 -0.5469 -0.7821
vn -0.4734 -0.5937 -0.6506
vn 0.1843 -0.9659 0.1817
vn 0.1429 -0.9770 0.1581
vn -0.0212 -0.9326 0.3604
vn 0.1246 -0.9819 -0.1425
vn -0.0963 -0.8903 -0.4451
vn 0.0205 -0.8590 -0.5116
vn 0.2444 -0.9638 0.1063
vn 0.2192 -0.9706 0.0996
vn 0.2302 -0.9536 0.1939
vn 0.3590 -0.9331 0.0201
vn 0.3510 -0.9353 0.0456
vn 0.4246 -0.9015 0.0832
vn 0.4393 -0.8976 0.0366
vn 0.3371 -0.9390 0.0683
vn 0.3993 -0.9083 0.1246
vn 0.3282 -0.9414 -0.0781
vn 0.3447 -0.9370 -0.0574
vn 0.3558 -0.9340 -0.0331
vn 0.4334 -0.8992 -0.0604
vn 0.1557 -0.9876 0.0201
vn 0.1540 -0.9880 -0.0067
vn 0.0654 -0.9978 -0.0123
vn 0.0684 -0.9970 0.0366
vn -0.0977 -0.4930 -0.8645
vn 0.3008 -0.9347 -0.1893
vn -0.0998 -0.9536 0.2840
vn -0.5476 -0.6136 0.5689
vn -0.3900 -0.5714 0.7221
vn 0.2831 -0.9535 -0.1038
vn 0.3072 -0.9470 -0.0939
vn 0.3448 -0.9229 -0.1713
vn 0.6410 -0.7551 -0.1377
vn 0.9367 -0.2159 -0.2758
vn 0.0840 -0.8420 0.5329
vn 0.6970 -0.6777 -0.2343
vn -0.1576 -0.9691 0.1897
vn -0.6634 -0.6446 0.3800
vn -0.0399 -0.8752 0.4821
vn -0.7216 0.6711 0.1700
vn -0.6648 0.6863 0.2948
vn -0.8446 0.2406 -0.4782
vn -0.9367 0.2159 -0.2758
vn -0.7032 -0.6553 -0.2758
vn -0.6112 -0.6306 -0.4782
vn -0.0087 0.4646 0.8855
vn 0.2007 0.5206 0.8299
vn 0.2248 -0.4066 0.8855
vn -0.5950 0.7674 -0.2387
vn -0.6410 0.7551 -0.1377
vn -0.2856 0.8503 0.4420
vn -0.1778 0.8792 0.4420
vn -0.2248 0.4066 0.8855
vn -0.1167 0.4356 -0.8925
vn -0.3311 0.3781 -0.8645
vn 0.6112 0.6306 -0.4782
vn 0.4734 0.5937 -0.6506
vn -0.3447 0.9370 -0.0574
vn -0.3558 0.9340 -0.0331
vn -0.4334 0.8992 -0.0604
vn -0.4132 0.9046 -0.1047
vn 0.2326 0.9268 0.2948
vn 0.2893 0.9420 0.1700
vn -0.8968 0.2266 0.3800
vn -0.7810 0.2576 0.5689
vn 0.3143 0.9487 0.0345
vn -0.6970 0.6777 -0.2343
vn -0.7382 0.6667 -0.1031
vn -0.7465 0.6645 0.0345
vn -0.5799 0.7091 0.4011
vn -0.4722 0.7380 0.4821
vn 0.4422 -0.8968 -0.0123
vn 0.1965 -0.9767 0.0867
vn 0.7382 -0.6667 -0.1031
vn 0.7465 -0.6645 0.0345
vn -0.1977 -0.9799 -0.0280
vn -0.1909 -0.9780 0.0835
vn 0.6648 -0.6863 0.2948
vn 0.5799 -0.7091 0.4011
vn 0.1084 -0.9863 0.1246
vn 0.1495 -0.8244 -0.5459
vn 0.2827 -0.7887 -0.5459
vn 0.3059 0.9465 -0.1031
vn 0.2648 0.9354 -0.2343
vn -0.2827 0.7887 -0.5459
vn -0.4118 0.7542 -0.5116
vn -0.5321 0.3243 -0.7821
vn -0.7069 0.2775 -0.6506
vn 0.6634 0.6446 0.3800
vn 0.7301 0.6625 0.1672
vn 0.7437 0.6661 -0.0560
vn 0.7032 0.6553 -0.2758
vn 0.2986 0.5469 -0.7821
vn 0.0977 0.4930 -0.8645
vn -0.1637 0.9855 0.0456
vn -0.0830 0.9931 0.0832
vn -0.1776 0.9817 0.0683
vn -0.1084 0.9863 0.1246
vn -0.5285 0.7229 -0.4451
vn -0.6256 0.6969 -0.3507
vn 0.4722 -0.7380 0.4821
vn -0.6235 0.2998 0.7221
vn 0.2856 -0.8503 0.4420
vn 0.1865 -0.9793 -0.0781
vn -0.1699 0.9838 -0.0574
vn -0.1865 0.9793 -0.0781
vn -0.1246 0.9819 -0.1425
vn -0.0944 0.9900 -0.1047
vn -0.3606 0.9327 -0.0067
vn -0.3590 0.9331 0.0201
vn -0.4393 0.8976 0.0366
vn -0.4422 0.8968 -0.0123
vn -0.2317 0.8648 -0.4455
vn -0.3387 0.8361 -0.4315
vn -0.2069 0.9599 -0.1893
vn -0.2538 0.9473 -0.1954
vn -0.1247 0.8935 -0.4315
vn 0.1576 0.9691 0.1897
vn 0.0998 0.9536 0.2840
vn -0.2703 0.9569 0.1063
vn -0.2444 0.9638 0.1063
vn -0.2302 0.9536 0.1939
vn -0.2775 0.9410 0.1939
vn -0.5633 0.7760 0.2840
vn -0.4846 0.7970 0.3604
vn -0.2075 0.9737 -0.0939
vn -0.2316 0.9673 -0.1038
vn -0.1629 0.9717 -0.1713
vn -0.2573 0.9604 -0.1071
vn -0.3901 0.8223 0.4142
vn -0.4341 0.3506 0.8299
vn 0.1977 0.9799 -0.0280
vn 0.1775 0.9744 -0.1377
vn 0.1316 0.9621 -0.2387
vn -0.3483 0.7712 0.5329
vn -0.2161 0.8066 0.5502
vn 0.1934 0.9163 -0.3507
vn -0.6211 0.7605 0.1897
vn -0.4246 0.9015 0.0832
vn -0.6544 0.7515 0.0835
vn -0.3993 0.9083 0.1246
vn 0.3900 0.5714 0.7221
vn -0.3282 0.9414 -0.0781
vn -0.3831 0.9127 -0.1425
vn 0.0963 0.8903 -0.4451
vn -0.0205 0.8590 -0.5116
vn -0.2831 0.9535 -0.1038
vn -0.3008 0.9347 -0.1893
vn -0.2192 0.9706 0.0996
vn -0.1843 0.9659 0.1817
vn 0.0628 0.9437 -0.3247
vn -0.3072 0.9470 -0.0939
vn -0.3448 0.9229 -0.1713
vn -0.0244 0.9203 -0.3904
vn -0.0733 0.9072 0.4142
vn 0.0212 0.9326 0.3604
vn 0.5476 0.6136 0.5689
vn 0.1909 0.9780 0.0835
vn -0.0840 0.8420 0.5329
vn -0.4390 0.8092 -0.3904
vn 0.0399 0.8752 0.4821
vn 0.1477 0.9041 0.4011
vn -0.6612 0.7497 -0.0280
vn -0.3648 0.9176 0.1581
vn -0.1495 0.8244 -0.5459
vn -0.3233 0.9287 0.1817
vn -0.5263 0.7859 -0.3247
vn 0.3182 -0.9441 0.0867
vn 0.3648 -0.9176 0.1581
vn -0.2954 0.9502 0.0996
vn -0.3182 0.9441 0.0867
vn -0.3371 0.9390 0.0683
vn -0.3510 0.9353 0.0456
vn -0.1965 0.9767 0.0867
vn -0.1429 0.9770 0.1581
vn 0.1776 -0.9817 0.0683
vn 0.1637 -0.9855 0.0456
vn 0.0830 -0.9931 0.0832
vn -0.1477 -0.9041 0.4011
vn -0.2326 -0.9268 0.2948
vn -0.2893 -0.9420 0.1700
vn 0.1589 -0.9867 -0.0331
vn 0.1699 -0.9838 -0.0574
vn 0.7216 -0.6711 0.1700
vn -0.3059 -0.9465 -0.1031
vn -0.3143 -0.9487 0.0345
vn 0.3606 -0.9327 -0.0067
vn 0.4118 -0.7542 -0.5116
# 972 vertex normals

vt 15.6341 36.4452 0.0000
vt 15.6341 37.7690 0.0000
vt 14.6963 37.7690 0.0000
vt 14.6963 36.4452 0.0000
vt 14.6963 4.3162 0.0000
vt 14.6963 2.9923 0.0000
vt 15.6341 2.9923 0.0000
vt 15.6341 4.3162 0.0000
vt 15.6341 35.1213 0.0000
vt 14.6963 35.1213 0.0000
vt 36.4304 5.4533 0.0000
vt 37.7091 5.1106 0.0000
vt 37.9518 6.0165 0.0000
vt 36.6731 6.3591 0.0000
vt -15.6341 25.1919 0.0000
vt -14.6963 25.1919 0.0000
vt -14.6963 26.5157 0.0000
vt -15.6341 26.5157 0.0000
vt -15.6341 23.8680 0.0000
vt -14.6963 23.8680 0.0000
vt -15.6341 -16.8843 0.0000
vt -15.6341 -18.2082 0.0000
vt -14.6963 -18.2082 0.0000
vt -14.6963 -16.8843 0.0000
vt -15.6341 -19.5321 0.0000
vt -14.6963 -19.5321 0.0000
vt 15.6341 5.6400 0.0000
vt 14.6963 5.6400 0.0000
vt 15.3533 27.0408 0.0000
vt 15.2765 27.3165 0.0000
vt 14.3409 27.3165 0.0000
vt 14.4172 27.0408 0.0000
vt -14.5898 -0.6257 0.0000
vt -13.5065 -0.6257 0.0000
vt -13.5938 0.8839 0.0000
vt -14.6367 0.8839 0.0000
vt -14.5898 36.7707 0.0000
vt -13.5065 36.7707 0.0000
vt -13.5938 38.2803 0.0000
vt -14.6367 38.2803 0.0000
vt -14.5829 26.1946 0.0000
vt -13.4410 26.1946 0.0000
vt -13.4433 26.7876 0.0000
vt -14.5845 26.7876 0.0000
vt -13.4433 23.5394 0.0000
vt -13.4410 24.1324 0.0000
vt -14.5829 24.1324 0.0000
vt -14.5845 23.5394 0.0000
vt -15.2765 1.6825 0.0000
vt -14.3409 1.6825 0.0000
vt -14.4172 1.9582 0.0000
vt -15.3533 1.9582 0.0000
vt -13.5065 34.6511 0.0000
vt -14.5898 34.6511 0.0000
vt -14.6367 33.1415 0.0000
vt -13.5938 33.1415 0.0000
vt 13.4968 -5.0125 0.0000
vt 13.4690 -5.4520 0.0000
vt 14.6025 -5.4520 0.0000
vt 14.6221 -5.0125 0.0000
vt 14.4928 29.6284 0.0000
vt 14.5779 31.1380 0.0000
vt 13.4339 31.1380 0.0000
vt 13.3127 29.6284 0.0000
vt -14.6025 -38.5158 0.0000
vt -14.5779 -38.9553 0.0000
vt -13.4339 -38.9553 0.0000
vt -13.4690 -38.5158 0.0000
vt -13.4690 8.4363 0.0000
vt -13.4339 8.8757 0.0000
vt -14.5779 8.8757 0.0000
vt -14.6025 8.4363 0.0000
vt 13.4339 -24.8050 0.0000
vt 14.5779 -24.8050 0.0000
vt 14.6025 -24.3655 0.0000
vt 13.4690 -24.3655 0.0000
vt -13.4339 -0.6967 0.0000
vt -13.3127 0.8129 0.0000
vt -14.4928 0.8129 0.0000
vt -14.5779 -0.6967 0.0000
vt 14.5779 28.5706 0.0000
vt 14.6025 29.0101 0.0000
vt 13.4690 29.0101 0.0000
vt 13.4339 28.5706 0.0000
vt -14.5779 -33.6326 0.0000
vt -14.4928 -35.1422 0.0000
vt -13.3127 -35.1422 0.0000
vt -13.4339 -33.6326 0.0000
vt 13.4433 -33.3298 0.0000
vt 14.5845 -33.3298 0.0000
vt 14.5829 -32.7368 0.0000
vt 13.4410 -32.7368 0.0000
vt 13.4339 -32.3209 0.0000
vt 13.3127 -33.8305 0.0000
vt 14.4928 -33.8305 0.0000
vt 14.5779 -32.3209 0.0000
vt -13.4410 34.7423 0.0000
vt -14.5829 34.7423 0.0000
vt -14.5845 34.1493 0.0000
vt -13.4433 34.1493 0.0000
vt -14.6025 -18.6738 0.0000
vt -14.6221 -19.1133 0.0000
vt -13.4968 -19.1133 0.0000
vt -13.4690 -18.6738 0.0000
vt 13.5938 34.1709 0.0000
vt 13.5065 32.6613 0.0000
vt 14.5898 32.6613 0.0000
vt 14.6367 34.1709 0.0000
vt -13.4968 24.5571 0.0000
vt -13.4690 24.9965 0.0000
vt -14.6025 24.9965 0.0000
vt -14.6221 24.5571 0.0000
vt 14.5898 16.7074 0.0000
vt 13.5065 16.7074 0.0000
vt 13.5938 15.1978 0.0000
vt 14.6367 15.1978 0.0000
vt -15.3835 -23.1922 0.0000
vt -15.3533 -23.4679 0.0000
vt -14.4172 -23.4679 0.0000
vt -14.4472 -23.1922 0.0000
vt -13.5105 -4.4567 0.0000
vt -13.4968 -4.0173 0.0000
vt -14.6221 -4.0173 0.0000
vt -14.6317 -4.4567 0.0000
vt 13.5065 -26.8317 0.0000
vt 13.5938 -28.3413 0.0000
vt 14.6367 -28.3413 0.0000
vt 14.5898 -26.8317 0.0000
vt 15.3533 40.6713 0.0000
vt 15.3835 40.9470 0.0000
vt 14.4472 40.9470 0.0000
vt 14.4172 40.6713 0.0000
vt 14.5779 31.6361 0.0000
vt 13.4339 31.6361 0.0000
vt 13.4690 31.1966 0.0000
vt 14.6025 31.1966 0.0000
vt -14.5898 -32.5172 0.0000
vt -14.6367 -34.0268 0.0000
vt -13.5938 -34.0268 0.0000
vt -13.5065 -32.5172 0.0000
vt -14.6221 12.3335 0.0000
vt -13.4968 12.3335 0.0000
vt -13.5105 12.7730 0.0000
vt -14.6317 12.7730 0.0000
vt 14.4928 39.0845 0.0000
vt 13.3127 39.0845 0.0000
vt 13.4339 37.5749 0.0000
vt 14.5779 37.5749 0.0000
vt -13.4339 38.5230 0.0000
vt -13.3127 40.0326 0.0000
vt -14.4928 40.0326 0.0000
vt -14.5779 38.5230 0.0000
vt 13.5938 -7.3414 0.0000
vt 13.5065 -8.8510 0.0000
vt 14.5898 -8.8510 0.0000
vt 14.6367 -7.3414 0.0000
vt -14.4928 7.4636 0.0000
vt -13.3127 7.4636 0.0000
vt -13.4339 8.9732 0.0000
vt -14.5779 8.9732 0.0000
vt -14.6025 24.8181 0.0000
vt -13.4690 24.8181 0.0000
vt -13.4968 25.2575 0.0000
vt -14.6221 25.2575 0.0000
vt 14.4172 42.6975 0.0000
vt 14.3409 42.4218 0.0000
vt 15.2765 42.4218 0.0000
vt 15.3533 42.6975 0.0000
vt -13.4690 41.4242 0.0000
vt -13.4339 41.8637 0.0000
vt -14.5779 41.8637 0.0000
vt -14.6025 41.4242 0.0000
vt 14.4472 -23.4548 0.0000
vt 14.4172 -23.7306 0.0000
vt 15.3533 -23.7306 0.0000
vt 15.3835 -23.4548 0.0000
vt -14.5779 -0.2471 0.0000
vt -13.4339 -0.2471 0.0000
vt -13.4690 0.1923 0.0000
vt -14.6025 0.1923 0.0000
vt -13.4690 31.4345 0.0000
vt -14.6025 31.4345 0.0000
vt -14.5779 30.9950 0.0000
vt -13.4339 30.9950 0.0000
vt 15.3533 -10.8443 0.0000
vt 14.4172 -10.8443 0.0000
vt 14.4472 -11.1201 0.0000
vt 15.3835 -11.1201 0.0000
vt -13.4690 39.9071 0.0000
vt -14.6025 39.9071 0.0000
vt -14.6221 39.4676 0.0000
vt -13.4968 39.4676 0.0000
vt -14.6221 -16.8917 0.0000
vt -14.6025 -17.3312 0.0000
vt -13.4690 -17.3312 0.0000
vt -13.4968 -16.8917 0.0000
vt 15.2765 5.1916 0.0000
vt 14.3409 5.1916 0.0000
vt 14.4172 4.9158 0.0000
vt 15.3533 4.9158 0.0000
vt -13.4339 31.3627 0.0000
vt -14.5779 31.3627 0.0000
vt -14.4928 29.8531 0.0000
vt -13.3127 29.8531 0.0000
vt -13.5105 34.4360 0.0000
vt -13.4968 34.8755 0.0000
vt -14.6221 34.8755 0.0000
vt -14.6317 34.4360 0.0000
vt 13.5105 15.6586 0.0000
vt 13.4968 15.2191 0.0000
vt 14.6221 15.2191 0.0000
vt 14.6317 15.6586 0.0000
vt -13.5105 35.7856 0.0000
vt -14.6317 35.7856 0.0000
vt -14.6221 35.3461 0.0000
vt -13.4968 35.3461 0.0000
vt -14.6317 -29.6650 0.0000
vt -14.6221 -30.1045 0.0000
vt -13.4968 -30.1045 0.0000
vt -13.5105 -29.6650 0.0000
vt -13.5938 7.5745 0.0000
vt -13.5065 9.0841 0.0000
vt -14.5898 9.0841 0.0000
vt -14.6367 7.5745 0.0000
vt 14.6221 33.3200 0.0000
vt 13.4968 33.3200 0.0000
vt 13.5105 32.8806 0.0000
vt 14.6317 32.8806 0.0000
vt 13.4690 -26.8850 0.0000
vt 13.4968 -27.3245 0.0000
vt 14.6221 -27.3245 0.0000
vt 14.6025 -26.8850 0.0000
vt 13.4339 -11.5956 0.0000
vt 13.4690 -12.0350 0.0000
vt 14.6025 -12.0350 0.0000
vt 14.5779 -11.5956 0.0000
vt 14.6025 30.7530 0.0000
vt 14.6221 31.1924 0.0000
vt 13.4968 31.1924 0.0000
vt 13.4690 30.7530 0.0000
vt 14.5898 33.6770 0.0000
vt 13.5065 33.6770 0.0000
vt 13.5938 32.1674 0.0000
vt 14.6367 32.1674 0.0000
vt 14.4928 -1.0848 0.0000
vt 13.3127 -1.0848 0.0000
vt 13.4339 -2.5944 0.0000
vt 14.5779 -2.5944 0.0000
vt 14.6221 40.8745 0.0000
vt 14.6025 41.3139 0.0000
vt 13.4690 41.3139 0.0000
vt 13.4968 40.8745 0.0000
vt -14.5845 -16.3227 0.0000
vt -14.5829 -16.9157 0.0000
vt -13.4410 -16.9157 0.0000
vt -13.4433 -16.3227 0.0000
vt 13.4690 19.1653 0.0000
vt 13.4339 18.7258 0.0000
vt 14.5779 18.7258 0.0000
vt 14.6025 19.1653 0.0000
vt 13.4339 10.7320 0.0000
vt 13.3127 9.2224 0.0000
vt 14.4928 9.2224 0.0000
vt 14.5779 10.7320 0.0000
vt -14.5845 -20.0526 0.0000
vt -13.4433 -20.0526 0.0000
vt -13.4410 -19.4596 0.0000
vt -14.5829 -19.4596 0.0000
vt 35.1516 5.7959 0.0000
vt 35.3943 6.7018 0.0000
vt -22.2957 -10.0373 0.0000
vt -14.6590 -10.0373 0.0000
vt -14.6590 -9.1052 0.0000
vt -22.2957 -9.1052 0.0000
vt -22.2957 -0.8037 0.0000
vt -14.6590 -0.8037 0.0000
vt -14.6590 0.1284 0.0000
vt -22.2957 0.1284 0.0000
vt -22.2957 8.4511 0.0000
vt -14.6590 8.4511 0.0000
vt -14.6590 9.3832 0.0000
vt -22.2957 9.3832 0.0000
vt -22.2957 -17.7374 0.0000
vt -22.2957 -18.6695 0.0000
vt -14.6590 -18.6695 0.0000
vt -14.6590 -17.7374 0.0000
vt 22.2957 33.9562 0.0000
vt 14.6590 33.9562 0.0000
vt 14.6590 33.0240 0.0000
vt 22.2957 33.0240 0.0000
vt 14.6590 28.8920 0.0000
vt 14.6590 27.9599 0.0000
vt 22.2957 27.9599 0.0000
vt 22.2957 28.8920 0.0000
vt -22.2957 -25.2258 0.0000
vt -22.2957 -26.1579 0.0000
vt -14.6590 -26.1579 0.0000
vt -14.6590 -25.2258 0.0000
vt 14.4622 41.4971 0.0000
vt 14.5898 42.8468 0.0000
vt 13.5065 42.8468 0.0000
vt 13.2692 41.4971 0.0000
vt 13.3127 40.9444 0.0000
vt 14.4928 40.9444 0.0000
vt 13.2805 13.0496 0.0000
vt 13.2692 12.9863 0.0000
vt 13.3897 11.4910 0.0000
vt 13.4433 10.7986 0.0000
vt 14.5845 10.7986 0.0000
vt 14.5469 11.4910 0.0000
vt 14.4622 12.9863 0.0000
vt 14.4683 13.0496 0.0000
vt -14.8385 36.2796 0.0000
vt -13.8567 36.2796 0.0000
vt -14.1038 37.6272 0.0000
vt -14.4663 38.9602 0.0000
vt -14.6963 39.6861 0.0000
vt -15.6341 39.6861 0.0000
vt -15.4027 38.9602 0.0000
vt -15.0380 37.6272 0.0000
vt -14.4622 32.1781 0.0000
vt -14.5469 30.6828 0.0000
vt -14.5845 29.9904 0.0000
vt -13.4433 29.9904 0.0000
vt -13.3897 30.6828 0.0000
vt -13.2692 32.1781 0.0000
vt -13.2805 32.2413 0.0000
vt -14.4683 32.2413 0.0000
vt 14.3409 33.1750 0.0000
vt 14.1038 32.4819 0.0000
vt 13.6321 30.4372 0.0000
vt 13.4232 29.2605 0.0000
vt 13.2805 28.3925 0.0000
vt 14.4683 28.3925 0.0000
vt 14.5450 29.2605 0.0000
vt 14.6572 30.4372 0.0000
vt 15.0380 32.4819 0.0000
vt 15.2765 33.1750 0.0000
vt 13.6321 -34.2272 0.0000
vt 13.8567 -35.6535 0.0000
vt 14.8385 -35.6535 0.0000
vt 14.6572 -34.2272 0.0000
vt 14.6469 -34.0681 0.0000
vt 14.6367 -33.8420 0.0000
vt 13.5938 -33.8420 0.0000
vt 13.6128 -34.0681 0.0000
vt -14.4683 17.0392 0.0000
vt -13.2805 17.0392 0.0000
vt -13.4232 17.9073 0.0000
vt -13.6321 19.0839 0.0000
vt -14.1038 21.1287 0.0000
vt -14.3409 21.8218 0.0000
vt -15.2765 21.8218 0.0000
vt -15.0380 21.1287 0.0000
vt -14.6572 19.0839 0.0000
vt -14.5450 17.9073 0.0000
vt 14.1038 10.1507 0.0000
vt 13.8567 8.8031 0.0000
vt 14.8385 8.8031 0.0000
vt 15.0380 10.1507 0.0000
vt 15.4027 11.4837 0.0000
vt 15.6341 12.2096 0.0000
vt 14.6963 12.2096 0.0000
vt 14.4663 11.4837 0.0000
vt 13.6128 -0.0019 0.0000
vt 13.5938 -0.2280 0.0000
vt 14.6367 -0.2280 0.0000
vt 14.6469 -0.0019 0.0000
vt 14.6572 0.1572 0.0000
vt 14.8385 1.5835 0.0000
vt 13.8567 1.5835 0.0000
vt 13.6321 0.1572 0.0000
vt -15.4027 -32.5451 0.0000
vt -15.6341 -33.2709 0.0000
vt -14.6963 -33.2709 0.0000
vt -14.4663 -32.5451 0.0000
vt -14.1038 -31.2121 0.0000
vt -13.8567 -29.8645 0.0000
vt -14.8385 -29.8645 0.0000
vt -15.0380 -31.2121 0.0000
vt 14.1038 -24.8372 0.0000
vt 14.3409 -25.5303 0.0000
vt 15.2765 -25.5303 0.0000
vt 15.0380 -24.8372 0.0000
vt 14.6572 -22.7924 0.0000
vt 14.5450 -21.6158 0.0000
vt 14.4683 -20.7477 0.0000
vt 13.2805 -20.7477 0.0000
vt 13.4232 -21.6158 0.0000
vt 13.6321 -22.7924 0.0000
vt 14.8385 -0.2181 0.0000
vt 13.8567 -0.2181 0.0000
vt 14.1038 -1.5656 0.0000
vt 14.4663 -2.8987 0.0000
vt 14.6963 -3.6245 0.0000
vt 15.6341 -3.6245 0.0000
vt 15.4027 -2.8987 0.0000
vt 15.0380 -1.5656 0.0000
vt -14.3409 -13.2804 0.0000
vt -14.1038 -12.5873 0.0000
vt -13.6321 -10.5426 0.0000
vt -13.4232 -9.3659 0.0000
vt -13.2805 -8.4979 0.0000
vt -14.4683 -8.4979 0.0000
vt -14.5450 -9.3659 0.0000
vt -14.6572 -10.5426 0.0000
vt -15.0380 -12.5873 0.0000
vt -15.2765 -13.2804 0.0000
vt 14.5845 30.7217 0.0000
vt 13.4433 30.7217 0.0000
vt 13.3897 30.0293 0.0000
vt 13.2692 28.5340 0.0000
vt 13.2805 28.4708 0.0000
vt 14.4683 28.4708 0.0000
vt 14.4622 28.5340 0.0000
vt 14.5469 30.0293 0.0000
vt -13.2805 27.5805 0.0000
vt -14.4683 27.5805 0.0000
vt -14.5450 26.7124 0.0000
vt -14.6572 25.5357 0.0000
vt -15.0380 23.4910 0.0000
vt -15.2765 22.7979 0.0000
vt -14.3409 22.7979 0.0000
vt -14.1038 23.4910 0.0000
vt -13.6321 25.5357 0.0000
vt -13.4232 26.7124 0.0000
vt -14.6469 -31.7122 0.0000
vt -14.6572 -31.8713 0.0000
vt -14.8385 -33.2977 0.0000
vt -13.8567 -33.2977 0.0000
vt -13.6321 -31.8713 0.0000
vt -13.6128 -31.7122 0.0000
vt -13.5938 -31.4861 0.0000
vt -14.6367 -31.4861 0.0000
vt -14.4663 11.1476 0.0000
vt -14.1038 12.4806 0.0000
vt -13.8567 13.8282 0.0000
vt -14.8385 13.8282 0.0000
vt -15.0380 12.4806 0.0000
vt -15.4027 11.1476 0.0000
vt -15.6341 10.4218 0.0000
vt -14.6963 10.4218 0.0000
vt 14.4622 -4.3570 0.0000
vt 14.5469 -2.8617 0.0000
vt 14.5845 -2.1692 0.0000
vt 13.4433 -2.1692 0.0000
vt 13.3897 -2.8617 0.0000
vt 13.2692 -4.3570 0.0000
vt 13.2805 -4.4202 0.0000
vt 14.4683 -4.4202 0.0000
vt 13.3127 5.3799 0.0000
vt 13.2692 4.8271 0.0000
vt 13.5065 3.4775 0.0000
vt 14.5898 3.4775 0.0000
vt 14.4622 4.8271 0.0000
vt 14.4928 5.3799 0.0000
vt 14.6572 31.3312 0.0000
vt 14.6469 31.4902 0.0000
vt 14.6367 31.7164 0.0000
vt 13.5938 31.7164 0.0000
vt 13.6128 31.4902 0.0000
vt 13.6321 31.3312 0.0000
vt 13.8567 29.9048 0.0000
vt 14.8385 29.9048 0.0000
vt -14.4622 10.8997 0.0000
vt -14.5898 9.5501 0.0000
vt -13.5065 9.5501 0.0000
vt -13.2692 10.8997 0.0000
vt -13.3127 11.4524 0.0000
vt -14.4928 11.4524 0.0000
vt 14.6572 19.4157 0.0000
vt 14.5450 20.5923 0.0000
vt 14.4683 21.4604 0.0000
vt 13.2805 21.4604 0.0000
vt 13.4232 20.5923 0.0000
vt 13.6321 19.4157 0.0000
vt 14.1038 17.3709 0.0000
vt 14.3409 16.6778 0.0000
vt 15.2765 16.6778 0.0000
vt 15.0380 17.3709 0.0000
vt 14.8385 28.6397 0.0000
vt 13.8567 28.6397 0.0000
vt 14.1038 27.2921 0.0000
vt 14.4663 25.9591 0.0000
vt 14.6963 25.2333 0.0000
vt 15.6341 25.2333 0.0000
vt 15.4027 25.9591 0.0000
vt 15.0380 27.2921 0.0000
vt -13.2805 18.1253 0.0000
vt -13.2692 18.1885 0.0000
vt -13.3897 19.6838 0.0000
vt -13.4433 20.3762 0.0000
vt -14.5845 20.3762 0.0000
vt -14.5469 19.6838 0.0000
vt -14.4622 18.1885 0.0000
vt -14.4683 18.1253 0.0000
vt 14.6221 34.9774 0.0000
vt 14.6317 35.4169 0.0000
vt 13.5105 35.4169 0.0000
vt 13.4968 34.9774 0.0000
vt 22.2957 22.0418 0.0000
vt 14.6590 22.0418 0.0000
vt 14.6590 21.1097 0.0000
vt 22.2957 21.1097 0.0000
vt -14.6590 36.6110 0.0000
vt -14.6590 37.5431 0.0000
vt -22.2957 37.5431 0.0000
vt -22.2957 36.6110 0.0000
vt -14.6590 34.7819 0.0000
vt -14.6590 35.7140 0.0000
vt -22.2957 35.7140 0.0000
vt -22.2957 34.7819 0.0000
vt 22.2957 13.8359 0.0000
vt 14.6590 13.8359 0.0000
vt 14.6590 12.9038 0.0000
vt 22.2957 12.9038 0.0000
vt -22.2957 30.7380 0.0000
vt -14.6590 30.7380 0.0000
vt -14.6590 31.6702 0.0000
vt -22.2957 31.6702 0.0000
vt 22.2957 35.9839 0.0000
vt 22.2957 36.9160 0.0000
vt 14.6590 36.9160 0.0000
vt 14.6590 35.9839 0.0000
vt -14.6590 36.1104 0.0000
vt -14.6590 37.0425 0.0000
vt -22.2957 37.0425 0.0000
vt -22.2957 36.1104 0.0000
vt 14.6590 -13.5317 0.0000
vt 14.6590 -14.4638 0.0000
vt 22.2957 -14.4638 0.0000
vt 22.2957 -13.5317 0.0000
vt 22.2957 36.6534 0.0000
vt 22.2957 37.5855 0.0000
vt 14.6590 37.5855 0.0000
vt 14.6590 36.6534 0.0000
vt 35.9705 5.5378 0.0000
vt 36.8709 5.2966 0.0000
vt 38.8474 12.6731 0.0000
vt 37.9471 12.9143 0.0000
vt 14.6590 -21.6560 0.0000
vt 14.6590 -22.5881 0.0000
vt 22.2957 -22.5881 0.0000
vt 22.2957 -21.6560 0.0000
vt 22.2957 34.9906 0.0000
vt 22.2957 35.9227 0.0000
vt 14.6590 35.9227 0.0000
vt 14.6590 34.9906 0.0000
vt 14.6590 -28.3904 0.0000
vt 14.6590 -29.3225 0.0000
vt 22.2957 -29.3225 0.0000
vt 22.2957 -28.3904 0.0000
vt 14.6590 4.7899 0.0000
vt 14.6590 3.8578 0.0000
vt 22.2957 3.8578 0.0000
vt 22.2957 4.7899 0.0000
vt -22.2957 17.1456 0.0000
vt -14.6590 17.1456 0.0000
vt -14.6590 18.0777 0.0000
vt -22.2957 18.0777 0.0000
vt 14.6590 -4.5278 0.0000
vt 14.6590 -5.4599 0.0000
vt 22.2957 -5.4599 0.0000
vt 22.2957 -4.5278 0.0000
vt -22.2957 24.7335 0.0000
vt -14.6590 24.7335 0.0000
vt -14.6590 25.6656 0.0000
vt -22.2957 25.6656 0.0000
vt -22.2957 -31.0999 0.0000
vt -22.2957 -32.0320 0.0000
vt -14.6590 -32.0320 0.0000
vt -14.6590 -31.0999 0.0000
vt 14.5829 6.3302 0.0000
vt 13.4410 6.3302 0.0000
vt 13.4433 5.7371 0.0000
vt 14.5845 5.7371 0.0000
vt 13.4968 -27.9524 0.0000
vt 14.6221 -27.9524 0.0000
vt 14.6317 -27.5129 0.0000
vt 13.5105 -27.5129 0.0000
vt -13.6321 11.3271 0.0000
vt -13.6128 11.4862 0.0000
vt -13.5938 11.7123 0.0000
vt -14.6367 11.7123 0.0000
vt -14.6469 11.4862 0.0000
vt -14.6572 11.3271 0.0000
vt -14.8385 9.9008 0.0000
vt -13.8567 9.9008 0.0000
vt -15.2765 41.7298 0.0000
vt -14.3409 41.7298 0.0000
vt -14.4172 42.0055 0.0000
vt -15.3533 42.0055 0.0000
vt -13.2692 28.7938 0.0000
vt -13.3127 29.3465 0.0000
vt -14.4928 29.3465 0.0000
vt -14.4622 28.7938 0.0000
vt -14.5898 27.4442 0.0000
vt -13.5065 27.4442 0.0000
vt -14.6367 -3.6362 0.0000
vt -13.5938 -3.6362 0.0000
vt -13.6128 -3.4101 0.0000
vt -13.6321 -3.2510 0.0000
vt -13.8567 -1.8247 0.0000
vt -14.8385 -1.8247 0.0000
vt -14.6572 -3.2510 0.0000
vt -14.6469 -3.4101 0.0000
vt 14.4472 19.3437 0.0000
vt 14.4172 19.0680 0.0000
vt 15.3533 19.0680 0.0000
vt 15.3835 19.3437 0.0000
vt 14.4622 29.5698 0.0000
vt 14.4928 30.1225 0.0000
vt 13.3127 30.1225 0.0000
vt 13.2692 29.5698 0.0000
vt 13.5065 28.2202 0.0000
vt 14.5898 28.2202 0.0000
vt 14.6221 -7.1307 0.0000
vt 13.4968 -7.1307 0.0000
vt 13.5105 -7.5702 0.0000
vt 14.6317 -7.5702 0.0000
vt 13.4433 -27.8408 0.0000
vt 14.5845 -27.8408 0.0000
vt 14.5469 -27.1484 0.0000
vt 14.4622 -25.6531 0.0000
vt 14.4683 -25.5899 0.0000
vt 13.2805 -25.5899 0.0000
vt 13.2692 -25.6531 0.0000
vt 13.3897 -27.1484 0.0000
vt 13.4232 -14.4169 0.0000
vt 13.2805 -15.2849 0.0000
vt 14.4683 -15.2849 0.0000
vt 14.5450 -14.4169 0.0000
vt 14.6572 -13.2402 0.0000
vt 15.0380 -11.1955 0.0000
vt 15.2765 -10.5024 0.0000
vt 14.3409 -10.5024 0.0000
vt 14.1038 -11.1955 0.0000
vt 13.6321 -13.2402 0.0000
vt -15.3533 19.4201 0.0000
vt -14.4172 19.4201 0.0000
vt -14.4472 19.6959 0.0000
vt -15.3835 19.6959 0.0000
vt -14.8385 -6.3524 0.0000
vt -13.8567 -6.3524 0.0000
vt -14.1038 -5.0049 0.0000
vt -14.4663 -3.6718 0.0000
vt -14.6963 -2.9460 0.0000
vt -15.6341 -2.9460 0.0000
vt -15.4027 -3.6718 0.0000
vt -15.0380 -5.0049 0.0000
vt 15.3533 28.7680 0.0000
vt 14.4172 28.7680 0.0000
vt 14.4472 28.4923 0.0000
vt 15.3835 28.4923 0.0000
vt -14.5450 -22.8843 0.0000
vt -14.4683 -23.7524 0.0000
vt -13.2805 -23.7524 0.0000
vt -13.4232 -22.8843 0.0000
vt -13.6321 -21.7076 0.0000
vt -14.1038 -19.6629 0.0000
vt -14.3409 -18.9698 0.0000
vt -15.2765 -18.9698 0.0000
vt -15.0380 -19.6629 0.0000
vt -14.6572 -21.7076 0.0000
vt 14.6025 13.9868 0.0000
vt 13.4690 13.9868 0.0000
vt 13.4968 13.5473 0.0000
vt 14.6221 13.5473 0.0000
vt -14.1038 25.4973 0.0000
vt -13.8567 26.8448 0.0000
vt -14.8385 26.8448 0.0000
vt -15.0380 25.4973 0.0000
vt -15.4027 24.1642 0.0000
vt -15.6341 23.4384 0.0000
vt -14.6963 23.4384 0.0000
vt -14.4663 24.1642 0.0000
vt -14.5469 -12.8349 0.0000
vt -14.5845 -13.5273 0.0000
vt -13.4433 -13.5273 0.0000
vt -13.3897 -12.8349 0.0000
vt -13.2692 -11.3396 0.0000
vt -13.2805 -11.2764 0.0000
vt -14.4683 -11.2764 0.0000
vt -14.4622 -11.3396 0.0000
vt -14.4472 -11.5001 0.0000
vt -14.4172 -11.2243 0.0000
vt -15.3533 -11.2243 0.0000
vt -15.3835 -11.5001 0.0000
vt -13.6128 31.0866 0.0000
vt -13.5938 31.3127 0.0000
vt -14.6367 31.3127 0.0000
vt -14.6469 31.0866 0.0000
vt -14.6572 30.9275 0.0000
vt -14.8385 29.5012 0.0000
vt -13.8567 29.5012 0.0000
vt -13.6321 30.9275 0.0000
vt 14.4622 3.5892 0.0000
vt 14.5898 4.9389 0.0000
vt 13.5065 4.9389 0.0000
vt 13.2692 3.5892 0.0000
vt 13.3127 3.0365 0.0000
vt 14.4928 3.0365 0.0000
vt -14.4472 28.3025 0.0000
vt -14.4172 28.5782 0.0000
vt -15.3533 28.5782 0.0000
vt -15.3835 28.3025 0.0000
vt 14.5829 37.0171 0.0000
vt 13.4410 37.0171 0.0000
vt 13.4433 36.4241 0.0000
vt 14.5845 36.4241 0.0000
vt 14.3409 -37.4814 0.0000
vt 14.4172 -37.7571 0.0000
vt 15.3533 -37.7571 0.0000
vt 15.2765 -37.4814 0.0000
vt -15.2765 -36.5241 0.0000
vt -15.3533 -36.7998 0.0000
vt -14.4172 -36.7998 0.0000
vt -14.3409 -36.5241 0.0000
vt 14.5829 35.7911 0.0000
vt 14.5845 36.3841 0.0000
vt 13.4433 36.3841 0.0000
vt 13.4410 35.7911 0.0000
vt 14.4172 3.3432 0.0000
vt 14.3409 3.0675 0.0000
vt 15.2765 3.0675 0.0000
vt 15.3533 3.3432 0.0000
vt -14.6367 36.8811 0.0000
vt -13.5938 36.8811 0.0000
vt -13.6128 37.1072 0.0000
vt -13.6321 37.2663 0.0000
vt -13.8567 38.6926 0.0000
vt -14.8385 38.6926 0.0000
vt -14.6572 37.2663 0.0000
vt -14.6469 37.1072 0.0000
vt -14.4172 6.1995 0.0000
vt -14.3409 6.4752 0.0000
vt -15.2765 6.4752 0.0000
vt -15.3533 6.1995 0.0000
vt -13.3127 -3.5156 0.0000
vt -13.2692 -2.9629 0.0000
vt -13.5065 -1.6133 0.0000
vt -14.5898 -1.6133 0.0000
vt -14.4622 -2.9629 0.0000
vt -14.4928 -3.5156 0.0000
vt -14.4472 40.9020 0.0000
vt -15.3835 40.9020 0.0000
vt -15.3533 40.6263 0.0000
vt -14.4172 40.6263 0.0000
vt -14.4172 26.8768 0.0000
vt -14.3409 27.1525 0.0000
vt -15.2765 27.1525 0.0000
vt -15.3533 26.8768 0.0000
vt -14.3409 49.3243 0.0000
vt -15.2765 49.3243 0.0000
vt -15.0380 48.6312 0.0000
vt -14.6572 46.5865 0.0000
vt -14.5450 45.4098 0.0000
vt -14.4683 44.5418 0.0000
vt -13.2805 44.5418 0.0000
vt -13.4232 45.4098 0.0000
vt -13.6321 46.5865 0.0000
vt -14.1038 48.6312 0.0000
vt 14.6367 8.5536 0.0000
vt 13.5938 8.5536 0.0000
vt 13.6128 8.3275 0.0000
vt 13.6321 8.1684 0.0000
vt 13.8567 6.7420 0.0000
vt 14.8385 6.7420 0.0000
vt 14.6572 8.1684 0.0000
vt 14.6469 8.3275 0.0000
vt 13.6128 38.8100 0.0000
vt 13.5938 38.5838 0.0000
vt 14.6367 38.5838 0.0000
vt 14.6469 38.8100 0.0000
vt 14.6572 38.9690 0.0000
vt 14.8385 40.3954 0.0000
vt 13.8567 40.3954 0.0000
vt 13.6321 38.9690 0.0000
vt 14.4683 44.3947 0.0000
vt 13.2805 44.3947 0.0000
vt 13.2692 44.3315 0.0000
vt 13.3897 42.8362 0.0000
vt 13.4433 42.1438 0.0000
vt 14.5845 42.1438 0.0000
vt 14.5469 42.8362 0.0000
vt 14.4622 44.3315 0.0000
vt 13.4433 2.8855 0.0000
vt 13.4410 2.2924 0.0000
vt 14.5829 2.2924 0.0000
vt 14.5845 2.8855 0.0000
vt -14.4622 -32.5425 0.0000
vt -14.5898 -33.8921 0.0000
vt -13.5065 -33.8921 0.0000
vt -13.2692 -32.5425 0.0000
vt -13.3127 -31.9897 0.0000
vt -14.4928 -31.9897 0.0000
vt 15.4027 46.5320 0.0000
vt 15.6341 47.2579 0.0000
vt 14.6963 47.2579 0.0000
vt 14.4663 46.5320 0.0000
vt 14.1038 45.1990 0.0000
vt 13.8567 43.8514 0.0000
vt 14.8385 43.8514 0.0000
vt 15.0380 45.1990 0.0000
vt 14.4663 -43.0210 0.0000
vt 14.6963 -43.7469 0.0000
vt 15.6341 -43.7469 0.0000
vt 15.4027 -43.0210 0.0000
vt 15.0380 -41.6880 0.0000
vt 14.8385 -40.3404 0.0000
vt 13.8567 -40.3404 0.0000
vt 14.1038 -41.6880 0.0000
vt -14.4622 -25.0644 0.0000
vt -14.4683 -25.1276 0.0000
vt -13.2805 -25.1276 0.0000
vt -13.2692 -25.0644 0.0000
vt -13.3897 -23.5691 0.0000
vt -13.4433 -22.8767 0.0000
vt -14.5845 -22.8767 0.0000
vt -14.5469 -23.5691 0.0000
vt -13.3127 37.6709 0.0000
vt -13.2692 38.2236 0.0000
vt -13.5065 39.5733 0.0000
vt -14.5898 39.5733 0.0000
vt -14.4622 38.2236 0.0000
vt -14.4928 37.6709 0.0000
vt 13.2692 -37.0715 0.0000
vt 13.5065 -38.4211 0.0000
vt 14.5898 -38.4211 0.0000
vt 14.4622 -37.0715 0.0000
vt 14.4928 -36.5188 0.0000
vt 13.3127 -36.5188 0.0000
vt -13.2692 41.8791 0.0000
vt -13.2805 41.9423 0.0000
vt -14.4683 41.9423 0.0000
vt -14.4622 41.8791 0.0000
vt -14.5469 40.3838 0.0000
vt -14.5845 39.6914 0.0000
vt -13.4433 39.6914 0.0000
vt -13.3897 40.3838 0.0000
vt 15.0380 47.1805 0.0000
vt 15.2765 47.8736 0.0000
vt 14.3409 47.8736 0.0000
vt 14.1038 47.1805 0.0000
vt 13.6321 45.1358 0.0000
vt 13.4232 43.9591 0.0000
vt 13.2805 43.0911 0.0000
vt 14.4683 43.0911 0.0000
vt 14.5450 43.9591 0.0000
vt 14.6572 45.1358 0.0000
vt -32.2064 24.5137 0.0000
vt -30.5487 24.0861 0.0000
vt -29.8363 25.8826 0.0000
vt -29.9234 26.0161 0.0000
vt -32.1831 26.5991 0.0000
vt -32.3323 25.4340 0.0000
vt -32.1883 24.5746 0.0000
vt 32.0585 26.3043 0.0000
vt 31.9027 27.4817 0.0000
vt 29.6446 26.8926 0.0000
vt 29.5582 26.7577 0.0000
vt 30.2810 24.9421 0.0000
vt 31.9376 25.3742 0.0000
vt 31.9191 25.4357 0.0000
vt -24.6674 20.0340 0.0000
vt -23.6039 20.5324 0.0000
vt -24.8502 22.5055 0.0000
vt -25.0039 22.5475 0.0000
vt -26.4963 21.3196 0.0000
vt -25.5821 19.8723 0.0000
vt -25.5297 19.9081 0.0000
vt -23.8275 17.6292 0.0000
vt -22.6736 17.8484 0.0000
vt -22.7796 18.1760 0.0000
vt -21.2513 18.7274 0.0000
vt -21.1466 18.3994 0.0000
vt -19.1151 18.7807 0.0000
vt -19.4017 19.6786 0.0000
vt -14.5763 20.4943 0.0000
vt -14.9646 21.7600 0.0000
vt -15.3528 23.0256 0.0000
vt -16.1108 23.1019 0.0000
vt -17.1300 22.6512 0.0000
vt -16.8536 21.7501 0.0000
vt -16.1275 21.8509 0.0000
vt -15.8561 21.7603 0.0000
vt -15.6916 21.5369 0.0000
vt -15.7025 21.2598 0.0000
vt -15.8765 21.0325 0.0000
vt -16.5342 20.7089 0.0000
vt -16.2577 19.8078 0.0000
vt -15.1612 20.0061 0.0000
vt -38.7337 17.6877 0.0000
vt -36.9265 16.8385 0.0000
vt -36.3494 17.7495 0.0000
vt -39.0523 19.9813 0.0000
vt -39.9686 18.5352 0.0000
vt 18.8147 19.8990 0.0000
vt 18.5304 19.0003 0.0000
vt 20.5809 18.6187 0.0000
vt 20.6847 18.9469 0.0000
vt 21.5760 18.6166 0.0000
vt 21.4712 18.2886 0.0000
vt 22.6384 18.0692 0.0000
vt -24.5876 16.8339 0.0000
vt -24.4806 15.1253 0.0000
vt -22.5518 15.0045 0.0000
vt -22.4518 15.1287 0.0000
vt -22.5977 17.4578 0.0000
vt -23.7516 17.2388 0.0000
vt -24.5241 16.8356 0.0000
vt -26.6880 8.1623 0.0000
vt -25.8815 7.3084 0.0000
vt -24.3980 9.1100 0.0000
vt -24.4062 9.2692 0.0000
vt -26.0398 10.3019 0.0000
vt -27.1280 8.9804 0.0000
vt -27.0775 8.9418 0.0000
vt -28.7298 6.6341 0.0000
vt -28.1611 5.6064 0.0000
vt -27.8831 5.8094 0.0000
vt -26.9687 4.3539 0.0000
vt -27.2455 4.1492 0.0000
vt -26.2307 2.3484 0.0000
vt -25.4728 2.9088 0.0000
vt -23.2339 -1.8349 0.0000
vt -22.1847 -1.0275 0.0000
vt -21.1355 -0.2202 0.0000
vt -21.3299 0.5165 0.0000
vt -22.1093 1.3129 0.0000
vt -22.8563 0.7381 0.0000
vt -22.5073 0.0935 0.0000
vt -22.4970 -0.1925 0.0000
vt -22.6485 -0.4248 0.0000
vt -22.9119 -0.5118 0.0000
vt -23.1857 -0.4286 0.0000
vt -23.7194 0.0739 0.0000
vt -24.4664 -0.5009 0.0000
vt -23.8962 -1.4583 0.0000
vt 25.1225 2.3113 0.0000
vt 25.8780 1.7476 0.0000
vt 26.9119 3.5590 0.0000
vt 26.6359 3.7649 0.0000
vt 26.2790 6.7682 0.0000
vt 25.4611 5.9070 0.0000
vt 25.7381 5.7025 0.0000
vt -29.7116 7.1616 0.0000
vt -31.3024 6.5288 0.0000
vt -30.8177 4.6580 0.0000
vt -30.6686 4.6016 0.0000
vt -28.5001 5.4641 0.0000
vt -29.0670 6.4928 0.0000
vt -29.6903 7.1018 0.0000
vt -38.4454 6.7081 0.0000
vt -39.0123 5.6795 0.0000
vt -36.8439 4.8169 0.0000
vt -36.6948 4.8733 0.0000
vt -36.2101 6.7442 0.0000
vt -37.8008 7.3769 0.0000
vt -37.8221 7.3171 0.0000
vt -39.5632 6.1083 0.0000
vt -39.2851 5.9053 0.0000
vt -38.7164 6.9330 0.0000
vt -41.6699 4.0282 0.0000
vt -40.9120 3.4679 0.0000
vt -39.8972 5.2686 0.0000
vt -40.1740 5.4733 0.0000
vt -45.0411 3.4001 0.0000
vt -43.9920 2.5927 0.0000
vt -42.9428 1.7854 0.0000
vt -42.2805 2.1619 0.0000
vt -41.7103 3.1194 0.0000
vt -42.4572 3.6942 0.0000
vt -42.9909 3.1917 0.0000
vt -43.2648 3.1085 0.0000
vt -43.5281 3.1955 0.0000
vt -43.6797 3.4278 0.0000
vt -43.6694 3.7138 0.0000
vt -43.3204 4.3584 0.0000
vt -44.0673 4.9332 0.0000
vt -44.8468 4.1368 0.0000
vt 40.2892 5.4618 0.0000
vt 40.0133 5.2559 0.0000
vt 41.0472 3.4445 0.0000
vt 41.8026 4.0082 0.0000
vt 39.1538 6.4977 0.0000
vt 39.7358 5.4625 0.0000
vt 40.0128 5.6670 0.0000
vt -40.2403 9.2887 0.0000
vt -41.3285 10.6103 0.0000
vt -42.9620 9.5776 0.0000
vt -42.9702 9.4183 0.0000
vt -41.4868 7.6168 0.0000
vt -40.6803 8.4707 0.0000
vt -40.2907 9.2502 0.0000
vt -43.4908 17.1995 0.0000
vt -44.6447 17.4186 0.0000
vt -44.7906 15.0894 0.0000
vt -44.6906 14.9652 0.0000
vt -42.7618 15.0860 0.0000
vt -42.6548 16.7947 0.0000
vt -42.7183 16.7963 0.0000
vt -47.0891 18.9935 0.0000
vt -47.3758 18.0956 0.0000
vt -45.3442 17.7143 0.0000
vt -45.2395 18.0422 0.0000
vt -44.4914 17.9917 0.0000
vt -44.5974 17.6642 0.0000
vt -43.4435 17.4450 0.0000
vt 46.7987 19.9040 0.0000
vt 46.5144 20.8026 0.0000
vt 44.6175 19.9355 0.0000
vt 44.7214 19.6072 0.0000
vt 43.9475 17.4448 0.0000
vt 45.1147 17.6642 0.0000
vt 45.0099 17.9921 0.0000
vt -41.7488 19.5884 0.0000
vt -40.8346 21.0357 0.0000
vt -42.3270 22.2636 0.0000
vt -42.4808 22.2216 0.0000
vt -43.7271 20.2485 0.0000
vt -42.6636 19.7501 0.0000
vt -41.8013 19.6242 0.0000
vt 34.8636 26.1066 0.0000
vt 35.0101 27.2851 0.0000
vt 34.6658 27.2851 0.0000
vt 34.6658 27.7107 0.0000
vt 35.0101 27.7107 0.0000
vt 35.2647 29.7808 0.0000
vt 34.3222 29.7808 0.0000
vt -34.3222 29.6020 0.0000
vt -35.2647 29.6020 0.0000
vt -35.0101 27.5507 0.0000
vt -34.6658 27.5507 0.0000
vt -34.6658 26.5635 0.0000
vt -35.0101 26.5635 0.0000
vt -34.8636 25.3981 0.0000
vt 32.8895 27.2851 0.0000
vt 32.5452 27.2851 0.0000
vt 32.6917 26.1066 0.0000
vt 37.8430 26.3739 0.0000
vt 35.5849 26.9630 0.0000
vt 35.4292 25.7856 0.0000
vt 35.5685 24.9170 0.0000
vt 35.5501 24.8555 0.0000
vt 37.2066 24.4233 0.0000
vt 37.9295 26.2389 0.0000
vt 36.6976 29.0899 0.0000
vt 36.0246 29.2673 0.0000
vt 35.7430 27.2007 0.0000
vt 37.9995 26.6057 0.0000
vt 37.2304 27.8277 0.0000
vt 36.5093 30.4737 0.0000
vt 36.3467 29.3719 0.0000
vt 37.0183 29.1894 0.0000
vt -37.1048 29.4835 0.0000
vt -36.4332 29.6662 0.0000
vt -36.5962 30.7686 0.0000
vt -37.9172 26.6044 0.0000
vt -35.6593 27.1944 0.0000
vt -35.9315 29.2434 0.0000
vt -36.6050 29.0674 0.0000
vt -37.1431 27.8160 0.0000
vt -37.6994 25.7310 0.0000
vt -36.9870 23.9345 0.0000
vt -35.3293 24.3621 0.0000
vt -35.3474 24.4230 0.0000
vt -35.2034 25.2824 0.0000
vt -35.3526 26.4474 0.0000
vt -37.6123 25.8645 0.0000
vt -34.7842 22.3386 0.0000
vt -36.4422 21.9122 0.0000
vt -35.1512 18.6533 0.0000
vt -34.1068 18.9219 0.0000
vt -34.3582 20.9027 0.0000
vt 33.9866 16.8311 0.0000
vt 34.3185 19.4592 0.0000
vt 33.2367 19.4592 0.0000
vt 33.5686 16.8311 0.0000
vt 34.3084 16.7330 0.0000
vt 35.2837 19.1960 0.0000
vt 34.2358 19.4651 0.0000
vt 33.9035 16.8370 0.0000
vt 34.2911 20.5962 0.0000
vt 34.0398 18.6259 0.0000
vt 35.0874 18.3561 0.0000
vt 36.3761 21.6072 0.0000
vt 34.7182 22.0343 0.0000
vt 38.3946 25.8628 0.0000
vt 37.6593 24.0521 0.0000
vt 38.6194 23.5158 0.0000
vt 39.5248 24.5444 0.0000
vt 38.5167 25.6715 0.0000
vt -38.2460 23.2296 0.0000
vt -37.2834 23.7613 0.0000
vt -37.9994 25.5564 0.0000
vt -38.1230 25.3667 0.0000
vt -39.1392 24.2494 0.0000
vt -36.1782 18.5872 0.0000
vt -35.8927 18.1946 0.0000
vt -34.9481 18.7148 0.0000
vt -36.2413 21.9728 0.0000
vt -37.2046 21.4424 0.0000
vt -36.8401 21.0257 0.0000
vt -35.9829 19.7802 0.0000
vt -35.8342 19.3659 0.0000
vt -35.9053 18.9318 0.0000
vt 34.5956 16.5593 0.0000
vt 36.1529 18.7023 0.0000
vt 35.2050 19.2236 0.0000
vt 34.2294 16.7607 0.0000
vt 37.0695 21.1446 0.0000
vt 36.1066 21.6757 0.0000
vt 34.8134 18.4264 0.0000
vt 35.7607 17.9039 0.0000
vt 36.0387 18.2858 0.0000
vt 35.7662 18.6309 0.0000
vt 35.6957 19.0655 0.0000
vt 35.8450 19.4803 0.0000
vt 36.7043 20.7274 0.0000
vt 40.3179 22.1463 0.0000
vt 41.1135 21.3872 0.0000
vt 42.6267 22.6238 0.0000
vt 42.4079 22.6840 0.0000
vt 41.0337 23.3149 0.0000
vt -42.1492 22.4936 0.0000
vt -40.6579 21.2644 0.0000
vt -39.8580 22.0190 0.0000
vt -40.5569 23.1806 0.0000
vt -41.9309 22.5535 0.0000
vt -38.3974 20.5626 0.0000
vt -39.1985 19.8092 0.0000
vt -36.4963 17.5765 0.0000
vt -35.7107 18.3153 0.0000
vt -35.9964 18.7077 0.0000
vt -36.4082 18.5540 0.0000
vt -36.8432 18.6200 0.0000
vt -37.1916 18.8889 0.0000
vt -38.1131 20.0877 0.0000
vt 34.8306 16.3216 0.0000
vt 36.8719 18.0099 0.0000
vt 36.0834 18.7506 0.0000
vt 34.5260 16.6078 0.0000
vt 35.7903 18.4431 0.0000
vt 35.5118 18.0615 0.0000
vt 36.2993 17.3197 0.0000
vt 38.9966 19.5456 0.0000
vt 38.1962 20.2997 0.0000
vt 37.9109 19.8243 0.0000
vt 36.9867 18.6245 0.0000
vt 36.6376 18.3553 0.0000
vt 36.2022 18.2893 0.0000
vt 43.1622 19.7818 0.0000
vt 44.2394 20.2818 0.0000
vt 43.0032 22.2612 0.0000
vt 42.8486 22.3034 0.0000
vt 41.3315 21.0716 0.0000
vt 42.2384 19.6196 0.0000
vt 42.2916 19.6555 0.0000
vt 43.2815 22.1609 0.0000
vt 44.5082 20.1757 0.0000
vt 46.4031 21.0472 0.0000
vt 46.0372 21.6393 0.0000
vt 44.6746 21.7812 0.0000
vt 46.3254 21.0217 0.0000
vt 46.6833 20.4247 0.0000
vt 47.6996 20.8801 0.0000
vt -47.9660 21.0225 0.0000
vt -46.9490 20.5670 0.0000
vt -46.5913 21.1641 0.0000
vt -45.9581 21.8336 0.0000
vt -46.3264 21.2430 0.0000
vt -44.4511 20.3736 0.0000
vt -43.2163 22.3538 0.0000
vt -44.6033 21.9751 0.0000
vt 34.9991 16.0349 0.0000
vt 37.3961 17.1625 0.0000
vt 36.8166 18.0760 0.0000
vt 34.7752 16.3878 0.0000
vt 39.7102 18.3334 0.0000
vt 38.7950 19.7802 0.0000
vt 36.0962 17.5560 0.0000
vt 36.6746 16.6418 0.0000
vt 38.4726 17.4856 0.0000
vt 44.4688 19.6840 0.0000
vt 44.3639 20.0120 0.0000
vt 43.2860 19.5134 0.0000
vt 45.2572 17.9136 0.0000
vt 45.3610 17.5853 0.0000
vt 47.4115 17.9670 0.0000
vt 47.1272 18.8656 0.0000
vt 47.7095 20.8538 0.0000
vt 46.6911 20.4031 0.0000
vt 46.9677 19.5021 0.0000
vt 47.6933 19.6030 0.0000
vt 47.9647 19.5123 0.0000
vt 48.1291 19.2890 0.0000
vt 48.1183 19.0118 0.0000
vt 47.9445 18.7845 0.0000
vt 47.2873 18.4609 0.0000
vt 47.5639 17.5599 0.0000
vt 48.6598 17.7582 0.0000
vt 49.2441 18.2464 0.0000
vt 48.8556 19.5120 0.0000
vt 48.4671 20.7776 0.0000
vt -48.9533 17.8384 0.0000
vt -47.8567 17.6400 0.0000
vt -47.5802 18.5411 0.0000
vt -48.2379 18.8647 0.0000
vt -48.4119 19.0920 0.0000
vt -48.4228 19.3692 0.0000
vt -48.2584 19.5926 0.0000
vt -47.9869 19.6832 0.0000
vt -47.2608 19.5823 0.0000
vt -46.9844 20.4834 0.0000
vt -48.0036 20.9341 0.0000
vt -48.7616 20.8579 0.0000
vt -49.1499 19.5922 0.0000
vt -49.5381 18.3266 0.0000
vt -44.6992 19.7344 0.0000
vt -44.5945 20.0624 0.0000
vt -46.4712 20.9289 0.0000
vt -46.7578 20.0310 0.0000
vt -42.7752 19.5115 0.0000
vt -43.8389 20.0095 0.0000
vt -43.9448 19.6819 0.0000
vt -39.1209 16.3988 0.0000
vt -37.1594 16.0252 0.0000
vt -36.8267 17.0510 0.0000
vt -38.6339 17.8999 0.0000
vt -38.0621 17.5076 0.0000
vt -38.2717 16.9529 0.0000
vt -38.4277 16.3808 0.0000
vt 35.0908 15.7167 0.0000
vt 37.6930 16.2130 0.0000
vt 37.3588 17.2419 0.0000
vt 34.9617 16.1143 0.0000
vt 38.3338 17.7813 0.0000
vt 36.5355 16.9381 0.0000
vt 36.8688 15.9089 0.0000
vt 38.8200 16.2800 0.0000
vt 38.1258 16.2619 0.0000
vt 37.9701 16.8341 0.0000
vt 37.7607 17.3890 0.0000
vt 45.3075 15.0894 0.0000
vt 45.1633 17.4186 0.0000
vt 43.9960 17.1996 0.0000
vt 43.2141 16.7964 0.0000
vt 43.1500 16.7947 0.0000
vt 43.2558 15.0860 0.0000
vt 45.2062 14.9652 0.0000
vt 47.4922 17.0887 0.0000
vt 47.4496 17.7835 0.0000
vt 45.3990 17.4027 0.0000
vt 45.5417 15.0734 0.0000
vt 46.4608 16.1870 0.0000
vt 48.6425 17.8985 0.0000
vt 47.5465 17.7012 0.0000
vt 47.5878 17.0064 0.0000
vt -47.8922 17.0226 0.0000
vt -47.8509 17.7174 0.0000
vt -48.9476 17.9147 0.0000
vt -45.5444 15.0996 0.0000
vt -45.4004 17.4288 0.0000
vt -47.4321 17.8095 0.0000
vt -47.4750 17.1148 0.0000
vt -46.4540 16.2131 0.0000
vt -40.5737 16.6723 0.0000
vt -40.6810 14.9637 0.0000
vt -37.1826 15.1834 0.0000
vt -37.1150 16.2597 0.0000
vt -39.0765 16.6333 0.0000
vt 35.1006 15.3864 0.0000
vt 37.7444 15.2202 0.0000
vt 37.6765 16.2999 0.0000
vt 35.0743 15.8036 0.0000
vt 35.0944 15.4846 0.0000
vt 38.7579 16.6092 0.0000
vt 36.8067 16.2382 0.0000
vt 36.8744 15.1585 0.0000
vt 40.3647 14.9396 0.0000
vt 40.2576 16.6482 0.0000
vt 45.1904 14.7008 0.0000
vt 43.2399 14.8216 0.0000
vt 43.0370 13.7408 0.0000
vt 44.3003 13.2098 0.0000
vt 45.0479 14.5241 0.0000
vt -42.5409 13.7517 0.0000
vt -42.7460 14.8321 0.0000
vt -44.6749 14.7113 0.0000
vt -44.5332 14.5347 0.0000
vt -43.7883 13.2209 0.0000
vt -37.4574 14.2108 0.0000
vt -36.9958 14.3606 0.0000
vt -37.1975 15.4199 0.0000
vt -40.6959 15.2002 0.0000
vt -40.4902 14.1199 0.0000
vt -39.9811 14.3373 0.0000
vt -38.5312 14.7663 0.0000
vt -38.0912 14.7792 0.0000
vt -37.7005 14.5771 0.0000
vt 35.0278 15.0638 0.0000
vt 37.5472 14.2454 0.0000
vt 37.7499 15.3081 0.0000
vt 35.1061 15.4744 0.0000
vt 40.1802 14.1902 0.0000
vt 40.3856 15.2706 0.0000
vt 36.8953 15.4895 0.0000
vt 36.6932 14.4267 0.0000
vt 37.1426 14.2812 0.0000
vt 37.3858 14.6475 0.0000
vt 37.7770 14.8496 0.0000
vt 38.2177 14.8366 0.0000
vt 39.6701 14.4076 0.0000
vt 42.4356 11.8000 0.0000
vt 41.9734 10.8021 0.0000
vt 43.6318 9.7684 0.0000
vt 43.6183 9.9949 0.0000
vt 43.7724 11.4992 0.0000
vt -43.1067 9.8452 0.0000
vt -41.4725 10.8769 0.0000
vt -41.9390 11.8728 0.0000
vt -43.2609 11.5725 0.0000
vt -43.0953 10.0713 0.0000
vt 32.6194 14.8199 0.0000
vt 30.3826 13.4007 0.0000
vt 31.0721 12.5670 0.0000
vt 32.8858 14.4978 0.0000
vt 30.2421 11.5010 0.0000
vt 31.6046 12.9462 0.0000
vt 30.9164 13.7808 0.0000
vt 27.9614 11.9105 0.0000
vt 29.0505 10.5896 0.0000
vt -32.8895 27.5507 0.0000
vt -32.5452 27.5507 0.0000
vt -32.2905 29.6020 0.0000
vt -33.2331 29.6020 0.0000
vt -32.6917 25.3981 0.0000
vt -32.5452 26.5635 0.0000
vt -32.8895 26.5635 0.0000
vt 33.6505 16.8466 0.0000
vt 33.3182 19.4747 0.0000
vt 32.2704 19.2056 0.0000
vt 33.2456 16.7426 0.0000
vt 23.0442 8.9487 0.0000
vt 24.7026 9.9824 0.0000
vt 24.2405 10.9803 0.0000
vt 22.9036 10.6795 0.0000
vt 23.0577 9.1752 0.0000
vt -22.5773 14.5959 0.0000
vt -24.5061 14.7167 0.0000
vt -24.7112 13.6364 0.0000
vt -23.4639 13.1055 0.0000
vt -22.7189 14.4194 0.0000
vt 32.4839 15.1310 0.0000
vt 29.9644 14.3126 0.0000
vt 30.4249 13.3336 0.0000
vt 32.6618 14.7527 0.0000
vt 33.7776 13.8458 0.0000
vt 34.1923 13.8982 0.0000
vt 34.5810 14.0520 0.0000
vt 34.9191 14.2977 0.0000
vt 35.1856 14.6198 0.0000
vt 35.3635 14.9980 0.0000
vt 35.4419 15.4086 0.0000
vt 35.4357 15.5067 0.0000
vt 35.4156 15.8258 0.0000
vt 35.2864 16.2233 0.0000
vt 35.0625 16.5762 0.0000
vt 34.7578 16.8623 0.0000
vt 34.3915 17.0637 0.0000
vt 33.9866 17.1677 0.0000
vt 33.5686 17.1677 0.0000
vt 33.1638 17.0637 0.0000
vt 32.7975 16.8623 0.0000
vt 32.4928 16.5762 0.0000
vt 32.2688 16.2233 0.0000
vt 32.1396 15.8258 0.0000
vt 32.1196 15.5067 0.0000
vt 32.1134 15.4086 0.0000
vt 32.1917 14.9980 0.0000
vt 32.3697 14.6198 0.0000
vt 32.6361 14.2977 0.0000
vt 32.9743 14.0520 0.0000
vt 33.3629 13.8982 0.0000
vt 32.9886 20.6118 0.0000
vt 33.2367 18.6412 0.0000
vt 34.3185 18.6412 0.0000
vt 34.5667 20.6118 0.0000
vt 34.3700 19.9458 0.0000
vt 33.7776 19.9740 0.0000
vt 33.1853 19.9458 0.0000
vt 32.1586 31.5064 0.0000
vt 32.2905 30.4005 0.0000
vt 33.2331 30.4005 0.0000
vt 33.3496 31.1238 0.0000
vt 33.5158 31.3566 0.0000
vt 33.7776 31.4482 0.0000
vt 34.0394 31.3566 0.0000
vt 34.2057 31.1238 0.0000
vt 34.3222 30.4005 0.0000
vt 35.2647 30.4005 0.0000
vt 35.3967 31.5064 0.0000
vt 35.1015 32.2082 0.0000
vt 33.7776 32.2082 0.0000
vt 32.4538 32.2082 0.0000
vt -20.4406 2.8088 0.0000
vt -20.8690 2.2603 0.0000
vt -20.0782 1.4751 0.0000
vt -28.8856 10.4839 0.0000
vt -27.7954 11.8038 0.0000
vt -30.7561 13.6803 0.0000
vt -31.4428 12.8489 0.0000
vt -30.0746 11.3947 0.0000
vt -23.1810 7.9203 0.0000
vt -24.6531 6.1094 0.0000
vt -23.2220 4.6179 0.0000
vt -22.7829 5.1580 0.0000
vt -23.0889 6.4854 0.0000
vt 20.3522 1.6960 0.0000
vt 21.1422 2.4809 0.0000
vt 20.7136 3.0294 0.0000
vt -36.3063 18.9938 0.0000
vt -35.9634 18.5298 0.0000
vt -35.1465 18.9788 0.0000
vt -35.3613 19.5133 0.0000
vt 22.3089 4.6561 0.0000
vt 22.7456 4.1141 0.0000
vt 24.1980 5.6110 0.0000
vt 22.7340 7.4284 0.0000
vt 22.6285 5.9883 0.0000
vt 26.1897 8.0259 0.0000
vt 25.1088 9.3535 0.0000
vt 23.4527 8.3161 0.0000
vt 23.4426 8.1561 0.0000
vt 24.9161 6.3464 0.0000
vt 25.7375 7.2041 0.0000
vt 26.1384 7.9872 0.0000
vt 31.3445 10.7507 0.0000
vt 32.3048 12.4894 0.0000
vt 31.4306 13.1266 0.0000
vt 30.0692 11.6803 0.0000
vt 30.6205 12.1027 0.0000
vt 31.0826 11.7309 0.0000
vt 31.5779 11.4048 0.0000
vt 32.8277 14.5539 0.0000
vt 31.0141 12.6230 0.0000
vt 31.8892 11.9870 0.0000
vt 33.1658 14.3082 0.0000
vt -29.9360 11.5332 0.0000
vt -31.3036 12.9879 0.0000
vt -32.1756 12.3534 0.0000
vt -31.2120 10.6046 0.0000
vt -31.4442 11.2580 0.0000
vt -30.9486 11.5837 0.0000
vt -30.4863 11.9551 0.0000
vt -26.4483 6.8567 0.0000
vt -26.1702 7.0597 0.0000
vt -26.9756 7.9146 0.0000
vt -24.5971 3.5563 0.0000
vt -23.8392 4.1166 0.0000
vt -25.2635 5.6146 0.0000
vt -25.5403 5.4100 0.0000
vt 24.1077 -1.1764 0.0000
vt 24.6772 -0.2194 0.0000
vt 23.9300 0.3552 0.0000
vt 23.3968 -0.1470 0.0000
vt 23.1230 -0.2302 0.0000
vt 22.8597 -0.1433 0.0000
vt 22.7080 0.0889 0.0000
vt 22.7181 0.3749 0.0000
vt 23.0667 1.0192 0.0000
vt 22.3195 1.5938 0.0000
vt 21.5408 0.7976 0.0000
vt 21.3469 0.0613 0.0000
vt 22.3964 -0.7457 0.0000
vt 23.4458 -1.5528 0.0000
vt 25.2122 4.8272 0.0000
vt 24.9363 5.0331 0.0000
vt 23.4942 3.5263 0.0000
vt 24.2497 2.9626 0.0000
vt 27.1672 4.6475 0.0000
vt 27.4442 4.4430 0.0000
vt 28.0263 5.4783 0.0000
vt 30.6263 9.4875 0.0000
vt 32.2174 8.8555 0.0000
vt 33.0922 12.2415 0.0000
vt 32.0868 12.6409 0.0000
vt 31.1287 10.9010 0.0000
vt 33.0950 14.3499 0.0000
vt 31.8187 12.0287 0.0000
vt 32.8245 11.6303 0.0000
vt 33.4837 14.1960 0.0000
vt -31.0414 10.7140 0.0000
vt -32.0040 12.4634 0.0000
vt -33.0064 12.0658 0.0000
vt -32.1321 8.6713 0.0000
vt -30.5407 9.3024 0.0000
vt -27.5964 1.8540 0.0000
vt -26.9508 2.1141 0.0000
vt -27.9536 3.9216 0.0000
vt -30.1182 3.0494 0.0000
vt -28.7744 2.5380 0.0000
vt -25.3664 -1.7661 0.0000
vt -25.9161 -0.7967 0.0000
vt -26.5579 -1.0659 0.0000
vt 26.6904 -0.7442 0.0000
vt 26.0485 -0.4752 0.0000
vt 25.4993 -1.4440 0.0000
vt 29.9250 2.4552 0.0000
vt 27.7632 3.3342 0.0000
vt 26.7475 1.5125 0.0000
vt 27.3923 1.2503 0.0000
vt 28.5762 1.9398 0.0000
vt 28.6509 5.2828 0.0000
vt 28.0751 4.2441 0.0000
vt 30.2401 3.3731 0.0000
vt 30.3899 3.4301 0.0000
vt 30.8900 5.3192 0.0000
vt 29.3018 5.9582 0.0000
vt 29.2800 5.8978 0.0000
vt 33.9125 11.7432 0.0000
vt 33.9129 12.2156 0.0000
vt 32.8397 12.3517 0.0000
vt 31.9700 8.9643 0.0000
vt 33.0609 8.8261 0.0000
vt 33.0117 9.3783 0.0000
vt 33.0522 10.8922 0.0000
vt 33.1760 11.3154 0.0000
vt 33.4890 11.6250 0.0000
vt 33.4043 14.2205 0.0000
vt 32.7456 11.6547 0.0000
vt 33.8188 11.5191 0.0000
vt 33.8190 14.1681 0.0000
vt -33.0303 8.6052 0.0000
vt -31.9393 8.7432 0.0000
vt -32.8110 12.1383 0.0000
vt -33.8809 12.0030 0.0000
vt -33.8807 11.5176 0.0000
vt -33.4573 11.3996 0.0000
vt -33.1443 11.0904 0.0000
vt -33.0207 10.6680 0.0000
vt -32.9808 9.1565 0.0000
vt -31.1790 4.6295 0.0000
vt -31.6597 6.5014 0.0000
vt -32.7506 6.3630 0.0000
vt -32.8704 5.0126 0.0000
vt -31.3907 4.7098 0.0000
vt 32.6206 5.2339 0.0000
vt 31.5299 5.3739 0.0000
vt 31.0438 3.4811 0.0000
vt 31.2558 3.5622 0.0000
vt 32.7366 3.8685 0.0000
vt 34.4909 8.8806 0.0000
vt 35.5818 9.0188 0.0000
vt 34.7121 12.4062 0.0000
vt 33.6389 12.2702 0.0000
vt 33.6393 11.7978 0.0000
vt 34.0628 11.6796 0.0000
vt 34.3758 11.3699 0.0000
vt 34.4996 10.9467 0.0000
vt 34.5401 9.4328 0.0000
vt 33.7359 14.1731 0.0000
vt 33.7361 11.5241 0.0000
vt 34.8094 11.6597 0.0000
vt 34.1506 14.2255 0.0000
vt -33.6728 11.5446 0.0000
vt -33.6727 12.0299 0.0000
vt -34.7425 12.1653 0.0000
vt -35.6142 8.7701 0.0000
vt -34.5233 8.6321 0.0000
vt -34.5727 9.1835 0.0000
vt -34.5328 10.6949 0.0000
vt -34.4092 11.1174 0.0000
vt -34.0963 11.4266 0.0000
vt -34.7997 6.4413 0.0000
vt -35.8906 6.5797 0.0000
vt -36.3713 4.7078 0.0000
vt -36.1596 4.7880 0.0000
vt -34.6799 5.0909 0.0000
vt 36.4942 3.7491 0.0000
vt 36.0082 5.6419 0.0000
vt 34.9174 5.5019 0.0000
vt 34.8015 4.1365 0.0000
vt 36.2823 3.8302 0.0000
vt 36.3968 11.0510 0.0000
vt 35.4387 12.7909 0.0000
vt 34.4333 12.3915 0.0000
vt 35.3081 9.0055 0.0000
vt 36.8992 9.6375 0.0000
vt 34.0689 14.2097 0.0000
vt 34.7280 11.6440 0.0000
vt 35.7338 12.0424 0.0000
vt 34.4575 14.3637 0.0000
vt -36.9998 9.3766 0.0000
vt -35.4084 8.7455 0.0000
vt -34.5342 12.1400 0.0000
vt -35.5366 12.5375 0.0000
vt -36.4991 10.7881 0.0000
vt -37.2743 3.8582 0.0000
vt -39.4389 4.7303 0.0000
vt -40.4417 2.9229 0.0000
vt -39.7962 2.6627 0.0000
vt -38.6181 3.3468 0.0000
vt -40.4464 1.5725 0.0000
vt -41.0883 1.8417 0.0000
vt -41.6379 0.8723 0.0000
vt 41.5115 1.1647 0.0000
vt 40.9624 2.1335 0.0000
vt 40.3204 1.8645 0.0000
vt 39.9137 2.4787 0.0000
vt 40.5585 2.7409 0.0000
vt 39.5428 4.5626 0.0000
vt 37.3810 3.6835 0.0000
vt 38.7298 3.1681 0.0000
vt 38.1056 6.6944 0.0000
vt 36.5173 6.0555 0.0000
vt 37.0174 4.1663 0.0000
vt 37.1672 4.1094 0.0000
vt 39.3323 4.9803 0.0000
vt 38.7565 6.0191 0.0000
vt 38.1274 6.6340 0.0000
vt 37.4102 11.8886 0.0000
vt 36.0488 13.3349 0.0000
vt 35.1746 12.6977 0.0000
vt 36.1349 10.9590 0.0000
vt 35.9015 11.6131 0.0000
vt 36.3968 11.9392 0.0000
vt 36.8589 12.3109 0.0000
vt 34.3825 14.3272 0.0000
vt 35.6591 12.0061 0.0000
vt 36.5343 12.6421 0.0000
vt 34.7207 14.5730 0.0000
vt -36.3058 10.7076 0.0000
vt -35.3422 12.4564 0.0000
vt -36.2142 13.0909 0.0000
vt -37.5818 11.6361 0.0000
vt -37.0315 12.0581 0.0000
vt -36.5692 11.6867 0.0000
vt -36.0736 11.3610 0.0000
vt -40.4706 8.2135 0.0000
vt -41.2761 7.3586 0.0000
vt -40.9980 7.1556 0.0000
vt -41.6023 6.5294 0.0000
vt -41.8792 6.7341 0.0000
vt -43.3035 5.2361 0.0000
vt -42.5456 4.6757 0.0000
vt 44.6519 4.3777 0.0000
vt 43.8732 5.1738 0.0000
vt 43.1260 4.5993 0.0000
vt 43.4745 3.9550 0.0000
vt 43.4847 3.6690 0.0000
vt 43.3330 3.4368 0.0000
vt 43.0696 3.3499 0.0000
vt 42.7959 3.4330 0.0000
vt 42.2627 3.9353 0.0000
vt 41.5155 3.3607 0.0000
vt 42.0850 2.4037 0.0000
vt 42.7469 2.0273 0.0000
vt 43.7963 2.8343 0.0000
vt 44.8457 3.6414 0.0000
vt 42.6755 4.6595 0.0000
vt 43.4309 5.2232 0.0000
vt 41.9888 6.7300 0.0000
vt 41.7129 6.5242 0.0000
vt 41.4420 6.7220 0.0000
vt 41.7189 6.9265 0.0000
vt 40.9011 7.7876 0.0000
vt 38.3745 10.8046 0.0000
vt 39.4637 12.1254 0.0000
vt 36.5087 13.9958 0.0000
vt 35.8204 13.1611 0.0000
vt 37.1830 11.7159 0.0000
vt 34.6575 14.5174 0.0000
vt 36.4713 12.5867 0.0000
vt 37.1607 13.4204 0.0000
vt 34.9239 14.8395 0.0000
vt -37.4164 11.5010 0.0000
vt -36.0481 12.9552 0.0000
vt -36.7348 13.7866 0.0000
vt -39.6955 11.9102 0.0000
vt -38.6053 10.5902 0.0000
vt -44.0680 6.3092 0.0000
vt -43.6289 5.7691 0.0000
vt -42.1978 7.2606 0.0000
vt -43.6699 9.0715 0.0000
vt -43.7620 7.6366 0.0000
vt -45.1586 5.1612 0.0000
vt -44.3678 5.9463 0.0000
vt -44.7962 6.4949 0.0000
vt 44.5496 6.6751 0.0000
vt 44.1209 6.1267 0.0000
vt 44.9109 5.3417 0.0000
vt 43.7492 9.1694 0.0000
vt 42.2852 7.3520 0.0000
vt 43.7376 5.8551 0.0000
vt 44.1742 6.3972 0.0000
vt 43.8547 7.7294 0.0000
vt 41.1768 8.2529 0.0000
vt 41.9982 7.3951 0.0000
vt 43.4716 9.2049 0.0000
vt 43.4616 9.3648 0.0000
vt 41.8055 10.4023 0.0000
vt 40.7246 9.0747 0.0000
vt 40.7758 9.0359 0.0000
vt 37.2444 14.5830 0.0000
vt 36.7950 14.7286 0.0000
vt 36.3356 13.7491 0.0000
vt 39.2915 11.8801 0.0000
vt 39.7585 12.8757 0.0000
vt 39.2178 12.9986 0.0000
vt 37.7897 13.5027 0.0000
vt 37.4251 13.7505 0.0000
vt 37.2267 14.1436 0.0000
vt 34.8771 14.7682 0.0000
vt 37.1139 13.3491 0.0000
vt 37.5744 14.3280 0.0000
vt 35.0550 15.1464 0.0000
vt -40.0389 12.7227 0.0000
vt -39.5713 11.7274 0.0000
vt -36.6102 13.6032 0.0000
vt -37.0687 14.5792 0.0000
vt -37.5304 14.4294 0.0000
vt -37.5121 13.9902 0.0000
vt -37.7098 13.5972 0.0000
vt -38.0735 13.3494 0.0000
vt -39.4991 12.8456 0.0000
vt -25.3588 11.6311 0.0000
vt -25.8253 10.6353 0.0000
vt -24.1911 9.6036 0.0000
vt -24.2025 9.8297 0.0000
vt -24.0369 11.3309 0.0000
vt -29.9362 14.3461 0.0000
vt -30.3979 14.4958 0.0000
vt -30.8565 13.5198 0.0000
vt -27.8953 11.6440 0.0000
vt -27.4277 12.6393 0.0000
vt -27.9675 12.7622 0.0000
vt -29.3931 13.2661 0.0000
vt -29.7568 13.5139 0.0000
vt -29.9545 13.9069 0.0000
vt -26.9607 14.0801 0.0000
vt -26.7549 15.1604 0.0000
vt -30.2533 15.3801 0.0000
vt -30.4550 14.3208 0.0000
vt -29.9934 14.1710 0.0000
vt -29.7503 14.5373 0.0000
vt -29.3596 14.7394 0.0000
vt -28.9196 14.7264 0.0000
vt -27.4698 14.2975 0.0000
vt 27.6174 12.7072 0.0000
vt 28.0844 11.7116 0.0000
vt 31.0403 13.5806 0.0000
vt 30.5809 14.5601 0.0000
vt 30.1315 14.4145 0.0000
vt 30.1492 13.9752 0.0000
vt 29.9508 13.5820 0.0000
vt 29.5862 13.3342 0.0000
vt 28.1581 12.8302 0.0000
vt 23.4857 13.3501 0.0000
vt 23.2827 14.4309 0.0000
vt 21.3323 14.3100 0.0000
vt 21.4747 14.1334 0.0000
vt 22.2224 12.8191 0.0000
vt 30.2014 14.2007 0.0000
vt 30.6509 14.3463 0.0000
vt 30.4488 15.4090 0.0000
vt 26.9584 15.1901 0.0000
vt 27.1638 14.1098 0.0000
vt 27.6739 14.3272 0.0000
vt 29.1263 14.7562 0.0000
vt 29.5670 14.7691 0.0000
vt 29.9582 14.5670 0.0000
vt 32.4298 15.4670 0.0000
vt 29.7860 15.3007 0.0000
vt 29.9887 14.2381 0.0000
vt 32.5081 15.0564 0.0000
vt 20.2433 15.2932 0.0000
vt 20.3860 17.6225 0.0000
vt 18.3353 18.0033 0.0000
vt 18.2928 17.3085 0.0000
vt 19.3242 16.4068 0.0000
vt 16.2483 17.4614 0.0000
vt 16.2896 18.1562 0.0000
vt 15.1936 18.3535 0.0000
vt 22.4941 17.3325 0.0000
vt 21.3268 17.5516 0.0000
vt 21.1826 15.2224 0.0000
vt 21.2838 15.0982 0.0000
vt 23.2343 15.2190 0.0000
vt 23.3401 16.9277 0.0000
vt 23.2759 16.9293 0.0000
vt -14.8471 18.3746 0.0000
vt -15.9438 18.1773 0.0000
vt -15.9026 17.4825 0.0000
vt -18.9108 17.2607 0.0000
vt -18.9538 17.9554 0.0000
vt -20.9854 17.5747 0.0000
vt -20.8414 15.2454 0.0000
vt -19.9319 16.3589 0.0000
vt -28.3710 16.6468 0.0000
vt -30.3324 16.2733 0.0000
vt -30.2648 15.1970 0.0000
vt -26.7665 14.9772 0.0000
vt -26.8738 16.6858 0.0000
vt 23.2999 20.1379 0.0000
vt 22.2219 20.6365 0.0000
vt 22.1171 20.3085 0.0000
vt 21.2205 20.6405 0.0000
vt 21.3244 20.9688 0.0000
vt 19.4275 21.8360 0.0000
vt 19.1432 20.9373 0.0000
vt 27.0797 16.6756 0.0000
vt 26.9725 14.9670 0.0000
vt 30.4629 15.1859 0.0000
vt 30.5306 16.2656 0.0000
vt 28.5793 16.6366 0.0000
vt 32.4610 15.8061 0.0000
vt 29.8589 16.3024 0.0000
vt 29.7909 15.2227 0.0000
vt 32.4348 15.3890 0.0000
vt 32.4409 15.4871 0.0000
vt 15.4928 19.9027 0.0000
vt 16.5886 19.7043 0.0000
vt 16.8652 20.6054 0.0000
vt 16.2080 20.9290 0.0000
vt 16.0343 21.1562 0.0000
vt 16.0235 21.4334 0.0000
vt 16.1879 21.6568 0.0000
vt 16.4593 21.7474 0.0000
vt 17.1848 21.6465 0.0000
vt 17.4614 22.5476 0.0000
vt 16.4430 22.9982 0.0000
vt 15.6854 22.9220 0.0000
vt 15.2970 21.6564 0.0000
vt 14.9085 20.3908 0.0000
vt -19.7330 20.7161 0.0000
vt -20.0197 21.6140 0.0000
vt -21.8963 20.7476 0.0000
vt -21.7916 20.4196 0.0000
vt -23.3262 19.8662 0.0000
vt -23.4321 20.1937 0.0000
vt -24.4958 19.6957 0.0000
vt -28.8234 17.9635 0.0000
vt -30.6307 17.1146 0.0000
vt -30.2979 16.0888 0.0000
vt -28.3365 16.4624 0.0000
vt -29.0297 16.4443 0.0000
vt -29.1856 17.0165 0.0000
vt -29.3952 17.5712 0.0000
vt 32.5754 16.1260 0.0000
vt 30.1784 17.2537 0.0000
vt 29.8442 16.2248 0.0000
vt 32.4463 15.7285 0.0000
vt 28.5372 16.4085 0.0000
vt 30.4884 16.0374 0.0000
vt 30.8217 17.0666 0.0000
vt 29.0234 17.9098 0.0000
vt 29.5965 17.5175 0.0000
vt 29.3871 16.9626 0.0000
vt 29.2314 16.3904 0.0000
vt 24.5494 20.5838 0.0000
vt 25.4563 22.0358 0.0000
vt 23.9392 23.2676 0.0000
vt 23.7846 23.2254 0.0000
vt 22.5483 21.2461 0.0000
vt 23.6256 20.7460 0.0000
vt 24.4962 20.6198 0.0000
vt 20.2368 23.2381 0.0000
vt 19.8709 22.6460 0.0000
vt 21.7658 21.7744 0.0000
vt 22.9925 23.7597 0.0000
vt 21.5995 23.3800 0.0000
vt 17.1309 24.2161 0.0000
vt 18.1472 23.7607 0.0000
vt 18.5051 24.3577 0.0000
vt -18.2082 24.5367 0.0000
vt -17.8504 23.9396 0.0000
vt -16.8334 24.3951 0.0000
vt -23.4958 23.4120 0.0000
vt -22.2610 21.4318 0.0000
vt -20.3857 22.3012 0.0000
vt -20.7540 22.8918 0.0000
vt -22.1088 23.0333 0.0000
vt -27.5095 18.6331 0.0000
vt -28.4258 20.0792 0.0000
vt -31.1287 17.8474 0.0000
vt -30.5515 16.9364 0.0000
vt -28.7444 17.7856 0.0000
vt 32.7658 16.4059 0.0000
vt 30.7244 18.0941 0.0000
vt 30.1449 17.1807 0.0000
vt 32.5419 16.0530 0.0000
vt 28.9264 17.6835 0.0000
vt 30.7245 16.8397 0.0000
vt 31.3028 17.7540 0.0000
vt 28.6040 19.9781 0.0000
vt 27.6888 18.5313 0.0000
vt 24.4211 23.6915 0.0000
vt 25.9343 22.4549 0.0000
vt 26.7299 23.2140 0.0000
vt 26.0141 24.3826 0.0000
vt 24.6399 23.7517 0.0000
vt -27.5495 22.3325 0.0000
vt -26.7496 21.5778 0.0000
vt -25.2584 22.8071 0.0000
vt -25.4767 22.8670 0.0000
vt -26.8507 23.4941 0.0000
vt -31.5081 18.8157 0.0000
vt -31.7937 18.4234 0.0000
vt -31.0082 17.6845 0.0000
vt -28.3060 19.9172 0.0000
vt -29.1071 20.6707 0.0000
vt -29.3914 20.1957 0.0000
vt -30.3128 18.9969 0.0000
vt -30.6613 18.7280 0.0000
vt -31.0962 18.6621 0.0000
vt 33.0199 16.6278 0.0000
vt 31.4624 18.7706 0.0000
vt 30.6739 18.0299 0.0000
vt 32.7152 16.3416 0.0000
vt 29.2562 20.5182 0.0000
vt 28.4558 19.7641 0.0000
vt 31.1532 17.5382 0.0000
vt 31.9406 18.2800 0.0000
vt 31.6621 18.6616 0.0000
vt 31.2502 18.5078 0.0000
vt 30.8149 18.5738 0.0000
vt 30.4657 18.8429 0.0000
vt 29.5416 20.0428 0.0000
vt 28.6831 24.4225 0.0000
vt 29.6432 24.9588 0.0000
vt 28.9079 26.7694 0.0000
vt 28.7858 26.5782 0.0000
vt 27.7777 25.4511 0.0000
vt -29.4826 25.8219 0.0000
vt -30.1986 24.0268 0.0000
vt -29.2360 23.4951 0.0000
vt -28.3428 24.5149 0.0000
vt -29.3590 25.6322 0.0000
vt -30.3255 21.5338 0.0000
vt -31.2888 22.0642 0.0000
vt -32.5820 18.8062 0.0000
vt -31.6374 18.2861 0.0000
vt -31.3519 18.6786 0.0000
vt -31.6248 19.0232 0.0000
vt -31.6959 19.4573 0.0000
vt -31.5472 19.8716 0.0000
vt -30.6900 21.1171 0.0000
vt 33.3212 16.7777 0.0000
vt 32.3457 19.2405 0.0000
vt 31.3977 18.7192 0.0000
vt 32.9550 16.5763 0.0000
vt 31.4656 18.4708 0.0000
vt 31.7436 18.0889 0.0000
vt 32.6909 18.6114 0.0000
vt 31.3977 21.8607 0.0000
vt 30.4348 21.3296 0.0000
vt 30.8000 20.9124 0.0000
vt 31.6592 19.6653 0.0000
vt 31.8086 19.2505 0.0000
vt 31.7381 18.8158 0.0000
vt 29.4416 27.4719 0.0000
vt 31.6982 28.0669 0.0000
vt 31.4166 30.1335 0.0000
vt 30.7436 29.9561 0.0000
vt 30.2108 28.6939 0.0000
vt 30.2868 31.0334 0.0000
vt 30.9585 31.2159 0.0000
vt 30.7958 32.3176 0.0000
vt -30.7060 32.6336 0.0000
vt -30.8690 31.5312 0.0000
vt -30.1973 31.3486 0.0000
vt -30.8759 29.6373 0.0000
vt -31.5493 29.8133 0.0000
vt -31.8215 27.7643 0.0000
vt -29.5636 27.1743 0.0000
vt -30.3378 28.3859 0.0000
vt -33.1903 20.9549 0.0000
vt -33.4417 18.9741 0.0000
vt -32.3973 18.7055 0.0000
vt -31.1063 21.9643 0.0000
vt -32.7644 22.3907 0.0000
vt 33.2331 29.7808 0.0000
vt 32.2905 29.7808 0.0000
vt 32.5452 27.7107 0.0000
vt 32.8895 27.7107 0.0000
vt -34.5667 20.9013 0.0000
vt -34.3168 18.9203 0.0000
vt -33.2384 18.9203 0.0000
vt -32.9886 20.9013 0.0000
vt -33.1853 20.2363 0.0000
vt -33.7776 20.2645 0.0000
vt -34.3700 20.2363 0.0000
vt 32.8235 22.1399 0.0000
vt 31.1656 21.7128 0.0000
vt 32.4542 18.4617 0.0000
vt 33.5019 18.7315 0.0000
vt 33.2506 20.7018 0.0000
vt -35.3967 31.8231 0.0000
vt -35.2647 30.7166 0.0000
vt -34.3222 30.7166 0.0000
vt -34.2057 31.4403 0.0000
vt -34.0394 31.6732 0.0000
vt -33.7776 31.7649 0.0000
vt -33.5158 31.6732 0.0000
vt -33.3496 31.4403 0.0000
vt -33.2331 30.7166 0.0000
vt -32.2905 30.7166 0.0000
vt -32.1586 31.8231 0.0000
vt -32.4538 32.5254 0.0000
vt -33.7776 32.5254 0.0000
vt -35.1015 32.5254 0.0000
vt -37.0925 18.2556 0.0000
vt -36.6428 17.8917 0.0000
vt -37.6703 17.3450 0.0000
vt -37.1423 17.1047 0.0000
vt -38.0035 16.3194 0.0000
vt -37.4303 16.2182 0.0000
vt -38.0712 15.2432 0.0000
vt -37.4889 15.2879 0.0000
vt -37.8692 14.1839 0.0000
vt -37.3142 14.3723 0.0000
vt -31.2321 12.8107 0.0000
vt -30.8326 12.3772 0.0000
vt -30.1453 13.2081 0.0000
vt -30.6379 13.5289 0.0000
vt -34.3168 19.7815 0.0000
vt -34.2437 19.2106 0.0000
vt -33.3116 19.2106 0.0000
vt -33.2384 19.7815 0.0000
vt -31.9862 12.2628 0.0000
vt -31.7051 11.7433 0.0000
vt -32.8529 11.9196 0.0000
vt -32.7077 11.3464 0.0000
vt -33.7776 11.8028 0.0000
vt -33.7776 11.2112 0.0000
vt -34.8475 11.3464 0.0000
vt -34.7024 11.9196 0.0000
vt -35.5691 12.2628 0.0000
vt -36.3232 12.8107 0.0000
vt -36.9173 13.5289 0.0000
vt -30.2411 14.3723 0.0000
vt -33.7776 14.2143 0.0000
vt -33.4526 14.2554 0.0000
vt -33.1479 14.3760 0.0000
vt -30.0664 15.2879 0.0000
vt -32.8829 14.5686 0.0000
vt -32.6740 14.8210 0.0000
vt -32.5345 15.1175 0.0000
vt -32.4732 15.4393 0.0000
vt -30.1249 16.2182 0.0000
vt -32.4937 15.7663 0.0000
vt -32.5950 16.0779 0.0000
vt -32.7705 16.3545 0.0000
vt -30.4130 17.1047 0.0000
vt -33.0094 16.5788 0.0000
vt -33.2965 16.7367 0.0000
vt -33.6138 16.8181 0.0000
vt -33.9414 16.8181 0.0000
vt -34.1027 14.2554 0.0000
vt -34.4073 14.3760 0.0000
vt -34.6724 14.5686 0.0000
vt -34.8812 14.8210 0.0000
vt -35.0207 15.1175 0.0000
vt -35.0821 15.4393 0.0000
vt -35.0615 15.7663 0.0000
vt -34.9603 16.0779 0.0000
vt -34.7847 16.3545 0.0000
vt -34.5459 16.5788 0.0000
vt -34.2588 16.7367 0.0000
vt -30.9124 17.8917 0.0000
vt -31.5919 18.5298 0.0000
vt -32.4087 18.9788 0.0000
vt -35.8502 11.7433 0.0000
vt -36.7226 12.3772 0.0000
vt -37.4100 13.2081 0.0000
vt -29.6861 14.1839 0.0000
vt -29.4840 15.2432 0.0000
vt -29.5517 16.3194 0.0000
vt -29.8850 17.3450 0.0000
vt -30.4628 18.2556 0.0000
vt -31.2489 18.9938 0.0000
vt -32.1939 19.5133 0.0000
vt 22.2957 17.4479 0.0000
vt 22.2957 17.7755 0.0000
vt 15.2646 17.7755 0.0000
vt 15.2646 17.4479 0.0000
vt 22.2957 8.7533 0.0000
vt 22.2957 9.0810 0.0000
vt 15.2646 9.0810 0.0000
vt 15.2646 8.7533 0.0000
vt 22.2957 -0.5015 0.0000
vt 22.2957 -0.1738 0.0000
vt 15.2646 -0.1738 0.0000
vt 15.2646 -0.5015 0.0000
vt 22.2957 -9.7351 0.0000
vt 22.2957 -9.4074 0.0000
vt 15.2646 -9.4074 0.0000
vt 15.2646 -9.7351 0.0000
vt 22.2957 -18.3673 0.0000
vt 22.2957 -18.0396 0.0000
vt 15.2646 -18.0396 0.0000
vt 15.2646 -18.3673 0.0000
vt 22.2957 -25.8557 0.0000
vt 22.2957 -25.5280 0.0000
vt 15.2646 -25.5280 0.0000
vt 15.2646 -25.8557 0.0000
vt 22.2957 -31.7298 0.0000
vt 22.2957 -31.4021 0.0000
vt 15.2646 -31.4021 0.0000
vt 15.2646 -31.7298 0.0000
vt -22.2957 35.6204 0.0000
vt -22.2957 35.2928 0.0000
vt -15.2646 35.2928 0.0000
vt -15.2646 35.6204 0.0000
vt -22.2957 37.2833 0.0000
vt -22.2957 36.9556 0.0000
vt -15.2646 36.9556 0.0000
vt -15.2646 37.2833 0.0000
vt -22.2957 36.6137 0.0000
vt -22.2957 36.2861 0.0000
vt -15.2646 36.2861 0.0000
vt -15.2646 36.6137 0.0000
vt -22.2957 33.6539 0.0000
vt -22.2957 33.3263 0.0000
vt -15.2646 33.3263 0.0000
vt -15.2646 33.6539 0.0000
vt -22.2957 28.5898 0.0000
vt -22.2957 28.2622 0.0000
vt -15.2646 28.2622 0.0000
vt -15.2646 28.5898 0.0000
vt -22.2957 21.7396 0.0000
vt -22.2957 21.4119 0.0000
vt -15.2646 21.4119 0.0000
vt -15.2646 21.7396 0.0000
vt -22.2957 13.5337 0.0000
vt -22.2957 13.2060 0.0000
vt -15.2646 13.2060 0.0000
vt -15.2646 13.5337 0.0000
vt -22.2957 4.4877 0.0000
vt -22.2957 4.1600 0.0000
vt -15.2646 4.1600 0.0000
vt -15.2646 4.4877 0.0000
vt -22.2957 -4.8300 0.0000
vt -22.2957 -5.1576 0.0000
vt -15.2646 -5.1576 0.0000
vt -15.2646 -4.8300 0.0000
vt -22.2957 -13.8339 0.0000
vt -22.2957 -14.1615 0.0000
vt -15.2646 -14.1615 0.0000
vt -15.2646 -13.8339 0.0000
vt -22.2957 -21.9583 0.0000
vt -22.2957 -22.2859 0.0000
vt -15.2646 -22.2859 0.0000
vt -15.2646 -21.9583 0.0000
vt -22.2957 -28.6926 0.0000
vt -22.2957 -29.0203 0.0000
vt -15.2646 -29.0203 0.0000
vt -15.2646 -28.6926 0.0000
vt -38.2390 12.8361 0.0000
vt -38.5555 12.7513 0.0000
vt -36.7357 5.9598 0.0000
vt -36.4192 6.0446 0.0000
vt 22.2957 36.4126 0.0000
vt 22.2957 36.7403 0.0000
vt 15.2646 36.7403 0.0000
vt 15.2646 36.4126 0.0000
vt 22.2957 36.9132 0.0000
vt 22.2957 37.2409 0.0000
vt 15.2646 37.2409 0.0000
vt 15.2646 36.9132 0.0000
vt 22.2957 35.0841 0.0000
vt 22.2957 35.4118 0.0000
vt 15.2646 35.4118 0.0000
vt 15.2646 35.0841 0.0000
vt 22.2957 31.0403 0.0000
vt 22.2957 31.3679 0.0000
vt 15.2646 31.3679 0.0000
vt 15.2646 31.0403 0.0000
vt 22.2957 25.0358 0.0000
vt 22.2957 25.3634 0.0000
vt 15.2646 25.3634 0.0000
vt 15.2646 25.0358 0.0000
vt -47.2716 17.8828 0.0000
vt -46.1725 21.2662 0.0000
vt -46.8775 21.5997 0.0000
vt -48.0369 18.0306 0.0000
vt 47.4962 10.8849 0.0000
vt 45.9818 7.6659 0.0000
vt 46.6397 7.2503 0.0000
vt 48.2372 10.6460 0.0000
vt 19.3622 14.4317 0.0000
vt 18.5846 14.3846 0.0000
vt 19.2877 10.6983 0.0000
vt 20.0287 10.9372 0.0000
vt 42.7462 27.6582 0.0000
vt 42.2882 27.0262 0.0000
vt 44.8813 24.5907 0.0000
vt 45.4816 25.0890 0.0000
vt 47.5558 21.8200 0.0000
vt 46.8508 21.4866 0.0000
vt 47.9499 18.1032 0.0000
vt 48.7152 18.2509 0.0000
vt 40.7067 2.7047 0.0000
vt 37.3992 1.3949 0.0000
vt 37.5930 0.6421 0.0000
vt 41.0821 2.0238 0.0000
vt -33.7196 0.8624 0.0000
vt -33.7196 1.6398 0.0000
vt -37.2489 2.0857 0.0000
vt -37.4427 1.3329 0.0000
vt -28.6674 28.1185 0.0000
vt -28.3806 28.8447 0.0000
vt -32.0154 29.7781 0.0000
vt -32.1131 29.0034 0.0000
vt 45.9499 7.6139 0.0000
vt 43.6825 4.8726 0.0000
vt 44.2160 4.3065 0.0000
vt 46.6078 7.1983 0.0000
vt -23.1559 24.0839 0.0000
vt -22.5556 24.5823 0.0000
vt -25.2909 27.1514 0.0000
vt -25.7490 26.5194 0.0000
vt 45.5199 25.0423 0.0000
vt 44.9195 24.5440 0.0000
vt 46.8255 21.5402 0.0000
vt 47.5304 21.8736 0.0000
vt -19.9891 10.8321 0.0000
vt -19.2860 14.5183 0.0000
vt -20.0636 14.5655 0.0000
vt -20.7301 11.0710 0.0000
vt -31.9989 28.9857 0.0000
vt -31.9013 29.7605 0.0000
vt -35.6540 29.7605 0.0000
vt -35.5564 28.9857 0.0000
vt 48.1809 14.4363 0.0000
vt 47.5144 10.9419 0.0000
vt 48.2554 10.7029 0.0000
vt 48.9584 14.3892 0.0000
vt 35.7163 30.4618 0.0000
vt 35.6186 29.6871 0.0000
vt 39.0642 28.8022 0.0000
vt 39.3510 29.5284 0.0000
vt -26.8352 2.6229 0.0000
vt -23.7994 4.8290 0.0000
vt -24.3328 5.3951 0.0000
vt -27.2106 3.3038 0.0000
vt 28.1438 29.5141 0.0000
vt 24.8554 27.7059 0.0000
vt 25.3134 27.0739 0.0000
vt 28.4307 28.7879 0.0000
vt 31.8382 30.4679 0.0000
vt 28.2034 29.5345 0.0000
vt 28.4903 28.8083 0.0000
vt 31.9359 29.6931 0.0000
vt -20.2722 17.8902 0.0000
vt -19.5069 18.0380 0.0000
vt -20.6664 21.6071 0.0000
vt -21.3714 21.2736 0.0000
vt -23.8826 4.7496 0.0000
vt -21.4908 7.6414 0.0000
vt -22.1486 8.0570 0.0000
vt -24.4160 5.3158 0.0000
vt -44.3934 24.0713 0.0000
vt -41.8004 26.5068 0.0000
vt -42.2584 27.1388 0.0000
vt -44.9938 24.5697 0.0000
vt 39.4086 29.5034 0.0000
vt 39.1217 28.7773 0.0000
vt 42.2390 27.0632 0.0000
vt 42.6969 27.6953 0.0000
vt 37.3386 1.3760 0.0000
vt 33.8092 0.9301 0.0000
vt 33.8093 0.1527 0.0000
vt 37.5324 0.6232 0.0000
vt -38.8871 28.1125 0.0000
vt -35.4414 28.9973 0.0000
vt -35.5391 29.7721 0.0000
vt -39.1739 28.8386 0.0000
vt -25.6566 26.4497 0.0000
vt -25.1986 27.0818 0.0000
vt -28.4870 28.8899 0.0000
vt -28.7739 28.1638 0.0000
vt 24.8031 27.6708 0.0000
vt 22.0678 25.1016 0.0000
vt 22.6681 24.6033 0.0000
vt 25.2612 27.0387 0.0000
vt 43.6385 4.8287 0.0000
vt 40.7606 2.7375 0.0000
vt 41.1360 2.0565 0.0000
vt 44.1718 4.2626 0.0000
vt -21.3227 21.1697 0.0000
vt -20.6177 21.5031 0.0000
vt -22.6283 24.6718 0.0000
vt -23.2286 24.1735 0.0000
vt -30.2239 1.2984 0.0000
vt -26.7348 2.6801 0.0000
vt -27.1102 3.3610 0.0000
vt -30.4177 2.0512 0.0000
vt -20.0705 14.4519 0.0000
vt -19.2929 14.4048 0.0000
vt -19.5285 18.1501 0.0000
vt -20.2938 18.0023 0.0000
vt -33.8355 0.8593 0.0000
vt -30.1124 1.3297 0.0000
vt -30.3061 2.0826 0.0000
vt -33.8355 1.6366 0.0000
vt -40.7157 2.6350 0.0000
vt -40.3403 3.3159 0.0000
vt -43.2181 5.4072 0.0000
vt -43.7515 4.8410 0.0000
vt -37.3296 1.3071 0.0000
vt -37.1358 2.0599 0.0000
vt -40.4434 3.3697 0.0000
vt -40.8187 2.6888 0.0000
vt -47.4722 14.4503 0.0000
vt -47.2489 18.0008 0.0000
vt -48.0142 18.1485 0.0000
vt -48.2498 14.4032 0.0000
vt -46.2236 21.1582 0.0000
vt -44.3176 24.1621 0.0000
vt -44.9180 24.6604 0.0000
vt -46.9285 21.4917 0.0000
vt -47.5540 10.8367 0.0000
vt -46.8130 11.0757 0.0000
vt -47.4795 14.5701 0.0000
vt -48.2570 14.5230 0.0000
vt 26.8468 2.6960 0.0000
vt 26.4715 2.0151 0.0000
vt 29.9606 0.6334 0.0000
vt 30.1544 1.3862 0.0000
vt -41.8958 26.4391 0.0000
vt -38.7785 28.1531 0.0000
vt -39.0654 28.8793 0.0000
vt -42.3537 27.0711 0.0000
vt 48.7264 18.1933 0.0000
vt 47.9611 18.0456 0.0000
vt 48.1844 14.4951 0.0000
vt 48.9620 14.4480 0.0000
vt -45.9932 7.5545 0.0000
vt -45.3353 7.9701 0.0000
vt -46.8498 11.1891 0.0000
vt -47.5908 10.9501 0.0000
vt 23.9124 4.8167 0.0000
vt 23.3790 4.2505 0.0000
vt 26.4148 2.0445 0.0000
vt 26.7903 2.7254 0.0000
vt 20.0486 10.8752 0.0000
vt 19.3077 10.6362 0.0000
vt 20.9052 7.2406 0.0000
vt 21.5631 7.6562 0.0000
vt -43.6652 4.7621 0.0000
vt -43.1318 5.3282 0.0000
vt -45.3991 8.0695 0.0000
vt -46.0570 7.6538 0.0000
vt 21.5978 7.6015 0.0000
vt 20.9400 7.1858 0.0000
vt 23.3318 4.2941 0.0000
vt 23.8652 4.8602 0.0000
vt 35.6540 30.4726 0.0000
vt 31.9013 30.4726 0.0000
vt 31.9989 29.6978 0.0000
vt 35.5564 29.6978 0.0000
vt 18.8163 18.1949 0.0000
vt 18.5807 14.4496 0.0000
vt 19.3583 14.4967 0.0000
vt 19.5816 18.0471 0.0000
vt 19.9881 21.8275 0.0000
vt 18.8286 18.2583 0.0000
vt 19.5939 18.1106 0.0000
vt 20.6930 21.4940 0.0000
vt 22.0264 25.0537 0.0000
vt 20.0158 21.8850 0.0000
vt 20.7208 21.5516 0.0000
vt 22.6267 24.5554 0.0000
vt -21.5517 7.5447 0.0000
vt -19.9541 10.9404 0.0000
vt -20.6951 11.1793 0.0000
vt -22.2096 7.9603 0.0000
vt 30.2164 1.3729 0.0000
vt 30.0227 0.6200 0.0000
vt 33.7458 0.1496 0.0000
vt 33.7458 0.9269 0.0000
vt -29.2196 9.6488 0.0000
vt -31.7769 6.7660 0.0000
vt -31.3849 6.4857 0.0000
vt -28.8946 9.2930 0.0000
vt -37.6283 -0.8846 0.0000
vt -34.0992 -1.3331 0.0000
vt -34.0988 -1.0354 0.0000
vt -37.5542 -0.5963 0.0000
vt -27.8987 30.9847 0.0000
vt -31.3432 31.8743 0.0000
vt -31.3811 31.5790 0.0000
vt -28.0085 30.7080 0.0000
vt -18.3502 -0.0323 0.0000
vt -16.1857 2.6968 0.0000
vt -16.4176 2.8390 0.0000
vt -18.5415 0.1612 0.0000
vt -41.5352 0.6902 0.0000
vt -38.2302 -0.6260 0.0000
vt -38.1554 -0.3379 0.0000
vt -41.3915 0.9509 0.0000
vt -9.3449 -7.4776 0.0000
vt -7.4566 -4.6287 0.0000
vt -7.7715 -4.4629 0.0000
vt -9.6202 -7.2520 0.0000
vt -15.3709 -12.8232 0.0000
vt -12.8391 -10.5273 0.0000
vt -13.1035 -10.2890 0.0000
vt -15.5823 -12.5368 0.0000
vt -16.2042 38.7694 0.0000
vt -19.0224 40.7031 0.0000
vt -19.1932 40.3909 0.0000
vt -16.4341 38.4977 0.0000
vt -9.9134 35.4948 0.0000
vt -12.1318 38.0949 0.0000
vt -12.3779 37.8378 0.0000
vt -10.2060 35.2922 0.0000
vt -5.4722 30.1647 0.0000
vt -7.0213 33.2113 0.0000
vt -7.3207 33.0189 0.0000
vt -5.8041 30.0362 0.0000
vt -2.8703 23.3791 0.0000
vt -3.7314 26.6867 0.0000
vt -4.0650 26.5628 0.0000
vt -3.2220 23.3246 0.0000
vt -1.9830 15.6732 0.0000
vt -2.1550 19.0868 0.0000
vt -2.5069 19.0331 0.0000
vt -2.3384 15.6912 0.0000
vt -35.5160 15.0088 0.0000
vt -31.7060 14.4310 0.0000
vt -31.6840 14.9123 0.0000
vt -35.3943 15.4750 0.0000
vt -51.5607 9.6854 0.0000
vt -50.1282 6.5103 0.0000
vt -49.8955 6.6511 0.0000
vt -51.3011 9.7666 0.0000
vt -38.0924 -4.4890 0.0000
vt -34.6389 -4.9440 0.0000
vt -34.6361 -4.6720 0.0000
vt -38.0246 -4.2255 0.0000
vt -39.2254 33.3239 0.0000
vt -42.4802 32.2809 0.0000
vt -42.3380 31.9546 0.0000
vt -39.1514 32.9758 0.0000
vt -42.8178 -2.0172 0.0000
vt -39.5983 -3.3468 0.0000
vt -39.5254 -3.0847 0.0000
vt -42.6845 -1.7801 0.0000
vt 20.8864 14.6977 0.0000
vt 21.5492 11.2026 0.0000
vt 21.8325 11.2940 0.0000
vt 21.1835 14.7163 0.0000
vt -28.8575 17.7197 0.0000
vt -30.6586 21.1265 0.0000
vt -31.0586 20.8579 0.0000
vt -29.3048 17.5403 0.0000
vt 21.1268 17.9570 0.0000
vt 20.9048 14.4065 0.0000
vt 21.2019 14.4251 0.0000
vt 21.4193 17.9016 0.0000
vt -13.3598 11.5472 0.0000
vt -13.3598 14.8934 0.0000
vt -23.5305 14.8934 0.0000
vt -23.5305 11.5472 0.0000
vt -31.4180 -14.5047 0.0000
vt -28.0418 -13.9724 0.0000
vt -28.1324 -13.6281 0.0000
vt -31.4377 -14.1493 0.0000
vt -49.0188 2.6176 0.0000
vt -46.4869 0.3217 0.0000
vt -46.2756 0.6081 0.0000
vt -48.7543 2.8558 0.0000
vt 13.3193 23.3571 0.0000
vt 13.3193 19.5035 0.0000
vt 23.5710 19.5035 0.0000
vt 23.5710 23.3571 0.0000
vt -41.8706 31.9038 0.0000
vt -44.8924 30.1711 0.0000
vt -44.7296 29.9531 0.0000
vt -41.7647 31.6533 0.0000
vt -46.7370 1.4139 0.0000
vt -43.9608 -0.6899 0.0000
vt -43.8238 -0.4549 0.0000
vt -46.5478 1.6094 0.0000
vt -30.7475 17.0950 0.0000
vt -33.9638 19.2176 0.0000
vt -34.1857 18.7899 0.0000
vt -31.0536 16.7228 0.0000
vt -36.1875 31.6835 0.0000
vt -39.6319 30.7939 0.0000
vt -39.5221 30.5172 0.0000
vt -36.1495 31.3882 0.0000
vt -17.2810 18.8805 0.0000
vt -18.3745 22.2658 0.0000
vt -18.6442 22.1397 0.0000
vt -17.5735 18.8251 0.0000
vt -18.6705 22.8633 0.0000
vt -20.5687 25.8720 0.0000
vt -20.7987 25.6830 0.0000
vt -18.9401 22.7371 0.0000
vt -29.7211 18.0417 0.0000
vt -32.2783 20.9245 0.0000
vt -32.6034 20.5688 0.0000
vt -30.1130 17.7615 0.0000
vt -21.9894 3.2399 0.0000
vt -19.7297 5.9875 0.0000
vt -19.9814 6.1464 0.0000
vt -22.1940 3.4562 0.0000
vt -19.3574 6.5695 0.0000
vt -17.8500 9.7917 0.0000
vt -18.1333 9.8833 0.0000
vt -19.6093 6.7282 0.0000
vt -50.0109 18.1564 0.0000
vt -50.2330 14.6058 0.0000
vt -49.9359 14.6244 0.0000
vt -49.7184 18.1009 0.0000
vt -39.2194 -10.2349 0.0000
vt -35.8433 -10.7672 0.0000
vt -35.8235 -10.4118 0.0000
vt -39.1289 -9.8907 0.0000
vt -32.8697 -5.6517 0.0000
vt -29.4163 -5.1966 0.0000
vt -29.4840 -4.9331 0.0000
vt -32.8726 -5.3796 0.0000
vt -14.7844 25.3439 0.0000
vt -16.5950 28.3197 0.0000
vt -16.8087 28.1513 0.0000
vt -15.0321 25.2315 0.0000
vt -31.9989 31.8550 0.0000
vt -35.5564 31.8550 0.0000
vt -35.5193 31.5597 0.0000
vt -32.0360 31.5597 0.0000
vt -48.0188 24.6816 0.0000
vt -50.2372 22.0815 0.0000
vt -49.9445 21.8789 0.0000
vt -47.7727 24.4244 0.0000
vt -29.2711 -0.8970 0.0000
vt -25.9661 0.4192 0.0000
vt -26.1098 0.6799 0.0000
vt -29.3459 -0.6089 0.0000
vt -33.4498 -1.4316 0.0000
vt -29.9207 -0.9832 0.0000
vt -29.9948 -0.6948 0.0000
vt -33.4502 -1.1339 0.0000
vt -44.5439 28.7111 0.0000
vt -47.3621 26.7774 0.0000
vt -47.1322 26.5057 0.0000
vt -44.3731 28.3988 0.0000
vt -2.7356 7.5612 0.0000
vt -2.2192 10.9398 0.0000
vt -2.5746 10.9578 0.0000
vt -3.0802 7.6501 0.0000
vt -5.1548 -0.3886 0.0000
vt -3.9491 2.8095 0.0000
vt -4.2931 2.9009 0.0000
vt -5.4735 -0.2301 0.0000
vt -25.3661 0.6943 0.0000
vt -22.4939 2.7933 0.0000
vt -22.6981 3.0099 0.0000
vt -25.5104 0.9547 0.0000
vt -35.6165 11.3551 0.0000
vt -31.8065 11.9329 0.0000
vt -31.9282 12.3992 0.0000
vt -35.6385 11.8365 0.0000
vt -28.2650 11.3317 0.0000
vt -30.0660 7.9248 0.0000
vt -29.6187 7.7455 0.0000
vt -27.8649 11.0631 0.0000
vt -50.1222 21.6586 0.0000
vt -51.6713 18.6119 0.0000
vt -51.3394 18.4834 0.0000
vt -49.8228 21.4661 0.0000
vt -34.6953 8.5327 0.0000
vt -31.2149 10.1869 0.0000
vt -31.4661 10.5981 0.0000
vt -34.8555 8.9871 0.0000
vt 9.5595 5.3102 0.0000
vt 10.9658 1.7224 0.0000
vt 11.3936 1.9442 0.0000
vt 10.0240 5.4381 0.0000
vt -13.3598 26.6173 0.0000
vt -13.3598 29.9635 0.0000
vt -23.5305 29.9635 0.0000
vt -23.5305 26.6173 0.0000
vt 13.3598 38.2123 0.0000
vt 13.3598 34.8661 0.0000
vt 23.5305 34.8661 0.0000
vt 23.5305 38.2123 0.0000
vt 30.1642 17.0353 0.0000
vt 31.3700 20.2334 0.0000
vt 31.0260 20.3248 0.0000
vt 29.8455 17.1938 0.0000
vt 35.4866 15.2872 0.0000
vt 32.0687 15.2872 0.0000
vt 32.1045 14.9331 0.0000
vt 35.4507 14.9331 0.0000
vt -13.3598 33.7648 0.0000
vt -13.3598 37.1109 0.0000
vt -23.5305 37.1109 0.0000
vt -23.5305 33.7648 0.0000
vt 13.3598 -8.0136 0.0000
vt 13.3598 -11.3598 0.0000
vt 23.5305 -11.3598 0.0000
vt 23.5305 -8.0136 0.0000
vt 44.2654 8.5614 0.0000
vt 45.7729 11.7836 0.0000
vt 45.4896 11.8752 0.0000
vt 44.0136 8.7201 0.0000
vt 46.9385 9.9190 0.0000
vt 48.3449 13.5068 0.0000
vt 47.8803 13.6347 0.0000
vt 46.5108 10.1409 0.0000
vt -13.3598 -6.7934 0.0000
vt -13.3598 -3.4473 0.0000
vt -23.5305 -3.4473 0.0000
vt -23.5305 -6.7934 0.0000
vt 47.8129 12.1504 0.0000
vt 48.4177 15.9562 0.0000
vt 47.9365 15.9816 0.0000
vt 47.3475 12.2754 0.0000
vt 9.6844 25.3353 0.0000
vt 8.6776 21.6156 0.0000
vt 9.1534 21.5391 0.0000
vt 10.1338 25.1614 0.0000
vt 8.1621 12.1298 0.0000
vt 8.7669 8.3239 0.0000
vt 9.2323 8.4490 0.0000
vt 8.6433 12.1552 0.0000
vt 16.8183 -5.6122 0.0000
vt 19.7225 -8.1451 0.0000
vt 19.9995 -7.7508 0.0000
vt 17.1713 -5.2842 0.0000
vt -13.0804 9.5372 0.0000
vt -12.4537 12.9636 0.0000
vt -12.7252 12.9800 0.0000
vt -13.3401 9.6179 0.0000
vt 13.3193 -3.1920 0.0000
vt 13.3193 -7.0456 0.0000
vt 23.5710 -7.0456 0.0000
vt 23.5710 -3.1920 0.0000
vt -40.1952 30.4998 0.0000
vt -43.3083 28.7783 0.0000
vt -43.1329 28.5378 0.0000
vt -40.0847 30.2234 0.0000
vt -13.3193 -11.6121 0.0000
vt -13.3193 -7.7585 0.0000
vt -23.5710 -7.7585 0.0000
vt -23.5710 -11.6121 0.0000
vt -27.7189 16.6224 0.0000
vt -27.9206 12.7741 0.0000
vt -27.4394 12.7994 0.0000
vt -27.2430 16.5469 0.0000
vt -13.3193 29.1523 0.0000
vt -13.3193 33.0059 0.0000
vt -23.5710 33.0059 0.0000
vt -23.5710 29.1523 0.0000
vt 13.3193 38.9917 0.0000
vt 13.3193 35.1382 0.0000
vt 23.5710 35.1382 0.0000
vt 23.5710 38.9917 0.0000
vt 13.3193 -20.2666 0.0000
vt 13.3193 -24.1202 0.0000
vt 23.5710 -24.1202 0.0000
vt 23.5710 -20.2666 0.0000
vt -45.1968 -3.9418 0.0000
vt -42.1326 -5.4560 0.0000
vt -42.0079 -5.1226 0.0000
vt -45.0077 -3.6402 0.0000
vt 13.3193 -12.1723 0.0000
vt 13.3193 -16.0259 0.0000
vt 23.5710 -16.0259 0.0000
vt 23.5710 -12.1723 0.0000
vt 13.3193 6.1098 0.0000
vt 13.3193 2.2562 0.0000
vt 23.5710 2.2562 0.0000
vt 23.5710 6.1098 0.0000
vt -13.3193 -2.3984 0.0000
vt -13.3193 1.4552 0.0000
vt -23.5710 1.4552 0.0000
vt -23.5710 -2.3984 0.0000
vt -13.3193 33.2198 0.0000
vt -13.3193 37.0734 0.0000
vt -23.5710 37.0734 0.0000
vt -23.5710 33.2198 0.0000
vt 13.3193 37.3649 0.0000
vt 13.3193 33.5113 0.0000
vt 23.5710 33.5113 0.0000
vt 23.5710 37.3649 0.0000
vt -13.3193 35.0789 0.0000
vt -13.3193 38.9325 0.0000
vt -23.5710 38.9325 0.0000
vt -23.5710 35.0789 0.0000
vt -52.2371 18.1400 0.0000
vt -52.4468 14.6631 0.0000
vt -52.1753 14.6794 0.0000
vt -51.9695 18.0911 0.0000
vt -30.8866 21.5887 0.0000
vt -28.7000 18.4156 0.0000
vt -28.3340 18.7291 0.0000
vt -30.4634 21.8191 0.0000
vt -45.8455 29.1442 0.0000
vt -48.3339 26.7069 0.0000
vt -48.1216 26.5368 0.0000
vt -45.6799 28.9284 0.0000
vt -52.4063 13.9700 0.0000
vt -51.7796 10.5435 0.0000
vt -51.5198 10.6243 0.0000
vt -52.1347 13.9864 0.0000
vt -31.8508 12.4712 0.0000
vt -35.7044 12.4712 0.0000
vt -35.6540 11.9919 0.0000
vt -31.9013 11.9919 0.0000
vt -52.2510 15.4201 0.0000
vt -51.7346 12.0415 0.0000
vt -51.3900 12.1304 0.0000
vt -51.8956 15.4381 0.0000
vt 48.4382 15.4480 0.0000
vt 47.4314 19.1677 0.0000
vt 46.9820 18.9938 0.0000
vt 47.9625 15.3714 0.0000
vt 29.2546 35.6804 0.0000
vt 25.5720 34.5454 0.0000
vt 25.7614 34.1023 0.0000
vt 29.3476 35.2076 0.0000
vt -13.3598 34.6888 0.0000
vt -13.3598 38.0349 0.0000
vt -23.5305 38.0349 0.0000
vt -23.5305 34.6888 0.0000
vt 13.3598 26.7301 0.0000
vt 13.3598 23.3840 0.0000
vt 23.5305 23.3840 0.0000
vt 23.5305 26.7301 0.0000
vt 13.3598 10.4431 0.0000
vt 13.3598 7.0969 0.0000
vt 23.5305 7.0969 0.0000
vt 23.5305 10.4431 0.0000
vt 13.3598 -24.0739 0.0000
vt 13.3598 -27.4201 0.0000
vt 23.5305 -27.4201 0.0000
vt 23.5305 -24.0739 0.0000
vt 22.1654 21.0412 0.0000
vt 21.0719 17.6560 0.0000
vt 21.3644 17.6005 0.0000
vt 22.4351 20.9151 0.0000
vt 23.9380 23.7463 0.0000
vt 22.0397 20.7376 0.0000
vt 22.3093 20.6114 0.0000
vt 24.1680 23.5573 0.0000
vt 17.0105 34.4683 0.0000
vt 14.4533 31.5855 0.0000
vt 14.8452 31.3052 0.0000
vt 17.3356 34.1125 0.0000
vt -32.6969 20.7642 0.0000
vt -29.7928 18.2313 0.0000
vt -29.5158 18.6256 0.0000
vt -32.3439 21.0922 0.0000
vt -13.3598 -15.7734 0.0000
vt -13.3598 -12.4272 0.0000
vt -23.5305 -12.4272 0.0000
vt -23.5305 -15.7734 0.0000
vt -51.3451 19.4534 0.0000
vt -52.2062 16.1458 0.0000
vt -51.8544 16.0913 0.0000
vt -51.0114 19.3295 0.0000
vt -23.9393 39.4304 0.0000
vt -27.1941 40.4734 0.0000
vt -27.2680 40.1253 0.0000
vt -24.0815 39.1041 0.0000
vt -44.9241 3.1694 0.0000
vt -42.0519 1.0704 0.0000
vt -41.9076 1.3307 0.0000
vt -44.7198 3.3860 0.0000
vt 22.8066 8.5180 0.0000
vt 25.0663 5.7704 0.0000
vt 25.2708 5.9867 0.0000
vt 23.0582 8.6769 0.0000
vt 21.4584 11.4798 0.0000
vt 22.9659 8.2575 0.0000
vt 23.2177 8.4163 0.0000
vt 21.7417 11.5714 0.0000
vt 46.2570 14.3572 0.0000
vt 46.0349 17.9077 0.0000
vt 45.7424 17.8522 0.0000
vt 45.9599 14.3757 0.0000
vt -52.0099 17.5699 0.0000
vt -52.1820 14.1564 0.0000
vt -51.8265 14.1744 0.0000
vt -51.6581 17.5163 0.0000
vt 32.4053 11.0374 0.0000
vt 35.7815 11.5698 0.0000
vt 35.6909 11.9140 0.0000
vt 32.3856 11.3928 0.0000
vt -13.3598 31.7016 0.0000
vt -13.3598 35.0477 0.0000
vt -23.5305 35.0477 0.0000
vt -23.5305 31.7016 0.0000
vt 30.7864 5.2010 0.0000
vt 34.2398 4.7460 0.0000
vt 34.2426 5.0180 0.0000
vt 30.8541 5.4645 0.0000
vt 25.5544 22.8684 0.0000
vt 23.7438 19.8927 0.0000
vt 23.9916 19.7803 0.0000
vt 25.7681 22.7001 0.0000
vt 35.5564 27.8713 0.0000
vt 31.9989 27.8713 0.0000
vt 32.0360 27.5759 0.0000
vt 35.5193 27.5759 0.0000
vt 33.4448 7.7540 0.0000
vt 31.2264 10.3540 0.0000
vt 30.9803 10.0969 0.0000
vt 33.1521 7.5514 0.0000
vt 27.4401 4.1203 0.0000
vt 30.7451 2.8040 0.0000
vt 30.8199 3.0922 0.0000
vt 27.5838 4.3810 0.0000
vt 30.4229 2.9688 0.0000
vt 33.9520 2.5204 0.0000
vt 33.9524 2.8181 0.0000
vt 30.4970 3.2572 0.0000
vt 34.8733 8.5760 0.0000
vt 32.0551 10.5097 0.0000
vt 31.8843 10.1974 0.0000
vt 34.6434 8.3043 0.0000
vt 24.0398 14.2749 0.0000
vt 24.5562 10.8962 0.0000
vt 24.9008 10.9852 0.0000
vt 24.3952 14.2929 0.0000
vt 13.3598 19.1352 0.0000
vt 13.3598 15.7890 0.0000
vt 23.5305 15.7890 0.0000
vt 23.5305 19.1352 0.0000
vt 24.6038 10.5969 0.0000
vt 25.8096 7.3988 0.0000
vt 26.1283 7.5573 0.0000
vt 24.9478 10.6883 0.0000
vt 13.3598 1.1999 0.0000
vt 13.3598 -2.1463 0.0000
vt 23.5305 -2.1463 0.0000
vt 23.5305 1.1999 0.0000
vt 24.8445 6.0097 0.0000
vt 27.7167 3.9107 0.0000
vt 27.8610 4.1710 0.0000
vt 25.0487 6.2263 0.0000
vt 28.7463 -8.2456 0.0000
vt 32.5564 -8.8234 0.0000
vt 32.5783 -8.3421 0.0000
vt 28.8681 -7.7794 0.0000
vt 48.1091 17.4634 0.0000
vt 46.3081 20.8702 0.0000
vt 45.9080 20.6016 0.0000
vt 47.6619 17.2840 0.0000
vt 31.9948 8.6070 0.0000
vt 30.4457 11.6537 0.0000
vt 30.1463 11.4612 0.0000
vt 31.6629 8.4785 0.0000
vt 22.4538 -8.2462 0.0000
vt 25.9342 -9.9005 0.0000
vt 26.0944 -9.4460 0.0000
vt 22.7050 -7.8351 0.0000
vt 42.0993 15.6698 0.0000
vt 41.0633 18.9955 0.0000
vt 40.8152 18.8839 0.0000
vt 41.8317 15.6207 0.0000
vt 13.3598 -29.9116 0.0000
vt 13.3598 -33.2578 0.0000
vt 23.5305 -33.2578 0.0000
vt 23.5305 -29.9116 0.0000
vt 41.7888 17.3934 0.0000
vt 39.9783 20.3692 0.0000
vt 39.7645 20.2009 0.0000
vt 41.5411 17.2810 0.0000
vt -13.3598 -30.5668 0.0000
vt -13.3598 -27.2206 0.0000
vt -23.5305 -27.2206 0.0000
vt -23.5305 -30.5668 0.0000
vt 13.3598 38.6779 0.0000
vt 13.3598 35.3318 0.0000
vt 23.5305 35.3318 0.0000
vt 23.5305 38.6779 0.0000
vt 42.2536 6.1582 0.0000
vt 44.5133 8.9058 0.0000
vt 44.2616 9.0648 0.0000
vt 42.0491 6.3745 0.0000
vt 44.8364 24.1487 0.0000
vt 41.6201 26.2713 0.0000
vt 41.3982 25.8436 0.0000
vt 44.5303 23.7765 0.0000
vt 47.0447 20.3097 0.0000
vt 44.4875 23.1925 0.0000
vt 44.1624 22.8368 0.0000
vt 46.6528 20.0294 0.0000
vt 33.5970 2.6189 0.0000
vt 37.1261 3.0674 0.0000
vt 37.0520 3.3557 0.0000
vt 33.5966 2.9166 0.0000
vt -13.3598 -23.8673 0.0000
vt -13.3598 -20.5212 0.0000
vt -23.5305 -20.5212 0.0000
vt -23.5305 -23.8673 0.0000
vt 32.3393 28.0171 0.0000
vt 28.8949 27.1275 0.0000
vt 29.0047 26.8508 0.0000
vt 32.3773 27.7218 0.0000
vt 24.4025 9.2138 0.0000
vt 26.5670 6.4848 0.0000
vt 26.7583 6.6782 0.0000
vt 24.6344 9.3560 0.0000
vt 36.7563 3.0751 0.0000
vt 40.0612 4.3913 0.0000
vt 39.9175 4.6520 0.0000
vt 36.6814 3.3632 0.0000
vt 25.8558 7.5668 0.0000
vt 27.7441 4.7180 0.0000
vt 28.0195 4.9435 0.0000
vt 26.1708 7.7326 0.0000
vt 13.3598 -16.6184 0.0000
vt 13.3598 -19.9646 0.0000
vt 23.5305 -19.9646 0.0000
vt 23.5305 -16.6184 0.0000
vt 27.6671 5.8249 0.0000
vt 30.1990 3.5290 0.0000
vt 30.4103 3.8154 0.0000
vt 27.9315 6.0631 0.0000
vt 31.5112 22.5017 0.0000
vt 28.6930 20.5680 0.0000
vt 28.9229 20.2963 0.0000
vt 31.6820 22.1894 0.0000
vt 28.9242 23.7674 0.0000
vt 26.7058 21.1673 0.0000
vt 26.9984 20.9647 0.0000
vt 29.1703 23.5102 0.0000
vt 13.3193 15.1489 0.0000
vt 13.3193 11.2953 0.0000
vt 23.5710 11.2953 0.0000
vt 23.5710 15.1489 0.0000
vt 26.6978 23.2064 0.0000
vt 25.1487 20.1598 0.0000
vt 25.4806 20.0313 0.0000
vt 26.9972 23.0140 0.0000
vt 25.0934 21.1255 0.0000
vt 24.2323 17.8179 0.0000
vt 24.5840 17.7634 0.0000
vt 25.4270 21.0016 0.0000
vt 24.2011 17.9754 0.0000
vt 24.0290 14.5619 0.0000
vt 24.3845 14.5799 0.0000
vt 24.5529 17.9218 0.0000
vt 13.3598 32.7507 0.0000
vt 13.3598 29.4045 0.0000
vt 23.5305 29.4045 0.0000
vt 23.5305 32.7507 0.0000
vt 34.7661 -5.7476 0.0000
vt 38.5761 -5.1698 0.0000
vt 38.4544 -4.7036 0.0000
vt 34.7441 -5.2662 0.0000
vt 40.5686 10.8231 0.0000
vt 42.0010 13.9982 0.0000
vt 41.7414 14.0794 0.0000
vt 40.3359 10.9639 0.0000
vt 33.2689 5.4536 0.0000
vt 36.7223 5.9086 0.0000
vt 36.6546 6.1721 0.0000
vt 33.2660 5.7256 0.0000
vt 35.7438 11.2599 0.0000
vt 32.4890 12.3029 0.0000
vt 32.4151 11.9547 0.0000
vt 35.6017 10.9336 0.0000
vt 35.5952 6.3467 0.0000
vt 38.8147 7.6762 0.0000
vt 38.6814 7.9134 0.0000
vt 35.5223 6.6088 0.0000
vt 39.7013 4.2868 0.0000
vt 42.5735 6.3858 0.0000
vt 42.3693 6.6024 0.0000
vt 39.5570 4.5471 0.0000
vt 43.2078 2.8502 0.0000
vt 46.1119 5.3832 0.0000
vt 45.7589 5.7112 0.0000
vt 42.9308 3.2445 0.0000
vt 33.9304 19.4524 0.0000
vt 30.6756 18.4093 0.0000
vt 30.8178 18.0831 0.0000
vt 34.0043 19.1042 0.0000
vt 30.8442 10.5846 0.0000
vt 29.9831 13.8922 0.0000
vt 29.6494 13.7683 0.0000
vt 30.4924 10.5300 0.0000
vt 30.1360 13.0451 0.0000
vt 29.9639 16.4586 0.0000
vt 29.6120 16.4050 0.0000
vt 29.7805 13.0631 0.0000
vt 12.6154 30.6650 0.0000
vt 10.8144 27.2582 0.0000
vt 11.2616 27.0788 0.0000
vt 13.0155 30.3965 0.0000
vt 41.9783 14.0316 0.0000
vt 41.7686 17.5086 0.0000
vt 41.5010 17.4596 0.0000
vt 41.7068 14.0480 0.0000
vt 45.5052 6.8345 0.0000
vt 47.6919 10.0076 0.0000
vt 47.2687 10.2380 0.0000
vt 45.1392 7.1480 0.0000
vt -13.3598 35.3912 0.0000
vt -13.3598 38.7374 0.0000
vt -23.5305 38.7374 0.0000
vt -23.5305 35.3912 0.0000
vt 40.9954 19.2146 0.0000
vt 38.5070 21.6520 0.0000
vt 38.3414 21.4362 0.0000
vt 40.7831 19.0446 0.0000
vt 41.4632 12.4303 0.0000
vt 42.0899 15.8567 0.0000
vt 41.8184 15.8731 0.0000
vt 41.2035 12.5111 0.0000
vt 35.7044 32.8804 0.0000
vt 31.8508 32.8804 0.0000
vt 31.9013 32.4012 0.0000
vt 35.6540 32.4012 0.0000
vt 29.9140 15.3766 0.0000
vt 30.4304 18.7552 0.0000
vt 30.0749 18.7732 0.0000
vt 29.5694 15.4655 0.0000
vt 22.7221 36.2518 0.0000
vt 19.5058 34.1292 0.0000
vt 19.8119 33.7570 0.0000
vt 22.9440 35.8240 0.0000
vt 31.4798 7.8323 0.0000
vt 34.8559 7.3000 0.0000
vt 34.8757 7.6554 0.0000
vt 31.5704 8.1765 0.0000
vt -13.3598 19.7555 0.0000
vt -13.3598 23.1016 0.0000
vt -23.5305 23.1016 0.0000
vt -23.5305 19.7555 0.0000
vt 39.6755 21.0732 0.0000
vt 36.6538 22.8059 0.0000
vt 36.5478 22.5554 0.0000
vt 39.5128 20.8552 0.0000
vt -13.3598 2.5083 0.0000
vt -13.3598 5.8544 0.0000
vt -23.5305 5.8544 0.0000
vt -23.5305 2.5083 0.0000
vt 13.3598 36.8185 0.0000
vt 13.3598 33.4723 0.0000
vt 23.5305 33.4723 0.0000
vt 23.5305 36.8185 0.0000
vt -37.7005 3.7293 0.0000
vt -34.4684 4.5953 0.0000
vt -37.1008 14.4195 0.0000
vt -40.3329 13.5534 0.0000
vt 37.6267 7.6687 0.0000
vt 40.4028 9.7725 0.0000
vt 40.2136 9.9679 0.0000
vt 37.4896 7.9036 0.0000
vt 31.6589 16.6738 0.0000
vt 34.1908 18.9697 0.0000
vt 33.9263 19.2080 0.0000
vt 31.4475 16.9602 0.0000
vt -22.5911 -3.3577 0.0000
vt -19.8150 -1.2539 0.0000
vt -20.0041 -1.0584 0.0000
vt -22.7282 -3.1227 0.0000
vt -21.0110 26.3478 0.0000
vt -23.5971 28.7907 0.0000
vt -23.7730 28.5505 0.0000
vt -21.2408 26.1586 0.0000
vt -13.3193 -20.2173 0.0000
vt -13.3193 -16.3637 0.0000
vt -23.5710 -16.3637 0.0000
vt -23.5710 -20.2173 0.0000
vt -15.1194 4.3913 0.0000
vt -13.6869 7.5664 0.0000
vt -13.9466 7.6476 0.0000
vt -15.3521 4.5321 0.0000
vt -13.3193 -33.5113 0.0000
vt -13.3193 -29.6577 0.0000
vt -23.5710 -29.6577 0.0000
vt -23.5710 -33.5113 0.0000
vt -13.3193 6.8449 0.0000
vt -13.3193 10.6985 0.0000
vt -23.5710 10.6985 0.0000
vt -23.5710 6.8449 0.0000
vt -17.8712 29.4918 0.0000
vt -20.3597 31.9292 0.0000
vt -20.5253 31.7134 0.0000
vt -18.0836 29.3218 0.0000
vt 13.3193 -26.9665 0.0000
vt 13.3193 -30.8200 0.0000
vt 23.5710 -30.8200 0.0000
vt 23.5710 -26.9665 0.0000
vt -12.9071 20.3998 0.0000
vt -13.9431 23.7254 0.0000
vt -14.1912 23.6139 0.0000
vt -13.1747 20.3507 0.0000
vt -34.4076 18.4397 0.0000
vt -30.9271 16.7854 0.0000
vt -30.7670 17.2399 0.0000
vt -34.1563 18.8508 0.0000
vt -12.3314 15.0053 0.0000
vt -12.5411 18.4822 0.0000
vt -12.8087 18.4333 0.0000
vt -12.6029 15.0216 0.0000
vt -21.9840 32.5511 0.0000
vt -25.0057 34.2838 0.0000
vt -25.1117 34.0332 0.0000
vt -22.1467 32.3331 0.0000
vt 34.2129 4.6219 0.0000
vt 37.9351 3.6245 0.0000
vt 40.5885 13.5269 0.0000
vt 36.8662 14.5243 0.0000
vt -13.3193 34.6128 0.0000
vt -13.3193 38.4664 0.0000
vt -23.5710 38.4664 0.0000
vt -23.5710 34.6128 0.0000
vt -27.5581 -5.2844 0.0000
vt -24.3386 -3.9549 0.0000
vt -24.4719 -3.7177 0.0000
vt -27.6310 -5.0223 0.0000
vt 38.6357 26.9367 0.0000
vt 35.1913 27.8263 0.0000
vt 35.1533 27.5310 0.0000
vt 38.5259 26.6600 0.0000
vt 41.3805 25.2920 0.0000
vt 38.2673 27.0136 0.0000
vt 38.1569 26.7372 0.0000
vt 41.2051 25.0515 0.0000
vt 43.6227 23.0574 0.0000
vt 41.0366 25.5003 0.0000
vt 40.8607 25.2601 0.0000
vt 43.3929 22.8682 0.0000
vt 45.2332 20.3806 0.0000
vt 43.3350 23.3893 0.0000
vt 43.1050 23.2003 0.0000
vt 44.9636 20.2544 0.0000
vt 46.1257 17.4244 0.0000
vt 45.0322 20.8096 0.0000
vt 44.7625 20.6835 0.0000
vt 45.8332 17.3689 0.0000
vt 29.1956 27.3477 0.0000
vt 26.0825 25.6261 0.0000
vt 26.2579 25.3856 0.0000
vt 29.3061 27.0712 0.0000
vt 41.0803 28.6463 0.0000
vt 37.3976 29.7814 0.0000
vt 37.3047 29.3086 0.0000
vt 40.8909 28.2032 0.0000
vt 35.5193 24.2389 0.0000
vt 32.0360 24.2389 0.0000
vt 32.0687 23.9689 0.0000
vt 35.4866 23.9689 0.0000
vt 37.8265 22.8209 0.0000
vt 34.4618 23.7220 0.0000
vt 34.4235 23.4527 0.0000
vt 37.7250 22.5685 0.0000
vt 30.8090 17.5691 0.0000
vt 32.6973 20.4180 0.0000
vt 32.3823 20.5837 0.0000
vt 30.5336 17.7946 0.0000
vt -43.7722 28.3963 0.0000
vt -46.3583 25.9535 0.0000
vt -46.1285 25.7642 0.0000
vt -43.5963 28.1561 0.0000
vt -46.7042 25.5150 0.0000
vt -48.6024 22.5063 0.0000
vt -48.3328 22.3801 0.0000
vt -46.4742 25.3260 0.0000
vt -13.3193 23.1320 0.0000
vt -13.3193 26.9855 0.0000
vt -23.5710 26.9855 0.0000
vt -23.5710 23.1320 0.0000
vt -31.4386 7.5630 0.0000
vt -29.2519 10.7361 0.0000
vt -29.6751 10.9665 0.0000
vt -31.8045 7.8764 0.0000
vt -13.3193 15.5371 0.0000
vt -13.3193 19.3907 0.0000
vt -23.5710 19.3907 0.0000
vt -23.5710 15.5371 0.0000
vt 45.6247 11.3476 0.0000
vt 46.2876 14.8427 0.0000
vt 45.9904 14.8613 0.0000
vt 45.3414 11.4391 0.0000
vt -29.9674 9.1708 0.0000
vt -28.5610 12.7586 0.0000
vt -29.0256 12.8865 0.0000
vt -30.3952 9.3927 0.0000
vt -52.0247 12.4460 0.0000
vt -50.8190 9.2479 0.0000
vt -50.5003 9.4064 0.0000
vt -51.6807 12.5374 0.0000
vt -32.0687 37.3613 0.0000
vt -35.4866 37.3613 0.0000
vt -35.4507 37.0071 0.0000
vt -32.1045 37.0071 0.0000
vt -49.3813 10.0956 0.0000
vt -47.8739 6.8733 0.0000
vt -47.6221 7.0320 0.0000
vt -49.0980 10.1871 0.0000
vt -29.3433 20.9552 0.0000
vt -27.9370 17.3675 0.0000
vt -27.5092 17.5893 0.0000
vt -28.8788 21.0832 0.0000
vt -28.2613 19.1592 0.0000
vt -27.6565 15.3534 0.0000
vt -27.1912 15.4784 0.0000
vt -27.7801 19.1846 0.0000
vt -28.3780 16.2834 0.0000
vt -29.3848 20.0031 0.0000
vt -29.8342 19.8292 0.0000
vt -28.8538 16.2069 0.0000
vt -28.9233 11.5269 0.0000
vt -28.3185 15.3328 0.0000
vt -28.7997 15.3582 0.0000
vt -29.3886 11.6519 0.0000
vt -33.1375 7.2359 0.0000
vt -30.2333 9.7689 0.0000
vt -30.5863 10.0969 0.0000
vt -33.4145 7.6302 0.0000
vt -27.7310 13.8355 0.0000
vt -28.7378 10.1157 0.0000
vt -28.2621 10.0392 0.0000
vt -27.2816 13.6616 0.0000
vt -31.5835 15.0415 0.0000
vt -35.2662 16.1766 0.0000
vt -35.3591 15.7038 0.0000
vt -31.7729 14.5984 0.0000
vt 32.9105 25.0900 0.0000
vt 29.5458 24.1890 0.0000
vt 29.6473 23.9366 0.0000
vt 32.9488 24.8207 0.0000
vt 12.4466 -0.8450 0.0000
vt 14.6333 -4.0181 0.0000
vt 14.9993 -3.7046 0.0000
vt 12.8698 -0.6146 0.0000
vt 48.3019 13.8423 0.0000
vt 48.1002 17.6905 0.0000
vt 47.6243 17.6151 0.0000
vt 47.8207 13.8675 0.0000
vt 8.2087 18.9871 0.0000
vt 8.0070 15.1388 0.0000
vt 8.4882 15.1641 0.0000
vt 8.6846 18.9116 0.0000
vt 26.3327 25.8946 0.0000
vt 23.7465 23.4518 0.0000
vt 23.9763 23.2625 0.0000
vt 26.5085 25.6544 0.0000
vt 23.2466 11.8792 0.0000
vt 24.6790 8.7041 0.0000
vt 24.9117 8.8449 0.0000
vt 23.5062 11.9604 0.0000
vt 28.3416 5.7386 0.0000
vt 31.5612 4.4090 0.0000
vt 31.6340 4.6711 0.0000
vt 28.4750 5.9757 0.0000
vt 26.1492 7.1047 0.0000
vt 28.9253 5.0009 0.0000
vt 29.0624 5.2358 0.0000
vt 26.3383 7.3001 0.0000
vt 30.2226 25.1859 0.0000
vt 27.2009 23.4532 0.0000
vt 27.3636 23.2352 0.0000
vt 30.3286 24.9353 0.0000
vt 27.6981 24.4370 0.0000
vt 25.2097 21.9996 0.0000
vt 25.4220 21.8295 0.0000
vt 27.8637 24.2211 0.0000
vt -13.3193 -27.6731 0.0000
vt -13.3193 -23.8196 0.0000
vt -23.5710 -23.8196 0.0000
vt -23.5710 -27.6731 0.0000
vt -28.3883 14.0706 0.0000
vt -28.5900 17.9189 0.0000
vt -29.0659 17.8435 0.0000
vt -28.8695 14.0959 0.0000
vt -49.6725 5.4235 0.0000
vt -47.5080 2.6944 0.0000
vt -47.3167 2.8878 0.0000
vt -49.4406 5.5657 0.0000
vt -23.0058 -15.4191 0.0000
vt -19.9417 -13.9049 0.0000
vt -20.1307 -13.6033 0.0000
vt -23.1306 -15.0857 0.0000
vt -17.6352 10.4603 0.0000
vt -16.9724 13.9554 0.0000
vt -17.2695 13.9740 0.0000
vt -17.9185 10.5518 0.0000
vt -16.9288 14.6552 0.0000
vt -17.1508 18.2057 0.0000
vt -17.4433 18.1503 0.0000
vt -17.2259 14.6738 0.0000
vt 23.9560 20.6063 0.0000
vt 22.9200 17.2806 0.0000
vt 23.1875 17.2316 0.0000
vt 24.2041 20.4947 0.0000
vt 23.0096 17.8507 0.0000
vt 22.7999 14.3738 0.0000
vt 23.0714 14.3902 0.0000
vt 23.2772 17.8018 0.0000
vt 39.6883 -1.6477 0.0000
vt 43.1687 0.0065 0.0000
vt 42.9175 0.4177 0.0000
vt 39.5281 -1.1932 0.0000
vt 39.2912 9.2114 0.0000
vt 41.4557 11.9405 0.0000
vt 41.2238 12.0827 0.0000
vt 39.0999 9.4049 0.0000
vt 32.3535 14.3337 0.0000
vt 35.4176 15.8479 0.0000
vt 35.2286 16.1494 0.0000
vt 32.2287 14.6670 0.0000
vt -51.0762 22.1146 0.0000
vt -52.1122 18.7890 0.0000
vt -51.8446 18.7399 0.0000
vt -50.8281 22.0031 0.0000
vt -48.9377 25.8204 0.0000
vt -50.7482 22.8447 0.0000
vt -50.5005 22.7322 0.0000
vt -48.7240 25.6521 0.0000
vt -47.5902 6.3753 0.0000
vt -45.3305 3.6277 0.0000
vt -45.1259 3.8440 0.0000
vt -47.3385 6.5343 0.0000
vt -30.3783 9.2372 0.0000
vt -33.5946 7.1146 0.0000
vt -33.2886 6.7424 0.0000
vt -30.1565 8.8094 0.0000
vt -31.3861 10.2775 0.0000
vt -35.0687 9.1424 0.0000
vt -34.8794 8.6993 0.0000
vt -31.2931 9.8047 0.0000
vt -48.8231 22.0341 0.0000
vt -49.9166 18.6489 0.0000
vt -49.6241 18.5934 0.0000
vt -48.5534 21.9080 0.0000
vt -37.1748 33.8525 0.0000
vt -40.5395 32.9514 0.0000
vt -40.4380 32.6990 0.0000
vt -37.1365 33.5832 0.0000
vt -51.0965 8.2225 0.0000
vt -49.2082 5.3736 0.0000
vt -48.9328 5.5991 0.0000
vt -50.7815 8.3882 0.0000
vt -26.8328 34.3195 0.0000
vt -30.1975 35.2205 0.0000
vt -30.2358 34.9512 0.0000
vt -26.9343 34.0671 0.0000
vt -50.2016 14.1005 0.0000
vt -49.5387 10.6053 0.0000
vt -49.2554 10.6968 0.0000
vt -49.9045 14.1191 0.0000
vt -32.0360 34.7264 0.0000
vt -35.5193 34.7264 0.0000
vt -35.4866 34.4563 0.0000
vt -32.0687 34.4563 0.0000
vt -24.1546 29.1124 0.0000
vt -27.2678 30.8339 0.0000
vt -27.3782 30.5575 0.0000
vt -24.3300 28.8718 0.0000
vt 22.7701 14.8504 0.0000
vt 23.3967 11.4239 0.0000
vt 23.6565 11.5047 0.0000
vt 23.0416 14.8668 0.0000
vt 13.3193 30.2188 0.0000
vt 13.3193 26.3652 0.0000
vt 23.5710 26.3652 0.0000
vt 23.5710 30.2188 0.0000
vt 13.3193 35.3028 0.0000
vt 13.3193 31.4492 0.0000
vt 23.5710 31.4492 0.0000
vt 23.5710 35.3028 0.0000
vt 13.3193 38.2897 0.0000
vt 13.3193 34.4361 0.0000
vt 23.5710 34.4361 0.0000
vt 23.5710 38.2897 0.0000
vt 29.7208 5.8848 0.0000
vt 32.7850 4.3706 0.0000
vt 32.9097 4.7039 0.0000
vt 29.9099 6.1863 0.0000
# 3384 texture coords

o RuedaDI
g RuedaDI
usemtl wire_204204204
s off
f 1/1/1 2/2/1 3/3/1 4/4/1 
f 5/5/2 6/6/2 7/7/2 8/8/2 
f 9/9/1 1/1/1 4/4/1 10/10/1 
f 11/11/3 12/12/3 13/13/3 14/14/3 
f 15/15/4 16/16/4 17/17/4 18/18/4 
f 19/19/4 20/20/4 16/16/4 15/15/4 
f 21/21/5 22/22/5 23/23/5 24/24/5 
f 22/22/5 25/25/5 26/26/5 23/23/5 
f 27/27/2 28/28/2 5/5/2 8/8/2 
f 29/29/6 30/30/7 31/31/7 32/32/6 
f 33/33/8 34/34/8 35/35/9 36/36/9 
f 37/37/10 38/38/10 39/39/11 40/40/11 
f 41/41/4 42/42/4 43/43/12 44/44/12 
f 45/45/13 42/46/4 41/47/4 46/48/13 
f 47/49/14 48/50/14 49/51/15 50/52/15 
f 51/53/16 52/54/16 53/55/17 54/56/17 
f 55/57/18 56/58/19 57/59/19 58/60/18 
f 59/61/20 60/62/21 61/63/21 62/64/20 
f 63/65/22 64/66/23 65/67/23 66/68/22 
f 67/69/24 68/70/25 69/71/25 70/72/24 
f 71/73/26 72/74/26 57/75/19 56/76/19 
f 68/77/25 73/78/27 74/79/27 69/80/25 
f 60/81/21 75/82/28 76/83/28 61/84/21 
f 64/85/23 77/86/29 78/87/29 65/88/23 
f 79/89/30 80/90/30 81/91/31 82/92/31 
f 71/93/26 83/94/32 84/95/32 72/96/26 
f 82/97/31 81/98/31 85/99/33 86/100/33 
f 75/101/28 87/102/34 88/103/34 76/104/28 
f 89/105/35 90/106/36 91/107/36 92/108/35 
f 93/109/37 67/110/24 70/111/24 94/112/37 
f 95/113/38 96/114/38 97/115/39 98/116/39 
f 99/117/40 50/118/15 49/119/15 100/120/40 
f 101/121/41 88/122/34 87/123/34 102/124/41 
f 103/125/42 104/126/43 105/127/43 106/128/42 
f 107/129/44 99/130/40 100/131/40 108/132/44 
f 109/133/45 110/134/45 111/135/46 112/136/46 
f 113/137/47 114/138/48 115/139/48 116/140/47 
f 117/141/49 118/142/49 101/143/41 102/144/41 
f 119/145/50 120/146/50 110/147/45 109/148/45 
f 121/149/51 122/150/52 123/151/52 124/152/51 
f 125/153/53 126/154/54 127/155/54 128/156/53 
f 129/157/55 130/158/55 131/159/56 132/160/56 
f 133/161/57 134/162/57 118/163/49 117/164/49 
f 108/165/44 135/166/58 136/167/58 107/168/44 
f 137/169/59 121/170/51 124/171/51 138/172/59 
f 139/173/60 140/174/61 141/175/61 142/176/60 
f 132/177/56 131/178/56 143/179/62 144/180/62 
f 134/181/57 133/182/57 145/183/63 146/184/63 
f 147/185/64 148/186/64 139/187/60 142/188/60 
f 137/189/59 138/190/59 149/191/65 150/192/65 
f 151/193/66 144/194/62 143/195/62 152/196/66 
f 153/197/67 154/198/67 148/199/64 147/200/64 
f 146/201/63 145/202/63 155/203/68 156/204/68 
f 157/205/69 93/206/37 94/207/37 158/208/69 
f 159/209/70 55/210/18 58/211/18 160/212/70 
f 157/213/69 158/214/69 161/215/71 162/216/71 
f 163/217/72 151/218/66 152/219/66 164/220/72 
f 165/221/73 166/222/74 167/223/74 168/224/73 
f 169/225/75 170/226/75 159/227/70 160/228/70 
f 171/229/76 162/230/71 161/231/71 172/232/76 
f 173/233/77 171/234/76 172/235/76 174/236/77 
f 175/237/78 176/238/79 177/239/79 178/240/78 
f 179/241/80 180/242/80 181/243/81 182/244/81 
f 183/245/82 184/246/82 173/247/77 174/248/77 
f 169/249/75 63/250/22 66/251/22 170/252/75 
f 185/253/83 186/254/5 187/255/5 188/256/83 
f 178/257/78 189/258/84 190/259/84 175/260/78 
f 189/261/84 191/262/85 192/263/85 190/264/84 
f 193/265/86 194/266/86 187/267/5 186/268/5 
f 195/269/31 11/11/3 14/14/3 196/270/31 
f 197/271/87 198/272/87 199/273/88 200/274/88 
f 200/275/88 199/276/88 201/277/41 202/278/41 
f 202/279/41 201/280/41 203/281/89 204/282/89 
f 197/283/87 205/284/90 206/285/90 198/286/87 
f 207/287/91 208/288/91 209/289/92 210/290/92 
f 211/291/70 208/292/91 207/293/91 212/294/70 
f 205/295/90 213/296/93 214/297/93 206/298/90 
f 215/299/94 127/300/94 126/301/94 216/302/94 120/303/50 119/304/50 
f 217/305/95 218/306/95 219/307/95 86/308/95 85/309/95 220/310/95 221/311/95 222/312/95 
f 223/313/96 224/314/96 225/315/97 226/316/97 195/317/97 196/318/97 227/319/97 228/320/97 
f 229/321/98 230/322/98 80/323/98 79/324/98 231/325/98 232/326/98 233/327/98 234/328/98 
f 135/329/58 235/330/99 236/331/99 237/332/99 217/333/99 222/334/99 238/335/99 239/336/99 240/337/99 136/338/58 
f 241/339/100 242/340/101 243/341/101 244/342/100 245/343/100 105/344/43 104/345/43 246/346/100 
f 234/347/102 233/348/102 247/349/102 248/350/102 249/351/102 48/352/14 47/353/14 250/354/102 251/355/102 252/356/102 
f 253/357/103 254/358/104 255/359/104 256/360/103 257/361/103 13/362/103 12/363/103 258/364/103 
f 259/365/105 125/366/53 128/367/53 260/368/105 261/369/105 255/370/104 254/371/104 262/372/105 
f 263/373/106 9/374/106 10/375/106 264/376/106 265/377/106 266/378/107 267/379/107 268/380/106 
f 269/381/108 270/382/109 271/383/109 272/384/108 273/385/108 274/386/108 275/387/108 276/388/108 277/389/108 278/390/108 
f 279/391/110 280/392/110 281/393/111 282/394/111 3/395/111 2/396/111 283/397/111 284/398/111 
f 285/399/112 286/400/113 287/401/113 288/402/113 289/403/113 290/404/113 291/405/113 292/406/113 293/407/113 294/408/112 
f 185/409/114 188/410/114 295/411/114 296/412/114 297/413/114 298/414/114 299/415/114 300/416/114 
f 301/417/115 302/418/115 303/419/115 304/420/115 305/421/115 306/422/116 307/423/116 308/424/115 309/425/115 310/426/115 
f 311/427/117 312/428/117 267/429/107 266/430/107 313/431/117 314/432/117 115/433/48 114/434/48 
f 315/435/118 316/436/118 317/437/119 318/438/119 319/439/118 320/440/118 21/441/118 24/442/118 
f 321/443/120 322/444/120 323/445/120 324/446/120 325/447/120 326/448/120 276/449/120 275/450/120 
f 191/451/85 327/452/121 180/453/121 179/454/121 328/455/121 192/456/85 
f 329/457/122 330/458/122 182/459/81 181/460/81 331/461/122 332/462/122 333/463/123 334/464/123 
f 335/465/124 113/466/124 116/467/124 336/468/124 130/469/55 129/470/55 
f 337/471/125 338/472/125 298/473/125 297/474/125 339/475/125 340/476/125 341/477/125 154/478/67 153/479/67 342/480/125 
f 334/481/123 333/482/123 343/483/126 344/484/126 26/485/126 25/486/126 345/487/126 346/488/126 
f 301/489/127 347/490/127 348/491/127 194/492/127 193/493/127 349/494/127 350/495/127 302/496/127 
f 176/497/79 163/498/72 164/499/72 177/500/79 
f 351/501/128 352/502/128 211/503/70 212/504/70 
f 353/505/69 354/506/129 355/507/129 356/508/69 
f 357/509/130 353/510/69 356/511/69 358/512/130 
f 359/513/131 360/514/131 352/515/128 351/516/128 
f 361/517/132 362/518/132 357/519/130 358/520/130 
f 363/521/133 210/522/92 209/523/92 364/524/133 
f 354/525/129 365/526/134 366/527/134 355/528/129 
f 367/529/60 368/530/135 369/531/135 370/532/60 
f 371/533/136 363/534/133 364/535/133 372/536/136 
f 365/537/134 373/538/137 374/539/137 366/540/134 
f 375/541/138 367/542/60 370/543/60 376/544/138 
f 377/545/40 371/546/136 372/547/136 378/548/40 
f 373/549/137 375/550/138 376/551/138 374/552/137 
f 379/553/139 360/554/131 359/555/131 380/556/139 
f 204/557/89 203/558/89 381/559/140 382/560/140 
f 368/561/135 379/562/139 380/563/139 369/564/135 
f 382/565/140 381/566/140 362/567/132 361/568/132 
f 213/569/93 377/570/40 378/571/40 214/572/93 
f 383/573/2 384/574/2 385/575/141 386/576/141 
f 150/577/65 149/578/65 387/579/60 388/580/60 
f 389/581/142 390/582/142 165/583/73 168/584/73 391/585/142 392/586/142 318/587/119 317/588/119 
f 393/589/143 394/590/143 395/591/144 396/592/144 
f 397/593/145 156/594/68 155/595/68 398/596/145 167/597/145 166/598/145 
f 36/599/9 35/600/9 399/601/146 400/602/146 401/603/147 402/604/147 403/605/146 404/606/146 
f 405/607/70 406/608/148 407/609/148 408/610/70 
f 409/611/149 59/612/20 62/613/20 410/614/149 34/615/149 33/616/149 
f 411/617/150 412/618/150 388/619/60 387/620/60 
f 45/621/151 46/622/151 413/623/151 414/624/151 415/625/151 416/626/151 417/627/151 418/628/151 
f 419/629/152 416/630/152 415/631/152 420/632/152 421/633/152 422/634/152 423/635/153 424/636/153 425/637/152 426/638/152 
f 396/639/144 395/640/144 427/641/41 428/642/41 
f 402/643/147 401/644/147 429/645/154 430/646/154 20/647/154 19/648/154 431/649/154 432/650/154 
f 29/651/6 32/652/6 405/653/70 408/654/70 
f 433/655/155 434/656/155 435/657/155 436/658/155 437/659/155 438/660/155 31/661/7 30/662/7 439/663/155 440/664/155 
f 112/665/46 111/666/46 412/667/150 411/668/150 
f 441/669/156 442/670/157 443/671/157 444/672/156 445/673/156 18/674/156 17/675/156 446/676/156 
f 447/677/158 44/678/158 43/679/158 448/680/158 449/681/158 435/682/158 434/683/158 450/684/158 
f 427/685/41 451/686/159 452/687/159 428/688/41 
f 453/689/160 54/690/17 53/691/17 454/692/160 455/693/160 443/694/157 442/695/157 456/696/160 
f 457/697/161 52/698/161 51/699/161 458/700/161 184/701/82 183/702/82 
f 459/703/69 460/704/162 461/705/162 462/706/69 
f 463/707/1 464/708/1 324/709/163 323/710/163 
f 270/711/109 465/712/164 466/713/164 271/714/109 
f 467/715/165 452/716/159 451/717/159 468/718/165 
f 463/719/1 469/720/166 470/721/166 464/722/1 
f 406/723/148 424/724/153 423/725/153 407/726/148 
f 40/727/11 39/728/11 471/729/167 472/730/167 224/731/96 223/732/96 473/733/167 474/734/167 
f 460/735/162 285/736/112 294/737/112 461/738/162 
f 73/739/27 475/740/168 38/741/168 37/742/168 476/743/168 74/744/27 
f 459/745/69 462/746/69 466/747/164 465/748/164 
f 140/749/61 307/750/116 306/751/116 141/752/61 
f 394/753/143 393/754/143 477/755/169 478/756/169 479/757/169 480/758/169 481/759/169 482/760/169 483/761/169 484/762/169 
f 98/763/39 97/764/39 485/765/170 486/766/170 280/767/110 279/768/110 487/769/170 488/770/170 
f 489/771/171 89/772/35 92/773/35 490/774/171 491/775/171 492/776/172 493/777/172 494/778/171 
f 495/779/173 496/780/173 497/781/173 498/782/173 499/783/173 500/784/173 501/785/173 502/786/173 
f 499/787/174 384/788/2 383/789/2 500/790/174 
f 503/791/175 91/792/175 90/793/175 504/794/175 78/795/29 77/796/29 
f 505/797/176 7/798/176 6/799/176 506/800/176 507/801/176 493/802/172 492/803/172 508/804/176 
f 509/805/177 28/806/177 27/807/177 510/808/177 511/809/177 243/810/101 242/811/101 512/812/177 
f 513/813/178 290/814/178 289/815/178 514/816/178 515/817/178 470/818/178 469/819/178 516/820/178 
f 122/821/52 517/822/179 103/823/179 106/824/179 518/825/179 123/826/52 
f 519/827/180 96/828/180 95/829/180 520/830/180 84/831/32 83/832/32 
f 521/833/181 481/834/181 480/835/181 522/836/181 523/837/181 386/838/181 385/839/181 524/840/181 
f 525/841/182 467/842/165 468/843/165 526/844/182 527/845/182 528/846/182 496/847/182 495/848/182 529/849/182 530/850/182 
f 221/851/183 531/852/184 474/853/185 473/854/186 532/855/187 238/856/188 222/857/189 
f 237/858/190 533/859/191 472/860/192 471/861/193 534/862/193 218/863/194 217/864/194 
f 433/865/195 535/866/196 455/867/197 454/868/198 536/869/199 450/870/200 434/871/201 
f 420/872/202 537/873/203 421/874/204 
f 421/875/204 537/876/203 538/877/205 422/878/206 
f 19/879/207 15/880/207 18/881/207 445/882/208 539/883/209 439/884/206 30/885/207 29/886/207 408/887/207 407/888/207 423/889/207 422/890/206 538/891/205 431/892/210 
f 501/893/211 540/894/212 541/895/213 542/896/214 502/897/215 
f 425/898/216 543/899/217 544/900/218 426/901/219 
f 426/902/219 544/903/218 419/904/220 
f 414/905/221 545/906/222 404/907/223 403/908/224 537/909/203 420/910/202 415/911/225 
f 338/912/226 546/913/227 392/914/228 391/915/229 547/916/230 299/917/231 298/918/232 
f 303/919/233 548/920/234 304/921/235 
f 304/922/235 548/923/234 549/924/236 305/925/237 
f 25/926/238 22/927/238 21/928/238 320/929/239 550/930/240 342/931/237 153/932/238 147/933/238 142/934/238 141/935/238 306/936/238 305/937/237 549/938/236 345/939/241 
f 308/940/242 551/941/243 552/942/244 309/943/245 
f 339/944/246 553/945/247 340/946/245 
f 350/947/248 554/948/249 330/949/250 329/950/251 548/951/234 303/952/233 302/953/252 
f 274/954/253 555/955/254 312/956/255 311/957/256 556/958/257 321/959/258 275/960/259 
f 273/961/260 555/962/254 274/963/253 
f 272/964/261 557/965/262 555/966/254 273/967/260 
f 2/968/263 1/969/263 9/970/263 263/971/264 557/972/262 272/973/261 271/974/263 466/975/263 462/976/263 461/977/263 294/978/263 293/979/261 558/980/265 283/981/266 
f 278/982/267 559/983/268 560/984/269 269/985/270 
f 277/986/271 559/987/268 278/988/267 
f 513/989/272 561/990/273 488/991/274 487/992/275 562/993/276 291/994/277 290/995/278 
f 479/996/279 563/997/280 491/998/281 490/999/282 564/1000/283 522/1001/284 480/1002/285 
f 477/1003/286 565/1004/287 563/1005/280 478/1006/288 
f 478/1007/288 563/1008/280 479/1009/279 
f 526/1010/289 566/1011/290 567/1012/291 527/1013/292 
f 482/1014/293 568/1015/294 483/1016/292 
f 502/1017/215 542/1018/214 245/1019/295 244/1020/296 569/1021/297 529/1022/298 495/1023/299 
f 247/1024/300 570/1025/301 248/1026/302 
f 248/1027/302 570/1028/301 571/1029/303 249/1030/304 
f 250/1031/305 572/1032/306 573/1033/307 251/1034/308 
f 251/1035/308 573/1036/307 252/1037/309 
f 236/1038/302 533/1039/191 237/1040/190 
f 262/1041/310 570/1042/301 247/1043/300 233/1044/311 232/1045/311 574/1046/312 259/1047/312 
f 253/1048/313 571/1049/303 570/1050/301 262/1051/310 254/1052/314 
f 258/1053/315 571/1054/303 253/1055/313 
f 256/1056/316 572/1057/306 257/1058/317 
f 261/1059/318 573/1060/307 572/1061/306 256/1062/316 255/1063/319 
f 260/1064/320 575/1065/321 229/1066/322 234/1067/323 252/1068/309 573/1069/307 261/1070/318 
f 229/1071/322 575/1072/321 576/1073/324 577/1074/325 230/1075/326 
f 578/1076/327 579/1077/328 580/1078/329 581/1079/330 
f 582/1080/331 583/1081/332 579/1082/328 578/1083/327 
f 231/1084/333 579/1085/328 583/1086/332 574/1087/334 232/1088/335 
f 259/1089/312 574/1090/312 216/1091/336 126/1092/336 125/1093/336 
f 215/1094/337 575/1095/321 260/1096/320 128/1097/338 127/1098/338 
f 387/1099/339 584/1100/340 576/1101/324 575/1102/321 215/1103/337 119/1104/341 109/1105/341 112/1106/341 411/1107/341 
f 585/1108/342 586/1109/343 583/1110/332 582/1111/331 
f 216/1112/344 574/1113/334 583/1114/332 586/1115/343 388/1116/345 412/1117/344 111/1118/344 110/1119/344 120/1120/344 
f 517/1121/346 587/1122/347 246/1123/347 104/1124/346 103/1125/346 
f 245/1126/295 542/1127/214 518/1128/348 106/1129/349 105/1130/349 
f 518/1131/348 542/1132/214 541/1133/213 584/1134/340 387/1135/339 149/1136/350 138/1137/350 124/1138/350 123/1139/350 
f 588/1140/351 589/1141/352 586/1142/343 585/1143/342 
f 388/1144/345 586/1145/343 589/1146/352 587/1147/353 517/1148/354 122/1149/354 121/1150/354 137/1151/354 150/1152/354 
f 528/1153/355 567/1154/291 241/1155/356 246/1156/347 587/1157/347 497/1158/357 496/1159/357 
f 241/1160/356 567/1161/291 566/1162/290 512/1163/358 242/1164/359 
f 512/1165/358 566/1166/290 509/1167/360 
f 510/1168/361 590/1169/362 511/1170/363 
f 511/1171/363 590/1172/362 569/1173/297 244/1174/296 243/1175/364 
f 591/1176/365 592/1177/366 589/1178/352 588/1179/351 
f 497/1180/367 587/1181/353 589/1182/352 592/1183/366 498/1184/368 
f 527/1185/292 567/1186/291 528/1187/355 
f 483/1188/292 568/1189/294 593/1190/369 484/1191/289 
f 509/1192/360 566/1193/290 526/1194/289 468/1195/370 451/1196/370 427/1197/370 395/1198/370 394/1199/370 484/1200/289 593/1201/369 506/1202/371 6/1203/370 5/1204/370 28/1205/370 
f 505/1206/372 565/1207/287 477/1208/286 393/1209/373 396/1210/373 428/1211/373 452/1212/373 467/1213/373 525/1214/286 590/1215/362 510/1216/361 27/1217/373 8/1218/373 7/1219/373 
f 530/1220/288 569/1221/297 590/1222/362 525/1223/286 
f 529/1224/298 569/1225/297 530/1226/288 
f 523/1227/374 594/1228/375 540/1229/212 501/1230/211 500/1231/376 383/1232/376 386/1233/376 
f 595/1234/377 596/1235/378 592/1236/366 591/1237/365 
f 498/1238/368 592/1239/366 596/1240/378 524/1241/379 385/1242/380 384/1243/380 499/1244/380 
f 494/1245/381 568/1246/294 482/1247/293 481/1248/382 521/1249/382 597/1250/383 489/1251/383 
f 507/1252/384 593/1253/369 568/1254/294 494/1255/381 493/1256/385 
f 506/1257/371 593/1258/369 507/1259/384 
f 508/1260/386 565/1261/287 505/1262/372 
f 491/1263/281 563/1264/280 565/1265/287 508/1266/386 492/1267/387 
f 522/1268/284 564/1269/283 598/1270/388 594/1271/375 523/1272/374 
f 599/1273/389 600/1274/390 596/1275/378 595/1276/377 601/1277/391 
f 524/1278/379 596/1279/378 600/1280/390 597/1281/392 521/1282/393 
f 489/1283/383 597/1284/383 504/1285/394 90/1286/394 89/1287/394 
f 503/1288/395 564/1289/283 490/1290/282 92/1291/396 91/1292/396 
f 160/1293/397 602/1294/398 598/1295/388 564/1296/283 503/1297/395 77/1298/399 64/1299/399 63/1300/399 169/1301/399 
f 603/1302/400 604/1303/401 600/1304/390 599/1305/389 
f 504/1306/402 597/1307/392 600/1308/390 604/1309/401 159/1310/403 170/1311/402 66/1312/402 65/1313/402 78/1314/402 
f 519/1315/404 605/1316/405 485/1317/405 97/1318/404 96/1319/404 
f 488/1320/274 561/1321/273 520/1322/406 95/1323/407 98/1324/407 
f 606/1325/408 607/1326/409 608/1327/410 609/1328/411 
f 295/1329/412 608/1330/410 607/1331/409 610/1332/413 296/1333/414 
f 239/1334/308 532/1335/187 611/1336/415 240/1337/305 
f 238/1338/188 532/1339/187 239/1340/308 
f 581/1341/330 580/1342/329 612/1343/416 613/1344/417 
f 390/1345/418 610/1346/418 397/1347/419 166/1348/419 165/1349/419 
f 404/1350/223 545/1351/222 409/1352/420 33/1353/421 36/1354/421 
f 614/1355/422 615/1356/423 607/1357/409 606/1358/408 
f 616/1359/424 617/1360/424 618/1361/424 619/1362/424 620/1363/424 603/1364/424 599/1365/424 601/1366/424 595/1367/424 591/1368/424 588/1369/424 585/1370/424 582/1371/424 578/1372/424 581/1373/424 613/1374/424 621/1375/424 622/1376/424 623/1377/424 624/1378/424 625/1379/424 626/1380/424 614/1381/424 606/1382/424 609/1383/424 627/1384/424 628/1385/424 
f 219/1386/425 580/1387/329 579/1388/328 231/1389/333 79/1390/426 82/1391/426 86/1392/426 
f 226/1393/427 629/1394/428 235/1395/304 135/1396/429 108/1397/429 100/1398/429 49/1399/429 48/1400/429 249/1401/304 571/1402/303 258/1403/315 12/1404/429 11/1405/429 195/1406/429 
f 319/1407/430 550/1408/240 320/1409/239 
f 299/1410/231 547/1411/230 630/1412/431 631/1413/432 300/1414/433 
f 392/1415/228 546/1416/227 550/1417/240 319/1418/430 318/1419/434 
f 315/1420/435 632/1421/436 316/1422/437 
f 584/1423/340 367/1424/438 375/1425/438 576/1426/324 
f 316/1427/437 632/1428/436 553/1429/247 389/1430/439 317/1431/440 
f 296/1432/441 610/1433/418 390/1434/418 389/1435/439 553/1436/247 339/1437/246 297/1438/441 
f 348/1439/442 633/1440/443 608/1441/410 295/1442/412 188/1443/444 187/1444/444 194/1445/444 
f 609/1446/411 608/1447/410 633/1448/443 627/1449/445 
f 300/1450/433 631/1451/432 634/1452/446 349/1453/447 193/1454/448 186/1455/448 185/1456/448 
f 337/1457/235 546/1458/227 338/1459/226 
f 342/1460/237 550/1461/240 546/1462/227 337/1463/235 
f 344/1464/449 551/1465/243 308/1466/242 307/1467/450 140/1468/450 139/1469/450 148/1470/450 154/1471/450 341/1472/242 632/1473/436 315/1474/435 24/1475/450 23/1476/450 26/1477/450 
f 340/1478/245 553/1479/247 632/1480/436 341/1481/242 
f 309/1482/245 552/1483/244 310/1484/451 
f 347/1485/452 635/1486/453 636/1487/454 633/1488/443 348/1489/442 
f 627/1490/445 633/1491/443 636/1492/454 628/1493/455 
f 349/1494/447 634/1495/446 637/1496/456 554/1497/249 350/1498/248 
f 346/1499/457 549/1500/236 548/1501/234 329/1502/251 334/1503/458 
f 345/1504/241 549/1505/236 346/1506/457 
f 343/1507/459 551/1508/243 344/1509/449 
f 332/1510/460 552/1511/244 551/1512/243 343/1513/459 333/1514/461 
f 310/1515/451 552/1516/244 332/1517/460 331/1518/462 635/1519/462 347/1520/463 301/1521/463 
f 164/1522/464 638/1523/465 636/1524/454 635/1525/453 327/1526/466 191/1527/466 189/1528/466 178/1529/466 177/1530/466 
f 628/1531/455 636/1532/454 638/1533/465 616/1534/467 
f 328/1535/468 554/1536/249 637/1537/456 639/1538/469 163/1539/470 176/1540/471 175/1541/471 190/1542/471 192/1543/471 
f 330/1544/250 554/1545/249 328/1546/468 179/1547/472 182/1548/472 
f 327/1549/473 635/1550/462 331/1551/462 181/1552/473 180/1553/473 
f 336/1554/474 640/1555/475 641/1556/476 638/1557/465 164/1558/464 152/1559/474 143/1560/474 131/1561/474 130/1562/474 
f 616/1563/467 638/1564/465 641/1565/476 617/1566/477 
f 163/1567/470 639/1568/469 642/1569/478 556/1570/257 335/1571/479 129/1572/480 132/1573/480 144/1574/480 151/1575/480 
f 335/1576/479 556/1577/257 311/1578/256 114/1579/481 113/1580/481 
f 314/1581/482 640/1582/482 336/1583/483 116/1584/483 115/1585/483 
f 325/1586/484 643/1587/485 641/1588/476 640/1589/475 326/1590/486 
f 617/1591/477 641/1592/476 643/1593/485 618/1594/487 
f 321/1595/258 556/1596/257 642/1597/478 644/1598/488 322/1599/489 
f 312/1600/255 555/1601/254 557/1602/262 268/1603/490 267/1604/491 
f 268/1605/490 557/1606/262 263/1607/264 
f 264/1608/492 560/1609/269 265/1610/493 
f 265/1611/493 560/1612/269 559/1613/268 313/1614/494 266/1615/495 
f 326/1616/496 640/1617/482 314/1618/482 313/1619/494 559/1620/268 277/1621/271 276/1622/496 
f 515/1623/497 645/1624/498 643/1625/485 325/1626/484 324/1627/499 464/1628/499 470/1629/499 
f 618/1630/487 643/1631/485 645/1632/498 619/1633/500 
f 322/1634/489 644/1635/488 646/1636/501 516/1637/502 469/1638/503 463/1639/503 323/1640/503 
f 291/1641/277 562/1642/276 292/1643/260 
f 292/1644/260 562/1645/276 558/1646/265 293/1647/261 
f 282/1648/504 647/1649/505 286/1650/270 285/1651/506 460/1652/506 459/1653/506 465/1654/506 270/1655/506 269/1656/270 560/1657/269 264/1658/492 10/1659/506 4/1660/506 3/1661/506 
f 286/1662/270 647/1663/505 648/1664/507 287/1665/267 
f 287/1666/267 648/1667/507 288/1668/508 
f 514/1669/509 605/1670/510 649/1671/511 645/1672/498 515/1673/497 
f 619/1674/500 645/1675/498 649/1676/511 620/1677/512 
f 516/1678/502 646/1679/501 650/1680/513 561/1681/273 513/1682/272 
f 284/1683/514 558/1684/265 562/1685/276 487/1686/275 279/1687/515 
f 283/1688/266 558/1689/265 284/1690/514 
f 281/1691/516 647/1692/505 282/1693/504 
f 486/1694/517 648/1695/507 647/1696/505 281/1697/516 280/1698/518 
f 288/1699/508 648/1700/507 486/1701/517 485/1702/405 605/1703/405 514/1704/519 289/1705/519 
f 159/1706/403 604/1707/401 649/1708/511 605/1709/510 519/1710/520 83/1711/520 71/1712/520 56/1713/520 55/1714/520 
f 620/1715/512 649/1716/511 604/1717/401 603/1718/400 
f 520/1719/406 561/1720/273 650/1721/513 602/1722/398 160/1723/397 58/1724/521 57/1725/521 72/1726/521 84/1727/521 
f 398/1728/522 547/1729/230 391/1730/229 168/1731/523 167/1732/523 
f 102/1733/524 651/1734/525 630/1735/431 547/1736/230 398/1737/522 155/1738/526 145/1739/526 133/1740/526 117/1741/526 
f 409/1742/420 545/1743/222 652/1744/527 651/1745/525 102/1746/524 87/1747/528 75/1748/528 60/1749/528 59/1750/528 
f 397/1751/529 610/1752/413 607/1753/409 615/1754/423 101/1755/530 118/1756/529 134/1757/529 146/1758/529 156/1759/529 
f 410/1760/531 653/1761/532 399/1762/532 35/1763/531 34/1764/531 
f 101/1765/530 615/1766/423 654/1767/533 653/1768/534 410/1769/535 62/1770/535 61/1771/535 76/1772/535 88/1773/535 
f 626/1774/536 654/1775/533 615/1776/423 614/1777/422 
f 400/1778/537 544/1779/218 543/1780/217 429/1781/538 401/1782/539 
f 429/1783/538 543/1784/217 430/1785/540 
f 419/1786/220 544/1787/218 400/1788/537 399/1789/532 653/1790/532 417/1791/541 416/1792/541 
f 431/1793/210 538/1794/205 432/1795/542 
f 432/1796/542 538/1797/205 537/1798/203 403/1799/224 402/1800/543 
f 413/1801/544 655/1802/545 652/1803/527 545/1804/222 414/1805/221 
f 436/1806/546 656/1807/547 437/1808/219 
f 437/1809/219 656/1810/547 657/1811/548 438/1812/216 
f 417/1813/549 653/1814/534 654/1815/533 658/1816/550 418/1817/551 
f 624/1818/552 658/1819/550 654/1820/533 626/1821/536 625/1822/553 
f 430/1823/540 543/1824/217 425/1825/216 424/1826/554 406/1827/554 405/1828/554 32/1829/554 31/1830/554 438/1831/216 657/1832/548 446/1833/555 17/1834/554 16/1835/554 20/1836/554 
f 439/1837/206 539/1838/209 535/1839/196 440/1840/204 
f 440/1841/204 535/1842/196 433/1843/195 
f 447/1844/556 659/1845/557 655/1846/545 413/1847/544 46/1848/558 41/1849/558 44/1850/558 
f 623/1851/559 660/1852/560 658/1853/550 624/1854/552 
f 418/1855/551 658/1856/550 660/1857/560 448/1858/561 43/1859/562 42/1860/562 45/1861/562 
f 449/1862/563 661/1863/564 453/1864/564 456/1865/565 656/1866/547 436/1867/546 435/1868/563 
f 441/1869/566 657/1870/548 656/1871/547 456/1872/565 442/1873/567 
f 446/1874/555 657/1875/548 441/1876/566 
f 444/1877/568 539/1878/209 445/1879/208 
f 455/1880/197 535/1881/196 539/1882/209 444/1883/568 443/1884/569 
f 450/1885/200 536/1886/199 662/1887/570 659/1888/557 447/1889/556 
f 622/1890/571 663/1891/572 660/1892/560 623/1893/559 
f 448/1894/561 660/1895/560 663/1896/572 661/1897/573 449/1898/574 
f 453/1899/564 661/1900/564 458/1901/575 51/1902/575 54/1903/575 
f 457/1904/576 536/1905/199 454/1906/198 53/1907/577 52/1908/577 
f 158/1909/578 664/1910/579 662/1911/570 536/1912/199 457/1913/576 183/1914/580 174/1915/580 172/1916/580 161/1917/580 
f 621/1918/581 665/1919/582 663/1920/572 622/1921/571 
f 458/1922/583 661/1923/573 663/1924/572 665/1925/582 157/1926/584 162/1927/583 171/1928/583 173/1929/583 184/1930/583 
f 475/1931/585 534/1932/193 471/1933/193 39/1934/585 38/1935/585 
f 474/1936/185 531/1937/184 476/1938/586 37/1939/587 40/1940/587 
f 476/1941/586 531/1942/184 666/1943/588 664/1944/579 158/1945/578 94/1946/589 70/1947/589 69/1948/589 74/1949/589 
f 613/1950/417 612/1951/416 665/1952/582 621/1953/581 
f 157/1954/584 665/1955/582 612/1956/416 534/1957/590 475/1958/591 73/1959/591 68/1960/591 67/1961/591 93/1962/591 
f 472/1963/192 533/1964/191 629/1965/428 225/1966/592 224/1967/593 
f 225/1968/592 629/1969/428 226/1970/427 
f 227/1971/594 611/1972/415 228/1973/595 
f 228/1974/595 611/1975/415 532/1976/187 473/1977/186 223/1978/596 
f 220/1979/597 667/1980/598 666/1981/588 531/1982/184 221/1983/183 
f 235/1984/304 629/1985/428 533/1986/191 236/1987/302 
f 230/1988/326 577/1989/325 667/1990/598 220/1991/597 85/1992/599 81/1993/599 80/1994/599 
f 218/1995/600 534/1996/590 612/1997/416 580/1998/329 219/1999/425 
f 257/2000/317 572/2001/306 250/2002/305 47/2003/601 50/2004/601 99/2005/601 107/2006/601 136/2007/601 240/2008/305 611/2009/415 227/2010/594 196/2011/601 14/2012/601 13/2013/601 
f 541/2014/213 368/2015/438 367/1424/438 584/1423/340 
f 540/2016/212 379/2017/602 368/2015/438 541/2014/213 
f 594/2018/375 360/2019/602 379/2017/602 540/2016/212 
f 594/2018/375 598/2020/388 352/2021/602 360/2019/602 
f 598/2020/388 602/2022/398 211/2023/602 352/2021/602 
f 198/2024/438 631/2025/432 630/2026/431 199/2027/602 
f 577/2028/325 373/2029/438 365/2030/438 667/2031/598 
f 206/2032/438 634/2033/446 631/2025/432 198/2024/438 
f 214/2034/438 637/2035/456 634/2033/446 206/2032/438 
f 378/2036/438 639/2037/469 637/2035/456 214/2034/438 
f 576/1426/324 375/1425/438 373/2029/438 577/2028/325 
f 642/2038/478 639/2037/469 378/2036/438 372/2039/438 
f 213/2034/602 371/2039/602 377/2036/602 
f 371/2039/602 213/2034/602 205/2032/602 
f 371/2039/602 205/2032/602 363/2040/602 
f 363/2040/602 205/2032/602 210/2041/602 
f 210/2041/602 205/2032/602 197/2024/602 
f 210/2041/602 197/2024/602 200/2027/602 
f 210/2041/602 200/2027/602 207/2042/602 
f 207/2042/602 200/2027/602 202/2043/602 
f 207/2042/602 202/2043/602 668/2044/602 
f 668/2044/602 202/2043/602 669/2045/602 
f 669/2045/602 202/2043/602 670/2046/602 
f 670/2046/602 202/2043/602 204/2047/602 
f 670/2046/602 204/2047/602 671/2048/602 
f 671/2048/602 204/2047/602 672/2049/602 
f 672/2049/602 204/2047/602 673/2050/602 
f 673/2050/602 204/2047/602 674/2051/602 
f 674/2051/602 204/2047/602 382/2052/602 
f 674/2051/602 382/2052/602 675/2053/602 
f 675/2053/602 382/2052/602 676/2054/602 
f 676/2054/602 382/2052/602 677/2055/602 
f 677/2055/602 382/2052/602 361/2056/602 
f 677/2055/602 361/2056/602 678/2057/602 
f 678/2057/602 361/2056/602 679/2058/602 
f 679/2058/602 361/2056/602 680/2059/602 
f 680/2059/602 361/2056/602 681/2060/602 
f 668/2044/602 212/2023/602 207/2042/602 
f 212/2023/602 668/2044/602 682/2061/602 
f 212/2023/602 682/2061/602 683/2062/602 
f 212/2023/602 683/2062/602 351/2021/602 
f 351/2021/602 683/2062/602 684/2063/602 
f 351/2021/602 684/2063/602 685/2064/602 
f 351/2021/602 685/2064/602 686/2065/602 
f 351/2021/602 686/2065/602 687/2066/602 
f 351/2021/602 687/2066/602 359/2019/602 
f 359/2019/602 687/2066/602 688/2067/602 
f 359/2019/602 688/2067/602 689/2068/602 
f 359/2019/602 689/2068/602 690/2069/602 
f 359/2019/602 690/2069/602 380/2017/602 
f 380/2017/602 690/2069/602 691/2070/602 
f 380/2017/602 691/2070/602 692/2071/602 
f 380/2017/602 692/2071/602 681/2060/602 
f 380/2017/602 681/2060/602 361/2056/602 
f 380/2017/602 361/2056/602 358/2072/602 
f 380/2017/602 358/2072/602 369/2015/602 
f 369/2015/602 358/2072/602 370/1424/602 
f 370/1424/602 358/2072/602 356/2073/602 
f 370/1424/602 356/2073/602 355/2074/602 
f 370/1424/602 355/2074/602 376/1425/602 
f 376/1425/602 355/2074/602 366/2030/602 
f 376/1425/602 366/2030/602 374/2029/602 
f 644/2075/488 642/2038/478 372/2039/438 364/2040/438 
f 646/2076/501 644/2075/488 364/2040/438 209/2041/438 
f 650/2077/513 646/2076/501 209/2041/438 208/2042/602 
f 602/2022/398 650/2077/513 208/2042/602 211/2023/602 
f 199/2027/602 630/2026/431 651/2078/525 201/2043/602 
f 201/2043/602 651/2078/525 652/2079/527 203/2047/602 
f 203/2047/602 652/2079/527 655/2080/545 381/2052/602 
f 362/2056/602 381/2052/602 655/2080/545 659/2081/557 
f 357/2072/438 362/2056/602 659/2081/557 662/2082/570 
f 353/2073/438 357/2072/438 662/2082/570 664/2083/579 
f 354/2074/438 353/2073/438 664/2083/579 666/2084/588 
f 365/2030/438 354/2074/438 666/2084/588 667/2031/598 
f 693/2051/602 694/2053/602 695/2054/602 696/2055/602 697/2057/602 698/2058/602 699/2059/602 700/2060/602 701/2071/602 702/2070/602 703/2069/602 704/2068/602 705/2067/602 706/2066/602 707/2065/602 708/2064/602 709/2063/602 710/2062/602 711/2061/602 712/2044/602 713/2045/602 714/2046/602 715/2048/602 716/2049/602 717/2050/602 
f 674/2085/603 675/2086/604 694/2087/604 693/2088/603 
f 673/2089/2 674/2090/603 693/2091/603 717/2092/2 
f 672/2093/605 673/2094/2 717/2095/2 716/2096/605 
f 671/2097/606 672/2098/605 716/2099/605 715/2100/606 
f 670/2101/607 671/2102/606 715/2103/606 714/2104/607 
f 669/2105/608 670/2106/607 714/2107/607 713/2108/608 
f 668/2109/31 669/2110/608 713/2111/608 712/2112/31 
f 682/2113/609 668/2114/31 712/2115/31 711/2116/609 
f 683/2117/610 682/2118/609 711/2119/609 710/2120/610 
f 684/2121/611 683/2122/610 710/2123/610 709/2124/611 
f 685/2125/612 684/2126/611 709/2127/611 708/2128/612 
f 686/2129/4 685/2130/612 708/2131/612 707/2132/4 
f 687/2133/613 686/2134/4 707/2135/4 706/2136/613 
f 688/2137/614 687/2138/613 706/2139/613 705/2140/614 
f 689/2141/615 688/2142/614 705/2143/614 704/2144/615 
f 690/2145/616 689/2146/615 704/2147/615 703/2148/616 
f 691/2149/5 690/2150/616 703/2151/616 702/2152/5 
f 692/2153/617 691/2154/5 702/2155/5 701/2156/617 
f 681/2157/618 692/2158/617 701/2159/617 700/2160/618 
f 680/2161/619 681/2162/618 700/2163/618 699/2164/619 
f 679/2165/620 680/2166/619 699/2167/619 698/2168/620 
f 678/2169/1 679/2170/620 698/2171/620 697/2172/1 
f 677/2173/621 678/2174/1 697/2175/1 696/2176/621 
f 676/2177/622 677/2178/621 696/2179/621 695/2180/622 
f 675/2181/604 676/2182/622 695/2183/622 694/2184/604 
f 718/2185/623 719/2186/624 720/2187/625 721/2188/626 
f 722/2189/627 723/2190/628 724/2191/629 725/2192/630 
f 726/2193/631 727/2194/632 728/2195/633 729/2196/634 
f 730/2197/635 731/2198/636 732/2199/637 733/2200/638 
f 734/2201/639 735/2202/640 736/2203/641 737/2204/642 
f 738/2205/643 739/2206/644 740/2207/645 741/2208/646 
f 742/2209/647 743/2210/648 744/2211/649 745/2212/650 
f 746/2213/651 747/2214/652 748/2215/653 749/2216/654 
f 723/2217/628 750/2218/655 751/2219/656 724/2220/629 
f 752/2221/657 753/2222/658 754/2223/659 755/2224/660 
f 733/2225/638 732/2226/637 735/2227/640 734/2228/639 
f 756/2229/661 757/2230/662 758/2231/663 759/2232/664 
f 749/2233/654 748/2234/653 760/2235/665 761/2236/666 
f 762/2237/667 722/2238/627 725/2239/630 763/2240/668 
f 764/2241/669 765/2242/670 766/2243/671 767/2244/672 
f 768/2245/673 769/2246/674 770/2247/675 771/2248/676 
f 772/2249/677 773/2250/678 774/2251/679 775/2252/680 
f 776/2253/681 772/2254/677 775/2255/680 777/2256/682 
f 778/2257/683 779/2258/684 780/2259/685 781/2260/686 
f 769/2261/674 782/2262/687 783/2263/688 770/2264/675 
f 784/2265/689 785/2266/690 786/2267/691 787/2268/692 
f 767/2269/672 766/2270/671 731/2271/636 730/2272/635 
f 739/2273/644 788/2274/693 789/2275/694 740/2276/645 
f 790/2277/695 761/2278/666 760/2279/665 791/2280/696 
f 755/2281/660 754/2282/659 747/2283/652 746/2284/651 
f 773/2285/678 792/2286/697 793/2287/698 774/2288/679 
f 750/2289/655 738/2290/643 741/2291/646 751/2292/656 
f 781/2293/686 780/2294/685 753/2295/658 752/2296/657 
f 794/2297/699 768/2298/673 771/2299/676 795/2300/700 
f 758/2301/663 757/2302/662 779/2303/684 778/2304/683 
f 742/2305/647 794/2306/699 795/2307/700 743/2308/648 
f 796/2309/701 797/2310/702 798/2311/703 799/2312/704 
f 745/2313/650 744/2314/649 797/2315/702 796/2316/701 
f 800/2317/705 718/2318/623 721/2319/626 801/2320/706 
f 719/2321/624 784/2322/689 787/2323/692 720/2324/625 
f 802/2325/707 803/2326/708 800/2327/705 801/2328/706 
f 804/2329/709 805/2330/710 806/2331/711 807/2332/712 
f 785/2333/690 790/2334/695 791/2335/696 786/2336/691 
f 737/2337/642 736/2338/641 762/2339/667 763/2340/668 
f 808/2341/713 809/2342/714 803/2343/708 802/2344/707 
f 810/2345/715 811/2346/716 805/2347/710 804/2348/709 
f 729/2349/634 728/2350/633 812/2351/717 813/2352/718 
f 799/2353/704 798/2354/703 809/2355/714 808/2356/713 
f 813/2357/718 812/2358/717 811/2359/716 810/2360/715 
f 764/2361/669 776/2362/681 777/2363/682 765/2364/670 
f 814/2365/719 727/2366/632 726/2367/631 815/2368/720 
f 816/2369/721 814/2370/719 815/2371/720 817/2372/722 
f 792/2373/697 816/2374/721 817/2375/722 793/2376/698 
f 782/2377/687 756/2378/661 759/2379/664 783/2380/688 
f 807/2381/712 806/2382/711 789/2383/694 788/2384/693 
f 818/2385/723 819/2386/724 787/2387/692 786/2388/691 
f 744/2389/725 743/2390/726 820/2391/727 821/2392/728 
f 746/2393/729 749/2394/730 822/2395/731 823/2396/732 
f 824/2397/733 825/2398/734 826/2399/735 827/2400/736 
f 797/2401/737 744/2402/725 821/2403/728 828/2404/738 
f 827/2405/736 826/2406/735 829/2407/739 830/2408/740 
f 831/2409/741 827/2410/736 830/2411/740 832/2412/742 
f 833/2413/743 834/2414/744 835/2415/745 836/2416/746 
f 837/2417/747 833/2418/743 836/2419/746 838/2420/748 
f 839/2421/749 837/2422/747 838/2423/748 840/2424/750 
f 841/2425/751 839/2426/749 840/2427/750 842/2428/752 
f 843/2429/753 841/2430/751 842/2431/752 844/2432/754 
f 845/2433/755 846/2434/756 742/2435/647 745/2436/650 
f 847/2437/757 848/2438/758 849/2439/759 850/2440/760 
f 821/2441/728 820/2442/727 851/2443/761 852/2444/762 
f 853/2445/763 854/2446/764 855/2447/765 856/2448/766 
f 828/2449/738 821/2450/728 852/2451/762 857/2452/767 
f 726/2453/768 729/2454/769 858/2455/770 859/2456/771 
f 860/2457/772 861/2458/773 753/2459/658 780/2460/685 
f 815/2461/774 726/2462/768 859/2463/771 862/2464/775 
f 863/2465/776 864/2466/777 865/2467/778 866/2468/779 
f 851/2469/761 867/2470/780 868/2471/781 869/2472/782 
f 870/2473/783 857/2474/767 871/2475/784 872/2476/785 
f 873/2477/128 874/2478/70 875/2479/70 876/2480/128 
f 877/2481/786 878/2482/787 879/2483/788 854/2484/764 
f 880/2485/789 828/2486/738 857/2487/767 870/2488/783 
f 881/2489/790 882/2490/791 747/2491/652 754/2492/659 
f 761/2493/792 790/2494/793 877/2495/786 883/2496/794 
f 778/2497/795 781/2498/796 884/2499/797 885/2500/798 
f 781/2501/796 752/2502/799 886/2503/800 884/2504/797 
f 861/2505/773 881/2506/790 754/2507/659 753/2508/658 
f 770/2509/801 783/2510/802 825/2511/734 824/2512/733 
f 783/2513/802 759/2514/803 887/2515/804 825/2516/734 
f 718/2517/805 800/2518/806 888/2519/807 889/2520/808 
f 852/2521/762 851/2522/761 869/2523/782 890/2524/809 
f 820/2525/727 891/2526/810 867/2527/780 851/2528/761 
f 884/2529/797 886/2530/800 837/2531/747 839/2532/749 
f 749/2533/730 761/2534/792 883/2535/794 822/2536/731 
f 879/2537/788 892/2538/811 893/2539/812 894/2540/813 
f 795/2541/814 771/2542/815 895/2543/816 891/2544/810 
f 743/2545/726 795/2546/814 891/2547/810 820/2548/727 
f 854/2549/764 879/2550/788 894/2551/813 855/2552/765 
f 896/2553/817 843/2554/753 844/2555/754 897/2556/818 
f 826/2557/735 896/2558/817 897/2559/818 829/2560/739 
f 771/2561/815 770/2562/801 824/2563/733 895/2564/816 
f 846/2565/756 898/2566/819 794/2567/699 742/2568/647 
f 819/2569/724 899/2570/820 720/2571/625 787/2572/692 
f 892/2573/811 900/2574/821 901/2575/822 893/2576/812 
f 898/2577/819 902/2578/823 768/2579/673 794/2580/699 
f 903/2581/824 904/2582/825 812/2583/717 728/2584/633 
f 905/2585/826 906/2586/827 907/2587/828 908/2588/829 
f 909/2589/830 910/2590/831 835/2591/745 911/2592/832 
f 912/2593/833 913/2594/834 906/2595/827 905/2596/826 
f 914/2597/835 915/2598/836 909/2599/830 916/2600/837 
f 917/2601/838 918/2602/839 890/2603/809 869/2604/782 
f 919/2605/840 920/2606/841 830/2607/740 829/2608/739 
f 723/2609/842 722/2610/843 921/2611/844 922/2612/845 
f 923/2613/846 874/2614/847 725/2615/630 724/2616/629 
f 924/2617/848 925/2618/849 893/2619/812 901/2620/822 
f 874/2621/847 873/2622/850 763/2623/668 725/2624/630 
f 926/2625/851 927/2626/852 814/2627/719 816/2628/721 
f 928/2629/853 903/2630/824 728/2631/633 727/2632/632 
f 929/2633/854 930/2634/855 805/2635/710 811/2636/716 
f 887/2637/804 931/2638/856 843/2639/753 896/2640/817 
f 932/2641/135 933/2642/139 899/2643/139 819/2644/135 
f 790/2645/793 785/2646/857 878/2647/787 877/2648/786 
f 929/2649/87 904/2650/88 934/2651/88 935/2652/87 
f 936/2653/858 876/2654/859 801/2655/706 721/2656/626 
f 926/2657/132 937/2658/130 861/2659/130 860/2660/132 
f 938/2661/133 939/2662/136 845/2663/136 940/2664/133 
f 941/2665/138 942/2666/60 818/2667/60 943/2668/138 
f 857/2669/767 852/2670/762 890/2671/809 871/2672/784 
f 942/2673/60 932/2674/135 819/2675/135 818/2676/60 
f 933/2677/139 944/2678/131 936/2679/131 899/2680/139 
f 904/2681/88 903/2682/41 945/2683/41 934/2684/88 
f 937/2685/130 946/2686/69 881/2687/69 861/2688/130 
f 939/2689/136 947/2690/72 846/2691/72 845/2692/136 
f 946/2693/69 948/2694/129 882/2695/129 881/2696/69 
f 889/2697/808 888/2698/807 949/2699/860 950/2700/861 
f 951/2701/862 952/2702/863 799/2703/704 808/2704/713 
f 878/2705/787 953/2706/864 892/2707/811 879/2708/788 
f 888/2709/807 847/2710/757 850/2711/760 949/2712/860 
f 954/2713/865 955/2714/866 760/2715/665 748/2716/653 
f 949/2717/860 850/2718/760 907/2719/828 866/2720/779 
f 944/2721/867 933/2722/868 734/2723/639 737/2724/642 
f 956/2725/869 948/2726/870 772/2727/677 776/2728/681 
f 957/2729/871 958/2730/872 872/2731/785 871/2732/784 
f 959/2733/873 960/2734/874 842/2735/752 840/2736/750 
f 961/2737/875 962/2738/876 897/2739/818 844/2740/754 
f 963/2741/877 964/2742/878 868/2743/781 832/2744/742 
f 817/2745/879 815/2746/774 862/2747/775 965/2748/880 
f 793/2749/881 817/2750/879 965/2751/880 966/2752/882 
f 946/2753/883 937/2754/884 792/2755/697 773/2756/678 
f 952/2757/863 940/2758/885 796/2759/701 799/2760/704 
f 925/2761/849 967/2762/886 894/2763/813 893/2764/812 
f 900/2765/821 950/2766/861 865/2767/778 901/2768/822 
f 834/2769/744 968/2770/887 911/2771/832 835/2772/745 
f 798/2773/888 797/2774/737 828/2775/738 880/2776/789 
f 813/2777/889 810/2778/890 969/2779/891 970/2780/892 
f 729/2781/769 813/2782/889 970/2783/892 858/2784/770 
f 762/2785/893 736/2786/894 971/2787/895 972/2788/896 
f 950/2789/861 949/2790/860 866/2791/779 865/2792/778 
f 973/2793/897 974/2794/898 918/2795/839 917/2796/838 
f 958/2797/872 905/2798/826 908/2799/829 872/2800/785 
f 975/2801/899 976/2802/900 973/2803/897 977/2804/901 
f 966/2805/882 965/2806/880 978/2807/902 979/2808/903 
f 765/2809/904 777/2810/905 980/2811/906 981/2812/907 
f 982/2813/908 983/2814/909 967/2815/886 925/2816/849 
f 804/2817/910 807/2818/911 975/2819/899 984/2820/912 
f 807/2821/911 788/2822/913 976/2823/900 975/2824/899 
f 983/2825/909 985/2826/914 986/2827/915 967/2828/886 
f 987/2829/916 988/2830/917 962/2831/876 961/2832/875 
f 960/2833/874 961/2834/875 844/2835/754 842/2836/752 
f 988/2837/917 989/2838/918 919/2839/840 962/2840/876 
f 962/2841/876 919/2842/840 829/2843/739 897/2844/818 
f 810/2845/890 804/2846/910 984/2847/912 969/2848/891 
f 990/2849/919 947/2850/920 789/2851/694 806/2852/711 
f 933/2853/868 932/2854/921 733/2855/638 734/2856/639 
f 991/2857/922 982/2858/908 925/2859/849 924/2860/848 
f 930/2861/855 990/2862/919 806/2863/711 805/2864/710 
f 971/2865/895 992/2866/923 991/2867/922 993/2868/924 
f 964/2869/878 917/2870/838 869/2871/782 868/2872/781 
f 992/2873/923 994/2874/925 982/2875/908 991/2876/922 
f 986/2877/915 916/2878/837 856/2879/766 855/2880/765 
f 910/2881/831 995/2882/926 836/2883/746 835/2884/745 
f 750/2885/927 723/2886/842 922/2887/845 996/2888/928 
f 942/2889/929 941/2890/930 767/2891/672 730/2892/635 
f 932/2893/921 942/2894/929 730/2895/635 733/2896/638 
f 788/2897/913 739/2898/931 997/2899/932 976/2900/900 
f 967/2901/886 986/2902/915 855/2903/765 894/2904/813 
f 777/2905/905 775/2906/933 998/2907/934 980/2908/906 
f 970/2909/892 969/2910/891 999/2911/935 989/2912/918 
f 739/2913/931 738/2914/936 1000/2915/937 997/2916/932 
f 989/2917/918 999/2918/935 920/2919/841 919/2920/840 
f 920/2921/841 963/2922/877 832/2923/742 830/2924/740 
f 999/2925/935 1001/2926/938 963/2927/877 920/2928/841 
f 1002/2929/939 1003/2930/940 995/2931/926 910/2932/831 
f 1003/2933/940 979/2934/903 1004/2935/941 995/2936/926 
f 944/2937/131 873/2938/128 876/2939/128 936/2940/131 
f 979/2941/903 978/2942/902 959/2943/873 1004/2944/941 
f 978/2945/902 1005/2946/942 960/2947/874 959/2948/873 
f 1005/2949/942 987/2950/916 961/2951/875 960/2952/874 
f 1004/2953/941 959/2954/873 840/2955/750 838/2956/748 
f 947/2957/920 939/2958/943 740/2959/645 789/2960/694 
f 922/2961/845 921/2962/844 913/2963/834 912/2964/833 
f 976/2965/900 997/2966/932 974/2967/898 973/2968/897 
f 985/2969/914 914/2970/835 916/2971/837 986/2972/915 
f 997/2973/932 1000/2974/937 1006/2975/944 974/2976/898 
f 738/2977/936 750/2978/927 996/2979/928 1000/2980/937 
f 938/2981/945 1007/2982/946 751/2983/656 741/2984/646 
f 915/2985/836 1002/2986/939 910/2987/831 909/2988/830 
f 993/2989/924 991/2990/922 924/2991/848 864/2992/777 
f 1008/2993/947 993/2994/924 864/2995/777 863/2996/776 
f 937/2997/884 926/2998/851 816/2999/721 792/3000/697 
f 972/3001/896 971/3002/895 993/3003/924 1008/3004/947 
f 1007/3005/946 923/3006/846 724/3007/629 751/3008/656 
f 918/3009/839 957/3010/871 871/3011/784 890/3012/809 
f 994/3013/925 1009/3014/948 983/3015/909 982/3016/908 
f 921/3017/844 972/3018/896 1008/3019/947 913/3020/834 
f 1010/3021/949 956/3022/869 776/3023/681 764/3024/669 
f 913/3025/834 1008/3026/947 863/3027/776 906/3028/827 
f 948/3029/870 946/3030/883 773/3031/678 772/3032/677 
f 977/3033/901 973/3034/897 917/3035/838 964/3036/878 
f 906/3037/827 863/3038/776 866/3039/779 907/3040/828 
f 1009/3041/948 1011/3042/950 985/3043/914 983/3044/909 
f 864/3045/777 924/3046/848 901/3047/822 865/3048/778 
f 995/3049/926 1004/3050/941 838/3051/748 836/3052/746 
f 916/3053/837 909/3054/830 911/3055/832 856/3056/766 
f 1000/3057/937 996/3058/928 1012/3059/951 1006/3060/944 
f 1006/3061/944 1012/3062/951 958/3063/872 957/3064/871 
f 895/3065/816 824/3066/733 827/3067/736 831/3068/741 
f 752/3069/799 755/3070/952 1013/3071/953 886/3072/800 
f 930/3073/90 929/3074/87 935/3075/87 902/3076/90 
f 825/3077/734 887/3078/804 896/3079/817 826/3080/735 
f 947/3081/72 990/3082/93 898/3083/93 846/3084/72 
f 903/3085/41 928/3086/89 1014/3087/89 945/3088/41 
f 886/3089/800 1013/3090/953 833/3091/743 837/3092/747 
f 1010/3093/137 941/3094/138 943/3095/138 955/3096/137 
f 885/3097/798 884/3098/797 839/3099/749 841/3100/751 
f 940/3101/885 845/3102/755 745/3103/650 796/3104/701 
f 931/3105/856 885/3106/798 841/3107/751 843/3108/753 
f 1013/3109/953 823/3110/732 834/3111/744 833/3112/743 
f 956/3113/134 1010/3114/137 955/3115/137 954/3116/134 
f 948/3117/129 956/3118/134 954/3119/134 882/3120/129 
f 891/3121/810 895/3122/816 831/3123/741 867/3124/780 
f 766/3125/954 765/3126/904 981/3127/907 1011/3128/950 
f 731/3129/955 766/3130/954 1011/3131/950 1009/3132/948 
f 732/3133/956 731/3134/955 1009/3135/948 994/3136/925 
f 735/3137/957 732/3138/956 994/3139/925 992/3140/923 
f 736/3141/894 735/3142/957 992/3143/923 971/3144/895 
f 775/3145/933 774/3146/958 1015/3147/959 998/3148/934 
f 941/3149/930 1010/3150/949 764/3151/669 767/3152/672 
f 981/3153/907 980/3154/906 915/3155/836 914/3156/835 
f 1011/3157/950 981/3158/907 914/3159/835 985/3160/914 
f 1012/3161/951 912/3162/833 905/3163/826 958/3164/872 
f 785/3165/857 784/3166/960 953/3167/864 878/3168/787 
f 784/3169/960 719/3170/961 1016/3171/962 953/3172/864 
f 927/3173/140 926/3174/132 860/3175/132 1017/3176/140 
f 935/3177/963 934/3178/964 782/3179/687 769/3180/674 
f 928/3181/89 927/3182/140 1017/3183/140 1014/3184/89 
f 722/3185/843 762/3186/893 972/3187/896 921/3188/844 
f 934/3189/964 945/3190/965 756/3191/661 782/3192/687 
f 850/3193/760 849/3194/759 908/3195/829 907/3196/828 
f 968/3197/887 853/3198/763 856/3199/766 911/3200/832 
f 803/3201/966 809/3202/967 848/3203/758 847/3204/757 
f 875/3205/968 951/3206/862 808/3207/713 802/3208/707 
f 876/3209/859 875/3210/968 802/3211/707 801/3212/706 
f 1017/3213/969 860/3214/772 780/3215/685 779/3216/684 
f 945/3217/965 1014/3218/970 757/3219/662 756/3220/661 
f 902/3221/823 935/3222/963 769/3223/674 768/3224/673 
f 899/3225/820 936/3226/858 721/3227/626 720/3228/625 
f 882/3229/791 954/3230/865 748/3231/653 747/3232/652 
f 980/3233/906 998/3234/934 1002/3235/939 915/3236/836 
f 904/3237/825 929/3238/854 811/3239/716 812/3240/717 
f 873/3241/850 944/3242/867 737/3243/642 763/3244/668 
f 927/3245/852 928/3246/853 727/3247/632 814/3248/719 
f 774/3249/958 793/3250/881 966/3251/882 1015/3252/959 
f 858/3253/770 970/3254/892 989/3255/918 988/3256/917 
f 984/3257/912 975/3258/899 977/3259/901 1001/3260/938 
f 969/3261/891 984/3262/912 1001/3263/938 999/3264/935 
f 998/3265/934 1015/3266/959 1003/3267/940 1002/3268/939 
f 1015/3269/959 966/3270/882 979/3271/903 1003/3272/940 
f 990/3273/93 930/3274/90 902/3275/90 898/3276/93 
f 1014/3277/970 1017/3278/969 779/3279/684 757/3280/662 
f 848/3281/758 880/3282/789 870/3283/783 849/3284/759 
f 867/3285/780 831/3286/741 832/3287/742 868/3288/781 
f 759/3289/803 758/3290/971 931/3291/856 887/3292/804 
f 758/3293/971 778/3294/795 885/3295/798 931/3296/856 
f 965/3297/880 862/3298/775 1005/3299/942 978/3300/902 
f 862/3301/775 859/3302/771 987/3303/916 1005/3304/942 
f 939/3305/943 938/3306/945 741/3307/646 740/3308/645 
f 996/3309/928 922/3310/845 912/3311/833 1012/3312/951 
f 974/3313/898 1006/3314/944 957/3315/871 918/3316/839 
f 1016/3317/962 889/3318/808 950/3319/861 900/3320/821 
f 953/3321/864 1016/3322/962 900/3323/821 892/3324/811 
f 809/3325/967 798/3326/888 880/3327/789 848/3328/758 
f 943/3329/972 818/3330/723 786/3331/691 791/3332/696 
f 955/3333/866 943/3334/972 791/3335/696 760/3336/665 
f 719/3337/961 718/3338/805 889/3339/808 1016/3340/962 
f 883/3341/794 877/3342/786 854/3343/764 853/3344/763 
f 849/3345/759 870/3346/783 872/3347/785 908/3348/829 
f 823/3349/732 822/3350/731 968/3351/887 834/3352/744 
f 800/3353/806 803/3354/966 847/3355/757 888/3356/807 
f 822/3357/731 883/3358/794 853/3359/763 968/3360/887 
f 755/3361/952 746/3362/729 823/3363/732 1013/3364/953 
f 859/3365/771 858/3366/770 988/3367/917 987/3368/916 
f 874/3369/70 923/3370/91 951/3371/91 875/3372/70 
f 923/3373/91 1007/3374/92 952/3375/92 951/3376/91 
f 1007/3377/92 938/3378/133 940/3379/133 952/3380/92 
f 1001/3381/938 977/3382/901 964/3383/878 963/3384/877 
# 682 polygons - 90 triangles

