# 3ds Max Wavefront OBJ Exporter v0.99 - (c)2007 guruware
# File Created: 22.03.2025 16:54:55

mtllib RuedaTD.mtl

#
# object RuedaTD
#

v  0.0867 -0.1004 -0.0376
v  0.0759 -0.1082 -0.0376
v  0.0759 -0.1082 -0.0470
v  0.0867 -0.1004 -0.0470
v  0.1290 0.0299 -0.0470
v  0.1249 0.0425 -0.0470
v  0.1249 0.0425 -0.0376
v  0.1290 0.0299 -0.0376
v  0.0652 -0.1160 -0.0376
v  0.0652 -0.1160 -0.0470
v  0.0100 0.1356 -0.0470
v  -0.0033 0.1356 -0.0470
v  -0.0033 0.1356 -0.0376
v  0.0100 0.1356 -0.0376
v  -0.1315 0.0425 -0.0470
v  -0.1315 0.0425 -0.0376
v  -0.1274 0.0551 -0.0376
v  -0.1274 0.0551 -0.0470
v  -0.1356 0.0299 -0.0470
v  -0.1356 0.0299 -0.0376
v  -0.0825 -0.1082 -0.0376
v  -0.0932 -0.1004 -0.0376
v  -0.0932 -0.1004 -0.0470
v  -0.0825 -0.1082 -0.0470
v  -0.0718 -0.1160 -0.0376
v  -0.0718 -0.1160 -0.0470
v  0.1208 0.0551 -0.0470
v  0.1208 0.0551 -0.0376
v  -0.1204 0.0434 -0.0412
v  -0.1230 0.0425 -0.0405
v  -0.1230 0.0425 -0.0498
v  -0.1204 0.0434 -0.0506
v  -0.0915 -0.0202 -0.0589
v  -0.0915 -0.0202 -0.0481
v  -0.0989 -0.0070 -0.0476
v  -0.0989 -0.0070 -0.0580
v  -0.0505 0.0782 -0.0589
v  -0.0505 0.0782 -0.0481
v  -0.0403 0.0894 -0.0476
v  -0.0403 0.0894 -0.0580
v  -0.0566 0.0182 -0.0596
v  -0.0566 0.0182 -0.0482
v  -0.0545 0.0237 -0.0481
v  -0.0545 0.0237 -0.0596
v  -0.0582 0.0124 -0.0596
v  -0.0582 0.0124 -0.0481
v  0.0010 0.1254 -0.0506
v  0.0010 0.1254 -0.0412
v  -0.0007 0.1276 -0.0405
v  -0.0007 0.1276 -0.0498
v  -0.0623 0.0697 -0.0481
v  -0.0623 0.0697 -0.0589
v  -0.0760 0.0634 -0.0580
v  -0.0760 0.0634 -0.0476
v  0.0440 -0.0223 -0.0593
v  0.0421 -0.0184 -0.0590
v  0.0421 -0.0184 -0.0478
v  0.0440 -0.0223 -0.0480
v  -0.0595 -0.0084 -0.0482
v  -0.0740 -0.0127 -0.0491
v  -0.0740 -0.0127 -0.0609
v  -0.0595 -0.0084 -0.0596
v  0.0530 -0.0084 -0.0482
v  0.0486 -0.0083 -0.0480
v  0.0486 -0.0083 -0.0593
v  0.0530 -0.0084 -0.0596
v  -0.0294 0.0515 -0.0596
v  -0.0280 0.0473 -0.0593
v  -0.0280 0.0473 -0.0480
v  -0.0294 0.0515 -0.0482
v  0.0477 -0.0248 -0.0482
v  0.0477 -0.0248 -0.0596
v  -0.0380 0.0639 -0.0609
v  -0.0380 0.0639 -0.0491
v  -0.0551 -0.0083 -0.0480
v  -0.0551 -0.0083 -0.0593
v  0.0674 -0.0127 -0.0491
v  0.0674 -0.0127 -0.0609
v  0.0026 0.0566 -0.0481
v  0.0026 0.0566 -0.0596
v  -0.0033 0.0569 -0.0596
v  -0.0033 0.0569 -0.0482
v  0.0619 -0.0298 -0.0609
v  0.0619 -0.0298 -0.0491
v  -0.0092 0.0566 -0.0596
v  -0.0092 0.0566 -0.0481
v  -0.0512 -0.0103 -0.0478
v  -0.0512 -0.0103 -0.0590
v  0.0849 -0.0202 -0.0589
v  0.0924 -0.0070 -0.0580
v  0.0924 -0.0070 -0.0476
v  0.0849 -0.0202 -0.0481
v  -0.0287 0.0430 -0.0590
v  -0.0287 0.0430 -0.0478
v  0.0804 -0.0340 -0.0589
v  0.0804 -0.0340 -0.0481
v  0.0787 -0.0490 -0.0476
v  0.0787 -0.0490 -0.0580
v  -0.0033 0.1284 -0.0402
v  -0.0033 0.1284 -0.0495
v  -0.0488 -0.0140 -0.0589
v  -0.0488 -0.0140 -0.0477
v  0.0695 0.0634 -0.0580
v  0.0557 0.0697 -0.0589
v  0.0557 0.0697 -0.0481
v  0.0695 0.0634 -0.0476
v  -0.0059 0.1276 -0.0405
v  -0.0059 0.1276 -0.0498
v  0.0229 0.0515 -0.0596
v  0.0229 0.0515 -0.0482
v  0.0214 0.0473 -0.0480
v  0.0214 0.0473 -0.0593
v  0.0188 -0.0926 -0.0476
v  0.0040 -0.0896 -0.0481
v  0.0040 -0.0896 -0.0589
v  0.0188 -0.0926 -0.0580
v  -0.0486 -0.0184 -0.0590
v  -0.0486 -0.0184 -0.0478
v  0.0314 0.0639 -0.0609
v  0.0314 0.0639 -0.0491
v  0.0460 0.0533 -0.0609
v  0.0368 0.0414 -0.0596
v  0.0368 0.0414 -0.0482
v  0.0460 0.0533 -0.0491
v  0.0440 0.0782 -0.0589
v  0.0338 0.0894 -0.0580
v  0.0338 0.0894 -0.0476
v  0.0440 0.0782 -0.0481
v  0.0057 -0.0706 -0.0609
v  0.0057 -0.0706 -0.0491
v  0.0053 -0.0555 -0.0482
v  0.0053 -0.0555 -0.0596
v  -0.0506 -0.0223 -0.0593
v  -0.0506 -0.0223 -0.0480
v  -0.0076 0.1254 -0.0506
v  -0.0076 0.1254 -0.0412
v  0.0333 0.0387 -0.0593
v  0.0333 0.0387 -0.0480
v  -0.0757 -0.1033 -0.0498
v  -0.0783 -0.1024 -0.0495
v  -0.0783 -0.1024 -0.0402
v  -0.0757 -0.1033 -0.0405
v  0.0041 -0.0513 -0.0480
v  0.0041 -0.0513 -0.0593
v  -0.0542 -0.0248 -0.0596
v  -0.0542 -0.0248 -0.0482
v  -0.0799 -0.1002 -0.0498
v  -0.0799 -0.1002 -0.0405
v  0.0290 0.0380 -0.0590
v  0.0290 0.0380 -0.0478
v  0.0010 -0.0482 -0.0478
v  0.0010 -0.0482 -0.0590
v  -0.0800 -0.0974 -0.0506
v  -0.0800 -0.0974 -0.0412
v  -0.0684 -0.0298 -0.0609
v  -0.0684 -0.0298 -0.0491
v  -0.0314 0.0395 -0.0589
v  -0.0314 0.0395 -0.0477
v  0.0422 -0.0140 -0.0589
v  0.0422 -0.0140 -0.0477
v  -0.0355 0.0380 -0.0590
v  -0.0355 0.0380 -0.0478
v  -0.0033 -0.0470 -0.0477
v  -0.0033 -0.0470 -0.0589
v  -0.0870 -0.0340 -0.0589
v  -0.0853 -0.0490 -0.0580
v  -0.0853 -0.0490 -0.0476
v  -0.0870 -0.0340 -0.0481
v  0.0447 -0.0103 -0.0590
v  0.0447 -0.0103 -0.0478
v  -0.0399 0.0387 -0.0593
v  -0.0399 0.0387 -0.0480
v  -0.0434 0.0414 -0.0596
v  -0.0434 0.0414 -0.0482
v  -0.0075 -0.0482 -0.0478
v  -0.0106 -0.0513 -0.0480
v  -0.0106 -0.0513 -0.0593
v  -0.0075 -0.0482 -0.0590
v  -0.0106 -0.0896 -0.0589
v  -0.0106 -0.0896 -0.0481
v  -0.0254 -0.0926 -0.0476
v  -0.0254 -0.0926 -0.0580
v  -0.0525 0.0533 -0.0609
v  -0.0525 0.0533 -0.0491
v  -0.0363 -0.0446 -0.0482
v  -0.0409 -0.0409 -0.0481
v  -0.0409 -0.0409 -0.0596
v  -0.0363 -0.0446 -0.0596
v  -0.0119 -0.0555 -0.0596
v  -0.0119 -0.0555 -0.0482
v  -0.0123 -0.0706 -0.0609
v  -0.0123 -0.0706 -0.0491
v  -0.0313 -0.0478 -0.0596
v  -0.0313 -0.0478 -0.0481
v  -0.0165 0.1356 -0.0470
v  -0.0165 0.1356 -0.0376
v  -0.0287 -0.0262 -0.0474
v  -0.0287 -0.0262 0.0290
v  -0.0347 -0.0190 0.0290
v  -0.0347 -0.0190 -0.0474
v  -0.0386 -0.0106 0.0290
v  -0.0386 -0.0106 -0.0474
v  -0.0404 -0.0014 0.0290
v  -0.0404 -0.0014 -0.0474
v  -0.0212 -0.0317 0.0290
v  -0.0212 -0.0317 -0.0474
v  0.0281 -0.0190 -0.0474
v  0.0281 -0.0190 0.0290
v  0.0222 -0.0262 0.0290
v  0.0222 -0.0262 -0.0474
v  0.0321 -0.0106 -0.0474
v  0.0321 -0.0106 0.0290
v  -0.0125 -0.0351 0.0290
v  -0.0125 -0.0351 -0.0474
v  0.0351 0.0681 -0.0494
v  0.0351 0.0681 -0.0613
v  -0.0154 0.0776 -0.0613
v  -0.0156 0.0782 -0.0612
v  -0.0156 0.0782 -0.0493
v  -0.0154 0.0776 -0.0494
v  -0.0112 0.0633 -0.0485
v  -0.0112 0.0633 -0.0601
v  -0.0304 0.1045 -0.0554
v  -0.0304 0.1045 -0.0456
v  -0.0249 0.1168 -0.0436
v  -0.0195 0.1290 -0.0400
v  -0.0195 0.1290 -0.0493
v  -0.0249 0.1168 -0.0529
v  0.0046 0.0633 -0.0485
v  0.0089 0.0776 -0.0494
v  0.0090 0.0782 -0.0493
v  0.0090 0.0782 -0.0612
v  0.0089 0.0776 -0.0613
v  0.0046 0.0633 -0.0601
v  -0.0087 0.1185 -0.0529
v  -0.0087 0.1185 -0.0436
v  -0.0122 0.0984 -0.0474
v  -0.0141 0.0868 -0.0485
v  -0.0141 0.0868 -0.0598
v  -0.0122 0.0984 -0.0577
v  0.0869 0.0586 -0.0554
v  0.0732 0.0624 -0.0577
v  0.0717 0.0628 -0.0579
v  0.0717 0.0628 -0.0475
v  0.0732 0.0624 -0.0474
v  0.0869 0.0586 -0.0456
v  0.0076 0.0868 -0.0485
v  0.0056 0.0984 -0.0474
v  0.0022 0.1185 -0.0436
v  0.0022 0.1185 -0.0529
v  0.0056 0.0984 -0.0577
v  0.0076 0.0868 -0.0598
v  0.0238 0.1045 -0.0554
v  0.0183 0.1168 -0.0529
v  0.0129 0.1290 -0.0493
v  0.0129 0.1290 -0.0400
v  0.0183 0.1168 -0.0436
v  0.0238 0.1045 -0.0456
v  0.0325 0.0912 -0.0579
v  0.0316 0.0926 -0.0577
v  0.0316 0.0926 -0.0474
v  0.0325 0.0912 -0.0475
v  0.0590 -0.1124 -0.0400
v  0.0474 -0.1057 -0.0436
v  0.0357 -0.0990 -0.0456
v  0.0357 -0.0990 -0.0554
v  0.0474 -0.1057 -0.0529
v  0.0590 -0.1124 -0.0493
v  0.0665 -0.1025 -0.0506
v  0.0615 -0.0976 -0.0529
v  0.0469 -0.0833 -0.0577
v  0.0385 -0.0751 -0.0598
v  0.0322 -0.0690 -0.0612
v  0.0322 -0.0690 -0.0493
v  0.0385 -0.0751 -0.0485
v  0.0469 -0.0833 -0.0474
v  0.0615 -0.0976 -0.0436
v  0.0665 -0.1025 -0.0412
v  0.0796 -0.0671 -0.0554
v  0.0796 -0.0671 -0.0456
v  0.0824 -0.0803 -0.0436
v  0.0851 -0.0933 -0.0400
v  0.0851 -0.0933 -0.0493
v  0.0824 -0.0803 -0.0529
v  0.0703 -0.0912 -0.0529
v  0.0734 -0.0974 -0.0506
v  0.0734 -0.0974 -0.0412
v  0.0703 -0.0912 -0.0436
v  0.0612 -0.0729 -0.0474
v  0.0560 -0.0623 -0.0485
v  0.0522 -0.0546 -0.0493
v  0.0522 -0.0546 -0.0612
v  0.0560 -0.0623 -0.0598
v  0.0612 -0.0729 -0.0577
v  -0.0464 -0.0451 -0.0485
v  -0.0582 -0.0542 -0.0494
v  -0.0587 -0.0546 -0.0493
v  -0.0587 -0.0546 -0.0612
v  -0.0582 -0.0542 -0.0613
v  -0.0464 -0.0451 -0.0601
v  -0.0388 -0.0690 -0.0493
v  -0.0388 -0.0690 -0.0612
v  -0.0450 -0.0751 -0.0598
v  -0.0534 -0.0833 -0.0577
v  -0.0681 -0.0976 -0.0529
v  -0.0730 -0.1025 -0.0506
v  -0.0730 -0.1025 -0.0412
v  -0.0681 -0.0976 -0.0436
v  -0.0534 -0.0833 -0.0474
v  -0.0450 -0.0751 -0.0485
v  0.0224 -0.0939 -0.0474
v  0.0209 -0.0934 -0.0475
v  0.0209 -0.0934 -0.0579
v  0.0224 -0.0939 -0.0577
v  -0.0889 -0.0803 -0.0529
v  -0.0917 -0.0933 -0.0493
v  -0.0917 -0.0933 -0.0400
v  -0.0889 -0.0803 -0.0436
v  -0.0861 -0.0671 -0.0456
v  -0.0861 -0.0671 -0.0554
v  0.0270 -0.0543 -0.0485
v  0.0320 -0.0684 -0.0494
v  0.0320 -0.0684 -0.0613
v  0.0270 -0.0543 -0.0601
v  0.0247 -0.0478 -0.0596
v  0.0247 -0.0478 -0.0481
v  -0.0118 -0.0761 -0.0613
v  -0.0118 -0.0761 -0.0494
v  -0.0275 -0.0934 -0.0475
v  -0.0290 -0.0939 -0.0474
v  -0.0423 -0.0990 -0.0456
v  -0.0423 -0.0990 -0.0554
v  -0.0290 -0.0939 -0.0577
v  -0.0275 -0.0934 -0.0579
v  0.0052 -0.0761 -0.0494
v  0.0052 -0.0761 -0.0613
v  -0.0626 -0.0623 -0.0485
v  -0.0678 -0.0729 -0.0474
v  -0.0769 -0.0912 -0.0436
v  -0.0769 -0.0912 -0.0529
v  -0.0678 -0.0729 -0.0577
v  -0.0626 -0.0623 -0.0598
v  -0.0540 -0.1057 -0.0436
v  -0.0655 -0.1124 -0.0400
v  -0.0655 -0.1124 -0.0493
v  -0.0540 -0.1057 -0.0529
v  -0.0386 -0.0684 -0.0613
v  -0.0386 -0.0684 -0.0494
v  -0.0336 -0.0543 -0.0485
v  -0.0336 -0.0543 -0.0601
v  0.0338 -0.0014 -0.0474
v  0.0338 -0.0014 0.0290
v  -0.0170 0.0355 -0.0474
v  -0.0251 0.0310 -0.0474
v  -0.0251 0.0310 0.0290
v  -0.0170 0.0355 0.0290
v  -0.0319 0.0246 -0.0474
v  -0.0319 0.0246 0.0290
v  0.0332 0.0079 -0.0474
v  0.0332 0.0079 0.0290
v  -0.0369 0.0167 -0.0474
v  -0.0369 0.0167 0.0290
v  0.0146 -0.0317 0.0290
v  0.0146 -0.0317 -0.0474
v  -0.0079 0.0378 -0.0474
v  -0.0079 0.0378 0.0290
v  0.0254 0.0246 -0.0474
v  0.0186 0.0310 -0.0474
v  0.0186 0.0310 0.0290
v  0.0254 0.0246 0.0290
v  0.0060 -0.0351 0.0290
v  0.0060 -0.0351 -0.0474
v  0.0014 0.0378 -0.0474
v  0.0014 0.0378 0.0290
v  0.0104 0.0355 -0.0474
v  0.0104 0.0355 0.0290
v  -0.0033 -0.0363 0.0290
v  -0.0033 -0.0363 -0.0474
v  0.0304 0.0167 -0.0474
v  0.0304 0.0167 0.0290
v  -0.0398 0.0079 0.0290
v  -0.0398 0.0079 -0.0474
v  0.0501 0.0182 -0.0596
v  0.0501 0.0182 -0.0482
v  0.0516 0.0124 -0.0481
v  0.0516 0.0124 -0.0596
v  0.0249 0.0395 -0.0589
v  0.0249 0.0395 -0.0477
v  -0.0854 -0.0513 -0.0579
v  -0.0855 -0.0529 -0.0577
v  -0.0855 -0.0529 -0.0474
v  -0.0854 -0.0513 -0.0475
v  0.1165 0.0352 -0.0506
v  0.1165 0.0352 -0.0412
v  0.1181 0.0375 -0.0405
v  0.1181 0.0375 -0.0498
v  -0.0738 -0.0310 -0.0613
v  -0.0738 -0.0310 -0.0494
v  -0.1003 -0.0053 -0.0475
v  -0.1013 -0.0040 -0.0474
v  -0.1103 0.0071 -0.0456
v  -0.1103 0.0071 -0.0554
v  -0.1013 -0.0040 -0.0577
v  -0.1003 -0.0053 -0.0579
v  -0.1246 0.0375 -0.0498
v  -0.1246 0.0403 -0.0495
v  -0.1246 0.0403 -0.0402
v  -0.1246 0.0375 -0.0405
v  -0.0791 -0.0149 -0.0494
v  -0.0791 -0.0149 -0.0613
v  0.0221 0.0430 -0.0590
v  0.0221 0.0430 -0.0478
v  -0.0651 0.0126 -0.0601
v  -0.0801 0.0130 -0.0613
v  -0.0807 0.0130 -0.0612
v  -0.0807 0.0130 -0.0493
v  -0.0801 0.0130 -0.0494
v  -0.0651 0.0126 -0.0485
v  -0.0884 0.0171 -0.0598
v  -0.0988 0.0225 -0.0577
v  -0.1169 0.0320 -0.0529
v  -0.1231 0.0352 -0.0506
v  -0.1231 0.0352 -0.0412
v  -0.1169 0.0320 -0.0436
v  -0.0988 0.0225 -0.0474
v  -0.0884 0.0171 -0.0485
v  0.1181 0.0403 -0.0402
v  0.1181 0.0403 -0.0495
v  -0.1203 0.0161 -0.0436
v  -0.1302 0.0250 -0.0400
v  -0.1302 0.0250 -0.0493
v  -0.1203 0.0161 -0.0529
v  -0.0731 0.0365 -0.0493
v  -0.0817 0.0377 -0.0485
v  -0.0933 0.0394 -0.0474
v  -0.1136 0.0424 -0.0436
v  -0.1136 0.0424 -0.0529
v  -0.0933 0.0394 -0.0577
v  -0.0817 0.0377 -0.0598
v  -0.0731 0.0365 -0.0612
v  -0.0935 0.0586 -0.0554
v  -0.1069 0.0572 -0.0529
v  -0.1202 0.0558 -0.0493
v  -0.1202 0.0558 -0.0400
v  -0.1069 0.0572 -0.0436
v  -0.0935 0.0586 -0.0456
v  -0.0602 0.0276 -0.0485
v  -0.0726 0.0361 -0.0494
v  -0.0726 0.0361 -0.0613
v  -0.0602 0.0276 -0.0601
v  0.1165 0.0425 -0.0498
v  0.1165 0.0425 -0.0405
v  -0.0782 0.0628 -0.0579
v  -0.0798 0.0624 -0.0577
v  -0.0798 0.0624 -0.0474
v  -0.0782 0.0628 -0.0475
v  -0.0554 0.0581 -0.0494
v  -0.0554 0.0581 -0.0613
v  0.0733 -0.1002 -0.0498
v  0.0717 -0.1024 -0.0495
v  0.0717 -0.1024 -0.0402
v  0.0733 -0.1002 -0.0405
v  0.0297 -0.0446 -0.0596
v  0.0297 -0.0446 -0.0482
v  0.0691 -0.1033 -0.0498
v  0.0691 -0.1033 -0.0405
v  0.1138 0.0434 -0.0412
v  0.1138 0.0434 -0.0506
v  0.0343 -0.0409 -0.0481
v  0.0343 -0.0409 -0.0596
v  -0.0391 0.0912 -0.0475
v  -0.0382 0.0926 -0.0474
v  -0.0382 0.0926 -0.0577
v  -0.0391 0.0912 -0.0579
v  -0.0416 0.0681 -0.0613
v  -0.0416 0.0681 -0.0494
v  0.1104 0.0320 -0.0529
v  0.0922 0.0225 -0.0577
v  0.0818 0.0171 -0.0598
v  0.0741 0.0130 -0.0612
v  0.0741 0.0130 -0.0493
v  0.0818 0.0171 -0.0485
v  0.0922 0.0225 -0.0474
v  0.1104 0.0320 -0.0436
v  0.0788 -0.0513 -0.0475
v  0.0789 -0.0529 -0.0474
v  0.0789 -0.0529 -0.0577
v  0.0788 -0.0513 -0.0579
v  0.0938 -0.0053 -0.0579
v  0.0948 -0.0040 -0.0577
v  0.1037 0.0071 -0.0554
v  0.1037 0.0071 -0.0456
v  0.0948 -0.0040 -0.0474
v  0.0938 -0.0053 -0.0475
v  0.0665 0.0365 -0.0612
v  0.0665 0.0365 -0.0493
v  0.0660 0.0361 -0.0494
v  0.0537 0.0276 -0.0485
v  0.0480 0.0237 -0.0481
v  0.0480 0.0237 -0.0596
v  0.0537 0.0276 -0.0601
v  0.0660 0.0361 -0.0613
v  0.0725 -0.0149 -0.0494
v  0.0725 -0.0149 -0.0613
v  0.1236 0.0250 -0.0400
v  0.1137 0.0161 -0.0436
v  0.1137 0.0161 -0.0529
v  0.1236 0.0250 -0.0493
v  0.1136 0.0558 -0.0493
v  0.1003 0.0572 -0.0529
v  0.1003 0.0572 -0.0436
v  0.1136 0.0558 -0.0400
v  0.0517 -0.0542 -0.0494
v  0.0398 -0.0451 -0.0485
v  0.0398 -0.0451 -0.0601
v  0.0517 -0.0542 -0.0613
v  0.0488 0.0581 -0.0613
v  0.0488 0.0581 -0.0494
v  0.0673 -0.0310 -0.0613
v  0.0673 -0.0310 -0.0494
v  0.0735 0.0130 -0.0613
v  0.0586 0.0126 -0.0601
v  0.0586 0.0126 -0.0485
v  0.0735 0.0130 -0.0494
v  0.1070 0.0424 -0.0436
v  0.0868 0.0394 -0.0474
v  0.0751 0.0377 -0.0485
v  0.0751 0.0377 -0.0598
v  0.0868 0.0394 -0.0577
v  0.1070 0.0424 -0.0529
v  -0.0320 0.0734 -0.0494
v  -0.0156 0.0984 -0.0474
v  -0.0156 0.0984 -0.0577
v  -0.0320 0.0734 -0.0613
v  -0.0923 0.0427 -0.0474
v  -0.0634 0.0506 -0.0494
v  -0.0999 0.0192 -0.0474
v  -0.1198 0.0231 -0.0436
v  -0.1106 0.0513 -0.0436
v  0.0356 0.0191 -0.0474
v  0.0568 0.0506 -0.0494
v  0.0299 0.0282 -0.0474
v  -0.1198 0.0231 -0.0529
v  -0.0999 0.0192 -0.0577
v  -0.0811 -0.0041 -0.0494
v  -0.0706 -0.0709 -0.0474
v  -0.0692 -0.0410 -0.0494
v  -0.0507 -0.0853 -0.0474
v  -0.0604 -0.1032 -0.0436
v  -0.0845 -0.0857 -0.0436
v  -0.0604 -0.1032 -0.0529
v  -0.0507 -0.0853 -0.0577
v  -0.0706 -0.0709 -0.0577
v  -0.0227 -0.0747 -0.0494
v  0.0441 -0.0853 -0.0474
v  0.0161 -0.0747 -0.0494
v  0.0539 -0.1032 -0.0436
v  0.0779 -0.0857 -0.0436
v  0.0441 -0.0853 -0.0577
v  0.0539 -0.1032 -0.0529
v  0.0626 -0.0410 -0.0494
v  0.0640 -0.0709 -0.0474
v  0.0933 0.0192 -0.0474
v  0.0746 -0.0041 -0.0494
v  0.1133 0.0231 -0.0436
v  0.1041 0.0513 -0.0529
v  0.0857 0.0427 -0.0577
v  0.0933 0.0192 -0.0577
v  0.0857 0.0427 -0.0474
v  0.0090 0.0984 -0.0577
v  0.0116 0.1185 -0.0529
v  0.0116 0.1185 -0.0436
v  0.0090 0.0984 -0.0474
v  0.0254 0.0734 -0.0613
v  0.0254 0.0734 -0.0494
v  0.0021 0.0435 -0.0474
v  0.0126 0.0408 -0.0474
v  0.0021 0.0436 -0.0585
v  -0.0012 0.0174 -0.0579
v  -0.0054 0.0174 -0.0579
v  -0.0087 0.0436 -0.0585
v  0.0126 0.0410 -0.0585
v  0.0029 0.0163 -0.0579
v  0.0220 0.0356 -0.0474
v  0.0221 0.0357 -0.0585
v  0.0065 0.0143 -0.0579
v  0.0568 0.0506 -0.0613
v  0.0300 0.0283 -0.0585
v  0.0096 0.0115 -0.0579
v  0.1041 0.0513 -0.0436
v  0.0358 0.0192 -0.0585
v  0.0118 0.0079 -0.0579
v  0.1133 0.0231 -0.0529
v  0.0390 0.0089 -0.0474
v  0.0391 0.0089 -0.0585
v  0.0131 0.0039 -0.0579
v  0.0746 -0.0041 -0.0613
v  0.0397 -0.0019 -0.0474
v  0.0398 -0.0019 -0.0585
v  0.0134 -0.0002 -0.0579
v  0.0133 0.0008 -0.0579
v  0.0376 -0.0125 -0.0474
v  0.0378 -0.0125 -0.0585
v  0.0126 -0.0043 -0.0579
v  0.0626 -0.0410 -0.0613
v  -0.0397 -0.0223 -0.0585
v  -0.0174 -0.0081 -0.0579
v  -0.0147 -0.0113 -0.0579
v  -0.0328 -0.0306 -0.0585
v  -0.0692 -0.0410 -0.0613
v  -0.0182 0.1185 -0.0436
v  -0.0094 0.0163 -0.0579
v  -0.0192 0.0410 -0.0585
v  -0.0443 -0.0125 -0.0585
v  -0.0191 -0.0043 -0.0579
v  -0.0182 0.1185 -0.0529
v  -0.0327 -0.0305 -0.0474
v  -0.0396 -0.0222 -0.0474
v  -0.0845 -0.0857 -0.0529
v  -0.0241 -0.0370 -0.0585
v  -0.0113 -0.0138 -0.0579
v  -0.0240 -0.0369 -0.0474
v  -0.0227 -0.0747 -0.0613
v  -0.0140 -0.0410 -0.0585
v  -0.0074 -0.0153 -0.0579
v  -0.0140 -0.0408 -0.0474
v  -0.0033 -0.0423 -0.0585
v  -0.0033 -0.0159 -0.0579
v  -0.0033 -0.0422 -0.0474
v  0.0161 -0.0747 -0.0613
v  0.0075 -0.0410 -0.0585
v  0.0009 -0.0153 -0.0579
v  0.0074 -0.0408 -0.0474
v  0.0175 -0.0370 -0.0585
v  0.0048 -0.0138 -0.0579
v  0.0174 -0.0369 -0.0474
v  0.0263 -0.0306 -0.0585
v  0.0081 -0.0113 -0.0579
v  0.0262 -0.0305 -0.0474
v  0.0779 -0.0857 -0.0529
v  0.0640 -0.0709 -0.0577
v  0.0332 -0.0223 -0.0585
v  0.0108 -0.0081 -0.0579
v  0.0330 -0.0222 -0.0474
v  -0.0442 -0.0125 -0.0474
v  -0.0462 -0.0019 -0.0474
v  -0.0811 -0.0041 -0.0613
v  -0.0464 -0.0019 -0.0585
v  -0.0199 -0.0002 -0.0579
v  -0.0455 0.0089 -0.0474
v  -0.0923 0.0427 -0.0577
v  -0.1106 0.0513 -0.0529
v  -0.0457 0.0089 -0.0585
v  -0.0197 0.0039 -0.0579
v  -0.0199 0.0008 -0.0579
v  -0.0422 0.0191 -0.0474
v  -0.0423 0.0192 -0.0585
v  -0.0184 0.0079 -0.0579
v  -0.0634 0.0506 -0.0613
v  -0.0364 0.0282 -0.0474
v  -0.0365 0.0283 -0.0585
v  -0.0161 0.0115 -0.0579
v  -0.0286 0.0356 -0.0474
v  -0.0286 0.0357 -0.0585
v  -0.0131 0.0143 -0.0579
v  -0.0191 0.0408 -0.0474
v  -0.0087 0.0435 -0.0474
v  -0.0033 -0.0122 0.0290
v  -0.0000 -0.0118 0.0290
v  0.0030 -0.0105 0.0290
v  0.0057 -0.0086 0.0290
v  0.0078 -0.0061 0.0290
v  0.0091 -0.0031 0.0290
v  0.0098 0.0001 0.0290
v  0.0096 0.0034 0.0290
v  0.0085 0.0065 0.0290
v  0.0068 0.0092 0.0290
v  0.0044 0.0115 0.0290
v  0.0015 0.0131 0.0290
v  -0.0016 0.0139 0.0290
v  -0.0049 0.0139 0.0290
v  -0.0065 -0.0118 0.0290
v  -0.0096 -0.0105 0.0290
v  -0.0122 -0.0086 0.0290
v  -0.0143 -0.0061 0.0290
v  -0.0157 -0.0031 0.0290
v  -0.0163 0.0001 0.0290
v  -0.0161 0.0034 0.0290
v  -0.0151 0.0065 0.0290
v  -0.0134 0.0092 0.0290
v  -0.0110 0.0115 0.0290
v  -0.0081 0.0131 0.0290
v  -0.0161 0.0034 -0.0413
v  -0.0163 0.0001 -0.0413
v  -0.0157 -0.0031 -0.0413
v  -0.0143 -0.0061 -0.0413
v  -0.0122 -0.0086 -0.0413
v  -0.0096 -0.0105 -0.0413
v  -0.0065 -0.0118 -0.0413
v  -0.0033 -0.0122 -0.0413
v  -0.0000 -0.0118 -0.0413
v  0.0030 -0.0105 -0.0413
v  0.0057 -0.0086 -0.0413
v  0.0078 -0.0061 -0.0413
v  0.0091 -0.0031 -0.0413
v  0.0098 0.0001 -0.0413
v  0.0096 0.0034 -0.0413
v  0.0085 0.0065 -0.0413
v  0.0068 0.0092 -0.0413
v  0.0044 0.0115 -0.0413
v  0.0015 0.0131 -0.0413
v  -0.0016 0.0139 -0.0413
v  -0.0049 0.0139 -0.0413
v  -0.0081 0.0131 -0.0413
v  -0.0110 0.0115 -0.0413
v  -0.0134 0.0092 -0.0413
v  -0.0151 0.0065 -0.0413
v  0.1251 0.0598 0.0445
v  0.1361 0.0260 0.0445
v  0.1438 0.0275 0.0444
v  0.1322 0.0632 0.0444
v  0.1165 -0.0766 -0.0636
v  0.1317 -0.0445 -0.0636
v  0.1391 -0.0468 -0.0634
v  0.1231 -0.0808 -0.0634
v  -0.1527 -0.0100 -0.0634
v  -0.1449 -0.0095 -0.0636
v  -0.1383 -0.0445 -0.0636
v  -0.1457 -0.0468 -0.0634
v  0.0801 0.1142 -0.0636
v  0.0847 0.1205 -0.0634
v  0.1121 0.0949 -0.0634
v  0.1061 0.0899 -0.0636
v  0.1251 0.0598 -0.0636
v  0.1322 0.0632 -0.0634
v  0.1438 0.0275 -0.0634
v  0.1361 0.0260 -0.0636
v  0.0320 -0.1381 -0.0636
v  0.0651 -0.1250 -0.0636
v  0.0688 -0.1318 -0.0634
v  0.0339 -0.1456 -0.0634
v  -0.0033 -0.1425 0.0445
v  -0.0033 -0.1503 0.0444
v  0.0339 -0.1456 0.0444
v  0.0320 -0.1381 0.0445
v  -0.0584 0.1386 0.0444
v  -0.0555 0.1314 0.0445
v  -0.0211 0.1402 0.0445
v  -0.0220 0.1480 0.0444
v  0.0939 -0.1040 -0.0636
v  0.0992 -0.1097 -0.0634
v  -0.1186 0.0949 0.0444
v  -0.1126 0.0899 0.0445
v  -0.0867 0.1142 0.0445
v  -0.0913 0.1205 0.0444
v  -0.1527 -0.0100 0.0444
v  -0.1457 -0.0468 0.0444
v  -0.1383 -0.0445 0.0445
v  -0.1449 -0.0095 0.0445
v  0.0145 0.1402 0.0445
v  0.0155 0.1480 0.0444
v  0.1384 -0.0095 -0.0636
v  0.1461 -0.0100 -0.0634
v  0.0145 0.1402 -0.0636
v  0.0155 0.1480 -0.0634
v  0.0518 0.1386 -0.0634
v  0.0490 0.1314 -0.0636
v  -0.1058 -0.1097 0.0444
v  -0.0754 -0.1318 0.0444
v  -0.0717 -0.1250 0.0445
v  -0.1004 -0.1040 0.0445
v  -0.0913 0.1205 -0.0634
v  -0.0584 0.1386 -0.0634
v  -0.0555 0.1314 -0.0636
v  -0.0867 0.1142 -0.0636
v  -0.0220 0.1480 -0.0634
v  -0.0211 0.1402 -0.0636
v  -0.1503 0.0275 0.0444
v  -0.1427 0.0260 0.0445
v  -0.1317 0.0598 0.0445
v  -0.1387 0.0632 0.0444
v  -0.1297 -0.0808 0.0444
v  -0.1231 -0.0766 0.0445
v  0.0801 0.1142 0.0445
v  0.1061 0.0899 0.0445
v  0.1121 0.0949 0.0444
v  0.0847 0.1205 0.0444
v  -0.0033 -0.1425 -0.0636
v  -0.0033 -0.1503 -0.0634
v  0.0490 0.1314 0.0445
v  0.0518 0.1386 0.0444
v  -0.1186 0.0949 -0.0634
v  -0.1126 0.0899 -0.0636
v  -0.0405 -0.1456 0.0444
v  -0.0386 -0.1381 0.0445
v  0.0651 -0.1250 0.0445
v  0.0688 -0.1318 0.0444
v  0.0992 -0.1097 0.0444
v  0.0939 -0.1040 0.0445
v  0.1384 -0.0095 0.0445
v  0.1461 -0.0100 0.0444
v  0.1317 -0.0445 0.0445
v  0.1391 -0.0468 0.0444
v  -0.0754 -0.1318 -0.0634
v  -0.0717 -0.1250 -0.0636
v  -0.0386 -0.1381 -0.0636
v  -0.0405 -0.1456 -0.0634
v  0.1165 -0.0766 0.0445
v  0.1231 -0.0808 0.0444
v  -0.1058 -0.1097 -0.0634
v  -0.1004 -0.1040 -0.0636
v  -0.1231 -0.0766 -0.0636
v  -0.1297 -0.0808 -0.0634
v  -0.1503 0.0275 -0.0634
v  -0.1427 0.0260 -0.0636
v  -0.1387 0.0632 -0.0634
v  -0.1317 0.0598 -0.0636
v  0.1152 0.0974 0.0417
v  0.0871 0.1238 0.0417
v  0.0313 -0.1352 0.0442
v  -0.0033 -0.1396 0.0442
v  -0.0544 0.1286 0.0442
v  -0.0207 0.1373 0.0442
v  -0.1206 -0.0751 0.0442
v  -0.0984 -0.1019 0.0442
v  -0.0966 -0.1000 0.0434
v  -0.1184 -0.0737 0.0434
v  0.0637 -0.1224 0.0442
v  -0.0947 -0.0979 0.0413
v  -0.1160 -0.0721 0.0413
v  -0.0690 -0.1201 0.0434
v  -0.0676 -0.1176 0.0413
v  -0.0535 0.1262 0.0434
v  -0.0834 0.1097 0.0434
v  -0.0817 0.1074 0.0413
v  -0.0524 0.1235 0.0413
v  -0.1083 0.0863 0.0434
v  -0.1061 0.0845 0.0413
v  -0.1267 0.0575 0.0434
v  -0.1241 0.0562 0.0413
v  -0.1372 0.0250 0.0434
v  -0.1344 0.0244 0.0413
v  -0.1394 -0.0092 0.0434
v  -0.1365 -0.0090 0.0413
v  -0.0033 -0.1543 0.0417
v  0.0350 -0.1495 0.0417
v  0.1140 -0.0751 0.0442
v  0.1289 -0.0435 0.0442
v  0.1264 -0.0427 0.0434
v  0.1118 -0.0737 0.0434
v  0.0306 -0.1327 0.0434
v  -0.0033 -0.1369 0.0434
v  0.0469 0.1262 0.0434
v  0.0138 0.1347 0.0434
v  0.0134 0.1318 0.0413
v  0.0459 0.1235 0.0413
v  0.0624 -0.1201 0.0434
v  -0.1420 -0.0093 -0.0633
v  -0.1354 -0.0435 -0.0633
v  -0.1217 0.0974 0.0417
v  -0.1424 0.0649 0.0417
v  -0.1398 0.0254 -0.0633
v  0.1278 0.0244 -0.0604
v  0.1299 -0.0090 -0.0604
v  0.1299 -0.0090 0.0413
v  0.1278 0.0244 0.0413
v  -0.0372 -0.1327 0.0434
v  -0.0033 -0.1341 0.0413
v  -0.0365 -0.1299 0.0413
v  0.0901 -0.1000 0.0434
v  0.0881 -0.0979 0.0413
v  0.0610 -0.1176 0.0413
v  0.1429 -0.0481 -0.0608
v  0.1501 -0.0102 -0.0608
v  0.1501 -0.0102 0.0417
v  0.1429 -0.0481 0.0417
v  0.0784 0.1118 0.0442
v  0.0479 0.1286 0.0442
v  0.0769 0.1097 0.0434
v  0.0918 -0.1019 0.0442
v  -0.0599 0.1424 0.0417
v  -0.0936 0.1238 0.0417
v  0.0141 0.1373 0.0442
v  -0.1398 0.0254 0.0442
v  -0.1290 0.0586 0.0442
v  -0.1104 0.0880 0.0442
v  -0.1354 -0.0435 0.0442
v  0.1332 0.0254 0.0442
v  0.1354 -0.0093 0.0442
v  0.0299 -0.1299 0.0413
v  -0.0378 -0.1352 0.0442
v  0.1018 0.0863 0.0434
v  0.0752 0.1074 0.0413
v  0.0996 0.0845 0.0413
v  -0.0702 -0.1224 0.0442
v  -0.1330 -0.0427 0.0434
v  -0.1302 -0.0418 0.0413
v  -0.0415 -0.1495 0.0417
v  0.1358 0.0649 0.0417
v  0.1201 0.0575 0.0434
v  0.1175 0.0562 0.0413
v  -0.0773 -0.1353 0.0417
v  -0.1331 -0.0830 -0.0608
v  -0.1495 -0.0481 -0.0608
v  0.1237 -0.0418 -0.0604
v  0.1094 -0.0721 -0.0604
v  0.1094 -0.0721 0.0413
v  0.1237 -0.0418 0.0413
v  -0.0524 0.1235 -0.0604
v  -0.0200 0.1318 -0.0604
v  -0.0200 0.1318 0.0413
v  0.1264 -0.0427 -0.0625
v  0.1118 -0.0737 -0.0625
v  -0.0204 0.1347 -0.0625
v  0.0138 0.1347 -0.0625
v  0.0134 0.1318 -0.0604
v  0.0299 -0.1299 -0.0604
v  -0.0033 -0.1341 -0.0604
v  -0.0947 -0.0979 -0.0604
v  -0.1160 -0.0721 -0.0604
v  0.1140 -0.0751 -0.0633
v  0.1289 -0.0435 -0.0633
v  0.1265 -0.0830 -0.0608
v  0.0996 0.0845 -0.0604
v  0.1175 0.0562 -0.0604
v  -0.1543 0.0282 -0.0608
v  -0.1424 0.0649 -0.0608
v  -0.1567 -0.0102 -0.0608
v  -0.0773 -0.1353 -0.0608
v  -0.1085 -0.1126 -0.0608
v  -0.1420 -0.0093 0.0442
v  0.1358 0.0649 -0.0608
v  0.1152 0.0974 -0.0608
v  -0.1085 -0.1126 0.0417
v  -0.1331 -0.0830 0.0417
v  0.1477 0.0282 0.0417
v  -0.1217 0.0974 -0.0608
v  0.0350 -0.1495 -0.0608
v  0.0708 -0.1353 -0.0608
v  0.0708 -0.1353 0.0417
v  0.0871 0.1238 -0.0608
v  0.0533 0.1424 -0.0608
v  0.0533 0.1424 0.0417
v  0.1477 0.0282 -0.0608
v  -0.1495 -0.0481 0.0417
v  -0.0936 0.1238 -0.0608
v  -0.0033 -0.1543 -0.0608
v  -0.0599 0.1424 -0.0608
v  0.1307 0.0250 0.0434
v  0.1328 -0.0092 0.0434
v  0.1020 -0.1126 0.0417
v  0.1265 -0.0830 0.0417
v  0.1038 0.0880 0.0442
v  0.0160 0.1519 0.0417
v  -0.0225 0.1519 0.0417
v  -0.0225 0.1519 -0.0608
v  0.0881 -0.0979 -0.0604
v  0.0610 -0.1176 -0.0604
v  -0.1344 0.0244 -0.0604
v  -0.1241 0.0562 -0.0604
v  -0.1302 -0.0418 -0.0604
v  -0.1365 -0.0090 -0.0604
v  -0.0365 -0.1299 -0.0604
v  -0.0676 -0.1176 -0.0604
v  -0.1290 0.0586 -0.0633
v  -0.1104 0.0880 -0.0633
v  0.0752 0.1074 -0.0604
v  -0.0204 0.1347 0.0434
v  -0.1206 -0.0751 -0.0633
v  -0.0984 -0.1019 -0.0633
v  0.1354 -0.0093 -0.0633
v  0.1332 0.0254 -0.0633
v  0.0306 -0.1327 -0.0625
v  -0.0033 -0.1369 -0.0625
v  -0.0033 -0.1396 -0.0633
v  -0.0378 -0.1352 -0.0633
v  -0.0372 -0.1327 -0.0625
v  -0.1083 0.0863 -0.0625
v  -0.1267 0.0575 -0.0625
v  0.0141 0.1373 -0.0633
v  -0.0207 0.1373 -0.0633
v  0.0769 0.1097 -0.0625
v  0.1018 0.0863 -0.0625
v  -0.0702 -0.1224 -0.0633
v  0.0469 0.1262 -0.0625
v  0.0459 0.1235 -0.0604
v  -0.1330 -0.0427 -0.0625
v  -0.1394 -0.0092 -0.0625
v  -0.1184 -0.0737 -0.0625
v  -0.0415 -0.1495 -0.0608
v  0.1201 0.0575 -0.0625
v  0.1225 0.0586 -0.0633
v  0.1307 0.0250 -0.0625
v  0.1038 0.0880 -0.0633
v  -0.0817 0.1074 -0.0604
v  0.0918 -0.1019 -0.0633
v  0.0313 -0.1352 -0.0633
v  -0.0544 0.1286 -0.0633
v  -0.0966 -0.1000 -0.0625
v  0.0637 -0.1224 -0.0633
v  -0.0690 -0.1201 -0.0625
v  -0.0834 0.1097 -0.0625
v  -0.0535 0.1262 -0.0625
v  -0.1061 0.0845 -0.0604
v  -0.1372 0.0250 -0.0625
v  0.0624 -0.1201 -0.0625
v  0.1020 -0.1126 -0.0608
v  0.1328 -0.0092 -0.0625
v  0.0784 0.1118 -0.0633
v  0.0160 0.1519 -0.0608
v  0.0479 0.1286 -0.0633
v  0.0901 -0.1000 -0.0625
v  -0.0850 0.1118 0.0442
v  -0.1567 -0.0102 0.0417
v  -0.0850 0.1118 -0.0633
v  0.1225 0.0586 0.0442
v  -0.1543 0.0282 0.0417
# 1017 vertices

vn 0.5878 0.0000 0.8090
vn 0.9511 0.0000 -0.3090
vn 0.0000 0.0000 -1.0000
vn -0.9511 -0.0000 -0.3090
vn -0.5878 -0.0000 0.8090
vn 0.0938 0.0000 0.9956
vn 0.5933 0.0000 0.8049
vn -0.8702 -0.0000 0.4927
vn -0.8281 -0.0000 0.5606
vn -0.7375 -0.0000 -0.6753
vn -0.7891 -0.0000 -0.6143
vn -0.9353 -0.0000 -0.3538
vn -0.9647 -0.0000 -0.2635
vn -0.9179 -0.0000 0.3969
vn -0.5822 -0.0000 0.8131
vn -0.4144 -0.0000 -0.9101
vn -0.3404 -0.0000 -0.9403
vn 0.7529 0.0000 -0.6581
vn 0.9778 0.0000 -0.2094
vn 0.1581 0.0000 0.9874
vn 0.3393 0.0000 0.9407
vn -0.1581 -0.0000 0.9874
vn 0.2223 0.0000 0.9750
vn -0.8902 -0.0000 0.4555
vn -0.9960 -0.0000 0.0898
vn 0.4525 0.0000 -0.8918
vn -0.7898 -0.0000 0.6134
vn -0.2223 -0.0000 0.9750
vn -0.3393 -0.0000 0.9407
vn 0.0475 0.0000 -0.9989
vn -0.0000 0.0000 -1.0000
vn 0.2784 0.0000 -0.9605
vn -0.0475 -0.0000 -0.9989
vn -0.6680 -0.0000 0.7442
vn 0.8702 0.0000 0.4927
vn 0.8281 0.0000 0.5606
vn -0.9142 -0.0000 -0.4054
vn 0.9936 0.0000 0.1128
vn 0.9995 0.0000 0.0331
vn 0.0000 -0.0000 1.0000
vn -0.9511 -0.0000 0.3090
vn 0.3404 0.0000 -0.9403
vn 0.4144 0.0000 -0.9101
vn 0.5822 0.0000 0.8131
vn 0.8902 0.0000 0.4555
vn 0.9960 0.0000 0.0898
vn -0.2773 -0.0000 0.9608
vn -0.1997 -0.0000 0.9799
vn -0.9778 -0.0000 -0.2094
vn 0.7898 0.0000 0.6134
vn -0.8274 -0.0000 -0.5616
vn -0.7083 -0.0000 -0.7059
vn 0.7375 0.0000 -0.6753
vn 0.7891 0.0000 -0.6143
vn -0.9995 -0.0000 -0.0320
vn -0.9880 -0.0000 0.1547
vn -0.7529 -0.0000 -0.6581
vn 0.9179 0.0000 0.3969
vn -0.3932 -0.0000 -0.9194
vn 0.0069 0.0000 -1.0000
vn 0.5878 0.0000 -0.8090
vn -0.8586 -0.0000 0.5127
vn -0.4525 -0.0000 -0.8918
vn 0.9489 0.0000 -0.3156
vn 0.1030 0.0000 -0.9947
vn -0.5013 -0.0000 0.8653
vn 0.9758 0.0000 0.2185
vn -0.2784 -0.0000 -0.9605
vn -0.5878 -0.0000 -0.8090
vn 0.9511 0.0000 0.3090
vn -0.1030 -0.0000 -0.9947
vn -0.0000 -0.0000 1.0000
vn -0.9936 -0.0000 0.1128
vn -0.9995 -0.0000 0.0331
vn 0.6680 0.0000 0.7442
vn 0.3932 0.0000 -0.9194
vn 0.7083 0.0000 -0.7059
vn 0.5013 0.0000 0.8653
vn 0.8586 0.0000 0.5127
vn 0.1997 0.0000 0.9799
vn 0.2773 0.0000 0.9608
vn 0.8274 0.0000 -0.5616
vn -0.6255 -0.0000 0.7802
vn 0.9880 0.0000 0.1547
vn 0.9995 0.0000 -0.0320
vn -0.5487 -0.0000 0.8360
vn -0.0000 -0.0000 -1.0000
vn -0.6845 -0.0000 0.7290
vn -0.8443 -0.0000 0.5358
vn -0.9980 -0.0000 0.0628
vn -0.4818 -0.0000 0.8763
vn 0.8443 0.0000 0.5358
vn 0.6845 0.0000 0.7290
vn -0.2487 -0.0000 0.9686
vn 0.7529 0.0000 0.6581
vn 0.9588 0.0000 -0.2841
vn -0.8775 -0.0000 -0.4796
vn -0.9136 -0.0000 -0.4067
vn -0.9588 -0.0000 -0.2841
vn 0.9858 0.0000 0.1681
vn 0.1850 0.0000 -0.9827
vn 0.2642 0.0000 -0.9645
vn -0.9858 -0.0000 0.1681
vn 0.8775 0.0000 -0.4796
vn 0.9136 0.0000 -0.4067
vn 0.8356 0.0000 -0.5493
vn -0.5000 -0.0000 0.8660
vn -0.4280 -0.0000 0.9038
vn 0.5093 0.0000 -0.8606
vn 0.6987 0.0000 -0.7154
vn 0.9918 0.0000 -0.1278
vn 0.9781 0.0000 -0.2079
vn -0.8963 -0.0000 0.4435
vn -0.9758 -0.0000 0.2185
vn 0.6087 0.0000 0.7934
vn -0.6987 -0.0000 -0.7154
vn -0.5093 -0.0000 -0.8606
vn -0.3531 -0.0000 0.9356
vn -0.9781 -0.0000 -0.2079
vn -0.9918 -0.0000 -0.1278
vn 0.9427 0.0000 -0.3337
vn 0.9960 0.0000 -0.0899
vn 0.3531 0.0000 0.9356
vn 0.4280 0.0000 0.9038
vn -0.9960 -0.0000 -0.0899
vn 0.8963 0.0000 0.4435
vn 0.5000 0.0000 0.8660
vn -0.9427 -0.0000 -0.3337
vn 0.9980 0.0000 0.0628
vn -0.3681 -0.0000 -0.9298
vn -0.7705 -0.0000 -0.6374
vn 0.9823 0.0000 -0.1874
vn -0.9048 -0.0000 -0.4258
vn 0.4818 0.0000 0.8763
vn -0.1253 -0.0000 -0.9921
vn 0.7705 0.0000 -0.6374
vn 0.2487 0.0000 0.9686
vn 0.1253 0.0000 -0.9921
vn 0.3681 0.0000 -0.9298
vn 0.9048 0.0000 -0.4258
vn -0.9823 -0.0000 -0.1874
vn 0.9647 0.0000 -0.2635
vn -0.9989 -0.0000 -0.0468
vn -0.6611 -0.0000 -0.7503
vn -0.9532 -0.0000 -0.3025
vn -0.2223 -0.0000 -0.9750
vn -0.7806 -0.0000 0.6250
vn -0.7273 -0.0000 0.6863
vn 0.9532 0.0000 -0.3025
vn 0.3933 0.0000 0.9194
vn 0.9142 0.0000 -0.4054
vn 0.0261 0.0000 -0.9997
vn 0.4645 0.0000 -0.8856
vn 0.6611 0.0000 -0.7503
vn -0.6691 -0.0000 0.7432
vn -0.1448 -0.0000 0.9895
vn -0.1850 -0.0000 -0.9827
vn -0.1045 -0.0000 -0.9945
vn -0.5665 -0.0000 0.8241
vn -0.5933 -0.0000 0.8049
vn -0.2642 -0.0000 -0.9645
vn 0.8586 0.0000 -0.5127
vn -0.9489 -0.0000 -0.3156
vn 0.5487 0.0000 0.8360
vn -0.0069 -0.0000 -1.0000
vn -0.0938 -0.0000 0.9956
vn 0.6255 0.0000 0.7802
vn -0.8356 -0.0000 -0.5493
vn -0.7529 -0.0000 0.6581
vn -0.4645 -0.0000 -0.8856
vn 0.9989 0.0000 -0.0468
vn 0.7806 0.0000 0.6250
vn 0.7273 0.0000 0.6863
vn 0.5665 0.0000 0.8241
vn 0.9353 0.0000 -0.3538
vn -0.3933 -0.0000 0.9194
vn 0.6691 0.0000 0.7432
vn 0.1045 0.0000 -0.9945
vn -0.6087 -0.0000 0.7934
vn -0.8586 -0.0000 -0.5127
vn 0.2223 0.0000 -0.9750
vn -0.0261 -0.0000 -0.9997
vn 0.1448 0.0000 0.9895
vn 0.0073 0.9998 0.0184
vn 0.0050 0.9998 0.0193
vn 0.0240 0.9954 0.0933
vn 0.0120 0.9954 0.0948
vn 0.0175 0.9901 0.1389
vn 0.0351 0.9900 0.1367
vn 0.0352 0.9954 0.0889
vn -0.0252 -0.9796 -0.1995
vn -0.0220 -0.9844 -0.1745
vn -0.0441 -0.9842 -0.1717
vn -0.0647 -0.9844 -0.1635
vn -0.0504 -0.9793 -0.1962
vn 0.1267 0.9901 0.0596
vn 0.0865 0.9954 0.0407
vn 0.0813 0.9954 0.0516
vn 0.0168 0.9998 0.0107
vn 0.0152 0.9998 0.0126
vn 0.0736 0.9954 0.0609
vn 0.1191 0.9900 0.0756
vn 0.1375 0.9901 0.0262
vn 0.0939 0.9954 0.0179
vn 0.1342 0.9900 0.0436
vn 0.2457 0.9661 0.0798
vn 0.2519 0.9666 0.0480
vn 0.3134 0.9441 0.1018
vn 0.3215 0.9449 0.0613
vn 0.2320 0.9666 0.1092
vn 0.2961 0.9449 0.1393
vn 0.0254 0.9996 -0.0120
vn 0.0508 0.9984 -0.0239
vn -0.0168 0.9998 0.0107
vn -0.0152 0.9998 0.0126
vn 0.0216 0.9996 -0.0179
vn -0.2713 -0.9611 -0.0518
vn -0.2646 -0.9605 -0.0860
vn -0.1927 -0.9793 -0.0626
vn -0.1975 -0.9796 -0.0377
vn -0.1727 -0.9844 -0.0330
vn 0.0197 0.9998 -0.0012
vn 0.0199 0.9998 0.0013
vn 0.0961 0.9954 0.0060
vn 0.1408 0.9900 0.0089
vn 0.0954 0.9954 -0.0060
vn 0.0958 0.9901 -0.1021
vn 0.0654 0.9954 -0.0697
vn 0.0742 0.9954 -0.0614
vn 0.0154 0.9998 -0.0127
vn 0.0167 0.9998 -0.0106
vn 0.0807 0.9954 -0.0512
vn 0.1087 0.9900 -0.0899
vn 0.0675 0.9901 -0.1227
vn 0.0460 0.9954 -0.0837
vn 0.0829 0.9900 -0.1142
vn 0.1518 0.9661 -0.2090
vn 0.1235 0.9666 -0.2247
vn 0.1937 0.9441 -0.2666
vn 0.1577 0.9449 -0.2868
vn 0.1755 0.9666 -0.1869
vn 0.2240 0.9449 -0.2386
vn -0.1331 -0.9611 0.2420
vn -0.1635 -0.9605 0.2251
vn -0.1191 -0.9793 0.1639
vn -0.0969 -0.9796 0.1762
vn -0.1376 -0.9796 0.1466
vn -0.1204 -0.9844 0.1282
vn 0.0049 0.9998 -0.0191
vn 0.0073 0.9998 -0.0185
vn 0.0355 0.9954 -0.0896
vn 0.0519 0.9900 -0.1312
vn 0.0238 0.9954 -0.0926
vn -0.0675 0.9901 -0.1227
vn -0.0460 0.9954 -0.0837
vn -0.0355 0.9954 -0.0896
vn -0.0073 0.9998 -0.0185
vn -0.0049 0.9998 -0.0191
vn -0.0238 0.9954 -0.0926
vn -0.0519 0.9900 -0.1312
vn -0.0829 0.9900 -0.1142
vn -0.1235 0.9666 -0.2247
vn -0.1518 0.9661 -0.2090
vn -0.1937 0.9441 -0.2666
vn -0.2240 0.9449 -0.2386
vn -0.1755 0.9666 -0.1869
vn -0.1577 0.9449 -0.2868
vn 0.0969 -0.9796 0.1762
vn 0.1191 -0.9793 0.1639
vn 0.1635 -0.9605 0.2251
vn 0.1331 -0.9611 0.2420
vn 0.0847 -0.9844 0.1541
vn -0.0167 0.9998 -0.0106
vn -0.0154 0.9998 -0.0127
vn -0.0742 0.9954 -0.0614
vn -0.0654 0.9954 -0.0697
vn -0.0958 0.9901 -0.1021
vn -0.1087 0.9900 -0.0899
vn -0.0807 0.9954 -0.0512
vn -0.1375 0.9901 0.0262
vn -0.0939 0.9954 0.0179
vn -0.0961 0.9954 0.0060
vn -0.0199 0.9998 0.0013
vn -0.0197 0.9998 -0.0012
vn -0.0954 0.9954 -0.0060
vn -0.1408 0.9900 0.0089
vn -0.2519 0.9666 0.0480
vn -0.2457 0.9661 0.0798
vn -0.1342 0.9900 0.0436
vn 0.2499 -0.9611 -0.1176
vn 0.2646 -0.9605 -0.0860
vn 0.1927 -0.9793 -0.0626
vn 0.1819 -0.9796 -0.0856
vn 0.1975 -0.9796 -0.0377
vn 0.1727 -0.9844 -0.0330
vn -0.0813 0.9954 0.0516
vn -0.0865 0.9954 0.0407
vn -0.1267 0.9901 0.0596
vn -0.1191 0.9900 0.0756
vn -0.0736 0.9954 0.0609
vn 0.0252 -0.9796 -0.1995
vn 0.0220 -0.9844 -0.1745
vn 0.0000 -0.9793 -0.2026
vn 0.0000 -0.9605 -0.2782
vn 0.0346 -0.9611 -0.2740
vn -0.0321 0.9666 0.2544
vn -0.0000 0.9661 0.2583
vn -0.0000 0.9900 0.1411
vn -0.0175 0.9901 0.1389
vn -0.0120 0.9954 0.0948
vn 0.0504 -0.9793 -0.1962
vn 0.0647 -0.9844 -0.1635
vn 0.0441 -0.9842 -0.1717
vn 0.0692 -0.9605 -0.2695
vn 0.0567 -0.9737 -0.2207
vn 0.0408 -0.9455 -0.3229
vn -0.0642 0.9661 0.2502
vn -0.0410 0.9449 0.3247
vn -0.0351 0.9900 0.1367
vn -0.0462 0.9826 0.1798
vn -0.0073 0.9998 0.0184
vn -0.0352 0.9954 0.0889
vn -0.0240 0.9954 0.0933
vn -0.0050 0.9998 0.0193
vn 0.0070 0.9984 -0.0557
vn 0.0035 0.9996 -0.0279
vn 0.0103 0.9996 -0.0261
vn -0.0065 -0.9986 0.0516
vn -0.0030 -0.9997 0.0240
vn 0.0030 -0.9997 0.0240
vn 0.0065 -0.9986 0.0516
vn -0.0191 -0.9986 0.0483
vn -0.0089 -0.9997 0.0225
vn -0.0100 -0.9968 0.0792
vn -0.0200 -0.9968 0.0779
vn -0.0294 -0.9968 0.0742
vn 0.0854 -0.9842 -0.1553
vn -0.0096 0.9998 0.0175
vn -0.0464 0.9954 0.0844
vn 0.0165 0.9996 -0.0227
vn 0.0330 0.9984 -0.0454
vn 0.0273 0.9984 -0.0496
vn -0.0306 -0.9986 0.0421
vn -0.0142 -0.9997 0.0195
vn -0.0387 -0.9968 0.0705
vn -0.0469 -0.9968 0.0646
vn 0.1355 -0.9844 -0.1121
vn 0.1213 -0.9842 -0.1292
vn -0.0659 0.9954 0.0702
vn -0.0136 0.9998 0.0145
vn 0.0387 0.9984 -0.0412
vn -0.0401 -0.9986 0.0331
vn -0.0186 -0.9997 0.0154
vn -0.0551 -0.9968 0.0586
vn -0.0615 -0.9968 0.0509
vn 0.1591 -0.9844 -0.0749
vn 0.1496 -0.9842 -0.0950
vn 0.1711 -0.9793 -0.1086
vn 0.1924 -0.9737 -0.1221
vn 0.2349 -0.9605 -0.1491
vn 0.2945 -0.9455 -0.1386
vn -0.2320 0.9666 0.1092
vn -0.2961 0.9449 0.1393
vn -0.2181 0.9661 0.1384
vn -0.1567 0.9826 0.0995
vn -0.0471 -0.9986 0.0221
vn -0.0219 -0.9997 0.0103
vn -0.0679 -0.9968 0.0431
vn -0.0722 -0.9968 0.0340
vn 0.2713 -0.9611 -0.0518
vn 0.3118 -0.9447 -0.1013
vn 0.3197 -0.9455 -0.0610
vn -0.3215 0.9449 0.0613
vn -0.3134 0.9441 0.1018
vn 0.0276 0.9996 -0.0053
vn 0.0551 0.9984 -0.0105
vn 0.0538 0.9984 -0.0175
vn -0.0511 -0.9986 0.0097
vn -0.0237 -0.9997 0.0045
vn -0.0765 -0.9968 0.0249
vn -0.0784 -0.9968 0.0150
vn 0.2022 -0.9793 -0.0127
vn 0.1755 -0.9844 0.0110
vn 0.1769 -0.9842 -0.0111
vn 0.2777 -0.9605 -0.0175
vn 0.2274 -0.9737 -0.0143
vn -0.2578 0.9661 0.0162
vn -0.1852 0.9826 0.0117
vn 0.0280 0.9996 0.0018
vn -0.0519 -0.9986 -0.0033
vn -0.0241 -0.9997 -0.0015
vn -0.0243 -0.9997 0.0015
vn -0.0803 -0.9968 0.0051
vn -0.0796 -0.9968 -0.0050
vn 0.1741 -0.9842 0.0332
vn -0.0196 0.9998 -0.0037
vn -0.0946 0.9954 -0.0180
vn 0.0267 0.9996 0.0087
vn 0.0534 0.9984 0.0173
vn 0.0556 0.9984 0.0106
vn -0.0495 -0.9986 -0.0161
vn -0.0230 -0.9997 -0.0075
vn -0.0790 -0.9968 -0.0151
vn -0.0759 -0.9968 -0.0247
vn 0.1485 -0.9844 0.0942
vn 0.1604 -0.9842 0.0755
vn -0.0871 0.9954 -0.0410
vn -0.0180 0.9998 -0.0085
vn 0.0439 -0.9986 -0.0279
vn 0.0204 -0.9997 -0.0129
vn 0.0165 -0.9997 -0.0176
vn 0.0356 -0.9986 -0.0379
vn 0.0546 -0.9968 -0.0582
vn 0.0620 -0.9968 -0.0513
vn 0.0674 -0.9968 -0.0428
vn 0.0321 0.9666 0.2544
vn 0.0089 -0.9997 0.0225
vn 0.0191 -0.9986 0.0483
vn -0.1485 -0.9844 0.0942
vn -0.1604 -0.9842 0.0755
vn 0.0946 0.9954 -0.0180
vn 0.0196 0.9998 -0.0037
vn 0.0495 -0.9986 -0.0161
vn 0.0230 -0.9997 -0.0075
vn 0.0100 -0.9968 0.0792
vn 0.0000 -0.9968 0.0804
vn -0.0346 -0.9611 -0.2740
vn -0.0408 -0.9455 -0.3229
vn 0.0000 -0.9447 -0.3278
vn 0.1990 0.9661 -0.1647
vn -0.0384 0.9984 0.0409
vn -0.0192 0.9996 0.0205
vn -0.0237 0.9996 0.0150
vn 0.1430 0.9826 -0.1183
vn -0.1891 -0.9611 0.2013
vn -0.2228 -0.9455 0.2373
vn -0.2144 -0.9605 0.1773
vn -0.0000 1.0000 -0.0000
vn -0.1756 -0.9737 0.1452
vn -0.1561 -0.9793 0.1291
vn -0.1365 -0.9842 0.1130
vn 0.0251 -0.9986 -0.0456
vn 0.0384 -0.9968 -0.0699
vn 0.0473 -0.9968 -0.0651
vn 0.0116 -0.9997 -0.0212
vn -0.0333 0.9984 0.0458
vn -0.0270 0.9984 0.0492
vn -0.0135 0.9996 0.0246
vn -0.1568 -0.9455 0.2852
vn -0.1927 -0.9447 0.2652
vn -0.0847 -0.9844 0.1541
vn 0.0198 -0.9968 -0.0773
vn 0.0296 -0.9968 -0.0748
vn 0.0129 -0.9986 -0.0504
vn 0.0060 -0.9997 -0.0234
vn -0.0070 0.9996 0.0272
vn 0.0951 0.9661 -0.2402
vn 0.0683 0.9826 -0.1726
vn -0.1024 -0.9605 0.2587
vn -0.0746 -0.9793 0.1884
vn -0.0839 -0.9737 0.2119
vn -0.0652 -0.9842 0.1648
vn -0.0437 -0.9844 0.1703
vn 0.0000 -0.9986 -0.0520
vn 0.0000 -0.9968 -0.0798
vn 0.0101 -0.9968 -0.0798
vn 0.0000 -0.9997 -0.0242
vn 0.0025 0.9998 -0.0198
vn -0.0071 0.9984 0.0561
vn -0.0000 0.9984 0.0561
vn -0.0000 0.9996 0.0281
vn 0.0121 0.9954 -0.0956
vn -0.0222 -0.9842 0.1758
vn -0.0198 -0.9968 -0.0773
vn -0.0101 -0.9968 -0.0798
vn -0.0129 -0.9986 -0.0504
vn -0.0060 -0.9997 -0.0234
vn 0.0071 0.9984 0.0561
vn -0.0025 0.9998 -0.0198
vn 0.0070 0.9996 0.0272
vn -0.0121 0.9954 -0.0956
vn 0.0437 -0.9844 0.1703
vn 0.0222 -0.9842 0.1758
vn -0.0251 -0.9986 -0.0456
vn -0.0384 -0.9968 -0.0699
vn -0.0296 -0.9968 -0.0748
vn -0.0116 -0.9997 -0.0212
vn 0.0270 0.9984 0.0492
vn 0.0135 0.9996 0.0246
vn -0.0683 0.9826 -0.1726
vn -0.0951 0.9661 -0.2402
vn 0.1568 -0.9455 0.2852
vn 0.1024 -0.9605 0.2587
vn 0.0839 -0.9737 0.2119
vn 0.0746 -0.9793 0.1884
vn 0.0652 -0.9842 0.1648
vn -0.0356 -0.9986 -0.0379
vn -0.0546 -0.9968 -0.0582
vn -0.0473 -0.9968 -0.0651
vn -0.0165 -0.9997 -0.0176
vn 0.0333 0.9984 0.0458
vn 0.0384 0.9984 0.0409
vn 0.0192 0.9996 0.0205
vn 0.1891 -0.9611 0.2013
vn 0.2228 -0.9455 0.2373
vn 0.1927 -0.9447 0.2652
vn 0.1376 -0.9796 0.1466
vn 0.1204 -0.9844 0.1282
vn -0.0674 -0.9968 -0.0428
vn -0.0620 -0.9968 -0.0513
vn -0.0439 -0.9986 -0.0279
vn -0.0204 -0.9997 -0.0129
vn 0.0237 0.9996 0.0150
vn -0.1990 0.9661 -0.1647
vn -0.1430 0.9826 -0.1183
vn 0.2144 -0.9605 0.1773
vn 0.1561 -0.9793 0.1291
vn 0.1756 -0.9737 0.1452
vn 0.1365 -0.9842 0.1130
vn -0.0728 -0.9968 -0.0342
vn 0.0512 0.9984 0.0241
vn 0.0180 0.9998 -0.0085
vn 0.0871 0.9954 -0.0410
vn -0.0267 0.9996 0.0087
vn -0.0534 0.9984 0.0173
vn -0.0512 0.9984 0.0241
vn -0.0556 0.9984 0.0106
vn -0.0280 0.9996 0.0018
vn 0.0728 -0.9968 -0.0342
vn 0.0759 -0.9968 -0.0247
vn -0.1755 -0.9844 0.0110
vn -0.1741 -0.9842 0.0332
vn 0.0790 -0.9968 -0.0151
vn 0.0796 -0.9968 -0.0050
vn 0.0519 -0.9986 -0.0033
vn 0.0241 -0.9997 -0.0015
vn -0.2022 -0.9793 -0.0127
vn -0.2274 -0.9737 -0.0143
vn -0.2777 -0.9605 -0.0175
vn -0.3197 -0.9455 -0.0610
vn -0.1769 -0.9842 -0.0111
vn 0.2578 0.9661 0.0162
vn 0.1852 0.9826 0.0117
vn -0.0276 0.9996 -0.0053
vn -0.0551 0.9984 -0.0105
vn -0.1819 -0.9796 -0.0856
vn -0.1591 -0.9844 -0.0749
vn -0.2499 -0.9611 -0.1176
vn 0.0803 -0.9968 0.0051
vn 0.0784 -0.9968 0.0150
vn 0.0511 -0.9986 0.0097
vn 0.0237 -0.9997 0.0045
vn 0.0243 -0.9997 0.0015
vn -0.3118 -0.9447 -0.1013
vn -0.2945 -0.9455 -0.1386
vn -0.0254 0.9996 -0.0120
vn -0.0508 0.9984 -0.0239
vn -0.0538 0.9984 -0.0175
vn 0.0471 -0.9986 0.0221
vn 0.0219 -0.9997 0.0103
vn 0.0765 -0.9968 0.0249
vn 0.0722 -0.9968 0.0340
vn -0.1355 -0.9844 -0.1121
vn -0.1496 -0.9842 -0.0950
vn -0.1711 -0.9793 -0.1086
vn -0.2349 -0.9605 -0.1491
vn -0.1924 -0.9737 -0.1221
vn 0.2181 0.9661 0.1384
vn 0.1567 0.9826 0.0995
vn -0.0216 0.9996 -0.0179
vn 0.0401 -0.9986 0.0331
vn 0.0186 -0.9997 0.0154
vn 0.0679 -0.9968 0.0431
vn 0.0615 -0.9968 0.0509
vn -0.1213 -0.9842 -0.1292
vn 0.0136 0.9998 0.0145
vn 0.0659 0.9954 0.0702
vn -0.0165 0.9996 -0.0227
vn -0.0330 0.9984 -0.0454
vn -0.0387 0.9984 -0.0412
vn 0.0306 -0.9986 0.0421
vn 0.0142 -0.9997 0.0195
vn 0.0551 -0.9968 0.0586
vn 0.0469 -0.9968 0.0646
vn -0.0854 -0.9842 -0.1553
vn 0.0464 0.9954 0.0844
vn 0.0096 0.9998 0.0175
vn -0.0273 0.9984 -0.0496
vn -0.0103 0.9996 -0.0261
vn 0.0387 -0.9968 0.0705
vn 0.0294 -0.9968 0.0742
vn -0.0567 -0.9737 -0.2207
vn -0.0692 -0.9605 -0.2695
vn 0.0410 0.9449 0.3247
vn 0.0642 0.9661 0.2502
vn 0.0462 0.9826 0.1798
vn -0.0035 0.9996 -0.0279
vn -0.0070 0.9984 -0.0557
vn -0.0000 0.9984 -0.0566
vn 0.0200 -0.9968 0.0779
vn -0.0000 0.9441 0.3296
vn -0.0000 1.0000 0.0000
vn 0.9823 0.0000 0.1874
vn 0.9980 0.0000 -0.0628
vn 0.8443 0.0000 -0.5358
vn 0.6845 0.0000 -0.7290
vn 0.4818 0.0000 -0.8763
vn 0.2487 0.0000 -0.9686
vn -0.2487 -0.0000 -0.9686
vn -0.4818 -0.0000 -0.8763
vn -0.6845 -0.0000 -0.7290
vn -0.8443 -0.0000 -0.5358
vn -0.9980 -0.0000 -0.0628
vn -0.9823 -0.0000 0.1874
vn -0.9048 -0.0000 0.4258
vn -0.7705 -0.0000 0.6374
vn -0.3681 -0.0000 0.9298
vn -0.1253 -0.0000 0.9921
vn 0.1253 0.0000 0.9921
vn 0.3681 0.0000 0.9298
vn 0.7705 0.0000 0.6374
vn 0.9048 0.0000 0.4258
vn 0.0174 0.9998 -0.0082
vn 0.0188 0.9998 -0.0036
vn 0.2908 0.9552 -0.0555
vn 0.2679 0.9552 -0.1260
vn 0.0162 -0.9998 0.0103
vn 0.0183 -0.9998 0.0059
vn 0.2816 -0.9552 0.0915
vn 0.2500 -0.9552 0.1586
vn -0.2955 -0.9552 0.0186
vn -0.0192 -0.9998 0.0012
vn -0.0183 -0.9998 0.0059
vn -0.2816 -0.9552 0.0915
vn 0.0113 -0.9998 -0.0155
vn 0.1740 -0.9552 -0.2395
vn 0.2281 -0.9552 -0.1887
vn 0.0148 -0.9998 -0.0122
vn 0.0174 -0.9998 -0.0082
vn 0.2679 -0.9552 -0.1260
vn 0.2908 -0.9552 -0.0555
vn 0.0188 -0.9998 -0.0036
vn 0.0048 -0.9998 0.0186
vn 0.0093 -0.9998 0.0169
vn 0.1426 -0.9552 0.2594
vn 0.0736 -0.9552 0.2868
vn -0.0000 0.9998 0.0192
vn -0.0000 0.9552 0.2961
vn 0.0736 0.9552 0.2868
vn 0.0048 0.9998 0.0186
vn -0.1090 0.9552 -0.2752
vn -0.0071 0.9998 -0.0178
vn -0.0024 0.9998 -0.0190
vn -0.0371 0.9552 -0.2937
vn 0.0132 -0.9998 0.0140
vn 0.2027 -0.9552 0.2158
vn -0.2281 0.9552 -0.1887
vn -0.0148 0.9998 -0.0122
vn -0.0113 0.9998 -0.0155
vn -0.1740 0.9552 -0.2395
vn -0.2955 0.9552 0.0186
vn -0.2816 0.9552 0.0915
vn -0.0183 0.9998 0.0059
vn -0.0192 0.9998 0.0012
vn 0.0024 0.9998 -0.0190
vn 0.0371 0.9552 -0.2937
vn 0.0192 -0.9998 0.0012
vn 0.2955 -0.9552 0.0186
vn 0.0024 -0.9998 -0.0190
vn 0.0371 -0.9552 -0.2937
vn 0.1090 -0.9552 -0.2752
vn 0.0071 -0.9998 -0.0178
vn -0.2027 0.9552 0.2158
vn -0.1426 0.9552 0.2594
vn -0.0093 0.9998 0.0169
vn -0.0132 0.9998 0.0140
vn -0.1740 -0.9552 -0.2395
vn -0.1090 -0.9552 -0.2752
vn -0.0071 -0.9998 -0.0178
vn -0.0113 -0.9998 -0.0155
vn -0.0371 -0.9552 -0.2937
vn -0.0024 -0.9998 -0.0190
vn -0.2908 0.9552 -0.0555
vn -0.0188 0.9998 -0.0036
vn -0.0174 0.9998 -0.0082
vn -0.2679 0.9552 -0.1260
vn -0.2500 0.9552 0.1586
vn -0.0162 0.9998 0.0103
vn 0.0113 0.9998 -0.0155
vn 0.0148 0.9998 -0.0122
vn 0.2281 0.9552 -0.1887
vn 0.1740 0.9552 -0.2395
vn 0.0000 -0.9998 0.0192
vn 0.0000 -0.9552 0.2961
vn 0.0071 0.9998 -0.0178
vn 0.1090 0.9552 -0.2752
vn -0.2281 -0.9552 -0.1887
vn -0.0148 -0.9998 -0.0122
vn -0.0736 0.9552 0.2868
vn -0.0048 0.9998 0.0186
vn 0.0093 0.9998 0.0169
vn 0.1426 0.9552 0.2594
vn 0.2027 0.9552 0.2158
vn 0.0132 0.9998 0.0140
vn 0.0192 0.9998 0.0012
vn 0.2955 0.9552 0.0186
vn 0.0183 0.9998 0.0059
vn 0.2816 0.9552 0.0915
vn -0.1426 -0.9552 0.2594
vn -0.0093 -0.9998 0.0169
vn -0.0048 -0.9998 0.0186
vn -0.0736 -0.9552 0.2868
vn 0.0162 0.9998 0.0103
vn 0.2500 0.9552 0.1586
vn -0.2027 -0.9552 0.2158
vn -0.0132 -0.9998 0.0140
vn -0.0162 -0.9998 0.0103
vn -0.2500 -0.9552 0.1586
vn -0.2908 -0.9552 -0.0555
vn -0.0188 -0.9998 -0.0036
vn -0.2679 -0.9552 -0.1260
vn -0.0174 -0.9998 -0.0082
vn 0.4239 0.8350 -0.3507
vn 0.3234 0.8350 -0.4451
vn -0.0000 0.9942 -0.1071
vn -0.0266 0.9942 -0.1038
vn -0.0486 0.9807 -0.1893
vn -0.0000 0.9807 -0.1954
vn 0.0134 0.9942 0.1063
vn 0.0394 0.9942 0.0996
vn 0.0719 0.9807 0.1817
vn 0.0245 0.9807 0.1939
vn 0.1650 0.9807 -0.1047
vn 0.1338 0.9807 -0.1425
vn 0.3049 0.8953 -0.3247
vn 0.3761 0.8953 -0.2387
vn -0.0516 0.9942 -0.0939
vn -0.0942 0.9807 -0.1713
vn 0.6110 0.4510 -0.6506
vn 0.7536 0.4510 -0.4782
vn 0.2146 0.8953 -0.3904
vn 0.4300 0.4510 -0.7821
vn 0.1640 0.8953 0.4142
vn 0.2618 0.8953 0.3604
vn 0.5246 0.4510 0.7221
vn 0.3286 0.4510 0.8299
vn 0.3432 0.8953 0.2840
vn 0.6877 0.4510 0.5689
vn 0.4031 0.8953 0.1897
vn 0.8076 0.4510 0.3800
vn 0.4376 0.8953 0.0835
vn 0.8767 0.4510 0.1672
vn 0.4446 0.8953 -0.0280
vn 0.8908 0.4510 -0.0560
vn -0.0000 0.8350 0.5502
vn 0.1368 0.8350 0.5329
vn -0.1650 0.9807 -0.1047
vn -0.1859 0.9807 -0.0604
vn -0.4237 0.8953 -0.1377
vn -0.3761 0.8953 -0.2387
vn -0.1108 0.8953 -0.4315
vn -0.0000 0.8953 -0.4455
vn -0.1640 0.8953 0.4142
vn -0.0558 0.8953 0.4420
vn -0.1119 0.4510 0.8855
vn -0.3286 0.4510 0.8299
vn -0.2146 0.8953 -0.3904
vn 0.1019 -0.9942 -0.0331
vn 0.1069 -0.9942 -0.0067
vn 0.1951 -0.9807 -0.0123
vn 0.1859 -0.9807 -0.0604
vn -0.4239 0.8350 -0.3507
vn -0.4978 0.8350 -0.2343
vn 0.1052 -0.9942 0.0201
vn 0.1920 -0.9807 0.0366
vn -0.8767 -0.4510 0.1672
vn -0.8908 -0.4510 -0.0560
vn -0.8908 0.4510 -0.0560
vn -0.8767 0.4510 0.1672
vn 0.1108 0.8953 -0.4315
vn -0.0000 0.4510 -0.8925
vn 0.2220 0.4510 -0.8645
vn -0.3049 0.8953 -0.3247
vn -0.6110 0.4510 -0.6506
vn -0.4300 0.4510 -0.7821
vn -0.1149 0.9807 0.1581
vn -0.0719 0.9807 0.1817
vn -0.2618 0.8953 0.3604
vn -0.1338 0.9807 -0.1425
vn -0.2025 0.8350 -0.5116
vn -0.3234 0.8350 -0.4451
vn -0.0394 0.9942 0.0996
vn -0.0134 0.9942 0.1063
vn -0.0245 0.9807 0.1939
vn 0.0970 0.9942 0.0456
vn 0.1052 0.9942 0.0201
vn 0.1920 0.9807 0.0366
vn 0.1768 0.9807 0.0832
vn 0.0826 0.9942 0.0683
vn 0.1506 0.9807 0.1246
vn 0.0905 0.9942 -0.0574
vn 0.0733 0.9942 -0.0781
vn 0.1019 0.9942 -0.0331
vn 0.1859 0.9807 -0.0604
vn -0.1069 0.9942 -0.0067
vn -0.1052 0.9942 0.0201
vn -0.1920 0.9807 0.0366
vn -0.1951 0.9807 -0.0123
vn -0.2220 0.4510 -0.8645
vn 0.0486 0.9807 -0.1893
vn -0.3432 0.8953 0.2840
vn -0.5246 0.4510 0.7221
vn -0.6877 0.4510 0.5689
vn 0.0516 0.9942 -0.0939
vn 0.0266 0.9942 -0.1038
vn 0.0942 0.9807 -0.1713
vn 0.4237 0.8953 -0.1377
vn 0.8489 0.4510 -0.2758
vn -0.1368 0.8350 0.5329
vn 0.4978 0.8350 -0.2343
vn -0.4031 0.8953 0.1897
vn -0.8076 0.4510 0.3800
vn -0.2651 0.8350 0.4821
vn -0.4646 -0.8350 0.2948
vn -0.5233 -0.8350 0.1700
vn -0.8489 -0.4510 -0.2758
vn -0.7536 -0.4510 -0.4782
vn -0.7536 0.4510 -0.4782
vn -0.8489 0.4510 -0.2758
vn 0.3286 -0.4510 0.8299
vn 0.1119 -0.4510 0.8855
vn 0.1119 0.4510 0.8855
vn -0.4237 -0.8953 -0.1377
vn -0.3761 -0.8953 -0.2387
vn 0.0558 -0.8953 0.4420
vn -0.0558 -0.8953 0.4420
vn -0.1119 -0.4510 0.8855
vn -0.2220 -0.4510 -0.8645
vn 0.0000 -0.4510 -0.8925
vn 0.6110 -0.4510 -0.6506
vn 0.7536 -0.4510 -0.4782
vn -0.1019 -0.9942 -0.0331
vn -0.0905 -0.9942 -0.0574
vn -0.1650 -0.9807 -0.1047
vn -0.1859 -0.9807 -0.0604
vn 0.5233 -0.8350 0.1700
vn 0.4646 -0.8350 0.2948
vn -0.6877 -0.4510 0.5689
vn -0.8076 -0.4510 0.3800
vn 0.5491 -0.8350 0.0345
vn -0.5405 -0.8350 -0.1031
vn -0.4978 -0.8350 -0.2343
vn -0.5491 -0.8350 0.0345
vn -0.2651 -0.8350 0.4821
vn -0.3766 -0.8350 0.4011
vn 0.1951 0.9807 -0.0123
vn -0.0630 0.9942 0.0867
vn 0.5491 0.8350 0.0345
vn 0.5405 0.8350 -0.1031
vn -0.4376 0.8953 0.0835
vn -0.4446 0.8953 -0.0280
vn 0.3766 0.8350 0.4011
vn 0.4646 0.8350 0.2948
vn -0.1506 0.9807 0.1246
vn 0.0690 0.8350 -0.5459
vn -0.0690 0.8350 -0.5459
vn 0.4978 -0.8350 -0.2343
vn 0.5405 -0.8350 -0.1031
vn -0.2025 -0.8350 -0.5116
vn -0.0690 -0.8350 -0.5459
vn -0.6110 -0.4510 -0.6506
vn -0.4300 -0.4510 -0.7821
vn 0.8767 -0.4510 0.1672
vn 0.8076 -0.4510 0.3800
vn 0.8489 -0.4510 -0.2758
vn 0.8908 -0.4510 -0.0560
vn 0.2220 -0.4510 -0.8645
vn 0.4300 -0.4510 -0.7821
vn 0.0970 -0.9942 0.0456
vn 0.1768 -0.9807 0.0832
vn 0.0826 -0.9942 0.0683
vn 0.1506 -0.9807 0.1246
vn -0.4239 -0.8350 -0.3507
vn -0.3234 -0.8350 -0.4451
vn 0.2651 0.8350 0.4821
vn -0.5246 -0.4510 0.7221
vn 0.0558 0.8953 0.4420
vn -0.0733 0.9942 -0.0781
vn 0.0733 -0.9942 -0.0781
vn 0.0905 -0.9942 -0.0574
vn 0.1650 -0.9807 -0.1047
vn 0.1338 -0.9807 -0.1425
vn -0.1052 -0.9942 0.0201
vn -0.1069 -0.9942 -0.0067
vn -0.1951 -0.9807 -0.0123
vn -0.1920 -0.9807 0.0366
vn -0.1108 -0.8953 -0.4315
vn 0.0000 -0.8953 -0.4455
vn 0.0000 -0.9807 -0.1954
vn 0.0486 -0.9807 -0.1893
vn 0.1108 -0.8953 -0.4315
vn 0.3432 -0.8953 0.2840
vn 0.4031 -0.8953 0.1897
vn 0.0134 -0.9942 0.1063
vn -0.0134 -0.9942 0.1063
vn -0.0245 -0.9807 0.1939
vn 0.0245 -0.9807 0.1939
vn -0.2618 -0.8953 0.3604
vn -0.3432 -0.8953 0.2840
vn 0.0266 -0.9942 -0.1038
vn 0.0516 -0.9942 -0.0939
vn 0.0942 -0.9807 -0.1713
vn 0.0000 -0.9942 -0.1071
vn -0.1640 -0.8953 0.4142
vn -0.3286 -0.4510 0.8299
vn 0.4237 -0.8953 -0.1377
vn 0.4446 -0.8953 -0.0280
vn 0.3761 -0.8953 -0.2387
vn 0.0000 -0.8350 0.5502
vn -0.1368 -0.8350 0.5329
vn 0.4239 -0.8350 -0.3507
vn -0.4031 -0.8953 0.1897
vn -0.1768 -0.9807 0.0832
vn -0.4376 -0.8953 0.0835
vn -0.1506 -0.9807 0.1246
vn 0.5246 -0.4510 0.7221
vn -0.0733 -0.9942 -0.0781
vn -0.1338 -0.9807 -0.1425
vn 0.2025 -0.8350 -0.5116
vn 0.3234 -0.8350 -0.4451
vn -0.0266 -0.9942 -0.1038
vn -0.0486 -0.9807 -0.1893
vn 0.0394 -0.9942 0.0996
vn 0.0719 -0.9807 0.1817
vn 0.3049 -0.8953 -0.3247
vn -0.0516 -0.9942 -0.0939
vn -0.0942 -0.9807 -0.1713
vn 0.2146 -0.8953 -0.3904
vn 0.2618 -0.8953 0.3604
vn 0.1640 -0.8953 0.4142
vn 0.6877 -0.4510 0.5689
vn 0.4376 -0.8953 0.0835
vn 0.1368 -0.8350 0.5329
vn -0.2146 -0.8953 -0.3904
vn 0.3766 -0.8350 0.4011
vn 0.2651 -0.8350 0.4821
vn -0.4446 -0.8953 -0.0280
vn -0.1149 -0.9807 0.1581
vn 0.0690 -0.8350 -0.5459
vn -0.0719 -0.9807 0.1817
vn -0.3049 -0.8953 -0.3247
vn 0.0630 0.9942 0.0867
vn 0.1149 0.9807 0.1581
vn -0.0394 -0.9942 0.0996
vn -0.0630 -0.9942 0.0867
vn -0.0826 -0.9942 0.0683
vn -0.0970 -0.9942 0.0456
vn 0.0630 -0.9942 0.0867
vn 0.1149 -0.9807 0.1581
vn -0.0826 0.9942 0.0683
vn -0.0970 0.9942 0.0456
vn -0.1768 0.9807 0.0832
vn -0.4646 0.8350 0.2948
vn -0.3766 0.8350 0.4011
vn -0.5233 0.8350 0.1700
vn -0.0905 0.9942 -0.0574
vn -0.1019 0.9942 -0.0331
vn 0.5233 0.8350 0.1700
vn -0.5405 0.8350 -0.1031
vn -0.5491 0.8350 0.0345
vn 0.1069 0.9942 -0.0067
vn 0.2025 0.8350 -0.5116
vn 0.0000 -1.0000 -0.0000
# 973 vertex normals

vt 84.6499 142.6856 0.0000
vt 84.6499 141.3617 0.0000
vt 85.5877 141.3617 0.0000
vt 85.5877 142.6856 0.0000
vt 85.5877 -37.0823 0.0000
vt 85.5877 -35.7584 0.0000
vt 84.6499 -35.7584 0.0000
vt 84.6499 -37.0823 0.0000
vt 84.6499 140.0379 0.0000
vt 85.5877 140.0379 0.0000
vt 164.7855 85.5877 0.0000
vt 163.4617 85.5877 0.0000
vt 163.4617 84.6499 0.0000
vt 164.7855 84.6499 0.0000
vt -85.5877 65.2664 0.0000
vt -84.6499 65.2664 0.0000
vt -84.6499 66.5903 0.0000
vt -85.5877 66.5903 0.0000
vt -85.5877 63.9426 0.0000
vt -84.6499 63.9426 0.0000
vt -84.6499 -123.1248 0.0000
vt -84.6499 -121.8009 0.0000
vt -85.5877 -121.8009 0.0000
vt -85.5877 -123.1248 0.0000
vt -84.6499 -124.4486 0.0000
vt -85.5877 -124.4486 0.0000
vt 85.5877 -34.4345 0.0000
vt 84.6499 -34.4345 0.0000
vt 85.0076 149.8696 0.0000
vt 84.9308 149.5939 0.0000
vt 85.8669 149.5939 0.0000
vt 85.9432 149.8696 0.0000
vt -86.7775 -64.5258 0.0000
vt -85.6943 -64.5258 0.0000
vt -85.6474 -63.0162 0.0000
vt -86.6903 -63.0162 0.0000
vt -86.7775 124.3495 0.0000
vt -85.6943 124.3495 0.0000
vt -85.6474 125.8591 0.0000
vt -86.6903 125.8591 0.0000
vt -86.8430 72.0788 0.0000
vt -85.7011 72.0788 0.0000
vt -85.6996 72.6718 0.0000
vt -86.8408 72.6718 0.0000
vt -86.8430 58.3069 0.0000
vt -86.8408 57.7139 0.0000
vt -85.6996 57.7139 0.0000
vt -85.7011 58.3069 0.0000
vt -85.9432 -76.5237 0.0000
vt -85.0076 -76.5237 0.0000
vt -84.9308 -76.2479 0.0000
vt -85.8669 -76.2479 0.0000
vt -85.6943 152.6779 0.0000
vt -86.7775 152.6779 0.0000
vt -86.6903 151.1683 0.0000
vt -85.6474 151.1683 0.0000
vt 86.8151 -63.5606 0.0000
vt 86.7872 -63.1212 0.0000
vt 85.6620 -63.1212 0.0000
vt 85.6815 -63.5606 0.0000
vt 85.7061 155.4763 0.0000
vt 85.7913 153.9667 0.0000
vt 86.9713 153.9667 0.0000
vt 86.8501 155.4763 0.0000
vt -85.7061 -168.5830 0.0000
vt -85.6815 -168.1435 0.0000
vt -86.8151 -168.1435 0.0000
vt -86.8501 -168.5830 0.0000
vt -86.8501 -34.8167 0.0000
vt -86.8151 -35.2562 0.0000
vt -85.6815 -35.2562 0.0000
vt -85.7061 -34.8167 0.0000
vt 85.7061 -131.9227 0.0000
vt 86.8501 -131.9227 0.0000
vt 86.8151 -131.4832 0.0000
vt 85.6815 -131.4832 0.0000
vt -86.9713 -72.6562 0.0000
vt -86.8501 -74.1658 0.0000
vt -85.7061 -74.1658 0.0000
vt -85.7913 -72.6562 0.0000
vt 85.6815 158.6378 0.0000
vt 85.7061 158.1983 0.0000
vt 86.8501 158.1983 0.0000
vt 86.8151 158.6378 0.0000
vt -85.7913 -159.4805 0.0000
vt -85.7061 -157.9709 0.0000
vt -86.8501 -157.9709 0.0000
vt -86.9713 -159.4805 0.0000
vt 85.6996 -162.8676 0.0000
vt 86.8408 -162.8676 0.0000
vt 86.8430 -162.2746 0.0000
vt 85.7011 -162.2746 0.0000
vt 86.9713 -156.0822 0.0000
vt 86.8501 -154.5726 0.0000
vt 85.7061 -154.5726 0.0000
vt 85.7913 -156.0822 0.0000
vt -85.7011 164.2801 0.0000
vt -86.8430 164.2801 0.0000
vt -86.8408 163.6871 0.0000
vt -85.6996 163.6871 0.0000
vt -85.6620 -134.2700 0.0000
vt -85.6815 -133.8306 0.0000
vt -86.8151 -133.8306 0.0000
vt -86.7872 -134.2700 0.0000
vt 86.7775 96.5614 0.0000
vt 86.6903 98.0710 0.0000
vt 85.6474 98.0710 0.0000
vt 85.6943 96.5614 0.0000
vt -86.8151 46.1316 0.0000
vt -86.7872 45.6921 0.0000
vt -85.6620 45.6921 0.0000
vt -85.6815 46.1316 0.0000
vt 86.7775 31.3417 0.0000
vt 85.6943 31.3417 0.0000
vt 85.6474 29.8320 0.0000
vt 86.6903 29.8320 0.0000
vt -84.9308 -146.5941 0.0000
vt -84.9006 -146.3184 0.0000
vt -85.8369 -146.3184 0.0000
vt -85.8669 -146.5941 0.0000
vt -86.7872 -75.6926 0.0000
vt -86.7735 -76.1321 0.0000
vt -85.6523 -76.1321 0.0000
vt -85.6620 -75.6926 0.0000
vt 86.6903 -146.3681 0.0000
vt 86.7775 -144.8584 0.0000
vt 85.6943 -144.8584 0.0000
vt 85.6474 -146.3681 0.0000
vt 84.9006 164.0732 0.0000
vt 84.9308 163.7975 0.0000
vt 85.8669 163.7975 0.0000
vt 85.8369 164.0732 0.0000
vt 86.8501 75.3286 0.0000
vt 85.7061 75.3286 0.0000
vt 85.6815 74.8891 0.0000
vt 86.8151 74.8891 0.0000
vt -85.6474 -161.0981 0.0000
vt -85.6943 -159.5885 0.0000
vt -86.7775 -159.5885 0.0000
vt -86.6903 -161.0981 0.0000
vt -86.7872 6.7942 0.0000
vt -85.6620 6.7942 0.0000
vt -85.6523 7.2337 0.0000
vt -86.7735 7.2337 0.0000
vt 86.9713 112.5536 0.0000
vt 85.7913 112.5536 0.0000
vt 85.7061 111.0440 0.0000
vt 86.8501 111.0440 0.0000
vt -86.9713 118.9645 0.0000
vt -86.8501 117.4549 0.0000
vt -85.7061 117.4549 0.0000
vt -85.7913 118.9645 0.0000
vt 86.7775 -96.4299 0.0000
vt 86.6903 -94.9202 0.0000
vt 85.6474 -94.9202 0.0000
vt 85.6943 -96.4299 0.0000
vt -86.9713 4.0874 0.0000
vt -85.7913 4.0874 0.0000
vt -85.7061 5.5970 0.0000
vt -86.8501 5.5970 0.0000
vt -86.8151 82.9267 0.0000
vt -85.6815 82.9267 0.0000
vt -85.6620 83.3661 0.0000
vt -86.7872 83.3661 0.0000
vt 85.9432 120.6279 0.0000
vt 85.8669 120.9036 0.0000
vt 84.9308 120.9036 0.0000
vt 85.0076 120.6279 0.0000
vt -86.8501 144.4879 0.0000
vt -86.8151 144.0484 0.0000
vt -85.6815 144.0484 0.0000
vt -85.7061 144.4879 0.0000
vt 85.8669 -147.2746 0.0000
vt 85.8369 -146.9989 0.0000
vt 84.9006 -146.9989 0.0000
vt 84.9308 -147.2746 0.0000
vt -86.8501 -36.6690 0.0000
vt -85.7061 -36.6690 0.0000
vt -85.6815 -36.2295 0.0000
vt -86.8151 -36.2295 0.0000
vt -85.6815 138.5522 0.0000
vt -86.8151 138.5522 0.0000
vt -86.8501 138.1127 0.0000
vt -85.7061 138.1127 0.0000
vt 85.8669 -86.5227 0.0000
vt 84.9308 -86.5227 0.0000
vt 84.9006 -86.7985 0.0000
vt 85.8369 -86.7985 0.0000
vt -85.6815 168.1261 0.0000
vt -86.8151 168.1261 0.0000
vt -86.7872 167.6866 0.0000
vt -85.6620 167.6866 0.0000
vt -85.6815 -109.6371 0.0000
vt -85.6620 -109.1976 0.0000
vt -86.7872 -109.1976 0.0000
vt -86.8151 -109.6371 0.0000
vt 85.9432 2.7274 0.0000
vt 85.0076 2.7274 0.0000
vt 84.9308 2.4517 0.0000
vt 85.8669 2.4517 0.0000
vt -85.7061 153.6144 0.0000
vt -86.8501 153.6144 0.0000
vt -86.9713 152.1048 0.0000
vt -85.7913 152.1048 0.0000
vt -86.7872 115.5137 0.0000
vt -86.7735 115.0742 0.0000
vt -85.6523 115.0742 0.0000
vt -85.6620 115.5137 0.0000
vt 86.7872 20.7584 0.0000
vt 86.7735 21.1979 0.0000
vt 85.6523 21.1979 0.0000
vt 85.6620 20.7584 0.0000
vt -85.6523 157.2981 0.0000
vt -86.7735 157.2981 0.0000
vt -86.7872 156.8587 0.0000
vt -85.6620 156.8587 0.0000
vt -85.6620 -155.0405 0.0000
vt -85.6523 -154.6010 0.0000
vt -86.7735 -154.6010 0.0000
vt -86.7872 -155.0405 0.0000
vt -86.7775 -5.5501 0.0000
vt -86.6903 -7.0598 0.0000
vt -85.6474 -7.0598 0.0000
vt -85.6943 -5.5501 0.0000
vt 86.7872 104.9954 0.0000
vt 85.6620 104.9954 0.0000
vt 85.6523 104.5559 0.0000
vt 86.7735 104.5559 0.0000
vt 86.7872 -155.5434 0.0000
vt 86.8151 -155.1040 0.0000
vt 85.6815 -155.1040 0.0000
vt 85.6620 -155.5434 0.0000
vt 86.8151 -114.6593 0.0000
vt 86.8501 -114.2198 0.0000
vt 85.7061 -114.2198 0.0000
vt 85.6815 -114.6593 0.0000
vt 85.6620 123.4983 0.0000
vt 85.6815 123.0588 0.0000
vt 86.8151 123.0588 0.0000
vt 86.7872 123.4983 0.0000
vt 86.7775 160.7482 0.0000
vt 85.6943 160.7482 0.0000
vt 85.6474 159.2386 0.0000
vt 86.6903 159.2386 0.0000
vt 86.9713 -80.0167 0.0000
vt 85.7913 -80.0167 0.0000
vt 85.7061 -81.5263 0.0000
vt 86.8501 -81.5263 0.0000
vt 85.6815 156.4707 0.0000
vt 85.6620 156.0312 0.0000
vt 86.7872 156.0312 0.0000
vt 86.8151 156.4707 0.0000
vt -85.7011 -118.0955 0.0000
vt -85.6996 -117.5025 0.0000
vt -86.8408 -117.5025 0.0000
vt -86.8430 -118.0955 0.0000
vt 86.8501 55.1476 0.0000
vt 86.8151 55.5871 0.0000
vt 85.6815 55.5871 0.0000
vt 85.7061 55.1476 0.0000
vt 86.9713 12.5986 0.0000
vt 86.8501 14.1082 0.0000
vt 85.7061 14.1082 0.0000
vt 85.7913 12.5986 0.0000
vt -86.8408 -128.4694 0.0000
vt -85.6996 -128.4694 0.0000
vt -85.7011 -127.8764 0.0000
vt -86.8430 -127.8764 0.0000
vt 162.1378 85.5877 0.0000
vt 162.1378 84.6499 0.0000
vt -85.6251 -92.7010 0.0000
vt -77.9884 -92.7010 0.0000
vt -77.9884 -91.7689 0.0000
vt -85.6251 -91.7689 0.0000
vt -85.6251 -56.0205 0.0000
vt -77.9884 -56.0205 0.0000
vt -77.9884 -55.0884 0.0000
vt -85.6251 -55.0884 0.0000
vt -85.6251 -15.8493 0.0000
vt -77.9884 -15.8493 0.0000
vt -77.9884 -14.9171 0.0000
vt -85.6251 -14.9171 0.0000
vt -77.9884 -123.5861 0.0000
vt -77.9884 -122.6540 0.0000
vt -85.6251 -122.6540 0.0000
vt -85.6251 -123.5861 0.0000
vt 85.6251 116.6199 0.0000
vt 77.9884 116.6199 0.0000
vt 77.9884 115.6877 0.0000
vt 85.6251 115.6877 0.0000
vt 85.6251 83.1767 0.0000
vt 85.6251 84.1088 0.0000
vt 77.9884 84.1088 0.0000
vt 77.9884 83.1767 0.0000
vt -77.9884 -146.7351 0.0000
vt -77.9884 -145.8029 0.0000
vt -85.6251 -145.8029 0.0000
vt -85.6251 -146.7351 0.0000
vt 85.6943 128.1955 0.0000
vt 85.8219 126.8459 0.0000
vt 85.7913 126.2932 0.0000
vt 86.9713 126.2932 0.0000
vt 87.0149 126.8459 0.0000
vt 86.7775 128.1955 0.0000
vt 87.0149 -23.8556 0.0000
vt 87.0035 -23.7924 0.0000
vt 85.8158 -23.7924 0.0000
vt 85.8219 -23.8556 0.0000
vt 85.7372 -25.3509 0.0000
vt 85.6996 -26.0434 0.0000
vt 86.8408 -26.0434 0.0000
vt 86.8943 -25.3509 0.0000
vt -86.4274 89.0256 0.0000
vt -85.4456 89.0256 0.0000
vt -85.2461 90.3731 0.0000
vt -84.8814 91.7062 0.0000
vt -84.6499 92.4320 0.0000
vt -85.5877 92.4320 0.0000
vt -85.8178 91.7062 0.0000
vt -86.1803 90.3731 0.0000
vt -85.7372 67.5248 0.0000
vt -85.8219 69.0201 0.0000
vt -85.8158 69.0833 0.0000
vt -87.0035 69.0833 0.0000
vt -87.0149 69.0201 0.0000
vt -86.8943 67.5248 0.0000
vt -86.8408 66.8324 0.0000
vt -85.6996 66.8324 0.0000
vt 86.1803 54.2765 0.0000
vt 85.9432 54.9696 0.0000
vt 85.0076 54.9696 0.0000
vt 85.2461 54.2765 0.0000
vt 85.6268 52.2317 0.0000
vt 85.7391 51.0551 0.0000
vt 85.8158 50.1870 0.0000
vt 87.0035 50.1870 0.0000
vt 86.8608 51.0551 0.0000
vt 86.6520 52.2317 0.0000
vt 86.4274 -160.7292 0.0000
vt 86.6520 -159.3029 0.0000
vt 86.6712 -159.1438 0.0000
vt 86.6903 -158.9177 0.0000
vt 85.6474 -158.9177 0.0000
vt 85.6372 -159.1438 0.0000
vt 85.6268 -159.3029 0.0000
vt 85.4456 -160.7292 0.0000
vt -87.0035 -4.7553 0.0000
vt -85.8158 -4.7553 0.0000
vt -85.7391 -3.8873 0.0000
vt -85.6268 -2.7106 0.0000
vt -85.2461 -0.6659 0.0000
vt -85.0076 0.0272 0.0000
vt -85.9432 0.0272 0.0000
vt -86.1803 -0.6659 0.0000
vt -86.6520 -2.7106 0.0000
vt -86.8608 -3.8873 0.0000
vt 86.4274 -43.9428 0.0000
vt 86.1803 -42.5952 0.0000
vt 85.8178 -41.2622 0.0000
vt 85.5877 -40.5364 0.0000
vt 84.6499 -40.5364 0.0000
vt 84.8814 -41.2622 0.0000
vt 85.2461 -42.5952 0.0000
vt 85.4456 -43.9428 0.0000
vt 86.6903 -71.4653 0.0000
vt 86.6712 -71.2392 0.0000
vt 86.6520 -71.0801 0.0000
vt 86.4274 -69.6538 0.0000
vt 85.4456 -69.6538 0.0000
vt 85.6268 -71.0801 0.0000
vt 85.6372 -71.2392 0.0000
vt 85.6474 -71.4653 0.0000
vt -84.6499 -145.5799 0.0000
vt -84.8814 -144.8540 0.0000
vt -85.2461 -143.5210 0.0000
vt -85.4456 -142.1734 0.0000
vt -86.4274 -142.1734 0.0000
vt -86.1803 -143.5210 0.0000
vt -85.8178 -144.8540 0.0000
vt -85.5877 -145.5799 0.0000
vt 85.9432 -118.3046 0.0000
vt 86.1803 -117.6115 0.0000
vt 86.6520 -115.5668 0.0000
vt 86.8608 -114.3901 0.0000
vt 87.0035 -113.5221 0.0000
vt 85.8158 -113.5221 0.0000
vt 85.7391 -114.3901 0.0000
vt 85.6268 -115.5668 0.0000
vt 85.2461 -117.6115 0.0000
vt 85.0076 -118.3046 0.0000
vt 86.4274 -27.1823 0.0000
vt 85.4456 -27.1823 0.0000
vt 85.2461 -28.5299 0.0000
vt 84.8814 -29.8629 0.0000
vt 84.6499 -30.5888 0.0000
vt 85.5877 -30.5888 0.0000
vt 85.8178 -29.8629 0.0000
vt 86.1803 -28.5299 0.0000
vt -86.1803 -70.0973 0.0000
vt -85.9432 -70.7905 0.0000
vt -85.0076 -70.7905 0.0000
vt -85.2461 -70.0973 0.0000
vt -85.6268 -68.0526 0.0000
vt -85.7391 -66.8759 0.0000
vt -85.8158 -66.0079 0.0000
vt -87.0035 -66.0079 0.0000
vt -86.8608 -66.8759 0.0000
vt -86.6520 -68.0526 0.0000
vt 86.8408 133.6132 0.0000
vt 85.6996 133.6132 0.0000
vt 85.7372 132.9207 0.0000
vt 85.8219 131.4254 0.0000
vt 85.8158 131.3622 0.0000
vt 87.0035 131.3622 0.0000
vt 87.0149 131.4254 0.0000
vt 86.8943 132.9207 0.0000
vt -85.8158 120.3548 0.0000
vt -87.0035 120.3548 0.0000
vt -86.8608 119.4867 0.0000
vt -86.6520 118.3101 0.0000
vt -86.1803 116.2654 0.0000
vt -85.9432 115.5723 0.0000
vt -85.0076 115.5723 0.0000
vt -85.2461 116.2654 0.0000
vt -85.6268 118.3101 0.0000
vt -85.7391 119.4867 0.0000
vt -85.6268 -153.1995 0.0000
vt -85.6372 -153.0404 0.0000
vt -85.6474 -152.8142 0.0000
vt -86.6903 -152.8142 0.0000
vt -86.6712 -153.0404 0.0000
vt -86.6520 -153.1995 0.0000
vt -86.4274 -154.6258 0.0000
vt -85.4456 -154.6258 0.0000
vt -86.1803 39.4449 0.0000
vt -85.8178 38.1118 0.0000
vt -85.5877 37.3860 0.0000
vt -84.6499 37.3860 0.0000
vt -84.8814 38.1118 0.0000
vt -85.2461 39.4449 0.0000
vt -85.4456 40.7924 0.0000
vt -86.4274 40.7924 0.0000
vt 85.7372 -46.1415 0.0000
vt 85.8219 -47.6368 0.0000
vt 85.8158 -47.7000 0.0000
vt 87.0035 -47.7000 0.0000
vt 87.0149 -47.6368 0.0000
vt 86.8943 -46.1415 0.0000
vt 86.8408 -45.4491 0.0000
vt 85.6996 -45.4491 0.0000
vt 87.0149 -6.8302 0.0000
vt 86.9713 -6.2775 0.0000
vt 85.7913 -6.2775 0.0000
vt 85.8219 -6.8302 0.0000
vt 85.6943 -8.1799 0.0000
vt 86.7775 -8.1799 0.0000
vt 85.6372 152.8184 0.0000
vt 85.6268 152.6593 0.0000
vt 85.4456 151.2330 0.0000
vt 86.4274 151.2330 0.0000
vt 86.6520 152.6593 0.0000
vt 86.6712 152.8184 0.0000
vt 86.6903 153.0445 0.0000
vt 85.6474 153.0445 0.0000
vt -85.6943 21.2075 0.0000
vt -85.8219 22.5571 0.0000
vt -85.7913 23.1098 0.0000
vt -86.9713 23.1098 0.0000
vt -87.0149 22.5571 0.0000
vt -86.7775 21.2075 0.0000
vt 85.7391 78.1023 0.0000
vt 85.6268 76.9257 0.0000
vt 85.2461 74.8810 0.0000
vt 85.0076 74.1879 0.0000
vt 85.9432 74.1879 0.0000
vt 86.1803 74.8810 0.0000
vt 86.6520 76.9257 0.0000
vt 86.8608 78.1023 0.0000
vt 87.0035 78.9704 0.0000
vt 85.8158 78.9704 0.0000
vt 86.4274 140.9486 0.0000
vt 85.4456 140.9486 0.0000
vt 85.2461 139.6011 0.0000
vt 84.8814 138.2680 0.0000
vt 84.6499 137.5422 0.0000
vt 85.5877 137.5422 0.0000
vt 85.8178 138.2680 0.0000
vt 86.1803 139.6011 0.0000
vt -87.0149 61.4683 0.0000
vt -87.0035 61.4051 0.0000
vt -85.8158 61.4051 0.0000
vt -85.8219 61.4683 0.0000
vt -85.7372 62.9636 0.0000
vt -85.6996 63.6561 0.0000
vt -86.8408 63.6561 0.0000
vt -86.8943 62.9636 0.0000
vt 85.6523 160.3529 0.0000
vt 85.6620 159.9134 0.0000
vt 86.7872 159.9134 0.0000
vt 86.7735 160.3529 0.0000
vt 85.6251 46.3422 0.0000
vt 77.9884 46.3422 0.0000
vt 77.9884 45.4101 0.0000
vt 85.6251 45.4101 0.0000
vt -85.6251 151.1861 0.0000
vt -85.6251 150.2540 0.0000
vt -77.9884 150.2540 0.0000
vt -77.9884 151.1861 0.0000
vt -85.6251 130.2496 0.0000
vt -85.6251 129.3175 0.0000
vt -77.9884 129.3175 0.0000
vt -77.9884 130.2496 0.0000
vt 85.6251 5.6930 0.0000
vt 77.9884 5.6930 0.0000
vt 77.9884 4.7609 0.0000
vt 85.6251 4.7609 0.0000
vt -85.6251 100.2262 0.0000
vt -77.9884 100.2262 0.0000
vt -77.9884 101.1583 0.0000
vt -85.6251 101.1583 0.0000
vt 77.9884 141.8326 0.0000
vt 77.9884 140.9004 0.0000
vt 85.6251 140.9004 0.0000
vt 85.6251 141.8326 0.0000
vt -85.6251 162.6523 0.0000
vt -85.6251 161.7202 0.0000
vt -77.9884 161.7202 0.0000
vt -77.9884 162.6523 0.0000
vt 85.6251 -108.9994 0.0000
vt 85.6251 -108.0672 0.0000
vt 77.9884 -108.0672 0.0000
vt 77.9884 -108.9994 0.0000
vt 77.9884 158.1627 0.0000
vt 77.9884 157.2305 0.0000
vt 85.6251 157.2305 0.0000
vt 85.6251 158.1627 0.0000
vt 163.9277 85.6251 0.0000
vt 162.9956 85.6251 0.0000
vt 162.9956 77.9884 0.0000
vt 163.9277 77.9884 0.0000
vt 85.6251 -136.2311 0.0000
vt 85.6251 -135.2990 0.0000
vt 77.9884 -135.2990 0.0000
vt 77.9884 -136.2311 0.0000
vt 77.9884 164.5841 0.0000
vt 77.9884 163.6520 0.0000
vt 85.6251 163.6520 0.0000
vt 85.6251 164.5841 0.0000
vt 85.6251 -154.9323 0.0000
vt 85.6251 -154.0001 0.0000
vt 77.9884 -154.0001 0.0000
vt 77.9884 -154.9323 0.0000
vt 85.6251 -36.2168 0.0000
vt 85.6251 -35.2847 0.0000
vt 77.9884 -35.2847 0.0000
vt 77.9884 -36.2168 0.0000
vt -85.6251 25.2885 0.0000
vt -77.9884 25.2885 0.0000
vt -77.9884 26.2207 0.0000
vt -85.6251 26.2207 0.0000
vt 85.6251 -74.9481 0.0000
vt 85.6251 -74.0159 0.0000
vt 77.9884 -74.0159 0.0000
vt 77.9884 -74.9481 0.0000
vt -85.6251 64.8081 0.0000
vt -77.9884 64.8081 0.0000
vt -77.9884 65.7402 0.0000
vt -85.6251 65.7402 0.0000
vt -77.9884 -160.6934 0.0000
vt -77.9884 -159.7613 0.0000
vt -85.6251 -159.7613 0.0000
vt -85.6251 -160.6934 0.0000
vt 86.8430 -27.8444 0.0000
vt 85.7011 -27.8444 0.0000
vt 85.6996 -28.4374 0.0000
vt 86.8408 -28.4374 0.0000
vt 85.6620 -149.4649 0.0000
vt 86.7872 -149.4649 0.0000
vt 86.7735 -149.0255 0.0000
vt 85.6523 -149.0255 0.0000
vt -86.6712 17.5500 0.0000
vt -86.6520 17.3909 0.0000
vt -86.4274 15.9646 0.0000
vt -85.4456 15.9646 0.0000
vt -85.6268 17.3909 0.0000
vt -85.6372 17.5500 0.0000
vt -85.6474 17.7761 0.0000
vt -86.6903 17.7761 0.0000
vt -85.9432 115.9489 0.0000
vt -85.0076 115.9489 0.0000
vt -84.9308 116.2246 0.0000
vt -85.8669 116.2246 0.0000
vt -86.9713 155.7864 0.0000
vt -87.0149 155.2336 0.0000
vt -86.7775 153.8840 0.0000
vt -85.6943 153.8840 0.0000
vt -85.8219 155.2336 0.0000
vt -85.7913 155.7864 0.0000
vt -86.6903 -84.6849 0.0000
vt -85.6474 -84.6849 0.0000
vt -85.6372 -84.4588 0.0000
vt -85.6268 -84.2997 0.0000
vt -85.4456 -82.8734 0.0000
vt -86.4274 -82.8734 0.0000
vt -86.6520 -84.2997 0.0000
vt -86.6712 -84.4588 0.0000
vt 85.8669 18.3919 0.0000
vt 85.8369 18.6676 0.0000
vt 84.9006 18.6676 0.0000
vt 84.9308 18.3919 0.0000
vt 85.7913 149.3577 0.0000
vt 85.8219 148.8050 0.0000
vt 85.6943 147.4554 0.0000
vt 86.7775 147.4554 0.0000
vt 87.0149 148.8050 0.0000
vt 86.9713 149.3577 0.0000
vt 86.7872 -87.7689 0.0000
vt 85.6620 -87.7689 0.0000
vt 85.6523 -88.2083 0.0000
vt 86.7735 -88.2083 0.0000
vt 85.6996 -157.4807 0.0000
vt 86.8408 -157.4807 0.0000
vt 86.8943 -156.7883 0.0000
vt 87.0149 -155.2930 0.0000
vt 87.0035 -155.2298 0.0000
vt 85.8158 -155.2298 0.0000
vt 85.8219 -155.2930 0.0000
vt 85.7372 -156.7883 0.0000
vt 87.0035 -130.1326 0.0000
vt 86.8608 -129.2646 0.0000
vt 86.6520 -128.0879 0.0000
vt 86.1803 -126.0432 0.0000
vt 85.9432 -125.3501 0.0000
vt 85.0076 -125.3501 0.0000
vt 85.2461 -126.0432 0.0000
vt 85.6268 -128.0879 0.0000
vt 85.7391 -129.2646 0.0000
vt 85.8158 -130.1326 0.0000
vt -85.8669 20.0962 0.0000
vt -84.9308 20.0962 0.0000
vt -84.9006 20.3719 0.0000
vt -85.8369 20.3719 0.0000
vt -86.4274 -102.7274 0.0000
vt -85.4456 -102.7274 0.0000
vt -85.2461 -101.3799 0.0000
vt -84.8814 -100.0468 0.0000
vt -84.6499 -99.3210 0.0000
vt -85.5877 -99.3210 0.0000
vt -85.8178 -100.0468 0.0000
vt -86.1803 -101.3799 0.0000
vt 85.8669 105.5403 0.0000
vt 84.9308 105.5403 0.0000
vt 84.9006 105.2646 0.0000
vt 85.8369 105.2646 0.0000
vt -85.8158 -152.0698 0.0000
vt -85.7391 -151.2018 0.0000
vt -85.6268 -150.0251 0.0000
vt -85.2461 -147.9804 0.0000
vt -85.0076 -147.2873 0.0000
vt -85.9432 -147.2873 0.0000
vt -86.1803 -147.9804 0.0000
vt -86.6520 -150.0251 0.0000
vt -86.8608 -151.2018 0.0000
vt -87.0035 -152.0698 0.0000
vt 86.8151 -7.1482 0.0000
vt 85.6815 -7.1482 0.0000
vt 85.6620 -7.5877 0.0000
vt 86.7872 -7.5877 0.0000
vt -86.4274 155.8186 0.0000
vt -86.1803 154.4710 0.0000
vt -85.8178 153.1380 0.0000
vt -85.5877 152.4122 0.0000
vt -84.6499 152.4122 0.0000
vt -84.8814 153.1380 0.0000
vt -85.2461 154.4710 0.0000
vt -85.4456 155.8186 0.0000
vt -85.6996 -120.3976 0.0000
vt -85.7372 -119.7051 0.0000
vt -85.8219 -118.2098 0.0000
vt -85.8158 -118.1466 0.0000
vt -87.0035 -118.1466 0.0000
vt -87.0149 -118.2098 0.0000
vt -86.8943 -119.7051 0.0000
vt -86.8408 -120.3976 0.0000
vt -85.8669 -87.9966 0.0000
vt -85.8369 -88.2723 0.0000
vt -84.9006 -88.2723 0.0000
vt -84.9308 -87.9966 0.0000
vt -86.6903 156.3885 0.0000
vt -86.6712 156.1624 0.0000
vt -86.6520 156.0033 0.0000
vt -86.4274 154.5770 0.0000
vt -85.4456 154.5770 0.0000
vt -85.6268 156.0033 0.0000
vt -85.6372 156.1624 0.0000
vt -85.6474 156.3885 0.0000
vt 85.6943 -61.5479 0.0000
vt 85.8219 -62.8975 0.0000
vt 85.7913 -63.4502 0.0000
vt 86.9713 -63.4502 0.0000
vt 87.0149 -62.8975 0.0000
vt 86.7775 -61.5479 0.0000
vt -85.8669 104.2566 0.0000
vt -85.8369 103.9808 0.0000
vt -84.9006 103.9808 0.0000
vt -84.9308 104.2566 0.0000
vt 86.8430 145.4339 0.0000
vt 85.7011 145.4339 0.0000
vt 85.6996 144.8409 0.0000
vt 86.8408 144.8409 0.0000
vt 85.8669 -161.8332 0.0000
vt 85.9432 -161.5574 0.0000
vt 85.0076 -161.5574 0.0000
vt 84.9308 -161.8332 0.0000
vt -84.9308 -159.3529 0.0000
vt -85.0076 -159.0772 0.0000
vt -85.9432 -159.0772 0.0000
vt -85.8669 -159.3529 0.0000
vt 85.6996 137.5639 0.0000
vt 85.7011 136.9708 0.0000
vt 86.8430 136.9708 0.0000
vt 86.8408 137.5639 0.0000
vt 85.9432 -71.1516 0.0000
vt 85.8669 -70.8759 0.0000
vt 84.9308 -70.8759 0.0000
vt 85.0076 -71.1516 0.0000
vt -86.6903 108.1183 0.0000
vt -85.6474 108.1183 0.0000
vt -85.6372 108.3445 0.0000
vt -85.6268 108.5036 0.0000
vt -85.4456 109.9299 0.0000
vt -86.4274 109.9299 0.0000
vt -86.6520 108.5036 0.0000
vt -86.6712 108.3445 0.0000
vt -85.9432 8.9393 0.0000
vt -85.8669 8.6636 0.0000
vt -84.9308 8.6636 0.0000
vt -85.0076 8.9393 0.0000
vt -87.0149 -88.3117 0.0000
vt -86.9713 -88.8644 0.0000
vt -85.7913 -88.8644 0.0000
vt -85.8219 -88.3117 0.0000
vt -85.6943 -86.9621 0.0000
vt -86.7775 -86.9621 0.0000
vt -84.9006 164.4461 0.0000
vt -85.8369 164.4461 0.0000
vt -85.8669 164.1703 0.0000
vt -84.9308 164.1703 0.0000
vt -85.9432 151.2285 0.0000
vt -85.8669 150.9528 0.0000
vt -84.9308 150.9528 0.0000
vt -85.0076 151.2285 0.0000
vt -85.0076 164.1721 0.0000
vt -85.9432 164.1721 0.0000
vt -86.1803 163.4790 0.0000
vt -86.6520 161.4342 0.0000
vt -86.8608 160.2576 0.0000
vt -87.0035 159.3895 0.0000
vt -85.8158 159.3895 0.0000
vt -85.7391 160.2576 0.0000
vt -85.6268 161.4342 0.0000
vt -85.2461 163.4790 0.0000
vt 86.6903 2.4898 0.0000
vt 85.6474 2.4898 0.0000
vt 85.6372 2.2637 0.0000
vt 85.6268 2.1046 0.0000
vt 85.4456 0.6783 0.0000
vt 86.4274 0.6783 0.0000
vt 86.6520 2.1046 0.0000
vt 86.6712 2.2637 0.0000
vt 86.6903 119.6325 0.0000
vt 86.6712 119.8586 0.0000
vt 86.6520 120.0177 0.0000
vt 86.4274 121.4440 0.0000
vt 85.4456 121.4440 0.0000
vt 85.6268 120.0177 0.0000
vt 85.6372 119.8586 0.0000
vt 85.6474 119.6325 0.0000
vt 87.0035 151.2650 0.0000
vt 85.8158 151.2650 0.0000
vt 85.8219 151.2018 0.0000
vt 85.7372 149.7064 0.0000
vt 85.6996 149.0140 0.0000
vt 86.8408 149.0140 0.0000
vt 86.8943 149.7064 0.0000
vt 87.0149 151.2018 0.0000
vt 86.8430 -43.5918 0.0000
vt 86.8408 -42.9988 0.0000
vt 85.6996 -42.9988 0.0000
vt 85.7011 -43.5918 0.0000
vt -85.6943 -153.1273 0.0000
vt -85.8219 -151.7777 0.0000
vt -85.7913 -151.2249 0.0000
vt -86.9713 -151.2249 0.0000
vt -87.0149 -151.7777 0.0000
vt -86.7775 -153.1273 0.0000
vt 84.6499 143.6328 0.0000
vt 84.8814 142.9070 0.0000
vt 85.2461 141.5739 0.0000
vt 85.4456 140.2264 0.0000
vt 86.4274 140.2264 0.0000
vt 86.1803 141.5739 0.0000
vt 85.8178 142.9070 0.0000
vt 85.5877 143.6328 0.0000
vt 85.5877 -172.7206 0.0000
vt 85.8178 -171.9948 0.0000
vt 86.1803 -170.6617 0.0000
vt 86.4274 -169.3142 0.0000
vt 85.4456 -169.3142 0.0000
vt 85.2461 -170.6617 0.0000
vt 84.8814 -171.9948 0.0000
vt 84.6499 -172.7206 0.0000
vt -85.8158 -128.0190 0.0000
vt -85.8219 -127.9558 0.0000
vt -85.7372 -126.4605 0.0000
vt -85.6996 -125.7681 0.0000
vt -86.8408 -125.7681 0.0000
vt -86.8943 -126.4605 0.0000
vt -87.0149 -127.9558 0.0000
vt -87.0035 -128.0190 0.0000
vt -87.0149 104.7104 0.0000
vt -86.9713 104.1577 0.0000
vt -85.7913 104.1577 0.0000
vt -85.8219 104.7104 0.0000
vt -85.6943 106.0600 0.0000
vt -86.7775 106.0600 0.0000
vt 86.7775 -164.8610 0.0000
vt 87.0149 -163.5113 0.0000
vt 86.9713 -162.9586 0.0000
vt 85.7913 -162.9586 0.0000
vt 85.8219 -163.5113 0.0000
vt 85.6943 -164.8610 0.0000
vt -87.0035 171.5822 0.0000
vt -87.0149 171.5190 0.0000
vt -86.8943 170.0237 0.0000
vt -86.8408 169.3313 0.0000
vt -85.6996 169.3313 0.0000
vt -85.7372 170.0237 0.0000
vt -85.8219 171.5190 0.0000
vt -85.8158 171.5822 0.0000
vt 85.0076 176.1911 0.0000
vt 85.2461 175.4980 0.0000
vt 85.6268 173.4533 0.0000
vt 85.7391 172.2766 0.0000
vt 85.8158 171.4085 0.0000
vt 87.0035 171.4085 0.0000
vt 86.8608 172.2766 0.0000
vt 86.6520 173.4533 0.0000
vt 86.1803 175.4980 0.0000
vt 85.9432 176.1911 0.0000
vt 162.6078 15.0245 0.0000
vt 164.2655 15.4521 0.0000
vt 164.2474 15.5129 0.0000
vt 164.3914 16.3724 0.0000
vt 164.2422 17.5374 0.0000
vt 161.9825 16.9545 0.0000
vt 161.8954 16.8210 0.0000
vt -165.9433 11.2810 0.0000
vt -166.0990 10.1036 0.0000
vt -165.9596 9.2350 0.0000
vt -165.9781 9.1735 0.0000
vt -164.3216 8.7413 0.0000
vt -163.5987 10.5569 0.0000
vt -163.6852 10.6919 0.0000
vt 161.0233 15.9191 0.0000
vt 162.0868 15.4207 0.0000
vt 162.9491 15.2948 0.0000
vt 163.0015 15.2590 0.0000
vt 163.9158 16.7064 0.0000
vt 162.4234 17.9342 0.0000
vt 162.2696 17.8922 0.0000
vt 161.0021 15.2299 0.0000
vt 162.1560 15.0108 0.0000
vt 161.1081 15.5575 0.0000
vt 166.5194 14.0532 0.0000
vt 166.6241 14.3812 0.0000
vt 164.7746 15.3324 0.0000
vt 164.4879 14.4346 0.0000
vt 169.6405 16.2283 0.0000
vt 169.2522 14.9627 0.0000
vt 169.8371 14.4745 0.0000
vt 170.9336 14.2761 0.0000
vt 171.2101 15.1772 0.0000
vt 170.5524 15.5008 0.0000
vt 170.3784 15.7281 0.0000
vt 170.3675 16.0053 0.0000
vt 170.5320 16.2287 0.0000
vt 170.8035 16.3193 0.0000
vt 171.5295 16.2184 0.0000
vt 171.8059 17.1195 0.0000
vt 170.7867 17.5702 0.0000
vt 170.0287 17.4940 0.0000
vt 171.2558 19.6877 0.0000
vt 173.0629 20.5369 0.0000
vt 174.2978 21.3844 0.0000
vt 173.3815 22.8305 0.0000
vt 170.6786 20.5987 0.0000
vt -166.9032 14.0915 0.0000
vt -167.1875 14.9902 0.0000
vt -169.0575 14.0381 0.0000
vt -168.9536 13.7099 0.0000
vt -166.2221 14.0743 0.0000
vt -166.3269 14.4023 0.0000
vt -167.3893 13.8549 0.0000
vt 163.2041 14.5970 0.0000
vt 163.3111 16.3057 0.0000
vt 163.2476 16.3073 0.0000
vt 162.4750 16.7105 0.0000
vt 161.3211 16.9296 0.0000
vt 161.1753 14.6004 0.0000
vt 161.2752 14.4762 0.0000
vt 162.6629 12.8562 0.0000
vt 163.4693 13.7101 0.0000
vt 163.8589 14.4896 0.0000
vt 163.9094 14.5281 0.0000
vt 162.8212 15.8497 0.0000
vt 161.1876 14.8170 0.0000
vt 161.1794 14.6577 0.0000
vt 163.3306 12.8342 0.0000
vt 163.8993 13.8618 0.0000
vt 163.0525 13.0372 0.0000
vt 167.2040 16.9673 0.0000
vt 166.9272 17.1720 0.0000
vt 165.4314 15.7269 0.0000
vt 166.1892 15.1665 0.0000
vt 169.3785 18.2155 0.0000
vt 170.4277 17.4081 0.0000
vt 171.0900 17.7847 0.0000
vt 171.6602 18.7421 0.0000
vt 170.9132 19.3169 0.0000
vt 170.3796 18.8144 0.0000
vt 170.1057 18.7312 0.0000
vt 169.8423 18.8182 0.0000
vt 169.6908 19.0505 0.0000
vt 169.7011 19.3366 0.0000
vt 170.0501 19.9811 0.0000
vt 169.3031 20.5560 0.0000
vt 168.5237 19.7595 0.0000
vt 168.3293 19.0229 0.0000
vt -168.0175 16.8039 0.0000
vt -167.2621 17.3676 0.0000
vt -168.7755 18.8212 0.0000
vt -169.0514 18.6153 0.0000
vt -164.9800 18.2482 0.0000
vt -165.7979 19.1093 0.0000
vt -165.2570 18.0437 0.0000
vt 164.4742 15.0903 0.0000
vt 162.8835 15.7230 0.0000
vt 162.8622 15.6632 0.0000
vt 162.2388 15.0542 0.0000
vt 161.6720 14.0256 0.0000
vt 163.8404 13.1630 0.0000
vt 163.9895 13.2194 0.0000
vt 165.0441 15.0678 0.0000
vt 164.4772 16.0965 0.0000
vt 163.8539 16.7054 0.0000
vt 163.8326 16.7653 0.0000
vt 162.2419 16.1325 0.0000
vt 162.7266 14.2616 0.0000
vt 162.8757 14.2052 0.0000
vt 163.0652 14.2807 0.0000
vt 163.3433 14.4837 0.0000
vt 162.4965 15.3084 0.0000
vt 158.7374 20.5840 0.0000
vt 159.4953 21.1443 0.0000
vt 157.9994 22.5894 0.0000
vt 157.7226 22.3847 0.0000
vt 150.8732 35.7352 0.0000
vt 151.9224 36.5426 0.0000
vt 151.7281 37.2793 0.0000
vt 150.9486 38.0757 0.0000
vt 150.2016 37.5009 0.0000
vt 150.5507 36.8563 0.0000
vt 150.5610 36.5703 0.0000
vt 150.4094 36.3380 0.0000
vt 150.1461 36.2510 0.0000
vt 149.8722 36.3342 0.0000
vt 149.3385 36.8367 0.0000
vt 148.5916 36.2619 0.0000
vt 149.1618 35.3044 0.0000
vt 149.8241 34.9279 0.0000
vt -154.8225 26.8272 0.0000
vt -155.0984 27.0331 0.0000
vt -156.6118 25.5795 0.0000
vt -155.8564 25.0158 0.0000
vt -158.1442 21.7176 0.0000
vt -157.5621 22.7529 0.0000
vt -158.4212 21.9221 0.0000
vt 163.1972 17.3420 0.0000
vt 162.1090 16.0204 0.0000
vt 162.1595 15.9819 0.0000
vt 162.5490 15.2024 0.0000
vt 163.3555 14.3485 0.0000
vt 164.8389 16.1501 0.0000
vt 164.8307 16.3093 0.0000
vt 164.0882 16.7395 0.0000
vt 162.9343 16.5204 0.0000
vt 162.1618 16.1172 0.0000
vt 162.0983 16.1156 0.0000
vt 162.2053 14.4070 0.0000
vt 164.1341 14.2862 0.0000
vt 164.2341 14.4104 0.0000
vt 157.2842 11.1189 0.0000
vt 156.9975 12.0168 0.0000
vt 155.1479 11.0656 0.0000
vt 155.2526 10.7376 0.0000
vt 164.5455 14.3382 0.0000
vt 164.4396 14.6658 0.0000
vt 163.3916 14.1191 0.0000
vt -151.3154 11.9265 0.0000
vt -151.5997 11.0279 0.0000
vt -149.5224 10.7311 0.0000
vt -149.4185 11.0593 0.0000
vt -156.0101 11.0523 0.0000
vt -154.8429 10.8329 0.0000
vt -155.9052 11.3802 0.0000
vt 161.9218 15.3325 0.0000
vt 162.8361 13.8851 0.0000
vt 162.8885 13.9209 0.0000
vt 163.7508 14.0468 0.0000
vt 164.8143 14.5452 0.0000
vt 163.5680 16.5183 0.0000
vt 163.4142 16.5604 0.0000
vt -164.6941 9.5129 0.0000
vt -164.5476 8.3344 0.0000
vt -164.3498 9.5129 0.0000
vt -164.6941 4.8605 0.0000
vt -164.3498 4.8605 0.0000
vt -164.0062 6.9306 0.0000
vt -164.9487 6.9306 0.0000
vt 164.9487 10.9879 0.0000
vt 164.0062 10.9879 0.0000
vt 164.3498 8.9367 0.0000
vt 164.6941 8.9367 0.0000
vt 164.6941 16.9046 0.0000
vt 164.3498 16.9046 0.0000
vt 164.5476 15.7393 0.0000
vt -162.2292 9.5129 0.0000
vt -162.5735 9.5129 0.0000
vt -162.3757 8.3344 0.0000
vt -160.6527 8.7705 0.0000
vt -162.9108 8.1814 0.0000
vt -162.9973 8.0465 0.0000
vt -162.2744 6.2308 0.0000
vt -160.6179 6.6630 0.0000
vt -160.6364 6.7245 0.0000
vt -160.4970 7.5931 0.0000
vt -159.6633 5.5096 0.0000
vt -160.3363 5.3321 0.0000
vt -160.8691 4.0700 0.0000
vt -161.6382 2.8480 0.0000
vt -159.3817 3.4430 0.0000
vt -156.9292 -5.8905 0.0000
vt -157.0919 -4.7888 0.0000
vt -157.6009 -6.0731 0.0000
vt 156.9582 -5.8063 0.0000
vt 157.6298 -5.9889 0.0000
vt 157.1212 -4.7039 0.0000
vt 160.4947 8.0909 0.0000
vt 162.7526 7.5010 0.0000
vt 161.9784 8.7125 0.0000
vt 161.4403 9.9640 0.0000
vt 160.7669 10.1400 0.0000
vt 164.2209 14.2907 0.0000
vt 164.9333 16.0873 0.0000
vt 164.8462 16.2208 0.0000
vt 162.5865 16.8037 0.0000
vt 162.4373 15.6387 0.0000
vt 162.5813 14.7792 0.0000
vt 162.5632 14.7184 0.0000
vt 167.5267 27.3078 0.0000
vt 165.8687 27.7342 0.0000
vt 165.4427 26.2983 0.0000
vt 165.1913 24.3175 0.0000
vt 166.2357 24.0489 0.0000
vt -164.0026 21.9014 0.0000
vt -163.6706 19.2733 0.0000
vt -163.2527 19.2733 0.0000
vt -162.9207 21.9014 0.0000
vt -165.5728 21.5428 0.0000
vt -164.5975 19.0799 0.0000
vt -164.1927 19.1838 0.0000
vt -164.5250 21.8119 0.0000
vt -165.7098 26.2345 0.0000
vt -165.9611 28.2047 0.0000
vt -166.3882 29.6428 0.0000
vt -168.0461 29.2158 0.0000
vt -166.7574 25.9646 0.0000
vt -158.1911 6.7959 0.0000
vt -158.9264 8.6066 0.0000
vt -159.0485 8.4153 0.0000
vt -160.0566 7.2883 0.0000
vt -159.1512 6.2597 0.0000
vt 162.1569 14.7967 0.0000
vt 163.1195 14.2650 0.0000
vt 164.0127 15.2847 0.0000
vt 162.9965 16.4021 0.0000
vt 162.8729 16.5917 0.0000
vt 168.2656 22.9900 0.0000
vt 168.5510 23.3825 0.0000
vt 168.2781 23.7271 0.0000
vt 168.2071 24.1613 0.0000
vt 168.3557 24.5755 0.0000
vt 169.2130 25.8211 0.0000
vt 169.5775 26.2377 0.0000
vt 168.6142 26.7681 0.0000
vt 167.3209 23.5102 0.0000
vt -167.0048 20.8098 0.0000
vt -165.4475 18.6668 0.0000
vt -165.0813 18.8682 0.0000
vt -166.0568 21.3311 0.0000
vt -169.5883 28.3838 0.0000
vt -170.5513 27.8527 0.0000
vt -170.1861 27.4355 0.0000
vt -169.3268 26.1884 0.0000
vt -169.1775 25.7736 0.0000
vt -169.2480 25.3389 0.0000
vt -169.5205 24.9939 0.0000
vt -169.2424 24.6120 0.0000
vt -168.2952 25.1345 0.0000
vt -157.5547 6.4795 0.0000
vt -156.7590 7.2387 0.0000
vt -157.4748 8.4072 0.0000
vt -158.8491 7.7764 0.0000
vt -159.0679 7.7161 0.0000
vt 163.4301 13.6369 0.0000
vt 164.9213 14.8662 0.0000
vt 164.7030 14.9261 0.0000
vt 163.3290 15.5532 0.0000
vt 162.6302 14.3916 0.0000
vt 172.6729 23.7353 0.0000
vt 171.8718 24.4888 0.0000
vt 171.5875 24.0138 0.0000
vt 170.6660 22.8150 0.0000
vt 170.3176 22.5461 0.0000
vt 169.8826 22.4802 0.0000
vt 169.4708 22.6338 0.0000
vt 169.1851 22.2415 0.0000
vt 169.9707 21.5026 0.0000
vt -168.2100 19.7516 0.0000
vt -166.1687 18.0632 0.0000
vt -165.8640 18.3494 0.0000
vt -167.4215 20.4923 0.0000
vt -170.5297 23.5132 0.0000
vt -170.8081 23.8948 0.0000
vt -171.2200 23.7410 0.0000
vt -171.6554 23.8070 0.0000
vt -172.0046 24.0762 0.0000
vt -172.9287 25.2760 0.0000
vt -173.2140 25.7514 0.0000
vt -174.0145 24.9973 0.0000
vt -171.3171 22.7714 0.0000
vt -157.3764 9.0162 0.0000
vt -156.2992 8.5161 0.0000
vt -155.4286 8.3899 0.0000
vt -155.3754 8.3539 0.0000
vt -154.4685 9.8060 0.0000
vt -155.9856 11.0378 0.0000
vt -156.1402 10.9956 0.0000
vt -152.2942 5.0951 0.0000
vt -151.0675 7.0804 0.0000
vt -152.4606 6.7007 0.0000
vt -153.8232 6.5588 0.0000
vt -154.1891 5.9667 0.0000
vt -142.9424 -2.8832 0.0000
vt -142.5845 -2.2863 0.0000
vt -143.9587 -2.4278 0.0000
vt 142.9917 -2.8942 0.0000
vt 144.0087 -2.4387 0.0000
vt 142.6340 -2.2972 0.0000
vt 158.5972 9.3621 0.0000
vt 158.2289 9.9527 0.0000
vt 156.8740 10.0943 0.0000
vt 155.4870 10.4730 0.0000
vt 156.7219 8.4928 0.0000
vt -169.1149 18.4360 0.0000
vt -166.7178 17.3084 0.0000
vt -166.4939 17.6613 0.0000
vt -168.5353 19.3495 0.0000
vt -174.9960 23.7124 0.0000
vt -175.9112 22.2656 0.0000
vt -174.6736 21.4177 0.0000
vt -172.8755 20.5740 0.0000
vt -172.2972 21.4882 0.0000
vt -155.2593 13.4001 0.0000
vt -155.3642 13.0721 0.0000
vt -154.1814 12.9015 0.0000
vt -150.1620 8.7092 0.0000
vt -150.0582 9.0374 0.0000
vt -151.9282 9.9895 0.0000
vt -152.2125 9.0908 0.0000
vt -138.4171 6.6398 0.0000
vt -139.4355 7.0905 0.0000
vt -140.1931 7.0142 0.0000
vt -140.5816 5.7486 0.0000
vt -140.9700 4.4831 0.0000
vt -140.3857 3.9949 0.0000
vt -139.2899 3.7966 0.0000
vt -139.0133 4.6976 0.0000
vt -139.6705 5.0212 0.0000
vt -139.8442 5.2485 0.0000
vt -139.8550 5.5256 0.0000
vt -139.6906 5.7490 0.0000
vt -139.4192 5.8396 0.0000
vt -138.6937 5.7388 0.0000
vt 139.3382 3.7857 0.0000
vt 140.4348 3.9841 0.0000
vt 141.0196 4.4723 0.0000
vt 140.6314 5.7379 0.0000
vt 140.2431 7.0036 0.0000
vt 139.4851 7.0798 0.0000
vt 138.4659 6.6291 0.0000
vt 138.7424 5.7280 0.0000
vt 139.4684 5.8289 0.0000
vt 139.7399 5.7383 0.0000
vt 139.9043 5.5149 0.0000
vt 139.8934 5.2377 0.0000
vt 139.7195 5.0104 0.0000
vt 139.0618 4.6868 0.0000
vt 154.5029 13.0857 0.0000
vt 154.6076 12.7578 0.0000
vt 156.6662 13.0543 0.0000
vt 156.3796 13.9522 0.0000
vt 163.7870 16.6836 0.0000
vt 162.7233 16.1855 0.0000
vt 163.8929 16.3560 0.0000
vt 172.0532 17.6542 0.0000
vt 174.0146 18.0278 0.0000
vt 173.3214 18.0097 0.0000
vt 173.1655 18.5819 0.0000
vt 172.9559 19.1366 0.0000
vt 173.5277 19.5289 0.0000
vt 171.7204 18.6799 0.0000
vt -169.6649 16.9448 0.0000
vt -167.0628 16.4486 0.0000
vt -166.9336 16.8461 0.0000
vt -169.3307 17.9737 0.0000
vt -173.5130 19.1767 0.0000
vt -175.3114 20.0200 0.0000
vt -174.7383 19.6276 0.0000
vt -174.9477 19.0728 0.0000
vt -175.1033 18.5006 0.0000
vt -175.7976 18.5186 0.0000
vt -173.8464 18.1475 0.0000
vt -155.0643 16.0651 0.0000
vt -155.2085 13.7358 0.0000
vt -155.1072 13.6116 0.0000
vt -153.1568 13.7324 0.0000
vt -153.0509 15.4411 0.0000
vt -153.1152 15.4428 0.0000
vt -153.8970 15.8460 0.0000
vt -150.9278 15.9643 0.0000
vt -150.9704 15.2696 0.0000
vt -149.9390 14.3678 0.0000
vt -149.0199 13.2542 0.0000
vt -148.8772 15.5836 0.0000
vt -137.2756 14.8772 0.0000
vt -138.3716 15.0746 0.0000
vt -137.3169 14.1824 0.0000
vt 137.3235 14.8747 0.0000
vt 137.3648 14.1799 0.0000
vt 138.4203 15.0721 0.0000
vt 154.2610 16.0003 0.0000
vt 154.4050 13.6710 0.0000
vt 155.3145 14.7845 0.0000
vt 156.3356 15.6863 0.0000
vt 156.2926 16.3810 0.0000
vt 175.8215 15.2934 0.0000
vt 175.7142 17.0020 0.0000
vt 174.2170 16.9630 0.0000
vt 172.2556 16.5894 0.0000
vt 172.3232 15.5132 0.0000
vt -169.8274 15.3686 0.0000
vt -167.1836 15.5349 0.0000
vt -167.1774 15.6331 0.0000
vt -167.1574 15.9521 0.0000
vt -169.7595 16.4483 0.0000
vt -174.1226 16.6904 0.0000
vt -176.0738 17.0614 0.0000
vt -177.5735 17.1005 0.0000
vt -177.6806 15.3918 0.0000
vt -174.1903 15.6107 0.0000
vt -153.4746 18.8510 0.0000
vt -155.4251 18.7301 0.0000
vt -155.2826 18.5535 0.0000
vt -154.5350 17.2391 0.0000
vt -153.2717 17.7702 0.0000
vt 162.3589 16.8553 0.0000
vt 162.1537 15.7750 0.0000
vt 163.4011 15.2441 0.0000
vt 164.1460 16.5580 0.0000
vt 164.2877 16.7345 0.0000
vt 172.0537 13.3753 0.0000
vt 172.5154 13.2256 0.0000
vt 172.7584 13.5919 0.0000
vt 173.1492 13.7940 0.0000
vt 173.5891 13.7810 0.0000
vt 175.0390 13.3520 0.0000
vt 175.5481 13.1347 0.0000
vt 175.7539 14.2149 0.0000
vt 172.2555 14.4347 0.0000
vt -169.5931 13.8021 0.0000
vt -167.0736 14.6205 0.0000
vt -167.1519 15.0311 0.0000
vt -169.7957 14.8648 0.0000
vt -177.5884 13.9183 0.0000
vt -177.3830 12.8380 0.0000
vt -176.8729 13.0553 0.0000
vt -175.4205 13.4843 0.0000
vt -174.9798 13.4973 0.0000
vt -174.5886 13.2952 0.0000
vt -174.3454 12.9289 0.0000
vt -173.8960 13.0744 0.0000
vt -174.0980 14.1372 0.0000
vt -153.8429 19.8443 0.0000
vt -154.3050 20.8422 0.0000
vt -155.6419 20.5413 0.0000
vt -155.4878 19.0371 0.0000
vt -155.5013 18.8105 0.0000
vt 161.9153 15.4376 0.0000
vt 163.5496 14.4059 0.0000
vt 163.5381 14.6320 0.0000
vt 163.7038 16.1333 0.0000
vt 162.3818 16.4335 0.0000
vt -158.1619 11.8065 0.0000
vt -160.3987 13.2257 0.0000
vt -160.6651 12.9036 0.0000
vt -158.8513 10.9728 0.0000
vt -154.8154 7.4019 0.0000
vt -153.4528 5.9567 0.0000
vt -152.2613 5.0453 0.0000
vt -151.1721 6.3661 0.0000
vt -154.1271 8.2365 0.0000
vt 162.2292 8.9367 0.0000
vt 162.5735 8.9367 0.0000
vt 162.9171 10.9879 0.0000
vt 161.9745 10.9879 0.0000
vt 162.2292 16.9046 0.0000
vt 162.3757 15.7393 0.0000
vt 162.5735 16.9046 0.0000
vt -162.3923 21.8587 0.0000
vt -162.7246 19.2305 0.0000
vt -162.3197 19.1266 0.0000
vt -161.3445 21.5895 0.0000
vt -168.8256 15.8774 0.0000
vt -167.1672 14.8436 0.0000
vt -167.1807 15.0701 0.0000
vt -167.0266 16.5744 0.0000
vt -168.3634 16.8752 0.0000
vt 163.0975 16.2970 0.0000
vt 161.1687 16.1762 0.0000
vt 161.3104 15.9997 0.0000
vt 162.0553 14.6858 0.0000
vt 163.3027 15.2167 0.0000
vt -157.4071 13.2433 0.0000
vt -159.9265 14.0617 0.0000
vt -160.1045 13.6835 0.0000
vt -157.8676 12.2644 0.0000
vt -162.9207 26.7074 0.0000
vt -162.6726 28.6781 0.0000
vt -162.8693 28.0120 0.0000
vt -163.4617 28.0402 0.0000
vt -164.0540 28.0120 0.0000
vt -164.2507 28.6781 0.0000
vt -164.0026 26.7074 0.0000
vt -161.9745 -2.4728 0.0000
vt -161.8426 -1.3670 0.0000
vt -162.1378 -0.6651 0.0000
vt -163.4617 -0.6651 0.0000
vt -164.7855 -0.6651 0.0000
vt -165.0807 -1.3670 0.0000
vt -164.9487 -2.4728 0.0000
vt -164.0062 -2.4728 0.0000
vt -163.8897 -1.7496 0.0000
vt -163.7234 -1.5167 0.0000
vt -163.4617 -1.4251 0.0000
vt -163.1999 -1.5167 0.0000
vt -163.0336 -1.7496 0.0000
vt -162.9171 -2.4728 0.0000
vt 172.1494 15.5284 0.0000
vt 171.7210 16.0770 0.0000
vt 171.3586 14.7433 0.0000
vt 152.9807 7.9861 0.0000
vt 154.0709 6.6661 0.0000
vt 155.2599 7.5769 0.0000
vt 156.6281 9.0311 0.0000
vt 155.9414 9.8625 0.0000
vt 167.4288 15.6408 0.0000
vt 165.9567 17.4517 0.0000
vt 165.8646 16.0169 0.0000
vt 165.5586 14.6894 0.0000
vt 165.9977 14.1493 0.0000
vt -172.3273 15.7256 0.0000
vt -171.5372 14.9407 0.0000
vt -171.8986 16.2740 0.0000
vt 165.6474 18.5298 0.0000
vt 165.9904 18.9938 0.0000
vt 165.0453 19.5133 0.0000
vt 164.8306 18.9788 0.0000
vt -168.1666 15.1059 0.0000
vt -167.7300 15.6480 0.0000
vt -168.0496 16.9802 0.0000
vt -168.1551 18.4202 0.0000
vt -169.6190 16.6028 0.0000
vt -167.3442 18.5612 0.0000
vt -168.4251 17.2336 0.0000
vt -168.3739 17.1949 0.0000
vt -167.9730 16.4118 0.0000
vt -167.1515 15.5540 0.0000
vt -165.6781 17.3638 0.0000
vt -165.6881 17.5237 0.0000
vt -157.0919 5.5712 0.0000
vt -156.1316 3.8325 0.0000
vt -156.3650 4.4866 0.0000
vt -155.8697 4.8127 0.0000
vt -155.4076 5.1844 0.0000
vt -154.8564 4.7621 0.0000
vt -156.2177 6.2084 0.0000
vt -159.2491 10.6109 0.0000
vt -161.0627 12.5418 0.0000
vt -161.4008 12.2960 0.0000
vt -160.1242 9.9749 0.0000
vt 157.5768 8.2019 0.0000
vt 156.2091 6.7472 0.0000
vt 156.7594 7.1691 0.0000
vt 157.2218 6.7977 0.0000
vt 157.7173 6.4720 0.0000
vt 157.4851 5.8186 0.0000
vt 158.4487 7.5674 0.0000
vt 161.3396 14.2874 0.0000
vt 161.6177 14.0845 0.0000
vt 162.1450 15.1423 0.0000
vt 163.7977 16.9348 0.0000
vt 164.5556 16.3744 0.0000
vt 165.4989 18.2281 0.0000
vt 165.2220 18.4328 0.0000
vt -171.7855 18.9667 0.0000
vt -171.2160 18.0097 0.0000
vt -170.5541 17.6333 0.0000
vt -169.5047 18.4403 0.0000
vt -168.4552 19.2473 0.0000
vt -168.6491 19.9837 0.0000
vt -169.4278 20.7798 0.0000
vt -170.1750 20.2052 0.0000
vt -169.8264 19.5609 0.0000
vt -169.8163 19.2750 0.0000
vt -169.9680 19.0428 0.0000
vt -170.2314 18.9558 0.0000
vt -170.5051 19.0390 0.0000
vt -171.0383 19.5413 0.0000
vt -167.0759 20.0894 0.0000
vt -167.3518 19.8835 0.0000
vt -166.3892 18.0189 0.0000
vt -165.6338 18.5826 0.0000
vt -166.9631 16.7842 0.0000
vt -166.6861 16.9887 0.0000
vt -167.5452 17.8194 0.0000
vt -158.8665 1.0710 0.0000
vt -157.2754 1.7030 0.0000
vt -157.7778 3.1166 0.0000
vt -158.7359 4.8564 0.0000
vt -159.7413 4.4571 0.0000
vt -160.5983 9.7317 0.0000
vt -161.8746 12.0530 0.0000
vt -162.2632 11.8991 0.0000
vt -161.6041 9.3334 0.0000
vt 159.5679 7.0460 0.0000
vt 158.6053 5.2966 0.0000
vt 158.1047 3.8851 0.0000
vt 159.6961 3.2540 0.0000
vt 160.5703 6.6485 0.0000
vt 163.2791 17.8268 0.0000
vt 163.9247 17.5666 0.0000
vt 165.1027 18.2507 0.0000
vt 166.4465 18.7621 0.0000
vt 164.2819 19.6342 0.0000
vt 167.3240 24.6175 0.0000
vt 166.7744 23.6481 0.0000
vt 167.9659 24.3483 0.0000
vt -167.3934 24.8355 0.0000
vt -168.0353 24.5664 0.0000
vt -166.8442 23.8666 0.0000
vt -165.5757 22.1434 0.0000
vt -167.7375 21.2643 0.0000
vt -166.3888 20.7489 0.0000
vt -165.2049 20.0595 0.0000
vt -164.5601 20.3217 0.0000
vt -164.1081 19.3187 0.0000
vt -164.6840 20.3574 0.0000
vt -165.3130 20.9724 0.0000
vt -165.3348 21.0328 0.0000
vt -166.9231 20.3938 0.0000
vt -166.4230 18.5047 0.0000
vt -166.2732 18.4477 0.0000
vt -162.5761 4.1088 0.0000
vt -162.5757 3.6364 0.0000
vt -162.1522 3.5182 0.0000
vt -161.8392 3.2085 0.0000
vt -161.7154 2.7854 0.0000
vt -161.6749 1.2714 0.0000
vt -161.7241 0.7192 0.0000
vt -160.6331 0.8574 0.0000
vt -161.5029 4.2448 0.0000
vt -162.1228 9.2222 0.0000
vt -162.7816 11.7881 0.0000
vt -163.1963 11.7357 0.0000
vt -163.1961 9.0866 0.0000
vt 160.9077 3.0617 0.0000
vt 161.9987 2.9237 0.0000
vt 161.9492 3.4750 0.0000
vt 161.9892 4.9865 0.0000
vt 162.1127 5.4090 0.0000
vt 162.4257 5.7182 0.0000
vt 162.8491 5.8362 0.0000
vt 162.8493 6.3215 0.0000
vt 161.7794 6.4569 0.0000
vt 162.5503 15.9331 0.0000
vt 162.0697 14.0612 0.0000
vt 162.2813 14.1415 0.0000
vt 163.7610 14.4444 0.0000
vt 163.6412 15.7947 0.0000
vt -163.4436 22.4870 0.0000
vt -164.5343 22.3470 0.0000
vt -164.6503 20.9816 0.0000
vt -163.1695 20.6753 0.0000
vt -162.9575 20.5942 0.0000
vt -166.2734 1.1213 0.0000
vt -165.1825 0.9830 0.0000
vt -165.2317 1.5353 0.0000
vt -165.1912 3.0492 0.0000
vt -165.0674 3.4723 0.0000
vt -164.7543 3.7820 0.0000
vt -164.3309 3.9002 0.0000
vt -164.3305 4.3726 0.0000
vt -165.4037 4.5086 0.0000
vt -163.7257 9.1107 0.0000
vt -163.7255 11.7598 0.0000
vt -164.1402 11.8122 0.0000
vt -164.7990 9.2464 0.0000
vt 164.0657 6.4519 0.0000
vt 164.0659 5.9665 0.0000
vt 164.4894 5.8485 0.0000
vt 164.8023 5.5393 0.0000
vt 164.9259 5.1169 0.0000
vt 164.9658 3.6054 0.0000
vt 164.9163 3.0541 0.0000
vt 166.0073 3.1921 0.0000
vt 165.1356 6.5872 0.0000
vt 164.3490 16.3120 0.0000
vt 163.2580 16.1735 0.0000
vt 163.1383 14.8232 0.0000
vt 164.6179 14.5203 0.0000
vt 164.8296 14.4401 0.0000
vt -163.3965 23.7839 0.0000
vt -163.8825 21.8911 0.0000
vt -163.6706 21.9722 0.0000
vt -162.1898 22.2785 0.0000
vt -162.3057 23.6439 0.0000
vt -168.0432 5.5824 0.0000
vt -169.0013 3.8425 0.0000
vt -169.5037 2.4290 0.0000
vt -167.9127 1.7970 0.0000
vt -167.0378 5.1830 0.0000
vt -165.3061 9.3998 0.0000
vt -164.6469 11.9655 0.0000
vt -165.0356 12.1194 0.0000
vt -166.3119 9.7981 0.0000
vt 167.1561 3.6128 0.0000
vt 168.7475 4.2439 0.0000
vt 168.2468 5.6554 0.0000
vt 167.2843 7.4048 0.0000
vt 166.2818 7.0073 0.0000
vt 161.8539 23.5481 0.0000
vt 159.6893 22.6759 0.0000
vt 161.0331 22.1645 0.0000
vt 162.2111 21.4805 0.0000
vt 162.8567 21.7406 0.0000
vt 156.9331 37.3855 0.0000
vt 156.2912 37.1163 0.0000
vt 157.4827 36.4161 0.0000
vt -156.8953 37.4599 0.0000
vt -157.4444 36.4911 0.0000
vt -156.2533 37.1909 0.0000
vt -161.1569 26.2661 0.0000
vt -160.5121 26.0039 0.0000
vt -159.3282 26.6933 0.0000
vt -157.9794 27.2087 0.0000
vt -160.1412 28.0878 0.0000
vt -159.2843 23.9568 0.0000
vt -160.8726 24.5958 0.0000
vt -160.8944 24.5354 0.0000
vt -161.5234 23.9204 0.0000
vt -162.0993 22.8817 0.0000
vt -159.9342 22.0107 0.0000
vt -159.7844 22.0677 0.0000
vt -170.3385 7.2163 0.0000
vt -171.6998 5.7700 0.0000
vt -171.1485 6.1924 0.0000
vt -170.6865 5.8206 0.0000
vt -170.1912 5.4945 0.0000
vt -170.4245 4.8404 0.0000
vt -169.4643 6.5791 0.0000
vt -166.7656 10.0671 0.0000
vt -165.4890 12.3882 0.0000
vt -165.8271 12.6340 0.0000
vt -167.6407 10.7031 0.0000
vt 168.2933 8.0657 0.0000
vt 169.2569 6.3169 0.0000
vt 169.0247 6.9703 0.0000
vt 169.5203 7.2960 0.0000
vt 169.9826 7.6674 0.0000
vt 170.5329 7.2455 0.0000
vt 169.1653 8.7002 0.0000
vt 165.0562 15.7340 0.0000
vt 164.2508 16.5889 0.0000
vt 164.7781 15.5310 0.0000
vt 159.7046 23.8502 0.0000
vt 159.4278 23.6455 0.0000
vt 160.3710 21.7918 0.0000
vt 161.1289 22.3522 0.0000
vt -150.9015 38.1051 0.0000
vt -151.6802 37.3090 0.0000
vt -151.8740 36.5727 0.0000
vt -150.8246 35.7656 0.0000
vt -149.7752 34.9586 0.0000
vt -149.1133 35.3350 0.0000
vt -148.5438 36.2920 0.0000
vt -149.2910 36.8666 0.0000
vt -149.8242 36.3643 0.0000
vt -150.0979 36.2811 0.0000
vt -150.3613 36.3681 0.0000
vt -150.5130 36.6003 0.0000
vt -150.5028 36.8862 0.0000
vt -150.1543 37.5305 0.0000
vt -158.2401 26.7945 0.0000
vt -157.4847 26.2308 0.0000
vt -156.5221 28.0954 0.0000
vt -156.7980 28.3013 0.0000
vt -160.1273 23.1816 0.0000
vt -159.8503 22.9771 0.0000
vt -159.3094 24.0428 0.0000
vt -175.1211 7.4063 0.0000
vt -174.0319 6.0855 0.0000
vt -172.8404 6.9969 0.0000
vt -171.4778 8.4420 0.0000
vt -172.1661 9.2767 0.0000
vt -168.0144 11.0681 0.0000
vt -166.2007 12.9988 0.0000
vt -166.4671 13.3209 0.0000
vt -168.7039 11.9017 0.0000
vt 169.9839 9.5455 0.0000
vt 171.3522 8.0913 0.0000
vt 172.5411 7.1806 0.0000
vt 173.6313 8.5005 0.0000
vt 170.6706 10.3770 0.0000
vt 157.5170 19.7204 0.0000
vt 157.9560 20.2604 0.0000
vt 157.6500 21.5879 0.0000
vt 157.5579 23.0227 0.0000
vt 156.0858 21.2118 0.0000
vt 143.5540 33.3665 0.0000
vt 144.3448 32.5814 0.0000
vt 143.9824 33.9150 0.0000
vt -143.5038 33.3686 0.0000
vt -143.9325 33.9170 0.0000
vt -144.2939 32.5836 0.0000
vt -152.1161 25.0284 0.0000
vt -153.5801 26.8458 0.0000
vt -153.6856 25.4058 0.0000
vt -154.0052 24.0736 0.0000
vt -153.5685 23.5315 0.0000
vt -156.6698 20.6293 0.0000
vt -155.8484 21.4871 0.0000
vt -155.4474 22.2701 0.0000
vt -155.3962 22.3089 0.0000
vt -156.4771 23.6365 0.0000
vt -158.1332 22.5990 0.0000
vt -158.1432 22.4391 0.0000
vt -173.4375 11.6267 0.0000
vt -173.8869 11.4811 0.0000
vt -173.8692 11.0417 0.0000
vt -174.0676 10.6486 0.0000
vt -174.4322 10.4008 0.0000
vt -175.8604 9.8968 0.0000
vt -176.4010 9.7738 0.0000
vt -175.9340 8.7782 0.0000
vt -172.9781 10.6472 0.0000
vt -168.9763 12.3391 0.0000
vt -166.7395 13.7582 0.0000
vt -166.9174 14.1364 0.0000
vt -169.4368 13.3180 0.0000
vt 174.2212 9.4744 0.0000
vt 174.6888 10.4697 0.0000
vt 174.1490 10.5926 0.0000
vt 172.7234 11.0965 0.0000
vt 172.3596 11.3443 0.0000
vt 172.1620 11.7373 0.0000
vt 172.1803 12.1765 0.0000
vt 171.7186 12.3262 0.0000
vt 171.2600 11.3502 0.0000
vt 163.7620 14.2683 0.0000
vt 163.2956 15.2641 0.0000
vt 161.9736 14.9639 0.0000
vt 162.1392 13.4627 0.0000
vt 162.1278 13.2366 0.0000
vt 154.7757 11.9228 0.0000
vt 154.3140 11.7731 0.0000
vt 154.3323 11.3339 0.0000
vt 154.1346 10.9409 0.0000
vt 153.7708 10.6931 0.0000
vt 152.3452 10.1892 0.0000
vt 151.8055 10.0663 0.0000
vt 152.2731 9.0710 0.0000
vt 155.2342 10.9468 0.0000
vt 150.6640 14.0222 0.0000
vt 150.8697 12.9420 0.0000
vt 151.3788 13.1594 0.0000
vt 152.8287 13.5883 0.0000
vt 153.2687 13.6013 0.0000
vt 153.6594 13.3992 0.0000
vt 153.9024 13.0329 0.0000
vt 154.3641 13.1827 0.0000
vt 154.1623 14.2420 0.0000
vt -150.1213 7.9629 0.0000
vt -149.6543 8.9585 0.0000
vt -150.1949 9.0814 0.0000
vt -151.6231 9.5854 0.0000
vt -151.9877 9.8333 0.0000
vt -152.1861 10.2264 0.0000
vt -152.1684 10.6657 0.0000
vt -152.6178 10.8113 0.0000
vt -153.0772 9.8319 0.0000
vt -168.4515 16.9601 0.0000
vt -168.6544 15.8793 0.0000
vt -167.3912 15.3482 0.0000
vt -166.6435 16.6626 0.0000
vt -166.5010 16.8392 0.0000
vt -152.0051 12.6851 0.0000
vt -151.5557 12.5395 0.0000
vt -151.3125 12.9058 0.0000
vt -150.9212 13.1080 0.0000
vt -150.4806 13.0950 0.0000
vt -149.0282 12.6660 0.0000
vt -148.5181 12.4486 0.0000
vt -148.3127 13.5289 0.0000
vt -151.8030 13.7479 0.0000
vt -157.0340 14.8291 0.0000
vt -159.6778 14.9954 0.0000
vt -159.7561 14.5848 0.0000
vt -157.2366 13.7664 0.0000
vt -169.4790 16.6473 0.0000
vt -169.3363 14.3180 0.0000
vt -168.4172 15.4316 0.0000
vt -167.3858 16.3333 0.0000
vt -167.4284 17.0281 0.0000
vt -171.6495 17.0791 0.0000
vt -171.6082 16.3843 0.0000
vt -170.5535 17.2765 0.0000
vt -166.7042 16.7085 0.0000
vt -167.8715 16.4894 0.0000
vt -168.6534 16.0862 0.0000
vt -168.7176 16.0846 0.0000
vt -168.6118 14.3759 0.0000
vt -166.6613 14.2551 0.0000
vt -166.5600 14.3793 0.0000
vt 171.4012 17.1004 0.0000
vt 170.3044 17.2978 0.0000
vt 171.3599 16.4056 0.0000
vt 164.9715 17.0868 0.0000
vt 164.9285 16.3921 0.0000
vt 165.9496 15.4904 0.0000
vt 166.8591 14.3769 0.0000
vt 167.0031 16.7061 0.0000
vt 154.1460 16.6550 0.0000
vt 152.1845 17.0286 0.0000
vt 150.6873 17.0676 0.0000
vt 150.5800 15.3590 0.0000
vt 154.0784 15.5788 0.0000
vt -166.9728 16.4221 0.0000
vt -168.0508 15.9236 0.0000
vt -166.8680 16.0942 0.0000
vt -169.6971 16.0600 0.0000
vt -169.5933 15.7318 0.0000
vt -167.5160 16.0285 0.0000
vt -167.8003 16.9272 0.0000
vt -148.1876 15.5244 0.0000
vt -148.2947 17.2330 0.0000
vt -149.7944 17.1940 0.0000
vt -151.7456 16.8230 0.0000
vt -151.6779 15.7433 0.0000
vt -157.0672 16.4605 0.0000
vt -159.6693 15.9642 0.0000
vt -159.6493 15.6452 0.0000
vt -159.6431 15.5471 0.0000
vt -156.9993 15.3808 0.0000
vt -171.1667 14.1742 0.0000
vt -170.0708 14.3725 0.0000
vt -169.4865 14.8607 0.0000
vt -169.8750 16.1263 0.0000
vt -170.2634 17.3918 0.0000
vt -171.0210 17.4681 0.0000
vt -172.0394 17.0174 0.0000
vt -171.7628 16.1164 0.0000
vt -171.0373 16.2172 0.0000
vt -170.7659 16.1266 0.0000
vt -170.6015 15.9032 0.0000
vt -170.6123 15.6261 0.0000
vt -170.7861 15.3988 0.0000
vt -171.4433 15.0752 0.0000
vt 165.3925 17.2678 0.0000
vt 165.1058 16.3699 0.0000
vt 167.1644 16.0734 0.0000
vt 167.2691 16.4014 0.0000
vt 161.7606 17.5753 0.0000
vt 161.6547 17.2477 0.0000
vt 162.8243 17.0772 0.0000
vt 154.7290 18.9876 0.0000
vt 152.9217 19.8366 0.0000
vt 153.4935 19.4443 0.0000
vt 153.2839 18.8895 0.0000
vt 153.1280 18.3174 0.0000
vt 152.4348 18.3355 0.0000
vt 154.3962 17.9619 0.0000
vt -157.5049 18.0307 0.0000
vt -159.9019 16.9031 0.0000
vt -159.7728 16.5056 0.0000
vt -157.1707 17.0018 0.0000
vt -152.1184 18.7693 0.0000
vt -150.1671 19.1404 0.0000
vt -150.8614 19.1223 0.0000
vt -151.0170 19.6946 0.0000
vt -151.2264 20.2494 0.0000
vt -150.6534 20.6418 0.0000
vt -152.4517 19.7985 0.0000
vt -168.7406 14.4722 0.0000
vt -167.8337 13.0202 0.0000
vt -167.7805 13.0561 0.0000
vt -166.9099 13.1824 0.0000
vt -165.8327 13.6824 0.0000
vt -167.0689 15.6618 0.0000
vt -167.2235 15.7040 0.0000
vt -166.5339 13.7034 0.0000
vt -166.8997 14.2955 0.0000
vt -168.2624 14.4374 0.0000
vt -169.6555 14.8171 0.0000
vt -168.4287 12.8319 0.0000
vt -170.7947 13.2607 0.0000
vt -169.7784 13.7162 0.0000
vt -171.1526 13.8577 0.0000
vt 170.5952 13.4270 0.0000
vt 170.9529 14.0241 0.0000
vt 169.5781 13.8825 0.0000
vt 166.1211 13.6138 0.0000
vt 167.3560 15.5940 0.0000
vt 165.9689 15.2153 0.0000
vt 164.6141 15.0738 0.0000
vt 164.2458 14.4831 0.0000
vt 153.1681 23.3043 0.0000
vt 152.2518 21.8582 0.0000
vt 153.4867 21.0107 0.0000
vt 155.2938 20.1615 0.0000
vt 155.8710 21.0725 0.0000
vt -158.3188 19.4372 0.0000
vt -160.3603 17.7490 0.0000
vt -160.1363 17.3961 0.0000
vt -157.7393 18.5238 0.0000
vt -153.2916 21.5317 0.0000
vt -151.4935 22.3755 0.0000
vt -150.2560 23.2233 0.0000
vt -151.1711 24.6702 0.0000
vt -153.8699 22.4460 0.0000
vt -166.9129 11.6464 0.0000
vt -165.3997 12.8830 0.0000
vt -165.6185 12.9433 0.0000
vt -166.9927 13.5741 0.0000
vt -167.7085 12.4056 0.0000
vt 162.7784 15.1540 0.0000
vt 163.5782 15.9087 0.0000
vt 162.8794 17.0703 0.0000
vt 161.5054 16.4432 0.0000
vt 161.2871 16.3833 0.0000
vt 157.4924 22.7643 0.0000
vt 157.2067 23.1566 0.0000
vt 156.7949 23.0030 0.0000
vt 156.3599 23.0689 0.0000
vt 156.0115 23.3378 0.0000
vt 155.0901 24.5366 0.0000
vt 154.8057 25.0116 0.0000
vt 154.0047 24.2581 0.0000
vt 156.7069 22.0254 0.0000
vt -159.4564 20.5890 0.0000
vt -161.0138 18.4462 0.0000
vt -160.7092 18.1600 0.0000
vt -158.6679 19.8483 0.0000
vt -152.4112 26.0546 0.0000
vt -153.2116 26.8086 0.0000
vt -153.4969 26.3333 0.0000
vt -154.4211 25.1334 0.0000
vt -154.7702 24.8643 0.0000
vt -155.2056 24.7983 0.0000
vt -155.6175 24.9521 0.0000
vt -155.8960 24.5705 0.0000
vt -155.1086 23.8286 0.0000
vt -167.5089 11.1837 0.0000
vt -166.5489 10.6474 0.0000
vt -165.6435 11.6761 0.0000
vt -166.6516 12.8031 0.0000
vt -166.7737 12.9944 0.0000
vt 164.4118 16.0815 0.0000
vt 163.6958 17.8766 0.0000
vt 163.5722 17.6870 0.0000
vt 162.5560 16.5696 0.0000
vt 163.4492 15.5499 0.0000
vt 158.1874 27.2106 0.0000
vt 157.2241 26.6802 0.0000
vt 157.5885 26.2635 0.0000
vt 158.4458 25.0180 0.0000
vt 158.5944 24.6037 0.0000
vt 158.5234 24.1696 0.0000
vt 158.2505 23.8250 0.0000
vt 158.5359 23.4325 0.0000
vt 159.4806 23.9526 0.0000
vt -160.8439 21.4129 0.0000
vt -161.8195 18.9501 0.0000
vt -161.4533 18.7487 0.0000
vt -159.8960 20.8916 0.0000
vt -157.4341 25.5071 0.0000
vt -157.1561 25.8890 0.0000
vt -157.4286 26.2341 0.0000
vt -157.4991 26.6687 0.0000
vt -157.3498 27.0835 0.0000
vt -156.4905 28.3306 0.0000
vt -156.1253 28.7478 0.0000
vt -157.0882 29.2789 0.0000
vt -158.3814 26.0296 0.0000
vt -166.9894 7.6348 0.0000
vt -164.7329 7.0398 0.0000
vt -165.5020 8.2618 0.0000
vt -166.0348 9.5239 0.0000
vt -166.7078 9.7014 0.0000
vt -168.7838 3.0330 0.0000
vt -168.1121 2.8505 0.0000
vt -168.6211 4.1347 0.0000
vt 168.7402 3.2192 0.0000
vt 168.5771 4.3216 0.0000
vt 168.0685 3.0366 0.0000
vt 165.7963 12.8979 0.0000
vt 165.1228 12.7220 0.0000
vt 164.5847 11.4705 0.0000
vt 163.8106 10.2589 0.0000
vt 166.0685 10.8489 0.0000
vt 161.6995 24.5701 0.0000
vt 161.4481 26.5509 0.0000
vt 161.0222 27.9867 0.0000
vt 159.3641 27.5603 0.0000
vt 160.6551 24.3015 0.0000
vt -161.9745 6.9306 0.0000
vt -162.9171 6.9306 0.0000
vt -162.5735 4.8605 0.0000
vt -162.2292 4.8605 0.0000
vt 164.0008 24.5949 0.0000
vt 164.2507 26.5759 0.0000
vt 164.0540 25.9110 0.0000
vt 163.4617 25.9392 0.0000
vt 162.8693 25.9110 0.0000
vt 162.6726 26.5759 0.0000
vt 162.9225 24.5949 0.0000
vt -158.8114 29.7268 0.0000
vt -160.4693 30.1538 0.0000
vt -160.8964 28.7158 0.0000
vt -161.1477 26.7455 0.0000
vt -160.1001 26.4756 0.0000
vt 164.9487 -2.3339 0.0000
vt 165.0807 -1.2274 0.0000
vt 164.7855 -0.5251 0.0000
vt 163.4617 -0.5251 0.0000
vt 162.1378 -0.5251 0.0000
vt 161.8426 -1.2274 0.0000
vt 161.9745 -2.3339 0.0000
vt 162.9171 -2.3339 0.0000
vt 163.0336 -1.6102 0.0000
vt 163.1999 -1.3773 0.0000
vt 163.4617 -1.2856 0.0000
vt 163.7234 -1.3773 0.0000
vt 163.8897 -1.6102 0.0000
vt 164.0062 -2.3339 0.0000
vt 166.3269 17.8917 0.0000
vt 166.7765 18.2556 0.0000
vt 166.8263 17.1047 0.0000
vt 167.3543 17.3450 0.0000
vt 167.1143 16.2182 0.0000
vt 167.6875 16.3194 0.0000
vt 167.7553 15.2432 0.0000
vt 167.1729 15.2879 0.0000
vt 167.5532 14.1839 0.0000
vt 166.9982 14.3723 0.0000
vt 160.5167 12.3772 0.0000
vt 160.9161 12.8107 0.0000
vt 160.3220 13.5289 0.0000
vt 159.8293 13.2081 0.0000
vt 164.0008 19.7815 0.0000
vt 162.9225 19.7815 0.0000
vt 162.9956 19.2106 0.0000
vt 163.9277 19.2106 0.0000
vt 161.3891 11.7433 0.0000
vt 161.6702 12.2628 0.0000
vt 162.3918 11.3464 0.0000
vt 162.5369 11.9196 0.0000
vt 163.4617 11.2112 0.0000
vt 163.4617 11.8028 0.0000
vt 164.5315 11.3464 0.0000
vt 164.3864 11.9196 0.0000
vt 165.2531 12.2628 0.0000
vt 166.0072 12.8107 0.0000
vt 166.6013 13.5289 0.0000
vt 163.4617 14.2143 0.0000
vt 163.7867 14.2554 0.0000
vt 164.0913 14.3760 0.0000
vt 164.3564 14.5686 0.0000
vt 164.5652 14.8210 0.0000
vt 164.7047 15.1175 0.0000
vt 164.7661 15.4393 0.0000
vt 164.7456 15.7663 0.0000
vt 164.6443 16.0779 0.0000
vt 164.4688 16.3545 0.0000
vt 164.2299 16.5788 0.0000
vt 163.9428 16.7367 0.0000
vt 163.6255 16.8181 0.0000
vt 163.2978 16.8181 0.0000
vt 160.0970 17.1047 0.0000
vt 160.5964 17.8917 0.0000
vt 161.2759 18.5298 0.0000
vt 162.0928 18.9788 0.0000
vt 159.9251 14.3723 0.0000
vt 163.1366 14.2554 0.0000
vt 162.8320 14.3760 0.0000
vt 159.7504 15.2879 0.0000
vt 162.5669 14.5686 0.0000
vt 162.3581 14.8210 0.0000
vt 162.2186 15.1175 0.0000
vt 162.1572 15.4393 0.0000
vt 159.8089 16.2182 0.0000
vt 162.1777 15.7663 0.0000
vt 162.2790 16.0779 0.0000
vt 162.4545 16.3545 0.0000
vt 162.6934 16.5788 0.0000
vt 162.9805 16.7367 0.0000
vt 165.5342 11.7433 0.0000
vt 166.4066 12.3772 0.0000
vt 167.0940 13.2081 0.0000
vt 159.3701 14.1839 0.0000
vt 159.1680 15.2432 0.0000
vt 159.2357 16.3194 0.0000
vt 159.5690 17.3450 0.0000
vt 160.1468 18.2556 0.0000
vt 160.9329 18.9938 0.0000
vt 161.8779 19.5133 0.0000
vt 77.9884 25.9184 0.0000
vt 77.9884 25.5908 0.0000
vt 85.0195 25.5908 0.0000
vt 85.0195 25.9184 0.0000
vt 77.9884 -15.2194 0.0000
vt 77.9884 -15.5470 0.0000
vt 85.0195 -15.5470 0.0000
vt 85.0195 -15.2194 0.0000
vt 77.9884 -55.3906 0.0000
vt 77.9884 -55.7182 0.0000
vt 85.0195 -55.7182 0.0000
vt 85.0195 -55.3906 0.0000
vt 77.9884 -92.0711 0.0000
vt 77.9884 -92.3988 0.0000
vt 85.0195 -92.3988 0.0000
vt 85.0195 -92.0711 0.0000
vt 77.9884 -122.9562 0.0000
vt 77.9884 -123.2838 0.0000
vt 85.0195 -123.2838 0.0000
vt 85.0195 -122.9562 0.0000
vt 77.9884 -146.1052 0.0000
vt 77.9884 -146.4328 0.0000
vt 85.0195 -146.4328 0.0000
vt 85.0195 -146.1052 0.0000
vt 77.9884 -160.0635 0.0000
vt 77.9884 -160.3912 0.0000
vt 85.0195 -160.3912 0.0000
vt 85.0195 -160.0635 0.0000
vt -77.9884 163.9542 0.0000
vt -77.9884 164.2819 0.0000
vt -85.0195 164.2819 0.0000
vt -85.0195 163.9542 0.0000
vt -77.9884 157.5328 0.0000
vt -77.9884 157.8604 0.0000
vt -85.0195 157.8604 0.0000
vt -85.0195 157.5328 0.0000
vt -77.9884 141.2027 0.0000
vt -77.9884 141.5303 0.0000
vt -85.0195 141.5303 0.0000
vt -85.0195 141.2027 0.0000
vt -77.9884 115.9900 0.0000
vt -77.9884 116.3176 0.0000
vt -85.0195 116.3176 0.0000
vt -85.0195 115.9900 0.0000
vt -77.9884 83.4789 0.0000
vt -77.9884 83.8066 0.0000
vt -85.0195 83.8066 0.0000
vt -85.0195 83.4789 0.0000
vt -77.9884 45.7123 0.0000
vt -77.9884 46.0399 0.0000
vt -85.0195 46.0399 0.0000
vt -85.0195 45.7123 0.0000
vt -77.9884 5.0631 0.0000
vt -77.9884 5.3907 0.0000
vt -85.0195 5.3907 0.0000
vt -85.0195 5.0631 0.0000
vt -77.9884 -35.9145 0.0000
vt -77.9884 -35.5869 0.0000
vt -85.0195 -35.5869 0.0000
vt -85.0195 -35.9145 0.0000
vt -77.9884 -74.6458 0.0000
vt -77.9884 -74.3182 0.0000
vt -85.0195 -74.3182 0.0000
vt -85.0195 -74.6458 0.0000
vt -77.9884 -108.6971 0.0000
vt -77.9884 -108.3695 0.0000
vt -85.0195 -108.3695 0.0000
vt -85.0195 -108.6971 0.0000
vt -77.9884 -135.9289 0.0000
vt -77.9884 -135.6012 0.0000
vt -85.0195 -135.6012 0.0000
vt -85.0195 -135.9289 0.0000
vt -77.9884 -154.6300 0.0000
vt -77.9884 -154.3024 0.0000
vt -85.0195 -154.3024 0.0000
vt -85.0195 -154.6300 0.0000
vt -163.6255 77.9884 0.0000
vt -163.2978 77.9884 0.0000
vt -163.2978 85.0195 0.0000
vt -163.6255 85.0195 0.0000
vt 77.9884 162.3500 0.0000
vt 77.9884 162.0224 0.0000
vt 85.0195 162.0224 0.0000
vt 85.0195 162.3500 0.0000
vt 77.9884 150.8838 0.0000
vt 77.9884 150.5562 0.0000
vt 85.0195 150.5562 0.0000
vt 85.0195 150.8838 0.0000
vt 77.9884 129.9474 0.0000
vt 77.9884 129.6197 0.0000
vt 85.0195 129.6197 0.0000
vt 85.0195 129.9474 0.0000
vt 77.9884 100.8561 0.0000
vt 77.9884 100.5285 0.0000
vt 85.0195 100.5285 0.0000
vt 85.0195 100.8561 0.0000
vt 77.9884 65.4380 0.0000
vt 77.9884 65.1103 0.0000
vt 85.0195 65.1103 0.0000
vt 85.0195 65.4380 0.0000
vt 177.6785 21.8510 0.0000
vt 178.7777 18.4676 0.0000
vt 179.5430 18.6154 0.0000
vt 178.3835 22.1845 0.0000
vt -173.8885 8.5115 0.0000
vt -175.4030 11.7305 0.0000
vt -176.1440 11.4915 0.0000
vt -174.5464 8.0958 0.0000
vt -150.1519 14.7393 0.0000
vt -150.9295 14.7864 0.0000
vt -151.5959 11.2919 0.0000
vt -150.8549 11.0530 0.0000
vt -170.6348 25.5901 0.0000
vt -171.0928 26.2222 0.0000
vt -173.8282 23.6530 0.0000
vt -173.2278 23.1547 0.0000
vt -174.6689 20.8733 0.0000
vt -175.3739 21.2067 0.0000
vt -176.5334 17.6376 0.0000
vt -175.7680 17.4899 0.0000
vt -166.3640 3.2194 0.0000
vt -169.6715 4.5292 0.0000
vt -170.0469 3.8482 0.0000
vt -166.5578 2.4665 0.0000
vt 163.6470 -0.2835 0.0000
vt 163.6470 -1.0608 0.0000
vt 167.3701 -0.5904 0.0000
vt 167.1763 0.1625 0.0000
vt 157.5816 30.7314 0.0000
vt 157.8684 30.0052 0.0000
vt 161.3141 30.8901 0.0000
vt 161.2164 31.6648 0.0000
vt -171.8548 6.1350 0.0000
vt -174.1222 8.8763 0.0000
vt -174.7800 8.4606 0.0000
vt -172.3882 5.5689 0.0000
vt 150.9022 26.0183 0.0000
vt 151.5025 25.5199 0.0000
vt 154.0956 27.9554 0.0000
vt 153.6375 28.5874 0.0000
vt -172.9500 23.4839 0.0000
vt -173.5504 23.9822 0.0000
vt -175.5609 20.8135 0.0000
vt -174.8560 20.4800 0.0000
vt 147.0399 14.1457 0.0000
vt 147.7430 10.4595 0.0000
vt 148.4839 10.6984 0.0000
vt 147.8175 14.1929 0.0000
vt 161.5853 31.6963 0.0000
vt 161.6829 30.9215 0.0000
vt 165.2404 30.9215 0.0000
vt 165.3380 31.6963 0.0000
vt -175.2683 11.3145 0.0000
vt -175.9347 14.8089 0.0000
vt -176.7123 14.7618 0.0000
vt -176.0092 11.0755 0.0000
vt -164.8195 27.8004 0.0000
vt -164.9173 28.5751 0.0000
vt -168.5520 27.6417 0.0000
vt -168.2652 26.9155 0.0000
vt 152.3323 3.2333 0.0000
vt 155.3681 1.0272 0.0000
vt 155.7435 1.7082 0.0000
vt 152.8657 3.7994 0.0000
vt -155.4668 26.0296 0.0000
vt -158.7552 27.8378 0.0000
vt -159.0420 27.1116 0.0000
vt -155.9248 25.3975 0.0000
vt -158.3675 27.6710 0.0000
vt -162.0023 28.6045 0.0000
vt -162.1000 27.8297 0.0000
vt -158.6543 26.9449 0.0000
vt 147.3250 18.6513 0.0000
vt 148.0903 18.5035 0.0000
vt 149.1895 21.8869 0.0000
vt 148.4845 22.2204 0.0000
vt 149.6631 6.3790 0.0000
vt 152.0549 3.4873 0.0000
vt 152.5883 4.0534 0.0000
vt 150.3209 6.7947 0.0000
vt 172.7992 27.8945 0.0000
vt 175.3922 25.4590 0.0000
vt 175.9926 25.9574 0.0000
vt 173.2572 28.5266 0.0000
vt -167.8671 27.0601 0.0000
vt -168.1540 27.7863 0.0000
vt -171.4424 25.9781 0.0000
vt -170.9844 25.3461 0.0000
vt -163.2491 2.8655 0.0000
vt -166.7785 3.3114 0.0000
vt -166.9722 2.5585 0.0000
vt -163.2491 2.0881 0.0000
vt 165.6055 30.8607 0.0000
vt 169.0511 29.9759 0.0000
vt 169.3380 30.7021 0.0000
vt 165.7032 31.6355 0.0000
vt 153.9440 28.7989 0.0000
vt 154.4020 28.1669 0.0000
vt 157.5193 29.8809 0.0000
vt 157.2324 30.6071 0.0000
vt -153.0665 23.7139 0.0000
vt -155.8019 26.2831 0.0000
vt -156.2599 25.6510 0.0000
vt -153.6669 23.2155 0.0000
vt -169.2935 4.3331 0.0000
vt -172.1714 6.4244 0.0000
vt -172.7047 5.8583 0.0000
vt -169.6689 3.6522 0.0000
vt 148.6482 22.5632 0.0000
vt 149.3532 22.2298 0.0000
vt 151.2591 25.2336 0.0000
vt 150.6588 25.7319 0.0000
vt 155.6996 0.8556 0.0000
vt 159.1887 -0.5261 0.0000
vt 159.3826 0.2268 0.0000
vt 156.0750 1.5365 0.0000
vt 147.0166 14.5296 0.0000
vt 147.7942 14.5767 0.0000
vt 148.0175 18.1272 0.0000
vt 147.2522 18.2749 0.0000
vt 159.5522 -0.6057 0.0000
vt 163.2753 -1.0761 0.0000
vt 163.2754 -0.2988 0.0000
vt 159.7460 0.1472 0.0000
vt 171.1586 1.7666 0.0000
vt 171.5340 1.0857 0.0000
vt 174.5698 3.2917 0.0000
vt 174.0364 3.8579 0.0000
vt 167.5324 0.2688 0.0000
vt 167.7262 -0.4840 0.0000
vt 171.2153 0.8977 0.0000
vt 170.8400 1.5786 0.0000
vt 178.8448 18.1195 0.0000
vt 179.0682 14.5691 0.0000
vt 179.8457 14.5219 0.0000
vt 179.6101 18.2672 0.0000
vt 175.6206 25.1784 0.0000
vt 177.5266 22.1745 0.0000
vt 178.2316 22.5080 0.0000
vt 176.2210 25.6767 0.0000
vt 178.3802 10.7209 0.0000
vt 179.1212 10.4820 0.0000
vt 179.8243 14.1683 0.0000
vt 179.0467 14.2154 0.0000
vt -156.8681 3.8062 0.0000
vt -157.2434 4.4871 0.0000
vt -160.5510 3.1773 0.0000
vt -160.3572 2.4245 0.0000
vt 169.3898 29.8295 0.0000
vt 172.5071 28.1154 0.0000
vt 172.9651 28.7475 0.0000
vt 169.6767 30.5556 0.0000
vt -175.6848 17.9207 0.0000
vt -176.4501 18.0685 0.0000
vt -176.6857 14.3232 0.0000
vt -175.9081 14.3703 0.0000
vt 176.7568 7.1620 0.0000
vt 177.4146 6.7464 0.0000
vt 179.0122 10.1421 0.0000
vt 178.2712 10.3810 0.0000
vt -154.1973 5.7998 0.0000
vt -154.7307 6.3660 0.0000
vt -157.6086 4.2747 0.0000
vt -157.2331 3.5938 0.0000
vt -150.7291 11.4443 0.0000
vt -151.4701 11.6832 0.0000
vt -152.9846 8.4642 0.0000
vt -152.3267 8.0486 0.0000
vt 174.2986 4.1137 0.0000
vt 174.8320 3.5476 0.0000
vt 177.2238 6.4393 0.0000
vt 176.5659 6.8550 0.0000
vt -152.1068 8.4003 0.0000
vt -152.7647 8.8160 0.0000
vt -155.0320 6.0747 0.0000
vt -154.4986 5.5086 0.0000
vt -161.5853 28.5368 0.0000
vt -165.3380 28.5368 0.0000
vt -165.2404 27.7620 0.0000
vt -161.6829 27.7620 0.0000
vt -150.1767 14.3308 0.0000
vt -150.4122 18.0761 0.0000
vt -151.1776 17.9284 0.0000
vt -150.9542 14.3780 0.0000
vt -150.3347 17.6736 0.0000
vt -151.4941 21.2427 0.0000
vt -152.1991 20.9092 0.0000
vt -151.1000 17.5258 0.0000
vt -151.3188 20.8687 0.0000
vt -153.3294 24.0374 0.0000
vt -153.9297 23.5391 0.0000
vt -152.0238 20.5353 0.0000
vt 147.8609 10.0948 0.0000
vt 149.4585 6.6992 0.0000
vt 150.1163 7.1148 0.0000
vt 148.6019 10.3338 0.0000
vt -159.9501 2.5433 0.0000
vt -160.1439 3.2961 0.0000
vt -163.6732 2.8502 0.0000
vt -163.6732 2.0728 0.0000
vt 191.3375 21.9379 0.0000
vt 188.7802 24.8207 0.0000
vt 188.4552 24.4650 0.0000
vt 190.9455 21.6576 0.0000
vt 162.4060 9.5993 0.0000
vt 165.9351 10.0477 0.0000
vt 165.8611 10.3361 0.0000
vt 162.4056 9.8970 0.0000
vt 163.6880 21.7550 0.0000
vt 160.2435 20.8654 0.0000
vt 160.3533 20.5887 0.0000
vt 163.7259 21.4598 0.0000
vt 164.9487 15.1786 0.0000
vt 167.1132 12.4495 0.0000
vt 167.3045 12.6430 0.0000
vt 165.1806 15.3208 0.0000
vt 163.8038 9.9554 0.0000
vt 167.1088 11.2716 0.0000
vt 166.9650 11.5323 0.0000
vt 163.7290 10.2435 0.0000
vt 169.8764 3.8540 0.0000
vt 171.7648 1.0051 0.0000
vt 172.0401 1.2306 0.0000
vt 170.1914 4.0198 0.0000
vt 171.8948 8.6912 0.0000
vt 174.4267 6.3953 0.0000
vt 174.6380 6.6817 0.0000
vt 172.1593 8.9294 0.0000
vt 174.9989 14.2445 0.0000
vt 172.1807 12.3108 0.0000
vt 172.4106 12.0391 0.0000
vt 175.1697 13.9322 0.0000
vt 173.2502 24.8956 0.0000
vt 171.0318 22.2956 0.0000
vt 171.3245 22.0930 0.0000
vt 173.4964 24.6385 0.0000
vt 170.2073 28.1912 0.0000
vt 168.6582 25.1446 0.0000
vt 168.9901 25.0160 0.0000
vt 170.5067 27.9987 0.0000
vt 167.5313 25.4545 0.0000
vt 166.6703 22.1469 0.0000
vt 167.0220 22.0924 0.0000
vt 167.8650 25.3306 0.0000
vt 166.0647 18.9776 0.0000
vt 165.8927 15.5641 0.0000
vt 166.2481 15.5820 0.0000
vt 166.4166 18.9239 0.0000
vt 169.2618 -34.5186 0.0000
vt 173.0718 -33.9408 0.0000
vt 172.9501 -33.4745 0.0000
vt 169.2398 -34.0372 0.0000
vt 149.3951 22.3022 0.0000
vt 150.8275 25.4772 0.0000
vt 150.5679 25.5585 0.0000
vt 149.1624 22.4430 0.0000
vt 160.5091 24.6796 0.0000
vt 163.9625 25.1346 0.0000
vt 163.8948 25.3981 0.0000
vt 160.5062 24.9516 0.0000
vt 151.6715 -38.5881 0.0000
vt 148.4167 -37.5451 0.0000
vt 148.3428 -37.8932 0.0000
vt 151.5293 -38.9144 0.0000
vt 157.6344 26.7239 0.0000
vt 160.8539 28.0534 0.0000
vt 160.7206 28.2906 0.0000
vt 157.5616 26.9860 0.0000
vt -139.8613 8.9063 0.0000
vt -139.1984 12.4015 0.0000
vt -139.4956 12.4201 0.0000
vt -140.1446 8.9978 0.0000
vt 94.7233 65.8593 0.0000
vt 92.9223 62.4525 0.0000
vt 93.3695 62.2731 0.0000
vt 95.1234 65.5907 0.0000
vt -139.0249 15.1773 0.0000
vt -139.2469 18.7278 0.0000
vt -139.5394 18.6724 0.0000
vt -139.3220 15.1959 0.0000
vt -86.9242 6.7504 0.0000
vt -86.9242 3.4043 0.0000
vt -76.7535 3.4043 0.0000
vt -76.7535 6.7504 0.0000
vt 166.5073 38.1274 0.0000
vt 169.8835 37.5951 0.0000
vt 169.9032 37.9505 0.0000
vt 166.5979 38.4717 0.0000
vt 124.9247 70.0077 0.0000
vt 127.4566 72.3036 0.0000
vt 127.1921 72.5418 0.0000
vt 124.7134 70.2941 0.0000
vt 86.9647 43.8039 0.0000
vt 86.9647 47.6575 0.0000
vt 76.7130 47.6575 0.0000
vt 76.7130 43.8039 0.0000
vt 159.0914 0.8704 0.0000
vt 156.0697 2.6031 0.0000
vt 155.9637 2.3525 0.0000
vt 158.9287 0.6524 0.0000
vt 154.4998 27.1536 0.0000
vt 157.2760 29.2574 0.0000
vt 157.0868 29.4529 0.0000
vt 154.3628 27.3886 0.0000
vt 126.9199 84.6830 0.0000
vt 123.7036 82.5604 0.0000
vt 124.0096 82.1882 0.0000
vt 127.1417 84.2553 0.0000
vt 166.5605 19.9420 0.0000
vt 163.1161 20.8316 0.0000
vt 163.0782 20.5363 0.0000
vt 166.4508 19.6653 0.0000
vt 157.6773 19.3817 0.0000
vt 156.5838 15.9964 0.0000
vt 156.8763 15.9409 0.0000
vt 157.9470 19.2556 0.0000
vt 158.8698 20.7788 0.0000
vt 156.9716 17.7701 0.0000
vt 157.2412 17.6439 0.0000
vt 159.0998 20.5898 0.0000
vt 108.8298 79.3881 0.0000
vt 106.2726 76.5053 0.0000
vt 106.6645 76.2250 0.0000
vt 109.1549 79.0323 0.0000
vt 157.3261 12.1219 0.0000
vt 159.5858 9.3744 0.0000
vt 159.7903 9.5906 0.0000
vt 157.5778 12.2809 0.0000
vt 156.7215 13.7974 0.0000
vt 158.2289 10.5751 0.0000
vt 158.4807 10.7339 0.0000
vt 157.0047 13.8890 0.0000
vt 168.3531 13.8350 0.0000
vt 168.1310 17.3855 0.0000
vt 167.8385 17.3301 0.0000
vt 168.0560 13.8536 0.0000
vt 155.6170 55.6820 0.0000
vt 158.9932 56.2143 0.0000
vt 158.9026 56.5586 0.0000
vt 155.5973 56.0374 0.0000
vt 162.7353 21.7102 0.0000
vt 166.1887 21.2551 0.0000
vt 166.1915 21.5272 0.0000
vt 162.8030 21.9737 0.0000
vt 166.7518 18.2986 0.0000
vt 164.9413 15.3229 0.0000
vt 165.1890 15.2104 0.0000
vt 166.9655 18.1303 0.0000
vt 165.2404 21.0254 0.0000
vt 161.6829 21.0254 0.0000
vt 161.7200 20.7301 0.0000
vt 165.2033 20.7301 0.0000
vt 120.0576 -42.6161 0.0000
vt 117.8392 -40.0160 0.0000
vt 117.5931 -40.2731 0.0000
vt 119.7649 -42.8187 0.0000
vt 159.5535 9.9600 0.0000
vt 162.8584 8.6438 0.0000
vt 162.9333 8.9319 0.0000
vt 159.6972 10.2207 0.0000
vt 160.9579 9.5709 0.0000
vt 164.4870 9.1225 0.0000
vt 164.4874 9.4202 0.0000
vt 161.0320 9.8593 0.0000
vt 135.4386 -45.7227 0.0000
vt 132.6203 -43.7890 0.0000
vt 132.4495 -44.1013 0.0000
vt 135.2086 -45.9944 0.0000
vt 166.1021 11.4053 0.0000
vt 166.6184 8.0266 0.0000
vt 166.9631 8.1156 0.0000
vt 166.4575 11.4233 0.0000
vt 167.5491 5.4801 0.0000
vt 168.7548 2.2820 0.0000
vt 169.0735 2.4405 0.0000
vt 167.8931 5.5715 0.0000
vt 158.3043 10.8150 0.0000
vt 161.1765 8.7159 0.0000
vt 161.3208 8.9763 0.0000
vt 158.5086 11.0316 0.0000
vt 152.7248 -48.8257 0.0000
vt 156.5348 -49.4035 0.0000
vt 156.5568 -48.9222 0.0000
vt 152.8465 -48.3595 0.0000
vt 192.2289 15.0518 0.0000
vt 190.4279 18.4586 0.0000
vt 190.0278 18.1901 0.0000
vt 191.7817 14.8724 0.0000
vt 107.8789 -30.7633 0.0000
vt 106.3297 -27.7167 0.0000
vt 106.0303 -27.9091 0.0000
vt 107.5470 -30.8919 0.0000
vt 133.3721 -55.7650 0.0000
vt 136.8525 -57.4193 0.0000
vt 137.0127 -56.9648 0.0000
vt 133.6233 -55.3539 0.0000
vt -173.7778 6.2356 0.0000
vt -172.3715 9.8234 0.0000
vt -172.8360 9.9513 0.0000
vt -174.2056 6.4575 0.0000
vt -86.9242 85.1803 0.0000
vt -86.9242 81.8341 0.0000
vt -76.7535 81.8341 0.0000
vt -76.7535 85.1803 0.0000
vt 86.9242 160.4759 0.0000
vt 86.9242 163.8220 0.0000
vt 76.7535 163.8220 0.0000
vt 76.7535 160.4759 0.0000
vt -194.9700 17.5628 0.0000
vt -193.7642 14.3647 0.0000
vt -193.4455 14.5232 0.0000
vt -194.6260 17.6542 0.0000
vt -161.7527 75.2940 0.0000
vt -165.1706 75.2940 0.0000
vt -165.1347 74.9399 0.0000
vt -161.7886 74.9399 0.0000
vt -86.9242 165.7724 0.0000
vt -86.9242 162.4262 0.0000
vt -76.7535 162.4262 0.0000
vt -76.7535 165.7724 0.0000
vt 86.9242 -94.0235 0.0000
vt 86.9242 -90.6773 0.0000
vt 76.7535 -90.6773 0.0000
vt 76.7535 -94.0235 0.0000
vt -184.6443 7.7780 0.0000
vt -183.1369 4.5557 0.0000
vt -182.8851 4.7145 0.0000
vt -184.3610 7.8695 0.0000
vt -107.8479 49.4897 0.0000
vt -106.4415 45.9019 0.0000
vt -106.0137 46.1238 0.0000
vt -107.3833 49.6176 0.0000
vt -86.9242 -72.9354 0.0000
vt -86.9242 -76.2816 0.0000
vt -76.7535 -76.2816 0.0000
vt -76.7535 -72.9354 0.0000
vt -102.2386 32.0090 0.0000
vt -101.6338 28.2031 0.0000
vt -101.1685 28.3282 0.0000
vt -101.7574 32.0344 0.0000
vt -171.8756 18.9602 0.0000
vt -172.8824 22.6799 0.0000
vt -173.3318 22.5060 0.0000
vt -172.3513 18.8836 0.0000
vt -172.1754 9.6855 0.0000
vt -171.5706 13.4913 0.0000
vt -172.0518 13.5167 0.0000
vt -172.6408 9.8105 0.0000
vt -176.9958 12.5597 0.0000
vt -174.0917 15.0927 0.0000
vt -174.4447 15.4207 0.0000
vt -177.2728 12.9540 0.0000
vt 165.0080 16.1607 0.0000
vt 165.6346 12.7343 0.0000
vt 165.8944 12.8150 0.0000
vt 165.2795 16.1771 0.0000
vt 86.9647 -76.5338 0.0000
vt 86.9647 -72.6802 0.0000
vt 76.7130 -72.6802 0.0000
vt 76.7130 -76.5338 0.0000
vt 167.5744 18.6598 0.0000
vt 164.4613 20.3814 0.0000
vt 164.3508 20.1050 0.0000
vt 167.3990 18.4193 0.0000
vt -86.9647 -90.4222 0.0000
vt -86.9647 -94.2758 0.0000
vt -76.7130 -94.2758 0.0000
vt -76.7130 -90.4222 0.0000
vt 191.4206 13.1889 0.0000
vt 191.2189 17.0372 0.0000
vt 190.7430 16.9617 0.0000
vt 190.9394 13.2142 0.0000
vt -86.9647 102.4940 0.0000
vt -86.9647 98.6405 0.0000
vt -76.7130 98.6405 0.0000
vt -76.7130 102.4940 0.0000
vt 86.9647 155.7153 0.0000
vt 86.9647 159.5689 0.0000
vt 76.7130 159.5689 0.0000
vt 76.7130 155.7153 0.0000
vt 86.9647 -137.7632 0.0000
vt 86.9647 -133.9096 0.0000
vt 76.7130 -133.9096 0.0000
vt 76.7130 -137.7632 0.0000
vt 140.5931 67.4668 0.0000
vt 143.6572 68.9810 0.0000
vt 143.4682 69.2826 0.0000
vt 140.4684 67.8002 0.0000
vt 86.9647 -110.5614 0.0000
vt 86.9647 -106.7079 0.0000
vt 76.7130 -106.7079 0.0000
vt 76.7130 -110.5614 0.0000
vt 86.9647 -37.8183 0.0000
vt 86.9647 -33.9647 0.0000
vt 76.7130 -33.9647 0.0000
vt 76.7130 -37.8183 0.0000
vt -86.9647 -53.7616 0.0000
vt -86.9647 -57.6152 0.0000
vt -76.7130 -57.6152 0.0000
vt -76.7130 -53.7616 0.0000
vt -86.9647 131.6090 0.0000
vt -86.9647 127.7554 0.0000
vt -76.7130 127.7554 0.0000
vt -76.7130 131.6090 0.0000
vt 86.9647 162.1727 0.0000
vt 86.9647 166.0263 0.0000
vt 76.7130 166.0263 0.0000
vt 76.7130 162.1727 0.0000
vt -86.9647 152.5755 0.0000
vt -86.9647 148.7219 0.0000
vt -76.7130 148.7219 0.0000
vt -76.7130 152.5755 0.0000
vt 148.3419 12.2896 0.0000
vt 148.1322 15.7665 0.0000
vt 147.8646 15.7176 0.0000
vt 148.0704 12.3060 0.0000
vt 189.8303 7.7666 0.0000
vt 192.0169 10.9397 0.0000
vt 191.5937 11.1701 0.0000
vt 189.4643 8.0801 0.0000
vt 155.4769 0.9935 0.0000
vt 152.9885 3.4308 0.0000
vt 152.8229 3.2150 0.0000
vt 155.2646 0.8234 0.0000
vt 148.2451 17.6045 0.0000
vt 148.8718 21.0309 0.0000
vt 148.6003 21.0473 0.0000
vt 147.9854 17.6852 0.0000
vt 165.3884 67.9524 0.0000
vt 161.5349 67.9524 0.0000
vt 161.5853 67.4732 0.0000
vt 165.3380 67.4732 0.0000
vt 96.9817 29.7084 0.0000
vt 97.4981 33.0870 0.0000
vt 97.1426 33.1051 0.0000
vt 96.6370 29.7973 0.0000
vt -103.5208 -7.1674 0.0000
vt -104.5276 -10.8871 0.0000
vt -104.0519 -10.9637 0.0000
vt -103.0714 -7.3413 0.0000
vt -169.8645 -7.1503 0.0000
vt -173.5471 -6.0152 0.0000
vt -173.6401 -6.4880 0.0000
vt -170.0539 -7.5934 0.0000
vt -86.9242 142.9515 0.0000
vt -86.9242 139.6053 0.0000
vt -76.7535 139.6053 0.0000
vt -76.7535 142.9515 0.0000
vt 86.9242 63.4586 0.0000
vt 86.9242 66.8047 0.0000
vt 76.7535 66.8047 0.0000
vt 76.7535 63.4586 0.0000
vt 86.9242 -17.2035 0.0000
vt 86.9242 -13.8573 0.0000
vt 76.7535 -13.8573 0.0000
vt 76.7535 -17.2035 0.0000
vt 86.9242 -147.9972 0.0000
vt 86.9242 -144.6511 0.0000
vt 76.7535 -144.6511 0.0000
vt 76.7535 -147.9972 0.0000
vt -139.7641 21.4295 0.0000
vt -140.8576 24.8148 0.0000
vt -141.1273 24.6887 0.0000
vt -140.0566 21.3741 0.0000
vt -142.0226 27.2015 0.0000
vt -143.9209 30.2102 0.0000
vt -144.1509 30.0212 0.0000
vt -142.2923 27.0753 0.0000
vt -174.0139 16.4135 0.0000
vt -176.5711 19.2963 0.0000
vt -176.8961 18.9406 0.0000
vt -174.4058 16.1333 0.0000
vt 187.0661 -2.4736 0.0000
vt 189.9703 0.0593 0.0000
vt 189.6173 0.3874 0.0000
vt 186.7891 -2.0793 0.0000
vt -86.9242 -106.9628 0.0000
vt -86.9242 -110.3089 0.0000
vt -76.7535 -110.3089 0.0000
vt -76.7535 -106.9628 0.0000
vt 99.8637 -12.8577 0.0000
vt 99.0026 -9.5501 0.0000
vt 98.6690 -9.6740 0.0000
vt 99.5120 -12.9122 0.0000
vt 173.0099 -2.9463 0.0000
vt 169.7551 -3.9893 0.0000
vt 169.8973 -4.3156 0.0000
vt 173.0838 -3.2944 0.0000
vt 165.0824 10.5358 0.0000
vt 167.9546 12.6349 0.0000
vt 167.7504 12.8515 0.0000
vt 164.9381 10.7962 0.0000
vt -145.9342 -1.8532 0.0000
vt -143.6745 0.8944 0.0000
vt -143.9262 1.0534 0.0000
vt -146.1388 -1.6369 0.0000
vt -142.2187 3.0854 0.0000
vt -140.7113 6.3076 0.0000
vt -140.9945 6.3992 0.0000
vt -142.4705 3.2441 0.0000
vt -185.7720 18.4889 0.0000
vt -185.9941 14.9384 0.0000
vt -185.6970 14.9570 0.0000
vt -185.4795 18.4335 0.0000
vt 96.2303 8.2236 0.0000
vt 96.0583 11.6371 0.0000
vt 95.7064 11.5834 0.0000
vt 95.8749 8.2415 0.0000
vt -174.2470 -40.5300 0.0000
vt -170.8708 -41.0624 0.0000
vt -170.8511 -40.7070 0.0000
vt -174.1564 -40.1858 0.0000
vt -86.9242 117.7114 0.0000
vt -86.9242 114.3653 0.0000
vt -76.7535 114.3653 0.0000
vt -76.7535 117.7114 0.0000
vt -160.1099 -24.8777 0.0000
vt -156.6565 -24.4226 0.0000
vt -156.7242 -24.1592 0.0000
vt -160.1128 -24.6057 0.0000
vt -125.1895 39.5092 0.0000
vt -127.0000 42.4850 0.0000
vt -127.2137 42.3167 0.0000
vt -125.4372 39.3968 0.0000
vt -161.6829 38.7009 0.0000
vt -165.2404 38.7009 0.0000
vt -165.2033 38.4055 0.0000
vt -161.7200 38.4055 0.0000
vt -192.3448 23.5533 0.0000
vt -194.5633 20.9532 0.0000
vt -194.2706 20.7506 0.0000
vt -192.0987 23.2962 0.0000
vt -156.3186 -7.7773 0.0000
vt -153.0136 -6.4611 0.0000
vt -153.1574 -6.2004 0.0000
vt -156.3934 -7.4892 0.0000
vt -162.2588 -8.4120 0.0000
vt -158.7298 -7.9635 0.0000
vt -158.8038 -7.6752 0.0000
vt -162.2593 -8.1143 0.0000
vt -188.0316 36.9683 0.0000
vt -190.8498 35.0346 0.0000
vt -190.6199 34.7629 0.0000
vt -187.8608 36.6560 0.0000
vt -69.8032 -6.7707 0.0000
vt -69.2868 -3.3921 0.0000
vt -69.6423 -3.3740 0.0000
vt -70.1478 -6.6818 0.0000
vt 86.9242 23.9320 0.0000
vt 86.9242 27.2781 0.0000
vt 76.7535 27.2781 0.0000
vt 76.7535 23.9320 0.0000
vt -77.1124 -32.2696 0.0000
vt -75.9066 -29.0715 0.0000
vt -76.2506 -28.9801 0.0000
vt -77.4311 -32.1112 0.0000
vt 86.9242 -57.3631 0.0000
vt 86.9242 -54.0169 0.0000
vt 76.7535 -54.0169 0.0000
vt 76.7535 -57.3631 0.0000
vt -150.7473 -5.5548 0.0000
vt -147.8751 -3.4557 0.0000
vt -148.0793 -3.2392 0.0000
vt -150.8916 -5.2944 0.0000
vt -170.1122 40.1261 0.0000
vt -166.3022 40.7039 0.0000
vt -166.4239 41.1701 0.0000
vt -170.1342 40.6075 0.0000
vt -110.3728 -23.8626 0.0000
vt -112.1739 -27.2694 0.0000
vt -111.7266 -27.4488 0.0000
vt -109.9728 -24.1311 0.0000
vt -193.6317 16.6738 0.0000
vt -195.1808 13.6272 0.0000
vt -194.8489 13.4986 0.0000
vt -193.3323 16.4813 0.0000
vt -175.7245 24.3663 0.0000
vt -172.2440 26.0205 0.0000
vt -172.4953 26.4317 0.0000
vt -175.8847 24.8207 0.0000
vt -193.0984 24.3824 0.0000
vt -194.1344 21.0568 0.0000
vt -193.8668 21.0077 0.0000
vt -192.8503 24.2709 0.0000
vt 86.9242 -161.9192 0.0000
vt 86.9242 -158.5731 0.0000
vt 76.7535 -158.5731 0.0000
vt 76.7535 -161.9192 0.0000
vt -190.1351 30.3903 0.0000
vt -191.9457 27.4145 0.0000
vt -191.6980 27.3021 0.0000
vt -189.9214 30.2219 0.0000
vt -86.9242 -152.8304 0.0000
vt -86.9242 -156.1765 0.0000
vt -76.7535 -156.1765 0.0000
vt -76.7535 -152.8304 0.0000
vt 86.9242 148.9747 0.0000
vt 86.9242 152.3209 0.0000
vt 76.7535 152.3209 0.0000
vt 76.7535 148.9747 0.0000
vt -182.1097 2.7714 0.0000
vt -179.8500 0.0238 0.0000
vt -179.6454 0.2400 0.0000
vt -181.8580 2.9303 0.0000
vt -134.5761 -39.1941 0.0000
vt -137.7924 -41.3167 0.0000
vt -137.4863 -41.6889 0.0000
vt -134.3542 -39.6218 0.0000
vt -121.0389 -35.2711 0.0000
vt -123.5962 -38.1538 0.0000
vt -123.2042 -38.4341 0.0000
vt -120.7139 -35.6268 0.0000
vt -168.1632 -7.4867 0.0000
vt -164.6342 -7.9352 0.0000
vt -164.6337 -7.6375 0.0000
vt -168.0892 -7.1984 0.0000
vt -86.9242 -134.1642 0.0000
vt -86.9242 -137.5103 0.0000
vt -76.7535 -137.5103 0.0000
vt -76.7535 -134.1642 0.0000
vt -155.8236 37.9794 0.0000
vt -159.2680 38.8689 0.0000
vt -159.3059 38.5737 0.0000
vt -155.9333 37.7026 0.0000
vt -130.6565 -16.4657 0.0000
vt -128.4919 -13.7366 0.0000
vt -128.7238 -13.5944 0.0000
vt -130.8477 -16.2723 0.0000
vt -173.6486 -5.1495 0.0000
vt -170.3436 -6.4658 0.0000
vt -170.2688 -6.1776 0.0000
vt -173.5049 -4.8888 0.0000
vt -90.1298 -53.1048 0.0000
vt -88.2415 -50.2560 0.0000
vt -88.5564 -50.0902 0.0000
vt -90.4052 -52.8793 0.0000
vt 86.9242 -124.8812 0.0000
vt 86.9242 -121.5350 0.0000
vt 76.7535 -121.5350 0.0000
vt 76.7535 -124.8812 0.0000
vt -108.6368 -66.1570 0.0000
vt -106.1049 -63.8611 0.0000
vt -106.3693 -63.6229 0.0000
vt -108.8481 -65.8706 0.0000
vt -116.7694 93.0681 0.0000
vt -119.5877 95.0018 0.0000
vt -119.7585 94.6895 0.0000
vt -116.9993 92.7964 0.0000
vt -96.5262 85.8649 0.0000
vt -98.7446 88.4649 0.0000
vt -98.9907 88.2078 0.0000
vt -96.8188 85.6623 0.0000
vt 86.9647 3.1524 0.0000
vt 86.9647 7.0059 0.0000
vt 76.7130 7.0059 0.0000
vt 76.7130 3.1524 0.0000
vt -81.3562 69.5351 0.0000
vt -82.9053 72.5817 0.0000
vt -83.2048 72.3892 0.0000
vt -81.6881 69.4065 0.0000
vt -71.8899 46.8214 0.0000
vt -72.7509 50.1290 0.0000
vt -73.0846 50.0051 0.0000
vt -72.2416 46.7669 0.0000
vt -68.0773 20.4948 0.0000
vt -68.2494 23.9083 0.0000
vt -68.6013 23.8547 0.0000
vt -68.4328 20.5128 0.0000
vt 86.9242 98.8927 0.0000
vt 86.9242 102.2388 0.0000
vt 76.7535 102.2388 0.0000
vt 76.7535 98.8927 0.0000
vt -159.4944 55.5889 0.0000
vt -155.6844 55.0111 0.0000
vt -155.6624 55.4924 0.0000
vt -159.3727 56.0551 0.0000
vt -193.2424 6.3418 0.0000
vt -191.8100 3.1667 0.0000
vt -191.5773 3.3076 0.0000
vt -192.9828 6.4231 0.0000
vt -170.0412 -20.9982 0.0000
vt -166.5878 -21.4532 0.0000
vt -166.5850 -21.1812 0.0000
vt -169.9735 -20.7347 0.0000
vt -178.3049 55.7226 0.0000
vt -181.5597 54.6795 0.0000
vt -181.4175 54.3533 0.0000
vt -178.2309 55.3744 0.0000
vt -178.6150 -14.9551 0.0000
vt -175.3955 -16.2846 0.0000
vt -175.3227 -16.0225 0.0000
vt -178.4817 -14.7179 0.0000
vt -178.3839 -1.6358 0.0000
vt -175.5117 -3.7349 0.0000
vt -175.3674 -3.4745 0.0000
vt -178.1797 -1.4192 0.0000
vt -130.4496 68.3030 0.0000
vt -127.5455 65.7701 0.0000
vt -127.2685 66.1644 0.0000
vt -130.0967 68.6310 0.0000
vt -139.8669 89.2783 0.0000
vt -143.1217 90.3214 0.0000
vt -143.1956 89.9732 0.0000
vt -140.0091 88.9521 0.0000
vt -193.7831 15.1244 0.0000
vt -194.6441 11.8168 0.0000
vt -194.2924 11.7622 0.0000
vt -193.4494 15.0005 0.0000
vt -193.8736 16.5678 0.0000
vt -194.0457 13.1543 0.0000
vt -193.6902 13.1723 0.0000
vt -193.5218 16.5142 0.0000
vt -172.9774 20.1312 0.0000
vt -174.7784 23.5381 0.0000
vt -175.1785 23.2695 0.0000
vt -173.4246 19.9519 0.0000
vt -194.5793 18.5682 0.0000
vt -194.7891 15.0912 0.0000
vt -194.5175 15.1076 0.0000
vt -194.3118 18.5193 0.0000
vt -117.4542 62.3235 0.0000
vt -115.2675 59.1504 0.0000
vt -114.9015 59.4639 0.0000
vt -117.0310 62.5539 0.0000
vt -86.9242 159.3145 0.0000
vt -86.9242 155.9684 0.0000
vt -76.7535 155.9684 0.0000
vt -76.7535 159.3145 0.0000
vt -185.5484 36.6730 0.0000
vt -188.0368 34.2356 0.0000
vt -187.8245 34.0656 0.0000
vt -185.3828 36.4572 0.0000
vt -194.6442 12.6596 0.0000
vt -194.0175 9.2332 0.0000
vt -193.7578 9.3139 0.0000
vt -194.3726 12.6760 0.0000
vt -161.5349 -22.6009 0.0000
vt -165.3884 -22.6009 0.0000
vt -165.3380 -23.0801 0.0000
vt -161.5853 -23.0801 0.0000
vt -194.3133 18.2897 0.0000
vt -193.7969 14.9111 0.0000
vt -193.4523 15.0000 0.0000
vt -193.9578 18.3077 0.0000
vt -173.5817 6.9822 0.0000
vt -176.7980 9.1048 0.0000
vt -177.0198 8.6770 0.0000
vt -173.8877 6.6100 0.0000
vt -154.6297 -59.1492 0.0000
vt -151.2536 -58.6169 0.0000
vt -151.3441 -58.2727 0.0000
vt -154.6494 -58.7939 0.0000
vt -86.9242 47.4020 0.0000
vt -86.9242 44.0558 0.0000
vt -76.7535 44.0558 0.0000
vt -76.7535 47.4020 0.0000
vt -179.2162 42.9692 0.0000
vt -182.2379 41.2365 0.0000
vt -182.0752 41.0185 0.0000
vt -179.1102 42.7187 0.0000
vt -86.9242 -34.2201 0.0000
vt -86.9242 -37.5663 0.0000
vt -76.7535 -37.5663 0.0000
vt -76.7535 -34.2201 0.0000
vt 86.9242 128.0079 0.0000
vt 86.9242 131.3540 0.0000
vt 76.7535 131.3540 0.0000
vt 76.7535 128.0079 0.0000
vt -161.7886 86.9242 0.0000
vt -165.1347 86.9242 0.0000
vt -165.1347 76.7535 0.0000
vt -161.7886 76.7535 0.0000
vt -185.3800 -7.8284 0.0000
vt -182.6038 -9.9322 0.0000
vt -182.4668 -9.6972 0.0000
vt -185.1908 -7.6329 0.0000
vt -193.2465 -0.2487 0.0000
vt -190.7146 -2.5446 0.0000
vt -190.5033 -2.2582 0.0000
vt -192.9821 -0.0105 0.0000
vt 164.7921 16.3470 0.0000
vt 167.5683 14.2432 0.0000
vt 167.7053 14.4782 0.0000
vt 164.9813 16.5424 0.0000
vt 160.3605 21.6750 0.0000
vt 157.7744 19.2321 0.0000
vt 158.0042 19.0429 0.0000
vt 160.5364 21.4348 0.0000
vt -86.9647 -121.2803 0.0000
vt -86.9647 -125.1338 0.0000
vt -76.7130 -125.1338 0.0000
vt -76.7130 -121.2803 0.0000
vt 164.9283 15.2227 0.0000
vt 166.3607 12.0476 0.0000
vt 166.5935 12.1885 0.0000
vt 165.1879 15.3039 0.0000
vt -86.9647 -158.3191 0.0000
vt -86.9647 -162.1727 0.0000
vt -76.7130 -162.1727 0.0000
vt -76.7130 -158.3191 0.0000
vt -86.9647 -13.6019 0.0000
vt -86.9647 -17.4554 0.0000
vt -76.7130 -17.4554 0.0000
vt -76.7130 -13.6019 0.0000
vt 167.4010 16.9082 0.0000
vt 164.9126 14.4709 0.0000
vt 165.1249 14.3008 0.0000
vt 167.5667 16.6924 0.0000
vt 86.9647 -156.4298 0.0000
vt 86.9647 -152.5762 0.0000
vt 76.7130 -152.5762 0.0000
vt 76.7130 -156.4298 0.0000
vt 165.9782 18.3385 0.0000
vt 164.9422 15.0128 0.0000
vt 165.2098 14.9637 0.0000
vt 166.2263 18.2269 0.0000
vt 180.7174 -17.4813 0.0000
vt 184.1979 -15.8271 0.0000
vt 183.9466 -15.4159 0.0000
vt 180.5573 -17.0268 0.0000
vt 165.3519 17.4226 0.0000
vt 165.1422 13.9456 0.0000
vt 165.4137 13.9620 0.0000
vt 165.6195 17.3737 0.0000
vt 167.5682 14.1205 0.0000
vt 164.5464 12.3878 0.0000
vt 164.7091 12.1698 0.0000
vt 167.6741 13.8700 0.0000
vt 165.3884 86.9647 0.0000
vt 161.5349 86.9647 0.0000
vt 161.5349 76.7130 0.0000
vt 165.3884 76.7130 0.0000
vt -86.9647 164.0762 0.0000
vt -86.9647 160.2226 0.0000
vt -76.7130 160.2226 0.0000
vt -76.7130 164.0762 0.0000
vt 164.1389 18.6764 0.0000
vt 167.3584 17.3469 0.0000
vt 167.4313 17.6090 0.0000
vt 164.2722 18.9136 0.0000
vt -167.5361 37.9455 0.0000
vt -170.9805 37.0560 0.0000
vt -170.8707 36.7792 0.0000
vt -167.4981 37.6503 0.0000
vt -173.0149 35.8494 0.0000
vt -176.1280 34.1278 0.0000
vt -175.9526 33.8873 0.0000
vt -172.9044 35.5729 0.0000
vt -177.8000 32.6159 0.0000
vt -180.3862 30.1731 0.0000
vt -180.1564 29.9839 0.0000
vt -177.6242 32.3758 0.0000
vt -181.6361 28.4825 0.0000
vt -183.5343 25.4738 0.0000
vt -183.2647 25.3476 0.0000
vt -181.4061 28.2935 0.0000
vt -184.3350 23.6937 0.0000
vt -185.4285 20.3085 0.0000
vt -185.1360 20.2530 0.0000
vt -184.0653 23.5676 0.0000
vt -150.3485 35.7446 0.0000
vt -153.4617 37.4661 0.0000
vt -153.5722 37.1897 0.0000
vt -150.5239 35.5040 0.0000
vt -149.0062 -34.5629 0.0000
vt -152.6888 -35.6979 0.0000
vt -152.4995 -36.1410 0.0000
vt -148.9133 -35.0357 0.0000
vt -161.7200 52.7484 0.0000
vt -165.2033 52.7484 0.0000
vt -165.1706 52.4784 0.0000
vt -161.7527 52.4784 0.0000
vt -171.1698 48.6350 0.0000
vt -174.5345 47.7339 0.0000
vt -174.4330 47.4815 0.0000
vt -171.1315 48.3656 0.0000
vt -195.1172 11.9353 0.0000
vt -193.2289 9.0864 0.0000
vt -192.9535 9.3119 0.0000
vt -194.8022 12.1010 0.0000
vt 168.2488 17.3237 0.0000
vt 165.6627 19.7666 0.0000
vt 165.4868 19.5264 0.0000
vt 168.0190 17.1345 0.0000
vt 168.5853 16.0424 0.0000
vt 166.6871 19.0511 0.0000
vt 166.4571 18.8621 0.0000
vt 168.3157 15.9162 0.0000
vt -86.9647 67.0601 0.0000
vt -86.9647 63.2065 0.0000
vt -76.7130 63.2065 0.0000
vt -76.7130 67.0601 0.0000
vt 99.0142 -41.5798 0.0000
vt 101.2008 -44.7529 0.0000
vt 101.5668 -44.4395 0.0000
vt 99.4374 -41.3494 0.0000
vt -86.9647 27.5336 0.0000
vt -86.9647 23.6800 0.0000
vt -76.7130 23.6800 0.0000
vt -76.7130 27.5336 0.0000
vt -185.8796 13.1034 0.0000
vt -185.2167 9.6082 0.0000
vt -184.9335 9.6997 0.0000
vt -185.5825 13.1219 0.0000
vt 88.0640 -23.2243 0.0000
vt 89.4703 -26.8121 0.0000
vt 89.8981 -26.5902 0.0000
vt 88.5285 -23.0963 0.0000
vt 102.1218 48.9163 0.0000
vt 103.3275 52.1144 0.0000
vt 102.9835 52.2058 0.0000
vt 101.8031 49.0748 0.0000
vt 165.1706 -22.6455 0.0000
vt 161.7527 -22.6455 0.0000
vt 161.7886 -22.9996 0.0000
vt 165.1347 -22.9996 0.0000
vt 167.1267 12.0455 0.0000
vt 168.6341 15.2677 0.0000
vt 168.3509 15.3593 0.0000
vt 166.8749 12.2042 0.0000
vt 190.7490 12.8542 0.0000
vt 192.1553 16.4420 0.0000
vt 191.6908 16.5699 0.0000
vt 190.3212 13.0761 0.0000
vt 191.0650 13.9919 0.0000
vt 191.6698 17.7977 0.0000
vt 191.1886 17.8231 0.0000
vt 190.5997 14.1169 0.0000
vt 85.4742 46.3382 0.0000
vt 84.4674 42.6185 0.0000
vt 84.9432 42.5420 0.0000
vt 85.9236 46.1643 0.0000
vt 82.1394 -0.7200 0.0000
vt 82.7442 -4.5258 0.0000
vt 83.2096 -4.4008 0.0000
vt 82.6206 -0.6946 0.0000
vt 114.5711 -53.1510 0.0000
vt 117.4752 -55.6839 0.0000
vt 117.7522 -55.2896 0.0000
vt 114.9241 -52.8230 0.0000
vt 191.9358 12.7712 0.0000
vt 190.9290 16.4909 0.0000
vt 190.4796 16.3170 0.0000
vt 191.4601 12.6947 0.0000
vt 146.8747 80.5208 0.0000
vt 143.1921 79.3857 0.0000
vt 143.3815 78.9426 0.0000
vt 146.9677 80.0480 0.0000
vt -151.5036 54.3542 0.0000
vt -154.8682 55.2553 0.0000
vt -154.9065 54.9860 0.0000
vt -151.6050 54.1018 0.0000
vt -175.7636 6.6309 0.0000
vt -173.5769 9.8040 0.0000
vt -174.0001 10.0344 0.0000
vt -176.1296 6.9443 0.0000
vt -100.7897 12.2979 0.0000
vt -100.9914 8.4496 0.0000
vt -100.5102 8.4748 0.0000
vt -100.3138 12.2224 0.0000
vt -171.5070 14.7240 0.0000
vt -171.7087 18.5723 0.0000
vt -172.1846 18.4968 0.0000
vt -171.9882 14.7493 0.0000
vt -145.6371 32.0815 0.0000
vt -148.2232 34.5244 0.0000
vt -148.3990 34.2842 0.0000
vt -145.8668 31.8923 0.0000
vt -123.9459 -7.0878 0.0000
vt -122.5134 -3.9127 0.0000
vt -122.7730 -3.8315 0.0000
vt -124.1786 -6.9470 0.0000
vt -149.5973 -25.6616 0.0000
vt -146.3778 -24.3320 0.0000
vt -146.5111 -24.0949 0.0000
vt -149.6702 -25.3995 0.0000
vt -139.4643 -22.8426 0.0000
vt -136.6881 -20.7388 0.0000
vt -136.8773 -20.5433 0.0000
vt -139.6013 -22.6076 0.0000
vt -141.3999 52.7539 0.0000
vt -144.4216 54.4867 0.0000
vt -144.5276 54.2361 0.0000
vt -141.5626 52.5359 0.0000
vt -132.3527 47.7130 0.0000
vt -134.8411 50.1504 0.0000
vt -135.0067 49.9346 0.0000
vt -132.5650 47.5430 0.0000
vt -86.9647 -144.3967 0.0000
vt -86.9647 -148.2503 0.0000
vt -76.7130 -148.2503 0.0000
vt -76.7130 -144.3967 0.0000
vt 81.2795 23.3116 0.0000
vt 81.0778 19.4633 0.0000
vt 81.5590 19.4886 0.0000
vt 81.7554 23.2362 0.0000
vt 151.5974 25.6449 0.0000
vt 153.7620 28.3740 0.0000
vt 153.5301 28.5162 0.0000
vt 151.4062 25.8383 0.0000
vt 171.5702 20.7661 0.0000
vt 174.6343 19.2519 0.0000
vt 174.7591 19.5852 0.0000
vt 171.7592 21.0676 0.0000
vt 156.5644 15.6948 0.0000
vt 157.2272 12.1997 0.0000
vt 157.5105 12.2912 0.0000
vt 156.8615 15.7134 0.0000
vt 156.8879 17.6245 0.0000
vt 156.6659 14.0739 0.0000
vt 156.9630 14.0925 0.0000
vt 157.1804 17.5690 0.0000
vt -120.5163 28.8521 0.0000
vt -121.5523 32.1777 0.0000
vt -121.8004 32.0662 0.0000
vt -120.7838 28.8030 0.0000
vt -118.6950 16.7473 0.0000
vt -118.9047 20.2242 0.0000
vt -119.1723 20.1753 0.0000
vt -118.9665 16.7636 0.0000
vt -145.3259 65.9585 0.0000
vt -141.8454 64.3042 0.0000
vt -141.6853 64.7587 0.0000
vt -145.0746 66.3696 0.0000
vt -190.2188 -0.5413 0.0000
vt -188.0542 -3.2704 0.0000
vt -187.8629 -3.0769 0.0000
vt -189.9868 -0.3991 0.0000
vt -187.0461 -18.8231 0.0000
vt -183.9820 -20.3373 0.0000
vt -183.8572 -20.0039 0.0000
vt -186.8571 -18.5215 0.0000
vt 149.7085 7.2175 0.0000
vt 148.6725 10.5432 0.0000
vt 148.4244 10.4316 0.0000
vt 149.4409 7.1684 0.0000
vt 152.1938 3.2281 0.0000
vt 150.3833 6.2039 0.0000
vt 150.1696 6.0356 0.0000
vt 151.9461 3.1157 0.0000
vt 166.1984 11.2513 0.0000
vt 168.4581 13.9989 0.0000
vt 168.2064 14.1578 0.0000
vt 165.9939 11.4676 0.0000
vt 187.6705 34.2616 0.0000
vt 184.4542 36.3842 0.0000
vt 184.2323 35.9564 0.0000
vt 187.3644 33.8894 0.0000
vt 179.3613 50.8381 0.0000
vt 175.6786 51.9732 0.0000
vt 175.5857 51.5004 0.0000
vt 179.1719 50.3950 0.0000
vt 168.6087 14.8754 0.0000
vt 167.5152 18.2606 0.0000
vt 167.2456 18.1345 0.0000
vt 168.3163 14.8199 0.0000
vt 162.4972 2.7862 0.0000
vt 159.1325 3.6873 0.0000
vt 159.0942 3.4180 0.0000
vt 162.3958 2.5338 0.0000
vt 111.5939 63.1964 0.0000
vt 113.4822 66.0452 0.0000
vt 113.1672 66.2110 0.0000
vt 111.3185 63.4219 0.0000
vt 166.9055 10.3076 0.0000
vt 163.5408 9.4065 0.0000
vt 163.6423 9.1541 0.0000
vt 166.9438 10.0383 0.0000
vt 167.8508 12.9016 0.0000
vt 168.5136 16.3967 0.0000
vt 168.2165 16.4153 0.0000
vt 167.5675 12.9930 0.0000
vt 165.2033 6.2169 0.0000
vt 161.7200 6.2169 0.0000
vt 161.7527 5.9468 0.0000
vt 165.1706 5.9468 0.0000
vt 162.0153 21.9981 0.0000
vt 158.9021 20.2766 0.0000
vt 159.0775 20.0361 0.0000
vt 162.1258 21.7217 0.0000
vt -119.8623 4.3630 0.0000
vt -119.2356 7.7894 0.0000
vt -119.5071 7.8059 0.0000
vt -120.1220 4.4438 0.0000
vt 86.9647 81.5820 0.0000
vt 86.9647 85.4356 0.0000
vt 76.7130 85.4356 0.0000
vt 76.7130 81.5820 0.0000
vt 86.9647 114.1129 0.0000
vt 86.9647 117.9665 0.0000
vt 76.7130 117.9665 0.0000
vt 76.7130 114.1129 0.0000
vt 86.9647 139.3527 0.0000
vt 86.9647 143.2063 0.0000
vt 76.7130 143.2063 0.0000
vt 76.7130 139.3527 0.0000
vt -131.2455 -68.5522 0.0000
vt -128.1813 -67.0380 0.0000
vt -128.3703 -66.7364 0.0000
vt -131.3702 -68.2188 0.0000
vt -163.8763 13.8982 0.0000
vt -163.4617 13.8458 0.0000
vt -163.0470 13.8982 0.0000
vt -162.6583 14.0520 0.0000
vt -162.3202 14.2977 0.0000
vt -162.0537 14.6198 0.0000
vt -161.8757 14.9980 0.0000
vt -161.7974 15.4086 0.0000
vt -161.8036 15.5067 0.0000
vt -161.8237 15.8258 0.0000
vt -161.9528 16.2233 0.0000
vt -162.1768 16.5762 0.0000
vt -162.4815 16.8623 0.0000
vt -162.8478 17.0637 0.0000
vt -163.2527 17.1677 0.0000
vt -163.6706 17.1677 0.0000
vt -164.0755 17.0637 0.0000
vt -164.4418 16.8623 0.0000
vt -164.7465 16.5762 0.0000
vt -164.9705 16.2233 0.0000
vt -165.0996 15.8258 0.0000
vt -165.1197 15.5067 0.0000
vt -165.1259 15.4086 0.0000
vt -165.0475 14.9980 0.0000
vt -164.8696 14.6198 0.0000
vt -164.6031 14.2977 0.0000
vt -164.2650 14.0520 0.0000
# 3384 texture coords

o RuedaTD
g RuedaTD
usemtl wire_204204204
s off
f 1/1/1 2/2/1 3/3/1 4/4/1 
f 5/5/2 6/6/2 7/7/2 8/8/2 
f 2/2/1 9/9/1 10/10/1 3/3/1 
f 11/11/3 12/12/3 13/13/3 14/14/3 
f 15/15/4 16/16/4 17/17/4 18/18/4 
f 19/19/4 20/20/4 16/16/4 15/15/4 
f 21/21/5 22/22/5 23/23/5 24/24/5 
f 25/25/5 21/21/5 24/24/5 26/26/5 
f 27/27/2 28/28/2 7/7/2 6/6/2 
f 29/29/6 30/30/7 31/31/7 32/32/6 
f 33/33/8 34/34/8 35/35/9 36/36/9 
f 37/37/10 38/38/10 39/39/11 40/40/11 
f 41/41/4 42/42/4 43/43/12 44/44/12 
f 41/45/4 45/46/13 46/47/13 42/48/4 
f 47/49/14 48/50/14 49/51/15 50/52/15 
f 51/53/16 52/54/16 53/55/17 54/56/17 
f 55/57/18 56/58/19 57/59/19 58/60/18 
f 59/61/20 60/62/21 61/63/21 62/64/20 
f 63/65/22 64/66/23 65/67/23 66/68/22 
f 67/69/24 68/70/25 69/71/25 70/72/24 
f 71/73/26 72/74/26 55/75/18 58/76/18 
f 73/77/27 67/78/24 70/79/24 74/80/27 
f 75/81/28 59/82/20 62/83/20 76/84/28 
f 77/85/29 63/86/22 66/87/22 78/88/29 
f 79/89/30 80/90/30 81/91/31 82/92/31 
f 83/93/32 72/94/26 71/95/26 84/96/32 
f 82/97/31 81/98/31 85/99/33 86/100/33 
f 87/101/34 75/102/28 76/103/28 88/104/34 
f 89/105/35 90/106/36 91/107/36 92/108/35 
f 68/109/25 93/110/37 94/111/37 69/112/25 
f 95/113/38 96/114/38 97/115/39 98/116/39 
f 49/117/15 99/118/40 100/119/40 50/120/15 
f 88/121/34 101/122/41 102/123/41 87/124/34 
f 103/125/42 104/126/43 105/127/43 106/128/42 
f 99/129/40 107/130/44 108/131/44 100/132/40 
f 109/133/45 110/134/45 111/135/46 112/136/46 
f 113/137/47 114/138/48 115/139/48 116/140/47 
f 117/141/49 118/142/49 102/143/41 101/144/41 
f 119/145/50 120/146/50 110/147/45 109/148/45 
f 121/149/51 122/150/52 123/151/52 124/152/51 
f 125/153/53 126/154/54 127/155/54 128/156/53 
f 129/157/55 130/158/55 131/159/56 132/160/56 
f 133/161/57 134/162/57 118/163/49 117/164/49 
f 135/165/58 108/166/44 107/167/44 136/168/58 
f 122/169/52 137/170/59 138/171/59 123/172/52 
f 139/173/60 140/174/61 141/175/61 142/176/60 
f 132/177/56 131/178/56 143/179/62 144/180/62 
f 134/181/57 133/182/57 145/183/63 146/184/63 
f 147/185/64 148/186/64 141/187/61 140/188/61 
f 138/189/59 137/190/59 149/191/65 150/192/65 
f 143/193/62 151/194/66 152/195/66 144/196/62 
f 153/197/67 154/198/67 148/199/64 147/200/64 
f 146/201/63 145/202/63 155/203/68 156/204/68 
f 93/205/37 157/206/69 158/207/69 94/208/37 
f 56/209/19 159/210/70 160/211/70 57/212/19 
f 158/213/69 157/214/69 161/215/71 162/216/71 
f 151/217/66 163/218/72 164/219/72 152/220/66 
f 165/221/73 166/222/74 167/223/74 168/224/73 
f 169/225/75 170/226/75 160/227/70 159/228/70 
f 161/229/71 171/230/76 172/231/76 162/232/71 
f 171/233/76 173/234/77 174/235/77 172/236/76 
f 175/237/78 176/238/79 177/239/79 178/240/78 
f 179/241/80 180/242/80 181/243/81 182/244/81 
f 183/245/82 184/246/82 174/247/77 173/248/77 
f 64/249/23 170/250/75 169/251/75 65/252/23 
f 185/253/5 186/254/83 187/255/83 188/256/5 
f 189/257/84 177/258/79 176/259/79 190/260/84 
f 191/261/85 189/262/84 190/263/84 192/264/85 
f 193/265/86 194/266/86 185/267/5 188/268/5 
f 12/12/3 195/269/87 196/270/87 13/13/3 
f 197/271/88 198/272/88 199/273/89 200/274/89 
f 200/275/89 199/276/89 201/277/41 202/278/41 
f 202/279/41 201/280/41 203/281/90 204/282/90 
f 205/283/91 198/284/88 197/285/88 206/286/91 
f 207/287/92 208/288/92 209/289/93 210/290/93 
f 207/291/92 211/292/70 212/293/70 208/294/92 
f 213/295/94 205/296/91 206/297/91 214/298/94 
f 128/299/95 215/300/95 120/301/50 119/302/50 216/303/95 125/304/95 
f 217/305/96 218/306/96 219/307/96 220/308/96 221/309/96 86/310/96 85/311/96 222/312/96 
f 223/313/97 224/314/97 225/315/98 226/316/98 196/317/98 195/318/98 227/319/98 228/320/98 
f 229/321/99 230/322/99 231/323/99 232/324/99 233/325/99 234/326/99 80/327/99 79/328/99 
f 235/329/100 135/330/58 136/331/58 236/332/100 237/333/100 238/334/100 219/335/100 218/336/100 239/337/100 240/338/100 
f 241/339/101 242/340/102 243/341/102 103/342/42 106/343/42 244/344/102 245/345/102 246/346/101 
f 232/347/103 231/348/103 247/349/103 248/350/103 249/351/103 48/352/14 47/353/14 250/354/103 251/355/103 252/356/103 
f 253/357/104 254/358/105 255/359/105 11/360/105 14/361/105 256/362/105 257/363/105 258/364/104 
f 126/365/54 259/366/106 260/367/106 253/368/104 258/369/104 261/370/106 262/371/106 127/372/54 
f 9/373/107 263/374/107 264/375/107 265/376/108 266/377/108 267/378/107 268/379/107 10/380/107 
f 269/381/109 270/382/110 271/383/110 272/384/110 273/385/110 274/386/110 275/387/110 276/388/110 277/389/110 278/390/109 
f 279/391/111 280/392/111 281/393/112 282/394/112 1/395/112 4/396/112 283/397/112 284/398/112 
f 285/399/113 286/400/114 287/401/114 288/402/113 289/403/113 290/404/113 291/405/113 292/406/113 293/407/113 294/408/113 
f 187/409/115 186/410/115 295/411/115 296/412/115 297/413/115 298/414/115 299/415/115 300/416/115 
f 301/417/116 302/418/116 303/419/116 304/420/116 305/421/116 306/422/117 307/423/117 308/424/116 309/425/116 310/426/116 
f 311/427/118 312/428/118 113/429/47 116/430/47 313/431/118 314/432/118 266/433/108 265/434/108 
f 315/435/119 316/436/119 23/437/119 22/438/119 317/439/119 318/440/119 319/441/120 320/442/120 
f 321/443/121 322/444/121 274/445/121 273/446/121 323/447/121 324/448/121 325/449/121 326/450/121 
f 327/451/122 191/452/85 192/453/85 328/454/122 180/455/122 179/456/122 
f 329/457/123 330/458/123 331/459/124 332/460/124 333/461/123 334/462/123 182/463/81 181/464/81 
f 114/465/125 335/466/125 130/467/55 129/468/55 336/469/125 115/470/125 
f 337/471/126 338/472/126 339/473/126 154/474/67 153/475/67 340/476/126 341/477/126 342/478/126 298/479/126 297/480/126 
f 332/481/124 331/482/124 343/483/127 344/484/127 25/485/127 26/486/127 345/487/127 346/488/127 
f 347/489/128 302/490/128 301/491/128 348/492/128 349/493/128 194/494/128 193/495/128 350/496/128 
f 163/497/72 175/498/78 178/499/78 164/500/72 
f 351/501/129 352/502/129 212/503/70 211/504/70 
f 353/505/130 354/506/69 355/507/69 356/508/130 
f 354/509/69 357/510/131 358/511/131 355/512/69 
f 359/513/132 360/514/132 352/515/129 351/516/129 
f 361/517/133 362/518/133 358/519/131 357/520/131 
f 209/521/93 363/522/134 364/523/134 210/524/93 
f 365/525/135 353/526/130 356/527/130 366/528/135 
f 367/529/136 368/530/61 369/531/61 370/532/136 
f 363/533/134 371/534/137 372/535/137 364/536/134 
f 373/537/138 365/538/135 366/539/135 374/540/138 
f 368/541/61 375/542/139 376/543/139 369/544/61 
f 371/545/137 377/546/40 378/547/40 372/548/137 
f 375/549/139 373/550/138 374/551/138 376/552/139 
f 359/553/132 379/554/140 380/555/140 360/556/132 
f 204/557/90 203/558/90 381/559/141 382/560/141 
f 379/561/140 367/562/136 370/563/136 380/564/140 
f 382/565/141 381/566/141 362/567/133 361/568/133 
f 377/569/40 213/570/94 214/571/94 378/572/40 
f 383/573/2 384/574/2 385/575/142 386/576/142 
f 150/577/65 149/578/65 387/579/61 388/580/61 
f 389/581/143 390/582/143 320/583/120 319/584/120 391/585/143 392/586/143 167/587/74 166/588/74 
f 393/589/144 394/590/144 395/591/145 396/592/145 
f 155/593/68 397/594/146 165/595/146 168/596/146 398/597/146 156/598/68 
f 36/599/9 35/600/9 399/601/147 400/602/147 401/603/148 402/604/148 403/605/147 404/606/147 
f 405/607/149 406/608/70 407/609/70 408/610/149 
f 60/611/21 409/612/150 34/613/150 33/614/150 410/615/150 61/616/21 
f 411/617/151 412/618/151 388/619/61 387/620/61 
f 46/621/152 45/622/152 413/623/152 414/624/152 415/625/152 416/626/152 417/627/152 418/628/152 
f 415/629/153 419/630/153 420/631/153 421/632/153 422/633/154 423/634/154 424/635/153 425/636/153 426/637/153 416/638/153 
f 396/639/145 395/640/145 427/641/41 428/642/41 
f 402/643/148 401/644/148 429/645/155 430/646/155 20/647/155 19/648/155 431/649/155 432/650/155 
f 31/651/7 30/652/7 407/653/70 406/654/70 
f 433/655/156 434/656/156 435/657/156 436/658/156 29/659/6 32/660/6 437/661/156 438/662/156 439/663/156 440/664/156 
f 112/665/46 111/666/46 412/667/151 411/668/151 
f 441/669/157 442/670/158 443/671/158 18/672/158 17/673/158 444/674/158 445/675/158 446/676/157 
f 43/677/159 447/678/159 448/679/159 433/680/159 440/681/159 449/682/159 450/683/159 44/684/159 
f 451/685/160 428/686/41 427/687/41 452/688/160 
f 53/689/17 453/690/161 454/691/161 441/692/157 446/693/157 455/694/161 456/695/161 54/696/17 
f 51/697/162 457/698/162 184/699/82 183/700/82 458/701/162 52/702/162 
f 459/703/163 460/704/69 461/705/69 462/706/163 
f 463/707/1 464/708/1 326/709/164 325/710/164 
f 465/711/165 269/712/109 278/713/109 466/714/165 
f 452/715/160 467/716/166 468/717/166 451/718/160 
f 469/719/167 464/720/1 463/721/1 470/722/167 
f 422/723/154 405/724/149 408/725/149 423/726/154 
f 40/727/11 39/728/11 471/729/168 472/730/168 224/731/97 223/732/97 473/733/168 474/734/168 
f 286/735/114 459/736/163 462/737/163 287/738/114 
f 475/739/169 73/740/27 74/741/27 476/742/169 38/743/169 37/744/169 
f 461/745/69 460/746/69 465/747/165 466/748/165 
f 306/749/117 139/750/60 142/751/60 307/752/117 
f 394/753/144 393/754/144 477/755/170 478/756/170 479/757/170 480/758/170 481/759/170 482/760/170 483/761/170 484/762/170 
f 98/763/39 97/764/39 485/765/171 486/766/171 280/767/111 279/768/111 487/769/171 488/770/171 
f 90/771/36 489/772/172 490/773/172 491/774/173 492/775/173 493/776/172 494/777/172 91/778/36 
f 495/779/174 496/780/174 497/781/174 498/782/174 499/783/174 500/784/174 501/785/174 502/786/174 
f 383/787/2 500/788/175 499/789/175 384/790/2 
f 92/791/176 503/792/176 77/793/29 78/794/29 504/795/176 89/796/176 
f 8/797/177 505/798/177 506/799/177 492/800/173 491/801/173 507/802/177 508/803/177 5/804/177 
f 27/805/178 509/806/178 510/807/178 241/808/101 246/809/101 511/810/178 512/811/178 28/812/178 
f 291/813/179 513/814/179 514/815/179 469/816/179 470/817/179 515/818/179 516/819/179 292/820/179 
f 517/821/180 121/822/51 124/823/51 518/824/180 105/825/180 104/826/180 
f 95/827/181 519/828/181 83/829/32 84/830/32 520/831/181 96/832/181 
f 480/833/182 521/834/182 522/835/182 386/836/182 385/837/182 523/838/182 524/839/182 481/840/182 
f 467/841/166 525/842/183 526/843/183 527/844/183 496/845/183 495/846/183 528/847/183 529/848/183 530/849/183 468/850/166 
f 531/851/184 220/852/185 219/853/186 238/854/187 532/855/188 472/856/189 471/857/190 
f 533/858/191 239/859/192 218/860/193 217/861/193 534/862/194 474/863/194 473/864/195 
f 535/865/196 434/866/197 433/867/198 448/868/199 536/869/200 456/870/201 455/871/202 
f 537/872/203 426/873/204 425/874/205 
f 537/875/203 425/876/205 424/877/206 538/878/207 
f 16/879/208 20/880/208 430/881/209 538/882/207 424/883/206 423/884/208 408/885/208 407/886/208 30/887/208 29/888/208 436/889/206 539/890/210 444/891/211 17/892/208 
f 540/893/212 498/894/213 497/895/214 541/896/215 542/897/216 
f 543/898/217 421/899/218 420/900/219 544/901/220 
f 544/902/220 420/903/219 419/904/221 
f 545/905/222 417/906/223 416/907/224 426/908/204 537/909/203 400/910/225 399/911/226 
f 546/912/227 337/913/228 297/914/229 296/915/230 547/916/231 392/917/232 391/918/233 
f 548/919/234 310/920/235 309/921/236 
f 548/922/234 309/923/236 308/924/237 549/925/238 
f 21/926/239 25/927/239 344/928/240 549/929/238 308/930/237 307/931/239 142/932/239 141/933/239 148/934/239 154/935/239 339/936/237 550/937/241 317/938/242 22/939/239 
f 551/940/243 305/941/244 304/942/245 552/943/246 
f 553/944/247 342/945/248 341/946/245 
f 554/947/249 348/948/250 301/949/251 310/950/235 548/951/234 330/952/252 329/953/253 
f 555/954/254 275/955/255 274/956/256 322/957/257 556/958/258 312/959/259 311/960/260 
f 555/961/254 276/962/261 275/963/255 
f 557/964/262 277/965/263 276/966/261 555/967/254 
f 2/968/264 1/969/264 282/970/265 558/971/266 288/972/263 287/973/264 462/974/264 461/975/264 466/976/264 278/977/264 277/978/263 557/979/262 263/980/267 9/981/264 
f 559/982/268 271/983/269 270/984/270 560/985/271 
f 559/986/268 272/987/272 271/988/269 
f 561/989/273 513/990/274 291/991/275 290/992/276 562/993/277 486/994/278 485/995/279 
f 563/996/280 482/997/281 481/998/282 524/999/283 564/1000/284 494/1001/285 493/1002/286 
f 565/1003/287 484/1004/288 483/1005/289 563/1006/280 
f 563/1007/280 483/1008/289 482/1009/281 
f 566/1010/290 530/1011/291 529/1012/292 567/1013/293 
f 568/1014/294 479/1015/295 478/1016/292 
f 541/1017/215 497/1018/214 496/1019/296 527/1020/297 569/1021/298 245/1022/299 244/1023/300 
f 570/1024/301 252/1025/302 251/1026/303 
f 570/1027/301 251/1028/303 250/1029/304 571/1030/305 
f 572/1031/306 249/1032/307 248/1033/308 573/1034/309 
f 573/1035/309 248/1036/308 247/1037/310 
f 533/1038/191 240/1039/303 239/1040/192 
f 570/1041/301 260/1042/311 259/1043/312 574/1044/312 233/1045/313 232/1046/313 252/1047/302 
f 571/1048/305 254/1049/314 253/1050/315 260/1051/311 570/1052/301 
f 571/1053/305 255/1054/316 254/1055/314 
f 572/1056/306 257/1057/317 256/1058/318 
f 573/1059/309 261/1060/319 258/1061/320 257/1062/317 572/1063/306 
f 575/1064/321 262/1065/322 261/1066/319 573/1067/309 247/1068/310 231/1069/323 230/1070/324 
f 575/1071/321 230/1072/324 229/1073/325 576/1074/326 577/1075/327 
f 578/1076/328 579/1077/329 580/1078/330 581/1079/331 
f 582/1080/332 583/1081/333 579/1082/329 578/1083/328 
f 578/1084/328 234/1085/334 233/1086/335 574/1087/336 582/1088/332 
f 574/1089/312 259/1090/312 126/1091/337 125/1092/337 216/1093/337 
f 575/1094/321 215/1095/338 128/1096/339 127/1097/339 262/1098/322 
f 584/1099/340 388/1100/341 412/1101/342 111/1102/342 110/1103/342 120/1104/342 215/1105/338 575/1106/321 577/1107/327 
f 585/1108/343 586/1109/344 583/1110/333 582/1111/332 
f 574/1112/336 216/1113/345 119/1114/345 109/1115/345 112/1116/345 411/1117/345 387/1118/346 585/1119/343 582/1120/332 
f 587/1121/347 517/1122/348 104/1123/348 103/1124/348 243/1125/347 
f 541/1126/215 244/1127/300 106/1128/349 105/1129/349 518/1130/350 
f 541/1131/215 518/1132/350 124/1133/351 123/1134/351 138/1135/351 150/1136/351 388/1137/341 584/1138/340 542/1139/216 
f 588/1140/352 589/1141/353 586/1142/344 585/1143/343 
f 585/1144/343 387/1145/346 149/1146/354 137/1147/354 122/1148/354 121/1149/354 517/1150/354 587/1151/355 588/1152/352 
f 567/1153/293 528/1154/356 495/1155/357 502/1156/357 587/1157/347 243/1158/347 242/1159/358 
f 567/1160/293 242/1161/358 241/1162/359 510/1163/360 566/1164/290 
f 566/1165/290 510/1166/360 509/1167/361 
f 590/1168/362 512/1169/363 511/1170/364 
f 590/1171/362 511/1172/364 246/1173/365 245/1174/299 569/1175/298 
f 591/1176/366 592/1177/367 589/1178/353 588/1179/352 
f 587/1180/355 502/1181/368 501/1182/369 591/1183/366 588/1184/352 
f 567/1185/293 529/1186/292 528/1187/356 
f 568/1188/294 478/1189/292 477/1190/291 593/1191/370 
f 566/1192/290 509/1193/361 27/1194/371 6/1195/371 5/1196/371 508/1197/372 593/1198/370 477/1199/291 393/1200/371 396/1201/371 428/1202/371 451/1203/371 468/1204/371 530/1205/291 
f 565/1206/287 505/1207/373 8/1208/374 7/1209/374 28/1210/374 512/1211/363 590/1212/362 525/1213/288 467/1214/374 452/1215/374 427/1216/374 395/1217/374 394/1218/374 484/1219/288 
f 569/1220/298 526/1221/289 525/1222/288 590/1223/362 
f 569/1224/298 527/1225/297 526/1226/289 
f 594/1227/375 523/1228/376 385/1229/377 384/1230/377 499/1231/377 498/1232/213 540/1233/212 
f 595/1234/378 596/1235/379 592/1236/367 591/1237/366 
f 591/1238/366 501/1239/369 500/1240/380 383/1241/380 386/1242/380 522/1243/381 595/1244/378 
f 568/1245/294 490/1246/382 489/1247/383 597/1248/383 521/1249/384 480/1250/384 479/1251/295 
f 593/1252/370 507/1253/385 491/1254/386 490/1255/382 568/1256/294 
f 593/1257/370 508/1258/372 507/1259/385 
f 565/1260/287 506/1261/387 505/1262/373 
f 563/1263/280 493/1264/286 492/1265/388 506/1266/387 565/1267/287 
f 564/1268/284 524/1269/283 523/1270/376 594/1271/375 598/1272/389 
f 599/1273/390 600/1274/391 601/1275/392 596/1276/379 595/1277/378 
f 595/1278/378 522/1279/381 521/1280/393 597/1281/394 599/1282/390 
f 597/1283/383 489/1284/383 90/1285/395 89/1286/395 504/1287/395 
f 564/1288/284 503/1289/396 92/1290/397 91/1291/397 494/1292/285 
f 602/1293/398 160/1294/399 170/1295/400 64/1296/400 63/1297/400 77/1298/400 503/1299/396 564/1300/284 598/1301/389 
f 603/1302/401 604/1303/402 600/1304/391 599/1305/390 
f 597/1306/394 504/1307/403 78/1308/403 66/1309/403 65/1310/403 169/1311/403 159/1312/404 603/1313/401 599/1314/390 
f 605/1315/405 519/1316/406 95/1317/406 98/1318/406 488/1319/405 
f 561/1320/273 485/1321/279 97/1322/407 96/1323/407 520/1324/408 
f 606/1325/409 607/1326/410 608/1327/411 609/1328/412 
f 609/1329/412 300/1330/413 299/1331/414 610/1332/415 606/1333/409 
f 532/1334/188 237/1335/308 236/1336/307 611/1337/416 
f 532/1338/188 238/1339/187 237/1340/308 
f 581/1341/331 580/1342/330 612/1343/417 613/1344/418 
f 610/1345/419 389/1346/419 166/1347/420 165/1348/420 397/1349/420 
f 545/1350/222 399/1351/226 35/1352/421 34/1353/421 409/1354/422 
f 614/1355/423 615/1356/424 607/1357/410 606/1358/409 
f 581/1359/331 222/1360/425 85/1361/426 81/1362/426 80/1363/426 234/1364/334 578/1365/328 
f 616/1366/427 227/1367/428 195/1368/429 12/1369/429 11/1370/429 255/1371/316 571/1372/305 250/1373/304 47/1374/429 50/1375/429 100/1376/429 108/1377/429 135/1378/429 235/1379/304 
f 550/1380/241 318/1381/430 317/1382/242 
f 547/1383/231 296/1384/230 295/1385/431 617/1386/432 618/1387/433 
f 546/1388/227 391/1389/233 319/1390/434 318/1391/430 550/1392/241 
f 619/1393/435 316/1394/436 315/1395/437 
f 368/1396/438 584/1397/340 577/1398/327 375/1399/438 
f 619/1400/435 315/1401/437 320/1402/439 390/1403/440 553/1404/247 
f 610/1405/419 299/1406/441 298/1407/441 342/1408/248 553/1409/247 390/1410/440 389/1411/419 
f 620/1412/442 350/1413/443 193/1414/444 188/1415/444 187/1416/444 300/1417/413 609/1418/412 
f 609/1419/412 608/1420/411 621/1421/445 620/1422/442 
f 617/1423/432 295/1424/431 186/1425/446 185/1426/446 194/1427/446 349/1428/447 622/1429/448 
f 546/1430/227 338/1431/236 337/1432/228 
f 550/1433/241 339/1434/237 338/1435/236 546/1436/227 
f 551/1437/243 345/1438/449 26/1439/450 24/1440/450 23/1441/450 316/1442/436 619/1443/435 340/1444/244 153/1445/450 147/1446/450 140/1447/450 139/1448/450 306/1449/450 305/1450/244 
f 553/1451/247 341/1452/245 340/1453/244 619/1454/435 
f 552/1455/246 304/1456/245 303/1457/451 
f 623/1458/452 347/1459/453 350/1460/443 620/1461/442 624/1462/454 
f 620/1463/442 621/1464/445 625/1465/455 624/1466/454 
f 622/1467/448 349/1468/447 348/1469/250 554/1470/249 626/1471/456 
f 549/1472/238 343/1473/457 331/1474/458 330/1475/252 548/1476/234 
f 549/1477/238 344/1478/240 343/1479/457 
f 551/1480/243 346/1481/459 345/1482/449 
f 552/1483/246 333/1484/460 332/1485/461 346/1486/459 551/1487/243 
f 552/1488/246 303/1489/451 302/1490/462 347/1491/462 623/1492/463 334/1493/463 333/1494/460 
f 627/1495/464 164/1496/465 178/1497/466 177/1498/466 189/1499/466 191/1500/466 327/1501/466 623/1502/452 624/1503/454 
f 624/1504/454 625/1505/455 628/1506/467 627/1507/464 
f 554/1508/249 328/1509/468 192/1510/469 190/1511/469 176/1512/469 175/1513/469 163/1514/470 629/1515/471 626/1516/456 
f 554/1517/249 329/1518/253 181/1519/472 180/1520/472 328/1521/468 
f 623/1522/463 327/1523/473 179/1524/473 182/1525/473 334/1526/463 
f 630/1527/474 336/1528/475 129/1529/475 132/1530/475 144/1531/475 152/1532/475 164/1533/465 627/1534/464 631/1535/476 
f 627/1536/464 628/1537/467 632/1538/477 631/1539/476 
f 629/1540/471 163/1541/470 151/1542/478 143/1543/478 131/1544/478 130/1545/478 335/1546/479 556/1547/258 633/1548/480 
f 556/1549/258 335/1550/479 114/1551/481 113/1552/481 312/1553/259 
f 630/1554/482 313/1555/482 116/1556/483 115/1557/483 336/1558/483 
f 634/1559/484 324/1560/485 323/1561/486 630/1562/474 631/1563/476 
f 631/1564/476 632/1565/477 635/1566/487 634/1567/484 
f 556/1568/258 322/1569/257 321/1570/488 636/1571/489 633/1572/480 
f 555/1573/254 311/1574/260 265/1575/490 264/1576/491 557/1577/262 
f 557/1578/262 264/1579/491 263/1580/267 
f 560/1581/271 268/1582/492 267/1583/493 
f 560/1584/271 267/1585/493 266/1586/494 314/1587/495 559/1588/268 
f 630/1589/482 323/1590/496 273/1591/496 272/1592/272 559/1593/268 314/1594/495 313/1595/482 
f 637/1596/497 515/1597/498 470/1598/499 463/1599/499 325/1600/499 324/1601/485 634/1602/484 
f 634/1603/484 635/1604/487 638/1605/500 637/1606/497 
f 636/1607/489 321/1608/488 326/1609/501 464/1610/501 469/1611/501 514/1612/502 639/1613/503 
f 562/1614/277 290/1615/276 289/1616/261 
f 562/1617/277 289/1618/261 288/1619/263 558/1620/266 
f 640/1621/504 283/1622/505 4/1623/506 3/1624/506 10/1625/506 268/1626/492 560/1627/271 270/1628/270 269/1629/506 465/1630/506 460/1631/506 459/1632/506 286/1633/506 285/1634/270 
f 640/1635/504 285/1636/270 294/1637/269 641/1638/507 
f 641/1639/507 294/1640/269 293/1641/508 
f 605/1642/509 516/1643/510 515/1644/498 637/1645/497 642/1646/511 
f 637/1647/497 638/1648/500 643/1649/512 642/1650/511 
f 639/1651/503 514/1652/502 513/1653/274 561/1654/273 644/1655/513 
f 558/1656/266 281/1657/514 280/1658/515 486/1659/278 562/1660/277 
f 558/1661/266 282/1662/265 281/1663/514 
f 640/1664/504 284/1665/516 283/1666/505 
f 641/1667/507 487/1668/517 279/1669/518 284/1670/516 640/1671/504 
f 641/1672/507 293/1673/508 292/1674/519 516/1675/519 605/1676/405 488/1677/405 487/1678/517 
f 603/1679/401 159/1680/404 56/1681/520 55/1682/520 72/1683/520 83/1684/520 519/1685/520 605/1686/509 642/1687/511 
f 642/1688/511 643/1689/512 604/1690/402 603/1691/401 
f 561/1692/273 520/1693/408 84/1694/521 71/1695/521 58/1696/521 57/1697/521 160/1698/399 602/1699/398 644/1700/513 
f 547/1701/231 398/1702/522 168/1703/523 167/1704/523 392/1705/232 
f 645/1706/524 102/1707/525 118/1708/526 134/1709/526 146/1710/526 156/1711/526 398/1712/522 547/1713/231 618/1714/433 
f 545/1715/222 409/1716/422 60/1717/527 59/1718/527 75/1719/527 87/1720/527 102/1721/525 645/1722/524 646/1723/528 
f 610/1724/415 397/1725/529 155/1726/529 145/1727/529 133/1728/529 117/1729/529 101/1730/530 614/1731/423 606/1732/409 
f 647/1733/531 410/1734/532 33/1735/532 36/1736/532 404/1737/531 
f 614/1738/423 101/1739/530 88/1740/533 76/1741/533 62/1742/533 61/1743/533 410/1744/533 647/1745/534 648/1746/535 
f 648/1747/535 649/1748/536 615/1749/424 614/1750/423 
f 544/1751/220 403/1752/537 402/1753/538 432/1754/539 543/1755/217 
f 543/1756/217 432/1757/539 431/1758/540 
f 544/1759/220 419/1760/221 415/1761/541 414/1762/541 647/1763/531 404/1764/531 403/1765/537 
f 538/1766/207 430/1767/209 429/1768/542 
f 538/1769/207 429/1770/542 401/1771/543 400/1772/225 537/1773/203 
f 650/1774/544 418/1775/545 417/1776/223 545/1777/222 646/1778/528 
f 651/1779/546 439/1780/547 438/1781/219 
f 651/1782/546 438/1783/219 437/1784/218 652/1785/548 
f 647/1786/534 414/1787/549 413/1788/550 653/1789/551 648/1790/535 
f 653/1791/551 654/1792/552 655/1793/553 649/1794/536 648/1795/535 
f 543/1796/217 431/1797/540 19/1798/554 15/1799/554 18/1800/554 443/1801/555 652/1802/548 437/1803/218 32/1804/554 31/1805/554 406/1806/554 405/1807/554 422/1808/554 421/1809/218 
f 539/1810/210 436/1811/206 435/1812/205 535/1813/196 
f 535/1814/196 435/1815/205 434/1816/197 
f 656/1817/556 447/1818/557 43/1819/558 42/1820/558 46/1821/558 418/1822/545 650/1823/544 
f 657/1824/559 658/1825/560 654/1826/552 653/1827/551 
f 653/1828/551 413/1829/550 45/1830/561 41/1831/561 44/1832/561 450/1833/562 657/1834/559 
f 659/1835/563 449/1836/564 440/1837/564 439/1838/547 651/1839/546 454/1840/565 453/1841/563 
f 652/1842/548 442/1843/566 441/1844/567 454/1845/565 651/1846/546 
f 652/1847/548 443/1848/555 442/1849/566 
f 539/1850/210 445/1851/568 444/1852/211 
f 535/1853/196 455/1854/202 446/1855/569 445/1856/568 539/1857/210 
f 536/1858/200 448/1859/199 447/1860/557 656/1861/556 660/1862/570 
f 661/1863/571 662/1864/572 658/1865/560 657/1866/559 
f 657/1867/559 450/1868/562 449/1869/573 659/1870/574 661/1871/571 
f 659/1872/563 453/1873/563 53/1874/575 52/1875/575 458/1876/575 
f 536/1877/200 457/1878/576 51/1879/577 54/1880/577 456/1881/201 
f 663/1882/578 158/1883/579 162/1884/580 172/1885/580 174/1886/580 184/1887/580 457/1888/576 536/1889/200 660/1890/570 
f 664/1891/581 665/1892/582 662/1893/572 661/1894/571 
f 659/1895/574 458/1896/583 183/1897/583 173/1898/583 171/1899/583 161/1900/583 157/1901/584 664/1902/581 661/1903/571 
f 534/1904/194 475/1905/585 37/1906/585 40/1907/585 474/1908/194 
f 531/1909/184 471/1910/190 39/1911/586 38/1912/586 476/1913/587 
f 531/1914/184 476/1915/587 74/1916/588 70/1917/588 69/1918/588 94/1919/588 158/1920/579 663/1921/578 666/1922/589 
f 613/1923/418 612/1924/417 665/1925/582 664/1926/581 
f 664/1927/581 157/1928/584 93/1929/590 68/1930/590 67/1931/590 73/1932/590 475/1933/590 534/1934/591 613/1935/418 
f 533/1936/191 473/1937/195 223/1938/592 228/1939/593 616/1940/427 
f 616/1941/427 228/1942/593 227/1943/428 
f 611/1944/416 226/1945/594 225/1946/595 
f 611/1947/416 225/1948/595 224/1949/596 472/1950/189 532/1951/188 
f 667/1952/597 221/1953/598 220/1954/185 531/1955/184 666/1956/589 
f 616/1957/427 235/1958/304 240/1959/303 533/1960/191 
f 576/1961/326 229/1962/325 79/1963/599 82/1964/599 86/1965/599 221/1966/598 667/1967/597 
f 534/1968/591 217/1969/600 222/1970/425 581/1971/331 613/1972/418 
f 572/1973/306 256/1974/318 14/1975/601 13/1976/601 196/1977/601 226/1978/594 611/1979/416 236/1980/307 136/1981/601 107/1982/601 99/1983/601 49/1984/601 48/1985/601 249/1986/307 
f 367/1987/438 542/1988/216 584/1397/340 368/1396/438 
f 379/1989/602 540/1990/212 542/1988/216 367/1987/438 
f 359/1991/602 594/1992/375 540/1990/212 379/1989/602 
f 598/1993/389 594/1992/375 359/1991/602 351/1994/602 
f 602/1995/398 598/1993/389 351/1994/602 211/1996/602 
f 617/1997/432 197/1998/438 200/1999/602 618/2000/433 
f 576/2001/326 667/2002/597 365/2003/438 373/2004/438 
f 622/2005/448 206/2006/438 197/1998/438 617/1997/432 
f 626/2007/456 214/2008/438 206/2006/438 622/2005/448 
f 629/2009/471 378/2010/438 214/2008/438 626/2007/456 
f 375/1399/438 577/1398/327 576/2001/326 373/2004/438 
f 629/2009/471 633/2011/480 372/2012/438 378/2010/438 
f 371/2012/602 213/2008/602 377/2010/602 
f 213/2008/602 371/2012/602 363/2013/602 
f 213/2008/602 363/2013/602 205/2006/602 
f 205/2006/602 363/2013/602 209/2014/602 
f 205/2006/602 209/2014/602 198/1998/602 
f 198/1998/602 209/2014/602 199/1999/602 
f 199/1999/602 209/2014/602 208/2015/602 
f 199/1999/602 208/2015/602 212/1996/602 
f 199/1999/602 212/1996/602 668/2016/602 
f 668/2016/602 212/1996/602 669/2017/602 
f 669/2017/602 212/1996/602 670/2018/602 
f 670/2018/602 212/1996/602 352/1994/602 
f 670/2018/602 352/1994/602 671/2019/602 
f 671/2019/602 352/1994/602 672/2020/602 
f 672/2020/602 352/1994/602 673/2021/602 
f 673/2021/602 352/1994/602 674/2022/602 
f 674/2022/602 352/1994/602 360/1991/602 
f 674/2022/602 360/1991/602 675/2023/602 
f 675/2023/602 360/1991/602 676/2024/602 
f 676/2024/602 360/1991/602 677/2025/602 
f 677/2025/602 360/1991/602 380/1989/602 
f 677/2025/602 380/1989/602 678/2026/602 
f 678/2026/602 380/1989/602 679/2027/602 
f 679/2027/602 380/1989/602 680/2028/602 
f 680/2028/602 380/1989/602 681/2029/602 
f 681/2029/602 380/1989/602 362/2030/602 
f 362/2030/602 380/1989/602 358/2031/602 
f 358/2031/602 380/1989/602 370/1987/602 
f 358/2031/602 370/1987/602 369/1396/602 
f 358/2031/602 369/1396/602 355/2032/602 
f 355/2032/602 369/1396/602 356/2033/602 
f 356/2033/602 369/1396/602 376/1399/602 
f 356/2033/602 376/1399/602 366/2003/602 
f 366/2003/602 376/1399/602 374/2004/602 
f 668/2016/602 201/2034/602 199/1999/602 
f 201/2034/602 668/2016/602 682/2035/602 
f 201/2034/602 682/2035/602 683/2036/602 
f 201/2034/602 683/2036/602 203/2037/602 
f 203/2037/602 683/2036/602 684/2038/602 
f 203/2037/602 684/2038/602 685/2039/602 
f 203/2037/602 685/2039/602 686/2040/602 
f 203/2037/602 686/2040/602 687/2041/602 
f 203/2037/602 687/2041/602 381/2042/602 
f 381/2042/602 687/2041/602 688/2043/602 
f 381/2042/602 688/2043/602 689/2044/602 
f 381/2042/602 689/2044/602 690/2045/602 
f 381/2042/602 690/2045/602 362/2030/602 
f 362/2030/602 690/2045/602 691/2046/602 
f 362/2030/602 691/2046/602 692/2047/602 
f 362/2030/602 692/2047/602 681/2029/602 
f 633/2011/480 636/2048/489 364/2013/438 372/2012/438 
f 636/2048/489 639/2049/503 210/2014/438 364/2013/438 
f 639/2049/503 644/2050/513 207/2015/602 210/2014/438 
f 644/2050/513 602/1995/398 211/1996/602 207/2015/602 
f 618/2000/433 200/1999/602 202/2034/602 645/2051/524 
f 645/2051/524 202/2034/602 204/2037/602 646/2052/528 
f 646/2052/528 204/2037/602 382/2042/602 650/2053/544 
f 382/2042/602 361/2030/602 656/2054/556 650/2053/544 
f 361/2030/602 357/2031/438 660/2055/570 656/2054/556 
f 357/2031/438 354/2032/438 663/2056/578 660/2055/570 
f 354/2032/438 353/2033/438 666/2057/589 663/2056/578 
f 353/2033/438 365/2003/438 667/2002/597 666/2057/589 
f 693/2043/602 694/2041/602 695/2040/602 696/2039/602 697/2038/602 698/2036/602 699/2035/602 700/2016/602 701/2017/602 702/2018/602 703/2019/602 704/2020/602 705/2021/602 706/2022/602 707/2023/602 708/2024/602 709/2025/602 710/2026/602 711/2027/602 712/2028/602 713/2029/602 714/2047/602 715/2046/602 716/2045/602 717/2044/602 
f 688/2058/603 687/2059/604 694/2060/604 693/2061/603 
f 687/2062/604 686/2063/2 695/2064/2 694/2065/604 
f 686/2066/2 685/2067/605 696/2068/605 695/2069/2 
f 685/2070/605 684/2071/606 697/2072/606 696/2073/605 
f 684/2074/606 683/2075/607 698/2076/607 697/2077/606 
f 683/2078/607 682/2079/608 699/2080/608 698/2081/607 
f 682/2082/608 668/2083/31 700/2084/31 699/2085/608 
f 668/2086/31 669/2087/609 701/2088/609 700/2089/31 
f 669/2090/609 670/2091/610 702/2092/610 701/2093/609 
f 670/2094/610 671/2095/611 703/2096/611 702/2097/610 
f 671/2098/611 672/2099/612 704/2100/612 703/2101/611 
f 672/2102/612 673/2103/4 705/2104/4 704/2105/612 
f 673/2106/4 674/2107/613 706/2108/613 705/2109/4 
f 674/2110/613 675/2111/614 707/2112/614 706/2113/613 
f 675/2114/614 676/2115/615 708/2116/615 707/2117/614 
f 676/2118/615 677/2119/616 709/2120/616 708/2121/615 
f 677/2122/616 678/2123/5 710/2124/5 709/2125/616 
f 678/2126/5 679/2127/617 711/2128/617 710/2129/5 
f 679/2130/617 680/2131/618 712/2132/618 711/2133/617 
f 680/2134/618 681/2135/619 713/2136/619 712/2137/618 
f 681/2138/619 692/2139/620 714/2140/620 713/2141/619 
f 692/2142/620 691/2143/1 715/2144/1 714/2145/620 
f 691/2146/1 690/2147/621 716/2148/621 715/2149/1 
f 690/2150/621 689/2151/622 717/2152/622 716/2153/621 
f 689/2154/622 688/2155/603 693/2156/603 717/2157/622 
f 718/2158/623 719/2159/624 720/2160/625 721/2161/626 
f 722/2162/627 723/2163/628 724/2164/629 725/2165/630 
f 726/2166/631 727/2167/632 728/2168/633 729/2169/634 
f 730/2170/635 731/2171/636 732/2172/637 733/2173/638 
f 734/2174/639 735/2175/640 736/2176/641 737/2177/642 
f 738/2178/643 739/2179/644 740/2180/645 741/2181/646 
f 742/2182/647 743/2183/648 744/2184/649 745/2185/650 
f 746/2186/651 747/2187/652 748/2188/653 749/2189/654 
f 750/2190/655 722/2191/627 725/2192/630 751/2193/656 
f 752/2194/657 753/2195/658 754/2196/659 755/2197/660 
f 733/2198/638 732/2199/637 735/2200/640 734/2201/639 
f 756/2202/661 757/2203/662 758/2204/663 759/2205/664 
f 749/2206/654 748/2207/653 760/2208/665 761/2209/666 
f 723/2210/628 762/2211/667 763/2212/668 724/2213/629 
f 764/2214/669 765/2215/670 766/2216/671 767/2217/672 
f 768/2218/673 769/2219/674 770/2220/675 771/2221/676 
f 772/2222/677 773/2223/678 774/2224/679 775/2225/680 
f 773/2226/678 776/2227/681 777/2228/682 774/2229/679 
f 778/2230/683 779/2231/684 780/2232/685 781/2233/686 
f 782/2234/687 768/2235/673 771/2236/676 783/2237/688 
f 784/2238/689 785/2239/690 786/2240/691 787/2241/692 
f 767/2242/672 766/2243/671 731/2244/636 730/2245/635 
f 788/2246/693 738/2247/643 741/2248/646 789/2249/694 
f 760/2250/665 790/2251/695 791/2252/696 761/2253/666 
f 755/2254/660 754/2255/659 747/2256/652 746/2257/651 
f 792/2258/697 772/2259/677 775/2260/680 793/2261/698 
f 739/2262/644 750/2263/655 751/2264/656 740/2265/645 
f 781/2266/686 780/2267/685 753/2268/658 752/2269/657 
f 769/2270/674 794/2271/699 795/2272/700 770/2273/675 
f 756/2274/661 759/2275/664 779/2276/684 778/2277/683 
f 794/2278/699 743/2279/648 742/2280/647 795/2281/700 
f 796/2282/701 797/2283/702 798/2284/703 799/2285/704 
f 745/2286/650 744/2287/649 797/2288/702 796/2289/701 
f 719/2290/624 800/2291/705 801/2292/706 720/2293/625 
f 785/2294/690 718/2295/623 721/2296/626 786/2297/691 
f 802/2298/707 803/2299/708 801/2300/706 800/2301/705 
f 804/2302/709 805/2303/710 806/2304/711 807/2305/712 
f 790/2306/695 784/2307/689 787/2308/692 791/2309/696 
f 737/2310/642 736/2311/641 763/2312/668 762/2313/667 
f 808/2314/713 809/2315/714 803/2316/708 802/2317/707 
f 810/2318/715 811/2319/716 805/2320/710 804/2321/709 
f 729/2322/634 728/2323/633 812/2324/717 813/2325/718 
f 799/2326/704 798/2327/703 809/2328/714 808/2329/713 
f 813/2330/718 812/2331/717 811/2332/716 810/2333/715 
f 776/2334/681 765/2335/670 764/2336/669 777/2337/682 
f 726/2338/631 814/2339/719 815/2340/720 727/2341/632 
f 814/2342/719 816/2343/721 817/2344/722 815/2345/720 
f 816/2346/721 792/2347/697 793/2348/698 817/2349/722 
f 757/2350/662 782/2351/687 783/2352/688 758/2353/663 
f 807/2354/712 806/2355/711 788/2356/693 789/2357/694 
f 818/2358/723 819/2359/724 787/2360/692 786/2361/691 
f 742/2362/725 745/2363/726 820/2364/727 821/2365/728 
f 748/2366/729 747/2367/730 822/2368/731 823/2369/732 
f 824/2370/733 825/2371/734 826/2372/735 827/2373/736 
f 745/2374/726 796/2375/737 828/2376/738 820/2377/727 
f 827/2378/736 826/2379/735 829/2380/739 830/2381/740 
f 826/2382/735 831/2383/741 832/2384/742 829/2385/739 
f 833/2386/743 834/2387/744 835/2388/745 836/2389/746 
f 834/2390/744 837/2391/747 838/2392/748 835/2393/745 
f 837/2394/747 839/2395/749 840/2396/750 838/2397/748 
f 839/2398/749 841/2399/751 842/2400/752 840/2401/750 
f 841/2402/751 843/2403/753 844/2404/754 842/2405/752 
f 845/2406/755 846/2407/756 744/2408/649 743/2409/648 
f 847/2410/757 848/2411/758 849/2412/759 850/2413/760 
f 821/2414/728 820/2415/727 851/2416/761 852/2417/762 
f 853/2418/763 854/2419/764 855/2420/765 856/2421/766 
f 820/2422/727 828/2423/738 857/2424/767 851/2425/761 
f 728/2426/768 727/2427/769 858/2428/770 859/2429/771 
f 860/2430/772 861/2431/773 781/2432/686 752/2433/657 
f 727/2434/769 815/2435/774 862/2436/775 858/2437/770 
f 863/2438/776 864/2439/777 865/2440/778 866/2441/779 
f 867/2442/780 852/2443/762 868/2444/781 869/2445/782 
f 857/2446/767 870/2447/783 871/2448/784 872/2449/785 
f 873/2450/70 874/2451/129 875/2452/129 876/2453/70 
f 877/2454/786 878/2455/787 853/2456/763 879/2457/788 
f 828/2458/738 880/2459/789 870/2460/783 857/2461/767 
f 881/2462/790 882/2463/791 755/2464/660 746/2465/651 
f 790/2466/792 760/2467/793 883/2468/794 878/2469/787 
f 780/2470/795 779/2471/796 884/2472/797 885/2473/798 
f 753/2474/799 780/2475/795 885/2476/798 886/2477/800 
f 882/2478/791 860/2479/772 752/2480/657 755/2481/660 
f 783/2482/801 771/2483/802 825/2484/734 824/2485/733 
f 758/2486/803 783/2487/801 824/2488/733 887/2489/804 
f 800/2490/805 719/2491/806 888/2492/807 889/2493/808 
f 852/2494/762 851/2495/761 890/2496/809 868/2497/781 
f 891/2498/810 821/2499/728 852/2500/762 867/2501/780 
f 886/2502/800 885/2503/798 839/2504/749 837/2505/747 
f 760/2506/793 748/2507/729 823/2508/732 883/2509/794 
f 892/2510/811 879/2511/788 893/2512/812 894/2513/813 
f 770/2514/814 795/2515/815 891/2516/810 895/2517/816 
f 795/2518/815 742/2519/725 821/2520/728 891/2521/810 
f 879/2522/788 853/2523/763 856/2524/766 893/2525/812 
f 843/2526/753 896/2527/817 897/2528/818 844/2529/754 
f 896/2530/817 827/2531/736 830/2532/740 897/2533/818 
f 771/2534/802 770/2535/814 895/2536/816 825/2537/734 
f 898/2538/819 845/2539/755 743/2540/648 794/2541/699 
f 899/2542/820 818/2543/723 786/2544/691 721/2545/626 
f 900/2546/821 892/2547/811 894/2548/813 901/2549/822 
f 902/2550/823 898/2551/819 794/2552/699 769/2553/674 
f 903/2554/824 904/2555/825 729/2556/634 813/2557/718 
f 905/2558/826 906/2559/827 907/2560/828 908/2561/829 
f 909/2562/830 910/2563/831 911/2564/832 836/2565/746 
f 912/2566/833 913/2567/834 906/2568/827 905/2569/826 
f 914/2570/835 915/2571/836 916/2572/837 910/2573/831 
f 917/2574/838 918/2575/839 868/2576/781 890/2577/809 
f 919/2578/840 920/2579/841 830/2580/740 829/2581/739 
f 723/2582/842 722/2583/843 921/2584/844 922/2585/845 
f 873/2586/846 923/2587/847 725/2588/630 724/2589/629 
f 924/2590/848 925/2591/849 901/2592/822 894/2593/813 
f 874/2594/850 873/2595/846 724/2596/629 763/2597/668 
f 926/2598/851 927/2599/852 816/2600/721 814/2601/719 
f 904/2602/825 928/2603/853 726/2604/631 729/2605/634 
f 929/2606/854 930/2607/855 810/2608/715 804/2609/709 
f 931/2610/856 887/2611/804 896/2612/817 843/2613/753 
f 932/2614/140 933/2615/136 818/2616/136 899/2617/140 
f 784/2618/857 790/2619/792 878/2620/787 877/2621/786 
f 903/2622/89 930/2623/88 934/2624/88 935/2625/89 
f 875/2626/858 936/2627/859 720/2628/625 801/2629/706 
f 937/2630/131 927/2631/133 861/2632/133 860/2633/131 
f 938/2634/137 939/2635/134 940/2636/134 846/2637/137 
f 941/2638/61 942/2639/139 943/2640/139 819/2641/61 
f 851/2642/761 857/2643/767 872/2644/785 890/2645/809 
f 933/2646/136 941/2647/61 819/2648/61 818/2649/136 
f 944/2650/132 932/2651/140 899/2652/140 936/2653/132 
f 904/2654/41 903/2655/89 935/2656/89 945/2657/41 
f 946/2658/69 937/2659/131 860/2660/131 882/2661/69 
f 947/2662/72 938/2663/137 846/2664/137 845/2665/72 
f 948/2666/130 946/2667/69 882/2668/69 881/2669/130 
f 889/2670/808 888/2671/807 949/2672/860 950/2673/861 
f 951/2674/862 952/2675/863 809/2676/714 798/2677/703 
f 953/2678/864 877/2679/786 879/2680/788 892/2681/811 
f 848/2682/758 889/2683/808 950/2684/861 849/2685/759 
f 954/2686/865 955/2687/866 749/2688/654 761/2689/666 
f 849/2690/759 950/2691/861 865/2692/778 908/2693/829 
f 932/2694/867 944/2695/868 736/2696/641 735/2697/640 
f 948/2698/869 956/2699/870 776/2700/681 773/2701/678 
f 957/2702/871 958/2703/872 872/2704/785 871/2705/784 
f 959/2706/873 960/2707/874 840/2708/750 842/2709/752 
f 961/2710/875 962/2711/876 844/2712/754 897/2713/818 
f 963/2714/877 964/2715/878 832/2716/742 869/2717/782 
f 815/2718/774 817/2719/879 965/2720/880 862/2721/775 
f 817/2722/879 793/2723/881 966/2724/882 965/2725/880 
f 937/2726/883 946/2727/884 772/2728/677 792/2729/697 
f 940/2730/885 951/2731/862 798/2732/703 797/2733/702 
f 967/2734/886 924/2735/848 894/2736/813 893/2737/812 
f 949/2738/860 900/2739/821 901/2740/822 866/2741/779 
f 968/2742/887 833/2743/743 836/2744/746 911/2745/832 
f 796/2746/737 799/2747/888 880/2748/789 828/2749/738 
f 811/2750/889 812/2751/890 969/2752/891 970/2753/892 
f 812/2754/890 728/2755/768 859/2756/771 969/2757/891 
f 737/2758/893 762/2759/894 971/2760/895 972/2761/896 
f 950/2762/861 949/2763/860 866/2764/779 865/2765/778 
f 973/2766/897 974/2767/898 918/2768/839 917/2769/838 
f 906/2770/827 957/2771/871 871/2772/784 907/2773/828 
f 975/2774/899 976/2775/900 977/2776/901 974/2777/898 
f 965/2778/880 966/2779/882 978/2780/902 979/2781/903 
f 777/2782/904 764/2783/905 980/2784/906 981/2785/907 
f 982/2786/908 983/2787/909 924/2788/848 967/2789/886 
f 806/2790/910 805/2791/911 984/2792/912 976/2793/900 
f 788/2794/913 806/2795/910 976/2796/900 975/2797/899 
f 985/2798/914 982/2799/908 967/2800/886 986/2801/915 
f 987/2802/916 988/2803/917 962/2804/876 961/2805/875 
f 962/2806/876 959/2807/873 842/2808/752 844/2809/754 
f 989/2810/918 987/2811/916 961/2812/875 920/2813/841 
f 920/2814/841 961/2815/875 897/2816/818 830/2817/740 
f 805/2818/911 811/2819/889 970/2820/892 984/2821/912 
f 947/2822/919 990/2823/920 807/2824/712 789/2825/694 
f 933/2826/921 932/2827/867 735/2828/640 732/2829/637 
f 983/2830/909 991/2831/922 925/2832/849 924/2833/848 
f 990/2834/920 929/2835/854 804/2836/709 807/2837/712 
f 992/2838/923 972/2839/896 993/2840/924 991/2841/922 
f 918/2842/839 963/2843/877 869/2844/782 868/2845/781 
f 994/2846/925 992/2847/923 991/2848/922 983/2849/909 
f 916/2850/837 986/2851/915 856/2852/766 855/2853/765 
f 995/2854/926 909/2855/830 836/2856/746 835/2857/745 
f 722/2858/843 750/2859/927 996/2860/928 921/2861/844 
f 942/2862/929 941/2863/930 731/2864/636 766/2865/671 
f 941/2866/930 933/2867/921 732/2868/637 731/2869/636 
f 738/2870/931 788/2871/913 975/2872/899 997/2873/932 
f 986/2874/915 967/2875/886 893/2876/812 856/2877/766 
f 774/2878/933 777/2879/904 981/2880/907 998/2881/934 
f 970/2882/892 969/2883/891 989/2884/918 999/2885/935 
f 739/2886/936 738/2887/931 997/2888/932 1000/2889/937 
f 999/2890/935 989/2891/918 920/2892/841 919/2893/840 
f 964/2894/878 919/2895/840 829/2896/739 832/2897/742 
f 1001/2898/938 999/2899/935 919/2900/840 964/2901/878 
f 1002/2902/939 1003/2903/940 909/2904/830 995/2905/926 
f 978/2906/902 1002/2907/939 995/2908/926 1004/2909/941 
f 874/2910/129 944/2911/132 936/2912/132 875/2913/129 
f 979/2914/903 978/2915/902 1004/2916/941 960/2917/874 
f 1005/2918/942 979/2919/903 960/2920/874 959/2921/873 
f 988/2922/917 1005/2923/942 959/2924/873 962/2925/876 
f 960/2926/874 1004/2927/941 838/2928/748 840/2929/750 
f 938/2930/943 947/2931/919 789/2932/694 741/2933/646 
f 922/2934/845 921/2935/844 913/2936/834 912/2937/833 
f 997/2938/932 975/2939/899 974/2940/898 973/2941/897 
f 915/2942/836 985/2943/914 986/2944/915 916/2945/837 
f 1000/2946/937 997/2947/932 973/2948/897 1006/2949/944 
f 750/2950/927 739/2951/936 1000/2952/937 996/2953/928 
f 1007/2954/945 939/2955/946 740/2956/645 751/2957/656 
f 1003/2958/940 914/2959/835 910/2960/831 909/2961/830 
f 991/2962/922 993/2963/924 863/2964/776 925/2965/849 
f 993/2966/924 1008/2967/947 864/2968/777 863/2969/776 
f 927/2970/852 937/2971/883 792/2972/697 816/2973/721 
f 972/2974/896 971/2975/895 1008/2976/947 993/2977/924 
f 923/2978/847 1007/2979/945 751/2980/656 725/2981/630 
f 958/2982/872 917/2983/838 890/2984/809 872/2985/785 
f 1009/2986/948 994/2987/925 983/2988/909 982/2989/908 
f 971/2990/895 922/2991/845 912/2992/833 1008/2993/947 
f 956/2994/870 1010/2995/949 765/2996/670 776/2997/681 
f 1008/2998/947 912/2999/833 905/3000/826 864/3001/777 
f 946/3002/884 948/3003/869 773/3004/678 772/3005/677 
f 974/3006/898 977/3007/901 963/3008/877 918/3009/839 
f 864/3010/777 905/3011/826 908/3012/829 865/3013/778 
f 1011/3014/950 1009/3015/948 982/3016/908 985/3017/914 
f 925/3018/849 863/3019/776 866/3020/779 901/3021/822 
f 1004/3022/941 995/3023/926 835/3024/745 838/3025/748 
f 910/3026/831 916/3027/837 855/3028/765 911/3029/832 
f 996/3030/928 1000/3031/937 1006/3032/944 1012/3033/951 
f 1012/3034/951 1006/3035/944 958/3036/872 957/3037/871 
f 825/3038/734 895/3039/816 831/3040/741 826/3041/735 
f 754/3042/952 753/3043/799 886/3044/800 1013/3045/953 
f 930/3046/88 929/3047/91 902/3048/91 934/3049/88 
f 887/3050/804 824/3051/733 827/3052/736 896/3053/817 
f 990/3054/94 947/3055/72 845/3056/72 898/3057/94 
f 928/3058/90 904/3059/41 945/3060/41 1014/3061/90 
f 1013/3062/953 886/3063/800 837/3064/747 834/3065/744 
f 942/3066/139 1010/3067/138 954/3068/138 943/3069/139 
f 885/3070/798 884/3071/797 841/3072/751 839/3073/749 
f 846/3074/756 940/3075/885 797/3076/702 744/3077/649 
f 884/3078/797 931/3079/856 843/3080/753 841/3081/751 
f 822/3082/731 1013/3083/953 834/3084/744 833/3085/743 
f 1010/3086/138 956/3087/135 955/3088/135 954/3089/138 
f 956/3090/135 948/3091/130 881/3092/130 955/3093/135 
f 895/3094/816 891/3095/810 867/3096/780 831/3097/741 
f 764/3098/905 767/3099/954 1011/3100/950 980/3101/906 
f 767/3102/954 730/3103/955 1009/3104/948 1011/3105/950 
f 730/3106/955 733/3107/956 994/3108/925 1009/3109/948 
f 733/3110/956 734/3111/957 992/3112/923 994/3113/925 
f 734/3114/957 737/3115/893 972/3116/896 992/3117/923 
f 775/3118/958 774/3119/933 998/3120/934 1015/3121/959 
f 1010/3122/949 942/3123/929 766/3124/671 765/3125/670 
f 981/3126/907 980/3127/906 915/3128/836 914/3129/835 
f 980/3130/906 1011/3131/950 985/3132/914 915/3133/836 
f 913/3134/834 1012/3135/951 957/3136/871 906/3137/827 
f 785/3138/960 784/3139/857 877/3140/786 953/3141/864 
f 718/3142/961 785/3143/960 953/3144/864 1016/3145/962 
f 927/3146/133 926/3147/141 1017/3148/141 861/3149/133 
f 935/3150/963 934/3151/964 768/3152/673 782/3153/687 
f 926/3154/141 928/3155/90 1014/3156/90 1017/3157/141 
f 762/3158/894 723/3159/842 922/3160/845 971/3161/895 
f 945/3162/965 935/3163/963 782/3164/687 757/3165/662 
f 850/3166/760 849/3167/759 908/3168/829 907/3169/828 
f 854/3170/764 968/3171/887 911/3172/832 855/3173/765 
f 808/3174/966 802/3175/967 848/3176/758 847/3177/757 
f 952/3178/863 876/3179/968 803/3180/708 809/3181/714 
f 876/3182/968 875/3183/858 801/3184/706 803/3185/708 
f 861/3186/773 1017/3187/969 778/3188/683 781/3189/686 
f 1014/3190/970 945/3191/965 757/3192/662 756/3193/661 
f 934/3194/964 902/3195/823 769/3196/674 768/3197/673 
f 936/3198/859 899/3199/820 721/3200/626 720/3201/625 
f 955/3202/866 881/3203/790 746/3204/651 749/3205/654 
f 998/3206/934 981/3207/907 914/3208/835 1003/3209/940 
f 930/3210/855 903/3211/824 813/3212/718 810/3213/715 
f 944/3214/868 874/3215/850 763/3216/668 736/3217/641 
f 928/3218/853 926/3219/851 814/3220/719 726/3221/631 
f 793/3222/881 775/3223/958 1015/3224/959 966/3225/882 
f 969/3226/891 859/3227/771 987/3228/916 989/3229/918 
f 976/3230/900 984/3231/912 1001/3232/938 977/3233/901 
f 984/3234/912 970/3235/892 999/3236/935 1001/3237/938 
f 1015/3238/959 998/3239/934 1003/3240/940 1002/3241/939 
f 966/3242/882 1015/3243/959 1002/3244/939 978/3245/902 
f 929/3246/91 990/3247/94 898/3248/94 902/3249/91 
f 1017/3250/969 1014/3251/970 756/3252/661 778/3253/683 
f 880/3254/789 847/3255/757 850/3256/760 870/3257/783 
f 831/3258/741 867/3259/780 869/3260/782 832/3261/742 
f 759/3262/971 758/3263/803 887/3264/804 931/3265/856 
f 779/3266/796 759/3267/971 931/3268/856 884/3269/797 
f 862/3270/775 965/3271/880 979/3272/903 1005/3273/942 
f 858/3274/770 862/3275/775 1005/3276/942 988/3277/917 
f 939/3278/946 938/3279/943 741/3280/646 740/3281/645 
f 921/3282/844 996/3283/928 1012/3284/951 913/3285/834 
f 1006/3286/944 973/3287/897 917/3288/838 958/3289/872 
f 888/3290/807 1016/3291/962 900/3292/821 949/3293/860 
f 1016/3294/962 953/3295/864 892/3296/811 900/3297/821 
f 799/3298/888 808/3299/966 847/3300/757 880/3301/789 
f 819/3302/724 943/3303/972 791/3304/696 787/3305/692 
f 943/3306/972 954/3307/865 761/3308/666 791/3309/696 
f 719/3310/806 718/3311/961 1016/3312/962 888/3313/807 
f 878/3314/787 883/3315/794 854/3316/764 853/3317/763 
f 870/3318/783 850/3319/760 907/3320/828 871/3321/784 
f 823/3322/732 822/3323/731 833/3324/743 968/3325/887 
f 802/3326/967 800/3327/805 889/3328/808 848/3329/758 
f 883/3330/794 823/3331/732 968/3332/887 854/3333/764 
f 747/3334/730 754/3335/952 1013/3336/953 822/3337/731 
f 859/3338/771 858/3339/770 988/3340/917 987/3341/916 
f 923/3342/92 873/3343/70 876/3344/70 952/3345/92 
f 1007/3346/93 923/3347/92 952/3348/92 951/3349/93 
f 939/3350/134 1007/3351/93 951/3352/93 940/3353/134 
f 977/3354/901 1001/3355/938 964/3356/878 963/3357/877 
f 632/3358/973 628/3359/973 625/3360/973 621/3361/973 608/3362/973 607/3363/973 615/3364/973 649/3365/973 655/3366/973 654/3367/973 658/3368/973 662/3369/973 665/3370/973 612/3371/973 580/3372/973 579/3373/973 583/3374/973 586/3375/973 589/3376/973 592/3377/973 596/3378/973 601/3379/973 600/3380/973 604/3381/973 643/3382/973 638/3383/973 635/3384/973 
# 682 polygons - 90 triangles

