# 3ds Max Wavefront OBJ Exporter v0.99 - (c)2007 guruware
# File Created: 22.03.2025 16:58:38

mtllib RuedaTI.mtl

#
# object RuedaTI
#

v  -0.0956 0.0192 0.0519
v  -0.0967 0.0159 0.0519
v  -0.0852 0.0137 0.0540
v  -0.1198 0.0392 0.0347
v  -0.1172 0.0401 0.0355
v  -0.1172 0.0401 0.0448
v  -0.1198 0.0392 0.0441
v  0.0452 -0.0217 0.0533
v  0.0472 -0.0256 0.0535
v  0.0472 -0.0256 0.0422
v  0.0452 -0.0217 0.0420
v  0.0684 -0.1193 0.0319
v  0.0791 -0.1115 0.0319
v  0.0791 -0.1115 0.0413
v  0.0684 -0.1193 0.0413
v  0.0508 -0.0281 0.0539
v  0.0508 -0.0281 0.0425
v  -0.0564 -0.0117 0.0425
v  -0.0520 -0.0116 0.0422
v  -0.0520 -0.0116 0.0535
v  -0.0564 -0.0117 0.0539
v  0.1281 0.0392 0.0413
v  0.1322 0.0266 0.0413
v  0.1322 0.0266 0.0319
v  0.1281 0.0392 0.0319
v  -0.0255 0.0397 0.0533
v  -0.0248 0.0440 0.0535
v  -0.0248 0.0440 0.0422
v  -0.0255 0.0397 0.0420
v  -0.1283 0.0392 0.0319
v  -0.1283 0.0392 0.0413
v  -0.1242 0.0518 0.0413
v  -0.1242 0.0518 0.0319
v  -0.1324 0.0266 0.0319
v  -0.1324 0.0266 0.0413
v  -0.0900 -0.1038 0.0319
v  -0.0793 -0.1115 0.0319
v  -0.0793 -0.1115 0.0413
v  -0.0900 -0.1038 0.0413
v  -0.0263 0.0482 0.0539
v  -0.0348 0.0606 0.0551
v  -0.0348 0.0606 0.0433
v  -0.0263 0.0482 0.0425
v  0.0042 0.1221 0.0355
v  0.0042 0.1221 0.0448
v  0.0025 0.1243 0.0441
v  0.0025 0.1243 0.0347
v  0.0836 -0.0373 0.0423
v  0.0836 -0.0373 0.0532
v  0.0819 -0.0523 0.0523
v  0.0819 -0.0523 0.0419
v  0.0517 -0.0116 0.0422
v  0.0561 -0.0117 0.0425
v  0.0561 -0.0117 0.0539
v  0.0517 -0.0116 0.0535
v  0.0089 -0.0739 0.0433
v  0.0089 -0.0739 0.0551
v  0.0085 -0.0588 0.0539
v  0.0085 -0.0588 0.0425
v  0.0400 0.0380 0.0539
v  0.0492 0.0500 0.0551
v  0.0492 0.0500 0.0433
v  0.0400 0.0380 0.0425
v  0.1240 0.0518 0.0319
v  0.1240 0.0518 0.0413
v  -0.0473 0.0749 0.0423
v  -0.0473 0.0749 0.0532
v  -0.0372 0.0860 0.0523
v  -0.0372 0.0860 0.0419
v  0.0073 -0.0546 0.0535
v  0.0073 -0.0546 0.0422
v  -0.0751 -0.1057 0.0438
v  -0.0725 -0.1066 0.0441
v  -0.0725 -0.1066 0.0347
v  -0.0751 -0.1057 0.0344
v  0.0261 0.0482 0.0425
v  0.0261 0.0482 0.0539
v  0.0246 0.0440 0.0535
v  0.0246 0.0440 0.0422
v  -0.0001 0.1251 0.0344
v  -0.0001 0.1251 0.0438
v  0.0365 0.0354 0.0535
v  0.0365 0.0354 0.0422
v  -0.0686 -0.1193 0.0319
v  -0.0686 -0.1193 0.0413
v  0.0706 -0.0160 0.0433
v  0.0706 -0.0160 0.0551
v  -0.0481 -0.0136 0.0420
v  -0.0481 -0.0136 0.0533
v  -0.0456 -0.0173 0.0531
v  -0.0456 -0.0173 0.0419
v  0.0651 -0.0331 0.0551
v  0.0651 -0.0331 0.0433
v  -0.0027 0.1243 0.0441
v  -0.0044 0.1221 0.0448
v  -0.0044 0.1221 0.0355
v  -0.0027 0.1243 0.0347
v  0.0955 -0.0104 0.0523
v  0.0881 -0.0235 0.0532
v  0.0881 -0.0235 0.0423
v  0.0955 -0.0104 0.0419
v  -0.0708 -0.0160 0.0433
v  -0.0708 -0.0160 0.0551
v  -0.0591 0.0664 0.0532
v  -0.0591 0.0664 0.0423
v  -0.0729 0.0601 0.0419
v  -0.0729 0.0601 0.0523
v  -0.0474 -0.0256 0.0535
v  -0.0474 -0.0256 0.0422
v  -0.0510 -0.0281 0.0425
v  -0.0510 -0.0281 0.0539
v  -0.0001 0.0536 0.0538
v  -0.0001 0.0536 0.0424
v  -0.0060 0.0533 0.0424
v  -0.0060 0.0533 0.0538
v  -0.0550 0.0091 0.0538
v  -0.0535 0.0148 0.0538
v  -0.0535 0.0148 0.0424
v  -0.0550 0.0091 0.0424
v  -0.0514 0.0204 0.0538
v  -0.0514 0.0204 0.0424
v  -0.0001 0.1323 0.0413
v  0.0131 0.1323 0.0413
v  0.0131 0.1323 0.0319
v  -0.0001 0.1323 0.0319
v  -0.0454 -0.0217 0.0533
v  -0.0454 -0.0217 0.0420
v  0.0058 0.0533 0.0538
v  0.0058 0.0533 0.0424
v  -0.0767 -0.1035 0.0347
v  -0.0767 -0.1035 0.0441
v  0.0346 0.0606 0.0433
v  0.0346 0.0606 0.0551
v  0.0589 0.0664 0.0532
v  0.0727 0.0601 0.0523
v  0.0727 0.0601 0.0419
v  0.0589 0.0664 0.0423
v  -0.0883 -0.0235 0.0423
v  -0.0883 -0.0235 0.0532
v  -0.0958 -0.0104 0.0523
v  -0.0958 -0.0104 0.0419
v  0.0369 0.0860 0.0523
v  0.0471 0.0749 0.0532
v  0.0471 0.0749 0.0423
v  0.0369 0.0860 0.0419
v  0.0072 -0.0929 0.0423
v  0.0220 -0.0959 0.0419
v  0.0220 -0.0959 0.0523
v  0.0072 -0.0929 0.0532
v  -0.0769 0.0097 0.0436
v  -0.0780 -0.0074 0.0436
v  -0.0972 -0.0086 0.0418
v  -0.0982 -0.0074 0.0417
v  -0.0967 0.0159 0.0417
v  -0.0852 0.0137 0.0428
v  -0.0775 0.0097 0.0436
v  -0.0594 -0.0656 0.0428
v  -0.0674 -0.0742 0.0417
v  -0.0823 -0.0562 0.0417
v  -0.0822 -0.0546 0.0418
v  -0.0660 -0.0443 0.0436
v  -0.0551 -0.0575 0.0436
v  -0.0556 -0.0579 0.0436
v  -0.0418 -0.0784 0.0428
v  -0.0475 -0.0887 0.0417
v  -0.0503 -0.0866 0.0417
v  -0.0573 -0.1065 0.0379
v  -0.0649 -0.1009 0.0379
v  -0.0885 -0.0967 0.0342
v  -0.0813 -0.0890 0.0379
v  -0.0737 -0.0945 0.0379
v  -0.0768 -0.1007 0.0355
v  -0.0699 -0.1058 0.0355
v  -0.0623 -0.1157 0.0342
v  -0.0649 -0.1009 0.0472
v  -0.0573 -0.1065 0.0472
v  -0.0475 -0.0887 0.0519
v  -0.0503 -0.0866 0.0519
v  -0.0594 -0.0656 0.0540
v  -0.0674 -0.0742 0.0519
v  -0.0646 -0.0762 0.0519
v  -0.0354 -0.0718 0.0436
v  -0.0195 -0.0781 0.0436
v  -0.0243 -0.0967 0.0418
v  -0.0258 -0.0973 0.0417
v  -0.0356 -0.0723 0.0436
v  0.0416 -0.0784 0.0428
v  0.0473 -0.0887 0.0417
v  0.0256 -0.0973 0.0417
v  0.0241 -0.0967 0.0418
v  0.0193 -0.0781 0.0436
v  0.0352 -0.0718 0.0436
v  0.0354 -0.0723 0.0436
v  0.0501 -0.0866 0.0417
v  0.0647 -0.1009 0.0379
v  0.0571 -0.1065 0.0379
v  0.0898 -0.1038 0.0319
v  0.0621 -0.1157 0.0342
v  0.0696 -0.1058 0.0355
v  0.0723 -0.1066 0.0347
v  0.0749 -0.1057 0.0344
v  0.0765 -0.1035 0.0347
v  0.0766 -0.1007 0.0355
v  0.0735 -0.0945 0.0379
v  0.0811 -0.0890 0.0379
v  0.0883 -0.0967 0.0342
v  0.0501 -0.0866 0.0519
v  0.0473 -0.0887 0.0519
v  0.0571 -0.1065 0.0472
v  0.0647 -0.1009 0.0472
v  0.0416 -0.0784 0.0540
v  0.0549 -0.0575 0.0436
v  0.0658 -0.0443 0.0436
v  0.0820 -0.0546 0.0418
v  0.0821 -0.0562 0.0417
v  0.0672 -0.0742 0.0417
v  0.0592 -0.0656 0.0428
v  0.0554 -0.0579 0.0436
v  0.0850 0.0137 0.0428
v  0.0965 0.0159 0.0417
v  0.0980 -0.0074 0.0417
v  0.0970 -0.0086 0.0418
v  0.0778 -0.0074 0.0436
v  0.0767 0.0097 0.0436
v  0.0773 0.0097 0.0436
v  0.1135 0.0287 0.0379
v  0.1164 0.0197 0.0379
v  0.0954 0.0192 0.0417
v  0.1102 0.0391 0.0472
v  0.1073 0.0480 0.0472
v  0.0889 0.0394 0.0519
v  0.0899 0.0361 0.0519
v  0.0850 0.0137 0.0540
v  0.0965 0.0159 0.0519
v  0.0954 0.0192 0.0519
v  0.0692 0.0328 0.0436
v  0.0600 0.0472 0.0436
v  0.0748 0.0595 0.0418
v  0.0764 0.0591 0.0417
v  0.0889 0.0394 0.0417
v  0.0783 0.0344 0.0428
v  0.0697 0.0331 0.0436
v  0.0108 0.0835 0.0540
v  0.0122 0.0951 0.0519
v  0.0088 0.0951 0.0519
v  0.0148 0.1152 0.0472
v  0.0053 0.1152 0.0472
v  0.0053 0.1152 0.0379
v  0.0148 0.1152 0.0379
v  0.0122 0.0951 0.0417
v  0.0088 0.0951 0.0417
v  0.0108 0.0835 0.0428
v  -0.0090 0.0951 0.0519
v  -0.0124 0.0951 0.0519
v  -0.0110 0.0835 0.0540
v  0.0348 0.0893 0.0519
v  0.0122 0.0749 0.0554
v  0.0120 0.0743 0.0555
v  0.0286 0.0701 0.0555
v  0.0357 0.0879 0.0521
v  0.0215 0.1135 0.0472
v  0.0270 0.1012 0.0497
v  0.0161 0.1257 0.0436
v  0.0215 0.1135 0.0379
v  0.0161 0.1257 0.0342
v  0.0348 0.0893 0.0417
v  0.0270 0.1012 0.0398
v  0.0357 0.0879 0.0418
v  0.0286 0.0701 0.0436
v  0.0120 0.0743 0.0436
v  0.0122 0.0749 0.0436
v  0.0157 0.0375 0.0416
v  0.0053 0.0402 0.0416
v  0.0078 0.0600 0.0428
v  0.0020 0.0141 0.0521
v  0.0053 0.0403 0.0528
v  -0.0055 0.0403 0.0528
v  -0.0022 0.0141 0.0521
v  0.0060 0.0130 0.0521
v  0.0158 0.0376 0.0528
v  0.0078 0.0600 0.0543
v  0.0383 0.0648 0.0555
v  0.0383 0.0648 0.0436
v  0.0280 0.0362 0.0419
v  0.0252 0.0323 0.0416
v  0.0253 0.0397 0.0420
v  0.0097 0.0110 0.0521
v  0.0253 0.0324 0.0528
v  0.0280 0.0362 0.0531
v  0.0253 0.0397 0.0533
v  0.0520 0.0548 0.0555
v  0.0600 0.0472 0.0555
v  0.0748 0.0595 0.0521
v  0.0520 0.0548 0.0436
v  0.0330 0.0249 0.0416
v  0.0321 0.0347 0.0420
v  0.0127 0.0081 0.0521
v  0.0331 0.0250 0.0528
v  0.0321 0.0347 0.0533
v  0.0783 0.0344 0.0540
v  0.0764 0.0591 0.0519
v  0.0692 0.0328 0.0555
v  0.0697 0.0331 0.0554
v  0.1035 0.0539 0.0472
v  0.0901 0.0553 0.0497
v  0.1168 0.0525 0.0436
v  0.1168 0.0525 0.0342
v  0.1073 0.0480 0.0379
v  0.1035 0.0539 0.0379
v  0.0901 0.0553 0.0398
v  0.0150 0.0046 0.0521
v  0.0389 0.0159 0.0528
v  0.0569 0.0243 0.0543
v  0.1164 0.0197 0.0472
v  0.1135 0.0287 0.0472
v  0.1170 0.0401 0.0448
v  0.1196 0.0392 0.0441
v  0.1213 0.0369 0.0438
v  0.1212 0.0342 0.0441
v  0.1197 0.0319 0.0448
v  0.1268 0.0217 0.0436
v  0.1268 0.0217 0.0342
v  0.1197 0.0319 0.0355
v  0.1212 0.0342 0.0347
v  0.1213 0.0369 0.0344
v  0.1196 0.0392 0.0347
v  0.1170 0.0401 0.0355
v  0.1102 0.0391 0.0379
v  0.0899 0.0361 0.0417
v  0.0617 0.0093 0.0428
v  0.0422 0.0056 0.0416
v  0.0388 0.0158 0.0416
v  0.0569 0.0243 0.0428
v  0.0512 0.0204 0.0424
v  0.0533 0.0148 0.0424
v  0.0548 0.0091 0.0424
v  0.0163 0.0006 0.0521
v  0.0423 0.0056 0.0528
v  0.0617 0.0093 0.0543
v  0.0548 0.0091 0.0538
v  0.0533 0.0148 0.0538
v  0.0512 0.0204 0.0538
v  0.0980 -0.0074 0.0519
v  0.0773 0.0097 0.0554
v  0.0767 0.0097 0.0555
v  0.0778 -0.0074 0.0555
v  0.0970 -0.0086 0.0521
v  0.1169 0.0128 0.0472
v  0.1069 0.0038 0.0497
v  0.1169 0.0128 0.0379
v  0.1069 0.0038 0.0398
v  0.0428 -0.0052 0.0416
v  0.0165 -0.0035 0.0521
v  0.0430 -0.0052 0.0528
v  0.0165 -0.0026 0.0521
v  0.0757 -0.0182 0.0555
v  0.0757 -0.0182 0.0436
v  0.0454 -0.0173 0.0419
v  0.0408 -0.0158 0.0416
v  0.0478 -0.0136 0.0420
v  0.0158 -0.0076 0.0521
v  0.0409 -0.0158 0.0528
v  0.0454 -0.0173 0.0531
v  0.0478 -0.0136 0.0533
v  0.0704 -0.0343 0.0555
v  0.0658 -0.0443 0.0555
v  0.0820 -0.0546 0.0521
v  0.0704 -0.0343 0.0436
v  -0.0142 -0.0114 0.0521
v  -0.0365 -0.0256 0.0528
v  -0.0296 -0.0339 0.0528
v  -0.0115 -0.0146 0.0521
v  -0.0432 -0.0484 0.0543
v  -0.0660 -0.0443 0.0555
v  -0.0551 -0.0575 0.0555
v  -0.0090 0.0951 0.0417
v  -0.0124 0.0951 0.0417
v  -0.0150 0.1152 0.0379
v  -0.0056 0.1152 0.0379
v  -0.0110 0.0835 0.0428
v  -0.0160 0.0376 0.0528
v  -0.0062 0.0130 0.0521
v  -0.0822 -0.0546 0.0521
v  -0.0707 -0.0343 0.0555
v  -0.0838 -0.0373 0.0532
v  -0.0821 -0.0523 0.0523
v  -0.0759 -0.0182 0.0436
v  -0.0160 -0.0076 0.0521
v  -0.0412 -0.0158 0.0528
v  -0.0001 -0.0192 0.0521
v  0.0040 -0.0186 0.0521
v  0.0079 -0.0171 0.0521
v  0.0113 -0.0146 0.0521
v  0.0140 -0.0114 0.0521
v  -0.0099 0.0110 0.0521
v  -0.0130 0.0081 0.0521
v  -0.0152 0.0046 0.0521
v  -0.0165 0.0006 0.0521
v  -0.0167 -0.0026 0.0521
v  -0.0167 -0.0035 0.0521
v  -0.0081 -0.0171 0.0521
v  -0.0043 -0.0186 0.0521
v  -0.0080 0.0600 0.0543
v  -0.0163 0.1257 0.0436
v  -0.0150 0.1152 0.0472
v  -0.0056 0.1152 0.0472
v  -0.0133 0.1323 0.0413
v  -0.0858 -0.0836 0.0379
v  -0.0364 -0.0255 0.0416
v  -0.0296 -0.0338 0.0416
v  -0.0432 -0.0484 0.0428
v  -0.0830 -0.0704 0.0398
v  -0.0885 -0.0967 0.0436
v  -0.0813 -0.0890 0.0472
v  -0.0858 -0.0836 0.0472
v  0.0218 0.0277 0.0416
v  0.0136 0.0322 0.0416
v  -0.0823 -0.0562 0.0519
v  -0.0830 -0.0704 0.0497
v  -0.0556 -0.0579 0.0554
v  -0.0304 -0.0577 0.0543
v  -0.0209 -0.0403 0.0528
v  -0.0377 -0.0442 0.0538
v  -0.0331 -0.0479 0.0538
v  -0.0281 -0.0511 0.0538
v  -0.0208 -0.0402 0.0416
v  -0.0304 -0.0577 0.0428
v  -0.0281 -0.0511 0.0424
v  -0.0331 -0.0479 0.0424
v  -0.0377 -0.0442 0.0424
v  -0.0646 -0.0762 0.0417
v  -0.0623 -0.1157 0.0436
v  -0.0699 -0.1058 0.0448
v  -0.0768 -0.1007 0.0448
v  -0.0737 -0.0945 0.0472
v  -0.0418 -0.0784 0.0540
v  -0.0354 -0.0718 0.0555
v  -0.0195 -0.0781 0.0555
v  -0.0108 -0.0443 0.0528
v  -0.0108 -0.0442 0.0416
v  -0.0508 -0.1090 0.0379
v  -0.0391 -0.1023 0.0398
v  -0.0508 -0.1090 0.0472
v  -0.0258 -0.0973 0.0519
v  -0.0391 -0.1023 0.0497
v  -0.0243 -0.0967 0.0521
v  -0.0356 -0.0723 0.0554
v  -0.0001 -0.0504 0.0531
v  -0.0001 -0.0456 0.0528
v  -0.0086 -0.0794 0.0555
v  -0.0091 -0.0739 0.0551
v  -0.0087 -0.0588 0.0539
v  -0.0075 -0.0546 0.0535
v  -0.0043 -0.0515 0.0533
v  -0.0086 -0.0794 0.0436
v  -0.0001 -0.0455 0.0416
v  -0.0001 -0.0504 0.0419
v  -0.0043 -0.0515 0.0420
v  -0.0075 -0.0546 0.0422
v  -0.0087 -0.0588 0.0425
v  -0.0091 -0.0739 0.0433
v  -0.0074 -0.0929 0.0423
v  -0.0222 -0.0959 0.0419
v  -0.0222 -0.0959 0.0523
v  -0.0074 -0.0929 0.0532
v  0.0084 -0.0794 0.0555
v  0.0193 -0.0781 0.0555
v  0.0106 -0.0443 0.0528
v  0.0041 -0.0515 0.0533
v  0.0106 -0.0442 0.0416
v  0.0084 -0.0794 0.0436
v  0.0041 -0.0515 0.0420
v  0.0241 -0.0967 0.0521
v  0.0302 -0.0577 0.0543
v  0.0207 -0.0403 0.0528
v  0.0352 -0.0718 0.0555
v  0.0206 -0.0402 0.0416
v  0.0302 -0.0577 0.0428
v  0.0506 -0.1090 0.0379
v  0.0389 -0.1023 0.0398
v  0.0621 -0.1157 0.0436
v  0.0506 -0.1090 0.0472
v  0.0256 -0.0973 0.0519
v  0.0389 -0.1023 0.0497
v  0.0354 -0.0723 0.0554
v  0.0430 -0.0484 0.0543
v  0.0294 -0.0339 0.0528
v  0.0279 -0.0511 0.0538
v  0.0329 -0.0479 0.0538
v  0.0375 -0.0442 0.0538
v  0.0293 -0.0338 0.0416
v  0.0430 -0.0484 0.0428
v  0.0375 -0.0442 0.0424
v  0.0329 -0.0479 0.0424
v  0.0279 -0.0511 0.0424
v  0.0644 -0.0762 0.0417
v  0.0883 -0.0967 0.0436
v  0.0811 -0.0890 0.0472
v  0.0735 -0.0945 0.0472
v  0.0766 -0.1007 0.0448
v  0.0765 -0.1035 0.0441
v  0.0749 -0.1057 0.0438
v  0.0723 -0.1066 0.0441
v  0.0696 -0.1058 0.0448
v  0.0898 -0.1038 0.0413
v  0.0672 -0.0742 0.0519
v  0.0644 -0.0762 0.0519
v  0.0592 -0.0656 0.0540
v  0.0549 -0.0575 0.0555
v  0.0363 -0.0256 0.0528
v  0.0362 -0.0255 0.0416
v  0.0856 -0.0836 0.0379
v  0.0828 -0.0704 0.0398
v  0.0856 -0.0836 0.0472
v  0.0821 -0.0562 0.0519
v  0.0828 -0.0704 0.0497
v  0.0554 -0.0579 0.0554
v  -0.0707 -0.0343 0.0436
v  -0.0821 -0.0523 0.0419
v  -0.0838 -0.0373 0.0423
v  -0.0410 -0.0158 0.0416
v  -0.0653 -0.0331 0.0433
v  -0.0430 -0.0052 0.0416
v  -0.0653 -0.0331 0.0551
v  -0.0759 -0.0182 0.0555
v  -0.0780 -0.0074 0.0555
v  -0.0972 -0.0086 0.0521
v  -0.0432 -0.0052 0.0528
v  -0.0982 -0.0074 0.0519
v  -0.1167 0.0197 0.0472
v  -0.1171 0.0128 0.0472
v  -0.1071 0.0038 0.0497
v  -0.1270 0.0217 0.0436
v  -0.0769 0.0097 0.0555
v  -0.0775 0.0097 0.0554
v  -0.1270 0.0217 0.0342
v  -0.1167 0.0197 0.0379
v  -0.1171 0.0128 0.0379
v  -0.1071 0.0038 0.0398
v  -0.0619 0.0093 0.0428
v  -0.0424 0.0056 0.0416
v  -0.0785 0.0344 0.0540
v  -0.0891 0.0394 0.0519
v  -0.0901 0.0361 0.0519
v  -0.1075 0.0480 0.0472
v  -0.1104 0.0391 0.0472
v  -0.0425 0.0056 0.0528
v  -0.0619 0.0093 0.0543
v  -0.1137 0.0287 0.0472
v  -0.1199 0.0319 0.0448
v  -0.1215 0.0342 0.0441
v  -0.1215 0.0369 0.0438
v  -0.1170 0.0525 0.0436
v  -0.1104 0.0391 0.0379
v  -0.1075 0.0480 0.0379
v  -0.0891 0.0394 0.0417
v  -0.0901 0.0361 0.0417
v  -0.0785 0.0344 0.0428
v  -0.0571 0.0243 0.0428
v  -0.0390 0.0158 0.0416
v  -0.0392 0.0159 0.0528
v  -0.0571 0.0243 0.0543
v  -0.0694 0.0328 0.0555
v  -0.0602 0.0472 0.0555
v  -0.0750 0.0595 0.0521
v  -0.0766 0.0591 0.0519
v  -0.0699 0.0331 0.0554
v  -0.1037 0.0539 0.0472
v  -0.0903 0.0553 0.0497
v  -0.1037 0.0539 0.0379
v  -0.1170 0.0525 0.0342
v  -0.0766 0.0591 0.0417
v  -0.0903 0.0553 0.0398
v  -0.0694 0.0328 0.0436
v  -0.0602 0.0472 0.0436
v  -0.0333 0.0249 0.0416
v  -0.0334 0.0250 0.0528
v  -0.0522 0.0548 0.0555
v  -0.0522 0.0548 0.0436
v  -0.0750 0.0595 0.0418
v  -0.0282 0.0362 0.0419
v  -0.0254 0.0323 0.0416
v  -0.0494 0.0500 0.0433
v  -0.0402 0.0380 0.0425
v  -0.0367 0.0354 0.0422
v  -0.0324 0.0347 0.0420
v  -0.0255 0.0324 0.0528
v  -0.0282 0.0362 0.0531
v  -0.0324 0.0347 0.0533
v  -0.0367 0.0354 0.0535
v  -0.0402 0.0380 0.0539
v  -0.0494 0.0500 0.0551
v  -0.0385 0.0648 0.0555
v  -0.0288 0.0701 0.0555
v  -0.0359 0.0879 0.0521
v  -0.0359 0.0879 0.0418
v  -0.0288 0.0701 0.0436
v  -0.0385 0.0648 0.0436
v  -0.0159 0.0375 0.0416
v  -0.0350 0.0893 0.0519
v  -0.0217 0.1135 0.0472
v  -0.0272 0.1012 0.0497
v  -0.0163 0.1257 0.0342
v  -0.0217 0.1135 0.0379
v  -0.0350 0.0893 0.0417
v  -0.0272 0.1012 0.0398
v  -0.0080 0.0600 0.0428
v  -0.0055 0.0402 0.0416
v  -0.0122 0.0743 0.0436
v  -0.0122 0.0743 0.0555
v  -0.0133 0.1323 0.0319
v  0.0285 0.0213 0.0416
v  0.0335 0.0134 0.0416
v  0.0364 0.0046 0.0416
v  0.0370 -0.0047 0.0416
v  0.0353 -0.0139 0.0416
v  -0.0256 -0.0295 0.0416
v  -0.0315 -0.0223 0.0416
v  0.0046 0.0345 0.0416
v  -0.0048 0.0345 0.0416
v  -0.0180 -0.0350 0.0416
v  -0.0094 -0.0384 0.0416
v  -0.0001 -0.0396 0.0416
v  0.0091 -0.0384 0.0416
v  -0.0094 -0.0384 -0.0347
v  0.0091 -0.0384 -0.0347
v  -0.0001 -0.0396 -0.0347
v  -0.0180 -0.0350 -0.0347
v  0.0178 -0.0350 -0.0347
v  0.0253 -0.0295 -0.0347
v  -0.0256 -0.0295 -0.0347
v  -0.0315 -0.0223 -0.0347
v  0.0313 -0.0223 -0.0347
v  -0.0355 -0.0139 -0.0347
v  -0.0001 -0.0155 -0.0347
v  -0.0034 -0.0151 -0.0347
v  -0.0064 -0.0139 -0.0347
v  -0.0372 -0.0047 -0.0347
v  -0.0091 -0.0119 -0.0347
v  -0.0111 -0.0094 -0.0347
v  -0.0125 -0.0064 -0.0347
v  -0.0132 -0.0032 -0.0347
v  -0.0366 0.0046 -0.0347
v  -0.0129 0.0000 -0.0347
v  -0.0119 0.0032 -0.0347
v  -0.0102 0.0059 -0.0347
v  -0.0338 0.0134 -0.0347
v  -0.0078 0.0082 -0.0347
v  -0.0049 0.0097 -0.0347
v  -0.0017 0.0106 -0.0347
v  0.0015 0.0106 -0.0347
v  0.0353 -0.0139 -0.0347
v  0.0031 -0.0151 -0.0347
v  0.0062 -0.0139 -0.0347
v  0.0370 -0.0047 -0.0347
v  0.0088 -0.0119 -0.0347
v  0.0109 -0.0094 -0.0347
v  0.0123 -0.0064 -0.0347
v  0.0129 -0.0032 -0.0347
v  0.0364 0.0046 -0.0347
v  0.0127 0.0000 -0.0347
v  0.0117 0.0032 -0.0347
v  0.0100 0.0059 -0.0347
v  0.0335 0.0134 -0.0347
v  0.0076 0.0082 -0.0347
v  0.0047 0.0097 -0.0347
v  -0.0288 0.0213 -0.0347
v  0.0285 0.0213 -0.0347
v  0.0218 0.0277 -0.0347
v  -0.0220 0.0277 -0.0347
v  -0.0138 0.0322 -0.0347
v  0.0136 0.0322 -0.0347
v  -0.0048 0.0345 -0.0347
v  0.0046 0.0345 -0.0347
v  0.0178 -0.0350 0.0416
v  0.0253 -0.0295 0.0416
v  0.0313 -0.0223 0.0416
v  -0.0355 -0.0139 0.0416
v  -0.0372 -0.0047 0.0416
v  -0.0366 0.0046 0.0416
v  -0.0338 0.0134 0.0416
v  -0.0288 0.0213 0.0416
v  -0.0220 0.0277 0.0416
v  -0.0138 0.0322 0.0416
v  -0.0132 -0.0032 0.0356
v  -0.0129 0.0000 0.0356
v  -0.0119 0.0032 0.0356
v  -0.0102 0.0059 0.0356
v  -0.0078 0.0082 0.0356
v  -0.0049 0.0097 0.0356
v  -0.0017 0.0106 0.0356
v  0.0015 0.0106 0.0356
v  0.0047 0.0097 0.0356
v  0.0076 0.0082 0.0356
v  0.0100 0.0059 0.0356
v  0.0117 0.0032 0.0356
v  0.0127 0.0000 0.0356
v  0.0129 -0.0032 0.0356
v  0.0123 -0.0064 0.0356
v  0.0109 -0.0094 0.0356
v  0.0088 -0.0119 0.0356
v  0.0062 -0.0139 0.0356
v  0.0031 -0.0151 0.0356
v  -0.0001 -0.0155 0.0356
v  -0.0034 -0.0151 0.0356
v  -0.0064 -0.0139 0.0356
v  -0.0091 -0.0119 0.0356
v  -0.0111 -0.0094 0.0356
v  -0.0125 -0.0064 0.0356
v  -0.0124 0.0749 0.0436
v  -0.0956 0.0192 0.0417
v  -0.1137 0.0287 0.0379
v  -0.1215 0.0369 0.0344
v  -0.1215 0.0342 0.0347
v  -0.1199 0.0319 0.0355
v  -0.0124 0.0749 0.0554
v  -0.0699 0.0331 0.0436
v  -0.0513 0.1253 -0.0500
v  -0.0175 0.1340 -0.0500
v  -0.0172 0.1314 -0.0492
v  -0.0503 0.1229 -0.0492
v  0.1415 -0.0128 -0.0503
v  0.1349 -0.0478 -0.0503
v  0.1321 -0.0468 -0.0500
v  0.1386 -0.0126 -0.0500
v  0.0173 0.1340 -0.0500
v  0.0170 0.1314 -0.0492
v  -0.0835 0.1109 -0.0503
v  -0.0524 0.1280 -0.0503
v  -0.0818 0.1085 -0.0500
v  -0.1388 -0.0126 0.0575
v  -0.1323 -0.0468 0.0575
v  -0.1298 -0.0460 0.0568
v  -0.1362 -0.0125 0.0568
v  0.1461 -0.0514 0.0550
v  0.1297 -0.0863 0.0550
v  0.1297 -0.0863 -0.0475
v  0.1461 -0.0514 -0.0475
v  0.1051 -0.1160 0.0550
v  0.1051 -0.1160 -0.0475
v  0.0740 -0.1386 0.0550
v  0.0740 -0.1386 -0.0475
v  -0.0658 -0.1234 0.0568
v  -0.0340 -0.1360 0.0568
v  -0.0333 -0.1332 0.0546
v  -0.0644 -0.1209 0.0546
v  0.1393 0.0227 -0.0503
v  0.1283 0.0565 -0.0503
v  0.1354 0.0599 -0.0501
v  0.1470 0.0242 -0.0501
v  0.1349 -0.0478 0.0578
v  0.1197 -0.0800 0.0578
v  0.1263 -0.0841 0.0577
v  0.1423 -0.0502 0.0577
v  -0.1417 -0.0128 0.0578
v  -0.1495 -0.0133 0.0577
v  -0.1425 -0.0502 0.0577
v  -0.1351 -0.0478 0.0578
v  0.0879 0.1172 0.0577
v  0.0833 0.1109 0.0578
v  0.1092 0.0866 0.0578
v  0.1152 0.0915 0.0577
v  0.1354 0.0599 0.0577
v  0.1283 0.0565 0.0578
v  0.1393 0.0227 0.0578
v  0.1470 0.0242 0.0577
v  0.0683 -0.1283 0.0578
v  0.0352 -0.1414 0.0578
v  0.0371 -0.1489 0.0577
v  0.0720 -0.1351 0.0577
v  -0.0001 -0.1536 -0.0501
v  -0.0001 -0.1458 -0.0503
v  0.0352 -0.1414 -0.0503
v  0.0371 -0.1489 -0.0501
v  -0.0552 0.1353 -0.0501
v  -0.0189 0.1446 -0.0501
v  -0.0179 0.1369 -0.0503
v  0.0970 -0.1074 0.0578
v  0.1024 -0.1130 0.0577
v  -0.1095 0.0866 -0.0503
v  -0.1155 0.0915 -0.0501
v  -0.0881 0.1172 -0.0501
v  -0.1425 -0.0502 -0.0501
v  -0.1495 -0.0133 -0.0501
v  -0.1417 -0.0128 -0.0503
v  -0.1351 -0.0478 -0.0503
v  0.0187 0.1446 -0.0501
v  0.0177 0.1369 -0.0503
v  0.1415 -0.0128 0.0578
v  0.1493 -0.0133 0.0577
v  0.0187 0.1446 0.0577
v  0.0177 0.1369 0.0578
v  0.0521 0.1280 0.0578
v  0.0550 0.1353 0.0577
v  -0.0722 -0.1351 -0.0501
v  -0.1026 -0.1130 -0.0501
v  -0.0973 -0.1074 -0.0503
v  -0.0685 -0.1283 -0.0503
v  -0.0552 0.1353 0.0577
v  -0.0881 0.1172 0.0577
v  -0.0835 0.1109 0.0578
v  -0.0524 0.1280 0.0578
v  -0.0189 0.1446 0.0577
v  -0.0179 0.1369 0.0578
v  -0.1395 0.0227 -0.0503
v  -0.1472 0.0242 -0.0501
v  -0.1356 0.0599 -0.0501
v  -0.1285 0.0565 -0.0503
v  -0.1265 -0.0841 -0.0501
v  -0.1199 -0.0800 -0.0503
v  0.1092 0.0866 -0.0503
v  0.0833 0.1109 -0.0503
v  0.0879 0.1172 -0.0501
v  0.1152 0.0915 -0.0501
v  -0.0001 -0.1458 0.0578
v  -0.0001 -0.1536 0.0577
v  0.0521 0.1280 -0.0503
v  0.0550 0.1353 -0.0501
v  -0.1155 0.0915 0.0577
v  -0.1095 0.0866 0.0578
v  -0.0373 -0.1489 -0.0501
v  -0.0354 -0.1414 -0.0503
v  0.0720 -0.1351 -0.0501
v  0.0683 -0.1283 -0.0503
v  0.0970 -0.1074 -0.0503
v  0.1024 -0.1130 -0.0501
v  0.1493 -0.0133 -0.0501
v  0.1423 -0.0502 -0.0501
v  -0.0685 -0.1283 0.0578
v  -0.0722 -0.1351 0.0577
v  -0.0373 -0.1489 0.0577
v  -0.0354 -0.1414 0.0578
v  0.1263 -0.0841 -0.0501
v  0.1197 -0.0800 -0.0503
v  -0.0973 -0.1074 0.0578
v  -0.1026 -0.1130 0.0577
v  -0.1265 -0.0841 0.0577
v  -0.1199 -0.0800 0.0578
v  -0.1472 0.0242 0.0577
v  -0.1395 0.0227 0.0578
v  -0.1356 0.0599 0.0577
v  -0.1285 0.0565 0.0578
v  0.0903 0.1205 -0.0475
v  0.1183 0.0941 -0.0475
v  -0.0001 -0.1429 -0.0500
v  0.0345 -0.1385 -0.0500
v  -0.0952 -0.1052 -0.0500
v  -0.1174 -0.0784 -0.0500
v  -0.1152 -0.0770 -0.0492
v  -0.0934 -0.1033 -0.0492
v  0.0668 -0.1257 -0.0500
v  -0.1128 -0.0754 -0.0471
v  -0.0915 -0.1012 -0.0471
v  -0.0658 -0.1234 -0.0492
v  -0.0644 -0.1209 -0.0471
v  -0.0803 0.1064 -0.0492
v  -0.0492 0.1202 -0.0471
v  -0.0786 0.1041 -0.0471
v  -0.1052 0.0830 -0.0492
v  -0.1030 0.0812 -0.0471
v  -0.1235 0.0541 -0.0492
v  -0.1209 0.0529 -0.0471
v  -0.1340 0.0216 -0.0492
v  -0.1312 0.0211 -0.0471
v  -0.1362 -0.0125 -0.0492
v  -0.1333 -0.0123 -0.0471
v  0.0381 -0.1528 -0.0475
v  -0.0001 -0.1576 -0.0475
v  0.1172 -0.0784 -0.0500
v  0.1150 -0.0770 -0.0492
v  0.1296 -0.0460 -0.0492
v  -0.0001 -0.1403 -0.0492
v  0.0338 -0.1360 -0.0492
v  0.0501 0.1229 -0.0492
v  0.0490 0.1202 -0.0471
v  0.0166 0.1285 -0.0471
v  0.0656 -0.1234 -0.0492
v  -0.1392 0.0616 -0.0475
v  -0.1186 0.0941 -0.0475
v  -0.1366 0.0221 0.0575
v  0.1331 -0.0123 0.0546
v  0.1310 0.0211 0.0546
v  0.1310 0.0211 -0.0471
v  0.1331 -0.0123 -0.0471
v  -0.0340 -0.1360 -0.0492
v  -0.0333 -0.1332 -0.0471
v  -0.0001 -0.1374 -0.0471
v  0.0932 -0.1033 -0.0492
v  0.0642 -0.1209 -0.0471
v  0.0913 -0.1012 -0.0471
v  0.1533 -0.0135 0.0550
v  0.1533 -0.0135 -0.0475
v  0.0510 0.1253 -0.0500
v  0.0816 0.1085 -0.0500
v  0.0800 0.1064 -0.0492
v  0.0950 -0.1052 -0.0500
v  -0.0905 0.1205 -0.0475
v  -0.0567 0.1390 -0.0475
v  -0.1258 0.0553 -0.0500
v  -0.1366 0.0221 -0.0500
v  -0.1072 0.0847 -0.0500
v  -0.1323 -0.0468 -0.0500
v  0.1364 0.0221 -0.0500
v  0.0331 -0.1332 -0.0471
v  -0.0347 -0.1385 -0.0500
v  0.1050 0.0830 -0.0492
v  0.1028 0.0812 -0.0471
v  0.0784 0.1041 -0.0471
v  -0.0671 -0.1257 -0.0500
v  -0.1298 -0.0460 -0.0492
v  -0.1271 -0.0452 -0.0471
v  -0.0383 -0.1528 -0.0475
v  0.1390 0.0616 -0.0475
v  0.1233 0.0541 -0.0492
v  0.1207 0.0529 -0.0471
v  -0.0742 -0.1386 -0.0475
v  -0.1463 -0.0514 0.0550
v  -0.1299 -0.0863 0.0550
v  0.1126 -0.0754 0.0546
v  0.1269 -0.0452 0.0546
v  0.1269 -0.0452 -0.0471
v  0.1126 -0.0754 -0.0471
v  -0.0168 0.1285 0.0546
v  -0.0492 0.1202 0.0546
v  -0.0168 0.1285 -0.0471
v  0.1150 -0.0770 0.0568
v  0.1296 -0.0460 0.0568
v  0.0170 0.1314 0.0568
v  -0.0172 0.1314 0.0568
v  0.0166 0.1285 0.0546
v  -0.0001 -0.1374 0.0546
v  0.0331 -0.1332 0.0546
v  -0.1128 -0.0754 0.0546
v  -0.0915 -0.1012 0.0546
v  0.1321 -0.0468 0.0575
v  0.1172 -0.0784 0.0575
v  0.1207 0.0529 0.0546
v  0.1028 0.0812 0.0546
v  -0.1392 0.0616 0.0550
v  -0.1511 0.0249 0.0550
v  -0.1535 -0.0135 0.0550
v  -0.1053 -0.1160 0.0550
v  -0.0742 -0.1386 0.0550
v  -0.1388 -0.0126 -0.0500
v  0.1183 0.0941 0.0550
v  0.1390 0.0616 0.0550
v  -0.1299 -0.0863 -0.0475
v  -0.1053 -0.1160 -0.0475
v  0.1509 0.0249 -0.0475
v  -0.1186 0.0941 0.0550
v  0.0381 -0.1528 0.0550
v  0.0565 0.1390 0.0550
v  0.0903 0.1205 0.0550
v  0.0565 0.1390 -0.0475
v  0.1509 0.0249 0.0550
v  -0.1463 -0.0514 -0.0475
v  -0.0905 0.1205 0.0550
v  -0.0001 -0.1576 0.0550
v  -0.0567 0.1390 0.0550
v  0.1360 -0.0125 -0.0492
v  0.1338 0.0216 -0.0492
v  0.1070 0.0847 -0.0500
v  -0.0194 0.1486 -0.0475
v  0.0192 0.1486 -0.0475
v  -0.0194 0.1486 0.0550
v  0.0642 -0.1209 0.0546
v  0.0913 -0.1012 0.0546
v  -0.1209 0.0529 0.0546
v  -0.1312 0.0211 0.0546
v  -0.1333 -0.0123 0.0546
v  -0.1271 -0.0452 0.0546
v  -0.1258 0.0553 0.0575
v  -0.1072 0.0847 0.0575
v  0.0784 0.1041 0.0546
v  -0.0952 -0.1052 0.0575
v  -0.1174 -0.0784 0.0575
v  0.1364 0.0221 0.0575
v  0.1386 -0.0126 0.0575
v  -0.0001 -0.1403 0.0568
v  0.0338 -0.1360 0.0568
v  -0.0347 -0.1385 0.0575
v  -0.0001 -0.1429 0.0575
v  -0.1235 0.0541 0.0568
v  -0.1052 0.0830 0.0568
v  -0.0175 0.1340 0.0575
v  0.0173 0.1340 0.0575
v  0.1050 0.0830 0.0568
v  0.0800 0.1064 0.0568
v  -0.0671 -0.1257 0.0575
v  0.0501 0.1229 0.0568
v  0.0490 0.1202 0.0546
v  -0.1152 -0.0770 0.0568
v  -0.0383 -0.1528 0.0550
v  0.1233 0.0541 0.0568
v  0.1256 0.0553 0.0575
v  0.1338 0.0216 0.0568
v  0.1070 0.0847 0.0575
v  -0.0786 0.1041 0.0546
v  0.0950 -0.1052 0.0575
v  0.0345 -0.1385 0.0575
v  -0.0513 0.1253 0.0575
v  -0.0934 -0.1033 0.0568
v  0.0668 -0.1257 0.0575
v  -0.0503 0.1229 0.0568
v  -0.0803 0.1064 0.0568
v  -0.1030 0.0812 0.0546
v  -0.1340 0.0216 0.0568
v  0.0656 -0.1234 0.0568
v  0.1360 -0.0125 0.0568
v  0.0816 0.1085 0.0575
v  0.0192 0.1486 0.0550
v  0.0510 0.1253 0.0575
v  0.0932 -0.1033 0.0568
v  -0.1535 -0.0135 -0.0475
v  -0.0818 0.1085 0.0575
v  0.1256 0.0553 -0.0500
v  -0.1511 0.0249 -0.0475
# 1017 vertices

vn -0.1927 0.9793 -0.0626
vn -0.1975 0.9796 -0.0377
vn -0.1727 0.9844 -0.0330
vn 0.5933 -0.0000 0.8049
vn 0.0938 -0.0000 0.9956
vn 0.9778 -0.0000 -0.2094
vn 0.7529 -0.0000 -0.6581
vn 0.5878 -0.0000 0.8090
vn 0.4525 -0.0000 -0.8918
vn 0.1581 -0.0000 0.9874
vn -0.2223 0.0000 0.9750
vn 0.9511 -0.0000 -0.3090
vn -0.9142 0.0000 -0.4054
vn -0.9960 0.0000 0.0898
vn -0.9511 0.0000 -0.3090
vn -0.5878 0.0000 0.8090
vn -0.8902 0.0000 0.4555
vn -0.7898 0.0000 0.6134
vn -0.9179 0.0000 0.3969
vn -0.5822 0.0000 0.8131
vn 0.9936 -0.0000 0.1128
vn 0.9995 -0.0000 0.0331
vn 0.2223 -0.0000 0.9750
vn -0.1581 0.0000 0.9874
vn -0.9995 0.0000 -0.0320
vn -0.9880 0.0000 0.1547
vn -0.7083 0.0000 -0.7059
vn -0.8274 0.0000 -0.5616
vn -0.7375 0.0000 -0.6753
vn -0.7891 0.0000 -0.6143
vn -0.8586 0.0000 0.5127
vn 0.5878 -0.0000 -0.8090
vn 0.0069 -0.0000 -1.0000
vn 0.8902 -0.0000 0.4555
vn 0.9960 -0.0000 0.0898
vn 0.0000 0.0000 1.0000
vn -0.3932 0.0000 -0.9194
vn -0.3393 0.0000 0.9407
vn -0.6680 0.0000 0.7442
vn -0.9511 0.0000 0.3090
vn 0.2784 -0.0000 -0.9605
vn 0.5822 -0.0000 0.8131
vn 0.9179 -0.0000 0.3969
vn 0.8281 -0.0000 0.5606
vn 0.8702 -0.0000 0.4927
vn 0.3393 -0.0000 0.9407
vn -0.4144 0.0000 -0.9101
vn -0.3404 0.0000 -0.9403
vn -0.7529 0.0000 -0.6581
vn -0.4525 0.0000 -0.8918
vn -0.0000 -0.0000 -1.0000
vn -0.0475 0.0000 -0.9989
vn -0.9647 0.0000 -0.2635
vn -0.9353 0.0000 -0.3538
vn 0.0000 -0.0000 -1.0000
vn -0.9778 0.0000 -0.2094
vn 0.0475 -0.0000 -0.9989
vn 0.9489 -0.0000 -0.3156
vn 0.7898 -0.0000 0.6134
vn 0.4144 -0.0000 -0.9101
vn 0.3404 -0.0000 -0.9403
vn -0.8702 0.0000 0.4927
vn -0.8281 0.0000 0.5606
vn 0.7891 -0.0000 -0.6143
vn 0.7375 -0.0000 -0.6753
vn -0.1997 0.0000 0.9799
vn -0.2773 0.0000 0.9608
vn 0.0199 -0.9998 0.0013
vn 0.0197 -0.9998 -0.0012
vn 0.0954 -0.9954 -0.0060
vn 0.1408 -0.9900 0.0089
vn 0.1375 -0.9901 0.0262
vn 0.0939 -0.9954 0.0179
vn 0.0961 -0.9954 0.0060
vn 0.0654 -0.9954 -0.0697
vn 0.0958 -0.9901 -0.1021
vn 0.1087 -0.9900 -0.0899
vn 0.0807 -0.9954 -0.0512
vn 0.0167 -0.9998 -0.0106
vn 0.0154 -0.9998 -0.0127
vn 0.0742 -0.9954 -0.0614
vn 0.0460 -0.9954 -0.0837
vn 0.0675 -0.9901 -0.1227
vn 0.0829 -0.9900 -0.1142
vn 0.1235 -0.9666 -0.2247
vn 0.1518 -0.9661 -0.2090
vn 0.1937 -0.9441 -0.2666
vn 0.2240 -0.9449 -0.2386
vn 0.1755 -0.9666 -0.1869
vn 0.1577 -0.9449 -0.2868
vn -0.1635 0.9605 0.2251
vn -0.1331 0.9611 0.2420
vn -0.0969 0.9796 0.1762
vn -0.1191 0.9793 0.1639
vn -0.1204 0.9844 0.1282
vn -0.1376 0.9796 0.1466
vn 0.0073 -0.9998 -0.0185
vn 0.0049 -0.9998 -0.0191
vn 0.0238 -0.9954 -0.0926
vn 0.0519 -0.9900 -0.1312
vn 0.0355 -0.9954 -0.0896
vn -0.0460 -0.9954 -0.0837
vn -0.0675 -0.9901 -0.1227
vn -0.0519 -0.9900 -0.1312
vn -0.0238 -0.9954 -0.0926
vn -0.0049 -0.9998 -0.0191
vn -0.0073 -0.9998 -0.0185
vn -0.0355 -0.9954 -0.0896
vn -0.0829 -0.9900 -0.1142
vn -0.1518 -0.9661 -0.2090
vn -0.1235 -0.9666 -0.2247
vn -0.1937 -0.9441 -0.2666
vn -0.1577 -0.9449 -0.2868
vn -0.1755 -0.9666 -0.1869
vn -0.2240 -0.9449 -0.2386
vn 0.1191 0.9793 0.1639
vn 0.0969 0.9796 0.1762
vn 0.1331 0.9611 0.2420
vn 0.1635 0.9605 0.2251
vn 0.0847 0.9844 0.1541
vn -0.0154 -0.9998 -0.0127
vn -0.0167 -0.9998 -0.0106
vn -0.0807 -0.9954 -0.0512
vn -0.1087 -0.9900 -0.0899
vn -0.0958 -0.9901 -0.1021
vn -0.0654 -0.9954 -0.0697
vn -0.0742 -0.9954 -0.0614
vn -0.0939 -0.9954 0.0179
vn -0.1375 -0.9901 0.0262
vn -0.1408 -0.9900 0.0089
vn -0.0954 -0.9954 -0.0060
vn -0.0197 -0.9998 -0.0012
vn -0.0199 -0.9998 0.0013
vn -0.0961 -0.9954 0.0060
vn -0.2457 -0.9661 0.0798
vn -0.2519 -0.9666 0.0480
vn -0.1342 -0.9900 0.0436
vn 0.2646 0.9605 -0.0860
vn 0.2499 0.9611 -0.1176
vn 0.1819 0.9796 -0.0856
vn 0.1927 0.9793 -0.0626
vn 0.1727 0.9844 -0.0330
vn 0.1975 0.9796 -0.0377
vn -0.0168 -0.9998 0.0107
vn -0.0152 -0.9998 0.0126
vn -0.0736 -0.9954 0.0609
vn -0.1191 -0.9900 0.0756
vn -0.1267 -0.9901 0.0596
vn -0.0865 -0.9954 0.0407
vn -0.0813 -0.9954 0.0516
vn 0.0220 0.9844 -0.1745
vn 0.0252 0.9796 -0.1995
vn 0.0000 0.9793 -0.2026
vn 0.0346 0.9611 -0.2740
vn 0.0000 0.9605 -0.2782
vn -0.0000 -0.9661 0.2583
vn -0.0321 -0.9666 0.2544
vn -0.0175 -0.9901 0.1389
vn -0.0000 -0.9900 0.1411
vn -0.0120 -0.9954 0.0948
vn -0.0252 0.9796 -0.1995
vn -0.0220 0.9844 -0.1745
vn 0.0504 0.9793 -0.1962
vn 0.0441 0.9842 -0.1717
vn 0.0647 0.9844 -0.1635
vn 0.0692 0.9605 -0.2695
vn 0.0567 0.9737 -0.2207
vn 0.0408 0.9455 -0.3229
vn -0.0642 -0.9661 0.2502
vn -0.0410 -0.9449 0.3247
vn -0.0351 -0.9900 0.1367
vn -0.0462 -0.9826 0.1798
vn -0.0352 -0.9954 0.0889
vn -0.0073 -0.9998 0.0184
vn -0.0050 -0.9998 0.0193
vn -0.0240 -0.9954 0.0933
vn 0.0103 -0.9996 -0.0261
vn 0.0035 -0.9996 -0.0279
vn 0.0070 -0.9984 -0.0557
vn -0.0030 0.9997 0.0240
vn -0.0065 0.9986 0.0516
vn 0.0065 0.9986 0.0516
vn 0.0030 0.9997 0.0240
vn -0.0089 0.9997 0.0225
vn -0.0191 0.9986 0.0483
vn -0.0100 0.9968 0.0792
vn -0.0294 0.9968 0.0742
vn -0.0200 0.9968 0.0779
vn 0.0854 0.9842 -0.1553
vn -0.0096 -0.9998 0.0175
vn -0.0464 -0.9954 0.0844
vn 0.0330 -0.9984 -0.0454
vn 0.0165 -0.9996 -0.0227
vn 0.0273 -0.9984 -0.0496
vn -0.0142 0.9997 0.0195
vn -0.0306 0.9986 0.0421
vn -0.0387 0.9968 0.0705
vn -0.0469 0.9968 0.0646
vn 0.1213 0.9842 -0.1292
vn 0.1355 0.9844 -0.1121
vn -0.0136 -0.9998 0.0145
vn -0.0659 -0.9954 0.0702
vn 0.0216 -0.9996 -0.0179
vn 0.0387 -0.9984 -0.0412
vn -0.0186 0.9997 0.0154
vn -0.0401 0.9986 0.0331
vn -0.0615 0.9968 0.0509
vn -0.0551 0.9968 0.0586
vn 0.1591 0.9844 -0.0749
vn 0.1711 0.9793 -0.1086
vn 0.1496 0.9842 -0.0950
vn 0.2349 0.9605 -0.1491
vn 0.1924 0.9737 -0.1221
vn 0.2945 0.9455 -0.1386
vn -0.2961 -0.9449 0.1393
vn -0.2320 -0.9666 0.1092
vn -0.2181 -0.9661 0.1384
vn -0.1567 -0.9826 0.0995
vn -0.0219 0.9997 0.0103
vn -0.0471 0.9986 0.0221
vn -0.0679 0.9968 0.0431
vn -0.0722 0.9968 0.0340
vn 0.2713 0.9611 -0.0518
vn 0.3118 0.9447 -0.1013
vn 0.3197 0.9455 -0.0610
vn -0.3215 -0.9449 0.0613
vn -0.3134 -0.9441 0.1018
vn 0.0551 -0.9984 -0.0105
vn 0.0276 -0.9996 -0.0053
vn 0.0254 -0.9996 -0.0120
vn 0.0508 -0.9984 -0.0239
vn 0.0538 -0.9984 -0.0175
vn -0.0237 0.9997 0.0045
vn -0.0511 0.9986 0.0097
vn -0.0784 0.9968 0.0150
vn -0.0765 0.9968 0.0249
vn 0.2022 0.9793 -0.0127
vn 0.1769 0.9842 -0.0111
vn 0.1755 0.9844 0.0110
vn 0.2777 0.9605 -0.0175
vn 0.2274 0.9737 -0.0143
vn -0.2578 -0.9661 0.0162
vn -0.1852 -0.9826 0.0117
vn 0.0280 -0.9996 0.0018
vn -0.0241 0.9997 -0.0015
vn -0.0519 0.9986 -0.0033
vn -0.0243 0.9997 0.0015
vn -0.0796 0.9968 -0.0050
vn -0.0803 0.9968 0.0051
vn 0.1741 0.9842 0.0332
vn -0.0196 -0.9998 -0.0037
vn -0.0946 -0.9954 -0.0180
vn 0.0534 -0.9984 0.0173
vn 0.0267 -0.9996 0.0087
vn 0.0556 -0.9984 0.0106
vn -0.0230 0.9997 -0.0075
vn -0.0495 0.9986 -0.0161
vn -0.0790 0.9968 -0.0151
vn -0.0759 0.9968 -0.0247
vn 0.1604 0.9842 0.0755
vn 0.1485 0.9844 0.0942
vn -0.0180 -0.9998 -0.0085
vn -0.0871 -0.9954 -0.0410
vn 0.0204 0.9997 -0.0129
vn 0.0439 0.9986 -0.0279
vn 0.0356 0.9986 -0.0379
vn 0.0165 0.9997 -0.0176
vn 0.0546 0.9968 -0.0582
vn 0.0674 0.9968 -0.0428
vn 0.0620 0.9968 -0.0513
vn 0.0175 -0.9901 0.1389
vn 0.0321 -0.9666 0.2544
vn 0.0120 -0.9954 0.0948
vn 0.0191 0.9986 0.0483
vn 0.0089 0.9997 0.0225
vn -0.1485 0.9844 0.0942
vn -0.1604 0.9842 0.0755
vn 0.0196 -0.9998 -0.0037
vn 0.0946 -0.9954 -0.0180
vn 0.0230 0.9997 -0.0075
vn 0.0495 0.9986 -0.0161
vn 0.0000 1.0000 -0.0000
vn 0.0100 0.9968 0.0792
vn 0.0000 0.9968 0.0804
vn -0.0408 0.9455 -0.3229
vn -0.0346 0.9611 -0.2740
vn 0.0000 0.9447 -0.3278
vn 0.1990 -0.9661 -0.1647
vn -0.0237 -0.9996 0.0150
vn -0.0192 -0.9996 0.0205
vn -0.0384 -0.9984 0.0409
vn 0.1430 -0.9826 -0.1183
vn -0.2228 0.9455 0.2373
vn -0.1891 0.9611 0.2013
vn -0.2144 0.9605 0.1773
vn -0.0000 -1.0000 -0.0000
vn -0.1561 0.9793 0.1291
vn -0.1756 0.9737 0.1452
vn -0.1365 0.9842 0.1130
vn 0.0384 0.9968 -0.0699
vn 0.0251 0.9986 -0.0456
vn 0.0473 0.9968 -0.0651
vn 0.0116 0.9997 -0.0212
vn -0.0135 -0.9996 0.0246
vn -0.0270 -0.9984 0.0492
vn -0.0333 -0.9984 0.0458
vn -0.1568 0.9455 0.2852
vn -0.1927 0.9447 0.2652
vn -0.0847 0.9844 0.1541
vn 0.0296 0.9968 -0.0748
vn 0.0198 0.9968 -0.0773
vn 0.0129 0.9986 -0.0504
vn 0.0060 0.9997 -0.0234
vn -0.0070 -0.9996 0.0272
vn 0.0951 -0.9661 -0.2402
vn 0.0683 -0.9826 -0.1726
vn -0.1024 0.9605 0.2587
vn -0.0746 0.9793 0.1884
vn -0.0839 0.9737 0.2119
vn -0.0437 0.9844 0.1703
vn -0.0652 0.9842 0.1648
vn 0.0000 0.9968 -0.0798
vn 0.0000 0.9986 -0.0520
vn 0.0101 0.9968 -0.0798
vn 0.0000 0.9997 -0.0242
vn 0.0025 -0.9998 -0.0198
vn -0.0000 -0.9996 0.0281
vn -0.0000 -0.9984 0.0561
vn -0.0071 -0.9984 0.0561
vn 0.0121 -0.9954 -0.0956
vn -0.0222 0.9842 0.1758
vn -0.0101 0.9968 -0.0798
vn -0.0198 0.9968 -0.0773
vn -0.0129 0.9986 -0.0504
vn -0.0060 0.9997 -0.0234
vn 0.0070 -0.9996 0.0272
vn -0.0025 -0.9998 -0.0198
vn 0.0071 -0.9984 0.0561
vn -0.0121 -0.9954 -0.0956
vn 0.0437 0.9844 0.1703
vn 0.0222 0.9842 0.1758
vn -0.0384 0.9968 -0.0699
vn -0.0251 0.9986 -0.0456
vn -0.0296 0.9968 -0.0748
vn -0.0116 0.9997 -0.0212
vn 0.0135 -0.9996 0.0246
vn 0.0270 -0.9984 0.0492
vn -0.0951 -0.9661 -0.2402
vn -0.0683 -0.9826 -0.1726
vn 0.1568 0.9455 0.2852
vn 0.1024 0.9605 0.2587
vn 0.0746 0.9793 0.1884
vn 0.0839 0.9737 0.2119
vn 0.0652 0.9842 0.1648
vn -0.0546 0.9968 -0.0582
vn -0.0356 0.9986 -0.0379
vn -0.0473 0.9968 -0.0651
vn -0.0165 0.9997 -0.0176
vn 0.0192 -0.9996 0.0205
vn 0.0384 -0.9984 0.0409
vn 0.0333 -0.9984 0.0458
vn 0.2228 0.9455 0.2373
vn 0.1891 0.9611 0.2013
vn 0.1927 0.9447 0.2652
vn 0.1376 0.9796 0.1466
vn 0.1204 0.9844 0.1282
vn -0.0620 0.9968 -0.0513
vn -0.0674 0.9968 -0.0428
vn -0.0439 0.9986 -0.0279
vn -0.0204 0.9997 -0.0129
vn 0.0237 -0.9996 0.0150
vn -0.1990 -0.9661 -0.1647
vn -0.1430 -0.9826 -0.1183
vn 0.2144 0.9605 0.1773
vn 0.1561 0.9793 0.1291
vn 0.1756 0.9737 0.1452
vn 0.1365 0.9842 0.1130
vn -0.0728 0.9968 -0.0342
vn 0.0512 -0.9984 0.0241
vn 0.0180 -0.9998 -0.0085
vn 0.0871 -0.9954 -0.0410
vn -0.0534 -0.9984 0.0173
vn -0.0267 -0.9996 0.0087
vn -0.0512 -0.9984 0.0241
vn -0.0280 -0.9996 0.0018
vn -0.0556 -0.9984 0.0106
vn 0.0728 0.9968 -0.0342
vn 0.0759 0.9968 -0.0247
vn -0.1741 0.9842 0.0332
vn -0.1755 0.9844 0.0110
vn 0.0519 0.9986 -0.0033
vn 0.0796 0.9968 -0.0050
vn 0.0790 0.9968 -0.0151
vn 0.0241 0.9997 -0.0015
vn -0.2022 0.9793 -0.0127
vn -0.2713 0.9611 -0.0518
vn -0.2777 0.9605 -0.0175
vn -0.2274 0.9737 -0.0143
vn -0.3197 0.9455 -0.0610
vn -0.1769 0.9842 -0.0111
vn 0.3215 -0.9449 0.0613
vn 0.2519 -0.9666 0.0480
vn 0.2578 -0.9661 0.0162
vn 0.1852 -0.9826 0.0117
vn -0.0551 -0.9984 -0.0105
vn -0.0276 -0.9996 -0.0053
vn -0.1591 0.9844 -0.0749
vn -0.1819 0.9796 -0.0856
vn -0.2499 0.9611 -0.1176
vn -0.2646 0.9605 -0.0860
vn 0.0803 0.9968 0.0051
vn 0.0511 0.9986 0.0097
vn 0.0784 0.9968 0.0150
vn 0.0237 0.9997 0.0045
vn 0.0243 0.9997 0.0015
vn -0.3118 0.9447 -0.1013
vn -0.2945 0.9455 -0.1386
vn 0.2457 -0.9661 0.0798
vn 0.2320 -0.9666 0.1092
vn 0.1267 -0.9901 0.0596
vn 0.1342 -0.9900 0.0436
vn 0.0865 -0.9954 0.0407
vn -0.0508 -0.9984 -0.0239
vn -0.0254 -0.9996 -0.0120
vn -0.0538 -0.9984 -0.0175
vn 0.0219 0.9997 0.0103
vn 0.0471 0.9986 0.0221
vn 0.0722 0.9968 0.0340
vn 0.0765 0.9968 0.0249
vn -0.1496 0.9842 -0.0950
vn -0.1355 0.9844 -0.1121
vn -0.1711 0.9793 -0.1086
vn -0.2349 0.9605 -0.1491
vn -0.1924 0.9737 -0.1221
vn 0.2181 -0.9661 0.1384
vn 0.2961 -0.9449 0.1393
vn 0.1191 -0.9900 0.0756
vn 0.1567 -0.9826 0.0995
vn 0.0168 -0.9998 0.0107
vn 0.0152 -0.9998 0.0126
vn -0.0216 -0.9996 -0.0179
vn 0.0186 0.9997 0.0154
vn 0.0401 0.9986 0.0331
vn 0.0615 0.9968 0.0509
vn 0.0679 0.9968 0.0431
vn -0.1213 0.9842 -0.1292
vn 0.0136 -0.9998 0.0145
vn 0.0736 -0.9954 0.0609
vn 0.0659 -0.9954 0.0702
vn -0.0330 -0.9984 -0.0454
vn -0.0165 -0.9996 -0.0227
vn -0.0387 -0.9984 -0.0412
vn 0.0142 0.9997 0.0195
vn 0.0306 0.9986 0.0421
vn 0.0551 0.9968 0.0586
vn 0.0469 0.9968 0.0646
vn -0.0854 0.9842 -0.1553
vn -0.0647 0.9844 -0.1635
vn 0.0352 -0.9954 0.0889
vn 0.0073 -0.9998 0.0184
vn 0.0096 -0.9998 0.0175
vn 0.0464 -0.9954 0.0844
vn -0.0103 -0.9996 -0.0261
vn -0.0273 -0.9984 -0.0496
vn 0.0294 0.9968 0.0742
vn 0.0387 0.9968 0.0705
vn -0.0504 0.9793 -0.1962
vn -0.0692 0.9605 -0.2695
vn -0.0567 0.9737 -0.2207
vn 0.0410 -0.9449 0.3247
vn 0.0642 -0.9661 0.2502
vn 0.0351 -0.9900 0.1367
vn 0.0462 -0.9826 0.1798
vn -0.0070 -0.9984 -0.0557
vn -0.0035 -0.9996 -0.0279
vn 0.0050 -0.9998 0.0193
vn -0.0000 -0.9984 -0.0566
vn 0.0200 0.9968 0.0779
vn -0.0000 -0.9441 0.3296
vn -0.0000 -1.0000 0.0000
vn 0.9980 -0.0000 -0.0628
vn 0.9823 -0.0000 0.1874
vn 0.8443 -0.0000 -0.5358
vn 0.6845 -0.0000 -0.7290
vn 0.4818 -0.0000 -0.8763
vn 0.2487 -0.0000 -0.9686
vn -0.2487 0.0000 -0.9686
vn -0.4818 0.0000 -0.8763
vn -0.6845 0.0000 -0.7290
vn -0.8443 0.0000 -0.5358
vn -0.9980 0.0000 -0.0628
vn -0.9823 0.0000 0.1874
vn -0.9048 0.0000 0.4258
vn -0.7705 0.0000 0.6374
vn -0.3681 0.0000 0.9298
vn -0.1253 0.0000 0.9921
vn 0.1253 -0.0000 0.9921
vn 0.3681 -0.0000 0.9298
vn 0.7705 -0.0000 0.6374
vn 0.9048 -0.0000 0.4258
vn 0.7806 -0.0000 0.6250
vn 0.7273 -0.0000 0.6863
vn 0.9989 -0.0000 -0.0468
vn 0.9918 -0.0000 -0.1278
vn 0.0240 -0.9954 0.0933
vn -0.3933 0.0000 0.9194
vn 0.6691 -0.0000 0.7432
vn 0.1045 -0.0000 -0.9945
vn 0.1850 -0.0000 -0.9827
vn -0.6087 0.0000 0.7934
vn -0.8586 0.0000 -0.5127
vn 0.1448 -0.0000 0.9895
vn -0.0938 0.0000 0.9956
vn 0.5093 -0.0000 -0.8606
vn -0.0069 0.0000 -1.0000
vn -0.5093 0.0000 -0.8606
vn 0.6255 -0.0000 0.7802
vn -0.5933 0.0000 0.8049
vn -0.7529 0.0000 0.6581
vn -0.6611 0.0000 -0.7503
vn -0.4645 0.0000 -0.8856
vn -0.5878 0.0000 -0.8090
vn -0.0261 0.0000 -0.9997
vn -0.8356 0.0000 -0.5493
vn -0.8775 0.0000 -0.4796
vn 0.3134 -0.9441 0.1018
vn 0.9532 -0.0000 -0.3025
vn 0.6611 -0.0000 -0.7503
vn 0.2223 -0.0000 -0.9750
vn -0.9489 0.0000 -0.3156
vn -0.9758 0.0000 0.2185
vn 0.9353 -0.0000 -0.3538
vn 0.5665 -0.0000 0.8241
vn -0.0441 0.9842 -0.1717
vn 0.0813 -0.9954 0.0516
vn 0.9427 -0.0000 -0.3337
vn 0.7705 -0.0000 -0.6374
vn -0.9532 0.0000 -0.3025
vn -0.5665 0.0000 0.8241
vn -0.9781 0.0000 -0.2079
vn -0.9918 0.0000 -0.1278
vn -0.9136 0.0000 -0.4067
vn 0.9048 -0.0000 -0.4258
vn 0.2487 -0.0000 0.9686
vn 0.4818 -0.0000 0.8763
vn -0.8443 0.0000 0.5358
vn -0.6845 0.0000 0.7290
vn -0.4818 0.0000 0.8763
vn -0.2487 0.0000 0.9686
vn 0.2642 -0.0000 -0.9645
vn 0.9823 -0.0000 -0.1874
vn 0.9980 -0.0000 0.0628
vn -0.3681 0.0000 -0.9298
vn -0.1253 0.0000 -0.9921
vn -0.9427 0.0000 -0.3337
vn -0.9980 0.0000 0.0628
vn -0.9823 0.0000 -0.1874
vn 0.6845 -0.0000 0.7290
vn 0.8356 -0.0000 -0.5493
vn 0.8775 -0.0000 -0.4796
vn 0.5013 -0.0000 0.8653
vn -0.0000 0.0000 1.0000
vn 0.9511 -0.0000 0.3090
vn 0.9142 -0.0000 -0.4054
vn -0.9048 0.0000 -0.4258
vn -0.7705 0.0000 -0.6374
vn -0.9995 0.0000 0.0331
vn -0.9936 0.0000 0.1128
vn 0.8274 -0.0000 -0.5616
vn 0.7083 -0.0000 -0.7059
vn 0.9781 -0.0000 -0.2079
vn -0.1030 0.0000 -0.9947
vn 0.9136 -0.0000 -0.4067
vn -0.9960 0.0000 -0.0899
vn 0.1030 -0.0000 -0.9947
vn 0.6087 -0.0000 0.7934
vn 0.3932 -0.0000 -0.9194
vn 0.9758 -0.0000 0.2185
vn -0.5013 0.0000 0.8653
vn 0.1253 -0.0000 -0.9921
vn 0.5487 -0.0000 0.8360
vn 0.8963 -0.0000 0.4435
vn 0.8586 -0.0000 0.5127
vn 0.9880 -0.0000 0.1547
vn -0.5000 0.0000 0.8660
vn -0.4280 0.0000 0.9038
vn 0.7529 -0.0000 0.6581
vn -0.1045 0.0000 -0.9945
vn -0.1850 0.0000 -0.9827
vn 0.9858 -0.0000 0.1681
vn 0.8443 -0.0000 0.5358
vn 0.9588 -0.0000 -0.2841
vn 0.3531 -0.0000 0.9356
vn 0.2773 -0.0000 0.9608
vn 0.4280 -0.0000 0.9038
vn -0.9989 0.0000 -0.0468
vn 0.6680 -0.0000 0.7442
vn 0.9995 -0.0000 -0.0320
vn -0.1448 0.0000 0.9895
vn -0.7273 0.0000 0.6863
vn -0.6691 0.0000 0.7432
vn -0.2223 0.0000 -0.9750
vn -0.2784 0.0000 -0.9605
vn 0.3681 -0.0000 -0.9298
vn -0.6255 0.0000 0.7802
vn -0.3531 0.0000 0.9356
vn 0.6987 -0.0000 -0.7154
vn -0.6987 0.0000 -0.7154
vn 0.1997 -0.0000 0.9799
vn 0.9647 -0.0000 -0.2635
vn -0.8963 0.0000 0.4435
vn -0.2642 0.0000 -0.9645
vn 0.5000 -0.0000 0.8660
vn 0.4645 -0.0000 -0.8856
vn -0.9588 0.0000 -0.2841
vn -0.7806 0.0000 0.6250
vn 0.0261 -0.0000 -0.9997
vn -0.0000 0.0000 -1.0000
vn -0.9858 0.0000 0.1681
vn 0.9960 -0.0000 -0.0899
vn 0.3933 -0.0000 0.9194
vn -0.5487 0.0000 0.8360
vn 0.8586 -0.0000 -0.5127
vn 0.0719 -0.9807 0.1817
vn 0.0245 -0.9807 0.1939
vn 0.0558 -0.8953 0.4420
vn 0.1640 -0.8953 0.4142
vn -0.1069 -0.9942 -0.0067
vn -0.1019 -0.9942 -0.0331
vn -0.1859 -0.9807 -0.0604
vn -0.1951 -0.9807 -0.0123
vn -0.0245 -0.9807 0.1939
vn -0.0558 -0.8953 0.4420
vn 0.0630 -0.9942 0.0867
vn 0.0394 -0.9942 0.0996
vn 0.1149 -0.9807 0.1581
vn 0.1951 0.9807 -0.0123
vn 0.1859 0.9807 -0.0604
vn 0.4237 0.8953 -0.1377
vn 0.4446 0.8953 -0.0280
vn 0.2146 0.8953 -0.3904
vn 0.1108 0.8953 -0.4315
vn 0.2220 0.4510 -0.8645
vn 0.4300 0.4510 -0.7821
vn 0.0188 -0.9998 -0.0036
vn 0.0174 -0.9998 -0.0082
vn 0.2679 -0.9552 -0.1260
vn 0.2908 -0.9552 -0.0555
vn 0.0183 0.9998 0.0059
vn 0.0162 0.9998 0.0103
vn 0.2500 0.9552 0.1586
vn 0.2816 0.9552 0.0915
vn -0.0192 0.9998 0.0012
vn -0.2955 0.9552 0.0186
vn -0.2816 0.9552 0.0915
vn -0.0183 0.9998 0.0059
vn 0.1740 0.9552 -0.2395
vn 0.0113 0.9998 -0.0155
vn 0.0148 0.9998 -0.0122
vn 0.2281 0.9552 -0.1887
vn 0.2679 0.9552 -0.1260
vn 0.0174 0.9998 -0.0082
vn 0.0188 0.9998 -0.0036
vn 0.2908 0.9552 -0.0555
vn 0.0093 0.9998 0.0169
vn 0.0048 0.9998 0.0186
vn 0.0736 0.9552 0.2868
vn 0.1426 0.9552 0.2594
vn -0.0000 -0.9552 0.2961
vn -0.0000 -0.9998 0.0192
vn 0.0048 -0.9998 0.0186
vn 0.0736 -0.9552 0.2868
vn -0.0071 -0.9998 -0.0178
vn -0.1090 -0.9552 -0.2752
vn -0.0371 -0.9552 -0.2937
vn -0.0024 -0.9998 -0.0190
vn 0.0132 0.9998 0.0140
vn 0.2027 0.9552 0.2158
vn -0.0148 -0.9998 -0.0122
vn -0.2281 -0.9552 -0.1887
vn -0.1740 -0.9552 -0.2395
vn -0.0113 -0.9998 -0.0155
vn -0.2816 -0.9552 0.0915
vn -0.2955 -0.9552 0.0186
vn -0.0192 -0.9998 0.0012
vn -0.0183 -0.9998 0.0059
vn 0.0371 -0.9552 -0.2937
vn 0.0024 -0.9998 -0.0190
vn 0.0192 0.9998 0.0012
vn 0.2955 0.9552 0.0186
vn 0.0371 0.9552 -0.2937
vn 0.0024 0.9998 -0.0190
vn 0.0071 0.9998 -0.0178
vn 0.1090 0.9552 -0.2752
vn -0.1426 -0.9552 0.2594
vn -0.2027 -0.9552 0.2158
vn -0.0132 -0.9998 0.0140
vn -0.0093 -0.9998 0.0169
vn -0.1090 0.9552 -0.2752
vn -0.1740 0.9552 -0.2395
vn -0.0113 0.9998 -0.0155
vn -0.0071 0.9998 -0.0178
vn -0.0371 0.9552 -0.2937
vn -0.0024 0.9998 -0.0190
vn -0.0188 -0.9998 -0.0036
vn -0.2908 -0.9552 -0.0555
vn -0.2679 -0.9552 -0.1260
vn -0.0174 -0.9998 -0.0082
vn -0.2500 -0.9552 0.1586
vn -0.0162 -0.9998 0.0103
vn 0.0148 -0.9998 -0.0122
vn 0.0113 -0.9998 -0.0155
vn 0.1740 -0.9552 -0.2395
vn 0.2281 -0.9552 -0.1887
vn 0.0000 0.9998 0.0192
vn 0.0000 0.9552 0.2961
vn 0.0071 -0.9998 -0.0178
vn 0.1090 -0.9552 -0.2752
vn -0.2281 0.9552 -0.1887
vn -0.0148 0.9998 -0.0122
vn -0.0736 -0.9552 0.2868
vn -0.0048 -0.9998 0.0186
vn 0.1426 -0.9552 0.2594
vn 0.0093 -0.9998 0.0169
vn 0.0132 -0.9998 0.0140
vn 0.2027 -0.9552 0.2158
vn 0.0192 -0.9998 0.0012
vn 0.2955 -0.9552 0.0186
vn 0.2816 -0.9552 0.0915
vn 0.0183 -0.9998 0.0059
vn -0.0093 0.9998 0.0169
vn -0.1426 0.9552 0.2594
vn -0.0736 0.9552 0.2868
vn -0.0048 0.9998 0.0186
vn 0.2500 -0.9552 0.1586
vn 0.0162 -0.9998 0.0103
vn -0.0132 0.9998 0.0140
vn -0.2027 0.9552 0.2158
vn -0.2500 0.9552 0.1586
vn -0.0162 0.9998 0.0103
vn -0.2908 0.9552 -0.0555
vn -0.0188 0.9998 -0.0036
vn -0.2679 0.9552 -0.1260
vn -0.0174 0.9998 -0.0082
vn 0.3234 -0.8350 -0.4451
vn 0.4239 -0.8350 -0.3507
vn -0.0266 -0.9942 -0.1038
vn -0.0000 -0.9942 -0.1071
vn -0.0000 -0.9807 -0.1954
vn -0.0486 -0.9807 -0.1893
vn 0.0134 -0.9942 0.1063
vn 0.1338 -0.9807 -0.1425
vn 0.1650 -0.9807 -0.1047
vn 0.3761 -0.8953 -0.2387
vn 0.3049 -0.8953 -0.3247
vn -0.0516 -0.9942 -0.0939
vn -0.0942 -0.9807 -0.1713
vn 0.7536 -0.4510 -0.4782
vn 0.6110 -0.4510 -0.6506
vn 0.2146 -0.8953 -0.3904
vn 0.4300 -0.4510 -0.7821
vn 0.2618 -0.8953 0.3604
vn 0.3286 -0.4510 0.8299
vn 0.5246 -0.4510 0.7221
vn 0.3432 -0.8953 0.2840
vn 0.6877 -0.4510 0.5689
vn 0.4031 -0.8953 0.1897
vn 0.8076 -0.4510 0.3800
vn 0.4376 -0.8953 0.0835
vn 0.8767 -0.4510 0.1672
vn 0.4446 -0.8953 -0.0280
vn 0.8908 -0.4510 -0.0560
vn 0.1368 -0.8350 0.5329
vn -0.0000 -0.8350 0.5502
vn -0.1650 -0.9807 -0.1047
vn -0.3761 -0.8953 -0.2387
vn -0.4237 -0.8953 -0.1377
vn -0.0000 -0.8953 -0.4455
vn -0.1108 -0.8953 -0.4315
vn -0.1640 -0.8953 0.4142
vn -0.3286 -0.4510 0.8299
vn -0.1119 -0.4510 0.8855
vn -0.2146 -0.8953 -0.3904
vn 0.1069 0.9942 -0.0067
vn 0.1019 0.9942 -0.0331
vn -0.4978 -0.8350 -0.2343
vn -0.4239 -0.8350 -0.3507
vn 0.1052 0.9942 0.0201
vn 0.1920 0.9807 0.0366
vn -0.8908 0.4510 -0.0560
vn -0.8767 0.4510 0.1672
vn -0.8767 -0.4510 0.1672
vn -0.8908 -0.4510 -0.0560
vn 0.1108 -0.8953 -0.4315
vn 0.2220 -0.4510 -0.8645
vn -0.0000 -0.4510 -0.8925
vn -0.3049 -0.8953 -0.3247
vn -0.4300 -0.4510 -0.7821
vn -0.6110 -0.4510 -0.6506
vn -0.0719 -0.9807 0.1817
vn -0.1149 -0.9807 0.1581
vn -0.2618 -0.8953 0.3604
vn -0.1338 -0.9807 -0.1425
vn -0.3234 -0.8350 -0.4451
vn -0.2025 -0.8350 -0.5116
vn -0.0134 -0.9942 0.1063
vn -0.0394 -0.9942 0.0996
vn 0.1052 -0.9942 0.0201
vn 0.0970 -0.9942 0.0456
vn 0.1768 -0.9807 0.0832
vn 0.1920 -0.9807 0.0366
vn 0.0826 -0.9942 0.0683
vn 0.1506 -0.9807 0.1246
vn 0.0733 -0.9942 -0.0781
vn 0.0905 -0.9942 -0.0574
vn 0.1019 -0.9942 -0.0331
vn 0.1859 -0.9807 -0.0604
vn -0.1052 -0.9942 0.0201
vn -0.1920 -0.9807 0.0366
vn -0.2220 -0.4510 -0.8645
vn 0.0486 -0.9807 -0.1893
vn -0.3432 -0.8953 0.2840
vn -0.6877 -0.4510 0.5689
vn -0.5246 -0.4510 0.7221
vn 0.0266 -0.9942 -0.1038
vn 0.0516 -0.9942 -0.0939
vn 0.0942 -0.9807 -0.1713
vn 0.4237 -0.8953 -0.1377
vn 0.8489 -0.4510 -0.2758
vn -0.1368 -0.8350 0.5329
vn 0.4978 -0.8350 -0.2343
vn -0.4031 -0.8953 0.1897
vn -0.8076 -0.4510 0.3800
vn -0.2651 -0.8350 0.4821
vn -0.5233 0.8350 0.1700
vn -0.4646 0.8350 0.2948
vn -0.7536 0.4510 -0.4782
vn -0.8489 0.4510 -0.2758
vn -0.8489 -0.4510 -0.2758
vn -0.7536 -0.4510 -0.4782
vn 0.1119 0.4510 0.8855
vn 0.3286 0.4510 0.8299
vn 0.1119 -0.4510 0.8855
vn -0.3761 0.8953 -0.2387
vn -0.4237 0.8953 -0.1377
vn -0.0558 0.8953 0.4420
vn 0.0558 0.8953 0.4420
vn -0.1119 0.4510 0.8855
vn 0.0000 0.4510 -0.8925
vn -0.2220 0.4510 -0.8645
vn 0.7536 0.4510 -0.4782
vn 0.6110 0.4510 -0.6506
vn -0.0905 0.9942 -0.0574
vn -0.1019 0.9942 -0.0331
vn -0.1859 0.9807 -0.0604
vn -0.1650 0.9807 -0.1047
vn 0.4646 0.8350 0.2948
vn 0.5233 0.8350 0.1700
vn -0.8076 0.4510 0.3800
vn -0.6877 0.4510 0.5689
vn 0.5491 0.8350 0.0345
vn -0.4978 0.8350 -0.2343
vn -0.5405 0.8350 -0.1031
vn -0.5491 0.8350 0.0345
vn -0.3766 0.8350 0.4011
vn -0.2651 0.8350 0.4821
vn 0.1951 -0.9807 -0.0123
vn -0.0630 -0.9942 0.0867
vn 0.5405 -0.8350 -0.1031
vn 0.5491 -0.8350 0.0345
vn -0.4446 -0.8953 -0.0280
vn -0.4376 -0.8953 0.0835
vn 0.4646 -0.8350 0.2948
vn 0.3766 -0.8350 0.4011
vn -0.1506 -0.9807 0.1246
vn -0.0690 -0.8350 -0.5459
vn 0.0690 -0.8350 -0.5459
vn 0.5405 0.8350 -0.1031
vn 0.4978 0.8350 -0.2343
vn -0.0690 0.8350 -0.5459
vn -0.2025 0.8350 -0.5116
vn -0.4300 0.4510 -0.7821
vn -0.6110 0.4510 -0.6506
vn 0.8076 0.4510 0.3800
vn 0.8767 0.4510 0.1672
vn 0.8908 0.4510 -0.0560
vn 0.8489 0.4510 -0.2758
vn 0.0970 0.9942 0.0456
vn 0.1768 0.9807 0.0832
vn 0.0826 0.9942 0.0683
vn 0.1506 0.9807 0.1246
vn -0.3234 0.8350 -0.4451
vn -0.4239 0.8350 -0.3507
vn 0.2651 -0.8350 0.4821
vn -0.5246 0.4510 0.7221
vn -0.0733 -0.9942 -0.0781
vn 0.0905 0.9942 -0.0574
vn 0.0733 0.9942 -0.0781
vn 0.1338 0.9807 -0.1425
vn 0.1650 0.9807 -0.1047
vn -0.1069 0.9942 -0.0067
vn -0.1052 0.9942 0.0201
vn -0.1920 0.9807 0.0366
vn -0.1951 0.9807 -0.0123
vn 0.0000 0.8953 -0.4455
vn -0.1108 0.8953 -0.4315
vn 0.0486 0.9807 -0.1893
vn 0.0000 0.9807 -0.1954
vn 0.4031 0.8953 0.1897
vn 0.3432 0.8953 0.2840
vn -0.0134 0.9942 0.1063
vn 0.0134 0.9942 0.1063
vn 0.0245 0.9807 0.1939
vn -0.0245 0.9807 0.1939
vn -0.3432 0.8953 0.2840
vn -0.2618 0.8953 0.3604
vn 0.0516 0.9942 -0.0939
vn 0.0266 0.9942 -0.1038
vn 0.0942 0.9807 -0.1713
vn 0.0000 0.9942 -0.1071
vn -0.1640 0.8953 0.4142
vn -0.3286 0.4510 0.8299
vn 0.3761 0.8953 -0.2387
vn -0.1368 0.8350 0.5329
vn 0.0000 0.8350 0.5502
vn 0.4239 0.8350 -0.3507
vn -0.4031 0.8953 0.1897
vn -0.1768 0.9807 0.0832
vn -0.4376 0.8953 0.0835
vn -0.1506 0.9807 0.1246
vn 0.5246 0.4510 0.7221
vn -0.0733 0.9942 -0.0781
vn -0.1338 0.9807 -0.1425
vn 0.3234 0.8350 -0.4451
vn 0.2025 0.8350 -0.5116
vn -0.0266 0.9942 -0.1038
vn -0.0486 0.9807 -0.1893
vn 0.0394 0.9942 0.0996
vn 0.0719 0.9807 0.1817
vn 0.3049 0.8953 -0.3247
vn -0.0516 0.9942 -0.0939
vn -0.0942 0.9807 -0.1713
vn 0.1640 0.8953 0.4142
vn 0.2618 0.8953 0.3604
vn 0.6877 0.4510 0.5689
vn 0.4376 0.8953 0.0835
vn 0.1368 0.8350 0.5329
vn -0.2146 0.8953 -0.3904
vn 0.2651 0.8350 0.4821
vn 0.3766 0.8350 0.4011
vn -0.4446 0.8953 -0.0280
vn -0.1149 0.9807 0.1581
vn 0.0690 0.8350 -0.5459
vn -0.0719 0.9807 0.1817
vn -0.3049 0.8953 -0.3247
vn -0.0394 0.9942 0.0996
vn -0.0630 0.9942 0.0867
vn -0.0826 0.9942 0.0683
vn -0.0970 0.9942 0.0456
vn 0.0630 0.9942 0.0867
vn 0.1149 0.9807 0.1581
vn -0.0826 -0.9942 0.0683
vn -0.0970 -0.9942 0.0456
vn -0.1768 -0.9807 0.0832
vn -0.3766 -0.8350 0.4011
vn -0.4646 -0.8350 0.2948
vn -0.5233 -0.8350 0.1700
vn -0.0905 -0.9942 -0.0574
vn 0.5233 -0.8350 0.1700
vn -0.5405 -0.8350 -0.1031
vn -0.5491 -0.8350 0.0345
vn 0.1069 -0.9942 -0.0067
vn 0.2025 -0.8350 -0.5116
# 973 vertex normals

vt 150.9804 19.3097 0.0000
vt 150.8755 18.9818 0.0000
vt 152.0428 18.7624 0.0000
vt 5.9856 149.5939 0.0000
vt 5.9089 149.8696 0.0000
vt 4.9732 149.8696 0.0000
vt 5.0496 149.5939 0.0000
vt 4.1292 -63.1212 0.0000
vt 4.1013 -63.5606 0.0000
vt 5.2349 -63.5606 0.0000
vt 5.2545 -63.1212 0.0000
vt 6.2665 140.0379 0.0000
vt 6.2665 141.3617 0.0000
vt 5.3287 141.3617 0.0000
vt 5.3287 140.0379 0.0000
vt 4.0663 -131.9227 0.0000
vt 5.2103 -131.9227 0.0000
vt 5.2349 -131.4832 0.0000
vt 4.1013 -131.4832 0.0000
vt 5.2103 158.1983 0.0000
vt 5.2349 158.6378 0.0000
vt 4.1013 158.6378 0.0000
vt 4.0663 158.1983 0.0000
vt 5.3287 -35.7584 0.0000
vt 5.3287 -37.0823 0.0000
vt 6.2665 -37.0823 0.0000
vt 6.2665 -35.7584 0.0000
vt -4.1292 45.6921 0.0000
vt -4.1013 46.1316 0.0000
vt -5.2349 46.1316 0.0000
vt -5.2545 45.6921 0.0000
vt -6.2665 65.2664 0.0000
vt -5.3287 65.2664 0.0000
vt -5.3287 66.5903 0.0000
vt -6.2665 66.5903 0.0000
vt -6.2665 63.9426 0.0000
vt -5.3287 63.9426 0.0000
vt -6.2665 -121.8009 0.0000
vt -6.2665 -123.1248 0.0000
vt -5.3287 -123.1248 0.0000
vt -5.3287 -121.8009 0.0000
vt -4.0663 -74.1658 0.0000
vt -3.9451 -72.6562 0.0000
vt -5.1252 -72.6562 0.0000
vt -5.2103 -74.1658 0.0000
vt -5.9089 -76.5237 0.0000
vt -4.9732 -76.5237 0.0000
vt -5.0496 -76.2479 0.0000
vt -5.9856 -76.2479 0.0000
vt 5.2221 31.3417 0.0000
vt 4.1389 31.3417 0.0000
vt 4.2262 29.8320 0.0000
vt 5.2690 29.8320 0.0000
vt -5.2349 -168.1435 0.0000
vt -5.2103 -168.5830 0.0000
vt -4.0663 -168.5830 0.0000
vt -4.1013 -168.1435 0.0000
vt -5.1252 4.0874 0.0000
vt -3.9451 4.0874 0.0000
vt -4.0663 5.5970 0.0000
vt -5.2103 5.5970 0.0000
vt -4.0663 117.4549 0.0000
vt -3.9451 118.9645 0.0000
vt -5.1252 118.9645 0.0000
vt -5.2103 117.4549 0.0000
vt 6.2665 -34.4345 0.0000
vt 5.3287 -34.4345 0.0000
vt -5.2221 124.3495 0.0000
vt -4.1389 124.3495 0.0000
vt -4.2262 125.8591 0.0000
vt -5.2690 125.8591 0.0000
vt -5.2103 -36.6690 0.0000
vt -4.0663 -36.6690 0.0000
vt -4.1013 -36.2295 0.0000
vt -5.2349 -36.2295 0.0000
vt 5.0796 -146.9989 0.0000
vt 5.0496 -147.2746 0.0000
vt 5.9856 -147.2746 0.0000
vt 6.0159 -146.9989 0.0000
vt 5.2103 75.3286 0.0000
vt 4.0663 75.3286 0.0000
vt 4.1013 74.8891 0.0000
vt 5.2349 74.8891 0.0000
vt -6.0159 -146.3184 0.0000
vt -5.9856 -146.5941 0.0000
vt -5.0496 -146.5941 0.0000
vt -5.0796 -146.3184 0.0000
vt -4.1013 144.0484 0.0000
vt -4.0663 144.4879 0.0000
vt -5.2103 144.4879 0.0000
vt -5.2349 144.0484 0.0000
vt -6.2665 -124.4486 0.0000
vt -5.3287 -124.4486 0.0000
vt -5.2103 -157.9709 0.0000
vt -5.1252 -159.4805 0.0000
vt -3.9451 -159.4805 0.0000
vt -4.0663 -157.9709 0.0000
vt -5.2349 -133.8306 0.0000
vt -5.2545 -134.2700 0.0000
vt -4.1292 -134.2700 0.0000
vt -4.1013 -133.8306 0.0000
vt -4.1429 -76.1321 0.0000
vt -4.1292 -75.6926 0.0000
vt -5.2545 -75.6926 0.0000
vt -5.2641 -76.1321 0.0000
vt -4.1013 -35.2562 0.0000
vt -4.0663 -34.8167 0.0000
vt -5.2103 -34.8167 0.0000
vt -5.2349 -35.2562 0.0000
vt 4.0663 -154.5726 0.0000
vt 3.9451 -156.0822 0.0000
vt 5.1252 -156.0822 0.0000
vt 5.2103 -154.5726 0.0000
vt 5.0496 120.9036 0.0000
vt 4.9732 120.6279 0.0000
vt 5.9089 120.6279 0.0000
vt 5.9856 120.9036 0.0000
vt 4.2262 98.0710 0.0000
vt 4.1389 96.5614 0.0000
vt 5.2221 96.5614 0.0000
vt 5.2690 98.0710 0.0000
vt 5.1252 153.9667 0.0000
vt 5.2103 155.4763 0.0000
vt 4.0663 155.4763 0.0000
vt 3.9451 153.9667 0.0000
vt -4.1389 152.6779 0.0000
vt -5.2221 152.6779 0.0000
vt -5.2690 151.1683 0.0000
vt -4.2262 151.1683 0.0000
vt -4.1013 138.5522 0.0000
vt -5.2349 138.5522 0.0000
vt -5.2103 138.1127 0.0000
vt -4.0663 138.1127 0.0000
vt -4.0734 164.2801 0.0000
vt -5.2153 164.2801 0.0000
vt -5.2169 163.6871 0.0000
vt -4.0757 163.6871 0.0000
vt -4.0757 57.7139 0.0000
vt -4.0734 58.3069 0.0000
vt -5.2153 58.3069 0.0000
vt -5.2169 57.7139 0.0000
vt -5.2153 72.0788 0.0000
vt -4.0734 72.0788 0.0000
vt -4.0757 72.6718 0.0000
vt -5.2169 72.6718 0.0000
vt 5.9856 163.7975 0.0000
vt 6.0159 164.0732 0.0000
vt 5.0796 164.0732 0.0000
vt 5.0496 163.7975 0.0000
vt 163.4617 5.3287 0.0000
vt 164.7855 5.3287 0.0000
vt 164.7855 6.2665 0.0000
vt 163.4617 6.2665 0.0000
vt -5.2349 82.9267 0.0000
vt -4.1013 82.9267 0.0000
vt -4.1292 83.3661 0.0000
vt -5.2545 83.3661 0.0000
vt 4.0757 -162.8676 0.0000
vt 5.2169 -162.8676 0.0000
vt 5.2153 -162.2746 0.0000
vt 4.0734 -162.2746 0.0000
vt 5.9856 -86.5227 0.0000
vt 5.0496 -86.5227 0.0000
vt 5.0796 -86.7985 0.0000
vt 6.0159 -86.7985 0.0000
vt 5.1252 112.5536 0.0000
vt 3.9451 112.5536 0.0000
vt 4.0663 111.0440 0.0000
vt 5.2103 111.0440 0.0000
vt -5.2545 6.7942 0.0000
vt -4.1292 6.7942 0.0000
vt -4.1429 7.2337 0.0000
vt -5.2641 7.2337 0.0000
vt 4.1389 -144.8584 0.0000
vt 4.2262 -146.3681 0.0000
vt 5.2690 -146.3681 0.0000
vt 5.2221 -144.8584 0.0000
vt -5.2221 -64.5258 0.0000
vt -4.1389 -64.5258 0.0000
vt -4.2262 -63.0162 0.0000
vt -5.2690 -63.0162 0.0000
vt 4.2262 -94.9202 0.0000
vt 4.1389 -96.4299 0.0000
vt 5.2221 -96.4299 0.0000
vt 5.2690 -94.9202 0.0000
vt -5.2221 -159.5885 0.0000
vt -5.2690 -161.0981 0.0000
vt -4.2262 -161.0981 0.0000
vt -4.1389 -159.5885 0.0000
vt -154.5716 16.8529 0.0000
vt -154.4646 15.1443 0.0000
vt -152.5357 15.0235 0.0000
vt -152.4358 15.1477 0.0000
vt -152.5816 17.4768 0.0000
vt -153.7355 17.2578 0.0000
vt -154.5081 16.8546 0.0000
vt -156.7095 8.1439 0.0000
vt -155.9030 7.2900 0.0000
vt -154.4196 9.0915 0.0000
vt -154.4278 9.2507 0.0000
vt -156.0613 10.2835 0.0000
vt -157.1496 8.9619 0.0000
vt -157.0991 8.9234 0.0000
vt -158.7365 6.7890 0.0000
vt -158.1678 5.7614 0.0000
vt -157.8898 5.9643 0.0000
vt -156.8944 3.6030 0.0000
vt -157.1712 3.3983 0.0000
vt -156.1564 1.5975 0.0000
vt -155.3985 2.1579 0.0000
vt -152.1542 -6.3379 0.0000
vt -151.1051 -5.5306 0.0000
vt -150.0559 -4.7232 0.0000
vt -150.2503 -3.9866 0.0000
vt -151.0297 -3.1901 0.0000
vt -151.7767 -3.7649 0.0000
vt -151.4276 -4.4095 0.0000
vt -151.4173 -4.6955 0.0000
vt -151.5689 -4.9279 0.0000
vt -151.8323 -5.0148 0.0000
vt -152.1061 -4.9316 0.0000
vt -152.6398 -4.4291 0.0000
vt -153.3867 -5.0040 0.0000
vt -152.8165 -5.9614 0.0000
vt 154.8734 0.7645 0.0000
vt 155.6288 0.2008 0.0000
vt 156.6627 2.0122 0.0000
vt 156.3868 2.2181 0.0000
vt 156.2286 6.1468 0.0000
vt 155.4107 5.2856 0.0000
vt 155.6877 5.0811 0.0000
vt -159.6469 7.5865 0.0000
vt -161.2377 6.9537 0.0000
vt -160.7530 5.0829 0.0000
vt -160.6039 5.0265 0.0000
vt -158.4354 5.8890 0.0000
vt -159.0023 6.9177 0.0000
vt -159.6256 7.5267 0.0000
vt -167.7138 7.9599 0.0000
vt -168.2807 6.9313 0.0000
vt -166.1122 6.0687 0.0000
vt -165.9631 6.1251 0.0000
vt -165.4784 7.9960 0.0000
vt -167.0692 8.6287 0.0000
vt -167.0905 8.5689 0.0000
vt -168.5060 7.4109 0.0000
vt -168.2279 7.2079 0.0000
vt -167.6592 8.2356 0.0000
vt -169.5281 7.5753 0.0000
vt -168.7702 7.0149 0.0000
vt -167.7554 8.8157 0.0000
vt -168.0323 9.0204 0.0000
vt -170.1959 12.7965 0.0000
vt -169.1467 11.9892 0.0000
vt -168.0975 11.1818 0.0000
vt -167.4352 11.5584 0.0000
vt -166.8650 12.5158 0.0000
vt -167.6120 13.0906 0.0000
vt -168.1456 12.5881 0.0000
vt -168.4195 12.5049 0.0000
vt -168.6829 12.5919 0.0000
vt -168.8344 12.8242 0.0000
vt -168.8241 13.1102 0.0000
vt -168.4751 13.7548 0.0000
vt -169.2221 14.3296 0.0000
vt -170.0015 13.5332 0.0000
vt 167.4871 10.4300 0.0000
vt 167.2112 10.2241 0.0000
vt 168.2451 8.4128 0.0000
vt 169.0005 8.9764 0.0000
vt 167.1314 9.7903 0.0000
vt 167.7135 8.7551 0.0000
vt 167.9905 8.9596 0.0000
vt -168.8688 10.4542 0.0000
vt -169.9571 11.7758 0.0000
vt -171.5906 10.7431 0.0000
vt -171.5988 10.5838 0.0000
vt -170.1153 8.7823 0.0000
vt -169.3089 9.6362 0.0000
vt -168.9193 10.4157 0.0000
vt -171.6738 17.0677 0.0000
vt -172.8277 17.2868 0.0000
vt -172.9736 14.9577 0.0000
vt -172.8736 14.8335 0.0000
vt -170.9448 14.9543 0.0000
vt -170.8378 16.6629 0.0000
vt -170.9013 16.6645 0.0000
vt -173.0733 17.1494 0.0000
vt -173.3600 16.2515 0.0000
vt -171.3284 15.8702 0.0000
vt -171.2237 16.1981 0.0000
vt -172.7713 17.3604 0.0000
vt -172.8772 17.0328 0.0000
vt -171.7233 16.8136 0.0000
vt 171.3505 17.2765 0.0000
vt 171.0662 18.1751 0.0000
vt 169.1694 17.3080 0.0000
vt 169.2732 16.9797 0.0000
vt 170.1894 15.7403 0.0000
vt 171.3566 15.9597 0.0000
vt 171.2518 16.2876 0.0000
vt -170.2394 18.5615 0.0000
vt -169.3251 20.0089 0.0000
vt -170.8175 21.2368 0.0000
vt -170.9713 21.1947 0.0000
vt -172.2176 19.2217 0.0000
vt -171.1541 18.7232 0.0000
vt -170.2918 18.5974 0.0000
vt 164.5476 24.4464 0.0000
vt 164.6941 25.6250 0.0000
vt 164.3498 25.6250 0.0000
vt 164.3498 25.5762 0.0000
vt 164.6941 25.5762 0.0000
vt 164.9487 27.6463 0.0000
vt 164.0062 27.6463 0.0000
vt -164.0062 27.8632 0.0000
vt -164.9487 27.8632 0.0000
vt -164.6941 25.8120 0.0000
vt -164.3498 25.8120 0.0000
vt -164.3498 25.6612 0.0000
vt -164.6941 25.6612 0.0000
vt -164.5476 24.4959 0.0000
vt 162.5735 25.6250 0.0000
vt 162.2292 25.6250 0.0000
vt 162.3757 24.4464 0.0000
vt 166.9781 23.7717 0.0000
vt 164.7200 24.3608 0.0000
vt 164.5643 23.1834 0.0000
vt 164.7036 22.3148 0.0000
vt 164.6852 22.2533 0.0000
vt 166.3417 21.8211 0.0000
vt 167.0646 23.6367 0.0000
vt 165.6183 25.3632 0.0000
vt 164.9453 25.5406 0.0000
vt 164.6637 23.4740 0.0000
vt 166.9202 22.8790 0.0000
vt 166.1511 24.1010 0.0000
vt 164.9079 23.9706 0.0000
vt 164.7452 22.8689 0.0000
vt 165.4169 22.6864 0.0000
vt -165.4928 22.9242 0.0000
vt -164.8211 23.1069 0.0000
vt -164.9841 24.2093 0.0000
vt -167.0188 23.8281 0.0000
vt -164.7609 24.4181 0.0000
vt -165.0331 26.4671 0.0000
vt -165.7065 26.2911 0.0000
vt -166.2447 25.0397 0.0000
vt -167.1205 24.5663 0.0000
vt -166.4081 22.7698 0.0000
vt -164.7504 23.1974 0.0000
vt -164.7685 23.2583 0.0000
vt -164.6245 24.1177 0.0000
vt -164.7737 25.2827 0.0000
vt -167.0334 24.6998 0.0000
vt -164.5874 22.7518 0.0000
vt -166.2454 22.3254 0.0000
vt -164.9544 19.0665 0.0000
vt -163.9100 19.3351 0.0000
vt -164.1614 21.3159 0.0000
vt 163.6706 17.0592 0.0000
vt 164.0026 19.6874 0.0000
vt 162.9207 19.6874 0.0000
vt 163.2527 17.0592 0.0000
vt 164.0468 16.9354 0.0000
vt 165.0220 19.3984 0.0000
vt 163.9742 19.6675 0.0000
vt 163.6419 17.0394 0.0000
vt 164.1369 21.1231 0.0000
vt 163.8857 19.1529 0.0000
vt 164.9333 18.8830 0.0000
vt 166.2219 22.1342 0.0000
vt 164.5641 22.5612 0.0000
vt 166.7838 22.6729 0.0000
vt 166.0485 20.8622 0.0000
vt 167.0086 20.3259 0.0000
vt 167.9140 21.3546 0.0000
vt 166.9059 22.4816 0.0000
vt -167.3531 21.9301 0.0000
vt -166.3905 22.4618 0.0000
vt -167.1065 24.2569 0.0000
vt -167.2301 24.0673 0.0000
vt -168.2463 22.9499 0.0000
vt -166.0696 18.8760 0.0000
vt -165.7841 18.4835 0.0000
vt -164.8394 19.0036 0.0000
vt -166.1327 22.2616 0.0000
vt -167.0960 21.7312 0.0000
vt -166.7315 21.3145 0.0000
vt -165.8743 20.0690 0.0000
vt -165.7256 19.6547 0.0000
vt -165.7967 19.2206 0.0000
vt 164.3807 16.7268 0.0000
vt 165.9379 18.8697 0.0000
vt 164.9900 19.3910 0.0000
vt 164.0144 16.9282 0.0000
vt 167.0195 21.4493 0.0000
vt 166.0566 21.9804 0.0000
vt 164.7634 18.7311 0.0000
vt 165.7107 18.2086 0.0000
vt 165.9888 18.5905 0.0000
vt 165.7162 18.9356 0.0000
vt 165.6457 19.3702 0.0000
vt 165.7950 19.7850 0.0000
vt 166.6543 21.0321 0.0000
vt 167.8817 18.8956 0.0000
vt 168.6773 18.1365 0.0000
vt 170.1906 19.3731 0.0000
vt 169.9718 19.4334 0.0000
vt 168.5975 20.0642 0.0000
vt -170.9305 21.2356 0.0000
vt -169.4392 20.0063 0.0000
vt -168.6393 20.7609 0.0000
vt -169.3382 21.9225 0.0000
vt -170.7122 21.2955 0.0000
vt -168.3471 20.7414 0.0000
vt -169.1481 19.9879 0.0000
vt -166.4460 17.7552 0.0000
vt -165.6604 18.4941 0.0000
vt -165.9461 18.8864 0.0000
vt -166.3579 18.7328 0.0000
vt -166.7929 18.7987 0.0000
vt -167.1413 19.0676 0.0000
vt -168.0628 20.2664 0.0000
vt 164.6528 16.4495 0.0000
vt 166.6941 18.1378 0.0000
vt 165.9056 18.8785 0.0000
vt 164.3482 16.7357 0.0000
vt 165.7936 18.5722 0.0000
vt 165.5151 18.1906 0.0000
vt 166.3025 17.4487 0.0000
vt 168.9999 19.6746 0.0000
vt 168.1995 20.4287 0.0000
vt 167.9141 19.9534 0.0000
vt 166.9900 18.7535 0.0000
vt 166.6409 18.4844 0.0000
vt 166.2055 18.4184 0.0000
vt 169.9648 17.0513 0.0000
vt 171.0421 17.5514 0.0000
vt 169.8058 19.5308 0.0000
vt 169.6512 19.5730 0.0000
vt 168.1341 18.3412 0.0000
vt 169.0410 16.8891 0.0000
vt 169.0942 16.9251 0.0000
vt 168.6902 17.9699 0.0000
vt 169.9169 15.9847 0.0000
vt 171.8118 16.8562 0.0000
vt 171.4459 17.4483 0.0000
vt 170.0833 17.5902 0.0000
vt 168.1451 13.0387 0.0000
vt 168.5030 12.4417 0.0000
vt 169.5193 12.8972 0.0000
vt -169.7115 12.9614 0.0000
vt -168.6944 12.5059 0.0000
vt -168.3367 13.1030 0.0000
vt -172.5482 18.8821 0.0000
vt -172.9165 18.2915 0.0000
vt -171.0412 17.4221 0.0000
vt -169.8063 19.4024 0.0000
vt -171.1933 19.0236 0.0000
vt 164.8483 16.1223 0.0000
vt 167.2453 17.2499 0.0000
vt 166.6658 18.1634 0.0000
vt 164.6244 16.4752 0.0000
vt 169.7311 18.3563 0.0000
vt 168.8159 19.8031 0.0000
vt 166.1171 17.5789 0.0000
vt 166.6954 16.6647 0.0000
vt 168.4935 17.5084 0.0000
vt 170.7107 17.9796 0.0000
vt 170.6059 18.3075 0.0000
vt 169.5279 17.8090 0.0000
vt 169.8090 15.2861 0.0000
vt 169.9129 14.9578 0.0000
vt 171.9633 15.3395 0.0000
vt 171.6790 16.2381 0.0000
vt 167.9260 15.8361 0.0000
vt 166.9076 15.3854 0.0000
vt 167.1842 14.4844 0.0000
vt 167.9097 14.5853 0.0000
vt 168.1811 14.4946 0.0000
vt 168.3455 14.2713 0.0000
vt 168.3347 13.9941 0.0000
vt 168.1610 13.7668 0.0000
vt 167.5038 13.4432 0.0000
vt 167.7804 12.5422 0.0000
vt 168.8762 12.7405 0.0000
vt 169.4606 13.2287 0.0000
vt 169.0721 14.4943 0.0000
vt 168.6836 15.7599 0.0000
vt -169.0804 12.7716 0.0000
vt -167.9839 12.5733 0.0000
vt -167.7074 13.4744 0.0000
vt -168.3651 13.7980 0.0000
vt -168.5391 14.0253 0.0000
vt -168.5500 14.3024 0.0000
vt -168.3855 14.5258 0.0000
vt -168.1141 14.6165 0.0000
vt -167.3880 14.5156 0.0000
vt -167.1116 15.4167 0.0000
vt -168.1308 15.8674 0.0000
vt -168.8888 15.7911 0.0000
vt -169.2771 14.5255 0.0000
vt -169.6653 13.2598 0.0000
vt -170.6835 17.8903 0.0000
vt -170.5787 18.2183 0.0000
vt -172.4554 19.0848 0.0000
vt -172.7421 18.1869 0.0000
vt -171.0550 18.8801 0.0000
vt -172.1187 19.3781 0.0000
vt -172.2247 19.0505 0.0000
vt -169.1211 16.4403 0.0000
vt -167.1597 16.0667 0.0000
vt -166.8269 17.0925 0.0000
vt -168.6342 17.9414 0.0000
vt -168.0623 17.5491 0.0000
vt -168.2719 16.9944 0.0000
vt -168.4279 16.4223 0.0000
vt 164.9570 15.7646 0.0000
vt 167.5592 16.2608 0.0000
vt 167.2250 17.2898 0.0000
vt 164.8279 16.1621 0.0000
vt 168.3544 17.7668 0.0000
vt 166.5561 16.9236 0.0000
vt 166.8894 15.8944 0.0000
vt 168.8406 16.2655 0.0000
vt 168.1463 16.2474 0.0000
vt 167.9907 16.8196 0.0000
vt 167.7813 17.3745 0.0000
vt 171.2898 14.7316 0.0000
vt 171.1456 17.0608 0.0000
vt 169.9783 16.8417 0.0000
vt 169.1964 16.4385 0.0000
vt 169.1322 16.4369 0.0000
vt 169.2380 14.7282 0.0000
vt 171.1885 14.6074 0.0000
vt 171.6474 16.5362 0.0000
vt 171.6048 17.2310 0.0000
vt 169.5542 16.8502 0.0000
vt 169.6969 14.5209 0.0000
vt 170.6160 15.6345 0.0000
vt 168.1217 16.8429 0.0000
vt 167.0257 16.6455 0.0000
vt 167.0670 15.9507 0.0000
vt -167.2753 15.9566 0.0000
vt -167.2340 16.6514 0.0000
vt -168.3308 16.8488 0.0000
vt -171.2481 14.7123 0.0000
vt -171.1041 17.0415 0.0000
vt -173.1358 17.4222 0.0000
vt -173.1787 16.7275 0.0000
vt -172.1577 15.8258 0.0000
vt -170.5797 16.6795 0.0000
vt -170.6871 14.9709 0.0000
vt -167.1887 15.1906 0.0000
vt -167.1211 16.2669 0.0000
vt -169.0826 16.6405 0.0000
vt 164.9739 15.3959 0.0000
vt 167.6178 15.2297 0.0000
vt 167.5498 16.3094 0.0000
vt 164.9477 15.8131 0.0000
vt 164.9678 15.4941 0.0000
vt 168.7754 16.6037 0.0000
vt 166.8242 16.2327 0.0000
vt 166.8919 15.1530 0.0000
vt 170.3822 14.9342 0.0000
vt 170.2751 16.6428 0.0000
vt 171.2605 15.7572 0.0000
vt 169.3100 15.8780 0.0000
vt 169.1071 14.7972 0.0000
vt 170.3704 14.2662 0.0000
vt 171.1181 15.5806 0.0000
vt -170.7566 14.1415 0.0000
vt -170.9618 15.2219 0.0000
vt -172.8906 15.1011 0.0000
vt -172.7490 14.9245 0.0000
vt -172.0040 13.6107 0.0000
vt -167.4617 14.1881 0.0000
vt -167.0000 14.3379 0.0000
vt -167.2018 15.3972 0.0000
vt -170.7001 15.1774 0.0000
vt -170.4944 14.0972 0.0000
vt -169.9853 14.3145 0.0000
vt -168.5354 14.7435 0.0000
vt -168.0954 14.7565 0.0000
vt -167.7047 14.5544 0.0000
vt 164.8988 15.0352 0.0000
vt 167.4182 14.2169 0.0000
vt 167.6209 15.2795 0.0000
vt 164.9771 15.4458 0.0000
vt 170.1989 14.2039 0.0000
vt 170.4043 15.2843 0.0000
vt 166.9140 15.5032 0.0000
vt 166.7119 14.4404 0.0000
vt 167.1613 14.2949 0.0000
vt 167.4045 14.6612 0.0000
vt 167.7958 14.8633 0.0000
vt 168.2364 14.8503 0.0000
vt 169.6889 14.4213 0.0000
vt 168.9254 14.0713 0.0000
vt 168.4632 13.0734 0.0000
vt 170.1216 12.0396 0.0000
vt 170.1082 12.2662 0.0000
vt 170.2623 13.7704 0.0000
vt -171.4795 10.6918 0.0000
vt -169.8452 11.7234 0.0000
vt -170.3117 12.7193 0.0000
vt -171.6337 12.4191 0.0000
vt -171.4680 10.9178 0.0000
vt 162.1048 14.6367 0.0000
vt 159.8680 13.2175 0.0000
vt 160.5575 12.3839 0.0000
vt 162.3712 14.3146 0.0000
vt 159.0948 10.6090 0.0000
vt 160.4574 12.0542 0.0000
vt 159.7691 12.8889 0.0000
vt 156.8141 11.0185 0.0000
vt 157.9032 9.6976 0.0000
vt -162.5735 25.8120 0.0000
vt -162.2292 25.8120 0.0000
vt -161.9745 27.8632 0.0000
vt -162.9171 27.8632 0.0000
vt -162.3757 24.4959 0.0000
vt -162.2292 25.6612 0.0000
vt -162.5735 25.6612 0.0000
vt 163.2754 17.0861 0.0000
vt 162.9431 19.7142 0.0000
vt 161.8953 19.4451 0.0000
vt 162.8705 16.9821 0.0000
vt 152.5468 8.0727 0.0000
vt 154.2053 9.1065 0.0000
vt 153.7431 10.1043 0.0000
vt 152.4062 9.8035 0.0000
vt 152.5603 8.2992 0.0000
vt -152.5658 14.5428 0.0000
vt -154.4946 14.6636 0.0000
vt -154.6998 13.5832 0.0000
vt -153.4524 13.0524 0.0000
vt -152.7075 14.3662 0.0000
vt 161.9300 15.0042 0.0000
vt 159.4105 14.1858 0.0000
vt 159.8710 13.2069 0.0000
vt 162.1079 14.6260 0.0000
vt 163.4617 13.8458 0.0000
vt 163.8763 13.8982 0.0000
vt 164.2650 14.0520 0.0000
vt 164.6031 14.2977 0.0000
vt 164.8696 14.6198 0.0000
vt 165.0475 14.9980 0.0000
vt 165.1259 15.4086 0.0000
vt 165.1197 15.5067 0.0000
vt 165.0996 15.8258 0.0000
vt 164.9705 16.2233 0.0000
vt 164.7465 16.5762 0.0000
vt 164.4418 16.8623 0.0000
vt 164.0755 17.0637 0.0000
vt 163.6706 17.1677 0.0000
vt 163.2527 17.1677 0.0000
vt 162.8478 17.0637 0.0000
vt 162.4815 16.8623 0.0000
vt 162.1768 16.5762 0.0000
vt 161.9528 16.2233 0.0000
vt 161.8237 15.8258 0.0000
vt 161.8036 15.5067 0.0000
vt 161.7974 15.4086 0.0000
vt 161.8757 14.9980 0.0000
vt 162.0537 14.6198 0.0000
vt 162.3202 14.2977 0.0000
vt 162.6583 14.0520 0.0000
vt 163.0470 13.8982 0.0000
vt 162.6726 21.3653 0.0000
vt 162.9207 19.3946 0.0000
vt 164.0026 19.3946 0.0000
vt 164.2507 21.3653 0.0000
vt 164.0540 20.6992 0.0000
vt 163.4617 20.7275 0.0000
vt 162.8693 20.6992 0.0000
vt 161.8426 28.4356 0.0000
vt 161.9745 27.3298 0.0000
vt 162.9171 27.3298 0.0000
vt 163.0336 28.0530 0.0000
vt 163.1999 28.2859 0.0000
vt 163.4617 28.3775 0.0000
vt 163.7234 28.2859 0.0000
vt 163.8897 28.0530 0.0000
vt 164.0062 27.3298 0.0000
vt 164.9487 27.3298 0.0000
vt 165.0807 28.4356 0.0000
vt 164.7855 29.1375 0.0000
vt 163.4617 29.1375 0.0000
vt 162.1378 29.1375 0.0000
vt -148.1070 -2.3668 0.0000
vt -148.5354 -2.9154 0.0000
vt -147.7446 -3.7005 0.0000
vt -158.0375 9.9423 0.0000
vt -156.9472 11.2622 0.0000
vt -159.9079 13.1387 0.0000
vt -160.5947 12.3072 0.0000
vt -159.2264 10.8530 0.0000
vt -152.8621 6.8071 0.0000
vt -154.3342 4.9963 0.0000
vt -152.9030 3.5048 0.0000
vt -152.4640 4.0449 0.0000
vt -152.7700 5.3723 0.0000
vt 148.0556 -3.4117 0.0000
vt 148.8456 -2.6267 0.0000
vt 148.4170 -2.0783 0.0000
vt -165.9904 18.9938 0.0000
vt -165.6474 18.5298 0.0000
vt -164.8306 18.9788 0.0000
vt -165.0453 19.5133 0.0000
vt 151.5972 2.6528 0.0000
vt 152.0338 2.1108 0.0000
vt 153.4862 3.6077 0.0000
vt 152.0223 5.4251 0.0000
vt 151.9168 3.9850 0.0000
vt 155.9306 7.0608 0.0000
vt 154.8497 8.3884 0.0000
vt 153.1936 7.3509 0.0000
vt 153.1835 7.1910 0.0000
vt 154.6570 5.3813 0.0000
vt 155.4784 6.2390 0.0000
vt 155.8793 7.0221 0.0000
vt 160.4391 9.7420 0.0000
vt 161.3994 11.4807 0.0000
vt 160.5251 12.1179 0.0000
vt 159.1638 10.6716 0.0000
vt 159.7151 11.0939 0.0000
vt 160.1771 10.7222 0.0000
vt 160.6725 10.3961 0.0000
vt 162.3643 14.3328 0.0000
vt 160.5507 12.4019 0.0000
vt 161.4258 11.7659 0.0000
vt 162.7024 14.0870 0.0000
vt -159.2362 10.9069 0.0000
vt -160.6038 12.3617 0.0000
vt -161.4758 11.7271 0.0000
vt -160.5122 9.9783 0.0000
vt -160.7444 10.6317 0.0000
vt -160.2489 10.9575 0.0000
vt -159.7865 11.3288 0.0000
vt -156.4550 7.0116 0.0000
vt -156.1769 7.2146 0.0000
vt -156.9823 8.0695 0.0000
vt -154.5228 2.8054 0.0000
vt -153.7649 3.3657 0.0000
vt -155.1892 4.8637 0.0000
vt -155.4660 4.6591 0.0000
vt 153.0479 -5.6148 0.0000
vt 153.6174 -4.6578 0.0000
vt 152.8703 -4.0832 0.0000
vt 152.3370 -4.5855 0.0000
vt 152.0633 -4.6687 0.0000
vt 151.7999 -4.5817 0.0000
vt 151.6483 -4.3495 0.0000
vt 151.6584 -4.0636 0.0000
vt 152.0069 -3.4193 0.0000
vt 151.2598 -2.8447 0.0000
vt 150.4810 -3.6408 0.0000
vt 150.2872 -4.3771 0.0000
vt 151.3366 -5.1842 0.0000
vt 152.3860 -5.9912 0.0000
vt 154.9631 3.2804 0.0000
vt 154.6871 3.4863 0.0000
vt 153.2451 1.9795 0.0000
vt 154.0005 1.4158 0.0000
vt 157.1168 4.0261 0.0000
vt 157.3938 3.8217 0.0000
vt 157.9759 4.8569 0.0000
vt 159.9750 8.4993 0.0000
vt 161.5660 7.8673 0.0000
vt 162.4409 11.2533 0.0000
vt 161.4355 11.6526 0.0000
vt 160.4774 9.9128 0.0000
vt 162.6898 14.1115 0.0000
vt 161.4135 11.7902 0.0000
vt 162.4193 11.3919 0.0000
vt 163.0785 13.9576 0.0000
vt -160.5018 10.0789 0.0000
vt -161.4644 11.8283 0.0000
vt -162.4668 11.4308 0.0000
vt -161.5925 8.0363 0.0000
vt -160.0011 8.6674 0.0000
vt -157.6178 1.9142 0.0000
vt -156.9722 2.1743 0.0000
vt -157.9750 3.9818 0.0000
vt -160.1396 3.1096 0.0000
vt -158.7959 2.5982 0.0000
vt -155.1867 -3.9838 0.0000
vt -155.7364 -3.0144 0.0000
vt -156.3783 -3.2836 0.0000
vt 156.5162 -2.9200 0.0000
vt 155.8742 -2.6510 0.0000
vt 155.3251 -3.6198 0.0000
vt 159.9344 2.0744 0.0000
vt 157.7726 2.9534 0.0000
vt 156.7570 1.1317 0.0000
vt 157.4018 0.8696 0.0000
vt 158.5857 1.5590 0.0000
vt 158.6705 5.4096 0.0000
vt 158.0947 4.3709 0.0000
vt 160.2598 3.4999 0.0000
vt 160.4095 3.5569 0.0000
vt 160.9097 5.4460 0.0000
vt 159.3214 6.0850 0.0000
vt 159.2996 6.0246 0.0000
vt 163.4952 10.8911 0.0000
vt 163.4956 11.3635 0.0000
vt 162.4223 11.4995 0.0000
vt 161.5526 8.1122 0.0000
vt 162.6436 7.9739 0.0000
vt 162.5943 8.5261 0.0000
vt 162.6349 10.0401 0.0000
vt 162.7586 10.4632 0.0000
vt 163.0717 10.7729 0.0000
vt 163.0592 13.9846 0.0000
vt 162.4004 11.4188 0.0000
vt 163.4736 11.2832 0.0000
vt 163.4738 13.9322 0.0000
vt -162.6445 8.0276 0.0000
vt -161.5535 8.1656 0.0000
vt -162.4252 11.5608 0.0000
vt -163.4951 11.4254 0.0000
vt -163.4949 10.9400 0.0000
vt -163.0715 10.8220 0.0000
vt -162.7585 10.5129 0.0000
vt -162.6349 10.0904 0.0000
vt -162.5950 8.5789 0.0000
vt -160.9671 5.3743 0.0000
vt -161.4478 7.2462 0.0000
vt -162.5387 7.1078 0.0000
vt -162.6584 5.7574 0.0000
vt -161.1788 5.4545 0.0000
vt 162.4830 6.3661 0.0000
vt 161.3923 6.5061 0.0000
vt 160.9062 4.6132 0.0000
vt 161.1181 4.6944 0.0000
vt 162.5989 5.0006 0.0000
vt 164.2630 8.2377 0.0000
vt 165.3540 8.3760 0.0000
vt 164.4842 11.7633 0.0000
vt 163.4110 11.6273 0.0000
vt 163.4114 11.1549 0.0000
vt 163.8349 11.0367 0.0000
vt 164.1479 10.7270 0.0000
vt 164.2717 10.3039 0.0000
vt 164.3123 8.7900 0.0000
vt 163.4479 13.9563 0.0000
vt 163.4481 11.3073 0.0000
vt 164.5214 11.4429 0.0000
vt 163.8626 14.0087 0.0000
vt -163.4201 11.0704 0.0000
vt -163.4199 11.5557 0.0000
vt -164.4898 11.6911 0.0000
vt -165.3615 8.2960 0.0000
vt -164.2705 8.1579 0.0000
vt -164.3200 8.7093 0.0000
vt -164.2801 10.2208 0.0000
vt -164.1565 10.6432 0.0000
vt -163.8436 10.9524 0.0000
vt -164.3606 7.4866 0.0000
vt -165.4515 7.6251 0.0000
vt -165.9321 5.7532 0.0000
vt -165.7205 5.8334 0.0000
vt -164.2408 6.1363 0.0000
vt 165.9339 5.9102 0.0000
vt 165.4478 7.8030 0.0000
vt 164.3571 7.6630 0.0000
vt 164.2411 6.2976 0.0000
vt 165.7219 5.9913 0.0000
vt 166.3018 10.6388 0.0000
vt 165.3437 12.3786 0.0000
vt 164.3383 11.9792 0.0000
vt 165.2131 8.5932 0.0000
vt 166.8042 9.2252 0.0000
vt 163.8317 14.0240 0.0000
vt 164.4908 11.4583 0.0000
vt 165.4966 11.8566 0.0000
vt 164.2203 14.1779 0.0000
vt -166.8510 9.0261 0.0000
vt -165.2596 8.3951 0.0000
vt -164.3854 11.7895 0.0000
vt -165.3878 12.1871 0.0000
vt -166.3503 10.4377 0.0000
vt -165.9961 7.0235 0.0000
vt -168.1607 7.8956 0.0000
vt -169.1635 6.0882 0.0000
vt -168.5179 5.8280 0.0000
vt -167.3399 6.5121 0.0000
vt -167.8788 9.4844 0.0000
vt -168.5207 9.7536 0.0000
vt -169.0703 8.7842 0.0000
vt 168.9635 9.0046 0.0000
vt 168.4144 9.9735 0.0000
vt 167.7725 9.7045 0.0000
vt 168.3152 6.8139 0.0000
vt 168.9600 7.0761 0.0000
vt 167.9443 8.8978 0.0000
vt 165.7825 8.0188 0.0000
vt 167.1313 7.5034 0.0000
vt 166.8860 9.6479 0.0000
vt 165.2977 9.0090 0.0000
vt 165.7979 7.1198 0.0000
vt 165.9476 7.0629 0.0000
vt 168.1127 7.9339 0.0000
vt 167.5369 8.9726 0.0000
vt 166.9078 9.5875 0.0000
vt 167.3924 11.6795 0.0000
vt 166.0311 13.1258 0.0000
vt 165.1568 12.4886 0.0000
vt 166.1171 10.7499 0.0000
vt 165.8837 11.4040 0.0000
vt 166.3790 11.7301 0.0000
vt 166.8411 12.1019 0.0000
vt 164.1874 14.1793 0.0000
vt 165.4640 11.8581 0.0000
vt 166.3391 12.4941 0.0000
vt 164.5255 14.4250 0.0000
vt -166.2298 10.4766 0.0000
vt -165.2663 12.2254 0.0000
vt -166.1382 12.8600 0.0000
vt -167.5059 11.4052 0.0000
vt -166.9555 11.8271 0.0000
vt -166.4932 11.4558 0.0000
vt -165.9976 11.1300 0.0000
vt -169.4135 9.5160 0.0000
vt -170.2189 8.6612 0.0000
vt -169.9408 8.4582 0.0000
vt -169.4606 10.0765 0.0000
vt -169.7374 10.2812 0.0000
vt -171.1617 8.7832 0.0000
vt -170.4038 8.2228 0.0000
vt 169.8483 13.6845 0.0000
vt 169.0695 14.4806 0.0000
vt 168.3223 13.9060 0.0000
vt 168.6709 13.2617 0.0000
vt 168.6810 12.9758 0.0000
vt 168.5294 12.7436 0.0000
vt 168.2660 12.6566 0.0000
vt 167.9922 12.7398 0.0000
vt 167.4590 13.2421 0.0000
vt 166.7119 12.6675 0.0000
vt 167.2814 11.7105 0.0000
vt 167.9433 11.3341 0.0000
vt 168.9927 12.1411 0.0000
vt 170.0421 12.9482 0.0000
vt 169.8734 9.6277 0.0000
vt 170.6288 10.1914 0.0000
vt 169.1868 11.6983 0.0000
vt 168.9108 11.4924 0.0000
vt 169.4196 10.0146 0.0000
vt 169.6966 10.2191 0.0000
vt 168.8788 11.0802 0.0000
vt 168.3899 10.7378 0.0000
vt 169.4791 12.0587 0.0000
vt 166.5241 13.9290 0.0000
vt 165.8358 13.0944 0.0000
vt 167.1984 11.6492 0.0000
vt 164.4945 14.4098 0.0000
vt 166.3082 12.4791 0.0000
vt 166.9977 13.3128 0.0000
vt 164.7609 14.7319 0.0000
vt -167.3856 11.3675 0.0000
vt -166.0173 12.8217 0.0000
vt -166.7041 13.6531 0.0000
vt -169.6648 11.7767 0.0000
vt -168.5746 10.4567 0.0000
vt -171.0506 9.6159 0.0000
vt -170.6116 9.0758 0.0000
vt -169.1805 10.5673 0.0000
vt -170.6525 12.3781 0.0000
vt -170.7446 10.9433 0.0000
vt -167.9588 14.1376 0.0000
vt -167.1680 14.9227 0.0000
vt -167.5964 15.4712 0.0000
vt 167.4141 15.5646 0.0000
vt 166.9855 15.0162 0.0000
vt 167.7755 14.2313 0.0000
vt 169.7129 13.8507 0.0000
vt 168.2490 12.0332 0.0000
vt 169.7014 10.5364 0.0000
vt 170.1380 11.0784 0.0000
vt 169.8184 12.4106 0.0000
vt 168.3429 11.3143 0.0000
vt 169.1643 10.4566 0.0000
vt 170.6378 12.2663 0.0000
vt 170.6278 12.4262 0.0000
vt 168.9716 13.4637 0.0000
vt 167.8907 12.1361 0.0000
vt 167.9420 12.0974 0.0000
vt 167.2663 14.5864 0.0000
vt 166.8169 14.7320 0.0000
vt 166.3575 13.7526 0.0000
vt 169.3134 11.8836 0.0000
vt 169.7803 12.8792 0.0000
vt 169.2397 13.0021 0.0000
vt 167.8116 13.5061 0.0000
vt 167.4470 13.7540 0.0000
vt 167.2486 14.1471 0.0000
vt 164.7360 14.7007 0.0000
vt 166.9729 13.2816 0.0000
vt 167.4334 14.2605 0.0000
vt 164.9139 15.0789 0.0000
vt -170.0325 12.6573 0.0000
vt -169.5649 11.6620 0.0000
vt -166.6037 13.5378 0.0000
vt -167.0623 14.5138 0.0000
vt -167.5240 14.3640 0.0000
vt -167.5057 13.9248 0.0000
vt -167.7034 13.5318 0.0000
vt -168.0671 13.2841 0.0000
vt -169.4927 12.7802 0.0000
vt -155.3657 11.5500 0.0000
vt -155.8321 10.5541 0.0000
vt -154.1979 9.5224 0.0000
vt -154.2093 9.7485 0.0000
vt -154.0437 11.2497 0.0000
vt -158.9703 13.9606 0.0000
vt -159.4320 14.1104 0.0000
vt -159.8905 13.1344 0.0000
vt -156.9294 11.2586 0.0000
vt -156.4618 12.2539 0.0000
vt -157.0015 12.3768 0.0000
vt -158.4271 12.8807 0.0000
vt -158.7909 13.1285 0.0000
vt -158.9886 13.5214 0.0000
vt -155.9234 13.9045 0.0000
vt -155.7177 14.9848 0.0000
vt -159.2161 15.2045 0.0000
vt -159.4178 14.1452 0.0000
vt -158.9562 13.9954 0.0000
vt -158.7131 14.3617 0.0000
vt -158.3224 14.5638 0.0000
vt -157.8824 14.5508 0.0000
vt -156.4326 14.1219 0.0000
vt 156.2750 12.0639 0.0000
vt 156.7420 11.0682 0.0000
vt 159.6978 12.9373 0.0000
vt 159.2384 13.9167 0.0000
vt 158.7890 13.7711 0.0000
vt 158.8068 13.3318 0.0000
vt 158.6083 12.9387 0.0000
vt 158.2438 12.6908 0.0000
vt 156.8156 12.1868 0.0000
vt 152.8190 12.9063 0.0000
vt 152.6161 13.9871 0.0000
vt 150.6656 13.8663 0.0000
vt 150.8081 13.6897 0.0000
vt 151.5558 12.3753 0.0000
vt 158.7397 13.9055 0.0000
vt 159.1892 14.0511 0.0000
vt 158.9871 15.1138 0.0000
vt 155.4967 14.8949 0.0000
vt 155.7021 13.8146 0.0000
vt 156.2122 14.0320 0.0000
vt 157.6646 14.4610 0.0000
vt 158.1053 14.4739 0.0000
vt 158.4965 14.2718 0.0000
vt 161.8527 15.4101 0.0000
vt 159.2088 15.2438 0.0000
vt 159.4115 14.1812 0.0000
vt 161.9310 14.9995 0.0000
vt 148.6594 15.5847 0.0000
vt 148.8020 17.9140 0.0000
vt 146.7514 18.2947 0.0000
vt 146.7088 17.6000 0.0000
vt 147.7402 16.6982 0.0000
vt 141.8581 18.1526 0.0000
vt 141.8994 18.8474 0.0000
vt 140.8034 19.0448 0.0000
vt 151.7902 17.4852 0.0000
vt 150.6230 17.7043 0.0000
vt 150.4787 15.3750 0.0000
vt 150.5800 15.2508 0.0000
vt 152.5305 15.3716 0.0000
vt 152.6363 17.0803 0.0000
vt 152.5721 17.0820 0.0000
vt -140.3939 19.0745 0.0000
vt -141.4907 18.8771 0.0000
vt -141.4494 18.1823 0.0000
vt -148.0854 17.4334 0.0000
vt -148.1283 18.1281 0.0000
vt -150.1600 17.7474 0.0000
vt -150.0160 15.4181 0.0000
vt -149.1065 16.5317 0.0000
vt -157.3190 16.7061 0.0000
vt -159.2804 16.3325 0.0000
vt -159.2128 15.2562 0.0000
vt -155.7145 15.0365 0.0000
vt -155.8218 16.7451 0.0000
vt 152.7043 20.8311 0.0000
vt 151.6263 21.3296 0.0000
vt 151.5215 21.0017 0.0000
vt 149.8424 21.9804 0.0000
vt 149.9463 22.3086 0.0000
vt 148.0494 23.1758 0.0000
vt 147.7651 22.2772 0.0000
vt 155.5931 16.7753 0.0000
vt 155.4860 15.0667 0.0000
vt 158.9763 15.2856 0.0000
vt 159.0441 16.3653 0.0000
vt 157.0928 16.7363 0.0000
vt 161.8790 15.8253 0.0000
vt 159.2769 16.3215 0.0000
vt 159.2090 15.2418 0.0000
vt 161.8528 15.4081 0.0000
vt 161.8590 15.5062 0.0000
vt 141.5803 23.1181 0.0000
vt 142.6761 22.9198 0.0000
vt 142.9527 23.8209 0.0000
vt 142.2955 24.1444 0.0000
vt 142.1218 24.3717 0.0000
vt 142.1110 24.6489 0.0000
vt 142.2754 24.8722 0.0000
vt 142.5468 24.9629 0.0000
vt 143.2723 24.8620 0.0000
vt 143.5489 25.7631 0.0000
vt 142.5305 26.2137 0.0000
vt 141.7729 26.1375 0.0000
vt 141.3845 24.8719 0.0000
vt 140.9960 23.6063 0.0000
vt -149.0300 21.5025 0.0000
vt -149.3167 22.4004 0.0000
vt -151.1933 21.5340 0.0000
vt -151.0886 21.2060 0.0000
vt -153.3230 19.9422 0.0000
vt -153.4289 20.2698 0.0000
vt -154.4926 19.7718 0.0000
vt -157.8152 18.2491 0.0000
vt -159.6225 17.4002 0.0000
vt -159.2897 16.3744 0.0000
vt -157.3283 16.7480 0.0000
vt -158.0215 16.7300 0.0000
vt -158.1775 17.3021 0.0000
vt -158.3871 17.8568 0.0000
vt 162.0077 16.2191 0.0000
vt 159.6106 17.3467 0.0000
vt 159.2764 16.3178 0.0000
vt 161.8786 15.8216 0.0000
vt 157.1241 16.8873 0.0000
vt 159.0754 16.5162 0.0000
vt 159.4087 17.5454 0.0000
vt 157.6104 18.3886 0.0000
vt 158.1834 17.9963 0.0000
vt 157.9740 17.4414 0.0000
vt 157.8184 16.8692 0.0000
vt 154.1681 21.5554 0.0000
vt 155.0750 23.0074 0.0000
vt 153.5579 24.2392 0.0000
vt 153.4033 24.1970 0.0000
vt 152.1670 22.2176 0.0000
vt 153.2443 21.7176 0.0000
vt 154.1149 21.5913 0.0000
vt 149.2770 25.1851 0.0000
vt 148.9112 24.5930 0.0000
vt 150.8060 23.7214 0.0000
vt 152.0328 25.7067 0.0000
vt 150.6397 25.3270 0.0000
vt 144.2178 29.0411 0.0000
vt 145.2341 28.5857 0.0000
vt 145.5920 29.1826 0.0000
vt -145.2502 29.4242 0.0000
vt -144.8924 28.8272 0.0000
vt -143.8754 29.2827 0.0000
vt -153.0367 24.5234 0.0000
vt -151.8018 22.5432 0.0000
vt -149.9265 23.4125 0.0000
vt -150.2948 24.0031 0.0000
vt -151.6497 24.1447 0.0000
vt -156.5975 19.1047 0.0000
vt -157.5138 20.5508 0.0000
vt -160.2167 18.3190 0.0000
vt -159.6395 17.4081 0.0000
vt -157.8324 18.2573 0.0000
vt 162.2298 16.5629 0.0000
vt 160.1884 18.2512 0.0000
vt 159.6088 17.3377 0.0000
vt 162.0059 16.2100 0.0000
vt 157.6737 18.4662 0.0000
vt 159.4717 17.6224 0.0000
vt 160.0501 18.5367 0.0000
vt 157.3513 20.7609 0.0000
vt 156.4361 19.3140 0.0000
vt 154.2770 24.5400 0.0000
vt 155.7902 23.3034 0.0000
vt 156.5858 24.0625 0.0000
vt 155.8701 25.2311 0.0000
vt 154.4958 24.6003 0.0000
vt -157.5691 22.2780 0.0000
vt -156.7692 21.5234 0.0000
vt -155.2780 22.7527 0.0000
vt -155.4962 22.8126 0.0000
vt -156.8703 23.4397 0.0000
vt -160.7314 19.4092 0.0000
vt -161.0171 19.0169 0.0000
vt -160.2316 18.2780 0.0000
vt -157.5294 20.5107 0.0000
vt -158.3304 21.2642 0.0000
vt -158.6147 20.7892 0.0000
vt -159.5362 19.5904 0.0000
vt -159.8846 19.3215 0.0000
vt -160.3196 19.2556 0.0000
vt 162.5297 16.8324 0.0000
vt 160.9722 18.9753 0.0000
vt 160.1837 18.2346 0.0000
vt 162.2250 16.5463 0.0000
vt 158.2262 21.4860 0.0000
vt 157.4258 20.7319 0.0000
vt 160.1231 18.5060 0.0000
vt 160.9105 19.2478 0.0000
vt 160.6321 19.6294 0.0000
vt 160.2202 19.4756 0.0000
vt 159.7848 19.5416 0.0000
vt 159.4356 19.8108 0.0000
vt 158.5115 21.0106 0.0000
vt 158.6915 24.7137 0.0000
vt 159.6516 25.2500 0.0000
vt 158.9163 27.0607 0.0000
vt 158.7942 26.8694 0.0000
vt 157.7861 25.7423 0.0000
vt -159.4621 25.5418 0.0000
vt -160.1782 23.7467 0.0000
vt -159.2155 23.2150 0.0000
vt -158.3223 24.2348 0.0000
vt -159.3385 25.3522 0.0000
vt -159.7055 22.1736 0.0000
vt -160.6688 22.7041 0.0000
vt -161.9621 19.4461 0.0000
vt -161.0174 18.9259 0.0000
vt -160.7319 19.3184 0.0000
vt -161.0048 19.6630 0.0000
vt -161.0759 20.0972 0.0000
vt -160.9272 20.5115 0.0000
vt -160.0700 21.7570 0.0000
vt 162.8864 17.0100 0.0000
vt 161.9108 19.4729 0.0000
vt 160.9629 18.9516 0.0000
vt 162.5201 16.8086 0.0000
vt 160.6878 19.4857 0.0000
vt 160.9658 19.1037 0.0000
vt 161.9131 19.6262 0.0000
vt 160.6199 22.8755 0.0000
vt 159.6570 22.3444 0.0000
vt 160.0222 21.9273 0.0000
vt 160.8815 20.6802 0.0000
vt 161.0308 20.2654 0.0000
vt 160.9603 19.8307 0.0000
vt 159.4509 27.0708 0.0000
vt 161.7074 27.6658 0.0000
vt 161.4258 29.7324 0.0000
vt 160.7528 29.5550 0.0000
vt 160.2200 28.2928 0.0000
vt 160.2961 31.6099 0.0000
vt 160.9677 31.7925 0.0000
vt 160.8051 32.8942 0.0000
vt -160.7142 33.2348 0.0000
vt -160.8773 32.1324 0.0000
vt -160.2056 31.9497 0.0000
vt -160.8566 29.0491 0.0000
vt -161.5300 29.2251 0.0000
vt -161.8023 27.1761 0.0000
vt -159.5444 26.5861 0.0000
vt -160.3185 27.7977 0.0000
vt -162.7294 21.5684 0.0000
vt -162.9809 19.5876 0.0000
vt -161.9364 19.3190 0.0000
vt -160.6454 22.5779 0.0000
vt -162.3035 23.0043 0.0000
vt 162.9171 27.6463 0.0000
vt 161.9745 27.6463 0.0000
vt 162.2292 25.5762 0.0000
vt 162.5735 25.5762 0.0000
vt -164.2507 21.4314 0.0000
vt -164.0008 19.4504 0.0000
vt -162.9225 19.4504 0.0000
vt -162.6726 21.4314 0.0000
vt -162.8693 20.7664 0.0000
vt -163.4617 20.7946 0.0000
vt -164.0540 20.7664 0.0000
vt 162.2934 23.0722 0.0000
vt 160.6356 22.6452 0.0000
vt 161.9242 19.3941 0.0000
vt 162.9718 19.6639 0.0000
vt 162.7206 21.6342 0.0000
vt -165.0807 28.7358 0.0000
vt -164.9487 27.6293 0.0000
vt -164.0062 27.6293 0.0000
vt -163.8897 28.3530 0.0000
vt -163.7234 28.5859 0.0000
vt -163.4617 28.6776 0.0000
vt -163.1999 28.5859 0.0000
vt -163.0336 28.3530 0.0000
vt -162.9171 27.6293 0.0000
vt -161.9745 27.6293 0.0000
vt -161.8426 28.7358 0.0000
vt -162.1378 29.4381 0.0000
vt -163.4617 29.4381 0.0000
vt -164.7855 29.4381 0.0000
vt -166.7765 18.2556 0.0000
vt -166.3269 17.8917 0.0000
vt -167.3543 17.3450 0.0000
vt -166.8263 17.1047 0.0000
vt -167.6875 16.3194 0.0000
vt -167.1143 16.2182 0.0000
vt -167.7553 15.2432 0.0000
vt -167.1729 15.2879 0.0000
vt -167.5532 14.1839 0.0000
vt -166.9982 14.3723 0.0000
vt -160.9161 12.8107 0.0000
vt -160.5167 12.3772 0.0000
vt -159.8293 13.2081 0.0000
vt -160.3220 13.5289 0.0000
vt -164.0008 19.7815 0.0000
vt -163.9277 19.2106 0.0000
vt -162.9956 19.2106 0.0000
vt -162.9225 19.7815 0.0000
vt -161.6702 12.2628 0.0000
vt -161.3891 11.7433 0.0000
vt -162.5369 11.9196 0.0000
vt -162.3918 11.3464 0.0000
vt -163.4617 11.8028 0.0000
vt -163.4617 11.2112 0.0000
vt -164.5315 11.3464 0.0000
vt -164.3864 11.9196 0.0000
vt -165.2531 12.2628 0.0000
vt -166.0072 12.8107 0.0000
vt -166.6013 13.5289 0.0000
vt -159.9251 14.3723 0.0000
vt -163.4617 14.2143 0.0000
vt -163.1366 14.2554 0.0000
vt -162.8320 14.3760 0.0000
vt -159.7504 15.2879 0.0000
vt -162.5669 14.5686 0.0000
vt -162.3581 14.8210 0.0000
vt -162.2186 15.1175 0.0000
vt -162.1572 15.4393 0.0000
vt -159.8089 16.2182 0.0000
vt -162.1777 15.7663 0.0000
vt -162.2790 16.0779 0.0000
vt -162.4545 16.3545 0.0000
vt -160.0970 17.1047 0.0000
vt -162.6934 16.5788 0.0000
vt -162.9805 16.7367 0.0000
vt -163.2978 16.8181 0.0000
vt -163.6255 16.8181 0.0000
vt -163.7867 14.2554 0.0000
vt -164.0913 14.3760 0.0000
vt -164.3564 14.5686 0.0000
vt -164.5652 14.8210 0.0000
vt -164.7047 15.1175 0.0000
vt -164.7661 15.4393 0.0000
vt -164.7456 15.7663 0.0000
vt -164.6443 16.0779 0.0000
vt -164.4688 16.3545 0.0000
vt -164.2299 16.5788 0.0000
vt -163.9428 16.7367 0.0000
vt -160.5964 17.8917 0.0000
vt -161.2759 18.5298 0.0000
vt -162.0928 18.9788 0.0000
vt -165.5342 11.7433 0.0000
vt -166.4066 12.3772 0.0000
vt -167.0940 13.2081 0.0000
vt -159.3701 14.1839 0.0000
vt -159.1680 15.2432 0.0000
vt -159.2357 16.3194 0.0000
vt -159.5690 17.3450 0.0000
vt -160.1468 18.2556 0.0000
vt -160.9329 18.9938 0.0000
vt -161.8779 19.5133 0.0000
vt 12.9281 25.5908 0.0000
vt 12.9281 25.9184 0.0000
vt 5.8970 25.9184 0.0000
vt 5.8970 25.5908 0.0000
vt 12.9281 -15.5470 0.0000
vt 12.9281 -15.2194 0.0000
vt 5.8970 -15.2194 0.0000
vt 5.8970 -15.5470 0.0000
vt 12.9281 -55.7182 0.0000
vt 12.9281 -55.3906 0.0000
vt 5.8970 -55.3906 0.0000
vt 5.8970 -55.7182 0.0000
vt 12.9281 -92.3988 0.0000
vt 12.9281 -92.0711 0.0000
vt 5.8970 -92.0711 0.0000
vt 5.8970 -92.3988 0.0000
vt 12.9281 -123.2838 0.0000
vt 12.9281 -122.9562 0.0000
vt 5.8970 -122.9562 0.0000
vt 5.8970 -123.2838 0.0000
vt 12.9281 -146.4328 0.0000
vt 12.9281 -146.1052 0.0000
vt 5.8970 -146.1052 0.0000
vt 5.8970 -146.4328 0.0000
vt 12.9281 -160.3912 0.0000
vt 12.9281 -160.0635 0.0000
vt 5.8970 -160.0635 0.0000
vt 5.8970 -160.3912 0.0000
vt -12.9281 164.2819 0.0000
vt -12.9281 163.9542 0.0000
vt -5.8970 163.9542 0.0000
vt -5.8970 164.2819 0.0000
vt -12.9281 157.8604 0.0000
vt -12.9281 157.5328 0.0000
vt -5.8970 157.5328 0.0000
vt -5.8970 157.8604 0.0000
vt -12.9281 141.5303 0.0000
vt -12.9281 141.2027 0.0000
vt -5.8970 141.2027 0.0000
vt -5.8970 141.5303 0.0000
vt -12.9281 116.3176 0.0000
vt -12.9281 115.9900 0.0000
vt -5.8970 115.9900 0.0000
vt -5.8970 116.3176 0.0000
vt -12.9281 83.8066 0.0000
vt -12.9281 83.4789 0.0000
vt -5.8970 83.4789 0.0000
vt -5.8970 83.8066 0.0000
vt -12.9281 46.0399 0.0000
vt -12.9281 45.7123 0.0000
vt -5.8970 45.7123 0.0000
vt -5.8970 46.0399 0.0000
vt -12.9281 5.3907 0.0000
vt -12.9281 5.0631 0.0000
vt -5.8970 5.0631 0.0000
vt -5.8970 5.3907 0.0000
vt -12.9281 -35.5869 0.0000
vt -12.9281 -35.9145 0.0000
vt -5.8970 -35.9145 0.0000
vt -5.8970 -35.5869 0.0000
vt -12.9281 -74.3182 0.0000
vt -12.9281 -74.6458 0.0000
vt -5.8970 -74.6458 0.0000
vt -5.8970 -74.3182 0.0000
vt -12.9281 -108.3695 0.0000
vt -12.9281 -108.6971 0.0000
vt -5.8970 -108.6971 0.0000
vt -5.8970 -108.3695 0.0000
vt -12.9281 -135.6012 0.0000
vt -12.9281 -135.9289 0.0000
vt -5.8970 -135.9289 0.0000
vt -5.8970 -135.6012 0.0000
vt -12.9281 -154.3024 0.0000
vt -12.9281 -154.6300 0.0000
vt -5.8970 -154.6300 0.0000
vt -5.8970 -154.3024 0.0000
vt -163.2978 12.9281 0.0000
vt -163.6255 12.9281 0.0000
vt -163.6255 5.8970 0.0000
vt -163.2978 5.8970 0.0000
vt 12.9281 162.0224 0.0000
vt 12.9281 162.3500 0.0000
vt 5.8970 162.3500 0.0000
vt 5.8970 162.0224 0.0000
vt 12.9281 150.5562 0.0000
vt 12.9281 150.8838 0.0000
vt 5.8970 150.8838 0.0000
vt 5.8970 150.5562 0.0000
vt 12.9281 129.6197 0.0000
vt 12.9281 129.9474 0.0000
vt 5.8970 129.9474 0.0000
vt 5.8970 129.6197 0.0000
vt 12.9281 100.5285 0.0000
vt 12.9281 100.8561 0.0000
vt 5.8970 100.8561 0.0000
vt 5.8970 100.5285 0.0000
vt 12.9281 65.1103 0.0000
vt 12.9281 65.4380 0.0000
vt 5.8970 65.4380 0.0000
vt 5.8970 65.1103 0.0000
vt 4.2452 119.8586 0.0000
vt 4.2262 119.6325 0.0000
vt 5.2690 119.6325 0.0000
vt 5.2793 119.8586 0.0000
vt 5.2896 120.0177 0.0000
vt 5.4709 121.4440 0.0000
vt 4.4890 121.4440 0.0000
vt 4.2645 120.0177 0.0000
vt 5.2690 2.4898 0.0000
vt 4.2262 2.4898 0.0000
vt 4.2452 2.2637 0.0000
vt 4.2645 2.1046 0.0000
vt 4.4890 0.6783 0.0000
vt 5.4709 0.6783 0.0000
vt 5.2896 2.1046 0.0000
vt 5.2793 2.2637 0.0000
vt -162.0783 23.9311 0.0000
vt -160.4206 23.5035 0.0000
vt -159.7081 25.3000 0.0000
vt -159.7953 25.4336 0.0000
vt -162.0550 26.0165 0.0000
vt -162.2042 24.8514 0.0000
vt -162.0602 23.9920 0.0000
vt -5.0946 -151.7777 0.0000
vt -5.2221 -153.1273 0.0000
vt -4.1389 -153.1273 0.0000
vt -3.9015 -151.7777 0.0000
vt -3.9451 -151.2249 0.0000
vt -5.1252 -151.2249 0.0000
vt 6.0350 142.9070 0.0000
vt 6.2665 143.6328 0.0000
vt 5.3287 143.6328 0.0000
vt 5.0987 142.9070 0.0000
vt 4.7362 141.5739 0.0000
vt 4.4890 140.2264 0.0000
vt 5.4709 140.2264 0.0000
vt 5.6704 141.5739 0.0000
vt 5.0987 -171.9948 0.0000
vt 5.3287 -172.7206 0.0000
vt 6.2665 -172.7206 0.0000
vt 6.0350 -171.9948 0.0000
vt 5.6704 -170.6617 0.0000
vt 5.4709 -169.3142 0.0000
vt 4.4890 -169.3142 0.0000
vt 4.7362 -170.6617 0.0000
vt -5.0946 -127.9558 0.0000
vt -5.1007 -128.0190 0.0000
vt -3.9129 -128.0190 0.0000
vt -3.9015 -127.9558 0.0000
vt -4.0221 -126.4605 0.0000
vt -4.0757 -125.7681 0.0000
vt -5.2169 -125.7681 0.0000
vt -5.1793 -126.4605 0.0000
vt -3.9451 104.1577 0.0000
vt -3.9015 104.7104 0.0000
vt -4.1389 106.0600 0.0000
vt -5.2221 106.0600 0.0000
vt -5.0946 104.7104 0.0000
vt -5.1252 104.1577 0.0000
vt -150.5483 19.5138 0.0000
vt -150.4436 19.1858 0.0000
vt -148.4120 19.5671 0.0000
vt -148.6987 20.4650 0.0000
vt 5.6704 175.4980 0.0000
vt 5.9089 176.1911 0.0000
vt 4.9732 176.1911 0.0000
vt 4.7362 175.4980 0.0000
vt 4.2645 173.4533 0.0000
vt 4.0556 172.2766 0.0000
vt 3.9129 171.4085 0.0000
vt 5.1007 171.4085 0.0000
vt 5.1774 172.2766 0.0000
vt 5.2896 173.4533 0.0000
vt 4.9732 -161.5574 0.0000
vt 5.0496 -161.8332 0.0000
vt 5.9856 -161.8332 0.0000
vt 5.9089 -161.5574 0.0000
vt -5.0496 150.9528 0.0000
vt -4.9732 151.2285 0.0000
vt -5.9089 151.2285 0.0000
vt -5.9856 150.9528 0.0000
vt 5.2153 136.9708 0.0000
vt 5.2169 137.5639 0.0000
vt 4.0757 137.5639 0.0000
vt 4.0734 136.9708 0.0000
vt -5.9089 -159.0772 0.0000
vt -5.9856 -159.3529 0.0000
vt -5.0496 -159.3529 0.0000
vt -4.9732 -159.0772 0.0000
vt -153.8243 17.7053 0.0000
vt -152.6704 17.9245 0.0000
vt -152.7763 18.2521 0.0000
vt -3.9451 -88.8644 0.0000
vt -3.9015 -88.3117 0.0000
vt -4.1389 -86.9621 0.0000
vt -5.2221 -86.9621 0.0000
vt -5.0946 -88.3117 0.0000
vt -5.1252 -88.8644 0.0000
vt -4.9732 164.1721 0.0000
vt -5.9089 164.1721 0.0000
vt -5.6704 163.4790 0.0000
vt -5.2896 161.4342 0.0000
vt -5.1774 160.2576 0.0000
vt -5.1007 159.3895 0.0000
vt -3.9129 159.3895 0.0000
vt -4.0556 160.2576 0.0000
vt -4.2645 161.4342 0.0000
vt -4.7362 163.4790 0.0000
vt -5.0796 164.4461 0.0000
vt -6.0159 164.4461 0.0000
vt -5.9856 164.1703 0.0000
vt -5.0496 164.1703 0.0000
vt -3.9015 171.5190 0.0000
vt -3.9129 171.5822 0.0000
vt -5.1007 171.5822 0.0000
vt -5.0946 171.5190 0.0000
vt -5.1793 170.0237 0.0000
vt -5.2169 169.3313 0.0000
vt -4.0757 169.3313 0.0000
vt -4.0221 170.0237 0.0000
vt -5.2690 108.1183 0.0000
vt -4.2262 108.1183 0.0000
vt -4.2452 108.3445 0.0000
vt -4.2645 108.5036 0.0000
vt -4.4890 109.9299 0.0000
vt -5.4709 109.9299 0.0000
vt -5.2896 108.5036 0.0000
vt -5.2793 108.3445 0.0000
vt -140.6065 23.7502 0.0000
vt -140.9948 25.0159 0.0000
vt -141.3831 26.2815 0.0000
vt -142.1411 26.3578 0.0000
vt -143.1602 25.9071 0.0000
vt -142.8838 25.0060 0.0000
vt -142.1578 25.1068 0.0000
vt -141.8863 25.0162 0.0000
vt -141.7219 24.7928 0.0000
vt -141.7327 24.5156 0.0000
vt -141.9067 24.2884 0.0000
vt -142.5644 23.9648 0.0000
vt -142.2880 23.0637 0.0000
vt -141.1914 23.2620 0.0000
vt 5.0496 -70.8759 0.0000
vt 4.9732 -71.1516 0.0000
vt 5.9089 -71.1516 0.0000
vt 5.9856 -70.8759 0.0000
vt 3.9015 -163.5113 0.0000
vt 4.1389 -164.8610 0.0000
vt 5.2221 -164.8610 0.0000
vt 5.0946 -163.5113 0.0000
vt 5.1252 -162.9586 0.0000
vt 3.9451 -162.9586 0.0000
vt -5.0496 8.6636 0.0000
vt -4.9732 8.9393 0.0000
vt -5.9089 8.9393 0.0000
vt -5.9856 8.6636 0.0000
vt 4.0757 -42.9988 0.0000
vt 4.0734 -43.5918 0.0000
vt 5.2153 -43.5918 0.0000
vt 5.2169 -42.9988 0.0000
vt 5.1007 151.2650 0.0000
vt 3.9129 151.2650 0.0000
vt 3.9015 151.2018 0.0000
vt 4.0221 149.7064 0.0000
vt 4.0757 149.0140 0.0000
vt 5.2169 149.0140 0.0000
vt 5.1793 149.7064 0.0000
vt 5.0946 151.2018 0.0000
vt 162.0317 25.6938 0.0000
vt 161.8760 26.8712 0.0000
vt 159.6179 26.2821 0.0000
vt 159.5314 26.1472 0.0000
vt 160.2543 24.3315 0.0000
vt 161.9108 24.7637 0.0000
vt 161.8924 24.8252 0.0000
vt -154.6835 20.0971 0.0000
vt -153.6200 20.5956 0.0000
vt -154.8663 22.5686 0.0000
vt -155.0201 22.6107 0.0000
vt -156.5125 21.3828 0.0000
vt -155.5982 19.9354 0.0000
vt -155.5458 19.9713 0.0000
vt 147.4366 21.2388 0.0000
vt 147.1523 20.3402 0.0000
vt 149.2028 19.9585 0.0000
vt 149.3066 20.2868 0.0000
vt -168.7172 17.7835 0.0000
vt -166.9101 16.9343 0.0000
vt -166.3329 17.8452 0.0000
vt -169.0358 20.0771 0.0000
vt -169.9521 18.6309 0.0000
vt 6.2665 142.6856 0.0000
vt 5.3287 142.6856 0.0000
vt 5.0946 -47.6368 0.0000
vt 5.1793 -46.1415 0.0000
vt 5.2169 -45.4491 0.0000
vt 4.0757 -45.4491 0.0000
vt 4.0221 -46.1415 0.0000
vt 3.9015 -47.6368 0.0000
vt 3.9129 -47.7000 0.0000
vt 5.1007 -47.7000 0.0000
vt 5.2914 -108.0672 0.0000
vt 5.2914 -108.9994 0.0000
vt 12.9281 -108.9994 0.0000
vt 12.9281 -108.0672 0.0000
vt -5.9089 115.9489 0.0000
vt -4.9732 115.9489 0.0000
vt -5.0496 116.2246 0.0000
vt -5.9856 116.2246 0.0000
vt -5.1793 -119.7051 0.0000
vt -5.2169 -120.3976 0.0000
vt -4.0757 -120.3976 0.0000
vt -4.0221 -119.7051 0.0000
vt -3.9015 -118.2098 0.0000
vt -3.9129 -118.1466 0.0000
vt -5.1007 -118.1466 0.0000
vt -5.0946 -118.2098 0.0000
vt -5.0987 38.1118 0.0000
vt -4.7362 39.4449 0.0000
vt -4.4890 40.7924 0.0000
vt -5.4709 40.7924 0.0000
vt -5.6704 39.4449 0.0000
vt -6.0350 38.1118 0.0000
vt -6.2665 37.3860 0.0000
vt -5.3287 37.3860 0.0000
vt -5.4709 89.0256 0.0000
vt -4.4890 89.0256 0.0000
vt -4.7362 90.3731 0.0000
vt -5.0987 91.7062 0.0000
vt -5.3287 92.4320 0.0000
vt -6.2665 92.4320 0.0000
vt -6.0350 91.7062 0.0000
vt -5.6704 90.3731 0.0000
vt 5.2914 -74.0159 0.0000
vt 5.2914 -74.9481 0.0000
vt 12.9281 -74.9481 0.0000
vt 12.9281 -74.0159 0.0000
vt 12.9281 157.2305 0.0000
vt 12.9281 158.1627 0.0000
vt 5.2914 158.1627 0.0000
vt 5.2914 157.2305 0.0000
vt -12.9281 -56.0205 0.0000
vt -5.2914 -56.0205 0.0000
vt -5.2914 -55.0884 0.0000
vt -12.9281 -55.0884 0.0000
vt -12.9281 -122.6540 0.0000
vt -12.9281 -123.5861 0.0000
vt -5.2914 -123.5861 0.0000
vt -5.2914 -122.6540 0.0000
vt -12.9281 -159.7613 0.0000
vt -12.9281 -160.6934 0.0000
vt -5.2914 -160.6934 0.0000
vt -5.2914 -159.7613 0.0000
vt 4.2645 -159.3029 0.0000
vt 4.4890 -160.7292 0.0000
vt 5.4709 -160.7292 0.0000
vt 5.2896 -159.3029 0.0000
vt 5.2793 -159.1438 0.0000
vt 5.2690 -158.9177 0.0000
vt 4.2262 -158.9177 0.0000
vt 4.2452 -159.1438 0.0000
vt 12.9281 5.6930 0.0000
vt 5.2914 5.6930 0.0000
vt 5.2914 4.7609 0.0000
vt 12.9281 4.7609 0.0000
vt -5.2914 161.7202 0.0000
vt -5.2914 162.6523 0.0000
vt -12.9281 162.6523 0.0000
vt -12.9281 161.7202 0.0000
vt -3.9129 61.4051 0.0000
vt -3.9015 61.4683 0.0000
vt -4.0221 62.9636 0.0000
vt -4.0757 63.6561 0.0000
vt -5.2169 63.6561 0.0000
vt -5.1793 62.9636 0.0000
vt -5.0946 61.4683 0.0000
vt -5.1007 61.4051 0.0000
vt -12.9281 25.2885 0.0000
vt -5.2914 25.2885 0.0000
vt -5.2914 26.2207 0.0000
vt -12.9281 26.2207 0.0000
vt -4.1429 115.0742 0.0000
vt -4.1292 115.5137 0.0000
vt -5.2545 115.5137 0.0000
vt -5.2641 115.0742 0.0000
vt 12.9281 140.9004 0.0000
vt 12.9281 141.8326 0.0000
vt 5.2914 141.8326 0.0000
vt 5.2914 140.9004 0.0000
vt 4.2452 -71.2392 0.0000
vt 4.2262 -71.4653 0.0000
vt 5.2690 -71.4653 0.0000
vt 5.2793 -71.2392 0.0000
vt 5.2896 -71.0801 0.0000
vt 5.4709 -69.6538 0.0000
vt 4.4890 -69.6538 0.0000
vt 4.2645 -71.0801 0.0000
vt 5.2545 159.9134 0.0000
vt 5.2641 160.3529 0.0000
vt 4.1429 160.3529 0.0000
vt 4.1292 159.9134 0.0000
vt 5.9856 105.5403 0.0000
vt 5.0496 105.5403 0.0000
vt 5.0796 105.2646 0.0000
vt 6.0159 105.2646 0.0000
vt 5.2545 -87.7689 0.0000
vt 4.1292 -87.7689 0.0000
vt 4.1429 -88.2083 0.0000
vt 5.2641 -88.2083 0.0000
vt -12.9281 100.2262 0.0000
vt -5.2914 100.2262 0.0000
vt -5.2914 101.1583 0.0000
vt -12.9281 101.1583 0.0000
vt -4.2262 -7.0598 0.0000
vt -4.1389 -5.5501 0.0000
vt -5.2221 -5.5501 0.0000
vt -5.2690 -7.0598 0.0000
vt 5.0796 18.6676 0.0000
vt 5.0496 18.3919 0.0000
vt 5.9856 18.3919 0.0000
vt 6.0159 18.6676 0.0000
vt 5.2349 -7.1482 0.0000
vt 4.1013 -7.1482 0.0000
vt 4.1292 -7.5877 0.0000
vt 5.2545 -7.5877 0.0000
vt 5.1252 -80.0167 0.0000
vt 3.9451 -80.0167 0.0000
vt 4.0663 -81.5263 0.0000
vt 5.2103 -81.5263 0.0000
vt 5.4709 -27.1823 0.0000
vt 4.4890 -27.1823 0.0000
vt 4.7362 -28.5299 0.0000
vt 5.0987 -29.8629 0.0000
vt 5.3287 -30.5888 0.0000
vt 6.2665 -30.5888 0.0000
vt 6.0350 -29.8629 0.0000
vt 5.6704 -28.5299 0.0000
vt -4.1429 157.2981 0.0000
vt -5.2641 157.2981 0.0000
vt -5.2545 156.8587 0.0000
vt -4.1292 156.8587 0.0000
vt 4.7362 -42.5952 0.0000
vt 4.4890 -43.9428 0.0000
vt 5.4709 -43.9428 0.0000
vt 5.6704 -42.5952 0.0000
vt 6.0350 -41.2622 0.0000
vt 6.2665 -40.5364 0.0000
vt 5.3287 -40.5364 0.0000
vt 5.0987 -41.2622 0.0000
vt -5.0946 22.5571 0.0000
vt -5.2221 21.2075 0.0000
vt -4.1389 21.2075 0.0000
vt -3.9015 22.5571 0.0000
vt -3.9451 23.1098 0.0000
vt -5.1252 23.1098 0.0000
vt -4.1013 168.1261 0.0000
vt -5.2349 168.1261 0.0000
vt -5.2545 167.6866 0.0000
vt -4.1292 167.6866 0.0000
vt 5.2169 133.6132 0.0000
vt 4.0757 133.6132 0.0000
vt 4.0221 132.9207 0.0000
vt 3.9015 131.4254 0.0000
vt 3.9129 131.3622 0.0000
vt 5.1007 131.3622 0.0000
vt 5.0946 131.4254 0.0000
vt 5.1793 132.9207 0.0000
vt 4.0663 -114.2198 0.0000
vt 4.1013 -114.6593 0.0000
vt 5.2349 -114.6593 0.0000
vt 5.2103 -114.2198 0.0000
vt 5.9089 2.7274 0.0000
vt 4.9732 2.7274 0.0000
vt 5.0496 2.4517 0.0000
vt 5.9856 2.4517 0.0000
vt 4.1429 21.1979 0.0000
vt 4.1292 20.7584 0.0000
vt 5.2545 20.7584 0.0000
vt 5.2641 21.1979 0.0000
vt -5.2545 -109.1976 0.0000
vt -5.2349 -109.6371 0.0000
vt -4.1013 -109.6371 0.0000
vt -4.1292 -109.1976 0.0000
vt 162.9956 5.2914 0.0000
vt 163.9277 5.2914 0.0000
vt 163.9277 12.9281 0.0000
vt 162.9956 12.9281 0.0000
vt 5.2153 145.4339 0.0000
vt 4.0734 145.4339 0.0000
vt 4.0757 144.8409 0.0000
vt 5.2169 144.8409 0.0000
vt -12.9281 -92.7010 0.0000
vt -5.2914 -92.7010 0.0000
vt -5.2914 -91.7689 0.0000
vt -12.9281 -91.7689 0.0000
vt 5.2896 76.9257 0.0000
vt 5.1774 78.1023 0.0000
vt 5.1007 78.9704 0.0000
vt 3.9129 78.9704 0.0000
vt 4.0556 78.1023 0.0000
vt 4.2645 76.9257 0.0000
vt 4.7362 74.8810 0.0000
vt 4.9732 74.1879 0.0000
vt 5.9089 74.1879 0.0000
vt 5.6704 74.8810 0.0000
vt 4.1013 55.5871 0.0000
vt 4.0663 55.1476 0.0000
vt 5.2103 55.1476 0.0000
vt 5.2349 55.5871 0.0000
vt -6.0350 -144.8540 0.0000
vt -6.2665 -145.5799 0.0000
vt -5.3287 -145.5799 0.0000
vt -5.0987 -144.8540 0.0000
vt -4.7362 -143.5210 0.0000
vt -4.4890 -142.1734 0.0000
vt -5.4709 -142.1734 0.0000
vt -5.6704 -143.5210 0.0000
vt 5.2914 -35.2847 0.0000
vt 5.2914 -36.2168 0.0000
vt 12.9281 -36.2168 0.0000
vt 12.9281 -35.2847 0.0000
vt -5.2641 -154.6010 0.0000
vt -5.2545 -155.0405 0.0000
vt -4.1292 -155.0405 0.0000
vt -4.1429 -154.6010 0.0000
vt 5.0946 126.8459 0.0000
vt 5.2221 128.1955 0.0000
vt 4.1389 128.1955 0.0000
vt 3.9015 126.8459 0.0000
vt 3.9451 126.2932 0.0000
vt 5.1252 126.2932 0.0000
vt -4.7362 154.4710 0.0000
vt -4.4890 155.8186 0.0000
vt -5.4709 155.8186 0.0000
vt -5.6704 154.4710 0.0000
vt -6.0350 153.1380 0.0000
vt -6.2665 152.4122 0.0000
vt -5.3287 152.4122 0.0000
vt -5.0987 153.1380 0.0000
vt 4.9732 54.9696 0.0000
vt 4.7362 54.2765 0.0000
vt 4.2645 52.2317 0.0000
vt 4.0556 51.0551 0.0000
vt 3.9129 50.1870 0.0000
vt 5.1007 50.1870 0.0000
vt 5.1774 51.0551 0.0000
vt 5.2896 52.2317 0.0000
vt 5.6704 54.2765 0.0000
vt 5.9089 54.9696 0.0000
vt 12.9281 116.6199 0.0000
vt 5.2914 116.6199 0.0000
vt 5.2914 115.6877 0.0000
vt 12.9281 115.6877 0.0000
vt -5.2914 150.2540 0.0000
vt -5.2914 151.1861 0.0000
vt -12.9281 151.1861 0.0000
vt -12.9281 150.2540 0.0000
vt 3.9129 -23.7924 0.0000
vt 3.9015 -23.8556 0.0000
vt 4.0221 -25.3509 0.0000
vt 4.0757 -26.0434 0.0000
vt 5.2169 -26.0434 0.0000
vt 5.1793 -25.3509 0.0000
vt 5.0946 -23.8556 0.0000
vt 5.1007 -23.7924 0.0000
vt -12.9281 -145.8029 0.0000
vt -12.9281 -146.7351 0.0000
vt -5.2914 -146.7351 0.0000
vt -5.2914 -145.8029 0.0000
vt 5.2896 152.6593 0.0000
vt 5.2793 152.8184 0.0000
vt 5.2690 153.0445 0.0000
vt 4.2262 153.0445 0.0000
vt 4.2452 152.8184 0.0000
vt 4.2645 152.6593 0.0000
vt 4.4890 151.2330 0.0000
vt 5.4709 151.2330 0.0000
vt -4.2645 17.3909 0.0000
vt -4.2452 17.5500 0.0000
vt -4.2262 17.7761 0.0000
vt -5.2690 17.7761 0.0000
vt -5.2793 17.5500 0.0000
vt -5.2896 17.3909 0.0000
vt -5.4709 15.9646 0.0000
vt -4.4890 15.9646 0.0000
vt 5.2545 104.9954 0.0000
vt 4.1292 104.9954 0.0000
vt 4.1429 104.5559 0.0000
vt 5.2641 104.5559 0.0000
vt 4.0663 14.1082 0.0000
vt 3.9451 12.5986 0.0000
vt 5.1252 12.5986 0.0000
vt 5.2103 14.1082 0.0000
vt -5.1774 -151.2018 0.0000
vt -5.1007 -152.0698 0.0000
vt -3.9129 -152.0698 0.0000
vt -4.0556 -151.2018 0.0000
vt -4.2645 -150.0251 0.0000
vt -4.7362 -147.9804 0.0000
vt -4.9732 -147.2873 0.0000
vt -5.9089 -147.2873 0.0000
vt -5.6704 -147.9804 0.0000
vt -5.2896 -150.0251 0.0000
vt -5.4709 -102.7274 0.0000
vt -4.4890 -102.7274 0.0000
vt -4.7362 -101.3799 0.0000
vt -5.0987 -100.0468 0.0000
vt -5.3287 -99.3210 0.0000
vt -6.2665 -99.3210 0.0000
vt -6.0350 -100.0468 0.0000
vt -5.6704 -101.3799 0.0000
vt 5.2914 84.1088 0.0000
vt 5.2914 83.1767 0.0000
vt 12.9281 83.1767 0.0000
vt 12.9281 84.1088 0.0000
vt -3.9015 155.2336 0.0000
vt -3.9451 155.7864 0.0000
vt -5.1252 155.7864 0.0000
vt -5.0946 155.2336 0.0000
vt -5.2221 153.8840 0.0000
vt -4.1389 153.8840 0.0000
vt 12.9281 163.6520 0.0000
vt 12.9281 164.5841 0.0000
vt 5.2914 164.5841 0.0000
vt 5.2914 163.6520 0.0000
vt 4.1292 -149.4649 0.0000
vt 5.2545 -149.4649 0.0000
vt 5.2641 -149.0255 0.0000
vt 4.1429 -149.0255 0.0000
vt 5.2914 -154.0001 0.0000
vt 5.2914 -154.9323 0.0000
vt 12.9281 -154.9323 0.0000
vt 12.9281 -154.0001 0.0000
vt -12.9281 64.8081 0.0000
vt -5.2914 64.8081 0.0000
vt -5.2914 65.7402 0.0000
vt -12.9281 65.7402 0.0000
vt -5.2169 -117.5025 0.0000
vt -5.2153 -118.0955 0.0000
vt -4.0734 -118.0955 0.0000
vt -4.0757 -117.5025 0.0000
vt -5.2793 -153.0404 0.0000
vt -5.2896 -153.1995 0.0000
vt -5.4709 -154.6258 0.0000
vt -4.4890 -154.6258 0.0000
vt -4.2645 -153.1995 0.0000
vt -4.2452 -153.0404 0.0000
vt -4.2262 -152.8142 0.0000
vt -5.2690 -152.8142 0.0000
vt 4.7362 -117.6115 0.0000
vt 4.9732 -118.3046 0.0000
vt 5.9089 -118.3046 0.0000
vt 5.6704 -117.6115 0.0000
vt 5.2896 -115.5668 0.0000
vt 5.1774 -114.3901 0.0000
vt 5.1007 -113.5221 0.0000
vt 3.9129 -113.5221 0.0000
vt 4.0556 -114.3901 0.0000
vt 4.2645 -115.5668 0.0000
vt -3.9129 120.3548 0.0000
vt -5.1007 120.3548 0.0000
vt -5.1774 119.4867 0.0000
vt -5.2896 118.3101 0.0000
vt -5.6704 116.2654 0.0000
vt -5.9089 115.5723 0.0000
vt -4.9732 115.5723 0.0000
vt -4.7362 116.2654 0.0000
vt -4.2645 118.3101 0.0000
vt -4.0556 119.4867 0.0000
vt 5.2221 160.7482 0.0000
vt 4.1389 160.7482 0.0000
vt 4.2262 159.2386 0.0000
vt 5.2690 159.2386 0.0000
vt 5.2153 -27.8444 0.0000
vt 4.0734 -27.8444 0.0000
vt 4.0757 -28.4374 0.0000
vt 5.2169 -28.4374 0.0000
vt -5.2914 129.3175 0.0000
vt -5.2914 130.2496 0.0000
vt -12.9281 130.2496 0.0000
vt -12.9281 129.3175 0.0000
vt -4.9732 -70.7905 0.0000
vt -4.7362 -70.0973 0.0000
vt -4.2645 -68.0526 0.0000
vt -4.0556 -66.8759 0.0000
vt -3.9129 -66.0079 0.0000
vt -5.1007 -66.0079 0.0000
vt -5.1774 -66.8759 0.0000
vt -5.2896 -68.0526 0.0000
vt -5.6704 -70.0973 0.0000
vt -5.9089 -70.7905 0.0000
vt -4.0663 153.6144 0.0000
vt -5.2103 153.6144 0.0000
vt -5.1252 152.1048 0.0000
vt -3.9451 152.1048 0.0000
vt -12.9281 -15.8493 0.0000
vt -5.2914 -15.8493 0.0000
vt -5.2914 -14.9171 0.0000
vt -12.9281 -14.9171 0.0000
vt -4.2452 156.1624 0.0000
vt -4.2262 156.3885 0.0000
vt -5.2690 156.3885 0.0000
vt -5.2793 156.1624 0.0000
vt -5.2896 156.0033 0.0000
vt -5.4709 154.5770 0.0000
vt -4.4890 154.5770 0.0000
vt -4.2645 156.0033 0.0000
vt 12.9281 46.3422 0.0000
vt 5.2914 46.3422 0.0000
vt 5.2914 45.4101 0.0000
vt 12.9281 45.4101 0.0000
vt 5.2545 156.0312 0.0000
vt 5.2349 156.4707 0.0000
vt 4.1013 156.4707 0.0000
vt 4.1292 156.0312 0.0000
vt 5.4709 140.9486 0.0000
vt 4.4890 140.9486 0.0000
vt 4.7362 139.6011 0.0000
vt 5.0987 138.2680 0.0000
vt 5.3287 137.5422 0.0000
vt 6.2665 137.5422 0.0000
vt 6.0350 138.2680 0.0000
vt 5.6704 139.6011 0.0000
vt 4.1013 -155.1040 0.0000
vt 4.1292 -155.5434 0.0000
vt 5.2545 -155.5434 0.0000
vt 5.2349 -155.1040 0.0000
vt 4.0556 -129.2646 0.0000
vt 3.9129 -130.1326 0.0000
vt 5.1007 -130.1326 0.0000
vt 5.1774 -129.2646 0.0000
vt 5.2896 -128.0879 0.0000
vt 5.6704 -126.0432 0.0000
vt 5.9089 -125.3501 0.0000
vt 4.9732 -125.3501 0.0000
vt 4.7362 -126.0432 0.0000
vt 4.2645 -128.0879 0.0000
vt -5.0946 69.0201 0.0000
vt -5.1793 67.5248 0.0000
vt -5.2169 66.8324 0.0000
vt -4.0757 66.8324 0.0000
vt -4.0221 67.5248 0.0000
vt -3.9015 69.0201 0.0000
vt -3.9129 69.0833 0.0000
vt -5.1007 69.0833 0.0000
vt -5.2690 -84.6849 0.0000
vt -4.2262 -84.6849 0.0000
vt -4.2452 -84.4588 0.0000
vt -4.2645 -84.2997 0.0000
vt -4.4890 -82.8734 0.0000
vt -5.4709 -82.8734 0.0000
vt -5.2896 -84.2997 0.0000
vt -5.2793 -84.4588 0.0000
vt 4.0757 -157.4807 0.0000
vt 5.2169 -157.4807 0.0000
vt 5.1793 -156.7883 0.0000
vt 5.0946 -155.2930 0.0000
vt 5.1007 -155.2298 0.0000
vt 3.9129 -155.2298 0.0000
vt 3.9015 -155.2930 0.0000
vt 4.0221 -156.7883 0.0000
vt 162.1378 5.3287 0.0000
vt 162.1378 6.2665 0.0000
vt -5.1007 -4.7553 0.0000
vt -3.9129 -4.7553 0.0000
vt -4.0556 -3.8873 0.0000
vt -4.2645 -2.7106 0.0000
vt -4.7362 -0.6659 0.0000
vt -4.9732 0.0272 0.0000
vt -5.9089 0.0272 0.0000
vt -5.6704 -0.6659 0.0000
vt -5.2896 -2.7106 0.0000
vt -5.1774 -3.8873 0.0000
vt 3.9451 -6.2775 0.0000
vt 3.9015 -6.8302 0.0000
vt 4.1389 -8.1799 0.0000
vt 5.2221 -8.1799 0.0000
vt 5.0946 -6.8302 0.0000
vt 5.1252 -6.2775 0.0000
vt 5.2349 123.0588 0.0000
vt 5.2545 123.4983 0.0000
vt 4.1292 123.4983 0.0000
vt 4.1013 123.0588 0.0000
vt 5.0946 148.8050 0.0000
vt 5.1252 149.3577 0.0000
vt 3.9451 149.3577 0.0000
vt 3.9015 148.8050 0.0000
vt 4.1389 147.4554 0.0000
vt 5.2221 147.4554 0.0000
vt -5.0796 -88.2723 0.0000
vt -5.0496 -87.9966 0.0000
vt -5.9856 -87.9966 0.0000
vt -6.0159 -88.2723 0.0000
vt 5.2914 -135.2990 0.0000
vt 5.2914 -136.2311 0.0000
vt 12.9281 -136.2311 0.0000
vt 12.9281 -135.2990 0.0000
vt -5.0796 103.9808 0.0000
vt -5.0496 104.2566 0.0000
vt -5.9856 104.2566 0.0000
vt -6.0159 103.9808 0.0000
vt -5.2169 -128.4694 0.0000
vt -4.0757 -128.4694 0.0000
vt -4.0734 -127.8764 0.0000
vt -5.2153 -127.8764 0.0000
vt 5.0946 -62.8975 0.0000
vt 5.2221 -61.5479 0.0000
vt 4.1389 -61.5479 0.0000
vt 3.9015 -62.8975 0.0000
vt 3.9451 -63.4502 0.0000
vt 5.1252 -63.4502 0.0000
vt -5.9856 20.0962 0.0000
vt -5.0496 20.0962 0.0000
vt -5.0796 20.3719 0.0000
vt -6.0159 20.3719 0.0000
vt -156.8546 34.3732 0.0000
vt -160.2193 35.2742 0.0000
vt -160.2576 35.0049 0.0000
vt -156.9561 34.1208 0.0000
vt -178.1597 14.5674 0.0000
vt -177.4969 11.0722 0.0000
vt -177.2136 11.1637 0.0000
vt -177.8626 14.5860 0.0000
vt -161.7200 32.0633 0.0000
vt -165.2033 32.0633 0.0000
vt -165.1706 31.7932 0.0000
vt -161.7527 31.7932 0.0000
vt -154.1510 28.8684 0.0000
vt -157.2641 30.5900 0.0000
vt -157.3746 30.3135 0.0000
vt -154.3264 28.6279 0.0000
vt 144.6603 12.4394 0.0000
vt 145.2870 9.0129 0.0000
vt 145.5468 9.0937 0.0000
vt 144.9319 12.4558 0.0000
vt 3.9517 85.4356 0.0000
vt 3.9517 81.5820 0.0000
vt 14.2034 81.5820 0.0000
vt 14.2034 85.4356 0.0000
vt 3.9517 117.9665 0.0000
vt 3.9517 114.1129 0.0000
vt 14.2034 114.1129 0.0000
vt 14.2034 117.9665 0.0000
vt 3.9517 143.2063 0.0000
vt 3.9517 139.3527 0.0000
vt 14.2034 139.3527 0.0000
vt 14.2034 143.2063 0.0000
vt 152.2821 -18.2664 0.0000
vt 155.3463 -19.7805 0.0000
vt 155.4710 -19.4472 0.0000
vt 152.4711 -17.9648 0.0000
vt -177.1059 17.9245 0.0000
vt -176.0068 21.3079 0.0000
vt -176.7118 21.6414 0.0000
vt -177.8713 18.0723 0.0000
vt 176.9962 10.9809 0.0000
vt 175.4817 7.7619 0.0000
vt 176.1396 7.3463 0.0000
vt 177.7372 10.7420 0.0000
vt 149.2009 14.4567 0.0000
vt 148.4233 14.4096 0.0000
vt 149.1264 10.7233 0.0000
vt 149.8674 10.9623 0.0000
vt 172.2950 27.5022 0.0000
vt 171.8370 26.8701 0.0000
vt 174.4301 24.4347 0.0000
vt 175.0304 24.9330 0.0000
vt 177.0456 21.7498 0.0000
vt 176.3406 21.4164 0.0000
vt 177.4398 18.0330 0.0000
vt 178.2051 18.1807 0.0000
vt 170.3206 2.8903 0.0000
vt 167.0130 1.5805 0.0000
vt 167.2068 0.8276 0.0000
vt 170.6959 2.2093 0.0000
vt -163.4260 0.6883 0.0000
vt -163.4260 1.4656 0.0000
vt -166.9554 1.9116 0.0000
vt -167.1491 1.1587 0.0000
vt -158.3049 28.3053 0.0000
vt -158.0181 29.0315 0.0000
vt -161.6529 29.9649 0.0000
vt -161.7506 29.1902 0.0000
vt 175.4796 7.7535 0.0000
vt 173.2122 5.0122 0.0000
vt 173.7457 4.4461 0.0000
vt 176.1375 7.3379 0.0000
vt -152.7047 24.2399 0.0000
vt -152.1044 24.7383 0.0000
vt -154.8397 27.3074 0.0000
vt -155.2978 26.6754 0.0000
vt 175.0338 24.9234 0.0000
vt 174.4334 24.4251 0.0000
vt 176.3394 21.4213 0.0000
vt 177.0444 21.7547 0.0000
vt -149.4715 10.7891 0.0000
vt -148.7685 14.4754 0.0000
vt -149.5461 14.5226 0.0000
vt -150.2125 11.0281 0.0000
vt -161.6829 29.1666 0.0000
vt -161.5853 29.9413 0.0000
vt -165.3380 29.9413 0.0000
vt -165.2404 29.1666 0.0000
vt 177.6633 14.4793 0.0000
vt 176.9968 10.9848 0.0000
vt 177.7378 10.7459 0.0000
vt 178.4409 14.4321 0.0000
vt 165.3538 30.2750 0.0000
vt 165.2561 29.5003 0.0000
vt 168.7018 28.6154 0.0000
vt 168.9886 29.3416 0.0000
vt -156.4041 2.4529 0.0000
vt -153.3682 4.6589 0.0000
vt -153.9016 5.2251 0.0000
vt -156.7795 3.1338 0.0000
vt 157.9093 29.3760 0.0000
vt 154.6210 27.5679 0.0000
vt 155.0789 26.9358 0.0000
vt 158.1962 28.6499 0.0000
vt 161.5657 30.3044 0.0000
vt 157.9310 29.3709 0.0000
vt 158.2178 28.6448 0.0000
vt 161.6634 29.5296 0.0000
vt -149.7621 17.9604 0.0000
vt -148.9968 18.1082 0.0000
vt -150.1562 21.6773 0.0000
vt -150.8612 21.3438 0.0000
vt -153.4123 4.6100 0.0000
vt -151.0205 7.5018 0.0000
vt -151.6783 7.9174 0.0000
vt -153.9457 5.1762 0.0000
vt -174.1900 24.1791 0.0000
vt -171.5969 26.6145 0.0000
vt -172.0550 27.2466 0.0000
vt -174.7903 24.6774 0.0000
vt 168.9998 29.3245 0.0000
vt 168.7129 28.5984 0.0000
vt 171.8302 26.8843 0.0000
vt 172.2882 27.5164 0.0000
vt 166.9995 1.5623 0.0000
vt 163.4701 1.1164 0.0000
vt 163.4701 0.3390 0.0000
vt 167.1932 0.8094 0.0000
vt -168.6146 28.2760 0.0000
vt -165.1689 29.1608 0.0000
vt -165.2666 29.9356 0.0000
vt -168.9014 29.0021 0.0000
vt -155.2478 26.6286 0.0000
vt -154.7899 27.2607 0.0000
vt -158.0782 29.0688 0.0000
vt -158.3651 28.3427 0.0000
vt 154.5997 27.5630 0.0000
vt 151.8643 24.9939 0.0000
vt 152.4647 24.4955 0.0000
vt 155.0577 26.9310 0.0000
vt 173.2073 4.9988 0.0000
vt 170.3295 2.9075 0.0000
vt 170.7049 2.2266 0.0000
vt 173.7407 4.4327 0.0000
vt -150.8366 21.2885 0.0000
vt -150.1316 21.6220 0.0000
vt -152.1422 24.7907 0.0000
vt -152.7426 24.2924 0.0000
vt -159.8377 1.1128 0.0000
vt -156.3486 2.4945 0.0000
vt -156.7240 3.1755 0.0000
vt -160.0316 1.8657 0.0000
vt -149.5495 14.4663 0.0000
vt -148.7719 14.4192 0.0000
vt -149.0075 18.1645 0.0000
vt -149.7728 18.0168 0.0000
vt -163.4963 0.6730 0.0000
vt -159.7732 1.1434 0.0000
vt -159.9670 1.8963 0.0000
vt -163.4964 1.4503 0.0000
vt -170.4980 2.5113 0.0000
vt -170.1226 3.1922 0.0000
vt -173.0004 5.2835 0.0000
vt -173.5338 4.7173 0.0000
vt -167.0772 1.1549 0.0000
vt -166.8834 1.9077 0.0000
vt -170.1909 3.2175 0.0000
vt -170.5663 2.5366 0.0000
vt -177.3129 14.4587 0.0000
vt -177.0896 18.0091 0.0000
vt -177.8549 18.1568 0.0000
vt -178.0905 14.4115 0.0000
vt -176.0432 21.2333 0.0000
vt -174.1372 24.2371 0.0000
vt -174.7376 24.7355 0.0000
vt -176.7481 21.5668 0.0000
vt -177.3927 10.8117 0.0000
vt -176.6517 11.0506 0.0000
vt -177.3181 14.5451 0.0000
vt -178.0957 14.4980 0.0000
vt 156.5944 2.8482 0.0000
vt 156.2190 2.1672 0.0000
vt 159.7081 0.7856 0.0000
vt 159.9020 1.5384 0.0000
vt -171.6613 26.5772 0.0000
vt -168.5440 28.2912 0.0000
vt -168.8309 29.0174 0.0000
vt -172.1193 27.2092 0.0000
vt 178.2054 18.1789 0.0000
vt 177.4401 18.0311 0.0000
vt 177.6634 14.4807 0.0000
vt 178.4410 14.4336 0.0000
vt -175.8215 7.4960 0.0000
vt -175.1636 7.9116 0.0000
vt -176.6780 11.1306 0.0000
vt -177.4190 10.8916 0.0000
vt 153.6947 4.9404 0.0000
vt 153.1614 4.3742 0.0000
vt 156.1972 2.1682 0.0000
vt 156.5726 2.8491 0.0000
vt 149.8769 10.9337 0.0000
vt 149.1359 10.6947 0.0000
vt 150.7335 7.2990 0.0000
vt 151.3914 7.7147 0.0000
vt -173.4746 4.6703 0.0000
vt -172.9412 5.2364 0.0000
vt -175.2085 7.9777 0.0000
vt -175.8664 7.5621 0.0000
vt 151.4073 7.6932 0.0000
vt 150.7494 7.2776 0.0000
vt 153.1412 4.3858 0.0000
vt 153.6746 4.9520 0.0000
vt 165.3380 30.2917 0.0000
vt 161.5853 30.2917 0.0000
vt 161.6829 29.5170 0.0000
vt 165.2404 29.5170 0.0000
vt 148.6570 18.1865 0.0000
vt 148.4214 14.4412 0.0000
vt 149.1990 14.4884 0.0000
vt 149.4223 18.0388 0.0000
vt 149.8224 21.7857 0.0000
vt 148.6629 18.2166 0.0000
vt 149.4283 18.0689 0.0000
vt 150.5274 21.4523 0.0000
vt 151.8460 24.9787 0.0000
vt 149.8354 21.8100 0.0000
vt 150.5404 21.4765 0.0000
vt 152.4463 24.4803 0.0000
vt -151.0516 7.4487 0.0000
vt -149.4541 10.8444 0.0000
vt -150.1951 11.0833 0.0000
vt -151.7095 7.8644 0.0000
vt 159.9229 1.5470 0.0000
vt 159.7291 0.7942 0.0000
vt 163.4522 0.3237 0.0000
vt 163.4522 1.1011 0.0000
vt -151.1527 -8.5579 0.0000
vt -153.7099 -11.4407 0.0000
vt -153.3180 -11.7209 0.0000
vt -150.8276 -8.9136 0.0000
vt -167.1727 0.3080 0.0000
vt -163.6437 -0.1404 0.0000
vt -163.6432 0.1573 0.0000
vt -167.0987 0.5964 0.0000
vt -157.7884 30.3715 0.0000
vt -161.2328 31.2611 0.0000
vt -161.2708 30.9659 0.0000
vt -157.8982 30.0948 0.0000
vt -146.8629 -3.6117 0.0000
vt -144.6984 -0.8826 0.0000
vt -144.9303 -0.7405 0.0000
vt -147.0542 -3.4183 0.0000
vt -170.7414 2.1503 0.0000
vt -167.4364 0.8341 0.0000
vt -167.3616 1.1222 0.0000
vt -170.5976 2.4110 0.0000
vt -126.4198 -29.0508 0.0000
vt -124.5315 -26.2019 0.0000
vt -124.8465 -26.0361 0.0000
vt -126.6952 -28.8253 0.0000
vt -137.8830 -33.9046 0.0000
vt -135.3511 -31.6087 0.0000
vt -135.6156 -31.3705 0.0000
vt -138.0944 -33.6182 0.0000
vt -141.4020 57.1682 0.0000
vt -144.2202 59.1020 0.0000
vt -144.3910 58.7897 0.0000
vt -141.6319 56.8965 0.0000
vt -129.6469 57.6058 0.0000
vt -131.8653 60.2058 0.0000
vt -132.1115 59.9487 0.0000
vt -129.9396 57.4032 0.0000
vt -120.1655 49.8017 0.0000
vt -121.7146 52.8483 0.0000
vt -122.0140 52.6559 0.0000
vt -120.4974 49.6732 0.0000
vt -114.0236 35.8526 0.0000
vt -114.8846 39.1602 0.0000
vt -115.2183 39.0363 0.0000
vt -114.3753 35.7981 0.0000
vt -111.5602 18.3029 0.0000
vt -111.7322 21.7164 0.0000
vt -112.0841 21.6628 0.0000
vt -111.9156 18.3209 0.0000
vt -165.5301 15.7894 0.0000
vt -161.7201 15.2116 0.0000
vt -161.6981 15.6929 0.0000
vt -165.4084 16.2556 0.0000
vt -174.3873 14.8483 0.0000
vt -172.9548 11.6732 0.0000
vt -172.7221 11.8141 0.0000
vt -174.1277 14.9295 0.0000
vt -167.3390 -0.4903 0.0000
vt -163.8856 -0.9453 0.0000
vt -163.8827 -0.6733 0.0000
vt -167.2713 -0.2268 0.0000
vt -165.0184 14.2614 0.0000
vt -168.2732 13.2183 0.0000
vt -168.1310 12.8921 0.0000
vt -164.9445 13.9132 0.0000
vt -170.7195 4.1639 0.0000
vt -167.5000 2.8344 0.0000
vt -167.4271 3.0965 0.0000
vt -170.5862 4.4011 0.0000
vt 148.8445 14.2308 0.0000
vt 149.5074 10.7356 0.0000
vt 149.7907 10.8271 0.0000
vt 149.1416 14.2494 0.0000
vt -137.3897 38.9447 0.0000
vt -139.1907 42.3515 0.0000
vt -139.5908 42.0830 0.0000
vt -137.8369 38.7653 0.0000
vt 149.0458 18.1150 0.0000
vt 148.8237 14.5644 0.0000
vt 149.1208 14.5830 0.0000
vt 149.3383 18.0595 0.0000
vt -3.9922 3.4043 0.0000
vt -3.9922 6.7504 0.0000
vt -14.1629 6.7504 0.0000
vt -14.1629 3.4043 0.0000
vt -161.4106 -16.1425 0.0000
vt -158.0345 -15.6102 0.0000
vt -158.1250 -15.2660 0.0000
vt -161.4304 -15.7871 0.0000
vt -164.0003 32.0037 0.0000
vt -161.4684 29.7078 0.0000
vt -161.2570 29.9942 0.0000
vt -163.7358 32.2419 0.0000
vt 3.9517 47.6575 0.0000
vt 3.9517 43.8039 0.0000
vt 14.2034 43.8039 0.0000
vt 14.2034 47.6575 0.0000
vt -168.9267 25.0248 0.0000
vt -171.9484 23.2921 0.0000
vt -171.7857 23.0741 0.0000
vt -168.8207 24.7743 0.0000
vt -172.8866 8.6577 0.0000
vt -170.1104 6.5539 0.0000
vt -169.9734 6.7889 0.0000
vt -172.6974 8.8532 0.0000
vt -151.4089 40.5797 0.0000
vt -154.6252 42.7023 0.0000
vt -154.8470 42.2746 0.0000
vt -151.7149 40.2075 0.0000
vt -165.5712 30.3377 0.0000
vt -169.0157 29.4481 0.0000
vt -168.9059 29.1714 0.0000
vt -165.5333 30.0424 0.0000
vt -147.2411 19.0143 0.0000
vt -148.3346 22.3995 0.0000
vt -148.6043 22.2734 0.0000
vt -147.5336 18.9588 0.0000
vt -148.6680 23.0089 0.0000
vt -150.5663 26.0176 0.0000
vt -150.7963 25.8286 0.0000
vt -148.9377 22.8826 0.0000
vt -143.9001 43.1267 0.0000
vt -146.4574 46.0095 0.0000
vt -146.7824 45.6538 0.0000
vt -144.2921 42.8464 0.0000
vt -152.0029 3.1379 0.0000
vt -149.7432 5.8855 0.0000
vt -149.9949 6.0445 0.0000
vt -152.2074 3.3542 0.0000
vt -149.3359 6.4149 0.0000
vt -147.8284 9.6371 0.0000
vt -148.1117 9.7287 0.0000
vt -149.5877 6.5736 0.0000
vt -177.9299 17.9984 0.0000
vt -178.1519 14.4479 0.0000
vt -177.8548 14.4665 0.0000
vt -177.6374 17.9430 0.0000
vt -167.4660 2.4767 0.0000
vt -164.0899 1.9444 0.0000
vt -164.0702 2.2998 0.0000
vt -167.3755 2.8209 0.0000
vt -162.8122 -4.3698 0.0000
vt -159.3588 -3.9147 0.0000
vt -159.4265 -3.6513 0.0000
vt -162.8150 -4.0978 0.0000
vt -142.8607 28.7574 0.0000
vt -144.6713 31.7332 0.0000
vt -144.8850 31.5648 0.0000
vt -143.1084 28.6450 0.0000
vt -161.6829 30.8434 0.0000
vt -165.2404 30.8434 0.0000
vt -165.2033 30.5481 0.0000
vt -161.7200 30.5481 0.0000
vt -159.2241 -4.7058 0.0000
vt -161.4425 -7.3059 0.0000
vt -161.1499 -7.5085 0.0000
vt -158.9780 -4.9629 0.0000
vt -159.2258 -0.4775 0.0000
vt -155.9208 0.8388 0.0000
vt -156.0646 1.0995 0.0000
vt -159.3007 -0.1893 0.0000
vt -163.2493 -0.6172 0.0000
vt -159.7203 -0.1688 0.0000
vt -159.7943 0.1196 0.0000
vt -163.2498 -0.3195 0.0000
vt -163.3991 1.0684 0.0000
vt -166.2173 -0.8653 0.0000
vt -165.9874 -1.1370 0.0000
vt -163.2283 0.7562 0.0000
vt -112.8415 -0.1927 0.0000
vt -112.3251 3.1859 0.0000
vt -112.6805 3.2040 0.0000
vt -113.1861 -0.1038 0.0000
vt -117.8511 -16.9100 0.0000
vt -116.6454 -13.7120 0.0000
vt -116.9894 -13.6206 0.0000
vt -118.1698 -16.7516 0.0000
vt -155.3835 0.7891 0.0000
vt -152.5113 2.8882 0.0000
vt -152.7155 3.1047 0.0000
vt -155.5278 1.0495 0.0000
vt -164.0765 0.3266 0.0000
vt -160.2665 0.9044 0.0000
vt -160.3882 1.3706 0.0000
vt -164.0985 0.8080 0.0000
vt -145.9605 -5.0491 0.0000
vt -147.7616 -8.4559 0.0000
vt -147.3143 -8.6353 0.0000
vt -145.5605 -5.3177 0.0000
vt -154.8225 -3.0596 0.0000
vt -156.3716 -6.1062 0.0000
vt -156.0397 -6.2347 0.0000
vt -154.5231 -3.2520 0.0000
vt -158.4443 -11.9907 0.0000
vt -154.9639 -10.3365 0.0000
vt -155.2151 -9.9253 0.0000
vt -158.6045 -11.5362 0.0000
vt 125.5420 -8.5333 0.0000
vt 126.9484 -12.1210 0.0000
vt 127.3762 -11.8992 0.0000
vt 126.0066 -8.4053 0.0000
vt -3.9922 81.8341 0.0000
vt -3.9922 85.1803 0.0000
vt -14.1629 85.1803 0.0000
vt -14.1629 81.8341 0.0000
vt 3.9922 163.8220 0.0000
vt 3.9922 160.4759 0.0000
vt 14.1629 160.4759 0.0000
vt 14.1629 163.8220 0.0000
vt 142.8605 33.5568 0.0000
vt 144.0663 36.7548 0.0000
vt 143.7223 36.8462 0.0000
vt 142.5418 33.7152 0.0000
vt 165.1706 20.8925 0.0000
vt 161.7527 20.8925 0.0000
vt 161.7886 20.5384 0.0000
vt 165.1347 20.5384 0.0000
vt -3.9922 162.4262 0.0000
vt -3.9922 165.7724 0.0000
vt -14.1629 165.7724 0.0000
vt -14.1629 162.4262 0.0000
vt 3.9922 -90.6773 0.0000
vt 3.9922 -94.0235 0.0000
vt 14.1629 -94.0235 0.0000
vt 14.1629 -90.6773 0.0000
vt 174.2439 8.7160 0.0000
vt 175.7513 11.9382 0.0000
vt 175.4680 12.0298 0.0000
vt 173.9920 8.8747 0.0000
vt 153.2709 27.5452 0.0000
vt 154.6773 31.1330 0.0000
vt 154.2127 31.2610 0.0000
vt 152.8432 27.7671 0.0000
vt -3.9922 -76.2816 0.0000
vt -3.9922 -72.9354 0.0000
vt -14.1629 -72.9354 0.0000
vt -14.1629 -76.2816 0.0000
vt 151.3093 20.3094 0.0000
vt 151.9140 24.1152 0.0000
vt 151.4329 24.1406 0.0000
vt 150.8439 20.4344 0.0000
vt 124.3307 35.8211 0.0000
vt 123.3239 32.1014 0.0000
vt 123.7996 32.0249 0.0000
vt 124.7801 35.6473 0.0000
vt 121.8952 5.5975 0.0000
vt 122.5000 1.7917 0.0000
vt 122.9653 1.9167 0.0000
vt 122.3764 5.6229 0.0000
vt 141.0304 -22.8139 0.0000
vt 143.9345 -25.3469 0.0000
vt 144.2115 -24.9526 0.0000
vt 141.3834 -22.4859 0.0000
vt -140.2099 8.0844 0.0000
vt -139.5833 11.5108 0.0000
vt -139.8548 11.5272 0.0000
vt -140.4697 8.1651 0.0000
vt 3.9517 -72.6802 0.0000
vt 3.9517 -76.5338 0.0000
vt 14.2034 -76.5338 0.0000
vt 14.2034 -72.6802 0.0000
vt -169.2125 28.9732 0.0000
vt -172.3256 27.2517 0.0000
vt -172.1502 27.0112 0.0000
vt -169.1020 28.6968 0.0000
vt -3.9517 -94.2758 0.0000
vt -3.9517 -90.4222 0.0000
vt -14.2034 -90.4222 0.0000
vt -14.2034 -94.2758 0.0000
vt -140.9892 14.4047 0.0000
vt -141.1908 10.5564 0.0000
vt -140.7096 10.5817 0.0000
vt -140.5132 14.3292 0.0000
vt -3.9517 98.6405 0.0000
vt -3.9517 102.4940 0.0000
vt -14.2034 102.4940 0.0000
vt -14.2034 98.6405 0.0000
vt 3.9517 159.5689 0.0000
vt 3.9517 155.7153 0.0000
vt 14.2034 155.7153 0.0000
vt 14.2034 159.5689 0.0000
vt 3.9517 -133.9096 0.0000
vt 3.9517 -137.7632 0.0000
vt 14.2034 -137.7632 0.0000
vt 14.2034 -133.9096 0.0000
vt -167.7580 20.2093 0.0000
vt -164.6939 18.6952 0.0000
vt -164.5691 19.0285 0.0000
vt -167.5690 20.5109 0.0000
vt 3.9517 -106.7079 0.0000
vt 3.9517 -110.5614 0.0000
vt 14.2034 -110.5614 0.0000
vt 14.2034 -106.7079 0.0000
vt 3.9517 -33.9647 0.0000
vt 3.9517 -37.8183 0.0000
vt 14.2034 -37.8183 0.0000
vt 14.2034 -33.9647 0.0000
vt -3.9517 -57.6152 0.0000
vt -3.9517 -53.7616 0.0000
vt -14.2034 -53.7616 0.0000
vt -14.2034 -57.6152 0.0000
vt -3.9517 127.7554 0.0000
vt -3.9517 131.6090 0.0000
vt -14.2034 131.6090 0.0000
vt -14.2034 127.7554 0.0000
vt 3.9517 166.0263 0.0000
vt 3.9517 162.1727 0.0000
vt 14.2034 162.1727 0.0000
vt 14.2034 166.0263 0.0000
vt -3.9517 148.7219 0.0000
vt -3.9517 152.5755 0.0000
vt -14.2034 152.5755 0.0000
vt -14.2034 148.7219 0.0000
vt -173.9317 17.3227 0.0000
vt -174.1414 13.8458 0.0000
vt -173.8699 13.8622 0.0000
vt -173.6641 17.2738 0.0000
vt -150.6003 39.4814 0.0000
vt -148.4136 36.3083 0.0000
vt -148.0477 36.6217 0.0000
vt -150.1771 39.7118 0.0000
vt -171.0742 21.8955 0.0000
vt -173.5626 19.4581 0.0000
vt -173.3503 19.2881 0.0000
vt -170.9086 21.6797 0.0000
vt -174.2965 16.3810 0.0000
vt -173.6699 12.9545 0.0000
vt -173.4101 13.0353 0.0000
vt -174.0250 16.3974 0.0000
vt -161.5349 17.6537 0.0000
vt -165.3884 17.6537 0.0000
vt -165.3380 17.1745 0.0000
vt -161.5853 17.1745 0.0000
vt -151.2751 24.8677 0.0000
vt -150.7587 21.4891 0.0000
vt -150.4140 21.5780 0.0000
vt -150.9196 24.8858 0.0000
vt 153.0794 2.2541 0.0000
vt 152.0726 5.9738 0.0000
vt 151.6232 5.8000 0.0000
vt 152.6036 2.1776 0.0000
vt 158.7317 42.0521 0.0000
vt 155.0491 40.9170 0.0000
vt 155.2384 40.4739 0.0000
vt 158.8247 41.5793 0.0000
vt -3.9922 139.6053 0.0000
vt -3.9922 142.9515 0.0000
vt -14.1629 142.9515 0.0000
vt -14.1629 139.6053 0.0000
vt 3.9922 66.8047 0.0000
vt 3.9922 63.4586 0.0000
vt 14.1629 63.4586 0.0000
vt 14.1629 66.8047 0.0000
vt 3.9922 -13.8573 0.0000
vt 3.9922 -17.2035 0.0000
vt 14.1629 -17.2035 0.0000
vt 14.1629 -13.8573 0.0000
vt 3.9922 -144.6511 0.0000
vt 3.9922 -147.9972 0.0000
vt 14.1629 -147.9972 0.0000
vt 14.1629 -144.6511 0.0000
vt 150.2003 21.7969 0.0000
vt 149.1068 18.4117 0.0000
vt 149.3993 18.3562 0.0000
vt 150.4700 21.6708 0.0000
vt 152.2244 24.9714 0.0000
vt 150.3262 21.9627 0.0000
vt 150.5958 21.8365 0.0000
vt 152.4544 24.7825 0.0000
vt 138.9435 52.6749 0.0000
vt 136.3863 49.7921 0.0000
vt 136.7782 49.5118 0.0000
vt 139.2686 52.3192 0.0000
vt -156.9090 37.9660 0.0000
vt -154.0048 35.4330 0.0000
vt -153.7278 35.8273 0.0000
vt -156.5560 38.2940 0.0000
vt -3.9922 -110.3089 0.0000
vt -3.9922 -106.9628 0.0000
vt -14.1629 -106.9628 0.0000
vt -14.1629 -110.3089 0.0000
vt -151.6494 4.1556 0.0000
vt -152.5104 0.8480 0.0000
vt -152.1587 0.7935 0.0000
vt -151.3157 4.0317 0.0000
vt -153.1534 47.8171 0.0000
vt -156.4082 48.8602 0.0000
vt -156.4821 48.5120 0.0000
vt -153.2956 47.4909 0.0000
vt -173.7477 4.7081 0.0000
vt -170.8755 2.6090 0.0000
vt -170.7312 2.8694 0.0000
vt -173.5435 4.9247 0.0000
vt 151.2574 7.1309 0.0000
vt 153.5171 4.3833 0.0000
vt 153.7217 4.5996 0.0000
vt 151.5091 7.2898 0.0000
vt 149.6043 10.4679 0.0000
vt 151.1117 7.2456 0.0000
vt 151.3635 7.4044 0.0000
vt 149.8875 10.5595 0.0000
vt 176.1952 14.3255 0.0000
vt 175.9731 17.8760 0.0000
vt 175.6806 17.8206 0.0000
vt 175.8981 14.3441 0.0000
vt -150.3908 14.3759 0.0000
vt -150.5629 10.9624 0.0000
vt -150.2074 10.9804 0.0000
vt -150.0389 14.3223 0.0000
vt 162.3979 12.6753 0.0000
vt 165.7741 13.2076 0.0000
vt 165.6835 13.5518 0.0000
vt 162.3782 13.0306 0.0000
vt -3.9922 114.3653 0.0000
vt -3.9922 117.7114 0.0000
vt -14.1629 117.7114 0.0000
vt -14.1629 114.3653 0.0000
vt 160.0330 1.2023 0.0000
vt 163.4864 0.7473 0.0000
vt 163.4893 1.0193 0.0000
vt 160.1007 1.4658 0.0000
vt 149.0806 29.0504 0.0000
vt 147.2700 26.0747 0.0000
vt 147.5177 25.9622 0.0000
vt 149.2943 28.8821 0.0000
vt 165.2404 28.8829 0.0000
vt 161.6829 28.8829 0.0000
vt 161.7200 28.5875 0.0000
vt 165.2033 28.5875 0.0000
vt 153.1783 -14.3570 0.0000
vt 150.9599 -11.7569 0.0000
vt 150.7138 -12.0140 0.0000
vt 152.8857 -14.5596 0.0000
vt 156.6462 2.6602 0.0000
vt 159.9512 1.3440 0.0000
vt 160.0261 1.6321 0.0000
vt 156.7900 2.9209 0.0000
vt 159.9674 1.7762 0.0000
vt 163.4965 1.3277 0.0000
vt 163.4969 1.6254 0.0000
vt 160.0414 2.0645 0.0000
vt 160.0711 -9.8229 0.0000
vt 157.2529 -7.8891 0.0000
vt 157.0821 -8.2014 0.0000
vt 159.8412 -10.0946 0.0000
vt 123.0638 4.8272 0.0000
vt 123.5802 1.4486 0.0000
vt 123.9248 1.5376 0.0000
vt 123.4193 4.8453 0.0000
vt 3.9922 27.2781 0.0000
vt 3.9922 23.9320 0.0000
vt 14.1629 23.9320 0.0000
vt 14.1629 27.2781 0.0000
vt 126.8103 -9.8795 0.0000
vt 128.0161 -13.0776 0.0000
vt 128.3348 -12.9191 0.0000
vt 127.1543 -9.7881 0.0000
vt 3.9922 -54.0169 0.0000
vt 3.9922 -57.3631 0.0000
vt 14.1629 -57.3631 0.0000
vt 14.1629 -54.0169 0.0000
vt 153.6681 4.4711 0.0000
vt 156.5403 2.3720 0.0000
vt 156.6846 2.6324 0.0000
vt 153.8723 4.6877 0.0000
vt 158.7605 -9.0262 0.0000
vt 162.5705 -9.6040 0.0000
vt 162.5925 -9.1227 0.0000
vt 158.8822 -8.5600 0.0000
vt 156.6413 -3.7617 0.0000
vt 154.8402 -0.3548 0.0000
vt 154.4402 -0.6234 0.0000
vt 156.1940 -3.9410 0.0000
vt 146.6881 -11.0300 0.0000
vt 145.1390 -7.9833 0.0000
vt 144.8396 -8.1758 0.0000
vt 146.3562 -11.1585 0.0000
vt 150.6522 -19.4081 0.0000
vt 154.1327 -21.0623 0.0000
vt 154.2928 -20.6079 0.0000
vt 150.9035 -18.9969 0.0000
vt 169.4576 13.3696 0.0000
vt 168.4216 16.6953 0.0000
vt 168.1735 16.5837 0.0000
vt 169.1900 13.3205 0.0000
vt 3.9922 -158.5731 0.0000
vt 3.9922 -161.9192 0.0000
vt 14.1629 -161.9192 0.0000
vt 14.1629 -158.5731 0.0000
vt 169.8651 13.9799 0.0000
vt 168.0546 16.9557 0.0000
vt 167.8409 16.7874 0.0000
vt 169.6174 13.8675 0.0000
vt -3.9922 -156.1765 0.0000
vt -3.9922 -152.8304 0.0000
vt -14.1629 -152.8304 0.0000
vt -14.1629 -156.1765 0.0000
vt 3.9922 152.3209 0.0000
vt 3.9922 148.9747 0.0000
vt 14.1629 148.9747 0.0000
vt 14.1629 152.3209 0.0000
vt 172.2671 6.2602 0.0000
vt 174.5268 9.0078 0.0000
vt 174.2751 9.1668 0.0000
vt 172.0625 6.4765 0.0000
vt 165.4977 0.6640 0.0000
vt 162.2814 2.7866 0.0000
vt 162.0595 2.3589 0.0000
vt 165.1916 0.2918 0.0000
vt 161.2238 -4.7753 0.0000
vt 158.6665 -1.8925 0.0000
vt 158.3415 -2.2482 0.0000
vt 160.8318 -5.0556 0.0000
vt 163.3965 1.8045 0.0000
vt 166.9256 2.2530 0.0000
vt 166.8516 2.5413 0.0000
vt 163.3961 2.1022 0.0000
vt -3.9922 -137.5103 0.0000
vt -3.9922 -134.1642 0.0000
vt -14.1629 -134.1642 0.0000
vt -14.1629 -137.5103 0.0000
vt 161.7231 29.3628 0.0000
vt 158.2787 28.4733 0.0000
vt 158.3885 28.1965 0.0000
vt 161.7610 29.0676 0.0000
vt 148.7422 2.3246 0.0000
vt 150.9067 -0.4045 0.0000
vt 151.0980 -0.2110 0.0000
vt 148.9741 2.4668 0.0000
vt 166.7110 2.6555 0.0000
vt 170.0160 3.9717 0.0000
vt 169.8722 4.2324 0.0000
vt 166.6362 2.9436 0.0000
vt 133.5864 -20.2000 0.0000
vt 135.4747 -23.0489 0.0000
vt 135.7501 -22.8234 0.0000
vt 133.9014 -20.0343 0.0000
vt 3.9922 -121.5350 0.0000
vt 3.9922 -124.8812 0.0000
vt 14.1629 -124.8812 0.0000
vt 14.1629 -121.5350 0.0000
vt 142.6486 -23.5612 0.0000
vt 145.1805 -25.8571 0.0000
vt 145.3918 -25.5707 0.0000
vt 142.9130 -23.3230 0.0000
vt 150.3664 50.1444 0.0000
vt 147.5482 48.2107 0.0000
vt 147.7781 47.9389 0.0000
vt 150.5372 49.8321 0.0000
vt 140.1295 53.1547 0.0000
vt 137.9111 50.5547 0.0000
vt 138.2037 50.3521 0.0000
vt 140.3756 52.8976 0.0000
vt 3.9517 7.0059 0.0000
vt 3.9517 3.1524 0.0000
vt 14.2034 3.1524 0.0000
vt 14.2034 7.0059 0.0000
vt 131.3981 47.9245 0.0000
vt 129.8490 44.8779 0.0000
vt 130.1809 44.7494 0.0000
vt 131.6975 47.7321 0.0000
vt 125.3977 36.4233 0.0000
vt 124.5366 33.1157 0.0000
vt 124.8883 33.0612 0.0000
vt 125.7313 36.2994 0.0000
vt 122.5819 21.1695 0.0000
vt 122.4098 17.7560 0.0000
vt 122.7653 17.7739 0.0000
vt 122.9338 21.1159 0.0000
vt 3.9922 102.2388 0.0000
vt 3.9922 98.8927 0.0000
vt 14.1629 98.8927 0.0000
vt 14.1629 102.2388 0.0000
vt 163.2261 5.2809 0.0000
vt 167.0361 5.8587 0.0000
vt 166.9144 6.3250 0.0000
vt 163.2041 5.7623 0.0000
vt 168.2502 13.7957 0.0000
vt 169.6826 16.9708 0.0000
vt 169.4230 17.0520 0.0000
vt 168.0175 13.9366 0.0000
vt 163.2113 4.1717 0.0000
vt 166.6647 4.6267 0.0000
vt 166.5970 4.8902 0.0000
vt 163.2085 4.4437 0.0000
vt 164.9580 2.8731 0.0000
vt 161.7032 3.9161 0.0000
vt 161.6293 3.5680 0.0000
vt 164.8158 2.5468 0.0000
vt 165.5299 7.6049 0.0000
vt 168.7495 8.9344 0.0000
vt 168.6161 9.1716 0.0000
vt 165.4571 7.8670 0.0000
vt 169.7187 4.1919 0.0000
vt 172.5909 6.2910 0.0000
vt 172.3866 6.5076 0.0000
vt 169.5743 4.4523 0.0000
vt 160.6068 27.8634 0.0000
vt 163.5110 30.3964 0.0000
vt 163.1580 30.7244 0.0000
vt 160.3298 28.2577 0.0000
vt 159.7234 38.5149 0.0000
vt 156.4686 37.4719 0.0000
vt 156.6108 37.1456 0.0000
vt 159.7973 38.1668 0.0000
vt 141.9974 -1.8889 0.0000
vt 141.1363 1.4187 0.0000
vt 140.8027 1.2948 0.0000
vt 141.6457 -1.9434 0.0000
vt 139.7132 10.4155 0.0000
vt 139.5411 13.8290 0.0000
vt 139.1893 13.7754 0.0000
vt 139.3577 10.4334 0.0000
vt 130.3110 47.0458 0.0000
vt 128.5100 43.6390 0.0000
vt 128.9572 43.4596 0.0000
vt 130.7111 46.7772 0.0000
vt 168.9895 13.5350 0.0000
vt 168.7798 17.0120 0.0000
vt 168.5122 16.9631 0.0000
vt 168.7180 13.5514 0.0000
vt 156.6841 30.6088 0.0000
vt 158.8708 33.7819 0.0000
vt 158.4476 34.0123 0.0000
vt 156.3181 30.9223 0.0000
vt -3.9922 155.9684 0.0000
vt -3.9922 159.3145 0.0000
vt -14.1629 159.3145 0.0000
vt -14.1629 155.9684 0.0000
vt 169.9511 15.7709 0.0000
vt 167.4626 18.2083 0.0000
vt 167.2970 17.9925 0.0000
vt 169.7388 15.6009 0.0000
vt 168.5928 13.8831 0.0000
vt 169.2195 17.3095 0.0000
vt 168.9479 17.3259 0.0000
vt 168.3330 13.9639 0.0000
vt 165.3884 27.6979 0.0000
vt 161.5349 27.6979 0.0000
vt 161.5853 27.2187 0.0000
vt 165.3380 27.2187 0.0000
vt 140.0199 23.1304 0.0000
vt 140.5363 26.5090 0.0000
vt 140.1808 26.5271 0.0000
vt 139.6753 23.2193 0.0000
vt 149.0927 51.0855 0.0000
vt 145.8764 48.9629 0.0000
vt 146.1824 48.5907 0.0000
vt 149.3145 50.6577 0.0000
vt 159.7264 -4.8793 0.0000
vt 163.1026 -5.4116 0.0000
vt 163.1223 -5.0562 0.0000
vt 159.8170 -4.5351 0.0000
vt -3.9922 44.0558 0.0000
vt -3.9922 47.4020 0.0000
vt -14.1629 47.4020 0.0000
vt -14.1629 44.0558 0.0000
vt 169.3810 18.8147 0.0000
vt 166.3592 20.5474 0.0000
vt 166.2533 20.2969 0.0000
vt 169.2182 18.5967 0.0000
vt -3.9922 -37.5663 0.0000
vt -3.9922 -34.2201 0.0000
vt -14.1629 -34.2201 0.0000
vt -14.1629 -37.5663 0.0000
vt 3.9922 131.3540 0.0000
vt 3.9922 128.0079 0.0000
vt 14.1629 128.0079 0.0000
vt 14.1629 131.3540 0.0000
vt -165.1347 3.9922 0.0000
vt -161.7886 3.9922 0.0000
vt -161.7886 14.1629 0.0000
vt -165.1347 14.1629 0.0000
vt 166.9931 10.6675 0.0000
vt 169.7693 12.7713 0.0000
vt 169.5802 12.9667 0.0000
vt 166.8561 10.9024 0.0000
vt 154.1709 37.7553 0.0000
vt 156.7028 40.0512 0.0000
vt 156.4384 40.2894 0.0000
vt 153.9596 38.0417 0.0000
vt -151.9576 -6.3565 0.0000
vt -149.1815 -4.2527 0.0000
vt -149.3706 -4.0572 0.0000
vt -152.0947 -6.1215 0.0000
vt -151.0326 26.3695 0.0000
vt -153.6187 28.8123 0.0000
vt -153.7946 28.5721 0.0000
vt -151.2624 26.1802 0.0000
vt -3.9517 -125.1338 0.0000
vt -3.9517 -121.2803 0.0000
vt -14.2034 -121.2803 0.0000
vt -14.2034 -125.1338 0.0000
vt -142.8010 1.4186 0.0000
vt -141.3685 4.5937 0.0000
vt -141.6282 4.6750 0.0000
vt -143.0337 1.5595 0.0000
vt -3.9517 -162.1727 0.0000
vt -3.9517 -158.3191 0.0000
vt -14.2034 -158.3191 0.0000
vt -14.2034 -162.1727 0.0000
vt -3.9517 -17.4554 0.0000
vt -3.9517 -13.6019 0.0000
vt -14.2034 -13.6019 0.0000
vt -14.2034 -17.4554 0.0000
vt -146.8269 32.9355 0.0000
vt -149.3153 35.3729 0.0000
vt -149.4809 35.1571 0.0000
vt -147.0392 32.7655 0.0000
vt 3.9517 -152.5762 0.0000
vt 3.9517 -156.4298 0.0000
vt 14.2034 -156.4298 0.0000
vt 14.2034 -152.5762 0.0000
vt -140.2654 22.7000 0.0000
vt -141.3014 26.0256 0.0000
vt -141.5495 25.9141 0.0000
vt -140.5329 22.6509 0.0000
vt -162.6060 29.6015 0.0000
vt -159.1256 27.9473 0.0000
vt -158.9654 28.4018 0.0000
vt -162.3548 30.0127 0.0000
vt -139.3426 15.5018 0.0000
vt -139.5523 18.9788 0.0000
vt -139.8199 18.9299 0.0000
vt -139.6142 15.5182 0.0000
vt -151.6895 34.8096 0.0000
vt -154.7112 36.5423 0.0000
vt -154.8172 36.2917 0.0000
vt -151.8522 34.5916 0.0000
vt 161.5349 3.9517 0.0000
vt 165.3884 3.9517 0.0000
vt 165.3884 14.2034 0.0000
vt 161.5349 14.2034 0.0000
vt -3.9517 160.2226 0.0000
vt -3.9517 164.0762 0.0000
vt -14.2034 164.0762 0.0000
vt -14.2034 160.2226 0.0000
vt -157.4928 -6.5426 0.0000
vt -154.2733 -5.2130 0.0000
vt -154.4066 -4.9759 0.0000
vt -157.5657 -6.2805 0.0000
vt 168.5254 27.5499 0.0000
vt 165.0810 28.4394 0.0000
vt 165.0430 28.1442 0.0000
vt 168.4156 27.2731 0.0000
vt 171.3768 25.5360 0.0000
vt 168.2637 27.2575 0.0000
vt 168.1532 26.9811 0.0000
vt 171.2014 25.2954 0.0000
vt 173.6443 23.0358 0.0000
vt 171.0582 25.4786 0.0000
vt 170.8824 25.2384 0.0000
vt 173.4146 22.8465 0.0000
vt 175.2307 20.2350 0.0000
vt 173.3325 23.2437 0.0000
vt 173.1025 23.0547 0.0000
vt 174.9612 20.1088 0.0000
vt 176.0858 17.2906 0.0000
vt 174.9923 20.6758 0.0000
vt 174.7226 20.5497 0.0000
vt 175.7933 17.2351 0.0000
vt 158.2129 28.8743 0.0000
vt 155.0997 27.1527 0.0000
vt 155.2751 26.9122 0.0000
vt 158.3234 28.5978 0.0000
vt 167.5043 12.3694 0.0000
vt 163.8217 13.5044 0.0000
vt 163.7287 13.0316 0.0000
vt 167.3150 11.9263 0.0000
vt 165.2033 26.9020 0.0000
vt 161.7200 26.9020 0.0000
vt 161.7527 26.6320 0.0000
vt 165.1706 26.6320 0.0000
vt 167.8483 22.7672 0.0000
vt 164.4836 23.6683 0.0000
vt 164.4453 23.3990 0.0000
vt 167.7468 22.5148 0.0000
vt 147.8839 39.1423 0.0000
vt 149.7722 41.9912 0.0000
vt 149.4572 42.1569 0.0000
vt 147.6085 39.3678 0.0000
vt -172.4045 26.9039 0.0000
vt -174.9906 24.4611 0.0000
vt -174.7608 24.2718 0.0000
vt -172.2286 26.6637 0.0000
vt -174.9907 24.2899 0.0000
vt -176.8889 21.2812 0.0000
vt -176.6193 21.1549 0.0000
vt -174.7607 24.1009 0.0000
vt -3.9517 63.2065 0.0000
vt -3.9517 67.0601 0.0000
vt -14.2034 67.0601 0.0000
vt -14.2034 63.2065 0.0000
vt -142.6175 -16.2113 0.0000
vt -140.4308 -13.0382 0.0000
vt -140.8540 -12.8078 0.0000
vt -142.9834 -15.8978 0.0000
vt -3.9517 23.6800 0.0000
vt -3.9517 27.5336 0.0000
vt -14.2034 27.5336 0.0000
vt -14.2034 23.6800 0.0000
vt 175.5706 11.4375 0.0000
vt 176.2335 14.9327 0.0000
vt 175.9364 14.9513 0.0000
vt 175.2874 11.5290 0.0000
vt -136.2998 -8.4554 0.0000
vt -134.8934 -4.8676 0.0000
vt -135.3580 -4.7397 0.0000
vt -136.7275 -8.2335 0.0000
vt -154.2312 32.9224 0.0000
vt -153.0255 29.7243 0.0000
vt -152.7068 29.8828 0.0000
vt -153.8873 33.0138 0.0000
vt -161.7527 31.7560 0.0000
vt -165.1706 31.7560 0.0000
vt -165.1347 31.4019 0.0000
vt -161.7886 31.4019 0.0000
vt -177.5271 11.1075 0.0000
vt -176.0197 7.8852 0.0000
vt -175.7679 8.0440 0.0000
vt -177.2439 11.1990 0.0000
vt -145.3259 34.7987 0.0000
vt -143.9195 31.2109 0.0000
vt -143.4918 31.4327 0.0000
vt -144.8613 34.9266 0.0000
vt -141.9944 25.6915 0.0000
vt -141.3896 21.8857 0.0000
vt -140.9242 22.0107 0.0000
vt -141.5132 25.7169 0.0000
vt -133.0192 29.4772 0.0000
vt -134.0260 33.1970 0.0000
vt -134.4754 33.0231 0.0000
vt -133.4949 29.4007 0.0000
vt -132.4197 3.3680 0.0000
vt -131.8149 7.1738 0.0000
vt -132.2961 7.1992 0.0000
vt -132.8850 3.4930 0.0000
vt -150.5366 -17.7773 0.0000
vt -147.6324 -15.2444 0.0000
vt -147.9854 -14.9163 0.0000
vt -150.8135 -17.3830 0.0000
vt -142.3773 3.3497 0.0000
vt -143.3841 -0.3701 0.0000
vt -142.9083 -0.4466 0.0000
vt -141.9279 3.1758 0.0000
vt -158.0076 31.3184 0.0000
vt -161.6902 32.4535 0.0000
vt -161.7832 31.9807 0.0000
vt -158.1969 30.8753 0.0000
vt 161.5545 30.2886 0.0000
vt 158.1898 29.3876 0.0000
vt 158.2912 29.1352 0.0000
vt 161.5927 30.0193 0.0000
vt 132.1603 -18.7377 0.0000
vt 134.3470 -21.9108 0.0000
vt 134.7130 -21.5973 0.0000
vt 132.5835 -18.5073 0.0000
vt 151.2212 11.0821 0.0000
vt 151.0195 14.9304 0.0000
vt 150.5436 14.8549 0.0000
vt 150.7400 11.1074 0.0000
vt 121.4789 21.2048 0.0000
vt 121.2772 17.3565 0.0000
vt 121.7584 17.3818 0.0000
vt 121.9548 21.1293 0.0000
vt 154.9650 27.3870 0.0000
vt 152.3789 24.9442 0.0000
vt 152.6087 24.7550 0.0000
vt 155.1409 27.1468 0.0000
vt 146.0732 6.7162 0.0000
vt 147.5056 3.5411 0.0000
vt 147.7383 3.6820 0.0000
vt 146.3328 6.7975 0.0000
vt 156.2434 -0.4425 0.0000
vt 159.4629 -1.7721 0.0000
vt 159.5358 -1.5100 0.0000
vt 156.3767 -0.2054 0.0000
vt 152.2988 -0.1391 0.0000
vt 155.0749 -2.2429 0.0000
vt 155.2120 -2.0080 0.0000
vt 152.4879 0.0563 0.0000
vt 157.2786 32.0649 0.0000
vt 154.2569 30.3322 0.0000
vt 154.4196 30.1142 0.0000
vt 157.3846 31.8143 0.0000
vt 152.9269 31.6857 0.0000
vt 150.4384 29.2483 0.0000
vt 150.6508 29.0783 0.0000
vt 153.0925 31.4699 0.0000
vt -3.9517 -148.2503 0.0000
vt -3.9517 -144.3967 0.0000
vt -14.2034 -144.3967 0.0000
vt -14.2034 -148.2503 0.0000
vt -131.3076 16.8308 0.0000
vt -131.5093 20.6791 0.0000
vt -131.9852 20.6037 0.0000
vt -131.7888 16.8561 0.0000
vt -174.0123 12.3127 0.0000
vt -171.8477 9.5836 0.0000
vt -171.6564 9.7771 0.0000
vt -173.7803 12.4549 0.0000
vt -150.5336 -29.5198 0.0000
vt -147.4694 -28.0056 0.0000
vt -147.6584 -27.7040 0.0000
vt -150.6583 -29.1864 0.0000
vt -147.5811 10.3703 0.0000
vt -146.9183 13.8655 0.0000
vt -147.2154 13.8841 0.0000
vt -147.8644 10.4618 0.0000
vt -146.8670 14.6868 0.0000
vt -147.0891 18.2373 0.0000
vt -147.3815 18.1819 0.0000
vt -147.1641 14.7054 0.0000
vt 146.2291 24.4906 0.0000
vt 145.1931 21.1649 0.0000
vt 145.4607 21.1158 0.0000
vt 146.4772 24.3790 0.0000
vt 144.7043 18.6680 0.0000
vt 144.4945 15.1911 0.0000
vt 144.7661 15.2075 0.0000
vt 144.9718 18.6191 0.0000
vt 163.4373 18.8757 0.0000
vt 166.9177 20.5299 0.0000
vt 166.6665 20.9410 0.0000
vt 163.2771 19.3301 0.0000
vt 167.8039 12.7909 0.0000
vt 169.9685 15.5200 0.0000
vt 169.7366 15.6622 0.0000
vt 167.6127 12.9843 0.0000
vt 159.8812 28.4344 0.0000
vt 162.9453 29.9486 0.0000
vt 162.7563 30.2501 0.0000
vt 159.7564 28.7677 0.0000
vt -173.3493 18.2303 0.0000
vt -174.3853 14.9047 0.0000
vt -174.1177 14.8556 0.0000
vt -173.1012 18.1188 0.0000
vt -172.4639 19.6384 0.0000
vt -174.2744 16.6627 0.0000
vt -174.0267 16.5503 0.0000
vt -172.2502 19.4701 0.0000
vt -176.0410 7.7624 0.0000
vt -173.7813 5.0149 0.0000
vt -173.5768 5.2311 0.0000
vt -175.7893 7.9214 0.0000
vt -156.7489 -5.5965 0.0000
vt -159.9652 -7.7191 0.0000
vt -159.6591 -8.0913 0.0000
vt -156.5270 -6.0243 0.0000
vt -160.8632 3.9059 0.0000
vt -164.5458 2.7708 0.0000
vt -164.3564 2.3277 0.0000
vt -160.7702 3.4331 0.0000
vt -176.8579 21.2785 0.0000
vt -177.9514 17.8932 0.0000
vt -177.6590 17.8377 0.0000
vt -176.5883 21.1524 0.0000
vt -165.8187 28.6539 0.0000
vt -169.1834 27.7528 0.0000
vt -169.0820 27.5004 0.0000
vt -165.7805 28.3846 0.0000
vt -158.8271 35.9893 0.0000
vt -156.9388 33.1405 0.0000
vt -156.6635 33.3660 0.0000
vt -158.5122 36.1551 0.0000
# 3384 texture coords

o RuedaTI
g RuedaTI
usemtl wire_204204204
s off
f 1/1/1 2/2/2 3/3/3 
f 4/4/4 5/5/5 6/6/5 7/7/4 
f 8/8/6 9/9/7 10/10/7 11/11/6 
f 12/12/8 13/13/8 14/14/8 15/15/8 
f 16/16/9 17/17/9 10/18/7 9/19/7 
f 18/20/10 19/21/11 20/22/11 21/23/10 
f 22/24/12 23/25/12 24/26/12 25/27/12 
f 26/28/13 27/29/14 28/30/14 29/31/13 
f 30/32/15 31/33/15 32/34/15 33/35/15 
f 34/36/15 35/37/15 31/33/15 30/32/15 
f 36/38/16 37/39/16 38/40/16 39/41/16 
f 40/42/17 41/43/18 42/44/18 43/45/17 
f 44/46/19 45/47/19 46/48/20 47/49/20 
f 48/50/21 49/51/21 50/52/22 51/53/22 
f 52/54/23 53/55/24 54/56/24 55/57/23 
f 56/58/25 57/59/25 58/60/26 59/61/26 
f 60/62/27 61/63/28 62/64/28 63/65/27 
f 64/66/12 65/67/12 22/24/12 25/27/12 
f 66/68/29 67/69/29 68/70/30 69/71/30 
f 59/72/26 58/73/26 70/74/31 71/75/31 
f 72/76/32 73/77/33 74/78/33 75/79/32 
f 76/80/34 77/81/34 78/82/35 79/83/35 
f 80/84/36 47/85/20 46/86/20 81/87/36 
f 82/88/37 60/89/27 63/90/27 83/91/37 
f 37/39/16 84/92/16 85/93/16 38/40/16 
f 53/94/24 86/95/38 87/96/38 54/97/24 
f 19/98/11 88/99/39 89/100/39 20/101/11 
f 90/102/40 89/103/39 88/104/39 91/105/40 
f 27/106/14 40/107/17 43/108/17 28/109/14 
f 16/110/9 92/111/41 93/112/41 17/113/9 
f 94/114/42 95/115/43 96/116/43 97/117/42 
f 98/118/44 99/119/45 100/120/45 101/121/44 
f 102/122/46 18/123/10 21/124/10 103/125/46 
f 104/126/47 105/127/47 106/128/48 107/129/48 
f 108/130/49 109/131/49 110/132/50 111/133/50 
f 112/134/51 113/135/51 114/136/52 115/137/52 
f 116/138/53 117/139/15 118/140/15 119/141/53 
f 118/142/15 117/143/15 120/144/54 121/145/54 
f 97/146/42 80/147/36 81/148/36 94/149/42 
f 122/150/55 123/151/55 124/152/55 125/153/55 
f 109/154/49 108/155/49 126/156/56 127/157/56 
f 128/158/57 129/159/57 113/160/51 112/161/51 
f 130/162/58 131/163/58 72/164/32 75/165/32 
f 132/166/59 133/167/59 77/168/34 76/169/34 
f 127/170/56 126/171/56 90/172/40 91/173/40 
f 134/174/60 135/175/61 136/176/61 137/177/60 
f 138/178/62 139/179/62 140/180/63 141/181/63 
f 142/182/64 143/183/65 144/184/65 145/185/64 
f 146/186/66 147/187/67 148/188/67 149/189/66 
f 150/190/68 151/191/69 152/192/70 153/193/71 154/194/72 155/195/73 156/196/74 
f 157/197/75 158/198/76 159/199/77 160/200/78 161/201/79 162/202/80 163/203/81 
f 164/204/82 165/205/83 166/206/84 
f 166/207/84 165/208/83 167/209/85 168/210/86 
f 84/211/87 37/212/87 36/213/87 169/214/88 170/215/89 171/216/86 172/217/87 130/218/87 75/219/87 74/220/87 173/221/87 168/222/86 167/223/85 174/224/90 
f 175/225/91 176/226/92 177/227/93 178/228/94 
f 179/229/95 180/230/96 181/231/94 
f 182/232/97 183/233/98 184/234/99 185/235/100 165/236/83 164/237/82 186/238/101 
f 187/239/102 188/240/103 189/241/104 190/242/105 191/243/106 192/244/107 193/245/108 
f 194/246/109 188/247/103 187/248/102 
f 195/249/110 196/250/111 188/251/103 194/252/109 
f 197/253/112 13/254/112 12/255/112 198/256/113 196/257/111 195/258/110 199/259/112 200/260/112 201/261/112 202/262/112 203/263/112 204/264/110 205/265/114 206/266/115 
f 207/267/116 208/268/117 209/269/118 210/270/119 
f 211/271/120 208/272/117 207/273/116 
f 212/274/121 213/275/122 214/276/123 215/277/124 216/278/125 217/279/126 218/280/127 
f 219/281/128 220/282/129 221/283/130 222/284/131 223/285/132 224/286/133 225/287/134 
f 226/288/135 227/289/136 220/290/129 228/291/137 
f 228/292/137 220/293/129 219/294/128 
f 229/295/138 230/296/139 231/297/140 232/298/141 
f 233/299/142 234/300/143 235/301/141 
f 236/302/144 237/303/145 238/304/146 239/305/147 240/306/148 241/307/149 242/308/150 
f 243/309/151 244/310/152 245/311/153 
f 245/312/153 244/313/152 246/314/154 247/315/155 
f 248/316/156 249/317/157 250/318/158 251/319/159 
f 251/320/159 250/321/158 252/322/160 
f 253/323/153 254/324/161 255/325/162 
f 256/326/163 244/327/152 243/328/151 257/329/164 258/330/164 259/331/165 260/332/165 
f 261/333/166 246/334/154 244/335/152 256/336/163 262/337/167 
f 263/338/168 246/339/154 261/340/166 
f 264/341/169 249/342/157 265/343/170 
f 266/344/171 250/345/158 249/346/157 264/347/169 267/348/172 
f 268/349/173 269/350/174 270/351/175 271/352/176 252/353/160 250/354/158 266/355/171 
f 270/356/175 269/357/174 272/358/177 273/359/178 274/360/179 
f 275/361/180 276/362/181 277/363/182 278/364/183 
f 279/365/184 280/366/185 276/367/181 275/368/180 
f 281/369/186 276/370/181 280/371/185 259/372/187 258/373/188 
f 260/374/165 259/375/165 282/376/189 143/377/189 142/378/189 
f 283/379/190 269/380/174 268/381/173 145/382/191 144/383/191 
f 284/384/192 285/385/193 272/386/177 269/387/174 283/388/190 132/389/194 76/390/194 79/391/194 286/392/194 
f 287/393/195 288/394/196 280/395/185 279/396/184 
f 282/397/197 259/398/187 280/399/185 288/400/196 289/401/198 290/402/197 78/403/197 77/404/197 133/405/197 
f 291/406/199 292/407/200 293/408/200 135/409/199 134/410/199 
f 238/411/146 237/412/145 294/413/201 137/414/202 136/415/202 
f 294/416/201 237/417/145 295/418/203 285/419/193 284/420/192 296/421/204 83/422/204 63/423/204 62/424/204 
f 297/425/205 298/426/206 288/427/196 287/428/195 
f 289/429/198 288/430/196 298/431/206 292/432/207 291/433/208 61/434/208 60/435/208 82/436/208 299/437/208 
f 300/438/209 231/439/140 301/440/210 293/441/200 292/442/200 302/443/211 303/444/211 
f 301/445/210 231/446/140 230/447/139 304/448/212 305/449/213 
f 304/450/212 230/451/139 306/452/214 
f 307/453/215 308/454/216 309/455/217 
f 309/456/217 308/457/216 240/458/148 239/459/147 310/460/218 
f 311/461/219 312/462/220 298/463/206 297/464/205 
f 302/465/221 292/466/207 298/467/206 312/468/220 313/469/222 
f 232/470/141 231/471/140 300/472/209 
f 235/473/141 234/474/143 314/475/223 315/476/138 
f 306/477/214 230/478/139 229/479/138 316/480/224 317/481/224 318/482/224 319/483/224 320/484/224 315/485/138 314/486/223 321/487/225 23/488/224 22/489/224 65/490/224 
f 322/491/226 227/492/136 226/493/135 323/494/227 324/495/227 325/496/227 326/497/227 327/498/227 328/499/135 308/500/216 307/501/215 64/502/227 25/503/227 24/504/227 
f 329/505/137 240/506/148 308/507/216 328/508/135 
f 241/509/149 240/510/148 329/511/137 
f 330/512/228 331/513/229 332/514/230 333/515/231 334/516/232 335/517/232 336/518/232 
f 337/519/233 338/520/234 312/521/220 311/522/219 
f 313/523/222 312/524/220 338/525/234 339/526/235 340/527/236 341/528/236 342/529/236 
f 343/530/237 234/531/143 233/532/142 344/533/238 345/534/238 346/535/239 347/536/239 
f 348/537/240 314/538/223 234/539/143 343/540/237 349/541/241 
f 321/542/225 314/543/223 348/544/240 
f 350/545/242 227/546/136 322/547/226 
f 221/548/130 220/549/129 227/550/136 350/551/242 351/552/243 
f 224/553/133 223/554/132 352/555/244 331/556/229 330/557/228 
f 353/558/245 354/559/246 338/560/234 337/561/233 355/562/247 
f 339/563/235 338/564/234 354/565/246 346/566/248 345/567/249 
f 347/568/239 346/569/239 356/570/250 99/571/250 98/572/250 
f 357/573/251 223/574/132 222/575/131 101/576/252 100/577/252 
f 358/578/253 359/579/254 352/580/244 223/581/132 357/582/251 86/583/255 53/584/255 52/585/255 360/586/255 
f 361/587/256 362/588/257 354/589/246 353/590/245 
f 356/591/258 346/592/248 354/593/246 362/594/257 363/595/259 364/596/258 55/597/258 54/598/258 87/599/258 
f 365/600/260 366/601/261 367/602/261 50/603/260 49/604/260 
f 214/605/123 213/606/122 368/607/262 48/608/263 51/609/263 
f 369/610/264 370/611/265 371/612/266 372/613/267 
f 373/614/268 371/615/266 370/616/265 374/617/269 375/618/270 
f 376/619/159 377/620/271 378/621/272 379/622/156 
f 380/623/273 377/624/271 376/625/159 
f 278/626/183 277/627/182 381/628/274 382/629/275 
f 383/630/276 374/631/276 384/632/277 385/633/277 386/634/277 
f 152/635/70 151/636/69 387/637/278 138/638/279 141/639/279 
f 388/640/280 389/641/281 370/642/265 369/643/264 
f 390/644/282 391/645/282 392/646/282 393/647/282 394/648/282 361/649/282 353/650/282 355/651/282 337/652/282 311/653/282 297/654/282 287/655/282 279/656/282 275/657/282 278/658/282 382/659/282 395/660/282 396/661/282 397/662/282 398/663/282 399/664/282 400/665/282 388/666/282 369/667/282 372/668/282 401/669/282 402/670/282 
f 403/671/283 277/672/182 276/673/181 281/674/186 128/675/284 112/676/284 115/677/284 
f 404/678/285 405/679/286 406/680/155 95/681/287 94/682/287 81/683/287 46/684/287 45/685/287 247/686/155 246/687/154 263/688/168 123/689/287 122/690/287 407/691/287 
f 408/692/288 170/693/89 169/694/88 
f 162/695/80 161/696/79 409/697/289 410/698/290 411/699/291 
f 159/700/77 158/701/76 170/702/89 408/703/288 412/704/292 
f 413/705/293 414/706/294 415/707/295 
f 285/708/193 416/709/296 417/710/296 272/711/177 
f 415/712/295 414/713/294 180/714/96 418/715/297 419/716/298 
f 375/717/299 374/718/276 383/719/276 418/720/297 180/721/96 179/722/95 420/723/299 
f 421/724/300 422/725/301 371/726/266 373/727/268 423/728/302 424/729/302 425/730/302 
f 372/731/267 371/732/266 422/733/301 401/734/303 
f 411/735/291 410/736/290 426/737/304 427/738/305 428/739/306 429/740/306 430/741/306 
f 431/742/84 158/743/76 157/744/75 
f 171/745/86 170/746/89 158/747/76 431/748/84 
f 432/749/307 176/750/92 175/751/91 433/752/308 73/753/308 72/754/308 131/755/308 434/756/308 435/757/91 414/758/294 413/759/293 39/760/308 38/761/308 85/762/308 
f 181/763/94 180/764/96 414/765/294 435/766/91 
f 178/767/94 177/768/93 436/769/309 
f 437/770/310 438/771/311 439/772/312 422/773/301 421/774/300 
f 401/775/303 422/776/301 439/777/312 402/778/313 
f 427/779/305 426/780/304 440/781/314 183/782/98 182/783/97 
f 441/784/315 167/785/85 165/786/83 185/787/100 442/788/316 
f 174/789/90 167/790/85 441/791/315 
f 443/792/317 176/793/92 432/794/307 
f 444/795/318 177/796/93 176/797/92 443/798/317 445/799/319 
f 436/800/309 177/801/93 444/802/318 446/803/320 438/804/320 437/805/321 447/806/321 
f 448/807/322 449/808/323 439/809/312 438/810/311 450/811/324 451/812/324 452/813/324 453/814/324 454/815/324 
f 402/816/313 439/817/312 449/818/323 390/819/325 
f 455/820/326 183/821/98 440/822/314 456/823/327 457/824/328 458/825/329 459/826/329 460/827/329 461/828/329 
f 184/829/99 183/830/98 455/831/326 462/832/330 463/833/330 
f 450/834/331 438/835/320 446/836/320 464/837/331 465/838/331 
f 466/839/332 467/840/333 468/841/334 449/842/323 448/843/322 469/844/332 70/845/332 58/846/332 57/847/332 
f 390/848/325 449/849/323 468/850/334 391/851/335 
f 457/852/328 456/853/327 470/854/336 191/855/106 471/856/337 56/857/338 59/858/338 71/859/338 472/860/338 
f 471/861/337 191/862/106 190/863/105 147/864/339 146/865/339 
f 473/866/340 467/867/340 466/868/341 149/869/341 148/870/341 
f 474/871/342 475/872/343 468/873/334 467/874/333 476/875/344 
f 391/876/335 468/877/334 475/878/343 392/879/345 
f 192/880/107 191/881/106 470/882/336 477/883/346 478/884/347 
f 189/885/104 188/886/103 196/887/111 479/888/348 480/889/349 
f 479/890/348 196/891/111 198/892/113 
f 481/893/350 209/894/118 482/895/351 
f 482/896/351 209/897/118 208/898/117 483/899/352 484/900/353 
f 476/901/354 467/902/340 473/903/340 483/904/352 208/905/117 211/906/120 485/907/354 
f 486/908/355 487/909/356 475/910/343 474/911/342 488/912/357 489/913/357 490/914/357 
f 392/915/345 475/916/343 487/917/356 393/918/358 
f 478/919/347 477/920/346 491/921/359 492/922/360 493/923/361 494/924/361 495/925/361 
f 217/926/126 216/927/125 496/928/109 
f 496/929/109 216/930/125 205/931/114 204/932/110 
f 497/933/362 498/934/363 499/935/119 500/936/364 501/937/364 502/938/364 503/939/364 504/940/364 210/941/119 209/942/118 481/943/350 15/944/364 14/945/364 505/946/364 
f 499/947/119 498/948/363 506/949/365 507/950/116 
f 507/951/116 506/952/365 508/953/366 
f 509/954/367 366/955/368 510/956/369 487/957/356 486/958/355 
f 393/959/358 487/960/356 510/961/369 394/962/370 
f 492/963/360 491/964/359 511/965/371 213/966/122 212/967/121 
f 512/968/372 205/969/114 216/970/125 215/971/124 513/972/373 
f 206/973/115 205/974/114 512/975/372 
f 514/976/374 498/977/363 497/978/362 
f 515/979/375 506/980/365 498/981/363 514/982/374 516/983/376 
f 508/984/366 506/985/365 515/986/375 367/987/261 366/988/261 509/989/377 517/990/377 
f 363/991/259 362/992/257 510/993/369 366/994/368 365/995/378 92/996/378 16/997/378 9/998/378 8/999/378 
f 394/1000/370 510/1001/369 362/1002/257 361/1003/256 
f 368/1004/262 213/1005/122 511/1006/371 359/1007/254 358/1008/253 11/1009/379 10/1010/379 17/1011/379 93/1012/379 
f 518/1013/380 161/1014/79 160/1015/78 519/1016/381 520/1017/381 
f 91/1018/382 521/1019/383 409/1020/289 161/1021/79 518/1022/380 522/1023/384 110/1024/384 109/1025/384 127/1026/384 
f 387/1027/278 151/1028/69 523/1029/385 521/1030/383 91/1031/382 88/1032/386 19/1033/386 18/1034/386 102/1035/386 
f 384/1036/387 374/1037/269 370/1038/265 389/1039/281 90/1040/388 126/1041/387 108/1042/387 111/1043/387 524/1044/387 
f 525/1045/389 526/1046/390 527/1047/390 140/1048/389 139/1049/389 
f 90/1050/388 389/1051/281 528/1052/391 526/1053/392 525/1054/393 103/1055/393 21/1056/393 20/1057/393 89/1058/393 
f 400/1059/394 528/1060/391 389/1061/281 388/1062/280 
f 529/1063/395 2/1064/2 530/1065/396 531/1066/397 532/1067/398 
f 531/1068/397 530/1069/396 533/1070/399 
f 3/1071/3 2/1072/2 529/1073/395 527/1074/390 526/1075/390 534/1076/400 535/1077/400 
f 536/1078/401 537/1079/402 538/1080/403 
f 538/1081/403 537/1082/402 154/1083/72 153/1084/71 539/1085/404 
f 540/1086/405 541/1087/406 523/1088/385 151/1089/69 150/1090/68 
f 542/1091/407 543/1092/408 544/1093/1 
f 544/1094/1 543/1095/408 545/1096/409 546/1097/410 
f 534/1098/411 526/1099/392 528/1100/391 547/1101/412 548/1102/413 
f 398/1103/414 547/1104/412 528/1105/391 400/1106/394 399/1107/415 
f 533/1108/399 530/1109/396 549/1110/410 550/1111/416 551/1112/416 552/1113/416 7/1114/416 6/1115/416 546/1116/410 545/1117/409 553/1118/417 32/1119/416 31/1120/416 35/1121/416 
f 554/1122/418 555/1123/419 556/1124/420 557/1125/421 
f 557/1126/421 556/1127/420 558/1128/422 
f 559/1129/423 560/1130/424 541/1131/406 540/1132/405 119/1133/425 118/1134/425 121/1135/425 
f 397/1136/426 561/1137/427 547/1138/412 398/1139/414 
f 548/1140/413 547/1141/412 561/1142/427 562/1143/428 120/1144/429 117/1145/429 116/1146/429 
f 563/1147/430 564/1148/431 565/1149/431 566/1150/432 543/1151/408 542/1152/407 567/1153/430 
f 568/1154/433 545/1155/409 543/1156/408 566/1157/432 569/1158/434 
f 553/1159/417 545/1160/409 568/1161/433 
f 570/1162/435 555/1163/419 571/1164/436 
f 572/1165/437 556/1166/420 555/1167/419 570/1168/435 573/1169/438 
f 574/1170/439 575/1171/440 576/1172/441 560/1173/424 559/1174/423 
f 396/1175/442 577/1176/443 561/1177/427 397/1178/426 
f 562/1179/428 561/1180/427 577/1181/443 564/1182/444 563/1183/445 
f 565/1184/431 564/1185/431 578/1186/446 104/1187/446 107/1188/446 
f 579/1189/447 575/1190/440 580/1191/448 106/1192/449 105/1193/449 
f 581/1194/450 582/1195/451 576/1196/441 575/1197/440 579/1198/447 583/1199/452 584/1200/452 585/1201/452 586/1202/452 
f 395/1203/453 587/1204/454 577/1205/443 396/1206/442 
f 578/1207/455 564/1208/444 577/1209/443 587/1210/454 588/1211/456 589/1212/455 590/1213/455 591/1214/455 592/1215/455 
f 593/1216/457 594/1217/458 595/1218/458 68/1219/457 67/1220/457 
f 596/1221/459 597/1222/460 598/1223/461 66/1224/462 69/1225/462 
f 598/1226/461 597/1227/460 599/1228/463 582/1229/451 581/1230/450 29/1231/464 28/1232/464 43/1233/464 42/1234/464 
f 382/1235/275 381/1236/274 587/1237/454 395/1238/453 
f 588/1239/456 587/1240/454 381/1241/274 594/1242/465 593/1243/466 41/1244/466 40/1245/466 27/1246/466 26/1247/466 
f 600/1248/467 254/1249/161 405/1250/286 601/1251/468 602/1252/469 
f 601/1253/468 405/1254/286 404/1255/285 
f 603/1256/470 378/1257/272 604/1258/471 
f 604/1259/471 378/1260/272 377/1261/271 605/1262/472 606/1263/473 
f 607/1264/474 608/1265/475 599/1266/463 597/1267/460 609/1268/476 
f 406/1269/155 405/1270/286 254/1271/161 253/1272/153 
f 274/1273/179 273/1274/178 608/1275/475 607/1276/474 114/1277/477 113/1278/477 129/1279/477 
f 610/1280/478 594/1281/465 381/1282/274 277/1283/182 403/1284/283 
f 265/1285/170 249/1286/157 248/1287/156 44/1288/479 47/1289/479 80/1290/479 97/1291/479 96/1292/479 379/1293/156 378/1294/272 603/1295/470 611/1296/479 125/1297/479 124/1298/479 
f 295/1299/203 612/1300/296 416/709/296 285/708/193 
f 332/1301/230 613/1302/480 612/1300/296 295/1299/203 
f 331/1303/229 614/1304/480 613/1302/480 332/1301/230 
f 331/1303/229 352/1305/244 615/1306/480 614/1304/480 
f 352/1305/244 359/1307/254 616/1308/480 615/1306/480 
f 617/1309/296 410/1310/290 409/1311/289 618/1312/480 
f 273/1313/178 619/1314/296 620/1315/296 608/1316/475 
f 621/1317/296 426/1318/304 410/1310/290 617/1309/296 
f 622/1319/296 440/1320/314 426/1318/304 621/1317/296 
f 623/1321/296 456/1322/327 440/1320/314 622/1319/296 
f 272/711/177 417/710/296 619/1314/296 273/1313/178 
f 470/1323/336 456/1322/327 623/1321/296 624/1324/296 
f 625/1319/480 626/1324/480 627/1321/480 
f 626/1324/480 625/1319/480 628/1317/480 
f 626/1324/480 628/1317/480 629/1325/480 
f 629/1325/480 628/1317/480 630/1326/480 
f 630/1326/480 628/1317/480 631/1309/480 
f 630/1326/480 631/1309/480 632/1312/480 
f 630/1326/480 632/1312/480 633/1327/480 
f 633/1327/480 632/1312/480 634/1328/480 
f 633/1327/480 634/1328/480 635/1329/480 
f 635/1329/480 634/1328/480 636/1330/480 
f 636/1330/480 634/1328/480 637/1331/480 
f 637/1331/480 634/1328/480 638/1332/480 
f 637/1331/480 638/1332/480 639/1333/480 
f 639/1333/480 638/1332/480 640/1334/480 
f 640/1334/480 638/1332/480 641/1335/480 
f 641/1335/480 638/1332/480 642/1336/480 
f 642/1336/480 638/1332/480 643/1337/480 
f 642/1336/480 643/1337/480 644/1338/480 
f 644/1338/480 643/1337/480 645/1339/480 
f 645/1339/480 643/1337/480 646/1340/480 
f 646/1340/480 643/1337/480 647/1341/480 
f 646/1340/480 647/1341/480 648/1342/480 
f 648/1342/480 647/1341/480 649/1343/480 
f 649/1343/480 647/1341/480 650/1344/480 
f 650/1344/480 647/1341/480 651/1345/480 
f 635/1329/480 652/1308/480 633/1327/480 
f 652/1308/480 635/1329/480 653/1346/480 
f 652/1308/480 653/1346/480 654/1347/480 
f 652/1308/480 654/1347/480 655/1306/480 
f 655/1306/480 654/1347/480 656/1348/480 
f 655/1306/480 656/1348/480 657/1349/480 
f 655/1306/480 657/1349/480 658/1350/480 
f 655/1306/480 658/1350/480 659/1351/480 
f 655/1306/480 659/1351/480 660/1304/480 
f 660/1304/480 659/1351/480 661/1352/480 
f 660/1304/480 661/1352/480 662/1353/480 
f 660/1304/480 662/1353/480 663/1354/480 
f 660/1304/480 663/1354/480 664/1302/480 
f 664/1302/480 663/1354/480 665/1355/480 
f 664/1302/480 665/1355/480 666/1356/480 
f 664/1302/480 666/1356/480 651/1345/480 
f 664/1302/480 651/1345/480 647/1341/480 
f 664/1302/480 647/1341/480 667/1357/480 
f 664/1302/480 667/1357/480 668/1300/480 
f 668/1300/480 667/1357/480 669/709/480 
f 669/709/480 667/1357/480 670/1358/480 
f 669/709/480 670/1358/480 671/1359/480 
f 669/709/480 671/1359/480 672/710/480 
f 672/710/480 671/1359/480 673/1315/480 
f 672/710/480 673/1315/480 674/1314/480 
f 477/1360/346 470/1323/336 624/1324/296 675/1325/296 
f 491/1361/359 477/1360/346 675/1325/296 676/1326/296 
f 511/1362/371 491/1361/359 676/1326/296 677/1327/480 
f 359/1307/254 511/1362/371 677/1327/480 616/1308/480 
f 618/1312/480 409/1311/289 521/1363/383 678/1328/480 
f 678/1328/480 521/1363/383 523/1364/385 679/1332/480 
f 679/1332/480 523/1364/385 541/1365/406 680/1337/480 
f 681/1341/480 680/1337/480 541/1365/406 560/1366/424 
f 682/1357/296 681/1341/480 560/1366/424 576/1367/441 
f 683/1358/296 682/1357/296 576/1367/441 582/1368/451 
f 684/1359/296 683/1358/296 582/1368/451 599/1369/463 
f 620/1315/296 684/1359/296 599/1369/463 608/1316/475 
f 685/1336/480 686/1338/480 687/1339/480 688/1340/480 689/1342/480 690/1343/480 691/1344/480 692/1345/480 693/1356/480 694/1355/480 695/1354/480 696/1353/480 697/1352/480 698/1351/480 699/1350/480 700/1349/480 701/1348/480 702/1347/480 703/1346/480 704/1329/480 705/1330/480 706/1331/480 707/1333/480 708/1334/480 709/1335/480 
f 642/1370/481 644/1371/482 686/1372/482 685/1373/481 
f 641/1374/12 642/1375/481 685/1376/481 709/1377/12 
f 640/1378/483 641/1379/12 709/1380/12 708/1381/483 
f 639/1382/484 640/1383/483 708/1384/483 707/1385/484 
f 637/1386/485 639/1387/484 707/1388/484 706/1389/485 
f 636/1390/486 637/1391/485 706/1392/485 705/1393/486 
f 635/1394/51 636/1395/486 705/1396/486 704/1397/51 
f 653/1398/487 635/1399/51 704/1400/51 703/1401/487 
f 654/1402/488 653/1403/487 703/1404/487 702/1405/488 
f 656/1406/489 654/1407/488 702/1408/488 701/1409/489 
f 657/1410/490 656/1411/489 701/1412/489 700/1413/490 
f 658/1414/15 657/1415/490 700/1416/490 699/1417/15 
f 659/1418/491 658/1419/15 699/1420/15 698/1421/491 
f 661/1422/492 659/1423/491 698/1424/491 697/1425/492 
f 662/1426/493 661/1427/492 697/1428/492 696/1429/493 
f 663/1430/494 662/1431/493 696/1432/493 695/1433/494 
f 665/1434/16 663/1435/494 695/1436/494 694/1437/16 
f 666/1438/495 665/1439/16 694/1440/16 693/1441/495 
f 651/1442/496 666/1443/495 693/1444/495 692/1445/496 
f 650/1446/497 651/1447/496 692/1448/496 691/1449/497 
f 649/1450/498 650/1451/497 691/1452/497 690/1453/498 
f 648/1454/8 649/1455/498 690/1456/498 689/1457/8 
f 646/1458/499 648/1459/8 689/1460/8 688/1461/499 
f 645/1462/500 646/1463/499 688/1464/499 687/1465/500 
f 644/1466/482 645/1467/500 687/1468/500 686/1469/482 
f 347/1470/501 98/1471/44 101/1472/44 222/1473/501 221/1474/501 351/1475/502 349/1476/502 343/1477/501 
f 51/1478/22 50/1479/22 367/1480/503 515/1481/503 516/1482/504 513/1483/504 215/1484/503 214/1485/503 
f 609/1486/476 597/1487/460 596/1488/459 605/1489/472 377/1490/271 380/1491/273 710/1492/505 
f 357/1493/506 100/1494/506 99/1495/506 356/1496/506 87/1497/38 86/1498/38 
f 322/1499/507 24/1500/507 23/1501/507 321/1502/507 348/1503/507 349/1504/502 351/1505/502 350/1506/507 
f 306/1507/508 65/1508/508 64/1509/508 307/1510/508 309/1511/508 310/1512/509 305/1513/509 304/1514/508 
f 212/1515/510 218/1516/510 517/1517/510 509/1518/510 486/1519/510 490/1520/510 493/1521/510 492/1522/510 
f 61/1523/28 291/1524/511 134/1525/511 137/1526/511 294/1527/511 62/1528/28 
f 711/1529/421 154/1530/72 537/1531/402 712/1532/418 
f 328/1533/512 327/1534/513 316/1535/513 229/1536/512 232/1537/512 300/1538/512 303/1539/512 242/1540/512 241/1541/512 329/1542/512 
f 504/1543/514 503/1544/515 200/1545/515 199/1546/514 
f 73/1547/33 433/1548/516 173/1549/516 74/1550/33 
f 494/1551/8 493/1552/517 490/1553/517 489/1554/8 
f 327/1555/513 326/1556/518 317/1557/518 316/1558/513 
f 155/1559/73 154/1560/72 711/1561/421 
f 41/1562/18 593/1563/519 67/1564/519 66/1565/519 598/1566/519 42/1567/18 
f 320/1568/520 323/1569/520 226/1570/521 228/1571/521 219/1572/521 225/1573/521 344/1574/521 233/1575/521 235/1576/521 315/1577/521 
f 502/1578/522 201/1579/522 200/1580/515 503/1581/515 
f 345/1582/523 344/1583/523 225/1584/523 224/1585/523 330/1586/523 336/1587/523 340/1588/523 339/1589/523 
f 69/1590/30 68/1591/30 595/1592/524 600/1593/524 602/1594/525 606/1595/525 605/1596/524 596/1597/524 
f 34/1598/526 30/1599/526 33/1600/526 571/1601/436 555/1602/419 554/1603/418 5/1604/526 4/1605/526 713/1606/526 714/1607/526 715/1608/526 712/1609/418 537/1610/402 536/1611/401 
f 551/1612/527 550/1613/528 715/1614/528 714/1615/527 
f 365/1616/529 49/1617/529 48/1618/529 368/1619/529 93/1620/41 92/1621/41 
f 501/1622/530 500/1623/531 203/1624/531 202/1625/530 
f 342/1626/532 341/1627/12 335/1628/12 334/1629/532 
f 242/1630/533 303/1631/533 302/1632/533 313/1633/533 342/1634/533 334/1635/533 333/1636/533 236/1637/533 
f 255/1638/162 254/1639/161 600/1640/467 595/1641/458 594/1642/458 610/1643/534 716/1644/534 
f 558/1645/422 556/1646/420 572/1647/437 580/1648/448 575/1649/440 574/1650/439 717/1651/535 
f 549/1652/410 530/1653/396 2/1654/2 1/1655/1 
f 333/1656/231 332/1657/230 295/1658/203 237/1659/145 236/1660/144 
f 13/13/8 197/1661/8 505/1662/8 14/14/8 
f 192/1663/536 478/1664/536 495/1665/536 488/1666/536 474/1667/536 476/1668/536 485/1669/536 193/1670/536 
f 416/1671/32 612/1672/537 668/1673/537 669/1674/32 
f 323/1675/520 320/1676/520 319/1677/538 324/1678/538 
f 559/1679/539 121/1680/539 120/1681/539 562/1682/539 563/1683/539 567/1684/539 717/1685/539 574/1686/539 
f 413/1687/540 415/1688/540 419/1689/541 412/1690/541 408/1691/540 169/1692/540 36/1693/540 39/1694/540 
f 606/1695/525 602/1696/525 601/1697/542 404/1698/542 407/1699/542 611/1700/542 603/1701/542 604/1702/542 
f 612/1703/537 613/1704/543 664/1705/543 668/1706/537 
f 626/1707/544 629/1708/545 675/1709/545 624/1710/544 
f 632/1711/546 618/1712/546 678/1713/40 634/1714/40 
f 631/1715/547 628/1716/548 621/1717/548 617/1718/547 
f 625/1719/549 627/1720/36 623/1721/36 622/1722/549 
f 301/1723/550 305/1724/509 310/1725/509 239/1726/550 238/1727/550 136/1728/61 135/1729/61 293/1730/550 
f 660/1731/551 614/1732/551 615/1733/552 655/1734/552 
f 684/1735/553 620/1736/554 673/1737/554 671/1738/553 
f 447/1739/555 437/1740/555 421/1741/555 425/1742/555 428/1743/555 427/1744/555 182/1745/555 186/1746/555 
f 638/1747/556 679/1748/556 680/1749/557 643/1750/557 
f 588/1751/522 26/1752/13 29/1753/13 581/1754/522 
f 629/1755/545 630/1756/558 676/1757/558 675/1758/545 
f 260/1759/559 142/1760/64 145/1761/64 268/1762/559 266/1763/559 267/1764/560 262/1765/560 256/1766/559 
f 458/1767/561 457/1768/562 448/1769/562 454/1770/561 
f 4/1771/4 7/1772/4 552/1773/563 713/1774/563 
f 286/1775/564 290/1776/564 289/1777/32 284/1778/32 
f 647/1779/565 681/1780/565 682/1781/566 667/1782/566 
f 386/1783/567 385/1784/568 520/1785/568 519/1786/567 
f 552/1787/563 551/1788/527 714/1789/527 713/1790/563 
f 79/1791/35 78/1792/35 290/1793/564 286/1794/564 
f 583/1795/569 592/1796/569 591/1797/570 584/1798/570 
f 513/1799/504 516/1800/504 514/1801/571 497/1802/571 505/1803/571 197/1804/571 206/1805/571 512/1806/571 
f 588/1807/522 581/1808/522 586/1809/572 589/1810/572 
f 261/1811/573 262/1812/560 267/1813/560 264/1814/573 265/1815/573 124/1816/573 123/1817/573 263/1818/573 
f 471/1819/574 146/1820/574 149/1821/574 466/1822/574 57/1823/25 56/1824/25 
f 82/1825/37 83/1826/37 296/1827/575 299/1828/575 
f 430/1829/576 423/1830/576 373/1831/576 375/1832/576 420/1833/576 163/1834/576 162/1835/576 411/1836/576 
f 591/1837/570 590/1838/577 585/1839/577 584/1840/570 
f 172/1841/578 434/1842/578 131/1843/58 130/1844/58 
f 363/1845/563 8/1846/6 11/1847/6 358/1848/563 
f 472/1849/579 71/1850/31 70/1851/31 469/1852/579 
f 620/1853/554 619/1854/580 674/1855/580 673/1856/554 
f 494/1857/8 489/1858/8 488/1859/581 495/1860/581 
f 631/1861/547 617/1862/547 618/1863/546 632/1864/546 
f 431/1865/582 157/1866/582 163/1867/582 420/1868/582 179/1869/582 181/1870/582 435/1871/582 434/1872/578 172/1873/578 171/1874/582 
f 453/1875/583 452/1876/584 460/1877/584 459/1878/583 
f 198/1879/585 12/1880/585 15/1881/585 481/1882/585 482/1883/585 484/1884/586 480/1885/586 479/1886/585 
f 613/1887/543 614/1888/551 660/1889/551 664/1890/543 
f 457/1891/562 472/1892/579 469/1893/579 448/1894/562 
f 283/1895/587 144/1896/587 143/1897/587 282/1898/587 133/1899/59 132/1900/59 
f 568/1901/588 569/1902/589 573/1903/589 570/1904/588 571/1905/588 33/1906/588 32/1907/588 553/1908/588 
f 95/1909/43 406/1910/590 253/1911/590 255/1912/590 716/1913/590 710/1914/590 380/1915/590 376/1916/590 379/1917/590 96/1918/43 
f 633/1919/591 677/1920/591 676/1921/558 630/1922/558 
f 683/1923/522 684/1924/553 671/1925/553 670/1926/522 
f 716/1927/592 610/1928/592 403/1929/592 115/1930/592 114/1931/592 607/1932/592 609/1933/592 710/1934/592 
f 628/1935/548 625/1936/549 622/1937/549 621/1938/548 
f 185/1939/593 184/1940/593 463/1941/594 464/1942/594 446/1943/593 444/1944/593 445/1945/595 442/1946/595 
f 418/1947/596 383/1948/596 386/1949/567 519/1950/567 160/1951/596 159/1952/596 412/1953/541 419/1954/541 
f 360/1955/597 364/1956/597 363/1957/563 358/1958/563 
f 452/1959/584 451/1960/598 461/1961/598 460/1962/584 
f 558/1963/599 717/1964/599 567/1965/599 542/1966/599 544/1967/599 546/1968/599 6/1969/5 5/1970/5 554/1971/599 557/1972/599 
f 539/1973/600 532/1974/600 531/1975/601 533/1976/601 35/1977/601 34/1978/601 536/1979/601 538/1980/601 
f 616/1981/563 677/1982/591 633/1983/591 652/1984/563 
f 384/1985/602 524/1986/603 522/1987/603 518/1988/602 520/1989/602 385/1990/602 
f 627/1991/36 626/1992/544 624/1993/544 623/1994/36 
f 299/1995/575 296/1996/575 284/1997/32 289/1998/32 
f 619/1999/580 417/2000/604 672/2001/604 674/2002/580 
f 643/2003/557 680/2004/557 681/2005/565 647/2006/565 
f 430/2007/605 429/2008/16 424/2009/16 423/2010/605 
f 190/2011/606 189/2012/606 480/2013/586 484/2014/586 483/2015/606 473/2016/606 148/2017/67 147/2018/67 
f 210/2019/607 504/2020/514 199/2021/514 195/2022/607 194/2023/607 187/2024/607 193/2025/607 485/2026/607 211/2027/607 207/2028/607 
f 447/2029/608 186/2030/608 164/2031/608 166/2032/608 168/2033/608 173/2034/516 433/2035/516 175/2036/608 178/2037/608 436/2038/608 
f 462/2039/609 465/2040/609 464/2041/594 463/2042/594 
f 335/2043/12 341/2044/12 340/2045/610 336/2046/610 
f 682/2047/566 683/2048/522 670/2049/522 667/2050/566 
f 500/2051/531 499/2052/611 507/2053/611 508/2054/611 517/2055/611 218/2056/611 217/2057/611 496/2058/611 204/2059/611 203/2060/531 
f 111/2061/50 110/2062/50 522/2063/603 524/2064/603 
f 634/2065/40 678/2066/40 679/2067/556 638/2068/556 
f 565/2069/612 107/2070/48 106/2071/48 580/2072/612 572/2073/612 573/2074/589 569/2075/589 566/2076/612 
f 655/2077/552 615/2078/552 616/2079/563 652/2080/563 
f 360/2081/597 52/2082/23 55/2083/23 364/2084/597 
f 442/2085/595 445/2086/595 443/2087/613 432/2088/613 85/2089/613 84/2090/613 174/2091/613 441/2092/613 
f 590/2093/577 589/2094/572 586/2095/572 585/2096/577 
f 3/2097/614 535/2098/614 156/2099/614 155/2100/614 711/2101/614 712/2102/614 715/2103/528 550/2104/528 549/2105/614 1/2106/614 
f 270/2107/615 274/2108/615 129/2109/615 128/2110/615 281/2111/615 258/2112/615 257/2113/615 271/2114/615 
f 141/2115/63 140/2116/63 527/2117/616 529/2118/616 532/2119/600 539/2120/600 153/2121/616 152/2122/616 
f 116/2123/617 119/2124/617 540/2125/617 150/2126/617 156/2127/617 535/2128/617 534/2129/617 548/2130/617 
f 407/2131/618 122/150/55 125/153/55 611/2132/618 
f 271/2133/619 257/2134/619 243/2135/619 245/2136/619 247/2137/619 45/2138/19 44/2139/19 248/2140/619 251/2141/619 252/2142/619 
f 451/2143/598 450/2144/620 465/2145/620 462/2146/620 455/2147/620 461/2148/598 
f 459/2149/583 458/2150/561 454/2151/561 453/2152/583 
f 387/2153/621 102/2154/46 103/2155/46 525/2156/621 139/2157/621 138/2158/621 
f 318/2159/40 317/2160/518 326/2161/518 325/2162/40 
f 417/2163/604 416/2164/32 669/2165/32 672/2166/604 
f 502/2167/522 501/2168/530 202/2169/530 201/2170/522 
f 428/2171/622 425/2172/622 424/2173/16 429/2174/16 
f 579/2175/623 105/2176/623 104/2177/623 578/2178/623 592/2179/569 583/2180/569 
f 324/2181/538 319/2182/538 318/2183/40 325/2184/40 
f 718/2185/624 719/2186/625 720/2187/626 721/2188/627 
f 722/2189/628 723/2190/629 724/2191/630 725/2192/631 
f 719/2193/625 726/2194/632 727/2195/633 720/2196/626 
f 728/2197/634 729/2198/635 718/2199/624 730/2200/636 
f 731/2201/637 732/2202/638 733/2203/639 734/2204/640 
f 735/2205/563 736/2206/591 737/2207/591 738/2208/563 
f 736/2209/591 739/2210/558 740/2211/558 737/2212/591 
f 739/2213/558 741/2214/545 742/2215/545 740/2216/558 
f 743/2217/641 744/2218/642 745/2219/643 746/2220/644 
f 747/2221/645 748/2222/646 749/2223/647 750/2224/648 
f 751/2225/649 752/2226/650 753/2227/651 754/2228/652 
f 755/2229/653 756/2230/654 757/2231/655 758/2232/656 
f 759/2233/657 760/2234/658 761/2235/659 762/2236/660 
f 763/2237/661 764/2238/662 765/2239/663 766/2240/664 
f 767/2241/665 768/2242/666 769/2243/667 770/2244/668 
f 771/2245/669 772/2246/670 773/2247/671 774/2248/672 
f 729/2249/673 775/2250/674 776/2251/675 777/2252/676 
f 752/2253/650 778/2254/677 779/2255/678 753/2256/651 
f 780/2257/679 781/2258/680 782/2259/681 728/2260/682 
f 762/2261/660 761/2262/659 764/2263/662 763/2264/661 
f 783/2265/683 784/2266/684 785/2267/685 786/2268/686 
f 777/2269/676 776/2270/675 787/2271/687 788/2272/688 
f 789/2273/689 751/2274/649 754/2275/652 790/2276/690 
f 791/2277/691 792/2278/692 793/2279/693 794/2280/694 
f 795/2281/695 796/2282/696 797/2283/697 798/2284/698 
f 799/2285/699 800/2286/700 801/2287/701 802/2288/702 
f 803/2289/703 799/2290/699 802/2291/702 804/2292/704 
f 805/2293/705 806/2294/706 807/2295/707 808/2296/708 
f 796/2297/696 809/2298/709 810/2299/710 797/2300/697 
f 811/2301/711 812/2302/712 813/2303/713 814/2304/714 
f 794/2305/694 793/2306/693 760/2307/658 759/2308/657 
f 768/2309/666 815/2310/715 816/2311/716 769/2312/667 
f 817/2313/717 788/2314/688 787/2315/687 818/2316/718 
f 728/2317/682 782/2318/681 775/2319/674 729/2320/673 
f 800/2321/700 819/2322/719 820/2323/720 801/2324/701 
f 778/2325/677 767/2326/665 770/2327/668 779/2328/678 
f 808/2329/708 807/2330/707 781/2331/680 780/2332/679 
f 821/2333/721 795/2334/695 798/2335/698 822/2336/722 
f 785/2337/685 784/2338/684 806/2339/706 805/2340/705 
f 771/2341/669 821/2342/721 822/2343/722 772/2344/670 
f 823/2345/723 824/2346/724 825/2347/725 826/2348/726 
f 774/2349/672 773/2350/671 824/2351/724 823/2352/723 
f 722/2353/727 747/2354/645 750/2355/648 827/2356/728 
f 748/2357/646 811/2358/711 814/2359/714 749/2360/647 
f 828/2361/729 723/2362/730 722/2363/727 827/2364/728 
f 829/2365/731 830/2366/732 831/2367/733 832/2368/734 
f 812/2369/712 817/2370/717 818/2371/718 813/2372/713 
f 766/2373/664 765/2374/663 789/2375/689 790/2376/690 
f 833/2377/735 834/2378/736 723/2379/730 828/2380/729 
f 835/2381/737 836/2382/738 830/2383/732 829/2384/731 
f 758/2385/656 757/2386/655 837/2387/739 838/2388/740 
f 826/2389/726 825/2390/725 834/2391/736 833/2392/735 
f 838/2393/740 837/2394/739 836/2395/738 835/2396/737 
f 791/2397/691 803/2398/703 804/2399/704 792/2400/692 
f 839/2401/741 756/2402/654 755/2403/653 840/2404/742 
f 841/2405/743 839/2406/741 840/2407/742 842/2408/744 
f 819/2409/719 841/2410/743 842/2411/744 820/2412/720 
f 809/2413/709 783/2414/683 786/2415/686 810/2416/710 
f 832/2417/734 831/2418/733 816/2419/716 815/2420/715 
f 843/2421/745 844/2422/746 814/2423/714 813/2424/713 
f 773/2425/747 772/2426/748 845/2427/749 846/2428/750 
f 729/2429/635 777/2430/751 719/2431/625 718/2432/624 
f 847/2433/752 848/2434/753 849/2435/754 850/2436/755 
f 824/2437/756 773/2438/747 846/2439/750 851/2440/757 
f 850/2441/755 849/2442/754 852/2443/758 853/2444/759 
f 854/2445/760 850/2446/755 853/2447/759 855/2448/761 
f 856/2449/762 721/2450/627 857/2451/763 858/2452/764 
f 859/2453/765 856/2454/762 858/2455/764 860/2456/766 
f 861/2457/767 859/2458/765 860/2459/766 862/2460/768 
f 863/2461/769 861/2462/767 862/2463/768 864/2464/770 
f 865/2465/771 863/2466/769 864/2467/770 866/2468/772 
f 867/2469/773 868/2470/774 771/2471/669 774/2472/672 
f 724/2473/630 869/2474/775 870/2475/776 871/2476/777 
f 846/2477/750 845/2478/749 872/2479/778 873/2480/779 
f 727/2481/633 874/2482/780 875/2483/781 876/2484/782 
f 851/2485/757 846/2486/750 873/2487/779 877/2488/783 
f 755/2489/784 758/2490/785 732/2491/638 731/2492/637 
f 878/2493/786 879/2494/787 781/2495/680 807/2496/707 
f 840/2497/788 755/2498/784 731/2499/637 880/2500/789 
f 881/2501/790 882/2502/791 883/2503/792 884/2504/793 
f 872/2505/778 885/2506/794 886/2507/795 887/2508/796 
f 888/2509/797 877/2510/783 889/2511/798 890/2512/799 
f 891/2513/552 735/2514/563 738/2515/563 892/2516/552 
f 893/2517/800 894/2518/801 895/2519/802 874/2520/780 
f 896/2521/803 851/2522/757 877/2523/783 888/2524/797 
f 897/2525/804 898/2526/805 775/2527/674 782/2528/681 
f 788/2529/806 817/2530/807 893/2531/800 726/2532/632 
f 805/2533/808 808/2534/809 899/2535/810 900/2536/811 
f 808/2537/809 780/2538/812 901/2539/813 899/2540/810 
f 879/2541/787 897/2542/804 782/2543/681 781/2544/680 
f 797/2545/814 810/2546/815 848/2547/753 847/2548/752 
f 810/2549/815 786/2550/816 902/2551/817 848/2552/753 
f 747/2553/818 722/2554/628 725/2555/631 903/2556/819 
f 873/2557/779 872/2558/778 887/2559/796 904/2560/820 
f 845/2561/749 905/2562/821 885/2563/794 872/2564/778 
f 899/2565/810 901/2566/813 859/2567/765 861/2568/767 
f 777/2569/751 788/2570/806 726/2571/632 719/2572/625 
f 895/2573/802 906/2574/822 907/2575/823 908/2576/824 
f 822/2577/825 798/2578/826 909/2579/827 905/2580/821 
f 772/2581/748 822/2582/825 905/2583/821 845/2584/749 
f 874/2585/780 895/2586/802 908/2587/824 875/2588/781 
f 910/2589/828 865/2590/771 866/2591/772 911/2592/829 
f 849/2593/754 910/2594/828 911/2595/829 852/2596/758 
f 798/2597/826 797/2598/814 847/2599/752 909/2600/827 
f 868/2601/774 912/2602/830 821/2603/721 771/2604/669 
f 844/2605/746 913/2606/831 749/2607/647 814/2608/714 
f 906/2609/822 914/2610/832 915/2611/833 907/2612/823 
f 912/2613/830 916/2614/834 795/2615/695 821/2616/721 
f 917/2617/835 918/2618/836 837/2619/739 757/2620/655 
f 919/2621/837 920/2622/838 921/2623/839 922/2624/840 
f 923/2625/841 924/2626/842 857/2627/763 925/2628/843 
f 926/2629/844 927/2630/845 920/2631/838 919/2632/837 
f 928/2633/846 929/2634/847 923/2635/841 930/2636/848 
f 931/2637/849 932/2638/850 904/2639/820 887/2640/796 
f 933/2641/851 934/2642/852 853/2643/759 852/2644/758 
f 752/2645/853 751/2646/854 935/2647/855 936/2648/856 
f 736/2649/857 735/2650/858 754/2651/652 753/2652/651 
f 937/2653/859 938/2654/860 907/2655/823 915/2656/833 
f 735/2657/858 891/2658/861 790/2659/690 754/2660/652 
f 939/2661/862 940/2662/863 839/2663/741 841/2664/743 
f 941/2665/864 917/2666/835 757/2667/655 756/2668/654 
f 942/2669/865 943/2670/866 830/2671/732 836/2672/738 
f 902/2673/817 944/2674/867 865/2675/771 910/2676/828 
f 945/2677/537 946/2678/543 913/2679/543 844/2680/537 
f 817/2681/807 812/2682/868 894/2683/801 893/2684/800 
f 942/2685/547 918/2686/546 947/2687/546 948/2688/547 
f 949/2689/869 892/2690/870 827/2691/728 750/2692/648 
f 939/2693/565 950/2694/566 879/2695/566 878/2696/565 
f 741/2697/545 951/2698/544 867/2699/544 742/2700/545 
f 952/2701/604 953/2702/32 843/2703/32 954/2704/604 
f 877/2705/783 873/2706/779 904/2707/820 889/2708/798 
f 953/2709/32 945/2710/537 844/2711/537 843/2712/32 
f 946/2713/543 955/2714/551 949/2715/551 913/2716/543 
f 918/2717/546 917/2718/40 956/2719/40 947/2720/546 
f 950/2721/566 957/2722/522 897/2723/522 879/2724/566 
f 951/2725/544 958/2726/562 868/2727/562 867/2728/544 
f 957/2729/522 959/2730/553 898/2731/553 897/2732/522 
f 903/2733/819 725/2734/631 960/2735/871 961/2736/872 
f 737/2737/873 740/2738/874 826/2739/726 833/2740/735 
f 894/2741/801 962/2742/875 906/2743/822 895/2744/802 
f 725/2745/631 724/2746/630 871/2747/777 960/2748/871 
f 963/2749/876 964/2750/877 787/2751/687 776/2752/675 
f 960/2753/871 871/2754/777 921/2755/839 884/2756/793 
f 955/2757/878 946/2758/879 763/2759/661 766/2760/664 
f 965/2761/880 959/2762/881 799/2763/699 803/2764/703 
f 966/2765/882 967/2766/883 890/2767/799 889/2768/798 
f 968/2769/884 969/2770/885 864/2771/770 862/2772/768 
f 970/2773/886 971/2774/887 911/2775/829 866/2776/772 
f 746/2777/644 745/2778/643 886/2779/795 855/2780/761 
f 842/2781/888 840/2782/788 880/2783/789 972/2784/889 
f 820/2785/890 842/2786/888 972/2787/889 973/2788/891 
f 957/2789/892 950/2790/893 819/2791/719 800/2792/700 
f 740/2793/874 742/2794/894 823/2795/723 826/2796/726 
f 938/2797/860 974/2798/895 908/2799/824 907/2800/823 
f 914/2801/832 961/2802/872 883/2803/792 915/2804/833 
f 721/2805/627 720/2806/626 925/2807/843 857/2808/763 
f 825/2809/896 824/2810/756 851/2811/757 896/2812/803 
f 838/2813/897 835/2814/898 975/2815/899 976/2816/900 
f 758/2817/785 838/2818/897 976/2819/900 732/2820/638 
f 789/2821/901 765/2822/902 977/2823/903 978/2824/904 
f 961/2825/872 960/2826/871 884/2827/793 883/2828/792 
f 979/2829/905 980/2830/906 932/2831/850 931/2832/849 
f 967/2833/883 919/2834/837 922/2835/840 890/2836/799 
f 981/2837/907 982/2838/908 979/2839/905 744/2840/642 
f 973/2841/891 972/2842/889 983/2843/909 984/2844/910 
f 792/2845/911 804/2846/912 985/2847/913 986/2848/914 
f 987/2849/915 988/2850/916 974/2851/895 938/2852/860 
f 829/2853/917 832/2854/918 981/2855/907 989/2856/919 
f 832/2857/918 815/2858/920 982/2859/908 981/2860/907 
f 988/2861/916 990/2862/921 991/2863/922 974/2864/895 
f 734/2865/640 733/2866/639 971/2867/887 970/2868/886 
f 969/2869/885 970/2870/886 866/2871/772 864/2872/770 
f 733/2873/639 992/2874/923 933/2875/851 971/2876/887 
f 971/2877/887 933/2878/851 852/2879/758 911/2880/829 
f 835/2881/898 829/2882/917 989/2883/919 975/2884/899 
f 993/2885/924 958/2886/925 816/2887/716 831/2888/733 
f 946/2889/879 945/2890/926 762/2891/660 763/2892/661 
f 994/2893/927 987/2894/915 938/2895/860 937/2896/859 
f 943/2897/866 993/2898/924 831/2899/733 830/2900/732 
f 977/2901/903 995/2902/928 994/2903/927 996/2904/929 
f 745/2905/643 931/2906/849 887/2907/796 886/2908/795 
f 995/2909/928 997/2910/930 987/2911/915 994/2912/927 
f 991/2913/922 930/2914/848 876/2915/782 875/2916/781 
f 924/2917/842 998/2918/931 858/2919/764 857/2920/763 
f 778/2921/932 752/2922/853 936/2923/856 999/2924/933 
f 953/2925/934 952/2926/935 794/2927/694 759/2928/657 
f 945/2929/926 953/2930/934 759/2931/657 762/2932/660 
f 815/2933/920 768/2934/936 1000/2935/937 982/2936/908 
f 974/2937/895 991/2938/922 875/2939/781 908/2940/824 
f 804/2941/912 802/2942/938 1001/2943/939 985/2944/913 
f 976/2945/900 975/2946/899 1002/2947/940 992/2948/923 
f 768/2949/936 767/2950/941 1003/2951/942 1000/2952/937 
f 992/2953/923 1002/2954/940 934/2955/852 933/2956/851 
f 934/2957/852 746/2958/644 855/2959/761 853/2960/759 
f 1002/2961/940 743/2962/641 746/2963/644 934/2964/852 
f 1004/2965/943 1005/2966/944 998/2967/931 924/2968/842 
f 1005/2969/944 984/2970/910 1006/2971/945 998/2972/931 
f 955/2973/551 891/2974/552 892/2975/552 949/2976/551 
f 984/2977/910 983/2978/909 968/2979/884 1006/2980/945 
f 983/2981/909 1007/2982/946 969/2983/885 968/2984/884 
f 1007/2985/946 734/2986/640 970/2987/886 969/2988/885 
f 1006/2989/945 968/2990/884 862/2991/768 860/2992/766 
f 958/2993/925 951/2994/947 769/2995/667 816/2996/716 
f 936/2997/856 935/2998/855 927/2999/845 926/3000/844 
f 982/3001/908 1000/3002/937 980/3003/906 979/3004/905 
f 990/3005/921 928/3006/846 930/3007/848 991/3008/922 
f 1000/3009/937 1003/3010/942 1008/3011/948 980/3012/906 
f 767/3013/941 778/3014/932 999/3015/933 1003/3016/942 
f 741/3017/949 739/3018/950 779/3019/678 770/3020/668 
f 929/3021/847 1004/3022/943 924/3023/842 923/3024/841 
f 996/3025/929 994/3026/927 937/3027/859 882/3028/791 
f 1009/3029/951 996/3030/929 882/3031/791 881/3032/790 
f 950/3033/893 939/3034/862 841/3035/743 819/3036/719 
f 978/3037/904 977/3038/903 996/3039/929 1009/3040/951 
f 739/3041/950 736/3042/857 753/3043/651 779/3044/678 
f 932/3045/850 966/3046/882 889/3047/798 904/3048/820 
f 997/3049/930 1010/3050/952 988/3051/916 987/3052/915 
f 935/3053/855 978/3054/904 1009/3055/951 927/3056/845 
f 1011/3057/953 965/3058/880 803/3059/703 791/3060/691 
f 927/3061/845 1009/3062/951 881/3063/790 920/3064/838 
f 959/3065/881 957/3066/892 800/3067/700 799/3068/699 
f 744/3069/642 979/3070/905 931/3071/849 745/3072/643 
f 920/3073/838 881/3074/790 884/3075/793 921/3076/839 
f 1010/3077/952 1012/3078/954 990/3079/921 988/3080/916 
f 882/3081/791 937/3082/859 915/3083/833 883/3084/792 
f 998/3085/931 1006/3086/945 860/3087/766 858/3088/764 
f 930/3089/848 923/3090/841 925/3091/843 876/3092/782 
f 1003/3093/942 999/3094/933 1013/3095/955 1008/3096/948 
f 1008/3097/948 1013/3098/955 967/3099/883 966/3100/882 
f 909/3101/827 847/3102/752 850/3103/755 854/3104/760 
f 780/3105/812 728/3106/634 730/3107/636 901/3108/813 
f 943/3109/548 942/3110/547 948/3111/547 916/3112/548 
f 848/3113/753 902/3114/817 910/3115/828 849/3116/754 
f 958/3117/562 993/3118/549 912/3119/549 868/3120/562 
f 917/3121/40 941/3122/556 1014/3123/556 956/3124/40 
f 901/3125/813 730/3126/636 856/3127/762 859/3128/765 
f 1011/3129/580 952/3130/604 954/3131/604 964/3132/580 
f 900/3133/811 899/3134/810 861/3135/767 863/3136/769 
f 742/3137/894 867/3138/773 774/3139/672 823/3140/723 
f 944/3141/867 900/3142/811 863/3143/769 865/3144/771 
f 730/3145/636 718/3146/624 721/3147/627 856/3148/762 
f 965/3149/554 1011/3150/580 964/3151/580 963/3152/554 
f 959/3153/553 965/3154/554 963/3155/554 898/3156/553 
f 905/3157/821 909/3158/827 854/3159/760 885/3160/794 
f 793/3161/956 792/3162/911 986/3163/914 1012/3164/954 
f 760/3165/957 793/3166/956 1012/3167/954 1010/3168/952 
f 761/3169/958 760/3170/957 1010/3171/952 997/3172/930 
f 764/3173/959 761/3174/958 997/3175/930 995/3176/928 
f 765/3177/902 764/3178/959 995/3179/928 977/3180/903 
f 802/3181/938 801/3182/960 1015/3183/961 1001/3184/939 
f 952/3185/935 1011/3186/953 791/3187/691 794/3188/694 
f 986/3189/914 985/3190/913 929/3191/847 928/3192/846 
f 1012/3193/954 986/3194/914 928/3195/846 990/3196/921 
f 1013/3197/955 926/3198/844 919/3199/837 967/3200/883 
f 812/3201/868 811/3202/962 962/3203/875 894/3204/801 
f 811/3205/962 748/3206/963 1016/3207/964 962/3208/875 
f 940/3209/557 939/3210/565 878/3211/565 1017/3212/557 
f 948/3213/965 947/3214/966 809/3215/709 796/3216/696 
f 941/3217/556 940/3218/557 1017/3219/557 1014/3220/556 
f 751/3221/854 789/3222/901 978/3223/904 935/3224/855 
f 947/3225/966 956/3226/967 783/3227/683 809/3228/709 
f 871/3229/777 870/3230/776 922/3231/840 921/3232/839 
f 720/3233/626 727/3234/633 876/3235/782 925/3236/843 
f 723/3237/629 834/3238/968 869/3239/775 724/3240/630 
f 738/3241/969 737/3242/873 833/3243/735 828/3244/729 
f 892/3245/870 738/3246/969 828/3247/729 827/3248/728 
f 1017/3249/970 878/3250/786 807/3251/707 806/3252/706 
f 956/3253/967 1014/3254/971 784/3255/684 783/3256/683 
f 916/3257/834 948/3258/965 796/3259/696 795/3260/695 
f 913/3261/831 949/3262/869 750/3263/648 749/3264/647 
f 898/3265/805 963/3266/876 776/3267/675 775/3268/674 
f 985/3269/913 1001/3270/939 1004/3271/943 929/3272/847 
f 918/3273/836 942/3274/865 836/3275/738 837/3276/739 
f 891/3277/861 955/3278/878 766/3279/664 790/3280/690 
f 940/3281/863 941/3282/864 756/3283/654 839/3284/741 
f 801/3285/960 820/3286/890 973/3287/891 1015/3288/961 
f 732/3289/638 976/3290/900 992/3291/923 733/3292/639 
f 989/3293/919 981/3294/907 744/3295/642 743/3296/641 
f 975/3297/899 989/3298/919 743/3299/641 1002/3300/940 
f 1001/3301/939 1015/3302/961 1005/3303/944 1004/3304/943 
f 1015/3305/961 973/3306/891 984/3307/910 1005/3308/944 
f 993/3309/549 943/3310/548 916/3311/548 912/3312/549 
f 1014/3313/971 1017/3314/970 806/3315/706 784/3316/684 
f 869/3317/775 896/3318/803 888/3319/797 870/3320/776 
f 885/3321/794 854/3322/760 855/3323/761 886/3324/795 
f 786/3325/816 785/3326/972 944/3327/867 902/3328/817 
f 785/3329/972 805/3330/808 900/3331/811 944/3332/867 
f 972/3333/889 880/3334/789 1007/3335/946 983/3336/909 
f 880/3337/789 731/3338/637 734/3339/640 1007/3340/946 
f 951/3341/947 741/3342/949 770/3343/668 769/3344/667 
f 999/3345/933 936/3346/856 926/3347/844 1013/3348/955 
f 980/3349/906 1008/3350/948 966/3351/882 932/3352/850 
f 1016/3353/964 903/3354/819 961/3355/872 914/3356/832 
f 962/3357/875 1016/3358/964 914/3359/832 906/3360/822 
f 834/3361/968 825/3362/896 896/3363/803 869/3364/775 
f 954/3365/973 843/3366/745 813/3367/713 818/3368/718 
f 964/3369/877 954/3370/973 818/3371/718 787/3372/687 
f 748/3373/963 747/3374/818 903/3375/819 1016/3376/964 
f 726/3377/632 893/3378/800 874/3379/780 727/3380/633 
f 870/3381/776 888/3382/797 890/3383/799 922/3384/840 
# 682 polygons - 90 triangles

